record_uid,species_id,display_scientific_name,accepted_scientific_name,source_name,source_record_id,external_observation_id,basis_of_record,event_date,year,country_code,decimal_latitude,decimal_longitude,coordinate_uncertainty_m,state_province,locality,occurrence_status,issue_codes,dataset_name,dataset_key,licence,source_url,eligible_for_direct_nearby,eligible_for_waterway_direction
af7e6b44f639ce203b6a8313,acacia_auriculiformis,Acacia auriculiformis,Acacia auriculiformis A.Cunn. ex Benth.,GBIF,1890690744,inat:15126251,HUMAN_OBSERVATION,2018-05-03T11:27:54,2018,MY,2.071459,103.444259,132.0,Johor,,PRESENT,CONTINENT_DERIVED_FROM_COORDINATES|COORDINATE_ROUNDED|TAXON_ID_NOT_FOUND,iNaturalist research-grade observations,50c9509d-22c7-4a22-a47d-8c48425ef4a7,http://creativecommons.org/licenses/by/4.0/legalcode,https://www.gbif.org/occurrence/1890690744,True,False
216a920267846b81c78b080b,acacia_auriculiformis,Acacia auriculiformis,Acacia auriculiformis A.Cunn. ex Benth.,GBIF,1913143589,inat:11985119,HUMAN_OBSERVATION,2018-04-30T11:21,2018,MY,3.115913,101.649316,197.0,Kuala Lumpur,,PRESENT,CONTINENT_DERIVED_FROM_COORDINATES|COORDINATE_ROUNDED|TAXON_ID_NOT_FOUND,iNaturalist research-grade observations,50c9509d-22c7-4a22-a47d-8c48425ef4a7,http://creativecommons.org/licenses/by-nc/4.0/legalcode,https://www.gbif.org/occurrence/1913143589,True,False
a97184d8348e5e9c2a846631,acacia_auriculiformis,Acacia auriculiformis,Acacia auriculiformis A.Cunn. ex Benth.,GBIF,1913143590,inat:11986733,HUMAN_OBSERVATION,2018-04-30T17:28,2018,MY,3.115463,101.649466,276.0,Kuala Lumpur,,PRESENT,CONTINENT_DERIVED_FROM_COORDINATES|COORDINATE_ROUNDED|TAXON_ID_NOT_FOUND,iNaturalist research-grade observations,50c9509d-22c7-4a22-a47d-8c48425ef4a7,http://creativecommons.org/licenses/by-nc/4.0/legalcode,https://www.gbif.org/occurrence/1913143590,True,False
58a91690987d0efd11408a89,acacia_auriculiformis,Acacia auriculiformis,Acacia auriculiformis A.Cunn. ex Benth.,GBIF,1913143592,inat:11987922,HUMAN_OBSERVATION,2018-04-30T18:34,2018,MY,3.115999,101.64923,185.0,Kuala Lumpur,,PRESENT,CONTINENT_DERIVED_FROM_COORDINATES|COORDINATE_ROUNDED|TAXON_ID_NOT_FOUND,iNaturalist research-grade observations,50c9509d-22c7-4a22-a47d-8c48425ef4a7,http://creativecommons.org/licenses/by-nc/4.0/legalcode,https://www.gbif.org/occurrence/1913143592,True,False
9da316c939db4242d061ad0e,acacia_auriculiformis,Acacia auriculiformis,Acacia auriculiformis A.Cunn. ex Benth.,GBIF,1978828291,inat:19145320,HUMAN_OBSERVATION,2018-12-22T10:26:21,2018,MY,3.040598,101.794131,5.0,Selangor,,PRESENT,CONTINENT_DERIVED_FROM_COORDINATES|COORDINATE_ROUNDED|TAXON_ID_NOT_FOUND,iNaturalist research-grade observations,50c9509d-22c7-4a22-a47d-8c48425ef4a7,http://creativecommons.org/licenses/by-nc/4.0/legalcode,https://www.gbif.org/occurrence/1978828291,True,False
6c2fe32b687012739141ac2b,acacia_auriculiformis,Acacia auriculiformis,Acacia auriculiformis A.Cunn. ex Benth.,GBIF,1990515764,inat:19683850,HUMAN_OBSERVATION,2019-01-17T08:19:20,2019,MY,3.045796,101.658191,11.0,Kuala Lumpur,,PRESENT,CONTINENT_DERIVED_FROM_COORDINATES|COORDINATE_ROUNDED|TAXON_ID_NOT_FOUND,iNaturalist research-grade observations,50c9509d-22c7-4a22-a47d-8c48425ef4a7,http://creativecommons.org/licenses/by-nc/4.0/legalcode,https://www.gbif.org/occurrence/1990515764,True,False
d0dbfed970625849a0e6c2b9,acacia_auriculiformis,Acacia auriculiformis,Acacia auriculiformis A.Cunn. ex Benth.,GBIF,2242847457,inat:24580413,HUMAN_OBSERVATION,2019-04-29T18:47,2019,MY,3.09733,101.741257,,Kuala Lumpur,,PRESENT,CONTINENT_DERIVED_FROM_COORDINATES|COORDINATE_ROUNDED|TAXON_ID_NOT_FOUND,iNaturalist research-grade observations,50c9509d-22c7-4a22-a47d-8c48425ef4a7,http://creativecommons.org/licenses/by-nc/4.0/legalcode,https://www.gbif.org/occurrence/2242847457,True,False
ba3e7dbebe6648c4d8560e22,acacia_auriculiformis,Acacia auriculiformis,Acacia auriculiformis A.Cunn. ex Benth.,GBIF,2242848369,inat:24580173,HUMAN_OBSERVATION,2019-04-29T18:27,2019,MY,3.096747,101.742744,,Kuala Lumpur,,PRESENT,CONTINENT_DERIVED_FROM_COORDINATES|COORDINATE_ROUNDED|TAXON_ID_NOT_FOUND,iNaturalist research-grade observations,50c9509d-22c7-4a22-a47d-8c48425ef4a7,http://creativecommons.org/licenses/by-nc/4.0/legalcode,https://www.gbif.org/occurrence/2242848369,True,False
4e08bb3269243af313341d41,acacia_auriculiformis,Acacia auriculiformis,Acacia auriculiformis A.Cunn. ex Benth.,GBIF,2350349767,inat:30530518,HUMAN_OBSERVATION,2019-08-10T16:44:42,2019,MY,2.526123,101.815209,33.0,Negeri Sembilan,,PRESENT,CONTINENT_DERIVED_FROM_COORDINATES|COORDINATE_ROUNDED|TAXON_ID_NOT_FOUND,iNaturalist research-grade observations,50c9509d-22c7-4a22-a47d-8c48425ef4a7,http://creativecommons.org/licenses/by/4.0/legalcode,https://www.gbif.org/occurrence/2350349767,True,False
d1da92278373de072cef920e,acacia_auriculiformis,Acacia auriculiformis,Acacia auriculiformis A.Cunn. ex Benth.,GBIF,2422839837,inat:24580309,HUMAN_OBSERVATION,2019-04-29T18:39,2019,MY,3.097641,101.741737,,Kuala Lumpur,,PRESENT,CONTINENT_DERIVED_FROM_COORDINATES|COORDINATE_ROUNDED|TAXON_ID_NOT_FOUND,iNaturalist research-grade observations,50c9509d-22c7-4a22-a47d-8c48425ef4a7,http://creativecommons.org/licenses/by-nc/4.0/legalcode,https://www.gbif.org/occurrence/2422839837,True,False
551c7dafaa413c7b8f53292d,acacia_auriculiformis,Acacia auriculiformis,Acacia auriculiformis A.Cunn. ex Benth.,GBIF,2429203563,inat:24580412,HUMAN_OBSERVATION,2019-04-29T18:47,2019,MY,3.09733,101.741257,,Kuala Lumpur,,PRESENT,CONTINENT_DERIVED_FROM_COORDINATES|COORDINATE_ROUNDED|TAXON_ID_NOT_FOUND,iNaturalist research-grade observations,50c9509d-22c7-4a22-a47d-8c48425ef4a7,http://creativecommons.org/licenses/by-nc/4.0/legalcode,https://www.gbif.org/occurrence/2429203563,True,False
3bd8b35c0bebe1e0fda4e90f,acacia_auriculiformis,Acacia auriculiformis,Acacia auriculiformis A.Cunn. ex Benth.,GBIF,2447956277,inat:34959071,HUMAN_OBSERVATION,2016-03-01T14:29,2016,MY,5.450826,100.182871,31.0,Pulau Pinang,,PRESENT,CONTINENT_DERIVED_FROM_COORDINATES|COORDINATE_ROUNDED|TAXON_ID_NOT_FOUND,iNaturalist research-grade observations,50c9509d-22c7-4a22-a47d-8c48425ef4a7,http://creativecommons.org/licenses/by-nc/4.0/legalcode,https://www.gbif.org/occurrence/2447956277,True,False
c13c24bdb6b389c42702de4d,acacia_auriculiformis,Acacia auriculiformis,Acacia auriculiformis A.Cunn. ex Benth.,GBIF,2514143026,,PRESERVED_SPECIMEN,1987-04-04,1987,MY,3.08333,101.5,,,"Malaysia: Selangor, Dist. of Petaling, Shah Alam, about 50 m elev.",PRESENT,,,15f819bd-6612-4447-854b-14d12ee1022d,http://creativecommons.org/publicdomain/zero/1.0/legalcode,https://www.gbif.org/occurrence/2514143026,True,False
015f919871617fed8807700a,acacia_auriculiformis,Acacia auriculiformis,Acacia auriculiformis A.Cunn. ex Benth.,GBIF,2515265468,,PRESERVED_SPECIMEN,1986-10-30,1986,MY,5.75,118.06667,,Borneo,"Sandakan prov., Sandakan, Leila Forest Reserve.",PRESENT,,,15f819bd-6612-4447-854b-14d12ee1022d,http://creativecommons.org/publicdomain/zero/1.0/legalcode,https://www.gbif.org/occurrence/2515265468,True,False
6c62b55f76f4e53c6ad1df46,acacia_auriculiformis,Acacia auriculiformis,Acacia auriculiformis A.Cunn. ex Benth.,GBIF,2515266529,,PRESERVED_SPECIMEN,1986-10-30,1986,MY,5.75,118.06667,,Borneo,"Sandakan prov., Sandakan, Leila Forest Reserve.",PRESENT,,,15f819bd-6612-4447-854b-14d12ee1022d,http://creativecommons.org/publicdomain/zero/1.0/legalcode,https://www.gbif.org/occurrence/2515266529,True,False
e4be2aca138f64a2a3896d62,acacia_auriculiformis,Acacia auriculiformis,Acacia auriculiformis A.Cunn. ex Benth.,GBIF,2529294072,inat:24296162,HUMAN_OBSERVATION,2019-04-28T11:15,2019,MY,2.900495,101.668412,,Putrajaya,,PRESENT,CONTINENT_DERIVED_FROM_COORDINATES|COORDINATE_ROUNDED|TAXON_ID_NOT_FOUND,iNaturalist research-grade observations,50c9509d-22c7-4a22-a47d-8c48425ef4a7,http://creativecommons.org/licenses/by-nc/4.0/legalcode,https://www.gbif.org/occurrence/2529294072,True,False
e4a78eb55bb3b9b60d30fb03,acacia_auriculiformis,Acacia auriculiformis,Acacia auriculiformis A.Cunn. ex Benth.,GBIF,2529369052,inat:24296093,HUMAN_OBSERVATION,2019-04-28T11:06,2019,MY,2.900523,101.668867,,Putrajaya,,PRESENT,CONTINENT_DERIVED_FROM_COORDINATES|COORDINATE_ROUNDED|TAXON_ID_NOT_FOUND,iNaturalist research-grade observations,50c9509d-22c7-4a22-a47d-8c48425ef4a7,http://creativecommons.org/licenses/by-nc/4.0/legalcode,https://www.gbif.org/occurrence/2529369052,True,False
0b76d527519ab56cf0a564ec,acacia_auriculiformis,Acacia auriculiformis,Acacia auriculiformis A.Cunn. ex Benth.,GBIF,2573779598,inat:11478105,HUMAN_OBSERVATION,2018-04-27T06:18:01,2018,MY,3.129994,101.650421,9.0,Kuala Lumpur,,PRESENT,CONTINENT_DERIVED_FROM_COORDINATES|COORDINATE_ROUNDED|TAXON_ID_NOT_FOUND,iNaturalist research-grade observations,50c9509d-22c7-4a22-a47d-8c48425ef4a7,http://creativecommons.org/licenses/by-nc/4.0/legalcode,https://www.gbif.org/occurrence/2573779598,True,False
52d4fc4014374ac7103170bc,acacia_auriculiformis,Acacia auriculiformis,Acacia auriculiformis A.Cunn. ex Benth.,GBIF,2573780055,inat:11862050,HUMAN_OBSERVATION,2018-04-30T09:27:11,2018,MY,3.04012,101.581831,600.0,Selangor,,PRESENT,CONTINENT_DERIVED_FROM_COORDINATES|COORDINATE_ROUNDED|TAXON_ID_NOT_FOUND,iNaturalist research-grade observations,50c9509d-22c7-4a22-a47d-8c48425ef4a7,http://creativecommons.org/licenses/by-nc/4.0/legalcode,https://www.gbif.org/occurrence/2573780055,True,False
79185152555e7c3aed48c50d,acacia_auriculiformis,Acacia auriculiformis,Acacia auriculiformis A.Cunn. ex Benth.,GBIF,2862536794,inat:58675177,HUMAN_OBSERVATION,2020-09-06T10:05:10,2020,MY,3.051647,101.752269,10.0,Selangor,,PRESENT,CONTINENT_DERIVED_FROM_COORDINATES|COORDINATE_ROUNDED|TAXON_ID_NOT_FOUND,iNaturalist research-grade observations,50c9509d-22c7-4a22-a47d-8c48425ef4a7,http://creativecommons.org/licenses/by-nc/4.0/legalcode,https://www.gbif.org/occurrence/2862536794,True,False
64643906ab82d75c70cd22a4,acacia_auriculiformis,Acacia auriculiformis,Acacia auriculiformis A.Cunn. ex Benth.,GBIF,2868133325,inat:23415529,HUMAN_OBSERVATION,2019-04-27T17:08,2019,MY,2.991879,101.721391,433.0,Selangor,,PRESENT,CONTINENT_DERIVED_FROM_COORDINATES|COORDINATE_ROUNDED|TAXON_ID_NOT_FOUND,iNaturalist research-grade observations,50c9509d-22c7-4a22-a47d-8c48425ef4a7,http://creativecommons.org/licenses/by-nc/4.0/legalcode,https://www.gbif.org/occurrence/2868133325,True,False
c382c110ecf444c9a851f3f9,acacia_auriculiformis,Acacia auriculiformis,Acacia auriculiformis A.Cunn. ex Benth.,GBIF,2868224314,inat:24349327,HUMAN_OBSERVATION,2019-04-28T17:06,2019,MY,2.932995,101.704398,,Putrajaya,,PRESENT,CONTINENT_DERIVED_FROM_COORDINATES|COORDINATE_ROUNDED|TAXON_ID_NOT_FOUND,iNaturalist research-grade observations,50c9509d-22c7-4a22-a47d-8c48425ef4a7,http://creativecommons.org/licenses/by-nc/4.0/legalcode,https://www.gbif.org/occurrence/2868224314,True,False
98df0ea8be9834f06926ccfd,acacia_auriculiformis,Acacia auriculiformis,Acacia auriculiformis A.Cunn. ex Benth.,GBIF,2963760160,inat:63754235,HUMAN_OBSERVATION,2020-10-29T18:02:21,2020,MY,3.049484,101.753494,10.0,Selangor,,PRESENT,CONTINENT_DERIVED_FROM_COORDINATES|COORDINATE_ROUNDED|TAXON_ID_NOT_FOUND,iNaturalist research-grade observations,50c9509d-22c7-4a22-a47d-8c48425ef4a7,http://creativecommons.org/licenses/by-nc/4.0/legalcode,https://www.gbif.org/occurrence/2963760160,True,False
643d3da193fc3edebe173476,acacia_auriculiformis,Acacia auriculiformis,Acacia auriculiformis A.Cunn. ex Benth.,GBIF,2963818651,inat:63371159,HUMAN_OBSERVATION,2018-01-13T11:05,2018,MY,2.199442,102.257538,544.0,Melaka,,PRESENT,CONTINENT_DERIVED_FROM_COORDINATES|COORDINATE_ROUNDED|TAXON_ID_NOT_FOUND,iNaturalist research-grade observations,50c9509d-22c7-4a22-a47d-8c48425ef4a7,http://creativecommons.org/licenses/by-nc/4.0/legalcode,https://www.gbif.org/occurrence/2963818651,True,False
59eef16a92237bc698141e4f,acacia_auriculiformis,Acacia auriculiformis,Acacia auriculiformis A.Cunn. ex Benth.,GBIF,3068057743,inat:71800551,HUMAN_OBSERVATION,2021-03-22T13:22:03,2021,MY,5.355661,100.301229,201.0,Pulau Pinang,,PRESENT,CONTINENT_DERIVED_FROM_COORDINATES|COORDINATE_ROUNDED|TAXON_ID_NOT_FOUND,iNaturalist research-grade observations,50c9509d-22c7-4a22-a47d-8c48425ef4a7,http://creativecommons.org/licenses/by-nc/4.0/legalcode,https://www.gbif.org/occurrence/3068057743,True,False
1f8b7cf3d032eb367337a690,acacia_auriculiformis,Acacia auriculiformis,Acacia auriculiformis A.Cunn. ex Benth.,GBIF,3112471297,inat:77234380,HUMAN_OBSERVATION,2021-05-03T16:44,2021,MY,3.092014,101.744827,166.0,Kuala Lumpur,,PRESENT,CONTINENT_DERIVED_FROM_COORDINATES|COORDINATE_ROUNDED|TAXON_ID_NOT_FOUND,iNaturalist research-grade observations,50c9509d-22c7-4a22-a47d-8c48425ef4a7,http://creativecommons.org/licenses/by-nc/4.0/legalcode,https://www.gbif.org/occurrence/3112471297,True,False
e8e968ab8fc7ec10c558e781,acacia_auriculiformis,Acacia auriculiformis,Acacia auriculiformis A.Cunn. ex Benth.,GBIF,3112577284,inat:77225764,HUMAN_OBSERVATION,2021-05-03T07:56,2021,MY,3.097069,101.74204,128.0,Kuala Lumpur,,PRESENT,CONTINENT_DERIVED_FROM_COORDINATES|COORDINATE_ROUNDED|TAXON_ID_NOT_FOUND,iNaturalist research-grade observations,50c9509d-22c7-4a22-a47d-8c48425ef4a7,http://creativecommons.org/licenses/by-nc/4.0/legalcode,https://www.gbif.org/occurrence/3112577284,True,False
0f440cca3a7b4e9317b97f44,acacia_auriculiformis,Acacia auriculiformis,Acacia auriculiformis A.Cunn. ex Benth.,GBIF,3112626297,inat:77226828,HUMAN_OBSERVATION,2021-05-03T08:16,2021,MY,3.097154,101.741954,116.0,Kuala Lumpur,,PRESENT,CONTINENT_DERIVED_FROM_COORDINATES|COORDINATE_ROUNDED|TAXON_ID_NOT_FOUND,iNaturalist research-grade observations,50c9509d-22c7-4a22-a47d-8c48425ef4a7,http://creativecommons.org/licenses/by-nc/4.0/legalcode,https://www.gbif.org/occurrence/3112626297,True,False
b663b0fce89063bbf70241de,acacia_auriculiformis,Acacia auriculiformis,Acacia auriculiformis A.Cunn. ex Benth.,GBIF,3113530693,inat:77736850,HUMAN_OBSERVATION,2021-05-01T10:16,2021,MY,3.114663,101.581315,,Selangor,,PRESENT,CONTINENT_DERIVED_FROM_COORDINATES|TAXON_ID_NOT_FOUND,iNaturalist research-grade observations,50c9509d-22c7-4a22-a47d-8c48425ef4a7,http://creativecommons.org/licenses/by-nc/4.0/legalcode,https://www.gbif.org/occurrence/3113530693,True,False
4b7b41e1c3591e2de9be603d,acacia_auriculiformis,Acacia auriculiformis,Acacia auriculiformis A.Cunn. ex Benth.,GBIF,3117916476,inat:76062908,HUMAN_OBSERVATION,2021-05-01T08:20:44,2021,MY,1.519053,103.866172,3.0,Johor,,PRESENT,CONTINENT_DERIVED_FROM_COORDINATES|COORDINATE_ROUNDED|TAXON_ID_NOT_FOUND,iNaturalist research-grade observations,50c9509d-22c7-4a22-a47d-8c48425ef4a7,http://creativecommons.org/licenses/by-nc/4.0/legalcode,https://www.gbif.org/occurrence/3117916476,True,False
f9813bbb85b9a893c50f4025,acacia_auriculiformis,Acacia auriculiformis,Acacia auriculiformis A.Cunn. ex Benth.,GBIF,3302444883,inat:80621192,HUMAN_OBSERVATION,2021-05-07T15:45,2021,MY,3.099348,101.601321,,Selangor,,PRESENT,CONTINENT_DERIVED_FROM_COORDINATES|COORDINATE_ROUNDED|TAXON_ID_NOT_FOUND,iNaturalist research-grade observations,50c9509d-22c7-4a22-a47d-8c48425ef4a7,http://creativecommons.org/licenses/by-nc/4.0/legalcode,https://www.gbif.org/occurrence/3302444883,True,False
565c348c4581078c49e0b83e,acacia_auriculiformis,Acacia auriculiformis,Acacia auriculiformis A.Cunn. ex Benth.,GBIF,3320921780,inat:84510638,HUMAN_OBSERVATION,2021-06-26T10:26:13,2021,MY,2.525367,101.814428,27.0,Negeri Sembilan,,PRESENT,CONTINENT_DERIVED_FROM_COORDINATES|COORDINATE_ROUNDED|TAXON_ID_NOT_FOUND,iNaturalist research-grade observations,50c9509d-22c7-4a22-a47d-8c48425ef4a7,http://creativecommons.org/licenses/by/4.0/legalcode,https://www.gbif.org/occurrence/3320921780,True,False
4e5d2cb1eba040397d2907f9,acacia_auriculiformis,Acacia auriculiformis,Acacia auriculiformis A.Cunn. ex Benth.,GBIF,3457062629,inat:103503949,HUMAN_OBSERVATION,2021-12-23T10:07:18,2021,MY,3.05577,101.812668,8.0,Selangor,,PRESENT,CONTINENT_DERIVED_FROM_COORDINATES|COORDINATE_ROUNDED|TAXON_ID_NOT_FOUND,iNaturalist research-grade observations,50c9509d-22c7-4a22-a47d-8c48425ef4a7,http://creativecommons.org/licenses/by-nc/4.0/legalcode,https://www.gbif.org/occurrence/3457062629,True,False
d86343a2c99580d0aacb577e,acacia_auriculiformis,Acacia auriculiformis,Acacia auriculiformis A.Cunn. ex Benth.,GBIF,3760077506,inat:112007929,HUMAN_OBSERVATION,2022-04-19T11:39:45,2022,MY,3.05241,101.75342,7.0,Selangor,,PRESENT,CONTINENT_DERIVED_FROM_COORDINATES|COORDINATE_ROUNDED|TAXON_ID_NOT_FOUND,iNaturalist research-grade observations,50c9509d-22c7-4a22-a47d-8c48425ef4a7,http://creativecommons.org/licenses/by-nc/4.0/legalcode,https://www.gbif.org/occurrence/3760077506,True,False
7443477f93a3f5c90fe82e0b,acacia_auriculiformis,Acacia auriculiformis,Acacia auriculiformis A.Cunn. ex Benth.,GBIF,3873364159,inat:126766126,HUMAN_OBSERVATION,2022-07-17T10:50:55,2022,MY,2.212517,102.247686,,Melaka,,PRESENT,CONTINENT_DERIVED_FROM_COORDINATES|COORDINATE_ROUNDED|TAXON_ID_NOT_FOUND,iNaturalist research-grade observations,50c9509d-22c7-4a22-a47d-8c48425ef4a7,http://creativecommons.org/licenses/by/4.0/legalcode,https://www.gbif.org/occurrence/3873364159,True,False
daa60247af1e1059c79b925c,acacia_auriculiformis,Acacia auriculiformis,Acacia auriculiformis A.Cunn. ex Benth.,GBIF,3902960899,inat:134116959,HUMAN_OBSERVATION,2022-09-08T09:12:44,2022,MY,3.17338,101.503159,3.0,Selangor,,PRESENT,CONTINENT_DERIVED_FROM_COORDINATES|COORDINATE_ROUNDED|TAXON_ID_NOT_FOUND,iNaturalist research-grade observations,50c9509d-22c7-4a22-a47d-8c48425ef4a7,http://creativecommons.org/licenses/by-nc/4.0/legalcode,https://www.gbif.org/occurrence/3902960899,True,False
d9826b9bf67a6edc62cedeb2,acacia_auriculiformis,Acacia auriculiformis,Acacia auriculiformis A.Cunn. ex Benth.,GBIF,3953165747,,HUMAN_OBSERVATION,2021-12-01T07:20:26.554Z,2021,MY,1.877705,102.94268,16.0,,,PRESENT,CONTINENT_DERIVED_FROM_COORDINATES|COUNTRY_DERIVED_FROM_COORDINATES,,14d5676a-2c54-4f94-9023-1e8dcd822aa0,http://creativecommons.org/licenses/by/4.0/legalcode,https://www.gbif.org/occurrence/3953165747,True,False
d6ddb50d09f9e038a4afbc30,acacia_auriculiformis,Acacia auriculiformis,Acacia auriculiformis A.Cunn. ex Benth.,GBIF,3955943661,,HUMAN_OBSERVATION,2021-04-03T07:01:13.610Z,2021,MY,3.259043,101.737403,13.0,,,PRESENT,CONTINENT_DERIVED_FROM_COORDINATES|COORDINATE_ROUNDED|COUNTRY_DERIVED_FROM_COORDINATES,,14d5676a-2c54-4f94-9023-1e8dcd822aa0,http://creativecommons.org/licenses/by/4.0/legalcode,https://www.gbif.org/occurrence/3955943661,True,False
b063d72afc80033bddf29c7a,acacia_auriculiformis,Acacia auriculiformis,Acacia auriculiformis A.Cunn. ex Benth.,GBIF,3957593358,,HUMAN_OBSERVATION,2021-12-22T04:10:12.835Z,2021,MY,3.145096,101.572695,,,,PRESENT,CONTINENT_DERIVED_FROM_COORDINATES|COORDINATE_ROUNDED|COUNTRY_DERIVED_FROM_COORDINATES,,14d5676a-2c54-4f94-9023-1e8dcd822aa0,http://creativecommons.org/licenses/by/4.0/legalcode,https://www.gbif.org/occurrence/3957593358,True,False
406b3939d3b74a93f64f7624,acacia_auriculiformis,Acacia auriculiformis,Acacia auriculiformis A.Cunn. ex Benth.,GBIF,3959813593,,HUMAN_OBSERVATION,2021-04-30T23:27:07.785Z,2021,MY,6.086718,102.369309,,,,PRESENT,CONTINENT_DERIVED_FROM_COORDINATES|COORDINATE_ROUNDED|COUNTRY_DERIVED_FROM_COORDINATES,,14d5676a-2c54-4f94-9023-1e8dcd822aa0,http://creativecommons.org/licenses/by/4.0/legalcode,https://www.gbif.org/occurrence/3959813593,True,False
865bd895474d1d8c05c94657,acacia_auriculiformis,Acacia auriculiformis,Acacia auriculiformis A.Cunn. ex Benth.,GBIF,3994239109,inat:144210027,HUMAN_OBSERVATION,2022-12-12T12:30:01,2022,MY,3.150928,101.666938,14.0,Kuala Lumpur,,PRESENT,CONTINENT_DERIVED_FROM_COORDINATES|COORDINATE_ROUNDED|TAXON_ID_NOT_FOUND,iNaturalist research-grade observations,50c9509d-22c7-4a22-a47d-8c48425ef4a7,http://creativecommons.org/licenses/by-nc/4.0/legalcode,https://www.gbif.org/occurrence/3994239109,True,False
317aea18fa96050a3b481a56,acacia_auriculiformis,Acacia auriculiformis,Acacia auriculiformis A.Cunn. ex Benth.,GBIF,4009858946,inat:144951910,HUMAN_OBSERVATION,2022-12-24T07:58:30,2022,MY,4.600777,101.110436,6.0,Perak,,PRESENT,CONTINENT_DERIVED_FROM_COORDINATES|COORDINATE_ROUNDED|TAXON_ID_NOT_FOUND,iNaturalist research-grade observations,50c9509d-22c7-4a22-a47d-8c48425ef4a7,http://creativecommons.org/licenses/by-nc/4.0/legalcode,https://www.gbif.org/occurrence/4009858946,True,False
9a579c21addbd1f274edaed3,acacia_auriculiformis,Acacia auriculiformis,Acacia auriculiformis A.Cunn. ex Benth.,GBIF,4091655839,inat:154660006,HUMAN_OBSERVATION,2023-04-13T08:55:40,2023,MY,3.173017,101.500594,,Selangor,,PRESENT,CONTINENT_DERIVED_FROM_COORDINATES|COORDINATE_ROUNDED|TAXON_ID_NOT_FOUND,iNaturalist research-grade observations,50c9509d-22c7-4a22-a47d-8c48425ef4a7,http://creativecommons.org/licenses/by-nc/4.0/legalcode,https://www.gbif.org/occurrence/4091655839,True,False
7634b881d02f45e4165347e1,acacia_auriculiformis,Acacia auriculiformis,Acacia auriculiformis A.Cunn. ex Benth.,GBIF,4091852816,inat:154660282,HUMAN_OBSERVATION,2023-04-13T08:57:20,2023,MY,3.172928,101.500378,,Selangor,,PRESENT,CONTINENT_DERIVED_FROM_COORDINATES|COORDINATE_ROUNDED|TAXON_ID_NOT_FOUND,iNaturalist research-grade observations,50c9509d-22c7-4a22-a47d-8c48425ef4a7,http://creativecommons.org/licenses/by-nc/4.0/legalcode,https://www.gbif.org/occurrence/4091852816,True,False
7e8ad1045c54380fba89d077,acacia_auriculiformis,Acacia auriculiformis,Acacia auriculiformis A.Cunn. ex Benth.,GBIF,4103335407,inat:157474734,HUMAN_OBSERVATION,2023-04-29T13:59,2023,MY,3.173339,101.501936,,Selangor,,PRESENT,CONTINENT_DERIVED_FROM_COORDINATES|COORDINATE_ROUNDED|TAXON_ID_NOT_FOUND,iNaturalist research-grade observations,50c9509d-22c7-4a22-a47d-8c48425ef4a7,http://creativecommons.org/licenses/by-nc/4.0/legalcode,https://www.gbif.org/occurrence/4103335407,True,False
69499f1fa4ebe2659c5788ee,acacia_auriculiformis,Acacia auriculiformis,Acacia auriculiformis A.Cunn. ex Benth.,GBIF,4111618528,inat:157474147,HUMAN_OBSERVATION,2023-04-29T13:58:26,2023,MY,3.173356,101.501836,,Selangor,,PRESENT,CONTINENT_DERIVED_FROM_COORDINATES|COORDINATE_ROUNDED|TAXON_ID_NOT_FOUND,iNaturalist research-grade observations,50c9509d-22c7-4a22-a47d-8c48425ef4a7,http://creativecommons.org/licenses/by-nc/4.0/legalcode,https://www.gbif.org/occurrence/4111618528,True,False
74363cd41e0e89c57f9b6e32,acacia_auriculiformis,Acacia auriculiformis,Acacia auriculiformis A.Cunn. ex Benth.,GBIF,4116332662,inat:161925812,HUMAN_OBSERVATION,2023-05-15T09:29,2023,MY,2.880561,101.792428,4.0,Selangor,,PRESENT,CONTINENT_DERIVED_FROM_COORDINATES|COORDINATE_ROUNDED|TAXON_ID_NOT_FOUND,iNaturalist research-grade observations,50c9509d-22c7-4a22-a47d-8c48425ef4a7,http://creativecommons.org/licenses/by-nc/4.0/legalcode,https://www.gbif.org/occurrence/4116332662,True,False
97f78117b1708102be3a041d,acacia_auriculiformis,Acacia auriculiformis,Acacia auriculiformis A.Cunn. ex Benth.,GBIF,4121306699,inat:162793196,HUMAN_OBSERVATION,2023-05-21T09:29:25,2023,MY,2.932461,101.673944,,Putrajaya,,PRESENT,CONTINENT_DERIVED_FROM_COORDINATES|COORDINATE_ROUNDED|TAXON_ID_NOT_FOUND,iNaturalist research-grade observations,50c9509d-22c7-4a22-a47d-8c48425ef4a7,http://creativecommons.org/licenses/by-nc/4.0/legalcode,https://www.gbif.org/occurrence/4121306699,True,False
f9bfbf0e3b3669545019564f,acacia_auriculiformis,Acacia auriculiformis,Acacia auriculiformis A.Cunn. ex Benth.,GBIF,4121323085,inat:162793413,HUMAN_OBSERVATION,2023-05-21T09:29:20,2023,MY,2.934531,101.6742,,Putrajaya,,PRESENT,CONTINENT_DERIVED_FROM_COORDINATES|COORDINATE_ROUNDED|TAXON_ID_NOT_FOUND,iNaturalist research-grade observations,50c9509d-22c7-4a22-a47d-8c48425ef4a7,http://creativecommons.org/licenses/by-nc/4.0/legalcode,https://www.gbif.org/occurrence/4121323085,True,False
ef0fbe24e32d78047155ec46,acacia_auriculiformis,Acacia auriculiformis,Acacia auriculiformis A.Cunn. ex Benth.,GBIF,4126755877,inat:163912062,HUMAN_OBSERVATION,2023-05-26T10:29,2023,MY,2.882706,101.793608,35.0,Selangor,,PRESENT,CONTINENT_DERIVED_FROM_COORDINATES|COORDINATE_ROUNDED|TAXON_ID_NOT_FOUND,iNaturalist research-grade observations,50c9509d-22c7-4a22-a47d-8c48425ef4a7,http://creativecommons.org/licenses/by-nc/4.0/legalcode,https://www.gbif.org/occurrence/4126755877,True,False
2fa5fe5533789fe3e5b53876,acacia_auriculiformis,Acacia auriculiformis,Acacia auriculiformis A.Cunn. ex Benth.,GBIF,4129880770,inat:164730726,HUMAN_OBSERVATION,2023-05-31T09:02:16,2023,MY,2.914613,101.681747,699.0,Putrajaya,,PRESENT,CONTINENT_DERIVED_FROM_COORDINATES|COORDINATE_ROUNDED|TAXON_ID_NOT_FOUND,iNaturalist research-grade observations,50c9509d-22c7-4a22-a47d-8c48425ef4a7,http://creativecommons.org/licenses/by-nc/4.0/legalcode,https://www.gbif.org/occurrence/4129880770,True,False
40fb68298c20e49d286c77aa,acacia_auriculiformis,Acacia auriculiformis,Acacia auriculiformis A.Cunn. ex Benth.,GBIF,4145190122,inat:170249578,HUMAN_OBSERVATION,2023-04-03T10:55:15,2023,MY,1.752845,110.317855,4.0,Sarawak,,PRESENT,CONTINENT_DERIVED_FROM_COORDINATES|TAXON_ID_NOT_FOUND,iNaturalist research-grade observations,50c9509d-22c7-4a22-a47d-8c48425ef4a7,http://creativecommons.org/licenses/by/4.0/legalcode,https://www.gbif.org/occurrence/4145190122,True,False
76e2f378cab09db4d33825dd,acacia_auriculiformis,Acacia auriculiformis,Acacia auriculiformis A.Cunn. ex Benth.,GBIF,4165523154,inat:174229110,HUMAN_OBSERVATION,2023-07-22T12:50:28,2023,MY,3.147278,101.506731,,Selangor,,PRESENT,CONTINENT_DERIVED_FROM_COORDINATES|COORDINATE_ROUNDED|TAXON_ID_NOT_FOUND,iNaturalist research-grade observations,50c9509d-22c7-4a22-a47d-8c48425ef4a7,http://creativecommons.org/licenses/by-nc/4.0/legalcode,https://www.gbif.org/occurrence/4165523154,True,False
8ac89d2a932af00ad972f0df,acacia_auriculiformis,Acacia auriculiformis,Acacia auriculiformis A.Cunn. ex Benth.,GBIF,4165775716,inat:174229269,HUMAN_OBSERVATION,2023-07-22T12:51:14,2023,MY,3.14745,101.506725,,Selangor,,PRESENT,CONTINENT_DERIVED_FROM_COORDINATES|TAXON_ID_NOT_FOUND,iNaturalist research-grade observations,50c9509d-22c7-4a22-a47d-8c48425ef4a7,http://creativecommons.org/licenses/by-nc/4.0/legalcode,https://www.gbif.org/occurrence/4165775716,True,False
39d4f9dedfd9f8af99128b34,acacia_auriculiformis,Acacia auriculiformis,Acacia auriculiformis A.Cunn. ex Benth.,GBIF,4165803820,inat:174236752,HUMAN_OBSERVATION,2023-07-22T13:39:35,2023,MY,3.148733,101.509372,,Selangor,,PRESENT,CONTINENT_DERIVED_FROM_COORDINATES|COORDINATE_ROUNDED|TAXON_ID_NOT_FOUND,iNaturalist research-grade observations,50c9509d-22c7-4a22-a47d-8c48425ef4a7,http://creativecommons.org/licenses/by-nc/4.0/legalcode,https://www.gbif.org/occurrence/4165803820,True,False
18474cee14a4e3c64e4f7ffe,acacia_auriculiformis,Acacia auriculiformis,Acacia auriculiformis A.Cunn. ex Benth.,GBIF,4165835658,inat:174234402,HUMAN_OBSERVATION,2023-07-22T13:20:52,2023,MY,3.148233,101.508839,,Selangor,,PRESENT,CONTINENT_DERIVED_FROM_COORDINATES|COORDINATE_ROUNDED|TAXON_ID_NOT_FOUND,iNaturalist research-grade observations,50c9509d-22c7-4a22-a47d-8c48425ef4a7,http://creativecommons.org/licenses/by-nc/4.0/legalcode,https://www.gbif.org/occurrence/4165835658,True,False
b3e2eb59e387c889480053c1,acacia_auriculiformis,Acacia auriculiformis,Acacia auriculiformis A.Cunn. ex Benth.,GBIF,4407244264,inat:181284415,HUMAN_OBSERVATION,2023-09-02T08:28:53,2023,MY,2.95373,101.717327,1000.0,Selangor,,PRESENT,CONTINENT_DERIVED_FROM_COORDINATES|COORDINATE_ROUNDED|TAXON_ID_NOT_FOUND,iNaturalist research-grade observations,50c9509d-22c7-4a22-a47d-8c48425ef4a7,http://creativecommons.org/licenses/by-nc/4.0/legalcode,https://www.gbif.org/occurrence/4407244264,True,False
999d7820663b0af5534b33fc,acacia_auriculiformis,Acacia auriculiformis,Acacia auriculiformis A.Cunn. ex Benth.,GBIF,4413767810,inat:182266647,HUMAN_OBSERVATION,2023-09-07T13:13:49,2023,MY,2.929084,101.686577,83.0,Putrajaya,,PRESENT,CONTINENT_DERIVED_FROM_COORDINATES|COORDINATE_ROUNDED|TAXON_ID_NOT_FOUND,iNaturalist research-grade observations,50c9509d-22c7-4a22-a47d-8c48425ef4a7,http://creativecommons.org/licenses/by-nc/4.0/legalcode,https://www.gbif.org/occurrence/4413767810,True,False
1b658ce445e8c3788f5a598d,acacia_auriculiformis,Acacia auriculiformis,Acacia auriculiformis A.Cunn. ex Benth.,GBIF,4424299040,inat:186661743,HUMAN_OBSERVATION,2023-10-08T15:33:50,2023,MY,5.472945,100.2473,39.0,Pulau Pinang,,PRESENT,CONTINENT_DERIVED_FROM_COORDINATES|TAXON_ID_NOT_FOUND,iNaturalist research-grade observations,50c9509d-22c7-4a22-a47d-8c48425ef4a7,http://creativecommons.org/licenses/by-nc/4.0/legalcode,https://www.gbif.org/occurrence/4424299040,True,False
cb5344e06e741be2c2b297e7,acacia_auriculiformis,Acacia auriculiformis,Acacia auriculiformis A.Cunn. ex Benth.,GBIF,4444152366,,PRESERVED_SPECIMEN,1987-04-04,1987,MY,3.083333,101.5,,,"Malaysia: Selangor, Dist. of Petaling, Shah Alam.",PRESENT,COLLECTION_MATCH_FUZZY|GEODETIC_DATUM_ASSUMED_WGS84|IDENTIFIED_DATE_INVALID|INSTITUTION_MATCH_FUZZY|TAXON_ID_NOT_FOUND,,9781ce05-2379-4a10-ab3b-c91346510df8,http://creativecommons.org/licenses/by-nc/4.0/legalcode,https://www.gbif.org/occurrence/4444152366,True,False
b67265797eed39a4a0c626f4,acacia_auriculiformis,Acacia auriculiformis,Acacia auriculiformis A.Cunn. ex Benth.,GBIF,4512076719,inat:157900334,HUMAN_OBSERVATION,2023-04-30T10:06:34,2023,MY,2.471448,102.226297,39.0,Negeri Sembilan,,PRESENT,CONTINENT_DERIVED_FROM_COORDINATES|COORDINATE_ROUNDED|TAXON_ID_NOT_FOUND,iNaturalist research-grade observations,50c9509d-22c7-4a22-a47d-8c48425ef4a7,http://creativecommons.org/licenses/by-nc/4.0/legalcode,https://www.gbif.org/occurrence/4512076719,True,False
9b8e408ac2363283fa23addc,acacia_auriculiformis,Acacia auriculiformis,Acacia auriculiformis A.Cunn. ex Benth.,GBIF,4512088313,inat:187990167,HUMAN_OBSERVATION,2023-10-18T12:15:51,2023,MY,3.150925,101.666892,22.0,Kuala Lumpur,,PRESENT,CONTINENT_DERIVED_FROM_COORDINATES|COORDINATE_ROUNDED|TAXON_ID_NOT_FOUND,iNaturalist research-grade observations,50c9509d-22c7-4a22-a47d-8c48425ef4a7,http://creativecommons.org/licenses/by-nc/4.0/legalcode,https://www.gbif.org/occurrence/4512088313,True,False
479a1aeb351cd04e09f11328,acacia_auriculiformis,Acacia auriculiformis,Acacia auriculiformis A.Cunn. ex Benth.,GBIF,4512120322,inat:187571529,HUMAN_OBSERVATION,2023-10-15T09:01:31,2023,MY,2.920178,101.676411,,Putrajaya,,PRESENT,CONTINENT_DERIVED_FROM_COORDINATES|COORDINATE_ROUNDED|TAXON_ID_NOT_FOUND,iNaturalist research-grade observations,50c9509d-22c7-4a22-a47d-8c48425ef4a7,http://creativecommons.org/licenses/by-nc/4.0/legalcode,https://www.gbif.org/occurrence/4512120322,True,False
8e9db31dc7522ab19bcab36b,acacia_auriculiformis,Acacia auriculiformis,Acacia auriculiformis A.Cunn. ex Benth.,GBIF,4512131318,inat:187571313,HUMAN_OBSERVATION,2023-10-15T08:57:46,2023,MY,2.917416,101.675918,8.0,Putrajaya,,PRESENT,CONTINENT_DERIVED_FROM_COORDINATES|COORDINATE_ROUNDED|TAXON_ID_NOT_FOUND,iNaturalist research-grade observations,50c9509d-22c7-4a22-a47d-8c48425ef4a7,http://creativecommons.org/licenses/by-nc/4.0/legalcode,https://www.gbif.org/occurrence/4512131318,True,False
505cdfb5cf59b1261166b509,acacia_auriculiformis,Acacia auriculiformis,Acacia auriculiformis A.Cunn. ex Benth.,GBIF,4512180395,inat:195235904,HUMAN_OBSERVATION,2023-12-29T11:58:27,2023,MY,3.101706,101.601912,66.0,Selangor,,PRESENT,CONTINENT_DERIVED_FROM_COORDINATES|COORDINATE_ROUNDED|TAXON_ID_NOT_FOUND,iNaturalist research-grade observations,50c9509d-22c7-4a22-a47d-8c48425ef4a7,http://creativecommons.org/licenses/by-nc/4.0/legalcode,https://www.gbif.org/occurrence/4512180395,True,False
4a080178b36f4d956b966031,acacia_auriculiformis,Acacia auriculiformis,Acacia auriculiformis A.Cunn. ex Benth.,GBIF,4516784353,inat:196922863,HUMAN_OBSERVATION,2022-05-03T10:45,2022,MY,6.03615,116.147614,3.0,Sabah,,PRESENT,CONTINENT_DERIVED_FROM_COORDINATES|COORDINATE_ROUNDED|TAXON_ID_NOT_FOUND,iNaturalist research-grade observations,50c9509d-22c7-4a22-a47d-8c48425ef4a7,http://creativecommons.org/licenses/by-nc/4.0/legalcode,https://www.gbif.org/occurrence/4516784353,True,False
5f4e48154fed71f07a0cd0bd,acacia_auriculiformis,Acacia auriculiformis,Acacia auriculiformis A.Cunn. ex Benth.,GBIF,4519306251,inat:198576007,HUMAN_OBSERVATION,2024-02-03T17:02:09,2024,MY,4.35648,100.957404,361.0,Perak,,PRESENT,CONTINENT_DERIVED_FROM_COORDINATES|COORDINATE_ROUNDED|TAXON_ID_NOT_FOUND,iNaturalist research-grade observations,50c9509d-22c7-4a22-a47d-8c48425ef4a7,http://creativecommons.org/licenses/by-nc/4.0/legalcode,https://www.gbif.org/occurrence/4519306251,True,False
8b04889779974c3c7e99760e,acacia_auriculiformis,Acacia auriculiformis,Acacia auriculiformis A.Cunn. ex Benth.,GBIF,4522812889,inat:199176240,HUMAN_OBSERVATION,2024-02-13T16:19:50,2024,MY,5.933184,116.046216,7.0,Sabah,,PRESENT,CONTINENT_DERIVED_FROM_COORDINATES|COORDINATE_ROUNDED|TAXON_ID_NOT_FOUND,iNaturalist research-grade observations,50c9509d-22c7-4a22-a47d-8c48425ef4a7,http://creativecommons.org/licenses/by-nc/4.0/legalcode,https://www.gbif.org/occurrence/4522812889,True,False
af859d086135837e60f673d5,acacia_auriculiformis,Acacia auriculiformis,Acacia auriculiformis A.Cunn. ex Benth.,GBIF,4852185748,inat:208832206,HUMAN_OBSERVATION,2024-04-23T10:49:08,2024,MY,4.355736,100.957638,13.0,Perak,,PRESENT,CONTINENT_DERIVED_FROM_COORDINATES|COORDINATE_ROUNDED|TAXON_ID_NOT_FOUND,iNaturalist research-grade observations,50c9509d-22c7-4a22-a47d-8c48425ef4a7,http://creativecommons.org/licenses/by-nc/4.0/legalcode,https://www.gbif.org/occurrence/4852185748,True,False
9859b9cf7aeace4efc2aa4cd,acacia_auriculiformis,Acacia auriculiformis,Acacia auriculiformis A.Cunn. ex Benth.,GBIF,4855052835,inat:213053657,HUMAN_OBSERVATION,2024-04-28T10:13:18,2024,MY,3.099759,101.594342,,Selangor,,PRESENT,CONTINENT_DERIVED_FROM_COORDINATES|COORDINATE_ROUNDED|TAXON_ID_NOT_FOUND,iNaturalist research-grade observations,50c9509d-22c7-4a22-a47d-8c48425ef4a7,http://creativecommons.org/licenses/by-nc/4.0/legalcode,https://www.gbif.org/occurrence/4855052835,True,False
e35a8e34be73bfa460a071d0,acacia_auriculiformis,Acacia auriculiformis,Acacia auriculiformis A.Cunn. ex Benth.,GBIF,4891987802,inat:221763086,HUMAN_OBSERVATION,2024-06-08T08:11,2024,MY,4.070926,101.798092,8.0,Pahang,,PRESENT,CONTINENT_DERIVED_FROM_COORDINATES|COORDINATE_ROUNDED|TAXON_ID_NOT_FOUND,iNaturalist research-grade observations,50c9509d-22c7-4a22-a47d-8c48425ef4a7,http://creativecommons.org/licenses/by-nc/4.0/legalcode,https://www.gbif.org/occurrence/4891987802,True,False
e4afc916710dd4a7f8b4f38d,acacia_auriculiformis,Acacia auriculiformis,Acacia auriculiformis A.Cunn. ex Benth.,GBIF,4935817595,inat:237064612,HUMAN_OBSERVATION,2024-08-21T15:57:10,2024,MY,1.582228,110.348612,8.0,Sarawak,,PRESENT,CONTINENT_DERIVED_FROM_COORDINATES|COORDINATE_ROUNDED|TAXON_ID_NOT_FOUND,iNaturalist research-grade observations,50c9509d-22c7-4a22-a47d-8c48425ef4a7,http://creativecommons.org/licenses/by-nc/4.0/legalcode,https://www.gbif.org/occurrence/4935817595,True,False
b468b58a8b830034b9bebd27,acacia_auriculiformis,Acacia auriculiformis,Acacia auriculiformis A.Cunn. ex Benth.,GBIF,4981813203,,PRESERVED_SPECIMEN,1987-04-04,1987,MY,3.083333,101.5,,,"Selangor, Dist. of Petaling, Shah Alam, Malaysia.",PRESENT,COLLECTION_MATCH_NONE|COORDINATE_ROUNDED|GEODETIC_DATUM_ASSUMED_WGS84|INSTITUTION_MATCH_FUZZY|OCCURRENCE_STATUS_INFERRED_FROM_INDIVIDUAL_COUNT|TAXON_ID_NOT_FOUND,Tropicos,7bd65a7a-f762-11e1-a439-00145eb45e9a,http://creativecommons.org/licenses/by/4.0/legalcode,https://www.gbif.org/occurrence/4981813203,True,False
876bff83ec830fd44c5e253e,acacia_auriculiformis,Acacia auriculiformis,Acacia auriculiformis A.Cunn. ex Benth.,GBIF,4994076786,inat:254192281,HUMAN_OBSERVATION,2024-12-05T10:02:35,2024,MY,3.182695,101.643738,3.0,Kuala Lumpur,,PRESENT,CONTINENT_DERIVED_FROM_COORDINATES|COORDINATE_ROUNDED|TAXON_ID_NOT_FOUND,iNaturalist research-grade observations,50c9509d-22c7-4a22-a47d-8c48425ef4a7,http://creativecommons.org/licenses/by-nc/4.0/legalcode,https://www.gbif.org/occurrence/4994076786,True,False
1cf9670495daee450e5cd8d4,acacia_auriculiformis,Acacia auriculiformis,Acacia auriculiformis A.Cunn. ex Benth.,GBIF,5103639989,,PRESERVED_SPECIMEN,1987-04-04,1987,MY,3.083333,101.5,,Selangor,"Shah Alam, Petaling District",PRESENT,CONTINENT_DERIVED_FROM_COORDINATES|COORDINATE_ROUNDED|INSTITUTION_COLLECTION_MISMATCH|INSTITUTION_MATCH_FUZZY,,1a9d08bb-9e2c-4540-8f7f-3205846b6ddc,http://creativecommons.org/publicdomain/zero/1.0/legalcode,https://www.gbif.org/occurrence/5103639989,True,False
bc87e25795f3dd75b0f3c681,acacia_auriculiformis,Acacia auriculiformis,Acacia auriculiformis A.Cunn. ex Benth.,GBIF,5104582269,inat:266458162,HUMAN_OBSERVATION,2025-03-23T06:39:21,2025,MY,3.133183,101.727831,3.0,Kuala Lumpur,,PRESENT,CONTINENT_DERIVED_FROM_COORDINATES|COORDINATE_ROUNDED|TAXON_ID_NOT_FOUND,iNaturalist research-grade observations,50c9509d-22c7-4a22-a47d-8c48425ef4a7,http://creativecommons.org/licenses/by-nc/4.0/legalcode,https://www.gbif.org/occurrence/5104582269,True,False
ba2d869467075e2568ab1c3f,acacia_auriculiformis,Acacia auriculiformis,Acacia auriculiformis A.Cunn. ex Benth.,GBIF,5109793368,,HUMAN_OBSERVATION,2023-11-28T08:13:03.949Z,2023,MY,2.819998,101.791165,4.0,,,PRESENT,CONTINENT_DERIVED_FROM_COORDINATES|COORDINATE_ROUNDED|COUNTRY_DERIVED_FROM_COORDINATES,,7a3679ef-5582-4aaa-81f0-8c2545cafc81,http://creativecommons.org/licenses/by/4.0/legalcode,https://www.gbif.org/occurrence/5109793368,True,False
dab0eab54d631ad19ee9ba42,acacia_auriculiformis,Acacia auriculiformis,Acacia auriculiformis A.Cunn. ex Benth.,GBIF,5110300867,,HUMAN_OBSERVATION,2024-11-16T00:14:02Z,2024,MY,3.181044,101.638624,,,,PRESENT,CONTINENT_DERIVED_FROM_COORDINATES|COORDINATE_ROUNDED|COUNTRY_DERIVED_FROM_COORDINATES,,7a3679ef-5582-4aaa-81f0-8c2545cafc81,http://creativecommons.org/licenses/by/4.0/legalcode,https://www.gbif.org/occurrence/5110300867,True,False
a797cac9fe5e1a3d54af8382,acacia_auriculiformis,Acacia auriculiformis,Acacia auriculiformis A.Cunn. ex Benth.,GBIF,5230169837,inat:299191286,HUMAN_OBSERVATION,2025-07-19T13:53,2025,MY,3.12752,101.504887,,Selangor,,PRESENT,CONTINENT_DERIVED_FROM_COORDINATES|COORDINATE_ROUNDED|TAXON_ID_NOT_FOUND,iNaturalist research-grade observations,50c9509d-22c7-4a22-a47d-8c48425ef4a7,http://creativecommons.org/licenses/by-nc/4.0/legalcode,https://www.gbif.org/occurrence/5230169837,True,False
0ba0b55825ae9a414bedf86c,acacia_auriculiformis,Acacia auriculiformis,Acacia auriculiformis A.Cunn. ex Benth.,GBIF,5281956823,inat:302829086,HUMAN_OBSERVATION,2025-08-01T18:54:56,2025,MY,3.038345,101.803474,4.0,Selangor,,PRESENT,CONTINENT_DERIVED_FROM_COORDINATES|COORDINATE_ROUNDED|TAXON_ID_NOT_FOUND,iNaturalist research-grade observations,50c9509d-22c7-4a22-a47d-8c48425ef4a7,http://creativecommons.org/licenses/by-nc/4.0/legalcode,https://www.gbif.org/occurrence/5281956823,True,False
b14aea3eb2287b0370e9864b,acacia_auriculiformis,Acacia auriculiformis,Acacia auriculiformis A.Cunn. ex Benth.,GBIF,5834009306,,HUMAN_OBSERVATION,2022-07-25/2022-08-10,2022,MY,4.539048,101.15437,,,,PRESENT,CONTINENT_DERIVED_FROM_COORDINATES|COORDINATE_ROUNDED,,0a0ec4dc-41aa-4a40-b08d-153dd02078eb,http://creativecommons.org/licenses/by-nc/4.0/legalcode,https://www.gbif.org/occurrence/5834009306,True,False
bf066e4d279e2c4335fab3cf,acacia_auriculiformis,Acacia auriculiformis,Acacia auriculiformis A.Cunn. ex Benth.,GBIF,6187954832,inat:198024464,HUMAN_OBSERVATION,2024-01-25T14:28:42,2024,MY,5.970926,115.995548,4.0,Sabah,,PRESENT,CONTINENT_DERIVED_FROM_COORDINATES|COORDINATE_ROUNDED|TAXON_ID_NOT_FOUND,iNaturalist research-grade observations,50c9509d-22c7-4a22-a47d-8c48425ef4a7,http://creativecommons.org/licenses/by/4.0/legalcode,https://www.gbif.org/occurrence/6187954832,True,False
6ac627660582d5804f55dc77,acacia_auriculiformis,Acacia auriculiformis,Acacia auriculiformis A.Cunn. ex Benth.,GBIF,6188181673,inat:76765655,HUMAN_OBSERVATION,2021-04-30T09:44:52,2021,MY,1.463871,103.643833,146.0,Johor,,PRESENT,CONTINENT_DERIVED_FROM_COORDINATES|COORDINATE_ROUNDED|TAXON_ID_NOT_FOUND,iNaturalist research-grade observations,50c9509d-22c7-4a22-a47d-8c48425ef4a7,http://creativecommons.org/licenses/by-nc/4.0/legalcode,https://www.gbif.org/occurrence/6188181673,True,False
1f037476a174cc4fd521c7cf,acacia_auriculiformis,Acacia auriculiformis,Acacia auriculiformis A.Cunn. ex Benth.,GBIF,6188215916,inat:261700225,HUMAN_OBSERVATION,2025-02-01T10:33,2025,MY,5.976107,116.007785,15.0,Sabah,,PRESENT,CONTINENT_DERIVED_FROM_COORDINATES|COORDINATE_ROUNDED|TAXON_ID_NOT_FOUND,iNaturalist research-grade observations,50c9509d-22c7-4a22-a47d-8c48425ef4a7,http://creativecommons.org/licenses/by-nc/4.0/legalcode,https://www.gbif.org/occurrence/6188215916,True,False
8a21a69570e273a159fc65e0,acacia_auriculiformis,Acacia auriculiformis,Acacia auriculiformis A.Cunn. ex Benth.,GBIF,6188462882,inat:249598630,HUMAN_OBSERVATION,2024-10-29T14:46:04,2024,MY,1.562207,103.632088,7.0,Johor,,PRESENT,CONTINENT_DERIVED_FROM_COORDINATES|COORDINATE_ROUNDED|TAXON_ID_NOT_FOUND,iNaturalist research-grade observations,50c9509d-22c7-4a22-a47d-8c48425ef4a7,http://creativecommons.org/licenses/by-nc/4.0/legalcode,https://www.gbif.org/occurrence/6188462882,True,False
0068c59980778faf10d6de12,acacia_auriculiformis,Acacia auriculiformis,Acacia auriculiformis A.Cunn. ex Benth.,GBIF,6234747599,inat:352463787,HUMAN_OBSERVATION,2026-04-24T10:26:16,2026,MY,3.443413,102.41852,,Pahang,,PRESENT,CONTINENT_DERIVED_FROM_COORDINATES|COORDINATE_ROUNDED|TAXON_ID_NOT_FOUND,iNaturalist research-grade observations,50c9509d-22c7-4a22-a47d-8c48425ef4a7,http://creativecommons.org/licenses/by-nc/4.0/legalcode,https://www.gbif.org/occurrence/6234747599,True,False
8f00596afd2cd2f4418139e2,acacia_auriculiformis,Acacia auriculiformis,Acacia auriculiformis A.Cunn. ex Benth.,GBIF,6235594507,inat:351393627,HUMAN_OBSERVATION,2026-04-15T18:22:26,2026,MY,5.723769,100.484481,,Kedah,,PRESENT,CONTINENT_DERIVED_FROM_COORDINATES|COORDINATE_ROUNDED|TAXON_ID_NOT_FOUND,iNaturalist research-grade observations,50c9509d-22c7-4a22-a47d-8c48425ef4a7,http://creativecommons.org/licenses/by-nc/4.0/legalcode,https://www.gbif.org/occurrence/6235594507,True,False
443f5e8c719cb5ee66f9b12d,acacia_auriculiformis,Acacia auriculiformis,Acacia auriculiformis A.Cunn. ex Benth.,GBIF,6235694333,inat:349698291,HUMAN_OBSERVATION,2026-04-14T11:48:06,2026,MY,3.540692,103.388956,,Pahang,,PRESENT,CONTINENT_DERIVED_FROM_COORDINATES|COORDINATE_ROUNDED|TAXON_ID_NOT_FOUND,iNaturalist research-grade observations,50c9509d-22c7-4a22-a47d-8c48425ef4a7,http://creativecommons.org/licenses/by-nc/4.0/legalcode,https://www.gbif.org/occurrence/6235694333,True,False
ab3b8d18d0f69aa73a389106,acacia_auriculiformis,Acacia auriculiformis,Acacia auriculiformis A.Cunn. ex Benth.,GBIF,6236159116,inat:350770338,HUMAN_OBSERVATION,2026-04-18T18:27:36,2026,MY,5.723029,100.481866,18.0,Kedah,,PRESENT,CONTINENT_DERIVED_FROM_COORDINATES|COORDINATE_ROUNDED|TAXON_ID_NOT_FOUND,iNaturalist research-grade observations,50c9509d-22c7-4a22-a47d-8c48425ef4a7,http://creativecommons.org/licenses/by-nc/4.0/legalcode,https://www.gbif.org/occurrence/6236159116,True,False
ad77bf071dff0b3fa1e6e524,acacia_auriculiformis,Acacia auriculiformis,Acacia auriculiformis A.Cunn. ex Benth.,GBIF,6251598001,inat:356878828,HUMAN_OBSERVATION,2026-04-26T16:19:02,2026,MY,3.097045,101.662347,23.0,Kuala Lumpur,,PRESENT,CONTINENT_DERIVED_FROM_COORDINATES|COORDINATE_ROUNDED|TAXON_ID_NOT_FOUND,iNaturalist research-grade observations,50c9509d-22c7-4a22-a47d-8c48425ef4a7,http://creativecommons.org/licenses/by-nc/4.0/legalcode,https://www.gbif.org/occurrence/6251598001,True,False
e31d68962e581f203c642933,acacia_auriculiformis,Acacia auriculiformis,Acacia auriculiformis A.Cunn. ex Benth.,GBIF,6253188610,inat:197459661,HUMAN_OBSERVATION,2024-01-24T17:07:39,2024,MY,5.944493,116.062252,4.0,Sabah,,PRESENT,CONTINENT_DERIVED_FROM_COORDINATES|COORDINATE_ROUNDED|TAXON_ID_NOT_FOUND,iNaturalist research-grade observations,50c9509d-22c7-4a22-a47d-8c48425ef4a7,http://creativecommons.org/licenses/by/4.0/legalcode,https://www.gbif.org/occurrence/6253188610,True,False
d85adbdcb82e15428ded683e,acacia_auriculiformis,Acacia auriculiformis,Acacia auriculiformis A.Cunn. ex Benth.,GBIF,6273458891,inat:67915675,HUMAN_OBSERVATION,2021-01-11T19:08,2021,MY,3.177856,101.606005,204.0,Selangor,,PRESENT,CONTINENT_DERIVED_FROM_COORDINATES|COORDINATE_ROUNDED|TAXON_ID_NOT_FOUND,iNaturalist research-grade observations,50c9509d-22c7-4a22-a47d-8c48425ef4a7,http://creativecommons.org/licenses/by-nc/4.0/legalcode,https://www.gbif.org/occurrence/6273458891,True,False
c8104420c40c26b75722bdd9,acacia_auriculiformis,Acacia auriculiformis,Acacia auriculiformis A.Cunn. ex Benth.,GBIF,6273717926,inat:199259045,HUMAN_OBSERVATION,2024-02-02T17:16:19,2024,MY,2.034011,103.348429,4.0,Johor,,PRESENT,CONTINENT_DERIVED_FROM_COORDINATES|COORDINATE_ROUNDED|TAXON_ID_NOT_FOUND,iNaturalist research-grade observations,50c9509d-22c7-4a22-a47d-8c48425ef4a7,http://creativecommons.org/licenses/by/4.0/legalcode,https://www.gbif.org/occurrence/6273717926,True,False
9edbeed71e510ff0a02acac3,acacia_auriculiformis,Acacia auriculiformis,Acacia auriculiformis A.Cunn. ex Benth.,GBIF,6274310678,inat:327346868,HUMAN_OBSERVATION,2024-02-08T11:04,2024,MY,1.66484,110.47506,,Sarawak,,PRESENT,CONTINENT_DERIVED_FROM_COORDINATES|TAXON_ID_NOT_FOUND,iNaturalist research-grade observations,50c9509d-22c7-4a22-a47d-8c48425ef4a7,http://creativecommons.org/licenses/by-nc/4.0/legalcode,https://www.gbif.org/occurrence/6274310678,True,False
0402b74bc982aba349fedbe4,acacia_auriculiformis,Acacia auriculiformis,Acacia auriculiformis A.Cunn. ex Benth.,GBIF,6320907616,inat:73827684,HUMAN_OBSERVATION,2020-12-04T18:59,2020,MY,3.178681,101.607025,204.0,Selangor,,PRESENT,CONTINENT_DERIVED_FROM_COORDINATES|COORDINATE_ROUNDED|TAXON_ID_NOT_FOUND,iNaturalist research-grade observations,50c9509d-22c7-4a22-a47d-8c48425ef4a7,http://creativecommons.org/licenses/by-nc/4.0/legalcode,https://www.gbif.org/occurrence/6320907616,True,False
f5aed2f3746c065eb855edba,acacia_auriculiformis,Acacia auriculiformis,Acacia auriculiformis A.Cunn. ex Benth.,GBIF,6352341145,inat:299395171,HUMAN_OBSERVATION,2025-07-20T10:50:07,2025,MY,2.936291,101.640284,4.0,Selangor,,PRESENT,CONTINENT_DERIVED_FROM_COORDINATES|COORDINATE_ROUNDED|TAXON_ID_NOT_FOUND,iNaturalist research-grade observations,50c9509d-22c7-4a22-a47d-8c48425ef4a7,http://creativecommons.org/licenses/by-nc/4.0/legalcode,https://www.gbif.org/occurrence/6352341145,True,False
2ad7067b39c7fa9aae201f8b,acacia_auriculiformis,Acacia auriculiformis,Acacia auriculiformis A.Cunn. ex Benth.,GBIF,6352898078,inat:261233596,HUMAN_OBSERVATION,2024-07-07T11:30,2024,MY,2.940592,101.716922,10.0,Selangor,,PRESENT,CONTINENT_DERIVED_FROM_COORDINATES|COORDINATE_ROUNDED|TAXON_ID_NOT_FOUND,iNaturalist research-grade observations,50c9509d-22c7-4a22-a47d-8c48425ef4a7,http://creativecommons.org/licenses/by-nc/4.0/legalcode,https://www.gbif.org/occurrence/6352898078,True,False
1ec36a0c8643c0a9355d7bf9,acacia_auriculiformis,Acacia auriculiformis,Acacia auriculiformis A.Cunn. ex Benth.,GBIF,6353137654,inat:365993493,HUMAN_OBSERVATION,2026-05-28T19:57,2026,MY,6.887574,116.856467,8.0,Sabah,,PRESENT,CONTINENT_DERIVED_FROM_COORDINATES|COORDINATE_ROUNDED|TAXON_ID_NOT_FOUND,iNaturalist research-grade observations,50c9509d-22c7-4a22-a47d-8c48425ef4a7,http://creativecommons.org/licenses/by-nc/4.0/legalcode,https://www.gbif.org/occurrence/6353137654,True,False
c08251f7e3f025d495bcb8d8,acacia_auriculiformis,Acacia auriculiformis,Acacia auriculiformis A.Cunn. ex Benth.,GBIF,6353144058,inat:300604131,HUMAN_OBSERVATION,2025-07-24T14:14:40,2025,MY,5.472403,100.247928,,Pulau Pinang,,PRESENT,CONTINENT_DERIVED_FROM_COORDINATES|TAXON_ID_NOT_FOUND,iNaturalist research-grade observations,50c9509d-22c7-4a22-a47d-8c48425ef4a7,http://creativecommons.org/licenses/by-nc/4.0/legalcode,https://www.gbif.org/occurrence/6353144058,True,False
51ef2b330cb55cf41acd019c,acacia_auriculiformis,Acacia auriculiformis,Acacia auriculiformis A.Cunn. ex Benth.,GBIF,6398587282,inat:328730014,HUMAN_OBSERVATION,2025-11-29T15:39:28,2025,MY,2.887083,101.618682,6.0,Selangor,,PRESENT,CONTINENT_DERIVED_FROM_COORDINATES|COORDINATE_ROUNDED|TAXON_ID_NOT_FOUND,iNaturalist research-grade observations,50c9509d-22c7-4a22-a47d-8c48425ef4a7,http://creativecommons.org/licenses/by-nc/4.0/legalcode,https://www.gbif.org/occurrence/6398587282,True,False
6352adf65b8d5d45dc16f1b1,acacia_auriculiformis,Acacia auriculiformis,Acacia auriculiformis A.Cunn. ex Benth.,GBIF,6398620136,inat:328721201,HUMAN_OBSERVATION,2025-11-29T13:27:29,2025,MY,2.888704,101.620843,905.0,Selangor,,PRESENT,CONTINENT_DERIVED_FROM_COORDINATES|COORDINATE_ROUNDED|TAXON_ID_NOT_FOUND,iNaturalist research-grade observations,50c9509d-22c7-4a22-a47d-8c48425ef4a7,http://creativecommons.org/licenses/by-nc/4.0/legalcode,https://www.gbif.org/occurrence/6398620136,True,False
5d8c729a65aebe456d95d382,acacia_auriculiformis,Acacia auriculiformis,Acacia auriculiformis A.Cunn. ex Benth.,GBIF,6399161006,inat:174234813,HUMAN_OBSERVATION,2023-07-22T13:24:37,2023,MY,3.148072,101.509006,,Selangor,,PRESENT,CONTINENT_DERIVED_FROM_COORDINATES|COORDINATE_ROUNDED|TAXON_ID_NOT_FOUND,iNaturalist research-grade observations,50c9509d-22c7-4a22-a47d-8c48425ef4a7,http://creativecommons.org/licenses/by-nc/4.0/legalcode,https://www.gbif.org/occurrence/6399161006,True,False
b4bd8cdf0b1ee3fef4c3e20c,acacia_auriculiformis,Acacia auriculiformis,Acacia auriculiformis A.Cunn. ex Benth.,GBIF,6399251965,inat:328732010,HUMAN_OBSERVATION,2025-11-29T16:06:24,2025,MY,2.887309,101.617348,668.0,Selangor,,PRESENT,CONTINENT_DERIVED_FROM_COORDINATES|COORDINATE_ROUNDED|TAXON_ID_NOT_FOUND,iNaturalist research-grade observations,50c9509d-22c7-4a22-a47d-8c48425ef4a7,http://creativecommons.org/licenses/by-nc/4.0/legalcode,https://www.gbif.org/occurrence/6399251965,True,False
ba01360904c833b18fdf2858,acacia_auriculiformis,Acacia auriculiformis,Acacia auriculiformis A.Cunn. ex Benth.,GBIF,6400068516,inat:328720794,HUMAN_OBSERVATION,2025-11-29T13:22:28,2025,MY,2.888103,101.620903,446.0,Selangor,,PRESENT,CONTINENT_DERIVED_FROM_COORDINATES|COORDINATE_ROUNDED|TAXON_ID_NOT_FOUND,iNaturalist research-grade observations,50c9509d-22c7-4a22-a47d-8c48425ef4a7,http://creativecommons.org/licenses/by-nc/4.0/legalcode,https://www.gbif.org/occurrence/6400068516,True,False
7aaa2a6bbb8b4eb3f492175f,acacia_auriculiformis,Acacia auriculiformis,Acacia auriculiformis A.Cunn. ex Benth.,GBIF,6400428659,inat:349698292,HUMAN_OBSERVATION,2026-04-14T11:33:40,2026,MY,3.541361,103.388225,,Pahang,,PRESENT,CONTINENT_DERIVED_FROM_COORDINATES|COORDINATE_ROUNDED|TAXON_ID_NOT_FOUND,iNaturalist research-grade observations,50c9509d-22c7-4a22-a47d-8c48425ef4a7,http://creativecommons.org/licenses/by-nc/4.0/legalcode,https://www.gbif.org/occurrence/6400428659,True,False
eac8c090817114043a4e03b3,acacia_auriculiformis,Acacia auriculiformis,Acacia auriculiformis A.Cunn. ex Benth.,GBIF,6422546445,inat:349698335,HUMAN_OBSERVATION,2026-04-14T11:40:42,2026,MY,3.541313,103.388878,4.0,Pahang,,PRESENT,CONTINENT_DERIVED_FROM_COORDINATES|COORDINATE_ROUNDED|TAXON_ID_NOT_FOUND,iNaturalist research-grade observations,50c9509d-22c7-4a22-a47d-8c48425ef4a7,http://creativecommons.org/licenses/by-nc/4.0/legalcode,https://www.gbif.org/occurrence/6422546445,True,False
fca1dcdace4ea2583ce2521f,acacia_auriculiformis,Acacia auriculiformis,Acacia auriculiformis A.Cunn. ex Benth.,GBIF,6422622844,inat:349696243,HUMAN_OBSERVATION,2026-04-14T11:35:26,2026,MY,3.541338,103.388863,4.0,Pahang,,PRESENT,CONTINENT_DERIVED_FROM_COORDINATES|COORDINATE_ROUNDED|TAXON_ID_NOT_FOUND,iNaturalist research-grade observations,50c9509d-22c7-4a22-a47d-8c48425ef4a7,http://creativecommons.org/licenses/by-nc/4.0/legalcode,https://www.gbif.org/occurrence/6422622844,True,False
7490000ca2981fa5bf235b77,acacia_auriculiformis,Acacia auriculiformis,Acacia auriculiformis A.Cunn. ex Benth.,GBIF,6423124524,inat:349696672,HUMAN_OBSERVATION,2026-04-14T11:39,2026,MY,3.541331,103.388854,,Pahang,,PRESENT,CONTINENT_DERIVED_FROM_COORDINATES|COORDINATE_ROUNDED|TAXON_ID_NOT_FOUND,iNaturalist research-grade observations,50c9509d-22c7-4a22-a47d-8c48425ef4a7,http://creativecommons.org/licenses/by-nc/4.0/legalcode,https://www.gbif.org/occurrence/6423124524,True,False
b962fe6dba7b3df7bfc9f479,acacia_auriculiformis,Acacia auriculiformis,Acacia auriculiformis A.Cunn. ex Benth.,GBIF,6441091629,inat:338685816,HUMAN_OBSERVATION,2026-01-07T18:19:38,2026,MY,3.089336,101.662926,4.0,Kuala Lumpur,,PRESENT,CONTINENT_DERIVED_FROM_COORDINATES|COORDINATE_ROUNDED|TAXON_ID_NOT_FOUND,iNaturalist research-grade observations,50c9509d-22c7-4a22-a47d-8c48425ef4a7,http://creativecommons.org/licenses/by/4.0/legalcode,https://www.gbif.org/occurrence/6441091629,True,False
5c312b56b20c8506d108b4a5,acacia_auriculiformis,Acacia auriculiformis,Acacia auriculiformis A.Cunn. ex Benth.,GBIF,6452406650,inat:338375313,HUMAN_OBSERVATION,2026-02-13T08:00:20,2026,MY,3.039803,101.795513,3.0,Selangor,,PRESENT,CONTINENT_DERIVED_FROM_COORDINATES|COORDINATE_ROUNDED|TAXON_ID_NOT_FOUND,iNaturalist research-grade observations,50c9509d-22c7-4a22-a47d-8c48425ef4a7,http://creativecommons.org/licenses/by-nc/4.0/legalcode,https://www.gbif.org/occurrence/6452406650,True,False
392ba0022f0605639cafd810,acacia_auriculiformis,Acacia auriculiformis,Acacia auriculiformis A.Cunn. ex Benth.,GBIF,6469871674,inat:343285359,HUMAN_OBSERVATION,2026-02-20T18:05,2026,MY,2.417042,101.856845,30.0,Negeri Sembilan,,PRESENT,CONTINENT_DERIVED_FROM_COORDINATES|COORDINATE_ROUNDED|TAXON_ID_NOT_FOUND,iNaturalist research-grade observations,50c9509d-22c7-4a22-a47d-8c48425ef4a7,http://creativecommons.org/licenses/by-nc/4.0/legalcode,https://www.gbif.org/occurrence/6469871674,True,False
cee79736c76f9f7acc1717f9,acacia_auriculiformis,Acacia auriculiformis,Acacia auriculiformis A.Cunn. ex Benth.,GBIF,6470199080,inat:315157899,HUMAN_OBSERVATION,2025-09-20T11:33:09,2025,MY,3.345257,101.243701,428.0,Selangor,,PRESENT,CONTINENT_DERIVED_FROM_COORDINATES|COORDINATE_ROUNDED|TAXON_ID_NOT_FOUND,iNaturalist research-grade observations,50c9509d-22c7-4a22-a47d-8c48425ef4a7,http://creativecommons.org/licenses/by-nc/4.0/legalcode,https://www.gbif.org/occurrence/6470199080,True,False
862ff994e2ac35d03b6f2f77,acacia_auriculiformis,Acacia auriculiformis,Acacia auriculiformis A.Cunn. ex Benth.,GBIF,6470719945,inat:183598401,HUMAN_OBSERVATION,2023-09-17T09:05:52,2023,MY,2.913064,101.691179,4.0,Putrajaya,,PRESENT,CONTINENT_DERIVED_FROM_COORDINATES|COORDINATE_ROUNDED|TAXON_ID_NOT_FOUND,iNaturalist research-grade observations,50c9509d-22c7-4a22-a47d-8c48425ef4a7,http://creativecommons.org/licenses/by-nc/4.0/legalcode,https://www.gbif.org/occurrence/6470719945,True,False
3cfd9643b738da04be37df36,acacia_auriculiformis,Acacia auriculiformis,Acacia auriculiformis A.Cunn. ex Benth.,GBIF,6479125154,inat:318893731,HUMAN_OBSERVATION,2025-10-05T16:51,2025,MY,3.024483,101.711006,,Selangor,,PRESENT,CONTINENT_DERIVED_FROM_COORDINATES|COORDINATE_ROUNDED|TAXON_ID_NOT_FOUND,iNaturalist research-grade observations,50c9509d-22c7-4a22-a47d-8c48425ef4a7,http://creativecommons.org/licenses/by/4.0/legalcode,https://www.gbif.org/occurrence/6479125154,True,False
92a6f8b496ebf44f241291de,acacia_auriculiformis,Acacia auriculiformis,Acacia auriculiformis A.Cunn. ex Benth.,GBIF,6479204670,inat:141118401,HUMAN_OBSERVATION,2022-10-10T10:12:40,2022,MY,3.122733,101.493677,4.0,Selangor,,PRESENT,CONTINENT_DERIVED_FROM_COORDINATES|COORDINATE_ROUNDED|TAXON_ID_NOT_FOUND,iNaturalist research-grade observations,50c9509d-22c7-4a22-a47d-8c48425ef4a7,http://creativecommons.org/licenses/by-nc/4.0/legalcode,https://www.gbif.org/occurrence/6479204670,True,False
ce5b2974652902b2aee216b6,acacia_auriculiformis,Acacia auriculiformis,Acacia auriculiformis A.Cunn. ex Benth.,GBIF,6480130120,inat:323228310,HUMAN_OBSERVATION,2025-10-25T16:31,2025,MY,3.338858,101.236836,61.0,Selangor,,PRESENT,CONTINENT_DERIVED_FROM_COORDINATES|COORDINATE_ROUNDED|TAXON_ID_NOT_FOUND,iNaturalist research-grade observations,50c9509d-22c7-4a22-a47d-8c48425ef4a7,http://creativecommons.org/licenses/by-nc/4.0/legalcode,https://www.gbif.org/occurrence/6480130120,True,False
9bbf6c62437b7cd2f4473a8d,acacia_auriculiformis,Acacia auriculiformis,Acacia auriculiformis A.Cunn. ex Benth.,GBIF,6480375414,inat:249104509,HUMAN_OBSERVATION,2024-10-26T10:16:15,2024,MY,5.64021,100.476927,6.0,Kedah,,PRESENT,CONTINENT_DERIVED_FROM_COORDINATES|COORDINATE_ROUNDED|TAXON_ID_NOT_FOUND,iNaturalist research-grade observations,50c9509d-22c7-4a22-a47d-8c48425ef4a7,http://creativecommons.org/licenses/by-nc/4.0/legalcode,https://www.gbif.org/occurrence/6480375414,True,False
f713628faa9c89faf741a0cb,acacia_auriculiformis,Acacia auriculiformis,Acacia auriculiformis A.Cunn. ex Benth.,GBIF,6480766676,inat:319958221,HUMAN_OBSERVATION,2025-10-10T11:16:17,2025,MY,5.965128,116.013336,4.0,Sabah,,PRESENT,CONTINENT_DERIVED_FROM_COORDINATES|COORDINATE_ROUNDED|TAXON_ID_NOT_FOUND,iNaturalist research-grade observations,50c9509d-22c7-4a22-a47d-8c48425ef4a7,http://creativecommons.org/licenses/by-nc/4.0/legalcode,https://www.gbif.org/occurrence/6480766676,True,False
eab5fde529e35cb45a87a155,acacia_auriculiformis,Acacia auriculiformis,Acacia auriculiformis A.Cunn. ex Benth.,GBIF,6498230070,inat:328729768,HUMAN_OBSERVATION,2025-11-29T15:33:17,2025,MY,2.887234,101.618299,41.0,Selangor,,PRESENT,CONTINENT_DERIVED_FROM_COORDINATES|COORDINATE_ROUNDED|TAXON_ID_NOT_FOUND,iNaturalist research-grade observations,50c9509d-22c7-4a22-a47d-8c48425ef4a7,http://creativecommons.org/licenses/by-nc/4.0/legalcode,https://www.gbif.org/occurrence/6498230070,True,False
fc8f10eb73ac9bb768c2e685,acacia_auriculiformis,Acacia auriculiformis,Acacia auriculiformis A.Cunn. ex Benth.,GBIF,6499510717,inat:392826835,HUMAN_OBSERVATION,2026-08-20T09:15:58,2026,MY,4.782997,103.437317,4.0,Trengganu,,PRESENT,CONTINENT_DERIVED_FROM_COORDINATES|COORDINATE_ROUNDED|TAXON_ID_NOT_FOUND,iNaturalist research-grade observations,50c9509d-22c7-4a22-a47d-8c48425ef4a7,http://creativecommons.org/licenses/by-nc/4.0/legalcode,https://www.gbif.org/occurrence/6499510717,True,False
668db02484cc50340008714c,acacia_mangium,Acacia mangium,Acacia mangium Willd.,GBIF,1830521163,,PRESERVED_SPECIMEN,2003-05-28,2003,MY,5.530556,115.685833,,,at the mouth of Klias River,PRESENT,CONTINENT_DERIVED_FROM_COORDINATES|GEODETIC_DATUM_ASSUMED_WGS84|INSTITUTION_COLLECTION_MISMATCH|INSTITUTION_MATCH_FUZZY,,8682e420-f762-11e1-a439-00145eb45e9a,http://creativecommons.org/licenses/by/4.0/legalcode,https://www.gbif.org/occurrence/1830521163,True,False
8e31d7ef538e0aee7f847c02,acacia_mangium,Acacia mangium,Acacia mangium Willd.,GBIF,1913168135,inat:16345826,HUMAN_OBSERVATION,2018-09-09T12:07:05,2018,MY,2.807391,101.725129,6.0,Selangor,,PRESENT,CONTINENT_DERIVED_FROM_COORDINATES|COORDINATE_ROUNDED|TAXON_ID_NOT_FOUND,iNaturalist research-grade observations,50c9509d-22c7-4a22-a47d-8c48425ef4a7,http://creativecommons.org/licenses/by-nc/4.0/legalcode,https://www.gbif.org/occurrence/1913168135,True,False
f4ac3e61c5f5d6f2905df2a6,acacia_mangium,Acacia mangium,Acacia mangium Willd.,GBIF,2242845815,inat:24578031,HUMAN_OBSERVATION,2019-04-28T17:55,2019,MY,3.096649,101.742767,,Kuala Lumpur,,PRESENT,CONTINENT_DERIVED_FROM_COORDINATES|COORDINATE_ROUNDED|TAXON_ID_NOT_FOUND,iNaturalist research-grade observations,50c9509d-22c7-4a22-a47d-8c48425ef4a7,http://creativecommons.org/licenses/by-nc/4.0/legalcode,https://www.gbif.org/occurrence/2242845815,True,False
4209cbecd6f252b248090b2a,acacia_mangium,Acacia mangium,Acacia mangium Willd.,GBIF,2397469984,inat:24349276,HUMAN_OBSERVATION,2019-04-28T16:52,2019,MY,2.933383,101.705132,,Putrajaya,,PRESENT,CONTINENT_DERIVED_FROM_COORDINATES|COORDINATE_ROUNDED|TAXON_ID_NOT_FOUND,iNaturalist research-grade observations,50c9509d-22c7-4a22-a47d-8c48425ef4a7,http://creativecommons.org/licenses/by-nc/4.0/legalcode,https://www.gbif.org/occurrence/2397469984,True,False
844cb0cd851a62c122684ac6,acacia_mangium,Acacia mangium,Acacia mangium Willd.,GBIF,2422839836,inat:24580307,HUMAN_OBSERVATION,2019-04-29T18:38,2019,MY,3.097641,101.741737,,Kuala Lumpur,,PRESENT,CONTINENT_DERIVED_FROM_COORDINATES|COORDINATE_ROUNDED|TAXON_ID_NOT_FOUND,iNaturalist research-grade observations,50c9509d-22c7-4a22-a47d-8c48425ef4a7,http://creativecommons.org/licenses/by-nc/4.0/legalcode,https://www.gbif.org/occurrence/2422839836,True,False
2c4b357207de6c9cb782139c,acacia_mangium,Acacia mangium,Acacia mangium Willd.,GBIF,2429599859,inat:34403478,HUMAN_OBSERVATION,2019-10-14T16:28:55,2019,MY,2.601722,101.690225,24.0,Selangor,,PRESENT,CONTINENT_DERIVED_FROM_COORDINATES|COORDINATE_ROUNDED|TAXON_ID_NOT_FOUND,iNaturalist research-grade observations,50c9509d-22c7-4a22-a47d-8c48425ef4a7,http://creativecommons.org/licenses/by-nc/4.0/legalcode,https://www.gbif.org/occurrence/2429599859,True,False
ea366314b9f5573558bc579c,acacia_mangium,Acacia mangium,Acacia mangium Willd.,GBIF,2513207023,,PRESERVED_SPECIMEN,1984-03-01/1984-03-31,1984,MY,6.08333,116.55,,Borneo,Mt. Kinabalu,PRESENT,,,15f819bd-6612-4447-854b-14d12ee1022d,http://creativecommons.org/publicdomain/zero/1.0/legalcode,https://www.gbif.org/occurrence/2513207023,True,False
1042c9ac22d9738bd77300e9,acacia_mangium,Acacia mangium,Acacia mangium Willd.,GBIF,2514192063,,PRESERVED_SPECIMEN,1983-09-05,1983,MY,5.83333,117.93333,,Borneo,Sepilok Compound F.R.C. Sandakan,PRESENT,,,15f819bd-6612-4447-854b-14d12ee1022d,http://creativecommons.org/publicdomain/zero/1.0/legalcode,https://www.gbif.org/occurrence/2514192063,True,False
568e88881c433c3b78ecb777,acacia_mangium,Acacia mangium,Acacia mangium Willd.,GBIF,2611112394,inat:36789809,HUMAN_OBSERVATION,2019-12-20T09:46:54,2019,MY,1.44185,103.940226,263.0,Johor,,PRESENT,CONTINENT_DERIVED_FROM_COORDINATES|COORDINATE_ROUNDED|TAXON_ID_NOT_FOUND,iNaturalist research-grade observations,50c9509d-22c7-4a22-a47d-8c48425ef4a7,http://creativecommons.org/licenses/by-nc/4.0/legalcode,https://www.gbif.org/occurrence/2611112394,True,False
09d1c22bbb69302ab9a0b080,acacia_mangium,Acacia mangium,Acacia mangium Willd.,GBIF,2619906935,inat:44699063,HUMAN_OBSERVATION,2020-05-03T15:53:06,2020,MY,1.494137,103.776192,5.0,Johor,,PRESENT,CONTINENT_DERIVED_FROM_COORDINATES|COORDINATE_ROUNDED|TAXON_ID_NOT_FOUND,iNaturalist research-grade observations,50c9509d-22c7-4a22-a47d-8c48425ef4a7,http://creativecommons.org/licenses/by-nc/4.0/legalcode,https://www.gbif.org/occurrence/2619906935,True,False
8b6d6a6aef6a8874e9bffc3a,acacia_mangium,Acacia mangium,Acacia mangium Willd.,GBIF,2647890200,,HUMAN_OBSERVATION,2018-12-13T06:02:08.089Z,2018,MY,3.206851,113.086478,5.0,,,PRESENT,CONTINENT_DERIVED_FROM_COORDINATES|COORDINATE_ROUNDED|COUNTRY_DERIVED_FROM_COORDINATES,,14d5676a-2c54-4f94-9023-1e8dcd822aa0,http://creativecommons.org/licenses/by/4.0/legalcode,https://www.gbif.org/occurrence/2647890200,True,False
119c253ea6869d357301e697,acacia_mangium,Acacia mangium,Acacia mangium Willd.,GBIF,2868095320,inat:23950002,HUMAN_OBSERVATION,2019-04-28T23:38,2019,MY,3.037377,101.581036,4.0,Selangor,,PRESENT,CONTINENT_DERIVED_FROM_COORDINATES|COORDINATE_ROUNDED|TAXON_ID_NOT_FOUND,iNaturalist research-grade observations,50c9509d-22c7-4a22-a47d-8c48425ef4a7,http://creativecommons.org/licenses/by-nc/4.0/legalcode,https://www.gbif.org/occurrence/2868095320,True,False
fbfe6ea0a7dd9655016fda2e,acacia_mangium,Acacia mangium,Acacia mangium Willd.,GBIF,3302126581,inat:77574599,HUMAN_OBSERVATION,2021-04-30T08:37,2021,MY,1.480501,103.746132,208.0,Johor,,PRESENT,CONTINENT_DERIVED_FROM_COORDINATES|COORDINATE_ROUNDED|TAXON_ID_NOT_FOUND,iNaturalist research-grade observations,50c9509d-22c7-4a22-a47d-8c48425ef4a7,http://creativecommons.org/licenses/by-nc/4.0/legalcode,https://www.gbif.org/occurrence/3302126581,True,False
3756b187df5060e1c2f43f2c,acacia_mangium,Acacia mangium,Acacia mangium Willd.,GBIF,3391309084,inat:97992497,HUMAN_OBSERVATION,2021-10-12T17:48:13,2021,MY,3.169675,101.512947,6.0,Selangor,,PRESENT,CONTINENT_DERIVED_FROM_COORDINATES|COORDINATE_ROUNDED|TAXON_ID_NOT_FOUND,iNaturalist research-grade observations,50c9509d-22c7-4a22-a47d-8c48425ef4a7,http://creativecommons.org/licenses/by-nc/4.0/legalcode,https://www.gbif.org/occurrence/3391309084,True,False
1c655e909c3639b938faf4f9,acacia_mangium,Acacia mangium,Acacia mangium Willd.,GBIF,3456973517,inat:100435175,HUMAN_OBSERVATION,2021-11-05T09:33:53,2021,MY,3.373867,101.411613,6.0,Selangor,,PRESENT,CONTINENT_DERIVED_FROM_COORDINATES|COORDINATE_ROUNDED|TAXON_ID_NOT_FOUND,iNaturalist research-grade observations,50c9509d-22c7-4a22-a47d-8c48425ef4a7,http://creativecommons.org/licenses/by-nc/4.0/legalcode,https://www.gbif.org/occurrence/3456973517,True,False
ae20bc59ff3ca63b751246ab,acacia_mangium,Acacia mangium,Acacia mangium Willd.,GBIF,3772788171,inat:113661265,HUMAN_OBSERVATION,2022-04-30T10:57:42,2022,MY,2.923663,101.768412,5.0,Selangor,,PRESENT,CONTINENT_DERIVED_FROM_COORDINATES|COORDINATE_ROUNDED|TAXON_ID_NOT_FOUND,iNaturalist research-grade observations,50c9509d-22c7-4a22-a47d-8c48425ef4a7,http://creativecommons.org/licenses/by-nc/4.0/legalcode,https://www.gbif.org/occurrence/3772788171,True,False
1c00423a6dd456bc2abb80b2,acacia_mangium,Acacia mangium,Acacia mangium Willd.,GBIF,3773311671,inat:113753699,HUMAN_OBSERVATION,2022-04-30T19:00:46,2022,MY,1.554574,103.686341,,Johor,,PRESENT,CONTINENT_DERIVED_FROM_COORDINATES|COORDINATE_ROUNDED|TAXON_ID_NOT_FOUND,iNaturalist research-grade observations,50c9509d-22c7-4a22-a47d-8c48425ef4a7,http://creativecommons.org/licenses/by-nc/4.0/legalcode,https://www.gbif.org/occurrence/3773311671,True,False
f36f56a0e825151af05243b0,acacia_mangium,Acacia mangium,Acacia mangium Willd.,GBIF,3860212472,inat:122637920,HUMAN_OBSERVATION,2022-06-19T15:00:41,2022,MY,3.153278,101.7194,,Kuala Lumpur,,PRESENT,CONTINENT_DERIVED_FROM_COORDINATES|COORDINATE_ROUNDED|TAXON_ID_NOT_FOUND,iNaturalist research-grade observations,50c9509d-22c7-4a22-a47d-8c48425ef4a7,http://creativecommons.org/licenses/by/4.0/legalcode,https://www.gbif.org/occurrence/3860212472,True,False
0a2cefb2cac822fb3c03b899,acacia_mangium,Acacia mangium,Acacia mangium Willd.,GBIF,3873342212,inat:126754512,HUMAN_OBSERVATION,2022-07-16T14:02:16,2022,MY,3.175458,101.603725,,Selangor,,PRESENT,CONTINENT_DERIVED_FROM_COORDINATES|COORDINATE_ROUNDED|TAXON_ID_NOT_FOUND,iNaturalist research-grade observations,50c9509d-22c7-4a22-a47d-8c48425ef4a7,http://creativecommons.org/licenses/by/4.0/legalcode,https://www.gbif.org/occurrence/3873342212,True,False
964a36cae2025cc56ffc1a48,acacia_mangium,Acacia mangium,Acacia mangium Willd.,GBIF,3902870796,inat:132577034,HUMAN_OBSERVATION,2022-08-28T17:11,2022,MY,3.169292,101.764847,5.0,Selangor,,PRESENT,CONTINENT_DERIVED_FROM_COORDINATES|COORDINATE_ROUNDED|TAXON_ID_NOT_FOUND,iNaturalist research-grade observations,50c9509d-22c7-4a22-a47d-8c48425ef4a7,http://creativecommons.org/licenses/by/4.0/legalcode,https://www.gbif.org/occurrence/3902870796,True,False
6ce61dab487a133a8c13a268,acacia_mangium,Acacia mangium,Acacia mangium Willd.,GBIF,3915471304,inat:10946493,HUMAN_OBSERVATION,2018-04-09T14:50:58,2018,MY,5.968966,116.098312,,Sabah,,PRESENT,CONTINENT_DERIVED_FROM_COORDINATES|COORDINATE_ROUNDED|TAXON_ID_NOT_FOUND,iNaturalist research-grade observations,50c9509d-22c7-4a22-a47d-8c48425ef4a7,http://creativecommons.org/licenses/by-nc/4.0/legalcode,https://www.gbif.org/occurrence/3915471304,True,False
19e2890061abe2b344b658cd,acacia_mangium,Acacia mangium,Acacia mangium Willd.,GBIF,3923500189,inat:137132036,HUMAN_OBSERVATION,2022-10-01T16:17:10,2022,MY,3.167353,101.773631,,Selangor,,PRESENT,CONTINENT_DERIVED_FROM_COORDINATES|COORDINATE_ROUNDED|TAXON_ID_NOT_FOUND,iNaturalist research-grade observations,50c9509d-22c7-4a22-a47d-8c48425ef4a7,http://creativecommons.org/licenses/by/4.0/legalcode,https://www.gbif.org/occurrence/3923500189,True,False
ff4e031176d80a3373b40ab2,acacia_mangium,Acacia mangium,Acacia mangium Willd.,GBIF,3951603242,,HUMAN_OBSERVATION,2018-09-23T10:37:04.215Z,2018,MY,4.35745,100.957427,10.0,,,PRESENT,CONTINENT_DERIVED_FROM_COORDINATES|COORDINATE_ROUNDED|COUNTRY_DERIVED_FROM_COORDINATES,,14d5676a-2c54-4f94-9023-1e8dcd822aa0,http://creativecommons.org/licenses/by/4.0/legalcode,https://www.gbif.org/occurrence/3951603242,True,False
ffee33dcd18fd02bb171d46d,acacia_mangium,Acacia mangium,Acacia mangium Willd.,GBIF,3951672095,,HUMAN_OBSERVATION,2019-08-06T10:41:43.678Z,2019,MY,2.986989,101.71193,,,,PRESENT,CONTINENT_DERIVED_FROM_COORDINATES|COORDINATE_ROUNDED|COUNTRY_DERIVED_FROM_COORDINATES,,14d5676a-2c54-4f94-9023-1e8dcd822aa0,http://creativecommons.org/licenses/by/4.0/legalcode,https://www.gbif.org/occurrence/3951672095,True,False
3e87a1c6db47e483cd93676c,acacia_mangium,Acacia mangium,Acacia mangium Willd.,GBIF,3951761100,,HUMAN_OBSERVATION,2019-08-24T09:31:47.525Z,2019,MY,3.20712,113.091713,,,,PRESENT,CONTINENT_DERIVED_FROM_COORDINATES|COORDINATE_ROUNDED|COUNTRY_DERIVED_FROM_COORDINATES,,14d5676a-2c54-4f94-9023-1e8dcd822aa0,http://creativecommons.org/licenses/by/4.0/legalcode,https://www.gbif.org/occurrence/3951761100,True,False
9e4f53e816b5f18f77036cf9,acacia_mangium,Acacia mangium,Acacia mangium Willd.,GBIF,3951821178,,HUMAN_OBSERVATION,2017-05-21T02:12:39.011Z,2017,MY,3.84945,103.301453,,,,PRESENT,CONTINENT_DERIVED_FROM_COORDINATES|COORDINATE_ROUNDED|COUNTRY_DERIVED_FROM_COORDINATES,,14d5676a-2c54-4f94-9023-1e8dcd822aa0,http://creativecommons.org/licenses/by/4.0/legalcode,https://www.gbif.org/occurrence/3951821178,True,False
ee2ab66a7f2ac3d6ccd4bc1c,acacia_mangium,Acacia mangium,Acacia mangium Willd.,GBIF,3951826709,,HUMAN_OBSERVATION,2018-12-13T00:18:20.270Z,2018,MY,1.542833,103.683433,,,,PRESENT,CONTINENT_DERIVED_FROM_COORDINATES|COORDINATE_ROUNDED|COUNTRY_DERIVED_FROM_COORDINATES,,14d5676a-2c54-4f94-9023-1e8dcd822aa0,http://creativecommons.org/licenses/by/4.0/legalcode,https://www.gbif.org/occurrence/3951826709,True,False
3f3742a7ee7f8f080d2223d4,acacia_mangium,Acacia mangium,Acacia mangium Willd.,GBIF,3951835206,,HUMAN_OBSERVATION,2019-07-25T04:15:10.252Z,2019,MY,3.154253,101.750855,,,,PRESENT,CONTINENT_DERIVED_FROM_COORDINATES|COORDINATE_ROUNDED|COUNTRY_DERIVED_FROM_COORDINATES,,14d5676a-2c54-4f94-9023-1e8dcd822aa0,http://creativecommons.org/licenses/by/4.0/legalcode,https://www.gbif.org/occurrence/3951835206,True,False
58ed05960748e8318649ce5a,acacia_mangium,Acacia mangium,Acacia mangium Willd.,GBIF,3951853884,,HUMAN_OBSERVATION,2019-08-06T01:17:05.748Z,2019,MY,2.402524,102.382487,,,,PRESENT,CONTINENT_DERIVED_FROM_COORDINATES|COORDINATE_ROUNDED|COUNTRY_DERIVED_FROM_COORDINATES,,14d5676a-2c54-4f94-9023-1e8dcd822aa0,http://creativecommons.org/licenses/by/4.0/legalcode,https://www.gbif.org/occurrence/3951853884,True,False
de88d5b1bb0e878920a70868,acacia_mangium,Acacia mangium,Acacia mangium Willd.,GBIF,3951864503,,HUMAN_OBSERVATION,2018-12-13T00:19:23.790Z,2018,MY,1.542758,103.683388,,,,PRESENT,CONTINENT_DERIVED_FROM_COORDINATES|COORDINATE_ROUNDED|COUNTRY_DERIVED_FROM_COORDINATES,,14d5676a-2c54-4f94-9023-1e8dcd822aa0,http://creativecommons.org/licenses/by/4.0/legalcode,https://www.gbif.org/occurrence/3951864503,True,False
d7cc68095cd52ed10a9501ac,acacia_mangium,Acacia mangium,Acacia mangium Willd.,GBIF,3951986185,,HUMAN_OBSERVATION,2019-11-25T07:05:14.250Z,2019,MY,3.843679,103.300644,,,,PRESENT,CONTINENT_DERIVED_FROM_COORDINATES|COORDINATE_ROUNDED|COUNTRY_DERIVED_FROM_COORDINATES,,14d5676a-2c54-4f94-9023-1e8dcd822aa0,http://creativecommons.org/licenses/by/4.0/legalcode,https://www.gbif.org/occurrence/3951986185,True,False
9d3c9fc0e8da957e49bbfc8b,acacia_mangium,Acacia mangium,Acacia mangium Willd.,GBIF,3952043598,,HUMAN_OBSERVATION,2019-12-10T12:22:18.281Z,2019,MY,2.987426,101.733968,29.0,,,PRESENT,CONTINENT_DERIVED_FROM_COORDINATES|COORDINATE_ROUNDED|COUNTRY_DERIVED_FROM_COORDINATES,,14d5676a-2c54-4f94-9023-1e8dcd822aa0,http://creativecommons.org/licenses/by/4.0/legalcode,https://www.gbif.org/occurrence/3952043598,True,False
c48f68417e94362eae355954,acacia_mangium,Acacia mangium,Acacia mangium Willd.,GBIF,3952324383,,HUMAN_OBSERVATION,2021-11-22T09:02:50.232Z,2021,MY,5.405797,115.7581,13.0,,,PRESENT,CONTINENT_DERIVED_FROM_COORDINATES|COORDINATE_ROUNDED|COUNTRY_DERIVED_FROM_COORDINATES,,14d5676a-2c54-4f94-9023-1e8dcd822aa0,http://creativecommons.org/licenses/by/4.0/legalcode,https://www.gbif.org/occurrence/3952324383,True,False
3a047bc91a4ff6d1ca9095c9,acacia_mangium,Acacia mangium,Acacia mangium Willd.,GBIF,3952325763,,HUMAN_OBSERVATION,2019-12-09T01:36:37.123Z,2019,MY,2.987426,101.733968,29.0,,,PRESENT,CONTINENT_DERIVED_FROM_COORDINATES|COORDINATE_ROUNDED|COUNTRY_DERIVED_FROM_COORDINATES,,14d5676a-2c54-4f94-9023-1e8dcd822aa0,http://creativecommons.org/licenses/by/4.0/legalcode,https://www.gbif.org/occurrence/3952325763,True,False
2723c2b6fac62159556e0886,acacia_mangium,Acacia mangium,Acacia mangium Willd.,GBIF,3952370309,,HUMAN_OBSERVATION,2020-04-19T02:56:49.304Z,2020,MY,3.010452,101.581355,20.0,,,PRESENT,CONTINENT_DERIVED_FROM_COORDINATES|COORDINATE_ROUNDED|COUNTRY_DERIVED_FROM_COORDINATES,,14d5676a-2c54-4f94-9023-1e8dcd822aa0,http://creativecommons.org/licenses/by/4.0/legalcode,https://www.gbif.org/occurrence/3952370309,True,False
bed986dbe0d9ec9bc0b529ed,acacia_mangium,Acacia mangium,Acacia mangium Willd.,GBIF,3952813779,,HUMAN_OBSERVATION,2020-12-25T08:38:38.518Z,2020,MY,3.256095,102.201336,,,,PRESENT,CONTINENT_DERIVED_FROM_COORDINATES|COORDINATE_ROUNDED|COUNTRY_DERIVED_FROM_COORDINATES,,14d5676a-2c54-4f94-9023-1e8dcd822aa0,http://creativecommons.org/licenses/by/4.0/legalcode,https://www.gbif.org/occurrence/3952813779,True,False
4c785dc319bd9c86b167e0a5,acacia_mangium,Acacia mangium,Acacia mangium Willd.,GBIF,3952844407,,HUMAN_OBSERVATION,2022-03-16T08:12:05.757Z,2022,MY,2.252409,111.979052,,,,PRESENT,CONTINENT_DERIVED_FROM_COORDINATES|COORDINATE_ROUNDED|COUNTRY_DERIVED_FROM_COORDINATES,,14d5676a-2c54-4f94-9023-1e8dcd822aa0,http://creativecommons.org/licenses/by/4.0/legalcode,https://www.gbif.org/occurrence/3952844407,True,False
ef7b645d3792fe310d29ea6d,acacia_mangium,Acacia mangium,Acacia mangium Willd.,GBIF,3953225962,,HUMAN_OBSERVATION,2018-09-23T10:25:14.358Z,2018,MY,4.357287,100.957168,22.0,,,PRESENT,CONTINENT_DERIVED_FROM_COORDINATES|COORDINATE_ROUNDED|COUNTRY_DERIVED_FROM_COORDINATES,,14d5676a-2c54-4f94-9023-1e8dcd822aa0,http://creativecommons.org/licenses/by/4.0/legalcode,https://www.gbif.org/occurrence/3953225962,True,False
6fb016db9772cfc4fceece74,acacia_mangium,Acacia mangium,Acacia mangium Willd.,GBIF,3953233035,,HUMAN_OBSERVATION,2021-03-22T04:52:24.777Z,2021,MY,5.993288,102.408154,8.0,,,PRESENT,CONTINENT_DERIVED_FROM_COORDINATES|COORDINATE_ROUNDED|COUNTRY_DERIVED_FROM_COORDINATES,,14d5676a-2c54-4f94-9023-1e8dcd822aa0,http://creativecommons.org/licenses/by/4.0/legalcode,https://www.gbif.org/occurrence/3953233035,True,False
a1171f76b26738c4e8d7c11b,acacia_mangium,Acacia mangium,Acacia mangium Willd.,GBIF,3953678446,,HUMAN_OBSERVATION,2022-07-01T07:53:25.574Z,2022,MY,5.357234,100.301318,7.0,,,PRESENT,CONTINENT_DERIVED_FROM_COORDINATES|COORDINATE_ROUNDED|COUNTRY_DERIVED_FROM_COORDINATES,,14d5676a-2c54-4f94-9023-1e8dcd822aa0,http://creativecommons.org/licenses/by/4.0/legalcode,https://www.gbif.org/occurrence/3953678446,True,False
9dc370c789dfb3aa17b142f6,acacia_mangium,Acacia mangium,Acacia mangium Willd.,GBIF,3954003411,,HUMAN_OBSERVATION,2020-01-30T06:34:30.881Z,2020,MY,5.666035,117.004745,,,,PRESENT,CONTINENT_DERIVED_FROM_COORDINATES|COORDINATE_ROUNDED|COUNTRY_DERIVED_FROM_COORDINATES,,14d5676a-2c54-4f94-9023-1e8dcd822aa0,http://creativecommons.org/licenses/by/4.0/legalcode,https://www.gbif.org/occurrence/3954003411,True,False
4c36c0946d7729da92854154,acacia_mangium,Acacia mangium,Acacia mangium Willd.,GBIF,3954717993,,HUMAN_OBSERVATION,2021-09-14T04:20:28.955Z,2021,MY,1.846747,103.019104,19.0,,,PRESENT,CONTINENT_DERIVED_FROM_COORDINATES|COORDINATE_ROUNDED|COUNTRY_DERIVED_FROM_COORDINATES,,14d5676a-2c54-4f94-9023-1e8dcd822aa0,http://creativecommons.org/licenses/by/4.0/legalcode,https://www.gbif.org/occurrence/3954717993,True,False
3a1ea7ae9b67d2a30b6447bd,acacia_mangium,Acacia mangium,Acacia mangium Willd.,GBIF,3955990197,,HUMAN_OBSERVATION,2021-06-04T00:57:38.462Z,2021,MY,3.837813,103.188995,,,,PRESENT,CONTINENT_DERIVED_FROM_COORDINATES|COORDINATE_ROUNDED|COUNTRY_DERIVED_FROM_COORDINATES,,14d5676a-2c54-4f94-9023-1e8dcd822aa0,http://creativecommons.org/licenses/by/4.0/legalcode,https://www.gbif.org/occurrence/3955990197,True,False
e2047b406a30aa860d40a29a,acacia_mangium,Acacia mangium,Acacia mangium Willd.,GBIF,3956190232,,HUMAN_OBSERVATION,2022-05-15T09:39:17.468Z,2022,MY,5.920331,118.004133,,,,PRESENT,CONTINENT_DERIVED_FROM_COORDINATES|COORDINATE_ROUNDED|COUNTRY_DERIVED_FROM_COORDINATES,,14d5676a-2c54-4f94-9023-1e8dcd822aa0,http://creativecommons.org/licenses/by/4.0/legalcode,https://www.gbif.org/occurrence/3956190232,True,False
018917c4b19d8d4585e13408,acacia_mangium,Acacia mangium,Acacia mangium Willd.,GBIF,3956302207,,HUMAN_OBSERVATION,2022-03-25T06:47:20.168Z,2022,MY,2.724339,101.951444,7.0,,,PRESENT,CONTINENT_DERIVED_FROM_COORDINATES|COORDINATE_ROUNDED|COUNTRY_DERIVED_FROM_COORDINATES,,14d5676a-2c54-4f94-9023-1e8dcd822aa0,http://creativecommons.org/licenses/by/4.0/legalcode,https://www.gbif.org/occurrence/3956302207,True,False
d0f9a2dea468fc07f46d0e58,acacia_mangium,Acacia mangium,Acacia mangium Willd.,GBIF,3956351795,,HUMAN_OBSERVATION,2019-04-06T05:57:04.691Z,2019,MY,3.121763,101.484207,,,,PRESENT,CONTINENT_DERIVED_FROM_COORDINATES|COORDINATE_ROUNDED|COUNTRY_DERIVED_FROM_COORDINATES,,14d5676a-2c54-4f94-9023-1e8dcd822aa0,http://creativecommons.org/licenses/by/4.0/legalcode,https://www.gbif.org/occurrence/3956351795,True,False
9bc835a81a84601cb2f73269,acacia_mangium,Acacia mangium,Acacia mangium Willd.,GBIF,3956536541,,HUMAN_OBSERVATION,2022-07-30T00:53:32.755Z,2022,MY,3.568216,101.079204,7.0,,,PRESENT,CONTINENT_DERIVED_FROM_COORDINATES|COORDINATE_ROUNDED|COUNTRY_DERIVED_FROM_COORDINATES,,14d5676a-2c54-4f94-9023-1e8dcd822aa0,http://creativecommons.org/licenses/by/4.0/legalcode,https://www.gbif.org/occurrence/3956536541,True,False
da32eff6416a62ba7ca946d6,acacia_mangium,Acacia mangium,Acacia mangium Willd.,GBIF,3956565212,,HUMAN_OBSERVATION,2020-07-10T04:24:03.067Z,2020,MY,2.799036,101.665726,,,,PRESENT,CONTINENT_DERIVED_FROM_COORDINATES|COORDINATE_ROUNDED|COUNTRY_DERIVED_FROM_COORDINATES,,14d5676a-2c54-4f94-9023-1e8dcd822aa0,http://creativecommons.org/licenses/by/4.0/legalcode,https://www.gbif.org/occurrence/3956565212,True,False
c6dc9a8620e58dbb7811a827,acacia_mangium,Acacia mangium,Acacia mangium Willd.,GBIF,3956608023,,HUMAN_OBSERVATION,2019-08-06T01:17:36.578Z,2019,MY,2.402073,102.38642,,,,PRESENT,CONTINENT_DERIVED_FROM_COORDINATES|COORDINATE_ROUNDED|COUNTRY_DERIVED_FROM_COORDINATES,,14d5676a-2c54-4f94-9023-1e8dcd822aa0,http://creativecommons.org/licenses/by/4.0/legalcode,https://www.gbif.org/occurrence/3956608023,True,False
980078b06f704c3e321dbb0e,acacia_mangium,Acacia mangium,Acacia mangium Willd.,GBIF,3956781214,,HUMAN_OBSERVATION,2019-09-12T03:43:25.056Z,2019,MY,4.902396,100.734379,,,,PRESENT,CONTINENT_DERIVED_FROM_COORDINATES|COORDINATE_ROUNDED|COUNTRY_DERIVED_FROM_COORDINATES,,14d5676a-2c54-4f94-9023-1e8dcd822aa0,http://creativecommons.org/licenses/by/4.0/legalcode,https://www.gbif.org/occurrence/3956781214,True,False
be7109f594e40105dd4c48bb,acacia_mangium,Acacia mangium,Acacia mangium Willd.,GBIF,3957810311,,HUMAN_OBSERVATION,2019-08-29T00:04:41.719Z,2019,MY,4.603611,101.145,,,,PRESENT,CONTINENT_DERIVED_FROM_COORDINATES|COORDINATE_ROUNDED|COUNTRY_DERIVED_FROM_COORDINATES,,14d5676a-2c54-4f94-9023-1e8dcd822aa0,http://creativecommons.org/licenses/by/4.0/legalcode,https://www.gbif.org/occurrence/3957810311,True,False
fab3eb13572bd6aa5a5e2f04,acacia_mangium,Acacia mangium,Acacia mangium Willd.,GBIF,3958015809,,HUMAN_OBSERVATION,2020-07-30T04:34:44.615Z,2020,MY,3.530311,101.650978,,,,PRESENT,CONTINENT_DERIVED_FROM_COORDINATES|COORDINATE_ROUNDED|COUNTRY_DERIVED_FROM_COORDINATES,,14d5676a-2c54-4f94-9023-1e8dcd822aa0,http://creativecommons.org/licenses/by/4.0/legalcode,https://www.gbif.org/occurrence/3958015809,True,False
2e095324a1c5785b12477aea,acacia_mangium,Acacia mangium,Acacia mangium Willd.,GBIF,3958134921,,HUMAN_OBSERVATION,2021-08-09T06:32:59.789Z,2021,MY,1.625737,103.714236,5.0,,,PRESENT,CONTINENT_DERIVED_FROM_COORDINATES|COORDINATE_ROUNDED|COUNTRY_DERIVED_FROM_COORDINATES,,14d5676a-2c54-4f94-9023-1e8dcd822aa0,http://creativecommons.org/licenses/by/4.0/legalcode,https://www.gbif.org/occurrence/3958134921,True,False
9ea93110bc025fa74426e941,acacia_mangium,Acacia mangium,Acacia mangium Willd.,GBIF,3958177239,,HUMAN_OBSERVATION,2021-10-25T04:04:45.947Z,2021,MY,3.203006,101.448419,8.0,,,PRESENT,CONTINENT_DERIVED_FROM_COORDINATES|COORDINATE_ROUNDED|COUNTRY_DERIVED_FROM_COORDINATES,,14d5676a-2c54-4f94-9023-1e8dcd822aa0,http://creativecommons.org/licenses/by/4.0/legalcode,https://www.gbif.org/occurrence/3958177239,True,False
d770fc1d462d560400d7a328,acacia_mangium,Acacia mangium,Acacia mangium Willd.,GBIF,3958996409,,HUMAN_OBSERVATION,2022-03-27T01:39:56.876Z,2022,MY,5.745816,101.867831,,,,PRESENT,CONTINENT_DERIVED_FROM_COORDINATES|COORDINATE_ROUNDED|COUNTRY_DERIVED_FROM_COORDINATES,,14d5676a-2c54-4f94-9023-1e8dcd822aa0,http://creativecommons.org/licenses/by/4.0/legalcode,https://www.gbif.org/occurrence/3958996409,True,False
50e67802eb4cae3a342a75a2,acacia_mangium,Acacia mangium,Acacia mangium Willd.,GBIF,3959051234,,HUMAN_OBSERVATION,2021-01-23T10:01:55.537Z,2021,MY,5.428826,115.785843,11.0,,,PRESENT,CONTINENT_DERIVED_FROM_COORDINATES|COORDINATE_ROUNDED|COUNTRY_DERIVED_FROM_COORDINATES,,14d5676a-2c54-4f94-9023-1e8dcd822aa0,http://creativecommons.org/licenses/by/4.0/legalcode,https://www.gbif.org/occurrence/3959051234,True,False
bfd98fed2efdba4f8391788d,acacia_mangium,Acacia mangium,Acacia mangium Willd.,GBIF,3959059296,,HUMAN_OBSERVATION,2021-03-04T02:13:52.852Z,2021,MY,1.519148,103.866272,,,,PRESENT,CONTINENT_DERIVED_FROM_COORDINATES|COORDINATE_ROUNDED|COUNTRY_DERIVED_FROM_COORDINATES,,14d5676a-2c54-4f94-9023-1e8dcd822aa0,http://creativecommons.org/licenses/by/4.0/legalcode,https://www.gbif.org/occurrence/3959059296,True,False
890cc80f6a25e7c03536b5e9,acacia_mangium,Acacia mangium,Acacia mangium Willd.,GBIF,3959524198,,HUMAN_OBSERVATION,2021-05-07T00:55:43.469Z,2021,MY,2.961416,101.691182,29.0,,,PRESENT,CONTINENT_DERIVED_FROM_COORDINATES|COORDINATE_ROUNDED|COUNTRY_DERIVED_FROM_COORDINATES,,14d5676a-2c54-4f94-9023-1e8dcd822aa0,http://creativecommons.org/licenses/by/4.0/legalcode,https://www.gbif.org/occurrence/3959524198,True,False
dad5de868bc6bea703ac7de9,acacia_mangium,Acacia mangium,Acacia mangium Willd.,GBIF,3959731723,,HUMAN_OBSERVATION,2022-02-04T04:26:43.672Z,2022,MY,4.541418,101.035835,11.0,,,PRESENT,CONTINENT_DERIVED_FROM_COORDINATES|COORDINATE_ROUNDED|COUNTRY_DERIVED_FROM_COORDINATES,,14d5676a-2c54-4f94-9023-1e8dcd822aa0,http://creativecommons.org/licenses/by/4.0/legalcode,https://www.gbif.org/occurrence/3959731723,True,False
c5c98d24fa5840b3d37e3d9e,acacia_mangium,Acacia mangium,Acacia mangium Willd.,GBIF,3959870958,,HUMAN_OBSERVATION,2022-05-16T14:16:32.328Z,2022,MY,5.920331,118.004133,,,,PRESENT,CONTINENT_DERIVED_FROM_COORDINATES|COORDINATE_ROUNDED|COUNTRY_DERIVED_FROM_COORDINATES,,14d5676a-2c54-4f94-9023-1e8dcd822aa0,http://creativecommons.org/licenses/by/4.0/legalcode,https://www.gbif.org/occurrence/3959870958,True,False
52dbd2329a6291eafe32a3c8,acacia_mangium,Acacia mangium,Acacia mangium Willd.,GBIF,3960276445,,HUMAN_OBSERVATION,2021-10-05T09:33:31.219Z,2021,MY,1.465418,103.645574,110.0,,,PRESENT,CONTINENT_DERIVED_FROM_COORDINATES|COORDINATE_ROUNDED|COUNTRY_DERIVED_FROM_COORDINATES,,14d5676a-2c54-4f94-9023-1e8dcd822aa0,http://creativecommons.org/licenses/by/4.0/legalcode,https://www.gbif.org/occurrence/3960276445,True,False
5a7d9f47de8dd93972dd712e,acacia_mangium,Acacia mangium,Acacia mangium Willd.,GBIF,3969771561,,PRESERVED_SPECIMEN,1987-07-18,1987,MY,3.0833,101.5,,Selangor,"Selangor, Dist. of Petaling, Shah Alam",PRESENT,CONTINENT_DERIVED_FROM_COORDINATES|GEODETIC_DATUM_ASSUMED_WGS84|INSTITUTION_MATCH_FUZZY|TAXON_ID_NOT_FOUND,,defb9a47-c1a7-4fb2-9a0b-2da7c5260cad,http://creativecommons.org/publicdomain/zero/1.0/legalcode,https://www.gbif.org/occurrence/3969771561,True,False
6a80da0bf8f6f037bdb12c75,acacia_mangium,Acacia mangium,Acacia mangium Willd.,GBIF,3998391044,,HUMAN_OBSERVATION,2022-12-03T00:39:41.436Z,2022,MY,3.756841,102.56757,2.0,,,PRESENT,CONTINENT_DERIVED_FROM_COORDINATES|COORDINATE_ROUNDED|COUNTRY_DERIVED_FROM_COORDINATES,,14d5676a-2c54-4f94-9023-1e8dcd822aa0,http://creativecommons.org/licenses/by/4.0/legalcode,https://www.gbif.org/occurrence/3998391044,True,False
737e8f2c8c74c13cfc670cf2,acacia_mangium,Acacia mangium,Acacia mangium Willd.,GBIF,3998651787,,HUMAN_OBSERVATION,2022-08-20T01:23:32.489Z,2022,MY,3.024683,101.445775,5.0,,,PRESENT,CONTINENT_DERIVED_FROM_COORDINATES|COORDINATE_ROUNDED|COUNTRY_DERIVED_FROM_COORDINATES,,14d5676a-2c54-4f94-9023-1e8dcd822aa0,http://creativecommons.org/licenses/by/4.0/legalcode,https://www.gbif.org/occurrence/3998651787,True,False
bb99eb443ed1d1290df02905,acacia_mangium,Acacia mangium,Acacia mangium Willd.,GBIF,3998825000,,HUMAN_OBSERVATION,2022-12-03T00:42:09.143Z,2022,MY,3.751917,102.567274,,,,PRESENT,CONTINENT_DERIVED_FROM_COORDINATES|COORDINATE_ROUNDED|COUNTRY_DERIVED_FROM_COORDINATES,,14d5676a-2c54-4f94-9023-1e8dcd822aa0,http://creativecommons.org/licenses/by/4.0/legalcode,https://www.gbif.org/occurrence/3998825000,True,False
9f26906dfaf5efbcf0105843,acacia_mangium,Acacia mangium,Acacia mangium Willd.,GBIF,4029108563,inat:147753423,HUMAN_OBSERVATION,2023-01-31T17:19,2023,MY,4.347793,100.964911,4.0,Perak,,PRESENT,CONTINENT_DERIVED_FROM_COORDINATES|COORDINATE_ROUNDED|TAXON_ID_NOT_FOUND,iNaturalist research-grade observations,50c9509d-22c7-4a22-a47d-8c48425ef4a7,http://creativecommons.org/licenses/by-nc/4.0/legalcode,https://www.gbif.org/occurrence/4029108563,True,False
ef53fcdd1c9ddebf7b046370,acacia_mangium,Acacia mangium,Acacia mangium Willd.,GBIF,4091526831,inat:154641918,HUMAN_OBSERVATION,2023-04-13T08:49:10,2023,MY,3.173233,101.501294,,Selangor,,PRESENT,CONTINENT_DERIVED_FROM_COORDINATES|COORDINATE_ROUNDED|TAXON_ID_NOT_FOUND,iNaturalist research-grade observations,50c9509d-22c7-4a22-a47d-8c48425ef4a7,http://creativecommons.org/licenses/by-nc/4.0/legalcode,https://www.gbif.org/occurrence/4091526831,True,False
2d9849e5b3a64d3de0e607ea,acacia_mangium,Acacia mangium,Acacia mangium Willd.,GBIF,4091527843,inat:154651808,HUMAN_OBSERVATION,2023-04-13T08:51:06,2023,MY,3.173214,101.501147,,Selangor,,PRESENT,CONTINENT_DERIVED_FROM_COORDINATES|COORDINATE_ROUNDED|TAXON_ID_NOT_FOUND,iNaturalist research-grade observations,50c9509d-22c7-4a22-a47d-8c48425ef4a7,http://creativecommons.org/licenses/by-nc/4.0/legalcode,https://www.gbif.org/occurrence/4091527843,True,False
a759d3d38589262835cd3fd3,acacia_mangium,Acacia mangium,Acacia mangium Willd.,GBIF,4091688848,inat:154660154,HUMAN_OBSERVATION,2023-04-13T08:56:27,2023,MY,3.172961,101.500475,,Selangor,,PRESENT,CONTINENT_DERIVED_FROM_COORDINATES|COORDINATE_ROUNDED|TAXON_ID_NOT_FOUND,iNaturalist research-grade observations,50c9509d-22c7-4a22-a47d-8c48425ef4a7,http://creativecommons.org/licenses/by-nc/4.0/legalcode,https://www.gbif.org/occurrence/4091688848,True,False
097f7e5b15be4fc67528b884,acacia_mangium,Acacia mangium,Acacia mangium Willd.,GBIF,4096430196,inat:156017016,HUMAN_OBSERVATION,2009-03-27,2009,MY,3.71181,101.727404,4.0,Pahang,,PRESENT,CONTINENT_DERIVED_FROM_COORDINATES|COORDINATE_ROUNDED|TAXON_ID_NOT_FOUND,iNaturalist research-grade observations,50c9509d-22c7-4a22-a47d-8c48425ef4a7,http://creativecommons.org/licenses/by-nc/4.0/legalcode,https://www.gbif.org/occurrence/4096430196,True,False
e0872249f681575efc25c94f,acacia_mangium,Acacia mangium,Acacia mangium Willd.,GBIF,4102872355,inat:157473359,HUMAN_OBSERVATION,2023-04-29T13:57:25,2023,MY,3.173333,101.501597,,Selangor,,PRESENT,CONTINENT_DERIVED_FROM_COORDINATES|COORDINATE_ROUNDED|TAXON_ID_NOT_FOUND,iNaturalist research-grade observations,50c9509d-22c7-4a22-a47d-8c48425ef4a7,http://creativecommons.org/licenses/by-nc/4.0/legalcode,https://www.gbif.org/occurrence/4102872355,True,False
f951ddeaeb6622547ce78a0e,acacia_mangium,Acacia mangium,Acacia mangium Willd.,GBIF,4165679545,inat:174235955,HUMAN_OBSERVATION,2023-07-22T13:33:48,2023,MY,3.148303,101.509336,,Selangor,,PRESENT,CONTINENT_DERIVED_FROM_COORDINATES|COORDINATE_ROUNDED|TAXON_ID_NOT_FOUND,iNaturalist research-grade observations,50c9509d-22c7-4a22-a47d-8c48425ef4a7,http://creativecommons.org/licenses/by-nc/4.0/legalcode,https://www.gbif.org/occurrence/4165679545,True,False
30a7e3fe51aca9c1c847f15c,acacia_mangium,Acacia mangium,Acacia mangium Willd.,GBIF,4165770902,inat:174237379,HUMAN_OBSERVATION,2023-07-22T13:48:37,2023,MY,3.149097,101.509672,,Selangor,,PRESENT,CONTINENT_DERIVED_FROM_COORDINATES|COORDINATE_ROUNDED|TAXON_ID_NOT_FOUND,iNaturalist research-grade observations,50c9509d-22c7-4a22-a47d-8c48425ef4a7,http://creativecommons.org/licenses/by-nc/4.0/legalcode,https://www.gbif.org/occurrence/4165770902,True,False
80fb6cf182f781ce60b5a923,acacia_mangium,Acacia mangium,Acacia mangium Willd.,GBIF,4172109980,inat:176559545,HUMAN_OBSERVATION,2023-08-04T14:12:02,2023,MY,3.132244,101.657497,,Kuala Lumpur,,PRESENT,CONTINENT_DERIVED_FROM_COORDINATES|COORDINATE_ROUNDED|TAXON_ID_NOT_FOUND,iNaturalist research-grade observations,50c9509d-22c7-4a22-a47d-8c48425ef4a7,http://creativecommons.org/licenses/by-nc/4.0/legalcode,https://www.gbif.org/occurrence/4172109980,True,False
d81d0ba93d5cc1df6988f0c6,acacia_mangium,Acacia mangium,Acacia mangium Willd.,GBIF,4399984159,inat:178663098,HUMAN_OBSERVATION,2023-08-10T13:10:45,2023,MY,3.172698,101.499791,,Selangor,,PRESENT,CONTINENT_DERIVED_FROM_COORDINATES|TAXON_ID_NOT_FOUND,iNaturalist research-grade observations,50c9509d-22c7-4a22-a47d-8c48425ef4a7,http://creativecommons.org/licenses/by-nc/4.0/legalcode,https://www.gbif.org/occurrence/4399984159,True,False
568121d80888e63701a260d7,acacia_mangium,Acacia mangium,Acacia mangium Willd.,GBIF,4407276973,inat:181280810,HUMAN_OBSERVATION,2023-09-02T07:54:15,2023,MY,2.946671,101.722254,8.0,Selangor,,PRESENT,CONTINENT_DERIVED_FROM_COORDINATES|COORDINATE_ROUNDED|TAXON_ID_NOT_FOUND,iNaturalist research-grade observations,50c9509d-22c7-4a22-a47d-8c48425ef4a7,http://creativecommons.org/licenses/by-nc/4.0/legalcode,https://www.gbif.org/occurrence/4407276973,True,False
23046741e12762274a17cfd1,acacia_mangium,Acacia mangium,Acacia mangium Willd.,GBIF,4413738339,inat:182927587,HUMAN_OBSERVATION,2023-09-12T18:57:40,2023,MY,2.944138,101.727591,7.0,Selangor,,PRESENT,CONTINENT_DERIVED_FROM_COORDINATES|COORDINATE_ROUNDED|TAXON_ID_NOT_FOUND,iNaturalist research-grade observations,50c9509d-22c7-4a22-a47d-8c48425ef4a7,http://creativecommons.org/licenses/by-nc/4.0/legalcode,https://www.gbif.org/occurrence/4413738339,True,False
3bc2c4b6850ff0c83290f895,acacia_mangium,Acacia mangium,Acacia mangium Willd.,GBIF,4417084168,inat:184725712,HUMAN_OBSERVATION,2023-09-24T06:54:03,2023,MY,1.873578,103.923996,,Johor,,PRESENT,CONTINENT_DERIVED_FROM_COORDINATES|COORDINATE_ROUNDED|TAXON_ID_NOT_FOUND,iNaturalist research-grade observations,50c9509d-22c7-4a22-a47d-8c48425ef4a7,http://creativecommons.org/licenses/by-nc/4.0/legalcode,https://www.gbif.org/occurrence/4417084168,True,False
94ddcebe9d6ad8358a3b6c2b,acacia_mangium,Acacia mangium,Acacia mangium Willd.,GBIF,4440768477,inat:190549320,HUMAN_OBSERVATION,2023-10-27T11:07:05,2023,MY,2.958569,101.665834,112.0,Selangor,,PRESENT,CONTINENT_DERIVED_FROM_COORDINATES|COORDINATE_ROUNDED|TAXON_ID_NOT_FOUND,iNaturalist research-grade observations,50c9509d-22c7-4a22-a47d-8c48425ef4a7,http://creativecommons.org/licenses/by-nc/4.0/legalcode,https://www.gbif.org/occurrence/4440768477,True,False
27168d7c01df8f009611dd3d,acacia_mangium,Acacia mangium,Acacia mangium Willd.,GBIF,4465514940,inat:193690865,HUMAN_OBSERVATION,2023-12-11T09:24:37,2023,MY,2.943069,101.719719,,Selangor,,PRESENT,CONTINENT_DERIVED_FROM_COORDINATES|COORDINATE_ROUNDED|TAXON_ID_NOT_FOUND,iNaturalist research-grade observations,50c9509d-22c7-4a22-a47d-8c48425ef4a7,http://creativecommons.org/licenses/by-nc/4.0/legalcode,https://www.gbif.org/occurrence/4465514940,True,False
ce280af9a5eb83d0d382638e,acacia_mangium,Acacia mangium,Acacia mangium Willd.,GBIF,4502106341,,PRESERVED_SPECIMEN,1987-07-18,1987,MY,3.083333,101.5,,,"Selangor, Dist. of Petaling, Shah Alam.",PRESENT,COLLECTION_MATCH_FUZZY|GEODETIC_DATUM_ASSUMED_WGS84|IDENTIFIED_DATE_INVALID|INSTITUTION_MATCH_FUZZY|TAXON_ID_NOT_FOUND,,9781ce05-2379-4a10-ab3b-c91346510df8,http://creativecommons.org/licenses/by-nc/4.0/legalcode,https://www.gbif.org/occurrence/4502106341,True,False
09a4095d8e709d2edd9de0e4,acacia_mangium,Acacia mangium,Acacia mangium Willd.,GBIF,4516451513,inat:197122765,HUMAN_OBSERVATION,2024-01-20T15:31:38,2024,MY,4.356389,100.957917,4.0,Perak,,PRESENT,CONTINENT_DERIVED_FROM_COORDINATES|COORDINATE_ROUNDED|TAXON_ID_NOT_FOUND,iNaturalist research-grade observations,50c9509d-22c7-4a22-a47d-8c48425ef4a7,http://creativecommons.org/licenses/by-nc/4.0/legalcode,https://www.gbif.org/occurrence/4516451513,True,False
bef0354e7768abe2d445a198,acacia_mangium,Acacia mangium,Acacia mangium Willd.,GBIF,4519054166,inat:198043454,HUMAN_OBSERVATION,2023-09-22T10:31,2023,MY,3.24634,101.680505,211.0,Selangor,,PRESENT,CONTINENT_DERIVED_FROM_COORDINATES|COORDINATE_ROUNDED|TAXON_ID_NOT_FOUND,iNaturalist research-grade observations,50c9509d-22c7-4a22-a47d-8c48425ef4a7,http://creativecommons.org/licenses/by-nc/4.0/legalcode,https://www.gbif.org/occurrence/4519054166,True,False
282c1cfbe47e7cebd6f64e39,acacia_mangium,Acacia mangium,Acacia mangium Willd.,GBIF,4891661798,inat:221721148,HUMAN_OBSERVATION,2024-06-09T09:56,2024,MY,4.068139,101.799912,4.0,Pahang,,PRESENT,CONTINENT_DERIVED_FROM_COORDINATES|COORDINATE_ROUNDED|TAXON_ID_NOT_FOUND,iNaturalist research-grade observations,50c9509d-22c7-4a22-a47d-8c48425ef4a7,http://creativecommons.org/licenses/by-nc/4.0/legalcode,https://www.gbif.org/occurrence/4891661798,True,False
133a1cb8bded346b041d11d5,acacia_mangium,Acacia mangium,Acacia mangium Willd.,GBIF,4978303492,inat:176945383,HUMAN_OBSERVATION,2023-07-29T07:58,2023,MY,5.848019,118.061063,241.0,Sabah,,PRESENT,CONTINENT_DERIVED_FROM_COORDINATES|COORDINATE_ROUNDED|TAXON_ID_NOT_FOUND,iNaturalist research-grade observations,50c9509d-22c7-4a22-a47d-8c48425ef4a7,http://creativecommons.org/licenses/by-nc/4.0/legalcode,https://www.gbif.org/occurrence/4978303492,True,False
939833b53d330e2302e12749,acacia_mangium,Acacia mangium,Acacia mangium Willd.,GBIF,5007023986,inat:248146024,HUMAN_OBSERVATION,2024-07-09T03:11,2024,MY,4.381045,102.404951,88.0,Pahang,,PRESENT,CONTINENT_DERIVED_FROM_COORDINATES|COORDINATE_ROUNDED|TAXON_ID_NOT_FOUND,iNaturalist research-grade observations,50c9509d-22c7-4a22-a47d-8c48425ef4a7,http://creativecommons.org/licenses/by-nc/4.0/legalcode,https://www.gbif.org/occurrence/5007023986,True,False
6d4f9cf6a187044b6c286a2c,acacia_mangium,Acacia mangium,Acacia mangium Willd.,GBIF,5103639991,,PRESERVED_SPECIMEN,1987-07-18,1987,MY,3.083333,101.5,,Selangor,"Shah Alam, Petaling District",PRESENT,CONTINENT_DERIVED_FROM_COORDINATES|COORDINATE_ROUNDED|INSTITUTION_COLLECTION_MISMATCH|INSTITUTION_MATCH_FUZZY,,1a9d08bb-9e2c-4540-8f7f-3205846b6ddc,http://creativecommons.org/publicdomain/zero/1.0/legalcode,https://www.gbif.org/occurrence/5103639991,True,False
d0b1543260e1a1fce143bfa2,acacia_mangium,Acacia mangium,Acacia mangium Willd.,GBIF,5154743571,inat:276535642,HUMAN_OBSERVATION,2004-10-02T12:32,2004,MY,5.836517,116.013771,56.0,Sabah,,PRESENT,CONTINENT_DERIVED_FROM_COORDINATES|COORDINATE_ROUNDED|TAXON_ID_NOT_FOUND,iNaturalist research-grade observations,50c9509d-22c7-4a22-a47d-8c48425ef4a7,http://creativecommons.org/publicdomain/zero/1.0/legalcode,https://www.gbif.org/occurrence/5154743571,True,False
794a6cda0f37107255fd2cc2,acacia_mangium,Acacia mangium,Acacia mangium Willd.,GBIF,5761030387,inat:275482628,HUMAN_OBSERVATION,2025-04-28T16:16,2025,MY,2.712008,101.891025,,Negeri Sembilan,,PRESENT,CONTINENT_DERIVED_FROM_COORDINATES|COORDINATE_ROUNDED|TAXON_ID_NOT_FOUND,iNaturalist research-grade observations,50c9509d-22c7-4a22-a47d-8c48425ef4a7,http://creativecommons.org/licenses/by/4.0/legalcode,https://www.gbif.org/occurrence/5761030387,True,False
3ba6d022a6d8004f43fae052,acacia_mangium,Acacia mangium,Acacia mangium Willd.,GBIF,5761043854,inat:275315549,HUMAN_OBSERVATION,2025-04-28T11:09,2025,MY,2.696597,101.915267,,Negeri Sembilan,,PRESENT,CONTINENT_DERIVED_FROM_COORDINATES|COORDINATE_ROUNDED|TAXON_ID_NOT_FOUND,iNaturalist research-grade observations,50c9509d-22c7-4a22-a47d-8c48425ef4a7,http://creativecommons.org/licenses/by/4.0/legalcode,https://www.gbif.org/occurrence/5761043854,True,False
b82ca49558a83f9c00856357,acacia_mangium,Acacia mangium,Acacia mangium Willd.,GBIF,5830649716,inat:315669638,HUMAN_OBSERVATION,2025-09-21T11:45:21,2025,MY,5.96515,116.013344,10.0,Sabah,,PRESENT,CONTINENT_DERIVED_FROM_COORDINATES|COORDINATE_ROUNDED|TAXON_ID_NOT_FOUND,iNaturalist research-grade observations,50c9509d-22c7-4a22-a47d-8c48425ef4a7,http://creativecommons.org/licenses/by-nc/4.0/legalcode,https://www.gbif.org/occurrence/5830649716,True,False
dbff48fdf5847134d034f9b1,acacia_mangium,Acacia mangium,Acacia mangium Willd.,GBIF,5834009303,,HUMAN_OBSERVATION,2022-07-25/2022-08-10,2022,MY,4.539048,101.15437,,,,PRESENT,CONTINENT_DERIVED_FROM_COORDINATES|COORDINATE_ROUNDED,,0a0ec4dc-41aa-4a40-b08d-153dd02078eb,http://creativecommons.org/licenses/by-nc/4.0/legalcode,https://www.gbif.org/occurrence/5834009303,True,False
e6a92f2b3511e806cdcaafea,acacia_mangium,Acacia mangium,Acacia mangium Willd.,GBIF,5936283388,inat:331781906,HUMAN_OBSERVATION,2025-12-23T16:28,2025,MY,2.722003,101.886853,,Negeri Sembilan,,PRESENT,CONTINENT_DERIVED_FROM_COORDINATES|COORDINATE_ROUNDED|TAXON_ID_NOT_FOUND,iNaturalist research-grade observations,50c9509d-22c7-4a22-a47d-8c48425ef4a7,http://creativecommons.org/licenses/by/4.0/legalcode,https://www.gbif.org/occurrence/5936283388,True,False
0f4359f92a2a4f442dde367c,acacia_mangium,Acacia mangium,Acacia mangium Willd.,GBIF,6185919366,inat:343285362,HUMAN_OBSERVATION,2026-02-20T17:52,2026,MY,2.417143,101.856688,30.0,Negeri Sembilan,,PRESENT,CONTINENT_DERIVED_FROM_COORDINATES|COORDINATE_ROUNDED|TAXON_ID_NOT_FOUND,iNaturalist research-grade observations,50c9509d-22c7-4a22-a47d-8c48425ef4a7,http://creativecommons.org/licenses/by-nc/4.0/legalcode,https://www.gbif.org/occurrence/6185919366,True,False
7b1f3cca63499d5dc1656d6a,acacia_mangium,Acacia mangium,Acacia mangium Willd.,GBIF,6187895188,inat:325111620,HUMAN_OBSERVATION,2025-11-05T13:09:59,2025,MY,5.947088,116.110925,61.0,Sabah,,PRESENT,CONTINENT_DERIVED_FROM_COORDINATES|COORDINATE_ROUNDED|TAXON_ID_NOT_FOUND,iNaturalist research-grade observations,50c9509d-22c7-4a22-a47d-8c48425ef4a7,http://creativecommons.org/licenses/by-nc/4.0/legalcode,https://www.gbif.org/occurrence/6187895188,True,False
38b24b554499cc1beda72d66,acacia_mangium,Acacia mangium,Acacia mangium Willd.,GBIF,6187965699,inat:165238827,HUMAN_OBSERVATION,2023-06-03T10:11:53,2023,MY,5.356026,100.297958,11.0,Pulau Pinang,,PRESENT,CONTINENT_DERIVED_FROM_COORDINATES|COORDINATE_ROUNDED|TAXON_ID_NOT_FOUND,iNaturalist research-grade observations,50c9509d-22c7-4a22-a47d-8c48425ef4a7,http://creativecommons.org/licenses/by-nc/4.0/legalcode,https://www.gbif.org/occurrence/6187965699,True,False
9299cd2dbffd6f8c0808701f,acacia_mangium,Acacia mangium,Acacia mangium Willd.,GBIF,6188321349,inat:114207841,HUMAN_OBSERVATION,2022-05-01T17:16:11,2022,MY,1.463696,103.645532,,Johor,,PRESENT,CONTINENT_DERIVED_FROM_COORDINATES|TAXON_ID_NOT_FOUND,iNaturalist research-grade observations,50c9509d-22c7-4a22-a47d-8c48425ef4a7,http://creativecommons.org/licenses/by-nc/4.0/legalcode,https://www.gbif.org/occurrence/6188321349,True,False
070bd46deb8df863ca421197,acacia_mangium,Acacia mangium,Acacia mangium Willd.,GBIF,6188416360,inat:200576269,HUMAN_OBSERVATION,2024-02-25T16:16:13,2024,MY,5.586847,101.475588,8.0,Perak,,PRESENT,CONTINENT_DERIVED_FROM_COORDINATES|COORDINATE_ROUNDED|TAXON_ID_NOT_FOUND,iNaturalist research-grade observations,50c9509d-22c7-4a22-a47d-8c48425ef4a7,http://creativecommons.org/licenses/by-nc/4.0/legalcode,https://www.gbif.org/occurrence/6188416360,True,False
b175f9cb37f7625221250909,acacia_mangium,Acacia mangium,Acacia mangium Willd.,GBIF,6188423484,inat:157939787,HUMAN_OBSERVATION,2023-04-30T12:09,2023,MY,1.556377,103.635085,3.0,Johor,,PRESENT,CONTINENT_DERIVED_FROM_COORDINATES|COORDINATE_ROUNDED|TAXON_ID_NOT_FOUND,iNaturalist research-grade observations,50c9509d-22c7-4a22-a47d-8c48425ef4a7,http://creativecommons.org/licenses/by-nc/4.0/legalcode,https://www.gbif.org/occurrence/6188423484,True,False
7e758d8de9f6b47c55f0463b,acacia_mangium,Acacia mangium,Acacia mangium Willd.,GBIF,6235452688,inat:354251624,HUMAN_OBSERVATION,2026-04-26T17:30:09,2026,MY,3.265171,102.455435,221.0,Pahang,,PRESENT,CONTINENT_DERIVED_FROM_COORDINATES|COORDINATE_ROUNDED|TAXON_ID_NOT_FOUND,iNaturalist research-grade observations,50c9509d-22c7-4a22-a47d-8c48425ef4a7,http://creativecommons.org/licenses/by-nc/4.0/legalcode,https://www.gbif.org/occurrence/6235452688,True,False
e1c7b1cbd46b287eaa12faf3,acacia_mangium,Acacia mangium,Acacia mangium Willd.,GBIF,6236266566,inat:343732482,HUMAN_OBSERVATION,2026-01-17T07:50,2026,MY,5.430719,100.29324,4.0,Pulau Pinang,,PRESENT,CONTINENT_DERIVED_FROM_COORDINATES|COORDINATE_ROUNDED|TAXON_ID_NOT_FOUND,iNaturalist research-grade observations,50c9509d-22c7-4a22-a47d-8c48425ef4a7,http://creativecommons.org/licenses/by-nc/4.0/legalcode,https://www.gbif.org/occurrence/6236266566,True,False
f6dc44145c4fa700d1f05b0e,acacia_mangium,Acacia mangium,Acacia mangium Willd.,GBIF,6251570022,inat:19683868,HUMAN_OBSERVATION,2019-01-17T00:20:49,2019,MY,3.045884,101.658078,30.0,Kuala Lumpur,,PRESENT,CONTINENT_DERIVED_FROM_COORDINATES|COORDINATE_ROUNDED|TAXON_ID_NOT_FOUND,iNaturalist research-grade observations,50c9509d-22c7-4a22-a47d-8c48425ef4a7,http://creativecommons.org/licenses/by-nc/4.0/legalcode,https://www.gbif.org/occurrence/6251570022,True,False
44a5cac2ee823ec2d7427474,acacia_mangium,Acacia mangium,Acacia mangium Willd.,GBIF,6251900458,inat:258909436,HUMAN_OBSERVATION,2025-01-19T08:31:46,2025,MY,3.225225,101.764789,,Selangor,,PRESENT,CONTINENT_DERIVED_FROM_COORDINATES|COORDINATE_ROUNDED|TAXON_ID_NOT_FOUND,iNaturalist research-grade observations,50c9509d-22c7-4a22-a47d-8c48425ef4a7,http://creativecommons.org/licenses/by-nc/4.0/legalcode,https://www.gbif.org/occurrence/6251900458,True,False
aa606d2e98ecb7133255fdf0,acacia_mangium,Acacia mangium,Acacia mangium Willd.,GBIF,6251991681,inat:173382649,HUMAN_OBSERVATION,2021-05-31T08:15,2021,MY,1.52102,110.388072,1000.0,Sarawak,,PRESENT,CONTINENT_DERIVED_FROM_COORDINATES|COORDINATE_ROUNDED|TAXON_ID_NOT_FOUND,iNaturalist research-grade observations,50c9509d-22c7-4a22-a47d-8c48425ef4a7,http://creativecommons.org/licenses/by-nc/4.0/legalcode,https://www.gbif.org/occurrence/6251991681,True,False
e3d8bd0e8d3b75d7ff304034,acacia_mangium,Acacia mangium,Acacia mangium Willd.,GBIF,6252474870,inat:331286269,HUMAN_OBSERVATION,2025-12-19T14:37:26,2025,MY,3.131705,101.476131,,Selangor,,PRESENT,CONTINENT_DERIVED_FROM_COORDINATES|COORDINATE_ROUNDED|TAXON_ID_NOT_FOUND,iNaturalist research-grade observations,50c9509d-22c7-4a22-a47d-8c48425ef4a7,http://creativecommons.org/licenses/by-nc/4.0/legalcode,https://www.gbif.org/occurrence/6252474870,True,False
88ccb50219e203fa38fd1f2f,acacia_mangium,Acacia mangium,Acacia mangium Willd.,GBIF,6252597485,inat:357360294,HUMAN_OBSERVATION,2026-05-02T07:51:41,2026,MY,3.26473,102.607307,,Pahang,,PRESENT,CONTINENT_DERIVED_FROM_COORDINATES|TAXON_ID_NOT_FOUND,iNaturalist research-grade observations,50c9509d-22c7-4a22-a47d-8c48425ef4a7,http://creativecommons.org/licenses/by-nc/4.0/legalcode,https://www.gbif.org/occurrence/6252597485,True,False
511fe0fd42798a3e71f9dc8c,acacia_mangium,Acacia mangium,Acacia mangium Willd.,GBIF,6252650372,inat:357833318,HUMAN_OBSERVATION,2026-05-03T16:55:39,2026,MY,3.837897,103.295865,1.0,Pahang,,PRESENT,CONTINENT_DERIVED_FROM_COORDINATES|COORDINATE_ROUNDED|TAXON_ID_NOT_FOUND,iNaturalist research-grade observations,50c9509d-22c7-4a22-a47d-8c48425ef4a7,http://creativecommons.org/licenses/by-nc/4.0/legalcode,https://www.gbif.org/occurrence/6252650372,True,False
0e0eb2d44bcceeaa75b70ccd,acacia_mangium,Acacia mangium,Acacia mangium Willd.,GBIF,6252714676,inat:258798577,HUMAN_OBSERVATION,2025-01-17T22:03:52,2025,MY,1.59084,110.221739,,Sarawak,,PRESENT,CONTINENT_DERIVED_FROM_COORDINATES|COORDINATE_ROUNDED|TAXON_ID_NOT_FOUND,iNaturalist research-grade observations,50c9509d-22c7-4a22-a47d-8c48425ef4a7,http://creativecommons.org/licenses/by-nc/4.0/legalcode,https://www.gbif.org/occurrence/6252714676,True,False
68e4fc232e7ab3cc9692ae8c,acacia_mangium,Acacia mangium,Acacia mangium Willd.,GBIF,6252836898,inat:356875777,HUMAN_OBSERVATION,2026-04-26T16:21:21,2026,MY,3.097421,101.661865,23.0,Kuala Lumpur,,PRESENT,CONTINENT_DERIVED_FROM_COORDINATES|COORDINATE_ROUNDED|TAXON_ID_NOT_FOUND,iNaturalist research-grade observations,50c9509d-22c7-4a22-a47d-8c48425ef4a7,http://creativecommons.org/licenses/by-nc/4.0/legalcode,https://www.gbif.org/occurrence/6252836898,True,False
a1c0adce4bae7509806cddd8,acacia_mangium,Acacia mangium,Acacia mangium Willd.,GBIF,6273170450,inat:165097216,HUMAN_OBSERVATION,2023-06-02T13:56:06,2023,MY,3.175461,101.528,,Selangor,,PRESENT,CONTINENT_DERIVED_FROM_COORDINATES|COORDINATE_ROUNDED|TAXON_ID_NOT_FOUND,iNaturalist research-grade observations,50c9509d-22c7-4a22-a47d-8c48425ef4a7,http://creativecommons.org/licenses/by-nc/4.0/legalcode,https://www.gbif.org/occurrence/6273170450,True,False
50613ff4ad145b338d56886e,acacia_mangium,Acacia mangium,Acacia mangium Willd.,GBIF,6273284837,inat:328718737,HUMAN_OBSERVATION,2025-11-29T12:55:35,2025,MY,2.883668,101.621291,3.0,Selangor,,PRESENT,CONTINENT_DERIVED_FROM_COORDINATES|COORDINATE_ROUNDED|TAXON_ID_NOT_FOUND,iNaturalist research-grade observations,50c9509d-22c7-4a22-a47d-8c48425ef4a7,http://creativecommons.org/licenses/by-nc/4.0/legalcode,https://www.gbif.org/occurrence/6273284837,True,False
b3899334a4bab9fcc9a06e32,acacia_mangium,Acacia mangium,Acacia mangium Willd.,GBIF,6273451319,inat:328721290,HUMAN_OBSERVATION,2025-11-29T13:28:42,2025,MY,2.887969,101.620725,316.0,Selangor,,PRESENT,CONTINENT_DERIVED_FROM_COORDINATES|COORDINATE_ROUNDED|TAXON_ID_NOT_FOUND,iNaturalist research-grade observations,50c9509d-22c7-4a22-a47d-8c48425ef4a7,http://creativecommons.org/licenses/by-nc/4.0/legalcode,https://www.gbif.org/occurrence/6273451319,True,False
c6229df3b4e6958cb516ab16,acacia_mangium,Acacia mangium,Acacia mangium Willd.,GBIF,6273469887,inat:328718548,HUMAN_OBSERVATION,2025-11-29T12:53:17,2025,MY,2.883565,101.62079,3.0,Selangor,,PRESENT,CONTINENT_DERIVED_FROM_COORDINATES|COORDINATE_ROUNDED|TAXON_ID_NOT_FOUND,iNaturalist research-grade observations,50c9509d-22c7-4a22-a47d-8c48425ef4a7,http://creativecommons.org/licenses/by-nc/4.0/legalcode,https://www.gbif.org/occurrence/6273469887,True,False
7138a61234a9e38f41ef4a0a,acacia_mangium,Acacia mangium,Acacia mangium Willd.,GBIF,6273491880,inat:262483381,HUMAN_OBSERVATION,2025-02-10T10:40,2025,MY,5.945672,116.062897,,Sabah,,PRESENT,CONTINENT_DERIVED_FROM_COORDINATES|COORDINATE_ROUNDED|TAXON_ID_NOT_FOUND,iNaturalist research-grade observations,50c9509d-22c7-4a22-a47d-8c48425ef4a7,http://creativecommons.org/licenses/by-nc/4.0/legalcode,https://www.gbif.org/occurrence/6273491880,True,False
2d03f932d8a7fe2acc6cbf0c,acacia_mangium,Acacia mangium,Acacia mangium Willd.,GBIF,6273604737,inat:336662024,HUMAN_OBSERVATION,2026-01-30T14:31:36,2026,MY,3.09629,103.086055,4.0,Pahang,,PRESENT,CONTINENT_DERIVED_FROM_COORDINATES|TAXON_ID_NOT_FOUND,iNaturalist research-grade observations,50c9509d-22c7-4a22-a47d-8c48425ef4a7,http://creativecommons.org/licenses/by-nc/4.0/legalcode,https://www.gbif.org/occurrence/6273604737,True,False
0c3cf650828bed3aa353dbe9,acacia_mangium,Acacia mangium,Acacia mangium Willd.,GBIF,6273655062,inat:68444067,HUMAN_OBSERVATION,2021-01-22T17:54:45,2021,MY,2.492326,101.840521,29.0,Negeri Sembilan,,PRESENT,CONTINENT_DERIVED_FROM_COORDINATES|COORDINATE_ROUNDED|TAXON_ID_NOT_FOUND,iNaturalist research-grade observations,50c9509d-22c7-4a22-a47d-8c48425ef4a7,http://creativecommons.org/licenses/by/4.0/legalcode,https://www.gbif.org/occurrence/6273655062,True,False
d954f851f09a0ab065b2470c,acacia_mangium,Acacia mangium,Acacia mangium Willd.,GBIF,6273669344,inat:328718419,HUMAN_OBSERVATION,2025-11-29T12:51:49,2025,MY,2.883476,101.620679,4.0,Selangor,,PRESENT,CONTINENT_DERIVED_FROM_COORDINATES|COORDINATE_ROUNDED|TAXON_ID_NOT_FOUND,iNaturalist research-grade observations,50c9509d-22c7-4a22-a47d-8c48425ef4a7,http://creativecommons.org/licenses/by-nc/4.0/legalcode,https://www.gbif.org/occurrence/6273669344,True,False
95d9a918dec32adb28678f86,acacia_mangium,Acacia mangium,Acacia mangium Willd.,GBIF,6273795898,inat:164940733,HUMAN_OBSERVATION,2023-06-01T15:51:29,2023,MY,2.905968,101.682844,8.0,Putrajaya,,PRESENT,CONTINENT_DERIVED_FROM_COORDINATES|COORDINATE_ROUNDED|TAXON_ID_NOT_FOUND,iNaturalist research-grade observations,50c9509d-22c7-4a22-a47d-8c48425ef4a7,http://creativecommons.org/licenses/by-nc/4.0/legalcode,https://www.gbif.org/occurrence/6273795898,True,False
397661684e474b9cc325c32d,acacia_mangium,Acacia mangium,Acacia mangium Willd.,GBIF,6273852699,inat:221230799,HUMAN_OBSERVATION,2024-06-08T11:21:06,2024,MY,3.141745,101.486397,20.0,Selangor,,PRESENT,CONTINENT_DERIVED_FROM_COORDINATES|COORDINATE_ROUNDED|TAXON_ID_NOT_FOUND,iNaturalist research-grade observations,50c9509d-22c7-4a22-a47d-8c48425ef4a7,http://creativecommons.org/licenses/by-nc/4.0/legalcode,https://www.gbif.org/occurrence/6273852699,True,False
f73e814e499b51551c2ba28c,acacia_mangium,Acacia mangium,Acacia mangium Willd.,GBIF,6273889871,inat:299118484,HUMAN_OBSERVATION,2025-07-19T09:03:47,2025,MY,3.209214,101.594669,,Selangor,,PRESENT,CONTINENT_DERIVED_FROM_COORDINATES|COORDINATE_ROUNDED|TAXON_ID_NOT_FOUND,iNaturalist research-grade observations,50c9509d-22c7-4a22-a47d-8c48425ef4a7,http://creativecommons.org/licenses/by-nc/4.0/legalcode,https://www.gbif.org/occurrence/6273889871,True,False
c1b3d49d7259193e57777112,acacia_mangium,Acacia mangium,Acacia mangium Willd.,GBIF,6273939541,inat:328718366,HUMAN_OBSERVATION,2025-11-29T12:51:11,2025,MY,2.883462,101.620574,3.0,Selangor,,PRESENT,CONTINENT_DERIVED_FROM_COORDINATES|COORDINATE_ROUNDED|TAXON_ID_NOT_FOUND,iNaturalist research-grade observations,50c9509d-22c7-4a22-a47d-8c48425ef4a7,http://creativecommons.org/licenses/by-nc/4.0/legalcode,https://www.gbif.org/occurrence/6273939541,True,False
980e3d495c1213535052d90f,acacia_mangium,Acacia mangium,Acacia mangium Willd.,GBIF,6273998598,inat:328718466,HUMAN_OBSERVATION,2025-11-29T12:52:28,2025,MY,2.883471,101.620706,3.0,Selangor,,PRESENT,CONTINENT_DERIVED_FROM_COORDINATES|COORDINATE_ROUNDED|TAXON_ID_NOT_FOUND,iNaturalist research-grade observations,50c9509d-22c7-4a22-a47d-8c48425ef4a7,http://creativecommons.org/licenses/by-nc/4.0/legalcode,https://www.gbif.org/occurrence/6273998598,True,False
81c407c080b2932205092d98,acacia_mangium,Acacia mangium,Acacia mangium Willd.,GBIF,6274024675,inat:328731411,HUMAN_OBSERVATION,2025-11-29T15:56:32,2025,MY,2.88739,101.618368,62.0,Selangor,,PRESENT,CONTINENT_DERIVED_FROM_COORDINATES|COORDINATE_ROUNDED|TAXON_ID_NOT_FOUND,iNaturalist research-grade observations,50c9509d-22c7-4a22-a47d-8c48425ef4a7,http://creativecommons.org/licenses/by-nc/4.0/legalcode,https://www.gbif.org/occurrence/6274024675,True,False
b967d6f90227c484f4be662c,acacia_mangium,Acacia mangium,Acacia mangium Willd.,GBIF,6274122678,inat:328721722,HUMAN_OBSERVATION,2025-11-29T13:34:35,2025,MY,2.887864,101.620413,3.0,Selangor,,PRESENT,CONTINENT_DERIVED_FROM_COORDINATES|COORDINATE_ROUNDED|TAXON_ID_NOT_FOUND,iNaturalist research-grade observations,50c9509d-22c7-4a22-a47d-8c48425ef4a7,http://creativecommons.org/licenses/by-nc/4.0/legalcode,https://www.gbif.org/occurrence/6274122678,True,False
bedfea3ae32bc16fe6c44120,acacia_mangium,Acacia mangium,Acacia mangium Willd.,GBIF,6274299496,inat:360041750,HUMAN_OBSERVATION,2026-05-09T12:21:30,2026,MY,3.100506,102.409042,4.0,Pahang,,PRESENT,CONTINENT_DERIVED_FROM_COORDINATES|COORDINATE_ROUNDED|TAXON_ID_NOT_FOUND,iNaturalist research-grade observations,50c9509d-22c7-4a22-a47d-8c48425ef4a7,http://creativecommons.org/licenses/by-nc/4.0/legalcode,https://www.gbif.org/occurrence/6274299496,True,False
d94698f7387da2eec5c857af,acacia_mangium,Acacia mangium,Acacia mangium Willd.,GBIF,6274310585,inat:360042988,HUMAN_OBSERVATION,2026-05-09T12:21:05,2026,MY,3.100536,102.409088,12.0,Pahang,,PRESENT,CONTINENT_DERIVED_FROM_COORDINATES|COORDINATE_ROUNDED|TAXON_ID_NOT_FOUND,iNaturalist research-grade observations,50c9509d-22c7-4a22-a47d-8c48425ef4a7,http://creativecommons.org/licenses/by-nc/4.0/legalcode,https://www.gbif.org/occurrence/6274310585,True,False
ad35ac1e3a193c1b53930c77,acacia_mangium,Acacia mangium,Acacia mangium Willd.,GBIF,6320170835,inat:58608692,HUMAN_OBSERVATION,2019-12-30T17:19,2019,MY,4.029104,103.401553,82.0,Pahang,,PRESENT,CONTINENT_DERIVED_FROM_COORDINATES|COORDINATE_ROUNDED|TAXON_ID_NOT_FOUND,iNaturalist research-grade observations,50c9509d-22c7-4a22-a47d-8c48425ef4a7,http://creativecommons.org/licenses/by-nc/4.0/legalcode,https://www.gbif.org/occurrence/6320170835,True,False
af36f57b53fffa755e602e5d,acacia_mangium,Acacia mangium,Acacia mangium Willd.,GBIF,6320442411,inat:22608838,HUMAN_OBSERVATION,2019-02-16T13:56,2019,MY,5.43757,103.039372,,Trengganu,,PRESENT,CONTINENT_DERIVED_FROM_COORDINATES|COORDINATE_ROUNDED|TAXON_ID_NOT_FOUND,iNaturalist research-grade observations,50c9509d-22c7-4a22-a47d-8c48425ef4a7,http://creativecommons.org/licenses/by-nc/4.0/legalcode,https://www.gbif.org/occurrence/6320442411,True,False
e5aa63c151bd41ddfc6d964e,acacia_mangium,Acacia mangium,Acacia mangium Willd.,GBIF,6320773951,inat:35740258,HUMAN_OBSERVATION,2019-11-08T11:51,2019,MY,2.017845,113.011958,,Sarawak,,PRESENT,CONTINENT_DERIVED_FROM_COORDINATES|COORDINATE_ROUNDED|TAXON_ID_NOT_FOUND,iNaturalist research-grade observations,50c9509d-22c7-4a22-a47d-8c48425ef4a7,http://creativecommons.org/licenses/by-nc/4.0/legalcode,https://www.gbif.org/occurrence/6320773951,True,False
0aaf4e648b04a40fccb051f6,acacia_mangium,Acacia mangium,Acacia mangium Willd.,GBIF,6320870934,inat:81951953,HUMAN_OBSERVATION,2021-06-07T07:54:17,2021,MY,2.713558,101.908968,8.0,Negeri Sembilan,,PRESENT,CONTINENT_DERIVED_FROM_COORDINATES|COORDINATE_ROUNDED|TAXON_ID_NOT_FOUND,iNaturalist research-grade observations,50c9509d-22c7-4a22-a47d-8c48425ef4a7,http://creativecommons.org/licenses/by-nc/4.0/legalcode,https://www.gbif.org/occurrence/6320870934,True,False
d3e8d4980e9b56332dcc37b1,acacia_mangium,Acacia mangium,Acacia mangium Willd.,GBIF,6321098904,inat:360838529,HUMAN_OBSERVATION,2026-05-12T18:44:23,2026,MY,3.521603,103.39218,19.0,Pahang,,PRESENT,CONTINENT_DERIVED_FROM_COORDINATES|COORDINATE_ROUNDED|TAXON_ID_NOT_FOUND,iNaturalist research-grade observations,50c9509d-22c7-4a22-a47d-8c48425ef4a7,http://creativecommons.org/licenses/by-nc/4.0/legalcode,https://www.gbif.org/occurrence/6321098904,True,False
2f25afa8e8fd7bd45f6874b5,acacia_mangium,Acacia mangium,Acacia mangium Willd.,GBIF,6321116853,inat:34693358,HUMAN_OBSERVATION,2019-10-05T15:43,2019,MY,3.116512,102.630242,132.0,Pahang,,PRESENT,CONTINENT_DERIVED_FROM_COORDINATES|TAXON_ID_NOT_FOUND,iNaturalist research-grade observations,50c9509d-22c7-4a22-a47d-8c48425ef4a7,http://creativecommons.org/licenses/by-nc/4.0/legalcode,https://www.gbif.org/occurrence/6321116853,True,False
610d7bd78410a55e4a6709aa,acacia_mangium,Acacia mangium,Acacia mangium Willd.,GBIF,6321146368,inat:361099195,HUMAN_OBSERVATION,2026-05-06T08:28:10,2026,MY,1.554038,103.624955,7.0,Johor,,PRESENT,CONTINENT_DERIVED_FROM_COORDINATES|COORDINATE_ROUNDED|TAXON_ID_NOT_FOUND,iNaturalist research-grade observations,50c9509d-22c7-4a22-a47d-8c48425ef4a7,http://creativecommons.org/licenses/by-nc/4.0/legalcode,https://www.gbif.org/occurrence/6321146368,True,False
3f40d511c6a2930937734893,acacia_mangium,Acacia mangium,Acacia mangium Willd.,GBIF,6321173062,inat:360812382,HUMAN_OBSERVATION,2026-05-12T13:49:04,2026,MY,3.264608,102.607406,,Pahang,,PRESENT,CONTINENT_DERIVED_FROM_COORDINATES|COORDINATE_ROUNDED|TAXON_ID_NOT_FOUND,iNaturalist research-grade observations,50c9509d-22c7-4a22-a47d-8c48425ef4a7,http://creativecommons.org/licenses/by-nc/4.0/legalcode,https://www.gbif.org/occurrence/6321173062,True,False
fc6c71760a7e29355018b9d0,acacia_mangium,Acacia mangium,Acacia mangium Willd.,GBIF,6352571610,inat:306210244,HUMAN_OBSERVATION,2025-07-28T17:25,2025,MY,1.441867,103.939553,415.0,Johor,,PRESENT,CONTINENT_DERIVED_FROM_COORDINATES|COORDINATE_ROUNDED|TAXON_ID_NOT_FOUND,iNaturalist research-grade observations,50c9509d-22c7-4a22-a47d-8c48425ef4a7,http://creativecommons.org/licenses/by-nc/4.0/legalcode,https://www.gbif.org/occurrence/6352571610,True,False
d9ec22acd26368e021febcec,acacia_mangium,Acacia mangium,Acacia mangium Willd.,GBIF,6353375653,inat:354260561,HUMAN_OBSERVATION,2026-04-26T18:13:59,2026,MY,3.592574,102.775587,,Pahang,,PRESENT,CONTINENT_DERIVED_FROM_COORDINATES|COORDINATE_ROUNDED|TAXON_ID_NOT_FOUND,iNaturalist research-grade observations,50c9509d-22c7-4a22-a47d-8c48425ef4a7,http://creativecommons.org/licenses/by-nc/4.0/legalcode,https://www.gbif.org/occurrence/6353375653,True,False
dd4cfb251f0854ab9bca78e4,acacia_mangium,Acacia mangium,Acacia mangium Willd.,GBIF,6399085655,inat:371869995,HUMAN_OBSERVATION,2026-06-10T11:00:57,2026,MY,5.583828,101.456403,,Perak,,PRESENT,CONTINENT_DERIVED_FROM_COORDINATES|COORDINATE_ROUNDED|TAXON_ID_NOT_FOUND,iNaturalist research-grade observations,50c9509d-22c7-4a22-a47d-8c48425ef4a7,http://creativecommons.org/licenses/by-nc/4.0/legalcode,https://www.gbif.org/occurrence/6399085655,True,False
2391769f7a125abe04bd340c,acacia_mangium,Acacia mangium,Acacia mangium Willd.,GBIF,6400506121,inat:174232425,HUMAN_OBSERVATION,2023-07-22T13:08:31,2023,MY,3.1482,101.508103,,Selangor,,PRESENT,CONTINENT_DERIVED_FROM_COORDINATES|COORDINATE_ROUNDED|TAXON_ID_NOT_FOUND,iNaturalist research-grade observations,50c9509d-22c7-4a22-a47d-8c48425ef4a7,http://creativecommons.org/licenses/by-nc/4.0/legalcode,https://www.gbif.org/occurrence/6400506121,True,False
f420591bd3040b7d92ff1611,acacia_mangium,Acacia mangium,Acacia mangium Willd.,GBIF,6413184143,inat:361417619,HUMAN_OBSERVATION,2026-04-22T09:41:45,2026,MY,1.511926,103.870711,32.0,Johor,,PRESENT,CONTINENT_DERIVED_FROM_COORDINATES|COORDINATE_ROUNDED|TAXON_ID_NOT_FOUND,iNaturalist research-grade observations,50c9509d-22c7-4a22-a47d-8c48425ef4a7,http://creativecommons.org/licenses/by-nc/4.0/legalcode,https://www.gbif.org/occurrence/6413184143,True,False
56bae94772a401042f09a358,acacia_mangium,Acacia mangium,Acacia mangium Willd.,GBIF,6413461481,inat:354510465,HUMAN_OBSERVATION,2026-04-26T18:06:27,2026,MY,3.474691,102.618645,100.0,Pahang,,PRESENT,CONTINENT_DERIVED_FROM_COORDINATES|COORDINATE_ROUNDED|TAXON_ID_NOT_FOUND,iNaturalist research-grade observations,50c9509d-22c7-4a22-a47d-8c48425ef4a7,http://creativecommons.org/licenses/by-nc/4.0/legalcode,https://www.gbif.org/occurrence/6413461481,True,False
f7dac0fdf831bd8935422947,acacia_mangium,Acacia mangium,Acacia mangium Willd.,GBIF,6413847471,inat:353253508,HUMAN_OBSERVATION,2026-04-25T10:01:09,2026,MY,3.796347,103.321221,77.0,Pahang,,PRESENT,CONTINENT_DERIVED_FROM_COORDINATES|COORDINATE_ROUNDED|TAXON_ID_NOT_FOUND,iNaturalist research-grade observations,50c9509d-22c7-4a22-a47d-8c48425ef4a7,http://creativecommons.org/licenses/by-nc/4.0/legalcode,https://www.gbif.org/occurrence/6413847471,True,False
299e513972478003ab268bfd,acacia_mangium,Acacia mangium,Acacia mangium Willd.,GBIF,6422070812,inat:350708438,HUMAN_OBSERVATION,2026-04-18T09:14:29,2026,MY,3.650658,102.698892,9.0,Pahang,,PRESENT,CONTINENT_DERIVED_FROM_COORDINATES|COORDINATE_ROUNDED|TAXON_ID_NOT_FOUND,iNaturalist research-grade observations,50c9509d-22c7-4a22-a47d-8c48425ef4a7,http://creativecommons.org/licenses/by-nc/4.0/legalcode,https://www.gbif.org/occurrence/6422070812,True,False
007b9028797440188fef5fe6,acacia_mangium,Acacia mangium,Acacia mangium Willd.,GBIF,6422669911,inat:349700882,HUMAN_OBSERVATION,2026-04-14T10:18,2026,MY,2.718394,101.884111,,Negeri Sembilan,,PRESENT,CONTINENT_DERIVED_FROM_COORDINATES|COORDINATE_ROUNDED|TAXON_ID_NOT_FOUND,iNaturalist research-grade observations,50c9509d-22c7-4a22-a47d-8c48425ef4a7,http://creativecommons.org/licenses/by/4.0/legalcode,https://www.gbif.org/occurrence/6422669911,True,False
f9d117a813faf0a2512ca907,acacia_mangium,Acacia mangium,Acacia mangium Willd.,GBIF,6422849735,inat:374524771,HUMAN_OBSERVATION,2026-06-23T12:01:09,2026,MY,5.581854,101.457453,218.0,Perak,,PRESENT,CONTINENT_DERIVED_FROM_COORDINATES|COORDINATE_ROUNDED|TAXON_ID_NOT_FOUND,iNaturalist research-grade observations,50c9509d-22c7-4a22-a47d-8c48425ef4a7,http://creativecommons.org/licenses/by-nc/4.0/legalcode,https://www.gbif.org/occurrence/6422849735,True,False
5d54d4f75d3cb28b1fe45650,acacia_mangium,Acacia mangium,Acacia mangium Willd.,GBIF,6423079623,inat:354860444,HUMAN_OBSERVATION,2026-04-27T07:46:06,2026,MY,3.580413,102.778532,1.0,Pahang,,PRESENT,CONTINENT_DERIVED_FROM_COORDINATES|COORDINATE_ROUNDED|TAXON_ID_NOT_FOUND,iNaturalist research-grade observations,50c9509d-22c7-4a22-a47d-8c48425ef4a7,http://creativecommons.org/licenses/by-nc/4.0/legalcode,https://www.gbif.org/occurrence/6423079623,True,False
a492b70c05fc2714c7367b20,acacia_mangium,Acacia mangium,Acacia mangium Willd.,GBIF,6430893715,inat:308949174,HUMAN_OBSERVATION,2025-08-25T16:04:52,2025,MY,5.849197,118.06372,5.0,Sabah,,PRESENT,CONTINENT_DERIVED_FROM_COORDINATES|COORDINATE_ROUNDED|TAXON_ID_NOT_FOUND,iNaturalist research-grade observations,50c9509d-22c7-4a22-a47d-8c48425ef4a7,http://creativecommons.org/licenses/by-nc/4.0/legalcode,https://www.gbif.org/occurrence/6430893715,True,False
b555277d9ce9fac27a17f210,acacia_mangium,Acacia mangium,Acacia mangium Willd.,GBIF,6431057017,inat:305982167,HUMAN_OBSERVATION,2025-08-10T16:26:43,2025,MY,4.475657,101.167332,,Perak,,PRESENT,CONTINENT_DERIVED_FROM_COORDINATES|COORDINATE_ROUNDED|TAXON_ID_NOT_FOUND,iNaturalist research-grade observations,50c9509d-22c7-4a22-a47d-8c48425ef4a7,http://creativecommons.org/licenses/by-nc/4.0/legalcode,https://www.gbif.org/occurrence/6431057017,True,False
6e0f08ff00bf6c5b265f7894,acacia_mangium,Acacia mangium,Acacia mangium Willd.,GBIF,6431115013,inat:310405509,HUMAN_OBSERVATION,2025-08-30T08:49:41,2025,MY,3.75688,102.558357,667.0,Pahang,,PRESENT,CONTINENT_DERIVED_FROM_COORDINATES|COORDINATE_ROUNDED|TAXON_ID_NOT_FOUND,iNaturalist research-grade observations,50c9509d-22c7-4a22-a47d-8c48425ef4a7,http://creativecommons.org/licenses/by-nc/4.0/legalcode,https://www.gbif.org/occurrence/6431115013,True,False
71662d82b0c8f8d5ec837ca8,acacia_mangium,Acacia mangium,Acacia mangium Willd.,GBIF,6431790064,inat:260937426,HUMAN_OBSERVATION,2024-08-02T19:54,2024,MY,1.590806,110.221764,,Sarawak,,PRESENT,CONTINENT_DERIVED_FROM_COORDINATES|TAXON_ID_NOT_FOUND,iNaturalist research-grade observations,50c9509d-22c7-4a22-a47d-8c48425ef4a7,http://creativecommons.org/licenses/by-nc/4.0/legalcode,https://www.gbif.org/occurrence/6431790064,True,False
98c484f001d3e94a6f6e91b6,acacia_mangium,Acacia mangium,Acacia mangium Willd.,GBIF,6440941170,inat:262636085,HUMAN_OBSERVATION,2025-02-21T12:40,2025,MY,3.102178,101.487131,5.0,Selangor,,PRESENT,CONTINENT_DERIVED_FROM_COORDINATES|COORDINATE_ROUNDED|TAXON_ID_NOT_FOUND,iNaturalist research-grade observations,50c9509d-22c7-4a22-a47d-8c48425ef4a7,http://creativecommons.org/licenses/by/4.0/legalcode,https://www.gbif.org/occurrence/6440941170,True,False
bdc91495219dc557cd1b8bf7,acacia_mangium,Acacia mangium,Acacia mangium Willd.,GBIF,6441134724,inat:197352618,HUMAN_OBSERVATION,2024-01-23T09:18:49,2024,MY,4.354116,100.955437,7.0,Perak,,PRESENT,CONTINENT_DERIVED_FROM_COORDINATES|COORDINATE_ROUNDED|TAXON_ID_NOT_FOUND,iNaturalist research-grade observations,50c9509d-22c7-4a22-a47d-8c48425ef4a7,http://creativecommons.org/licenses/by-nc/4.0/legalcode,https://www.gbif.org/occurrence/6441134724,True,False
e45260c8cf39cc2a190d094a,acacia_mangium,Acacia mangium,Acacia mangium Willd.,GBIF,6452690344,inat:20752558,HUMAN_OBSERVATION,2019-01-23T22:46,2019,MY,2.433315,103.83368,,Johor,,PRESENT,CONTINENT_DERIVED_FROM_COORDINATES|TAXON_ID_NOT_FOUND,iNaturalist research-grade observations,50c9509d-22c7-4a22-a47d-8c48425ef4a7,http://creativecommons.org/licenses/by-nc/4.0/legalcode,https://www.gbif.org/occurrence/6452690344,True,False
ee0b7bf4a1ec0326cc555235,acacia_mangium,Acacia mangium,Acacia mangium Willd.,GBIF,6470704053,inat:332452324,HUMAN_OBSERVATION,2025-12-27T08:12,2025,MY,1.558469,103.793519,4.0,Johor,,PRESENT,CONTINENT_DERIVED_FROM_COORDINATES|COORDINATE_ROUNDED|TAXON_ID_NOT_FOUND,iNaturalist research-grade observations,50c9509d-22c7-4a22-a47d-8c48425ef4a7,http://creativecommons.org/licenses/by-nc/4.0/legalcode,https://www.gbif.org/occurrence/6470704053,True,False
04c3f1d1ad276bd1f68da77e,acacia_mangium,Acacia mangium,Acacia mangium Willd.,GBIF,6479090241,inat:386809824,HUMAN_OBSERVATION,2026-07-31T15:50:39,2026,MY,3.280228,101.466875,5.0,Selangor,,PRESENT,CONTINENT_DERIVED_FROM_COORDINATES|COORDINATE_ROUNDED|TAXON_ID_NOT_FOUND,iNaturalist research-grade observations,50c9509d-22c7-4a22-a47d-8c48425ef4a7,http://creativecommons.org/licenses/by-nc/4.0/legalcode,https://www.gbif.org/occurrence/6479090241,True,False
6cb372f64624dfd2040d6be5,acacia_mangium,Acacia mangium,Acacia mangium Willd.,GBIF,6479160944,inat:323377176,HUMAN_OBSERVATION,2025-10-27T11:03:55,2025,MY,1.558296,103.62744,12.0,Johor,,PRESENT,CONTINENT_DERIVED_FROM_COORDINATES|COORDINATE_ROUNDED|TAXON_ID_NOT_FOUND,iNaturalist research-grade observations,50c9509d-22c7-4a22-a47d-8c48425ef4a7,http://creativecommons.org/licenses/by-nc/4.0/legalcode,https://www.gbif.org/occurrence/6479160944,True,False
e05cf1741eedfdc384917fd5,acacia_mangium,Acacia mangium,Acacia mangium Willd.,GBIF,6479172350,inat:188964622,HUMAN_OBSERVATION,2023-10-26T09:56:32,2023,MY,4.37275,100.957233,8.0,Perak,,PRESENT,CONTINENT_DERIVED_FROM_COORDINATES|COORDINATE_ROUNDED|TAXON_ID_NOT_FOUND,iNaturalist research-grade observations,50c9509d-22c7-4a22-a47d-8c48425ef4a7,http://creativecommons.org/licenses/by-nc/4.0/legalcode,https://www.gbif.org/occurrence/6479172350,True,False
08db2a69345ddea142f8424e,acacia_mangium,Acacia mangium,Acacia mangium Willd.,GBIF,6479198657,inat:247863718,HUMAN_OBSERVATION,2024-10-18T10:51,2024,MY,2.726578,101.886142,,Negeri Sembilan,,PRESENT,CONTINENT_DERIVED_FROM_COORDINATES|COORDINATE_ROUNDED|TAXON_ID_NOT_FOUND,iNaturalist research-grade observations,50c9509d-22c7-4a22-a47d-8c48425ef4a7,http://creativecommons.org/licenses/by/4.0/legalcode,https://www.gbif.org/occurrence/6479198657,True,False
5c919ba1a9da5e1dd9384f68,acacia_mangium,Acacia mangium,Acacia mangium Willd.,GBIF,6479472839,inat:187582007,HUMAN_OBSERVATION,2023-10-15T10:39:15,2023,MY,2.924854,101.679379,,Putrajaya,,PRESENT,CONTINENT_DERIVED_FROM_COORDINATES|COORDINATE_ROUNDED|TAXON_ID_NOT_FOUND,iNaturalist research-grade observations,50c9509d-22c7-4a22-a47d-8c48425ef4a7,http://creativecommons.org/licenses/by-nc/4.0/legalcode,https://www.gbif.org/occurrence/6479472839,True,False
f657bcc45659869bbd6ecd44,acacia_mangium,Acacia mangium,Acacia mangium Willd.,GBIF,6479566435,inat:154660497,HUMAN_OBSERVATION,2023-04-13T09:01:05,2023,MY,3.172811,101.499983,,Selangor,,PRESENT,CONTINENT_DERIVED_FROM_COORDINATES|COORDINATE_ROUNDED|TAXON_ID_NOT_FOUND,iNaturalist research-grade observations,50c9509d-22c7-4a22-a47d-8c48425ef4a7,http://creativecommons.org/licenses/by-nc/4.0/legalcode,https://www.gbif.org/occurrence/6479566435,True,False
62e06b7bc4bf2318fd3203e1,acacia_mangium,Acacia mangium,Acacia mangium Willd.,GBIF,6479803657,inat:318816415,HUMAN_OBSERVATION,2025-10-05T07:34:40,2025,MY,3.752655,102.567062,3.0,Pahang,,PRESENT,CONTINENT_DERIVED_FROM_COORDINATES|COORDINATE_ROUNDED|TAXON_ID_NOT_FOUND,iNaturalist research-grade observations,50c9509d-22c7-4a22-a47d-8c48425ef4a7,http://creativecommons.org/licenses/by-nc/4.0/legalcode,https://www.gbif.org/occurrence/6479803657,True,False
58e26888d104a9e32c577228,acacia_mangium,Acacia mangium,Acacia mangium Willd.,GBIF,6479935960,inat:320967621,HUMAN_OBSERVATION,2025-10-15T10:08:17,2025,MY,4.356317,100.956166,8.0,Perak,,PRESENT,CONTINENT_DERIVED_FROM_COORDINATES|COORDINATE_ROUNDED|TAXON_ID_NOT_FOUND,iNaturalist research-grade observations,50c9509d-22c7-4a22-a47d-8c48425ef4a7,http://creativecommons.org/licenses/by-nc/4.0/legalcode,https://www.gbif.org/occurrence/6479935960,True,False
152d8478cfe3801b9a25649d,acacia_mangium,Acacia mangium,Acacia mangium Willd.,GBIF,6480038060,inat:189910751,HUMAN_OBSERVATION,2023-11-04T09:25:03,2023,MY,1.455401,103.9013,108.0,Johor,,PRESENT,CONTINENT_DERIVED_FROM_COORDINATES|COORDINATE_ROUNDED|TAXON_ID_NOT_FOUND,iNaturalist research-grade observations,50c9509d-22c7-4a22-a47d-8c48425ef4a7,http://creativecommons.org/licenses/by-nc/4.0/legalcode,https://www.gbif.org/occurrence/6480038060,True,False
d0c0846b95d32b41bb9ed263,acacia_mangium,Acacia mangium,Acacia mangium Willd.,GBIF,6480085981,inat:386853458,HUMAN_OBSERVATION,2026-07-31T16:00:55,2026,MY,3.280228,101.46685,4.0,Selangor,,PRESENT,CONTINENT_DERIVED_FROM_COORDINATES|COORDINATE_ROUNDED|TAXON_ID_NOT_FOUND,iNaturalist research-grade observations,50c9509d-22c7-4a22-a47d-8c48425ef4a7,http://creativecommons.org/licenses/by-nc/4.0/legalcode,https://www.gbif.org/occurrence/6480085981,True,False
d0de610406d5a2053b01cfd5,acacia_mangium,Acacia mangium,Acacia mangium Willd.,GBIF,6480298881,inat:327985629,HUMAN_OBSERVATION,2025-11-24T10:10:38,2025,MY,5.745707,101.861984,4.0,Kelantan,,PRESENT,CONTINENT_DERIVED_FROM_COORDINATES|COORDINATE_ROUNDED|TAXON_ID_NOT_FOUND,iNaturalist research-grade observations,50c9509d-22c7-4a22-a47d-8c48425ef4a7,http://creativecommons.org/licenses/by-nc/4.0/legalcode,https://www.gbif.org/occurrence/6480298881,True,False
54100f36135a2dca4437e473,acacia_mangium,Acacia mangium,Acacia mangium Willd.,GBIF,6480368648,inat:349933028,HUMAN_OBSERVATION,2026-04-15T09:17:33,2026,MY,2.764479,103.500136,,Pahang,,PRESENT,CONTINENT_DERIVED_FROM_COORDINATES|COORDINATE_ROUNDED|TAXON_ID_NOT_FOUND,iNaturalist research-grade observations,50c9509d-22c7-4a22-a47d-8c48425ef4a7,http://creativecommons.org/licenses/by-nc/4.0/legalcode,https://www.gbif.org/occurrence/6480368648,True,False
7bd9a67bd8223489f16c1e23,acacia_mangium,Acacia mangium,Acacia mangium Willd.,GBIF,6480756155,inat:319051203,HUMAN_OBSERVATION,2025-10-06T10:02:05,2025,MY,3.147097,101.645325,,Kuala Lumpur,,PRESENT,CONTINENT_DERIVED_FROM_COORDINATES|COORDINATE_ROUNDED|TAXON_ID_NOT_FOUND,iNaturalist research-grade observations,50c9509d-22c7-4a22-a47d-8c48425ef4a7,http://creativecommons.org/licenses/by/4.0/legalcode,https://www.gbif.org/occurrence/6480756155,True,False
85bf08e9a1055f7a2163f990,acacia_mangium,Acacia mangium,Acacia mangium Willd.,GBIF,6481153635,inat:385860110,HUMAN_OBSERVATION,2026-07-28T09:43,2026,MY,2.718122,101.884033,,Negeri Sembilan,,PRESENT,CONTINENT_DERIVED_FROM_COORDINATES|COORDINATE_ROUNDED|TAXON_ID_NOT_FOUND,iNaturalist research-grade observations,50c9509d-22c7-4a22-a47d-8c48425ef4a7,http://creativecommons.org/licenses/by/4.0/legalcode,https://www.gbif.org/occurrence/6481153635,True,False
34852ae853e14da070d9e6db,acacia_mangium,Acacia mangium,Acacia mangium Willd.,GBIF,6481476674,inat:140036964,HUMAN_OBSERVATION,2022-10-23T16:29:07,2022,MY,3.095289,101.499397,4.0,Selangor,,PRESENT,CONTINENT_DERIVED_FROM_COORDINATES|COORDINATE_ROUNDED|TAXON_ID_NOT_FOUND,iNaturalist research-grade observations,50c9509d-22c7-4a22-a47d-8c48425ef4a7,http://creativecommons.org/licenses/by-nc/4.0/legalcode,https://www.gbif.org/occurrence/6481476674,True,False
9f7774f3c86bf731745eb7d9,acacia_mangium,Acacia mangium,Acacia mangium Willd.,GBIF,6498533751,inat:328735725,HUMAN_OBSERVATION,2025-11-29T17:07:14,2025,MY,2.881547,101.62343,3.0,Selangor,,PRESENT,CONTINENT_DERIVED_FROM_COORDINATES|COORDINATE_ROUNDED|TAXON_ID_NOT_FOUND,iNaturalist research-grade observations,50c9509d-22c7-4a22-a47d-8c48425ef4a7,http://creativecommons.org/licenses/by-nc/4.0/legalcode,https://www.gbif.org/occurrence/6498533751,True,False
13fccad905e74c806daf1ee8,acacia_mangium,Acacia mangium,Acacia mangium Willd.,GBIF,6498821127,inat:253840090,HUMAN_OBSERVATION,2024-12-02T12:41:49,2024,MY,4.35591,100.958595,8.0,Perak,,PRESENT,CONTINENT_DERIVED_FROM_COORDINATES|COORDINATE_ROUNDED|TAXON_ID_NOT_FOUND,iNaturalist research-grade observations,50c9509d-22c7-4a22-a47d-8c48425ef4a7,http://creativecommons.org/licenses/by-nc/4.0/legalcode,https://www.gbif.org/occurrence/6498821127,True,False
4cb93650f0985ae93ebdb2ba,acacia_mangium,Acacia mangium,Acacia mangium Willd.,GBIF,6499273190,inat:328730202,HUMAN_OBSERVATION,2025-11-29T15:41:44,2025,MY,2.88708,101.618659,3.0,Selangor,,PRESENT,CONTINENT_DERIVED_FROM_COORDINATES|COORDINATE_ROUNDED|TAXON_ID_NOT_FOUND,iNaturalist research-grade observations,50c9509d-22c7-4a22-a47d-8c48425ef4a7,http://creativecommons.org/licenses/by-nc/4.0/legalcode,https://www.gbif.org/occurrence/6499273190,True,False
bd8379ea11afc9629170c1ff,acacia_mangium,Acacia mangium,Acacia mangium Willd.,GBIF,6499562350,inat:250266054,HUMAN_OBSERVATION,2024-11-03T17:20:55,2024,MY,3.214449,101.454051,5.0,Selangor,,PRESENT,CONTINENT_DERIVED_FROM_COORDINATES|COORDINATE_ROUNDED|TAXON_ID_NOT_FOUND,iNaturalist research-grade observations,50c9509d-22c7-4a22-a47d-8c48425ef4a7,http://creativecommons.org/licenses/by-nc/4.0/legalcode,https://www.gbif.org/occurrence/6499562350,True,False
1b53382e37a697942b971458,acacia_mangium,Acacia mangium,Acacia mangium Willd.,GBIF,6499995819,inat:250263185,HUMAN_OBSERVATION,2024-11-03T17:17:16,2024,MY,3.21358,101.454603,48.0,Selangor,,PRESENT,CONTINENT_DERIVED_FROM_COORDINATES|COORDINATE_ROUNDED|TAXON_ID_NOT_FOUND,iNaturalist research-grade observations,50c9509d-22c7-4a22-a47d-8c48425ef4a7,http://creativecommons.org/licenses/by-nc/4.0/legalcode,https://www.gbif.org/occurrence/6499995819,True,False
ae9e905e98dd6583e99e2cbd,acacia_mangium,Acacia mangium,Acacia mangium Willd.,GBIF,6500190355,inat:328733017,HUMAN_OBSERVATION,2025-11-29T16:23:15,2025,MY,2.887247,101.619085,3.0,Selangor,,PRESENT,CONTINENT_DERIVED_FROM_COORDINATES|COORDINATE_ROUNDED|TAXON_ID_NOT_FOUND,iNaturalist research-grade observations,50c9509d-22c7-4a22-a47d-8c48425ef4a7,http://creativecommons.org/licenses/by-nc/4.0/legalcode,https://www.gbif.org/occurrence/6500190355,True,False
ef79e82b1ae48da043887a2f,arachis_pintoi,Arachis pintoi,Arachis pintoi Krapov. & W.C.Greg.,GBIF,1899750186,inat:11359362,HUMAN_OBSERVATION,2018-04-22T13:50:27,2018,MY,1.557966,110.349885,30.0,Sarawak,,PRESENT,CONTINENT_DERIVED_FROM_COORDINATES|COORDINATE_ROUNDED|TAXON_ID_NOT_FOUND,iNaturalist research-grade observations,50c9509d-22c7-4a22-a47d-8c48425ef4a7,http://creativecommons.org/licenses/by-nc/4.0/legalcode,https://www.gbif.org/occurrence/1899750186,True,False
50a43978ccbbc3b4635a4d01,arachis_pintoi,Arachis pintoi,Arachis pintoi Krapov. & W.C.Greg.,GBIF,2856829362,inat:57712117,HUMAN_OBSERVATION,2020-08-27T14:28:51,2020,MY,4.495945,101.380037,,Pahang,,PRESENT,CONTINENT_DERIVED_FROM_COORDINATES|COORDINATE_ROUNDED|TAXON_ID_NOT_FOUND,iNaturalist research-grade observations,50c9509d-22c7-4a22-a47d-8c48425ef4a7,http://creativecommons.org/licenses/by-nc/4.0/legalcode,https://www.gbif.org/occurrence/2856829362,True,False
93d9dc927b4838d77d474e9c,arachis_pintoi,Arachis pintoi,Arachis pintoi Krapov. & W.C.Greg.,GBIF,2864719508,inat:59732848,HUMAN_OBSERVATION,2020-09-16T07:34:26,2020,MY,3.039785,101.797074,4.0,Selangor,,PRESENT,CONTINENT_DERIVED_FROM_COORDINATES|COORDINATE_ROUNDED|TAXON_ID_NOT_FOUND,iNaturalist research-grade observations,50c9509d-22c7-4a22-a47d-8c48425ef4a7,http://creativecommons.org/licenses/by-nc/4.0/legalcode,https://www.gbif.org/occurrence/2864719508,True,False
1a083a827961d5173dce8b54,arachis_pintoi,Arachis pintoi,Arachis pintoi Krapov. & W.C.Greg.,GBIF,3090857146,inat:73456748,HUMAN_OBSERVATION,2021-04-10T11:07:15,2021,MY,5.349541,100.292571,7.0,Pulau Pinang,,PRESENT,CONTINENT_DERIVED_FROM_COORDINATES|COORDINATE_ROUNDED|TAXON_ID_NOT_FOUND,iNaturalist research-grade observations,50c9509d-22c7-4a22-a47d-8c48425ef4a7,http://creativecommons.org/licenses/by-nc/4.0/legalcode,https://www.gbif.org/occurrence/3090857146,True,False
60c2e4a170ba9fd4b84ce1f6,arachis_pintoi,Arachis pintoi,Arachis pintoi Krapov. & W.C.Greg.,GBIF,3301971580,inat:78031880,HUMAN_OBSERVATION,2021-05-08T12:06:51,2021,MY,3.147203,101.622185,28.0,Kuala Lumpur,,PRESENT,CONTINENT_DERIVED_FROM_COORDINATES|COORDINATE_ROUNDED|TAXON_ID_NOT_FOUND,iNaturalist research-grade observations,50c9509d-22c7-4a22-a47d-8c48425ef4a7,http://creativecommons.org/licenses/by-nc/4.0/legalcode,https://www.gbif.org/occurrence/3301971580,True,False
c545cb58d7276b66b3b48170,arachis_pintoi,Arachis pintoi,Arachis pintoi Krapov. & W.C.Greg.,GBIF,3333441524,inat:89039670,HUMAN_OBSERVATION,2021-07-29T17:33:50,2021,MY,5.321162,100.480125,65.0,Pulau Pinang,,PRESENT,CONTINENT_DERIVED_FROM_COORDINATES|COORDINATE_ROUNDED|TAXON_ID_NOT_FOUND,iNaturalist research-grade observations,50c9509d-22c7-4a22-a47d-8c48425ef4a7,http://creativecommons.org/licenses/by-nc/4.0/legalcode,https://www.gbif.org/occurrence/3333441524,True,False
bafcde5208f5b2ff763e694c,arachis_pintoi,Arachis pintoi,Arachis pintoi Krapov. & W.C.Greg.,GBIF,3925350375,inat:138117199,HUMAN_OBSERVATION,2022-10-09T16:54:55,2022,MY,4.466058,101.385836,,Pahang,,PRESENT,CONTINENT_DERIVED_FROM_COORDINATES|COORDINATE_ROUNDED|TAXON_ID_NOT_FOUND,iNaturalist research-grade observations,50c9509d-22c7-4a22-a47d-8c48425ef4a7,http://creativecommons.org/licenses/by/4.0/legalcode,https://www.gbif.org/occurrence/3925350375,True,False
69286556086ea65ddeb83a01,arachis_pintoi,Arachis pintoi,Arachis pintoi Krapov. & W.C.Greg.,GBIF,4046693743,inat:149377366,HUMAN_OBSERVATION,2023-02-22T10:12:16,2023,MY,5.520694,118.29685,,Sabah,,PRESENT,CONTINENT_DERIVED_FROM_COORDINATES|COORDINATE_ROUNDED|TAXON_ID_NOT_FOUND,iNaturalist research-grade observations,50c9509d-22c7-4a22-a47d-8c48425ef4a7,http://creativecommons.org/licenses/by-nc/4.0/legalcode,https://www.gbif.org/occurrence/4046693743,True,False
24f5474ab695b1a484193bc4,arachis_pintoi,Arachis pintoi,Arachis pintoi Krapov. & W.C.Greg.,GBIF,4112036117,inat:160687041,HUMAN_OBSERVATION,2023-05-09T12:02:08,2023,MY,2.96013,101.695787,3.0,Selangor,,PRESENT,CONTINENT_DERIVED_FROM_COORDINATES|COORDINATE_ROUNDED|TAXON_ID_NOT_FOUND,iNaturalist research-grade observations,50c9509d-22c7-4a22-a47d-8c48425ef4a7,http://creativecommons.org/licenses/by-nc/4.0/legalcode,https://www.gbif.org/occurrence/4112036117,True,False
bcb5354ec09d01197195b168,arachis_pintoi,Arachis pintoi,Arachis pintoi Krapov. & W.C.Greg.,GBIF,4116281710,inat:160853420,HUMAN_OBSERVATION,2023-05-10T08:03:48,2023,MY,2.9631,101.696183,4.0,Selangor,,PRESENT,CONTINENT_DERIVED_FROM_COORDINATES|COORDINATE_ROUNDED|TAXON_ID_NOT_FOUND,iNaturalist research-grade observations,50c9509d-22c7-4a22-a47d-8c48425ef4a7,http://creativecommons.org/licenses/by-nc/4.0/legalcode,https://www.gbif.org/occurrence/4116281710,True,False
59e9ce83c0ae2c9770c4713a,arachis_pintoi,Arachis pintoi,Arachis pintoi Krapov. & W.C.Greg.,GBIF,4127313378,inat:163927319,HUMAN_OBSERVATION,2023-05-27T11:27:41,2023,MY,2.96288,101.695505,8.0,Selangor,,PRESENT,CONTINENT_DERIVED_FROM_COORDINATES|TAXON_ID_NOT_FOUND,iNaturalist research-grade observations,50c9509d-22c7-4a22-a47d-8c48425ef4a7,http://creativecommons.org/licenses/by-nc/4.0/legalcode,https://www.gbif.org/occurrence/4127313378,True,False
3c5b65d67dc19a4f118dbcbb,arachis_pintoi,Arachis pintoi,Arachis pintoi Krapov. & W.C.Greg.,GBIF,4407129786,inat:180868975,HUMAN_OBSERVATION,2023-08-30T07:05:41,2023,MY,3.103978,101.6473,15.0,Kuala Lumpur,,PRESENT,CONTINENT_DERIVED_FROM_COORDINATES|COORDINATE_ROUNDED|TAXON_ID_NOT_FOUND,iNaturalist research-grade observations,50c9509d-22c7-4a22-a47d-8c48425ef4a7,http://creativecommons.org/licenses/by-nc/4.0/legalcode,https://www.gbif.org/occurrence/4407129786,True,False
d6e30321ccfdf21cbca74c79,arachis_pintoi,Arachis pintoi,Arachis pintoi Krapov. & W.C.Greg.,GBIF,4465507303,inat:193436394,HUMAN_OBSERVATION,2023-12-09T08:13:51,2023,MY,2.93559,101.704479,6.0,Putrajaya,,PRESENT,CONTINENT_DERIVED_FROM_COORDINATES|COORDINATE_ROUNDED|TAXON_ID_NOT_FOUND,iNaturalist research-grade observations,50c9509d-22c7-4a22-a47d-8c48425ef4a7,http://creativecommons.org/licenses/by-nc/4.0/legalcode,https://www.gbif.org/occurrence/4465507303,True,False
dcbc95ad32ed39a1b294eb01,arachis_pintoi,Arachis pintoi,Arachis pintoi Krapov. & W.C.Greg.,GBIF,4596944910,inat:202107433,HUMAN_OBSERVATION,2024-03-12T07:57:55,2024,MY,5.865875,117.952697,4.0,Sabah,,PRESENT,CONTINENT_DERIVED_FROM_COORDINATES|COORDINATE_ROUNDED|TAXON_ID_NOT_FOUND,iNaturalist research-grade observations,50c9509d-22c7-4a22-a47d-8c48425ef4a7,http://creativecommons.org/licenses/by-nc/4.0/legalcode,https://www.gbif.org/occurrence/4596944910,True,False
839e93bea79c4690aa162b7b,arachis_pintoi,Arachis pintoi,Arachis pintoi Krapov. & W.C.Greg.,GBIF,4891690027,inat:199246504,HUMAN_OBSERVATION,2024-02-07T10:14:28,2024,MY,4.385243,102.401385,12.0,Pahang,,PRESENT,CONTINENT_DERIVED_FROM_COORDINATES|COORDINATE_ROUNDED|TAXON_ID_NOT_FOUND,iNaturalist research-grade observations,50c9509d-22c7-4a22-a47d-8c48425ef4a7,http://creativecommons.org/publicdomain/zero/1.0/legalcode,https://www.gbif.org/occurrence/4891690027,True,False
55b8e14016a4bf1b4df2dc56,arachis_pintoi,Arachis pintoi,Arachis pintoi Krapov. & W.C.Greg.,GBIF,4936737135,inat:187888777,HUMAN_OBSERVATION,2023-09-22T08:45,2023,MY,5.873829,117.942612,15.0,Sabah,,PRESENT,CONTINENT_DERIVED_FROM_COORDINATES|COORDINATE_ROUNDED|TAXON_ID_NOT_FOUND,iNaturalist research-grade observations,50c9509d-22c7-4a22-a47d-8c48425ef4a7,http://creativecommons.org/licenses/by-nc/4.0/legalcode,https://www.gbif.org/occurrence/4936737135,True,False
cd1fc889a95cad4cd3be0908,arachis_pintoi,Arachis pintoi,Arachis pintoi Krapov. & W.C.Greg.,GBIF,4946701007,inat:241714633,HUMAN_OBSERVATION,2024-08-12T14:07:01,2024,MY,6.010694,116.540205,24.0,Sabah,,PRESENT,CONTINENT_DERIVED_FROM_COORDINATES|COORDINATE_ROUNDED|TAXON_ID_NOT_FOUND,iNaturalist research-grade observations,50c9509d-22c7-4a22-a47d-8c48425ef4a7,http://creativecommons.org/licenses/by-nc/4.0/legalcode,https://www.gbif.org/occurrence/4946701007,True,False
a9caeb43d4aa8ae72d1d0462,arachis_pintoi,Arachis pintoi,Arachis pintoi Krapov. & W.C.Greg.,GBIF,5014485041,,HUMAN_OBSERVATION,2009-07-07T00:00,2009,MY,5.166667,118.75,250.0,,"Tabin Wildlife Reserve, Sabah/Borneo",PRESENT,CONTINENT_DERIVED_FROM_COORDINATES|COORDINATE_ROUNDED|GEODETIC_DATUM_ASSUMED_WGS84,,6ac3f774-d9fb-4796-b3e9-92bf6c81c084,http://creativecommons.org/licenses/by/4.0/legalcode,https://www.gbif.org/occurrence/5014485041,True,False
33dd31ead2dab30a39ffb6c2,arachis_pintoi,Arachis pintoi,Arachis pintoi Krapov. & W.C.Greg.,GBIF,5063923111,inat:261011343,HUMAN_OBSERVATION,2016-02-27T05:48,2016,MY,3.125017,101.539317,500.0,Selangor,,PRESENT,CONTINENT_DERIVED_FROM_COORDINATES|COORDINATE_ROUNDED|TAXON_ID_NOT_FOUND,iNaturalist research-grade observations,50c9509d-22c7-4a22-a47d-8c48425ef4a7,http://creativecommons.org/licenses/by-nc/4.0/legalcode,https://www.gbif.org/occurrence/5063923111,True,False
66c3d4a21bd2b8f41ef1ff76,arachis_pintoi,Arachis pintoi,Arachis pintoi Krapov. & W.C.Greg.,GBIF,5154806003,inat:279870172,HUMAN_OBSERVATION,2025-05-10T13:45:56,2025,MY,6.022887,116.500235,3.0,Sabah,,PRESENT,CONTINENT_DERIVED_FROM_COORDINATES|COORDINATE_ROUNDED|TAXON_ID_NOT_FOUND,iNaturalist research-grade observations,50c9509d-22c7-4a22-a47d-8c48425ef4a7,http://creativecommons.org/licenses/by-nc/4.0/legalcode,https://www.gbif.org/occurrence/5154806003,True,False
9836f35ba8e28ffad245cced,arachis_pintoi,Arachis pintoi,Arachis pintoi Krapov. & W.C.Greg.,GBIF,5837439411,,HUMAN_OBSERVATION,2025-08-23T00:00,2025,MY,5.984472,116.573776,250.0,,Kundasang Town,PRESENT,CONTINENT_DERIVED_FROM_COORDINATES|COORDINATE_ROUNDED|GEODETIC_DATUM_ASSUMED_WGS84,,6ac3f774-d9fb-4796-b3e9-92bf6c81c084,http://creativecommons.org/licenses/by/4.0/legalcode,https://www.gbif.org/occurrence/5837439411,True,False
f2d3a88c351387a541354720,asclepias_curassavica,Asclepias curassavica,Asclepias curassavica L.,GBIF,1259099552,,PRESERVED_SPECIMEN,1977-04-02,1977,MY,5.91666,116.61666,,,7 km W of Ranau on the road to Kota Kinabalu,PRESENT,COLLECTION_MATCH_NONE|GEODETIC_DATUM_ASSUMED_WGS84|INSTITUTION_MATCH_FUZZY|TAXON_ID_NOT_FOUND,Tropicos,7bd65a7a-f762-11e1-a439-00145eb45e9a,http://creativecommons.org/licenses/by/4.0/legalcode,https://www.gbif.org/occurrence/1259099552,True,False
5ed8ac23c1cbfbe5574c2360,asclepias_curassavica,Asclepias curassavica,Asclepias curassavica L.,GBIF,2006049951,inat:20611209,HUMAN_OBSERVATION,2019-02-23T15:15:29,2019,MY,5.423716,100.269272,24.0,Pulau Pinang,,PRESENT,CONTINENT_DERIVED_FROM_COORDINATES|COORDINATE_ROUNDED|TAXON_ID_NOT_FOUND,iNaturalist research-grade observations,50c9509d-22c7-4a22-a47d-8c48425ef4a7,http://creativecommons.org/licenses/by-nc/4.0/legalcode,https://www.gbif.org/occurrence/2006049951,True,False
d5918282982edad5def0d519,asclepias_curassavica,Asclepias curassavica,Asclepias curassavica L.,GBIF,2028442317,inat:20611231,HUMAN_OBSERVATION,2019-02-23T15:15:42,2019,MY,5.423764,100.269337,6.0,Pulau Pinang,,PRESENT,CONTINENT_DERIVED_FROM_COORDINATES|COORDINATE_ROUNDED|TAXON_ID_NOT_FOUND,iNaturalist research-grade observations,50c9509d-22c7-4a22-a47d-8c48425ef4a7,http://creativecommons.org/licenses/by-nc/4.0/legalcode,https://www.gbif.org/occurrence/2028442317,True,False
c3b2b5c83dfc9ca7f4b784c3,asclepias_curassavica,Asclepias curassavica,Asclepias curassavica L.,GBIF,2236032052,,PRESERVED_SPECIMEN,1969-03-15,1969,MY,5.68,116.37,,Sabah,Tambunan.,PRESENT,GEODETIC_DATUM_ASSUMED_WGS84|OCCURRENCE_STATUS_INFERRED_FROM_INDIVIDUAL_COUNT,NMNH Extant Biology,821cc27a-e3bb-4bc5-ac34-89ada245069d,http://creativecommons.org/publicdomain/zero/1.0/legalcode,https://www.gbif.org/occurrence/2236032052,True,False
c07db90e313e259d667b83ed,asclepias_curassavica,Asclepias curassavica,Asclepias curassavica L.,GBIF,2242770963,inat:23538686,HUMAN_OBSERVATION,2019-04-28T09:57:54,2019,MY,4.471485,101.381113,5.0,Pahang,,PRESENT,CONTINENT_DERIVED_FROM_COORDINATES|COORDINATE_ROUNDED|TAXON_ID_NOT_FOUND,iNaturalist research-grade observations,50c9509d-22c7-4a22-a47d-8c48425ef4a7,http://creativecommons.org/licenses/by-nc/4.0/legalcode,https://www.gbif.org/occurrence/2242770963,True,False
3c4c720f3dc0cd8b87c0b93f,asclepias_curassavica,Asclepias curassavica,Asclepias curassavica L.,GBIF,2513260550,,PRESERVED_SPECIMEN,1985-03-10,1985,MY,4.78333,117.71667,,Borneo,Sungei Segama,PRESENT,,,15f819bd-6612-4447-854b-14d12ee1022d,http://creativecommons.org/publicdomain/zero/1.0/legalcode,https://www.gbif.org/occurrence/2513260550,True,False
8ccd5f9f9ddc42887e498072,asclepias_curassavica,Asclepias curassavica,Asclepias curassavica L.,GBIF,2513260724,,PRESERVED_SPECIMEN,1950-08-05,1950,MY,5.125,118.14167,,Borneo,Masuli,PRESENT,,,15f819bd-6612-4447-854b-14d12ee1022d,http://creativecommons.org/publicdomain/zero/1.0/legalcode,https://www.gbif.org/occurrence/2513260724,True,False
a1b39909cd7b687890aa1cb6,asclepias_curassavica,Asclepias curassavica,Asclepias curassavica L.,GBIF,2513261123,,PRESERVED_SPECIMEN,1984-08-25,1984,MY,4.92167,116.57167,,Borneo,Sungai Melikop CCL log area.,PRESENT,,,15f819bd-6612-4447-854b-14d12ee1022d,http://creativecommons.org/publicdomain/zero/1.0/legalcode,https://www.gbif.org/occurrence/2513261123,True,False
36b351c3cc871c4944f99b80,asclepias_curassavica,Asclepias curassavica,Asclepias curassavica L.,GBIF,2513261151,,PRESERVED_SPECIMEN,1968-12-24,1968,MY,4.86667,115.35,,Borneo,Along Sungai Pangi,PRESENT,,,15f819bd-6612-4447-854b-14d12ee1022d,http://creativecommons.org/publicdomain/zero/1.0/legalcode,https://www.gbif.org/occurrence/2513261151,True,False
338ecd9caebf83f43e75f28b,asclepias_curassavica,Asclepias curassavica,Asclepias curassavica L.,GBIF,2513261551,,PRESERVED_SPECIMEN,1985-09-09,1985,MY,5.33333,116.15,,Borneo,Kpg Limbawan,PRESENT,,,15f819bd-6612-4447-854b-14d12ee1022d,http://creativecommons.org/publicdomain/zero/1.0/legalcode,https://www.gbif.org/occurrence/2513261551,True,False
3d160e2bd095d8cc832c73fc,asclepias_curassavica,Asclepias curassavica,Asclepias curassavica L.,GBIF,2513261976,,PRESERVED_SPECIMEN,1988-03-19,1988,MY,4.96667,117.8,,Borneo,"Danum Valley km. 45, Lahad Datu.",PRESENT,,,15f819bd-6612-4447-854b-14d12ee1022d,http://creativecommons.org/publicdomain/zero/1.0/legalcode,https://www.gbif.org/occurrence/2513261976,True,False
e0a874307ba0b87797b2beb5,asclepias_curassavica,Asclepias curassavica,Asclepias curassavica L.,GBIF,2513262625,,PRESERVED_SPECIMEN,1983-08-16,1983,MY,6.51917,116.75,,Borneo,Between Kg. Marak Parak & Kg. Sorinsum  Bendau.,PRESENT,,,15f819bd-6612-4447-854b-14d12ee1022d,http://creativecommons.org/publicdomain/zero/1.0/legalcode,https://www.gbif.org/occurrence/2513262625,True,False
1c250936caadafdf9a7f9564,asclepias_curassavica,Asclepias curassavica,Asclepias curassavica L.,GBIF,2513263238,,PRESERVED_SPECIMEN,1969-03-15,1969,MY,5.68333,116.36667,,Borneo,Tambunan,PRESENT,,,15f819bd-6612-4447-854b-14d12ee1022d,http://creativecommons.org/publicdomain/zero/1.0/legalcode,https://www.gbif.org/occurrence/2513263238,True,False
0fa655d849fed5122c31b80a,asclepias_curassavica,Asclepias curassavica,Asclepias curassavica L.,GBIF,2513263302,,PRESERVED_SPECIMEN,1984-09-20,1984,MY,6.35,117.5,,Borneo,"Yau Sing Logged area, Sugut.",PRESENT,,,15f819bd-6612-4447-854b-14d12ee1022d,http://creativecommons.org/publicdomain/zero/1.0/legalcode,https://www.gbif.org/occurrence/2513263302,True,False
ee40d9f4ba3cba86e87a3d58,asclepias_curassavica,Asclepias curassavica,Asclepias curassavica L.,GBIF,2513263334,,PRESERVED_SPECIMEN,1933-05-05,1933,MY,5.18333,117.88333,,Borneo,Bole River,PRESENT,,,15f819bd-6612-4447-854b-14d12ee1022d,http://creativecommons.org/publicdomain/zero/1.0/legalcode,https://www.gbif.org/occurrence/2513263334,True,False
f7d56cea05f85bc77a20a88c,asclepias_curassavica,Asclepias curassavica,Asclepias curassavica L.,GBIF,2513263789,,PRESERVED_SPECIMEN,1922-10-01/1922-10-31,1922,MY,4.25,117.9,,Borneo,"Tawao, Elphinstone province, British North Borneo",PRESENT,,,15f819bd-6612-4447-854b-14d12ee1022d,http://creativecommons.org/publicdomain/zero/1.0/legalcode,https://www.gbif.org/occurrence/2513263789,True,False
f7ed990d535d32548a02ece1,asclepias_curassavica,Asclepias curassavica,Asclepias curassavica L.,GBIF,2513264078,,PRESERVED_SPECIMEN,1976-08-27,1976,MY,5.01667,117.78333,,Borneo,Ulu Sg Danum,PRESENT,,,15f819bd-6612-4447-854b-14d12ee1022d,http://creativecommons.org/publicdomain/zero/1.0/legalcode,https://www.gbif.org/occurrence/2513264078,True,False
d4a4a2acb5e3cd647328c56f,asclepias_curassavica,Asclepias curassavica,Asclepias curassavica L.,GBIF,2513264501,,PRESERVED_SPECIMEN,1983-11-14,1983,MY,5.53333,118.27167,,Borneo,Kpg. Sukau.,PRESENT,,,15f819bd-6612-4447-854b-14d12ee1022d,http://creativecommons.org/publicdomain/zero/1.0/legalcode,https://www.gbif.org/occurrence/2513264501,True,False
79a7933b97e97eea58629dfb,asclepias_curassavica,Asclepias curassavica,Asclepias curassavica L.,GBIF,2516777578,,PRESERVED_SPECIMEN,2008-11-01,2008,MY,5.6715,100.59077,,,"Flora of Malaya. Malaysia, Kedah, Baling, Baling, G. Baling.",PRESENT,,,15f819bd-6612-4447-854b-14d12ee1022d,http://creativecommons.org/publicdomain/zero/1.0/legalcode,https://www.gbif.org/occurrence/2516777578,True,False
8c98de19c224d25f3ced109e,asclepias_curassavica,Asclepias curassavica,Asclepias curassavica L.,GBIF,2517051671,,PRESERVED_SPECIMEN,1922-10-01/1922-10-31,1922,MY,4.25,117.9,,Borneo,"Tawao, Elphinstone province, British North Borneo",PRESENT,,,15f819bd-6612-4447-854b-14d12ee1022d,http://creativecommons.org/publicdomain/zero/1.0/legalcode,https://www.gbif.org/occurrence/2517051671,True,False
610d69f94c928a7bb096ddfa,asclepias_curassavica,Asclepias curassavica,Asclepias curassavica L.,GBIF,2644615879,,HUMAN_OBSERVATION,2019-04-06T02:58:02.089Z,2019,MY,4.471352,101.381113,3.0,,,PRESENT,CONTINENT_DERIVED_FROM_COORDINATES|COORDINATE_ROUNDED|COUNTRY_DERIVED_FROM_COORDINATES,,14d5676a-2c54-4f94-9023-1e8dcd822aa0,http://creativecommons.org/licenses/by/4.0/legalcode,https://www.gbif.org/occurrence/2644615879,True,False
0e151e8fb3d8dab9db08b2ca,asclepias_curassavica,Asclepias curassavica,Asclepias curassavica L.,GBIF,3414437801,,PRESERVED_SPECIMEN,1977-04-02,1977,MY,5.916667,116.616667,,,"Sabah, East Malaysia. 7 Km west of Ranau of the road to Kota Kinabalu.",PRESENT,COLLECTION_MATCH_FUZZY|GEODETIC_DATUM_ASSUMED_WGS84|INSTITUTION_MATCH_FUZZY|TAXON_ID_NOT_FOUND,,9781ce05-2379-4a10-ab3b-c91346510df8,http://creativecommons.org/licenses/by-nc/4.0/legalcode,https://www.gbif.org/occurrence/3414437801,True,False
bb44ba8173046f17d21c76f1,asclepias_curassavica,Asclepias curassavica,Asclepias curassavica L.,GBIF,3698174351,inat:71801326,HUMAN_OBSERVATION,2021-03-22T05:24,2021,MY,5.355661,100.301229,201.0,Pulau Pinang,,PRESENT,CONTINENT_DERIVED_FROM_COORDINATES|COORDINATE_ROUNDED|TAXON_ID_NOT_FOUND,iNaturalist research-grade observations,50c9509d-22c7-4a22-a47d-8c48425ef4a7,http://creativecommons.org/licenses/by-nc/4.0/legalcode,https://www.gbif.org/occurrence/3698174351,True,False
fee44e0cad32f65bbb6d395a,asclepias_curassavica,Asclepias curassavica,Asclepias curassavica L.,GBIF,3784669490,inat:116798089,HUMAN_OBSERVATION,2022-05-13T14:42:57,2022,MY,5.359357,100.300751,,Pulau Pinang,,PRESENT,CONTINENT_DERIVED_FROM_COORDINATES|COORDINATE_ROUNDED|TAXON_ID_NOT_FOUND,iNaturalist research-grade observations,50c9509d-22c7-4a22-a47d-8c48425ef4a7,http://creativecommons.org/licenses/by-nc/4.0/legalcode,https://www.gbif.org/occurrence/3784669490,True,False
456b27528e98f2e73798e088,asclepias_curassavica,Asclepias curassavica,Asclepias curassavica L.,GBIF,3957726475,,HUMAN_OBSERVATION,2019-07-31T05:50:55.524Z,2019,MY,4.477743,101.378769,,,,PRESENT,CONTINENT_DERIVED_FROM_COORDINATES|COORDINATE_ROUNDED|COUNTRY_DERIVED_FROM_COORDINATES,,14d5676a-2c54-4f94-9023-1e8dcd822aa0,http://creativecommons.org/licenses/by/4.0/legalcode,https://www.gbif.org/occurrence/3957726475,True,False
978b481b983f1e9afc0b6b0f,asclepias_curassavica,Asclepias curassavica,Asclepias curassavica L.,GBIF,3960350083,,HUMAN_OBSERVATION,2022-06-02T03:38:01.835Z,2022,MY,4.448491,101.422275,24.0,,,PRESENT,CONTINENT_DERIVED_FROM_COORDINATES|COORDINATE_ROUNDED|COUNTRY_DERIVED_FROM_COORDINATES,,14d5676a-2c54-4f94-9023-1e8dcd822aa0,http://creativecommons.org/licenses/by/4.0/legalcode,https://www.gbif.org/occurrence/3960350083,True,False
1dd645b16bb77764dfe1b28e,asclepias_curassavica,Asclepias curassavica,Asclepias curassavica L.,GBIF,4405280777,inat:179926199,HUMAN_OBSERVATION,2023-08-24T12:15:16,2023,MY,6.017089,116.591773,18.0,Sabah,,PRESENT,CONTINENT_DERIVED_FROM_COORDINATES|COORDINATE_ROUNDED|TAXON_ID_NOT_FOUND,iNaturalist research-grade observations,50c9509d-22c7-4a22-a47d-8c48425ef4a7,http://creativecommons.org/licenses/by-nc/4.0/legalcode,https://www.gbif.org/occurrence/4405280777,True,False
79900fef0d01937cea6359b6,asclepias_curassavica,Asclepias curassavica,Asclepias curassavica L.,GBIF,4458511525,inat:193107322,HUMAN_OBSERVATION,2023-12-05T12:52:44,2023,MY,5.422733,100.265445,4.0,Pulau Pinang,,PRESENT,CONTINENT_DERIVED_FROM_COORDINATES|COORDINATE_ROUNDED|TAXON_ID_NOT_FOUND,iNaturalist research-grade observations,50c9509d-22c7-4a22-a47d-8c48425ef4a7,http://creativecommons.org/licenses/by-nc/4.0/legalcode,https://www.gbif.org/occurrence/4458511525,True,False
b885db33f28322afa99fe692,asclepias_curassavica,Asclepias curassavica,Asclepias curassavica L.,GBIF,4507696741,inat:195351510,HUMAN_OBSERVATION,2023-12-16T11:54,2023,MY,2.944845,101.695237,31.0,Selangor,,PRESENT,CONTINENT_DERIVED_FROM_COORDINATES|COORDINATE_ROUNDED|TAXON_ID_NOT_FOUND,iNaturalist research-grade observations,50c9509d-22c7-4a22-a47d-8c48425ef4a7,http://creativecommons.org/licenses/by-nc/4.0/legalcode,https://www.gbif.org/occurrence/4507696741,True,False
3c890aa25fa11588f8a76cc1,asclepias_curassavica,Asclepias curassavica,Asclepias curassavica L.,GBIF,4852801719,inat:51863549,HUMAN_OBSERVATION,2020-07-04T10:06:26,2020,MY,6.033205,116.604341,7.0,Sabah,,PRESENT,CONTINENT_DERIVED_FROM_COORDINATES|COORDINATE_ROUNDED|TAXON_ID_NOT_FOUND,iNaturalist research-grade observations,50c9509d-22c7-4a22-a47d-8c48425ef4a7,http://creativecommons.org/licenses/by-nc/4.0/legalcode,https://www.gbif.org/occurrence/4852801719,True,False
c47088dfce2ac555ae1d7a94,asclepias_curassavica,Asclepias curassavica,Asclepias curassavica L.,GBIF,4855534880,inat:212804793,HUMAN_OBSERVATION,2024-05-01T17:34:52,2024,MY,4.468125,101.385622,26.0,Pahang,,PRESENT,CONTINENT_DERIVED_FROM_COORDINATES|COORDINATE_ROUNDED|TAXON_ID_NOT_FOUND,iNaturalist research-grade observations,50c9509d-22c7-4a22-a47d-8c48425ef4a7,http://creativecommons.org/licenses/by-nc/4.0/legalcode,https://www.gbif.org/occurrence/4855534880,True,False
98c459980e8e9c1b94f05f73,asclepias_curassavica,Asclepias curassavica,Asclepias curassavica L.,GBIF,4872126337,inat:217886499,HUMAN_OBSERVATION,2024-05-24T18:07:14,2024,MY,3.59734,102.539232,10.0,Pahang,,PRESENT,CONTINENT_DERIVED_FROM_COORDINATES|COORDINATE_ROUNDED|TAXON_ID_NOT_FOUND,iNaturalist research-grade observations,50c9509d-22c7-4a22-a47d-8c48425ef4a7,http://creativecommons.org/licenses/by-nc/4.0/legalcode,https://www.gbif.org/occurrence/4872126337,True,False
6df59ffd0a2abf95fad1dc51,asclepias_curassavica,Asclepias curassavica,Asclepias curassavica L.,GBIF,4936525328,inat:177283730,HUMAN_OBSERVATION,2023-08-07T09:50:53,2023,MY,5.422728,100.265488,4.0,Pulau Pinang,,PRESENT,CONTINENT_DERIVED_FROM_COORDINATES|COORDINATE_ROUNDED|TAXON_ID_NOT_FOUND,iNaturalist research-grade observations,50c9509d-22c7-4a22-a47d-8c48425ef4a7,http://creativecommons.org/licenses/by-nc/4.0/legalcode,https://www.gbif.org/occurrence/4936525328,True,False
e8267cdeb9c92fa172d60aef,asclepias_curassavica,Asclepias curassavica,Asclepias curassavica L.,GBIF,5088002370,inat:265482335,HUMAN_OBSERVATION,2025-03-16T08:19:22,2025,MY,4.507708,101.407711,,Pahang,,PRESENT,CONTINENT_DERIVED_FROM_COORDINATES|COORDINATE_ROUNDED|TAXON_ID_NOT_FOUND,iNaturalist research-grade observations,50c9509d-22c7-4a22-a47d-8c48425ef4a7,http://creativecommons.org/licenses/by/4.0/legalcode,https://www.gbif.org/occurrence/5088002370,True,False
ca77aacf695a1ca55eac9f41,asclepias_curassavica,Asclepias curassavica,Asclepias curassavica L.,GBIF,5088081787,inat:265482513,HUMAN_OBSERVATION,2025-03-16T08:16:12,2025,MY,4.507708,101.407711,,Pahang,,PRESENT,CONTINENT_DERIVED_FROM_COORDINATES|COORDINATE_ROUNDED|TAXON_ID_NOT_FOUND,iNaturalist research-grade observations,50c9509d-22c7-4a22-a47d-8c48425ef4a7,http://creativecommons.org/licenses/by/4.0/legalcode,https://www.gbif.org/occurrence/5088081787,True,False
cc77b5e7f4ad534a833e8f68,asclepias_curassavica,Asclepias curassavica,Asclepias curassavica L.,GBIF,5230541454,inat:206755239,HUMAN_OBSERVATION,2024-04-04T15:24,2024,MY,5.685282,118.381269,211.0,Sabah,,PRESENT,CONTINENT_DERIVED_FROM_COORDINATES|COORDINATE_ROUNDED|TAXON_ID_NOT_FOUND,iNaturalist research-grade observations,50c9509d-22c7-4a22-a47d-8c48425ef4a7,http://creativecommons.org/licenses/by-nc/4.0/legalcode,https://www.gbif.org/occurrence/5230541454,True,False
b84e4b9539d96d39eb07d75a,asclepias_curassavica,Asclepias curassavica,Asclepias curassavica L.,GBIF,5231564313,inat:296865966,HUMAN_OBSERVATION,2025-06-25T10:07,2025,MY,5.034303,117.755219,1.0,Sabah,,PRESENT,CONTINENT_DERIVED_FROM_COORDINATES|COORDINATE_ROUNDED|TAXON_ID_NOT_FOUND,iNaturalist research-grade observations,50c9509d-22c7-4a22-a47d-8c48425ef4a7,http://creativecommons.org/licenses/by-nc/4.0/legalcode,https://www.gbif.org/occurrence/5231564313,True,False
da4dd7da16398b98615726a3,asclepias_curassavica,Asclepias curassavica,Asclepias curassavica L.,GBIF,5838146584,inat:315378988,HUMAN_OBSERVATION,2025-09-21T07:03:49,2025,MY,4.516268,101.406821,63.0,Pahang,,PRESENT,CONTINENT_DERIVED_FROM_COORDINATES|COORDINATE_ROUNDED|TAXON_ID_NOT_FOUND,iNaturalist research-grade observations,50c9509d-22c7-4a22-a47d-8c48425ef4a7,http://creativecommons.org/licenses/by-nc/4.0/legalcode,https://www.gbif.org/occurrence/5838146584,True,False
9be8c418da7dd901884aa232,asclepias_curassavica,Asclepias curassavica,Asclepias curassavica L.,GBIF,6131408644,inat:20650667,HUMAN_OBSERVATION,2019-02-23T20:02,2019,MY,5.344018,100.296638,22.0,Pulau Pinang,,PRESENT,CONTINENT_DERIVED_FROM_COORDINATES|COORDINATE_ROUNDED|TAXON_ID_NOT_FOUND,iNaturalist research-grade observations,50c9509d-22c7-4a22-a47d-8c48425ef4a7,http://creativecommons.org/licenses/by-nc/4.0/legalcode,https://www.gbif.org/occurrence/6131408644,True,False
5786c2b1cb7f6ca8c4b71041,asclepias_curassavica,Asclepias curassavica,Asclepias curassavica L.,GBIF,6159699679,inat:338297591,HUMAN_OBSERVATION,2026-02-12T13:39:29,2026,MY,4.467522,101.383438,4.0,Pahang,,PRESENT,CONTINENT_DERIVED_FROM_COORDINATES|COORDINATE_ROUNDED|TAXON_ID_NOT_FOUND,iNaturalist research-grade observations,50c9509d-22c7-4a22-a47d-8c48425ef4a7,http://creativecommons.org/licenses/by-nc/4.0/legalcode,https://www.gbif.org/occurrence/6159699679,True,False
7dc4590ab01804854c9657eb,asclepias_curassavica,Asclepias curassavica,Asclepias curassavica L.,GBIF,6469908512,inat:385597126,HUMAN_OBSERVATION,2026-07-27T17:22:08,2026,MY,5.42265,100.265305,,Pulau Pinang,,PRESENT,CONTINENT_DERIVED_FROM_COORDINATES|COORDINATE_ROUNDED|TAXON_ID_NOT_FOUND,iNaturalist research-grade observations,50c9509d-22c7-4a22-a47d-8c48425ef4a7,http://creativecommons.org/licenses/by-nc/4.0/legalcode,https://www.gbif.org/occurrence/6469908512,True,False
c378c7f62ca28b4ba5e7174a,asclepias_curassavica,Asclepias curassavica,Asclepias curassavica L.,GBIF,912490231,,PRESERVED_SPECIMEN,,,MY,5.016667,117.8,,,Danum valley,PRESENT,CONTINENT_DERIVED_FROM_COORDINATES|COORDINATE_ROUNDED|GEODETIC_DATUM_ASSUMED_WGS84|INSTITUTION_COLLECTION_MISMATCH|INSTITUTION_MATCH_FUZZY,,cd6e21c8-9e8a-493a-8a76-fbf7862069e5,http://creativecommons.org/licenses/by/4.0/legalcode,https://www.gbif.org/occurrence/912490231,True,False
fb1f8b9cc8b6d59635ab0ec5,asclepias_curassavica,Asclepias curassavica,Asclepias curassavica L.,GBIF,912490291,,PRESERVED_SPECIMEN,,,MY,5.016667,117.8,,,"Danum valley, Trail to Tembaling waterfall",PRESENT,CONTINENT_DERIVED_FROM_COORDINATES|COORDINATE_ROUNDED|GEODETIC_DATUM_ASSUMED_WGS84|INSTITUTION_COLLECTION_MISMATCH|INSTITUTION_MATCH_FUZZY,,cd6e21c8-9e8a-493a-8a76-fbf7862069e5,http://creativecommons.org/licenses/by/4.0/legalcode,https://www.gbif.org/occurrence/912490291,True,False
bb0298b96b5b1f4f7cb42eeb,bidens_pilosa,Bidens pilosa,Bidens pilosa L.,GBIF,1424130188,,PRESERVED_SPECIMEN,1995-09-18,1995,MY,6.566667,116.55,,,"State of Sabah. Poring Hot Springs, Kinabalu Park, Laganan waterfalls.",PRESENT,COLLECTION_MATCH_FUZZY|CONTINENT_DERIVED_FROM_COORDINATES|COORDINATE_ROUNDED|GEODETIC_DATUM_ASSUMED_WGS84|INSTITUTION_MATCH_FUZZY,RB - Rio de Janeiro Botanical Garden Herbarium Collection,4300f8d5-1ae5-49e5-a101-63894b005868,http://creativecommons.org/licenses/by/4.0/legalcode,https://www.gbif.org/occurrence/1424130188,True,False
4aff891982db956dcd155714,bidens_pilosa,Bidens pilosa,Bidens pilosa L.,GBIF,1456009400,,PRESERVED_SPECIMEN,1983-09-04,1983,MY,5.82,116.33,,Sabah,"Sabah. Tambunan District: Crocker Range, Km 55 on Kota Kinablu-Tambunan Road",PRESENT,GEODETIC_DATUM_ASSUMED_WGS84|OCCURRENCE_STATUS_INFERRED_FROM_INDIVIDUAL_COUNT,NMNH Extant Biology,821cc27a-e3bb-4bc5-ac34-89ada245069d,http://creativecommons.org/publicdomain/zero/1.0/legalcode,https://www.gbif.org/occurrence/1456009400,True,False
2060c9a82c4bd14e195322a0,bidens_pilosa,Bidens pilosa,Bidens pilosa L.,GBIF,1841298963,inat:11992680,HUMAN_OBSERVATION,2018-04-30T18:51,2018,MY,3.112548,101.580137,224.0,Selangor,,PRESENT,CONTINENT_DERIVED_FROM_COORDINATES|COORDINATE_ROUNDED|TAXON_ID_NOT_FOUND,iNaturalist research-grade observations,50c9509d-22c7-4a22-a47d-8c48425ef4a7,http://creativecommons.org/licenses/by-nc/4.0/legalcode,https://www.gbif.org/occurrence/1841298963,True,True
73c37860cd23cb2f8096cdd6,bidens_pilosa,Bidens pilosa,Bidens pilosa L.,GBIF,1841298994,inat:11992679,HUMAN_OBSERVATION,2018-04-30T18:51,2018,MY,3.112548,101.580137,224.0,Selangor,,PRESENT,CONTINENT_DERIVED_FROM_COORDINATES|COORDINATE_ROUNDED|TAXON_ID_NOT_FOUND,iNaturalist research-grade observations,50c9509d-22c7-4a22-a47d-8c48425ef4a7,http://creativecommons.org/licenses/by-nc/4.0/legalcode,https://www.gbif.org/occurrence/1841298994,True,True
c4280eec2da084afbbfafbe8,bidens_pilosa,Bidens pilosa,Bidens pilosa L.,GBIF,1841299017,inat:11992675,HUMAN_OBSERVATION,2018-04-30T18:51,2018,MY,3.112548,101.580137,224.0,Selangor,,PRESENT,CONTINENT_DERIVED_FROM_COORDINATES|COORDINATE_ROUNDED|TAXON_ID_NOT_FOUND,iNaturalist research-grade observations,50c9509d-22c7-4a22-a47d-8c48425ef4a7,http://creativecommons.org/licenses/by-nc/4.0/legalcode,https://www.gbif.org/occurrence/1841299017,True,True
6623e3da5995840cc06034e6,bidens_pilosa,Bidens pilosa,Bidens pilosa L.,GBIF,1841299025,inat:11992678,HUMAN_OBSERVATION,2018-04-30T18:51,2018,MY,3.112548,101.580137,224.0,Selangor,,PRESENT,CONTINENT_DERIVED_FROM_COORDINATES|COORDINATE_ROUNDED|TAXON_ID_NOT_FOUND,iNaturalist research-grade observations,50c9509d-22c7-4a22-a47d-8c48425ef4a7,http://creativecommons.org/licenses/by-nc/4.0/legalcode,https://www.gbif.org/occurrence/1841299025,True,True
e951017d4165c84797067976,bidens_pilosa,Bidens pilosa,Bidens pilosa L.,GBIF,1841299089,inat:11992677,HUMAN_OBSERVATION,2018-04-30T18:51,2018,MY,3.112548,101.580137,224.0,Selangor,,PRESENT,CONTINENT_DERIVED_FROM_COORDINATES|COORDINATE_ROUNDED|TAXON_ID_NOT_FOUND,iNaturalist research-grade observations,50c9509d-22c7-4a22-a47d-8c48425ef4a7,http://creativecommons.org/licenses/by-nc/4.0/legalcode,https://www.gbif.org/occurrence/1841299089,True,True
e56cd8883a97a00282ad242a,bidens_pilosa,Bidens pilosa,Bidens pilosa L.,GBIF,1841299312,inat:11993971,HUMAN_OBSERVATION,2018-04-30T19:03,2018,MY,3.112677,101.580158,224.0,Selangor,,PRESENT,CONTINENT_DERIVED_FROM_COORDINATES|COORDINATE_ROUNDED|TAXON_ID_NOT_FOUND,iNaturalist research-grade observations,50c9509d-22c7-4a22-a47d-8c48425ef4a7,http://creativecommons.org/licenses/by-nc/4.0/legalcode,https://www.gbif.org/occurrence/1841299312,True,True
8ff0d70240fcd1e030b93a70,bidens_pilosa,Bidens pilosa,Bidens pilosa L.,GBIF,1841299313,inat:11993985,HUMAN_OBSERVATION,2018-04-30T19:03,2018,MY,3.112677,101.580158,224.0,Selangor,,PRESENT,CONTINENT_DERIVED_FROM_COORDINATES|COORDINATE_ROUNDED|TAXON_ID_NOT_FOUND,iNaturalist research-grade observations,50c9509d-22c7-4a22-a47d-8c48425ef4a7,http://creativecommons.org/licenses/by-nc/4.0/legalcode,https://www.gbif.org/occurrence/1841299313,True,True
8ab7855c1b26feb9eb6764f5,bidens_pilosa,Bidens pilosa,Bidens pilosa L.,GBIF,1841299320,inat:11993941,HUMAN_OBSERVATION,2018-04-30T19:02,2018,MY,3.112677,101.580158,224.0,Selangor,,PRESENT,CONTINENT_DERIVED_FROM_COORDINATES|COORDINATE_ROUNDED|TAXON_ID_NOT_FOUND,iNaturalist research-grade observations,50c9509d-22c7-4a22-a47d-8c48425ef4a7,http://creativecommons.org/licenses/by-nc/4.0/legalcode,https://www.gbif.org/occurrence/1841299320,True,True
7d8919f3a443df6b00d90118,bidens_pilosa,Bidens pilosa,Bidens pilosa L.,GBIF,1841299377,inat:11994073,HUMAN_OBSERVATION,2018-04-30T19:05,2018,MY,3.112677,101.580158,224.0,Selangor,,PRESENT,CONTINENT_DERIVED_FROM_COORDINATES|COORDINATE_ROUNDED|TAXON_ID_NOT_FOUND,iNaturalist research-grade observations,50c9509d-22c7-4a22-a47d-8c48425ef4a7,http://creativecommons.org/licenses/by-nc/4.0/legalcode,https://www.gbif.org/occurrence/1841299377,True,True
b1f6bce90ad1d0f2ca2ada8e,bidens_pilosa,Bidens pilosa,Bidens pilosa L.,GBIF,1901087093,inat:16281828,HUMAN_OBSERVATION,2018-09-07T16:25:19,2018,MY,2.864583,101.678087,3.0,Selangor,,PRESENT,CONTINENT_DERIVED_FROM_COORDINATES|COORDINATE_ROUNDED|TAXON_ID_NOT_FOUND,iNaturalist research-grade observations,50c9509d-22c7-4a22-a47d-8c48425ef4a7,http://creativecommons.org/licenses/by-nc/4.0/legalcode,https://www.gbif.org/occurrence/1901087093,True,True
da6415d75ae5208765edd04a,bidens_pilosa,Bidens pilosa,Bidens pilosa L.,GBIF,1935623983,inat:18246679,HUMAN_OBSERVATION,2018-11-06T13:00,2018,MY,2.409403,101.853135,105.0,Negeri Sembilan,,PRESENT,CONTINENT_DERIVED_FROM_COORDINATES|COORDINATE_ROUNDED|TAXON_ID_NOT_FOUND,iNaturalist research-grade observations,50c9509d-22c7-4a22-a47d-8c48425ef4a7,http://creativecommons.org/licenses/by/4.0/legalcode,https://www.gbif.org/occurrence/1935623983,True,True
bd68b52e43138acc13e809de,bidens_pilosa,Bidens pilosa,Bidens pilosa L.,GBIF,1949990416,inat:18877167,HUMAN_OBSERVATION,2018-12-05T08:28:09,2018,MY,4.663102,101.102395,4.0,Perak,,PRESENT,CONTINENT_DERIVED_FROM_COORDINATES|COORDINATE_ROUNDED|TAXON_ID_NOT_FOUND,iNaturalist research-grade observations,50c9509d-22c7-4a22-a47d-8c48425ef4a7,http://creativecommons.org/licenses/by-nc/4.0/legalcode,https://www.gbif.org/occurrence/1949990416,True,True
7a194988ee4f34ee733861f1,bidens_pilosa,Bidens pilosa,Bidens pilosa L.,GBIF,2006051751,inat:20680336,HUMAN_OBSERVATION,2019-02-23T22:51:33,2019,MY,5.378516,100.301771,10.0,Pulau Pinang,,PRESENT,CONTINENT_DERIVED_FROM_COORDINATES|COORDINATE_ROUNDED|TAXON_ID_NOT_FOUND,iNaturalist research-grade observations,50c9509d-22c7-4a22-a47d-8c48425ef4a7,http://creativecommons.org/licenses/by-nc/4.0/legalcode,https://www.gbif.org/occurrence/2006051751,True,True
4797f08feb44e407684e8763,bidens_pilosa,Bidens pilosa,Bidens pilosa L.,GBIF,2242820129,inat:24492491,HUMAN_OBSERVATION,2019-04-29T18:52,2019,MY,3.1253,101.667648,,Kuala Lumpur,,PRESENT,CONTINENT_DERIVED_FROM_COORDINATES|COORDINATE_ROUNDED|TAXON_ID_NOT_FOUND,iNaturalist research-grade observations,50c9509d-22c7-4a22-a47d-8c48425ef4a7,http://creativecommons.org/licenses/by-nc/4.0/legalcode,https://www.gbif.org/occurrence/2242820129,True,False
78f60e861892432cf0cd8192,bidens_pilosa,Bidens pilosa,Bidens pilosa L.,GBIF,2242820645,inat:24489846,HUMAN_OBSERVATION,2019-04-29T18:05,2019,MY,3.124026,101.668423,,Kuala Lumpur,,PRESENT,CONTINENT_DERIVED_FROM_COORDINATES|COORDINATE_ROUNDED|TAXON_ID_NOT_FOUND,iNaturalist research-grade observations,50c9509d-22c7-4a22-a47d-8c48425ef4a7,http://creativecommons.org/licenses/by-nc/4.0/legalcode,https://www.gbif.org/occurrence/2242820645,True,False
148963c026b322a3e578332d,bidens_pilosa,Bidens pilosa,Bidens pilosa L.,GBIF,2242820821,inat:24489840,HUMAN_OBSERVATION,2019-04-29T18:03,2019,MY,3.124026,101.668423,,Kuala Lumpur,,PRESENT,CONTINENT_DERIVED_FROM_COORDINATES|COORDINATE_ROUNDED|TAXON_ID_NOT_FOUND,iNaturalist research-grade observations,50c9509d-22c7-4a22-a47d-8c48425ef4a7,http://creativecommons.org/licenses/by-nc/4.0/legalcode,https://www.gbif.org/occurrence/2242820821,True,False
6fd0604cd748395cf09f3035,bidens_pilosa,Bidens pilosa,Bidens pilosa L.,GBIF,2242820994,inat:24491400,HUMAN_OBSERVATION,2019-04-29T18:30,2019,MY,3.12545,101.667637,,Kuala Lumpur,,PRESENT,CONTINENT_DERIVED_FROM_COORDINATES|COORDINATE_ROUNDED|TAXON_ID_NOT_FOUND,iNaturalist research-grade observations,50c9509d-22c7-4a22-a47d-8c48425ef4a7,http://creativecommons.org/licenses/by-nc/4.0/legalcode,https://www.gbif.org/occurrence/2242820994,True,False
a4ad1cf3108f0bc5bddff211,bidens_pilosa,Bidens pilosa,Bidens pilosa L.,GBIF,2242821779,inat:24488032,HUMAN_OBSERVATION,2019-04-29T15:11,2019,MY,3.124026,101.668423,,Kuala Lumpur,,PRESENT,CONTINENT_DERIVED_FROM_COORDINATES|COORDINATE_ROUNDED|TAXON_ID_NOT_FOUND,iNaturalist research-grade observations,50c9509d-22c7-4a22-a47d-8c48425ef4a7,http://creativecommons.org/licenses/by-nc/4.0/legalcode,https://www.gbif.org/occurrence/2242821779,True,False
5f9a07f2ec63f7bb75be674c,bidens_pilosa,Bidens pilosa,Bidens pilosa L.,GBIF,2242822128,inat:24495783,HUMAN_OBSERVATION,2019-04-29T23:21,2019,MY,3.1356,101.657903,,Kuala Lumpur,,PRESENT,CONTINENT_DERIVED_FROM_COORDINATES|COORDINATE_ROUNDED|TAXON_ID_NOT_FOUND,iNaturalist research-grade observations,50c9509d-22c7-4a22-a47d-8c48425ef4a7,http://creativecommons.org/licenses/by-nc/4.0/legalcode,https://www.gbif.org/occurrence/2242822128,True,False
15fa82e0d7f0d1633e792f14,bidens_pilosa,Bidens pilosa,Bidens pilosa L.,GBIF,2242822149,inat:24491392,HUMAN_OBSERVATION,2019-04-29T18:25,2019,MY,3.124903,101.667937,,Kuala Lumpur,,PRESENT,CONTINENT_DERIVED_FROM_COORDINATES|COORDINATE_ROUNDED|TAXON_ID_NOT_FOUND,iNaturalist research-grade observations,50c9509d-22c7-4a22-a47d-8c48425ef4a7,http://creativecommons.org/licenses/by-nc/4.0/legalcode,https://www.gbif.org/occurrence/2242822149,True,False
40f9f08b568aa7099788b132,bidens_pilosa,Bidens pilosa,Bidens pilosa L.,GBIF,2242825249,inat:24496220,HUMAN_OBSERVATION,2019-04-29T23:49,2019,MY,3.135343,101.658279,,Kuala Lumpur,,PRESENT,CONTINENT_DERIVED_FROM_COORDINATES|COORDINATE_ROUNDED|TAXON_ID_NOT_FOUND,iNaturalist research-grade observations,50c9509d-22c7-4a22-a47d-8c48425ef4a7,http://creativecommons.org/licenses/by-nc/4.0/legalcode,https://www.gbif.org/occurrence/2242825249,True,False
459577f01903d113f6168de8,bidens_pilosa,Bidens pilosa,Bidens pilosa L.,GBIF,2242904037,inat:24789624,HUMAN_OBSERVATION,2019-05-09T00:19:30,2019,MY,2.981145,101.804637,66.0,Selangor,,PRESENT,CONTINENT_DERIVED_FROM_COORDINATES|COORDINATE_ROUNDED|TAXON_ID_NOT_FOUND,iNaturalist research-grade observations,50c9509d-22c7-4a22-a47d-8c48425ef4a7,http://creativecommons.org/licenses/by-nc/4.0/legalcode,https://www.gbif.org/occurrence/2242904037,True,True
7e921d991cd9525a60cc8955,bidens_pilosa,Bidens pilosa,Bidens pilosa L.,GBIF,2251919689,inat:25866027,HUMAN_OBSERVATION,2019-05-27T18:03:56,2019,MY,3.036656,101.611125,31.0,Selangor,,PRESENT,CONTINENT_DERIVED_FROM_COORDINATES|COORDINATE_ROUNDED|TAXON_ID_NOT_FOUND,iNaturalist research-grade observations,50c9509d-22c7-4a22-a47d-8c48425ef4a7,http://creativecommons.org/licenses/by-nc/4.0/legalcode,https://www.gbif.org/occurrence/2251919689,True,True
114be8c6235178f5a114522a,bidens_pilosa,Bidens pilosa,Bidens pilosa L.,GBIF,2311308891,inat:29435922,HUMAN_OBSERVATION,2019-07-24T11:54:25,2019,MY,4.670245,101.197897,11.0,Perak,,PRESENT,CONTINENT_DERIVED_FROM_COORDINATES|COORDINATE_ROUNDED|TAXON_ID_NOT_FOUND,iNaturalist research-grade observations,50c9509d-22c7-4a22-a47d-8c48425ef4a7,http://creativecommons.org/licenses/by-nc/4.0/legalcode,https://www.gbif.org/occurrence/2311308891,True,True
acc0a9be83c8a37d747e344d,bidens_pilosa,Bidens pilosa,Bidens pilosa L.,GBIF,2514591000,,PRESERVED_SPECIMEN,1983-09-04,1983,MY,5.81667,116.33333,,Borneo,"Sabah, Tambunan district, Crocker Range, km 55 on Kota Kinabalu - Tambunan Road",PRESENT,,,15f819bd-6612-4447-854b-14d12ee1022d,http://creativecommons.org/publicdomain/zero/1.0/legalcode,https://www.gbif.org/occurrence/2514591000,True,False
1de3a653f14f21d41873c5f7,bidens_pilosa,Bidens pilosa,Bidens pilosa L.,GBIF,2514707782,,PRESERVED_SPECIMEN,1987-02-14,1987,MY,3.41667,101.75,,,"Malaysia: Pahang, Dist. of Bentung, Genting Highlands, vicinity of the Genting Hotel, waste areas; with white rays.",PRESENT,,,15f819bd-6612-4447-854b-14d12ee1022d,http://creativecommons.org/publicdomain/zero/1.0/legalcode,https://www.gbif.org/occurrence/2514707782,True,False
32c1e4a8da318b0bffbe1345,bidens_pilosa,Bidens pilosa,Bidens pilosa L.,GBIF,2514726782,,PRESERVED_SPECIMEN,1974-11-09,1974,MY,3.75,115.45,,Borneo,"Sarawak, along path to Masap Aru Dalun, Bario, Baram District, 4th Div.",PRESENT,,,15f819bd-6612-4447-854b-14d12ee1022d,http://creativecommons.org/publicdomain/zero/1.0/legalcode,https://www.gbif.org/occurrence/2514726782,True,False
285e500994d499a534dcee00,bidens_pilosa,Bidens pilosa,Bidens pilosa L.,GBIF,2516349027,,PRESERVED_SPECIMEN,1922-10-01/1922-10-31,1922,MY,4.25,117.9,,Borneo,"Tawao, Elphinstone Prov., British North Borneo",PRESENT,,,15f819bd-6612-4447-854b-14d12ee1022d,http://creativecommons.org/publicdomain/zero/1.0/legalcode,https://www.gbif.org/occurrence/2516349027,True,False
d3cb289f6ac6d0c9ce7aea1d,bidens_pilosa,Bidens pilosa,Bidens pilosa L.,GBIF,2516529690,,PRESERVED_SPECIMEN,1969-01-04,1969,MY,5.86667,116.51667,,Borneo,"Sabah, Kinabalu National Park, along the road between Headquarters and Tenompok",PRESENT,,,15f819bd-6612-4447-854b-14d12ee1022d,http://creativecommons.org/publicdomain/zero/1.0/legalcode,https://www.gbif.org/occurrence/2516529690,True,False
9cace777831dcec70a881449,bidens_pilosa,Bidens pilosa,Bidens pilosa L.,GBIF,2516529850,,PRESERVED_SPECIMEN,1978-08-05,1978,MY,6.06667,116.56667,,Borneo,"Sabah, Mt. Kinabalu, Panar Laban",PRESENT,TAXON_MATCH_FUZZY,,15f819bd-6612-4447-854b-14d12ee1022d,http://creativecommons.org/publicdomain/zero/1.0/legalcode,https://www.gbif.org/occurrence/2516529850,True,False
4494cfa377d6555f3abe0a13,bidens_pilosa,Bidens pilosa,Bidens pilosa L.,GBIF,2516644283,,PRESERVED_SPECIMEN,2008-03-24,2008,MY,3.41667,101.78056,,,"Flora of Malaya, Malaysia, pahang, Bentung, Genting Highlands, G. Ulu Kali, Roadside, road to tele-communication tower.",PRESENT,,,15f819bd-6612-4447-854b-14d12ee1022d,http://creativecommons.org/publicdomain/zero/1.0/legalcode,https://www.gbif.org/occurrence/2516644283,True,False
ad0c339f622344cfd4c6b541,bidens_pilosa,Bidens pilosa,Bidens pilosa L.,GBIF,2516725698,,PRESERVED_SPECIMEN,1974-11-09,1974,MY,3.75,115.45,,Borneo,"Sarawak, along path to Masap Aru Dalun, Bario, Baram District, 4th Div.",PRESENT,,,15f819bd-6612-4447-854b-14d12ee1022d,http://creativecommons.org/publicdomain/zero/1.0/legalcode,https://www.gbif.org/occurrence/2516725698,True,False
7ec6537db563d031dd690d0e,bidens_pilosa,Bidens pilosa,Bidens pilosa L.,GBIF,2516833044,,PRESERVED_SPECIMEN,2008-04-11,2008,MY,2.84139,102.07833,,,"Flora of Malaya, Malaysia, Negeri Sembilan, Jelebu, G. Telapak Buruk, summit.",PRESENT,,,15f819bd-6612-4447-854b-14d12ee1022d,http://creativecommons.org/publicdomain/zero/1.0/legalcode,https://www.gbif.org/occurrence/2516833044,True,False
b6018406f5bb44ca4f43dda7,bidens_pilosa,Bidens pilosa,Bidens pilosa L.,GBIF,2517068266,,PRESERVED_SPECIMEN,1922-10-01/1922-10-31,1922,MY,4.25,117.9,,Borneo,"Tawao, Elphinstone Prov., British North Borneo",PRESENT,,,15f819bd-6612-4447-854b-14d12ee1022d,http://creativecommons.org/publicdomain/zero/1.0/legalcode,https://www.gbif.org/occurrence/2517068266,True,False
615ad790030fd6d0e4c15f4c,bidens_pilosa,Bidens pilosa,Bidens pilosa L.,GBIF,2574132910,inat:23130316,HUMAN_OBSERVATION,2019-04-26T16:14,2019,MY,2.983501,101.734764,488.0,Selangor,,PRESENT,CONTINENT_DERIVED_FROM_COORDINATES|COORDINATE_ROUNDED|TAXON_ID_NOT_FOUND,iNaturalist research-grade observations,50c9509d-22c7-4a22-a47d-8c48425ef4a7,http://creativecommons.org/licenses/by-nc/4.0/legalcode,https://www.gbif.org/occurrence/2574132910,True,True
c5ae0d7446c66ed6f8773f11,bidens_pilosa,Bidens pilosa,Bidens pilosa L.,GBIF,2579265529,inat:39874043,HUMAN_OBSERVATION,2006-05-29T16:03,2006,MY,3.711868,101.736556,232.0,Pahang,,PRESENT,CONTINENT_DERIVED_FROM_COORDINATES|COORDINATE_ROUNDED|TAXON_ID_NOT_FOUND,iNaturalist research-grade observations,50c9509d-22c7-4a22-a47d-8c48425ef4a7,http://creativecommons.org/licenses/by/4.0/legalcode,https://www.gbif.org/occurrence/2579265529,True,True
396844135b45412fabc124f7,bidens_pilosa,Bidens pilosa,Bidens pilosa L.,GBIF,3059167702,inat:70597209,HUMAN_OBSERVATION,2021-03-05T14:37:48,2021,MY,3.120553,101.648135,7.0,Kuala Lumpur,,PRESENT,CONTINENT_DERIVED_FROM_COORDINATES|COORDINATE_ROUNDED|TAXON_ID_NOT_FOUND,iNaturalist research-grade observations,50c9509d-22c7-4a22-a47d-8c48425ef4a7,http://creativecommons.org/licenses/by-nc/4.0/legalcode,https://www.gbif.org/occurrence/3059167702,True,True
5b1ca0ef2721874746089cb1,bidens_pilosa,Bidens pilosa,Bidens pilosa L.,GBIF,3079901803,inat:73069451,HUMAN_OBSERVATION,2021-01-24T18:37:28,2021,MY,3.110002,101.618851,,Kuala Lumpur,,PRESENT,CONTINENT_DERIVED_FROM_COORDINATES|COORDINATE_ROUNDED|TAXON_ID_NOT_FOUND,iNaturalist research-grade observations,50c9509d-22c7-4a22-a47d-8c48425ef4a7,http://creativecommons.org/licenses/by-nc/4.0/legalcode,https://www.gbif.org/occurrence/3079901803,True,False
2a5526317fc752b54e28da82,bidens_pilosa,Bidens pilosa,Bidens pilosa L.,GBIF,3090683996,inat:74047306,HUMAN_OBSERVATION,2021-04-15T18:18:02,2021,MY,4.572154,101.032065,212.0,Perak,,PRESENT,CONTINENT_DERIVED_FROM_COORDINATES|COORDINATE_ROUNDED|TAXON_ID_NOT_FOUND,iNaturalist research-grade observations,50c9509d-22c7-4a22-a47d-8c48425ef4a7,http://creativecommons.org/licenses/by-nc/4.0/legalcode,https://www.gbif.org/occurrence/3090683996,True,True
1ffe0107ddde32fc9d70dd76,bidens_pilosa,Bidens pilosa,Bidens pilosa L.,GBIF,3097301329,inat:24496217,HUMAN_OBSERVATION,2019-04-29T23:44,2019,MY,3.135208,101.658091,,Kuala Lumpur,,PRESENT,CONTINENT_DERIVED_FROM_COORDINATES|COORDINATE_ROUNDED|TAXON_ID_NOT_FOUND,iNaturalist research-grade observations,50c9509d-22c7-4a22-a47d-8c48425ef4a7,http://creativecommons.org/licenses/by-nc/4.0/legalcode,https://www.gbif.org/occurrence/3097301329,True,False
2ee48c945addade1c0321ee8,bidens_pilosa,Bidens pilosa,Bidens pilosa L.,GBIF,3109059453,inat:68788856,HUMAN_OBSERVATION,2021-01-30T01:51:58,2021,MY,3.051608,101.751837,65.0,Selangor,,PRESENT,CONTINENT_DERIVED_FROM_COORDINATES|COORDINATE_ROUNDED|TAXON_ID_NOT_FOUND,iNaturalist research-grade observations,50c9509d-22c7-4a22-a47d-8c48425ef4a7,http://creativecommons.org/licenses/by-nc/4.0/legalcode,https://www.gbif.org/occurrence/3109059453,True,True
5fb5dfaa53abcc3ae7bd9a03,bidens_pilosa,Bidens pilosa,Bidens pilosa L.,GBIF,3109183331,inat:24495803,HUMAN_OBSERVATION,2019-04-29T23:29,2019,MY,3.1356,101.657903,,Kuala Lumpur,,PRESENT,CONTINENT_DERIVED_FROM_COORDINATES|COORDINATE_ROUNDED|TAXON_ID_NOT_FOUND,iNaturalist research-grade observations,50c9509d-22c7-4a22-a47d-8c48425ef4a7,http://creativecommons.org/licenses/by-nc/4.0/legalcode,https://www.gbif.org/occurrence/3109183331,True,False
92e06ee1c3ac86bf1c977558,bidens_pilosa,Bidens pilosa,Bidens pilosa L.,GBIF,3109314321,inat:24496216,HUMAN_OBSERVATION,2019-04-29T23:44,2019,MY,3.135208,101.658091,,Kuala Lumpur,,PRESENT,CONTINENT_DERIVED_FROM_COORDINATES|COORDINATE_ROUNDED|TAXON_ID_NOT_FOUND,iNaturalist research-grade observations,50c9509d-22c7-4a22-a47d-8c48425ef4a7,http://creativecommons.org/licenses/by-nc/4.0/legalcode,https://www.gbif.org/occurrence/3109314321,True,False
199c33b38ffffd79e248d843,bidens_pilosa,Bidens pilosa,Bidens pilosa L.,GBIF,3112322950,inat:76093771,HUMAN_OBSERVATION,2021-05-01T18:51:18,2021,MY,3.061943,101.810173,3.0,Selangor,,PRESENT,CONTINENT_DERIVED_FROM_COORDINATES|COORDINATE_ROUNDED|TAXON_ID_NOT_FOUND,iNaturalist research-grade observations,50c9509d-22c7-4a22-a47d-8c48425ef4a7,http://creativecommons.org/licenses/by-nc/4.0/legalcode,https://www.gbif.org/occurrence/3112322950,True,True
8cd7fe3b7a8162f859823948,bidens_pilosa,Bidens pilosa,Bidens pilosa L.,GBIF,3112517546,inat:75766454,HUMAN_OBSERVATION,2021-04-30T08:30:53,2021,MY,3.158228,101.631769,28.0,Kuala Lumpur,,PRESENT,CONTINENT_DERIVED_FROM_COORDINATES|COORDINATE_ROUNDED|TAXON_ID_NOT_FOUND,iNaturalist research-grade observations,50c9509d-22c7-4a22-a47d-8c48425ef4a7,http://creativecommons.org/licenses/by-nc/4.0/legalcode,https://www.gbif.org/occurrence/3112517546,True,True
4c1a4445929f7eb9e75e5c32,bidens_pilosa,Bidens pilosa,Bidens pilosa L.,GBIF,3112559208,inat:76358873,HUMAN_OBSERVATION,2021-05-02T07:56:46,2021,MY,2.963771,101.789274,450.0,Selangor,,PRESENT,CONTINENT_DERIVED_FROM_COORDINATES|COORDINATE_ROUNDED|TAXON_ID_NOT_FOUND,iNaturalist research-grade observations,50c9509d-22c7-4a22-a47d-8c48425ef4a7,http://creativecommons.org/licenses/by-nc/4.0/legalcode,https://www.gbif.org/occurrence/3112559208,True,True
48f90c482068e84c5e2ec571,bidens_pilosa,Bidens pilosa,Bidens pilosa L.,GBIF,3112559985,inat:76095375,HUMAN_OBSERVATION,2021-05-01T18:59:49,2021,MY,3.061791,101.810126,3.0,Selangor,,PRESENT,CONTINENT_DERIVED_FROM_COORDINATES|COORDINATE_ROUNDED|TAXON_ID_NOT_FOUND,iNaturalist research-grade observations,50c9509d-22c7-4a22-a47d-8c48425ef4a7,http://creativecommons.org/licenses/by-nc/4.0/legalcode,https://www.gbif.org/occurrence/3112559985,True,True
4735935a179593ec7cacc0f2,bidens_pilosa,Bidens pilosa,Bidens pilosa L.,GBIF,3112576271,inat:77228557,HUMAN_OBSERVATION,2021-05-01T15:35,2021,MY,3.142175,101.69714,232.0,Kuala Lumpur,,PRESENT,CONTINENT_DERIVED_FROM_COORDINATES|TAXON_ID_NOT_FOUND,iNaturalist research-grade observations,50c9509d-22c7-4a22-a47d-8c48425ef4a7,http://creativecommons.org/licenses/by-nc/4.0/legalcode,https://www.gbif.org/occurrence/3112576271,True,True
497d0d7d3908619750a9f7dc,bidens_pilosa,Bidens pilosa,Bidens pilosa L.,GBIF,3112792315,inat:77247503,HUMAN_OBSERVATION,2021-05-04T10:22:53,2021,MY,3.017948,101.628129,65.0,Selangor,,PRESENT,CONTINENT_DERIVED_FROM_COORDINATES|COORDINATE_ROUNDED|TAXON_ID_NOT_FOUND,iNaturalist research-grade observations,50c9509d-22c7-4a22-a47d-8c48425ef4a7,http://creativecommons.org/licenses/by-nc/4.0/legalcode,https://www.gbif.org/occurrence/3112792315,True,True
6b7badc235761b03e5c97695,bidens_pilosa,Bidens pilosa,Bidens pilosa L.,GBIF,3112913519,inat:77384335,HUMAN_OBSERVATION,2021-05-05T09:40:04,2021,MY,3.112213,101.585595,17.0,Selangor,,PRESENT,CONTINENT_DERIVED_FROM_COORDINATES|COORDINATE_ROUNDED|TAXON_ID_NOT_FOUND,iNaturalist research-grade observations,50c9509d-22c7-4a22-a47d-8c48425ef4a7,http://creativecommons.org/licenses/by-nc/4.0/legalcode,https://www.gbif.org/occurrence/3112913519,True,True
346d11d50e7cb027d05166df,bidens_pilosa,Bidens pilosa,Bidens pilosa L.,GBIF,3124769536,inat:78981635,HUMAN_OBSERVATION,2021-05-04T13:38,2021,MY,3.031705,101.598363,,Selangor,,PRESENT,CONTINENT_DERIVED_FROM_COORDINATES|TAXON_ID_NOT_FOUND,iNaturalist research-grade observations,50c9509d-22c7-4a22-a47d-8c48425ef4a7,http://creativecommons.org/licenses/by-nc/4.0/legalcode,https://www.gbif.org/occurrence/3124769536,True,False
afebffe5cb8b3432fa17d76a,bidens_pilosa,Bidens pilosa,Bidens pilosa L.,GBIF,3302201149,inat:80733434,HUMAN_OBSERVATION,2021-05-08T09:35,2021,MY,3.163412,101.738169,,Kuala Lumpur,,PRESENT,CONTINENT_DERIVED_FROM_COORDINATES|COORDINATE_ROUNDED|TAXON_ID_NOT_FOUND,iNaturalist research-grade observations,50c9509d-22c7-4a22-a47d-8c48425ef4a7,http://creativecommons.org/licenses/by-nc/4.0/legalcode,https://www.gbif.org/occurrence/3302201149,True,False
32750301bc9b65a2f8ec4df9,bidens_pilosa,Bidens pilosa,Bidens pilosa L.,GBIF,3302246574,inat:77674028,HUMAN_OBSERVATION,2021-04-30T10:59,2021,MY,3.120612,101.648276,,Kuala Lumpur,,PRESENT,CONTINENT_DERIVED_FROM_COORDINATES|COORDINATE_ROUNDED|TAXON_ID_NOT_FOUND,iNaturalist research-grade observations,50c9509d-22c7-4a22-a47d-8c48425ef4a7,http://creativecommons.org/licenses/by-nc/4.0/legalcode,https://www.gbif.org/occurrence/3302246574,True,False
590fd3598dd81959278369dd,bidens_pilosa,Bidens pilosa,Bidens pilosa L.,GBIF,3302494073,inat:80737122,HUMAN_OBSERVATION,2021-05-08T10:16,2021,MY,3.163134,101.739453,,Kuala Lumpur,,PRESENT,CONTINENT_DERIVED_FROM_COORDINATES|COORDINATE_ROUNDED|TAXON_ID_NOT_FOUND,iNaturalist research-grade observations,50c9509d-22c7-4a22-a47d-8c48425ef4a7,http://creativecommons.org/licenses/by-nc/4.0/legalcode,https://www.gbif.org/occurrence/3302494073,True,False
779ef4cc9d6fb18701619cff,bidens_pilosa,Bidens pilosa,Bidens pilosa L.,GBIF,3327862738,inat:86347839,HUMAN_OBSERVATION,2021-07-10T08:15:36,2021,MY,5.39013,100.275875,,Pulau Pinang,,PRESENT,CONTINENT_DERIVED_FROM_COORDINATES|COORDINATE_ROUNDED|TAXON_ID_NOT_FOUND,iNaturalist research-grade observations,50c9509d-22c7-4a22-a47d-8c48425ef4a7,http://creativecommons.org/licenses/by-nc/4.0/legalcode,https://www.gbif.org/occurrence/3327862738,True,False
2ddd4401d4bd800642ccf955,bidens_pilosa,Bidens pilosa,Bidens pilosa L.,GBIF,3398883561,inat:98861120,HUMAN_OBSERVATION,2021-10-21T12:30:40,2021,MY,3.100345,101.601264,28.0,Selangor,,PRESENT,CONTINENT_DERIVED_FROM_COORDINATES|COORDINATE_ROUNDED|TAXON_ID_NOT_FOUND,iNaturalist research-grade observations,50c9509d-22c7-4a22-a47d-8c48425ef4a7,http://creativecommons.org/licenses/by-nc/4.0/legalcode,https://www.gbif.org/occurrence/3398883561,True,True
24efb9e540eb2bb2bd1197b5,bidens_pilosa,Bidens pilosa,Bidens pilosa L.,GBIF,4102319078,,PRESERVED_SPECIMEN,1987-02-14,1987,MY,3.416667,101.75,,Pahang,"Pahang, Dist. of Bentung, Genting Highlands, vicinity of the Genting Hotel",PRESENT,CONTINENT_DERIVED_FROM_COORDINATES|GEODETIC_DATUM_ASSUMED_WGS84|INSTITUTION_MATCH_FUZZY|TAXON_ID_NOT_FOUND,,bb0366a9-2a7e-44f8-9c9a-e49c23dae2f8,http://creativecommons.org/publicdomain/zero/1.0/legalcode,https://www.gbif.org/occurrence/4102319078,True,False
a128c77870161c364c17a3ef,bidens_pilosa,Bidens pilosa,Bidens pilosa L.,GBIF,4121283482,inat:161525143,HUMAN_OBSERVATION,2023-05-07T08:26,2023,MY,2.971759,101.69124,49.0,Selangor,,PRESENT,CONTINENT_DERIVED_FROM_COORDINATES|COORDINATE_ROUNDED|TAXON_ID_NOT_FOUND,iNaturalist research-grade observations,50c9509d-22c7-4a22-a47d-8c48425ef4a7,http://creativecommons.org/licenses/by-nc/4.0/legalcode,https://www.gbif.org/occurrence/4121283482,True,True
da9ce5435c51a9dc0f241679,bidens_pilosa,Bidens pilosa,Bidens pilosa L.,GBIF,4126866067,inat:164580104,HUMAN_OBSERVATION,2023-05-30T13:05:23,2023,MY,2.8844,101.68259,5.0,Putrajaya,,PRESENT,CONTINENT_DERIVED_FROM_COORDINATES|TAXON_ID_NOT_FOUND,iNaturalist research-grade observations,50c9509d-22c7-4a22-a47d-8c48425ef4a7,http://creativecommons.org/licenses/by-nc/4.0/legalcode,https://www.gbif.org/occurrence/4126866067,True,True
ad86fc52d29ff0c055c901e9,bidens_pilosa,Bidens pilosa,Bidens pilosa L.,GBIF,4127125610,inat:164580019,HUMAN_OBSERVATION,2023-05-30T13:04:08,2023,MY,2.884297,101.682599,5.0,Putrajaya,,PRESENT,CONTINENT_DERIVED_FROM_COORDINATES|COORDINATE_ROUNDED|TAXON_ID_NOT_FOUND,iNaturalist research-grade observations,50c9509d-22c7-4a22-a47d-8c48425ef4a7,http://creativecommons.org/licenses/by-nc/4.0/legalcode,https://www.gbif.org/occurrence/4127125610,True,True
51a532c885a7f4f4b14fe77a,bidens_pilosa,Bidens pilosa,Bidens pilosa L.,GBIF,4162114306,inat:11762410,HUMAN_OBSERVATION,2018-04-27T11:16:56,2018,MY,3.040093,101.725971,172.0,Kuala Lumpur,,PRESENT,CONTINENT_DERIVED_FROM_COORDINATES|COORDINATE_ROUNDED|TAXON_ID_NOT_FOUND,iNaturalist research-grade observations,50c9509d-22c7-4a22-a47d-8c48425ef4a7,http://creativecommons.org/licenses/by-nc/4.0/legalcode,https://www.gbif.org/occurrence/4162114306,True,True
48b98921493c7a60c963dcbe,bidens_pilosa,Bidens pilosa,Bidens pilosa L.,GBIF,4453701967,inat:185242291,HUMAN_OBSERVATION,2023-09-28T13:35:35,2023,MY,2.972089,101.690639,,Selangor,,PRESENT,CONTINENT_DERIVED_FROM_COORDINATES|COORDINATE_ROUNDED|TAXON_ID_NOT_FOUND,iNaturalist research-grade observations,50c9509d-22c7-4a22-a47d-8c48425ef4a7,http://creativecommons.org/licenses/by-nc/4.0/legalcode,https://www.gbif.org/occurrence/4453701967,True,False
b44f856a96283e20e40ae9c3,bidens_pilosa,Bidens pilosa,Bidens pilosa L.,GBIF,4538719063,,PRESERVED_SPECIMEN,2009-02-24T00:00,2009,MY,3.958667,103.389833,,,"Kuantan, Kuantan, Pantai Balok, along the road, about 11.5Km from Berserah. ",PRESENT,CONTINENT_DERIVED_FROM_COORDINATES|COORDINATE_ROUNDED|GEODETIC_DATUM_ASSUMED_WGS84|INSTITUTION_COLLECTION_MISMATCH|INSTITUTION_MATCH_FUZZY,,cd6e21c8-9e8a-493a-8a76-fbf7862069e5,http://creativecommons.org/licenses/by/4.0/legalcode,https://www.gbif.org/occurrence/4538719063,True,False
7e6f32c53dabf52347c3f96b,bidens_pilosa,Bidens pilosa,Bidens pilosa L.,GBIF,4538719070,,PRESERVED_SPECIMEN,1983-09-04T00:00,1983,MY,5.816667,116.333333,,,"Borneo; Tambunan Distrisct: Crocker Range, Km 55 on Kota Kinabalu - Tambunan Road.",PRESENT,CONTINENT_DERIVED_FROM_COORDINATES|COORDINATE_ROUNDED|GEODETIC_DATUM_ASSUMED_WGS84|INSTITUTION_COLLECTION_MISMATCH|INSTITUTION_MATCH_FUZZY,,cd6e21c8-9e8a-493a-8a76-fbf7862069e5,http://creativecommons.org/licenses/by/4.0/legalcode,https://www.gbif.org/occurrence/4538719070,True,False
717265e51507f4d974a6d320,bidens_pilosa,Bidens pilosa,Bidens pilosa L.,GBIF,4538721019,,PRESERVED_SPECIMEN,2015-08-20T00:00,2015,MY,4.464,101.366667,,,"Cameron Highlands, Mentigi F.R., Habu, Cameron Highlands. ",PRESENT,CONTINENT_DERIVED_FROM_COORDINATES|COORDINATE_ROUNDED|GEODETIC_DATUM_ASSUMED_WGS84|INSTITUTION_COLLECTION_MISMATCH|INSTITUTION_MATCH_FUZZY,,cd6e21c8-9e8a-493a-8a76-fbf7862069e5,http://creativecommons.org/licenses/by/4.0/legalcode,https://www.gbif.org/occurrence/4538721019,True,False
7c827b5a1d5d6c2b855eb4e6,bidens_pilosa,Bidens pilosa,Bidens pilosa L.,GBIF,4924002932,inat:235513022,HUMAN_OBSERVATION,2024-08-13T17:55,2024,MY,4.525909,101.097198,66.0,Perak,,PRESENT,CONTINENT_DERIVED_FROM_COORDINATES|COORDINATE_ROUNDED|TAXON_ID_NOT_FOUND,iNaturalist research-grade observations,50c9509d-22c7-4a22-a47d-8c48425ef4a7,http://creativecommons.org/licenses/by-nc/4.0/legalcode,https://www.gbif.org/occurrence/4924002932,True,True
5ad22a8d7f09e469100530d6,bidens_pilosa,Bidens pilosa,Bidens pilosa L.,GBIF,5103585912,,PRESERVED_SPECIMEN,1999-07-26,1999,MY,3.124444,101.753333,,Kuala Lumpur,"Pandan Indah, Wilayah Persekutuan",PRESENT,CONTINENT_DERIVED_FROM_COORDINATES|COORDINATE_ROUNDED|INSTITUTION_COLLECTION_MISMATCH|INSTITUTION_MATCH_FUZZY|PRESUMED_NEGATED_LONGITUDE,,1a9d08bb-9e2c-4540-8f7f-3205846b6ddc,http://creativecommons.org/publicdomain/zero/1.0/legalcode,https://www.gbif.org/occurrence/5103585912,True,False
64c711da3adf416137de89e8,bidens_pilosa,Bidens pilosa,Bidens pilosa L.,GBIF,5103641678,,PRESERVED_SPECIMEN,1987-02-14,1987,MY,3.416667,101.75,,Pahang,"Genting Highlands, Bentong District",PRESENT,CONTINENT_DERIVED_FROM_COORDINATES|COORDINATE_ROUNDED|INSTITUTION_COLLECTION_MISMATCH|INSTITUTION_MATCH_FUZZY,,1a9d08bb-9e2c-4540-8f7f-3205846b6ddc,http://creativecommons.org/publicdomain/zero/1.0/legalcode,https://www.gbif.org/occurrence/5103641678,True,False
4c7a6d105c106424412b9f6e,bidens_pilosa,Bidens pilosa,Bidens pilosa L.,GBIF,5237849481,inat:301496358,HUMAN_OBSERVATION,2025-07-26T08:49,2025,MY,3.125902,101.504848,211.0,Selangor,,PRESENT,CONTINENT_DERIVED_FROM_COORDINATES|TAXON_ID_NOT_FOUND,iNaturalist research-grade observations,50c9509d-22c7-4a22-a47d-8c48425ef4a7,http://creativecommons.org/licenses/by-nc/4.0/legalcode,https://www.gbif.org/occurrence/5237849481,True,True
43dfeda90a58b4bfc632964f,bidens_pilosa,Bidens pilosa,Bidens pilosa L.,GBIF,5834009302,,HUMAN_OBSERVATION,2022-07-25/2022-08-10,2022,MY,4.539048,101.15437,,,,PRESENT,CONTINENT_DERIVED_FROM_COORDINATES|COORDINATE_ROUNDED,,0a0ec4dc-41aa-4a40-b08d-153dd02078eb,http://creativecommons.org/licenses/by-nc/4.0/legalcode,https://www.gbif.org/occurrence/5834009302,True,False
a0288a2fd1a573a4da2b8fc9,bidens_pilosa,Bidens pilosa,Bidens pilosa L.,GBIF,6234196400,inat:350158687,HUMAN_OBSERVATION,2026-04-15T14:14:06,2026,MY,2.776788,104.203238,13.0,Johor,,PRESENT,CONTINENT_DERIVED_FROM_COORDINATES|COORDINATE_ROUNDED|TAXON_ID_NOT_FOUND,iNaturalist research-grade observations,50c9509d-22c7-4a22-a47d-8c48425ef4a7,http://creativecommons.org/licenses/by-nc/4.0/legalcode,https://www.gbif.org/occurrence/6234196400,True,True
4228f107f2d4f3c62d005c03,bidens_pilosa,Bidens pilosa,Bidens pilosa L.,GBIF,6321190632,inat:58413053,HUMAN_OBSERVATION,2019-12-29T18:20,2019,MY,4.027284,103.402809,104.0,Pahang,,PRESENT,CONTINENT_DERIVED_FROM_COORDINATES|COORDINATE_ROUNDED|TAXON_ID_NOT_FOUND,iNaturalist research-grade observations,50c9509d-22c7-4a22-a47d-8c48425ef4a7,http://creativecommons.org/licenses/by-nc/4.0/legalcode,https://www.gbif.org/occurrence/6321190632,True,True
de2b7ed82ad2772d60cd793a,calopogonium_mucunoides,Calopogonium mucunoides,Calopogonium mucunoides Desv.,GBIF,1563528783,,LIVING_SPECIMEN,1982-02-22,1982,MY,4.75,101.1167,,,"Butterworth-Ipoh, Km 16",PRESENT,CONTINENT_DERIVED_FROM_COORDINATES|GEODETIC_DATUM_ASSUMED_WGS84|INSTITUTION_MATCH_NONE,Collection of Germplasm of Native Forage Legumes in Thailand and West Malaysia,33795d9d-3f94-4b0e-a2f6-d3a03cfce7aa,http://creativecommons.org/licenses/by-nc/4.0/legalcode,https://www.gbif.org/occurrence/1563528783,True,False
36cc9922c761c0f4b27fac54,calopogonium_mucunoides,Calopogonium mucunoides,Calopogonium mucunoides Desv.,GBIF,1563559993,,LIVING_SPECIMEN,1982-03-01,1982,MY,4.1333,102.0,,,"Kuala Lipis-Raub, Km 5",PRESENT,CONTINENT_DERIVED_FROM_COORDINATES|GEODETIC_DATUM_ASSUMED_WGS84|INSTITUTION_MATCH_NONE,Collection of Germplasm of Native Forage Legumes in Thailand and West Malaysia,33795d9d-3f94-4b0e-a2f6-d3a03cfce7aa,http://creativecommons.org/licenses/by-nc/4.0/legalcode,https://www.gbif.org/occurrence/1563559993,True,False
a8e3d30525c231de66ce6d7b,calopogonium_mucunoides,Calopogonium mucunoides,Calopogonium mucunoides Desv.,GBIF,1563565949,,LIVING_SPECIMEN,1982-02-28,1982,MY,2.0833,102.5333,,,"Muar-Melaka, Km 35 Direction Sureste, 8 Km Noroeste Muar",PRESENT,CONTINENT_DERIVED_FROM_COORDINATES|GEODETIC_DATUM_ASSUMED_WGS84|INSTITUTION_MATCH_NONE,Collection of Germplasm of Native Forage Legumes in Thailand and West Malaysia,33795d9d-3f94-4b0e-a2f6-d3a03cfce7aa,http://creativecommons.org/licenses/by-nc/4.0/legalcode,https://www.gbif.org/occurrence/1563565949,True,False
69c87640f87ea2851482d57b,calopogonium_mucunoides,Calopogonium mucunoides,Calopogonium mucunoides Desv.,GBIF,1563593647,,LIVING_SPECIMEN,1982-02-25,1982,MY,2.5667,102.1167,,,"Seremban-Tampin, Km 22 Direction Noroeste, 2 Km Suroeste Remban",PRESENT,CONTINENT_DERIVED_FROM_COORDINATES|GEODETIC_DATUM_ASSUMED_WGS84|INSTITUTION_MATCH_NONE,Collection of Germplasm of Native Forage Legumes in Thailand and West Malaysia,33795d9d-3f94-4b0e-a2f6-d3a03cfce7aa,http://creativecommons.org/licenses/by-nc/4.0/legalcode,https://www.gbif.org/occurrence/1563593647,True,False
d49497d49fde0e0f4c225bdb,calopogonium_mucunoides,Calopogonium mucunoides,Calopogonium mucunoides Desv.,GBIF,1563615242,,LIVING_SPECIMEN,1982-03-02,1982,MY,5.3,103.1167,,,"K.Terengganu-Batu Rakit, Km 3",PRESENT,CONTINENT_DERIVED_FROM_COORDINATES|GEODETIC_DATUM_ASSUMED_WGS84|INSTITUTION_MATCH_NONE,Collection of Germplasm of Native Forage Legumes in Thailand and West Malaysia,33795d9d-3f94-4b0e-a2f6-d3a03cfce7aa,http://creativecommons.org/licenses/by-nc/4.0/legalcode,https://www.gbif.org/occurrence/1563615242,True,False
9b54b55ee2367156a6fd0d44,calopogonium_mucunoides,Calopogonium mucunoides,Calopogonium mucunoides Desv.,GBIF,2514135621,,PRESERVED_SPECIMEN,1982-09-20,1982,MY,3.66667,113.68333,,Borneo,Outside Niah FR 4th Division Sarawak,PRESENT,,,15f819bd-6612-4447-854b-14d12ee1022d,http://creativecommons.org/publicdomain/zero/1.0/legalcode,https://www.gbif.org/occurrence/2514135621,True,False
7f665da3cbd7449fb86c5ef7,calopogonium_mucunoides,Calopogonium mucunoides,Calopogonium mucunoides Desv.,GBIF,2514152618,,PRESERVED_SPECIMEN,1978-04-13,1978,MY,4.46667,101.16667,,,"Perak, Gopeng, Batang.",PRESENT,,,15f819bd-6612-4447-854b-14d12ee1022d,http://creativecommons.org/publicdomain/zero/1.0/legalcode,https://www.gbif.org/occurrence/2514152618,True,False
6f86f58a259e190f76ed0fb1,calopogonium_mucunoides,Calopogonium mucunoides,Calopogonium mucunoides Desv.,GBIF,2514156602,,PRESERVED_SPECIMEN,1987-03-11,1987,MY,5.96667,116.65,,Borneo,Kinorotuan,PRESENT,,,15f819bd-6612-4447-854b-14d12ee1022d,http://creativecommons.org/publicdomain/zero/1.0/legalcode,https://www.gbif.org/occurrence/2514156602,True,False
19a7347f8734b24088f7b8e4,calopogonium_mucunoides,Calopogonium mucunoides,Calopogonium mucunoides Desv.,GBIF,2514163636,,PRESERVED_SPECIMEN,1957-09-20,1957,MY,2.85,101.76667,,,"Negri Sembilan, Nilai, Jindaram Estate.",PRESENT,,,15f819bd-6612-4447-854b-14d12ee1022d,http://creativecommons.org/publicdomain/zero/1.0/legalcode,https://www.gbif.org/occurrence/2514163636,True,False
4a0a9a300b6c3a0ae0c67d8f,calopogonium_mucunoides,Calopogonium mucunoides,Calopogonium mucunoides Desv.,GBIF,2514189619,,PRESERVED_SPECIMEN,1937-10-21,1937,MY,3.4167,101.1833,,,"Selangor, Kuala Selangor, Tanjong Karang.",PRESENT,,,15f819bd-6612-4447-854b-14d12ee1022d,http://creativecommons.org/publicdomain/zero/1.0/legalcode,https://www.gbif.org/occurrence/2514189619,True,False
d0de4f8d9e579c89b74eedb8,calopogonium_mucunoides,Calopogonium mucunoides,Calopogonium mucunoides Desv.,GBIF,2514203592,,PRESERVED_SPECIMEN,1936-11-21,1936,MY,5.53333,115.78333,,Borneo,Membakut,PRESENT,,,15f819bd-6612-4447-854b-14d12ee1022d,http://creativecommons.org/publicdomain/zero/1.0/legalcode,https://www.gbif.org/occurrence/2514203592,True,False
bb880ce6d88a9869fed66a99,calopogonium_mucunoides,Calopogonium mucunoides,Calopogonium mucunoides Desv.,GBIF,2514208612,,PRESERVED_SPECIMEN,1990-01-19,1990,MY,5.41472,118.76833,,Borneo,Ulu Sg. Tabin,PRESENT,,,15f819bd-6612-4447-854b-14d12ee1022d,http://creativecommons.org/publicdomain/zero/1.0/legalcode,https://www.gbif.org/occurrence/2514208612,True,False
49a11760bd82e2d0078f5417,calopogonium_mucunoides,Calopogonium mucunoides,Calopogonium mucunoides Desv.,GBIF,2515375924,,PRESERVED_SPECIMEN,1959-01-26,1959,MY,2.18,103.93,,,"Johore, Layang Layang, Bukit Badak.",PRESENT,,,15f819bd-6612-4447-854b-14d12ee1022d,http://creativecommons.org/publicdomain/zero/1.0/legalcode,https://www.gbif.org/occurrence/2515375924,True,False
42e9d90778fb3fa61c5667f5,calopogonium_mucunoides,Calopogonium mucunoides,Calopogonium mucunoides Desv.,GBIF,2515375966,,PRESERVED_SPECIMEN,1969-05-13,1969,MY,5.78333,100.43333,,,"Kedah, Gunong Jerai (Kedah Peak).",PRESENT,,,15f819bd-6612-4447-854b-14d12ee1022d,http://creativecommons.org/publicdomain/zero/1.0/legalcode,https://www.gbif.org/occurrence/2515375966,True,False
03b6bbcf2c499f338a3f6b32,calopogonium_mucunoides,Calopogonium mucunoides,Calopogonium mucunoides Desv.,GBIF,2516856313,,PRESERVED_SPECIMEN,1975-05-10,1975,MY,1.21667,110.36667,,Borneo,"(See overleaf). Teng Bukap, Padawan, 1st Div.",PRESENT,,,15f819bd-6612-4447-854b-14d12ee1022d,http://creativecommons.org/publicdomain/zero/1.0/legalcode,https://www.gbif.org/occurrence/2516856313,True,False
9afb9a9095fda844a906fac2,calopogonium_mucunoides,Calopogonium mucunoides,Calopogonium mucunoides Desv.,GBIF,3314514799,inat:83640102,HUMAN_OBSERVATION,2021-06-18T18:11:38Z,2021,MY,5.411563,100.294611,,Pulau Pinang,,PRESENT,CONTINENT_DERIVED_FROM_COORDINATES|COORDINATE_ROUNDED|TAXON_ID_NOT_FOUND,iNaturalist research-grade observations,50c9509d-22c7-4a22-a47d-8c48425ef4a7,http://creativecommons.org/licenses/by-nc/4.0/legalcode,https://www.gbif.org/occurrence/3314514799,True,False
76de2d9c71a94cea5f47e62d,calopogonium_mucunoides,Calopogonium mucunoides,Calopogonium mucunoides Desv.,GBIF,3456829384,inat:105023963,HUMAN_OBSERVATION,2022-01-15T16:06Z,2022,MY,3.180903,101.653786,13.0,Kuala Lumpur,,PRESENT,CONTINENT_DERIVED_FROM_COORDINATES|COORDINATE_ROUNDED|TAXON_ID_NOT_FOUND,iNaturalist research-grade observations,50c9509d-22c7-4a22-a47d-8c48425ef4a7,http://creativecommons.org/licenses/by-nc/4.0/legalcode,https://www.gbif.org/occurrence/3456829384,True,False
1c6516a5d0e5ae5dc46016f4,calopogonium_mucunoides,Calopogonium mucunoides,Calopogonium mucunoides Desv.,GBIF,3963627031,inat:141148578,HUMAN_OBSERVATION,2022-11-05T11:23,2022,MY,3.110317,101.77285,12.0,Selangor,,PRESENT,CONTINENT_DERIVED_FROM_COORDINATES|COORDINATE_ROUNDED|TAXON_ID_NOT_FOUND,iNaturalist research-grade observations,50c9509d-22c7-4a22-a47d-8c48425ef4a7,http://creativecommons.org/licenses/by/4.0/legalcode,https://www.gbif.org/occurrence/3963627031,True,False
01068ba65e8fd84ba9f45488,calopogonium_mucunoides,Calopogonium mucunoides,Calopogonium mucunoides Desv.,GBIF,4127023288,inat:164577075,HUMAN_OBSERVATION,2023-05-30T12:32:17,2023,MY,2.888833,101.674114,,Putrajaya,,PRESENT,CONTINENT_DERIVED_FROM_COORDINATES|COORDINATE_ROUNDED|TAXON_ID_NOT_FOUND,iNaturalist research-grade observations,50c9509d-22c7-4a22-a47d-8c48425ef4a7,http://creativecommons.org/licenses/by-nc/4.0/legalcode,https://www.gbif.org/occurrence/4127023288,True,False
41fb66b0b7b7469d3924b07c,calopogonium_mucunoides,Calopogonium mucunoides,Calopogonium mucunoides Desv.,GBIF,42398874,,OCCURRENCE,,,MY,4.0,101.0,,,"BUTTERWORTH-IPOH, KMS: 16, DIRECCION: NORESTE",PRESENT,BASIS_OF_RECORD_INVALID|CONTINENT_DERIVED_FROM_COORDINATES|GEODETIC_DATUM_ASSUMED_WGS84,,85818aea-f762-11e1-a439-00145eb45e9a,http://creativecommons.org/licenses/by/4.0/legalcode,https://www.gbif.org/occurrence/42398874,True,False
cabb73c02c82f04a5a3ab9dc,calopogonium_mucunoides,Calopogonium mucunoides,Calopogonium mucunoides Desv.,GBIF,42398882,,OCCURRENCE,,,MY,4.0,102.0,,,"KUALA LIPIS-RAUB, KMS: 5, DIRECCION: SUROESTE",PRESENT,BASIS_OF_RECORD_INVALID|CONTINENT_DERIVED_FROM_COORDINATES|GEODETIC_DATUM_ASSUMED_WGS84,,85818aea-f762-11e1-a439-00145eb45e9a,http://creativecommons.org/licenses/by/4.0/legalcode,https://www.gbif.org/occurrence/42398882,True,False
cecedf20c5ff370fdcfbe62f,calopogonium_mucunoides,Calopogonium mucunoides,Calopogonium mucunoides Desv.,GBIF,42398885,,OCCURRENCE,,,MY,5.0,103.0,,,"K.TERENGGANU-BATU RAKIT, KMS: 3, DIRECCION: OESTE",PRESENT,BASIS_OF_RECORD_INVALID|CONTINENT_DERIVED_FROM_COORDINATES|GEODETIC_DATUM_ASSUMED_WGS84,,85818aea-f762-11e1-a439-00145eb45e9a,http://creativecommons.org/licenses/by/4.0/legalcode,https://www.gbif.org/occurrence/42398885,True,False
3ebb6830af237f88970b1885,calopogonium_mucunoides,Calopogonium mucunoides,Calopogonium mucunoides Desv.,GBIF,4465743953,inat:193698054,HUMAN_OBSERVATION,2023-12-11T11:13:57,2023,MY,2.922722,101.698136,,Putrajaya,,PRESENT,CONTINENT_DERIVED_FROM_COORDINATES|COORDINATE_ROUNDED|TAXON_ID_NOT_FOUND,iNaturalist research-grade observations,50c9509d-22c7-4a22-a47d-8c48425ef4a7,http://creativecommons.org/licenses/by-nc/4.0/legalcode,https://www.gbif.org/occurrence/4465743953,True,False
5bcee6f14b2ac23ecd73ce29,calopogonium_mucunoides,Calopogonium mucunoides,Calopogonium mucunoides Desv.,GBIF,4507588855,inat:164802671,HUMAN_OBSERVATION,2023-05-31T09:20,2023,MY,2.882292,101.792694,8.0,Selangor,,PRESENT,CONTINENT_DERIVED_FROM_COORDINATES|COORDINATE_ROUNDED|TAXON_ID_NOT_FOUND,iNaturalist research-grade observations,50c9509d-22c7-4a22-a47d-8c48425ef4a7,http://creativecommons.org/licenses/by-nc/4.0/legalcode,https://www.gbif.org/occurrence/4507588855,True,False
452cde10d32916b2e617cc36,calopogonium_mucunoides,Calopogonium mucunoides,Calopogonium mucunoides Desv.,GBIF,4507785841,inat:163643249,HUMAN_OBSERVATION,2023-05-25T10:45,2023,MY,2.882161,101.792336,14.0,Selangor,,PRESENT,CONTINENT_DERIVED_FROM_COORDINATES|COORDINATE_ROUNDED|TAXON_ID_NOT_FOUND,iNaturalist research-grade observations,50c9509d-22c7-4a22-a47d-8c48425ef4a7,http://creativecommons.org/licenses/by-nc/4.0/legalcode,https://www.gbif.org/occurrence/4507785841,True,False
f4775ea22f1980a6051073ab,calopogonium_mucunoides,Calopogonium mucunoides,Calopogonium mucunoides Desv.,GBIF,4507871607,inat:112024635,HUMAN_OBSERVATION,2022-04-19T17:32:17,2022,MY,3.051993,101.751714,7.0,Selangor,,PRESENT,CONTINENT_DERIVED_FROM_COORDINATES|COORDINATE_ROUNDED|TAXON_ID_NOT_FOUND,iNaturalist research-grade observations,50c9509d-22c7-4a22-a47d-8c48425ef4a7,http://creativecommons.org/licenses/by-nc/4.0/legalcode,https://www.gbif.org/occurrence/4507871607,True,False
13622a12b735f0f044d64faa,calopogonium_mucunoides,Calopogonium mucunoides,Calopogonium mucunoides Desv.,GBIF,4892168896,inat:221763093,HUMAN_OBSERVATION,2024-06-08T08:05,2024,MY,4.070855,101.798269,15.0,Pahang,,PRESENT,CONTINENT_DERIVED_FROM_COORDINATES|COORDINATE_ROUNDED|TAXON_ID_NOT_FOUND,iNaturalist research-grade observations,50c9509d-22c7-4a22-a47d-8c48425ef4a7,http://creativecommons.org/licenses/by-nc/4.0/legalcode,https://www.gbif.org/occurrence/4892168896,True,False
c7df7a503e7b3052fcf1f418,calopogonium_mucunoides,Calopogonium mucunoides,Calopogonium mucunoides Desv.,GBIF,5103639650,,PRESERVED_SPECIMEN,1987-01-25,1987,MY,3.083333,101.5,,Selangor,"Shah Alam, Petaling District",PRESENT,CONTINENT_DERIVED_FROM_COORDINATES|COORDINATE_ROUNDED|INSTITUTION_COLLECTION_MISMATCH|INSTITUTION_MATCH_FUZZY,,1a9d08bb-9e2c-4540-8f7f-3205846b6ddc,http://creativecommons.org/publicdomain/zero/1.0/legalcode,https://www.gbif.org/occurrence/5103639650,True,False
ef528fd77735b93a407c37a9,calopogonium_mucunoides,Calopogonium mucunoides,Calopogonium mucunoides Desv.,GBIF,5140008852,inat:270762660,HUMAN_OBSERVATION,2025-04-16T08:54,2025,MY,2.727197,101.885072,,Negeri Sembilan,,PRESENT,CONTINENT_DERIVED_FROM_COORDINATES|COORDINATE_ROUNDED|TAXON_ID_NOT_FOUND,iNaturalist research-grade observations,50c9509d-22c7-4a22-a47d-8c48425ef4a7,http://creativecommons.org/licenses/by/4.0/legalcode,https://www.gbif.org/occurrence/5140008852,True,False
23e5acb82dfbfae6bf2945e2,calopogonium_mucunoides,Calopogonium mucunoides,Calopogonium mucunoides Desv.,GBIF,5140020872,inat:270762659,HUMAN_OBSERVATION,2025-04-16T08:54,2025,MY,2.725672,101.885428,,Negeri Sembilan,,PRESENT,CONTINENT_DERIVED_FROM_COORDINATES|COORDINATE_ROUNDED|TAXON_ID_NOT_FOUND,iNaturalist research-grade observations,50c9509d-22c7-4a22-a47d-8c48425ef4a7,http://creativecommons.org/licenses/by/4.0/legalcode,https://www.gbif.org/occurrence/5140020872,True,False
fa43364e6aa13beced1bbd8c,calopogonium_mucunoides,Calopogonium mucunoides,Calopogonium mucunoides Desv.,GBIF,6450176308,,PRESERVED_SPECIMEN,2018-10-05T00:00,2018,MY,4.821833,102.000833,,,,PRESENT,CONTINENT_DERIVED_FROM_COORDINATES|COORDINATE_ROUNDED|GEODETIC_DATUM_ASSUMED_WGS84|INSTITUTION_COLLECTION_MISMATCH|INSTITUTION_MATCH_FUZZY,,cd6e21c8-9e8a-493a-8a76-fbf7862069e5,http://creativecommons.org/licenses/by/4.0/legalcode,https://www.gbif.org/occurrence/6450176308,True,False
902cc907b9d2008e1a791d79,chromolaena_odorata,Chromolaena odorata,Chromolaena odorata (L.) R.M.King & H.Rob.,GBIF,1836677158,inat:2569473,HUMAN_OBSERVATION,2015-12-30,2015,MY,3.695879,101.736617,265.0,Selangor,,PRESENT,CONTINENT_DERIVED_FROM_COORDINATES|TAXON_ID_NOT_FOUND,iNaturalist research-grade observations,50c9509d-22c7-4a22-a47d-8c48425ef4a7,http://creativecommons.org/licenses/by-nc/4.0/legalcode,https://www.gbif.org/occurrence/1836677158,True,True
6843b5faff2027451bd391d9,chromolaena_odorata,Chromolaena odorata,Chromolaena odorata (L.) R.M.King & H.Rob.,GBIF,1847424791,inat:11749434,HUMAN_OBSERVATION,2018-04-29T18:59,2018,MY,3.092548,101.744996,211.0,Kuala Lumpur,,PRESENT,CONTINENT_DERIVED_FROM_COORDINATES|COORDINATE_ROUNDED|TAXON_ID_NOT_FOUND,iNaturalist research-grade observations,50c9509d-22c7-4a22-a47d-8c48425ef4a7,http://creativecommons.org/licenses/by-nc/4.0/legalcode,https://www.gbif.org/occurrence/1847424791,True,True
29ba1c60f8470b481a91810c,chromolaena_odorata,Chromolaena odorata,Chromolaena odorata (L.) R.M.King & H.Rob.,GBIF,1847424793,inat:11749450,HUMAN_OBSERVATION,2018-04-29T19:00,2018,MY,3.092548,101.744996,211.0,Kuala Lumpur,,PRESENT,CONTINENT_DERIVED_FROM_COORDINATES|COORDINATE_ROUNDED|TAXON_ID_NOT_FOUND,iNaturalist research-grade observations,50c9509d-22c7-4a22-a47d-8c48425ef4a7,http://creativecommons.org/licenses/by-nc/4.0/legalcode,https://www.gbif.org/occurrence/1847424793,True,True
34ed24c56cac39b9f3cc60ae,chromolaena_odorata,Chromolaena odorata,Chromolaena odorata (L.) R.M.King & H.Rob.,GBIF,1847424808,inat:11749467,HUMAN_OBSERVATION,2018-04-29T19:00,2018,MY,3.092548,101.744996,211.0,Kuala Lumpur,,PRESENT,CONTINENT_DERIVED_FROM_COORDINATES|COORDINATE_ROUNDED|TAXON_ID_NOT_FOUND,iNaturalist research-grade observations,50c9509d-22c7-4a22-a47d-8c48425ef4a7,http://creativecommons.org/licenses/by-nc/4.0/legalcode,https://www.gbif.org/occurrence/1847424808,True,True
2cf94db0243ebe4a470362f2,chromolaena_odorata,Chromolaena odorata,Chromolaena odorata (L.) R.M.King & H.Rob.,GBIF,1847424819,inat:11749461,HUMAN_OBSERVATION,2018-04-29T19:00,2018,MY,3.092548,101.744996,211.0,Kuala Lumpur,,PRESENT,CONTINENT_DERIVED_FROM_COORDINATES|COORDINATE_ROUNDED|TAXON_ID_NOT_FOUND,iNaturalist research-grade observations,50c9509d-22c7-4a22-a47d-8c48425ef4a7,http://creativecommons.org/licenses/by-nc/4.0/legalcode,https://www.gbif.org/occurrence/1847424819,True,True
7e4dcafdded6626b3e5df8b9,chromolaena_odorata,Chromolaena odorata,Chromolaena odorata (L.) R.M.King & H.Rob.,GBIF,2012952651,inat:20218817,HUMAN_OBSERVATION,2019-02-08T16:09,2019,MY,5.414777,100.276279,565.0,Pulau Pinang,,PRESENT,CONTINENT_DERIVED_FROM_COORDINATES|COORDINATE_ROUNDED|TAXON_ID_NOT_FOUND,iNaturalist research-grade observations,50c9509d-22c7-4a22-a47d-8c48425ef4a7,http://creativecommons.org/licenses/by-nc/4.0/legalcode,https://www.gbif.org/occurrence/2012952651,True,True
ac7e4267d35cf92c2f89cd87,chromolaena_odorata,Chromolaena odorata,Chromolaena odorata (L.) R.M.King & H.Rob.,GBIF,2242772560,inat:23583129,HUMAN_OBSERVATION,2019-04-28T14:49:44,2019,MY,5.354968,100.291542,2.0,Pulau Pinang,,PRESENT,CONTINENT_DERIVED_FROM_COORDINATES|COORDINATE_ROUNDED|TAXON_ID_NOT_FOUND,iNaturalist research-grade observations,50c9509d-22c7-4a22-a47d-8c48425ef4a7,http://creativecommons.org/licenses/by-nc/4.0/legalcode,https://www.gbif.org/occurrence/2242772560,True,True
89297b51e111ec5057e27cba,chromolaena_odorata,Chromolaena odorata,Chromolaena odorata (L.) R.M.King & H.Rob.,GBIF,2268826363,,PRESERVED_SPECIMEN,1987-01-24,1987,MY,3.083333,101.5,,Selangor,"Dist. of Petaling, Shah Alam.",PRESENT,COLLECTION_MATCH_NONE|COORDINATE_ROUNDED|GEODETIC_DATUM_ASSUMED_WGS84|INSTITUTION_MATCH_FUZZY|OCCURRENCE_STATUS_INFERRED_FROM_INDIVIDUAL_COUNT|TAXON_ID_NOT_FOUND,Tropicos,7bd65a7a-f762-11e1-a439-00145eb45e9a,http://creativecommons.org/licenses/by/4.0/legalcode,https://www.gbif.org/occurrence/2268826363,True,False
70bb9d22f89170f8d5fddcfb,chromolaena_odorata,Chromolaena odorata,Chromolaena odorata (L.) R.M.King & H.Rob.,GBIF,2514629057,,PRESERVED_SPECIMEN,1987-11-20,1987,MY,6.075,116.60556,,Borneo,"Sabah, Ranau district, Bambangan",PRESENT,,,15f819bd-6612-4447-854b-14d12ee1022d,http://creativecommons.org/publicdomain/zero/1.0/legalcode,https://www.gbif.org/occurrence/2514629057,True,False
42d9919b82dccc0287e2106d,chromolaena_odorata,Chromolaena odorata,Chromolaena odorata (L.) R.M.King & H.Rob.,GBIF,2514673097,,PRESERVED_SPECIMEN,1996-01-16,1996,MY,5.53333,118.28333,,Borneo,"Sabah, Kinabatangan district, Sukau, Batu Tommanggong Kecil.",PRESENT,,,15f819bd-6612-4447-854b-14d12ee1022d,http://creativecommons.org/publicdomain/zero/1.0/legalcode,https://www.gbif.org/occurrence/2514673097,True,False
a36779521023b11606983154,chromolaena_odorata,Chromolaena odorata,Chromolaena odorata (L.) R.M.King & H.Rob.,GBIF,2514710041,,PRESERVED_SPECIMEN,1987-11-20,1987,MY,6.075,116.60556,,Borneo,"Sabah, Ranau district, Bambangan",PRESENT,,,15f819bd-6612-4447-854b-14d12ee1022d,http://creativecommons.org/publicdomain/zero/1.0/legalcode,https://www.gbif.org/occurrence/2514710041,True,False
0a51a5b2dc9cfe1c4de0897a,chromolaena_odorata,Chromolaena odorata,Chromolaena odorata (L.) R.M.King & H.Rob.,GBIF,2514958090,,PRESERVED_SPECIMEN,1994-11-17,1994,MY,3.16667,101.7,,,FRIM (Forest Research Institute of Malaysia) Forest Reserve near Kuala Lumpur. Path from mosque to canopy walk.,PRESENT,,,15f819bd-6612-4447-854b-14d12ee1022d,http://creativecommons.org/publicdomain/zero/1.0/legalcode,https://www.gbif.org/occurrence/2514958090,True,False
6d57186f55ecc542c774c5ed,chromolaena_odorata,Chromolaena odorata,Chromolaena odorata (L.) R.M.King & H.Rob.,GBIF,2515046451,,PRESERVED_SPECIMEN,2007-01-09,2007,MY,6.40867,100.18917,,,"Malaysia, Perlis Kangar. Gua Cenderawasih.",PRESENT,,,15f819bd-6612-4447-854b-14d12ee1022d,http://creativecommons.org/publicdomain/zero/1.0/legalcode,https://www.gbif.org/occurrence/2515046451,True,False
36fd713d3255a31f806a0ec1,chromolaena_odorata,Chromolaena odorata,Chromolaena odorata (L.) R.M.King & H.Rob.,GBIF,2516525980,,PRESERVED_SPECIMEN,1984-12-12,1984,MY,5.29083,117.27167,,Borneo,"Sabah, Sandakan district, Ulu Sg. Kun Kun.",PRESENT,,,15f819bd-6612-4447-854b-14d12ee1022d,http://creativecommons.org/publicdomain/zero/1.0/legalcode,https://www.gbif.org/occurrence/2516525980,True,False
1d133b1fc97e0009156df96c,chromolaena_odorata,Chromolaena odorata,Chromolaena odorata (L.) R.M.King & H.Rob.,GBIF,2517034942,,PRESERVED_SPECIMEN,2007-02-08,2007,MY,4.35133,100.95383,,,"Malaysia, Perak, Perak Tengah, Universiti Teknologi mara, bota, Seri iskandar branch.",PRESENT,,,15f819bd-6612-4447-854b-14d12ee1022d,http://creativecommons.org/publicdomain/zero/1.0/legalcode,https://www.gbif.org/occurrence/2517034942,True,False
3ff61b1cec3a4c1d59d20406,chromolaena_odorata,Chromolaena odorata,Chromolaena odorata (L.) R.M.King & H.Rob.,GBIF,2563597132,inat:37969850,HUMAN_OBSERVATION,2020-01-15T12:32,2020,MY,5.423858,100.267028,4.0,Pulau Pinang,,PRESENT,CONTINENT_DERIVED_FROM_COORDINATES|COORDINATE_ROUNDED|TAXON_ID_NOT_FOUND,iNaturalist research-grade observations,50c9509d-22c7-4a22-a47d-8c48425ef4a7,http://creativecommons.org/publicdomain/zero/1.0/legalcode,https://www.gbif.org/occurrence/2563597132,True,True
5152ff29704658163c402f1e,chromolaena_odorata,Chromolaena odorata,Chromolaena odorata (L.) R.M.King & H.Rob.,GBIF,2574140460,inat:38417842,HUMAN_OBSERVATION,2020-02-08T16:22,2020,MY,2.846927,101.861878,304.0,Negeri Sembilan,,PRESENT,CONTINENT_DERIVED_FROM_COORDINATES|COORDINATE_ROUNDED|TAXON_ID_NOT_FOUND,iNaturalist research-grade observations,50c9509d-22c7-4a22-a47d-8c48425ef4a7,http://creativecommons.org/licenses/by/4.0/legalcode,https://www.gbif.org/occurrence/2574140460,True,True
6f3b20ac20dcc5bf471ac0a7,chromolaena_odorata,Chromolaena odorata,Chromolaena odorata (L.) R.M.King & H.Rob.,GBIF,2626105349,inat:20647786,HUMAN_OBSERVATION,2019-02-23T15:31:33,2019,MY,5.37309,100.304871,9.0,Pulau Pinang,,PRESENT,CONTINENT_DERIVED_FROM_COORDINATES|COORDINATE_ROUNDED|TAXON_ID_NOT_FOUND,iNaturalist research-grade observations,50c9509d-22c7-4a22-a47d-8c48425ef4a7,http://creativecommons.org/licenses/by-nc/4.0/legalcode,https://www.gbif.org/occurrence/2626105349,True,True
52894213ecb18fe06df7fbd4,chromolaena_odorata,Chromolaena odorata,Chromolaena odorata (L.) R.M.King & H.Rob.,GBIF,2862284190,inat:58934412,HUMAN_OBSERVATION,2020-09-08T17:30,2020,MY,3.039279,101.79642,3.0,Selangor,,PRESENT,CONTINENT_DERIVED_FROM_COORDINATES|COORDINATE_ROUNDED|TAXON_ID_NOT_FOUND,iNaturalist research-grade observations,50c9509d-22c7-4a22-a47d-8c48425ef4a7,http://creativecommons.org/licenses/by-nc/4.0/legalcode,https://www.gbif.org/occurrence/2862284190,True,True
bb26e0472e6bf9419fc01c1a,chromolaena_odorata,Chromolaena odorata,Chromolaena odorata (L.) R.M.King & H.Rob.,GBIF,2963756753,inat:63452332,HUMAN_OBSERVATION,2020-10-25T11:12:57,2020,MY,3.039149,101.796375,4.0,Selangor,,PRESENT,CONTINENT_DERIVED_FROM_COORDINATES|COORDINATE_ROUNDED|TAXON_ID_NOT_FOUND,iNaturalist research-grade observations,50c9509d-22c7-4a22-a47d-8c48425ef4a7,http://creativecommons.org/licenses/by-nc/4.0/legalcode,https://www.gbif.org/occurrence/2963756753,True,True
f3a36665cab2c2a5c92cf3fa,chromolaena_odorata,Chromolaena odorata,Chromolaena odorata (L.) R.M.King & H.Rob.,GBIF,3070262282,inat:68453502,HUMAN_OBSERVATION,2021-01-13T09:57:56,2021,MY,5.842383,100.466287,4.0,Kedah,,PRESENT,CONTINENT_DERIVED_FROM_COORDINATES|COORDINATE_ROUNDED|TAXON_ID_NOT_FOUND,iNaturalist research-grade observations,50c9509d-22c7-4a22-a47d-8c48425ef4a7,http://creativecommons.org/licenses/by-nc/4.0/legalcode,https://www.gbif.org/occurrence/3070262282,True,True
2c074de0868b32bbaa22d248,chromolaena_odorata,Chromolaena odorata,Chromolaena odorata (L.) R.M.King & H.Rob.,GBIF,3070623966,inat:72223097,HUMAN_OBSERVATION,2021-03-25T10:44Z,2021,MY,5.358324,100.305774,214.0,Pulau Pinang,,PRESENT,CONTINENT_DERIVED_FROM_COORDINATES|COORDINATE_ROUNDED|TAXON_ID_NOT_FOUND,iNaturalist research-grade observations,50c9509d-22c7-4a22-a47d-8c48425ef4a7,http://creativecommons.org/licenses/by-nc/4.0/legalcode,https://www.gbif.org/occurrence/3070623966,True,True
096550dc7664f6818bcb9f72,chromolaena_odorata,Chromolaena odorata,Chromolaena odorata (L.) R.M.King & H.Rob.,GBIF,3301955716,inat:80621141,HUMAN_OBSERVATION,2021-05-07T14:48,2021,MY,3.117412,101.584684,,Selangor,,PRESENT,CONTINENT_DERIVED_FROM_COORDINATES|COORDINATE_ROUNDED|TAXON_ID_NOT_FOUND,iNaturalist research-grade observations,50c9509d-22c7-4a22-a47d-8c48425ef4a7,http://creativecommons.org/licenses/by-nc/4.0/legalcode,https://www.gbif.org/occurrence/3301955716,True,False
cce9276f97b66be7054fe222,chromolaena_odorata,Chromolaena odorata,Chromolaena odorata (L.) R.M.King & H.Rob.,GBIF,3353001392,,PRESERVED_SPECIMEN,2011-05-20,2011,MY,5.77117,116.3415,,Borneo,Tambunan. Base camp area.,PRESENT,,,15f819bd-6612-4447-854b-14d12ee1022d,http://creativecommons.org/publicdomain/zero/1.0/legalcode,https://www.gbif.org/occurrence/3353001392,True,False
f1a26714dbba563309578210,chromolaena_odorata,Chromolaena odorata,Chromolaena odorata (L.) R.M.King & H.Rob.,GBIF,3355012487,inat:72433076,HUMAN_OBSERVATION,2021-03-30T10:20:53,2021,MY,5.359986,100.301442,225.0,Pulau Pinang,,PRESENT,CONTINENT_DERIVED_FROM_COORDINATES|COORDINATE_ROUNDED|TAXON_ID_NOT_FOUND,iNaturalist research-grade observations,50c9509d-22c7-4a22-a47d-8c48425ef4a7,http://creativecommons.org/licenses/by-nc/4.0/legalcode,https://www.gbif.org/occurrence/3355012487,True,True
e1bdbca6b1cd7a718b9dcff9,chromolaena_odorata,Chromolaena odorata,Chromolaena odorata (L.) R.M.King & H.Rob.,GBIF,3355061461,inat:68909412,HUMAN_OBSERVATION,2021-02-01T03:41:57,2021,MY,3.047553,101.753433,5.0,Selangor,,PRESENT,CONTINENT_DERIVED_FROM_COORDINATES|COORDINATE_ROUNDED|TAXON_ID_NOT_FOUND,iNaturalist research-grade observations,50c9509d-22c7-4a22-a47d-8c48425ef4a7,http://creativecommons.org/licenses/by-nc/4.0/legalcode,https://www.gbif.org/occurrence/3355061461,True,True
b555c2ec4de0512a0a3d4072,chromolaena_odorata,Chromolaena odorata,Chromolaena odorata (L.) R.M.King & H.Rob.,GBIF,3355209474,inat:72077857,HUMAN_OBSERVATION,2021-03-25T10:02Z,2021,MY,5.360031,100.303613,211.0,Pulau Pinang,,PRESENT,CONTINENT_DERIVED_FROM_COORDINATES|COORDINATE_ROUNDED|TAXON_ID_NOT_FOUND,iNaturalist research-grade observations,50c9509d-22c7-4a22-a47d-8c48425ef4a7,http://creativecommons.org/licenses/by-nc/4.0/legalcode,https://www.gbif.org/occurrence/3355209474,True,True
b138874b72ea6c171dba4fd7,chromolaena_odorata,Chromolaena odorata,Chromolaena odorata (L.) R.M.King & H.Rob.,GBIF,3355529429,inat:68855339,HUMAN_OBSERVATION,2021-01-31T09:40:12,2021,MY,4.262831,101.93003,,Pahang,,PRESENT,CONTINENT_DERIVED_FROM_COORDINATES|COORDINATE_ROUNDED|TAXON_ID_NOT_FOUND,iNaturalist research-grade observations,50c9509d-22c7-4a22-a47d-8c48425ef4a7,http://creativecommons.org/licenses/by-nc/4.0/legalcode,https://www.gbif.org/occurrence/3355529429,True,False
a4d868faba5fd2c2bff89f90,chromolaena_odorata,Chromolaena odorata,Chromolaena odorata (L.) R.M.King & H.Rob.,GBIF,3384645661,inat:74102897,HUMAN_OBSERVATION,2021-03-28T12:03Z,2021,MY,5.349434,100.29427,23.0,Pulau Pinang,,PRESENT,CONTINENT_DERIVED_FROM_COORDINATES|COORDINATE_ROUNDED|TAXON_ID_NOT_FOUND,iNaturalist research-grade observations,50c9509d-22c7-4a22-a47d-8c48425ef4a7,http://creativecommons.org/licenses/by-nc/4.0/legalcode,https://www.gbif.org/occurrence/3384645661,True,True
b7768a7af2184e03d27bd3c5,chromolaena_odorata,Chromolaena odorata,Chromolaena odorata (L.) R.M.King & H.Rob.,GBIF,3385078505,inat:95342700,HUMAN_OBSERVATION,2021-09-19T08:46:22,2021,MY,3.038911,101.802923,3.0,Selangor,,PRESENT,CONTINENT_DERIVED_FROM_COORDINATES|COORDINATE_ROUNDED|TAXON_ID_NOT_FOUND,iNaturalist research-grade observations,50c9509d-22c7-4a22-a47d-8c48425ef4a7,http://creativecommons.org/licenses/by-nc/4.0/legalcode,https://www.gbif.org/occurrence/3385078505,True,True
5b143c53386ecb578d3b186b,chromolaena_odorata,Chromolaena odorata,Chromolaena odorata (L.) R.M.King & H.Rob.,GBIF,3391680878,inat:97747125,HUMAN_OBSERVATION,2021-08-05T09:22Z,2021,MY,3.181028,101.653856,9.0,Kuala Lumpur,,PRESENT,CONTINENT_DERIVED_FROM_COORDINATES|COORDINATE_ROUNDED|TAXON_ID_NOT_FOUND,iNaturalist research-grade observations,50c9509d-22c7-4a22-a47d-8c48425ef4a7,http://creativecommons.org/licenses/by-nc/4.0/legalcode,https://www.gbif.org/occurrence/3391680878,True,True
72b902e71c2771a3297962c9,chromolaena_odorata,Chromolaena odorata,Chromolaena odorata (L.) R.M.King & H.Rob.,GBIF,3407970236,inat:100213824,HUMAN_OBSERVATION,2021-11-04T15:02:31,2021,MY,2.281401,102.299209,233.0,Melaka,,PRESENT,CONTINENT_DERIVED_FROM_COORDINATES|COORDINATE_ROUNDED|TAXON_ID_NOT_FOUND,iNaturalist research-grade observations,50c9509d-22c7-4a22-a47d-8c48425ef4a7,http://creativecommons.org/licenses/by-nc/4.0/legalcode,https://www.gbif.org/occurrence/3407970236,True,True
82f9c9c3d3d947103c058b27,chromolaena_odorata,Chromolaena odorata,Chromolaena odorata (L.) R.M.King & H.Rob.,GBIF,3408047404,inat:72435160,HUMAN_OBSERVATION,2021-03-30T10:19:56,2021,MY,5.360181,100.301303,8.0,Pulau Pinang,,PRESENT,CONTINENT_DERIVED_FROM_COORDINATES|COORDINATE_ROUNDED|TAXON_ID_NOT_FOUND,iNaturalist research-grade observations,50c9509d-22c7-4a22-a47d-8c48425ef4a7,http://creativecommons.org/licenses/by-nc/4.0/legalcode,https://www.gbif.org/occurrence/3408047404,True,True
eb27f9fdf8374720b0d3b6a8,chromolaena_odorata,Chromolaena odorata,Chromolaena odorata (L.) R.M.King & H.Rob.,GBIF,3408240404,inat:72351950,HUMAN_OBSERVATION,2021-03-29T10:29:13,2021,MY,5.357426,100.30833,227.0,Pulau Pinang,,PRESENT,CONTINENT_DERIVED_FROM_COORDINATES|COORDINATE_ROUNDED|TAXON_ID_NOT_FOUND,iNaturalist research-grade observations,50c9509d-22c7-4a22-a47d-8c48425ef4a7,http://creativecommons.org/licenses/by-nc/4.0/legalcode,https://www.gbif.org/occurrence/3408240404,True,True
c3a4e01e7defa896cf6c2930,chromolaena_odorata,Chromolaena odorata,Chromolaena odorata (L.) R.M.King & H.Rob.,GBIF,3456127209,inat:103673638,HUMAN_OBSERVATION,2006-12-13T15:03,2006,MY,3.715857,101.735217,467.0,Pahang,,PRESENT,CONTINENT_DERIVED_FROM_COORDINATES|COORDINATE_ROUNDED|TAXON_ID_NOT_FOUND,iNaturalist research-grade observations,50c9509d-22c7-4a22-a47d-8c48425ef4a7,http://creativecommons.org/publicdomain/zero/1.0/legalcode,https://www.gbif.org/occurrence/3456127209,True,True
c62621ecf05ea06d5ca9cfaf,chromolaena_odorata,Chromolaena odorata,Chromolaena odorata (L.) R.M.King & H.Rob.,GBIF,3499408529,inat:106547736,HUMAN_OBSERVATION,2010-05-09T16:18,2010,MY,3.714322,101.748039,371.0,Pahang,,PRESENT,CONTINENT_DERIVED_FROM_COORDINATES|COORDINATE_ROUNDED|TAXON_ID_NOT_FOUND,iNaturalist research-grade observations,50c9509d-22c7-4a22-a47d-8c48425ef4a7,http://creativecommons.org/publicdomain/zero/1.0/legalcode,https://www.gbif.org/occurrence/3499408529,True,True
8da22e4066471f63185b8a19,chromolaena_odorata,Chromolaena odorata,Chromolaena odorata (L.) R.M.King & H.Rob.,GBIF,3858240625,inat:74138766,HUMAN_OBSERVATION,2021-03-29T12:50Z,2021,MY,5.354808,100.306488,27.0,Pulau Pinang,,PRESENT,CONTINENT_DERIVED_FROM_COORDINATES|COORDINATE_ROUNDED|TAXON_ID_NOT_FOUND,iNaturalist research-grade observations,50c9509d-22c7-4a22-a47d-8c48425ef4a7,http://creativecommons.org/licenses/by-nc/4.0/legalcode,https://www.gbif.org/occurrence/3858240625,True,True
d173aaa22cc1c6183585851a,chromolaena_odorata,Chromolaena odorata,Chromolaena odorata (L.) R.M.King & H.Rob.,GBIF,3874085326,inat:126753481,HUMAN_OBSERVATION,2022-07-16T13:55:43,2022,MY,3.177006,101.604508,,Selangor,,PRESENT,CONTINENT_DERIVED_FROM_COORDINATES|COORDINATE_ROUNDED|TAXON_ID_NOT_FOUND,iNaturalist research-grade observations,50c9509d-22c7-4a22-a47d-8c48425ef4a7,http://creativecommons.org/licenses/by/4.0/legalcode,https://www.gbif.org/occurrence/3874085326,True,False
25766ade9089c17b89114452,chromolaena_odorata,Chromolaena odorata,Chromolaena odorata (L.) R.M.King & H.Rob.,GBIF,3912138452,inat:125869083,HUMAN_OBSERVATION,2022-07-11T16:25:59,2022,MY,3.20395,101.853353,,Selangor,,PRESENT,CONTINENT_DERIVED_FROM_COORDINATES|COORDINATE_ROUNDED|TAXON_ID_NOT_FOUND,iNaturalist research-grade observations,50c9509d-22c7-4a22-a47d-8c48425ef4a7,http://creativecommons.org/licenses/by/4.0/legalcode,https://www.gbif.org/occurrence/3912138452,True,False
978599b3531d50a04017dd22,chromolaena_odorata,Chromolaena odorata,Chromolaena odorata (L.) R.M.King & H.Rob.,GBIF,3951370955,,HUMAN_OBSERVATION,2022-01-12T01:07:11.771Z,2022,MY,5.752944,102.628064,16.0,,,PRESENT,CONTINENT_DERIVED_FROM_COORDINATES|COORDINATE_ROUNDED|COUNTRY_DERIVED_FROM_COORDINATES,,14d5676a-2c54-4f94-9023-1e8dcd822aa0,http://creativecommons.org/licenses/by/4.0/legalcode,https://www.gbif.org/occurrence/3951370955,True,True
33e63eec13d79ee45874ed6f,chromolaena_odorata,Chromolaena odorata,Chromolaena odorata (L.) R.M.King & H.Rob.,GBIF,3951904081,,HUMAN_OBSERVATION,2020-02-26T06:57:06.742Z,2020,MY,2.986465,101.721597,,,,PRESENT,CONTINENT_DERIVED_FROM_COORDINATES|COORDINATE_ROUNDED|COUNTRY_DERIVED_FROM_COORDINATES,,14d5676a-2c54-4f94-9023-1e8dcd822aa0,http://creativecommons.org/licenses/by/4.0/legalcode,https://www.gbif.org/occurrence/3951904081,True,False
5aeaf76ae383a6fd875c56a4,chromolaena_odorata,Chromolaena odorata,Chromolaena odorata (L.) R.M.King & H.Rob.,GBIF,3951949780,,HUMAN_OBSERVATION,2019-07-20T03:34:41.149Z,2019,MY,2.864469,101.684147,10.0,,,PRESENT,CONTINENT_DERIVED_FROM_COORDINATES|COORDINATE_ROUNDED|COUNTRY_DERIVED_FROM_COORDINATES,,14d5676a-2c54-4f94-9023-1e8dcd822aa0,http://creativecommons.org/licenses/by/4.0/legalcode,https://www.gbif.org/occurrence/3951949780,True,True
a0df145204c175f3ceeb7f7b,chromolaena_odorata,Chromolaena odorata,Chromolaena odorata (L.) R.M.King & H.Rob.,GBIF,3952637071,,HUMAN_OBSERVATION,2020-03-05T07:24:24.304Z,2020,MY,2.649106,102.659122,,,,PRESENT,CONTINENT_DERIVED_FROM_COORDINATES|COORDINATE_ROUNDED|COUNTRY_DERIVED_FROM_COORDINATES,,14d5676a-2c54-4f94-9023-1e8dcd822aa0,http://creativecommons.org/licenses/by/4.0/legalcode,https://www.gbif.org/occurrence/3952637071,True,False
93b2f9711325f64ce2653dbc,chromolaena_odorata,Chromolaena odorata,Chromolaena odorata (L.) R.M.King & H.Rob.,GBIF,3956492339,,HUMAN_OBSERVATION,2020-03-05T07:24:58.299Z,2020,MY,2.649106,102.659122,,,,PRESENT,CONTINENT_DERIVED_FROM_COORDINATES|COORDINATE_ROUNDED|COUNTRY_DERIVED_FROM_COORDINATES,,14d5676a-2c54-4f94-9023-1e8dcd822aa0,http://creativecommons.org/licenses/by/4.0/legalcode,https://www.gbif.org/occurrence/3956492339,True,False
e90db2955bdee72034614209,chromolaena_odorata,Chromolaena odorata,Chromolaena odorata (L.) R.M.King & H.Rob.,GBIF,3956717907,,HUMAN_OBSERVATION,2020-02-25T01:53:53.638Z,2020,MY,3.798659,102.364304,,,,PRESENT,CONTINENT_DERIVED_FROM_COORDINATES|COORDINATE_ROUNDED|COUNTRY_DERIVED_FROM_COORDINATES,,14d5676a-2c54-4f94-9023-1e8dcd822aa0,http://creativecommons.org/licenses/by/4.0/legalcode,https://www.gbif.org/occurrence/3956717907,True,False
71ac7e04e55ca283374b421a,chromolaena_odorata,Chromolaena odorata,Chromolaena odorata (L.) R.M.King & H.Rob.,GBIF,3956843776,,HUMAN_OBSERVATION,2020-03-05T07:23:53.127Z,2020,MY,2.649106,102.659122,,,,PRESENT,CONTINENT_DERIVED_FROM_COORDINATES|COORDINATE_ROUNDED|COUNTRY_DERIVED_FROM_COORDINATES,,14d5676a-2c54-4f94-9023-1e8dcd822aa0,http://creativecommons.org/licenses/by/4.0/legalcode,https://www.gbif.org/occurrence/3956843776,True,False
9fc531d39ef24f3996a6dbcd,chromolaena_odorata,Chromolaena odorata,Chromolaena odorata (L.) R.M.King & H.Rob.,GBIF,3957592666,,HUMAN_OBSERVATION,2020-05-01T17:29:39.216Z,2020,MY,5.385943,100.298553,,,,PRESENT,CONTINENT_DERIVED_FROM_COORDINATES|COORDINATE_ROUNDED|COUNTRY_DERIVED_FROM_COORDINATES,,14d5676a-2c54-4f94-9023-1e8dcd822aa0,http://creativecommons.org/licenses/by/4.0/legalcode,https://www.gbif.org/occurrence/3957592666,True,False
6f07963135ed8c7336a9c6e4,chromolaena_odorata,Chromolaena odorata,Chromolaena odorata (L.) R.M.King & H.Rob.,GBIF,3957706854,,HUMAN_OBSERVATION,2022-03-29T09:55:08.512Z,2022,MY,6.279573,99.73073,32.0,,,PRESENT,CONTINENT_DERIVED_FROM_COORDINATES|COORDINATE_ROUNDED|COUNTRY_DERIVED_FROM_COORDINATES,,14d5676a-2c54-4f94-9023-1e8dcd822aa0,http://creativecommons.org/licenses/by/4.0/legalcode,https://www.gbif.org/occurrence/3957706854,True,True
9a59e4ac0a4e7f5e49a79270,chromolaena_odorata,Chromolaena odorata,Chromolaena odorata (L.) R.M.King & H.Rob.,GBIF,3958549838,,HUMAN_OBSERVATION,2022-03-22T01:57:53.827Z,2022,MY,5.560745,101.342275,9.0,,,PRESENT,CONTINENT_DERIVED_FROM_COORDINATES|COORDINATE_ROUNDED|COUNTRY_DERIVED_FROM_COORDINATES,,14d5676a-2c54-4f94-9023-1e8dcd822aa0,http://creativecommons.org/licenses/by/4.0/legalcode,https://www.gbif.org/occurrence/3958549838,True,True
55874375ccc35b55c33b3423,chromolaena_odorata,Chromolaena odorata,Chromolaena odorata (L.) R.M.King & H.Rob.,GBIF,3958680175,,HUMAN_OBSERVATION,2022-03-26T11:09:13.989Z,2022,MY,6.279412,99.73079,32.0,,,PRESENT,CONTINENT_DERIVED_FROM_COORDINATES|COORDINATE_ROUNDED|COUNTRY_DERIVED_FROM_COORDINATES,,14d5676a-2c54-4f94-9023-1e8dcd822aa0,http://creativecommons.org/licenses/by/4.0/legalcode,https://www.gbif.org/occurrence/3958680175,True,True
d3b237d7579964afa94b462b,chromolaena_odorata,Chromolaena odorata,Chromolaena odorata (L.) R.M.King & H.Rob.,GBIF,3958840380,,HUMAN_OBSERVATION,2022-05-08T04:19:51.800Z,2022,MY,6.160625,102.30076,3.0,,,PRESENT,CONTINENT_DERIVED_FROM_COORDINATES|COORDINATE_ROUNDED|COUNTRY_DERIVED_FROM_COORDINATES,,14d5676a-2c54-4f94-9023-1e8dcd822aa0,http://creativecommons.org/licenses/by/4.0/legalcode,https://www.gbif.org/occurrence/3958840380,True,True
bd1255bb1ee9152a9e5c0c13,chromolaena_odorata,Chromolaena odorata,Chromolaena odorata (L.) R.M.King & H.Rob.,GBIF,3959050856,,HUMAN_OBSERVATION,2021-01-04T03:51:14.852Z,2021,MY,2.577134,102.648984,,,,PRESENT,CONTINENT_DERIVED_FROM_COORDINATES|COORDINATE_ROUNDED|COUNTRY_DERIVED_FROM_COORDINATES,,14d5676a-2c54-4f94-9023-1e8dcd822aa0,http://creativecommons.org/licenses/by/4.0/legalcode,https://www.gbif.org/occurrence/3959050856,True,False
9969dd59451a0e1c4fee31cb,chromolaena_odorata,Chromolaena odorata,Chromolaena odorata (L.) R.M.King & H.Rob.,GBIF,3959251938,,HUMAN_OBSERVATION,2021-02-07T05:14:52.973Z,2021,MY,4.338069,101.154129,,,,PRESENT,CONTINENT_DERIVED_FROM_COORDINATES|COORDINATE_ROUNDED|COUNTRY_DERIVED_FROM_COORDINATES,,14d5676a-2c54-4f94-9023-1e8dcd822aa0,http://creativecommons.org/licenses/by/4.0/legalcode,https://www.gbif.org/occurrence/3959251938,True,False
ef1c1e84e1b2b56f25a8f30d,chromolaena_odorata,Chromolaena odorata,Chromolaena odorata (L.) R.M.King & H.Rob.,GBIF,3959499502,,HUMAN_OBSERVATION,2022-06-05T10:09:19.312Z,2022,MY,2.911477,101.733405,10.0,,,PRESENT,CONTINENT_DERIVED_FROM_COORDINATES|COORDINATE_ROUNDED|COUNTRY_DERIVED_FROM_COORDINATES,,14d5676a-2c54-4f94-9023-1e8dcd822aa0,http://creativecommons.org/licenses/by/4.0/legalcode,https://www.gbif.org/occurrence/3959499502,True,True
96b7b365eb8d695152dddcad,chromolaena_odorata,Chromolaena odorata,Chromolaena odorata (L.) R.M.King & H.Rob.,GBIF,3998114147,,HUMAN_OBSERVATION,2022-08-28T01:31:42.658Z,2022,MY,3.933682,101.783163,3.0,,,PRESENT,CONTINENT_DERIVED_FROM_COORDINATES|COORDINATE_ROUNDED|COUNTRY_DERIVED_FROM_COORDINATES,,14d5676a-2c54-4f94-9023-1e8dcd822aa0,http://creativecommons.org/licenses/by/4.0/legalcode,https://www.gbif.org/occurrence/3998114147,True,True
4bd15d7a0f53574425f8478a,chromolaena_odorata,Chromolaena odorata,Chromolaena odorata (L.) R.M.King & H.Rob.,GBIF,3998424992,,HUMAN_OBSERVATION,2022-09-14T11:54:50.634Z,2022,MY,2.940521,101.42283,,,,PRESENT,CONTINENT_DERIVED_FROM_COORDINATES|COORDINATE_ROUNDED|COUNTRY_DERIVED_FROM_COORDINATES,,14d5676a-2c54-4f94-9023-1e8dcd822aa0,http://creativecommons.org/licenses/by/4.0/legalcode,https://www.gbif.org/occurrence/3998424992,True,False
03a6036ae1365ad8dd851e25,chromolaena_odorata,Chromolaena odorata,Chromolaena odorata (L.) R.M.King & H.Rob.,GBIF,3998485308,,HUMAN_OBSERVATION,2022-10-04T01:24:02.495Z,2022,MY,6.547947,100.168727,2.0,,,PRESENT,CONTINENT_DERIVED_FROM_COORDINATES|COORDINATE_ROUNDED|COUNTRY_DERIVED_FROM_COORDINATES,,14d5676a-2c54-4f94-9023-1e8dcd822aa0,http://creativecommons.org/licenses/by/4.0/legalcode,https://www.gbif.org/occurrence/3998485308,True,True
deb797ecd16ea1d5e1182012,chromolaena_odorata,Chromolaena odorata,Chromolaena odorata (L.) R.M.King & H.Rob.,GBIF,3998561028,,HUMAN_OBSERVATION,2022-08-13T07:52:36.950Z,2022,MY,5.771925,102.553261,,,,PRESENT,CONTINENT_DERIVED_FROM_COORDINATES|COORDINATE_ROUNDED|COUNTRY_DERIVED_FROM_COORDINATES,,14d5676a-2c54-4f94-9023-1e8dcd822aa0,http://creativecommons.org/licenses/by/4.0/legalcode,https://www.gbif.org/occurrence/3998561028,True,False
0b830866ada2a632a58fec73,chromolaena_odorata,Chromolaena odorata,Chromolaena odorata (L.) R.M.King & H.Rob.,GBIF,4018239486,inat:108106172,HUMAN_OBSERVATION,2002-03-10T09:44,2002,MY,2.43803,103.982148,870.0,Johor,,PRESENT,CONTINENT_DERIVED_FROM_COORDINATES|COORDINATE_ROUNDED|TAXON_ID_NOT_FOUND,iNaturalist research-grade observations,50c9509d-22c7-4a22-a47d-8c48425ef4a7,http://creativecommons.org/publicdomain/zero/1.0/legalcode,https://www.gbif.org/occurrence/4018239486,True,True
0735670eeede32d44f819d68,chromolaena_odorata,Chromolaena odorata,Chromolaena odorata (L.) R.M.King & H.Rob.,GBIF,4091852804,inat:154651790,HUMAN_OBSERVATION,2023-04-13T08:50:36,2023,MY,3.173242,101.501178,,Selangor,,PRESENT,CONTINENT_DERIVED_FROM_COORDINATES|COORDINATE_ROUNDED|TAXON_ID_NOT_FOUND,iNaturalist research-grade observations,50c9509d-22c7-4a22-a47d-8c48425ef4a7,http://creativecommons.org/licenses/by-nc/4.0/legalcode,https://www.gbif.org/occurrence/4091852804,True,False
c2b3ce0514b2705a1a7584d7,chromolaena_odorata,Chromolaena odorata,Chromolaena odorata (L.) R.M.King & H.Rob.,GBIF,4096491714,inat:155441801,HUMAN_OBSERVATION,2023-04-05T16:38,2023,MY,5.946675,116.046433,,Sabah,,PRESENT,CONTINENT_DERIVED_FROM_COORDINATES|COORDINATE_ROUNDED|TAXON_ID_NOT_FOUND,iNaturalist research-grade observations,50c9509d-22c7-4a22-a47d-8c48425ef4a7,http://creativecommons.org/licenses/by-nc/4.0/legalcode,https://www.gbif.org/occurrence/4096491714,True,False
f1da2ff328c09af51fdb98ea,chromolaena_odorata,Chromolaena odorata,Chromolaena odorata (L.) R.M.King & H.Rob.,GBIF,4102783388,inat:157521518,HUMAN_OBSERVATION,2023-04-29T11:57:03,2023,MY,4.562596,101.123617,28.0,Perak,,PRESENT,CONTINENT_DERIVED_FROM_COORDINATES|COORDINATE_ROUNDED|TAXON_ID_NOT_FOUND,iNaturalist research-grade observations,50c9509d-22c7-4a22-a47d-8c48425ef4a7,http://creativecommons.org/licenses/by-nc/4.0/legalcode,https://www.gbif.org/occurrence/4102783388,True,True
ce7b9286fd3c8efd77fc216e,chromolaena_odorata,Chromolaena odorata,Chromolaena odorata (L.) R.M.King & H.Rob.,GBIF,4127203624,inat:163598584,HUMAN_OBSERVATION,2023-05-25T12:02:04,2023,MY,2.963456,101.695967,10.0,Selangor,,PRESENT,CONTINENT_DERIVED_FROM_COORDINATES|COORDINATE_ROUNDED|TAXON_ID_NOT_FOUND,iNaturalist research-grade observations,50c9509d-22c7-4a22-a47d-8c48425ef4a7,http://creativecommons.org/licenses/by-nc/4.0/legalcode,https://www.gbif.org/occurrence/4127203624,True,True
311e0361adaf2a1bdd64c1b7,chromolaena_odorata,Chromolaena odorata,Chromolaena odorata (L.) R.M.King & H.Rob.,GBIF,4127380731,inat:163928745,HUMAN_OBSERVATION,2023-05-27T11:43:33,2023,MY,2.970523,101.694745,6.0,Selangor,,PRESENT,CONTINENT_DERIVED_FROM_COORDINATES|COORDINATE_ROUNDED|TAXON_ID_NOT_FOUND,iNaturalist research-grade observations,50c9509d-22c7-4a22-a47d-8c48425ef4a7,http://creativecommons.org/licenses/by-nc/4.0/legalcode,https://www.gbif.org/occurrence/4127380731,True,True
b11b6dde153cd8bd3efdf61b,chromolaena_odorata,Chromolaena odorata,Chromolaena odorata (L.) R.M.King & H.Rob.,GBIF,4400434116,inat:178837069,HUMAN_OBSERVATION,2023-08-17T13:05:28,2023,MY,3.17285,101.499947,,Selangor,,PRESENT,CONTINENT_DERIVED_FROM_COORDINATES|COORDINATE_ROUNDED|TAXON_ID_NOT_FOUND,iNaturalist research-grade observations,50c9509d-22c7-4a22-a47d-8c48425ef4a7,http://creativecommons.org/licenses/by-nc/4.0/legalcode,https://www.gbif.org/occurrence/4400434116,True,False
4053391fa84747ac432935aa,chromolaena_odorata,Chromolaena odorata,Chromolaena odorata (L.) R.M.King & H.Rob.,GBIF,4413915369,inat:182612440,HUMAN_OBSERVATION,2023-09-10T18:35:16,2023,MY,2.950862,101.69241,2.0,Selangor,,PRESENT,CONTINENT_DERIVED_FROM_COORDINATES|COORDINATE_ROUNDED|TAXON_ID_NOT_FOUND,iNaturalist research-grade observations,50c9509d-22c7-4a22-a47d-8c48425ef4a7,http://creativecommons.org/licenses/by-nc/4.0/legalcode,https://www.gbif.org/occurrence/4413915369,True,True
67f0c6e095840836ad86bf8e,chromolaena_odorata,Chromolaena odorata,Chromolaena odorata (L.) R.M.King & H.Rob.,GBIF,4465373804,inat:154660444,HUMAN_OBSERVATION,2023-04-13T08:59:40,2023,MY,3.172825,101.500042,,Selangor,,PRESENT,CONTINENT_DERIVED_FROM_COORDINATES|COORDINATE_ROUNDED|TAXON_ID_NOT_FOUND,iNaturalist research-grade observations,50c9509d-22c7-4a22-a47d-8c48425ef4a7,http://creativecommons.org/licenses/by-nc/4.0/legalcode,https://www.gbif.org/occurrence/4465373804,True,False
d6b4fb9ef602faf7e3b3d3e2,chromolaena_odorata,Chromolaena odorata,Chromolaena odorata (L.) R.M.King & H.Rob.,GBIF,4465407849,inat:163079786,HUMAN_OBSERVATION,2023-05-22T15:50:45,2023,MY,2.952073,101.698869,48.0,Selangor,,PRESENT,CONTINENT_DERIVED_FROM_COORDINATES|COORDINATE_ROUNDED|TAXON_ID_NOT_FOUND,iNaturalist research-grade observations,50c9509d-22c7-4a22-a47d-8c48425ef4a7,http://creativecommons.org/licenses/by-nc/4.0/legalcode,https://www.gbif.org/occurrence/4465407849,True,True
ca40ca404937ab2473de08b0,chromolaena_odorata,Chromolaena odorata,Chromolaena odorata (L.) R.M.King & H.Rob.,GBIF,4500504351,inat:20569189,HUMAN_OBSERVATION,2019-02-23T08:57:40,2019,MY,5.437928,100.291927,3.0,Pulau Pinang,,PRESENT,CONTINENT_DERIVED_FROM_COORDINATES|COORDINATE_ROUNDED|TAXON_ID_NOT_FOUND,iNaturalist research-grade observations,50c9509d-22c7-4a22-a47d-8c48425ef4a7,http://creativecommons.org/licenses/by-nc/4.0/legalcode,https://www.gbif.org/occurrence/4500504351,True,True
10f8e8fdd9a72bfdc2d55ecc,chromolaena_odorata,Chromolaena odorata,Chromolaena odorata (L.) R.M.King & H.Rob.,GBIF,4516317723,inat:196922881,HUMAN_OBSERVATION,2022-05-05T10:37,2022,MY,6.094525,116.432608,4.0,Sabah,,PRESENT,CONTINENT_DERIVED_FROM_COORDINATES|COORDINATE_ROUNDED|TAXON_ID_NOT_FOUND,iNaturalist research-grade observations,50c9509d-22c7-4a22-a47d-8c48425ef4a7,http://creativecommons.org/licenses/by-nc/4.0/legalcode,https://www.gbif.org/occurrence/4516317723,True,True
50540c1a9212e442a6c67967,chromolaena_odorata,Chromolaena odorata,Chromolaena odorata (L.) R.M.King & H.Rob.,GBIF,4602123679,,PRESERVED_SPECIMEN,1993-02-12T00:00,1993,MY,5.963611,116.546111,,,Borneo; Rananu District. Kampung Bundu Tuhan. Tunturugung. Kampung Himbaan.,PRESENT,CONTINENT_DERIVED_FROM_COORDINATES|COORDINATE_ROUNDED|GEODETIC_DATUM_ASSUMED_WGS84|INSTITUTION_COLLECTION_MISMATCH|INSTITUTION_MATCH_FUZZY,,cd6e21c8-9e8a-493a-8a76-fbf7862069e5,http://creativecommons.org/licenses/by/4.0/legalcode,https://www.gbif.org/occurrence/4602123679,True,False
85ac015813ea59b040e52733,chromolaena_odorata,Chromolaena odorata,Chromolaena odorata (L.) R.M.King & H.Rob.,GBIF,4892114314,inat:221976907,HUMAN_OBSERVATION,2024-06-11T10:59:37,2024,MY,4.263251,101.801356,,Pahang,,PRESENT,CONTINENT_DERIVED_FROM_COORDINATES|COORDINATE_ROUNDED|TAXON_ID_NOT_FOUND,iNaturalist research-grade observations,50c9509d-22c7-4a22-a47d-8c48425ef4a7,http://creativecommons.org/licenses/by-nc/4.0/legalcode,https://www.gbif.org/occurrence/4892114314,True,False
9a126cccb90f07a179d96585,chromolaena_odorata,Chromolaena odorata,Chromolaena odorata (L.) R.M.King & H.Rob.,GBIF,4945823612,inat:23878754,HUMAN_OBSERVATION,2019-04-29T17:10:09,2019,MY,5.353419,100.299993,19.0,Pulau Pinang,,PRESENT,CONTINENT_DERIVED_FROM_COORDINATES|COORDINATE_ROUNDED|TAXON_ID_NOT_FOUND,iNaturalist research-grade observations,50c9509d-22c7-4a22-a47d-8c48425ef4a7,http://creativecommons.org/licenses/by-nc/4.0/legalcode,https://www.gbif.org/occurrence/4945823612,True,True
76e5082f606401db1a02ff70,chromolaena_odorata,Chromolaena odorata,Chromolaena odorata (L.) R.M.King & H.Rob.,GBIF,4946047596,inat:240278209,HUMAN_OBSERVATION,2024-09-07T16:03,2024,MY,2.887551,102.471606,7.0,Negeri Sembilan,,PRESENT,CONTINENT_DERIVED_FROM_COORDINATES|COORDINATE_ROUNDED|TAXON_ID_NOT_FOUND,iNaturalist research-grade observations,50c9509d-22c7-4a22-a47d-8c48425ef4a7,http://creativecommons.org/licenses/by-nc/4.0/legalcode,https://www.gbif.org/occurrence/4946047596,True,True
0473335525544e35b6813bf3,chromolaena_odorata,Chromolaena odorata,Chromolaena odorata (L.) R.M.King & H.Rob.,GBIF,4946216707,inat:11500959,HUMAN_OBSERVATION,2018-04-27T14:43:58,2018,MY,3.13026,101.65122,9.0,Kuala Lumpur,,PRESENT,CONTINENT_DERIVED_FROM_COORDINATES|COORDINATE_ROUNDED|TAXON_ID_NOT_FOUND,iNaturalist research-grade observations,50c9509d-22c7-4a22-a47d-8c48425ef4a7,http://creativecommons.org/licenses/by-nc/4.0/legalcode,https://www.gbif.org/occurrence/4946216707,True,True
354588c68f1f7a1877051234,chromolaena_odorata,Chromolaena odorata,Chromolaena odorata (L.) R.M.King & H.Rob.,GBIF,4952333771,inat:243032902,HUMAN_OBSERVATION,2024-09-21T15:39:04,2024,MY,3.03864,101.803916,10.0,Selangor,,PRESENT,CONTINENT_DERIVED_FROM_COORDINATES|COORDINATE_ROUNDED|TAXON_ID_NOT_FOUND,iNaturalist research-grade observations,50c9509d-22c7-4a22-a47d-8c48425ef4a7,http://creativecommons.org/licenses/by-nc/4.0/legalcode,https://www.gbif.org/occurrence/4952333771,True,True
93a511f2b663ff88bd0f438c,chromolaena_odorata,Chromolaena odorata,Chromolaena odorata (L.) R.M.King & H.Rob.,GBIF,4954252471,inat:160670079,HUMAN_OBSERVATION,2023-05-08T17:57:51,2023,MY,5.424521,100.325866,28.0,Pulau Pinang,,PRESENT,CONTINENT_DERIVED_FROM_COORDINATES|COORDINATE_ROUNDED|TAXON_ID_NOT_FOUND,iNaturalist research-grade observations,50c9509d-22c7-4a22-a47d-8c48425ef4a7,http://creativecommons.org/licenses/by-nc/4.0/legalcode,https://www.gbif.org/occurrence/4954252471,True,True
f7c437d48ca469d4cc4782bd,chromolaena_odorata,Chromolaena odorata,Chromolaena odorata (L.) R.M.King & H.Rob.,GBIF,4954424840,inat:204899511,HUMAN_OBSERVATION,2024-04-01T18:13:04,2024,MY,4.358515,101.123594,7.0,Perak,,PRESENT,CONTINENT_DERIVED_FROM_COORDINATES|COORDINATE_ROUNDED|TAXON_ID_NOT_FOUND,iNaturalist research-grade observations,50c9509d-22c7-4a22-a47d-8c48425ef4a7,http://creativecommons.org/licenses/by-nc/4.0/legalcode,https://www.gbif.org/occurrence/4954424840,True,True
1c4f162dde9f4a6d6ee249c3,chromolaena_odorata,Chromolaena odorata,Chromolaena odorata (L.) R.M.King & H.Rob.,GBIF,4954483250,inat:155441357,HUMAN_OBSERVATION,2023-04-05T07:22,2023,MY,5.877177,117.943645,,Sabah,,PRESENT,CONTINENT_DERIVED_FROM_COORDINATES|COORDINATE_ROUNDED|TAXON_ID_NOT_FOUND,iNaturalist research-grade observations,50c9509d-22c7-4a22-a47d-8c48425ef4a7,http://creativecommons.org/licenses/by-nc/4.0/legalcode,https://www.gbif.org/occurrence/4954483250,True,False
a135a6456d2505971911bebe,chromolaena_odorata,Chromolaena odorata,Chromolaena odorata (L.) R.M.King & H.Rob.,GBIF,4954485481,inat:200172113,HUMAN_OBSERVATION,2024-02-23T18:48:43,2024,MY,5.419065,100.327376,11.0,Pulau Pinang,,PRESENT,CONTINENT_DERIVED_FROM_COORDINATES|COORDINATE_ROUNDED|TAXON_ID_NOT_FOUND,iNaturalist research-grade observations,50c9509d-22c7-4a22-a47d-8c48425ef4a7,http://creativecommons.org/licenses/by-nc/4.0/legalcode,https://www.gbif.org/occurrence/4954485481,True,True
9207084218da253f61a7b994,chromolaena_odorata,Chromolaena odorata,Chromolaena odorata (L.) R.M.King & H.Rob.,GBIF,4954500487,inat:193587472,HUMAN_OBSERVATION,2023-12-10T17:27:31,2023,MY,2.937216,101.673945,261.0,Putrajaya,,PRESENT,CONTINENT_DERIVED_FROM_COORDINATES|COORDINATE_ROUNDED|TAXON_ID_NOT_FOUND,iNaturalist research-grade observations,50c9509d-22c7-4a22-a47d-8c48425ef4a7,http://creativecommons.org/licenses/by-nc/4.0/legalcode,https://www.gbif.org/occurrence/4954500487,True,True
8adafd4d20ca6b697ed8d734,chromolaena_odorata,Chromolaena odorata,Chromolaena odorata (L.) R.M.King & H.Rob.,GBIF,4954532848,inat:160014528,HUMAN_OBSERVATION,2023-05-04T14:04,2023,MY,4.442334,114.040799,211.0,Sarawak,,PRESENT,CONTINENT_DERIVED_FROM_COORDINATES|COORDINATE_ROUNDED|TAXON_ID_NOT_FOUND,iNaturalist research-grade observations,50c9509d-22c7-4a22-a47d-8c48425ef4a7,http://creativecommons.org/licenses/by-nc/4.0/legalcode,https://www.gbif.org/occurrence/4954532848,True,True
82f4b059809998d90e2a05c2,chromolaena_odorata,Chromolaena odorata,Chromolaena odorata (L.) R.M.King & H.Rob.,GBIF,4954557326,inat:160880962,HUMAN_OBSERVATION,2023-05-10T17:54:27,2023,MY,2.950164,101.698638,3.0,Selangor,,PRESENT,CONTINENT_DERIVED_FROM_COORDINATES|COORDINATE_ROUNDED|TAXON_ID_NOT_FOUND,iNaturalist research-grade observations,50c9509d-22c7-4a22-a47d-8c48425ef4a7,http://creativecommons.org/licenses/by-nc/4.0/legalcode,https://www.gbif.org/occurrence/4954557326,True,True
596cc3616b4a2c5bcd5210ce,chromolaena_odorata,Chromolaena odorata,Chromolaena odorata (L.) R.M.King & H.Rob.,GBIF,4954576419,inat:211404339,HUMAN_OBSERVATION,2024-04-20T13:42:28,2024,MY,2.822122,104.1662,,Johor,,PRESENT,CONTINENT_DERIVED_FROM_COORDINATES|COORDINATE_ROUNDED|TAXON_ID_NOT_FOUND,iNaturalist research-grade observations,50c9509d-22c7-4a22-a47d-8c48425ef4a7,http://creativecommons.org/licenses/by/4.0/legalcode,https://www.gbif.org/occurrence/4954576419,True,False
ea37b8ddda7fbc8c45d6219e,chromolaena_odorata,Chromolaena odorata,Chromolaena odorata (L.) R.M.King & H.Rob.,GBIF,4954577976,inat:157508749,HUMAN_OBSERVATION,2023-04-29T10:51:25,2023,MY,4.562596,101.123617,28.0,Perak,,PRESENT,CONTINENT_DERIVED_FROM_COORDINATES|COORDINATE_ROUNDED|TAXON_ID_NOT_FOUND,iNaturalist research-grade observations,50c9509d-22c7-4a22-a47d-8c48425ef4a7,http://creativecommons.org/licenses/by-nc/4.0/legalcode,https://www.gbif.org/occurrence/4954577976,True,True
b611874d420ba5243a57b32c,chromolaena_odorata,Chromolaena odorata,Chromolaena odorata (L.) R.M.King & H.Rob.,GBIF,4954587489,inat:162475145,HUMAN_OBSERVATION,2023-05-17T17:04:02,2023,MY,2.963108,101.699045,4.0,Selangor,,PRESENT,CONTINENT_DERIVED_FROM_COORDINATES|COORDINATE_ROUNDED|TAXON_ID_NOT_FOUND,iNaturalist research-grade observations,50c9509d-22c7-4a22-a47d-8c48425ef4a7,http://creativecommons.org/licenses/by-nc/4.0/legalcode,https://www.gbif.org/occurrence/4954587489,True,True
df6b9a736e0010af1f55addb,chromolaena_odorata,Chromolaena odorata,Chromolaena odorata (L.) R.M.King & H.Rob.,GBIF,4954610588,inat:112299544,HUMAN_OBSERVATION,2022-04-11T16:55,2022,MY,3.338817,101.237097,,Selangor,,PRESENT,CONTINENT_DERIVED_FROM_COORDINATES|COORDINATE_ROUNDED|TAXON_ID_NOT_FOUND,iNaturalist research-grade observations,50c9509d-22c7-4a22-a47d-8c48425ef4a7,http://creativecommons.org/licenses/by-nc/4.0/legalcode,https://www.gbif.org/occurrence/4954610588,True,False
9e3f169b4e1d57f269063552,chromolaena_odorata,Chromolaena odorata,Chromolaena odorata (L.) R.M.King & H.Rob.,GBIF,4954663437,inat:194464063,HUMAN_OBSERVATION,2023-12-21T07:09:33,2023,MY,2.954283,101.71701,7.0,Selangor,,PRESENT,CONTINENT_DERIVED_FROM_COORDINATES|COORDINATE_ROUNDED|TAXON_ID_NOT_FOUND,iNaturalist research-grade observations,50c9509d-22c7-4a22-a47d-8c48425ef4a7,http://creativecommons.org/licenses/by-nc/4.0/legalcode,https://www.gbif.org/occurrence/4954663437,True,True
e5cf9a8ce9b90dcb8e114fe7,chromolaena_odorata,Chromolaena odorata,Chromolaena odorata (L.) R.M.King & H.Rob.,GBIF,4954748497,inat:222778689,HUMAN_OBSERVATION,2024-06-15T11:00:01,2024,MY,3.802787,101.448523,9.0,Perak,,PRESENT,CONTINENT_DERIVED_FROM_COORDINATES|COORDINATE_ROUNDED|TAXON_ID_NOT_FOUND,iNaturalist research-grade observations,50c9509d-22c7-4a22-a47d-8c48425ef4a7,http://creativecommons.org/licenses/by-nc/4.0/legalcode,https://www.gbif.org/occurrence/4954748497,True,True
a33afde806f35d92e2ccf8c9,chromolaena_odorata,Chromolaena odorata,Chromolaena odorata (L.) R.M.King & H.Rob.,GBIF,4955738413,,PRESERVED_SPECIMEN,,,MY,2.19,102.3,,,,PRESENT,COLLECTION_MATCH_NONE|CONTINENT_DERIVED_FROM_COORDINATES|GEODETIC_DATUM_ASSUMED_WGS84|INSTITUTION_MATCH_FUZZY,,0f146210-0f74-4c3a-8a9c-746637e3a9be,http://creativecommons.org/licenses/by-nc/4.0/legalcode,https://www.gbif.org/occurrence/4955738413,True,False
00e1d426ddc620ef61e9d5a8,chromolaena_odorata,Chromolaena odorata,Chromolaena odorata (L.) R.M.King & H.Rob.,GBIF,4976257191,inat:247862781,HUMAN_OBSERVATION,2024-10-18T09:38,2024,MY,2.736117,101.876517,,Negeri Sembilan,,PRESENT,CONTINENT_DERIVED_FROM_COORDINATES|COORDINATE_ROUNDED|TAXON_ID_NOT_FOUND,iNaturalist research-grade observations,50c9509d-22c7-4a22-a47d-8c48425ef4a7,http://creativecommons.org/licenses/by/4.0/legalcode,https://www.gbif.org/occurrence/4976257191,True,False
11e892f5a8d99c1364b6595b,chromolaena_odorata,Chromolaena odorata,Chromolaena odorata (L.) R.M.King & H.Rob.,GBIF,5063156119,inat:259030953,HUMAN_OBSERVATION,2025-01-20T10:55:47,2025,MY,4.436297,113.997637,4.0,Sarawak,,PRESENT,CONTINENT_DERIVED_FROM_COORDINATES|COORDINATE_ROUNDED|TAXON_ID_NOT_FOUND,iNaturalist research-grade observations,50c9509d-22c7-4a22-a47d-8c48425ef4a7,http://creativecommons.org/licenses/by-nc/4.0/legalcode,https://www.gbif.org/occurrence/5063156119,True,True
56d431acd8ba469443dc07ef,chromolaena_odorata,Chromolaena odorata,Chromolaena odorata (L.) R.M.King & H.Rob.,GBIF,5063298376,inat:259246270,HUMAN_OBSERVATION,2025-01-21T17:32:31,2025,MY,5.400863,100.273745,,Pulau Pinang,,PRESENT,CONTINENT_DERIVED_FROM_COORDINATES|COORDINATE_ROUNDED|TAXON_ID_NOT_FOUND,iNaturalist research-grade observations,50c9509d-22c7-4a22-a47d-8c48425ef4a7,http://creativecommons.org/licenses/by-nc/4.0/legalcode,https://www.gbif.org/occurrence/5063298376,True,False
27ef2914f6773a356c821bf0,chromolaena_odorata,Chromolaena odorata,Chromolaena odorata (L.) R.M.King & H.Rob.,GBIF,5064100680,inat:261239169,HUMAN_OBSERVATION,2025-02-10T12:46:02,2025,MY,6.040692,116.119025,14.0,Sabah,,PRESENT,CONTINENT_DERIVED_FROM_COORDINATES|COORDINATE_ROUNDED|TAXON_ID_NOT_FOUND,iNaturalist research-grade observations,50c9509d-22c7-4a22-a47d-8c48425ef4a7,http://creativecommons.org/licenses/by-nc/4.0/legalcode,https://www.gbif.org/occurrence/5064100680,True,True
9fe5d62818a15bbae5ba16ec,chromolaena_odorata,Chromolaena odorata,Chromolaena odorata (L.) R.M.King & H.Rob.,GBIF,5087168266,inat:261338126,HUMAN_OBSERVATION,2025-02-11T11:11:32,2025,MY,6.044102,116.11762,116.0,Sabah,,PRESENT,CONTINENT_DERIVED_FROM_COORDINATES|COORDINATE_ROUNDED|TAXON_ID_NOT_FOUND,iNaturalist research-grade observations,50c9509d-22c7-4a22-a47d-8c48425ef4a7,http://creativecommons.org/licenses/by-nc/4.0/legalcode,https://www.gbif.org/occurrence/5087168266,True,True
16005315fa4322fa6e6ef66e,chromolaena_odorata,Chromolaena odorata,Chromolaena odorata (L.) R.M.King & H.Rob.,GBIF,5087190381,inat:262483310,HUMAN_OBSERVATION,2025-02-09T17:17,2025,MY,5.916139,116.056523,,Sabah,,PRESENT,CONTINENT_DERIVED_FROM_COORDINATES|COORDINATE_ROUNDED|TAXON_ID_NOT_FOUND,iNaturalist research-grade observations,50c9509d-22c7-4a22-a47d-8c48425ef4a7,http://creativecommons.org/licenses/by-nc/4.0/legalcode,https://www.gbif.org/occurrence/5087190381,True,False
948a3cfa7271a1bfba9707ed,chromolaena_odorata,Chromolaena odorata,Chromolaena odorata (L.) R.M.King & H.Rob.,GBIF,5087415275,inat:263892918,HUMAN_OBSERVATION,2025-02-17T19:09:23,2025,MY,4.967871,117.806027,10.0,Sabah,,PRESENT,CONTINENT_DERIVED_FROM_COORDINATES|TAXON_ID_NOT_FOUND,iNaturalist research-grade observations,50c9509d-22c7-4a22-a47d-8c48425ef4a7,http://creativecommons.org/licenses/by/4.0/legalcode,https://www.gbif.org/occurrence/5087415275,True,True
ccf267c12fd3f7a883a48e48,chromolaena_odorata,Chromolaena odorata,Chromolaena odorata (L.) R.M.King & H.Rob.,GBIF,5087498628,inat:264128153,HUMAN_OBSERVATION,2025-02-18T06:46:56,2025,MY,4.967882,117.806017,20.0,Sabah,,PRESENT,CONTINENT_DERIVED_FROM_COORDINATES|TAXON_ID_NOT_FOUND,iNaturalist research-grade observations,50c9509d-22c7-4a22-a47d-8c48425ef4a7,http://creativecommons.org/licenses/by/4.0/legalcode,https://www.gbif.org/occurrence/5087498628,True,True
30ee0fc340119fccdc92cbb7,chromolaena_odorata,Chromolaena odorata,Chromolaena odorata (L.) R.M.King & H.Rob.,GBIF,5087803228,inat:265086934,HUMAN_OBSERVATION,2025-02-24T07:07:06,2025,MY,4.967866,117.805905,20.0,Sabah,,PRESENT,CONTINENT_DERIVED_FROM_COORDINATES|TAXON_ID_NOT_FOUND,iNaturalist research-grade observations,50c9509d-22c7-4a22-a47d-8c48425ef4a7,http://creativecommons.org/licenses/by/4.0/legalcode,https://www.gbif.org/occurrence/5087803228,True,True
3a20a26b2f7dc3d1ba43014b,chromolaena_odorata,Chromolaena odorata,Chromolaena odorata (L.) R.M.King & H.Rob.,GBIF,5087843959,inat:265055112,HUMAN_OBSERVATION,2025-02-23T06:48:17,2025,MY,4.981089,117.844292,20.0,Sabah,,PRESENT,CONTINENT_DERIVED_FROM_COORDINATES|TAXON_ID_NOT_FOUND,iNaturalist research-grade observations,50c9509d-22c7-4a22-a47d-8c48425ef4a7,http://creativecommons.org/licenses/by/4.0/legalcode,https://www.gbif.org/occurrence/5087843959,True,True
4e6d39d5dfcbe0060366f248,chromolaena_odorata,Chromolaena odorata,Chromolaena odorata (L.) R.M.King & H.Rob.,GBIF,5087867829,inat:265052569,HUMAN_OBSERVATION,2025-02-23T06:14:23,2025,MY,4.981012,117.844121,20.0,Sabah,,PRESENT,CONTINENT_DERIVED_FROM_COORDINATES|TAXON_ID_NOT_FOUND,iNaturalist research-grade observations,50c9509d-22c7-4a22-a47d-8c48425ef4a7,http://creativecommons.org/licenses/by/4.0/legalcode,https://www.gbif.org/occurrence/5087867829,True,True
2eca7ffbdebf9fbf926adb49,chromolaena_odorata,Chromolaena odorata,Chromolaena odorata (L.) R.M.King & H.Rob.,GBIF,5087878211,inat:265052758,HUMAN_OBSERVATION,2025-02-23T06:16:21,2025,MY,4.981177,117.844167,20.0,Sabah,,PRESENT,CONTINENT_DERIVED_FROM_COORDINATES|TAXON_ID_NOT_FOUND,iNaturalist research-grade observations,50c9509d-22c7-4a22-a47d-8c48425ef4a7,http://creativecommons.org/licenses/by/4.0/legalcode,https://www.gbif.org/occurrence/5087878211,True,True
8a4eebc790ff20f6a4f027b1,chromolaena_odorata,Chromolaena odorata,Chromolaena odorata (L.) R.M.King & H.Rob.,GBIF,5087900143,inat:265052720,HUMAN_OBSERVATION,2025-02-23T06:16:01,2025,MY,4.981138,117.844148,20.0,Sabah,,PRESENT,CONTINENT_DERIVED_FROM_COORDINATES|TAXON_ID_NOT_FOUND,iNaturalist research-grade observations,50c9509d-22c7-4a22-a47d-8c48425ef4a7,http://creativecommons.org/licenses/by/4.0/legalcode,https://www.gbif.org/occurrence/5087900143,True,True
1c501566d9e270b61f3008b4,chromolaena_odorata,Chromolaena odorata,Chromolaena odorata (L.) R.M.King & H.Rob.,GBIF,5087923210,inat:265234156,HUMAN_OBSERVATION,2025-02-25T16:36,2025,MY,4.963249,117.803203,10.0,Sabah,,PRESENT,CONTINENT_DERIVED_FROM_COORDINATES|COORDINATE_ROUNDED|TAXON_ID_NOT_FOUND,iNaturalist research-grade observations,50c9509d-22c7-4a22-a47d-8c48425ef4a7,http://creativecommons.org/licenses/by/4.0/legalcode,https://www.gbif.org/occurrence/5087923210,True,True
60d78153ed0797338152210a,chromolaena_odorata,Chromolaena odorata,Chromolaena odorata (L.) R.M.King & H.Rob.,GBIF,5088061012,inat:265052824,HUMAN_OBSERVATION,2025-02-23T06:18:37,2025,MY,4.981211,117.844213,20.0,Sabah,,PRESENT,CONTINENT_DERIVED_FROM_COORDINATES|TAXON_ID_NOT_FOUND,iNaturalist research-grade observations,50c9509d-22c7-4a22-a47d-8c48425ef4a7,http://creativecommons.org/licenses/by/4.0/legalcode,https://www.gbif.org/occurrence/5088061012,True,True
942f24b5cdb2c0e42bab99ec,chromolaena_odorata,Chromolaena odorata,Chromolaena odorata (L.) R.M.King & H.Rob.,GBIF,5088099321,inat:265092000,HUMAN_OBSERVATION,2025-02-24T07:22:44,2025,MY,4.967025,117.805194,20.0,Sabah,,PRESENT,CONTINENT_DERIVED_FROM_COORDINATES|TAXON_ID_NOT_FOUND,iNaturalist research-grade observations,50c9509d-22c7-4a22-a47d-8c48425ef4a7,http://creativecommons.org/licenses/by/4.0/legalcode,https://www.gbif.org/occurrence/5088099321,True,True
b394c3f3a93550f66ad130e3,chromolaena_odorata,Chromolaena odorata,Chromolaena odorata (L.) R.M.King & H.Rob.,GBIF,5088123040,inat:265085414,HUMAN_OBSERVATION,2025-02-24T07:02:31,2025,MY,4.967854,117.806054,20.0,Sabah,,PRESENT,CONTINENT_DERIVED_FROM_COORDINATES|TAXON_ID_NOT_FOUND,iNaturalist research-grade observations,50c9509d-22c7-4a22-a47d-8c48425ef4a7,http://creativecommons.org/licenses/by/4.0/legalcode,https://www.gbif.org/occurrence/5088123040,True,True
2968c0f6949ccc14a64ca2db,chromolaena_odorata,Chromolaena odorata,Chromolaena odorata (L.) R.M.King & H.Rob.,GBIF,5088138619,inat:265684654,HUMAN_OBSERVATION,2025-03-15T12:42,2025,MY,4.297767,101.250964,148.0,Perak,,PRESENT,CONTINENT_DERIVED_FROM_COORDINATES|COORDINATE_ROUNDED|TAXON_ID_NOT_FOUND,iNaturalist research-grade observations,50c9509d-22c7-4a22-a47d-8c48425ef4a7,http://creativecommons.org/licenses/by/4.0/legalcode,https://www.gbif.org/occurrence/5088138619,True,True
e94c2e0802ee353e2c01ed69,chromolaena_odorata,Chromolaena odorata,Chromolaena odorata (L.) R.M.King & H.Rob.,GBIF,5088143903,inat:265390361,HUMAN_OBSERVATION,2025-02-22T04:29,2025,MY,4.044009,114.807834,,Sarawak,,PRESENT,CONTINENT_DERIVED_FROM_COORDINATES|COORDINATE_ROUNDED|TAXON_ID_NOT_FOUND,iNaturalist research-grade observations,50c9509d-22c7-4a22-a47d-8c48425ef4a7,http://creativecommons.org/licenses/by-nc/4.0/legalcode,https://www.gbif.org/occurrence/5088143903,True,False
158128ce1511621202613126,chromolaena_odorata,Chromolaena odorata,Chromolaena odorata (L.) R.M.King & H.Rob.,GBIF,5088214439,inat:265684653,HUMAN_OBSERVATION,2025-03-15T12:42,2025,MY,4.297767,101.250964,148.0,Perak,,PRESENT,CONTINENT_DERIVED_FROM_COORDINATES|COORDINATE_ROUNDED|TAXON_ID_NOT_FOUND,iNaturalist research-grade observations,50c9509d-22c7-4a22-a47d-8c48425ef4a7,http://creativecommons.org/licenses/by/4.0/legalcode,https://www.gbif.org/occurrence/5088214439,True,True
bcd3f933d86babd40c6b711f,chromolaena_odorata,Chromolaena odorata,Chromolaena odorata (L.) R.M.King & H.Rob.,GBIF,5109300198,,HUMAN_OBSERVATION,2022-02-08T15:32:39Z,2022,MY,5.247352,100.739852,1.0,,,PRESENT,CONTINENT_DERIVED_FROM_COORDINATES|COORDINATE_ROUNDED|COUNTRY_DERIVED_FROM_COORDINATES,,7a3679ef-5582-4aaa-81f0-8c2545cafc81,http://creativecommons.org/licenses/by/4.0/legalcode,https://www.gbif.org/occurrence/5109300198,True,True
98ddd33e9997c534829b4897,chromolaena_odorata,Chromolaena odorata,Chromolaena odorata (L.) R.M.King & H.Rob.,GBIF,5109467536,,HUMAN_OBSERVATION,2023-01-05T01:39:19.224Z,2023,MY,3.174701,101.601798,9.0,,,PRESENT,CONTINENT_DERIVED_FROM_COORDINATES|COORDINATE_ROUNDED|COUNTRY_DERIVED_FROM_COORDINATES,,7a3679ef-5582-4aaa-81f0-8c2545cafc81,http://creativecommons.org/licenses/by/4.0/legalcode,https://www.gbif.org/occurrence/5109467536,True,True
584f083c5e515164265ef2ca,chromolaena_odorata,Chromolaena odorata,Chromolaena odorata (L.) R.M.King & H.Rob.,GBIF,5133977171,inat:270771890,HUMAN_OBSERVATION,2025-04-16T14:37:25,2025,MY,2.781598,104.205055,8.0,Johor,,PRESENT,CONTINENT_DERIVED_FROM_COORDINATES|COORDINATE_ROUNDED|TAXON_ID_NOT_FOUND,iNaturalist research-grade observations,50c9509d-22c7-4a22-a47d-8c48425ef4a7,http://creativecommons.org/licenses/by-nc/4.0/legalcode,https://www.gbif.org/occurrence/5133977171,True,True
6220dd89e416285609ef521e,chromolaena_odorata,Chromolaena odorata,Chromolaena odorata (L.) R.M.King & H.Rob.,GBIF,5830485854,inat:315361217,HUMAN_OBSERVATION,2025-09-17T17:30:50,2025,MY,5.025731,117.749419,,Sabah,,PRESENT,CONTINENT_DERIVED_FROM_COORDINATES|COORDINATE_ROUNDED|TAXON_ID_NOT_FOUND,iNaturalist research-grade observations,50c9509d-22c7-4a22-a47d-8c48425ef4a7,http://creativecommons.org/licenses/by/4.0/legalcode,https://www.gbif.org/occurrence/5830485854,True,False
1050b486904871d1415de25d,chromolaena_odorata,Chromolaena odorata,Chromolaena odorata (L.) R.M.King & H.Rob.,GBIF,5867975244,inat:321656581,HUMAN_OBSERVATION,2025-03-04T15:38,2025,MY,3.315077,101.454233,,Selangor,,PRESENT,CONTINENT_DERIVED_FROM_COORDINATES|COORDINATE_ROUNDED|TAXON_ID_NOT_FOUND,iNaturalist research-grade observations,50c9509d-22c7-4a22-a47d-8c48425ef4a7,http://creativecommons.org/licenses/by-nc/4.0/legalcode,https://www.gbif.org/occurrence/5867975244,True,False
c615389d1a05d453f9e92d3b,chromolaena_odorata,Chromolaena odorata,Chromolaena odorata (L.) R.M.King & H.Rob.,GBIF,5932199560,inat:330809617,HUMAN_OBSERVATION,2025-12-15T10:43:35,2025,MY,6.043419,116.453223,,Sabah,,PRESENT,CONTINENT_DERIVED_FROM_COORDINATES|TAXON_ID_NOT_FOUND,iNaturalist research-grade observations,50c9509d-22c7-4a22-a47d-8c48425ef4a7,http://creativecommons.org/licenses/by-nc/4.0/legalcode,https://www.gbif.org/occurrence/5932199560,True,False
35c7f2c94f8776b22ecb172c,chromolaena_odorata,Chromolaena odorata,Chromolaena odorata (L.) R.M.King & H.Rob.,GBIF,5932278143,inat:330092471,HUMAN_OBSERVATION,2025-02-12T10:07,2025,MY,5.878569,118.039433,4.0,Sabah,,PRESENT,CONTINENT_DERIVED_FROM_COORDINATES|COORDINATE_ROUNDED|TAXON_ID_NOT_FOUND,iNaturalist research-grade observations,50c9509d-22c7-4a22-a47d-8c48425ef4a7,http://creativecommons.org/licenses/by-nc/4.0/legalcode,https://www.gbif.org/occurrence/5932278143,True,True
abf4346dc0f6e1521158e6af,chromolaena_odorata,Chromolaena odorata,Chromolaena odorata (L.) R.M.King & H.Rob.,GBIF,6184939684,inat:345684252,HUMAN_OBSERVATION,2026-03-24T13:55,2026,MY,4.538247,101.106261,8.0,Perak,,PRESENT,CONTINENT_DERIVED_FROM_COORDINATES|COORDINATE_ROUNDED|TAXON_ID_NOT_FOUND,iNaturalist research-grade observations,50c9509d-22c7-4a22-a47d-8c48425ef4a7,http://creativecommons.org/licenses/by-nc/4.0/legalcode,https://www.gbif.org/occurrence/6184939684,True,True
be128d885070f8e39b012a7f,chromolaena_odorata,Chromolaena odorata,Chromolaena odorata (L.) R.M.King & H.Rob.,GBIF,6253300116,inat:357045115,HUMAN_OBSERVATION,2026-05-01T08:56:36,2026,MY,3.886033,101.89346,196.0,Pahang,,PRESENT,CONTINENT_DERIVED_FROM_COORDINATES|COORDINATE_ROUNDED|TAXON_ID_NOT_FOUND,iNaturalist research-grade observations,50c9509d-22c7-4a22-a47d-8c48425ef4a7,http://creativecommons.org/licenses/by-nc/4.0/legalcode,https://www.gbif.org/occurrence/6253300116,True,True
bab1f458800f2c1126da4bbc,chromolaena_odorata,Chromolaena odorata,Chromolaena odorata (L.) R.M.King & H.Rob.,GBIF,6320110092,inat:27154448,HUMAN_OBSERVATION,2019-02-16T12:08,2019,MY,5.438123,103.03857,,Trengganu,,PRESENT,CONTINENT_DERIVED_FROM_COORDINATES|COORDINATE_ROUNDED|TAXON_ID_NOT_FOUND,iNaturalist research-grade observations,50c9509d-22c7-4a22-a47d-8c48425ef4a7,http://creativecommons.org/licenses/by-nc/4.0/legalcode,https://www.gbif.org/occurrence/6320110092,True,False
126f40e917c0654cccc920d2,chromolaena_odorata,Chromolaena odorata,Chromolaena odorata (L.) R.M.King & H.Rob.,GBIF,6320531723,inat:19265400,HUMAN_OBSERVATION,2018-12-28T12:38,2018,MY,6.319102,99.855827,,Kedah,,PRESENT,CONTINENT_DERIVED_FROM_COORDINATES|COORDINATE_ROUNDED|TAXON_ID_NOT_FOUND,iNaturalist research-grade observations,50c9509d-22c7-4a22-a47d-8c48425ef4a7,http://creativecommons.org/licenses/by-nc/4.0/legalcode,https://www.gbif.org/occurrence/6320531723,True,False
5dc406cee05d8f485c1a8cdb,chromolaena_odorata,Chromolaena odorata,Chromolaena odorata (L.) R.M.King & H.Rob.,GBIF,6320611388,inat:19860728,HUMAN_OBSERVATION,2019-01-02T14:57,2019,MY,4.026382,103.403315,19.0,Pahang,,PRESENT,CONTINENT_DERIVED_FROM_COORDINATES|COORDINATE_ROUNDED|TAXON_ID_NOT_FOUND,iNaturalist research-grade observations,50c9509d-22c7-4a22-a47d-8c48425ef4a7,http://creativecommons.org/licenses/by-nc/4.0/legalcode,https://www.gbif.org/occurrence/6320611388,True,True
793c6ec09ac7427b2b1221b8,chromolaena_odorata,Chromolaena odorata,Chromolaena odorata (L.) R.M.King & H.Rob.,GBIF,6320773091,inat:20936808,HUMAN_OBSERVATION,2019-01-26T21:39,2019,MY,2.433738,103.833613,,Johor,,PRESENT,CONTINENT_DERIVED_FROM_COORDINATES|COORDINATE_ROUNDED|TAXON_ID_NOT_FOUND,iNaturalist research-grade observations,50c9509d-22c7-4a22-a47d-8c48425ef4a7,http://creativecommons.org/licenses/by-nc/4.0/legalcode,https://www.gbif.org/occurrence/6320773091,True,False
1a736a39fd3fe355c18532f7,chromolaena_odorata,Chromolaena odorata,Chromolaena odorata (L.) R.M.King & H.Rob.,GBIF,6412943334,inat:374005800,HUMAN_OBSERVATION,2026-06-11T09:24:18,2026,MY,5.5844,101.4565,,Perak,,PRESENT,CONTINENT_DERIVED_FROM_COORDINATES|TAXON_ID_NOT_FOUND,iNaturalist research-grade observations,50c9509d-22c7-4a22-a47d-8c48425ef4a7,http://creativecommons.org/licenses/by-nc/4.0/legalcode,https://www.gbif.org/occurrence/6412943334,True,False
f063d715872ce50c06511575,chromolaena_odorata,Chromolaena odorata,Chromolaena odorata (L.) R.M.King & H.Rob.,GBIF,6413051129,inat:357454577,HUMAN_OBSERVATION,2026-05-02T15:13:01,2026,MY,3.300203,102.460203,1.0,Pahang,,PRESENT,CONTINENT_DERIVED_FROM_COORDINATES|COORDINATE_ROUNDED|TAXON_ID_NOT_FOUND,iNaturalist research-grade observations,50c9509d-22c7-4a22-a47d-8c48425ef4a7,http://creativecommons.org/licenses/by-nc/4.0/legalcode,https://www.gbif.org/occurrence/6413051129,True,True
1fc16d8007a52d88ff19142b,chromolaena_odorata,Chromolaena odorata,Chromolaena odorata (L.) R.M.King & H.Rob.,GBIF,6413231363,inat:369610164,HUMAN_OBSERVATION,2026-06-08T11:37,2026,MY,2.721681,101.888636,,Negeri Sembilan,,PRESENT,CONTINENT_DERIVED_FROM_COORDINATES|COORDINATE_ROUNDED|TAXON_ID_NOT_FOUND,iNaturalist research-grade observations,50c9509d-22c7-4a22-a47d-8c48425ef4a7,http://creativecommons.org/licenses/by/4.0/legalcode,https://www.gbif.org/occurrence/6413231363,True,False
4e26f4634b887a2b07642eff,chromolaena_odorata,Chromolaena odorata,Chromolaena odorata (L.) R.M.King & H.Rob.,GBIF,6413250422,inat:359373324,HUMAN_OBSERVATION,2026-05-08T08:02:02,2026,MY,3.748553,102.562417,4.0,Pahang,,PRESENT,CONTINENT_DERIVED_FROM_COORDINATES|COORDINATE_ROUNDED|TAXON_ID_NOT_FOUND,iNaturalist research-grade observations,50c9509d-22c7-4a22-a47d-8c48425ef4a7,http://creativecommons.org/licenses/by-nc/4.0/legalcode,https://www.gbif.org/occurrence/6413250422,True,True
2165ac45ea443e4c9a1a5f21,chromolaena_odorata,Chromolaena odorata,Chromolaena odorata (L.) R.M.King & H.Rob.,GBIF,6413252048,inat:359370614,HUMAN_OBSERVATION,2026-05-08T08:02:07,2026,MY,3.748472,102.562675,,Pahang,,PRESENT,CONTINENT_DERIVED_FROM_COORDINATES|COORDINATE_ROUNDED|TAXON_ID_NOT_FOUND,iNaturalist research-grade observations,50c9509d-22c7-4a22-a47d-8c48425ef4a7,http://creativecommons.org/licenses/by-nc/4.0/legalcode,https://www.gbif.org/occurrence/6413252048,True,False
12b453fa16ece38efcffdf73,chromolaena_odorata,Chromolaena odorata,Chromolaena odorata (L.) R.M.King & H.Rob.,GBIF,6413448722,inat:359372100,HUMAN_OBSERVATION,2026-05-08T07:57,2026,MY,3.754763,102.563688,,Pahang,,PRESENT,CONTINENT_DERIVED_FROM_COORDINATES|COORDINATE_ROUNDED|TAXON_ID_NOT_FOUND,iNaturalist research-grade observations,50c9509d-22c7-4a22-a47d-8c48425ef4a7,http://creativecommons.org/licenses/by-nc/4.0/legalcode,https://www.gbif.org/occurrence/6413448722,True,False
1cf614cec551f17957b3051f,chromolaena_odorata,Chromolaena odorata,Chromolaena odorata (L.) R.M.King & H.Rob.,GBIF,6413792528,inat:371577628,HUMAN_OBSERVATION,2026-06-10T15:35:35,2026,MY,5.581854,101.457453,218.0,Perak,,PRESENT,CONTINENT_DERIVED_FROM_COORDINATES|COORDINATE_ROUNDED|TAXON_ID_NOT_FOUND,iNaturalist research-grade observations,50c9509d-22c7-4a22-a47d-8c48425ef4a7,http://creativecommons.org/licenses/by-nc/4.0/legalcode,https://www.gbif.org/occurrence/6413792528,True,True
48913ec88cc76f7aadc65371,chromolaena_odorata,Chromolaena odorata,Chromolaena odorata (L.) R.M.King & H.Rob.,GBIF,6413831070,inat:359388866,HUMAN_OBSERVATION,2026-05-08T09:31:46,2026,MY,3.980253,101.904008,,Pahang,,PRESENT,CONTINENT_DERIVED_FROM_COORDINATES|COORDINATE_ROUNDED|TAXON_ID_NOT_FOUND,iNaturalist research-grade observations,50c9509d-22c7-4a22-a47d-8c48425ef4a7,http://creativecommons.org/licenses/by-nc/4.0/legalcode,https://www.gbif.org/occurrence/6413831070,True,False
a9248a0542b3aca74ca87f6f,chromolaena_odorata,Chromolaena odorata,Chromolaena odorata (L.) R.M.King & H.Rob.,GBIF,6414025677,inat:359370978,HUMAN_OBSERVATION,2026-05-08T07:57:08,2026,MY,3.749718,102.562552,6.0,Pahang,,PRESENT,CONTINENT_DERIVED_FROM_COORDINATES|COORDINATE_ROUNDED|TAXON_ID_NOT_FOUND,iNaturalist research-grade observations,50c9509d-22c7-4a22-a47d-8c48425ef4a7,http://creativecommons.org/licenses/by-nc/4.0/legalcode,https://www.gbif.org/occurrence/6414025677,True,True
b4c6c5b9f49e6b0ae3ec7ada,chromolaena_odorata,Chromolaena odorata,Chromolaena odorata (L.) R.M.King & H.Rob.,GBIF,6414070342,inat:359374338,HUMAN_OBSERVATION,2026-05-08T08:02:22,2026,MY,3.748542,102.562438,4.0,Pahang,,PRESENT,CONTINENT_DERIVED_FROM_COORDINATES|COORDINATE_ROUNDED|TAXON_ID_NOT_FOUND,iNaturalist research-grade observations,50c9509d-22c7-4a22-a47d-8c48425ef4a7,http://creativecommons.org/licenses/by-nc/4.0/legalcode,https://www.gbif.org/occurrence/6414070342,True,True
71d63a3b3b2baf8826664383,cleome_rutidosperma,Cleome rutidosperma,Sieruela rutidosperma (DC.) Roalson & J.C.Hall,GBIF,1847427256,inat:11868377,HUMAN_OBSERVATION,2018-04-28T11:23,2018,MY,3.101452,101.617377,,Selangor,,PRESENT,CONTINENT_DERIVED_FROM_COORDINATES|COORDINATE_ROUNDED|TAXON_ID_NOT_FOUND,iNaturalist research-grade observations,50c9509d-22c7-4a22-a47d-8c48425ef4a7,http://creativecommons.org/licenses/by-nc/4.0/legalcode,https://www.gbif.org/occurrence/1847427256,True,False
03d7b2d163ca7f80c4ae887b,cleome_rutidosperma,Cleome rutidosperma,Sieruela rutidosperma (DC.) Roalson & J.C.Hall,GBIF,1901081589,inat:16253685,HUMAN_OBSERVATION,2018-09-06T17:21:11,2018,MY,2.865003,101.674406,6.0,Selangor,,PRESENT,CONTINENT_DERIVED_FROM_COORDINATES|COORDINATE_ROUNDED|TAXON_ID_NOT_FOUND,iNaturalist research-grade observations,50c9509d-22c7-4a22-a47d-8c48425ef4a7,http://creativecommons.org/licenses/by-nc/4.0/legalcode,https://www.gbif.org/occurrence/1901081589,True,False
48c006e5c34067a144498ecf,cleome_rutidosperma,Cleome rutidosperma,Sieruela rutidosperma (DC.) Roalson & J.C.Hall,GBIF,1913654074,inat:11473326,HUMAN_OBSERVATION,2018-04-27T10:11,2018,MY,3.120795,101.64939,,Kuala Lumpur,,PRESENT,CONTINENT_DERIVED_FROM_COORDINATES|TAXON_ID_NOT_FOUND,iNaturalist research-grade observations,50c9509d-22c7-4a22-a47d-8c48425ef4a7,http://creativecommons.org/licenses/by-nc/4.0/legalcode,https://www.gbif.org/occurrence/1913654074,True,False
2cb680212513d40e60c45b42,cleome_rutidosperma,Cleome rutidosperma,Sieruela rutidosperma (DC.) Roalson & J.C.Hall,GBIF,1913654135,inat:11575437,HUMAN_OBSERVATION,2018-04-28T07:19,2018,MY,3.101222,101.617005,,Selangor,,PRESENT,CONTINENT_DERIVED_FROM_COORDINATES|COORDINATE_ROUNDED|TAXON_ID_NOT_FOUND,iNaturalist research-grade observations,50c9509d-22c7-4a22-a47d-8c48425ef4a7,http://creativecommons.org/licenses/by-nc/4.0/legalcode,https://www.gbif.org/occurrence/1913654135,True,False
9f88469631817324aac7331f,cleome_rutidosperma,Cleome rutidosperma,Sieruela rutidosperma (DC.) Roalson & J.C.Hall,GBIF,1913654219,inat:11740238,HUMAN_OBSERVATION,2018-04-29T18:10,2018,MY,3.092548,101.744996,212.0,Kuala Lumpur,,PRESENT,CONTINENT_DERIVED_FROM_COORDINATES|COORDINATE_ROUNDED|TAXON_ID_NOT_FOUND,iNaturalist research-grade observations,50c9509d-22c7-4a22-a47d-8c48425ef4a7,http://creativecommons.org/licenses/by-nc/4.0/legalcode,https://www.gbif.org/occurrence/1913654219,True,False
cc8d33131f8d810b2aa57edf,cleome_rutidosperma,Cleome rutidosperma,Sieruela rutidosperma (DC.) Roalson & J.C.Hall,GBIF,1913654316,inat:11886617,HUMAN_OBSERVATION,2018-04-30T09:23,2018,MY,3.126059,101.658983,8.0,Kuala Lumpur,,PRESENT,CONTINENT_DERIVED_FROM_COORDINATES|COORDINATE_ROUNDED|TAXON_ID_NOT_FOUND,iNaturalist research-grade observations,50c9509d-22c7-4a22-a47d-8c48425ef4a7,http://creativecommons.org/licenses/by-nc/4.0/legalcode,https://www.gbif.org/occurrence/1913654316,True,False
1b378ce9433d759426a17d2f,cleome_rutidosperma,Cleome rutidosperma,Sieruela rutidosperma (DC.) Roalson & J.C.Hall,GBIF,1913654317,inat:11888561,HUMAN_OBSERVATION,2018-04-30T09:26,2018,MY,3.126283,101.658598,,Kuala Lumpur,,PRESENT,CONTINENT_DERIVED_FROM_COORDINATES|COORDINATE_ROUNDED|TAXON_ID_NOT_FOUND,iNaturalist research-grade observations,50c9509d-22c7-4a22-a47d-8c48425ef4a7,http://creativecommons.org/licenses/by-nc/4.0/legalcode,https://www.gbif.org/occurrence/1913654317,True,False
7e5c76ea2d73f95823ba659e,cleome_rutidosperma,Cleome rutidosperma,Sieruela rutidosperma (DC.) Roalson & J.C.Hall,GBIF,1913654353,inat:11960625,HUMAN_OBSERVATION,2018-04-30T09:30,2018,MY,3.126213,101.65894,85.0,Kuala Lumpur,,PRESENT,CONTINENT_DERIVED_FROM_COORDINATES|COORDINATE_ROUNDED|TAXON_ID_NOT_FOUND,iNaturalist research-grade observations,50c9509d-22c7-4a22-a47d-8c48425ef4a7,http://creativecommons.org/licenses/by-nc/4.0/legalcode,https://www.gbif.org/occurrence/1913654353,True,False
a3688afa1b3b8fae7be87fc0,cleome_rutidosperma,Cleome rutidosperma,Sieruela rutidosperma (DC.) Roalson & J.C.Hall,GBIF,1913654368,inat:11978807,HUMAN_OBSERVATION,2018-04-30T09:38,2018,MY,3.125352,101.659038,211.0,Kuala Lumpur,,PRESENT,CONTINENT_DERIVED_FROM_COORDINATES|COORDINATE_ROUNDED|TAXON_ID_NOT_FOUND,iNaturalist research-grade observations,50c9509d-22c7-4a22-a47d-8c48425ef4a7,http://creativecommons.org/licenses/by-nc/4.0/legalcode,https://www.gbif.org/occurrence/1913654368,True,False
b89d463d9b8701850d9e65a5,cleome_rutidosperma,Cleome rutidosperma,Sieruela rutidosperma (DC.) Roalson & J.C.Hall,GBIF,1913654369,inat:11978814,HUMAN_OBSERVATION,2018-04-30T09:38,2018,MY,3.125352,101.659038,211.0,Kuala Lumpur,,PRESENT,CONTINENT_DERIVED_FROM_COORDINATES|COORDINATE_ROUNDED|TAXON_ID_NOT_FOUND,iNaturalist research-grade observations,50c9509d-22c7-4a22-a47d-8c48425ef4a7,http://creativecommons.org/licenses/by-nc/4.0/legalcode,https://www.gbif.org/occurrence/1913654369,True,False
f6f996ecf45fd821611d45be,cleome_rutidosperma,Cleome rutidosperma,Sieruela rutidosperma (DC.) Roalson & J.C.Hall,GBIF,1913654370,inat:11978811,HUMAN_OBSERVATION,2018-04-30T09:38,2018,MY,3.125352,101.659038,211.0,Kuala Lumpur,,PRESENT,CONTINENT_DERIVED_FROM_COORDINATES|COORDINATE_ROUNDED|TAXON_ID_NOT_FOUND,iNaturalist research-grade observations,50c9509d-22c7-4a22-a47d-8c48425ef4a7,http://creativecommons.org/licenses/by-nc/4.0/legalcode,https://www.gbif.org/occurrence/1913654370,True,False
915ba3b82a7c2a51dc86a8c1,cleome_rutidosperma,Cleome rutidosperma,Sieruela rutidosperma (DC.) Roalson & J.C.Hall,GBIF,1948759484,inat:18777528,HUMAN_OBSERVATION,2018-12-02T11:06:13,2018,MY,3.763665,100.992217,9.0,Selangor,,PRESENT,CONTINENT_DERIVED_FROM_COORDINATES|COORDINATE_ROUNDED|TAXON_ID_NOT_FOUND,iNaturalist research-grade observations,50c9509d-22c7-4a22-a47d-8c48425ef4a7,http://creativecommons.org/licenses/by/4.0/legalcode,https://www.gbif.org/occurrence/1948759484,True,False
86e9f626bbac6050a5a1b0ca,cleome_rutidosperma,Cleome rutidosperma,Sieruela rutidosperma (DC.) Roalson & J.C.Hall,GBIF,2238798798,inat:23099755,HUMAN_OBSERVATION,2019-04-25T19:38,2019,MY,3.120101,101.654399,220.0,Kuala Lumpur,,PRESENT,CONTINENT_DERIVED_FROM_COORDINATES|COORDINATE_ROUNDED|TAXON_ID_NOT_FOUND,iNaturalist research-grade observations,50c9509d-22c7-4a22-a47d-8c48425ef4a7,http://creativecommons.org/licenses/by-nc/4.0/legalcode,https://www.gbif.org/occurrence/2238798798,True,False
9096e7d7acff0d0bd1c82b55,cleome_rutidosperma,Cleome rutidosperma,Sieruela rutidosperma (DC.) Roalson & J.C.Hall,GBIF,2238806460,inat:23141723,HUMAN_OBSERVATION,2019-04-26T08:33,2019,MY,3.103056,101.608333,,Selangor,,PRESENT,CONTINENT_DERIVED_FROM_COORDINATES|COORDINATE_ROUNDED|TAXON_ID_NOT_FOUND,iNaturalist research-grade observations,50c9509d-22c7-4a22-a47d-8c48425ef4a7,http://creativecommons.org/licenses/by-nc/4.0/legalcode,https://www.gbif.org/occurrence/2238806460,True,False
c20816062558f18975eef53b,cleome_rutidosperma,Cleome rutidosperma,Sieruela rutidosperma (DC.) Roalson & J.C.Hall,GBIF,2242846137,inat:24577896,HUMAN_OBSERVATION,2019-04-28T13:28,2019,MY,3.105272,101.73243,,Kuala Lumpur,,PRESENT,CONTINENT_DERIVED_FROM_COORDINATES|COORDINATE_ROUNDED|TAXON_ID_NOT_FOUND,iNaturalist research-grade observations,50c9509d-22c7-4a22-a47d-8c48425ef4a7,http://creativecommons.org/licenses/by-nc/4.0/legalcode,https://www.gbif.org/occurrence/2242846137,True,False
f7632d912b0c16a055139342,cleome_rutidosperma,Cleome rutidosperma,Sieruela rutidosperma (DC.) Roalson & J.C.Hall,GBIF,2429597872,inat:34397984,HUMAN_OBSERVATION,2019-10-15T09:20:54,2019,MY,2.597755,101.691925,12.0,Selangor,,PRESENT,CONTINENT_DERIVED_FROM_COORDINATES|TAXON_ID_NOT_FOUND,iNaturalist research-grade observations,50c9509d-22c7-4a22-a47d-8c48425ef4a7,http://creativecommons.org/licenses/by-nc/4.0/legalcode,https://www.gbif.org/occurrence/2429597872,True,False
97965e48c5b2c6bd3b211afd,cleome_rutidosperma,Cleome rutidosperma,Sieruela rutidosperma (DC.) Roalson & J.C.Hall,GBIF,2514100729,,PRESERVED_SPECIMEN,1975-02-06,1975,MY,5.75,118.0,,Borneo,"opposite Esso station mile 3 Labuk Road, Sandakan.",PRESENT,,,15f819bd-6612-4447-854b-14d12ee1022d,http://creativecommons.org/publicdomain/zero/1.0/legalcode,https://www.gbif.org/occurrence/2514100729,True,False
e19701ee6c6d86a5e09cd60f,cleome_rutidosperma,Cleome rutidosperma,Sieruela rutidosperma (DC.) Roalson & J.C.Hall,GBIF,2515015806,,PRESERVED_SPECIMEN,1976-08-26,1976,MY,1.55,110.33333,,Borneo,"Herbarium, Kuching, 1st Div.",PRESENT,,,15f819bd-6612-4447-854b-14d12ee1022d,http://creativecommons.org/publicdomain/zero/1.0/legalcode,https://www.gbif.org/occurrence/2515015806,True,False
2a488cb7d6417d7cee38f534,cleome_rutidosperma,Cleome rutidosperma,Sieruela rutidosperma (DC.) Roalson & J.C.Hall,GBIF,2515035052,,PRESERVED_SPECIMEN,1987-01-18,1987,MY,3.08333,101.5,,,"Malaysia: Selangor, Dist. of Petaling, Shah Alam, weed about town.",PRESENT,,,15f819bd-6612-4447-854b-14d12ee1022d,http://creativecommons.org/publicdomain/zero/1.0/legalcode,https://www.gbif.org/occurrence/2515035052,True,False
5bf04729b8e4629725a903da,cleome_rutidosperma,Cleome rutidosperma,Sieruela rutidosperma (DC.) Roalson & J.C.Hall,GBIF,2517070004,,PRESERVED_SPECIMEN,2007-09-29,2007,MY,3.3,101.78,,,"Gombak, Kepong, Kepong Station.",PRESENT,,,15f819bd-6612-4447-854b-14d12ee1022d,http://creativecommons.org/publicdomain/zero/1.0/legalcode,https://www.gbif.org/occurrence/2517070004,True,False
059609cedf5f51ffb734ec66,cleome_rutidosperma,Cleome rutidosperma,Sieruela rutidosperma (DC.) Roalson & J.C.Hall,GBIF,2517120164,,PRESERVED_SPECIMEN,1987-01-18,1987,MY,3.08333,101.5,,,"Malaysia: Selangor, Dist. of Petaling, Shah Alam, weed about town.",PRESENT,,,15f819bd-6612-4447-854b-14d12ee1022d,http://creativecommons.org/publicdomain/zero/1.0/legalcode,https://www.gbif.org/occurrence/2517120164,True,False
6b6ff160240b4fb9d3145910,cleome_rutidosperma,Cleome rutidosperma,Sieruela rutidosperma (DC.) Roalson & J.C.Hall,GBIF,2529285079,inat:24252951,HUMAN_OBSERVATION,2019-04-27T12:22,2019,MY,3.268394,101.458722,351.0,Selangor,,PRESENT,CONTINENT_DERIVED_FROM_COORDINATES|COORDINATE_ROUNDED|TAXON_ID_NOT_FOUND,iNaturalist research-grade observations,50c9509d-22c7-4a22-a47d-8c48425ef4a7,http://creativecommons.org/licenses/by-nc/4.0/legalcode,https://www.gbif.org/occurrence/2529285079,True,False
7f5e2e037ea1407d7986307d,cleome_rutidosperma,Cleome rutidosperma,Sieruela rutidosperma (DC.) Roalson & J.C.Hall,GBIF,2529293076,inat:24252952,HUMAN_OBSERVATION,2019-04-27T12:22,2019,MY,3.268394,101.458722,351.0,Selangor,,PRESENT,CONTINENT_DERIVED_FROM_COORDINATES|COORDINATE_ROUNDED|TAXON_ID_NOT_FOUND,iNaturalist research-grade observations,50c9509d-22c7-4a22-a47d-8c48425ef4a7,http://creativecommons.org/licenses/by-nc/4.0/legalcode,https://www.gbif.org/occurrence/2529293076,True,False
d4e4d67dd45a957707d4e1b5,cleome_rutidosperma,Cleome rutidosperma,Sieruela rutidosperma (DC.) Roalson & J.C.Hall,GBIF,2529311098,inat:24357986,HUMAN_OBSERVATION,2019-04-27T11:13,2019,MY,3.267106,101.461054,,Selangor,,PRESENT,CONTINENT_DERIVED_FROM_COORDINATES|COORDINATE_ROUNDED|TAXON_ID_NOT_FOUND,iNaturalist research-grade observations,50c9509d-22c7-4a22-a47d-8c48425ef4a7,http://creativecommons.org/licenses/by-nc/4.0/legalcode,https://www.gbif.org/occurrence/2529311098,True,False
45775684dfa4e48d160c45ab,cleome_rutidosperma,Cleome rutidosperma,Sieruela rutidosperma (DC.) Roalson & J.C.Hall,GBIF,2573860733,inat:38530023,HUMAN_OBSERVATION,2007-08-14T10:16,2007,MY,2.654294,101.784948,212.0,Negeri Sembilan,,PRESENT,CONTINENT_DERIVED_FROM_COORDINATES|COORDINATE_ROUNDED|TAXON_ID_NOT_FOUND,iNaturalist research-grade observations,50c9509d-22c7-4a22-a47d-8c48425ef4a7,http://creativecommons.org/licenses/by/4.0/legalcode,https://www.gbif.org/occurrence/2573860733,True,False
e03717bf5447faf803c76ccf,cleome_rutidosperma,Cleome rutidosperma,Sieruela rutidosperma (DC.) Roalson & J.C.Hall,GBIF,2573984667,inat:38530024,HUMAN_OBSERVATION,2007-08-14T10:16,2007,MY,2.654294,101.784948,212.0,Negeri Sembilan,,PRESENT,CONTINENT_DERIVED_FROM_COORDINATES|COORDINATE_ROUNDED|TAXON_ID_NOT_FOUND,iNaturalist research-grade observations,50c9509d-22c7-4a22-a47d-8c48425ef4a7,http://creativecommons.org/licenses/by/4.0/legalcode,https://www.gbif.org/occurrence/2573984667,True,False
f91ec18373eb33f9dd62eac6,cleome_rutidosperma,Cleome rutidosperma,Sieruela rutidosperma (DC.) Roalson & J.C.Hall,GBIF,2576401039,inat:39561666,HUMAN_OBSERVATION,2020-03-05T13:18:43,2020,MY,1.554736,103.595586,4.0,Johor,,PRESENT,CONTINENT_DERIVED_FROM_COORDINATES|COORDINATE_ROUNDED|TAXON_ID_NOT_FOUND,iNaturalist research-grade observations,50c9509d-22c7-4a22-a47d-8c48425ef4a7,http://creativecommons.org/licenses/by-nc/4.0/legalcode,https://www.gbif.org/occurrence/2576401039,True,False
ea57a5d0c07a295b174ce969,cleome_rutidosperma,Cleome rutidosperma,Sieruela rutidosperma (DC.) Roalson & J.C.Hall,GBIF,2579222022,inat:39675462,HUMAN_OBSERVATION,2020-03-08T08:02:09,2020,MY,1.546758,103.800621,17.0,Johor,,PRESENT,CONTINENT_DERIVED_FROM_COORDINATES|COORDINATE_ROUNDED|TAXON_ID_NOT_FOUND,iNaturalist research-grade observations,50c9509d-22c7-4a22-a47d-8c48425ef4a7,http://creativecommons.org/licenses/by-nc/4.0/legalcode,https://www.gbif.org/occurrence/2579222022,True,False
25177e4a2e96153a80e71ece,cleome_rutidosperma,Cleome rutidosperma,Sieruela rutidosperma (DC.) Roalson & J.C.Hall,GBIF,2579253869,inat:39605439,HUMAN_OBSERVATION,2020-03-06T18:12:05,2020,MY,1.546739,103.800616,23.0,Johor,,PRESENT,CONTINENT_DERIVED_FROM_COORDINATES|COORDINATE_ROUNDED|TAXON_ID_NOT_FOUND,iNaturalist research-grade observations,50c9509d-22c7-4a22-a47d-8c48425ef4a7,http://creativecommons.org/licenses/by-nc/4.0/legalcode,https://www.gbif.org/occurrence/2579253869,True,False
a7e9bec42b13595e3fec40df,cleome_rutidosperma,Cleome rutidosperma,Sieruela rutidosperma (DC.) Roalson & J.C.Hall,GBIF,2580139191,inat:39962292,HUMAN_OBSERVATION,2012-07-29T09:02,2012,MY,2.656671,101.762527,48.0,Negeri Sembilan,,PRESENT,CONTINENT_DERIVED_FROM_COORDINATES|COORDINATE_ROUNDED|TAXON_ID_NOT_FOUND,iNaturalist research-grade observations,50c9509d-22c7-4a22-a47d-8c48425ef4a7,http://creativecommons.org/licenses/by/4.0/legalcode,https://www.gbif.org/occurrence/2580139191,True,False
8b5a18323a45042a1932adb0,cleome_rutidosperma,Cleome rutidosperma,Sieruela rutidosperma (DC.) Roalson & J.C.Hall,GBIF,2611188617,inat:43351411,HUMAN_OBSERVATION,2020-04-25T08:41,2020,MY,1.49454,103.776653,7.0,Johor,,PRESENT,CONTINENT_DERIVED_FROM_COORDINATES|COORDINATE_ROUNDED|TAXON_ID_NOT_FOUND,iNaturalist research-grade observations,50c9509d-22c7-4a22-a47d-8c48425ef4a7,http://creativecommons.org/licenses/by-nc/4.0/legalcode,https://www.gbif.org/occurrence/2611188617,True,False
d61eb0c6c5ef019cf2037237,cleome_rutidosperma,Cleome rutidosperma,Sieruela rutidosperma (DC.) Roalson & J.C.Hall,GBIF,2626100376,inat:23109346,HUMAN_OBSERVATION,2019-04-26T12:14:53,2019,MY,3.189722,101.686386,,Kuala Lumpur,,PRESENT,CONTINENT_DERIVED_FROM_COORDINATES|COORDINATE_ROUNDED|TAXON_ID_NOT_FOUND,iNaturalist research-grade observations,50c9509d-22c7-4a22-a47d-8c48425ef4a7,http://creativecommons.org/licenses/by-nc/4.0/legalcode,https://www.gbif.org/occurrence/2626100376,True,False
a700768ca08afde460695f6e,cleome_rutidosperma,Cleome rutidosperma,Sieruela rutidosperma (DC.) Roalson & J.C.Hall,GBIF,2626101356,inat:23939026,HUMAN_OBSERVATION,2019-04-27T14:08,2019,MY,3.102868,101.61648,,Selangor,,PRESENT,CONTINENT_DERIVED_FROM_COORDINATES|COORDINATE_ROUNDED|TAXON_ID_NOT_FOUND,iNaturalist research-grade observations,50c9509d-22c7-4a22-a47d-8c48425ef4a7,http://creativecommons.org/licenses/by-nc/4.0/legalcode,https://www.gbif.org/occurrence/2626101356,True,False
f298a10111878cfc78158975,cleome_rutidosperma,Cleome rutidosperma,Sieruela rutidosperma (DC.) Roalson & J.C.Hall,GBIF,2626158365,inat:23132959,HUMAN_OBSERVATION,2019-04-26T17:56,2019,MY,2.983587,101.737167,354.0,Selangor,,PRESENT,CONTINENT_DERIVED_FROM_COORDINATES|COORDINATE_ROUNDED|TAXON_ID_NOT_FOUND,iNaturalist research-grade observations,50c9509d-22c7-4a22-a47d-8c48425ef4a7,http://creativecommons.org/licenses/by-nc/4.0/legalcode,https://www.gbif.org/occurrence/2626158365,True,False
814e971c86197db2f1cb9309,cleome_rutidosperma,Cleome rutidosperma,Sieruela rutidosperma (DC.) Roalson & J.C.Hall,GBIF,2626176399,inat:24352391,HUMAN_OBSERVATION,2019-04-29T12:35,2019,MY,3.133797,101.660005,,Kuala Lumpur,,PRESENT,CONTINENT_DERIVED_FROM_COORDINATES|COORDINATE_ROUNDED|TAXON_ID_NOT_FOUND,iNaturalist research-grade observations,50c9509d-22c7-4a22-a47d-8c48425ef4a7,http://creativecommons.org/licenses/by-nc/4.0/legalcode,https://www.gbif.org/occurrence/2626176399,True,False
4ae86b40251d50e3a222ecf2,cleome_rutidosperma,Cleome rutidosperma,Sieruela rutidosperma (DC.) Roalson & J.C.Hall,GBIF,2626246324,inat:11978798,HUMAN_OBSERVATION,2018-04-30T09:38,2018,MY,3.125352,101.659038,211.0,Kuala Lumpur,,PRESENT,CONTINENT_DERIVED_FROM_COORDINATES|COORDINATE_ROUNDED|TAXON_ID_NOT_FOUND,iNaturalist research-grade observations,50c9509d-22c7-4a22-a47d-8c48425ef4a7,http://creativecommons.org/licenses/by-nc/4.0/legalcode,https://www.gbif.org/occurrence/2626246324,True,False
85f8ee4f9c5fd282a0f5176e,cleome_rutidosperma,Cleome rutidosperma,Sieruela rutidosperma (DC.) Roalson & J.C.Hall,GBIF,2626246375,inat:23945225,HUMAN_OBSERVATION,2019-04-27T14:25,2019,MY,3.100498,101.616958,,Selangor,,PRESENT,CONTINENT_DERIVED_FROM_COORDINATES|COORDINATE_ROUNDED|TAXON_ID_NOT_FOUND,iNaturalist research-grade observations,50c9509d-22c7-4a22-a47d-8c48425ef4a7,http://creativecommons.org/licenses/by-nc/4.0/legalcode,https://www.gbif.org/occurrence/2626246375,True,False
aaa92f47c2b60afc48afd95d,cleome_rutidosperma,Cleome rutidosperma,Sieruela rutidosperma (DC.) Roalson & J.C.Hall,GBIF,2626253350,inat:11479633,HUMAN_OBSERVATION,2018-04-27T15:30:24,2018,MY,3.120359,101.657718,39.0,Kuala Lumpur,,PRESENT,CONTINENT_DERIVED_FROM_COORDINATES|COORDINATE_ROUNDED|TAXON_ID_NOT_FOUND,iNaturalist research-grade observations,50c9509d-22c7-4a22-a47d-8c48425ef4a7,http://creativecommons.org/licenses/by-nc/4.0/legalcode,https://www.gbif.org/occurrence/2626253350,True,False
5f440984602a0bff2cfc9b99,cleome_rutidosperma,Cleome rutidosperma,Sieruela rutidosperma (DC.) Roalson & J.C.Hall,GBIF,2626399442,inat:24373663,HUMAN_OBSERVATION,2019-04-28T18:05,2019,MY,3.141247,101.697012,,Kuala Lumpur,,PRESENT,CONTINENT_DERIVED_FROM_COORDINATES|COORDINATE_ROUNDED|TAXON_ID_NOT_FOUND,iNaturalist research-grade observations,50c9509d-22c7-4a22-a47d-8c48425ef4a7,http://creativecommons.org/licenses/by-nc/4.0/legalcode,https://www.gbif.org/occurrence/2626399442,True,False
b073071927a3183b62990f20,cleome_rutidosperma,Cleome rutidosperma,Sieruela rutidosperma (DC.) Roalson & J.C.Hall,GBIF,2644302974,,HUMAN_OBSERVATION,2020-01-13T01:18:43.832Z,2020,MY,3.031937,101.762955,,,,PRESENT,CONTINENT_DERIVED_FROM_COORDINATES|COORDINATE_ROUNDED|COUNTRY_DERIVED_FROM_COORDINATES,,7a3679ef-5582-4aaa-81f0-8c2545cafc81,http://creativecommons.org/licenses/by/4.0/legalcode,https://www.gbif.org/occurrence/2644302974,True,False
3d61c4f2f1cb90d8b347077d,cleome_rutidosperma,Cleome rutidosperma,Sieruela rutidosperma (DC.) Roalson & J.C.Hall,GBIF,2644337190,,HUMAN_OBSERVATION,2020-01-18T05:39:38.516Z,2020,MY,3.032013,101.762702,,,,PRESENT,CONTINENT_DERIVED_FROM_COORDINATES|COORDINATE_ROUNDED|COUNTRY_DERIVED_FROM_COORDINATES,,7a3679ef-5582-4aaa-81f0-8c2545cafc81,http://creativecommons.org/licenses/by/4.0/legalcode,https://www.gbif.org/occurrence/2644337190,True,False
fea8fcd2f7389e0f3cc51ed3,cleome_rutidosperma,Cleome rutidosperma,Sieruela rutidosperma (DC.) Roalson & J.C.Hall,GBIF,2645803001,,HUMAN_OBSERVATION,2020-01-10T03:18:53.709Z,2020,MY,3.03209,101.762817,,,,PRESENT,CONTINENT_DERIVED_FROM_COORDINATES|COORDINATE_ROUNDED|COUNTRY_DERIVED_FROM_COORDINATES,,7a3679ef-5582-4aaa-81f0-8c2545cafc81,http://creativecommons.org/licenses/by/4.0/legalcode,https://www.gbif.org/occurrence/2645803001,True,False
13720637c74a3a2b5ec4042a,cleome_rutidosperma,Cleome rutidosperma,Sieruela rutidosperma (DC.) Roalson & J.C.Hall,GBIF,2645835156,,HUMAN_OBSERVATION,2020-01-10T03:17:26.845Z,2020,MY,3.031997,101.762894,,,,PRESENT,CONTINENT_DERIVED_FROM_COORDINATES|COORDINATE_ROUNDED|COUNTRY_DERIVED_FROM_COORDINATES,,7a3679ef-5582-4aaa-81f0-8c2545cafc81,http://creativecommons.org/licenses/by/4.0/legalcode,https://www.gbif.org/occurrence/2645835156,True,False
e9b8750f5fc8eebf957c0f34,cleome_rutidosperma,Cleome rutidosperma,Sieruela rutidosperma (DC.) Roalson & J.C.Hall,GBIF,2818854445,inat:53226610,HUMAN_OBSERVATION,2020-07-16T11:59:29,2020,MY,4.817541,101.087279,10.0,Perak,,PRESENT,CONTINENT_DERIVED_FROM_COORDINATES|COORDINATE_ROUNDED|TAXON_ID_NOT_FOUND,iNaturalist research-grade observations,50c9509d-22c7-4a22-a47d-8c48425ef4a7,http://creativecommons.org/licenses/by-nc/4.0/legalcode,https://www.gbif.org/occurrence/2818854445,True,False
985f7eddb8350b7222c3c268,cleome_rutidosperma,Cleome rutidosperma,Sieruela rutidosperma (DC.) Roalson & J.C.Hall,GBIF,2835613102,,HUMAN_OBSERVATION,1998-07-12,1998,MY,3.252689,101.667973,100.0,Selangor,Selangor,PRESENT,,,8a863029-f435-446a-821e-275f4f641165,http://creativecommons.org/licenses/by-nc/4.0/legalcode,https://www.gbif.org/occurrence/2835613102,True,False
80023becd6e9a6483e00febd,cleome_rutidosperma,Cleome rutidosperma,Sieruela rutidosperma (DC.) Roalson & J.C.Hall,GBIF,2860167984,inat:58115909,HUMAN_OBSERVATION,2020-08-31T10:57:22,2020,MY,3.052131,101.752883,,Selangor,,PRESENT,CONTINENT_DERIVED_FROM_COORDINATES|COORDINATE_ROUNDED|TAXON_ID_NOT_FOUND,iNaturalist research-grade observations,50c9509d-22c7-4a22-a47d-8c48425ef4a7,http://creativecommons.org/licenses/by-nc/4.0/legalcode,https://www.gbif.org/occurrence/2860167984,True,False
299aa0b1ee8d3aecc668d726,cleome_rutidosperma,Cleome rutidosperma,Sieruela rutidosperma (DC.) Roalson & J.C.Hall,GBIF,2864662279,inat:59559110,HUMAN_OBSERVATION,2020-09-12T11:09,2020,MY,1.962809,102.959847,541.0,Johor,,PRESENT,CONTINENT_DERIVED_FROM_COORDINATES|COORDINATE_ROUNDED|TAXON_ID_NOT_FOUND,iNaturalist research-grade observations,50c9509d-22c7-4a22-a47d-8c48425ef4a7,http://creativecommons.org/licenses/by-nc/4.0/legalcode,https://www.gbif.org/occurrence/2864662279,True,False
e6bcff950cf988d01c941aa7,cleome_rutidosperma,Cleome rutidosperma,Sieruela rutidosperma (DC.) Roalson & J.C.Hall,GBIF,2864880306,inat:59548940,HUMAN_OBSERVATION,2020-09-14T13:12:01,2020,MY,3.052268,101.752931,5.0,Selangor,,PRESENT,CONTINENT_DERIVED_FROM_COORDINATES|COORDINATE_ROUNDED|TAXON_ID_NOT_FOUND,iNaturalist research-grade observations,50c9509d-22c7-4a22-a47d-8c48425ef4a7,http://creativecommons.org/licenses/by-nc/4.0/legalcode,https://www.gbif.org/occurrence/2864880306,True,False
c49b66643f9a163226f5b706,cleome_rutidosperma,Cleome rutidosperma,Sieruela rutidosperma (DC.) Roalson & J.C.Hall,GBIF,2898486748,inat:62189302,HUMAN_OBSERVATION,2020-10-10T09:49,2020,MY,1.774427,103.020619,436.0,Johor,,PRESENT,CONTINENT_DERIVED_FROM_COORDINATES|COORDINATE_ROUNDED|TAXON_ID_NOT_FOUND,iNaturalist research-grade observations,50c9509d-22c7-4a22-a47d-8c48425ef4a7,http://creativecommons.org/licenses/by-nc/4.0/legalcode,https://www.gbif.org/occurrence/2898486748,True,False
6f4314d8bc2f0d1b7446cad4,cleome_rutidosperma,Cleome rutidosperma,Sieruela rutidosperma (DC.) Roalson & J.C.Hall,GBIF,2974477840,,HUMAN_OBSERVATION,2019-12-07T01:15:57.557Z,2019,MY,3.053347,101.483803,64.0,,,PRESENT,CONTINENT_DERIVED_FROM_COORDINATES|COORDINATE_ROUNDED|COUNTRY_DERIVED_FROM_COORDINATES,,7a3679ef-5582-4aaa-81f0-8c2545cafc81,http://creativecommons.org/licenses/by/4.0/legalcode,https://www.gbif.org/occurrence/2974477840,True,False
9e5a41b1dafa62d831c3e9bd,cleome_rutidosperma,Cleome rutidosperma,Sieruela rutidosperma (DC.) Roalson & J.C.Hall,GBIF,2974638349,,HUMAN_OBSERVATION,2020-10-09T01:43:47.648Z,2020,MY,6.159431,116.232133,5.0,,,PRESENT,CONTINENT_DERIVED_FROM_COORDINATES|COORDINATE_ROUNDED|COUNTRY_DERIVED_FROM_COORDINATES,,7a3679ef-5582-4aaa-81f0-8c2545cafc81,http://creativecommons.org/licenses/by/4.0/legalcode,https://www.gbif.org/occurrence/2974638349,True,False
b32ba1985d652d4f081a9a4d,cleome_rutidosperma,Cleome rutidosperma,Sieruela rutidosperma (DC.) Roalson & J.C.Hall,GBIF,2974918514,,HUMAN_OBSERVATION,2020-04-29T00:55:27.750Z,2020,MY,2.971221,101.809513,13.0,,,PRESENT,CONTINENT_DERIVED_FROM_COORDINATES|COORDINATE_ROUNDED|COUNTRY_DERIVED_FROM_COORDINATES,,14d5676a-2c54-4f94-9023-1e8dcd822aa0,http://creativecommons.org/licenses/by/4.0/legalcode,https://www.gbif.org/occurrence/2974918514,True,False
e2f8276dc86cc8f10f7d84a8,cleome_rutidosperma,Cleome rutidosperma,Sieruela rutidosperma (DC.) Roalson & J.C.Hall,GBIF,3031608448,inat:23901083,HUMAN_OBSERVATION,2019-04-29T15:20,2019,MY,3.083177,101.611435,,Selangor,,PRESENT,CONTINENT_DERIVED_FROM_COORDINATES|COORDINATE_ROUNDED|TAXON_ID_NOT_FOUND,iNaturalist research-grade observations,50c9509d-22c7-4a22-a47d-8c48425ef4a7,http://creativecommons.org/licenses/by-nc/4.0/legalcode,https://www.gbif.org/occurrence/3031608448,True,False
4ad68e1019a599074070658f,cleome_rutidosperma,Cleome rutidosperma,Sieruela rutidosperma (DC.) Roalson & J.C.Hall,GBIF,3031969425,inat:24194579,HUMAN_OBSERVATION,2019-04-27T17:25,2019,MY,3.103098,101.624351,61.0,Kuala Lumpur,,PRESENT,CONTINENT_DERIVED_FROM_COORDINATES|COORDINATE_ROUNDED|TAXON_ID_NOT_FOUND,iNaturalist research-grade observations,50c9509d-22c7-4a22-a47d-8c48425ef4a7,http://creativecommons.org/licenses/by-nc/4.0/legalcode,https://www.gbif.org/occurrence/3031969425,True,False
0e2189644c4002fb76918585,cleome_rutidosperma,Cleome rutidosperma,Sieruela rutidosperma (DC.) Roalson & J.C.Hall,GBIF,3032133362,inat:67834263,HUMAN_OBSERVATION,2021-01-10T11:28:25,2021,MY,3.039607,101.7966,5.0,Selangor,,PRESENT,CONTINENT_DERIVED_FROM_COORDINATES|COORDINATE_ROUNDED|TAXON_ID_NOT_FOUND,iNaturalist research-grade observations,50c9509d-22c7-4a22-a47d-8c48425ef4a7,http://creativecommons.org/licenses/by-nc/4.0/legalcode,https://www.gbif.org/occurrence/3032133362,True,False
81f015c439776bd76868792d,cleome_rutidosperma,Cleome rutidosperma,Sieruela rutidosperma (DC.) Roalson & J.C.Hall,GBIF,3039207912,inat:68787030,HUMAN_OBSERVATION,2021-01-30T09:42:16,2021,MY,5.853697,100.469405,4.0,Kedah,,PRESENT,CONTINENT_DERIVED_FROM_COORDINATES|COORDINATE_ROUNDED|TAXON_ID_NOT_FOUND,iNaturalist research-grade observations,50c9509d-22c7-4a22-a47d-8c48425ef4a7,http://creativecommons.org/licenses/by-nc/4.0/legalcode,https://www.gbif.org/occurrence/3039207912,True,False
7431bbe0b728eaaf56a0af5d,cleome_rutidosperma,Cleome rutidosperma,Sieruela rutidosperma (DC.) Roalson & J.C.Hall,GBIF,3067729894,inat:71798336,HUMAN_OBSERVATION,2021-03-22T11:52:39,2021,MY,5.355407,100.29688,206.0,Pulau Pinang,,PRESENT,CONTINENT_DERIVED_FROM_COORDINATES|COORDINATE_ROUNDED|TAXON_ID_NOT_FOUND,iNaturalist research-grade observations,50c9509d-22c7-4a22-a47d-8c48425ef4a7,http://creativecommons.org/licenses/by-nc/4.0/legalcode,https://www.gbif.org/occurrence/3067729894,True,False
99a2cad618f4a4a0330869f0,cleome_rutidosperma,Cleome rutidosperma,Sieruela rutidosperma (DC.) Roalson & J.C.Hall,GBIF,3068017421,inat:71687667,HUMAN_OBSERVATION,2021-03-21T14:54:41,2021,MY,5.356413,100.29725,4.0,Pulau Pinang,,PRESENT,CONTINENT_DERIVED_FROM_COORDINATES|COORDINATE_ROUNDED|TAXON_ID_NOT_FOUND,iNaturalist research-grade observations,50c9509d-22c7-4a22-a47d-8c48425ef4a7,http://creativecommons.org/licenses/by-nc/4.0/legalcode,https://www.gbif.org/occurrence/3068017421,True,False
244470251909b7a608308676,cleome_rutidosperma,Cleome rutidosperma,Sieruela rutidosperma (DC.) Roalson & J.C.Hall,GBIF,3068063668,inat:71607332,HUMAN_OBSERVATION,2021-03-20T17:44:54,2021,MY,4.374202,100.931075,65.0,Perak,,PRESENT,CONTINENT_DERIVED_FROM_COORDINATES|COORDINATE_ROUNDED|TAXON_ID_NOT_FOUND,iNaturalist research-grade observations,50c9509d-22c7-4a22-a47d-8c48425ef4a7,http://creativecommons.org/licenses/by-nc/4.0/legalcode,https://www.gbif.org/occurrence/3068063668,True,False
a3054aada3465d8f3462ae05,cleome_rutidosperma,Cleome rutidosperma,Sieruela rutidosperma (DC.) Roalson & J.C.Hall,GBIF,3090902324,inat:73565957,HUMAN_OBSERVATION,2021-04-03T09:52:42,2021,MY,3.052267,101.75293,5.0,Selangor,,PRESENT,CONTINENT_DERIVED_FROM_COORDINATES|COORDINATE_ROUNDED|TAXON_ID_NOT_FOUND,iNaturalist research-grade observations,50c9509d-22c7-4a22-a47d-8c48425ef4a7,http://creativecommons.org/licenses/by-nc/4.0/legalcode,https://www.gbif.org/occurrence/3090902324,True,False
3a287fb91fcd4a643ac7a545,cleome_rutidosperma,Cleome rutidosperma,Sieruela rutidosperma (DC.) Roalson & J.C.Hall,GBIF,3097067513,inat:72011051,HUMAN_OBSERVATION,2021-03-25T10:53,2021,MY,5.309758,100.483505,,Pulau Pinang,,PRESENT,CONTINENT_DERIVED_FROM_COORDINATES|COORDINATE_ROUNDED|TAXON_ID_NOT_FOUND,iNaturalist research-grade observations,50c9509d-22c7-4a22-a47d-8c48425ef4a7,http://creativecommons.org/licenses/by-nc/4.0/legalcode,https://www.gbif.org/occurrence/3097067513,True,False
27203dad32ed0ae1b28d3317,cleome_rutidosperma,Cleome rutidosperma,Sieruela rutidosperma (DC.) Roalson & J.C.Hall,GBIF,3097267502,inat:72094311,HUMAN_OBSERVATION,2021-03-25T10:12Z,2021,MY,5.359029,100.303652,199.0,Pulau Pinang,,PRESENT,CONTINENT_DERIVED_FROM_COORDINATES|COORDINATE_ROUNDED|TAXON_ID_NOT_FOUND,iNaturalist research-grade observations,50c9509d-22c7-4a22-a47d-8c48425ef4a7,http://creativecommons.org/licenses/by-nc/4.0/legalcode,https://www.gbif.org/occurrence/3097267502,True,False
a3654fd26a0a40b9522d1ed3,cleome_rutidosperma,Cleome rutidosperma,Sieruela rutidosperma (DC.) Roalson & J.C.Hall,GBIF,3109035328,inat:23327140,HUMAN_OBSERVATION,2019-04-27T07:40,2019,MY,3.120596,101.64821,15.0,Kuala Lumpur,,PRESENT,CONTINENT_DERIVED_FROM_COORDINATES|COORDINATE_ROUNDED|TAXON_ID_NOT_FOUND,iNaturalist research-grade observations,50c9509d-22c7-4a22-a47d-8c48425ef4a7,http://creativecommons.org/licenses/by-nc/4.0/legalcode,https://www.gbif.org/occurrence/3109035328,True,False
2bc255e569a7e4b59a91ac5a,cleome_rutidosperma,Cleome rutidosperma,Sieruela rutidosperma (DC.) Roalson & J.C.Hall,GBIF,3112290525,inat:75743208,HUMAN_OBSERVATION,2021-04-30T09:21:42,2021,MY,3.12036,101.648022,,Kuala Lumpur,,PRESENT,CONTINENT_DERIVED_FROM_COORDINATES|COORDINATE_ROUNDED|TAXON_ID_NOT_FOUND,iNaturalist research-grade observations,50c9509d-22c7-4a22-a47d-8c48425ef4a7,http://creativecommons.org/licenses/by-nc/4.0/legalcode,https://www.gbif.org/occurrence/3112290525,True,False
bd8dc8a757c8eb297f62e7e5,cleome_rutidosperma,Cleome rutidosperma,Sieruela rutidosperma (DC.) Roalson & J.C.Hall,GBIF,3112314227,inat:76375329,HUMAN_OBSERVATION,2021-05-02T07:58:57,2021,MY,3.040919,101.798951,,Selangor,,PRESENT,CONTINENT_DERIVED_FROM_COORDINATES|COORDINATE_ROUNDED|TAXON_ID_NOT_FOUND,iNaturalist research-grade observations,50c9509d-22c7-4a22-a47d-8c48425ef4a7,http://creativecommons.org/licenses/by-nc/4.0/legalcode,https://www.gbif.org/occurrence/3112314227,True,False
e5c6b6f2546ab41d6c6c43d6,cleome_rutidosperma,Cleome rutidosperma,Sieruela rutidosperma (DC.) Roalson & J.C.Hall,GBIF,3112344251,inat:76385404,HUMAN_OBSERVATION,2021-05-02T09:58:55,2021,MY,1.476558,103.66865,64.0,Johor,,PRESENT,CONTINENT_DERIVED_FROM_COORDINATES|COORDINATE_ROUNDED|TAXON_ID_NOT_FOUND,iNaturalist research-grade observations,50c9509d-22c7-4a22-a47d-8c48425ef4a7,http://creativecommons.org/licenses/by-nc/4.0/legalcode,https://www.gbif.org/occurrence/3112344251,True,False
6df85b8f1aa8ac2882fd7a4e,cleome_rutidosperma,Cleome rutidosperma,Sieruela rutidosperma (DC.) Roalson & J.C.Hall,GBIF,3112378269,inat:76384103,HUMAN_OBSERVATION,2021-05-02T08:17:05,2021,MY,3.041188,101.803186,,Selangor,,PRESENT,CONTINENT_DERIVED_FROM_COORDINATES|COORDINATE_ROUNDED|TAXON_ID_NOT_FOUND,iNaturalist research-grade observations,50c9509d-22c7-4a22-a47d-8c48425ef4a7,http://creativecommons.org/licenses/by-nc/4.0/legalcode,https://www.gbif.org/occurrence/3112378269,True,False
0703633f4dadbedef1c185b5,cleome_rutidosperma,Cleome rutidosperma,Sieruela rutidosperma (DC.) Roalson & J.C.Hall,GBIF,3112494930,inat:77674824,HUMAN_OBSERVATION,2021-04-30T11:10,2021,MY,3.120646,101.649396,,Kuala Lumpur,,PRESENT,CONTINENT_DERIVED_FROM_COORDINATES|COORDINATE_ROUNDED|TAXON_ID_NOT_FOUND,iNaturalist research-grade observations,50c9509d-22c7-4a22-a47d-8c48425ef4a7,http://creativecommons.org/licenses/by-nc/4.0/legalcode,https://www.gbif.org/occurrence/3112494930,True,False
5f6089da2fe3c0d60560f0d8,cleome_rutidosperma,Cleome rutidosperma,Sieruela rutidosperma (DC.) Roalson & J.C.Hall,GBIF,3112553240,inat:76391653,HUMAN_OBSERVATION,2021-05-02T08:33:04,2021,MY,3.038982,101.802462,,Selangor,,PRESENT,CONTINENT_DERIVED_FROM_COORDINATES|COORDINATE_ROUNDED|TAXON_ID_NOT_FOUND,iNaturalist research-grade observations,50c9509d-22c7-4a22-a47d-8c48425ef4a7,http://creativecommons.org/licenses/by-nc/4.0/legalcode,https://www.gbif.org/occurrence/3112553240,True,False
4e1e48ede2dc22d3ef60b032,cleome_rutidosperma,Cleome rutidosperma,Sieruela rutidosperma (DC.) Roalson & J.C.Hall,GBIF,3112613760,inat:76824173,HUMAN_OBSERVATION,2021-05-03T11:36:16,2021,MY,3.194915,101.609659,4.0,Selangor,,PRESENT,CONTINENT_DERIVED_FROM_COORDINATES|COORDINATE_ROUNDED|TAXON_ID_NOT_FOUND,iNaturalist research-grade observations,50c9509d-22c7-4a22-a47d-8c48425ef4a7,http://creativecommons.org/licenses/by-nc/4.0/legalcode,https://www.gbif.org/occurrence/3112613760,True,False
1889bf1f1eb5c90b6db70b08,cleome_rutidosperma,Cleome rutidosperma,Sieruela rutidosperma (DC.) Roalson & J.C.Hall,GBIF,3112625184,inat:77225760,HUMAN_OBSERVATION,2021-05-03T07:51,2021,MY,3.097069,101.74204,128.0,Kuala Lumpur,,PRESENT,CONTINENT_DERIVED_FROM_COORDINATES|COORDINATE_ROUNDED|TAXON_ID_NOT_FOUND,iNaturalist research-grade observations,50c9509d-22c7-4a22-a47d-8c48425ef4a7,http://creativecommons.org/licenses/by-nc/4.0/legalcode,https://www.gbif.org/occurrence/3112625184,True,False
1f3704faf35ccb94f7216301,cleome_rutidosperma,Cleome rutidosperma,Sieruela rutidosperma (DC.) Roalson & J.C.Hall,GBIF,3112644541,inat:75755796,HUMAN_OBSERVATION,2021-04-30T09:47:44,2021,MY,3.120408,101.648356,,Kuala Lumpur,,PRESENT,CONTINENT_DERIVED_FROM_COORDINATES|COORDINATE_ROUNDED|TAXON_ID_NOT_FOUND,iNaturalist research-grade observations,50c9509d-22c7-4a22-a47d-8c48425ef4a7,http://creativecommons.org/licenses/by-nc/4.0/legalcode,https://www.gbif.org/occurrence/3112644541,True,False
25e66a283b7de91cc0d59efd,cleome_rutidosperma,Cleome rutidosperma,Sieruela rutidosperma (DC.) Roalson & J.C.Hall,GBIF,3112647495,inat:75728238,HUMAN_OBSERVATION,2021-04-30T09:37:43Z,2021,MY,1.559357,103.638575,209.0,Johor,,PRESENT,CONTINENT_DERIVED_FROM_COORDINATES|COORDINATE_ROUNDED|TAXON_ID_NOT_FOUND,iNaturalist research-grade observations,50c9509d-22c7-4a22-a47d-8c48425ef4a7,http://creativecommons.org/licenses/by-nc/4.0/legalcode,https://www.gbif.org/occurrence/3112647495,True,False
ce4c50684687ed660fd7ec7f,cleome_rutidosperma,Cleome rutidosperma,Sieruela rutidosperma (DC.) Roalson & J.C.Hall,GBIF,3112727492,inat:75743584,HUMAN_OBSERVATION,2021-04-30T11:45:38,2021,MY,3.120627,101.648553,,Kuala Lumpur,,PRESENT,CONTINENT_DERIVED_FROM_COORDINATES|COORDINATE_ROUNDED|TAXON_ID_NOT_FOUND,iNaturalist research-grade observations,50c9509d-22c7-4a22-a47d-8c48425ef4a7,http://creativecommons.org/licenses/by-nc/4.0/legalcode,https://www.gbif.org/occurrence/3112727492,True,False
0f8e4bb1b06a9efad15bbe5a,cleome_rutidosperma,Cleome rutidosperma,Sieruela rutidosperma (DC.) Roalson & J.C.Hall,GBIF,3112814728,inat:76856298,HUMAN_OBSERVATION,2021-05-03T11:44:41,2021,MY,3.136053,101.658252,,Kuala Lumpur,,PRESENT,CONTINENT_DERIVED_FROM_COORDINATES|COORDINATE_ROUNDED|TAXON_ID_NOT_FOUND,iNaturalist research-grade observations,50c9509d-22c7-4a22-a47d-8c48425ef4a7,http://creativecommons.org/licenses/by-nc/4.0/legalcode,https://www.gbif.org/occurrence/3112814728,True,False
60f52ffc0422791e801b2f0a,cleome_rutidosperma,Cleome rutidosperma,Sieruela rutidosperma (DC.) Roalson & J.C.Hall,GBIF,3112913920,inat:77679248,HUMAN_OBSERVATION,2021-04-30T11:54,2021,MY,3.120698,101.648619,,Kuala Lumpur,,PRESENT,CONTINENT_DERIVED_FROM_COORDINATES|COORDINATE_ROUNDED|TAXON_ID_NOT_FOUND,iNaturalist research-grade observations,50c9509d-22c7-4a22-a47d-8c48425ef4a7,http://creativecommons.org/licenses/by-nc/4.0/legalcode,https://www.gbif.org/occurrence/3112913920,True,False
ce5aef6c2a031cbbf0eb0e70,cleome_rutidosperma,Cleome rutidosperma,Sieruela rutidosperma (DC.) Roalson & J.C.Hall,GBIF,3113277134,inat:78053343,HUMAN_OBSERVATION,2021-05-09T17:15:57,2021,MY,3.041094,101.440628,,Selangor,,PRESENT,CONTINENT_DERIVED_FROM_COORDINATES|COORDINATE_ROUNDED|TAXON_ID_NOT_FOUND,iNaturalist research-grade observations,50c9509d-22c7-4a22-a47d-8c48425ef4a7,http://creativecommons.org/licenses/by-nc/4.0/legalcode,https://www.gbif.org/occurrence/3113277134,True,False
cbf2247885cef1ebe4354c50,cleome_rutidosperma,Cleome rutidosperma,Sieruela rutidosperma (DC.) Roalson & J.C.Hall,GBIF,3113278740,inat:77755275,HUMAN_OBSERVATION,2021-05-01T15:28,2021,MY,3.102101,101.625777,,Kuala Lumpur,,PRESENT,CONTINENT_DERIVED_FROM_COORDINATES|COORDINATE_ROUNDED|TAXON_ID_NOT_FOUND,iNaturalist research-grade observations,50c9509d-22c7-4a22-a47d-8c48425ef4a7,http://creativecommons.org/licenses/by-nc/4.0/legalcode,https://www.gbif.org/occurrence/3113278740,True,False
dfbfb12ff9308d610564de60,cleome_rutidosperma,Cleome rutidosperma,Sieruela rutidosperma (DC.) Roalson & J.C.Hall,GBIF,3113454702,inat:77731373,HUMAN_OBSERVATION,2021-04-30T17:35,2021,MY,3.101323,101.616993,,Selangor,,PRESENT,CONTINENT_DERIVED_FROM_COORDINATES|COORDINATE_ROUNDED|TAXON_ID_NOT_FOUND,iNaturalist research-grade observations,50c9509d-22c7-4a22-a47d-8c48425ef4a7,http://creativecommons.org/licenses/by-nc/4.0/legalcode,https://www.gbif.org/occurrence/3113454702,True,False
bfe6e7cf6c6fa9d288a6c54c,cleome_rutidosperma,Cleome rutidosperma,Sieruela rutidosperma (DC.) Roalson & J.C.Hall,GBIF,3113509905,inat:77906579,HUMAN_OBSERVATION,2021-05-01T18:26,2021,MY,3.10062,101.607503,,Selangor,,PRESENT,CONTINENT_DERIVED_FROM_COORDINATES|COORDINATE_ROUNDED|TAXON_ID_NOT_FOUND,iNaturalist research-grade observations,50c9509d-22c7-4a22-a47d-8c48425ef4a7,http://creativecommons.org/licenses/by-nc/4.0/legalcode,https://www.gbif.org/occurrence/3113509905,True,False
6e8573b0598c4420f18bff1a,cleome_rutidosperma,Cleome rutidosperma,Sieruela rutidosperma (DC.) Roalson & J.C.Hall,GBIF,3113572675,inat:77732205,HUMAN_OBSERVATION,2021-04-30T18:08,2021,MY,3.101186,101.617016,,Selangor,,PRESENT,CONTINENT_DERIVED_FROM_COORDINATES|TAXON_ID_NOT_FOUND,iNaturalist research-grade observations,50c9509d-22c7-4a22-a47d-8c48425ef4a7,http://creativecommons.org/licenses/by-nc/4.0/legalcode,https://www.gbif.org/occurrence/3113572675,True,False
14caec0a955242e0e0f7fbfc,cleome_rutidosperma,Cleome rutidosperma,Sieruela rutidosperma (DC.) Roalson & J.C.Hall,GBIF,3113677566,inat:78413457,HUMAN_OBSERVATION,2021-05-12T08:49:42,2021,MY,1.536647,103.672946,22.0,Johor,,PRESENT,CONTINENT_DERIVED_FROM_COORDINATES|COORDINATE_ROUNDED|TAXON_ID_NOT_FOUND,iNaturalist research-grade observations,50c9509d-22c7-4a22-a47d-8c48425ef4a7,http://creativecommons.org/licenses/by-nc/4.0/legalcode,https://www.gbif.org/occurrence/3113677566,True,False
2e9eaba4bf99f9e75b344a49,cleome_rutidosperma,Cleome rutidosperma,Sieruela rutidosperma (DC.) Roalson & J.C.Hall,GBIF,3117760021,inat:78995094,HUMAN_OBSERVATION,2021-05-06T18:26,2021,MY,3.10038,101.616618,,Selangor,,PRESENT,CONTINENT_DERIVED_FROM_COORDINATES|COORDINATE_ROUNDED|TAXON_ID_NOT_FOUND,iNaturalist research-grade observations,50c9509d-22c7-4a22-a47d-8c48425ef4a7,http://creativecommons.org/licenses/by-nc/4.0/legalcode,https://www.gbif.org/occurrence/3117760021,True,False
f2e12d3b565298ea31cdc726,cleome_rutidosperma,Cleome rutidosperma,Sieruela rutidosperma (DC.) Roalson & J.C.Hall,GBIF,3117762029,inat:78993737,HUMAN_OBSERVATION,2021-05-06T17:40,2021,MY,3.101289,101.617435,,Selangor,,PRESENT,CONTINENT_DERIVED_FROM_COORDINATES|COORDINATE_ROUNDED|TAXON_ID_NOT_FOUND,iNaturalist research-grade observations,50c9509d-22c7-4a22-a47d-8c48425ef4a7,http://creativecommons.org/licenses/by-nc/4.0/legalcode,https://www.gbif.org/occurrence/3117762029,True,False
7cfff0b5ab69865e26eb1d48,cleome_rutidosperma,Cleome rutidosperma,Sieruela rutidosperma (DC.) Roalson & J.C.Hall,GBIF,3117767528,inat:78006669,HUMAN_OBSERVATION,2021-05-03T17:55,2021,MY,3.095483,101.615492,,Selangor,,PRESENT,CONTINENT_DERIVED_FROM_COORDINATES|TAXON_ID_NOT_FOUND,iNaturalist research-grade observations,50c9509d-22c7-4a22-a47d-8c48425ef4a7,http://creativecommons.org/licenses/by-nc/4.0/legalcode,https://www.gbif.org/occurrence/3117767528,True,False
04684d3a04980688260f1fc1,cleome_rutidosperma,Cleome rutidosperma,Sieruela rutidosperma (DC.) Roalson & J.C.Hall,GBIF,3117780507,inat:77674836,HUMAN_OBSERVATION,2021-04-30T11:12,2021,MY,3.120649,101.649438,,Kuala Lumpur,,PRESENT,CONTINENT_DERIVED_FROM_COORDINATES|COORDINATE_ROUNDED|TAXON_ID_NOT_FOUND,iNaturalist research-grade observations,50c9509d-22c7-4a22-a47d-8c48425ef4a7,http://creativecommons.org/licenses/by-nc/4.0/legalcode,https://www.gbif.org/occurrence/3117780507,True,False
64ba218bd61204e9a71ad98d,cleome_rutidosperma,Cleome rutidosperma,Sieruela rutidosperma (DC.) Roalson & J.C.Hall,GBIF,3117791538,inat:77905238,HUMAN_OBSERVATION,2021-05-01T18:24,2021,MY,3.100632,101.607304,,Selangor,,PRESENT,CONTINENT_DERIVED_FROM_COORDINATES|COORDINATE_ROUNDED|TAXON_ID_NOT_FOUND,iNaturalist research-grade observations,50c9509d-22c7-4a22-a47d-8c48425ef4a7,http://creativecommons.org/licenses/by-nc/4.0/legalcode,https://www.gbif.org/occurrence/3117791538,True,False
097271d9c978cccd145fdc0a,cleome_rutidosperma,Cleome rutidosperma,Sieruela rutidosperma (DC.) Roalson & J.C.Hall,GBIF,3117793531,inat:77908784,HUMAN_OBSERVATION,2021-05-02T09:27,2021,MY,3.101375,101.617194,,Selangor,,PRESENT,CONTINENT_DERIVED_FROM_COORDINATES|COORDINATE_ROUNDED|TAXON_ID_NOT_FOUND,iNaturalist research-grade observations,50c9509d-22c7-4a22-a47d-8c48425ef4a7,http://creativecommons.org/licenses/by-nc/4.0/legalcode,https://www.gbif.org/occurrence/3117793531,True,False
edc9303baaa606d24fb658b2,cleome_rutidosperma,Cleome rutidosperma,Sieruela rutidosperma (DC.) Roalson & J.C.Hall,GBIF,3117816487,inat:76447708,HUMAN_OBSERVATION,2021-05-02T14:37:32,2021,MY,3.120557,101.64863,7.0,Kuala Lumpur,,PRESENT,CONTINENT_DERIVED_FROM_COORDINATES|COORDINATE_ROUNDED|TAXON_ID_NOT_FOUND,iNaturalist research-grade observations,50c9509d-22c7-4a22-a47d-8c48425ef4a7,http://creativecommons.org/licenses/by-nc/4.0/legalcode,https://www.gbif.org/occurrence/3117816487,True,False
36af28a89592aa0942e7e087,cleome_rutidosperma,Cleome rutidosperma,Sieruela rutidosperma (DC.) Roalson & J.C.Hall,GBIF,3117818547,inat:77910719,HUMAN_OBSERVATION,2021-05-03T15:27,2021,MY,3.110919,101.589828,,Selangor,,PRESENT,CONTINENT_DERIVED_FROM_COORDINATES|COORDINATE_ROUNDED|TAXON_ID_NOT_FOUND,iNaturalist research-grade observations,50c9509d-22c7-4a22-a47d-8c48425ef4a7,http://creativecommons.org/licenses/by-nc/4.0/legalcode,https://www.gbif.org/occurrence/3117818547,True,False
eb0c6e4245b08b501e00542e,cleome_rutidosperma,Cleome rutidosperma,Sieruela rutidosperma (DC.) Roalson & J.C.Hall,GBIF,3117819499,inat:76168584,HUMAN_OBSERVATION,2021-05-01T15:18:02,2021,MY,3.140583,101.698031,,Kuala Lumpur,,PRESENT,CONTINENT_DERIVED_FROM_COORDINATES|COORDINATE_ROUNDED|TAXON_ID_NOT_FOUND,iNaturalist research-grade observations,50c9509d-22c7-4a22-a47d-8c48425ef4a7,http://creativecommons.org/licenses/by-nc/4.0/legalcode,https://www.gbif.org/occurrence/3117819499,True,False
f37198d53ad7dbcb958609eb,cleome_rutidosperma,Cleome rutidosperma,Sieruela rutidosperma (DC.) Roalson & J.C.Hall,GBIF,3117821479,inat:75771878,HUMAN_OBSERVATION,2021-04-30T09:10:43Z,2021,MY,3.039206,101.798892,3.0,Selangor,,PRESENT,CONTINENT_DERIVED_FROM_COORDINATES|COORDINATE_ROUNDED|TAXON_ID_NOT_FOUND,iNaturalist research-grade observations,50c9509d-22c7-4a22-a47d-8c48425ef4a7,http://creativecommons.org/licenses/by-nc/4.0/legalcode,https://www.gbif.org/occurrence/3117821479,True,False
13adf06748c3f9240e3d1540,cleome_rutidosperma,Cleome rutidosperma,Sieruela rutidosperma (DC.) Roalson & J.C.Hall,GBIF,3117824488,inat:76626628,HUMAN_OBSERVATION,2021-04-30T08:30:49,2021,MY,1.484288,103.745772,5.0,Johor,,PRESENT,CONTINENT_DERIVED_FROM_COORDINATES|COORDINATE_ROUNDED|TAXON_ID_NOT_FOUND,iNaturalist research-grade observations,50c9509d-22c7-4a22-a47d-8c48425ef4a7,http://creativecommons.org/licenses/by-nc/4.0/legalcode,https://www.gbif.org/occurrence/3117824488,True,False
ed41c2b3a5e0eb720f34f62e,cleome_rutidosperma,Cleome rutidosperma,Sieruela rutidosperma (DC.) Roalson & J.C.Hall,GBIF,3117903528,inat:78024433,HUMAN_OBSERVATION,2021-05-09T15:25:42,2021,MY,3.176692,101.646693,7.0,Kuala Lumpur,,PRESENT,CONTINENT_DERIVED_FROM_COORDINATES|COORDINATE_ROUNDED|TAXON_ID_NOT_FOUND,iNaturalist research-grade observations,50c9509d-22c7-4a22-a47d-8c48425ef4a7,http://creativecommons.org/licenses/by-nc/4.0/legalcode,https://www.gbif.org/occurrence/3117903528,True,False
04a88d7c13a1443a114fe9f2,cleome_rutidosperma,Cleome rutidosperma,Sieruela rutidosperma (DC.) Roalson & J.C.Hall,GBIF,3118267538,inat:78376365,HUMAN_OBSERVATION,2021-05-04T12:10,2021,MY,3.044543,101.605391,,Selangor,,PRESENT,CONTINENT_DERIVED_FROM_COORDINATES|COORDINATE_ROUNDED|TAXON_ID_NOT_FOUND,iNaturalist research-grade observations,50c9509d-22c7-4a22-a47d-8c48425ef4a7,http://creativecommons.org/licenses/by-nc/4.0/legalcode,https://www.gbif.org/occurrence/3118267538,True,False
5689149ddea6010964410f0b,cleome_rutidosperma,Cleome rutidosperma,Sieruela rutidosperma (DC.) Roalson & J.C.Hall,GBIF,3118271453,inat:75774107,HUMAN_OBSERVATION,2021-04-30T17:30:20,2021,MY,3.039398,101.796198,4.0,Selangor,,PRESENT,CONTINENT_DERIVED_FROM_COORDINATES|COORDINATE_ROUNDED|TAXON_ID_NOT_FOUND,iNaturalist research-grade observations,50c9509d-22c7-4a22-a47d-8c48425ef4a7,http://creativecommons.org/licenses/by-nc/4.0/legalcode,https://www.gbif.org/occurrence/3118271453,True,False
df8ce9a4622c2c0dca1f23f9,cleome_rutidosperma,Cleome rutidosperma,Sieruela rutidosperma (DC.) Roalson & J.C.Hall,GBIF,3118281515,inat:76888791,HUMAN_OBSERVATION,2021-05-02T10:14,2021,MY,2.840872,101.796592,4.0,Negeri Sembilan,,PRESENT,CONTINENT_DERIVED_FROM_COORDINATES|TAXON_ID_NOT_FOUND,iNaturalist research-grade observations,50c9509d-22c7-4a22-a47d-8c48425ef4a7,http://creativecommons.org/licenses/by-nc/4.0/legalcode,https://www.gbif.org/occurrence/3118281515,True,False
c6c43c33b42d9401ec4c3538,cleome_rutidosperma,Cleome rutidosperma,Sieruela rutidosperma (DC.) Roalson & J.C.Hall,GBIF,3118283463,inat:75771748,HUMAN_OBSERVATION,2021-04-30T17:09:50,2021,MY,3.039231,101.798802,16.0,Selangor,,PRESENT,CONTINENT_DERIVED_FROM_COORDINATES|COORDINATE_ROUNDED|TAXON_ID_NOT_FOUND,iNaturalist research-grade observations,50c9509d-22c7-4a22-a47d-8c48425ef4a7,http://creativecommons.org/licenses/by-nc/4.0/legalcode,https://www.gbif.org/occurrence/3118283463,True,False
c16f5fa0edef6266388d59da,cleome_rutidosperma,Cleome rutidosperma,Sieruela rutidosperma (DC.) Roalson & J.C.Hall,GBIF,3118285496,inat:76793809,HUMAN_OBSERVATION,2021-05-03T07:55:39Z,2021,MY,3.038763,101.802281,,Selangor,,PRESENT,CONTINENT_DERIVED_FROM_COORDINATES|COORDINATE_ROUNDED|TAXON_ID_NOT_FOUND,iNaturalist research-grade observations,50c9509d-22c7-4a22-a47d-8c48425ef4a7,http://creativecommons.org/licenses/by-nc/4.0/legalcode,https://www.gbif.org/occurrence/3118285496,True,False
d00056d7e4299486aa8211ab,cleome_rutidosperma,Cleome rutidosperma,Sieruela rutidosperma (DC.) Roalson & J.C.Hall,GBIF,3118289050,inat:78981624,HUMAN_OBSERVATION,2021-05-04T12:34,2021,MY,3.043714,101.604703,,Selangor,,PRESENT,CONTINENT_DERIVED_FROM_COORDINATES|TAXON_ID_NOT_FOUND,iNaturalist research-grade observations,50c9509d-22c7-4a22-a47d-8c48425ef4a7,http://creativecommons.org/licenses/by-nc/4.0/legalcode,https://www.gbif.org/occurrence/3118289050,True,False
7d75914a2289ee9f842f1cb3,cleome_rutidosperma,Cleome rutidosperma,Sieruela rutidosperma (DC.) Roalson & J.C.Hall,GBIF,3118313183,inat:79131829,HUMAN_OBSERVATION,2021-05-17T18:42:44,2021,MY,4.14412,100.895946,87.0,Perak,,PRESENT,CONTINENT_DERIVED_FROM_COORDINATES|COORDINATE_ROUNDED|TAXON_ID_NOT_FOUND,iNaturalist research-grade observations,50c9509d-22c7-4a22-a47d-8c48425ef4a7,http://creativecommons.org/licenses/by-nc/4.0/legalcode,https://www.gbif.org/occurrence/3118313183,True,False
85c0c24acb6712e305f81e2b,cleome_rutidosperma,Cleome rutidosperma,Sieruela rutidosperma (DC.) Roalson & J.C.Hall,GBIF,3118333021,inat:78981699,HUMAN_OBSERVATION,2021-05-05T09:36,2021,MY,3.112103,101.58583,,Selangor,,PRESENT,CONTINENT_DERIVED_FROM_COORDINATES|COORDINATE_ROUNDED|TAXON_ID_NOT_FOUND,iNaturalist research-grade observations,50c9509d-22c7-4a22-a47d-8c48425ef4a7,http://creativecommons.org/licenses/by-nc/4.0/legalcode,https://www.gbif.org/occurrence/3118333021,True,False
0cae9aa44dc9e7ee5581ada3,cleome_rutidosperma,Cleome rutidosperma,Sieruela rutidosperma (DC.) Roalson & J.C.Hall,GBIF,3118337481,inat:76061225,HUMAN_OBSERVATION,2021-04-30T07:11Z,2021,MY,1.480501,103.746132,208.0,Johor,,PRESENT,CONTINENT_DERIVED_FROM_COORDINATES|COORDINATE_ROUNDED|TAXON_ID_NOT_FOUND,iNaturalist research-grade observations,50c9509d-22c7-4a22-a47d-8c48425ef4a7,http://creativecommons.org/licenses/by-nc/4.0/legalcode,https://www.gbif.org/occurrence/3118337481,True,False
f632be393070ee34eaba92fa,cleome_rutidosperma,Cleome rutidosperma,Sieruela rutidosperma (DC.) Roalson & J.C.Hall,GBIF,3118372490,inat:76063298,HUMAN_OBSERVATION,2021-05-01T15:28:11,2021,MY,3.102152,101.625819,,Kuala Lumpur,,PRESENT,CONTINENT_DERIVED_FROM_COORDINATES|COORDINATE_ROUNDED|TAXON_ID_NOT_FOUND,iNaturalist research-grade observations,50c9509d-22c7-4a22-a47d-8c48425ef4a7,http://creativecommons.org/licenses/by-nc/4.0/legalcode,https://www.gbif.org/occurrence/3118372490,True,False
1d3b987b00279f1e2a7af747,cleome_rutidosperma,Cleome rutidosperma,Sieruela rutidosperma (DC.) Roalson & J.C.Hall,GBIF,3118380508,inat:76788112,HUMAN_OBSERVATION,2021-05-03T07:19:11,2021,MY,3.039976,101.801088,,Selangor,,PRESENT,CONTINENT_DERIVED_FROM_COORDINATES|COORDINATE_ROUNDED|TAXON_ID_NOT_FOUND,iNaturalist research-grade observations,50c9509d-22c7-4a22-a47d-8c48425ef4a7,http://creativecommons.org/licenses/by-nc/4.0/legalcode,https://www.gbif.org/occurrence/3118380508,True,False
4820c60d48216c83c374b409,cleome_rutidosperma,Cleome rutidosperma,Sieruela rutidosperma (DC.) Roalson & J.C.Hall,GBIF,3118402496,inat:78006306,HUMAN_OBSERVATION,2021-05-03T16:31,2021,MY,3.110759,101.594845,,Selangor,,PRESENT,CONTINENT_DERIVED_FROM_COORDINATES|COORDINATE_ROUNDED|TAXON_ID_NOT_FOUND,iNaturalist research-grade observations,50c9509d-22c7-4a22-a47d-8c48425ef4a7,http://creativecommons.org/licenses/by-nc/4.0/legalcode,https://www.gbif.org/occurrence/3118402496,True,False
a11f30a00cc5d038dfa143f7,cleome_rutidosperma,Cleome rutidosperma,Sieruela rutidosperma (DC.) Roalson & J.C.Hall,GBIF,3301835540,inat:72522084,HUMAN_OBSERVATION,2021-03-31T18:42:28,2021,MY,2.954992,101.780937,30.0,Selangor,,PRESENT,CONTINENT_DERIVED_FROM_COORDINATES|COORDINATE_ROUNDED|TAXON_ID_NOT_FOUND,iNaturalist research-grade observations,50c9509d-22c7-4a22-a47d-8c48425ef4a7,http://creativecommons.org/licenses/by-nc/4.0/legalcode,https://www.gbif.org/occurrence/3301835540,True,False
510e388dd1d446536cc13613,cleome_rutidosperma,Cleome rutidosperma,Sieruela rutidosperma (DC.) Roalson & J.C.Hall,GBIF,3302204125,inat:80741955,HUMAN_OBSERVATION,2021-05-08T18:05,2021,MY,3.111843,101.580182,,Selangor,,PRESENT,CONTINENT_DERIVED_FROM_COORDINATES|COORDINATE_ROUNDED|TAXON_ID_NOT_FOUND,iNaturalist research-grade observations,50c9509d-22c7-4a22-a47d-8c48425ef4a7,http://creativecommons.org/licenses/by-nc/4.0/legalcode,https://www.gbif.org/occurrence/3302204125,True,False
973cd34535e3171820e8fb4d,cleome_rutidosperma,Cleome rutidosperma,Sieruela rutidosperma (DC.) Roalson & J.C.Hall,GBIF,3302382238,inat:80737091,HUMAN_OBSERVATION,2021-05-08T10:07,2021,MY,3.163195,101.737798,,Kuala Lumpur,,PRESENT,CONTINENT_DERIVED_FROM_COORDINATES|COORDINATE_ROUNDED|TAXON_ID_NOT_FOUND,iNaturalist research-grade observations,50c9509d-22c7-4a22-a47d-8c48425ef4a7,http://creativecommons.org/licenses/by-nc/4.0/legalcode,https://www.gbif.org/occurrence/3302382238,True,False
9ea70b68f9c59caed6e4121e,cleome_rutidosperma,Cleome rutidosperma,Sieruela rutidosperma (DC.) Roalson & J.C.Hall,GBIF,3302421493,inat:72405749,HUMAN_OBSERVATION,2021-03-26T13:09Z,2021,MY,5.353196,100.302925,2.0,Pulau Pinang,,PRESENT,CONTINENT_DERIVED_FROM_COORDINATES|COORDINATE_ROUNDED|TAXON_ID_NOT_FOUND,iNaturalist research-grade observations,50c9509d-22c7-4a22-a47d-8c48425ef4a7,http://creativecommons.org/licenses/by-nc/4.0/legalcode,https://www.gbif.org/occurrence/3302421493,True,False
f02d19eead01dbdfce1bf77b,cleome_rutidosperma,Cleome rutidosperma,Sieruela rutidosperma (DC.) Roalson & J.C.Hall,GBIF,3307440949,inat:82812361,HUMAN_OBSERVATION,2021-06-13T17:41:57Z,2021,MY,3.040986,101.798119,4.0,Selangor,,PRESENT,CONTINENT_DERIVED_FROM_COORDINATES|COORDINATE_ROUNDED|TAXON_ID_NOT_FOUND,iNaturalist research-grade observations,50c9509d-22c7-4a22-a47d-8c48425ef4a7,http://creativecommons.org/licenses/by-nc/4.0/legalcode,https://www.gbif.org/occurrence/3307440949,True,False
2cfb0be7368f996a6ce4271f,cleome_rutidosperma,Cleome rutidosperma,Sieruela rutidosperma (DC.) Roalson & J.C.Hall,GBIF,3320956949,inat:84664264,HUMAN_OBSERVATION,2021-06-27T13:56:19,2021,MY,5.407327,100.293119,,Pulau Pinang,,PRESENT,CONTINENT_DERIVED_FROM_COORDINATES|COORDINATE_ROUNDED|TAXON_ID_NOT_FOUND,iNaturalist research-grade observations,50c9509d-22c7-4a22-a47d-8c48425ef4a7,http://creativecommons.org/licenses/by-nc/4.0/legalcode,https://www.gbif.org/occurrence/3320956949,True,False
09632ff0cd11b92ef6f8198b,cleome_rutidosperma,Cleome rutidosperma,Sieruela rutidosperma (DC.) Roalson & J.C.Hall,GBIF,3321320498,inat:85184274,HUMAN_OBSERVATION,2021-07-01T15:48:01,2021,MY,5.403461,100.41594,21.0,Pulau Pinang,,PRESENT,CONTINENT_DERIVED_FROM_COORDINATES|COORDINATE_ROUNDED|TAXON_ID_NOT_FOUND,iNaturalist research-grade observations,50c9509d-22c7-4a22-a47d-8c48425ef4a7,http://creativecommons.org/licenses/by-nc/4.0/legalcode,https://www.gbif.org/occurrence/3321320498,True,False
2c871bdc7767330eeb2979b9,cleome_rutidosperma,Cleome rutidosperma,Sieruela rutidosperma (DC.) Roalson & J.C.Hall,GBIF,3330493213,inat:87790464,HUMAN_OBSERVATION,2021-07-20T08:05:08,2021,MY,5.966598,116.087925,4.0,Sabah,,PRESENT,CONTINENT_DERIVED_FROM_COORDINATES|COORDINATE_ROUNDED|TAXON_ID_NOT_FOUND,iNaturalist research-grade observations,50c9509d-22c7-4a22-a47d-8c48425ef4a7,http://creativecommons.org/licenses/by-nc/4.0/legalcode,https://www.gbif.org/occurrence/3330493213,True,False
4266de4e00fe50ad404be90a,cleome_rutidosperma,Cleome rutidosperma,Sieruela rutidosperma (DC.) Roalson & J.C.Hall,GBIF,3333189384,inat:88924616,HUMAN_OBSERVATION,2021-07-28T19:35:36,2021,MY,5.303216,100.494133,65.0,Pulau Pinang,,PRESENT,CONTINENT_DERIVED_FROM_COORDINATES|COORDINATE_ROUNDED|TAXON_ID_NOT_FOUND,iNaturalist research-grade observations,50c9509d-22c7-4a22-a47d-8c48425ef4a7,http://creativecommons.org/licenses/by-nc/4.0/legalcode,https://www.gbif.org/occurrence/3333189384,True,False
9d015af6597470d0313b41ee,cleome_rutidosperma,Cleome rutidosperma,Sieruela rutidosperma (DC.) Roalson & J.C.Hall,GBIF,3335152629,inat:89152233,HUMAN_OBSERVATION,2021-07-30T08:11:19,2021,MY,5.366341,100.53669,,Kedah,,PRESENT,CONTINENT_DERIVED_FROM_COORDINATES|COORDINATE_ROUNDED|TAXON_ID_NOT_FOUND,iNaturalist research-grade observations,50c9509d-22c7-4a22-a47d-8c48425ef4a7,http://creativecommons.org/licenses/by-nc/4.0/legalcode,https://www.gbif.org/occurrence/3335152629,True,False
30c8e024b5fd7704f8bf251b,cleome_rutidosperma,Cleome rutidosperma,Sieruela rutidosperma (DC.) Roalson & J.C.Hall,GBIF,3335433632,inat:89139568,HUMAN_OBSERVATION,2021-07-30T07:41:43,2021,MY,5.365642,100.536247,,Kedah,,PRESENT,CONTINENT_DERIVED_FROM_COORDINATES|COORDINATE_ROUNDED|TAXON_ID_NOT_FOUND,iNaturalist research-grade observations,50c9509d-22c7-4a22-a47d-8c48425ef4a7,http://creativecommons.org/licenses/by-nc/4.0/legalcode,https://www.gbif.org/occurrence/3335433632,True,False
2311e2dc3818703176aff278,cleome_rutidosperma,Cleome rutidosperma,Sieruela rutidosperma (DC.) Roalson & J.C.Hall,GBIF,3338111009,inat:91722168,HUMAN_OBSERVATION,2021-08-19T16:32:03,2021,MY,1.540878,110.350212,5.0,Sarawak,,PRESENT,CONTINENT_DERIVED_FROM_COORDINATES|COORDINATE_ROUNDED|TAXON_ID_NOT_FOUND,iNaturalist research-grade observations,50c9509d-22c7-4a22-a47d-8c48425ef4a7,http://creativecommons.org/licenses/by-nc/4.0/legalcode,https://www.gbif.org/occurrence/3338111009,True,False
d91c662cd1d2a738dbd8669f,cleome_rutidosperma,Cleome rutidosperma,Sieruela rutidosperma (DC.) Roalson & J.C.Hall,GBIF,3355100468,inat:74319614,HUMAN_OBSERVATION,2021-04-16T16:25,2021,MY,1.483825,103.746444,3.0,Johor,,PRESENT,CONTINENT_DERIVED_FROM_COORDINATES|COORDINATE_ROUNDED|TAXON_ID_NOT_FOUND,iNaturalist research-grade observations,50c9509d-22c7-4a22-a47d-8c48425ef4a7,http://creativecommons.org/licenses/by-nc/4.0/legalcode,https://www.gbif.org/occurrence/3355100468,True,False
f2e9e1904b415774fab90cf0,cleome_rutidosperma,Cleome rutidosperma,Sieruela rutidosperma (DC.) Roalson & J.C.Hall,GBIF,3355195460,inat:74147994,HUMAN_OBSERVATION,2021-04-05T14:19Z,2021,MY,5.357694,100.302956,60.0,Pulau Pinang,,PRESENT,CONTINENT_DERIVED_FROM_COORDINATES|COORDINATE_ROUNDED|TAXON_ID_NOT_FOUND,iNaturalist research-grade observations,50c9509d-22c7-4a22-a47d-8c48425ef4a7,http://creativecommons.org/licenses/by-nc/4.0/legalcode,https://www.gbif.org/occurrence/3355195460,True,False
50faa507eced7fcce8b97f59,cleome_rutidosperma,Cleome rutidosperma,Sieruela rutidosperma (DC.) Roalson & J.C.Hall,GBIF,3355341437,inat:93202978,HUMAN_OBSERVATION,2021-09-01T06:39:13,2021,MY,5.970658,116.085389,4.0,Sabah,,PRESENT,CONTINENT_DERIVED_FROM_COORDINATES|COORDINATE_ROUNDED|TAXON_ID_NOT_FOUND,iNaturalist research-grade observations,50c9509d-22c7-4a22-a47d-8c48425ef4a7,http://creativecommons.org/licenses/by-nc/4.0/legalcode,https://www.gbif.org/occurrence/3355341437,True,False
3c85e267dfd836181eaef0fd,cleome_rutidosperma,Cleome rutidosperma,Sieruela rutidosperma (DC.) Roalson & J.C.Hall,GBIF,3355398459,inat:71522200,HUMAN_OBSERVATION,2021-03-19T00:47:38,2021,MY,2.719672,101.459455,7.0,Selangor,,PRESENT,CONTINENT_DERIVED_FROM_COORDINATES|COORDINATE_ROUNDED|TAXON_ID_NOT_FOUND,iNaturalist research-grade observations,50c9509d-22c7-4a22-a47d-8c48425ef4a7,http://creativecommons.org/licenses/by-nc/4.0/legalcode,https://www.gbif.org/occurrence/3355398459,True,False
ed51cd8d27d1161152e24689,cleome_rutidosperma,Cleome rutidosperma,Sieruela rutidosperma (DC.) Roalson & J.C.Hall,GBIF,3355478671,inat:89299233,HUMAN_OBSERVATION,2021-07-31T18:24:35,2021,MY,5.970652,116.085468,4.0,Sabah,,PRESENT,CONTINENT_DERIVED_FROM_COORDINATES|COORDINATE_ROUNDED|TAXON_ID_NOT_FOUND,iNaturalist research-grade observations,50c9509d-22c7-4a22-a47d-8c48425ef4a7,http://creativecommons.org/licenses/by-nc/4.0/legalcode,https://www.gbif.org/occurrence/3355478671,True,False
ce054453d894980fb5740052,cleome_rutidosperma,Cleome rutidosperma,Sieruela rutidosperma (DC.) Roalson & J.C.Hall,GBIF,3383888614,inat:71935356,HUMAN_OBSERVATION,2021-03-24T08:44:29,2021,MY,2.699934,101.824675,221.0,Negeri Sembilan,,PRESENT,CONTINENT_DERIVED_FROM_COORDINATES|COORDINATE_ROUNDED|TAXON_ID_NOT_FOUND,iNaturalist research-grade observations,50c9509d-22c7-4a22-a47d-8c48425ef4a7,http://creativecommons.org/licenses/by-nc/4.0/legalcode,https://www.gbif.org/occurrence/3383888614,True,False
1903aebf8f86e7b2329f0ca1,cleome_rutidosperma,Cleome rutidosperma,Sieruela rutidosperma (DC.) Roalson & J.C.Hall,GBIF,3399360013,inat:99172376,HUMAN_OBSERVATION,2021-10-24T10:10Z,2021,MY,3.180336,101.655281,19.0,Kuala Lumpur,,PRESENT,CONTINENT_DERIVED_FROM_COORDINATES|COORDINATE_ROUNDED|TAXON_ID_NOT_FOUND,iNaturalist research-grade observations,50c9509d-22c7-4a22-a47d-8c48425ef4a7,http://creativecommons.org/licenses/by-nc/4.0/legalcode,https://www.gbif.org/occurrence/3399360013,True,False
883443eef0396060c6c89625,cleome_rutidosperma,Cleome rutidosperma,Sieruela rutidosperma (DC.) Roalson & J.C.Hall,GBIF,3415833527,inat:74147963,HUMAN_OBSERVATION,2021-04-05T14:17Z,2021,MY,5.357694,100.302956,60.0,Pulau Pinang,,PRESENT,CONTINENT_DERIVED_FROM_COORDINATES|COORDINATE_ROUNDED|TAXON_ID_NOT_FOUND,iNaturalist research-grade observations,50c9509d-22c7-4a22-a47d-8c48425ef4a7,http://creativecommons.org/licenses/by-nc/4.0/legalcode,https://www.gbif.org/occurrence/3415833527,True,False
56a645fb632fdc5f8ff37bf2,cleome_rutidosperma,Cleome rutidosperma,Sieruela rutidosperma (DC.) Roalson & J.C.Hall,GBIF,3415948143,inat:100308344,HUMAN_OBSERVATION,2021-11-05T09:13:57,2021,MY,3.373124,101.411626,,Selangor,,PRESENT,CONTINENT_DERIVED_FROM_COORDINATES|COORDINATE_ROUNDED|TAXON_ID_NOT_FOUND,iNaturalist research-grade observations,50c9509d-22c7-4a22-a47d-8c48425ef4a7,http://creativecommons.org/licenses/by-nc/4.0/legalcode,https://www.gbif.org/occurrence/3415948143,True,False
9af1b11cf6ef12a6383f4c73,cleome_rutidosperma,Cleome rutidosperma,Sieruela rutidosperma (DC.) Roalson & J.C.Hall,GBIF,3416036670,inat:101521001,HUMAN_OBSERVATION,2021-11-20T17:24:07,2021,MY,3.039577,101.796419,4.0,Selangor,,PRESENT,CONTINENT_DERIVED_FROM_COORDINATES|COORDINATE_ROUNDED|TAXON_ID_NOT_FOUND,iNaturalist research-grade observations,50c9509d-22c7-4a22-a47d-8c48425ef4a7,http://creativecommons.org/licenses/by-nc/4.0/legalcode,https://www.gbif.org/occurrence/3416036670,True,False
96dc0afd9e90bb4e601e0522,cleome_rutidosperma,Cleome rutidosperma,Sieruela rutidosperma (DC.) Roalson & J.C.Hall,GBIF,3455782959,inat:71541126,HUMAN_OBSERVATION,2021-03-19T09:53:24,2021,MY,4.374229,100.931072,65.0,Perak,,PRESENT,CONTINENT_DERIVED_FROM_COORDINATES|COORDINATE_ROUNDED|TAXON_ID_NOT_FOUND,iNaturalist research-grade observations,50c9509d-22c7-4a22-a47d-8c48425ef4a7,http://creativecommons.org/licenses/by-nc/4.0/legalcode,https://www.gbif.org/occurrence/3455782959,True,False
a8a697ed7146c2cbe9c1fddf,cleome_rutidosperma,Cleome rutidosperma,Sieruela rutidosperma (DC.) Roalson & J.C.Hall,GBIF,3466519706,inat:106048332,HUMAN_OBSERVATION,2022-02-03T09:20:15Z,2022,MY,3.043626,101.793866,,Selangor,,PRESENT,CONTINENT_DERIVED_FROM_COORDINATES|COORDINATE_ROUNDED|TAXON_ID_NOT_FOUND,iNaturalist research-grade observations,50c9509d-22c7-4a22-a47d-8c48425ef4a7,http://creativecommons.org/licenses/by-nc/4.0/legalcode,https://www.gbif.org/occurrence/3466519706,True,False
8da02e392a467e64ac331723,cleome_rutidosperma,Cleome rutidosperma,Sieruela rutidosperma (DC.) Roalson & J.C.Hall,GBIF,3759609832,inat:111273429,HUMAN_OBSERVATION,2022-04-12T10:19:19,2022,MY,4.603255,101.08126,,Perak,,PRESENT,CONTINENT_DERIVED_FROM_COORDINATES|COORDINATE_ROUNDED|TAXON_ID_NOT_FOUND,iNaturalist research-grade observations,50c9509d-22c7-4a22-a47d-8c48425ef4a7,http://creativecommons.org/licenses/by-nc/4.0/legalcode,https://www.gbif.org/occurrence/3759609832,True,False
9ef52320c92d7976fc99fb70,cleome_rutidosperma,Cleome rutidosperma,Sieruela rutidosperma (DC.) Roalson & J.C.Hall,GBIF,3764221448,inat:112250830,HUMAN_OBSERVATION,2022-04-21T16:17:14,2022,MY,4.602882,101.081401,,Perak,,PRESENT,CONTINENT_DERIVED_FROM_COORDINATES|COORDINATE_ROUNDED|TAXON_ID_NOT_FOUND,iNaturalist research-grade observations,50c9509d-22c7-4a22-a47d-8c48425ef4a7,http://creativecommons.org/licenses/by-nc/4.0/legalcode,https://www.gbif.org/occurrence/3764221448,True,False
5c8d135c07515d38ddeeb9cb,cleome_rutidosperma,Cleome rutidosperma,Sieruela rutidosperma (DC.) Roalson & J.C.Hall,GBIF,3773287587,inat:115337805,HUMAN_OBSERVATION,2022-04-30T17:18:54,2022,MY,3.101317,101.617414,,Selangor,,PRESENT,CONTINENT_DERIVED_FROM_COORDINATES|COORDINATE_ROUNDED|TAXON_ID_NOT_FOUND,iNaturalist research-grade observations,50c9509d-22c7-4a22-a47d-8c48425ef4a7,http://creativecommons.org/licenses/by-nc/4.0/legalcode,https://www.gbif.org/occurrence/3773287587,True,False
8dbdf6d0015295a9e27934ae,cleome_rutidosperma,Cleome rutidosperma,Sieruela rutidosperma (DC.) Roalson & J.C.Hall,GBIF,3773342329,inat:116554920,HUMAN_OBSERVATION,2022-04-30T08:50,2022,MY,2.943961,101.694444,4.0,Selangor,,PRESENT,CONTINENT_DERIVED_FROM_COORDINATES|COORDINATE_ROUNDED|TAXON_ID_NOT_FOUND,iNaturalist research-grade observations,50c9509d-22c7-4a22-a47d-8c48425ef4a7,http://creativecommons.org/licenses/by-nc/4.0/legalcode,https://www.gbif.org/occurrence/3773342329,True,False
7902caf865e52c141e45f46b,cleome_rutidosperma,Cleome rutidosperma,Sieruela rutidosperma (DC.) Roalson & J.C.Hall,GBIF,3773633525,inat:115878407,HUMAN_OBSERVATION,2022-05-02T17:32:36,2022,MY,3.10148,101.617238,,Selangor,,PRESENT,CONTINENT_DERIVED_FROM_COORDINATES|TAXON_ID_NOT_FOUND,iNaturalist research-grade observations,50c9509d-22c7-4a22-a47d-8c48425ef4a7,http://creativecommons.org/licenses/by-nc/4.0/legalcode,https://www.gbif.org/occurrence/3773633525,True,False
ef298984f6febf4ab89d9ed7,cleome_rutidosperma,Cleome rutidosperma,Sieruela rutidosperma (DC.) Roalson & J.C.Hall,GBIF,3860492198,inat:122280134,HUMAN_OBSERVATION,2022-06-18T12:51:04,2022,MY,3.156667,101.744314,6.0,Kuala Lumpur,,PRESENT,CONTINENT_DERIVED_FROM_COORDINATES|COORDINATE_ROUNDED|TAXON_ID_NOT_FOUND,iNaturalist research-grade observations,50c9509d-22c7-4a22-a47d-8c48425ef4a7,http://creativecommons.org/licenses/by/4.0/legalcode,https://www.gbif.org/occurrence/3860492198,True,False
24190903a97250b1e87e49ad,cleome_rutidosperma,Cleome rutidosperma,Sieruela rutidosperma (DC.) Roalson & J.C.Hall,GBIF,3902016606,inat:74049783,HUMAN_OBSERVATION,2021-03-27T14:47Z,2021,MY,5.348718,100.293371,20.0,Pulau Pinang,,PRESENT,CONTINENT_DERIVED_FROM_COORDINATES|COORDINATE_ROUNDED|TAXON_ID_NOT_FOUND,iNaturalist research-grade observations,50c9509d-22c7-4a22-a47d-8c48425ef4a7,http://creativecommons.org/licenses/by-nc/4.0/legalcode,https://www.gbif.org/occurrence/3902016606,True,False
7df1c78ded3077bc28b6c083,cleome_rutidosperma,Cleome rutidosperma,Sieruela rutidosperma (DC.) Roalson & J.C.Hall,GBIF,3902128375,inat:23086387,HUMAN_OBSERVATION,2019-04-26T02:43,2019,MY,3.120593,101.648226,8.0,Kuala Lumpur,,PRESENT,CONTINENT_DERIVED_FROM_COORDINATES|COORDINATE_ROUNDED|TAXON_ID_NOT_FOUND,iNaturalist research-grade observations,50c9509d-22c7-4a22-a47d-8c48425ef4a7,http://creativecommons.org/licenses/by-nc/4.0/legalcode,https://www.gbif.org/occurrence/3902128375,True,False
e67936b561dbc8db87435f4f,cleome_rutidosperma,Cleome rutidosperma,Sieruela rutidosperma (DC.) Roalson & J.C.Hall,GBIF,3902134667,inat:74125575,HUMAN_OBSERVATION,2021-03-28T15:27Z,2021,MY,5.352931,100.300407,63.0,Pulau Pinang,,PRESENT,CONTINENT_DERIVED_FROM_COORDINATES|COORDINATE_ROUNDED|TAXON_ID_NOT_FOUND,iNaturalist research-grade observations,50c9509d-22c7-4a22-a47d-8c48425ef4a7,http://creativecommons.org/licenses/by-nc/4.0/legalcode,https://www.gbif.org/occurrence/3902134667,True,False
16d95b503e8c9e9a963c1a15,cleome_rutidosperma,Cleome rutidosperma,Sieruela rutidosperma (DC.) Roalson & J.C.Hall,GBIF,3902139593,inat:76387491,HUMAN_OBSERVATION,2021-05-02T08:23:34,2021,MY,3.040789,101.803996,,Selangor,,PRESENT,CONTINENT_DERIVED_FROM_COORDINATES|COORDINATE_ROUNDED|TAXON_ID_NOT_FOUND,iNaturalist research-grade observations,50c9509d-22c7-4a22-a47d-8c48425ef4a7,http://creativecommons.org/licenses/by-nc/4.0/legalcode,https://www.gbif.org/occurrence/3902139593,True,False
a9dbb731056ce16c902cb140,cleome_rutidosperma,Cleome rutidosperma,Sieruela rutidosperma (DC.) Roalson & J.C.Hall,GBIF,3902190647,inat:74121371,HUMAN_OBSERVATION,2021-03-28T12:29Z,2021,MY,5.351326,100.298427,43.0,Pulau Pinang,,PRESENT,CONTINENT_DERIVED_FROM_COORDINATES|COORDINATE_ROUNDED|TAXON_ID_NOT_FOUND,iNaturalist research-grade observations,50c9509d-22c7-4a22-a47d-8c48425ef4a7,http://creativecommons.org/licenses/by-nc/4.0/legalcode,https://www.gbif.org/occurrence/3902190647,True,False
2a7c4cb913bb6501cbed5501,cleome_rutidosperma,Cleome rutidosperma,Sieruela rutidosperma (DC.) Roalson & J.C.Hall,GBIF,3902204607,inat:72492491,HUMAN_OBSERVATION,2021-03-26T14:12Z,2021,MY,5.355657,100.301229,201.0,Pulau Pinang,,PRESENT,CONTINENT_DERIVED_FROM_COORDINATES|COORDINATE_ROUNDED|TAXON_ID_NOT_FOUND,iNaturalist research-grade observations,50c9509d-22c7-4a22-a47d-8c48425ef4a7,http://creativecommons.org/licenses/by-nc/4.0/legalcode,https://www.gbif.org/occurrence/3902204607,True,False
6e9158fe6108cd3b9cc11b82,cleome_rutidosperma,Cleome rutidosperma,Sieruela rutidosperma (DC.) Roalson & J.C.Hall,GBIF,3902619631,inat:73286054,HUMAN_OBSERVATION,2021-04-08T17:58:11,2021,MY,3.101372,101.617006,4.0,Selangor,,PRESENT,CONTINENT_DERIVED_FROM_COORDINATES|COORDINATE_ROUNDED|TAXON_ID_NOT_FOUND,iNaturalist research-grade observations,50c9509d-22c7-4a22-a47d-8c48425ef4a7,http://creativecommons.org/licenses/by-nc/4.0/legalcode,https://www.gbif.org/occurrence/3902619631,True,False
0bee36d4fcfe0407af27efbb,cleome_rutidosperma,Cleome rutidosperma,Sieruela rutidosperma (DC.) Roalson & J.C.Hall,GBIF,3923658152,inat:137131399,HUMAN_OBSERVATION,2022-10-01T15:40:01,2022,MY,3.158566,101.753228,7.0,Selangor,,PRESENT,CONTINENT_DERIVED_FROM_COORDINATES|COORDINATE_ROUNDED|TAXON_ID_NOT_FOUND,iNaturalist research-grade observations,50c9509d-22c7-4a22-a47d-8c48425ef4a7,http://creativecommons.org/licenses/by/4.0/legalcode,https://www.gbif.org/occurrence/3923658152,True,False
8c2074c531ee58751335df0b,cleome_rutidosperma,Cleome rutidosperma,Sieruela rutidosperma (DC.) Roalson & J.C.Hall,GBIF,3949548595,,HUMAN_OBSERVATION,2020-11-12T13:18:44Z,2020,MY,3.244167,101.652778,,,,PRESENT,CONTINENT_DERIVED_FROM_COORDINATES|COORDINATE_ROUNDED|COUNTRY_DERIVED_FROM_COORDINATES,,7a3679ef-5582-4aaa-81f0-8c2545cafc81,http://creativecommons.org/licenses/by/4.0/legalcode,https://www.gbif.org/occurrence/3949548595,True,False
75c27aa698c46e034f0638ac,cleome_rutidosperma,Cleome rutidosperma,Sieruela rutidosperma (DC.) Roalson & J.C.Hall,GBIF,3951787008,,HUMAN_OBSERVATION,2021-11-25T00:29:22.072Z,2021,MY,3.093592,101.759205,12.0,,,PRESENT,CONTINENT_DERIVED_FROM_COORDINATES|COORDINATE_ROUNDED|COUNTRY_DERIVED_FROM_COORDINATES,,14d5676a-2c54-4f94-9023-1e8dcd822aa0,http://creativecommons.org/licenses/by/4.0/legalcode,https://www.gbif.org/occurrence/3951787008,True,False
31344cab4d7c62589daac9e4,cleome_rutidosperma,Cleome rutidosperma,Sieruela rutidosperma (DC.) Roalson & J.C.Hall,GBIF,3951810660,,HUMAN_OBSERVATION,2022-06-26T03:51:07.074Z,2022,MY,3.038475,101.763237,5.0,,,PRESENT,CONTINENT_DERIVED_FROM_COORDINATES|COORDINATE_ROUNDED|COUNTRY_DERIVED_FROM_COORDINATES,,14d5676a-2c54-4f94-9023-1e8dcd822aa0,http://creativecommons.org/licenses/by/4.0/legalcode,https://www.gbif.org/occurrence/3951810660,True,False
be5b0f1996d1b7d750006884,cleome_rutidosperma,Cleome rutidosperma,Sieruela rutidosperma (DC.) Roalson & J.C.Hall,GBIF,3951838521,,HUMAN_OBSERVATION,2019-12-08T01:33:34.917Z,2019,MY,3.746966,102.56146,23.0,,,PRESENT,CONTINENT_DERIVED_FROM_COORDINATES|COORDINATE_ROUNDED|COUNTRY_DERIVED_FROM_COORDINATES,,14d5676a-2c54-4f94-9023-1e8dcd822aa0,http://creativecommons.org/licenses/by/4.0/legalcode,https://www.gbif.org/occurrence/3951838521,True,False
3b3285e9850cc837213183b7,cleome_rutidosperma,Cleome rutidosperma,Sieruela rutidosperma (DC.) Roalson & J.C.Hall,GBIF,3951917429,,HUMAN_OBSERVATION,2021-06-17T08:23:34.316Z,2021,MY,3.05366,101.747073,68.0,,,PRESENT,CONTINENT_DERIVED_FROM_COORDINATES|COORDINATE_ROUNDED|COUNTRY_DERIVED_FROM_COORDINATES,,14d5676a-2c54-4f94-9023-1e8dcd822aa0,http://creativecommons.org/licenses/by/4.0/legalcode,https://www.gbif.org/occurrence/3951917429,True,False
7cf72699f10fb76f0a48d96e,cleome_rutidosperma,Cleome rutidosperma,Sieruela rutidosperma (DC.) Roalson & J.C.Hall,GBIF,3952514009,,HUMAN_OBSERVATION,2019-11-10T00:02:24.331Z,2019,MY,2.227966,102.458153,,,,PRESENT,CONTINENT_DERIVED_FROM_COORDINATES|COORDINATE_ROUNDED|COUNTRY_DERIVED_FROM_COORDINATES,,14d5676a-2c54-4f94-9023-1e8dcd822aa0,http://creativecommons.org/licenses/by/4.0/legalcode,https://www.gbif.org/occurrence/3952514009,True,False
08cc1c3cc63033f24c0e3b41,cleome_rutidosperma,Cleome rutidosperma,Sieruela rutidosperma (DC.) Roalson & J.C.Hall,GBIF,3952692867,,HUMAN_OBSERVATION,2019-11-01T23:50:32.872Z,2019,MY,3.105284,101.622646,89.0,,,PRESENT,CONTINENT_DERIVED_FROM_COORDINATES|COORDINATE_ROUNDED|COUNTRY_DERIVED_FROM_COORDINATES,,14d5676a-2c54-4f94-9023-1e8dcd822aa0,http://creativecommons.org/licenses/by/4.0/legalcode,https://www.gbif.org/occurrence/3952692867,True,False
594c97800da58510a9ad6958,cleome_rutidosperma,Cleome rutidosperma,Sieruela rutidosperma (DC.) Roalson & J.C.Hall,GBIF,3952813668,,HUMAN_OBSERVATION,2020-12-15T03:23:51.414Z,2020,MY,3.991688,101.141388,,,,PRESENT,CONTINENT_DERIVED_FROM_COORDINATES|COORDINATE_ROUNDED|COUNTRY_DERIVED_FROM_COORDINATES,,14d5676a-2c54-4f94-9023-1e8dcd822aa0,http://creativecommons.org/licenses/by/4.0/legalcode,https://www.gbif.org/occurrence/3952813668,True,False
66c2990fabe1b79b6bf688af,cleome_rutidosperma,Cleome rutidosperma,Sieruela rutidosperma (DC.) Roalson & J.C.Hall,GBIF,3952813675,,HUMAN_OBSERVATION,2020-12-16T00:30:55.808Z,2020,MY,2.009448,103.320761,,,,PRESENT,CONTINENT_DERIVED_FROM_COORDINATES|COORDINATE_ROUNDED|COUNTRY_DERIVED_FROM_COORDINATES,,14d5676a-2c54-4f94-9023-1e8dcd822aa0,http://creativecommons.org/licenses/by/4.0/legalcode,https://www.gbif.org/occurrence/3952813675,True,False
10e6c77811225546ea965340,cleome_rutidosperma,Cleome rutidosperma,Sieruela rutidosperma (DC.) Roalson & J.C.Hall,GBIF,3953123955,,HUMAN_OBSERVATION,2019-02-16T01:35:15.113Z,2019,MY,1.774821,102.990014,4.0,,,PRESENT,CONTINENT_DERIVED_FROM_COORDINATES|COORDINATE_ROUNDED|COUNTRY_DERIVED_FROM_COORDINATES,,14d5676a-2c54-4f94-9023-1e8dcd822aa0,http://creativecommons.org/licenses/by/4.0/legalcode,https://www.gbif.org/occurrence/3953123955,True,False
46f18c5f9004739e07ef1c46,cleome_rutidosperma,Cleome rutidosperma,Sieruela rutidosperma (DC.) Roalson & J.C.Hall,GBIF,3953322492,,HUMAN_OBSERVATION,2020-12-21T10:40:00.328Z,2020,MY,2.228357,102.202748,104.0,,,PRESENT,CONTINENT_DERIVED_FROM_COORDINATES|COORDINATE_ROUNDED|COUNTRY_DERIVED_FROM_COORDINATES,,14d5676a-2c54-4f94-9023-1e8dcd822aa0,http://creativecommons.org/licenses/by/4.0/legalcode,https://www.gbif.org/occurrence/3953322492,True,False
348752ccdd91551c64a3b388,cleome_rutidosperma,Cleome rutidosperma,Sieruela rutidosperma (DC.) Roalson & J.C.Hall,GBIF,3953620623,,HUMAN_OBSERVATION,2021-01-19T03:14:54.709Z,2021,MY,3.09005,103.20336,10.0,,,PRESENT,CONTINENT_DERIVED_FROM_COORDINATES|COUNTRY_DERIVED_FROM_COORDINATES,,14d5676a-2c54-4f94-9023-1e8dcd822aa0,http://creativecommons.org/licenses/by/4.0/legalcode,https://www.gbif.org/occurrence/3953620623,True,False
7c559f4cb4822512229075da,cleome_rutidosperma,Cleome rutidosperma,Sieruela rutidosperma (DC.) Roalson & J.C.Hall,GBIF,3953748502,,HUMAN_OBSERVATION,2021-07-13T01:10:14.304Z,2021,MY,2.20411,102.306482,5.0,,,PRESENT,CONTINENT_DERIVED_FROM_COORDINATES|COORDINATE_ROUNDED|COUNTRY_DERIVED_FROM_COORDINATES,,14d5676a-2c54-4f94-9023-1e8dcd822aa0,http://creativecommons.org/licenses/by/4.0/legalcode,https://www.gbif.org/occurrence/3953748502,True,False
3a54d2350eea14574fed4d4e,cleome_rutidosperma,Cleome rutidosperma,Sieruela rutidosperma (DC.) Roalson & J.C.Hall,GBIF,3954090886,,HUMAN_OBSERVATION,2021-12-31T04:22:15.468Z,2021,MY,5.034272,118.337738,5.0,,,PRESENT,CONTINENT_DERIVED_FROM_COORDINATES|COORDINATE_ROUNDED|COUNTRY_DERIVED_FROM_COORDINATES,,14d5676a-2c54-4f94-9023-1e8dcd822aa0,http://creativecommons.org/licenses/by/4.0/legalcode,https://www.gbif.org/occurrence/3954090886,True,False
0f321584c01ab63709dfdd68,cleome_rutidosperma,Cleome rutidosperma,Sieruela rutidosperma (DC.) Roalson & J.C.Hall,GBIF,3954395459,,HUMAN_OBSERVATION,2022-02-22T09:59:12.363Z,2022,MY,4.246659,103.41349,49.0,,,PRESENT,CONTINENT_DERIVED_FROM_COORDINATES|COORDINATE_ROUNDED|COUNTRY_DERIVED_FROM_COORDINATES,,14d5676a-2c54-4f94-9023-1e8dcd822aa0,http://creativecommons.org/licenses/by/4.0/legalcode,https://www.gbif.org/occurrence/3954395459,True,False
582798252165439831f535fb,cleome_rutidosperma,Cleome rutidosperma,Sieruela rutidosperma (DC.) Roalson & J.C.Hall,GBIF,3954431385,,HUMAN_OBSERVATION,2020-12-03T23:04:54.175Z,2020,MY,1.458102,103.646932,,,,PRESENT,CONTINENT_DERIVED_FROM_COORDINATES|COORDINATE_ROUNDED|COUNTRY_DERIVED_FROM_COORDINATES,,14d5676a-2c54-4f94-9023-1e8dcd822aa0,http://creativecommons.org/licenses/by/4.0/legalcode,https://www.gbif.org/occurrence/3954431385,True,False
af4ea4459c27e2b2a7b063e2,cleome_rutidosperma,Cleome rutidosperma,Sieruela rutidosperma (DC.) Roalson & J.C.Hall,GBIF,3954574112,,HUMAN_OBSERVATION,2020-12-15T03:23:07.315Z,2020,MY,3.991688,101.141388,,,,PRESENT,CONTINENT_DERIVED_FROM_COORDINATES|COORDINATE_ROUNDED|COUNTRY_DERIVED_FROM_COORDINATES,,14d5676a-2c54-4f94-9023-1e8dcd822aa0,http://creativecommons.org/licenses/by/4.0/legalcode,https://www.gbif.org/occurrence/3954574112,True,False
a5300db178c7701b7e2b7f22,cleome_rutidosperma,Cleome rutidosperma,Sieruela rutidosperma (DC.) Roalson & J.C.Hall,GBIF,3954624303,,HUMAN_OBSERVATION,2020-12-21T10:37:38.117Z,2020,MY,2.228809,102.203124,19.0,,,PRESENT,CONTINENT_DERIVED_FROM_COORDINATES|COORDINATE_ROUNDED|COUNTRY_DERIVED_FROM_COORDINATES,,14d5676a-2c54-4f94-9023-1e8dcd822aa0,http://creativecommons.org/licenses/by/4.0/legalcode,https://www.gbif.org/occurrence/3954624303,True,False
fcf1e2d5e22698ff1bcf6aeb,cleome_rutidosperma,Cleome rutidosperma,Sieruela rutidosperma (DC.) Roalson & J.C.Hall,GBIF,3954659788,,HUMAN_OBSERVATION,2022-03-12T00:36:26.198Z,2022,MY,5.418539,118.255403,3.0,,,PRESENT,CONTINENT_DERIVED_FROM_COORDINATES|COORDINATE_ROUNDED|COUNTRY_DERIVED_FROM_COORDINATES,,14d5676a-2c54-4f94-9023-1e8dcd822aa0,http://creativecommons.org/licenses/by/4.0/legalcode,https://www.gbif.org/occurrence/3954659788,True,False
794da12c8f69e5a82dc8ebcc,cleome_rutidosperma,Cleome rutidosperma,Sieruela rutidosperma (DC.) Roalson & J.C.Hall,GBIF,3954702119,,HUMAN_OBSERVATION,2019-06-07T00:50:45.058Z,2019,MY,2.033035,111.693832,,,,PRESENT,CONTINENT_DERIVED_FROM_COORDINATES|COORDINATE_ROUNDED|COUNTRY_DERIVED_FROM_COORDINATES,,14d5676a-2c54-4f94-9023-1e8dcd822aa0,http://creativecommons.org/licenses/by/4.0/legalcode,https://www.gbif.org/occurrence/3954702119,True,False
eab1da131a5b4a68d718a6d8,cleome_rutidosperma,Cleome rutidosperma,Sieruela rutidosperma (DC.) Roalson & J.C.Hall,GBIF,3955921037,,HUMAN_OBSERVATION,2021-03-09T10:09:36.824Z,2021,MY,4.401423,118.155275,,,,PRESENT,CONTINENT_DERIVED_FROM_COORDINATES|COORDINATE_ROUNDED|COUNTRY_DERIVED_FROM_COORDINATES,,14d5676a-2c54-4f94-9023-1e8dcd822aa0,http://creativecommons.org/licenses/by/4.0/legalcode,https://www.gbif.org/occurrence/3955921037,True,False
d379077c058b9877ab6ed246,cleome_rutidosperma,Cleome rutidosperma,Sieruela rutidosperma (DC.) Roalson & J.C.Hall,GBIF,3956279946,,HUMAN_OBSERVATION,2018-05-31T04:20:28.377Z,2018,MY,5.424468,100.304138,,,,PRESENT,CONTINENT_DERIVED_FROM_COORDINATES|COORDINATE_ROUNDED|COUNTRY_DERIVED_FROM_COORDINATES,,14d5676a-2c54-4f94-9023-1e8dcd822aa0,http://creativecommons.org/licenses/by/4.0/legalcode,https://www.gbif.org/occurrence/3956279946,True,False
6b28a77c6f7d3a542907ce9c,cleome_rutidosperma,Cleome rutidosperma,Sieruela rutidosperma (DC.) Roalson & J.C.Hall,GBIF,3956667117,,HUMAN_OBSERVATION,2019-11-01T23:46:43.742Z,2019,MY,3.105284,101.622646,89.0,,,PRESENT,CONTINENT_DERIVED_FROM_COORDINATES|COORDINATE_ROUNDED|COUNTRY_DERIVED_FROM_COORDINATES,,14d5676a-2c54-4f94-9023-1e8dcd822aa0,http://creativecommons.org/licenses/by/4.0/legalcode,https://www.gbif.org/occurrence/3956667117,True,False
2ea346f5255d473006f5e5c9,cleome_rutidosperma,Cleome rutidosperma,Sieruela rutidosperma (DC.) Roalson & J.C.Hall,GBIF,3956760391,,HUMAN_OBSERVATION,2021-07-13T01:13:08.726Z,2021,MY,2.204081,102.30649,15.0,,,PRESENT,CONTINENT_DERIVED_FROM_COORDINATES|COORDINATE_ROUNDED|COUNTRY_DERIVED_FROM_COORDINATES,,14d5676a-2c54-4f94-9023-1e8dcd822aa0,http://creativecommons.org/licenses/by/4.0/legalcode,https://www.gbif.org/occurrence/3956760391,True,False
2d329d2734b6f5b463fd3fd8,cleome_rutidosperma,Cleome rutidosperma,Sieruela rutidosperma (DC.) Roalson & J.C.Hall,GBIF,3956795393,,HUMAN_OBSERVATION,2020-05-03T06:44:08.086Z,2020,MY,1.486048,103.410685,10.0,,,PRESENT,CONTINENT_DERIVED_FROM_COORDINATES|COORDINATE_ROUNDED|COUNTRY_DERIVED_FROM_COORDINATES,,14d5676a-2c54-4f94-9023-1e8dcd822aa0,http://creativecommons.org/licenses/by/4.0/legalcode,https://www.gbif.org/occurrence/3956795393,True,False
f2c345251d33db0a8ffdd863,cleome_rutidosperma,Cleome rutidosperma,Sieruela rutidosperma (DC.) Roalson & J.C.Hall,GBIF,3956817502,,HUMAN_OBSERVATION,2022-07-09T10:19:53.020Z,2022,MY,1.598416,103.639154,6.0,,,PRESENT,CONTINENT_DERIVED_FROM_COORDINATES|COORDINATE_ROUNDED|COUNTRY_DERIVED_FROM_COORDINATES,,14d5676a-2c54-4f94-9023-1e8dcd822aa0,http://creativecommons.org/licenses/by/4.0/legalcode,https://www.gbif.org/occurrence/3956817502,True,False
9545975d0296474b39516631,cleome_rutidosperma,Cleome rutidosperma,Sieruela rutidosperma (DC.) Roalson & J.C.Hall,GBIF,3957517032,,HUMAN_OBSERVATION,2021-08-23T01:34:01.906Z,2021,MY,5.545405,100.468503,,,,PRESENT,CONTINENT_DERIVED_FROM_COORDINATES|COORDINATE_ROUNDED|COUNTRY_DERIVED_FROM_COORDINATES,,14d5676a-2c54-4f94-9023-1e8dcd822aa0,http://creativecommons.org/licenses/by/4.0/legalcode,https://www.gbif.org/occurrence/3957517032,True,False
efb08db4afcf04a9656149d5,cleome_rutidosperma,Cleome rutidosperma,Sieruela rutidosperma (DC.) Roalson & J.C.Hall,GBIF,3957542706,,HUMAN_OBSERVATION,2022-07-09T10:16:38.691Z,2022,MY,1.598474,103.639194,11.0,,,PRESENT,CONTINENT_DERIVED_FROM_COORDINATES|COORDINATE_ROUNDED|COUNTRY_DERIVED_FROM_COORDINATES,,14d5676a-2c54-4f94-9023-1e8dcd822aa0,http://creativecommons.org/licenses/by/4.0/legalcode,https://www.gbif.org/occurrence/3957542706,True,False
d8f312d18b6c23ab369337ad,cleome_rutidosperma,Cleome rutidosperma,Sieruela rutidosperma (DC.) Roalson & J.C.Hall,GBIF,3957898513,,HUMAN_OBSERVATION,2022-05-30T10:15:11.598Z,2022,MY,2.99151,101.714475,5.0,,,PRESENT,CONTINENT_DERIVED_FROM_COORDINATES|COUNTRY_DERIVED_FROM_COORDINATES,,14d5676a-2c54-4f94-9023-1e8dcd822aa0,http://creativecommons.org/licenses/by/4.0/legalcode,https://www.gbif.org/occurrence/3957898513,True,False
9ec6b63612acb79ecf097852,cleome_rutidosperma,Cleome rutidosperma,Sieruela rutidosperma (DC.) Roalson & J.C.Hall,GBIF,3958117499,,HUMAN_OBSERVATION,2019-10-18T02:14:59.414Z,2019,MY,3.746797,102.561738,32.0,,,PRESENT,CONTINENT_DERIVED_FROM_COORDINATES|COORDINATE_ROUNDED|COUNTRY_DERIVED_FROM_COORDINATES,,14d5676a-2c54-4f94-9023-1e8dcd822aa0,http://creativecommons.org/licenses/by/4.0/legalcode,https://www.gbif.org/occurrence/3958117499,True,False
9b49398a69650502e09252b0,cleome_rutidosperma,Cleome rutidosperma,Sieruela rutidosperma (DC.) Roalson & J.C.Hall,GBIF,3958182178,,HUMAN_OBSERVATION,2019-07-15T03:07:43.966Z,2019,MY,4.44223,114.015628,4.0,,,PRESENT,CONTINENT_DERIVED_FROM_COORDINATES|COORDINATE_ROUNDED|COUNTRY_DERIVED_FROM_COORDINATES,,14d5676a-2c54-4f94-9023-1e8dcd822aa0,http://creativecommons.org/licenses/by/4.0/legalcode,https://www.gbif.org/occurrence/3958182178,True,False
f661a089e360ed2620b97335,cleome_rutidosperma,Cleome rutidosperma,Sieruela rutidosperma (DC.) Roalson & J.C.Hall,GBIF,3958294822,,HUMAN_OBSERVATION,2022-01-10T05:12:24.230Z,2022,MY,2.217721,102.453466,7.0,,,PRESENT,CONTINENT_DERIVED_FROM_COORDINATES|COORDINATE_ROUNDED|COUNTRY_DERIVED_FROM_COORDINATES,,14d5676a-2c54-4f94-9023-1e8dcd822aa0,http://creativecommons.org/licenses/by/4.0/legalcode,https://www.gbif.org/occurrence/3958294822,True,False
52995a65c3c09342643eda38,cleome_rutidosperma,Cleome rutidosperma,Sieruela rutidosperma (DC.) Roalson & J.C.Hall,GBIF,3958368381,,HUMAN_OBSERVATION,2020-08-18T01:25:43.980Z,2020,MY,3.008099,101.740224,,,,PRESENT,CONTINENT_DERIVED_FROM_COORDINATES|COORDINATE_ROUNDED|COUNTRY_DERIVED_FROM_COORDINATES,,14d5676a-2c54-4f94-9023-1e8dcd822aa0,http://creativecommons.org/licenses/by/4.0/legalcode,https://www.gbif.org/occurrence/3958368381,True,False
15116ea89c97f39f7ed9acb2,cleome_rutidosperma,Cleome rutidosperma,Sieruela rutidosperma (DC.) Roalson & J.C.Hall,GBIF,3958783861,,HUMAN_OBSERVATION,2021-03-28T02:03:51.563Z,2021,MY,2.57459,102.046227,,,,PRESENT,CONTINENT_DERIVED_FROM_COORDINATES|COORDINATE_ROUNDED|COUNTRY_DERIVED_FROM_COORDINATES,,14d5676a-2c54-4f94-9023-1e8dcd822aa0,http://creativecommons.org/licenses/by/4.0/legalcode,https://www.gbif.org/occurrence/3958783861,True,False
e2e47214578ea45fe0668ffc,cleome_rutidosperma,Cleome rutidosperma,Sieruela rutidosperma (DC.) Roalson & J.C.Hall,GBIF,3959050307,,HUMAN_OBSERVATION,2020-12-15T00:46:55.241Z,2020,MY,3.991797,101.144257,,,,PRESENT,CONTINENT_DERIVED_FROM_COORDINATES|COORDINATE_ROUNDED|COUNTRY_DERIVED_FROM_COORDINATES,,14d5676a-2c54-4f94-9023-1e8dcd822aa0,http://creativecommons.org/licenses/by/4.0/legalcode,https://www.gbif.org/occurrence/3959050307,True,False
e395c3853b5ca93876041f3b,cleome_rutidosperma,Cleome rutidosperma,Sieruela rutidosperma (DC.) Roalson & J.C.Hall,GBIF,3959069047,,HUMAN_OBSERVATION,2020-12-19T00:15:16.525Z,2020,MY,6.150134,100.409377,,,,PRESENT,CONTINENT_DERIVED_FROM_COORDINATES|COUNTRY_DERIVED_FROM_COORDINATES,,14d5676a-2c54-4f94-9023-1e8dcd822aa0,http://creativecommons.org/licenses/by/4.0/legalcode,https://www.gbif.org/occurrence/3959069047,True,False
1492361e0306e1d68a689003,cleome_rutidosperma,Cleome rutidosperma,Sieruela rutidosperma (DC.) Roalson & J.C.Hall,GBIF,3959093849,,HUMAN_OBSERVATION,2021-02-09T09:35:03.315Z,2021,MY,3.1149,101.348024,6.0,,,PRESENT,CONTINENT_DERIVED_FROM_COORDINATES|COORDINATE_ROUNDED|COUNTRY_DERIVED_FROM_COORDINATES,,14d5676a-2c54-4f94-9023-1e8dcd822aa0,http://creativecommons.org/licenses/by/4.0/legalcode,https://www.gbif.org/occurrence/3959093849,True,False
f7f421c0d0b47656049c3f6a,cleome_rutidosperma,Cleome rutidosperma,Sieruela rutidosperma (DC.) Roalson & J.C.Hall,GBIF,3959119373,,HUMAN_OBSERVATION,2020-12-23T14:11:48.263Z,2020,MY,3.991688,101.141388,,,,PRESENT,CONTINENT_DERIVED_FROM_COORDINATES|COORDINATE_ROUNDED|COUNTRY_DERIVED_FROM_COORDINATES,,14d5676a-2c54-4f94-9023-1e8dcd822aa0,http://creativecommons.org/licenses/by/4.0/legalcode,https://www.gbif.org/occurrence/3959119373,True,False
ac15a3f08361595abff63908,cleome_rutidosperma,Cleome rutidosperma,Sieruela rutidosperma (DC.) Roalson & J.C.Hall,GBIF,3959998477,,HUMAN_OBSERVATION,2021-05-18T02:31:18.729Z,2021,MY,5.958404,116.086681,32.0,,,PRESENT,CONTINENT_DERIVED_FROM_COORDINATES|COORDINATE_ROUNDED|COUNTRY_DERIVED_FROM_COORDINATES,,14d5676a-2c54-4f94-9023-1e8dcd822aa0,http://creativecommons.org/licenses/by/4.0/legalcode,https://www.gbif.org/occurrence/3959998477,True,False
2a1db5526d3637e7b6d4a684,cleome_rutidosperma,Cleome rutidosperma,Sieruela rutidosperma (DC.) Roalson & J.C.Hall,GBIF,3960248394,,HUMAN_OBSERVATION,2022-02-05T09:28:35.871Z,2022,MY,1.542847,103.755975,5.0,,,PRESENT,CONTINENT_DERIVED_FROM_COORDINATES|COORDINATE_ROUNDED|COUNTRY_DERIVED_FROM_COORDINATES,,14d5676a-2c54-4f94-9023-1e8dcd822aa0,http://creativecommons.org/licenses/by/4.0/legalcode,https://www.gbif.org/occurrence/3960248394,True,False
e3eb3631493fe9ab81771b95,cleome_rutidosperma,Cleome rutidosperma,Sieruela rutidosperma (DC.) Roalson & J.C.Hall,GBIF,3969584579,,PRESERVED_SPECIMEN,1987-01-18,1987,MY,3.0833,101.0083,,Selangor,"Selangor, Dist. of Petaling, Shah Alam",PRESENT,GEODETIC_DATUM_ASSUMED_WGS84|INSTITUTION_MATCH_FUZZY|TAXON_ID_NOT_FOUND,,defb9a47-c1a7-4fb2-9a0b-2da7c5260cad,http://creativecommons.org/publicdomain/zero/1.0/legalcode,https://www.gbif.org/occurrence/3969584579,True,False
638a36614fa76f511f9c96bb,cleome_rutidosperma,Cleome rutidosperma,Sieruela rutidosperma (DC.) Roalson & J.C.Hall,GBIF,3969771472,,PRESERVED_SPECIMEN,1987-01-18,1987,MY,3.0833,101.0083,,Selangor,"Selangor, Dist. of Petaling, Shah Alam",PRESENT,GEODETIC_DATUM_ASSUMED_WGS84|INSTITUTION_MATCH_FUZZY|TAXON_ID_NOT_FOUND,,defb9a47-c1a7-4fb2-9a0b-2da7c5260cad,http://creativecommons.org/publicdomain/zero/1.0/legalcode,https://www.gbif.org/occurrence/3969771472,True,False
73f86e94c2d11538fd53c4fd,cleome_rutidosperma,Cleome rutidosperma,Sieruela rutidosperma (DC.) Roalson & J.C.Hall,GBIF,3988614172,inat:143679815,HUMAN_OBSERVATION,2022-12-01T16:51:17,2022,MY,3.158902,101.748784,22.0,Selangor,,PRESENT,CONTINENT_DERIVED_FROM_COORDINATES|COORDINATE_ROUNDED|TAXON_ID_NOT_FOUND,iNaturalist research-grade observations,50c9509d-22c7-4a22-a47d-8c48425ef4a7,http://creativecommons.org/licenses/by/4.0/legalcode,https://www.gbif.org/occurrence/3988614172,True,False
0adf0afcc99d0b365c329587,cleome_rutidosperma,Cleome rutidosperma,Sieruela rutidosperma (DC.) Roalson & J.C.Hall,GBIF,3988666225,inat:143723969,HUMAN_OBSERVATION,2022-12-01T13:43:27,2022,MY,1.45538,103.759609,7.0,Johor,,PRESENT,CONTINENT_DERIVED_FROM_COORDINATES|COORDINATE_ROUNDED|TAXON_ID_NOT_FOUND,iNaturalist research-grade observations,50c9509d-22c7-4a22-a47d-8c48425ef4a7,http://creativecommons.org/publicdomain/zero/1.0/legalcode,https://www.gbif.org/occurrence/3988666225,True,False
6d952b4c47d8137a88653071,cleome_rutidosperma,Cleome rutidosperma,Sieruela rutidosperma (DC.) Roalson & J.C.Hall,GBIF,3997914476,,HUMAN_OBSERVATION,2021-10-31T01:33:57.616Z,2021,MY,6.136922,102.236233,,,,PRESENT,CONTINENT_DERIVED_FROM_COORDINATES|COORDINATE_ROUNDED|COUNTRY_DERIVED_FROM_COORDINATES,,14d5676a-2c54-4f94-9023-1e8dcd822aa0,http://creativecommons.org/licenses/by/4.0/legalcode,https://www.gbif.org/occurrence/3997914476,True,False
da023f96f8b4b49542f4e7ab,cleome_rutidosperma,Cleome rutidosperma,Sieruela rutidosperma (DC.) Roalson & J.C.Hall,GBIF,3998674110,,HUMAN_OBSERVATION,2022-06-04T02:37:15.389Z,2022,MY,2.819818,101.370838,14.0,,,PRESENT,CONTINENT_DERIVED_FROM_COORDINATES|COORDINATE_ROUNDED|COUNTRY_DERIVED_FROM_COORDINATES,,14d5676a-2c54-4f94-9023-1e8dcd822aa0,http://creativecommons.org/licenses/by/4.0/legalcode,https://www.gbif.org/occurrence/3998674110,True,False
f14bf3c4d10754692ba75adc,cleome_rutidosperma,Cleome rutidosperma,Sieruela rutidosperma (DC.) Roalson & J.C.Hall,GBIF,3998946050,,HUMAN_OBSERVATION,2022-06-04T00:59:22.073Z,2022,MY,2.819818,101.370838,14.0,,,PRESENT,CONTINENT_DERIVED_FROM_COORDINATES|COORDINATE_ROUNDED|COUNTRY_DERIVED_FROM_COORDINATES,,14d5676a-2c54-4f94-9023-1e8dcd822aa0,http://creativecommons.org/licenses/by/4.0/legalcode,https://www.gbif.org/occurrence/3998946050,True,False
6403b9bd5f82f9438a6684ef,cleome_rutidosperma,Cleome rutidosperma,Sieruela rutidosperma (DC.) Roalson & J.C.Hall,GBIF,3998987410,,HUMAN_OBSERVATION,2022-10-25T02:31:50.928Z,2022,MY,6.278153,99.731711,10.0,,,PRESENT,CONTINENT_DERIVED_FROM_COORDINATES|COORDINATE_ROUNDED|COUNTRY_DERIVED_FROM_COORDINATES,,14d5676a-2c54-4f94-9023-1e8dcd822aa0,http://creativecommons.org/licenses/by/4.0/legalcode,https://www.gbif.org/occurrence/3998987410,True,False
616e1dfd0a5aca1bce3369f5,cleome_rutidosperma,Cleome rutidosperma,Sieruela rutidosperma (DC.) Roalson & J.C.Hall,GBIF,3999026698,,HUMAN_OBSERVATION,2022-09-27T11:17:44.308Z,2022,MY,3.137903,101.667633,,,,PRESENT,CONTINENT_DERIVED_FROM_COORDINATES|COORDINATE_ROUNDED|COUNTRY_DERIVED_FROM_COORDINATES,,14d5676a-2c54-4f94-9023-1e8dcd822aa0,http://creativecommons.org/licenses/by/4.0/legalcode,https://www.gbif.org/occurrence/3999026698,True,False
5a2710761ff95023ca172152,cleome_rutidosperma,Cleome rutidosperma,Sieruela rutidosperma (DC.) Roalson & J.C.Hall,GBIF,4028643739,inat:139918770,HUMAN_OBSERVATION,2022-10-24T10:14:14,2022,MY,6.291897,99.78647,4.0,Kedah,,PRESENT,CONTINENT_DERIVED_FROM_COORDINATES|COORDINATE_ROUNDED|TAXON_ID_NOT_FOUND,iNaturalist research-grade observations,50c9509d-22c7-4a22-a47d-8c48425ef4a7,http://creativecommons.org/licenses/by/4.0/legalcode,https://www.gbif.org/occurrence/4028643739,True,False
8a6309a2f1c25f97276704a3,cleome_rutidosperma,Cleome rutidosperma,Sieruela rutidosperma (DC.) Roalson & J.C.Hall,GBIF,4028919993,inat:147526415,HUMAN_OBSERVATION,2023-01-28T18:10:26,2023,MY,2.21695,102.267412,6.0,Melaka,,PRESENT,CONTINENT_DERIVED_FROM_COORDINATES|COORDINATE_ROUNDED|TAXON_ID_NOT_FOUND,iNaturalist research-grade observations,50c9509d-22c7-4a22-a47d-8c48425ef4a7,http://creativecommons.org/licenses/by-nc/4.0/legalcode,https://www.gbif.org/occurrence/4028919993,True,False
f134d395797c2e52d3492e91,cleome_rutidosperma,Cleome rutidosperma,Sieruela rutidosperma (DC.) Roalson & J.C.Hall,GBIF,4028978002,inat:147585367,HUMAN_OBSERVATION,2023-01-29T09:55:12,2023,MY,2.21828,102.26805,4.0,Melaka,,PRESENT,CONTINENT_DERIVED_FROM_COORDINATES|TAXON_ID_NOT_FOUND,iNaturalist research-grade observations,50c9509d-22c7-4a22-a47d-8c48425ef4a7,http://creativecommons.org/licenses/by-nc/4.0/legalcode,https://www.gbif.org/occurrence/4028978002,True,False
7e42ae14c3980fd582f94f50,cleome_rutidosperma,Cleome rutidosperma,Sieruela rutidosperma (DC.) Roalson & J.C.Hall,GBIF,4034865957,inat:148330482,HUMAN_OBSERVATION,2023-01-14T05:45,2023,MY,3.145777,101.688906,221.0,Kuala Lumpur,,PRESENT,CONTINENT_DERIVED_FROM_COORDINATES|COORDINATE_ROUNDED|TAXON_ID_NOT_FOUND,iNaturalist research-grade observations,50c9509d-22c7-4a22-a47d-8c48425ef4a7,http://creativecommons.org/licenses/by-nc/4.0/legalcode,https://www.gbif.org/occurrence/4034865957,True,False
89fa8bce2cf5015d835b13f8,cleome_rutidosperma,Cleome rutidosperma,Sieruela rutidosperma (DC.) Roalson & J.C.Hall,GBIF,4075653202,inat:152033976,HUMAN_OBSERVATION,2023-01-05T12:07:28,2023,MY,4.177845,101.290092,5.0,Perak,,PRESENT,CONTINENT_DERIVED_FROM_COORDINATES|COORDINATE_ROUNDED|TAXON_ID_NOT_FOUND,iNaturalist research-grade observations,50c9509d-22c7-4a22-a47d-8c48425ef4a7,http://creativecommons.org/licenses/by-nc/4.0/legalcode,https://www.gbif.org/occurrence/4075653202,True,False
b359fabbbfd0feaae761af47,cleome_rutidosperma,Cleome rutidosperma,Sieruela rutidosperma (DC.) Roalson & J.C.Hall,GBIF,4091487722,inat:155441607,HUMAN_OBSERVATION,2023-04-05T15:41,2023,MY,5.947282,116.047467,,Sabah,,PRESENT,CONTINENT_DERIVED_FROM_COORDINATES|COORDINATE_ROUNDED|TAXON_ID_NOT_FOUND,iNaturalist research-grade observations,50c9509d-22c7-4a22-a47d-8c48425ef4a7,http://creativecommons.org/licenses/by-nc/4.0/legalcode,https://www.gbif.org/occurrence/4091487722,True,False
323d9af0e6485e41e3e52096,cleome_rutidosperma,Cleome rutidosperma,Sieruela rutidosperma (DC.) Roalson & J.C.Hall,GBIF,4091531662,inat:155430001,HUMAN_OBSERVATION,2023-04-02T14:18,2023,MY,5.661552,117.048408,,Sabah,,PRESENT,CONTINENT_DERIVED_FROM_COORDINATES|COORDINATE_ROUNDED|TAXON_ID_NOT_FOUND,iNaturalist research-grade observations,50c9509d-22c7-4a22-a47d-8c48425ef4a7,http://creativecommons.org/licenses/by-nc/4.0/legalcode,https://www.gbif.org/occurrence/4091531662,True,False
f80fcc10d3b7fd13836293d2,cleome_rutidosperma,Cleome rutidosperma,Sieruela rutidosperma (DC.) Roalson & J.C.Hall,GBIF,4093687623,,PRESERVED_SPECIMEN,1987-01-18,1987,MY,3.08,101.5,,Selangor,"Dist. of Petaling, Shah Alam.",PRESENT,GEODETIC_DATUM_ASSUMED_WGS84|MODIFIED_DATE_INVALID,Vascular plants,d415c253-4d61-4459-9d25-4015b9084fb0,http://creativecommons.org/publicdomain/zero/1.0/legalcode,https://www.gbif.org/occurrence/4093687623,True,False
9199b82a9280ff08892e8c32,cleome_rutidosperma,Cleome rutidosperma,Sieruela rutidosperma (DC.) Roalson & J.C.Hall,GBIF,4102640917,inat:156978700,HUMAN_OBSERVATION,2023-04-28T08:49:46,2023,MY,3.101289,101.617299,,Selangor,,PRESENT,CONTINENT_DERIVED_FROM_COORDINATES|COORDINATE_ROUNDED|TAXON_ID_NOT_FOUND,iNaturalist research-grade observations,50c9509d-22c7-4a22-a47d-8c48425ef4a7,http://creativecommons.org/licenses/by-nc/4.0/legalcode,https://www.gbif.org/occurrence/4102640917,True,False
98be727c2ada3563b3fc97f5,cleome_rutidosperma,Cleome rutidosperma,Sieruela rutidosperma (DC.) Roalson & J.C.Hall,GBIF,4102811354,inat:157454528,HUMAN_OBSERVATION,2023-04-29T09:15:21,2023,MY,1.557482,110.354633,,Sarawak,,PRESENT,CONTINENT_DERIVED_FROM_COORDINATES|TAXON_ID_NOT_FOUND,iNaturalist research-grade observations,50c9509d-22c7-4a22-a47d-8c48425ef4a7,http://creativecommons.org/licenses/by-nc/4.0/legalcode,https://www.gbif.org/occurrence/4102811354,True,False
4ccce65e474db1fcfd8558be,cleome_rutidosperma,Cleome rutidosperma,Sieruela rutidosperma (DC.) Roalson & J.C.Hall,GBIF,4103076764,inat:156812571,HUMAN_OBSERVATION,2023-04-21T17:11:27,2023,MY,5.414471,100.341618,,Pulau Pinang,,PRESENT,CONTINENT_DERIVED_FROM_COORDINATES|COORDINATE_ROUNDED|TAXON_ID_NOT_FOUND,iNaturalist research-grade observations,50c9509d-22c7-4a22-a47d-8c48425ef4a7,http://creativecommons.org/licenses/by-nc/4.0/legalcode,https://www.gbif.org/occurrence/4103076764,True,False
b69443e2986dcea673ba5735,cleome_rutidosperma,Cleome rutidosperma,Sieruela rutidosperma (DC.) Roalson & J.C.Hall,GBIF,4111804914,inat:159424320,HUMAN_OBSERVATION,2023-04-29T08:20,2023,MY,3.199609,101.633161,496.0,Kuala Lumpur,,PRESENT,CONTINENT_DERIVED_FROM_COORDINATES|COORDINATE_ROUNDED|TAXON_ID_NOT_FOUND,iNaturalist research-grade observations,50c9509d-22c7-4a22-a47d-8c48425ef4a7,http://creativecommons.org/licenses/by-nc/4.0/legalcode,https://www.gbif.org/occurrence/4111804914,True,False
c14e57d3eb21028862fadd9c,cleome_rutidosperma,Cleome rutidosperma,Sieruela rutidosperma (DC.) Roalson & J.C.Hall,GBIF,4112091669,inat:158489477,HUMAN_OBSERVATION,2023-05-01T12:45:34,2023,MY,2.986387,101.563926,16.0,Selangor,,PRESENT,CONTINENT_DERIVED_FROM_COORDINATES|COORDINATE_ROUNDED|TAXON_ID_NOT_FOUND,iNaturalist research-grade observations,50c9509d-22c7-4a22-a47d-8c48425ef4a7,http://creativecommons.org/licenses/by-nc/4.0/legalcode,https://www.gbif.org/occurrence/4112091669,True,False
be3637c0ea5e597c4d552a96,cleome_rutidosperma,Cleome rutidosperma,Sieruela rutidosperma (DC.) Roalson & J.C.Hall,GBIF,4121213935,inat:163236968,HUMAN_OBSERVATION,2023-05-21T17:29,2023,MY,2.882133,101.792289,7.0,Selangor,,PRESENT,CONTINENT_DERIVED_FROM_COORDINATES|COORDINATE_ROUNDED|TAXON_ID_NOT_FOUND,iNaturalist research-grade observations,50c9509d-22c7-4a22-a47d-8c48425ef4a7,http://creativecommons.org/licenses/by-nc/4.0/legalcode,https://www.gbif.org/occurrence/4121213935,True,False
b465ec47f5d111708da4842f,cleome_rutidosperma,Cleome rutidosperma,Sieruela rutidosperma (DC.) Roalson & J.C.Hall,GBIF,4126874494,inat:162814915,HUMAN_OBSERVATION,2023-05-21T12:38:06,2023,MY,2.941946,101.698663,4.0,Selangor,,PRESENT,CONTINENT_DERIVED_FROM_COORDINATES|COORDINATE_ROUNDED|TAXON_ID_NOT_FOUND,iNaturalist research-grade observations,50c9509d-22c7-4a22-a47d-8c48425ef4a7,http://creativecommons.org/licenses/by-nc/4.0/legalcode,https://www.gbif.org/occurrence/4126874494,True,False
b1b422856a9b1288c588b22f,cleome_rutidosperma,Cleome rutidosperma,Sieruela rutidosperma (DC.) Roalson & J.C.Hall,GBIF,4127201055,inat:163641952,HUMAN_OBSERVATION,2023-05-25T10:44,2023,MY,2.882183,101.793097,35.0,Selangor,,PRESENT,CONTINENT_DERIVED_FROM_COORDINATES|COORDINATE_ROUNDED|TAXON_ID_NOT_FOUND,iNaturalist research-grade observations,50c9509d-22c7-4a22-a47d-8c48425ef4a7,http://creativecommons.org/licenses/by-nc/4.0/legalcode,https://www.gbif.org/occurrence/4127201055,True,False
580ba29b6759b7c0b13cd14e,cleome_rutidosperma,Cleome rutidosperma,Sieruela rutidosperma (DC.) Roalson & J.C.Hall,GBIF,4127405165,inat:164553447,HUMAN_OBSERVATION,2023-05-30T09:28:50,2023,MY,2.914293,101.687875,4.0,Putrajaya,,PRESENT,CONTINENT_DERIVED_FROM_COORDINATES|COORDINATE_ROUNDED|TAXON_ID_NOT_FOUND,iNaturalist research-grade observations,50c9509d-22c7-4a22-a47d-8c48425ef4a7,http://creativecommons.org/licenses/by-nc/4.0/legalcode,https://www.gbif.org/occurrence/4127405165,True,False
952362b62071ffcd73c289da,cleome_rutidosperma,Cleome rutidosperma,Sieruela rutidosperma (DC.) Roalson & J.C.Hall,GBIF,4127459391,inat:163912734,HUMAN_OBSERVATION,2023-05-26T10:24,2023,MY,2.883128,101.792831,9.0,Selangor,,PRESENT,CONTINENT_DERIVED_FROM_COORDINATES|COORDINATE_ROUNDED|TAXON_ID_NOT_FOUND,iNaturalist research-grade observations,50c9509d-22c7-4a22-a47d-8c48425ef4a7,http://creativecommons.org/licenses/by-nc/4.0/legalcode,https://www.gbif.org/occurrence/4127459391,True,False
dce62dec41014a4673bf461b,cleome_rutidosperma,Cleome rutidosperma,Sieruela rutidosperma (DC.) Roalson & J.C.Hall,GBIF,4129774554,inat:157050271,HUMAN_OBSERVATION,2023-04-28T17:15:07,2023,MY,1.425931,110.326464,,Sarawak,,PRESENT,CONTINENT_DERIVED_FROM_COORDINATES|TAXON_ID_NOT_FOUND,iNaturalist research-grade observations,50c9509d-22c7-4a22-a47d-8c48425ef4a7,http://creativecommons.org/licenses/by-nc/4.0/legalcode,https://www.gbif.org/occurrence/4129774554,True,False
324f47a0c56ff10cec1cb4f8,cleome_rutidosperma,Cleome rutidosperma,Sieruela rutidosperma (DC.) Roalson & J.C.Hall,GBIF,4129805379,inat:157908112,HUMAN_OBSERVATION,2023-04-30T10:28:51,2023,MY,2.472082,102.226842,4.0,Negeri Sembilan,,PRESENT,CONTINENT_DERIVED_FROM_COORDINATES|COORDINATE_ROUNDED|TAXON_ID_NOT_FOUND,iNaturalist research-grade observations,50c9509d-22c7-4a22-a47d-8c48425ef4a7,http://creativecommons.org/licenses/by-nc/4.0/legalcode,https://www.gbif.org/occurrence/4129805379,True,False
51f6e78669e040e381f98c55,cleome_rutidosperma,Cleome rutidosperma,Sieruela rutidosperma (DC.) Roalson & J.C.Hall,GBIF,4129828574,inat:159335461,HUMAN_OBSERVATION,2023-05-03T10:19:32,2023,MY,1.556457,110.356637,,Sarawak,,PRESENT,CONTINENT_DERIVED_FROM_COORDINATES|COORDINATE_ROUNDED|TAXON_ID_NOT_FOUND,iNaturalist research-grade observations,50c9509d-22c7-4a22-a47d-8c48425ef4a7,http://creativecommons.org/licenses/by-nc/4.0/legalcode,https://www.gbif.org/occurrence/4129828574,True,False
d6d59c19caf2859d52b8b213,cleome_rutidosperma,Cleome rutidosperma,Sieruela rutidosperma (DC.) Roalson & J.C.Hall,GBIF,4129860610,inat:164902097,HUMAN_OBSERVATION,2023-06-01T08:45:13,2023,MY,2.957324,101.689475,8.0,Selangor,,PRESENT,CONTINENT_DERIVED_FROM_COORDINATES|COORDINATE_ROUNDED|TAXON_ID_NOT_FOUND,iNaturalist research-grade observations,50c9509d-22c7-4a22-a47d-8c48425ef4a7,http://creativecommons.org/licenses/by-nc/4.0/legalcode,https://www.gbif.org/occurrence/4129860610,True,False
e57f34d79d3977fef466e1dc,cleome_rutidosperma,Cleome rutidosperma,Sieruela rutidosperma (DC.) Roalson & J.C.Hall,GBIF,4129881542,inat:156533885,HUMAN_OBSERVATION,2023-04-25T12:45:56,2023,MY,1.57876,110.260758,5.0,Sarawak,,PRESENT,CONTINENT_DERIVED_FROM_COORDINATES|COORDINATE_ROUNDED|TAXON_ID_NOT_FOUND,iNaturalist research-grade observations,50c9509d-22c7-4a22-a47d-8c48425ef4a7,http://creativecommons.org/licenses/by-nc/4.0/legalcode,https://www.gbif.org/occurrence/4129881542,True,False
9bc48ef6854c52171b9c988e,cleome_rutidosperma,Cleome rutidosperma,Sieruela rutidosperma (DC.) Roalson & J.C.Hall,GBIF,4165523566,inat:170764862,HUMAN_OBSERVATION,2023-06-30T17:32:34,2023,MY,3.062825,101.708719,,Kuala Lumpur,,PRESENT,CONTINENT_DERIVED_FROM_COORDINATES|COORDINATE_ROUNDED|TAXON_ID_NOT_FOUND,iNaturalist research-grade observations,50c9509d-22c7-4a22-a47d-8c48425ef4a7,http://creativecommons.org/licenses/by/4.0/legalcode,https://www.gbif.org/occurrence/4165523566,True,False
349e76d4a167863b744faa75,cleome_rutidosperma,Cleome rutidosperma,Sieruela rutidosperma (DC.) Roalson & J.C.Hall,GBIF,4171705403,inat:175694847,HUMAN_OBSERVATION,2023-07-30T17:28:31,2023,MY,3.158199,101.580132,130.0,Selangor,,PRESENT,CONTINENT_DERIVED_FROM_COORDINATES|COORDINATE_ROUNDED|TAXON_ID_NOT_FOUND,iNaturalist research-grade observations,50c9509d-22c7-4a22-a47d-8c48425ef4a7,http://creativecommons.org/licenses/by-nc/4.0/legalcode,https://www.gbif.org/occurrence/4171705403,True,False
90194f834aa9cfc3748fbe38,cleome_rutidosperma,Cleome rutidosperma,Sieruela rutidosperma (DC.) Roalson & J.C.Hall,GBIF,4405333423,inat:180714334,HUMAN_OBSERVATION,2023-08-29T08:56:53,2023,MY,3.101375,101.640762,15.0,Kuala Lumpur,,PRESENT,CONTINENT_DERIVED_FROM_COORDINATES|COORDINATE_ROUNDED|TAXON_ID_NOT_FOUND,iNaturalist research-grade observations,50c9509d-22c7-4a22-a47d-8c48425ef4a7,http://creativecommons.org/licenses/by-nc/4.0/legalcode,https://www.gbif.org/occurrence/4405333423,True,False
3e7202a49b8dd8cec43a3df4,cleome_rutidosperma,Cleome rutidosperma,Sieruela rutidosperma (DC.) Roalson & J.C.Hall,GBIF,4405582314,inat:180464987,HUMAN_OBSERVATION,2023-08-07T09:43:03,2023,MY,5.35933,100.30655,4.0,Pulau Pinang,,PRESENT,CONTINENT_DERIVED_FROM_COORDINATES|TAXON_ID_NOT_FOUND,iNaturalist research-grade observations,50c9509d-22c7-4a22-a47d-8c48425ef4a7,http://creativecommons.org/licenses/by-nc/4.0/legalcode,https://www.gbif.org/occurrence/4405582314,True,False
de875d8dd80cbbab676b922b,cleome_rutidosperma,Cleome rutidosperma,Sieruela rutidosperma (DC.) Roalson & J.C.Hall,GBIF,4407135649,inat:180878255,HUMAN_OBSERVATION,2023-08-30T07:55:11,2023,MY,3.103922,101.649733,14.0,Kuala Lumpur,,PRESENT,CONTINENT_DERIVED_FROM_COORDINATES|COORDINATE_ROUNDED|TAXON_ID_NOT_FOUND,iNaturalist research-grade observations,50c9509d-22c7-4a22-a47d-8c48425ef4a7,http://creativecommons.org/licenses/by-nc/4.0/legalcode,https://www.gbif.org/occurrence/4407135649,True,False
d77790c111d26e40c2553c55,cleome_rutidosperma,Cleome rutidosperma,Sieruela rutidosperma (DC.) Roalson & J.C.Hall,GBIF,4413586108,inat:181532102,HUMAN_OBSERVATION,2023-09-03T18:09:26,2023,MY,2.954211,101.716804,8.0,Selangor,,PRESENT,CONTINENT_DERIVED_FROM_COORDINATES|COORDINATE_ROUNDED|TAXON_ID_NOT_FOUND,iNaturalist research-grade observations,50c9509d-22c7-4a22-a47d-8c48425ef4a7,http://creativecommons.org/licenses/by-nc/4.0/legalcode,https://www.gbif.org/occurrence/4413586108,True,False
0eaf8981bafad4d5466d45be,cleome_rutidosperma,Cleome rutidosperma,Sieruela rutidosperma (DC.) Roalson & J.C.Hall,GBIF,4414076753,inat:183316893,HUMAN_OBSERVATION,2023-09-15T12:46:13,2023,MY,2.949954,101.686957,4.0,Selangor,,PRESENT,CONTINENT_DERIVED_FROM_COORDINATES|COORDINATE_ROUNDED|TAXON_ID_NOT_FOUND,iNaturalist research-grade observations,50c9509d-22c7-4a22-a47d-8c48425ef4a7,http://creativecommons.org/licenses/by-nc/4.0/legalcode,https://www.gbif.org/occurrence/4414076753,True,False
650d22b6a30ab6cd0143e325,cleome_rutidosperma,Cleome rutidosperma,Sieruela rutidosperma (DC.) Roalson & J.C.Hall,GBIF,4414225579,inat:183297299,HUMAN_OBSERVATION,2023-09-15T08:50:40,2023,MY,2.953603,101.726554,7.0,Selangor,,PRESENT,CONTINENT_DERIVED_FROM_COORDINATES|COORDINATE_ROUNDED|TAXON_ID_NOT_FOUND,iNaturalist research-grade observations,50c9509d-22c7-4a22-a47d-8c48425ef4a7,http://creativecommons.org/licenses/by-nc/4.0/legalcode,https://www.gbif.org/occurrence/4414225579,True,False
e180a2a1c18e33352af1c2e6,cleome_rutidosperma,Cleome rutidosperma,Sieruela rutidosperma (DC.) Roalson & J.C.Hall,GBIF,4420908468,inat:185399900,HUMAN_OBSERVATION,2023-09-29T08:58:36,2023,MY,2.968571,101.678606,122.0,Selangor,,PRESENT,CONTINENT_DERIVED_FROM_COORDINATES|COORDINATE_ROUNDED|TAXON_ID_NOT_FOUND,iNaturalist research-grade observations,50c9509d-22c7-4a22-a47d-8c48425ef4a7,http://creativecommons.org/licenses/by-nc/4.0/legalcode,https://www.gbif.org/occurrence/4420908468,True,False
94888b6586e2dadd65858d66,cleome_rutidosperma,Cleome rutidosperma,Sieruela rutidosperma (DC.) Roalson & J.C.Hall,GBIF,4424112309,inat:23084092,HUMAN_OBSERVATION,2019-04-26T08:34,2019,MY,3.121787,101.654144,6.0,Kuala Lumpur,,PRESENT,CONTINENT_DERIVED_FROM_COORDINATES|COORDINATE_ROUNDED|TAXON_ID_NOT_FOUND,iNaturalist research-grade observations,50c9509d-22c7-4a22-a47d-8c48425ef4a7,http://creativecommons.org/licenses/by-nc/4.0/legalcode,https://www.gbif.org/occurrence/4424112309,True,False
0edb4cb0d6fdb9cec8d75b0a,cleome_rutidosperma,Cleome rutidosperma,Sieruela rutidosperma (DC.) Roalson & J.C.Hall,GBIF,4424142376,inat:78054311,HUMAN_OBSERVATION,2021-05-09T21:32:19,2021,MY,3.132937,101.772643,24.0,Selangor,,PRESENT,CONTINENT_DERIVED_FROM_COORDINATES|COORDINATE_ROUNDED|TAXON_ID_NOT_FOUND,iNaturalist research-grade observations,50c9509d-22c7-4a22-a47d-8c48425ef4a7,http://creativecommons.org/licenses/by-nc/4.0/legalcode,https://www.gbif.org/occurrence/4424142376,True,False
60141ff14d7d4c539528b630,cleome_rutidosperma,Cleome rutidosperma,Sieruela rutidosperma (DC.) Roalson & J.C.Hall,GBIF,4424423415,inat:77153596,HUMAN_OBSERVATION,2021-05-04T09:14:56,2021,MY,5.504641,100.469386,11.0,Pulau Pinang,,PRESENT,CONTINENT_DERIVED_FROM_COORDINATES|COORDINATE_ROUNDED|TAXON_ID_NOT_FOUND,iNaturalist research-grade observations,50c9509d-22c7-4a22-a47d-8c48425ef4a7,http://creativecommons.org/licenses/by-nc/4.0/legalcode,https://www.gbif.org/occurrence/4424423415,True,False
2225eddd25e1c74f68c2d839,cleome_rutidosperma,Cleome rutidosperma,Sieruela rutidosperma (DC.) Roalson & J.C.Hall,GBIF,4424589305,inat:23817991,HUMAN_OBSERVATION,2019-04-29T10:17:10,2019,MY,3.039277,101.798883,3.0,Selangor,,PRESENT,CONTINENT_DERIVED_FROM_COORDINATES|COORDINATE_ROUNDED|TAXON_ID_NOT_FOUND,iNaturalist research-grade observations,50c9509d-22c7-4a22-a47d-8c48425ef4a7,http://creativecommons.org/licenses/by-nc/4.0/legalcode,https://www.gbif.org/occurrence/4424589305,True,False
b7e8c5c26e499c3d71411d77,cleome_rutidosperma,Cleome rutidosperma,Sieruela rutidosperma (DC.) Roalson & J.C.Hall,GBIF,4431036187,inat:187583963,HUMAN_OBSERVATION,2023-10-15T10:58:28,2023,MY,2.924725,101.679015,11.0,Putrajaya,,PRESENT,CONTINENT_DERIVED_FROM_COORDINATES|COORDINATE_ROUNDED|TAXON_ID_NOT_FOUND,iNaturalist research-grade observations,50c9509d-22c7-4a22-a47d-8c48425ef4a7,http://creativecommons.org/licenses/by-nc/4.0/legalcode,https://www.gbif.org/occurrence/4431036187,True,False
704a49428066c6198c1f04e4,cleome_rutidosperma,Cleome rutidosperma,Sieruela rutidosperma (DC.) Roalson & J.C.Hall,GBIF,4431107225,inat:187584040,HUMAN_OBSERVATION,2023-10-15T10:59:27,2023,MY,2.925343,101.679503,,Putrajaya,,PRESENT,CONTINENT_DERIVED_FROM_COORDINATES|COORDINATE_ROUNDED|TAXON_ID_NOT_FOUND,iNaturalist research-grade observations,50c9509d-22c7-4a22-a47d-8c48425ef4a7,http://creativecommons.org/licenses/by-nc/4.0/legalcode,https://www.gbif.org/occurrence/4431107225,True,False
e117acb2167e3bc42bb4ee2f,cleome_rutidosperma,Cleome rutidosperma,Sieruela rutidosperma (DC.) Roalson & J.C.Hall,GBIF,4438647389,inat:73589533,HUMAN_OBSERVATION,2021-03-27T09:41Z,2021,MY,5.357065,100.302764,34.0,Pulau Pinang,,PRESENT,CONTINENT_DERIVED_FROM_COORDINATES|COORDINATE_ROUNDED|TAXON_ID_NOT_FOUND,iNaturalist research-grade observations,50c9509d-22c7-4a22-a47d-8c48425ef4a7,http://creativecommons.org/licenses/by-nc/4.0/legalcode,https://www.gbif.org/occurrence/4438647389,True,False
05e025e4fbeca808404d26b5,cleome_rutidosperma,Cleome rutidosperma,Sieruela rutidosperma (DC.) Roalson & J.C.Hall,GBIF,4500851345,inat:23658297,HUMAN_OBSERVATION,2019-04-26T11:23,2019,MY,3.120688,101.649387,,Kuala Lumpur,,PRESENT,CONTINENT_DERIVED_FROM_COORDINATES|COORDINATE_ROUNDED|TAXON_ID_NOT_FOUND,iNaturalist research-grade observations,50c9509d-22c7-4a22-a47d-8c48425ef4a7,http://creativecommons.org/licenses/by-nc/4.0/legalcode,https://www.gbif.org/occurrence/4500851345,True,False
b4081384fe7d42ab3c183586,cleome_rutidosperma,Cleome rutidosperma,Sieruela rutidosperma (DC.) Roalson & J.C.Hall,GBIF,4506200317,inat:11969151,HUMAN_OBSERVATION,2018-04-30T11:17,2018,MY,3.104986,101.649113,244.0,Kuala Lumpur,,PRESENT,CONTINENT_DERIVED_FROM_COORDINATES|COORDINATE_ROUNDED|TAXON_ID_NOT_FOUND,iNaturalist research-grade observations,50c9509d-22c7-4a22-a47d-8c48425ef4a7,http://creativecommons.org/licenses/by-nc/4.0/legalcode,https://www.gbif.org/occurrence/4506200317,True,False
1cf2a2d9368e73a84d31b6b8,cleome_rutidosperma,Cleome rutidosperma,Sieruela rutidosperma (DC.) Roalson & J.C.Hall,GBIF,4506237320,inat:11480720,HUMAN_OBSERVATION,2018-04-27T15:33:06,2018,MY,3.119691,101.658859,7.0,Kuala Lumpur,,PRESENT,CONTINENT_DERIVED_FROM_COORDINATES|COORDINATE_ROUNDED|TAXON_ID_NOT_FOUND,iNaturalist research-grade observations,50c9509d-22c7-4a22-a47d-8c48425ef4a7,http://creativecommons.org/licenses/by-nc/4.0/legalcode,https://www.gbif.org/occurrence/4506237320,True,False
7c52f063a1f907a76760b8fa,cleome_rutidosperma,Cleome rutidosperma,Sieruela rutidosperma (DC.) Roalson & J.C.Hall,GBIF,4506403318,inat:11479626,HUMAN_OBSERVATION,2018-04-27T15:30:02,2018,MY,3.119721,101.658855,9.0,Kuala Lumpur,,PRESENT,CONTINENT_DERIVED_FROM_COORDINATES|COORDINATE_ROUNDED|TAXON_ID_NOT_FOUND,iNaturalist research-grade observations,50c9509d-22c7-4a22-a47d-8c48425ef4a7,http://creativecommons.org/licenses/by-nc/4.0/legalcode,https://www.gbif.org/occurrence/4506403318,True,False
f965a5b8b9ded5fdf73b5d45,cleome_rutidosperma,Cleome rutidosperma,Sieruela rutidosperma (DC.) Roalson & J.C.Hall,GBIF,4506500034,inat:194878583,HUMAN_OBSERVATION,2023-12-20T17:20:48,2023,MY,3.11922,101.658463,38.0,Kuala Lumpur,,PRESENT,CONTINENT_DERIVED_FROM_COORDINATES|COORDINATE_ROUNDED|TAXON_ID_NOT_FOUND,iNaturalist research-grade observations,50c9509d-22c7-4a22-a47d-8c48425ef4a7,http://creativecommons.org/licenses/by-nc/4.0/legalcode,https://www.gbif.org/occurrence/4506500034,True,False
6782126e3b0239d8dabf5dd4,cleome_rutidosperma,Cleome rutidosperma,Sieruela rutidosperma (DC.) Roalson & J.C.Hall,GBIF,4522536972,inat:198609426,HUMAN_OBSERVATION,2024-02-07T08:13:07,2024,MY,2.216788,102.267058,19.0,Melaka,,PRESENT,CONTINENT_DERIVED_FROM_COORDINATES|COORDINATE_ROUNDED|TAXON_ID_NOT_FOUND,iNaturalist research-grade observations,50c9509d-22c7-4a22-a47d-8c48425ef4a7,http://creativecommons.org/licenses/by-nc/4.0/legalcode,https://www.gbif.org/occurrence/4522536972,True,False
fa657e0e517d16b8ce20aa8a,cleome_rutidosperma,Cleome rutidosperma,Sieruela rutidosperma (DC.) Roalson & J.C.Hall,GBIF,4522624420,inat:198472310,HUMAN_OBSERVATION,2024-01-24T14:01,2024,MY,4.599367,101.078647,,Perak,,PRESENT,CONTINENT_DERIVED_FROM_COORDINATES|COORDINATE_ROUNDED|TAXON_ID_NOT_FOUND,iNaturalist research-grade observations,50c9509d-22c7-4a22-a47d-8c48425ef4a7,http://creativecommons.org/licenses/by-nc/4.0/legalcode,https://www.gbif.org/occurrence/4522624420,True,False
ff852a0a9da494ae98959fd5,cleome_rutidosperma,Cleome rutidosperma,Sieruela rutidosperma (DC.) Roalson & J.C.Hall,GBIF,4597224332,inat:11477988,HUMAN_OBSERVATION,2018-04-27T09:27:21,2018,MY,3.03681,101.725225,22.0,Kuala Lumpur,,PRESENT,CONTINENT_DERIVED_FROM_COORDINATES|COORDINATE_ROUNDED|TAXON_ID_NOT_FOUND,iNaturalist research-grade observations,50c9509d-22c7-4a22-a47d-8c48425ef4a7,http://creativecommons.org/licenses/by-nc/4.0/legalcode,https://www.gbif.org/occurrence/4597224332,True,False
2d4673d0814b81ac8014fd0e,cleome_rutidosperma,Cleome rutidosperma,Sieruela rutidosperma (DC.) Roalson & J.C.Hall,GBIF,4606578247,inat:198373434,HUMAN_OBSERVATION,2024-01-16T14:44,2024,MY,5.425537,100.283425,,Pulau Pinang,,PRESENT,CONTINENT_DERIVED_FROM_COORDINATES|COORDINATE_ROUNDED|TAXON_ID_NOT_FOUND,iNaturalist research-grade observations,50c9509d-22c7-4a22-a47d-8c48425ef4a7,http://creativecommons.org/licenses/by-nc/4.0/legalcode,https://www.gbif.org/occurrence/4606578247,True,False
239b7ee142aa65923fc65f95,cleome_rutidosperma,Cleome rutidosperma,Sieruela rutidosperma (DC.) Roalson & J.C.Hall,GBIF,4852538831,inat:211478763,HUMAN_OBSERVATION,2024-04-29T18:41:46,2024,MY,2.941298,101.697733,6.0,Selangor,,PRESENT,CONTINENT_DERIVED_FROM_COORDINATES|COORDINATE_ROUNDED|TAXON_ID_NOT_FOUND,iNaturalist research-grade observations,50c9509d-22c7-4a22-a47d-8c48425ef4a7,http://creativecommons.org/licenses/by-nc/4.0/legalcode,https://www.gbif.org/occurrence/4852538831,True,False
351e3eddc86686207a6e9f4d,cleome_rutidosperma,Cleome rutidosperma,Sieruela rutidosperma (DC.) Roalson & J.C.Hall,GBIF,4852645490,inat:211465830,HUMAN_OBSERVATION,2024-04-29T10:16:59,2024,MY,3.147092,101.61698,31.0,Kuala Lumpur,,PRESENT,CONTINENT_DERIVED_FROM_COORDINATES|COORDINATE_ROUNDED|TAXON_ID_NOT_FOUND,iNaturalist research-grade observations,50c9509d-22c7-4a22-a47d-8c48425ef4a7,http://creativecommons.org/publicdomain/zero/1.0/legalcode,https://www.gbif.org/occurrence/4852645490,True,False
7076be889c0439a44f02bd1e,cleome_rutidosperma,Cleome rutidosperma,Sieruela rutidosperma (DC.) Roalson & J.C.Hall,GBIF,4852721512,inat:200592007,HUMAN_OBSERVATION,2024-02-27T14:10:50,2024,MY,1.583864,110.348985,9.0,Sarawak,,PRESENT,CONTINENT_DERIVED_FROM_COORDINATES|COORDINATE_ROUNDED|TAXON_ID_NOT_FOUND,iNaturalist research-grade observations,50c9509d-22c7-4a22-a47d-8c48425ef4a7,http://creativecommons.org/licenses/by-nc/4.0/legalcode,https://www.gbif.org/occurrence/4852721512,True,False
65db769e22c281ebdf7fc744,cleome_rutidosperma,Cleome rutidosperma,Sieruela rutidosperma (DC.) Roalson & J.C.Hall,GBIF,4854974721,inat:212854099,HUMAN_OBSERVATION,2024-05-02T18:13:48,2024,MY,4.231444,101.804271,,Pahang,,PRESENT,CONTINENT_DERIVED_FROM_COORDINATES|COORDINATE_ROUNDED|TAXON_ID_NOT_FOUND,iNaturalist research-grade observations,50c9509d-22c7-4a22-a47d-8c48425ef4a7,http://creativecommons.org/licenses/by-nc/4.0/legalcode,https://www.gbif.org/occurrence/4854974721,True,False
aa3715fc391c156046742e03,cleome_rutidosperma,Cleome rutidosperma,Sieruela rutidosperma (DC.) Roalson & J.C.Hall,GBIF,4855017161,inat:212578421,HUMAN_OBSERVATION,2024-04-26T09:49:52,2024,MY,3.120609,101.64814,,Kuala Lumpur,,PRESENT,CONTINENT_DERIVED_FROM_COORDINATES|COORDINATE_ROUNDED|TAXON_ID_NOT_FOUND,iNaturalist research-grade observations,50c9509d-22c7-4a22-a47d-8c48425ef4a7,http://creativecommons.org/licenses/by-nc/4.0/legalcode,https://www.gbif.org/occurrence/4855017161,True,False
08550f5a82408de11c1000d1,cleome_rutidosperma,Cleome rutidosperma,Sieruela rutidosperma (DC.) Roalson & J.C.Hall,GBIF,4855193028,inat:213602333,HUMAN_OBSERVATION,2024-05-05T10:59:51,2024,MY,4.229885,101.803957,,Pahang,,PRESENT,CONTINENT_DERIVED_FROM_COORDINATES|COORDINATE_ROUNDED|TAXON_ID_NOT_FOUND,iNaturalist research-grade observations,50c9509d-22c7-4a22-a47d-8c48425ef4a7,http://creativecommons.org/licenses/by-nc/4.0/legalcode,https://www.gbif.org/occurrence/4855193028,True,False
e6ce8c7b0ca2d23cbb6a72eb,cleome_rutidosperma,Cleome rutidosperma,Sieruela rutidosperma (DC.) Roalson & J.C.Hall,GBIF,4868038998,inat:216667837,HUMAN_OBSERVATION,2024-05-19T07:57:04,2024,MY,2.632855,103.010611,4.0,Pahang,,PRESENT,CONTINENT_DERIVED_FROM_COORDINATES|COORDINATE_ROUNDED|TAXON_ID_NOT_FOUND,iNaturalist research-grade observations,50c9509d-22c7-4a22-a47d-8c48425ef4a7,http://creativecommons.org/licenses/by-nc/4.0/legalcode,https://www.gbif.org/occurrence/4868038998,True,False
ab4d4ed5edb5bba2ec81bdff,cleome_rutidosperma,Cleome rutidosperma,Sieruela rutidosperma (DC.) Roalson & J.C.Hall,GBIF,4901506708,inat:222004675,HUMAN_OBSERVATION,2024-06-11T18:46:48,2024,MY,3.84443,101.285165,584.0,Perak,,PRESENT,CONTINENT_DERIVED_FROM_COORDINATES|COORDINATE_ROUNDED|TAXON_ID_NOT_FOUND,iNaturalist research-grade observations,50c9509d-22c7-4a22-a47d-8c48425ef4a7,http://creativecommons.org/licenses/by-nc/4.0/legalcode,https://www.gbif.org/occurrence/4901506708,True,False
dd27804a63c5f673dee51036,cleome_rutidosperma,Cleome rutidosperma,Sieruela rutidosperma (DC.) Roalson & J.C.Hall,GBIF,4901871142,inat:225036849,HUMAN_OBSERVATION,2024-06-25T11:46:34,2024,MY,3.664821,101.892616,,Pahang,,PRESENT,CONTINENT_DERIVED_FROM_COORDINATES|COORDINATE_ROUNDED|TAXON_ID_NOT_FOUND,iNaturalist research-grade observations,50c9509d-22c7-4a22-a47d-8c48425ef4a7,http://creativecommons.org/licenses/by-nc/4.0/legalcode,https://www.gbif.org/occurrence/4901871142,True,False
cff3606f31b1cfc1e4666f48,cleome_rutidosperma,Cleome rutidosperma,Sieruela rutidosperma (DC.) Roalson & J.C.Hall,GBIF,4902013963,inat:221452104,HUMAN_OBSERVATION,2024-06-09T08:46:38,2024,MY,1.578655,110.260602,4.0,Sarawak,,PRESENT,CONTINENT_DERIVED_FROM_COORDINATES|COORDINATE_ROUNDED|TAXON_ID_NOT_FOUND,iNaturalist research-grade observations,50c9509d-22c7-4a22-a47d-8c48425ef4a7,http://creativecommons.org/licenses/by-nc/4.0/legalcode,https://www.gbif.org/occurrence/4902013963,True,False
c1e54fecb3b1832166dbcb76,cleome_rutidosperma,Cleome rutidosperma,Sieruela rutidosperma (DC.) Roalson & J.C.Hall,GBIF,4908239787,inat:229540065,HUMAN_OBSERVATION,2023-09-13T06:12,2023,MY,3.23492,101.689187,4.0,Selangor,,PRESENT,CONTINENT_DERIVED_FROM_COORDINATES|COORDINATE_ROUNDED|TAXON_ID_NOT_FOUND,iNaturalist research-grade observations,50c9509d-22c7-4a22-a47d-8c48425ef4a7,http://creativecommons.org/licenses/by-nc/4.0/legalcode,https://www.gbif.org/occurrence/4908239787,True,False
4761a11e1036a22c668bb158,cleome_rutidosperma,Cleome rutidosperma,Sieruela rutidosperma (DC.) Roalson & J.C.Hall,GBIF,4908416383,inat:229249884,HUMAN_OBSERVATION,2024-07-14T20:48:38,2024,MY,3.160393,101.70223,,Kuala Lumpur,,PRESENT,CONTINENT_DERIVED_FROM_COORDINATES|TAXON_ID_NOT_FOUND,iNaturalist research-grade observations,50c9509d-22c7-4a22-a47d-8c48425ef4a7,http://creativecommons.org/licenses/by-nc/4.0/legalcode,https://www.gbif.org/occurrence/4908416383,True,False
295e0247d2ca2e0a0a294041,cleome_rutidosperma,Cleome rutidosperma,Sieruela rutidosperma (DC.) Roalson & J.C.Hall,GBIF,4908512137,inat:229690130,HUMAN_OBSERVATION,2024-07-16T18:14:04,2024,MY,5.41883,100.341069,,Pulau Pinang,,PRESENT,CONTINENT_DERIVED_FROM_COORDINATES|COORDINATE_ROUNDED|TAXON_ID_NOT_FOUND,iNaturalist research-grade observations,50c9509d-22c7-4a22-a47d-8c48425ef4a7,http://creativecommons.org/licenses/by-nc/4.0/legalcode,https://www.gbif.org/occurrence/4908512137,True,False
2593d2dbdb7c557c49c05d22,cleome_rutidosperma,Cleome rutidosperma,Sieruela rutidosperma (DC.) Roalson & J.C.Hall,GBIF,4911036002,inat:230461677,HUMAN_OBSERVATION,2024-07-20T17:29:46,2024,MY,3.180567,101.723379,165.0,Kuala Lumpur,,PRESENT,CONTINENT_DERIVED_FROM_COORDINATES|COORDINATE_ROUNDED|TAXON_ID_NOT_FOUND,iNaturalist research-grade observations,50c9509d-22c7-4a22-a47d-8c48425ef4a7,http://creativecommons.org/licenses/by-nc/4.0/legalcode,https://www.gbif.org/occurrence/4911036002,True,False
69cdf895615401f5ce1a418e,cleome_rutidosperma,Cleome rutidosperma,Sieruela rutidosperma (DC.) Roalson & J.C.Hall,GBIF,4936571994,inat:230725007,HUMAN_OBSERVATION,2024-07-21T18:53:26,2024,MY,3.207733,101.744939,,Selangor,,PRESENT,CONTINENT_DERIVED_FROM_COORDINATES|COORDINATE_ROUNDED|TAXON_ID_NOT_FOUND,iNaturalist research-grade observations,50c9509d-22c7-4a22-a47d-8c48425ef4a7,http://creativecommons.org/licenses/by-nc/4.0/legalcode,https://www.gbif.org/occurrence/4936571994,True,False
d4675b57d8eb7741f0a8bb2d,cleome_rutidosperma,Cleome rutidosperma,Sieruela rutidosperma (DC.) Roalson & J.C.Hall,GBIF,4936695133,inat:235289574,HUMAN_OBSERVATION,2024-08-05T20:39,2024,MY,1.552828,110.339039,1.0,Sarawak,,PRESENT,CONTINENT_DERIVED_FROM_COORDINATES|COORDINATE_ROUNDED|TAXON_ID_NOT_FOUND,iNaturalist research-grade observations,50c9509d-22c7-4a22-a47d-8c48425ef4a7,http://creativecommons.org/licenses/by/4.0/legalcode,https://www.gbif.org/occurrence/4936695133,True,False
82cf53408ead234e448be27f,cleome_rutidosperma,Cleome rutidosperma,Sieruela rutidosperma (DC.) Roalson & J.C.Hall,GBIF,4973866065,inat:248010432,HUMAN_OBSERVATION,2024-10-19T07:53,2024,MY,3.012556,101.70985,,Selangor,,PRESENT,CONTINENT_DERIVED_FROM_COORDINATES|COORDINATE_ROUNDED|TAXON_ID_NOT_FOUND,iNaturalist research-grade observations,50c9509d-22c7-4a22-a47d-8c48425ef4a7,http://creativecommons.org/licenses/by/4.0/legalcode,https://www.gbif.org/occurrence/4973866065,True,False
29f090f2527ac18e3130d8b2,cleome_rutidosperma,Cleome rutidosperma,Sieruela rutidosperma (DC.) Roalson & J.C.Hall,GBIF,4973897194,inat:247580169,HUMAN_OBSERVATION,2024-10-12T11:08:35,2024,MY,3.147858,101.693863,21.0,Kuala Lumpur,,PRESENT,CONTINENT_DERIVED_FROM_COORDINATES|COORDINATE_ROUNDED|TAXON_ID_NOT_FOUND,iNaturalist research-grade observations,50c9509d-22c7-4a22-a47d-8c48425ef4a7,http://creativecommons.org/licenses/by-nc/4.0/legalcode,https://www.gbif.org/occurrence/4973897194,True,False
51ca41908caae6cb2073ef0c,cleome_rutidosperma,Cleome rutidosperma,Sieruela rutidosperma (DC.) Roalson & J.C.Hall,GBIF,4993825715,inat:253385595,HUMAN_OBSERVATION,2023-12-30T08:42,2023,MY,2.636704,103.593021,244.0,Johor,,PRESENT,CONTINENT_DERIVED_FROM_COORDINATES|COORDINATE_ROUNDED|TAXON_ID_NOT_FOUND,iNaturalist research-grade observations,50c9509d-22c7-4a22-a47d-8c48425ef4a7,http://creativecommons.org/licenses/by-nc/4.0/legalcode,https://www.gbif.org/occurrence/4993825715,True,False
3a963cef1908dc6c00e8dc35,cleome_rutidosperma,Cleome rutidosperma,Sieruela rutidosperma (DC.) Roalson & J.C.Hall,GBIF,4994140403,inat:253745491,HUMAN_OBSERVATION,2024-12-01T11:13:42,2024,MY,3.104239,101.655212,110.0,Kuala Lumpur,,PRESENT,CONTINENT_DERIVED_FROM_COORDINATES|COORDINATE_ROUNDED|TAXON_ID_NOT_FOUND,iNaturalist research-grade observations,50c9509d-22c7-4a22-a47d-8c48425ef4a7,http://creativecommons.org/licenses/by-nc/4.0/legalcode,https://www.gbif.org/occurrence/4994140403,True,False
9f364994566d3b4497b860ec,cleome_rutidosperma,Cleome rutidosperma,Sieruela rutidosperma (DC.) Roalson & J.C.Hall,GBIF,5008303946,inat:253631010,HUMAN_OBSERVATION,2024-11-29T11:50:02,2024,MY,5.416695,100.333862,6.0,Pulau Pinang,,PRESENT,CONTINENT_DERIVED_FROM_COORDINATES|COORDINATE_ROUNDED|TAXON_ID_NOT_FOUND,iNaturalist research-grade observations,50c9509d-22c7-4a22-a47d-8c48425ef4a7,http://creativecommons.org/licenses/by-nc/4.0/legalcode,https://www.gbif.org/occurrence/5008303946,True,False
f5e82c537b49060fe93853a0,cleome_rutidosperma,Cleome rutidosperma,Sieruela rutidosperma (DC.) Roalson & J.C.Hall,GBIF,5024684119,,HUMAN_OBSERVATION,2020-01-09T00:00,2020,MY,3.164445,101.708138,250.0,,Kuala Lumpur/Kampung Baru,PRESENT,CONTINENT_DERIVED_FROM_COORDINATES|COORDINATE_ROUNDED|GEODETIC_DATUM_ASSUMED_WGS84,,6ac3f774-d9fb-4796-b3e9-92bf6c81c084,http://creativecommons.org/licenses/by/4.0/legalcode,https://www.gbif.org/occurrence/5024684119,True,False
5c23c8d5c6834a155bc34b04,cleome_rutidosperma,Cleome rutidosperma,Sieruela rutidosperma (DC.) Roalson & J.C.Hall,GBIF,5024917277,,HUMAN_OBSERVATION,2020-01-19T00:00,2020,MY,1.557647,110.353806,250.0,,"Kuching Zentrum, Sarawak, Borneo",PRESENT,CONTINENT_DERIVED_FROM_COORDINATES|COORDINATE_ROUNDED|GEODETIC_DATUM_ASSUMED_WGS84,,6ac3f774-d9fb-4796-b3e9-92bf6c81c084,http://creativecommons.org/licenses/by/4.0/legalcode,https://www.gbif.org/occurrence/5024917277,True,False
3dba5bac8693e2256f036fbf,cleome_rutidosperma,Cleome rutidosperma,Sieruela rutidosperma (DC.) Roalson & J.C.Hall,GBIF,5036900358,inat:257760101,HUMAN_OBSERVATION,2025-01-08T09:55:21,2025,MY,3.120662,101.64831,10.0,Kuala Lumpur,,PRESENT,CONTINENT_DERIVED_FROM_COORDINATES|COORDINATE_ROUNDED|TAXON_ID_NOT_FOUND,iNaturalist research-grade observations,50c9509d-22c7-4a22-a47d-8c48425ef4a7,http://creativecommons.org/licenses/by-nc/4.0/legalcode,https://www.gbif.org/occurrence/5036900358,True,False
5ead5eee020ec7dd55a79c47,cleome_rutidosperma,Cleome rutidosperma,Sieruela rutidosperma (DC.) Roalson & J.C.Hall,GBIF,5063219588,inat:259122862,HUMAN_OBSERVATION,2025-01-21T11:54:34,2025,MY,4.358405,113.968805,9.0,Sarawak,,PRESENT,CONTINENT_DERIVED_FROM_COORDINATES|COORDINATE_ROUNDED|TAXON_ID_NOT_FOUND,iNaturalist research-grade observations,50c9509d-22c7-4a22-a47d-8c48425ef4a7,http://creativecommons.org/licenses/by-nc/4.0/legalcode,https://www.gbif.org/occurrence/5063219588,True,False
4072c764c003dd89337c650f,cleome_rutidosperma,Cleome rutidosperma,Sieruela rutidosperma (DC.) Roalson & J.C.Hall,GBIF,5063373292,inat:259613683,HUMAN_OBSERVATION,2025-01-26T13:16:23,2025,MY,4.310292,113.968096,46.0,Sarawak,,PRESENT,CONTINENT_DERIVED_FROM_COORDINATES|COORDINATE_ROUNDED|TAXON_ID_NOT_FOUND,iNaturalist research-grade observations,50c9509d-22c7-4a22-a47d-8c48425ef4a7,http://creativecommons.org/licenses/by-nc/4.0/legalcode,https://www.gbif.org/occurrence/5063373292,True,False
9ef25438d2c199aa73e0e64c,cleome_rutidosperma,Cleome rutidosperma,Sieruela rutidosperma (DC.) Roalson & J.C.Hall,GBIF,5063380328,inat:259412576,HUMAN_OBSERVATION,2025-01-24T13:29:22,2025,MY,2.216772,102.267433,34.0,Melaka,,PRESENT,CONTINENT_DERIVED_FROM_COORDINATES|COORDINATE_ROUNDED|TAXON_ID_NOT_FOUND,iNaturalist research-grade observations,50c9509d-22c7-4a22-a47d-8c48425ef4a7,http://creativecommons.org/licenses/by-nc/4.0/legalcode,https://www.gbif.org/occurrence/5063380328,True,False
49525da12ad867e2ed7f318c,cleome_rutidosperma,Cleome rutidosperma,Sieruela rutidosperma (DC.) Roalson & J.C.Hall,GBIF,5063393434,inat:259412093,HUMAN_OBSERVATION,2025-01-24T09:31:52,2025,MY,2.216738,102.267097,9.0,Melaka,,PRESENT,CONTINENT_DERIVED_FROM_COORDINATES|COORDINATE_ROUNDED|TAXON_ID_NOT_FOUND,iNaturalist research-grade observations,50c9509d-22c7-4a22-a47d-8c48425ef4a7,http://creativecommons.org/licenses/by-nc/4.0/legalcode,https://www.gbif.org/occurrence/5063393434,True,False
5bee4cafff35198839874084,cleome_rutidosperma,Cleome rutidosperma,Sieruela rutidosperma (DC.) Roalson & J.C.Hall,GBIF,5076870630,inat:262112496,HUMAN_OBSERVATION,2025-01-21T10:19,2025,MY,5.968478,116.076056,,Sabah,,PRESENT,CONTINENT_DERIVED_FROM_COORDINATES|COORDINATE_ROUNDED|TAXON_ID_NOT_FOUND,iNaturalist research-grade observations,50c9509d-22c7-4a22-a47d-8c48425ef4a7,http://creativecommons.org/licenses/by-nc/4.0/legalcode,https://www.gbif.org/occurrence/5076870630,True,False
b9fc01472540fec39f50af50,cleome_rutidosperma,Cleome rutidosperma,Sieruela rutidosperma (DC.) Roalson & J.C.Hall,GBIF,5076917270,inat:262362210,HUMAN_OBSERVATION,2025-02-06T07:34,2025,MY,4.24852,117.889736,,Sabah,,PRESENT,CONTINENT_DERIVED_FROM_COORDINATES|COORDINATE_ROUNDED|TAXON_ID_NOT_FOUND,iNaturalist research-grade observations,50c9509d-22c7-4a22-a47d-8c48425ef4a7,http://creativecommons.org/licenses/by-nc/4.0/legalcode,https://www.gbif.org/occurrence/5076917270,True,False
43df9b7385d2fd4022c0a71e,cleome_rutidosperma,Cleome rutidosperma,Sieruela rutidosperma (DC.) Roalson & J.C.Hall,GBIF,5076951337,inat:262347745,HUMAN_OBSERVATION,2025-01-27T15:16,2025,MY,5.842618,118.111497,,Sabah,,PRESENT,CONTINENT_DERIVED_FROM_COORDINATES|COORDINATE_ROUNDED|TAXON_ID_NOT_FOUND,iNaturalist research-grade observations,50c9509d-22c7-4a22-a47d-8c48425ef4a7,http://creativecommons.org/licenses/by-nc/4.0/legalcode,https://www.gbif.org/occurrence/5076951337,True,False
1f40ee639faa818468d3d283,cleome_rutidosperma,Cleome rutidosperma,Sieruela rutidosperma (DC.) Roalson & J.C.Hall,GBIF,5077056778,inat:262483325,HUMAN_OBSERVATION,2025-02-10T08:34,2025,MY,5.918457,116.063045,,Sabah,,PRESENT,CONTINENT_DERIVED_FROM_COORDINATES|COORDINATE_ROUNDED|TAXON_ID_NOT_FOUND,iNaturalist research-grade observations,50c9509d-22c7-4a22-a47d-8c48425ef4a7,http://creativecommons.org/licenses/by-nc/4.0/legalcode,https://www.gbif.org/occurrence/5077056778,True,False
e13de7dcb77987b0fb2dae5d,cleome_rutidosperma,Cleome rutidosperma,Sieruela rutidosperma (DC.) Roalson & J.C.Hall,GBIF,5077072232,inat:263028749,HUMAN_OBSERVATION,2025-02-25T11:50:46,2025,MY,6.141725,116.274586,,Sabah,,PRESENT,CONTINENT_DERIVED_FROM_COORDINATES|COORDINATE_ROUNDED|TAXON_ID_NOT_FOUND,iNaturalist research-grade observations,50c9509d-22c7-4a22-a47d-8c48425ef4a7,http://creativecommons.org/licenses/by-nc/4.0/legalcode,https://www.gbif.org/occurrence/5077072232,True,False
d81b65a219c82929ce821c5c,cleome_rutidosperma,Cleome rutidosperma,Sieruela rutidosperma (DC.) Roalson & J.C.Hall,GBIF,5087618572,inat:264421827,HUMAN_OBSERVATION,2025-03-08T07:48:53,2025,MY,3.012231,101.709886,,Selangor,,PRESENT,CONTINENT_DERIVED_FROM_COORDINATES|COORDINATE_ROUNDED|TAXON_ID_NOT_FOUND,iNaturalist research-grade observations,50c9509d-22c7-4a22-a47d-8c48425ef4a7,http://creativecommons.org/licenses/by/4.0/legalcode,https://www.gbif.org/occurrence/5087618572,True,False
844e1a468dc4bf0fe353fa89,cleome_rutidosperma,Cleome rutidosperma,Sieruela rutidosperma (DC.) Roalson & J.C.Hall,GBIF,5087837539,inat:264789568,HUMAN_OBSERVATION,2024-10-06T14:57:58,2024,MY,1.515332,103.669748,7.0,Johor,,PRESENT,CONTINENT_DERIVED_FROM_COORDINATES|COORDINATE_ROUNDED|TAXON_ID_NOT_FOUND,iNaturalist research-grade observations,50c9509d-22c7-4a22-a47d-8c48425ef4a7,http://creativecommons.org/publicdomain/zero/1.0/legalcode,https://www.gbif.org/occurrence/5087837539,True,False
601f70a23c37b8b002f2e3af,cleome_rutidosperma,Cleome rutidosperma,Sieruela rutidosperma (DC.) Roalson & J.C.Hall,GBIF,5087868783,inat:265017824,HUMAN_OBSERVATION,2025-03-12T09:44,2025,MY,2.691425,101.900042,,Negeri Sembilan,,PRESENT,CONTINENT_DERIVED_FROM_COORDINATES|COORDINATE_ROUNDED|TAXON_ID_NOT_FOUND,iNaturalist research-grade observations,50c9509d-22c7-4a22-a47d-8c48425ef4a7,http://creativecommons.org/licenses/by/4.0/legalcode,https://www.gbif.org/occurrence/5087868783,True,False
2bce595efdaf8820ae45be07,cleome_rutidosperma,Cleome rutidosperma,Sieruela rutidosperma (DC.) Roalson & J.C.Hall,GBIF,5103642223,,PRESERVED_SPECIMEN,1987-01-18,1987,MY,3.083333,101.5,,Selangor,"Shah Alam, Petaling District",PRESENT,CONTINENT_DERIVED_FROM_COORDINATES|COORDINATE_ROUNDED|INSTITUTION_COLLECTION_MISMATCH|INSTITUTION_MATCH_FUZZY,,1a9d08bb-9e2c-4540-8f7f-3205846b6ddc,http://creativecommons.org/publicdomain/zero/1.0/legalcode,https://www.gbif.org/occurrence/5103642223,True,False
deb8ad168010fedf2165078e,cleome_rutidosperma,Cleome rutidosperma,Sieruela rutidosperma (DC.) Roalson & J.C.Hall,GBIF,5140414926,inat:273854785,HUMAN_OBSERVATION,2025-04-25T08:31:48,2025,MY,2.971701,101.705535,,Selangor,,PRESENT,CONTINENT_DERIVED_FROM_COORDINATES|COORDINATE_ROUNDED|TAXON_ID_NOT_FOUND,iNaturalist research-grade observations,50c9509d-22c7-4a22-a47d-8c48425ef4a7,http://creativecommons.org/licenses/by-nc/4.0/legalcode,https://www.gbif.org/occurrence/5140414926,True,False
6f2b89caa5ad680db36806fc,cleome_rutidosperma,Cleome rutidosperma,Sieruela rutidosperma (DC.) Roalson & J.C.Hall,GBIF,5140455579,inat:273535855,HUMAN_OBSERVATION,2025-04-26T09:30:25,2025,MY,3.123554,101.607284,214.0,Selangor,,PRESENT,CONTINENT_DERIVED_FROM_COORDINATES|COORDINATE_ROUNDED|TAXON_ID_NOT_FOUND,iNaturalist research-grade observations,50c9509d-22c7-4a22-a47d-8c48425ef4a7,http://creativecommons.org/licenses/by-nc/4.0/legalcode,https://www.gbif.org/occurrence/5140455579,True,False
652c65b6ad403377b98f9143,cleome_rutidosperma,Cleome rutidosperma,Sieruela rutidosperma (DC.) Roalson & J.C.Hall,GBIF,5140458121,inat:273633858,HUMAN_OBSERVATION,2025-04-26T14:13,2025,MY,3.015525,101.695069,,Selangor,,PRESENT,CONTINENT_DERIVED_FROM_COORDINATES|COORDINATE_ROUNDED|TAXON_ID_NOT_FOUND,iNaturalist research-grade observations,50c9509d-22c7-4a22-a47d-8c48425ef4a7,http://creativecommons.org/licenses/by/4.0/legalcode,https://www.gbif.org/occurrence/5140458121,True,False
a9699264913155c28a2d3594,cleome_rutidosperma,Cleome rutidosperma,Sieruela rutidosperma (DC.) Roalson & J.C.Hall,GBIF,5140554276,inat:274516209,HUMAN_OBSERVATION,2025-04-27T16:36:16,2025,MY,3.012417,101.709069,,Selangor,,PRESENT,CONTINENT_DERIVED_FROM_COORDINATES|COORDINATE_ROUNDED|TAXON_ID_NOT_FOUND,iNaturalist research-grade observations,50c9509d-22c7-4a22-a47d-8c48425ef4a7,http://creativecommons.org/licenses/by/4.0/legalcode,https://www.gbif.org/occurrence/5140554276,True,False
590bcb2bc5ed14893c517baa,cleome_rutidosperma,Cleome rutidosperma,Sieruela rutidosperma (DC.) Roalson & J.C.Hall,GBIF,5154244979,inat:278425810,HUMAN_OBSERVATION,2025-04-26T18:27:42,2025,MY,2.933943,101.702021,,Putrajaya,,PRESENT,CONTINENT_DERIVED_FROM_COORDINATES|TAXON_ID_NOT_FOUND,iNaturalist research-grade observations,50c9509d-22c7-4a22-a47d-8c48425ef4a7,http://creativecommons.org/licenses/by-nc/4.0/legalcode,https://www.gbif.org/occurrence/5154244979,True,False
8433131706783b932041e4c1,cleome_rutidosperma,Cleome rutidosperma,Sieruela rutidosperma (DC.) Roalson & J.C.Hall,GBIF,5167113132,inat:274460012,HUMAN_OBSERVATION,2025-04-27T14:33:46,2025,MY,3.122967,101.712255,27.0,Kuala Lumpur,,PRESENT,CONTINENT_DERIVED_FROM_COORDINATES|COORDINATE_ROUNDED|TAXON_ID_NOT_FOUND,iNaturalist research-grade observations,50c9509d-22c7-4a22-a47d-8c48425ef4a7,http://creativecommons.org/licenses/by-nc/4.0/legalcode,https://www.gbif.org/occurrence/5167113132,True,False
ced35df2b6faa53363d54fe7,cleome_rutidosperma,Cleome rutidosperma,Sieruela rutidosperma (DC.) Roalson & J.C.Hall,GBIF,5167864893,inat:268177157,HUMAN_OBSERVATION,2025-03-28T12:56,2025,MY,4.583839,101.092813,2.0,Perak,,PRESENT,CONTINENT_DERIVED_FROM_COORDINATES|COORDINATE_ROUNDED|TAXON_ID_NOT_FOUND,iNaturalist research-grade observations,50c9509d-22c7-4a22-a47d-8c48425ef4a7,http://creativecommons.org/licenses/by-nc/4.0/legalcode,https://www.gbif.org/occurrence/5167864893,True,False
0903765eead2400ca56f2439,cleome_rutidosperma,Cleome rutidosperma,Sieruela rutidosperma (DC.) Roalson & J.C.Hall,GBIF,5167924133,inat:273271462,HUMAN_OBSERVATION,2025-04-25T09:37:25,2025,MY,3.75642,102.560828,4.0,Pahang,,PRESENT,CONTINENT_DERIVED_FROM_COORDINATES|COORDINATE_ROUNDED|TAXON_ID_NOT_FOUND,iNaturalist research-grade observations,50c9509d-22c7-4a22-a47d-8c48425ef4a7,http://creativecommons.org/licenses/by-nc/4.0/legalcode,https://www.gbif.org/occurrence/5167924133,True,False
d8eb53a9c3882d0e0551f227,cleome_rutidosperma,Cleome rutidosperma,Sieruela rutidosperma (DC.) Roalson & J.C.Hall,GBIF,5167970012,inat:272850716,HUMAN_OBSERVATION,2025-04-25T09:34:04,2025,MY,3.755643,102.561935,,Pahang,,PRESENT,CONTINENT_DERIVED_FROM_COORDINATES|COORDINATE_ROUNDED|TAXON_ID_NOT_FOUND,iNaturalist research-grade observations,50c9509d-22c7-4a22-a47d-8c48425ef4a7,http://creativecommons.org/licenses/by-nc/4.0/legalcode,https://www.gbif.org/occurrence/5167970012,True,False
504fda9398f4c1e790330226,cleome_rutidosperma,Cleome rutidosperma,Sieruela rutidosperma (DC.) Roalson & J.C.Hall,GBIF,5168143777,inat:275737376,HUMAN_OBSERVATION,2025-04-12T18:58:57,2025,MY,1.477437,103.769045,6.0,Johor,,PRESENT,CONTINENT_DERIVED_FROM_COORDINATES|COORDINATE_ROUNDED|TAXON_ID_NOT_FOUND,iNaturalist research-grade observations,50c9509d-22c7-4a22-a47d-8c48425ef4a7,http://creativecommons.org/publicdomain/zero/1.0/legalcode,https://www.gbif.org/occurrence/5168143777,True,False
2329cb8c1044813b9a83bc98,cleome_rutidosperma,Cleome rutidosperma,Sieruela rutidosperma (DC.) Roalson & J.C.Hall,GBIF,5168236961,inat:267337677,HUMAN_OBSERVATION,2025-03-15T11:06,2025,MY,4.536855,101.105494,15.0,Perak,,PRESENT,CONTINENT_DERIVED_FROM_COORDINATES|COORDINATE_ROUNDED|TAXON_ID_NOT_FOUND,iNaturalist research-grade observations,50c9509d-22c7-4a22-a47d-8c48425ef4a7,http://creativecommons.org/licenses/by-nc/4.0/legalcode,https://www.gbif.org/occurrence/5168236961,True,False
ef6d0e2b5b43b2e3a317f14e,cleome_rutidosperma,Cleome rutidosperma,Sieruela rutidosperma (DC.) Roalson & J.C.Hall,GBIF,5216221716,inat:285282364,HUMAN_OBSERVATION,2025-05-29T17:00:10,2025,MY,3.171059,101.50039,44.0,Selangor,,PRESENT,CONTINENT_DERIVED_FROM_COORDINATES|COORDINATE_ROUNDED|TAXON_ID_NOT_FOUND,iNaturalist research-grade observations,50c9509d-22c7-4a22-a47d-8c48425ef4a7,http://creativecommons.org/licenses/by-nc/4.0/legalcode,https://www.gbif.org/occurrence/5216221716,True,False
ed8cc9c157e62ae1823d54a8,cleome_rutidosperma,Cleome rutidosperma,Sieruela rutidosperma (DC.) Roalson & J.C.Hall,GBIF,5216263591,inat:295058597,HUMAN_OBSERVATION,2025-07-04T11:46:09,2025,MY,5.342069,100.243767,84.0,Pulau Pinang,,PRESENT,CONTINENT_DERIVED_FROM_COORDINATES|COORDINATE_ROUNDED|TAXON_ID_NOT_FOUND,iNaturalist research-grade observations,50c9509d-22c7-4a22-a47d-8c48425ef4a7,http://creativecommons.org/licenses/by-nc/4.0/legalcode,https://www.gbif.org/occurrence/5216263591,True,False
bc1511a093d99f30c80b1e29,cleome_rutidosperma,Cleome rutidosperma,Sieruela rutidosperma (DC.) Roalson & J.C.Hall,GBIF,5217292601,inat:276979826,HUMAN_OBSERVATION,2025-04-28T18:27:32,2025,MY,3.756214,102.561084,205.0,Pahang,,PRESENT,CONTINENT_DERIVED_FROM_COORDINATES|COORDINATE_ROUNDED|TAXON_ID_NOT_FOUND,iNaturalist research-grade observations,50c9509d-22c7-4a22-a47d-8c48425ef4a7,http://creativecommons.org/licenses/by-nc/4.0/legalcode,https://www.gbif.org/occurrence/5217292601,True,False
3fce47ee484b04e2b00ee0f4,cleome_rutidosperma,Cleome rutidosperma,Sieruela rutidosperma (DC.) Roalson & J.C.Hall,GBIF,5237501439,inat:275782954,HUMAN_OBSERVATION,2025-04-12T19:01:41,2025,MY,1.477719,103.770034,7.0,Johor,,PRESENT,CONTINENT_DERIVED_FROM_COORDINATES|COORDINATE_ROUNDED|TAXON_ID_NOT_FOUND,iNaturalist research-grade observations,50c9509d-22c7-4a22-a47d-8c48425ef4a7,http://creativecommons.org/publicdomain/zero/1.0/legalcode,https://www.gbif.org/occurrence/5237501439,True,False
325c0f707ba9e0668cbdd35b,cleome_rutidosperma,Cleome rutidosperma,Sieruela rutidosperma (DC.) Roalson & J.C.Hall,GBIF,5237633455,inat:276927568,HUMAN_OBSERVATION,2025-04-27T08:09,2025,MY,3.579997,102.780003,,Pahang,,PRESENT,CONTINENT_DERIVED_FROM_COORDINATES|COORDINATE_ROUNDED|TAXON_ID_NOT_FOUND,iNaturalist research-grade observations,50c9509d-22c7-4a22-a47d-8c48425ef4a7,http://creativecommons.org/licenses/by-nc/4.0/legalcode,https://www.gbif.org/occurrence/5237633455,True,False
ff2e225bfbce90de4f4052ed,cleome_rutidosperma,Cleome rutidosperma,Sieruela rutidosperma (DC.) Roalson & J.C.Hall,GBIF,5237794462,inat:277762142,HUMAN_OBSERVATION,2025-03-07T15:10:29,2025,MY,5.417953,118.029578,4.0,Sabah,,PRESENT,CONTINENT_DERIVED_FROM_COORDINATES|COORDINATE_ROUNDED|TAXON_ID_NOT_FOUND,iNaturalist research-grade observations,50c9509d-22c7-4a22-a47d-8c48425ef4a7,http://creativecommons.org/licenses/by-nc/4.0/legalcode,https://www.gbif.org/occurrence/5237794462,True,False
2a8ba465441e9c3d849078ec,cleome_rutidosperma,Cleome rutidosperma,Sieruela rutidosperma (DC.) Roalson & J.C.Hall,GBIF,5238307525,inat:295685535,HUMAN_OBSERVATION,2025-06-21T16:32:19,2025,MY,4.446845,101.189803,4.0,Perak,,PRESENT,CONTINENT_DERIVED_FROM_COORDINATES|COORDINATE_ROUNDED|TAXON_ID_NOT_FOUND,iNaturalist research-grade observations,50c9509d-22c7-4a22-a47d-8c48425ef4a7,http://creativecommons.org/licenses/by-nc/4.0/legalcode,https://www.gbif.org/occurrence/5238307525,True,False
3e1a4626b8dcf2c03f8b3cfd,cleome_rutidosperma,Cleome rutidosperma,Sieruela rutidosperma (DC.) Roalson & J.C.Hall,GBIF,5282295557,inat:301360581,HUMAN_OBSERVATION,2025-07-27T07:41:47,2025,MY,3.039433,101.796044,10.0,Selangor,,PRESENT,CONTINENT_DERIVED_FROM_COORDINATES|COORDINATE_ROUNDED|TAXON_ID_NOT_FOUND,iNaturalist research-grade observations,50c9509d-22c7-4a22-a47d-8c48425ef4a7,http://creativecommons.org/licenses/by-nc/4.0/legalcode,https://www.gbif.org/occurrence/5282295557,True,False
935f16acc75929898b6f04ff,cleome_rutidosperma,Cleome rutidosperma,Sieruela rutidosperma (DC.) Roalson & J.C.Hall,GBIF,5291891711,inat:274354706,HUMAN_OBSERVATION,2025-04-27T09:08:26,2025,MY,3.747758,102.561453,,Pahang,,PRESENT,CONTINENT_DERIVED_FROM_COORDINATES|COORDINATE_ROUNDED|TAXON_ID_NOT_FOUND,iNaturalist research-grade observations,50c9509d-22c7-4a22-a47d-8c48425ef4a7,http://creativecommons.org/licenses/by-nc/4.0/legalcode,https://www.gbif.org/occurrence/5291891711,True,False
7cecee6df59f9929bf5ecfd9,cleome_rutidosperma,Cleome rutidosperma,Sieruela rutidosperma (DC.) Roalson & J.C.Hall,GBIF,5292140406,inat:304679104,HUMAN_OBSERVATION,2025-05-22T15:29:49,2025,MY,1.834261,102.948387,,Johor,,PRESENT,CONTINENT_DERIVED_FROM_COORDINATES|COORDINATE_ROUNDED|TAXON_ID_NOT_FOUND,iNaturalist research-grade observations,50c9509d-22c7-4a22-a47d-8c48425ef4a7,http://creativecommons.org/licenses/by-nc/4.0/legalcode,https://www.gbif.org/occurrence/5292140406,True,False
75991e6fea624c55c136f7a3,cleome_rutidosperma,Cleome rutidosperma,Sieruela rutidosperma (DC.) Roalson & J.C.Hall,GBIF,5292521802,inat:273522807,HUMAN_OBSERVATION,2025-04-26T09:10:51,2025,MY,3.933752,102.350113,8.0,Pahang,,PRESENT,CONTINENT_DERIVED_FROM_COORDINATES|COORDINATE_ROUNDED|TAXON_ID_NOT_FOUND,iNaturalist research-grade observations,50c9509d-22c7-4a22-a47d-8c48425ef4a7,http://creativecommons.org/licenses/by-nc/4.0/legalcode,https://www.gbif.org/occurrence/5292521802,True,False
5dc9362fab571677db76de57,cleome_rutidosperma,Cleome rutidosperma,Sieruela rutidosperma (DC.) Roalson & J.C.Hall,GBIF,5292759802,inat:306868158,HUMAN_OBSERVATION,2025-08-17T07:33:49,2025,MY,3.039641,101.796883,8.0,Selangor,,PRESENT,CONTINENT_DERIVED_FROM_COORDINATES|COORDINATE_ROUNDED|TAXON_ID_NOT_FOUND,iNaturalist research-grade observations,50c9509d-22c7-4a22-a47d-8c48425ef4a7,http://creativecommons.org/licenses/by-nc/4.0/legalcode,https://www.gbif.org/occurrence/5292759802,True,False
c9a04b641f47c3980a58f123,cleome_rutidosperma,Cleome rutidosperma,Sieruela rutidosperma (DC.) Roalson & J.C.Hall,GBIF,5293050587,inat:273619770,HUMAN_OBSERVATION,2025-04-26T13:04,2025,MY,3.092364,101.58432,211.0,Selangor,,PRESENT,CONTINENT_DERIVED_FROM_COORDINATES|COORDINATE_ROUNDED|TAXON_ID_NOT_FOUND,iNaturalist research-grade observations,50c9509d-22c7-4a22-a47d-8c48425ef4a7,http://creativecommons.org/licenses/by-nc/4.0/legalcode,https://www.gbif.org/occurrence/5293050587,True,False
42a7ad74529465014a364c74,cleome_rutidosperma,Cleome rutidosperma,Sieruela rutidosperma (DC.) Roalson & J.C.Hall,GBIF,5293205643,inat:273574036,HUMAN_OBSERVATION,2025-04-26T10:47:49,2025,MY,3.936364,102.353207,212.0,Pahang,,PRESENT,CONTINENT_DERIVED_FROM_COORDINATES|COORDINATE_ROUNDED|TAXON_ID_NOT_FOUND,iNaturalist research-grade observations,50c9509d-22c7-4a22-a47d-8c48425ef4a7,http://creativecommons.org/licenses/by-nc/4.0/legalcode,https://www.gbif.org/occurrence/5293205643,True,False
84697d2162335b19a96ff279,cleome_rutidosperma,Cleome rutidosperma,Sieruela rutidosperma (DC.) Roalson & J.C.Hall,GBIF,5759891458,inat:307920611,HUMAN_OBSERVATION,2025-08-21T14:04:58,2025,MY,2.735564,101.876525,,Negeri Sembilan,,PRESENT,CONTINENT_DERIVED_FROM_COORDINATES|COORDINATE_ROUNDED|TAXON_ID_NOT_FOUND,iNaturalist research-grade observations,50c9509d-22c7-4a22-a47d-8c48425ef4a7,http://creativecommons.org/licenses/by/4.0/legalcode,https://www.gbif.org/occurrence/5759891458,True,False
cb98f7bd5e3e040ebea92226,cleome_rutidosperma,Cleome rutidosperma,Sieruela rutidosperma (DC.) Roalson & J.C.Hall,GBIF,5830448513,inat:314971157,HUMAN_OBSERVATION,2025-09-19T10:49:09,2025,MY,5.876593,117.941978,,Sabah,,PRESENT,CONTINENT_DERIVED_FROM_COORDINATES|COORDINATE_ROUNDED|TAXON_ID_NOT_FOUND,iNaturalist research-grade observations,50c9509d-22c7-4a22-a47d-8c48425ef4a7,http://creativecommons.org/licenses/by-nc/4.0/legalcode,https://www.gbif.org/occurrence/5830448513,True,False
5eca152c9b653375b213be18,cleome_rutidosperma,Cleome rutidosperma,Sieruela rutidosperma (DC.) Roalson & J.C.Hall,GBIF,5840029135,inat:318761215,HUMAN_OBSERVATION,2025-10-05T08:09:53,2025,MY,3.014536,101.699683,,Selangor,,PRESENT,CONTINENT_DERIVED_FROM_COORDINATES|COORDINATE_ROUNDED|TAXON_ID_NOT_FOUND,iNaturalist research-grade observations,50c9509d-22c7-4a22-a47d-8c48425ef4a7,http://creativecommons.org/licenses/by/4.0/legalcode,https://www.gbif.org/occurrence/5840029135,True,False
25a8fcf20e3fadeded951f15,cleome_rutidosperma,Cleome rutidosperma,Sieruela rutidosperma (DC.) Roalson & J.C.Hall,GBIF,5840034004,inat:318324935,HUMAN_OBSERVATION,2025-10-03T09:24:24,2025,MY,3.798319,101.856575,,Pahang,,PRESENT,CONTINENT_DERIVED_FROM_COORDINATES|COORDINATE_ROUNDED|TAXON_ID_NOT_FOUND,iNaturalist research-grade observations,50c9509d-22c7-4a22-a47d-8c48425ef4a7,http://creativecommons.org/licenses/by-nc/4.0/legalcode,https://www.gbif.org/occurrence/5840034004,True,False
cca961c93ba551e60b7ada26,cleome_rutidosperma,Cleome rutidosperma,Sieruela rutidosperma (DC.) Roalson & J.C.Hall,GBIF,5840058239,inat:318326848,HUMAN_OBSERVATION,2025-10-03T09:26:56,2025,MY,3.79944,101.856326,,Pahang,,PRESENT,CONTINENT_DERIVED_FROM_COORDINATES|COORDINATE_ROUNDED|TAXON_ID_NOT_FOUND,iNaturalist research-grade observations,50c9509d-22c7-4a22-a47d-8c48425ef4a7,http://creativecommons.org/licenses/by-nc/4.0/legalcode,https://www.gbif.org/occurrence/5840058239,True,False
8da91a7b5b77970667fb523f,cleome_rutidosperma,Cleome rutidosperma,Sieruela rutidosperma (DC.) Roalson & J.C.Hall,GBIF,5840080556,inat:318539667,HUMAN_OBSERVATION,2025-10-03T09:45:36,2025,MY,3.8008,101.854063,4.0,Pahang,,PRESENT,CONTINENT_DERIVED_FROM_COORDINATES|COORDINATE_ROUNDED|TAXON_ID_NOT_FOUND,iNaturalist research-grade observations,50c9509d-22c7-4a22-a47d-8c48425ef4a7,http://creativecommons.org/licenses/by-nc/4.0/legalcode,https://www.gbif.org/occurrence/5840080556,True,False
c1a26c85d5edfaeddf193436,cleome_rutidosperma,Cleome rutidosperma,Sieruela rutidosperma (DC.) Roalson & J.C.Hall,GBIF,5840092005,inat:318329395,HUMAN_OBSERVATION,2025-10-03T09:56:15,2025,MY,3.799483,101.853997,,Pahang,,PRESENT,CONTINENT_DERIVED_FROM_COORDINATES|COORDINATE_ROUNDED|TAXON_ID_NOT_FOUND,iNaturalist research-grade observations,50c9509d-22c7-4a22-a47d-8c48425ef4a7,http://creativecommons.org/licenses/by-nc/4.0/legalcode,https://www.gbif.org/occurrence/5840092005,True,False
89bab6ad23e7d64cb6b8e854,cleome_rutidosperma,Cleome rutidosperma,Sieruela rutidosperma (DC.) Roalson & J.C.Hall,GBIF,5840467537,inat:318765211,HUMAN_OBSERVATION,2025-10-05T08:37:12,2025,MY,3.039006,101.793561,,Selangor,,PRESENT,CONTINENT_DERIVED_FROM_COORDINATES|COORDINATE_ROUNDED|TAXON_ID_NOT_FOUND,iNaturalist research-grade observations,50c9509d-22c7-4a22-a47d-8c48425ef4a7,http://creativecommons.org/licenses/by-nc/4.0/legalcode,https://www.gbif.org/occurrence/5840467537,True,False
68623c4a3baef99b9a660b71,cleome_rutidosperma,Cleome rutidosperma,Sieruela rutidosperma (DC.) Roalson & J.C.Hall,GBIF,5840467839,inat:318897732,HUMAN_OBSERVATION,2025-10-05T16:20,2025,MY,3.012553,101.709714,,Selangor,,PRESENT,CONTINENT_DERIVED_FROM_COORDINATES|COORDINATE_ROUNDED|TAXON_ID_NOT_FOUND,iNaturalist research-grade observations,50c9509d-22c7-4a22-a47d-8c48425ef4a7,http://creativecommons.org/licenses/by/4.0/legalcode,https://www.gbif.org/occurrence/5840467839,True,False
4fc5b9170db8a418250a3076,cleome_rutidosperma,Cleome rutidosperma,Sieruela rutidosperma (DC.) Roalson & J.C.Hall,GBIF,5843960744,inat:318592349,HUMAN_OBSERVATION,2025-10-03T09:27:37,2025,MY,3.79897,101.85656,,Pahang,,PRESENT,CONTINENT_DERIVED_FROM_COORDINATES|COORDINATE_ROUNDED|TAXON_ID_NOT_FOUND,iNaturalist research-grade observations,50c9509d-22c7-4a22-a47d-8c48425ef4a7,http://creativecommons.org/licenses/by-nc/4.0/legalcode,https://www.gbif.org/occurrence/5843960744,True,False
3a9705a252a789e89e2409f9,cleome_rutidosperma,Cleome rutidosperma,Sieruela rutidosperma (DC.) Roalson & J.C.Hall,GBIF,5844210745,inat:310447611,HUMAN_OBSERVATION,2025-08-27T13:08,2025,MY,5.415918,100.332116,15.0,Pulau Pinang,,PRESENT,CONTINENT_DERIVED_FROM_COORDINATES|COORDINATE_ROUNDED|TAXON_ID_NOT_FOUND,iNaturalist research-grade observations,50c9509d-22c7-4a22-a47d-8c48425ef4a7,http://creativecommons.org/licenses/by-nc/4.0/legalcode,https://www.gbif.org/occurrence/5844210745,True,False
0acf32d2bb0865bd8db8a326,cleome_rutidosperma,Cleome rutidosperma,Sieruela rutidosperma (DC.) Roalson & J.C.Hall,GBIF,5844242531,inat:312334342,HUMAN_OBSERVATION,2025-09-08T07:36:26,2025,MY,4.015488,101.024585,,Perak,,PRESENT,CONTINENT_DERIVED_FROM_COORDINATES|COORDINATE_ROUNDED|TAXON_ID_NOT_FOUND,iNaturalist research-grade observations,50c9509d-22c7-4a22-a47d-8c48425ef4a7,http://creativecommons.org/licenses/by-nc/4.0/legalcode,https://www.gbif.org/occurrence/5844242531,True,False
9dc7424aaa91f4f1c8c69bb7,cleome_rutidosperma,Cleome rutidosperma,Sieruela rutidosperma (DC.) Roalson & J.C.Hall,GBIF,5844433554,inat:318327754,HUMAN_OBSERVATION,2025-10-03T09:25:23,2025,MY,3.800239,101.856028,105.0,Pahang,,PRESENT,CONTINENT_DERIVED_FROM_COORDINATES|COORDINATE_ROUNDED|TAXON_ID_NOT_FOUND,iNaturalist research-grade observations,50c9509d-22c7-4a22-a47d-8c48425ef4a7,http://creativecommons.org/licenses/by-nc/4.0/legalcode,https://www.gbif.org/occurrence/5844433554,True,False
9568b01e88bd6a5211155ee7,cleome_rutidosperma,Cleome rutidosperma,Sieruela rutidosperma (DC.) Roalson & J.C.Hall,GBIF,5844598869,inat:318328118,HUMAN_OBSERVATION,2025-10-03T09:28:01,2025,MY,3.801072,101.854988,236.0,Pahang,,PRESENT,CONTINENT_DERIVED_FROM_COORDINATES|COORDINATE_ROUNDED|TAXON_ID_NOT_FOUND,iNaturalist research-grade observations,50c9509d-22c7-4a22-a47d-8c48425ef4a7,http://creativecommons.org/licenses/by-nc/4.0/legalcode,https://www.gbif.org/occurrence/5844598869,True,False
25aed80007c499da4915554d,cleome_rutidosperma,Cleome rutidosperma,Sieruela rutidosperma (DC.) Roalson & J.C.Hall,GBIF,5844651489,inat:309691710,HUMAN_OBSERVATION,2025-08-07T14:53,2025,MY,4.536946,101.105578,61.0,Perak,,PRESENT,CONTINENT_DERIVED_FROM_COORDINATES|COORDINATE_ROUNDED|TAXON_ID_NOT_FOUND,iNaturalist research-grade observations,50c9509d-22c7-4a22-a47d-8c48425ef4a7,http://creativecommons.org/licenses/by-nc/4.0/legalcode,https://www.gbif.org/occurrence/5844651489,True,False
648c74d40a28de4182cf0aea,cleome_rutidosperma,Cleome rutidosperma,Sieruela rutidosperma (DC.) Roalson & J.C.Hall,GBIF,5889374148,inat:322349427,HUMAN_OBSERVATION,2025-10-22T11:52:35,2025,MY,4.660773,101.161297,29.0,Perak,,PRESENT,CONTINENT_DERIVED_FROM_COORDINATES|COORDINATE_ROUNDED|TAXON_ID_NOT_FOUND,iNaturalist research-grade observations,50c9509d-22c7-4a22-a47d-8c48425ef4a7,http://creativecommons.org/licenses/by-nc/4.0/legalcode,https://www.gbif.org/occurrence/5889374148,True,False
8c39a10b2512f87031b4d12c,cleome_rutidosperma,Cleome rutidosperma,Sieruela rutidosperma (DC.) Roalson & J.C.Hall,GBIF,5889520134,inat:323110664,HUMAN_OBSERVATION,2025-10-26T10:23,2025,MY,3.052201,101.752918,4.0,Selangor,,PRESENT,CONTINENT_DERIVED_FROM_COORDINATES|COORDINATE_ROUNDED|TAXON_ID_NOT_FOUND,iNaturalist research-grade observations,50c9509d-22c7-4a22-a47d-8c48425ef4a7,http://creativecommons.org/licenses/by-nc/4.0/legalcode,https://www.gbif.org/occurrence/5889520134,True,False
5229c83d3273a957f34aee75,cleome_rutidosperma,Cleome rutidosperma,Sieruela rutidosperma (DC.) Roalson & J.C.Hall,GBIF,5920055609,inat:329937870,HUMAN_OBSERVATION,2025-12-08T12:43:32,2025,MY,5.211989,100.688248,4.0,Perak,,PRESENT,CONTINENT_DERIVED_FROM_COORDINATES|COORDINATE_ROUNDED|TAXON_ID_NOT_FOUND,iNaturalist research-grade observations,50c9509d-22c7-4a22-a47d-8c48425ef4a7,http://creativecommons.org/licenses/by-nc/4.0/legalcode,https://www.gbif.org/occurrence/5920055609,True,False
6ef7f98c73c6ccd1c2dad855,cleome_rutidosperma,Cleome rutidosperma,Sieruela rutidosperma (DC.) Roalson & J.C.Hall,GBIF,5935193640,inat:331148014,HUMAN_OBSERVATION,2025-12-18T08:23:04,2025,MY,4.547191,101.112413,,Perak,,PRESENT,CONTINENT_DERIVED_FROM_COORDINATES|COORDINATE_ROUNDED|TAXON_ID_NOT_FOUND,iNaturalist research-grade observations,50c9509d-22c7-4a22-a47d-8c48425ef4a7,http://creativecommons.org/licenses/by-nc/4.0/legalcode,https://www.gbif.org/occurrence/5935193640,True,False
ba5948f86ef8bbd71a7c8506,cleome_rutidosperma,Cleome rutidosperma,Sieruela rutidosperma (DC.) Roalson & J.C.Hall,GBIF,5935278054,inat:325011246,HUMAN_OBSERVATION,2025-11-05T09:50:01,2025,MY,2.717919,101.885425,,Negeri Sembilan,,PRESENT,CONTINENT_DERIVED_FROM_COORDINATES|COORDINATE_ROUNDED|TAXON_ID_NOT_FOUND,iNaturalist research-grade observations,50c9509d-22c7-4a22-a47d-8c48425ef4a7,http://creativecommons.org/licenses/by/4.0/legalcode,https://www.gbif.org/occurrence/5935278054,True,False
03c3c1ef730bf93fcee71242,cleome_rutidosperma,Cleome rutidosperma,Sieruela rutidosperma (DC.) Roalson & J.C.Hall,GBIF,5935555544,inat:332259032,HUMAN_OBSERVATION,2025-12-26T18:31:39,2025,MY,3.155249,101.628121,3.0,Kuala Lumpur,,PRESENT,CONTINENT_DERIVED_FROM_COORDINATES|COORDINATE_ROUNDED|TAXON_ID_NOT_FOUND,iNaturalist research-grade observations,50c9509d-22c7-4a22-a47d-8c48425ef4a7,http://creativecommons.org/licenses/by-nc/4.0/legalcode,https://www.gbif.org/occurrence/5935555544,True,False
db2631277c2ec15d3cd78063,cleome_rutidosperma,Cleome rutidosperma,Sieruela rutidosperma (DC.) Roalson & J.C.Hall,GBIF,5935597719,inat:324803063,HUMAN_OBSERVATION,2025-10-19T07:46,2025,MY,5.441651,100.308691,,Pulau Pinang,,PRESENT,CONTINENT_DERIVED_FROM_COORDINATES|COORDINATE_ROUNDED|TAXON_ID_NOT_FOUND,iNaturalist research-grade observations,50c9509d-22c7-4a22-a47d-8c48425ef4a7,http://creativecommons.org/licenses/by-nc/4.0/legalcode,https://www.gbif.org/occurrence/5935597719,True,False
d26d0a3164702cf92477cebb,cleome_rutidosperma,Cleome rutidosperma,Sieruela rutidosperma (DC.) Roalson & J.C.Hall,GBIF,5935730483,inat:322350478,HUMAN_OBSERVATION,2025-10-22T11:53:19,2025,MY,4.660882,101.16085,32.0,Perak,,PRESENT,CONTINENT_DERIVED_FROM_COORDINATES|COORDINATE_ROUNDED|TAXON_ID_NOT_FOUND,iNaturalist research-grade observations,50c9509d-22c7-4a22-a47d-8c48425ef4a7,http://creativecommons.org/licenses/by-nc/4.0/legalcode,https://www.gbif.org/occurrence/5935730483,True,False
ac3545fd5c8f8bb2b0b47630,cleome_rutidosperma,Cleome rutidosperma,Sieruela rutidosperma (DC.) Roalson & J.C.Hall,GBIF,5935832947,inat:328035163,HUMAN_OBSERVATION,2025-11-24T17:53:32,2025,MY,5.74354,101.866963,14.0,Kelantan,,PRESENT,CONTINENT_DERIVED_FROM_COORDINATES|COORDINATE_ROUNDED|TAXON_ID_NOT_FOUND,iNaturalist research-grade observations,50c9509d-22c7-4a22-a47d-8c48425ef4a7,http://creativecommons.org/licenses/by-nc/4.0/legalcode,https://www.gbif.org/occurrence/5935832947,True,False
351a4b14bde5d18af0149993,cleome_rutidosperma,Cleome rutidosperma,Sieruela rutidosperma (DC.) Roalson & J.C.Hall,GBIF,5936151916,inat:331394135,HUMAN_OBSERVATION,2025-12-20T12:07,2025,MY,3.129928,101.695985,,Kuala Lumpur,,PRESENT,CONTINENT_DERIVED_FROM_COORDINATES|COORDINATE_ROUNDED|TAXON_ID_NOT_FOUND,iNaturalist research-grade observations,50c9509d-22c7-4a22-a47d-8c48425ef4a7,http://creativecommons.org/licenses/by-nc/4.0/legalcode,https://www.gbif.org/occurrence/5936151916,True,False
024836581f5318af75f3a516,cleome_rutidosperma,Cleome rutidosperma,Sieruela rutidosperma (DC.) Roalson & J.C.Hall,GBIF,5936357317,inat:322347797,HUMAN_OBSERVATION,2025-10-22T11:35:33,2025,MY,4.660318,101.161726,67.0,Perak,,PRESENT,CONTINENT_DERIVED_FROM_COORDINATES|COORDINATE_ROUNDED|TAXON_ID_NOT_FOUND,iNaturalist research-grade observations,50c9509d-22c7-4a22-a47d-8c48425ef4a7,http://creativecommons.org/licenses/by-nc/4.0/legalcode,https://www.gbif.org/occurrence/5936357317,True,False
4fb128ad3a21db936a4dd0da,cleome_rutidosperma,Cleome rutidosperma,Sieruela rutidosperma (DC.) Roalson & J.C.Hall,GBIF,5938452612,inat:332949139,HUMAN_OBSERVATION,2026-01-01T09:21:21,2026,MY,3.141865,101.631536,21.0,Kuala Lumpur,,PRESENT,CONTINENT_DERIVED_FROM_COORDINATES|COORDINATE_ROUNDED|TAXON_ID_NOT_FOUND,iNaturalist research-grade observations,50c9509d-22c7-4a22-a47d-8c48425ef4a7,http://creativecommons.org/licenses/by-nc/4.0/legalcode,https://www.gbif.org/occurrence/5938452612,True,False
4b582143bfee63b83fd37300,cleome_rutidosperma,Cleome rutidosperma,Sieruela rutidosperma (DC.) Roalson & J.C.Hall,GBIF,6133238109,inat:335337832,HUMAN_OBSERVATION,2026-01-19T17:37:39,2026,MY,5.201531,100.774821,6.0,Perak,,PRESENT,CONTINENT_DERIVED_FROM_COORDINATES|COORDINATE_ROUNDED|TAXON_ID_NOT_FOUND,iNaturalist research-grade observations,50c9509d-22c7-4a22-a47d-8c48425ef4a7,http://creativecommons.org/licenses/by-nc/4.0/legalcode,https://www.gbif.org/occurrence/6133238109,True,False
d48b029494b79f247c574b1e,cleome_rutidosperma,Cleome rutidosperma,Sieruela rutidosperma (DC.) Roalson & J.C.Hall,GBIF,6133275198,inat:322347763,HUMAN_OBSERVATION,2025-10-22T11:34:21,2025,MY,4.66042,101.161752,3.0,Perak,,PRESENT,CONTINENT_DERIVED_FROM_COORDINATES|COORDINATE_ROUNDED|TAXON_ID_NOT_FOUND,iNaturalist research-grade observations,50c9509d-22c7-4a22-a47d-8c48425ef4a7,http://creativecommons.org/licenses/by-nc/4.0/legalcode,https://www.gbif.org/occurrence/6133275198,True,False
c06ff8eed37c1e37e3184e3a,cleome_rutidosperma,Cleome rutidosperma,Sieruela rutidosperma (DC.) Roalson & J.C.Hall,GBIF,6133356607,inat:322341095,HUMAN_OBSERVATION,2025-10-22T10:31:08,2025,MY,4.658107,101.161008,4.0,Perak,,PRESENT,CONTINENT_DERIVED_FROM_COORDINATES|COORDINATE_ROUNDED|TAXON_ID_NOT_FOUND,iNaturalist research-grade observations,50c9509d-22c7-4a22-a47d-8c48425ef4a7,http://creativecommons.org/licenses/by-nc/4.0/legalcode,https://www.gbif.org/occurrence/6133356607,True,False
6b8c752091fd88537433ad74,cleome_rutidosperma,Cleome rutidosperma,Sieruela rutidosperma (DC.) Roalson & J.C.Hall,GBIF,6133356661,inat:332708642,HUMAN_OBSERVATION,2025-12-30T16:42:44,2025,MY,3.129001,101.774751,17.0,Selangor,,PRESENT,CONTINENT_DERIVED_FROM_COORDINATES|COORDINATE_ROUNDED|TAXON_ID_NOT_FOUND,iNaturalist research-grade observations,50c9509d-22c7-4a22-a47d-8c48425ef4a7,http://creativecommons.org/licenses/by-nc/4.0/legalcode,https://www.gbif.org/occurrence/6133356661,True,False
c6170c8da62be03b5272efa8,cleome_rutidosperma,Cleome rutidosperma,Sieruela rutidosperma (DC.) Roalson & J.C.Hall,GBIF,6147664664,inat:336664053,HUMAN_OBSERVATION,2026-01-30T15:05,2026,MY,5.994529,116.107239,,Sabah,,PRESENT,CONTINENT_DERIVED_FROM_COORDINATES|COORDINATE_ROUNDED|TAXON_ID_NOT_FOUND,iNaturalist research-grade observations,50c9509d-22c7-4a22-a47d-8c48425ef4a7,http://creativecommons.org/licenses/by/4.0/legalcode,https://www.gbif.org/occurrence/6147664664,True,False
1e61db4fab6e9617dea61671,cleome_rutidosperma,Cleome rutidosperma,Sieruela rutidosperma (DC.) Roalson & J.C.Hall,GBIF,6170956042,inat:338685059,HUMAN_OBSERVATION,2026-02-15T15:07:37,2026,MY,5.213135,100.765575,9.0,Perak,,PRESENT,CONTINENT_DERIVED_FROM_COORDINATES|COORDINATE_ROUNDED|TAXON_ID_NOT_FOUND,iNaturalist research-grade observations,50c9509d-22c7-4a22-a47d-8c48425ef4a7,http://creativecommons.org/licenses/by-nc/4.0/legalcode,https://www.gbif.org/occurrence/6170956042,True,False
ab974b6c28c683055998b9e9,cleome_rutidosperma,Cleome rutidosperma,Sieruela rutidosperma (DC.) Roalson & J.C.Hall,GBIF,6171102323,inat:339648528,HUMAN_OBSERVATION,2026-02-22T08:02:28,2026,MY,3.039754,101.79663,10.0,Selangor,,PRESENT,CONTINENT_DERIVED_FROM_COORDINATES|COORDINATE_ROUNDED|TAXON_ID_NOT_FOUND,iNaturalist research-grade observations,50c9509d-22c7-4a22-a47d-8c48425ef4a7,http://creativecommons.org/licenses/by-nc/4.0/legalcode,https://www.gbif.org/occurrence/6171102323,True,False
6ac0df8fe8b94e60acfcd8a8,cleome_rutidosperma,Cleome rutidosperma,Sieruela rutidosperma (DC.) Roalson & J.C.Hall,GBIF,6171205074,inat:339386203,HUMAN_OBSERVATION,2026-02-20T11:40:52,2026,MY,5.419433,100.344292,3.0,Pulau Pinang,,PRESENT,CONTINENT_DERIVED_FROM_COORDINATES|COORDINATE_ROUNDED|TAXON_ID_NOT_FOUND,iNaturalist research-grade observations,50c9509d-22c7-4a22-a47d-8c48425ef4a7,http://creativecommons.org/licenses/by-nc/4.0/legalcode,https://www.gbif.org/occurrence/6171205074,True,False
61397002504384dd69c1720f,cleome_rutidosperma,Cleome rutidosperma,Sieruela rutidosperma (DC.) Roalson & J.C.Hall,GBIF,6184898772,inat:326450834,HUMAN_OBSERVATION,2025-11-14,2025,MY,5.406895,100.279667,65.0,Pulau Pinang,,PRESENT,CONTINENT_DERIVED_FROM_COORDINATES|TAXON_ID_NOT_FOUND,iNaturalist research-grade observations,50c9509d-22c7-4a22-a47d-8c48425ef4a7,http://creativecommons.org/licenses/by-nc/4.0/legalcode,https://www.gbif.org/occurrence/6184898772,True,False
caff24ab94a80d760d220d8c,cleome_rutidosperma,Cleome rutidosperma,Sieruela rutidosperma (DC.) Roalson & J.C.Hall,GBIF,6185388975,inat:343111826,HUMAN_OBSERVATION,2026-03-15T12:48:03,2026,MY,4.514911,101.011981,,Perak,,PRESENT,CONTINENT_DERIVED_FROM_COORDINATES|COORDINATE_ROUNDED|TAXON_ID_NOT_FOUND,iNaturalist research-grade observations,50c9509d-22c7-4a22-a47d-8c48425ef4a7,http://creativecommons.org/licenses/by-nc/4.0/legalcode,https://www.gbif.org/occurrence/6185388975,True,False
afa5ae613fd5e28a66f10db7,cleome_rutidosperma,Cleome rutidosperma,Sieruela rutidosperma (DC.) Roalson & J.C.Hall,GBIF,6185606426,inat:341327556,HUMAN_OBSERVATION,2026-03-05T09:02,2026,MY,2.717172,101.887422,,Negeri Sembilan,,PRESENT,CONTINENT_DERIVED_FROM_COORDINATES|COORDINATE_ROUNDED|TAXON_ID_NOT_FOUND,iNaturalist research-grade observations,50c9509d-22c7-4a22-a47d-8c48425ef4a7,http://creativecommons.org/licenses/by/4.0/legalcode,https://www.gbif.org/occurrence/6185606426,True,False
a5c4f868fd36999744a153f0,cleome_rutidosperma,Cleome rutidosperma,Sieruela rutidosperma (DC.) Roalson & J.C.Hall,GBIF,6185911494,inat:343957882,HUMAN_OBSERVATION,2026-03-20T17:53:39,2026,MY,3.833292,100.90027,,Selangor,,PRESENT,CONTINENT_DERIVED_FROM_COORDINATES|COORDINATE_ROUNDED|TAXON_ID_NOT_FOUND,iNaturalist research-grade observations,50c9509d-22c7-4a22-a47d-8c48425ef4a7,http://creativecommons.org/licenses/by-nc/4.0/legalcode,https://www.gbif.org/occurrence/6185911494,True,False
b24ab8955153ec87b1a74b1a,cleome_rutidosperma,Cleome rutidosperma,Sieruela rutidosperma (DC.) Roalson & J.C.Hall,GBIF,6186044623,inat:318327349,HUMAN_OBSERVATION,2025-10-03T09:25:38,2025,MY,3.79891,101.856638,,Pahang,,PRESENT,CONTINENT_DERIVED_FROM_COORDINATES|COORDINATE_ROUNDED|TAXON_ID_NOT_FOUND,iNaturalist research-grade observations,50c9509d-22c7-4a22-a47d-8c48425ef4a7,http://creativecommons.org/licenses/by-nc/4.0/legalcode,https://www.gbif.org/occurrence/6186044623,True,False
f5008f5cb11dd73c0e880461,cleome_rutidosperma,Cleome rutidosperma,Sieruela rutidosperma (DC.) Roalson & J.C.Hall,GBIF,6195274630,inat:347424815,HUMAN_OBSERVATION,2026-04-05T10:03:10,2026,MY,5.201413,100.774784,5.0,Perak,,PRESENT,CONTINENT_DERIVED_FROM_COORDINATES|COORDINATE_ROUNDED|TAXON_ID_NOT_FOUND,iNaturalist research-grade observations,50c9509d-22c7-4a22-a47d-8c48425ef4a7,http://creativecommons.org/licenses/by-nc/4.0/legalcode,https://www.gbif.org/occurrence/6195274630,True,False
6a03b90ea80273f19d9cc78a,cleome_rutidosperma,Cleome rutidosperma,Sieruela rutidosperma (DC.) Roalson & J.C.Hall,GBIF,6195379920,inat:342737900,HUMAN_OBSERVATION,2026-03-13T09:11:29,2026,MY,2.718375,111.837775,3.0,Sarawak,,PRESENT,CONTINENT_DERIVED_FROM_COORDINATES|TAXON_ID_NOT_FOUND,iNaturalist research-grade observations,50c9509d-22c7-4a22-a47d-8c48425ef4a7,http://creativecommons.org/licenses/by-nc/4.0/legalcode,https://www.gbif.org/occurrence/6195379920,True,False
d48785e102353f815c04a7f7,cleome_rutidosperma,Cleome rutidosperma,Sieruela rutidosperma (DC.) Roalson & J.C.Hall,GBIF,6195613901,inat:346954143,HUMAN_OBSERVATION,2026-04-03T16:43:36,2026,MY,5.213446,100.69274,9.0,Perak,,PRESENT,CONTINENT_DERIVED_FROM_COORDINATES|COORDINATE_ROUNDED|TAXON_ID_NOT_FOUND,iNaturalist research-grade observations,50c9509d-22c7-4a22-a47d-8c48425ef4a7,http://creativecommons.org/licenses/by-nc/4.0/legalcode,https://www.gbif.org/occurrence/6195613901,True,False
8798e8aea86b3229e0c0f1a9,cleome_rutidosperma,Cleome rutidosperma,Sieruela rutidosperma (DC.) Roalson & J.C.Hall,GBIF,6195702138,inat:347497569,HUMAN_OBSERVATION,2026-04-05T12:59:09,2026,MY,5.421667,100.336075,17.0,Pulau Pinang,,PRESENT,CONTINENT_DERIVED_FROM_COORDINATES|COORDINATE_ROUNDED|TAXON_ID_NOT_FOUND,iNaturalist research-grade observations,50c9509d-22c7-4a22-a47d-8c48425ef4a7,http://creativecommons.org/licenses/by/4.0/legalcode,https://www.gbif.org/occurrence/6195702138,True,False
d1029013d4c1c1e60f676fa5,cleome_rutidosperma,Cleome rutidosperma,Sieruela rutidosperma (DC.) Roalson & J.C.Hall,GBIF,6195797297,inat:348255446,HUMAN_OBSERVATION,2026-04-08T16:26:52,2026,MY,3.154435,101.71093,,Kuala Lumpur,,PRESENT,CONTINENT_DERIVED_FROM_COORDINATES|COORDINATE_ROUNDED|TAXON_ID_NOT_FOUND,iNaturalist research-grade observations,50c9509d-22c7-4a22-a47d-8c48425ef4a7,http://creativecommons.org/publicdomain/zero/1.0/legalcode,https://www.gbif.org/occurrence/6195797297,True,False
0e8ebf7c1fd5a302aa8a03ca,cleome_rutidosperma,Cleome rutidosperma,Sieruela rutidosperma (DC.) Roalson & J.C.Hall,GBIF,6195965916,inat:349218552,HUMAN_OBSERVATION,2026-04-12T13:05:37,2026,MY,2.521993,101.795841,,Negeri Sembilan,,PRESENT,CONTINENT_DERIVED_FROM_COORDINATES|COORDINATE_ROUNDED|TAXON_ID_NOT_FOUND,iNaturalist research-grade observations,50c9509d-22c7-4a22-a47d-8c48425ef4a7,http://creativecommons.org/publicdomain/zero/1.0/legalcode,https://www.gbif.org/occurrence/6195965916,True,False
31d63d439d932627e15a3d69,cleome_rutidosperma,Cleome rutidosperma,Sieruela rutidosperma (DC.) Roalson & J.C.Hall,GBIF,6234376434,inat:349700904,HUMAN_OBSERVATION,2026-04-14T09:41,2026,MY,2.717383,101.884678,,Negeri Sembilan,,PRESENT,CONTINENT_DERIVED_FROM_COORDINATES|COORDINATE_ROUNDED|TAXON_ID_NOT_FOUND,iNaturalist research-grade observations,50c9509d-22c7-4a22-a47d-8c48425ef4a7,http://creativecommons.org/licenses/by/4.0/legalcode,https://www.gbif.org/occurrence/6234376434,True,False
73f1f210c5e9252a9eead6fc,cleome_rutidosperma,Cleome rutidosperma,Sieruela rutidosperma (DC.) Roalson & J.C.Hall,GBIF,6234473485,inat:350749188,HUMAN_OBSERVATION,2026-04-08T14:29:38,2026,MY,5.419292,100.331322,4.0,Pulau Pinang,,PRESENT,CONTINENT_DERIVED_FROM_COORDINATES|COORDINATE_ROUNDED|TAXON_ID_NOT_FOUND,iNaturalist research-grade observations,50c9509d-22c7-4a22-a47d-8c48425ef4a7,http://creativecommons.org/licenses/by/4.0/legalcode,https://www.gbif.org/occurrence/6234473485,True,False
f0c88e75ddb3a1ec9acc6be1,cleome_rutidosperma,Cleome rutidosperma,Sieruela rutidosperma (DC.) Roalson & J.C.Hall,GBIF,6234589483,inat:350184624,HUMAN_OBSERVATION,2026-04-16T10:50:22,2026,MY,3.933757,102.350076,,Pahang,,PRESENT,CONTINENT_DERIVED_FROM_COORDINATES|COORDINATE_ROUNDED|TAXON_ID_NOT_FOUND,iNaturalist research-grade observations,50c9509d-22c7-4a22-a47d-8c48425ef4a7,http://creativecommons.org/licenses/by-nc/4.0/legalcode,https://www.gbif.org/occurrence/6234589483,True,False
f5036b22c0658ae68182d20b,cleome_rutidosperma,Cleome rutidosperma,Sieruela rutidosperma (DC.) Roalson & J.C.Hall,GBIF,6235265082,inat:350426182,HUMAN_OBSERVATION,2026-04-17T10:36:22,2026,MY,4.229545,101.803779,7.0,Pahang,,PRESENT,CONTINENT_DERIVED_FROM_COORDINATES|COORDINATE_ROUNDED|TAXON_ID_NOT_FOUND,iNaturalist research-grade observations,50c9509d-22c7-4a22-a47d-8c48425ef4a7,http://creativecommons.org/licenses/by-nc/4.0/legalcode,https://www.gbif.org/occurrence/6235265082,True,False
64e84aa9e6f2f46e0505a74e,cleome_rutidosperma,Cleome rutidosperma,Sieruela rutidosperma (DC.) Roalson & J.C.Hall,GBIF,6235672054,inat:350195362,HUMAN_OBSERVATION,2026-04-16T10:40,2026,MY,3.933801,102.350183,250.0,Pahang,,PRESENT,CONTINENT_DERIVED_FROM_COORDINATES|COORDINATE_ROUNDED|TAXON_ID_NOT_FOUND,iNaturalist research-grade observations,50c9509d-22c7-4a22-a47d-8c48425ef4a7,http://creativecommons.org/licenses/by-nc/4.0/legalcode,https://www.gbif.org/occurrence/6235672054,True,False
9af3a74cd163d56f95e40dc6,cleome_rutidosperma,Cleome rutidosperma,Sieruela rutidosperma (DC.) Roalson & J.C.Hall,GBIF,6235723782,inat:350184773,HUMAN_OBSERVATION,2026-04-16T10:40:13,2026,MY,3.933666,102.35319,383.0,Pahang,,PRESENT,CONTINENT_DERIVED_FROM_COORDINATES|COORDINATE_ROUNDED|TAXON_ID_NOT_FOUND,iNaturalist research-grade observations,50c9509d-22c7-4a22-a47d-8c48425ef4a7,http://creativecommons.org/licenses/by-nc/4.0/legalcode,https://www.gbif.org/occurrence/6235723782,True,False
f112113b1d8cec796169ab68,cleome_rutidosperma,Cleome rutidosperma,Sieruela rutidosperma (DC.) Roalson & J.C.Hall,GBIF,6235913828,inat:350157284,HUMAN_OBSERVATION,2026-04-16T09:05:49,2026,MY,1.481197,103.735931,83.0,Johor,,PRESENT,CONTINENT_DERIVED_FROM_COORDINATES|COORDINATE_ROUNDED|TAXON_ID_NOT_FOUND,iNaturalist research-grade observations,50c9509d-22c7-4a22-a47d-8c48425ef4a7,http://creativecommons.org/licenses/by-nc/4.0/legalcode,https://www.gbif.org/occurrence/6235913828,True,False
359dc75cee87659da46be913,cleome_rutidosperma,Cleome rutidosperma,Sieruela rutidosperma (DC.) Roalson & J.C.Hall,GBIF,6236058360,inat:350182661,HUMAN_OBSERVATION,2026-04-16T11:36:53,2026,MY,3.933905,102.350108,4.0,Pahang,,PRESENT,CONTINENT_DERIVED_FROM_COORDINATES|COORDINATE_ROUNDED|TAXON_ID_NOT_FOUND,iNaturalist research-grade observations,50c9509d-22c7-4a22-a47d-8c48425ef4a7,http://creativecommons.org/licenses/by-nc/4.0/legalcode,https://www.gbif.org/occurrence/6236058360,True,False
95413d6ed749707f6cd7529f,cleome_rutidosperma,Cleome rutidosperma,Sieruela rutidosperma (DC.) Roalson & J.C.Hall,GBIF,6236366514,inat:350181586,HUMAN_OBSERVATION,2026-04-16T11:29:28,2026,MY,3.933838,102.350083,93.0,Pahang,,PRESENT,CONTINENT_DERIVED_FROM_COORDINATES|COORDINATE_ROUNDED|TAXON_ID_NOT_FOUND,iNaturalist research-grade observations,50c9509d-22c7-4a22-a47d-8c48425ef4a7,http://creativecommons.org/licenses/by-nc/4.0/legalcode,https://www.gbif.org/occurrence/6236366514,True,False
e59f39d0a93c0c4e45b02b48,cleome_rutidosperma,Cleome rutidosperma,Sieruela rutidosperma (DC.) Roalson & J.C.Hall,GBIF,6251454099,inat:353687238,HUMAN_OBSERVATION,2026-04-24T09:45:15,2026,MY,3.265189,102.44989,209.0,Pahang,,PRESENT,CONTINENT_DERIVED_FROM_COORDINATES|COORDINATE_ROUNDED|TAXON_ID_NOT_FOUND,iNaturalist research-grade observations,50c9509d-22c7-4a22-a47d-8c48425ef4a7,http://creativecommons.org/licenses/by-nc/4.0/legalcode,https://www.gbif.org/occurrence/6251454099,True,False
dc7bac77cbe08b34efd48437,cleome_rutidosperma,Cleome rutidosperma,Sieruela rutidosperma (DC.) Roalson & J.C.Hall,GBIF,6251624852,inat:352466804,HUMAN_OBSERVATION,2026-04-24T10:11:05,2026,MY,3.271842,102.453483,6.0,Pahang,,PRESENT,CONTINENT_DERIVED_FROM_COORDINATES|COORDINATE_ROUNDED|TAXON_ID_NOT_FOUND,iNaturalist research-grade observations,50c9509d-22c7-4a22-a47d-8c48425ef4a7,http://creativecommons.org/licenses/by-nc/4.0/legalcode,https://www.gbif.org/occurrence/6251624852,True,False
7e4a51f943e2a74d9bf87ade,cleome_rutidosperma,Cleome rutidosperma,Sieruela rutidosperma (DC.) Roalson & J.C.Hall,GBIF,6251634204,inat:352458132,HUMAN_OBSERVATION,2026-04-24T09:57:55,2026,MY,3.271933,102.453651,,Pahang,,PRESENT,CONTINENT_DERIVED_FROM_COORDINATES|COORDINATE_ROUNDED|TAXON_ID_NOT_FOUND,iNaturalist research-grade observations,50c9509d-22c7-4a22-a47d-8c48425ef4a7,http://creativecommons.org/licenses/by-nc/4.0/legalcode,https://www.gbif.org/occurrence/6251634204,True,False
10d2ecf0c0417a45755bd492,cleome_rutidosperma,Cleome rutidosperma,Sieruela rutidosperma (DC.) Roalson & J.C.Hall,GBIF,6251940432,inat:353267399,HUMAN_OBSERVATION,2026-04-25T07:49,2026,MY,3.012531,101.709708,,Selangor,,PRESENT,CONTINENT_DERIVED_FROM_COORDINATES|COORDINATE_ROUNDED|TAXON_ID_NOT_FOUND,iNaturalist research-grade observations,50c9509d-22c7-4a22-a47d-8c48425ef4a7,http://creativecommons.org/licenses/by/4.0/legalcode,https://www.gbif.org/occurrence/6251940432,True,False
b103965e539e25a1303f6be2,cleome_rutidosperma,Cleome rutidosperma,Sieruela rutidosperma (DC.) Roalson & J.C.Hall,GBIF,6252310796,inat:354780506,HUMAN_OBSERVATION,2026-04-26T08:36:35,2026,MY,3.310103,102.458638,1.0,Pahang,,PRESENT,CONTINENT_DERIVED_FROM_COORDINATES|COORDINATE_ROUNDED|TAXON_ID_NOT_FOUND,iNaturalist research-grade observations,50c9509d-22c7-4a22-a47d-8c48425ef4a7,http://creativecommons.org/licenses/by-nc/4.0/legalcode,https://www.gbif.org/occurrence/6252310796,True,False
cbf703c474b6a670b03aee11,cleome_rutidosperma,Cleome rutidosperma,Sieruela rutidosperma (DC.) Roalson & J.C.Hall,GBIF,6252671207,inat:354222105,HUMAN_OBSERVATION,2026-04-26T16:33:35,2026,MY,3.015814,101.709433,,Selangor,,PRESENT,CONTINENT_DERIVED_FROM_COORDINATES|COORDINATE_ROUNDED|TAXON_ID_NOT_FOUND,iNaturalist research-grade observations,50c9509d-22c7-4a22-a47d-8c48425ef4a7,http://creativecommons.org/licenses/by/4.0/legalcode,https://www.gbif.org/occurrence/6252671207,True,False
8b99cfa3a400821992ded5ac,cleome_rutidosperma,Cleome rutidosperma,Sieruela rutidosperma (DC.) Roalson & J.C.Hall,GBIF,6252784399,inat:353252092,HUMAN_OBSERVATION,2026-04-25T09:58:25,2026,MY,3.796553,103.31862,38.0,Pahang,,PRESENT,CONTINENT_DERIVED_FROM_COORDINATES|COORDINATE_ROUNDED|TAXON_ID_NOT_FOUND,iNaturalist research-grade observations,50c9509d-22c7-4a22-a47d-8c48425ef4a7,http://creativecommons.org/licenses/by-nc/4.0/legalcode,https://www.gbif.org/occurrence/6252784399,True,False
4b6ecdebde407f66de029c9a,cleome_rutidosperma,Cleome rutidosperma,Sieruela rutidosperma (DC.) Roalson & J.C.Hall,GBIF,6253118079,inat:198462707,HUMAN_OBSERVATION,2024-02-02T10:46,2024,MY,1.400453,110.164102,,Sarawak,,PRESENT,CONTINENT_DERIVED_FROM_COORDINATES|COORDINATE_ROUNDED|TAXON_ID_NOT_FOUND,iNaturalist research-grade observations,50c9509d-22c7-4a22-a47d-8c48425ef4a7,http://creativecommons.org/licenses/by-nc/4.0/legalcode,https://www.gbif.org/occurrence/6253118079,True,False
68feaa35270138fd785f52ec,cleome_rutidosperma,Cleome rutidosperma,Sieruela rutidosperma (DC.) Roalson & J.C.Hall,GBIF,6253158725,inat:352457831,HUMAN_OBSERVATION,2026-04-24T10:04:56,2026,MY,3.271797,102.453605,14.0,Pahang,,PRESENT,CONTINENT_DERIVED_FROM_COORDINATES|COORDINATE_ROUNDED|TAXON_ID_NOT_FOUND,iNaturalist research-grade observations,50c9509d-22c7-4a22-a47d-8c48425ef4a7,http://creativecommons.org/licenses/by-nc/4.0/legalcode,https://www.gbif.org/occurrence/6253158725,True,False
ea70ae0100c067e2ffeb048b,cleome_rutidosperma,Cleome rutidosperma,Sieruela rutidosperma (DC.) Roalson & J.C.Hall,GBIF,6253254129,inat:355175552,HUMAN_OBSERVATION,2026-04-27T16:44:33,2026,MY,3.903267,101.956828,8.0,Pahang,,PRESENT,CONTINENT_DERIVED_FROM_COORDINATES|COORDINATE_ROUNDED|TAXON_ID_NOT_FOUND,iNaturalist research-grade observations,50c9509d-22c7-4a22-a47d-8c48425ef4a7,http://creativecommons.org/licenses/by-nc/4.0/legalcode,https://www.gbif.org/occurrence/6253254129,True,False
4b26e4e711813c555802ad7d,cleome_rutidosperma,Cleome rutidosperma,Sieruela rutidosperma (DC.) Roalson & J.C.Hall,GBIF,6253315206,inat:352462293,HUMAN_OBSERVATION,2026-04-24T09:55:32,2026,MY,3.271347,102.453575,4.0,Pahang,,PRESENT,CONTINENT_DERIVED_FROM_COORDINATES|COORDINATE_ROUNDED|TAXON_ID_NOT_FOUND,iNaturalist research-grade observations,50c9509d-22c7-4a22-a47d-8c48425ef4a7,http://creativecommons.org/licenses/by-nc/4.0/legalcode,https://www.gbif.org/occurrence/6253315206,True,False
0e6afb7fabbb70031a35eec8,cleome_rutidosperma,Cleome rutidosperma,Sieruela rutidosperma (DC.) Roalson & J.C.Hall,GBIF,6320815049,inat:39883185,HUMAN_OBSERVATION,2020-02-27T09:31,2020,MY,2.575703,111.377877,,Sarawak,,PRESENT,CONTINENT_DERIVED_FROM_COORDINATES|COORDINATE_ROUNDED|TAXON_ID_NOT_FOUND,iNaturalist research-grade observations,50c9509d-22c7-4a22-a47d-8c48425ef4a7,http://creativecommons.org/licenses/by-nc/4.0/legalcode,https://www.gbif.org/occurrence/6320815049,True,False
487fba12967169179abe5f24,cleome_rutidosperma,Cleome rutidosperma,Sieruela rutidosperma (DC.) Roalson & J.C.Hall,GBIF,6334627566,inat:363842363,HUMAN_OBSERVATION,2026-05-22T10:19:34,2026,MY,4.394734,113.986492,23.0,Sarawak,,PRESENT,CONTINENT_DERIVED_FROM_COORDINATES|COORDINATE_ROUNDED|TAXON_ID_NOT_FOUND,iNaturalist research-grade observations,50c9509d-22c7-4a22-a47d-8c48425ef4a7,http://creativecommons.org/licenses/by-nc/4.0/legalcode,https://www.gbif.org/occurrence/6334627566,True,False
2e5ab802c48c49824d28c255,cleome_rutidosperma,Cleome rutidosperma,Sieruela rutidosperma (DC.) Roalson & J.C.Hall,GBIF,6352817481,inat:360032233,HUMAN_OBSERVATION,2026-05-09T12:32:40,2026,MY,3.101114,102.408837,10.0,Pahang,,PRESENT,CONTINENT_DERIVED_FROM_COORDINATES|COORDINATE_ROUNDED|TAXON_ID_NOT_FOUND,iNaturalist research-grade observations,50c9509d-22c7-4a22-a47d-8c48425ef4a7,http://creativecommons.org/licenses/by-nc/4.0/legalcode,https://www.gbif.org/occurrence/6352817481,True,False
2c4979ebb7d61069d88a01a2,cleome_rutidosperma,Cleome rutidosperma,Sieruela rutidosperma (DC.) Roalson & J.C.Hall,GBIF,6352839086,inat:359515588,HUMAN_OBSERVATION,2026-05-08T10:04:01,2026,MY,3.103145,102.41098,4.0,Pahang,,PRESENT,CONTINENT_DERIVED_FROM_COORDINATES|COORDINATE_ROUNDED|TAXON_ID_NOT_FOUND,iNaturalist research-grade observations,50c9509d-22c7-4a22-a47d-8c48425ef4a7,http://creativecommons.org/licenses/by-nc/4.0/legalcode,https://www.gbif.org/occurrence/6352839086,True,False
148e1f514ee50be7c1e97780,cleome_rutidosperma,Cleome rutidosperma,Sieruela rutidosperma (DC.) Roalson & J.C.Hall,GBIF,6352842322,inat:366256509,HUMAN_OBSERVATION,2026-05-27T09:41,2026,MY,3.16052,101.704032,,Kuala Lumpur,,PRESENT,CONTINENT_DERIVED_FROM_COORDINATES|COORDINATE_ROUNDED|TAXON_ID_NOT_FOUND,iNaturalist research-grade observations,50c9509d-22c7-4a22-a47d-8c48425ef4a7,http://creativecommons.org/licenses/by-nc/4.0/legalcode,https://www.gbif.org/occurrence/6352842322,True,False
c5a434850d1b5cdc95f01252,cleome_rutidosperma,Cleome rutidosperma,Sieruela rutidosperma (DC.) Roalson & J.C.Hall,GBIF,6353155051,inat:360482991,HUMAN_OBSERVATION,2026-05-11T07:32:52,2026,MY,3.311355,102.4571,4.0,Pahang,,PRESENT,CONTINENT_DERIVED_FROM_COORDINATES|TAXON_ID_NOT_FOUND,iNaturalist research-grade observations,50c9509d-22c7-4a22-a47d-8c48425ef4a7,http://creativecommons.org/licenses/by-nc/4.0/legalcode,https://www.gbif.org/occurrence/6353155051,True,False
e62c15767ae018c977b7ecd0,cleome_rutidosperma,Cleome rutidosperma,Sieruela rutidosperma (DC.) Roalson & J.C.Hall,GBIF,6353298665,inat:367321835,HUMAN_OBSERVATION,2026-06-01T12:52:10,2026,MY,3.003539,101.386978,8.0,Selangor,,PRESENT,CONTINENT_DERIVED_FROM_COORDINATES|COORDINATE_ROUNDED|TAXON_ID_NOT_FOUND,iNaturalist research-grade observations,50c9509d-22c7-4a22-a47d-8c48425ef4a7,http://creativecommons.org/licenses/by/4.0/legalcode,https://www.gbif.org/occurrence/6353298665,True,False
e9e9e882938f2868cbe2d555,cleome_rutidosperma,Cleome rutidosperma,Sieruela rutidosperma (DC.) Roalson & J.C.Hall,GBIF,6353300700,inat:361167168,HUMAN_OBSERVATION,2026-05-13T14:58:18,2026,MY,3.931252,102.368691,132.0,Pahang,,PRESENT,CONTINENT_DERIVED_FROM_COORDINATES|COORDINATE_ROUNDED|TAXON_ID_NOT_FOUND,iNaturalist research-grade observations,50c9509d-22c7-4a22-a47d-8c48425ef4a7,http://creativecommons.org/licenses/by-nc/4.0/legalcode,https://www.gbif.org/occurrence/6353300700,True,False
5e516ad499a2ac787602bf61,cleome_rutidosperma,Cleome rutidosperma,Sieruela rutidosperma (DC.) Roalson & J.C.Hall,GBIF,6353301370,inat:361375502,HUMAN_OBSERVATION,2026-05-14T11:58:35,2026,MY,4.232081,101.803077,,Pahang,,PRESENT,CONTINENT_DERIVED_FROM_COORDINATES|COORDINATE_ROUNDED|TAXON_ID_NOT_FOUND,iNaturalist research-grade observations,50c9509d-22c7-4a22-a47d-8c48425ef4a7,http://creativecommons.org/licenses/by-nc/4.0/legalcode,https://www.gbif.org/occurrence/6353301370,True,False
ca787357033c53bcc137abd0,cleome_rutidosperma,Cleome rutidosperma,Sieruela rutidosperma (DC.) Roalson & J.C.Hall,GBIF,6413557914,inat:371086633,HUMAN_OBSERVATION,2026-06-13T10:18:46,2026,MY,5.201419,100.774796,5.0,Perak,,PRESENT,CONTINENT_DERIVED_FROM_COORDINATES|COORDINATE_ROUNDED|TAXON_ID_NOT_FOUND,iNaturalist research-grade observations,50c9509d-22c7-4a22-a47d-8c48425ef4a7,http://creativecommons.org/licenses/by-nc/4.0/legalcode,https://www.gbif.org/occurrence/6413557914,True,False
52b2289963493f0eb636a63b,cleome_rutidosperma,Cleome rutidosperma,Sieruela rutidosperma (DC.) Roalson & J.C.Hall,GBIF,6431129645,inat:377047801,HUMAN_OBSERVATION,2026-07-01T11:56:44,2026,MY,2.943477,101.788847,100.0,Selangor,,PRESENT,CONTINENT_DERIVED_FROM_COORDINATES|COORDINATE_ROUNDED|TAXON_ID_NOT_FOUND,iNaturalist research-grade observations,50c9509d-22c7-4a22-a47d-8c48425ef4a7,http://creativecommons.org/licenses/by-nc/4.0/legalcode,https://www.gbif.org/occurrence/6431129645,True,False
52a693f16b53df2565dbf443,cleome_rutidosperma,Cleome rutidosperma,Sieruela rutidosperma (DC.) Roalson & J.C.Hall,GBIF,6469593990,inat:350183243,HUMAN_OBSERVATION,2026-04-16T10:36:35,2026,MY,3.937708,102.354442,,Pahang,,PRESENT,CONTINENT_DERIVED_FROM_COORDINATES|COORDINATE_ROUNDED|TAXON_ID_NOT_FOUND,iNaturalist research-grade observations,50c9509d-22c7-4a22-a47d-8c48425ef4a7,http://creativecommons.org/licenses/by-nc/4.0/legalcode,https://www.gbif.org/occurrence/6469593990,True,False
3d38bd35988d90ea4806a069,cleome_rutidosperma,Cleome rutidosperma,Sieruela rutidosperma (DC.) Roalson & J.C.Hall,GBIF,6469768966,inat:357096336,HUMAN_OBSERVATION,2026-05-01T11:10,2026,MY,3.311395,102.456955,18.0,Pahang,,PRESENT,CONTINENT_DERIVED_FROM_COORDINATES|TAXON_ID_NOT_FOUND,iNaturalist research-grade observations,50c9509d-22c7-4a22-a47d-8c48425ef4a7,http://creativecommons.org/licenses/by-nc/4.0/legalcode,https://www.gbif.org/occurrence/6469768966,True,False
8ae2d85b62e30d404ef3cfc7,cleome_rutidosperma,Cleome rutidosperma,Sieruela rutidosperma (DC.) Roalson & J.C.Hall,GBIF,6469772457,inat:349972031,HUMAN_OBSERVATION,2026-04-13T10:04:28,2026,MY,2.760935,103.524498,212.0,Pahang,,PRESENT,CONTINENT_DERIVED_FROM_COORDINATES|COORDINATE_ROUNDED|TAXON_ID_NOT_FOUND,iNaturalist research-grade observations,50c9509d-22c7-4a22-a47d-8c48425ef4a7,http://creativecommons.org/licenses/by-nc/4.0/legalcode,https://www.gbif.org/occurrence/6469772457,True,False
9470315fc2e58c4e06abe5e5,cleome_rutidosperma,Cleome rutidosperma,Sieruela rutidosperma (DC.) Roalson & J.C.Hall,GBIF,6469885520,inat:358268367,HUMAN_OBSERVATION,2026-05-04T08:50:30,2026,MY,3.517234,102.589351,208.0,Pahang,,PRESENT,CONTINENT_DERIVED_FROM_COORDINATES|COORDINATE_ROUNDED|TAXON_ID_NOT_FOUND,iNaturalist research-grade observations,50c9509d-22c7-4a22-a47d-8c48425ef4a7,http://creativecommons.org/licenses/by-nc/4.0/legalcode,https://www.gbif.org/occurrence/6469885520,True,False
18bb307b25f185ce1bb477cb,cleome_rutidosperma,Cleome rutidosperma,Sieruela rutidosperma (DC.) Roalson & J.C.Hall,GBIF,6469916129,inat:374140501,HUMAN_OBSERVATION,2026-06-22T08:00:34,2026,MY,4.537264,101.10625,,Perak,,PRESENT,CONTINENT_DERIVED_FROM_COORDINATES|COORDINATE_ROUNDED|TAXON_ID_NOT_FOUND,iNaturalist research-grade observations,50c9509d-22c7-4a22-a47d-8c48425ef4a7,http://creativecommons.org/licenses/by-nc/4.0/legalcode,https://www.gbif.org/occurrence/6469916129,True,False
c7904c623824c924583f65e4,cleome_rutidosperma,Cleome rutidosperma,Sieruela rutidosperma (DC.) Roalson & J.C.Hall,GBIF,6470164779,inat:359139580,HUMAN_OBSERVATION,2026-05-07T10:46:06,2026,MY,3.106231,102.410758,4.0,Pahang,,PRESENT,CONTINENT_DERIVED_FROM_COORDINATES|COORDINATE_ROUNDED|TAXON_ID_NOT_FOUND,iNaturalist research-grade observations,50c9509d-22c7-4a22-a47d-8c48425ef4a7,http://creativecommons.org/licenses/by-nc/4.0/legalcode,https://www.gbif.org/occurrence/6470164779,True,False
c326ccf5eff2ba5fd4d15e3c,cleome_rutidosperma,Cleome rutidosperma,Sieruela rutidosperma (DC.) Roalson & J.C.Hall,GBIF,6470200924,inat:383873576,HUMAN_OBSERVATION,2026-07-22T11:29,2026,MY,3.020819,101.690267,,Selangor,,PRESENT,CONTINENT_DERIVED_FROM_COORDINATES|COORDINATE_ROUNDED|TAXON_ID_NOT_FOUND,iNaturalist research-grade observations,50c9509d-22c7-4a22-a47d-8c48425ef4a7,http://creativecommons.org/licenses/by/4.0/legalcode,https://www.gbif.org/occurrence/6470200924,True,False
3e163ae75a7c3f0eae94cdcd,cleome_rutidosperma,Cleome rutidosperma,Sieruela rutidosperma (DC.) Roalson & J.C.Hall,GBIF,6480130278,inat:386223192,HUMAN_OBSERVATION,2026-07-29T09:28:59,2026,MY,3.145664,101.654666,29.0,Kuala Lumpur,,PRESENT,CONTINENT_DERIVED_FROM_COORDINATES|COORDINATE_ROUNDED|TAXON_ID_NOT_FOUND,iNaturalist research-grade observations,50c9509d-22c7-4a22-a47d-8c48425ef4a7,http://creativecommons.org/licenses/by-nc/4.0/legalcode,https://www.gbif.org/occurrence/6480130278,True,False
ccb4f06d41a34986785356bd,cleome_rutidosperma,Cleome rutidosperma,Sieruela rutidosperma (DC.) Roalson & J.C.Hall,GBIF,6480334427,inat:387381745,HUMAN_OBSERVATION,2026-08-02T08:51:04,2026,MY,1.618274,103.617633,13.0,Johor,,PRESENT,CONTINENT_DERIVED_FROM_COORDINATES|COORDINATE_ROUNDED|TAXON_ID_NOT_FOUND,iNaturalist research-grade observations,50c9509d-22c7-4a22-a47d-8c48425ef4a7,http://creativecommons.org/licenses/by-nc/4.0/legalcode,https://www.gbif.org/occurrence/6480334427,True,False
2ccae4439a0fa59c43988fc0,cleome_rutidosperma,Cleome rutidosperma,Sieruela rutidosperma (DC.) Roalson & J.C.Hall,GBIF,6481295854,inat:387387905,HUMAN_OBSERVATION,2026-08-02T09:21:02,2026,MY,1.618405,103.615888,21.0,Johor,,PRESENT,CONTINENT_DERIVED_FROM_COORDINATES|COORDINATE_ROUNDED|TAXON_ID_NOT_FOUND,iNaturalist research-grade observations,50c9509d-22c7-4a22-a47d-8c48425ef4a7,http://creativecommons.org/licenses/by-nc/4.0/legalcode,https://www.gbif.org/occurrence/6481295854,True,False
1cef0a0848fc03b5ad110f7e,cleome_rutidosperma,Cleome rutidosperma,Sieruela rutidosperma (DC.) Roalson & J.C.Hall,GBIF,6498687407,inat:392968295,HUMAN_OBSERVATION,2026-08-20T07:28:59,2026,MY,1.663655,110.43161,,Sarawak,,PRESENT,CONTINENT_DERIVED_FROM_COORDINATES|COORDINATE_ROUNDED|TAXON_ID_NOT_FOUND,iNaturalist research-grade observations,50c9509d-22c7-4a22-a47d-8c48425ef4a7,http://creativecommons.org/licenses/by-nc/4.0/legalcode,https://www.gbif.org/occurrence/6498687407,True,False
4addfa3335a6f7829865a810,cleome_rutidosperma,Cleome rutidosperma,Sieruela rutidosperma (DC.) Roalson & J.C.Hall,GBIF,6498759658,inat:371608812,HUMAN_OBSERVATION,2026-04-04T15:20,2026,MY,4.580828,101.085376,61.0,Perak,,PRESENT,CONTINENT_DERIVED_FROM_COORDINATES|COORDINATE_ROUNDED|TAXON_ID_NOT_FOUND,iNaturalist research-grade observations,50c9509d-22c7-4a22-a47d-8c48425ef4a7,http://creativecommons.org/licenses/by-nc/4.0/legalcode,https://www.gbif.org/occurrence/6498759658,True,False
68772a39f9295d5c9e9e28ca,cynodon_dactylon,Cynodon dactylon,Cynodon dactylon (L.) Pers.,GBIF,2513540185,,PRESERVED_SPECIMEN,2001-03-13,2001,MY,5.51667,118.08333,,Borneo,"Sabah, Kinabatangan district, at Gomantong Caves / Forest Reserve, near Visitors Centre",PRESENT,,,15f819bd-6612-4447-854b-14d12ee1022d,http://creativecommons.org/publicdomain/zero/1.0/legalcode,https://www.gbif.org/occurrence/2513540185,True,False
5ac74c7f9ee2bebed3a64d54,cynodon_dactylon,Cynodon dactylon,Cynodon dactylon (L.) Pers.,GBIF,2513541142,,PRESERVED_SPECIMEN,2001-03-29,2001,MY,5.16667,116.0,,Borneo,"Sabah, Tenom district, East of Agricultural Research Station.",PRESENT,,,15f819bd-6612-4447-854b-14d12ee1022d,http://creativecommons.org/publicdomain/zero/1.0/legalcode,https://www.gbif.org/occurrence/2513541142,True,False
699cefcbfa5a3854fead41fa,cynodon_dactylon,Cynodon dactylon,Cynodon dactylon (L.) Pers.,GBIF,2513542392,,PRESERVED_SPECIMEN,2001-03-20,2001,MY,4.7,116.91667,,Borneo,"Sabah, Tawau district, Maliau Basin, KM 17 along road to Agathis Camp.",PRESENT,,,15f819bd-6612-4447-854b-14d12ee1022d,http://creativecommons.org/publicdomain/zero/1.0/legalcode,https://www.gbif.org/occurrence/2513542392,True,False
a9bef72b67e9fe96f6e737d1,cynodon_dactylon,Cynodon dactylon,Cynodon dactylon (L.) Pers.,GBIF,2513542619,,PRESERVED_SPECIMEN,2001-03-27,2001,MY,5.98333,116.06667,,Borneo,"Sabah, Kota Kinabalu, near Likas square",PRESENT,,,15f819bd-6612-4447-854b-14d12ee1022d,http://creativecommons.org/publicdomain/zero/1.0/legalcode,https://www.gbif.org/occurrence/2513542619,True,False
4ea8111b118e7a598370833f,cynodon_dactylon,Cynodon dactylon,Cynodon dactylon (L.) Pers.,GBIF,2513542932,,PRESERVED_SPECIMEN,,,MY,4.36667,117.86667,,Borneo,"Sabah, Tawau district, lawn near Club Table Estate.",PRESENT,,,15f819bd-6612-4447-854b-14d12ee1022d,http://creativecommons.org/publicdomain/zero/1.0/legalcode,https://www.gbif.org/occurrence/2513542932,True,False
bc3c1cf9f9a4088cbfbe487b,cynodon_dactylon,Cynodon dactylon,Cynodon dactylon (L.) Pers.,GBIF,2513543324,,PRESERVED_SPECIMEN,2001-03-13,2001,MY,5.53333,118.28333,,Borneo,"Sabah, Kinabatangan district, along road c. 12 km E of Sukau",PRESENT,,,15f819bd-6612-4447-854b-14d12ee1022d,http://creativecommons.org/publicdomain/zero/1.0/legalcode,https://www.gbif.org/occurrence/2513543324,True,False
472b65b687ff3e3b47a6c965,cynodon_dactylon,Cynodon dactylon,Cynodon dactylon (L.) Pers.,GBIF,2515223488,,PRESERVED_SPECIMEN,2006-09-25,2006,MY,3.0,101.70083,,,"Selangor, Serdang, Universiti Putra Malaysia, Museum and Nursery Turf, Faculty of Agriculture.",PRESENT,,,15f819bd-6612-4447-854b-14d12ee1022d,http://creativecommons.org/publicdomain/zero/1.0/legalcode,https://www.gbif.org/occurrence/2515223488,True,False
5b018d5b1155eb876a31963b,cynodon_dactylon,Cynodon dactylon,Cynodon dactylon (L.) Pers.,GBIF,2515361892,,PRESERVED_SPECIMEN,2006-09-25,2006,MY,4.69267,103.442,,,"Terengganu, Dungun, Tanjong Gadong, Beach benind UiTM Dungun campus.",PRESENT,,,15f819bd-6612-4447-854b-14d12ee1022d,http://creativecommons.org/publicdomain/zero/1.0/legalcode,https://www.gbif.org/occurrence/2515361892,True,False
fcfd2b590eb7c8d11c11e460,cynodon_dactylon,Cynodon dactylon,Cynodon dactylon (L.) Pers.,GBIF,2515392224,,PRESERVED_SPECIMEN,2006-09-27,2006,MY,5.7045,102.284,,,"Kelantan, Machang, Bukit Bakar, Hilltop Telekom station.",PRESENT,,,15f819bd-6612-4447-854b-14d12ee1022d,http://creativecommons.org/publicdomain/zero/1.0/legalcode,https://www.gbif.org/occurrence/2515392224,True,False
ac02613b489e06310850e3b1,cynodon_dactylon,Cynodon dactylon,Cynodon dactylon (L.) Pers.,GBIF,2517013418,,PRESERVED_SPECIMEN,2006-09-17,2006,MY,3.24444,101.76417,,,"Selangor, Gombak, Klang Gates Ridge.",PRESENT,,,15f819bd-6612-4447-854b-14d12ee1022d,http://creativecommons.org/publicdomain/zero/1.0/legalcode,https://www.gbif.org/occurrence/2517013418,True,False
4035bcbbef60db6d48308378,cynodon_dactylon,Cynodon dactylon,Cynodon dactylon (L.) Pers.,GBIF,2517076620,,PRESERVED_SPECIMEN,2010-03-05,2010,MY,6.68333,100.2,,,"Malaya. Malaysia, Kedah, Titi Tinggi, Wang Kelian, Wang Kelian roadside.",PRESENT,,,15f819bd-6612-4447-854b-14d12ee1022d,http://creativecommons.org/publicdomain/zero/1.0/legalcode,https://www.gbif.org/occurrence/2517076620,True,False
ec23b659b02cd93966319aeb,cynodon_dactylon,Cynodon dactylon,Cynodon dactylon (L.) Pers.,GBIF,2517122009,,PRESERVED_SPECIMEN,2010-03-02,2010,MY,6.3195,99.79583,,,"Malaya. Malaysia, Kedah, Langkawi,P. Langkawi, Jalan Bukit Malut.",PRESENT,,,15f819bd-6612-4447-854b-14d12ee1022d,http://creativecommons.org/publicdomain/zero/1.0/legalcode,https://www.gbif.org/occurrence/2517122009,True,False
2eb11f6b0a8215154e312a1c,cynodon_dactylon,Cynodon dactylon,Cynodon dactylon (L.) Pers.,GBIF,2517166278,,PRESERVED_SPECIMEN,2010-03-08,2010,MY,4.5,101.56667,,,"Cameron Highlands, just before Ringlets.",PRESENT,,,15f819bd-6612-4447-854b-14d12ee1022d,http://creativecommons.org/publicdomain/zero/1.0/legalcode,https://www.gbif.org/occurrence/2517166278,True,False
ea6c0b353e880ea598eb6c4e,cynodon_dactylon,Cynodon dactylon,Cynodon dactylon (L.) Pers.,GBIF,3951607906,,HUMAN_OBSERVATION,2022-06-15T02:51:04.257Z,2022,MY,2.227894,102.458318,24.0,,,PRESENT,CONTINENT_DERIVED_FROM_COORDINATES|COORDINATE_ROUNDED|COUNTRY_DERIVED_FROM_COORDINATES,,14d5676a-2c54-4f94-9023-1e8dcd822aa0,http://creativecommons.org/licenses/by/4.0/legalcode,https://www.gbif.org/occurrence/3951607906,True,True
30d31f674719f636a429d431,cynodon_dactylon,Cynodon dactylon,Cynodon dactylon (L.) Pers.,GBIF,3952428007,,HUMAN_OBSERVATION,2020-02-13T07:57:08.940Z,2020,MY,4.361203,100.844456,12.0,,,PRESENT,CONTINENT_DERIVED_FROM_COORDINATES|COORDINATE_ROUNDED|COUNTRY_DERIVED_FROM_COORDINATES,,14d5676a-2c54-4f94-9023-1e8dcd822aa0,http://creativecommons.org/licenses/by/4.0/legalcode,https://www.gbif.org/occurrence/3952428007,True,True
dcb030c501edc62125fd6757,cynodon_dactylon,Cynodon dactylon,Cynodon dactylon (L.) Pers.,GBIF,3952909145,,HUMAN_OBSERVATION,2021-08-09T07:35:06.425Z,2021,MY,4.267942,117.871162,32.0,,,PRESENT,CONTINENT_DERIVED_FROM_COORDINATES|COORDINATE_ROUNDED|COUNTRY_DERIVED_FROM_COORDINATES,,14d5676a-2c54-4f94-9023-1e8dcd822aa0,http://creativecommons.org/licenses/by/4.0/legalcode,https://www.gbif.org/occurrence/3952909145,True,True
86f5d8d95d13125c86ab86fa,cynodon_dactylon,Cynodon dactylon,Cynodon dactylon (L.) Pers.,GBIF,3953360526,,HUMAN_OBSERVATION,2020-07-06T03:40:02.065Z,2020,MY,3.149884,101.726698,8.0,,,PRESENT,CONTINENT_DERIVED_FROM_COORDINATES|COORDINATE_ROUNDED|COUNTRY_DERIVED_FROM_COORDINATES,,14d5676a-2c54-4f94-9023-1e8dcd822aa0,http://creativecommons.org/licenses/by/4.0/legalcode,https://www.gbif.org/occurrence/3953360526,True,True
d30004c2908958a047b7824a,cynodon_dactylon,Cynodon dactylon,Cynodon dactylon (L.) Pers.,GBIF,3953672785,,HUMAN_OBSERVATION,2020-11-12T10:02:06.678Z,2020,MY,1.540215,110.33022,8.0,,,PRESENT,CONTINENT_DERIVED_FROM_COORDINATES|COORDINATE_ROUNDED|COUNTRY_DERIVED_FROM_COORDINATES,,14d5676a-2c54-4f94-9023-1e8dcd822aa0,http://creativecommons.org/licenses/by/4.0/legalcode,https://www.gbif.org/occurrence/3953672785,True,True
6dc82d3259270e2351565ef3,cynodon_dactylon,Cynodon dactylon,Cynodon dactylon (L.) Pers.,GBIF,3953986323,,HUMAN_OBSERVATION,2021-11-15T07:38:17.093Z,2021,MY,5.393285,100.31737,10.0,,,PRESENT,CONTINENT_DERIVED_FROM_COORDINATES|COORDINATE_ROUNDED|COUNTRY_DERIVED_FROM_COORDINATES,,14d5676a-2c54-4f94-9023-1e8dcd822aa0,http://creativecommons.org/licenses/by/4.0/legalcode,https://www.gbif.org/occurrence/3953986323,True,True
37f2ce2b6a7edd2c06789d48,cynodon_dactylon,Cynodon dactylon,Cynodon dactylon (L.) Pers.,GBIF,3955918773,,HUMAN_OBSERVATION,2021-06-22T01:04:30.845Z,2021,MY,5.040439,118.532473,19.0,,,PRESENT,CONTINENT_DERIVED_FROM_COORDINATES|COORDINATE_ROUNDED|COUNTRY_DERIVED_FROM_COORDINATES,,14d5676a-2c54-4f94-9023-1e8dcd822aa0,http://creativecommons.org/licenses/by/4.0/legalcode,https://www.gbif.org/occurrence/3955918773,True,True
f685c7702bd256a2b8ff40f8,cynodon_dactylon,Cynodon dactylon,Cynodon dactylon (L.) Pers.,GBIF,3956797714,,HUMAN_OBSERVATION,2021-04-16T02:39:30.815Z,2021,MY,2.98447,101.707719,,,,PRESENT,CONTINENT_DERIVED_FROM_COORDINATES|COORDINATE_ROUNDED|COUNTRY_DERIVED_FROM_COORDINATES,,14d5676a-2c54-4f94-9023-1e8dcd822aa0,http://creativecommons.org/licenses/by/4.0/legalcode,https://www.gbif.org/occurrence/3956797714,True,False
ec7854655975fd666ae04248,cynodon_dactylon,Cynodon dactylon,Cynodon dactylon (L.) Pers.,GBIF,3956914340,,HUMAN_OBSERVATION,2022-06-28T13:18:06.826Z,2022,MY,2.228002,102.458511,12.0,,,PRESENT,CONTINENT_DERIVED_FROM_COORDINATES|COORDINATE_ROUNDED|COUNTRY_DERIVED_FROM_COORDINATES,,14d5676a-2c54-4f94-9023-1e8dcd822aa0,http://creativecommons.org/licenses/by/4.0/legalcode,https://www.gbif.org/occurrence/3956914340,True,True
5877ce00e5013f3ac55dc709,cynodon_dactylon,Cynodon dactylon,Cynodon dactylon (L.) Pers.,GBIF,3957117101,,HUMAN_OBSERVATION,2020-06-17T04:21:07.464Z,2020,MY,2.916237,101.631645,12.0,,,PRESENT,CONTINENT_DERIVED_FROM_COORDINATES|COORDINATE_ROUNDED|COUNTRY_DERIVED_FROM_COORDINATES,,14d5676a-2c54-4f94-9023-1e8dcd822aa0,http://creativecommons.org/licenses/by/4.0/legalcode,https://www.gbif.org/occurrence/3957117101,True,True
c4ac6d53502e9b4b2690c33f,cynodon_dactylon,Cynodon dactylon,Cynodon dactylon (L.) Pers.,GBIF,3958250037,,HUMAN_OBSERVATION,2021-12-22T10:06:17.227Z,2021,MY,2.227646,102.458336,18.0,,,PRESENT,CONTINENT_DERIVED_FROM_COORDINATES|COORDINATE_ROUNDED|COUNTRY_DERIVED_FROM_COORDINATES,,14d5676a-2c54-4f94-9023-1e8dcd822aa0,http://creativecommons.org/licenses/by/4.0/legalcode,https://www.gbif.org/occurrence/3958250037,True,True
bc5100ca34cd3a32d0cd68e2,cynodon_dactylon,Cynodon dactylon,Cynodon dactylon (L.) Pers.,GBIF,3958720650,,HUMAN_OBSERVATION,2021-12-22T10:04:31.497Z,2021,MY,2.227712,102.458275,7.0,,,PRESENT,CONTINENT_DERIVED_FROM_COORDINATES|COORDINATE_ROUNDED|COUNTRY_DERIVED_FROM_COORDINATES,,14d5676a-2c54-4f94-9023-1e8dcd822aa0,http://creativecommons.org/licenses/by/4.0/legalcode,https://www.gbif.org/occurrence/3958720650,True,True
1b3e07dffd093da7c044c30c,cynodon_dactylon,Cynodon dactylon,Cynodon dactylon (L.) Pers.,GBIF,3958720651,,HUMAN_OBSERVATION,2021-12-22T10:05:58.899Z,2021,MY,2.227613,102.457343,8.0,,,PRESENT,CONTINENT_DERIVED_FROM_COORDINATES|COORDINATE_ROUNDED|COUNTRY_DERIVED_FROM_COORDINATES,,14d5676a-2c54-4f94-9023-1e8dcd822aa0,http://creativecommons.org/licenses/by/4.0/legalcode,https://www.gbif.org/occurrence/3958720651,True,True
4243faa6a4a3e71130d5e911,cynodon_dactylon,Cynodon dactylon,Cynodon dactylon (L.) Pers.,GBIF,3959021208,,HUMAN_OBSERVATION,2022-06-24T10:30:06.454Z,2022,MY,2.228047,102.458443,6.0,,,PRESENT,CONTINENT_DERIVED_FROM_COORDINATES|COORDINATE_ROUNDED|COUNTRY_DERIVED_FROM_COORDINATES,,14d5676a-2c54-4f94-9023-1e8dcd822aa0,http://creativecommons.org/licenses/by/4.0/legalcode,https://www.gbif.org/occurrence/3959021208,True,True
d9674f1ea6597a9750078557,cynodon_dactylon,Cynodon dactylon,Cynodon dactylon (L.) Pers.,GBIF,3998172751,,HUMAN_OBSERVATION,2022-06-15T02:46:23.228Z,2022,MY,2.227654,102.45721,60.0,,,PRESENT,CONTINENT_DERIVED_FROM_COORDINATES|COORDINATE_ROUNDED|COUNTRY_DERIVED_FROM_COORDINATES,,14d5676a-2c54-4f94-9023-1e8dcd822aa0,http://creativecommons.org/licenses/by/4.0/legalcode,https://www.gbif.org/occurrence/3998172751,True,True
aff6a9bd5b7a663b1706eae5,cynodon_dactylon,Cynodon dactylon,Cynodon dactylon (L.) Pers.,GBIF,4121126607,inat:157899630,HUMAN_OBSERVATION,2023-04-30T10:03:59,2023,MY,2.471314,102.226707,20.0,Negeri Sembilan,,PRESENT,CONTINENT_DERIVED_FROM_COORDINATES|COORDINATE_ROUNDED|TAXON_ID_NOT_FOUND,iNaturalist research-grade observations,50c9509d-22c7-4a22-a47d-8c48425ef4a7,http://creativecommons.org/licenses/by-nc/4.0/legalcode,https://www.gbif.org/occurrence/4121126607,True,True
93e354fd50c030627cfd9a4c,cynodon_dactylon,Cynodon dactylon,Cynodon dactylon (L.) Pers.,GBIF,4607966273,,PRESERVED_SPECIMEN,2001-03-13T00:00,2001,MY,5.516667,118.083333,,,District: Kinabatangan; At Gomantong Caves/Forest Reserve.,PRESENT,CONTINENT_DERIVED_FROM_COORDINATES|COORDINATE_ROUNDED|GEODETIC_DATUM_ASSUMED_WGS84|INSTITUTION_COLLECTION_MISMATCH|INSTITUTION_MATCH_FUZZY,,cd6e21c8-9e8a-493a-8a76-fbf7862069e5,http://creativecommons.org/licenses/by/4.0/legalcode,https://www.gbif.org/occurrence/4607966273,True,False
a7cea9f20f4aa0b76a20c105,cynodon_dactylon,Cynodon dactylon,Cynodon dactylon (L.) Pers.,GBIF,4608044255,,PRESERVED_SPECIMEN,2001-03-20T00:00,2001,MY,4.7,116.916667,,,"District: Tawau; Maliau Basin, KM 17 along road to Agathis Camp.",PRESENT,CONTINENT_DERIVED_FROM_COORDINATES|COORDINATE_ROUNDED|GEODETIC_DATUM_ASSUMED_WGS84|INSTITUTION_COLLECTION_MISMATCH|INSTITUTION_MATCH_FUZZY,,cd6e21c8-9e8a-493a-8a76-fbf7862069e5,http://creativecommons.org/licenses/by/4.0/legalcode,https://www.gbif.org/occurrence/4608044255,True,False
0de8b2849cc8546640cd3c15,cyperus_rotundus,Cyperus rotundus,Cyperus rotundus L.,GBIF,2513679650,,PRESERVED_SPECIMEN,1929-01-01/1929-12-31,1929,MY,2.01667,112.93333,,Borneo,"Sarawak, Kapit, Upper Rejang.",PRESENT,,,15f819bd-6612-4447-854b-14d12ee1022d,http://creativecommons.org/publicdomain/zero/1.0/legalcode,https://www.gbif.org/occurrence/2513679650,True,False
4de869cd953e15838dabaf50,cyperus_rotundus,Cyperus rotundus,Cyperus rotundus L.,GBIF,2515526534,,PRESERVED_SPECIMEN,1987-01-29,1987,MY,3.03333,101.51667,,,District of Petaling,PRESENT,,,15f819bd-6612-4447-854b-14d12ee1022d,http://creativecommons.org/publicdomain/zero/1.0/legalcode,https://www.gbif.org/occurrence/2515526534,True,False
829d42f72f6b24b6ce35c083,cyperus_rotundus,Cyperus rotundus,Cyperus rotundus L.,GBIF,3898401330,,PRESERVED_SPECIMEN,1987-01-29,1987,MY,3.08,101.5,,Selangor,"Dist. of Petaling, Shah Alam.",PRESENT,GEODETIC_DATUM_ASSUMED_WGS84|MODIFIED_DATE_INVALID,Vascular plants,d415c253-4d61-4459-9d25-4015b9084fb0,http://creativecommons.org/publicdomain/zero/1.0/legalcode,https://www.gbif.org/occurrence/3898401330,True,False
64c1400cbfb26e739914fb2e,cyperus_rotundus,Cyperus rotundus,Cyperus rotundus L.,GBIF,4872343164,inat:23943928,HUMAN_OBSERVATION,2019-04-27T14:15,2019,MY,3.101323,101.616997,,Selangor,,PRESENT,CONTINENT_DERIVED_FROM_COORDINATES|COORDINATE_ROUNDED|TAXON_ID_NOT_FOUND,iNaturalist research-grade observations,50c9509d-22c7-4a22-a47d-8c48425ef4a7,http://creativecommons.org/licenses/by-nc/4.0/legalcode,https://www.gbif.org/occurrence/4872343164,True,False
470b7986377add2e4c3487fb,cyperus_rotundus,Cyperus rotundus,Cyperus rotundus L.,GBIF,4875591615,inat:74048675,HUMAN_OBSERVATION,2021-04-15T18:36:32,2021,MY,4.572154,101.032065,212.0,Perak,,PRESENT,CONTINENT_DERIVED_FROM_COORDINATES|COORDINATE_ROUNDED|TAXON_ID_NOT_FOUND,iNaturalist research-grade observations,50c9509d-22c7-4a22-a47d-8c48425ef4a7,http://creativecommons.org/licenses/by-nc/4.0/legalcode,https://www.gbif.org/occurrence/4875591615,True,True
0740e53bb33a78c96f62c6a0,cyperus_rotundus,Cyperus rotundus,Cyperus rotundus L.,GBIF,5103607984,,PRESERVED_SPECIMEN,1987-01-29,1987,MY,3.083333,101.5,,Selangor,"Shah Alam, Petaling District",PRESENT,CONTINENT_DERIVED_FROM_COORDINATES|COORDINATE_ROUNDED|INSTITUTION_COLLECTION_MISMATCH|INSTITUTION_MATCH_FUZZY,,1a9d08bb-9e2c-4540-8f7f-3205846b6ddc,http://creativecommons.org/publicdomain/zero/1.0/legalcode,https://www.gbif.org/occurrence/5103607984,True,False
53fea65b9399206292d325f0,cyperus_rotundus,Cyperus rotundus,Cyperus rotundus L.,GBIF,6186174959,,PRESERVED_SPECIMEN,1987-01-29,1987,MY,3.03333,101.51667,,,District of Petaling,PRESENT,,,15f819bd-6612-4447-854b-14d12ee1022d,http://creativecommons.org/publicdomain/zero/1.0/legalcode,https://www.gbif.org/occurrence/6186174959,True,False
1247665301e459ffd8b72982,cyperus_rotundus,Cyperus rotundus,Cyperus rotundus,iNaturalist,196903518,inat:196903518,HUMAN_OBSERVATION,2024-01-17 17:25:29,2024,MY,2.6977527778,101.9064583333,,,"Central Park, 70300 Seremban, Negeri Sembilan, Malaysia",PRESENT,,iNaturalist research-grade observations (direct API),,cc-by-sa,https://www.inaturalist.org/observations/196903518,True,False
8d4570a36e168bfd4223b71f,cyperus_rotundus,Cyperus rotundus,Cyperus rotundus,iNaturalist,217623406,inat:217623406,HUMAN_OBSERVATION,2024-05-23 10:56:31,2024,MY,2.6560833333,102.4873216667,9.0,,"Gemas, Negeri Sembilan, Malaysia",PRESENT,,iNaturalist research-grade observations (direct API),,,https://www.inaturalist.org/observations/217623406,True,True
7fd574cc489a521fed7fc7d6,cyperus_rotundus,Cyperus rotundus,Cyperus rotundus,iNaturalist,217856755,inat:217856755,HUMAN_OBSERVATION,2024-05-24 17:05:26+08:00,2024,MY,4.5860783333,114.081725,6.0,,"婆罗洲, Kuala Belait, 馬來奕, BN",PRESENT,,iNaturalist research-grade observations (direct API),,,https://www.inaturalist.org/observations/217856755,True,True
b9cbac7a36baf94504469cb1,cyperus_rotundus,Cyperus rotundus,Cyperus rotundus,iNaturalist,75741716,inat:75741716,HUMAN_OBSERVATION,2021-04-30 09:54:43,2021,MY,1.5538968019,103.6361565068,212.0,,"80990 Johor Bahru, Johor, Malaysia",PRESENT,,iNaturalist research-grade observations (direct API),,,https://www.inaturalist.org/observations/75741716,True,True
63aafa9e01ba4ea8a28d02fe,eichhornia_crassipes,Eichhornia crassipes,Pontederia crassipes Mart.,GBIF,1831090763,inat:10018819,HUMAN_OBSERVATION,2018-02-27T19:26:47,2018,MY,5.354425,100.297565,65.0,Pulau Pinang,,PRESENT,CONTINENT_DERIVED_FROM_COORDINATES|COORDINATE_ROUNDED|TAXON_ID_NOT_FOUND,iNaturalist research-grade observations,50c9509d-22c7-4a22-a47d-8c48425ef4a7,http://creativecommons.org/licenses/by-nc/4.0/legalcode,https://www.gbif.org/occurrence/1831090763,True,True
45cdede8b60d31e62c10d44a,eichhornia_crassipes,Eichhornia crassipes,Pontederia crassipes Mart.,GBIF,1839272890,inat:11472350,HUMAN_OBSERVATION,2018-04-27T09:42,2018,MY,3.124312,101.653845,,Kuala Lumpur,,PRESENT,CONTINENT_DERIVED_FROM_COORDINATES|COORDINATE_ROUNDED|TAXON_ID_NOT_FOUND,iNaturalist research-grade observations,50c9509d-22c7-4a22-a47d-8c48425ef4a7,http://creativecommons.org/licenses/by-nc/4.0/legalcode,https://www.gbif.org/occurrence/1839272890,True,False
02500ca6e25061aa1016b3fd,eichhornia_crassipes,Eichhornia crassipes,Pontederia crassipes Mart.,GBIF,1850891722,inat:10182103,HUMAN_OBSERVATION,2018-03-11T18:10:56,2018,MY,5.353335,100.299515,,Pulau Pinang,,PRESENT,CONTINENT_DERIVED_FROM_COORDINATES|COORDINATE_ROUNDED|TAXON_ID_NOT_FOUND,iNaturalist research-grade observations,50c9509d-22c7-4a22-a47d-8c48425ef4a7,http://creativecommons.org/licenses/by-nc/4.0/legalcode,https://www.gbif.org/occurrence/1850891722,True,False
d67dd966ed2bd1e20d72ab04,eichhornia_crassipes,Eichhornia crassipes,Pontederia crassipes Mart.,GBIF,1850899235,inat:11474783,HUMAN_OBSERVATION,2018-04-27T11:04:54,2018,MY,3.03679,101.725697,22.0,Kuala Lumpur,,PRESENT,CONTINENT_DERIVED_FROM_COORDINATES|COORDINATE_ROUNDED|TAXON_ID_NOT_FOUND,iNaturalist research-grade observations,50c9509d-22c7-4a22-a47d-8c48425ef4a7,http://creativecommons.org/licenses/by-nc/4.0/legalcode,https://www.gbif.org/occurrence/1850899235,True,True
3dec4c63b9a47f6ccb939e10,eichhornia_crassipes,Eichhornia crassipes,Pontederia crassipes Mart.,GBIF,1850900408,inat:11886643,HUMAN_OBSERVATION,2018-04-30T09:24,2018,MY,3.12584,101.659088,,Kuala Lumpur,,PRESENT,CONTINENT_DERIVED_FROM_COORDINATES|COORDINATE_ROUNDED|TAXON_ID_NOT_FOUND,iNaturalist research-grade observations,50c9509d-22c7-4a22-a47d-8c48425ef4a7,http://creativecommons.org/licenses/by-nc/4.0/legalcode,https://www.gbif.org/occurrence/1850900408,True,False
ee28182d24cedd3e8bf18d0f,eichhornia_crassipes,Eichhornia crassipes,Pontederia crassipes Mart.,GBIF,1978839023,inat:19176670,HUMAN_OBSERVATION,2018-12-12T17:17,2018,MY,5.452378,118.251092,,Sabah,,PRESENT,CONTINENT_DERIVED_FROM_COORDINATES|COORDINATE_ROUNDED|TAXON_ID_NOT_FOUND,iNaturalist research-grade observations,50c9509d-22c7-4a22-a47d-8c48425ef4a7,http://creativecommons.org/licenses/by-nc/4.0/legalcode,https://www.gbif.org/occurrence/1978839023,True,False
60ce3c4833998a65f1b997e0,eichhornia_crassipes,Eichhornia crassipes,Pontederia crassipes Mart.,GBIF,1978839062,inat:19176658,HUMAN_OBSERVATION,2018-12-12T16:15,2018,MY,5.471961,118.214989,,Sabah,,PRESENT,CONTINENT_DERIVED_FROM_COORDINATES|COORDINATE_ROUNDED|TAXON_ID_NOT_FOUND,iNaturalist research-grade observations,50c9509d-22c7-4a22-a47d-8c48425ef4a7,http://creativecommons.org/licenses/by-nc/4.0/legalcode,https://www.gbif.org/occurrence/1978839062,True,False
53bb2a17278cd5a6e2c03370,eichhornia_crassipes,Eichhornia crassipes,Pontederia crassipes Mart.,GBIF,2005384042,inat:20493015,HUMAN_OBSERVATION,2018-08-11T22:17:41,2018,MY,2.970575,101.870012,5.0,Selangor,,PRESENT,CONTINENT_DERIVED_FROM_COORDINATES|COORDINATE_ROUNDED|TAXON_ID_NOT_FOUND,iNaturalist research-grade observations,50c9509d-22c7-4a22-a47d-8c48425ef4a7,http://creativecommons.org/licenses/by-nc/4.0/legalcode,https://www.gbif.org/occurrence/2005384042,True,True
879d44b038982989a2cc3324,eichhornia_crassipes,Eichhornia crassipes,Pontederia crassipes Mart.,GBIF,2013689110,inat:20107390,HUMAN_OBSERVATION,2019-02-05T15:19:24,2019,MY,5.130917,100.49293,17.0,Perak,,PRESENT,CONTINENT_DERIVED_FROM_COORDINATES|COORDINATE_ROUNDED|TAXON_ID_NOT_FOUND,iNaturalist research-grade observations,50c9509d-22c7-4a22-a47d-8c48425ef4a7,http://creativecommons.org/licenses/by-nc/4.0/legalcode,https://www.gbif.org/occurrence/2013689110,True,True
66f21480f236becc8efa699c,eichhornia_crassipes,Eichhornia crassipes,Pontederia crassipes Mart.,GBIF,2242821079,inat:24491412,HUMAN_OBSERVATION,2019-04-29T18:37,2019,MY,3.12545,101.667637,,Kuala Lumpur,,PRESENT,CONTINENT_DERIVED_FROM_COORDINATES|COORDINATE_ROUNDED|TAXON_ID_NOT_FOUND,iNaturalist research-grade observations,50c9509d-22c7-4a22-a47d-8c48425ef4a7,http://creativecommons.org/licenses/by-nc/4.0/legalcode,https://www.gbif.org/occurrence/2242821079,True,False
52ef8dfcaf52d0f24357dbdd,eichhornia_crassipes,Eichhornia crassipes,Pontederia crassipes Mart.,GBIF,2265791466,inat:23878849,HUMAN_OBSERVATION,2019-04-29T17:10:47,2019,MY,5.353428,100.29991,8.0,Pulau Pinang,,PRESENT,CONTINENT_DERIVED_FROM_COORDINATES|COORDINATE_ROUNDED|TAXON_ID_NOT_FOUND,iNaturalist research-grade observations,50c9509d-22c7-4a22-a47d-8c48425ef4a7,http://creativecommons.org/licenses/by-nc/4.0/legalcode,https://www.gbif.org/occurrence/2265791466,True,True
cdfa3ef54c7ad1e16d72b39e,eichhornia_crassipes,Eichhornia crassipes,Pontederia crassipes Mart.,GBIF,2265791480,inat:23879590,HUMAN_OBSERVATION,2019-04-29T17:19:47,2019,MY,5.353496,100.300064,,Pulau Pinang,,PRESENT,CONTINENT_DERIVED_FROM_COORDINATES|COORDINATE_ROUNDED|TAXON_ID_NOT_FOUND,iNaturalist research-grade observations,50c9509d-22c7-4a22-a47d-8c48425ef4a7,http://creativecommons.org/licenses/by-nc/4.0/legalcode,https://www.gbif.org/occurrence/2265791480,True,False
80856d3e8ddc7c7fb0984b01,eichhornia_crassipes,Eichhornia crassipes,Pontederia crassipes Mart.,GBIF,2265793982,inat:24357322,HUMAN_OBSERVATION,2019-04-29T18:36,2019,MY,3.125447,101.667636,,Kuala Lumpur,,PRESENT,CONTINENT_DERIVED_FROM_COORDINATES|COORDINATE_ROUNDED|TAXON_ID_NOT_FOUND,iNaturalist research-grade observations,50c9509d-22c7-4a22-a47d-8c48425ef4a7,http://creativecommons.org/licenses/by-nc/4.0/legalcode,https://www.gbif.org/occurrence/2265793982,True,False
5e016938ccf4312684d68275,eichhornia_crassipes,Eichhornia crassipes,Pontederia crassipes Mart.,GBIF,2366018468,inat:25744697,HUMAN_OBSERVATION,2019-05-23T00:47,2019,MY,5.974118,116.105865,,Sabah,,PRESENT,CONTINENT_DERIVED_FROM_COORDINATES|COORDINATE_ROUNDED|TAXON_ID_NOT_FOUND,iNaturalist research-grade observations,50c9509d-22c7-4a22-a47d-8c48425ef4a7,http://creativecommons.org/licenses/by-nc/4.0/legalcode,https://www.gbif.org/occurrence/2366018468,True,False
924d45fadace3dba3cf70f48,eichhornia_crassipes,Eichhornia crassipes,Pontederia crassipes Mart.,GBIF,2444978509,inat:34569559,HUMAN_OBSERVATION,2019-03-02,2019,MY,3.146056,101.684442,10.0,Kuala Lumpur,,PRESENT,CONTINENT_DERIVED_FROM_COORDINATES|COORDINATE_ROUNDED|TAXON_ID_NOT_FOUND,iNaturalist research-grade observations,50c9509d-22c7-4a22-a47d-8c48425ef4a7,http://creativecommons.org/licenses/by-nc/4.0/legalcode,https://www.gbif.org/occurrence/2444978509,True,True
79a48cad53e34e91cf7fd84f,eichhornia_crassipes,Eichhornia crassipes,Pontederia crassipes Mart.,GBIF,2451690506,inat:35187406,HUMAN_OBSERVATION,2019-10-27T16:05,2019,MY,5.496013,118.282418,211.0,Sabah,,PRESENT,CONTINENT_DERIVED_FROM_COORDINATES|COORDINATE_ROUNDED|TAXON_ID_NOT_FOUND,iNaturalist research-grade observations,50c9509d-22c7-4a22-a47d-8c48425ef4a7,http://creativecommons.org/licenses/by-nc/4.0/legalcode,https://www.gbif.org/occurrence/2451690506,True,True
44d479b16b9c1958d400e2dd,eichhornia_crassipes,Eichhornia crassipes,Pontederia crassipes Mart.,GBIF,2518089700,inat:36115866,HUMAN_OBSERVATION,2019-11-26T16:27:54,2019,MY,5.356255,100.300896,,Pulau Pinang,,PRESENT,CONTINENT_DERIVED_FROM_COORDINATES|COORDINATE_ROUNDED|TAXON_ID_NOT_FOUND,iNaturalist research-grade observations,50c9509d-22c7-4a22-a47d-8c48425ef4a7,http://creativecommons.org/licenses/by-nc/4.0/legalcode,https://www.gbif.org/occurrence/2518089700,True,False
d63ae60b780b0ad5d5817732,eichhornia_crassipes,Eichhornia crassipes,Pontederia crassipes Mart.,GBIF,2550001649,inat:37264136,HUMAN_OBSERVATION,2016-11-03T12:26:12,2016,MY,5.458676,100.292111,58.0,Pulau Pinang,,PRESENT,CONTINENT_DERIVED_FROM_COORDINATES|COORDINATE_ROUNDED|TAXON_ID_NOT_FOUND,iNaturalist research-grade observations,50c9509d-22c7-4a22-a47d-8c48425ef4a7,http://creativecommons.org/licenses/by-nc/4.0/legalcode,https://www.gbif.org/occurrence/2550001649,True,True
2f454b14070c18019bf14b4e,eichhornia_crassipes,Eichhornia crassipes,Pontederia crassipes Mart.,GBIF,2550132389,inat:37376131,HUMAN_OBSERVATION,2014-06-12T23:02,2014,MY,5.504916,118.265404,31.0,Sabah,,PRESENT,CONTINENT_DERIVED_FROM_COORDINATES|COORDINATE_ROUNDED|TAXON_ID_NOT_FOUND,iNaturalist research-grade observations,50c9509d-22c7-4a22-a47d-8c48425ef4a7,http://creativecommons.org/licenses/by-nc/4.0/legalcode,https://www.gbif.org/occurrence/2550132389,True,True
49430839bd51ea3dc445f9bb,eichhornia_crassipes,Eichhornia crassipes,Pontederia crassipes Mart.,GBIF,2641394341,inat:48999953,HUMAN_OBSERVATION,2009-06-01T10:18,2009,MY,3.104893,101.571703,287.0,Selangor,,PRESENT,CONTINENT_DERIVED_FROM_COORDINATES|COORDINATE_ROUNDED|TAXON_ID_NOT_FOUND,iNaturalist research-grade observations,50c9509d-22c7-4a22-a47d-8c48425ef4a7,http://creativecommons.org/licenses/by/4.0/legalcode,https://www.gbif.org/occurrence/2641394341,True,True
684967d6342d17c02f8318a5,eichhornia_crassipes,Eichhornia crassipes,Pontederia crassipes Mart.,GBIF,2823132895,inat:53559860,HUMAN_OBSERVATION,2020-07-19T09:22:33,2020,MY,1.857856,102.967495,66.0,Johor,,PRESENT,CONTINENT_DERIVED_FROM_COORDINATES|COORDINATE_ROUNDED|TAXON_ID_NOT_FOUND,iNaturalist research-grade observations,50c9509d-22c7-4a22-a47d-8c48425ef4a7,http://creativecommons.org/licenses/by-nc/4.0/legalcode,https://www.gbif.org/occurrence/2823132895,True,True
0457d3f1b0cd7936a6ebf95e,eichhornia_crassipes,Eichhornia crassipes,Pontederia crassipes Mart.,GBIF,2832626328,,HUMAN_OBSERVATION,2014-07-03,2014,MY,5.900593,117.937431,100.0,Sabah,Sabah,PRESENT,,,8a863029-f435-446a-821e-275f4f641165,http://creativecommons.org/licenses/by-nc/4.0/legalcode,https://www.gbif.org/occurrence/2832626328,True,True
4250e85d3fe14ebd57ccecfe,eichhornia_crassipes,Eichhornia crassipes,Pontederia crassipes Mart.,GBIF,2856524502,inat:55116145,HUMAN_OBSERVATION,2020-08-02T11:46,2020,MY,3.720032,101.064967,239.0,Selangor,,PRESENT,CONTINENT_DERIVED_FROM_COORDINATES|COORDINATE_ROUNDED|TAXON_ID_NOT_FOUND,iNaturalist research-grade observations,50c9509d-22c7-4a22-a47d-8c48425ef4a7,http://creativecommons.org/licenses/by-nc/4.0/legalcode,https://www.gbif.org/occurrence/2856524502,True,True
69861eab0bf6e24250162d6f,eichhornia_crassipes,Eichhornia crassipes,Pontederia crassipes Mart.,GBIF,3018125215,inat:67666456,HUMAN_OBSERVATION,2021-01-04T15:29Z,2021,MY,1.47942,103.735919,518.0,Johor,,PRESENT,CONTINENT_DERIVED_FROM_COORDINATES|COORDINATE_ROUNDED|TAXON_ID_NOT_FOUND,iNaturalist research-grade observations,50c9509d-22c7-4a22-a47d-8c48425ef4a7,http://creativecommons.org/licenses/by-nc/4.0/legalcode,https://www.gbif.org/occurrence/3018125215,True,True
e203edf8d335671365fbe88a,eichhornia_crassipes,Eichhornia crassipes,Pontederia crassipes Mart.,GBIF,3067847631,inat:71778673,HUMAN_OBSERVATION,2021-03-22T13:31:16,2021,MY,5.353844,100.299732,4.0,Pulau Pinang,,PRESENT,CONTINENT_DERIVED_FROM_COORDINATES|COORDINATE_ROUNDED|TAXON_ID_NOT_FOUND,iNaturalist research-grade observations,50c9509d-22c7-4a22-a47d-8c48425ef4a7,http://creativecommons.org/licenses/by-nc/4.0/legalcode,https://www.gbif.org/occurrence/3067847631,True,True
fe9a1dad1cd14dee2b5c7043,eichhornia_crassipes,Eichhornia crassipes,Pontederia crassipes Mart.,GBIF,3067913359,inat:72011586,HUMAN_OBSERVATION,2021-03-25T18:56:29,2021,MY,5.35435,100.298471,15.0,Pulau Pinang,,PRESENT,CONTINENT_DERIVED_FROM_COORDINATES|COORDINATE_ROUNDED|TAXON_ID_NOT_FOUND,iNaturalist research-grade observations,50c9509d-22c7-4a22-a47d-8c48425ef4a7,http://creativecommons.org/licenses/by-nc/4.0/legalcode,https://www.gbif.org/occurrence/3067913359,True,True
d32985b049be0e236c3f01ef,eichhornia_crassipes,Eichhornia crassipes,Pontederia crassipes Mart.,GBIF,3097124678,inat:74918870,HUMAN_OBSERVATION,2021-04-23T15:32:26,2021,MY,3.081811,101.499766,28.0,Selangor,,PRESENT,CONTINENT_DERIVED_FROM_COORDINATES|COORDINATE_ROUNDED|TAXON_ID_NOT_FOUND,iNaturalist research-grade observations,50c9509d-22c7-4a22-a47d-8c48425ef4a7,http://creativecommons.org/licenses/by-nc/4.0/legalcode,https://www.gbif.org/occurrence/3097124678,True,True
83653a15ac644da6e01b6e69,eichhornia_crassipes,Eichhornia crassipes,Pontederia crassipes Mart.,GBIF,3112359054,inat:76204445,HUMAN_OBSERVATION,2021-05-01T16:36:58,2021,MY,1.564178,110.350333,5.0,Sarawak,,PRESENT,CONTINENT_DERIVED_FROM_COORDINATES|COORDINATE_ROUNDED|TAXON_ID_NOT_FOUND,iNaturalist research-grade observations,50c9509d-22c7-4a22-a47d-8c48425ef4a7,http://creativecommons.org/licenses/by-nc/4.0/legalcode,https://www.gbif.org/occurrence/3112359054,True,True
05be300364e519924a674aa2,eichhornia_crassipes,Eichhornia crassipes,Pontederia crassipes Mart.,GBIF,3112659838,inat:76876390,HUMAN_OBSERVATION,2021-05-03T16:23:29,2021,MY,1.55469,103.637161,50.0,Johor,,PRESENT,CONTINENT_DERIVED_FROM_COORDINATES|COORDINATE_ROUNDED|TAXON_ID_NOT_FOUND,iNaturalist research-grade observations,50c9509d-22c7-4a22-a47d-8c48425ef4a7,http://creativecommons.org/licenses/by-nc/4.0/legalcode,https://www.gbif.org/occurrence/3112659838,True,True
0e172bdc877470b870838241,eichhornia_crassipes,Eichhornia crassipes,Pontederia crassipes Mart.,GBIF,3118267493,inat:77532777,HUMAN_OBSERVATION,2021-05-06T08:23:17,2021,MY,1.556455,103.636452,400.0,Johor,,PRESENT,CONTINENT_DERIVED_FROM_COORDINATES|COORDINATE_ROUNDED|TAXON_ID_NOT_FOUND,iNaturalist research-grade observations,50c9509d-22c7-4a22-a47d-8c48425ef4a7,http://creativecommons.org/licenses/by-nc/4.0/legalcode,https://www.gbif.org/occurrence/3118267493,True,True
dcd01d2b44c7619ee8a30ae3,eichhornia_crassipes,Eichhornia crassipes,Pontederia crassipes Mart.,GBIF,3118357467,inat:73513441,HUMAN_OBSERVATION,2021-03-27T08:45Z,2021,MY,5.354403,100.299328,45.0,Pulau Pinang,,PRESENT,CONTINENT_DERIVED_FROM_COORDINATES|COORDINATE_ROUNDED|TAXON_ID_NOT_FOUND,iNaturalist research-grade observations,50c9509d-22c7-4a22-a47d-8c48425ef4a7,http://creativecommons.org/licenses/by-nc/4.0/legalcode,https://www.gbif.org/occurrence/3118357467,True,True
dea2fb8b5c3996fca7c7b4a0,eichhornia_crassipes,Eichhornia crassipes,Pontederia crassipes Mart.,GBIF,3344115825,inat:92449714,HUMAN_OBSERVATION,2021-08-25T18:41:24,2021,MY,3.148777,101.611159,4.0,Kuala Lumpur,,PRESENT,CONTINENT_DERIVED_FROM_COORDINATES|COORDINATE_ROUNDED|TAXON_ID_NOT_FOUND,iNaturalist research-grade observations,50c9509d-22c7-4a22-a47d-8c48425ef4a7,http://creativecommons.org/licenses/by-nc/4.0/legalcode,https://www.gbif.org/occurrence/3344115825,True,True
267e0cef0548f8efca161489,eichhornia_crassipes,Eichhornia crassipes,Pontederia crassipes Mart.,GBIF,3384898183,inat:96979883,HUMAN_OBSERVATION,2021-10-02T18:56:25,2021,MY,3.10044,101.408318,,Selangor,,PRESENT,CONTINENT_DERIVED_FROM_COORDINATES|COORDINATE_ROUNDED|TAXON_ID_NOT_FOUND,iNaturalist research-grade observations,50c9509d-22c7-4a22-a47d-8c48425ef4a7,http://creativecommons.org/licenses/by-nc/4.0/legalcode,https://www.gbif.org/occurrence/3384898183,True,False
543776baf280805a79b59596,eichhornia_crassipes,Eichhornia crassipes,Pontederia crassipes Mart.,GBIF,3384908560,inat:97429116,HUMAN_OBSERVATION,2021-10-07T15:57:23,2021,MY,1.552839,103.64052,251.0,Johor,,PRESENT,CONTINENT_DERIVED_FROM_COORDINATES|COORDINATE_ROUNDED|TAXON_ID_NOT_FOUND,iNaturalist research-grade observations,50c9509d-22c7-4a22-a47d-8c48425ef4a7,http://creativecommons.org/licenses/by-nc/4.0/legalcode,https://www.gbif.org/occurrence/3384908560,True,True
59f3d88fed170cc89e50ba2d,eichhornia_crassipes,Eichhornia crassipes,Pontederia crassipes Mart.,GBIF,3407971279,inat:100242533,HUMAN_OBSERVATION,2021-11-04T11:43,2021,MY,4.331294,101.137287,195.0,Perak,,PRESENT,CONTINENT_DERIVED_FROM_COORDINATES|COORDINATE_ROUNDED|TAXON_ID_NOT_FOUND,iNaturalist research-grade observations,50c9509d-22c7-4a22-a47d-8c48425ef4a7,http://creativecommons.org/licenses/by-nc/4.0/legalcode,https://www.gbif.org/occurrence/3407971279,True,True
46b2f13880485cdc789c4010,eichhornia_crassipes,Eichhornia crassipes,Pontederia crassipes Mart.,GBIF,3499478198,inat:106793060,HUMAN_OBSERVATION,2022-02-15T17:17:17,2022,MY,5.923631,102.249738,40.0,Kelantan,,PRESENT,CONTINENT_DERIVED_FROM_COORDINATES|COORDINATE_ROUNDED|TAXON_ID_NOT_FOUND,iNaturalist research-grade observations,50c9509d-22c7-4a22-a47d-8c48425ef4a7,http://creativecommons.org/licenses/by-nc/4.0/legalcode,https://www.gbif.org/occurrence/3499478198,True,True
53c3e3e0c2f5d659c5c550a1,eichhornia_crassipes,Eichhornia crassipes,Pontederia crassipes Mart.,GBIF,3712555645,inat:107989814,HUMAN_OBSERVATION,2022-03-06T08:30:44,2022,MY,3.825866,103.347298,16.0,Pahang,,PRESENT,CONTINENT_DERIVED_FROM_COORDINATES|COORDINATE_ROUNDED|TAXON_ID_NOT_FOUND,iNaturalist research-grade observations,50c9509d-22c7-4a22-a47d-8c48425ef4a7,http://creativecommons.org/licenses/by-nc/4.0/legalcode,https://www.gbif.org/occurrence/3712555645,True,True
ddbf5c577dcef51f07fa8976,eichhornia_crassipes,Eichhornia crassipes,Pontederia crassipes Mart.,GBIF,3714726280,,HUMAN_OBSERVATION,2010-07-29,2010,MY,5.501172,118.265076,1000.0,Sabah,Lower Kinabatangan Floodplain,PRESENT,,,8a863029-f435-446a-821e-275f4f641165,http://creativecommons.org/licenses/by-nc/4.0/legalcode,https://www.gbif.org/occurrence/3714726280,True,True
dad1b782c2b7a37e9b3591ed,eichhornia_crassipes,Eichhornia crassipes,Pontederia crassipes Mart.,GBIF,3743297698,inat:108485563,HUMAN_OBSERVATION,2011-09-12,2011,MY,6.394155,116.457933,709.0,Sabah,,PRESENT,CONTINENT_DERIVED_FROM_COORDINATES|COORDINATE_ROUNDED|TAXON_ID_NOT_FOUND,iNaturalist research-grade observations,50c9509d-22c7-4a22-a47d-8c48425ef4a7,http://creativecommons.org/licenses/by-nc/4.0/legalcode,https://www.gbif.org/occurrence/3743297698,True,True
953ee56033e81d64a3cbffe5,eichhornia_crassipes,Eichhornia crassipes,Pontederia crassipes Mart.,GBIF,3759087500,inat:68454922,HUMAN_OBSERVATION,2020-11-27T07:52:42,2020,MY,5.939367,100.42862,6.0,Kedah,,PRESENT,CONTINENT_DERIVED_FROM_COORDINATES|COORDINATE_ROUNDED|TAXON_ID_NOT_FOUND,iNaturalist research-grade observations,50c9509d-22c7-4a22-a47d-8c48425ef4a7,http://creativecommons.org/licenses/by-nc/4.0/legalcode,https://www.gbif.org/occurrence/3759087500,True,True
dc2cfd925089049583abac9b,eichhornia_crassipes,Eichhornia crassipes,Pontederia crassipes Mart.,GBIF,3760056226,inat:110648706,HUMAN_OBSERVATION,1994-12-25T10:47,1994,MY,5.482294,118.256301,300.0,Sabah,,PRESENT,CONTINENT_DERIVED_FROM_COORDINATES|TAXON_ID_NOT_FOUND,iNaturalist research-grade observations,50c9509d-22c7-4a22-a47d-8c48425ef4a7,http://creativecommons.org/licenses/by-nc/4.0/legalcode,https://www.gbif.org/occurrence/3760056226,True,True
4f2dc369376aa4f22f65ca86,eichhornia_crassipes,Eichhornia crassipes,Pontederia crassipes Mart.,GBIF,3760071273,inat:111730079,HUMAN_OBSERVATION,2022-04-17T09:44:45,2022,MY,3.185937,101.6296,4.0,Kuala Lumpur,,PRESENT,CONTINENT_DERIVED_FROM_COORDINATES|COORDINATE_ROUNDED|TAXON_ID_NOT_FOUND,iNaturalist research-grade observations,50c9509d-22c7-4a22-a47d-8c48425ef4a7,http://creativecommons.org/licenses/by-nc/4.0/legalcode,https://www.gbif.org/occurrence/3760071273,True,True
96607f8a16f9ca7ec893800d,eichhornia_crassipes,Eichhornia crassipes,Pontederia crassipes Mart.,GBIF,3784805348,inat:71708841,HUMAN_OBSERVATION,2021-03-20T18:15:09,2021,MY,3.536067,101.110062,212.0,Selangor,,PRESENT,CONTINENT_DERIVED_FROM_COORDINATES|COORDINATE_ROUNDED|TAXON_ID_NOT_FOUND,iNaturalist research-grade observations,50c9509d-22c7-4a22-a47d-8c48425ef4a7,http://creativecommons.org/licenses/by-nc/4.0/legalcode,https://www.gbif.org/occurrence/3784805348,True,True
5d3dda08daaba93359d0f587,eichhornia_crassipes,Eichhornia crassipes,Pontederia crassipes Mart.,GBIF,3802587311,inat:24352255,HUMAN_OBSERVATION,2019-04-29T12:03,2019,MY,3.126067,101.659098,,Kuala Lumpur,,PRESENT,CONTINENT_DERIVED_FROM_COORDINATES|COORDINATE_ROUNDED|TAXON_ID_NOT_FOUND,iNaturalist research-grade observations,50c9509d-22c7-4a22-a47d-8c48425ef4a7,http://creativecommons.org/licenses/by-nc/4.0/legalcode,https://www.gbif.org/occurrence/3802587311,True,False
047b9663bb3b6b00a9a29c69,eichhornia_crassipes,Eichhornia crassipes,Pontederia crassipes Mart.,GBIF,3873569546,inat:126463512,HUMAN_OBSERVATION,2022-07-16T10:59:29,2022,MY,3.186178,101.629555,51.0,Kuala Lumpur,,PRESENT,CONTINENT_DERIVED_FROM_COORDINATES|COORDINATE_ROUNDED|TAXON_ID_NOT_FOUND,iNaturalist research-grade observations,50c9509d-22c7-4a22-a47d-8c48425ef4a7,http://creativecommons.org/licenses/by/4.0/legalcode,https://www.gbif.org/occurrence/3873569546,True,True
ac817cb52da02d82b89ea6ca,eichhornia_crassipes,Eichhornia crassipes,Pontederia crassipes Mart.,GBIF,3873757605,inat:126307033,HUMAN_OBSERVATION,2022-07-15T12:54:17,2022,MY,5.86715,117.949561,23.0,Sabah,,PRESENT,CONTINENT_DERIVED_FROM_COORDINATES|COORDINATE_ROUNDED|TAXON_ID_NOT_FOUND,iNaturalist research-grade observations,50c9509d-22c7-4a22-a47d-8c48425ef4a7,http://creativecommons.org/licenses/by-nc/4.0/legalcode,https://www.gbif.org/occurrence/3873757605,True,True
8926c5692da9840c8debb7b1,eichhornia_crassipes,Eichhornia crassipes,Pontederia crassipes Mart.,GBIF,3873938940,inat:126463553,HUMAN_OBSERVATION,2022-07-16T11:00:15,2022,MY,3.185945,101.6296,17.0,Kuala Lumpur,,PRESENT,CONTINENT_DERIVED_FROM_COORDINATES|TAXON_ID_NOT_FOUND,iNaturalist research-grade observations,50c9509d-22c7-4a22-a47d-8c48425ef4a7,http://creativecommons.org/licenses/by/4.0/legalcode,https://www.gbif.org/occurrence/3873938940,True,True
22ec9a556bb43608e09b7b07,eichhornia_crassipes,Eichhornia crassipes,Pontederia crassipes Mart.,GBIF,3902122565,inat:75726863,HUMAN_OBSERVATION,2021-04-30T09:28:53,2021,MY,1.553948,103.636875,4.0,Johor,,PRESENT,CONTINENT_DERIVED_FROM_COORDINATES|COORDINATE_ROUNDED|TAXON_ID_NOT_FOUND,iNaturalist research-grade observations,50c9509d-22c7-4a22-a47d-8c48425ef4a7,http://creativecommons.org/licenses/by-nc/4.0/legalcode,https://www.gbif.org/occurrence/3902122565,True,True
3cd652c7da47b1784969d523,eichhornia_crassipes,Eichhornia crassipes,Pontederia crassipes Mart.,GBIF,3902640489,inat:76183712,HUMAN_OBSERVATION,2021-05-01T13:10,2021,MY,3.125561,101.666943,212.0,Kuala Lumpur,,PRESENT,CONTINENT_DERIVED_FROM_COORDINATES|COORDINATE_ROUNDED|TAXON_ID_NOT_FOUND,iNaturalist research-grade observations,50c9509d-22c7-4a22-a47d-8c48425ef4a7,http://creativecommons.org/licenses/by-nc/4.0/legalcode,https://www.gbif.org/occurrence/3902640489,True,True
139cdbffdcf4230784f73057,eichhornia_crassipes,Eichhornia crassipes,Pontederia crassipes Mart.,GBIF,3903673747,inat:134682143,HUMAN_OBSERVATION,2022-09-09T07:45:25,2022,MY,5.667683,118.40072,4.0,Sabah,,PRESENT,CONTINENT_DERIVED_FROM_COORDINATES|COORDINATE_ROUNDED|TAXON_ID_NOT_FOUND,iNaturalist research-grade observations,50c9509d-22c7-4a22-a47d-8c48425ef4a7,http://creativecommons.org/publicdomain/zero/1.0/legalcode,https://www.gbif.org/occurrence/3903673747,True,True
f297eab1606c57ce34b824f9,eichhornia_crassipes,Eichhornia crassipes,Pontederia crassipes Mart.,GBIF,3915587993,inat:136378599,HUMAN_OBSERVATION,2022-09-25T08:00:38,2022,MY,5.489962,118.21115,140.0,Sabah,,PRESENT,CONTINENT_DERIVED_FROM_COORDINATES|COORDINATE_ROUNDED|TAXON_ID_NOT_FOUND,iNaturalist research-grade observations,50c9509d-22c7-4a22-a47d-8c48425ef4a7,http://creativecommons.org/publicdomain/zero/1.0/legalcode,https://www.gbif.org/occurrence/3915587993,True,True
d6f619de431a8348fed1e64f,eichhornia_crassipes,Eichhornia crassipes,Pontederia crassipes Mart.,GBIF,3986294328,inat:142350562,HUMAN_OBSERVATION,2022-11-19T16:35:07,2022,MY,5.478358,100.251708,10.0,Pulau Pinang,,PRESENT,CONTINENT_DERIVED_FROM_COORDINATES|COORDINATE_ROUNDED|TAXON_ID_NOT_FOUND,iNaturalist research-grade observations,50c9509d-22c7-4a22-a47d-8c48425ef4a7,http://creativecommons.org/publicdomain/zero/1.0/legalcode,https://www.gbif.org/occurrence/3986294328,True,True
ca2f7502e123fa8a2d69eb23,eichhornia_crassipes,Eichhornia crassipes,Pontederia crassipes Mart.,GBIF,4009907132,inat:145092791,HUMAN_OBSERVATION,2022-12-24T07:30,2022,MY,5.407819,117.947382,2.0,Sabah,,PRESENT,CONTINENT_DERIVED_FROM_COORDINATES|COORDINATE_ROUNDED|TAXON_ID_NOT_FOUND,iNaturalist research-grade observations,50c9509d-22c7-4a22-a47d-8c48425ef4a7,http://creativecommons.org/licenses/by-nc/4.0/legalcode,https://www.gbif.org/occurrence/4009907132,True,True
fc929703d6b624afb1d2f78b,eichhornia_crassipes,Eichhornia crassipes,Pontederia crassipes Mart.,GBIF,4102668829,inat:156883063,HUMAN_OBSERVATION,2023-04-27T16:01:27,2023,MY,3.104078,101.668113,32.0,Kuala Lumpur,,PRESENT,CONTINENT_DERIVED_FROM_COORDINATES|COORDINATE_ROUNDED|TAXON_ID_NOT_FOUND,iNaturalist research-grade observations,50c9509d-22c7-4a22-a47d-8c48425ef4a7,http://creativecommons.org/licenses/by-nc/4.0/legalcode,https://www.gbif.org/occurrence/4102668829,True,True
31d59ea28ebe5f94930bdc1a,eichhornia_crassipes,Eichhornia crassipes,Pontederia crassipes Mart.,GBIF,4116475836,inat:160832108,HUMAN_OBSERVATION,2023-05-09T14:34:20,2023,MY,5.189367,118.500597,,Sabah,,PRESENT,CONTINENT_DERIVED_FROM_COORDINATES|COORDINATE_ROUNDED|TAXON_ID_NOT_FOUND,iNaturalist research-grade observations,50c9509d-22c7-4a22-a47d-8c48425ef4a7,http://creativecommons.org/licenses/by-nc/4.0/legalcode,https://www.gbif.org/occurrence/4116475836,True,False
97e742a96683877c47abc940,eichhornia_crassipes,Eichhornia crassipes,Pontederia crassipes Mart.,GBIF,4120879269,inat:162222369,HUMAN_OBSERVATION,2023-05-15T08:04:33,2023,MY,5.550686,118.360941,828.0,Sabah,,PRESENT,CONTINENT_DERIVED_FROM_COORDINATES|COORDINATE_ROUNDED|TAXON_ID_NOT_FOUND,iNaturalist research-grade observations,50c9509d-22c7-4a22-a47d-8c48425ef4a7,http://creativecommons.org/licenses/by-nc/4.0/legalcode,https://www.gbif.org/occurrence/4120879269,True,True
68e3f74568e96019d69cad25,eichhornia_crassipes,Eichhornia crassipes,Pontederia crassipes Mart.,GBIF,4137855163,inat:168949257,HUMAN_OBSERVATION,2023-06-16T17:10:05,2023,MY,5.50082,118.25788,44.0,Sabah,,PRESENT,CONTINENT_DERIVED_FROM_COORDINATES|TAXON_ID_NOT_FOUND,iNaturalist research-grade observations,50c9509d-22c7-4a22-a47d-8c48425ef4a7,http://creativecommons.org/licenses/by-nc/4.0/legalcode,https://www.gbif.org/occurrence/4137855163,True,True
ab82a71d2deb23b9f76b3a7d,eichhornia_crassipes,Eichhornia crassipes,Pontederia crassipes Mart.,GBIF,4138039147,inat:168444044,HUMAN_OBSERVATION,2015-08-07T08:06,2015,MY,5.489056,118.225508,,Sabah,,PRESENT,CONTINENT_DERIVED_FROM_COORDINATES|COORDINATE_ROUNDED|TAXON_ID_NOT_FOUND,iNaturalist research-grade observations,50c9509d-22c7-4a22-a47d-8c48425ef4a7,http://creativecommons.org/licenses/by-nc/4.0/legalcode,https://www.gbif.org/occurrence/4138039147,True,False
00b993caa0687002143d913e,eichhornia_crassipes,Eichhornia crassipes,Pontederia crassipes Mart.,GBIF,4138249325,inat:168807265,HUMAN_OBSERVATION,2023-06-22T17:14:01,2023,MY,5.496394,118.249704,518.0,Sabah,,PRESENT,CONTINENT_DERIVED_FROM_COORDINATES|COORDINATE_ROUNDED|TAXON_ID_NOT_FOUND,iNaturalist research-grade observations,50c9509d-22c7-4a22-a47d-8c48425ef4a7,http://creativecommons.org/licenses/by-nc/4.0/legalcode,https://www.gbif.org/occurrence/4138249325,True,True
8ac32a4a5ee34718f982138a,eichhornia_crassipes,Eichhornia crassipes,Pontederia crassipes Mart.,GBIF,4162059753,inat:173195518,HUMAN_OBSERVATION,2023-07-16T18:14:19,2023,MY,5.35442,100.300462,41.0,Pulau Pinang,,PRESENT,CONTINENT_DERIVED_FROM_COORDINATES|COORDINATE_ROUNDED|TAXON_ID_NOT_FOUND,iNaturalist research-grade observations,50c9509d-22c7-4a22-a47d-8c48425ef4a7,http://creativecommons.org/licenses/by-nc/4.0/legalcode,https://www.gbif.org/occurrence/4162059753,True,True
f81822b4c75d01631eb9e1dc,eichhornia_crassipes,Eichhornia crassipes,Pontederia crassipes Mart.,GBIF,4165794301,inat:173875510,HUMAN_OBSERVATION,2023-07-20T10:25:03,2023,MY,2.964326,101.694478,132.0,Selangor,,PRESENT,CONTINENT_DERIVED_FROM_COORDINATES|COORDINATE_ROUNDED|TAXON_ID_NOT_FOUND,iNaturalist research-grade observations,50c9509d-22c7-4a22-a47d-8c48425ef4a7,http://creativecommons.org/licenses/by-nc/4.0/legalcode,https://www.gbif.org/occurrence/4165794301,True,True
94039ba52cd23b898985d6ca,eichhornia_crassipes,Eichhornia crassipes,Pontederia crassipes Mart.,GBIF,4172060774,inat:175678311,HUMAN_OBSERVATION,2013-07-21T18:25,2013,MY,5.504566,118.270008,560.0,Sabah,,PRESENT,CONTINENT_DERIVED_FROM_COORDINATES|COORDINATE_ROUNDED|TAXON_ID_NOT_FOUND,iNaturalist research-grade observations,50c9509d-22c7-4a22-a47d-8c48425ef4a7,http://creativecommons.org/licenses/by-nc/4.0/legalcode,https://www.gbif.org/occurrence/4172060774,True,True
4352083dfb30d13ed315ae98,eichhornia_crassipes,Eichhornia crassipes,Pontederia crassipes Mart.,GBIF,4420876796,inat:185332719,HUMAN_OBSERVATION,2012-08-01T02:12,2012,MY,5.480403,118.258824,39.0,Sabah,,PRESENT,CONTINENT_DERIVED_FROM_COORDINATES|COORDINATE_ROUNDED|TAXON_ID_NOT_FOUND,iNaturalist research-grade observations,50c9509d-22c7-4a22-a47d-8c48425ef4a7,http://creativecommons.org/licenses/by-nc/4.0/legalcode,https://www.gbif.org/occurrence/4420876796,True,True
929f0eb91dc5a6140ead9ae8,eichhornia_crassipes,Eichhornia crassipes,Pontederia crassipes Mart.,GBIF,4430843570,inat:188806288,HUMAN_OBSERVATION,2023-10-20T10:17,2023,MY,5.465483,118.253356,3.0,Sabah,,PRESENT,CONTINENT_DERIVED_FROM_COORDINATES|COORDINATE_ROUNDED|TAXON_ID_NOT_FOUND,iNaturalist research-grade observations,50c9509d-22c7-4a22-a47d-8c48425ef4a7,http://creativecommons.org/licenses/by/4.0/legalcode,https://www.gbif.org/occurrence/4430843570,True,True
f7666a13f520b4160214c3d9,eichhornia_crassipes,Eichhornia crassipes,Pontederia crassipes Mart.,GBIF,4458573244,inat:187099354,HUMAN_OBSERVATION,2023-10-11T17:35:12,2023,MY,2.943953,101.694413,9.0,Selangor,,PRESENT,CONTINENT_DERIVED_FROM_COORDINATES|COORDINATE_ROUNDED|TAXON_ID_NOT_FOUND,iNaturalist research-grade observations,50c9509d-22c7-4a22-a47d-8c48425ef4a7,http://creativecommons.org/licenses/by-nc/4.0/legalcode,https://www.gbif.org/occurrence/4458573244,True,True
2a852e1dc8bbadca0432e1b2,eichhornia_crassipes,Eichhornia crassipes,Pontederia crassipes Mart.,GBIF,4512421431,inat:196848454,HUMAN_OBSERVATION,2022-03-11T18:41,2022,MY,6.288397,99.732383,3.0,Kedah,,PRESENT,CONTINENT_DERIVED_FROM_COORDINATES|COORDINATE_ROUNDED|TAXON_ID_NOT_FOUND,iNaturalist research-grade observations,50c9509d-22c7-4a22-a47d-8c48425ef4a7,http://creativecommons.org/licenses/by-nc/4.0/legalcode,https://www.gbif.org/occurrence/4512421431,True,True
f546c24cd48d33dc26ca157f,eichhornia_crassipes,Eichhornia crassipes,Pontederia crassipes Mart.,GBIF,4516693997,inat:196927877,HUMAN_OBSERVATION,2022-05-06T07:29,2022,MY,5.486419,118.262664,4.0,Sabah,,PRESENT,CONTINENT_DERIVED_FROM_COORDINATES|COORDINATE_ROUNDED|TAXON_ID_NOT_FOUND,iNaturalist research-grade observations,50c9509d-22c7-4a22-a47d-8c48425ef4a7,http://creativecommons.org/licenses/by-nc/4.0/legalcode,https://www.gbif.org/occurrence/4516693997,True,True
da1507e1b148e69368a60adf,eichhornia_crassipes,Eichhornia crassipes,Pontederia crassipes Mart.,GBIF,4522705454,inat:198888752,HUMAN_OBSERVATION,2024-02-10T15:03:10,2024,MY,6.292591,99.732079,357.0,Kedah,,PRESENT,CONTINENT_DERIVED_FROM_COORDINATES|COORDINATE_ROUNDED|TAXON_ID_NOT_FOUND,iNaturalist research-grade observations,50c9509d-22c7-4a22-a47d-8c48425ef4a7,http://creativecommons.org/publicdomain/zero/1.0/legalcode,https://www.gbif.org/occurrence/4522705454,True,True
2c92f6b609ab7095417b93f8,eichhornia_crassipes,Eichhornia crassipes,Pontederia crassipes Mart.,GBIF,4535863129,inat:199507648,HUMAN_OBSERVATION,2024-02-12T09:31:32,2024,MY,1.519692,110.360603,15.0,Sarawak,,PRESENT,CONTINENT_DERIVED_FROM_COORDINATES|COORDINATE_ROUNDED|TAXON_ID_NOT_FOUND,iNaturalist research-grade observations,50c9509d-22c7-4a22-a47d-8c48425ef4a7,http://creativecommons.org/licenses/by-nc/4.0/legalcode,https://www.gbif.org/occurrence/4535863129,True,True
21a5f9f331acc8ae052952a8,eichhornia_crassipes,Eichhornia crassipes,Pontederia crassipes Mart.,GBIF,4596971896,inat:202111211,HUMAN_OBSERVATION,2024-03-11T16:57:43,2024,MY,5.502226,118.259331,12.0,Sabah,,PRESENT,CONTINENT_DERIVED_FROM_COORDINATES|COORDINATE_ROUNDED|TAXON_ID_NOT_FOUND,iNaturalist research-grade observations,50c9509d-22c7-4a22-a47d-8c48425ef4a7,http://creativecommons.org/licenses/by-nc/4.0/legalcode,https://www.gbif.org/occurrence/4596971896,True,True
91a591b1a0d3a98c9ae2ad3d,eichhornia_crassipes,Eichhornia crassipes,Pontederia crassipes Mart.,GBIF,4600037382,inat:34238904,HUMAN_OBSERVATION,2019-10-02T08:41,2019,MY,5.660697,118.400039,12.0,Sabah,,PRESENT,CONTINENT_DERIVED_FROM_COORDINATES|COORDINATE_ROUNDED|TAXON_ID_NOT_FOUND,iNaturalist research-grade observations,50c9509d-22c7-4a22-a47d-8c48425ef4a7,http://creativecommons.org/licenses/by-nc/4.0/legalcode,https://www.gbif.org/occurrence/4600037382,True,True
bb55c2f9928b582059526cba,eichhornia_crassipes,Eichhornia crassipes,Pontederia crassipes Mart.,GBIF,4847091808,inat:206810221,HUMAN_OBSERVATION,2024-03-27T01:25,2024,MY,5.868883,117.944053,702.0,Sabah,,PRESENT,CONTINENT_DERIVED_FROM_COORDINATES|COORDINATE_ROUNDED|TAXON_ID_NOT_FOUND,iNaturalist research-grade observations,50c9509d-22c7-4a22-a47d-8c48425ef4a7,http://creativecommons.org/licenses/by-nc/4.0/legalcode,https://www.gbif.org/occurrence/4847091808,True,True
ded6913dd75d0e70d671a5a9,eichhornia_crassipes,Eichhornia crassipes,Pontederia crassipes Mart.,GBIF,4872189206,inat:213852182,HUMAN_OBSERVATION,2024-05-06T08:08:42,2024,MY,5.666731,118.400544,,Sabah,,PRESENT,CONTINENT_DERIVED_FROM_COORDINATES|COORDINATE_ROUNDED|TAXON_ID_NOT_FOUND,iNaturalist research-grade observations,50c9509d-22c7-4a22-a47d-8c48425ef4a7,http://creativecommons.org/licenses/by-nc/4.0/legalcode,https://www.gbif.org/occurrence/4872189206,True,False
89564676fa59cae61c0a9d14,eichhornia_crassipes,Eichhornia crassipes,Pontederia crassipes Mart.,GBIF,4901309930,inat:224658849,HUMAN_OBSERVATION,2024-06-23T16:40,2024,MY,3.641366,101.987836,4.0,Pahang,,PRESENT,CONTINENT_DERIVED_FROM_COORDINATES|COORDINATE_ROUNDED|TAXON_ID_NOT_FOUND,iNaturalist research-grade observations,50c9509d-22c7-4a22-a47d-8c48425ef4a7,http://creativecommons.org/licenses/by-nc/4.0/legalcode,https://www.gbif.org/occurrence/4901309930,True,True
5a1b6cdef31e3aa1c5b337e9,eichhornia_crassipes,Eichhornia crassipes,Pontederia crassipes Mart.,GBIF,4901438723,inat:224592280,HUMAN_OBSERVATION,2024-06-23T17:40:18,2024,MY,1.555117,103.637297,78.0,Johor,,PRESENT,CONTINENT_DERIVED_FROM_COORDINATES|COORDINATE_ROUNDED|TAXON_ID_NOT_FOUND,iNaturalist research-grade observations,50c9509d-22c7-4a22-a47d-8c48425ef4a7,http://creativecommons.org/licenses/by-nc/4.0/legalcode,https://www.gbif.org/occurrence/4901438723,True,True
f8caaa8597e1b57a3fe34eed,eichhornia_crassipes,Eichhornia crassipes,Pontederia crassipes Mart.,GBIF,4908538922,inat:224662514,HUMAN_OBSERVATION,2024-06-01T16:11,2024,MY,3.842183,101.301289,344.0,Perak,,PRESENT,CONTINENT_DERIVED_FROM_COORDINATES|COORDINATE_ROUNDED|TAXON_ID_NOT_FOUND,iNaturalist research-grade observations,50c9509d-22c7-4a22-a47d-8c48425ef4a7,http://creativecommons.org/licenses/by-nc/4.0/legalcode,https://www.gbif.org/occurrence/4908538922,True,True
e50089ff68e5a6db66561a45,eichhornia_crassipes,Eichhornia crassipes,Pontederia crassipes Mart.,GBIF,4923626300,inat:219281066,HUMAN_OBSERVATION,2024-05-30T16:37:32,2024,MY,3.77675,101.311781,7.0,Perak,,PRESENT,CONTINENT_DERIVED_FROM_COORDINATES|COORDINATE_ROUNDED|TAXON_ID_NOT_FOUND,iNaturalist research-grade observations,50c9509d-22c7-4a22-a47d-8c48425ef4a7,http://creativecommons.org/licenses/by-nc/4.0/legalcode,https://www.gbif.org/occurrence/4923626300,True,True
a75bac274c3bb6d13f763bf4,eichhornia_crassipes,Eichhornia crassipes,Pontederia crassipes Mart.,GBIF,4925992576,inat:236280358,HUMAN_OBSERVATION,2024-08-17T18:58:09,2024,MY,1.551708,110.345719,,Sarawak,,PRESENT,CONTINENT_DERIVED_FROM_COORDINATES|COORDINATE_ROUNDED|TAXON_ID_NOT_FOUND,iNaturalist research-grade observations,50c9509d-22c7-4a22-a47d-8c48425ef4a7,http://creativecommons.org/licenses/by-nc/4.0/legalcode,https://www.gbif.org/occurrence/4925992576,True,False
d0cbe7d5e47bb629215e0fcc,eichhornia_crassipes,Eichhornia crassipes,Pontederia crassipes Mart.,GBIF,4926064905,inat:219227036,HUMAN_OBSERVATION,2024-05-30T08:21:18,2024,MY,3.843862,101.289888,501.0,Perak,,PRESENT,CONTINENT_DERIVED_FROM_COORDINATES|COORDINATE_ROUNDED|TAXON_ID_NOT_FOUND,iNaturalist research-grade observations,50c9509d-22c7-4a22-a47d-8c48425ef4a7,http://creativecommons.org/licenses/by-nc/4.0/legalcode,https://www.gbif.org/occurrence/4926064905,True,True
dc5a382163ee0ee843d57691,eichhornia_crassipes,Eichhornia crassipes,Pontederia crassipes Mart.,GBIF,4926320942,inat:230506685,HUMAN_OBSERVATION,2024-01-28T14:12,2024,MY,3.452287,101.171754,818.0,Selangor,,PRESENT,CONTINENT_DERIVED_FROM_COORDINATES|COORDINATE_ROUNDED|TAXON_ID_NOT_FOUND,iNaturalist research-grade observations,50c9509d-22c7-4a22-a47d-8c48425ef4a7,http://creativecommons.org/licenses/by-nc/4.0/legalcode,https://www.gbif.org/occurrence/4926320942,True,True
3943e607a4b76570a4648de2,eichhornia_crassipes,Eichhornia crassipes,Pontederia crassipes Mart.,GBIF,4936859939,inat:187888794,HUMAN_OBSERVATION,2023-09-23T17:27,2023,MY,5.486357,118.263235,8.0,Sabah,,PRESENT,CONTINENT_DERIVED_FROM_COORDINATES|COORDINATE_ROUNDED|TAXON_ID_NOT_FOUND,iNaturalist research-grade observations,50c9509d-22c7-4a22-a47d-8c48425ef4a7,http://creativecommons.org/licenses/by-nc/4.0/legalcode,https://www.gbif.org/occurrence/4936859939,True,True
70ee71025c7428dd5cbfc676,eichhornia_crassipes,Eichhornia crassipes,Pontederia crassipes Mart.,GBIF,4945913815,inat:240076376,HUMAN_OBSERVATION,2024-09-06T10:55:21,2024,MY,3.119542,101.835772,4.0,Selangor,,PRESENT,CONTINENT_DERIVED_FROM_COORDINATES|COORDINATE_ROUNDED|TAXON_ID_NOT_FOUND,iNaturalist research-grade observations,50c9509d-22c7-4a22-a47d-8c48425ef4a7,http://creativecommons.org/licenses/by-nc/4.0/legalcode,https://www.gbif.org/occurrence/4945913815,True,True
2080dffeaa9187e01f8c2b6e,eichhornia_crassipes,Eichhornia crassipes,Pontederia crassipes Mart.,GBIF,4950272856,inat:243372591,HUMAN_OBSERVATION,2024-08-30T16:52,2024,MY,5.480111,118.259655,,Sabah,,PRESENT,CONTINENT_DERIVED_FROM_COORDINATES|COORDINATE_ROUNDED|TAXON_ID_NOT_FOUND,iNaturalist research-grade observations,50c9509d-22c7-4a22-a47d-8c48425ef4a7,http://creativecommons.org/licenses/by-nc/4.0/legalcode,https://www.gbif.org/occurrence/4950272856,True,False
7e6c250533bb572bb4bd5152,eichhornia_crassipes,Eichhornia crassipes,Pontederia crassipes Mart.,GBIF,4950370121,inat:243216763,HUMAN_OBSERVATION,2024-09-22T08:06:45,2024,MY,5.509097,118.295774,5.0,Sabah,,PRESENT,CONTINENT_DERIVED_FROM_COORDINATES|COORDINATE_ROUNDED|TAXON_ID_NOT_FOUND,iNaturalist research-grade observations,50c9509d-22c7-4a22-a47d-8c48425ef4a7,http://creativecommons.org/licenses/by-nc/4.0/legalcode,https://www.gbif.org/occurrence/4950370121,True,True
078fabd4d2a5d95bb5e2de1a,eichhornia_crassipes,Eichhornia crassipes,Pontederia crassipes Mart.,GBIF,4950440412,inat:243056487,HUMAN_OBSERVATION,2024-09-21T18:08:32,2024,MY,1.557983,110.349228,4.0,Sarawak,,PRESENT,CONTINENT_DERIVED_FROM_COORDINATES|COORDINATE_ROUNDED|TAXON_ID_NOT_FOUND,iNaturalist research-grade observations,50c9509d-22c7-4a22-a47d-8c48425ef4a7,http://creativecommons.org/publicdomain/zero/1.0/legalcode,https://www.gbif.org/occurrence/4950440412,True,True
adb426c48811e94d180e4465,eichhornia_crassipes,Eichhornia crassipes,Pontederia crassipes Mart.,GBIF,4950478409,inat:243372559,HUMAN_OBSERVATION,2024-08-30T16:20,2024,MY,5.480729,118.26056,,Sabah,,PRESENT,CONTINENT_DERIVED_FROM_COORDINATES|COORDINATE_ROUNDED|TAXON_ID_NOT_FOUND,iNaturalist research-grade observations,50c9509d-22c7-4a22-a47d-8c48425ef4a7,http://creativecommons.org/licenses/by-nc/4.0/legalcode,https://www.gbif.org/occurrence/4950478409,True,False
51e1553d4d1a5d90753eff9a,eichhornia_crassipes,Eichhornia crassipes,Pontederia crassipes Mart.,GBIF,4950582421,inat:243526659,HUMAN_OBSERVATION,2024-09-21T12:27:22,2024,MY,1.68218,103.837167,4.0,Johor,,PRESENT,CONTINENT_DERIVED_FROM_COORDINATES|COORDINATE_ROUNDED|TAXON_ID_NOT_FOUND,iNaturalist research-grade observations,50c9509d-22c7-4a22-a47d-8c48425ef4a7,http://creativecommons.org/licenses/by-nc/4.0/legalcode,https://www.gbif.org/occurrence/4950582421,True,True
06a2cd848f84606a332bb1d9,eichhornia_crassipes,Eichhornia crassipes,Pontederia crassipes Mart.,GBIF,4985426150,,HUMAN_OBSERVATION,1990-08-14,1990,MY,6.143641,116.15499,25.0,Sabah,Sabah,PRESENT,,,8a863029-f435-446a-821e-275f4f641165,http://creativecommons.org/licenses/by-nc/4.0/legalcode,https://www.gbif.org/occurrence/4985426150,True,True
2bd0788a874c0d26d04609e2,eichhornia_crassipes,Eichhornia crassipes,Pontederia crassipes Mart.,GBIF,4987636157,inat:252729838,HUMAN_OBSERVATION,2023-05-13T08:12,2023,MY,5.685888,118.381305,31.0,Sabah,,PRESENT,CONTINENT_DERIVED_FROM_COORDINATES|COORDINATE_ROUNDED|TAXON_ID_NOT_FOUND,iNaturalist research-grade observations,50c9509d-22c7-4a22-a47d-8c48425ef4a7,http://creativecommons.org/licenses/by-nc/4.0/legalcode,https://www.gbif.org/occurrence/4987636157,True,True
04fc4a7bf38d0301f320c948,eichhornia_crassipes,Eichhornia crassipes,Pontederia crassipes Mart.,GBIF,4994602724,inat:253550736,HUMAN_OBSERVATION,2023-03-08T08:39,2023,MY,5.504498,118.266899,1000.0,Sabah,,PRESENT,CONTINENT_DERIVED_FROM_COORDINATES|COORDINATE_ROUNDED|TAXON_ID_NOT_FOUND,iNaturalist research-grade observations,50c9509d-22c7-4a22-a47d-8c48425ef4a7,http://creativecommons.org/licenses/by-nc/4.0/legalcode,https://www.gbif.org/occurrence/4994602724,True,True
2c49324f3360e70cb4bd716d,eichhornia_crassipes,Eichhornia crassipes,Pontederia crassipes Mart.,GBIF,5007387853,inat:255049339,HUMAN_OBSERVATION,2024-10-24T17:13,2024,MY,5.86684,117.948128,,Sabah,,PRESENT,CONTINENT_DERIVED_FROM_COORDINATES|TAXON_ID_NOT_FOUND,iNaturalist research-grade observations,50c9509d-22c7-4a22-a47d-8c48425ef4a7,http://creativecommons.org/publicdomain/zero/1.0/legalcode,https://www.gbif.org/occurrence/5007387853,True,False
6a358d1acf5537e6afa6a4cc,eichhornia_crassipes,Eichhornia crassipes,Pontederia crassipes Mart.,GBIF,5015526322,,HUMAN_OBSERVATION,2015-04-19T00:00,2015,MY,5.678295,118.38324,250.0,,Abai Jungle Lodge und Umgebung / MY,PRESENT,CONTINENT_DERIVED_FROM_COORDINATES|COORDINATE_ROUNDED|GEODETIC_DATUM_ASSUMED_WGS84,,6ac3f774-d9fb-4796-b3e9-92bf6c81c084,http://creativecommons.org/licenses/by/4.0/legalcode,https://www.gbif.org/occurrence/5015526322,True,True
7035a86df4ccc41df40bdcc6,eichhornia_crassipes,Eichhornia crassipes,Pontederia crassipes Mart.,GBIF,5062767656,inat:222062215,HUMAN_OBSERVATION,2024-05-13T10:38,2024,MY,5.462832,118.252845,,Sabah,,PRESENT,CONTINENT_DERIVED_FROM_COORDINATES|COORDINATE_ROUNDED|TAXON_ID_NOT_FOUND,iNaturalist research-grade observations,50c9509d-22c7-4a22-a47d-8c48425ef4a7,http://creativecommons.org/licenses/by-nc/4.0/legalcode,https://www.gbif.org/occurrence/5062767656,True,False
734c0d33e0104452a096dd79,eichhornia_crassipes,Eichhornia crassipes,Pontederia crassipes Mart.,GBIF,5062913109,inat:255968742,HUMAN_OBSERVATION,2024-12-23T16:46:42,2024,MY,5.353928,100.300567,3.0,Pulau Pinang,,PRESENT,CONTINENT_DERIVED_FROM_COORDINATES|COORDINATE_ROUNDED|TAXON_ID_NOT_FOUND,iNaturalist research-grade observations,50c9509d-22c7-4a22-a47d-8c48425ef4a7,http://creativecommons.org/licenses/by-nc/4.0/legalcode,https://www.gbif.org/occurrence/5062913109,True,True
908c528612572af52d154561,eichhornia_crassipes,Eichhornia crassipes,Pontederia crassipes Mart.,GBIF,5062988025,inat:258537163,HUMAN_OBSERVATION,2025-01-15T11:52:42,2025,MY,2.279246,111.863994,210.0,Sarawak,,PRESENT,CONTINENT_DERIVED_FROM_COORDINATES|COORDINATE_ROUNDED|TAXON_ID_NOT_FOUND,iNaturalist research-grade observations,50c9509d-22c7-4a22-a47d-8c48425ef4a7,http://creativecommons.org/licenses/by-nc/4.0/legalcode,https://www.gbif.org/occurrence/5062988025,True,True
30704455c9386450985fcd38,eichhornia_crassipes,Eichhornia crassipes,Pontederia crassipes Mart.,GBIF,5063068687,inat:258627008,HUMAN_OBSERVATION,2025-01-16T11:40:39,2025,MY,2.279246,111.863994,210.0,Sarawak,,PRESENT,CONTINENT_DERIVED_FROM_COORDINATES|COORDINATE_ROUNDED|TAXON_ID_NOT_FOUND,iNaturalist research-grade observations,50c9509d-22c7-4a22-a47d-8c48425ef4a7,http://creativecommons.org/licenses/by-nc/4.0/legalcode,https://www.gbif.org/occurrence/5063068687,True,True
359574eda37fd7151870c21a,eichhornia_crassipes,Eichhornia crassipes,Pontederia crassipes Mart.,GBIF,5063072604,inat:258627311,HUMAN_OBSERVATION,2025-01-16T11:43:02,2025,MY,2.28042,111.862342,4.0,Sarawak,,PRESENT,CONTINENT_DERIVED_FROM_COORDINATES|COORDINATE_ROUNDED|TAXON_ID_NOT_FOUND,iNaturalist research-grade observations,50c9509d-22c7-4a22-a47d-8c48425ef4a7,http://creativecommons.org/licenses/by-nc/4.0/legalcode,https://www.gbif.org/occurrence/5063072604,True,True
282c62fded10777b10abce10,eichhornia_crassipes,Eichhornia crassipes,Pontederia crassipes Mart.,GBIF,5063481747,inat:259661906,HUMAN_OBSERVATION,2025-01-03T16:59:24,2025,MY,2.280461,111.862379,,Sarawak,,PRESENT,CONTINENT_DERIVED_FROM_COORDINATES|COORDINATE_ROUNDED|TAXON_ID_NOT_FOUND,iNaturalist research-grade observations,50c9509d-22c7-4a22-a47d-8c48425ef4a7,http://creativecommons.org/licenses/by-nc/4.0/legalcode,https://www.gbif.org/occurrence/5063481747,True,False
d12e9ad9ce748ea11798ac96,eichhornia_crassipes,Eichhornia crassipes,Pontederia crassipes Mart.,GBIF,5063559558,inat:260007077,HUMAN_OBSERVATION,2014-04-22T08:53,2014,MY,5.874967,117.944339,233.0,Sabah,,PRESENT,CONTINENT_DERIVED_FROM_COORDINATES|COORDINATE_ROUNDED|TAXON_ID_NOT_FOUND,iNaturalist research-grade observations,50c9509d-22c7-4a22-a47d-8c48425ef4a7,http://creativecommons.org/licenses/by-nc/4.0/legalcode,https://www.gbif.org/occurrence/5063559558,True,True
0e88b842cd63d1ab5c779f76,eichhornia_crassipes,Eichhornia crassipes,Pontederia crassipes Mart.,GBIF,5063957882,inat:260959060,HUMAN_OBSERVATION,2025-02-08T10:47:09,2025,MY,2.337491,111.842529,,Sarawak,,PRESENT,CONTINENT_DERIVED_FROM_COORDINATES|COORDINATE_ROUNDED|TAXON_ID_NOT_FOUND,iNaturalist research-grade observations,50c9509d-22c7-4a22-a47d-8c48425ef4a7,http://creativecommons.org/licenses/by-nc/4.0/legalcode,https://www.gbif.org/occurrence/5063957882,True,False
2ece65ac854571dd2201acae,eichhornia_crassipes,Eichhornia crassipes,Pontederia crassipes Mart.,GBIF,5069781098,inat:258538486,HUMAN_OBSERVATION,2025-01-15T11:51:39,2025,MY,2.280463,111.862358,4.0,Sarawak,,PRESENT,CONTINENT_DERIVED_FROM_COORDINATES|COORDINATE_ROUNDED|TAXON_ID_NOT_FOUND,iNaturalist research-grade observations,50c9509d-22c7-4a22-a47d-8c48425ef4a7,http://creativecommons.org/licenses/by-nc/4.0/legalcode,https://www.gbif.org/occurrence/5069781098,True,True
c502cea18a7ea2aa70324c37,eichhornia_crassipes,Eichhornia crassipes,Pontederia crassipes Mart.,GBIF,5069911593,inat:261590213,HUMAN_OBSERVATION,2025-02-14T07:46:05,2025,MY,5.486137,118.262712,3.0,Sabah,,PRESENT,CONTINENT_DERIVED_FROM_COORDINATES|COORDINATE_ROUNDED|TAXON_ID_NOT_FOUND,iNaturalist research-grade observations,50c9509d-22c7-4a22-a47d-8c48425ef4a7,http://creativecommons.org/licenses/by-nc/4.0/legalcode,https://www.gbif.org/occurrence/5069911593,True,True
c991cf133b74757978e275d3,eichhornia_crassipes,Eichhornia crassipes,Pontederia crassipes Mart.,GBIF,5069913286,inat:261516830,HUMAN_OBSERVATION,2025-01-15T11:48:16,2025,MY,2.274606,111.863379,,Sarawak,,PRESENT,CONTINENT_DERIVED_FROM_COORDINATES|COORDINATE_ROUNDED|TAXON_ID_NOT_FOUND,iNaturalist research-grade observations,50c9509d-22c7-4a22-a47d-8c48425ef4a7,http://creativecommons.org/licenses/by-nc/4.0/legalcode,https://www.gbif.org/occurrence/5069913286,True,False
52bbf36a1aa748a19fd643c4,eichhornia_crassipes,Eichhornia crassipes,Pontederia crassipes Mart.,GBIF,5088147878,inat:265360408,HUMAN_OBSERVATION,2025-03-15T12:06:26,2025,MY,2.971011,101.870086,105.0,Selangor,,PRESENT,CONTINENT_DERIVED_FROM_COORDINATES|COORDINATE_ROUNDED|TAXON_ID_NOT_FOUND,iNaturalist research-grade observations,50c9509d-22c7-4a22-a47d-8c48425ef4a7,http://creativecommons.org/licenses/by-nc/4.0/legalcode,https://www.gbif.org/occurrence/5088147878,True,True
6d6ca506a3fc9394bad8e803,eichhornia_crassipes,Eichhornia crassipes,Pontederia crassipes Mart.,GBIF,5103589342,,PRESERVED_SPECIMEN,1999-07-10,1999,MY,3.139444,101.728333,,Kuala Lumpur,"Kampung Pandan, Wilayah Persekutuan",PRESENT,CONTINENT_DERIVED_FROM_COORDINATES|COORDINATE_ROUNDED|INSTITUTION_COLLECTION_MISMATCH|INSTITUTION_MATCH_FUZZY,,1a9d08bb-9e2c-4540-8f7f-3205846b6ddc,http://creativecommons.org/publicdomain/zero/1.0/legalcode,https://www.gbif.org/occurrence/5103589342,True,False
4eeac53367fcb4bb68a7e00c,eichhornia_crassipes,Eichhornia crassipes,Pontederia crassipes Mart.,GBIF,5110523062,,HUMAN_OBSERVATION,2024-12-28T06:31:31Z,2024,MY,6.308028,99.723453,,,,PRESENT,CONTINENT_DERIVED_FROM_COORDINATES|COORDINATE_ROUNDED|COUNTRY_DERIVED_FROM_COORDINATES,,7a3679ef-5582-4aaa-81f0-8c2545cafc81,http://creativecommons.org/licenses/by/4.0/legalcode,https://www.gbif.org/occurrence/5110523062,True,False
8377e4a87494be7ab250e32c,eichhornia_crassipes,Eichhornia crassipes,Pontederia crassipes Mart.,GBIF,5133794051,inat:266840042,HUMAN_OBSERVATION,2025-03-23T12:55:32,2025,MY,4.620717,101.089302,669.0,Perak,,PRESENT,CONTINENT_DERIVED_FROM_COORDINATES|COORDINATE_ROUNDED|TAXON_ID_NOT_FOUND,iNaturalist research-grade observations,50c9509d-22c7-4a22-a47d-8c48425ef4a7,http://creativecommons.org/licenses/by-nc/4.0/legalcode,https://www.gbif.org/occurrence/5133794051,True,True
49c5fde4d66c2c1bee7aa2b8,eichhornia_crassipes,Eichhornia crassipes,Pontederia crassipes Mart.,GBIF,5134654856,inat:271645409,HUMAN_OBSERVATION,2025-04-20T15:41:05,2025,MY,3.494893,103.389954,,Pahang,,PRESENT,CONTINENT_DERIVED_FROM_COORDINATES|COORDINATE_ROUNDED|TAXON_ID_NOT_FOUND,iNaturalist research-grade observations,50c9509d-22c7-4a22-a47d-8c48425ef4a7,http://creativecommons.org/licenses/by-nc/4.0/legalcode,https://www.gbif.org/occurrence/5134654856,True,False
19a8f89dd609f178ca8377d3,eichhornia_crassipes,Eichhornia crassipes,Pontederia crassipes Mart.,GBIF,5140420453,inat:273761937,HUMAN_OBSERVATION,2025-04-26T09:28:25,2025,MY,3.232309,101.655245,205.0,Selangor,,PRESENT,CONTINENT_DERIVED_FROM_COORDINATES|COORDINATE_ROUNDED|TAXON_ID_NOT_FOUND,iNaturalist research-grade observations,50c9509d-22c7-4a22-a47d-8c48425ef4a7,http://creativecommons.org/licenses/by/4.0/legalcode,https://www.gbif.org/occurrence/5140420453,True,True
26d1d44f8ea8999bc68b797d,eichhornia_crassipes,Eichhornia crassipes,Pontederia crassipes Mart.,GBIF,5166839394,inat:281938480,HUMAN_OBSERVATION,2025-05-05T08:34:24,2025,MY,5.498433,118.254913,4.0,Sabah,,PRESENT,CONTINENT_DERIVED_FROM_COORDINATES|COORDINATE_ROUNDED|TAXON_ID_NOT_FOUND,iNaturalist research-grade observations,50c9509d-22c7-4a22-a47d-8c48425ef4a7,http://creativecommons.org/licenses/by-nc/4.0/legalcode,https://www.gbif.org/occurrence/5166839394,True,True
e02ae680ecac0e37ec3541e9,eichhornia_crassipes,Eichhornia crassipes,Pontederia crassipes Mart.,GBIF,5166912344,inat:282260724,HUMAN_OBSERVATION,2025-05-19T08:11:49,2025,MY,5.48004,118.259118,,Sabah,,PRESENT,CONTINENT_DERIVED_FROM_COORDINATES|COORDINATE_ROUNDED|TAXON_ID_NOT_FOUND,iNaturalist research-grade observations,50c9509d-22c7-4a22-a47d-8c48425ef4a7,http://creativecommons.org/licenses/by-nc/4.0/legalcode,https://www.gbif.org/occurrence/5166912344,True,False
563e95024c1d30cc74e51d30,eichhornia_crassipes,Eichhornia crassipes,Pontederia crassipes Mart.,GBIF,5167482835,inat:281938239,HUMAN_OBSERVATION,2025-05-05T08:34:24,2025,MY,5.498433,118.254913,4.0,Sabah,,PRESENT,CONTINENT_DERIVED_FROM_COORDINATES|COORDINATE_ROUNDED|TAXON_ID_NOT_FOUND,iNaturalist research-grade observations,50c9509d-22c7-4a22-a47d-8c48425ef4a7,http://creativecommons.org/licenses/by-nc/4.0/legalcode,https://www.gbif.org/occurrence/5167482835,True,True
93d5490079ab6605c0bbf13d,eichhornia_crassipes,Eichhornia crassipes,Pontederia crassipes Mart.,GBIF,5168313620,inat:283887496,HUMAN_OBSERVATION,2025-05-03T11:45,2025,MY,1.564248,110.350637,129.0,Sarawak,,PRESENT,CONTINENT_DERIVED_FROM_COORDINATES|COORDINATE_ROUNDED|TAXON_ID_NOT_FOUND,iNaturalist research-grade observations,50c9509d-22c7-4a22-a47d-8c48425ef4a7,http://creativecommons.org/licenses/by-nc/4.0/legalcode,https://www.gbif.org/occurrence/5168313620,True,True
5e3d88b1328dfd3f68a95be8,eichhornia_crassipes,Eichhornia crassipes,Pontederia crassipes Mart.,GBIF,5168543409,inat:283958539,HUMAN_OBSERVATION,2025-05-25T17:57:18,2025,MY,5.688683,115.927803,,Sabah,,PRESENT,CONTINENT_DERIVED_FROM_COORDINATES|COORDINATE_ROUNDED|TAXON_ID_NOT_FOUND,iNaturalist research-grade observations,50c9509d-22c7-4a22-a47d-8c48425ef4a7,http://creativecommons.org/licenses/by/4.0/legalcode,https://www.gbif.org/occurrence/5168543409,True,False
8ff8dfbbe7df1753ae340ec2,eichhornia_crassipes,Eichhornia crassipes,Pontederia crassipes Mart.,GBIF,5187561347,inat:196828112,HUMAN_OBSERVATION,2024-01-16T16:41:22,2024,MY,5.486354,118.262588,9.0,Sabah,,PRESENT,CONTINENT_DERIVED_FROM_COORDINATES|COORDINATE_ROUNDED|TAXON_ID_NOT_FOUND,iNaturalist research-grade observations,50c9509d-22c7-4a22-a47d-8c48425ef4a7,http://creativecommons.org/licenses/by-nc/4.0/legalcode,https://www.gbif.org/occurrence/5187561347,True,True
f8782af070437671d33bb281,eichhornia_crassipes,Eichhornia crassipes,Pontederia crassipes Mart.,GBIF,5206311034,inat:291042024,HUMAN_OBSERVATION,2025-05-19T16:47,2025,MY,5.499858,118.256784,31.0,Sabah,,PRESENT,CONTINENT_DERIVED_FROM_COORDINATES|COORDINATE_ROUNDED|TAXON_ID_NOT_FOUND,iNaturalist research-grade observations,50c9509d-22c7-4a22-a47d-8c48425ef4a7,http://creativecommons.org/licenses/by/4.0/legalcode,https://www.gbif.org/occurrence/5206311034,True,True
0d3e92611e270149a5540a3f,eichhornia_crassipes,Eichhornia crassipes,Pontederia crassipes Mart.,GBIF,5292721153,inat:306632132,HUMAN_OBSERVATION,2018-07-07T07:23,2018,MY,5.726756,115.919099,108.0,Sabah,,PRESENT,CONTINENT_DERIVED_FROM_COORDINATES|COORDINATE_ROUNDED|TAXON_ID_NOT_FOUND,iNaturalist research-grade observations,50c9509d-22c7-4a22-a47d-8c48425ef4a7,http://creativecommons.org/licenses/by-nc/4.0/legalcode,https://www.gbif.org/occurrence/5292721153,True,True
88cb395a89e4de47a66852a4,eichhornia_crassipes,Eichhornia crassipes,Pontederia crassipes Mart.,GBIF,5830819680,inat:315176505,HUMAN_OBSERVATION,2025-09-15T07:04:20,2025,MY,5.48825,118.272969,,Sabah,,PRESENT,CONTINENT_DERIVED_FROM_COORDINATES|COORDINATE_ROUNDED|TAXON_ID_NOT_FOUND,iNaturalist research-grade observations,50c9509d-22c7-4a22-a47d-8c48425ef4a7,http://creativecommons.org/licenses/by/4.0/legalcode,https://www.gbif.org/occurrence/5830819680,True,False
6d25f795dc8d39cf975066ff,eichhornia_crassipes,Eichhornia crassipes,Pontederia crassipes Mart.,GBIF,5837652294,inat:317271924,HUMAN_OBSERVATION,2018-02-08T17:38,2018,MY,5.486033,118.262735,15.0,Sabah,,PRESENT,CONTINENT_DERIVED_FROM_COORDINATES|COORDINATE_ROUNDED|TAXON_ID_NOT_FOUND,iNaturalist research-grade observations,50c9509d-22c7-4a22-a47d-8c48425ef4a7,http://creativecommons.org/licenses/by-nc/4.0/legalcode,https://www.gbif.org/occurrence/5837652294,True,True
51a7340484c3aed8ff44b140,eichhornia_crassipes,Eichhornia crassipes,Pontederia crassipes Mart.,GBIF,5837921347,inat:316898653,HUMAN_OBSERVATION,2025-09-27T11:15:44,2025,MY,4.524503,101.382118,,Pahang,,PRESENT,CONTINENT_DERIVED_FROM_COORDINATES|COORDINATE_ROUNDED|TAXON_ID_NOT_FOUND,iNaturalist research-grade observations,50c9509d-22c7-4a22-a47d-8c48425ef4a7,http://creativecommons.org/licenses/by-nc/4.0/legalcode,https://www.gbif.org/occurrence/5837921347,True,False
c0d40f7a846f15486f3c7154,eichhornia_crassipes,Eichhornia crassipes,Pontederia crassipes Mart.,GBIF,5839866221,inat:319393804,HUMAN_OBSERVATION,2006-06-20T14:48,2006,MY,5.662084,118.398871,32.0,Sabah,,PRESENT,CONTINENT_DERIVED_FROM_COORDINATES|COORDINATE_ROUNDED|TAXON_ID_NOT_FOUND,iNaturalist research-grade observations,50c9509d-22c7-4a22-a47d-8c48425ef4a7,http://creativecommons.org/licenses/by-nc/4.0/legalcode,https://www.gbif.org/occurrence/5839866221,True,True
4e1cde5b8bcc8dfeb7f3c6d8,eichhornia_crassipes,Eichhornia crassipes,Pontederia crassipes Mart.,GBIF,5840529567,inat:319367791,HUMAN_OBSERVATION,2025-09-16T15:26,2025,MY,5.489834,118.210656,,Sabah,,PRESENT,CONTINENT_DERIVED_FROM_COORDINATES|COORDINATE_ROUNDED|TAXON_ID_NOT_FOUND,iNaturalist research-grade observations,50c9509d-22c7-4a22-a47d-8c48425ef4a7,http://creativecommons.org/licenses/by-nc/4.0/legalcode,https://www.gbif.org/occurrence/5840529567,True,False
a089b76366f96e49c8ad6043,eichhornia_crassipes,Eichhornia crassipes,Pontederia crassipes Mart.,GBIF,5889289914,inat:324604218,HUMAN_OBSERVATION,2025-10-20T15:20,2025,MY,5.485354,118.284821,,Sabah,,PRESENT,CONTINENT_DERIVED_FROM_COORDINATES|TAXON_ID_NOT_FOUND,iNaturalist research-grade observations,50c9509d-22c7-4a22-a47d-8c48425ef4a7,http://creativecommons.org/licenses/by-nc/4.0/legalcode,https://www.gbif.org/occurrence/5889289914,True,False
f9390420b361dc09cb1d3aa9,eichhornia_crassipes,Eichhornia crassipes,Pontederia crassipes Mart.,GBIF,5889750479,inat:323844019,HUMAN_OBSERVATION,2025-08-01T08:55,2025,MY,5.489887,118.211175,211.0,Sabah,,PRESENT,CONTINENT_DERIVED_FROM_COORDINATES|COORDINATE_ROUNDED|TAXON_ID_NOT_FOUND,iNaturalist research-grade observations,50c9509d-22c7-4a22-a47d-8c48425ef4a7,http://creativecommons.org/licenses/by-nc/4.0/legalcode,https://www.gbif.org/occurrence/5889750479,True,True
385c83cc2d4e21de3320f2c7,eichhornia_crassipes,Eichhornia crassipes,Pontederia crassipes Mart.,GBIF,5892798290,inat:325865757,HUMAN_OBSERVATION,2025-06-12T06:42,2025,MY,5.465565,118.253306,,Sabah,,PRESENT,CONTINENT_DERIVED_FROM_COORDINATES|TAXON_ID_NOT_FOUND,iNaturalist research-grade observations,50c9509d-22c7-4a22-a47d-8c48425ef4a7,http://creativecommons.org/licenses/by/4.0/legalcode,https://www.gbif.org/occurrence/5892798290,True,False
b2e141965a531218362f85d0,eichhornia_crassipes,Eichhornia crassipes,Pontederia crassipes Mart.,GBIF,5892874855,inat:324869428,HUMAN_OBSERVATION,2025-11-04T07:34:17,2025,MY,5.495017,118.281211,,Sabah,,PRESENT,CONTINENT_DERIVED_FROM_COORDINATES|COORDINATE_ROUNDED|TAXON_ID_NOT_FOUND,iNaturalist research-grade observations,50c9509d-22c7-4a22-a47d-8c48425ef4a7,http://creativecommons.org/licenses/by-nc/4.0/legalcode,https://www.gbif.org/occurrence/5892874855,True,False
7a2a574e85f63a6ab7dacd66,eichhornia_crassipes,Eichhornia crassipes,Pontederia crassipes Mart.,GBIF,5897141673,inat:326278757,HUMAN_OBSERVATION,2025-11-13T11:21:37,2025,MY,5.35286,100.29976,30.0,Pulau Pinang,,PRESENT,CONTINENT_DERIVED_FROM_COORDINATES|COORDINATE_ROUNDED|TAXON_ID_NOT_FOUND,iNaturalist research-grade observations,50c9509d-22c7-4a22-a47d-8c48425ef4a7,http://creativecommons.org/licenses/by-nc/4.0/legalcode,https://www.gbif.org/occurrence/5897141673,True,True
2781b8400215c71c4e086691,eichhornia_crassipes,Eichhornia crassipes,Pontederia crassipes Mart.,GBIF,5897225591,inat:326274633,HUMAN_OBSERVATION,2025-11-13T10:43:19,2025,MY,5.352951,100.300022,100.0,Pulau Pinang,,PRESENT,CONTINENT_DERIVED_FROM_COORDINATES|COORDINATE_ROUNDED|TAXON_ID_NOT_FOUND,iNaturalist research-grade observations,50c9509d-22c7-4a22-a47d-8c48425ef4a7,http://creativecommons.org/licenses/by-nc/4.0/legalcode,https://www.gbif.org/occurrence/5897225591,True,True
dd68c7857db1733f0b8d2677,eichhornia_crassipes,Eichhornia crassipes,Pontederia crassipes Mart.,GBIF,5897381804,inat:326282533,HUMAN_OBSERVATION,2025-11-13T11:11:41,2025,MY,5.353456,100.300507,233.0,Pulau Pinang,,PRESENT,CONTINENT_DERIVED_FROM_COORDINATES|COORDINATE_ROUNDED|TAXON_ID_NOT_FOUND,iNaturalist research-grade observations,50c9509d-22c7-4a22-a47d-8c48425ef4a7,http://creativecommons.org/licenses/by-nc/4.0/legalcode,https://www.gbif.org/occurrence/5897381804,True,True
46651ca89fb7e4fb8afe3b26,eichhornia_crassipes,Eichhornia crassipes,Pontederia crassipes Mart.,GBIF,5897443441,inat:326277397,HUMAN_OBSERVATION,2025-11-13T11:12:01,2025,MY,5.353456,100.300507,233.0,Pulau Pinang,,PRESENT,CONTINENT_DERIVED_FROM_COORDINATES|COORDINATE_ROUNDED|TAXON_ID_NOT_FOUND,iNaturalist research-grade observations,50c9509d-22c7-4a22-a47d-8c48425ef4a7,http://creativecommons.org/licenses/by-nc/4.0/legalcode,https://www.gbif.org/occurrence/5897443441,True,True
d808c5a9c7563462aaf89d99,eichhornia_crassipes,Eichhornia crassipes,Pontederia crassipes Mart.,GBIF,5897630752,inat:326276574,HUMAN_OBSERVATION,2025-11-13,2025,MY,5.35381,100.300733,5.0,Pulau Pinang,,PRESENT,CONTINENT_DERIVED_FROM_COORDINATES|COORDINATE_ROUNDED|TAXON_ID_NOT_FOUND,iNaturalist research-grade observations,50c9509d-22c7-4a22-a47d-8c48425ef4a7,http://creativecommons.org/licenses/by-nc/4.0/legalcode,https://www.gbif.org/occurrence/5897630752,True,True
0f7760244501351fc983d957,eichhornia_crassipes,Eichhornia crassipes,Pontederia crassipes Mart.,GBIF,5897715443,inat:326277464,HUMAN_OBSERVATION,2025-11-13T11:14:09,2025,MY,5.354213,100.3,42.0,Pulau Pinang,,PRESENT,CONTINENT_DERIVED_FROM_COORDINATES|COORDINATE_ROUNDED|TAXON_ID_NOT_FOUND,iNaturalist research-grade observations,50c9509d-22c7-4a22-a47d-8c48425ef4a7,http://creativecommons.org/licenses/by-nc/4.0/legalcode,https://www.gbif.org/occurrence/5897715443,True,True
85b98be86d0fa2b590fc000d,eichhornia_crassipes,Eichhornia crassipes,Pontederia crassipes Mart.,GBIF,5897732851,inat:326283135,HUMAN_OBSERVATION,2025-11-13T10:22:44,2025,MY,5.357884,100.304013,324.0,Pulau Pinang,,PRESENT,CONTINENT_DERIVED_FROM_COORDINATES|COORDINATE_ROUNDED|TAXON_ID_NOT_FOUND,iNaturalist research-grade observations,50c9509d-22c7-4a22-a47d-8c48425ef4a7,http://creativecommons.org/licenses/by-nc/4.0/legalcode,https://www.gbif.org/occurrence/5897732851,True,True
0ab56f66a77f53728049849b,eichhornia_crassipes,Eichhornia crassipes,Pontederia crassipes Mart.,GBIF,5897760118,inat:326282746,HUMAN_OBSERVATION,2025-11-13T11:12:40,2025,MY,5.35384,100.299728,8.0,Pulau Pinang,,PRESENT,CONTINENT_DERIVED_FROM_COORDINATES|COORDINATE_ROUNDED|TAXON_ID_NOT_FOUND,iNaturalist research-grade observations,50c9509d-22c7-4a22-a47d-8c48425ef4a7,http://creativecommons.org/licenses/by-nc/4.0/legalcode,https://www.gbif.org/occurrence/5897760118,True,True
5968069f16a1ffc2b36eec2f,eichhornia_crassipes,Eichhornia crassipes,Pontederia crassipes Mart.,GBIF,5897820943,inat:326278424,HUMAN_OBSERVATION,2025-11-13T11:19,2025,MY,5.354108,100.299878,80.0,Pulau Pinang,,PRESENT,CONTINENT_DERIVED_FROM_COORDINATES|COORDINATE_ROUNDED|TAXON_ID_NOT_FOUND,iNaturalist research-grade observations,50c9509d-22c7-4a22-a47d-8c48425ef4a7,http://creativecommons.org/licenses/by-nc/4.0/legalcode,https://www.gbif.org/occurrence/5897820943,True,True
85c1b5e660ef65d6cc15b121,eichhornia_crassipes,Eichhornia crassipes,Pontederia crassipes Mart.,GBIF,5904017412,inat:322357310,HUMAN_OBSERVATION,2025-09-22T16:52,2025,MY,5.480859,118.267771,31.0,Sabah,,PRESENT,CONTINENT_DERIVED_FROM_COORDINATES|COORDINATE_ROUNDED|TAXON_ID_NOT_FOUND,iNaturalist research-grade observations,50c9509d-22c7-4a22-a47d-8c48425ef4a7,http://creativecommons.org/licenses/by-nc/4.0/legalcode,https://www.gbif.org/occurrence/5904017412,True,True
226288de178e6fa26d5dabd4,eichhornia_crassipes,Eichhornia crassipes,Pontederia crassipes Mart.,GBIF,5909149259,inat:328590147,HUMAN_OBSERVATION,2025-11-28T14:27:40,2025,MY,5.489938,118.211028,19.0,Sabah,,PRESENT,CONTINENT_DERIVED_FROM_COORDINATES|COORDINATE_ROUNDED|TAXON_ID_NOT_FOUND,iNaturalist research-grade observations,50c9509d-22c7-4a22-a47d-8c48425ef4a7,http://creativecommons.org/licenses/by/4.0/legalcode,https://www.gbif.org/occurrence/5909149259,True,True
d6adff22d814e169e709e9a9,eichhornia_crassipes,Eichhornia crassipes,Pontederia crassipes Mart.,GBIF,5935870321,inat:330319111,HUMAN_OBSERVATION,2025-12-11T11:54:24,2025,MY,4.582379,113.990313,3.0,Sarawak,,PRESENT,CONTINENT_DERIVED_FROM_COORDINATES|COORDINATE_ROUNDED|TAXON_ID_NOT_FOUND,iNaturalist research-grade observations,50c9509d-22c7-4a22-a47d-8c48425ef4a7,http://creativecommons.org/licenses/by-nc/4.0/legalcode,https://www.gbif.org/occurrence/5935870321,True,True
ccdfcc5779b484b775768237,eichhornia_crassipes,Eichhornia crassipes,Pontederia crassipes Mart.,GBIF,5936112394,inat:330846549,HUMAN_OBSERVATION,2025-12-15T20:55:37,2025,MY,3.108083,101.664362,14.0,Kuala Lumpur,,PRESENT,CONTINENT_DERIVED_FROM_COORDINATES|COORDINATE_ROUNDED|TAXON_ID_NOT_FOUND,iNaturalist research-grade observations,50c9509d-22c7-4a22-a47d-8c48425ef4a7,http://creativecommons.org/licenses/by-nc/4.0/legalcode,https://www.gbif.org/occurrence/5936112394,True,True
064eae5da7dd60f1354a7e8b,eichhornia_crassipes,Eichhornia crassipes,Pontederia crassipes Mart.,GBIF,5938290725,inat:326282483,HUMAN_OBSERVATION,2025-11-13T10:26:37,2025,MY,5.358315,100.302347,221.0,Pulau Pinang,,PRESENT,CONTINENT_DERIVED_FROM_COORDINATES|COORDINATE_ROUNDED|TAXON_ID_NOT_FOUND,iNaturalist research-grade observations,50c9509d-22c7-4a22-a47d-8c48425ef4a7,http://creativecommons.org/licenses/by-nc/4.0/legalcode,https://www.gbif.org/occurrence/5938290725,True,True
2ecd67148a2d08eb1770e9bf,eichhornia_crassipes,Eichhornia crassipes,Pontederia crassipes Mart.,GBIF,5938667539,inat:332953582,HUMAN_OBSERVATION,2026-01-01T10:20:16,2026,MY,5.463459,100.228782,62.0,Pulau Pinang,,PRESENT,CONTINENT_DERIVED_FROM_COORDINATES|COORDINATE_ROUNDED|TAXON_ID_NOT_FOUND,iNaturalist research-grade observations,50c9509d-22c7-4a22-a47d-8c48425ef4a7,http://creativecommons.org/licenses/by-nc/4.0/legalcode,https://www.gbif.org/occurrence/5938667539,True,True
2baada52005d8839b80033fd,eichhornia_crassipes,Eichhornia crassipes,Pontederia crassipes Mart.,GBIF,6130069105,inat:334414972,HUMAN_OBSERVATION,2025-05-19T08:46,2025,MY,5.529953,118.295718,925.0,Sabah,,PRESENT,CONTINENT_DERIVED_FROM_COORDINATES|COORDINATE_ROUNDED|TAXON_ID_NOT_FOUND,iNaturalist research-grade observations,50c9509d-22c7-4a22-a47d-8c48425ef4a7,http://creativecommons.org/licenses/by/4.0/legalcode,https://www.gbif.org/occurrence/6130069105,True,True
d7587c19e724f0b9489469e2,eichhornia_crassipes,Eichhornia crassipes,Pontederia crassipes Mart.,GBIF,6131009224,inat:334637018,HUMAN_OBSERVATION,2025-05-19T08:46,2025,MY,5.512487,118.291927,264.0,Sabah,,PRESENT,CONTINENT_DERIVED_FROM_COORDINATES|COORDINATE_ROUNDED|TAXON_ID_NOT_FOUND,iNaturalist research-grade observations,50c9509d-22c7-4a22-a47d-8c48425ef4a7,http://creativecommons.org/licenses/by/4.0/legalcode,https://www.gbif.org/occurrence/6131009224,True,True
e8e765616a6ba236c74c0594,eichhornia_crassipes,Eichhornia crassipes,Pontederia crassipes Mart.,GBIF,6131081188,inat:334638661,HUMAN_OBSERVATION,2025-05-20T03:24,2025,MY,5.495345,118.281571,122.0,Sabah,,PRESENT,CONTINENT_DERIVED_FROM_COORDINATES|COORDINATE_ROUNDED|TAXON_ID_NOT_FOUND,iNaturalist research-grade observations,50c9509d-22c7-4a22-a47d-8c48425ef4a7,http://creativecommons.org/licenses/by/4.0/legalcode,https://www.gbif.org/occurrence/6131081188,True,True
707f26b3f10a5b02b728fbee,eichhornia_crassipes,Eichhornia crassipes,Pontederia crassipes Mart.,GBIF,6131200585,inat:334664677,HUMAN_OBSERVATION,2026-01-14T07:43:39,2026,MY,6.516103,116.499336,,Sabah,,PRESENT,CONTINENT_DERIVED_FROM_COORDINATES|COORDINATE_ROUNDED|TAXON_ID_NOT_FOUND,iNaturalist research-grade observations,50c9509d-22c7-4a22-a47d-8c48425ef4a7,http://creativecommons.org/licenses/by-nc/4.0/legalcode,https://www.gbif.org/occurrence/6131200585,True,False
ad214d745ea0a3856c49e8c4,eichhornia_crassipes,Eichhornia crassipes,Pontederia crassipes Mart.,GBIF,6147624217,inat:337489157,HUMAN_OBSERVATION,2026-02-06T08:16:40,2026,MY,5.54963,118.336167,6.0,Sabah,,PRESENT,CONTINENT_DERIVED_FROM_COORDINATES|COORDINATE_ROUNDED|TAXON_ID_NOT_FOUND,iNaturalist research-grade observations,50c9509d-22c7-4a22-a47d-8c48425ef4a7,http://creativecommons.org/licenses/by-nc/4.0/legalcode,https://www.gbif.org/occurrence/6147624217,True,True
b72d754e282b97b0764d2061,eichhornia_crassipes,Eichhornia crassipes,Pontederia crassipes Mart.,GBIF,6171135590,inat:340241575,HUMAN_OBSERVATION,2026-02-26T07:50:31,2026,MY,5.667783,118.400289,,Sabah,,PRESENT,CONTINENT_DERIVED_FROM_COORDINATES|COORDINATE_ROUNDED|TAXON_ID_NOT_FOUND,iNaturalist research-grade observations,50c9509d-22c7-4a22-a47d-8c48425ef4a7,http://creativecommons.org/publicdomain/zero/1.0/legalcode,https://www.gbif.org/occurrence/6171135590,True,False
41939a5928e06d5decccec85,eichhornia_crassipes,Eichhornia crassipes,Pontederia crassipes Mart.,GBIF,6178660350,inat:72009072,HUMAN_OBSERVATION,2021-03-25T18:39:39,2021,MY,5.354462,100.29832,234.0,Pulau Pinang,,PRESENT,CONTINENT_DERIVED_FROM_COORDINATES|COORDINATE_ROUNDED|TAXON_ID_NOT_FOUND,iNaturalist research-grade observations,50c9509d-22c7-4a22-a47d-8c48425ef4a7,http://creativecommons.org/licenses/by-nc/4.0/legalcode,https://www.gbif.org/occurrence/6178660350,True,True
3487e8f48bf906401529b9d8,eichhornia_crassipes,Eichhornia crassipes,Pontederia crassipes Mart.,GBIF,6179169167,inat:220447072,HUMAN_OBSERVATION,2024-05-13T09:04,2024,MY,5.497007,118.204785,4.0,Sabah,,PRESENT,CONTINENT_DERIVED_FROM_COORDINATES|COORDINATE_ROUNDED|TAXON_ID_NOT_FOUND,iNaturalist research-grade observations,50c9509d-22c7-4a22-a47d-8c48425ef4a7,http://creativecommons.org/licenses/by-nc/4.0/legalcode,https://www.gbif.org/occurrence/6179169167,True,True
403146757c26037f6871674e,eichhornia_crassipes,Eichhornia crassipes,Pontederia crassipes Mart.,GBIF,6179313383,inat:343258220,HUMAN_OBSERVATION,2026-03-16T10:22:58,2026,MY,1.566099,110.351351,,Sarawak,,PRESENT,CONTINENT_DERIVED_FROM_COORDINATES|COORDINATE_ROUNDED|TAXON_ID_NOT_FOUND,iNaturalist research-grade observations,50c9509d-22c7-4a22-a47d-8c48425ef4a7,http://creativecommons.org/licenses/by-nc/4.0/legalcode,https://www.gbif.org/occurrence/6179313383,True,False
da428e317bfdddafe2449671,eichhornia_crassipes,Eichhornia crassipes,Pontederia crassipes Mart.,GBIF,6185128890,inat:343806643,HUMAN_OBSERVATION,2026-03-19T09:21,2026,MY,2.279246,111.863994,210.0,Sarawak,,PRESENT,CONTINENT_DERIVED_FROM_COORDINATES|COORDINATE_ROUNDED|TAXON_ID_NOT_FOUND,iNaturalist research-grade observations,50c9509d-22c7-4a22-a47d-8c48425ef4a7,http://creativecommons.org/licenses/by-nc/4.0/legalcode,https://www.gbif.org/occurrence/6185128890,True,True
cd27080dfa30717f5c319b08,eichhornia_crassipes,Eichhornia crassipes,Pontederia crassipes Mart.,GBIF,6185766252,inat:345473736,HUMAN_OBSERVATION,2026-03-19T02:06,2026,MY,5.660926,118.39834,244.0,Sabah,,PRESENT,CONTINENT_DERIVED_FROM_COORDINATES|COORDINATE_ROUNDED|TAXON_ID_NOT_FOUND,iNaturalist research-grade observations,50c9509d-22c7-4a22-a47d-8c48425ef4a7,http://creativecommons.org/licenses/by-nc/4.0/legalcode,https://www.gbif.org/occurrence/6185766252,True,True
47f81a09bb5543b348700833,eichhornia_crassipes,Eichhornia crassipes,Pontederia crassipes Mart.,GBIF,6196030440,inat:347967610,HUMAN_OBSERVATION,2026-04-06T16:22:18,2026,MY,5.504274,118.268273,990.0,Sabah,,PRESENT,CONTINENT_DERIVED_FROM_COORDINATES|COORDINATE_ROUNDED|TAXON_ID_NOT_FOUND,iNaturalist research-grade observations,50c9509d-22c7-4a22-a47d-8c48425ef4a7,http://creativecommons.org/licenses/by-nc/4.0/legalcode,https://www.gbif.org/occurrence/6196030440,True,True
50ed46f579362857cc87fedd,eichhornia_crassipes,Eichhornia crassipes,Pontederia crassipes Mart.,GBIF,6234290451,inat:349724349,HUMAN_OBSERVATION,2026-04-14T09:37:02,2026,MY,1.55841,103.640505,211.0,Johor,,PRESENT,CONTINENT_DERIVED_FROM_COORDINATES|COORDINATE_ROUNDED|TAXON_ID_NOT_FOUND,iNaturalist research-grade observations,50c9509d-22c7-4a22-a47d-8c48425ef4a7,http://creativecommons.org/licenses/by-nc/4.0/legalcode,https://www.gbif.org/occurrence/6234290451,True,True
d70a477aa89cc5ad1ccc9f5d,eichhornia_crassipes,Eichhornia crassipes,Pontederia crassipes Mart.,GBIF,6234426330,inat:349661144,HUMAN_OBSERVATION,2026-04-14T08:36:50,2026,MY,1.556886,103.634572,22.0,Johor,,PRESENT,CONTINENT_DERIVED_FROM_COORDINATES|COORDINATE_ROUNDED|TAXON_ID_NOT_FOUND,iNaturalist research-grade observations,50c9509d-22c7-4a22-a47d-8c48425ef4a7,http://creativecommons.org/licenses/by-nc/4.0/legalcode,https://www.gbif.org/occurrence/6234426330,True,True
47c40e84fbc43b7ce995f18e,eichhornia_crassipes,Eichhornia crassipes,Pontederia crassipes Mart.,GBIF,6234553533,inat:349745333,HUMAN_OBSERVATION,2026-04-14T08:37:40,2026,MY,1.557621,103.633897,27.0,Johor,,PRESENT,CONTINENT_DERIVED_FROM_COORDINATES|COORDINATE_ROUNDED|TAXON_ID_NOT_FOUND,iNaturalist research-grade observations,50c9509d-22c7-4a22-a47d-8c48425ef4a7,http://creativecommons.org/licenses/by-nc/4.0/legalcode,https://www.gbif.org/occurrence/6234553533,True,True
7ade92f3e8fd6ad1596c063c,eichhornia_crassipes,Eichhornia crassipes,Pontederia crassipes Mart.,GBIF,6234563941,inat:349660195,HUMAN_OBSERVATION,2026-04-14T08:36:15,2026,MY,1.556782,103.633705,1.0,Johor,,PRESENT,CONTINENT_DERIVED_FROM_COORDINATES|COORDINATE_ROUNDED|TAXON_ID_NOT_FOUND,iNaturalist research-grade observations,50c9509d-22c7-4a22-a47d-8c48425ef4a7,http://creativecommons.org/licenses/by-nc/4.0/legalcode,https://www.gbif.org/occurrence/6234563941,True,True
f093ddfb0149e73e4e1425c9,eichhornia_crassipes,Eichhornia crassipes,Pontederia crassipes Mart.,GBIF,6234703309,inat:355239561,HUMAN_OBSERVATION,2026-04-27T19:01:17,2026,MY,3.256455,102.435743,,Pahang,,PRESENT,CONTINENT_DERIVED_FROM_COORDINATES|COORDINATE_ROUNDED|TAXON_ID_NOT_FOUND,iNaturalist research-grade observations,50c9509d-22c7-4a22-a47d-8c48425ef4a7,http://creativecommons.org/licenses/by-nc/4.0/legalcode,https://www.gbif.org/occurrence/6234703309,True,False
ee45fd80096097991f991a01,eichhornia_crassipes,Eichhornia crassipes,Pontederia crassipes Mart.,GBIF,6234751774,inat:349664885,HUMAN_OBSERVATION,2026-04-14T08:37:25,2026,MY,1.556828,103.633839,9.0,Johor,,PRESENT,CONTINENT_DERIVED_FROM_COORDINATES|COORDINATE_ROUNDED|TAXON_ID_NOT_FOUND,iNaturalist research-grade observations,50c9509d-22c7-4a22-a47d-8c48425ef4a7,http://creativecommons.org/licenses/by-nc/4.0/legalcode,https://www.gbif.org/occurrence/6234751774,True,True
c9ee0b2dda303616d2aa4d1f,eichhornia_crassipes,Eichhornia crassipes,Pontederia crassipes Mart.,GBIF,6234780155,inat:352288378,HUMAN_OBSERVATION,2026-04-14T08:36:39,2026,MY,1.556685,103.633721,35.0,Johor,,PRESENT,CONTINENT_DERIVED_FROM_COORDINATES|COORDINATE_ROUNDED|TAXON_ID_NOT_FOUND,iNaturalist research-grade observations,50c9509d-22c7-4a22-a47d-8c48425ef4a7,http://creativecommons.org/licenses/by-nc/4.0/legalcode,https://www.gbif.org/occurrence/6234780155,True,True
a8e33d25f613f5e03665b066,eichhornia_crassipes,Eichhornia crassipes,Pontederia crassipes Mart.,GBIF,6234973015,inat:349661764,HUMAN_OBSERVATION,2026-04-14T08:43:56,2026,MY,1.55672,103.633715,9.0,Johor,,PRESENT,CONTINENT_DERIVED_FROM_COORDINATES|COORDINATE_ROUNDED|TAXON_ID_NOT_FOUND,iNaturalist research-grade observations,50c9509d-22c7-4a22-a47d-8c48425ef4a7,http://creativecommons.org/licenses/by-nc/4.0/legalcode,https://www.gbif.org/occurrence/6234973015,True,True
d495fd3ca385fb30bbe5ddcd,eichhornia_crassipes,Eichhornia crassipes,Pontederia crassipes Mart.,GBIF,6234989948,inat:349661519,HUMAN_OBSERVATION,2026-04-14T08:40:53,2026,MY,1.557601,103.633852,31.0,Johor,,PRESENT,CONTINENT_DERIVED_FROM_COORDINATES|COORDINATE_ROUNDED|TAXON_ID_NOT_FOUND,iNaturalist research-grade observations,50c9509d-22c7-4a22-a47d-8c48425ef4a7,http://creativecommons.org/licenses/by-nc/4.0/legalcode,https://www.gbif.org/occurrence/6234989948,True,True
2cf85cbcd4d0f1a044937d21,eichhornia_crassipes,Eichhornia crassipes,Pontederia crassipes Mart.,GBIF,6235093465,inat:349660313,HUMAN_OBSERVATION,2026-04-14T08:24:04,2026,MY,1.55685,103.633331,,Johor,,PRESENT,CONTINENT_DERIVED_FROM_COORDINATES|COORDINATE_ROUNDED|TAXON_ID_NOT_FOUND,iNaturalist research-grade observations,50c9509d-22c7-4a22-a47d-8c48425ef4a7,http://creativecommons.org/licenses/by-nc/4.0/legalcode,https://www.gbif.org/occurrence/6235093465,True,False
770756c860fb4daf35998c0c,eichhornia_crassipes,Eichhornia crassipes,Pontederia crassipes Mart.,GBIF,6235284311,inat:349660818,HUMAN_OBSERVATION,2026-04-14T08:39:52,2026,MY,1.556805,103.633681,7.0,Johor,,PRESENT,CONTINENT_DERIVED_FROM_COORDINATES|COORDINATE_ROUNDED|TAXON_ID_NOT_FOUND,iNaturalist research-grade observations,50c9509d-22c7-4a22-a47d-8c48425ef4a7,http://creativecommons.org/licenses/by-nc/4.0/legalcode,https://www.gbif.org/occurrence/6235284311,True,True
99fd19d5eb25e0f9d429a9fe,eichhornia_crassipes,Eichhornia crassipes,Pontederia crassipes Mart.,GBIF,6235288997,inat:349660197,HUMAN_OBSERVATION,2026-04-14T08:35:30,2026,MY,1.556682,103.633665,6.0,Johor,,PRESENT,CONTINENT_DERIVED_FROM_COORDINATES|COORDINATE_ROUNDED|TAXON_ID_NOT_FOUND,iNaturalist research-grade observations,50c9509d-22c7-4a22-a47d-8c48425ef4a7,http://creativecommons.org/licenses/by-nc/4.0/legalcode,https://www.gbif.org/occurrence/6235288997,True,True
42c939c2e7fcbf9d342af65c,eichhornia_crassipes,Eichhornia crassipes,Pontederia crassipes Mart.,GBIF,6235474386,inat:349660199,HUMAN_OBSERVATION,2026-04-14T08:36:46,2026,MY,1.55741,103.63382,17.0,Johor,,PRESENT,CONTINENT_DERIVED_FROM_COORDINATES|COORDINATE_ROUNDED|TAXON_ID_NOT_FOUND,iNaturalist research-grade observations,50c9509d-22c7-4a22-a47d-8c48425ef4a7,http://creativecommons.org/licenses/by-nc/4.0/legalcode,https://www.gbif.org/occurrence/6235474386,True,True
3e1521407208c673dc21b01f,eichhornia_crassipes,Eichhornia crassipes,Pontederia crassipes Mart.,GBIF,6235790884,inat:349707694,HUMAN_OBSERVATION,2026-04-14T08:36:33,2026,MY,1.556878,103.633693,5.0,Johor,,PRESENT,CONTINENT_DERIVED_FROM_COORDINATES|COORDINATE_ROUNDED|TAXON_ID_NOT_FOUND,iNaturalist research-grade observations,50c9509d-22c7-4a22-a47d-8c48425ef4a7,http://creativecommons.org/licenses/by-nc/4.0/legalcode,https://www.gbif.org/occurrence/6235790884,True,True
ca929daf8beb59ad02a57277,eichhornia_crassipes,Eichhornia crassipes,Pontederia crassipes Mart.,GBIF,6236071926,inat:351138996,HUMAN_OBSERVATION,2026-04-15T16:09,2026,MY,5.552217,118.333919,465.0,Sabah,,PRESENT,CONTINENT_DERIVED_FROM_COORDINATES|COORDINATE_ROUNDED|TAXON_ID_NOT_FOUND,iNaturalist research-grade observations,50c9509d-22c7-4a22-a47d-8c48425ef4a7,http://creativecommons.org/licenses/by-nc/4.0/legalcode,https://www.gbif.org/occurrence/6236071926,True,True
0c4fe9fd5d29c7cafffba415,eichhornia_crassipes,Eichhornia crassipes,Pontederia crassipes Mart.,GBIF,6236143840,inat:349661402,HUMAN_OBSERVATION,2026-04-14T08:38:03,2026,MY,1.556723,103.63368,3.0,Johor,,PRESENT,CONTINENT_DERIVED_FROM_COORDINATES|COORDINATE_ROUNDED|TAXON_ID_NOT_FOUND,iNaturalist research-grade observations,50c9509d-22c7-4a22-a47d-8c48425ef4a7,http://creativecommons.org/licenses/by-nc/4.0/legalcode,https://www.gbif.org/occurrence/6236143840,True,True
a015da533832c13e51e32b1d,eichhornia_crassipes,Eichhornia crassipes,Pontederia crassipes Mart.,GBIF,6236441446,inat:349661268,HUMAN_OBSERVATION,2026-04-14T08:40:55,2026,MY,1.556657,103.633831,8.0,Johor,,PRESENT,CONTINENT_DERIVED_FROM_COORDINATES|COORDINATE_ROUNDED|TAXON_ID_NOT_FOUND,iNaturalist research-grade observations,50c9509d-22c7-4a22-a47d-8c48425ef4a7,http://creativecommons.org/licenses/by-nc/4.0/legalcode,https://www.gbif.org/occurrence/6236441446,True,True
c5d8d2c988ac87c9b5c4cbb8,eichhornia_crassipes,Eichhornia crassipes,Pontederia crassipes Mart.,GBIF,6251613026,inat:226857779,HUMAN_OBSERVATION,2024-05-28T08:06,2024,MY,5.666922,118.401913,,Sabah,,PRESENT,CONTINENT_DERIVED_FROM_COORDINATES|COORDINATE_ROUNDED|TAXON_ID_NOT_FOUND,iNaturalist research-grade observations,50c9509d-22c7-4a22-a47d-8c48425ef4a7,http://creativecommons.org/licenses/by-nc/4.0/legalcode,https://www.gbif.org/occurrence/6251613026,True,False
ce5a088236f4bca8fbdee73f,eichhornia_crassipes,Eichhornia crassipes,Pontederia crassipes Mart.,GBIF,6273943467,inat:359792011,HUMAN_OBSERVATION,2026-05-09T18:26:32,2026,MY,3.258929,102.60543,,Pahang,,PRESENT,CONTINENT_DERIVED_FROM_COORDINATES|COORDINATE_ROUNDED|TAXON_ID_NOT_FOUND,iNaturalist research-grade observations,50c9509d-22c7-4a22-a47d-8c48425ef4a7,http://creativecommons.org/licenses/by-nc/4.0/legalcode,https://www.gbif.org/occurrence/6273943467,True,False
35c5e8abd1b46bf99393a563,eichhornia_crassipes,Eichhornia crassipes,Pontederia crassipes Mart.,GBIF,6320698765,inat:360815552,HUMAN_OBSERVATION,2026-05-12T11:13:09,2026,MY,3.586613,103.411263,,Pahang,,PRESENT,CONTINENT_DERIVED_FROM_COORDINATES|COORDINATE_ROUNDED|TAXON_ID_NOT_FOUND,iNaturalist research-grade observations,50c9509d-22c7-4a22-a47d-8c48425ef4a7,http://creativecommons.org/licenses/by-nc/4.0/legalcode,https://www.gbif.org/occurrence/6320698765,True,False
9d088f5de131a46711add657,eichhornia_crassipes,Eichhornia crassipes,Pontederia crassipes Mart.,GBIF,6321251424,inat:362239729,HUMAN_OBSERVATION,2026-05-17T11:27:21,2026,MY,1.554729,103.637185,,Johor,,PRESENT,CONTINENT_DERIVED_FROM_COORDINATES|COORDINATE_ROUNDED|TAXON_ID_NOT_FOUND,iNaturalist research-grade observations,50c9509d-22c7-4a22-a47d-8c48425ef4a7,http://creativecommons.org/licenses/by-nc/4.0/legalcode,https://www.gbif.org/occurrence/6321251424,True,False
2f179f2288ef23f2eefd2346,eichhornia_crassipes,Eichhornia crassipes,Pontederia crassipes Mart.,GBIF,6422457019,inat:349082672,HUMAN_OBSERVATION,2026-04-11T16:57:31,2026,MY,5.551909,118.334208,,Sabah,,PRESENT,CONTINENT_DERIVED_FROM_COORDINATES|COORDINATE_ROUNDED|TAXON_ID_NOT_FOUND,iNaturalist research-grade observations,50c9509d-22c7-4a22-a47d-8c48425ef4a7,http://creativecommons.org/publicdomain/zero/1.0/legalcode,https://www.gbif.org/occurrence/6422457019,True,False
f384b01d8e4afaf6db351d97,eichhornia_crassipes,Eichhornia crassipes,Pontederia crassipes Mart.,GBIF,6422501481,inat:349660282,HUMAN_OBSERVATION,2026-04-14T08:36:52,2026,MY,1.556702,103.633687,5.0,Johor,,PRESENT,CONTINENT_DERIVED_FROM_COORDINATES|COORDINATE_ROUNDED|TAXON_ID_NOT_FOUND,iNaturalist research-grade observations,50c9509d-22c7-4a22-a47d-8c48425ef4a7,http://creativecommons.org/licenses/by-nc/4.0/legalcode,https://www.gbif.org/occurrence/6422501481,True,True
5ff24bfad5cd46a604abbc40,eichhornia_crassipes,Eichhornia crassipes,Pontederia crassipes Mart.,GBIF,6431148785,inat:378623929,HUMAN_OBSERVATION,2026-07-03T09:27:03,2026,MY,5.48991,118.21047,9.0,Sabah,,PRESENT,CONTINENT_DERIVED_FROM_COORDINATES|COORDINATE_ROUNDED|TAXON_ID_NOT_FOUND,iNaturalist research-grade observations,50c9509d-22c7-4a22-a47d-8c48425ef4a7,http://creativecommons.org/licenses/by-nc/4.0/legalcode,https://www.gbif.org/occurrence/6431148785,True,True
452a47d8e0481fa27561a274,eichhornia_crassipes,Eichhornia crassipes,Pontederia crassipes Mart.,GBIF,6480106833,inat:386796051,HUMAN_OBSERVATION,2026-07-31T13:55:46,2026,MY,2.931258,101.909683,4.0,Negeri Sembilan,,PRESENT,CONTINENT_DERIVED_FROM_COORDINATES|COORDINATE_ROUNDED|TAXON_ID_NOT_FOUND,iNaturalist research-grade observations,50c9509d-22c7-4a22-a47d-8c48425ef4a7,http://creativecommons.org/licenses/by-nc/4.0/legalcode,https://www.gbif.org/occurrence/6480106833,True,True
011a81f673971023a517ac26,eichhornia_crassipes,Eichhornia crassipes,Pontederia crassipes Mart.,GBIF,6481129669,inat:386422755,HUMAN_OBSERVATION,2026-07-30T07:38:48,2026,MY,5.552953,118.333625,,Sabah,,PRESENT,CONTINENT_DERIVED_FROM_COORDINATES|COORDINATE_ROUNDED|TAXON_ID_NOT_FOUND,iNaturalist research-grade observations,50c9509d-22c7-4a22-a47d-8c48425ef4a7,http://creativecommons.org/publicdomain/zero/1.0/legalcode,https://www.gbif.org/occurrence/6481129669,True,False
2213e6ae82728d5fe0589014,eleusine_indica,Eleusine indica,Eleusine indica (L.) Gaertn.,GBIF,1300519344,,OCCURRENCE,1987-01-29,1987,MY,3.083333,101.5,,Selangor,Shah Alam,PRESENT,CONTINENT_DERIVED_FROM_COORDINATES|COORDINATE_ROUNDED|GEODETIC_DATUM_ASSUMED_WGS84,,07044577-bd82-4089-9f3a-f4a9d2170b2e,http://creativecommons.org/licenses/by/4.0/legalcode,https://www.gbif.org/occurrence/1300519344,True,False
2ca1b5e329d0ea245628a4d2,eleusine_indica,Eleusine indica,Eleusine indica (L.) Gaertn.,GBIF,1421198097,,PRESERVED_SPECIMEN,1917-12-21T00:00,1917,MY,5.42,100.343889,423.0,,Fort Cornwalllis;,PRESENT,CONTINENT_DERIVED_FROM_COORDINATES|COORDINATE_ROUNDED|GEODETIC_DATUM_ASSUMED_WGS84|INSTITUTION_COLLECTION_MISMATCH|INSTITUTION_MATCH_FUZZY,,cd6e21c8-9e8a-493a-8a76-fbf7862069e5,http://creativecommons.org/licenses/by/4.0/legalcode,https://www.gbif.org/occurrence/1421198097,True,False
2f1db1516b289ba1642f4a0e,eleusine_indica,Eleusine indica,Eleusine indica (L.) Gaertn.,GBIF,1421198117,,PRESERVED_SPECIMEN,1933-09-09T00:00,1933,MY,6.141389,100.613889,423.0,,,PRESENT,CONTINENT_DERIVED_FROM_COORDINATES|COORDINATE_ROUNDED|GEODETIC_DATUM_ASSUMED_WGS84|INSTITUTION_COLLECTION_MISMATCH|INSTITUTION_MATCH_FUZZY,,cd6e21c8-9e8a-493a-8a76-fbf7862069e5,http://creativecommons.org/licenses/by/4.0/legalcode,https://www.gbif.org/occurrence/1421198117,True,False
5456fb1a8e5f65b5f69ae1c9,eleusine_indica,Eleusine indica,Eleusine indica (L.) Gaertn.,GBIF,1890032591,inat:11473317,HUMAN_OBSERVATION,2018-04-27T10:02,2018,MY,3.12074,101.647872,,Kuala Lumpur,,PRESENT,CONTINENT_DERIVED_FROM_COORDINATES|COORDINATE_ROUNDED|TAXON_ID_NOT_FOUND,iNaturalist research-grade observations,50c9509d-22c7-4a22-a47d-8c48425ef4a7,http://creativecommons.org/licenses/by-nc/4.0/legalcode,https://www.gbif.org/occurrence/1890032591,True,False
a05f7145089675c310322f6f,eleusine_indica,Eleusine indica,Eleusine indica (L.) Gaertn.,GBIF,1913159345,inat:16306981,HUMAN_OBSERVATION,2018-09-08T09:21:03,2018,MY,2.868392,101.675087,6.0,Putrajaya,,PRESENT,CONTINENT_DERIVED_FROM_COORDINATES|COORDINATE_ROUNDED|TAXON_ID_NOT_FOUND,iNaturalist research-grade observations,50c9509d-22c7-4a22-a47d-8c48425ef4a7,http://creativecommons.org/licenses/by-nc/4.0/legalcode,https://www.gbif.org/occurrence/1913159345,True,False
5001ea6e8854e77b09b8d7f3,eleusine_indica,Eleusine indica,Eleusine indica (L.) Gaertn.,GBIF,2513553292,,PRESERVED_SPECIMEN,1955-12-08,1955,MY,1.43333,110.26667,,Borneo,"Sarawak, Division 1, Batu Kitang",PRESENT,,,15f819bd-6612-4447-854b-14d12ee1022d,http://creativecommons.org/publicdomain/zero/1.0/legalcode,https://www.gbif.org/occurrence/2513553292,True,False
29c27b6b5ce88bad84193d7c,eleusine_indica,Eleusine indica,Eleusine indica (L.) Gaertn.,GBIF,2513554331,,PRESERVED_SPECIMEN,2007-05-09,2007,MY,4.45,101.43333,,,"Malaysia, Pahang, Cameron Highlands, Boh Plantation, Junction to MNS Research Centre.",PRESENT,,,15f819bd-6612-4447-854b-14d12ee1022d,http://creativecommons.org/publicdomain/zero/1.0/legalcode,https://www.gbif.org/occurrence/2513554331,True,False
61a9a0a17357183e9b600038,eleusine_indica,Eleusine indica,Eleusine indica (L.) Gaertn.,GBIF,2513554491,,PRESERVED_SPECIMEN,1976-01-16,1976,MY,4.85,117.61667,,Borneo,"Sabah, Lahad Datu, Ulu Sungai Segama",PRESENT,,,15f819bd-6612-4447-854b-14d12ee1022d,http://creativecommons.org/publicdomain/zero/1.0/legalcode,https://www.gbif.org/occurrence/2513554491,True,False
d4103a4a981f016add589059,eleusine_indica,Eleusine indica,Eleusine indica (L.) Gaertn.,GBIF,2513554502,,PRESERVED_SPECIMEN,1932-12-01/1932-12-31,1932,MY,4.38333,113.98333,,Borneo,"Sarawak, Miri",PRESENT,,,15f819bd-6612-4447-854b-14d12ee1022d,http://creativecommons.org/publicdomain/zero/1.0/legalcode,https://www.gbif.org/occurrence/2513554502,True,False
c6d026bc13bf0ac988bcbb9b,eleusine_indica,Eleusine indica,Eleusine indica (L.) Gaertn.,GBIF,2513554565,,PRESERVED_SPECIMEN,1987-01-29,1987,MY,3.08333,101.5,,,"Malaysia: Selangor, Dist. of Petaling, Shah Alam.",PRESENT,,,15f819bd-6612-4447-854b-14d12ee1022d,http://creativecommons.org/publicdomain/zero/1.0/legalcode,https://www.gbif.org/occurrence/2513554565,True,False
0d920a3dca83cba1ec47f1db,eleusine_indica,Eleusine indica,Eleusine indica (L.) Gaertn.,GBIF,2513554656,,PRESERVED_SPECIMEN,1985-11-26,1985,MY,4.96667,117.8,,Borneo,"Sabah, Ulu Segama, Danum Valley, beginning of west trail.",PRESENT,,,15f819bd-6612-4447-854b-14d12ee1022d,http://creativecommons.org/publicdomain/zero/1.0/legalcode,https://www.gbif.org/occurrence/2513554656,True,False
caa48a1a6ffbddc7db7705b8,eleusine_indica,Eleusine indica,Eleusine indica (L.) Gaertn.,GBIF,2513555001,,PRESERVED_SPECIMEN,1993-10-14,1993,MY,4.11472,118.63444,,Borneo,"Sabah, Sipadan Island",PRESENT,,,15f819bd-6612-4447-854b-14d12ee1022d,http://creativecommons.org/publicdomain/zero/1.0/legalcode,https://www.gbif.org/occurrence/2513555001,True,False
df81209b55684d7cfca93fef,eleusine_indica,Eleusine indica,Eleusine indica (L.) Gaertn.,GBIF,2513555059,,PRESERVED_SPECIMEN,1985-08-26,1985,MY,5.44333,118.80833,,Borneo,"Sabah, Segama River",PRESENT,,,15f819bd-6612-4447-854b-14d12ee1022d,http://creativecommons.org/publicdomain/zero/1.0/legalcode,https://www.gbif.org/occurrence/2513555059,True,False
40d4aab5ee7679147aec3b69,eleusine_indica,Eleusine indica,Eleusine indica (L.) Gaertn.,GBIF,2514926085,,PRESERVED_SPECIMEN,2010-03-06,2010,MY,5.79633,100.43467,,,"Malaya. Malaysia, Kedah, Kuala Muda, Gn. Jerai F.R., Resort car park.",PRESENT,,,15f819bd-6612-4447-854b-14d12ee1022d,http://creativecommons.org/publicdomain/zero/1.0/legalcode,https://www.gbif.org/occurrence/2514926085,True,False
9f8f2cc86e53c6bcf68e69fc,eleusine_indica,Eleusine indica,Eleusine indica (L.) Gaertn.,GBIF,2515149831,,PRESERVED_SPECIMEN,2006-09-24,2006,MY,3.23333,101.7,,Selangor,"Gombak, Batu Caves, Construction site in front of wall at left side (when facing temple) of temple complex.",PRESENT,,,15f819bd-6612-4447-854b-14d12ee1022d,http://creativecommons.org/publicdomain/zero/1.0/legalcode,https://www.gbif.org/occurrence/2515149831,True,False
b90d95e394a8079d8ee6fd5c,eleusine_indica,Eleusine indica,Eleusine indica (L.) Gaertn.,GBIF,2515247029,,PRESERVED_SPECIMEN,2006-09-25,2006,MY,4.701,103.40217,,,"Terengganu, Dungun, Bukit Bauk, Hilltop, around Telekom Station.",PRESENT,,,15f819bd-6612-4447-854b-14d12ee1022d,http://creativecommons.org/publicdomain/zero/1.0/legalcode,https://www.gbif.org/occurrence/2515247029,True,False
e6814dfd6fdf8889dced95ee,eleusine_indica,Eleusine indica,Eleusine indica (L.) Gaertn.,GBIF,2515385825,,PRESERVED_SPECIMEN,1987-01-29,1987,MY,3.08333,101.5,,,"Malaysia: Selangor, Dist. of Petaling, Shah Alam.",PRESENT,,,15f819bd-6612-4447-854b-14d12ee1022d,http://creativecommons.org/publicdomain/zero/1.0/legalcode,https://www.gbif.org/occurrence/2515385825,True,False
041dd770fe8665cd4806e2ef,eleusine_indica,Eleusine indica,Eleusine indica (L.) Gaertn.,GBIF,2516878991,,PRESERVED_SPECIMEN,2010-03-05,2010,MY,6.68333,100.2,,,"Malaya. Malaysia, Perlis, Titi Tinggi, Wang Kelian, Wang Kelian roadside.",PRESENT,,,15f819bd-6612-4447-854b-14d12ee1022d,http://creativecommons.org/publicdomain/zero/1.0/legalcode,https://www.gbif.org/occurrence/2516878991,True,False
05c4f6598cf309c33e766844,eleusine_indica,Eleusine indica,Eleusine indica (L.) Gaertn.,GBIF,2517003472,,PRESERVED_SPECIMEN,2006-09-25,2006,MY,3.0,101.70083,,,"Selangor, Serdang, Universiti Putra Malaysia, Museum and Nursery Turf, Faculty of Agriculture.",PRESENT,,,15f819bd-6612-4447-854b-14d12ee1022d,http://creativecommons.org/publicdomain/zero/1.0/legalcode,https://www.gbif.org/occurrence/2517003472,True,False
2ae630413abc953bc18a6872,eleusine_indica,Eleusine indica,Eleusine indica (L.) Gaertn.,GBIF,2517066635,,PRESERVED_SPECIMEN,2010-03-02,2010,MY,6.30617,99.78533,,,"Malaya. Malaysia, Kedah, Langkawi, P. Langkawi, Bukit Malut.",PRESENT,,,15f819bd-6612-4447-854b-14d12ee1022d,http://creativecommons.org/publicdomain/zero/1.0/legalcode,https://www.gbif.org/occurrence/2517066635,True,False
9197591bcdbf2dd67145a3c6,eleusine_indica,Eleusine indica,Eleusine indica (L.) Gaertn.,GBIF,2517079948,,PRESERVED_SPECIMEN,2006-09-25,2006,MY,3.0,101.70139,,,"Malaysia, Selangor, Petaling, University Putra Malaysia, Museum and Nursery Turf, Fakulti Pertanian, UPM.",PRESENT,,,15f819bd-6612-4447-854b-14d12ee1022d,http://creativecommons.org/publicdomain/zero/1.0/legalcode,https://www.gbif.org/occurrence/2517079948,True,False
e0181541f8319cd7ebce55e7,eleusine_indica,Eleusine indica,Eleusine indica (L.) Gaertn.,GBIF,2517124280,,PRESERVED_SPECIMEN,2007-07-31,2007,MY,4.79667,102.74444,,,"Hulu Terengganu, Sungai Cicir.",PRESENT,,,15f819bd-6612-4447-854b-14d12ee1022d,http://creativecommons.org/publicdomain/zero/1.0/legalcode,https://www.gbif.org/occurrence/2517124280,True,False
a24f82e8ac9b8aa4c41b70e6,eleusine_indica,Eleusine indica,Eleusine indica (L.) Gaertn.,GBIF,2517264408,,PRESERVED_SPECIMEN,2006-09-17,2006,MY,3.24444,101.76417,,,"Selangor, Gombak, Klang Gates Ridge.",PRESENT,,,15f819bd-6612-4447-854b-14d12ee1022d,http://creativecommons.org/publicdomain/zero/1.0/legalcode,https://www.gbif.org/occurrence/2517264408,True,False
f4e1afaf4aa133cc647cfdd1,eleusine_indica,Eleusine indica,Eleusine indica (L.) Gaertn.,GBIF,2517296407,,PRESERVED_SPECIMEN,2006-09-28,2006,MY,4.8755,101.96883,,,"Kelantan, Gua Musang, Gua Musang, Gua Musang Station.",PRESENT,,,15f819bd-6612-4447-854b-14d12ee1022d,http://creativecommons.org/publicdomain/zero/1.0/legalcode,https://www.gbif.org/occurrence/2517296407,True,False
cd1045f6d5623eec42bdca41,eleusine_indica,Eleusine indica,Eleusine indica (L.) Gaertn.,GBIF,3008517115,inat:66999091,HUMAN_OBSERVATION,2020-12-24T18:14:42,2020,MY,3.052186,101.75286,65.0,Selangor,,PRESENT,CONTINENT_DERIVED_FROM_COORDINATES|COORDINATE_ROUNDED|TAXON_ID_NOT_FOUND,iNaturalist research-grade observations,50c9509d-22c7-4a22-a47d-8c48425ef4a7,http://creativecommons.org/licenses/by-nc/4.0/legalcode,https://www.gbif.org/occurrence/3008517115,True,False
f1aaf37bb107c3673742f9c7,eleusine_indica,Eleusine indica,Eleusine indica (L.) Gaertn.,GBIF,3068072121,inat:71802823,HUMAN_OBSERVATION,2021-03-22T13:29:36,2021,MY,5.355852,100.299709,225.0,Pulau Pinang,,PRESENT,CONTINENT_DERIVED_FROM_COORDINATES|COORDINATE_ROUNDED|TAXON_ID_NOT_FOUND,iNaturalist research-grade observations,50c9509d-22c7-4a22-a47d-8c48425ef4a7,http://creativecommons.org/licenses/by-nc/4.0/legalcode,https://www.gbif.org/occurrence/3068072121,True,False
bfba7069aa5c90adc843af92,eleusine_indica,Eleusine indica,Eleusine indica (L.) Gaertn.,GBIF,3117782487,inat:77419027,HUMAN_OBSERVATION,2021-05-05T07:50:57,2021,MY,3.158228,101.631769,28.0,Kuala Lumpur,,PRESENT,CONTINENT_DERIVED_FROM_COORDINATES|COORDINATE_ROUNDED|TAXON_ID_NOT_FOUND,iNaturalist research-grade observations,50c9509d-22c7-4a22-a47d-8c48425ef4a7,http://creativecommons.org/licenses/by-nc/4.0/legalcode,https://www.gbif.org/occurrence/3117782487,True,False
ae7644169ce5799cae0d7569,eleusine_indica,Eleusine indica,Eleusine indica (L.) Gaertn.,GBIF,3898416414,,PRESERVED_SPECIMEN,1987-01-29,1987,MY,3.08,101.5,,Selangor,"Dist. of Petaling, Shah Alam",PRESENT,GEODETIC_DATUM_ASSUMED_WGS84|MODIFIED_DATE_INVALID,Vascular plants,d415c253-4d61-4459-9d25-4015b9084fb0,http://creativecommons.org/publicdomain/zero/1.0/legalcode,https://www.gbif.org/occurrence/3898416414,True,False
2b7115d9b013f30708835f3e,eleusine_indica,Eleusine indica,Eleusine indica (L.) Gaertn.,GBIF,3958630478,,HUMAN_OBSERVATION,2022-05-31T10:04:15.106Z,2022,MY,2.75358,101.832533,6.0,,,PRESENT,CONTINENT_DERIVED_FROM_COORDINATES|COORDINATE_ROUNDED|COUNTRY_DERIVED_FROM_COORDINATES,,14d5676a-2c54-4f94-9023-1e8dcd822aa0,http://creativecommons.org/licenses/by/4.0/legalcode,https://www.gbif.org/occurrence/3958630478,True,False
5fadffe086eb613513d2cd44,eleusine_indica,Eleusine indica,Eleusine indica (L.) Gaertn.,GBIF,4075566657,inat:124362575,HUMAN_OBSERVATION,2022-07-02T14:38:34,2022,MY,3.158985,101.75239,6.0,Selangor,,PRESENT,CONTINENT_DERIVED_FROM_COORDINATES|COORDINATE_ROUNDED|TAXON_ID_NOT_FOUND,iNaturalist research-grade observations,50c9509d-22c7-4a22-a47d-8c48425ef4a7,http://creativecommons.org/licenses/by/4.0/legalcode,https://www.gbif.org/occurrence/4075566657,True,False
e25103c40143745fca8008f7,eleusine_indica,Eleusine indica,Eleusine indica (L.) Gaertn.,GBIF,4075593526,inat:88528254,HUMAN_OBSERVATION,2021-07-25T19:09:26,2021,MY,5.398153,100.501268,159.0,Pulau Pinang,,PRESENT,CONTINENT_DERIVED_FROM_COORDINATES|COORDINATE_ROUNDED|TAXON_ID_NOT_FOUND,iNaturalist research-grade observations,50c9509d-22c7-4a22-a47d-8c48425ef4a7,http://creativecommons.org/licenses/by-nc/4.0/legalcode,https://www.gbif.org/occurrence/4075593526,True,False
f46ab20b3131f6efbdf11455,eleusine_indica,Eleusine indica,Eleusine indica (L.) Gaertn.,GBIF,4075596317,inat:11483900,HUMAN_OBSERVATION,2018-04-27T15:42,2018,MY,3.119497,101.661445,,Kuala Lumpur,,PRESENT,CONTINENT_DERIVED_FROM_COORDINATES|COORDINATE_ROUNDED|TAXON_ID_NOT_FOUND,iNaturalist research-grade observations,50c9509d-22c7-4a22-a47d-8c48425ef4a7,http://creativecommons.org/licenses/by-nc/4.0/legalcode,https://www.gbif.org/occurrence/4075596317,True,False
8f878cc00b0b9f68f63b107a,eleusine_indica,Eleusine indica,Eleusine indica (L.) Gaertn.,GBIF,4075652449,inat:77677629,HUMAN_OBSERVATION,2021-04-30T11:33,2021,MY,3.120795,101.649157,,Kuala Lumpur,,PRESENT,CONTINENT_DERIVED_FROM_COORDINATES|TAXON_ID_NOT_FOUND,iNaturalist research-grade observations,50c9509d-22c7-4a22-a47d-8c48425ef4a7,http://creativecommons.org/licenses/by-nc/4.0/legalcode,https://www.gbif.org/occurrence/4075652449,True,False
9581d8567a31797e14f4c2d8,eleusine_indica,Eleusine indica,Eleusine indica (L.) Gaertn.,GBIF,4075674167,inat:152034232,HUMAN_OBSERVATION,2023-01-05T12:06:29,2023,MY,4.177755,101.290297,10.0,Perak,,PRESENT,CONTINENT_DERIVED_FROM_COORDINATES|COORDINATE_ROUNDED|TAXON_ID_NOT_FOUND,iNaturalist research-grade observations,50c9509d-22c7-4a22-a47d-8c48425ef4a7,http://creativecommons.org/licenses/by-nc/4.0/legalcode,https://www.gbif.org/occurrence/4075674167,True,False
8e8a25d3ba5e04afb8c28734,eleusine_indica,Eleusine indica,Eleusine indica (L.) Gaertn.,GBIF,4096424397,inat:77153874,HUMAN_OBSERVATION,2021-05-04T09:16:15,2021,MY,5.504623,100.469408,24.0,Pulau Pinang,,PRESENT,CONTINENT_DERIVED_FROM_COORDINATES|COORDINATE_ROUNDED|TAXON_ID_NOT_FOUND,iNaturalist research-grade observations,50c9509d-22c7-4a22-a47d-8c48425ef4a7,http://creativecommons.org/licenses/by-nc/4.0/legalcode,https://www.gbif.org/occurrence/4096424397,True,False
e2237676865dc3470ee01db9,eleusine_indica,Eleusine indica,Eleusine indica (L.) Gaertn.,GBIF,4096426404,inat:74021733,HUMAN_OBSERVATION,2021-04-10T10:07:34,2021,MY,5.35133,100.293495,625.0,Pulau Pinang,,PRESENT,CONTINENT_DERIVED_FROM_COORDINATES|COORDINATE_ROUNDED|TAXON_ID_NOT_FOUND,iNaturalist research-grade observations,50c9509d-22c7-4a22-a47d-8c48425ef4a7,http://creativecommons.org/licenses/by-nc/4.0/legalcode,https://www.gbif.org/occurrence/4096426404,True,False
4d2ca7adc8c982657dde1565,eleusine_indica,Eleusine indica,Eleusine indica (L.) Gaertn.,GBIF,4096438690,inat:155441584,HUMAN_OBSERVATION,2023-04-05T15:23,2023,MY,5.94698,116.047742,,Sabah,,PRESENT,CONTINENT_DERIVED_FROM_COORDINATES|COORDINATE_ROUNDED|TAXON_ID_NOT_FOUND,iNaturalist research-grade observations,50c9509d-22c7-4a22-a47d-8c48425ef4a7,http://creativecommons.org/licenses/by-nc/4.0/legalcode,https://www.gbif.org/occurrence/4096438690,True,False
f40f668da72f92c36152fe0d,eleusine_indica,Eleusine indica,Eleusine indica (L.) Gaertn.,GBIF,4096444399,inat:74116706,HUMAN_OBSERVATION,2021-04-16T14:21:05,2021,MY,2.990438,101.791115,21.0,Selangor,,PRESENT,CONTINENT_DERIVED_FROM_COORDINATES|COORDINATE_ROUNDED|TAXON_ID_NOT_FOUND,iNaturalist research-grade observations,50c9509d-22c7-4a22-a47d-8c48425ef4a7,http://creativecommons.org/licenses/by-nc/4.0/legalcode,https://www.gbif.org/occurrence/4096444399,True,False
f19d2803d263e13d33932e78,eleusine_indica,Eleusine indica,Eleusine indica (L.) Gaertn.,GBIF,4096462392,inat:72009112,HUMAN_OBSERVATION,2021-03-25T18:42:39,2021,MY,5.354462,100.29832,234.0,Pulau Pinang,,PRESENT,CONTINENT_DERIVED_FROM_COORDINATES|COORDINATE_ROUNDED|TAXON_ID_NOT_FOUND,iNaturalist research-grade observations,50c9509d-22c7-4a22-a47d-8c48425ef4a7,http://creativecommons.org/licenses/by-nc/4.0/legalcode,https://www.gbif.org/occurrence/4096462392,True,False
219e046326c9dfd88e466776,eleusine_indica,Eleusine indica,Eleusine indica (L.) Gaertn.,GBIF,4096504317,inat:24352208,HUMAN_OBSERVATION,2019-04-29T11:55,2019,MY,3.125445,101.658825,122.0,Kuala Lumpur,,PRESENT,CONTINENT_DERIVED_FROM_COORDINATES|COORDINATE_ROUNDED|TAXON_ID_NOT_FOUND,iNaturalist research-grade observations,50c9509d-22c7-4a22-a47d-8c48425ef4a7,http://creativecommons.org/licenses/by-nc/4.0/legalcode,https://www.gbif.org/occurrence/4096504317,True,False
384a385f5539a472cdf345d6,eleusine_indica,Eleusine indica,Eleusine indica (L.) Gaertn.,GBIF,4096540961,inat:155743768,HUMAN_OBSERVATION,2023-04-20T17:28:42,2023,MY,5.416453,100.329968,,Pulau Pinang,,PRESENT,CONTINENT_DERIVED_FROM_COORDINATES|COORDINATE_ROUNDED|TAXON_ID_NOT_FOUND,iNaturalist research-grade observations,50c9509d-22c7-4a22-a47d-8c48425ef4a7,http://creativecommons.org/licenses/by-nc/4.0/legalcode,https://www.gbif.org/occurrence/4096540961,True,False
5a5a8ec9b477f1cd11653e9d,eleusine_indica,Eleusine indica,Eleusine indica (L.) Gaertn.,GBIF,4096547337,inat:34727296,HUMAN_OBSERVATION,2019-10-02T08:58,2019,MY,1.522329,110.38727,15.0,Sarawak,,PRESENT,CONTINENT_DERIVED_FROM_COORDINATES|COORDINATE_ROUNDED|TAXON_ID_NOT_FOUND,iNaturalist research-grade observations,50c9509d-22c7-4a22-a47d-8c48425ef4a7,http://creativecommons.org/licenses/by-nc/4.0/legalcode,https://www.gbif.org/occurrence/4096547337,True,False
d3e494e13ab8074d8d50b988,eleusine_indica,Eleusine indica,Eleusine indica (L.) Gaertn.,GBIF,4096767727,inat:155424827,HUMAN_OBSERVATION,2023-03-30T16:07,2023,MY,5.953608,116.66268,,Sabah,,PRESENT,CONTINENT_DERIVED_FROM_COORDINATES|COORDINATE_ROUNDED|TAXON_ID_NOT_FOUND,iNaturalist research-grade observations,50c9509d-22c7-4a22-a47d-8c48425ef4a7,http://creativecommons.org/licenses/by-nc/4.0/legalcode,https://www.gbif.org/occurrence/4096767727,True,False
fcc63a79db339f38850c3efd,eleusine_indica,Eleusine indica,Eleusine indica (L.) Gaertn.,GBIF,4096801694,inat:155430031,HUMAN_OBSERVATION,2023-04-02T14:19,2023,MY,5.661552,117.048408,,Sabah,,PRESENT,CONTINENT_DERIVED_FROM_COORDINATES|COORDINATE_ROUNDED|TAXON_ID_NOT_FOUND,iNaturalist research-grade observations,50c9509d-22c7-4a22-a47d-8c48425ef4a7,http://creativecommons.org/licenses/by-nc/4.0/legalcode,https://www.gbif.org/occurrence/4096801694,True,False
4a09a818388cef20dc81bbeb,eleusine_indica,Eleusine indica,Eleusine indica (L.) Gaertn.,GBIF,4102076495,,PRESERVED_SPECIMEN,1987-01-29,1987,MY,3.083333,101.5,,Selangor,"Selangor, Dist. of Petaling, Shah Alam",PRESENT,CONTINENT_DERIVED_FROM_COORDINATES|GEODETIC_DATUM_ASSUMED_WGS84|INSTITUTION_MATCH_FUZZY|TAXON_ID_NOT_FOUND,,bb0366a9-2a7e-44f8-9c9a-e49c23dae2f8,http://creativecommons.org/publicdomain/zero/1.0/legalcode,https://www.gbif.org/occurrence/4102076495,True,False
edf601ec708e2f22255fa81a,eleusine_indica,Eleusine indica,Eleusine indica (L.) Gaertn.,GBIF,4127103808,inat:164342956,HUMAN_OBSERVATION,2023-05-29T09:36:44,2023,MY,2.9397,101.68371,6.0,Putrajaya,,PRESENT,CONTINENT_DERIVED_FROM_COORDINATES|COORDINATE_ROUNDED|TAXON_ID_NOT_FOUND,iNaturalist research-grade observations,50c9509d-22c7-4a22-a47d-8c48425ef4a7,http://creativecommons.org/licenses/by-nc/4.0/legalcode,https://www.gbif.org/occurrence/4127103808,True,False
a6c5294e27adaa80d79e159a,eleusine_indica,Eleusine indica,Eleusine indica (L.) Gaertn.,GBIF,4442387654,inat:157987435,HUMAN_OBSERVATION,2023-04-30T15:24:01,2023,MY,1.473072,110.418165,,Sarawak,,PRESENT,CONTINENT_DERIVED_FROM_COORDINATES|COORDINATE_ROUNDED|TAXON_ID_NOT_FOUND,iNaturalist research-grade observations,50c9509d-22c7-4a22-a47d-8c48425ef4a7,http://creativecommons.org/licenses/by-nc/4.0/legalcode,https://www.gbif.org/occurrence/4442387654,True,False
9b7177eb58a65f1623028ab1,eleusine_indica,Eleusine indica,Eleusine indica (L.) Gaertn.,GBIF,4442635612,inat:159100366,HUMAN_OBSERVATION,2023-05-02T15:05:16,2023,MY,1.660258,110.434588,,Sarawak,,PRESENT,CONTINENT_DERIVED_FROM_COORDINATES|COORDINATE_ROUNDED|TAXON_ID_NOT_FOUND,iNaturalist research-grade observations,50c9509d-22c7-4a22-a47d-8c48425ef4a7,http://creativecommons.org/licenses/by-nc/4.0/legalcode,https://www.gbif.org/occurrence/4442635612,True,False
d1d5fa63d09216245db7c0dd,eleusine_indica,Eleusine indica,Eleusine indica (L.) Gaertn.,GBIF,4526481553,,PRESERVED_SPECIMEN,1987-01-29,1987,MY,3.0833,101.5,,Selangor,"Selangor, Dist. of Petaling, Shah Alam",PRESENT,CONTINENT_DERIVED_FROM_COORDINATES|GEODETIC_DATUM_ASSUMED_WGS84|INSTITUTION_MATCH_FUZZY|TAXON_ID_NOT_FOUND,,defb9a47-c1a7-4fb2-9a0b-2da7c5260cad,http://creativecommons.org/publicdomain/zero/1.0/legalcode,https://www.gbif.org/occurrence/4526481553,True,False
2b8d9ed2d51cf6270534d9ad,eleusine_indica,Eleusine indica,Eleusine indica (L.) Gaertn.,GBIF,4851770567,inat:159423506,HUMAN_OBSERVATION,2023-04-29T08:15,2023,MY,3.193443,101.63088,484.0,Kuala Lumpur,,PRESENT,CONTINENT_DERIVED_FROM_COORDINATES|COORDINATE_ROUNDED|TAXON_ID_NOT_FOUND,iNaturalist research-grade observations,50c9509d-22c7-4a22-a47d-8c48425ef4a7,http://creativecommons.org/licenses/by-nc/4.0/legalcode,https://www.gbif.org/occurrence/4851770567,True,False
47bec0720fe4b2e3258d95c6,eleusine_indica,Eleusine indica,Eleusine indica (L.) Gaertn.,GBIF,4851876613,inat:157486918,HUMAN_OBSERVATION,2023-04-29T15:01:29,2023,MY,1.751105,110.314377,,Sarawak,,PRESENT,CONTINENT_DERIVED_FROM_COORDINATES|COORDINATE_ROUNDED|TAXON_ID_NOT_FOUND,iNaturalist research-grade observations,50c9509d-22c7-4a22-a47d-8c48425ef4a7,http://creativecommons.org/licenses/by-nc/4.0/legalcode,https://www.gbif.org/occurrence/4851876613,True,False
a829efb6b9f53e4af5f64c2d,eleusine_indica,Eleusine indica,Eleusine indica (L.) Gaertn.,GBIF,4852070527,inat:208069512,HUMAN_OBSERVATION,2024-03-25T14:06:42,2024,MY,1.662175,110.431698,,Sarawak,,PRESENT,CONTINENT_DERIVED_FROM_COORDINATES|COORDINATE_ROUNDED|TAXON_ID_NOT_FOUND,iNaturalist research-grade observations,50c9509d-22c7-4a22-a47d-8c48425ef4a7,http://creativecommons.org/licenses/by-nc/4.0/legalcode,https://www.gbif.org/occurrence/4852070527,True,False
e9c474c3a6cbb0a4b4dfa4f9,eleusine_indica,Eleusine indica,Eleusine indica (L.) Gaertn.,GBIF,4852168710,inat:74122176,HUMAN_OBSERVATION,2021-03-28T12:37Z,2021,MY,5.352249,100.30072,68.0,Pulau Pinang,,PRESENT,CONTINENT_DERIVED_FROM_COORDINATES|COORDINATE_ROUNDED|TAXON_ID_NOT_FOUND,iNaturalist research-grade observations,50c9509d-22c7-4a22-a47d-8c48425ef4a7,http://creativecommons.org/licenses/by-nc/4.0/legalcode,https://www.gbif.org/occurrence/4852168710,True,False
0d0945789652485feb36fc1f,eleusine_indica,Eleusine indica,Eleusine indica (L.) Gaertn.,GBIF,4852350803,inat:159547569,HUMAN_OBSERVATION,2023-05-03T16:00:05,2023,MY,1.470258,110.425278,,Sarawak,,PRESENT,CONTINENT_DERIVED_FROM_COORDINATES|TAXON_ID_NOT_FOUND,iNaturalist research-grade observations,50c9509d-22c7-4a22-a47d-8c48425ef4a7,http://creativecommons.org/licenses/by-nc/4.0/legalcode,https://www.gbif.org/occurrence/4852350803,True,False
a630e7457c5461ee14110b5f,eleusine_indica,Eleusine indica,Eleusine indica (L.) Gaertn.,GBIF,4852631863,inat:157918786,HUMAN_OBSERVATION,2023-04-30T10:46:49,2023,MY,1.553925,110.321046,,Sarawak,,PRESENT,CONTINENT_DERIVED_FROM_COORDINATES|COORDINATE_ROUNDED|TAXON_ID_NOT_FOUND,iNaturalist research-grade observations,50c9509d-22c7-4a22-a47d-8c48425ef4a7,http://creativecommons.org/licenses/by-nc/4.0/legalcode,https://www.gbif.org/occurrence/4852631863,True,False
409d14a843e70d1704efaebc,eleusine_indica,Eleusine indica,Eleusine indica (L.) Gaertn.,GBIF,4852662383,inat:80734242,HUMAN_OBSERVATION,2021-05-08T09:40,2021,MY,3.164457,101.738112,,Kuala Lumpur,,PRESENT,CONTINENT_DERIVED_FROM_COORDINATES|TAXON_ID_NOT_FOUND,iNaturalist research-grade observations,50c9509d-22c7-4a22-a47d-8c48425ef4a7,http://creativecommons.org/licenses/by-nc/4.0/legalcode,https://www.gbif.org/occurrence/4852662383,True,False
d0d980e662ce0984f6cbd0b5,eleusine_indica,Eleusine indica,Eleusine indica (L.) Gaertn.,GBIF,4852835602,inat:158520050,HUMAN_OBSERVATION,2023-05-01T15:02:32,2023,MY,3.15023,101.616529,8.0,Kuala Lumpur,,PRESENT,CONTINENT_DERIVED_FROM_COORDINATES|COORDINATE_ROUNDED|TAXON_ID_NOT_FOUND,iNaturalist research-grade observations,50c9509d-22c7-4a22-a47d-8c48425ef4a7,http://creativecommons.org/licenses/by-nc/4.0/legalcode,https://www.gbif.org/occurrence/4852835602,True,False
449f179ed872caeee4217907,eleusine_indica,Eleusine indica,Eleusine indica (L.) Gaertn.,GBIF,4867768279,inat:205209235,HUMAN_OBSERVATION,2024-04-03T16:56:37,2024,MY,1.848822,102.924534,11.0,Johor,,PRESENT,CONTINENT_DERIVED_FROM_COORDINATES|COORDINATE_ROUNDED|TAXON_ID_NOT_FOUND,iNaturalist research-grade observations,50c9509d-22c7-4a22-a47d-8c48425ef4a7,http://creativecommons.org/licenses/by-nc/4.0/legalcode,https://www.gbif.org/occurrence/4867768279,True,False
bec087597e501d28c91735e2,eleusine_indica,Eleusine indica,Eleusine indica (L.) Gaertn.,GBIF,4867858660,inat:213908964,HUMAN_OBSERVATION,2024-05-06T12:35:40,2024,MY,4.229876,101.804145,,Pahang,,PRESENT,CONTINENT_DERIVED_FROM_COORDINATES|COORDINATE_ROUNDED|TAXON_ID_NOT_FOUND,iNaturalist research-grade observations,50c9509d-22c7-4a22-a47d-8c48425ef4a7,http://creativecommons.org/licenses/by-nc/4.0/legalcode,https://www.gbif.org/occurrence/4867858660,True,False
ca609a55a756e20162aeb098,eleusine_indica,Eleusine indica,Eleusine indica (L.) Gaertn.,GBIF,4868141845,inat:198199302,HUMAN_OBSERVATION,2024-01-25T06:24,2024,MY,3.143127,101.68792,223.0,Kuala Lumpur,,PRESENT,CONTINENT_DERIVED_FROM_COORDINATES|COORDINATE_ROUNDED|TAXON_ID_NOT_FOUND,iNaturalist research-grade observations,50c9509d-22c7-4a22-a47d-8c48425ef4a7,http://creativecommons.org/licenses/by-nc/4.0/legalcode,https://www.gbif.org/occurrence/4868141845,True,False
de693816ef58ed460e31834c,eleusine_indica,Eleusine indica,Eleusine indica (L.) Gaertn.,GBIF,4868178587,inat:214363670,HUMAN_OBSERVATION,2024-05-08T19:02:52,2024,MY,4.2287,101.801943,,Pahang,,PRESENT,CONTINENT_DERIVED_FROM_COORDINATES|COORDINATE_ROUNDED|TAXON_ID_NOT_FOUND,iNaturalist research-grade observations,50c9509d-22c7-4a22-a47d-8c48425ef4a7,http://creativecommons.org/licenses/by-nc/4.0/legalcode,https://www.gbif.org/occurrence/4868178587,True,False
85672dfce45e7e3f21a1dc74,eleusine_indica,Eleusine indica,Eleusine indica (L.) Gaertn.,GBIF,4891893681,inat:217662079,HUMAN_OBSERVATION,2024-05-23T18:12:56,2024,MY,3.596734,102.53436,3.0,Pahang,,PRESENT,CONTINENT_DERIVED_FROM_COORDINATES|COORDINATE_ROUNDED|TAXON_ID_NOT_FOUND,iNaturalist research-grade observations,50c9509d-22c7-4a22-a47d-8c48425ef4a7,http://creativecommons.org/licenses/by-nc/4.0/legalcode,https://www.gbif.org/occurrence/4891893681,True,False
3a904564a0a2eb70410f6fbc,eleusine_indica,Eleusine indica,Eleusine indica (L.) Gaertn.,GBIF,4891937998,inat:218333752,HUMAN_OBSERVATION,2024-05-26T18:23:18,2024,MY,3.840664,101.297249,10.0,Perak,,PRESENT,CONTINENT_DERIVED_FROM_COORDINATES|COORDINATE_ROUNDED|TAXON_ID_NOT_FOUND,iNaturalist research-grade observations,50c9509d-22c7-4a22-a47d-8c48425ef4a7,http://creativecommons.org/licenses/by-nc/4.0/legalcode,https://www.gbif.org/occurrence/4891937998,True,False
a7b4a6bfd62aefedf430a2ef,eleusine_indica,Eleusine indica,Eleusine indica (L.) Gaertn.,GBIF,4892133797,inat:221938860,HUMAN_OBSERVATION,2023-04-02T14:20,2023,MY,5.661565,117.048307,,Sabah,,PRESENT,CONTINENT_DERIVED_FROM_COORDINATES|COORDINATE_ROUNDED|TAXON_ID_NOT_FOUND,iNaturalist research-grade observations,50c9509d-22c7-4a22-a47d-8c48425ef4a7,http://creativecommons.org/licenses/by-nc/4.0/legalcode,https://www.gbif.org/occurrence/4892133797,True,False
a0cdbe9667fea62f96775554,eleusine_indica,Eleusine indica,Eleusine indica (L.) Gaertn.,GBIF,4892216574,inat:23945161,HUMAN_OBSERVATION,2019-04-27T14:25,2019,MY,3.10042,101.616942,,Selangor,,PRESENT,CONTINENT_DERIVED_FROM_COORDINATES|COORDINATE_ROUNDED|TAXON_ID_NOT_FOUND,iNaturalist research-grade observations,50c9509d-22c7-4a22-a47d-8c48425ef4a7,http://creativecommons.org/licenses/by-nc/4.0/legalcode,https://www.gbif.org/occurrence/4892216574,True,False
0207df5435fa1a419470dde1,eleusine_indica,Eleusine indica,Eleusine indica (L.) Gaertn.,GBIF,4910648304,inat:229690085,HUMAN_OBSERVATION,2024-07-16T18:15:14,2024,MY,5.418546,100.341049,,Pulau Pinang,,PRESENT,CONTINENT_DERIVED_FROM_COORDINATES|COORDINATE_ROUNDED|TAXON_ID_NOT_FOUND,iNaturalist research-grade observations,50c9509d-22c7-4a22-a47d-8c48425ef4a7,http://creativecommons.org/licenses/by-nc/4.0/legalcode,https://www.gbif.org/occurrence/4910648304,True,False
99a4ab9fbb72d451cc0d3c55,eleusine_indica,Eleusine indica,Eleusine indica (L.) Gaertn.,GBIF,4910720596,inat:229268922,HUMAN_OBSERVATION,2024-07-14T22:26:50,2024,MY,3.157899,101.704795,,Kuala Lumpur,,PRESENT,CONTINENT_DERIVED_FROM_COORDINATES|TAXON_ID_NOT_FOUND,iNaturalist research-grade observations,50c9509d-22c7-4a22-a47d-8c48425ef4a7,http://creativecommons.org/licenses/by-nc/4.0/legalcode,https://www.gbif.org/occurrence/4910720596,True,False
5cdb7d315eef311316ac0b83,eleusine_indica,Eleusine indica,Eleusine indica (L.) Gaertn.,GBIF,4910983348,inat:229439937,HUMAN_OBSERVATION,2024-07-15T11:56:59,2024,MY,3.147806,101.693554,,Kuala Lumpur,,PRESENT,CONTINENT_DERIVED_FROM_COORDINATES|TAXON_ID_NOT_FOUND,iNaturalist research-grade observations,50c9509d-22c7-4a22-a47d-8c48425ef4a7,http://creativecommons.org/licenses/by-nc/4.0/legalcode,https://www.gbif.org/occurrence/4910983348,True,False
9d71db41da377236528e5a59,eleusine_indica,Eleusine indica,Eleusine indica (L.) Gaertn.,GBIF,4973869310,inat:248008929,HUMAN_OBSERVATION,2024-10-19T08:20,2024,MY,3.020217,101.690236,,Selangor,,PRESENT,CONTINENT_DERIVED_FROM_COORDINATES|COORDINATE_ROUNDED|TAXON_ID_NOT_FOUND,iNaturalist research-grade observations,50c9509d-22c7-4a22-a47d-8c48425ef4a7,http://creativecommons.org/licenses/by/4.0/legalcode,https://www.gbif.org/occurrence/4973869310,True,False
85898666ee3b7c07b0a2b80b,eleusine_indica,Eleusine indica,Eleusine indica (L.) Gaertn.,GBIF,5087376889,inat:263628998,HUMAN_OBSERVATION,2025-03-02T17:34:02,2025,MY,5.838153,118.1184,4.0,Sabah,,PRESENT,CONTINENT_DERIVED_FROM_COORDINATES|COORDINATE_ROUNDED|TAXON_ID_NOT_FOUND,iNaturalist research-grade observations,50c9509d-22c7-4a22-a47d-8c48425ef4a7,http://creativecommons.org/licenses/by-nc/4.0/legalcode,https://www.gbif.org/occurrence/5087376889,True,False
12d4b3f4e300ac8576509fa0,eleusine_indica,Eleusine indica,Eleusine indica (L.) Gaertn.,GBIF,5140454937,inat:273633850,HUMAN_OBSERVATION,2025-04-26T14:14,2025,MY,3.015525,101.695069,,Selangor,,PRESENT,CONTINENT_DERIVED_FROM_COORDINATES|COORDINATE_ROUNDED|TAXON_ID_NOT_FOUND,iNaturalist research-grade observations,50c9509d-22c7-4a22-a47d-8c48425ef4a7,http://creativecommons.org/licenses/by/4.0/legalcode,https://www.gbif.org/occurrence/5140454937,True,False
66846ccfbca045b1f8b6303b,eleusine_indica,Eleusine indica,Eleusine indica (L.) Gaertn.,GBIF,5935714128,inat:253631150,HUMAN_OBSERVATION,2024-11-29T12:50:42,2024,MY,5.414367,100.32872,9.0,Pulau Pinang,,PRESENT,CONTINENT_DERIVED_FROM_COORDINATES|COORDINATE_ROUNDED|TAXON_ID_NOT_FOUND,iNaturalist research-grade observations,50c9509d-22c7-4a22-a47d-8c48425ef4a7,http://creativecommons.org/licenses/by-nc/4.0/legalcode,https://www.gbif.org/occurrence/5935714128,True,False
21ee9c92705a116df25cac35,eleusine_indica,Eleusine indica,Eleusine indica (L.) Gaertn.,GBIF,5936020484,inat:326278770,HUMAN_OBSERVATION,2025-11-13T11:17:16,2025,MY,5.352967,100.300486,5.0,Pulau Pinang,,PRESENT,CONTINENT_DERIVED_FROM_COORDINATES|COORDINATE_ROUNDED|TAXON_ID_NOT_FOUND,iNaturalist research-grade observations,50c9509d-22c7-4a22-a47d-8c48425ef4a7,http://creativecommons.org/licenses/by-nc/4.0/legalcode,https://www.gbif.org/occurrence/5936020484,True,False
4553dc03f74d26c805fead3c,eleusine_indica,Eleusine indica,Eleusine indica (L.) Gaertn.,GBIF,5936191522,inat:310696930,HUMAN_OBSERVATION,2025-09-01T08:42:58,2025,MY,3.757099,102.557877,698.0,Pahang,,PRESENT,CONTINENT_DERIVED_FROM_COORDINATES|COORDINATE_ROUNDED|TAXON_ID_NOT_FOUND,iNaturalist research-grade observations,50c9509d-22c7-4a22-a47d-8c48425ef4a7,http://creativecommons.org/licenses/by-nc/4.0/legalcode,https://www.gbif.org/occurrence/5936191522,True,False
16f9f6c5b39e27669cbc659d,eleusine_indica,Eleusine indica,Eleusine indica (L.) Gaertn.,GBIF,5936262836,inat:305485593,HUMAN_OBSERVATION,2025-08-11T07:59:33,2025,MY,5.461182,100.31049,5.0,Pulau Pinang,,PRESENT,CONTINENT_DERIVED_FROM_COORDINATES|COORDINATE_ROUNDED|TAXON_ID_NOT_FOUND,iNaturalist research-grade observations,50c9509d-22c7-4a22-a47d-8c48425ef4a7,http://creativecommons.org/licenses/by-nc/4.0/legalcode,https://www.gbif.org/occurrence/5936262836,True,False
24a9d546086f95f930d96d9a,impatiens_balsamina,Impatiens balsamina,Impatiens balsamina L.,GBIF,2515081020,,PRESERVED_SPECIMEN,1991-01-09,1991,MY,1.8,109.76667,,Borneo,"Sarawak, 1st Division, Jalan Sebat, Sematan",PRESENT,,,15f819bd-6612-4447-854b-14d12ee1022d,http://creativecommons.org/publicdomain/zero/1.0/legalcode,https://www.gbif.org/occurrence/2515081020,True,False
b73aa9d8a8e318c73c0aedbd,impatiens_balsamina,Impatiens balsamina,Impatiens balsamina L.,GBIF,2898351541,inat:61640487,HUMAN_OBSERVATION,2020-10-04T11:40:57,2020,MY,3.048203,101.75875,,Selangor,,PRESENT,CONTINENT_DERIVED_FROM_COORDINATES|COORDINATE_ROUNDED|TAXON_ID_NOT_FOUND,iNaturalist research-grade observations,50c9509d-22c7-4a22-a47d-8c48425ef4a7,http://creativecommons.org/licenses/by-nc/4.0/legalcode,https://www.gbif.org/occurrence/2898351541,True,False
926e9896a697bcc998e1c673,impatiens_balsamina,Impatiens balsamina,Impatiens balsamina L.,GBIF,3456008458,inat:102164977,HUMAN_OBSERVATION,2021-11-28T08:43:46,2021,MY,2.190781,102.277493,212.0,Melaka,,PRESENT,CONTINENT_DERIVED_FROM_COORDINATES|COORDINATE_ROUNDED|TAXON_ID_NOT_FOUND,iNaturalist research-grade observations,50c9509d-22c7-4a22-a47d-8c48425ef4a7,http://creativecommons.org/licenses/by-nc/4.0/legalcode,https://www.gbif.org/occurrence/3456008458,True,False
84f28f4f80841e3defc72486,impatiens_balsamina,Impatiens balsamina,Impatiens balsamina L.,GBIF,3456949190,inat:103184006,HUMAN_OBSERVATION,2021-12-17T14:54:32,2021,MY,3.350629,101.824719,165.0,Pahang,,PRESENT,CONTINENT_DERIVED_FROM_COORDINATES|COORDINATE_ROUNDED|TAXON_ID_NOT_FOUND,iNaturalist research-grade observations,50c9509d-22c7-4a22-a47d-8c48425ef4a7,http://creativecommons.org/licenses/by-nc/4.0/legalcode,https://www.gbif.org/occurrence/3456949190,True,False
ae92af7fa0d187fbcbc68172,impatiens_balsamina,Impatiens balsamina,Impatiens balsamina L.,GBIF,3705421671,inat:107688555,HUMAN_OBSERVATION,2022-03-01T16:40:15,2022,MY,6.029035,100.435603,6.0,Kedah,,PRESENT,CONTINENT_DERIVED_FROM_COORDINATES|COORDINATE_ROUNDED|TAXON_ID_NOT_FOUND,iNaturalist research-grade observations,50c9509d-22c7-4a22-a47d-8c48425ef4a7,http://creativecommons.org/licenses/by-nc/4.0/legalcode,https://www.gbif.org/occurrence/3705421671,True,False
eeba07c18a912108f37466a4,impatiens_balsamina,Impatiens balsamina,Impatiens balsamina L.,GBIF,3784725634,inat:117113211,HUMAN_OBSERVATION,2022-05-15T18:32:38,2022,MY,3.240864,101.409975,10.0,Selangor,,PRESENT,CONTINENT_DERIVED_FROM_COORDINATES|COORDINATE_ROUNDED|TAXON_ID_NOT_FOUND,iNaturalist research-grade observations,50c9509d-22c7-4a22-a47d-8c48425ef4a7,http://creativecommons.org/licenses/by-nc/4.0/legalcode,https://www.gbif.org/occurrence/3784725634,True,False
6faa56e3f18d4ad63fdcb7bf,impatiens_balsamina,Impatiens balsamina,Impatiens balsamina L.,GBIF,3873175009,inat:126791558,HUMAN_OBSERVATION,2022-07-18T18:49:12,2022,MY,3.24087,101.409861,8.0,Selangor,,PRESENT,CONTINENT_DERIVED_FROM_COORDINATES|COORDINATE_ROUNDED|TAXON_ID_NOT_FOUND,iNaturalist research-grade observations,50c9509d-22c7-4a22-a47d-8c48425ef4a7,http://creativecommons.org/licenses/by-nc/4.0/legalcode,https://www.gbif.org/occurrence/3873175009,True,False
b8599817246e6506b269975a,impatiens_balsamina,Impatiens balsamina,Impatiens balsamina L.,GBIF,4121194985,inat:162635012,HUMAN_OBSERVATION,2023-05-20T18:58:03,2023,MY,2.963142,101.676241,4.0,Selangor,,PRESENT,CONTINENT_DERIVED_FROM_COORDINATES|COORDINATE_ROUNDED|TAXON_ID_NOT_FOUND,iNaturalist research-grade observations,50c9509d-22c7-4a22-a47d-8c48425ef4a7,http://creativecommons.org/licenses/by-nc/4.0/legalcode,https://www.gbif.org/occurrence/4121194985,True,False
e6cc96793e88207454b2d046,impatiens_balsamina,Impatiens balsamina,Impatiens balsamina L.,GBIF,4127128489,inat:164120155,HUMAN_OBSERVATION,2023-05-28T09:35:23,2023,MY,2.963039,101.676167,4.0,Selangor,,PRESENT,CONTINENT_DERIVED_FROM_COORDINATES|COORDINATE_ROUNDED|TAXON_ID_NOT_FOUND,iNaturalist research-grade observations,50c9509d-22c7-4a22-a47d-8c48425ef4a7,http://creativecommons.org/licenses/by-nc/4.0/legalcode,https://www.gbif.org/occurrence/4127128489,True,False
0d9dc994643aebab1281f439,impatiens_balsamina,Impatiens balsamina,Impatiens balsamina L.,GBIF,4153393210,inat:171353571,HUMAN_OBSERVATION,2023-04-25T18:03:09,2023,MY,3.785456,103.272561,28.0,Pahang,,PRESENT,CONTINENT_DERIVED_FROM_COORDINATES|COORDINATE_ROUNDED|TAXON_ID_NOT_FOUND,iNaturalist research-grade observations,50c9509d-22c7-4a22-a47d-8c48425ef4a7,http://creativecommons.org/licenses/by-nc/4.0/legalcode,https://www.gbif.org/occurrence/4153393210,True,False
54a308be740fab4f99bb8d64,impatiens_balsamina,Impatiens balsamina,Impatiens balsamina L.,GBIF,4413401179,inat:182909881,HUMAN_OBSERVATION,2023-09-11T18:41:20,2023,MY,2.917362,101.706597,4.0,Putrajaya,,PRESENT,CONTINENT_DERIVED_FROM_COORDINATES|COORDINATE_ROUNDED|TAXON_ID_NOT_FOUND,iNaturalist research-grade observations,50c9509d-22c7-4a22-a47d-8c48425ef4a7,http://creativecommons.org/licenses/by-nc/4.0/legalcode,https://www.gbif.org/occurrence/4413401179,True,False
c4ecc1c30077355fde8ed7d9,impatiens_balsamina,Impatiens balsamina,Impatiens balsamina L.,GBIF,4413911450,inat:182029611,HUMAN_OBSERVATION,2023-09-06T18:09:52,2023,MY,2.954362,101.716911,16.0,Selangor,,PRESENT,CONTINENT_DERIVED_FROM_COORDINATES|COORDINATE_ROUNDED|TAXON_ID_NOT_FOUND,iNaturalist research-grade observations,50c9509d-22c7-4a22-a47d-8c48425ef4a7,http://creativecommons.org/licenses/by-nc/4.0/legalcode,https://www.gbif.org/occurrence/4413911450,True,False
daae3d1c730c61afffe2e16e,impatiens_balsamina,Impatiens balsamina,Impatiens balsamina L.,GBIF,4414080213,inat:182897559,HUMAN_OBSERVATION,2023-09-11T18:46:06,2023,MY,2.91732,101.706603,4.0,Putrajaya,,PRESENT,CONTINENT_DERIVED_FROM_COORDINATES|COORDINATE_ROUNDED|TAXON_ID_NOT_FOUND,iNaturalist research-grade observations,50c9509d-22c7-4a22-a47d-8c48425ef4a7,http://creativecommons.org/licenses/by-nc/4.0/legalcode,https://www.gbif.org/occurrence/4414080213,True,False
d508ec31b4e5d3a3a371a398,impatiens_balsamina,Impatiens balsamina,Impatiens balsamina L.,GBIF,4414115744,inat:182898247,HUMAN_OBSERVATION,2023-09-11T18:42:31,2023,MY,2.917367,101.706588,4.0,Putrajaya,,PRESENT,CONTINENT_DERIVED_FROM_COORDINATES|COORDINATE_ROUNDED|TAXON_ID_NOT_FOUND,iNaturalist research-grade observations,50c9509d-22c7-4a22-a47d-8c48425ef4a7,http://creativecommons.org/licenses/by-nc/4.0/legalcode,https://www.gbif.org/occurrence/4414115744,True,False
0e5ba54756eba3c5d80e5710,impatiens_balsamina,Impatiens balsamina,Impatiens balsamina L.,GBIF,4421135649,inat:169892496,HUMAN_OBSERVATION,2023-05-04T12:45:13,2023,MY,3.216512,101.750983,7.0,Selangor,,PRESENT,CONTINENT_DERIVED_FROM_COORDINATES|COORDINATE_ROUNDED|TAXON_ID_NOT_FOUND,iNaturalist research-grade observations,50c9509d-22c7-4a22-a47d-8c48425ef4a7,http://creativecommons.org/licenses/by-nc/4.0/legalcode,https://www.gbif.org/occurrence/4421135649,True,False
2463c61872852d769bf939d7,impatiens_balsamina,Impatiens balsamina,Impatiens balsamina L.,GBIF,4430812483,inat:188741133,HUMAN_OBSERVATION,2023-10-24T10:57:10,2023,MY,2.943335,101.679417,3.0,Selangor,,PRESENT,CONTINENT_DERIVED_FROM_COORDINATES|COORDINATE_ROUNDED|TAXON_ID_NOT_FOUND,iNaturalist research-grade observations,50c9509d-22c7-4a22-a47d-8c48425ef4a7,http://creativecommons.org/licenses/by-nc/4.0/legalcode,https://www.gbif.org/occurrence/4430812483,True,False
08abeed033f56a782ef49fec,impatiens_balsamina,Impatiens balsamina,Impatiens balsamina L.,GBIF,4436154940,inat:189079965,HUMAN_OBSERVATION,2023-10-27T11:12:09,2023,MY,2.952098,101.677752,8.0,Selangor,,PRESENT,CONTINENT_DERIVED_FROM_COORDINATES|COORDINATE_ROUNDED|TAXON_ID_NOT_FOUND,iNaturalist research-grade observations,50c9509d-22c7-4a22-a47d-8c48425ef4a7,http://creativecommons.org/licenses/by-nc/4.0/legalcode,https://www.gbif.org/occurrence/4436154940,True,False
b7d3f143768739239c370fec,impatiens_balsamina,Impatiens balsamina,Impatiens balsamina L.,GBIF,4436209597,inat:189182037,HUMAN_OBSERVATION,2023-10-28T10:16:32,2023,MY,2.965213,101.677658,15.0,Selangor,,PRESENT,CONTINENT_DERIVED_FROM_COORDINATES|COORDINATE_ROUNDED|TAXON_ID_NOT_FOUND,iNaturalist research-grade observations,50c9509d-22c7-4a22-a47d-8c48425ef4a7,http://creativecommons.org/licenses/by-nc/4.0/legalcode,https://www.gbif.org/occurrence/4436209597,True,False
526eed1b142ccb273c0e0365,impatiens_balsamina,Impatiens balsamina,Impatiens balsamina L.,GBIF,4436214906,inat:189182068,HUMAN_OBSERVATION,2023-10-28T10:17:05,2023,MY,2.965157,101.677758,13.0,Selangor,,PRESENT,CONTINENT_DERIVED_FROM_COORDINATES|COORDINATE_ROUNDED|TAXON_ID_NOT_FOUND,iNaturalist research-grade observations,50c9509d-22c7-4a22-a47d-8c48425ef4a7,http://creativecommons.org/licenses/by-nc/4.0/legalcode,https://www.gbif.org/occurrence/4436214906,True,False
adfc503c85862907c56fe4e8,impatiens_balsamina,Impatiens balsamina,Impatiens balsamina L.,GBIF,4436383891,inat:189182417,HUMAN_OBSERVATION,2023-10-28T10:21:24,2023,MY,2.965547,101.677492,9.0,Selangor,,PRESENT,CONTINENT_DERIVED_FROM_COORDINATES|COORDINATE_ROUNDED|TAXON_ID_NOT_FOUND,iNaturalist research-grade observations,50c9509d-22c7-4a22-a47d-8c48425ef4a7,http://creativecommons.org/licenses/by-nc/4.0/legalcode,https://www.gbif.org/occurrence/4436383891,True,False
318dddde44c841efa11a8994,impatiens_balsamina,Impatiens balsamina,Impatiens balsamina L.,GBIF,4436450798,inat:189182075,HUMAN_OBSERVATION,2023-10-28T10:17:07,2023,MY,2.965229,101.677635,6.0,Selangor,,PRESENT,CONTINENT_DERIVED_FROM_COORDINATES|COORDINATE_ROUNDED|TAXON_ID_NOT_FOUND,iNaturalist research-grade observations,50c9509d-22c7-4a22-a47d-8c48425ef4a7,http://creativecommons.org/licenses/by-nc/4.0/legalcode,https://www.gbif.org/occurrence/4436450798,True,False
80918e73b1553ac2b3ad0c2f,impatiens_balsamina,Impatiens balsamina,Impatiens balsamina L.,GBIF,4516771822,inat:197376277,HUMAN_OBSERVATION,2024-01-23T14:12:53,2024,MY,5.543956,101.340164,,Perak,,PRESENT,CONTINENT_DERIVED_FROM_COORDINATES|COORDINATE_ROUNDED|TAXON_ID_NOT_FOUND,iNaturalist research-grade observations,50c9509d-22c7-4a22-a47d-8c48425ef4a7,http://creativecommons.org/licenses/by-nc/4.0/legalcode,https://www.gbif.org/occurrence/4516771822,True,False
29cfaa95b77baf43ba59ddc9,impatiens_balsamina,Impatiens balsamina,Impatiens balsamina L.,GBIF,4851953866,inat:209486116,HUMAN_OBSERVATION,2024-04-26T18:33:28,2024,MY,5.026748,103.133606,8.0,Trengganu,,PRESENT,CONTINENT_DERIVED_FROM_COORDINATES|COORDINATE_ROUNDED|TAXON_ID_NOT_FOUND,iNaturalist research-grade observations,50c9509d-22c7-4a22-a47d-8c48425ef4a7,http://creativecommons.org/licenses/by-nc/4.0/legalcode,https://www.gbif.org/occurrence/4851953866,True,False
ed5da282d41c38f0bd540a0f,impatiens_balsamina,Impatiens balsamina,Impatiens balsamina L.,GBIF,4891908687,inat:221991857,HUMAN_OBSERVATION,2024-06-09T08:00,2024,MY,4.082874,101.79553,15.0,Pahang,,PRESENT,CONTINENT_DERIVED_FROM_COORDINATES|COORDINATE_ROUNDED|TAXON_ID_NOT_FOUND,iNaturalist research-grade observations,50c9509d-22c7-4a22-a47d-8c48425ef4a7,http://creativecommons.org/licenses/by-nc/4.0/legalcode,https://www.gbif.org/occurrence/4891908687,True,False
3b8d7d12f9e0b3d35fe89e76,impatiens_balsamina,Impatiens balsamina,Impatiens balsamina L.,GBIF,4976561039,inat:248720659,HUMAN_OBSERVATION,2024-10-21T17:25,2024,MY,3.200124,101.632345,615.0,Kuala Lumpur,,PRESENT,CONTINENT_DERIVED_FROM_COORDINATES|COORDINATE_ROUNDED|TAXON_ID_NOT_FOUND,iNaturalist research-grade observations,50c9509d-22c7-4a22-a47d-8c48425ef4a7,http://creativecommons.org/licenses/by-nc/4.0/legalcode,https://www.gbif.org/occurrence/4976561039,True,False
6c5bae4fdd7b64c75daa6b8e,impatiens_balsamina,Impatiens balsamina,Impatiens balsamina L.,GBIF,4987673310,inat:253168774,HUMAN_OBSERVATION,2024-10-17T15:11,2024,MY,6.211025,116.552835,,Sabah,,PRESENT,CONTINENT_DERIVED_FROM_COORDINATES|COORDINATE_ROUNDED|TAXON_ID_NOT_FOUND,iNaturalist research-grade observations,50c9509d-22c7-4a22-a47d-8c48425ef4a7,http://creativecommons.org/licenses/by-nc/4.0/legalcode,https://www.gbif.org/occurrence/4987673310,True,False
779d579c4eef483bd9dc9cd5,impatiens_balsamina,Impatiens balsamina,Impatiens balsamina L.,GBIF,5063848971,inat:260793802,HUMAN_OBSERVATION,2025-02-06T18:42:05,2025,MY,2.315038,111.843292,,Sarawak,,PRESENT,CONTINENT_DERIVED_FROM_COORDINATES|COORDINATE_ROUNDED|TAXON_ID_NOT_FOUND,iNaturalist research-grade observations,50c9509d-22c7-4a22-a47d-8c48425ef4a7,http://creativecommons.org/licenses/by-nc/4.0/legalcode,https://www.gbif.org/occurrence/5063848971,True,False
5c9d7ad06f2fce8f3419ccbf,impatiens_balsamina,Impatiens balsamina,Impatiens balsamina L.,GBIF,5077891450,,PRESERVED_SPECIMEN,,,MY,5.966667,116.533333,,,Ranau district; Kampong Bundu Tuhan,PRESENT,CONTINENT_DERIVED_FROM_COORDINATES|COORDINATE_ROUNDED|GEODETIC_DATUM_ASSUMED_WGS84|INSTITUTION_COLLECTION_MISMATCH|INSTITUTION_MATCH_FUZZY,,cd6e21c8-9e8a-493a-8a76-fbf7862069e5,http://creativecommons.org/licenses/by/4.0/legalcode,https://www.gbif.org/occurrence/5077891450,True,False
e564ce78bfe0a517a0f27980,impatiens_balsamina,Impatiens balsamina,Impatiens balsamina L.,GBIF,5103643395,,PRESERVED_SPECIMEN,1987-02-21,1987,MY,3.083333,101.5,,Selangor,"Shah Alam, Petaling District",PRESENT,CONTINENT_DERIVED_FROM_COORDINATES|COORDINATE_ROUNDED|INSTITUTION_COLLECTION_MISMATCH|INSTITUTION_MATCH_FUZZY,,1a9d08bb-9e2c-4540-8f7f-3205846b6ddc,http://creativecommons.org/publicdomain/zero/1.0/legalcode,https://www.gbif.org/occurrence/5103643395,True,False
2db8d084a20c4a40d95842d7,impatiens_balsamina,Impatiens balsamina,Impatiens balsamina L.,GBIF,5103643396,,PRESERVED_SPECIMEN,1987-03-08,1987,MY,3.716667,101.7,,Pahang,"Bukit Fraser, Fraser's Hill Resort, Raub District",PRESENT,CONTINENT_DERIVED_FROM_COORDINATES|COORDINATE_ROUNDED|INSTITUTION_COLLECTION_MISMATCH|INSTITUTION_MATCH_FUZZY,,1a9d08bb-9e2c-4540-8f7f-3205846b6ddc,http://creativecommons.org/publicdomain/zero/1.0/legalcode,https://www.gbif.org/occurrence/5103643396,True,False
6f921a7de5bf454e4a94f9c1,impatiens_balsamina,Impatiens balsamina,Impatiens balsamina L.,GBIF,5133663239,inat:260585889,HUMAN_OBSERVATION,2025-02-04T08:37,2025,MY,6.028635,116.458961,985.0,Sabah,,PRESENT,CONTINENT_DERIVED_FROM_COORDINATES|COORDINATE_ROUNDED|TAXON_ID_NOT_FOUND,iNaturalist research-grade observations,50c9509d-22c7-4a22-a47d-8c48425ef4a7,http://creativecommons.org/licenses/by-nc/4.0/legalcode,https://www.gbif.org/occurrence/5133663239,True,False
62bb9838d31d260966512be1,impatiens_balsamina,Impatiens balsamina,Impatiens balsamina L.,GBIF,5153811264,inat:275559289,HUMAN_OBSERVATION,2025-04-28T19:07:20,2025,MY,2.967335,101.7097,,Selangor,,PRESENT,CONTINENT_DERIVED_FROM_COORDINATES|COORDINATE_ROUNDED|TAXON_ID_NOT_FOUND,iNaturalist research-grade observations,50c9509d-22c7-4a22-a47d-8c48425ef4a7,http://creativecommons.org/licenses/by-nc/4.0/legalcode,https://www.gbif.org/occurrence/5153811264,True,False
500f4e60f8bd5d988dffb3bf,impatiens_balsamina,Impatiens balsamina,Impatiens balsamina L.,GBIF,5166875796,inat:281690885,HUMAN_OBSERVATION,2025-05-17T15:14:41,2025,MY,2.038605,102.554083,44.0,Johor,,PRESENT,CONTINENT_DERIVED_FROM_COORDINATES|COORDINATE_ROUNDED|TAXON_ID_NOT_FOUND,iNaturalist research-grade observations,50c9509d-22c7-4a22-a47d-8c48425ef4a7,http://creativecommons.org/licenses/by-nc/4.0/legalcode,https://www.gbif.org/occurrence/5166875796,True,False
d4f001709cf500e5f844d3ae,impatiens_balsamina,Impatiens balsamina,Impatiens balsamina L.,GBIF,5166948836,inat:281704819,HUMAN_OBSERVATION,2025-05-17T15:21:34,2025,MY,2.038791,102.554165,6.0,Johor,,PRESENT,CONTINENT_DERIVED_FROM_COORDINATES|COORDINATE_ROUNDED|TAXON_ID_NOT_FOUND,iNaturalist research-grade observations,50c9509d-22c7-4a22-a47d-8c48425ef4a7,http://creativecommons.org/licenses/by-nc/4.0/legalcode,https://www.gbif.org/occurrence/5166948836,True,False
c91a22bf59edf9b52dc7c9b4,impatiens_balsamina,Impatiens balsamina,Impatiens balsamina L.,GBIF,5167135613,inat:281690318,HUMAN_OBSERVATION,2025-05-17T15:09:56,2025,MY,2.038898,102.553979,8.0,Johor,,PRESENT,CONTINENT_DERIVED_FROM_COORDINATES|COORDINATE_ROUNDED|TAXON_ID_NOT_FOUND,iNaturalist research-grade observations,50c9509d-22c7-4a22-a47d-8c48425ef4a7,http://creativecommons.org/licenses/by-nc/4.0/legalcode,https://www.gbif.org/occurrence/5167135613,True,False
befb12e9f122b66ece4d92d5,impatiens_balsamina,Impatiens balsamina,Impatiens balsamina L.,GBIF,5168013853,inat:281787646,HUMAN_OBSERVATION,2025-05-17T15:11:43,2025,MY,2.039551,102.554208,300.0,Johor,,PRESENT,CONTINENT_DERIVED_FROM_COORDINATES|COORDINATE_ROUNDED|TAXON_ID_NOT_FOUND,iNaturalist research-grade observations,50c9509d-22c7-4a22-a47d-8c48425ef4a7,http://creativecommons.org/licenses/by-nc/4.0/legalcode,https://www.gbif.org/occurrence/5168013853,True,False
40921a6de748fa8839aa41ae,impatiens_balsamina,Impatiens balsamina,Impatiens balsamina L.,GBIF,5168205491,inat:281692003,HUMAN_OBSERVATION,2025-05-17T15:08:54,2025,MY,2.038731,102.554143,3.0,Johor,,PRESENT,CONTINENT_DERIVED_FROM_COORDINATES|COORDINATE_ROUNDED|TAXON_ID_NOT_FOUND,iNaturalist research-grade observations,50c9509d-22c7-4a22-a47d-8c48425ef4a7,http://creativecommons.org/licenses/by-nc/4.0/legalcode,https://www.gbif.org/occurrence/5168205491,True,False
ac458d14dc4447729f3f6aee,impatiens_balsamina,Impatiens balsamina,Impatiens balsamina L.,GBIF,5206672745,inat:290575461,HUMAN_OBSERVATION,2025-05-04T09:42,2025,MY,3.421781,115.154922,,Sarawak,,PRESENT,CONTINENT_DERIVED_FROM_COORDINATES|COORDINATE_ROUNDED|TAXON_ID_NOT_FOUND,iNaturalist research-grade observations,50c9509d-22c7-4a22-a47d-8c48425ef4a7,http://creativecommons.org/licenses/by-nc/4.0/legalcode,https://www.gbif.org/occurrence/5206672745,True,False
4ee8b11735d53eba1da71fae,impatiens_balsamina,Impatiens balsamina,Impatiens balsamina L.,GBIF,5215783264,inat:294504787,HUMAN_OBSERVATION,2025-07-02T10:53:28,2025,MY,5.405071,100.217134,142.0,Pulau Pinang,,PRESENT,CONTINENT_DERIVED_FROM_COORDINATES|COORDINATE_ROUNDED|TAXON_ID_NOT_FOUND,iNaturalist research-grade observations,50c9509d-22c7-4a22-a47d-8c48425ef4a7,http://creativecommons.org/licenses/by-nc/4.0/legalcode,https://www.gbif.org/occurrence/5215783264,True,False
0f913610da26c62417a8ee6f,impatiens_balsamina,Impatiens balsamina,Impatiens balsamina L.,GBIF,5909009944,inat:328701114,HUMAN_OBSERVATION,2025-11-29T10:06:11,2025,MY,1.66061,103.636703,5.0,Johor,,PRESENT,CONTINENT_DERIVED_FROM_COORDINATES|COORDINATE_ROUNDED|TAXON_ID_NOT_FOUND,iNaturalist research-grade observations,50c9509d-22c7-4a22-a47d-8c48425ef4a7,http://creativecommons.org/licenses/by-nc/4.0/legalcode,https://www.gbif.org/occurrence/5909009944,True,False
a8dfb1c007e21e94f0031368,impatiens_balsamina,Impatiens balsamina,Impatiens balsamina L.,GBIF,5920173346,inat:329631321,HUMAN_OBSERVATION,2025-12-06T08:54:36,2025,MY,3.123374,101.635288,100.0,Kuala Lumpur,,PRESENT,CONTINENT_DERIVED_FROM_COORDINATES|COORDINATE_ROUNDED|TAXON_ID_NOT_FOUND,iNaturalist research-grade observations,50c9509d-22c7-4a22-a47d-8c48425ef4a7,http://creativecommons.org/licenses/by-nc/4.0/legalcode,https://www.gbif.org/occurrence/5920173346,True,False
3ddd6e883f046678b07ca791,impatiens_balsamina,Impatiens balsamina,Impatiens balsamina L.,GBIF,6235158206,inat:352223838,HUMAN_OBSERVATION,2026-04-23T19:08:44,2026,MY,3.761261,102.552386,,Pahang,,PRESENT,CONTINENT_DERIVED_FROM_COORDINATES|COORDINATE_ROUNDED|TAXON_ID_NOT_FOUND,iNaturalist research-grade observations,50c9509d-22c7-4a22-a47d-8c48425ef4a7,http://creativecommons.org/licenses/by-nc/4.0/legalcode,https://www.gbif.org/occurrence/6235158206,True,False
f4c259ac44bf80c4376f9d3a,impatiens_balsamina,Impatiens balsamina,Impatiens balsamina L.,GBIF,6498732354,inat:392874040,HUMAN_OBSERVATION,2026-08-20T12:28:13,2026,MY,1.155609,110.265698,,Sarawak,,PRESENT,CONTINENT_DERIVED_FROM_COORDINATES|COORDINATE_ROUNDED|TAXON_ID_NOT_FOUND,iNaturalist research-grade observations,50c9509d-22c7-4a22-a47d-8c48425ef4a7,http://creativecommons.org/licenses/by-nc/4.0/legalcode,https://www.gbif.org/occurrence/6498732354,True,False
e54b712c466386508d4d4b04,leucaena_leucocephala,Leucaena leucocephala,Leucaena leucocephala (Lam.) de Wit,GBIF,1837100950,inat:9965134,HUMAN_OBSERVATION,2018-02-23T18:41:59,2018,MY,5.355556,100.292221,,Pulau Pinang,,PRESENT,CONTINENT_DERIVED_FROM_COORDINATES|COORDINATE_ROUNDED|TAXON_ID_NOT_FOUND,iNaturalist research-grade observations,50c9509d-22c7-4a22-a47d-8c48425ef4a7,http://creativecommons.org/licenses/by-nc/4.0/legalcode,https://www.gbif.org/occurrence/1837100950,True,False
d2867a3f01ebe9305345a036,leucaena_leucocephala,Leucaena leucocephala,Leucaena leucocephala (Lam.) de Wit,GBIF,1841298996,inat:11992004,HUMAN_OBSERVATION,2018-04-30T18:58,2018,MY,3.135995,101.657682,211.0,Kuala Lumpur,,PRESENT,CONTINENT_DERIVED_FROM_COORDINATES|COORDINATE_ROUNDED|TAXON_ID_NOT_FOUND,iNaturalist research-grade observations,50c9509d-22c7-4a22-a47d-8c48425ef4a7,http://creativecommons.org/licenses/by-nc/4.0/legalcode,https://www.gbif.org/occurrence/1841298996,True,True
53e0ff09520eb49273d66f89,leucaena_leucocephala,Leucaena leucocephala,Leucaena leucocephala (Lam.) de Wit,GBIF,1847429594,inat:11987537,HUMAN_OBSERVATION,2018-04-30T14:24,2018,MY,3.116071,101.649894,218.0,Kuala Lumpur,,PRESENT,CONTINENT_DERIVED_FROM_COORDINATES|COORDINATE_ROUNDED|TAXON_ID_NOT_FOUND,iNaturalist research-grade observations,50c9509d-22c7-4a22-a47d-8c48425ef4a7,http://creativecommons.org/licenses/by-nc/4.0/legalcode,https://www.gbif.org/occurrence/1847429594,True,True
f936bddf55b2cfc50bbfa01b,leucaena_leucocephala,Leucaena leucocephala,Leucaena leucocephala (Lam.) de Wit,GBIF,1847429737,inat:11993849,HUMAN_OBSERVATION,2018-04-30T18:59,2018,MY,3.112677,101.580158,224.0,Selangor,,PRESENT,CONTINENT_DERIVED_FROM_COORDINATES|COORDINATE_ROUNDED|TAXON_ID_NOT_FOUND,iNaturalist research-grade observations,50c9509d-22c7-4a22-a47d-8c48425ef4a7,http://creativecommons.org/licenses/by-nc/4.0/legalcode,https://www.gbif.org/occurrence/1847429737,True,True
49b7d866dff4d8a42a323cd2,leucaena_leucocephala,Leucaena leucocephala,Leucaena leucocephala (Lam.) de Wit,GBIF,1847644197,inat:9547801,HUMAN_OBSERVATION,2018-01-21T17:36:32,2018,MY,5.359255,100.295412,5.0,Pulau Pinang,,PRESENT,CONTINENT_DERIVED_FROM_COORDINATES|COORDINATE_ROUNDED|TAXON_ID_NOT_FOUND,iNaturalist research-grade observations,50c9509d-22c7-4a22-a47d-8c48425ef4a7,http://creativecommons.org/licenses/by/4.0/legalcode,https://www.gbif.org/occurrence/1847644197,True,True
7b4e7187b127887cd2a25325,leucaena_leucocephala,Leucaena leucocephala,Leucaena leucocephala (Lam.) de Wit,GBIF,1913143591,inat:11987533,HUMAN_OBSERVATION,2018-04-30T14:24,2018,MY,3.116071,101.649894,218.0,Kuala Lumpur,,PRESENT,CONTINENT_DERIVED_FROM_COORDINATES|COORDINATE_ROUNDED|TAXON_ID_NOT_FOUND,iNaturalist research-grade observations,50c9509d-22c7-4a22-a47d-8c48425ef4a7,http://creativecommons.org/licenses/by-nc/4.0/legalcode,https://www.gbif.org/occurrence/1913143591,True,True
30271bdf0cba5a6a4af9b698,leucaena_leucocephala,Leucaena leucocephala,Leucaena leucocephala (Lam.) de Wit,GBIF,1913654222,inat:11742927,HUMAN_OBSERVATION,2018-04-29T14:53:03,2018,MY,2.988434,101.379291,6.0,Selangor,,PRESENT,CONTINENT_DERIVED_FROM_COORDINATES|COORDINATE_ROUNDED|TAXON_ID_NOT_FOUND,iNaturalist research-grade observations,50c9509d-22c7-4a22-a47d-8c48425ef4a7,http://creativecommons.org/licenses/by-nc/4.0/legalcode,https://www.gbif.org/occurrence/1913654222,True,True
04125863ce089b1d33669f6f,leucaena_leucocephala,Leucaena leucocephala,Leucaena leucocephala (Lam.) de Wit,GBIF,1913654385,inat:11980590,HUMAN_OBSERVATION,2018-04-30T11:27,2018,MY,3.118901,101.65957,211.0,Kuala Lumpur,,PRESENT,CONTINENT_DERIVED_FROM_COORDINATES|COORDINATE_ROUNDED|TAXON_ID_NOT_FOUND,iNaturalist research-grade observations,50c9509d-22c7-4a22-a47d-8c48425ef4a7,http://creativecommons.org/licenses/by-nc/4.0/legalcode,https://www.gbif.org/occurrence/1913654385,True,True
8ce69950e8da691b9b2425b4,leucaena_leucocephala,Leucaena leucocephala,Leucaena leucocephala (Lam.) de Wit,GBIF,1978832707,inat:19151854,HUMAN_OBSERVATION,2018-12-11T13:11,2018,MY,5.794242,117.778053,,Sabah,,PRESENT,CONTINENT_DERIVED_FROM_COORDINATES|COORDINATE_ROUNDED|TAXON_ID_NOT_FOUND,iNaturalist research-grade observations,50c9509d-22c7-4a22-a47d-8c48425ef4a7,http://creativecommons.org/licenses/by-nc/4.0/legalcode,https://www.gbif.org/occurrence/1978832707,True,False
e1a17b9e9ded6b550c85aa0b,leucaena_leucocephala,Leucaena leucocephala,Leucaena leucocephala (Lam.) de Wit,GBIF,1978839191,inat:19176714,HUMAN_OBSERVATION,2018-12-13T10:21,2018,MY,5.802767,117.783989,,Sabah,,PRESENT,CONTINENT_DERIVED_FROM_COORDINATES|COORDINATE_ROUNDED|TAXON_ID_NOT_FOUND,iNaturalist research-grade observations,50c9509d-22c7-4a22-a47d-8c48425ef4a7,http://creativecommons.org/licenses/by-nc/4.0/legalcode,https://www.gbif.org/occurrence/1978839191,True,False
1d8ffde27f067409e5913cb6,leucaena_leucocephala,Leucaena leucocephala,Leucaena leucocephala (Lam.) de Wit,GBIF,1978839271,inat:19176713,HUMAN_OBSERVATION,2018-12-13T10:01,2018,MY,5.757686,117.761581,,Sabah,,PRESENT,CONTINENT_DERIVED_FROM_COORDINATES|COORDINATE_ROUNDED|TAXON_ID_NOT_FOUND,iNaturalist research-grade observations,50c9509d-22c7-4a22-a47d-8c48425ef4a7,http://creativecommons.org/licenses/by-nc/4.0/legalcode,https://www.gbif.org/occurrence/1978839271,True,False
dbff78b3b7fbb73976bd5f54,leucaena_leucocephala,Leucaena leucocephala,Leucaena leucocephala (Lam.) de Wit,GBIF,1990439221,inat:11991910,HUMAN_OBSERVATION,2018-04-30T18:43,2018,MY,3.135995,101.657682,211.0,Kuala Lumpur,,PRESENT,CONTINENT_DERIVED_FROM_COORDINATES|COORDINATE_ROUNDED|TAXON_ID_NOT_FOUND,iNaturalist research-grade observations,50c9509d-22c7-4a22-a47d-8c48425ef4a7,http://creativecommons.org/licenses/by-nc/4.0/legalcode,https://www.gbif.org/occurrence/1990439221,True,True
f48eb0a42c99fbfb2900bb6a,leucaena_leucocephala,Leucaena leucocephala,Leucaena leucocephala (Lam.) de Wit,GBIF,2005358115,inat:20406959,HUMAN_OBSERVATION,2019-02-17T11:22:05,2019,MY,5.329976,100.276629,5.0,Pulau Pinang,,PRESENT,CONTINENT_DERIVED_FROM_COORDINATES|COORDINATE_ROUNDED|TAXON_ID_NOT_FOUND,iNaturalist research-grade observations,50c9509d-22c7-4a22-a47d-8c48425ef4a7,http://creativecommons.org/licenses/by-nc/4.0/legalcode,https://www.gbif.org/occurrence/2005358115,True,True
e7099e2539eae23278e73acd,leucaena_leucocephala,Leucaena leucocephala,Leucaena leucocephala (Lam.) de Wit,GBIF,2242761076,inat:23135608,HUMAN_OBSERVATION,2019-04-26T18:55,2019,MY,3.006825,101.707009,291.0,Selangor,,PRESENT,CONTINENT_DERIVED_FROM_COORDINATES|COORDINATE_ROUNDED|TAXON_ID_NOT_FOUND,iNaturalist research-grade observations,50c9509d-22c7-4a22-a47d-8c48425ef4a7,http://creativecommons.org/licenses/by-nc/4.0/legalcode,https://www.gbif.org/occurrence/2242761076,True,True
5b356e77a7385c42aa043a49,leucaena_leucocephala,Leucaena leucocephala,Leucaena leucocephala (Lam.) de Wit,GBIF,2242795189,inat:24296184,HUMAN_OBSERVATION,2019-04-28T11:17,2019,MY,2.90019,101.668557,,Putrajaya,,PRESENT,CONTINENT_DERIVED_FROM_COORDINATES|COORDINATE_ROUNDED|TAXON_ID_NOT_FOUND,iNaturalist research-grade observations,50c9509d-22c7-4a22-a47d-8c48425ef4a7,http://creativecommons.org/licenses/by-nc/4.0/legalcode,https://www.gbif.org/occurrence/2242795189,True,False
561945c54ab22d31759b20f7,leucaena_leucocephala,Leucaena leucocephala,Leucaena leucocephala (Lam.) de Wit,GBIF,2242846386,inat:24578111,HUMAN_OBSERVATION,2019-04-28T18:16,2019,MY,3.097188,101.743301,,Kuala Lumpur,,PRESENT,CONTINENT_DERIVED_FROM_COORDINATES|COORDINATE_ROUNDED|TAXON_ID_NOT_FOUND,iNaturalist research-grade observations,50c9509d-22c7-4a22-a47d-8c48425ef4a7,http://creativecommons.org/licenses/by-nc/4.0/legalcode,https://www.gbif.org/occurrence/2242846386,True,False
11bfbad43c5f6f508149d917,leucaena_leucocephala,Leucaena leucocephala,Leucaena leucocephala (Lam.) de Wit,GBIF,2251938690,inat:25933549,HUMAN_OBSERVATION,2019-05-28T18:57:03,2019,MY,3.03733,101.611762,10.0,Selangor,,PRESENT,CONTINENT_DERIVED_FROM_COORDINATES|COORDINATE_ROUNDED|TAXON_ID_NOT_FOUND,iNaturalist research-grade observations,50c9509d-22c7-4a22-a47d-8c48425ef4a7,http://creativecommons.org/licenses/by-nc/4.0/legalcode,https://www.gbif.org/occurrence/2251938690,True,True
496f9b317b7d220cc54d0f1b,leucaena_leucocephala,Leucaena leucocephala,Leucaena leucocephala (Lam.) de Wit,GBIF,2397469983,inat:24349323,HUMAN_OBSERVATION,2019-04-28T17:05,2019,MY,2.933342,101.704758,,Putrajaya,,PRESENT,CONTINENT_DERIVED_FROM_COORDINATES|COORDINATE_ROUNDED|TAXON_ID_NOT_FOUND,iNaturalist research-grade observations,50c9509d-22c7-4a22-a47d-8c48425ef4a7,http://creativecommons.org/licenses/by-nc/4.0/legalcode,https://www.gbif.org/occurrence/2397469983,True,False
00ceb47a6926acef6983037e,leucaena_leucocephala,Leucaena leucocephala,Leucaena leucocephala (Lam.) de Wit,GBIF,2422837085,inat:24455205,HUMAN_OBSERVATION,2019-04-29T18:31,2019,MY,3.151106,101.702219,215.0,Kuala Lumpur,,PRESENT,CONTINENT_DERIVED_FROM_COORDINATES|COORDINATE_ROUNDED|TAXON_ID_NOT_FOUND,iNaturalist research-grade observations,50c9509d-22c7-4a22-a47d-8c48425ef4a7,http://creativecommons.org/licenses/by-nc/4.0/legalcode,https://www.gbif.org/occurrence/2422837085,True,True
76ab6a2d94fefec496759385,leucaena_leucocephala,Leucaena leucocephala,Leucaena leucocephala (Lam.) de Wit,GBIF,2514185091,,PRESERVED_SPECIMEN,1994-07-05,1994,MY,2.01667,113.16667,,Borneo,"Ng. Kesindu, Sg. Mujok.",PRESENT,,,15f819bd-6612-4447-854b-14d12ee1022d,http://creativecommons.org/publicdomain/zero/1.0/legalcode,https://www.gbif.org/occurrence/2514185091,True,False
9a8c6f2adf325f56b9c2b700,leucaena_leucocephala,Leucaena leucocephala,Leucaena leucocephala (Lam.) de Wit,GBIF,2514189067,,PRESERVED_SPECIMEN,1972-04-28,1972,MY,4.8333,116.0,,Borneo,"Katubu-Kapulu Trail Batu l., tenom",PRESENT,,,15f819bd-6612-4447-854b-14d12ee1022d,http://creativecommons.org/publicdomain/zero/1.0/legalcode,https://www.gbif.org/occurrence/2514189067,True,False
fe208a2463622feacee89ca5,leucaena_leucocephala,Leucaena leucocephala,Leucaena leucocephala (Lam.) de Wit,GBIF,2514229059,,PRESERVED_SPECIMEN,1979-07-19,1979,MY,5.875,116.8,,Borneo,"Kg. Nabutan, Ranau",PRESENT,,,15f819bd-6612-4447-854b-14d12ee1022d,http://creativecommons.org/publicdomain/zero/1.0/legalcode,https://www.gbif.org/occurrence/2514229059,True,False
9494c3aaf309f9201bbcdbe7,leucaena_leucocephala,Leucaena leucocephala,Leucaena leucocephala (Lam.) de Wit,GBIF,2514235068,,PRESERVED_SPECIMEN,1976-01-17,1976,MY,4.45833,117.57917,,Borneo,"Sabah, Tawau, half way between Tawau and Brantian.",PRESENT,,,15f819bd-6612-4447-854b-14d12ee1022d,http://creativecommons.org/publicdomain/zero/1.0/legalcode,https://www.gbif.org/occurrence/2514235068,True,False
d4073fc772b771c8d2410cff,leucaena_leucocephala,Leucaena leucocephala,Leucaena leucocephala (Lam.) de Wit,GBIF,2515667071,,PRESERVED_SPECIMEN,1973-05-09,1973,MY,5.21667,115.88333,,Borneo,"Mile 72, Railway F.R. Rayoh. Beaufort.",PRESENT,,,15f819bd-6612-4447-854b-14d12ee1022d,http://creativecommons.org/publicdomain/zero/1.0/legalcode,https://www.gbif.org/occurrence/2515667071,True,False
44aa8ff70c1d44bd614cfac0,leucaena_leucocephala,Leucaena leucocephala,Leucaena leucocephala (Lam.) de Wit,GBIF,2515670472,,PRESERVED_SPECIMEN,1964-06-12,1964,MY,4.41667,118.02083,,Borneo,Cocoa plantation near Quoin Hill trig Bl. 62. Tawau.,PRESENT,,,15f819bd-6612-4447-854b-14d12ee1022d,http://creativecommons.org/publicdomain/zero/1.0/legalcode,https://www.gbif.org/occurrence/2515670472,True,False
56ecbfd0b5e79aee9a3d2ec1,leucaena_leucocephala,Leucaena leucocephala,Leucaena leucocephala (Lam.) de Wit,GBIF,2515671571,,PRESERVED_SPECIMEN,1967-05-01/1967-05-31,1967,MY,5.9167,116.75,,Borneo,"Kinabalu National Park, Mile 35 Ranau road. Ranau.",PRESENT,,,15f819bd-6612-4447-854b-14d12ee1022d,http://creativecommons.org/publicdomain/zero/1.0/legalcode,https://www.gbif.org/occurrence/2515671571,True,False
ffe105d5208459cf519aea61,leucaena_leucocephala,Leucaena leucocephala,Leucaena leucocephala (Lam.) de Wit,GBIF,2515672818,,PRESERVED_SPECIMEN,1995-07-08,1995,MY,5.36667,115.96667,,Borneo,Malaysia/Sabah Borneo Tenom Tinutudan,PRESENT,,,15f819bd-6612-4447-854b-14d12ee1022d,http://creativecommons.org/publicdomain/zero/1.0/legalcode,https://www.gbif.org/occurrence/2515672818,True,False
1247bf2e630e1f8c5f1748b1,leucaena_leucocephala,Leucaena leucocephala,Leucaena leucocephala (Lam.) de Wit,GBIF,2563554857,inat:37844762,HUMAN_OBSERVATION,2019-12-19T10:36:38,2019,MY,2.192572,102.248695,,Melaka,,PRESENT,CONTINENT_DERIVED_FROM_COORDINATES|COORDINATE_ROUNDED|TAXON_ID_NOT_FOUND,iNaturalist research-grade observations,50c9509d-22c7-4a22-a47d-8c48425ef4a7,http://creativecommons.org/licenses/by-nc/4.0/legalcode,https://www.gbif.org/occurrence/2563554857,True,False
6972fc708521fbf3e05f0f38,leucaena_leucocephala,Leucaena leucocephala,Leucaena leucocephala (Lam.) de Wit,GBIF,2643991028,,HUMAN_OBSERVATION,2019-08-28T21:59:59Z,2019,MY,4.605556,101.144722,,,,PRESENT,CONTINENT_DERIVED_FROM_COORDINATES|COORDINATE_ROUNDED|COUNTRY_DERIVED_FROM_COORDINATES,,7a3679ef-5582-4aaa-81f0-8c2545cafc81,http://creativecommons.org/licenses/by/4.0/legalcode,https://www.gbif.org/occurrence/2643991028,True,False
6e98d9f21cf4ccda7fd31e33,leucaena_leucocephala,Leucaena leucocephala,Leucaena leucocephala (Lam.) de Wit,GBIF,2644109221,,HUMAN_OBSERVATION,2019-08-28T00:05:44.474Z,2019,MY,4.605556,101.144722,,,,PRESENT,CONTINENT_DERIVED_FROM_COORDINATES|COORDINATE_ROUNDED|COUNTRY_DERIVED_FROM_COORDINATES,,7a3679ef-5582-4aaa-81f0-8c2545cafc81,http://creativecommons.org/licenses/by/4.0/legalcode,https://www.gbif.org/occurrence/2644109221,True,False
11556cdaadd7c3fb6d601e0e,leucaena_leucocephala,Leucaena leucocephala,Leucaena leucocephala (Lam.) de Wit,GBIF,2645699629,,HUMAN_OBSERVATION,2019-09-03T01:11:05.967Z,2019,MY,4.610278,101.142778,,,,PRESENT,CONTINENT_DERIVED_FROM_COORDINATES|COORDINATE_ROUNDED|COUNTRY_DERIVED_FROM_COORDINATES,,7a3679ef-5582-4aaa-81f0-8c2545cafc81,http://creativecommons.org/licenses/by/4.0/legalcode,https://www.gbif.org/occurrence/2645699629,True,False
944426a3e76e75a66014819f,leucaena_leucocephala,Leucaena leucocephala,Leucaena leucocephala (Lam.) de Wit,GBIF,2645777818,,HUMAN_OBSERVATION,2020-01-15T10:19:10.012Z,2020,MY,3.03096,101.760086,,,,PRESENT,CONTINENT_DERIVED_FROM_COORDINATES|COORDINATE_ROUNDED|COUNTRY_DERIVED_FROM_COORDINATES,,7a3679ef-5582-4aaa-81f0-8c2545cafc81,http://creativecommons.org/licenses/by/4.0/legalcode,https://www.gbif.org/occurrence/2645777818,True,False
1f510e2906fc190d4547a75e,leucaena_leucocephala,Leucaena leucocephala,Leucaena leucocephala (Lam.) de Wit,GBIF,2645876532,,HUMAN_OBSERVATION,2020-02-01T07:32:55.077Z,2020,MY,3.031536,101.761948,,,,PRESENT,CONTINENT_DERIVED_FROM_COORDINATES|COORDINATE_ROUNDED|COUNTRY_DERIVED_FROM_COORDINATES,,7a3679ef-5582-4aaa-81f0-8c2545cafc81,http://creativecommons.org/licenses/by/4.0/legalcode,https://www.gbif.org/occurrence/2645876532,True,False
61eddab7b57b3bd2a89f92d9,leucaena_leucocephala,Leucaena leucocephala,Leucaena leucocephala (Lam.) de Wit,GBIF,2646615783,,HUMAN_OBSERVATION,2019-09-18T06:50:58.342Z,2019,MY,2.805266,101.487157,60.0,,,PRESENT,CONTINENT_DERIVED_FROM_COORDINATES|COORDINATE_ROUNDED|COUNTRY_DERIVED_FROM_COORDINATES,,14d5676a-2c54-4f94-9023-1e8dcd822aa0,http://creativecommons.org/licenses/by/4.0/legalcode,https://www.gbif.org/occurrence/2646615783,True,True
3698601b8958744092a2afb8,leucaena_leucocephala,Leucaena leucocephala,Leucaena leucocephala (Lam.) de Wit,GBIF,2647093511,,HUMAN_OBSERVATION,2020-02-03T10:08:48.756Z,2020,MY,3.131609,101.733352,,,,PRESENT,CONTINENT_DERIVED_FROM_COORDINATES|COORDINATE_ROUNDED|COUNTRY_DERIVED_FROM_COORDINATES,,14d5676a-2c54-4f94-9023-1e8dcd822aa0,http://creativecommons.org/licenses/by/4.0/legalcode,https://www.gbif.org/occurrence/2647093511,True,False
8ad36fad0035bc60ad199ac3,leucaena_leucocephala,Leucaena leucocephala,Leucaena leucocephala (Lam.) de Wit,GBIF,2864876532,inat:59581245,HUMAN_OBSERVATION,2020-09-12T23:28:58,2020,MY,3.216422,101.75131,84.0,Selangor,,PRESENT,CONTINENT_DERIVED_FROM_COORDINATES|COORDINATE_ROUNDED|TAXON_ID_NOT_FOUND,iNaturalist research-grade observations,50c9509d-22c7-4a22-a47d-8c48425ef4a7,http://creativecommons.org/licenses/by-nc/4.0/legalcode,https://www.gbif.org/occurrence/2864876532,True,True
b092473518ed598d107ae359,leucaena_leucocephala,Leucaena leucocephala,Leucaena leucocephala (Lam.) de Wit,GBIF,2868254977,inat:60147862,HUMAN_OBSERVATION,2020-09-20T10:38:39,2020,MY,3.05162,101.75191,5.0,Selangor,,PRESENT,CONTINENT_DERIVED_FROM_COORDINATES|COORDINATE_ROUNDED|TAXON_ID_NOT_FOUND,iNaturalist research-grade observations,50c9509d-22c7-4a22-a47d-8c48425ef4a7,http://creativecommons.org/licenses/by-nc/4.0/legalcode,https://www.gbif.org/occurrence/2868254977,True,True
9638249ac88a98fc2bfe302a,leucaena_leucocephala,Leucaena leucocephala,Leucaena leucocephala (Lam.) de Wit,GBIF,2963861137,inat:63740459,HUMAN_OBSERVATION,2020-10-29T10:23:53,2020,MY,3.051477,101.753463,5.0,Selangor,,PRESENT,CONTINENT_DERIVED_FROM_COORDINATES|COORDINATE_ROUNDED|TAXON_ID_NOT_FOUND,iNaturalist research-grade observations,50c9509d-22c7-4a22-a47d-8c48425ef4a7,http://creativecommons.org/licenses/by-nc/4.0/legalcode,https://www.gbif.org/occurrence/2963861137,True,True
904287ca4185c18c8475efa4,leucaena_leucocephala,Leucaena leucocephala,Leucaena leucocephala (Lam.) de Wit,GBIF,3032010098,inat:68257905,HUMAN_OBSERVATION,2021-01-18T13:07:38,2021,MY,2.524474,102.838741,357.0,Johor,,PRESENT,CONTINENT_DERIVED_FROM_COORDINATES|COORDINATE_ROUNDED|TAXON_ID_NOT_FOUND,iNaturalist research-grade observations,50c9509d-22c7-4a22-a47d-8c48425ef4a7,http://creativecommons.org/licenses/by-nc/4.0/legalcode,https://www.gbif.org/occurrence/3032010098,True,True
fdd450a6564d4e621e8d1664,leucaena_leucocephala,Leucaena leucocephala,Leucaena leucocephala (Lam.) de Wit,GBIF,3112767301,inat:77234397,HUMAN_OBSERVATION,2021-05-03T16:48,2021,MY,3.092014,101.744827,166.0,Kuala Lumpur,,PRESENT,CONTINENT_DERIVED_FROM_COORDINATES|COORDINATE_ROUNDED|TAXON_ID_NOT_FOUND,iNaturalist research-grade observations,50c9509d-22c7-4a22-a47d-8c48425ef4a7,http://creativecommons.org/licenses/by-nc/4.0/legalcode,https://www.gbif.org/occurrence/3112767301,True,True
ab278734d313eb6f494169e0,leucaena_leucocephala,Leucaena leucocephala,Leucaena leucocephala (Lam.) de Wit,GBIF,3112946887,inat:76928946,HUMAN_OBSERVATION,2021-05-03T10:28:50,2021,MY,1.559357,103.638575,209.0,Johor,,PRESENT,CONTINENT_DERIVED_FROM_COORDINATES|COORDINATE_ROUNDED|TAXON_ID_NOT_FOUND,iNaturalist research-grade observations,50c9509d-22c7-4a22-a47d-8c48425ef4a7,http://creativecommons.org/licenses/by-nc/4.0/legalcode,https://www.gbif.org/occurrence/3112946887,True,True
66ff41e7053fd943de7ab473,leucaena_leucocephala,Leucaena leucocephala,Leucaena leucocephala (Lam.) de Wit,GBIF,3113281847,inat:77853680,HUMAN_OBSERVATION,2021-05-08T08:38:08,2021,MY,3.042566,101.65152,,Selangor,,PRESENT,CONTINENT_DERIVED_FROM_COORDINATES|COORDINATE_ROUNDED|TAXON_ID_NOT_FOUND,iNaturalist research-grade observations,50c9509d-22c7-4a22-a47d-8c48425ef4a7,http://creativecommons.org/licenses/by-nc/4.0/legalcode,https://www.gbif.org/occurrence/3113281847,True,False
8847425edaba41fa4e54bb85,leucaena_leucocephala,Leucaena leucocephala,Leucaena leucocephala (Lam.) de Wit,GBIF,3113489685,inat:78443149,HUMAN_OBSERVATION,2021-05-12T18:04:05,2021,MY,3.178323,101.64579,8.0,Kuala Lumpur,,PRESENT,CONTINENT_DERIVED_FROM_COORDINATES|COORDINATE_ROUNDED|TAXON_ID_NOT_FOUND,iNaturalist research-grade observations,50c9509d-22c7-4a22-a47d-8c48425ef4a7,http://creativecommons.org/licenses/by-nc/4.0/legalcode,https://www.gbif.org/occurrence/3113489685,True,True
bea9ea589e9cf6a79bd08718,leucaena_leucocephala,Leucaena leucocephala,Leucaena leucocephala (Lam.) de Wit,GBIF,3113537922,inat:77914382,HUMAN_OBSERVATION,2021-05-03T15:34,2021,MY,3.111136,101.589076,,Selangor,,PRESENT,CONTINENT_DERIVED_FROM_COORDINATES|TAXON_ID_NOT_FOUND,iNaturalist research-grade observations,50c9509d-22c7-4a22-a47d-8c48425ef4a7,http://creativecommons.org/licenses/by-nc/4.0/legalcode,https://www.gbif.org/occurrence/3113537922,True,False
9be7c1bb96123c74e8f0caaf,leucaena_leucocephala,Leucaena leucocephala,Leucaena leucocephala (Lam.) de Wit,GBIF,3302481575,inat:77731867,HUMAN_OBSERVATION,2021-05-07T18:49:25,2021,MY,3.066235,101.610801,65.0,Selangor,,PRESENT,CONTINENT_DERIVED_FROM_COORDINATES|COORDINATE_ROUNDED|TAXON_ID_NOT_FOUND,iNaturalist research-grade observations,50c9509d-22c7-4a22-a47d-8c48425ef4a7,http://creativecommons.org/licenses/by-nc/4.0/legalcode,https://www.gbif.org/occurrence/3302481575,True,True
f174511d916a33da6c13ca74,leucaena_leucocephala,Leucaena leucocephala,Leucaena leucocephala (Lam.) de Wit,GBIF,3302519393,inat:82389939,HUMAN_OBSERVATION,2021-06-10T13:15:08,2021,MY,1.54112,110.350175,4.0,Sarawak,,PRESENT,CONTINENT_DERIVED_FROM_COORDINATES|TAXON_ID_NOT_FOUND,iNaturalist research-grade observations,50c9509d-22c7-4a22-a47d-8c48425ef4a7,http://creativecommons.org/licenses/by-nc/4.0/legalcode,https://www.gbif.org/occurrence/3302519393,True,True
12e3da007df38784ae92eaec,leucaena_leucocephala,Leucaena leucocephala,Leucaena leucocephala (Lam.) de Wit,GBIF,3314239446,inat:78006297,HUMAN_OBSERVATION,2021-05-03T16:29,2021,MY,3.110794,101.594912,,Selangor,,PRESENT,CONTINENT_DERIVED_FROM_COORDINATES|COORDINATE_ROUNDED|TAXON_ID_NOT_FOUND,iNaturalist research-grade observations,50c9509d-22c7-4a22-a47d-8c48425ef4a7,http://creativecommons.org/licenses/by-nc/4.0/legalcode,https://www.gbif.org/occurrence/3314239446,True,False
ace9a42758e0e91624cd4af1,leucaena_leucocephala,Leucaena leucocephala,Leucaena leucocephala (Lam.) de Wit,GBIF,3314513053,inat:83897239,HUMAN_OBSERVATION,2021-06-06T18:12:15,2021,MY,5.407789,100.288577,,Pulau Pinang,,PRESENT,CONTINENT_DERIVED_FROM_COORDINATES|COORDINATE_ROUNDED|TAXON_ID_NOT_FOUND,iNaturalist research-grade observations,50c9509d-22c7-4a22-a47d-8c48425ef4a7,http://creativecommons.org/licenses/by-nc/4.0/legalcode,https://www.gbif.org/occurrence/3314513053,True,False
411d8f54360c4ae55387b31c,leucaena_leucocephala,Leucaena leucocephala,Leucaena leucocephala (Lam.) de Wit,GBIF,3335083407,inat:78000270,HUMAN_OBSERVATION,2021-05-03T17:59,2021,MY,3.101334,101.617932,61.0,Selangor,,PRESENT,CONTINENT_DERIVED_FROM_COORDINATES|COORDINATE_ROUNDED|TAXON_ID_NOT_FOUND,iNaturalist research-grade observations,50c9509d-22c7-4a22-a47d-8c48425ef4a7,http://creativecommons.org/licenses/by-nc/4.0/legalcode,https://www.gbif.org/occurrence/3335083407,True,True
360b93b20e7d7292c538acc5,leucaena_leucocephala,Leucaena leucocephala,Leucaena leucocephala (Lam.) de Wit,GBIF,3343806709,inat:91829815,HUMAN_OBSERVATION,2021-08-20T17:48:02,2021,MY,5.978081,116.087446,4.0,Sabah,,PRESENT,CONTINENT_DERIVED_FROM_COORDINATES|COORDINATE_ROUNDED|TAXON_ID_NOT_FOUND,iNaturalist research-grade observations,50c9509d-22c7-4a22-a47d-8c48425ef4a7,http://creativecommons.org/licenses/by-nc/4.0/legalcode,https://www.gbif.org/occurrence/3343806709,True,True
3cdf7c36a78fd1fa12b977a3,leucaena_leucocephala,Leucaena leucocephala,Leucaena leucocephala (Lam.) de Wit,GBIF,3343900091,inat:92178386,HUMAN_OBSERVATION,2021-08-23T07:41:33,2021,MY,5.381232,100.30088,65.0,Pulau Pinang,,PRESENT,CONTINENT_DERIVED_FROM_COORDINATES|COORDINATE_ROUNDED|TAXON_ID_NOT_FOUND,iNaturalist research-grade observations,50c9509d-22c7-4a22-a47d-8c48425ef4a7,http://creativecommons.org/licenses/by-nc/4.0/legalcode,https://www.gbif.org/occurrence/3343900091,True,True
c72a73a460cd5b7bd019cfae,leucaena_leucocephala,Leucaena leucocephala,Leucaena leucocephala (Lam.) de Wit,GBIF,3384133559,inat:95479844,HUMAN_OBSERVATION,2021-09-10T09:03Z,2021,MY,3.082743,101.615601,,Selangor,,PRESENT,CONTINENT_DERIVED_FROM_COORDINATES|COORDINATE_ROUNDED|TAXON_ID_NOT_FOUND,iNaturalist research-grade observations,50c9509d-22c7-4a22-a47d-8c48425ef4a7,http://creativecommons.org/licenses/by-nc/4.0/legalcode,https://www.gbif.org/occurrence/3384133559,True,False
a1d3f79d4015caea9c81348c,leucaena_leucocephala,Leucaena leucocephala,Leucaena leucocephala (Lam.) de Wit,GBIF,3384223880,inat:94774612,HUMAN_OBSERVATION,2021-09-13T18:45:11,2021,MY,3.097403,101.415321,,Selangor,,PRESENT,CONTINENT_DERIVED_FROM_COORDINATES|COORDINATE_ROUNDED|TAXON_ID_NOT_FOUND,iNaturalist research-grade observations,50c9509d-22c7-4a22-a47d-8c48425ef4a7,http://creativecommons.org/licenses/by-nc/4.0/legalcode,https://www.gbif.org/occurrence/3384223880,True,False
1c609e356a2e000fd799c96f,leucaena_leucocephala,Leucaena leucocephala,Leucaena leucocephala (Lam.) de Wit,GBIF,3384470588,inat:95479843,HUMAN_OBSERVATION,2021-09-10T09:03Z,2021,MY,3.082743,101.615601,,Selangor,,PRESENT,CONTINENT_DERIVED_FROM_COORDINATES|COORDINATE_ROUNDED|TAXON_ID_NOT_FOUND,iNaturalist research-grade observations,50c9509d-22c7-4a22-a47d-8c48425ef4a7,http://creativecommons.org/licenses/by-nc/4.0/legalcode,https://www.gbif.org/occurrence/3384470588,True,False
d4d2d878b2150631cf53b5fb,leucaena_leucocephala,Leucaena leucocephala,Leucaena leucocephala (Lam.) de Wit,GBIF,3399304606,inat:98861221,HUMAN_OBSERVATION,2021-10-21T12:31:09,2021,MY,3.100008,101.601179,28.0,Selangor,,PRESENT,CONTINENT_DERIVED_FROM_COORDINATES|COORDINATE_ROUNDED|TAXON_ID_NOT_FOUND,iNaturalist research-grade observations,50c9509d-22c7-4a22-a47d-8c48425ef4a7,http://creativecommons.org/licenses/by-nc/4.0/legalcode,https://www.gbif.org/occurrence/3399304606,True,True
dd532d44388f4ad6a15489c0,leucaena_leucocephala,Leucaena leucocephala,Leucaena leucocephala (Lam.) de Wit,GBIF,3499338821,inat:106728487,HUMAN_OBSERVATION,2022-02-06T10:34Z,2022,MY,3.180575,101.654669,14.0,Kuala Lumpur,,PRESENT,CONTINENT_DERIVED_FROM_COORDINATES|COORDINATE_ROUNDED|TAXON_ID_NOT_FOUND,iNaturalist research-grade observations,50c9509d-22c7-4a22-a47d-8c48425ef4a7,http://creativecommons.org/licenses/by-nc/4.0/legalcode,https://www.gbif.org/occurrence/3499338821,True,True
92c85403c3a05088bd3a1128,leucaena_leucocephala,Leucaena leucocephala,Leucaena leucocephala (Lam.) de Wit,GBIF,3760110475,inat:111995997,HUMAN_OBSERVATION,2022-04-19T09:24:51,2022,MY,3.050463,101.751825,9.0,Selangor,,PRESENT,CONTINENT_DERIVED_FROM_COORDINATES|COORDINATE_ROUNDED|TAXON_ID_NOT_FOUND,iNaturalist research-grade observations,50c9509d-22c7-4a22-a47d-8c48425ef4a7,http://creativecommons.org/licenses/by-nc/4.0/legalcode,https://www.gbif.org/occurrence/3760110475,True,True
945544409ff04e1ec1013d35,leucaena_leucocephala,Leucaena leucocephala,Leucaena leucocephala (Lam.) de Wit,GBIF,3773307000,inat:116021790,HUMAN_OBSERVATION,2022-05-08T11:05:24,2022,MY,3.052384,101.75362,8.0,Selangor,,PRESENT,CONTINENT_DERIVED_FROM_COORDINATES|COORDINATE_ROUNDED|TAXON_ID_NOT_FOUND,iNaturalist research-grade observations,50c9509d-22c7-4a22-a47d-8c48425ef4a7,http://creativecommons.org/licenses/by-nc/4.0/legalcode,https://www.gbif.org/occurrence/3773307000,True,True
5366b52e61eeba419aebd030,leucaena_leucocephala,Leucaena leucocephala,Leucaena leucocephala (Lam.) de Wit,GBIF,3881892469,inat:128721586,HUMAN_OBSERVATION,2022-07-30T16:28:45,2022,MY,3.003,101.396094,,Selangor,,PRESENT,CONTINENT_DERIVED_FROM_COORDINATES|COORDINATE_ROUNDED|TAXON_ID_NOT_FOUND,iNaturalist research-grade observations,50c9509d-22c7-4a22-a47d-8c48425ef4a7,http://creativecommons.org/licenses/by/4.0/legalcode,https://www.gbif.org/occurrence/3881892469,True,False
c20f34e6e999ce0b05796489,leucaena_leucocephala,Leucaena leucocephala,Leucaena leucocephala (Lam.) de Wit,GBIF,3947091720,inat:139922162,HUMAN_OBSERVATION,2022-10-17,2022,MY,3.162017,101.745844,,Selangor,,PRESENT,CONTINENT_DERIVED_FROM_COORDINATES|COORDINATE_ROUNDED|TAXON_ID_NOT_FOUND,iNaturalist research-grade observations,50c9509d-22c7-4a22-a47d-8c48425ef4a7,http://creativecommons.org/licenses/by/4.0/legalcode,https://www.gbif.org/occurrence/3947091720,True,False
7f988b7369f23b96bd129f5e,leucaena_leucocephala,Leucaena leucocephala,Leucaena leucocephala (Lam.) de Wit,GBIF,3947321724,inat:139918087,HUMAN_OBSERVATION,2022-10-22T16:52:54,2022,MY,6.295642,99.729233,4.0,Kedah,,PRESENT,CONTINENT_DERIVED_FROM_COORDINATES|COORDINATE_ROUNDED|TAXON_ID_NOT_FOUND,iNaturalist research-grade observations,50c9509d-22c7-4a22-a47d-8c48425ef4a7,http://creativecommons.org/licenses/by/4.0/legalcode,https://www.gbif.org/occurrence/3947321724,True,True
7957c9d934a9e9b16af505f1,leucaena_leucocephala,Leucaena leucocephala,Leucaena leucocephala (Lam.) de Wit,GBIF,3949064509,,HUMAN_OBSERVATION,2022-07-20T03:11:27.100Z,2022,MY,2.050501,103.332605,5.0,,,PRESENT,CONTINENT_DERIVED_FROM_COORDINATES|COORDINATE_ROUNDED|COUNTRY_DERIVED_FROM_COORDINATES,,7a3679ef-5582-4aaa-81f0-8c2545cafc81,http://creativecommons.org/licenses/by/4.0/legalcode,https://www.gbif.org/occurrence/3949064509,True,True
5a1b7223cb8fc8a5cad0033d,leucaena_leucocephala,Leucaena leucocephala,Leucaena leucocephala (Lam.) de Wit,GBIF,3952965066,,HUMAN_OBSERVATION,2019-09-22T09:54:28.798Z,2019,MY,2.99197,101.715572,65.0,,,PRESENT,CONTINENT_DERIVED_FROM_COORDINATES|COORDINATE_ROUNDED|COUNTRY_DERIVED_FROM_COORDINATES,,14d5676a-2c54-4f94-9023-1e8dcd822aa0,http://creativecommons.org/licenses/by/4.0/legalcode,https://www.gbif.org/occurrence/3952965066,True,True
55b0bf7b3422e9a8d8d1cf6e,leucaena_leucocephala,Leucaena leucocephala,Leucaena leucocephala (Lam.) de Wit,GBIF,3953429324,,HUMAN_OBSERVATION,2018-11-20T10:40:35.155Z,2018,MY,3.002119,101.703095,3.0,,,PRESENT,CONTINENT_DERIVED_FROM_COORDINATES|COORDINATE_ROUNDED|COUNTRY_DERIVED_FROM_COORDINATES,,14d5676a-2c54-4f94-9023-1e8dcd822aa0,http://creativecommons.org/licenses/by/4.0/legalcode,https://www.gbif.org/occurrence/3953429324,True,True
d6dba9846eecb62964ab115a,leucaena_leucocephala,Leucaena leucocephala,Leucaena leucocephala (Lam.) de Wit,GBIF,3954369522,,HUMAN_OBSERVATION,2021-05-16T23:37:49.816Z,2021,MY,5.925019,102.27443,9.0,,,PRESENT,CONTINENT_DERIVED_FROM_COORDINATES|COORDINATE_ROUNDED|COUNTRY_DERIVED_FROM_COORDINATES,,14d5676a-2c54-4f94-9023-1e8dcd822aa0,http://creativecommons.org/licenses/by/4.0/legalcode,https://www.gbif.org/occurrence/3954369522,True,True
9ff898b7a5c4865d73db73b2,leucaena_leucocephala,Leucaena leucocephala,Leucaena leucocephala (Lam.) de Wit,GBIF,3956535163,,HUMAN_OBSERVATION,2019-07-10T08:42:09.589Z,2019,MY,3.004155,101.703877,,,,PRESENT,CONTINENT_DERIVED_FROM_COORDINATES|COORDINATE_ROUNDED|COUNTRY_DERIVED_FROM_COORDINATES,,14d5676a-2c54-4f94-9023-1e8dcd822aa0,http://creativecommons.org/licenses/by/4.0/legalcode,https://www.gbif.org/occurrence/3956535163,True,False
0a701a0a6630bd0bca1d628b,leucaena_leucocephala,Leucaena leucocephala,Leucaena leucocephala (Lam.) de Wit,GBIF,3957331940,,HUMAN_OBSERVATION,2021-12-23T02:11:28.755Z,2021,MY,5.762046,102.595966,4.0,,,PRESENT,CONTINENT_DERIVED_FROM_COORDINATES|COORDINATE_ROUNDED|COUNTRY_DERIVED_FROM_COORDINATES,,14d5676a-2c54-4f94-9023-1e8dcd822aa0,http://creativecommons.org/licenses/by/4.0/legalcode,https://www.gbif.org/occurrence/3957331940,True,True
f576814684fd495aba1fd24b,leucaena_leucocephala,Leucaena leucocephala,Leucaena leucocephala (Lam.) de Wit,GBIF,3957333131,,HUMAN_OBSERVATION,2022-01-07T02:14:41.794Z,2022,MY,5.354311,100.313305,98.0,,,PRESENT,CONTINENT_DERIVED_FROM_COORDINATES|COORDINATE_ROUNDED|COUNTRY_DERIVED_FROM_COORDINATES,,14d5676a-2c54-4f94-9023-1e8dcd822aa0,http://creativecommons.org/licenses/by/4.0/legalcode,https://www.gbif.org/occurrence/3957333131,True,True
7dbb0c6129ae944d86c84818,leucaena_leucocephala,Leucaena leucocephala,Leucaena leucocephala (Lam.) de Wit,GBIF,3958455722,,HUMAN_OBSERVATION,2022-03-02T09:53:28.254Z,2022,MY,3.135692,101.764769,6.0,,,PRESENT,CONTINENT_DERIVED_FROM_COORDINATES|COORDINATE_ROUNDED|COUNTRY_DERIVED_FROM_COORDINATES,,14d5676a-2c54-4f94-9023-1e8dcd822aa0,http://creativecommons.org/licenses/by/4.0/legalcode,https://www.gbif.org/occurrence/3958455722,True,True
d8eb78edc6d5d9d76979f9c7,leucaena_leucocephala,Leucaena leucocephala,Leucaena leucocephala (Lam.) de Wit,GBIF,3959385351,,HUMAN_OBSERVATION,2021-06-06T08:27:16.319Z,2021,MY,2.051307,102.645306,8.0,,,PRESENT,CONTINENT_DERIVED_FROM_COORDINATES|COORDINATE_ROUNDED|COUNTRY_DERIVED_FROM_COORDINATES,,14d5676a-2c54-4f94-9023-1e8dcd822aa0,http://creativecommons.org/licenses/by/4.0/legalcode,https://www.gbif.org/occurrence/3959385351,True,True
637cf8672f62dbc6eceecf3c,leucaena_leucocephala,Leucaena leucocephala,Leucaena leucocephala (Lam.) de Wit,GBIF,3963496283,inat:141363707,HUMAN_OBSERVATION,2022-11-07T14:06:54,2022,MY,5.4615,100.3134,5.0,Pulau Pinang,,PRESENT,CONTINENT_DERIVED_FROM_COORDINATES|TAXON_ID_NOT_FOUND,iNaturalist research-grade observations,50c9509d-22c7-4a22-a47d-8c48425ef4a7,http://creativecommons.org/publicdomain/zero/1.0/legalcode,https://www.gbif.org/occurrence/3963496283,True,True
2365f9656b56c9d4677254b3,leucaena_leucocephala,Leucaena leucocephala,Leucaena leucocephala (Lam.) de Wit,GBIF,3969580429,,PRESERVED_SPECIMEN,1987-07,1987,MY,3.0833,101.5,,Selangor,"Selangor, Dist. of Petaling, Shah Alam",PRESENT,CONTINENT_DERIVED_FROM_COORDINATES|GEODETIC_DATUM_ASSUMED_WGS84|INSTITUTION_MATCH_FUZZY|TAXON_ID_NOT_FOUND,,defb9a47-c1a7-4fb2-9a0b-2da7c5260cad,http://creativecommons.org/publicdomain/zero/1.0/legalcode,https://www.gbif.org/occurrence/3969580429,True,False
fbac853e5fffa312d61e9caf,leucaena_leucocephala,Leucaena leucocephala,Leucaena leucocephala (Lam.) de Wit,GBIF,3998893784,,HUMAN_OBSERVATION,2022-05-13T02:42:35.169Z,2022,MY,3.006196,101.711277,58.0,,,PRESENT,CONTINENT_DERIVED_FROM_COORDINATES|COORDINATE_ROUNDED|COUNTRY_DERIVED_FROM_COORDINATES,,14d5676a-2c54-4f94-9023-1e8dcd822aa0,http://creativecommons.org/licenses/by/4.0/legalcode,https://www.gbif.org/occurrence/3998893784,True,True
74b183f6a76b70bcd8d356fe,leucaena_leucocephala,Leucaena leucocephala,Leucaena leucocephala (Lam.) de Wit,GBIF,4018097850,inat:146323879,HUMAN_OBSERVATION,2023-01-11T16:11:56,2023,MY,4.320316,101.148106,12.0,Perak,,PRESENT,CONTINENT_DERIVED_FROM_COORDINATES|COORDINATE_ROUNDED|TAXON_ID_NOT_FOUND,iNaturalist research-grade observations,50c9509d-22c7-4a22-a47d-8c48425ef4a7,http://creativecommons.org/licenses/by/4.0/legalcode,https://www.gbif.org/occurrence/4018097850,True,True
f9e2f7e55f1ce94407ffcc9a,leucaena_leucocephala,Leucaena leucocephala,Leucaena leucocephala (Lam.) de Wit,GBIF,4018265840,inat:146303315,HUMAN_OBSERVATION,2023-01-11T08:15:57,2023,MY,4.605664,101.122245,35.0,Perak,,PRESENT,CONTINENT_DERIVED_FROM_COORDINATES|COORDINATE_ROUNDED|TAXON_ID_NOT_FOUND,iNaturalist research-grade observations,50c9509d-22c7-4a22-a47d-8c48425ef4a7,http://creativecommons.org/licenses/by-nc/4.0/legalcode,https://www.gbif.org/occurrence/4018265840,True,True
23fcbb91dc49a08d3b4c75c9,leucaena_leucocephala,Leucaena leucocephala,Leucaena leucocephala (Lam.) de Wit,GBIF,4029192633,inat:147753862,HUMAN_OBSERVATION,2023-01-31T17:33:31,2023,MY,4.347754,100.966537,4.0,Perak,,PRESENT,CONTINENT_DERIVED_FROM_COORDINATES|COORDINATE_ROUNDED|TAXON_ID_NOT_FOUND,iNaturalist research-grade observations,50c9509d-22c7-4a22-a47d-8c48425ef4a7,http://creativecommons.org/licenses/by-nc/4.0/legalcode,https://www.gbif.org/occurrence/4029192633,True,True
95830cacd33e2cfe4df8c86e,leucaena_leucocephala,Leucaena leucocephala,Leucaena leucocephala (Lam.) de Wit,GBIF,4091911998,inat:154809839,HUMAN_OBSERVATION,2023-04-14T08:10:10,2023,MY,5.403621,100.295201,200.0,Pulau Pinang,,PRESENT,CONTINENT_DERIVED_FROM_COORDINATES|COORDINATE_ROUNDED|TAXON_ID_NOT_FOUND,iNaturalist research-grade observations,50c9509d-22c7-4a22-a47d-8c48425ef4a7,http://creativecommons.org/licenses/by-nc/4.0/legalcode,https://www.gbif.org/occurrence/4091911998,True,True
2840cca1871acabbeb6b6d5c,leucaena_leucocephala,Leucaena leucocephala,Leucaena leucocephala (Lam.) de Wit,GBIF,4102427303,,PRESERVED_SPECIMEN,1987-07,1987,MY,3.083333,101.5,,Selangor,"Selangor, Dist. of Petaling, Shah Alam",PRESENT,CONTINENT_DERIVED_FROM_COORDINATES|GEODETIC_DATUM_ASSUMED_WGS84|INSTITUTION_MATCH_FUZZY|TAXON_ID_NOT_FOUND,,bb0366a9-2a7e-44f8-9c9a-e49c23dae2f8,http://creativecommons.org/publicdomain/zero/1.0/legalcode,https://www.gbif.org/occurrence/4102427303,True,False
c5123e65dd59750fd881774a,leucaena_leucocephala,Leucaena leucocephala,Leucaena leucocephala (Lam.) de Wit,GBIF,4116368102,inat:161534517,HUMAN_OBSERVATION,2023-05-14T10:38:33,2023,MY,2.968986,101.694197,,Selangor,,PRESENT,CONTINENT_DERIVED_FROM_COORDINATES|COORDINATE_ROUNDED|TAXON_ID_NOT_FOUND,iNaturalist research-grade observations,50c9509d-22c7-4a22-a47d-8c48425ef4a7,http://creativecommons.org/licenses/by-nc/4.0/legalcode,https://www.gbif.org/occurrence/4116368102,True,False
d0668f00390beee23342e341,leucaena_leucocephala,Leucaena leucocephala,Leucaena leucocephala (Lam.) de Wit,GBIF,4121154798,inat:162103166,HUMAN_OBSERVATION,2023-05-17T16:15:36,2023,MY,2.970787,101.693437,3.0,Selangor,,PRESENT,CONTINENT_DERIVED_FROM_COORDINATES|COORDINATE_ROUNDED|TAXON_ID_NOT_FOUND,iNaturalist research-grade observations,50c9509d-22c7-4a22-a47d-8c48425ef4a7,http://creativecommons.org/licenses/by-nc/4.0/legalcode,https://www.gbif.org/occurrence/4121154798,True,True
ef8a0f88c2d3b42711fa26c4,leucaena_leucocephala,Leucaena leucocephala,Leucaena leucocephala (Lam.) de Wit,GBIF,4127327691,inat:163791931,HUMAN_OBSERVATION,2023-05-26T19:05:31,2023,MY,2.925467,101.695955,452.0,Putrajaya,,PRESENT,CONTINENT_DERIVED_FROM_COORDINATES|COORDINATE_ROUNDED|TAXON_ID_NOT_FOUND,iNaturalist research-grade observations,50c9509d-22c7-4a22-a47d-8c48425ef4a7,http://creativecommons.org/licenses/by-nc/4.0/legalcode,https://www.gbif.org/occurrence/4127327691,True,True
2394e320f1e6276ed1aec110,leucaena_leucocephala,Leucaena leucocephala,Leucaena leucocephala (Lam.) de Wit,GBIF,4129767954,inat:164815789,HUMAN_OBSERVATION,2023-05-16T18:21:48,2023,MY,2.891503,101.682808,4.0,Putrajaya,,PRESENT,CONTINENT_DERIVED_FROM_COORDINATES|COORDINATE_ROUNDED|TAXON_ID_NOT_FOUND,iNaturalist research-grade observations,50c9509d-22c7-4a22-a47d-8c48425ef4a7,http://creativecommons.org/licenses/by-nc/4.0/legalcode,https://www.gbif.org/occurrence/4129767954,True,True
c23008fe52be12ab99f92e7f,leucaena_leucocephala,Leucaena leucocephala,Leucaena leucocephala (Lam.) de Wit,GBIF,4129783891,inat:164730832,HUMAN_OBSERVATION,2023-05-31T09:02:50,2023,MY,2.917311,101.676841,8.0,Putrajaya,,PRESENT,CONTINENT_DERIVED_FROM_COORDINATES|COORDINATE_ROUNDED|TAXON_ID_NOT_FOUND,iNaturalist research-grade observations,50c9509d-22c7-4a22-a47d-8c48425ef4a7,http://creativecommons.org/licenses/by-nc/4.0/legalcode,https://www.gbif.org/occurrence/4129783891,True,True
8a9fb501eb2a5d29e7001903,leucaena_leucocephala,Leucaena leucocephala,Leucaena leucocephala (Lam.) de Wit,GBIF,4129988189,inat:165085111,HUMAN_OBSERVATION,2023-06-02T09:23,2023,MY,2.883172,101.792581,6.0,Selangor,,PRESENT,CONTINENT_DERIVED_FROM_COORDINATES|COORDINATE_ROUNDED|TAXON_ID_NOT_FOUND,iNaturalist research-grade observations,50c9509d-22c7-4a22-a47d-8c48425ef4a7,http://creativecommons.org/licenses/by-nc/4.0/legalcode,https://www.gbif.org/occurrence/4129988189,True,True
d11bdb93b235dd63b1ccf2aa,leucaena_leucocephala,Leucaena leucocephala,Leucaena leucocephala (Lam.) de Wit,GBIF,4145506002,inat:169918549,HUMAN_OBSERVATION,2023-06-23T13:29,2023,MY,2.949011,101.758919,40.0,Selangor,,PRESENT,CONTINENT_DERIVED_FROM_COORDINATES|COORDINATE_ROUNDED|TAXON_ID_NOT_FOUND,iNaturalist research-grade observations,50c9509d-22c7-4a22-a47d-8c48425ef4a7,http://creativecommons.org/licenses/by-nc/4.0/legalcode,https://www.gbif.org/occurrence/4145506002,True,True
18f33852149e632a019afb0a,leucaena_leucocephala,Leucaena leucocephala,Leucaena leucocephala (Lam.) de Wit,GBIF,4165728766,inat:174236401,HUMAN_OBSERVATION,2023-07-22T13:36:45,2023,MY,3.148619,101.509511,,Selangor,,PRESENT,CONTINENT_DERIVED_FROM_COORDINATES|COORDINATE_ROUNDED|TAXON_ID_NOT_FOUND,iNaturalist research-grade observations,50c9509d-22c7-4a22-a47d-8c48425ef4a7,http://creativecommons.org/licenses/by-nc/4.0/legalcode,https://www.gbif.org/occurrence/4165728766,True,False
b5a9ca159b51545571170d8e,leucaena_leucocephala,Leucaena leucocephala,Leucaena leucocephala (Lam.) de Wit,GBIF,4171989843,inat:176574283,HUMAN_OBSERVATION,2023-08-04T18:16:44,2023,MY,3.159891,101.581245,4.0,Selangor,,PRESENT,CONTINENT_DERIVED_FROM_COORDINATES|COORDINATE_ROUNDED|TAXON_ID_NOT_FOUND,iNaturalist research-grade observations,50c9509d-22c7-4a22-a47d-8c48425ef4a7,http://creativecommons.org/licenses/by-nc/4.0/legalcode,https://www.gbif.org/occurrence/4171989843,True,True
633a19ffcbe492345bebc6c7,leucaena_leucocephala,Leucaena leucocephala,Leucaena leucocephala (Lam.) de Wit,GBIF,4407317730,inat:181282819,HUMAN_OBSERVATION,2023-09-02T08:13:38,2023,MY,2.942888,101.724645,12.0,Selangor,,PRESENT,CONTINENT_DERIVED_FROM_COORDINATES|COORDINATE_ROUNDED|TAXON_ID_NOT_FOUND,iNaturalist research-grade observations,50c9509d-22c7-4a22-a47d-8c48425ef4a7,http://creativecommons.org/licenses/by-nc/4.0/legalcode,https://www.gbif.org/occurrence/4407317730,True,True
ffd59e991a17d636fc5afd0e,leucaena_leucocephala,Leucaena leucocephala,Leucaena leucocephala (Lam.) de Wit,GBIF,4414244326,inat:183475766,HUMAN_OBSERVATION,2023-09-16T17:11:34,2023,MY,2.914854,101.689782,4.0,Putrajaya,,PRESENT,CONTINENT_DERIVED_FROM_COORDINATES|COORDINATE_ROUNDED|TAXON_ID_NOT_FOUND,iNaturalist research-grade observations,50c9509d-22c7-4a22-a47d-8c48425ef4a7,http://creativecommons.org/licenses/by-nc/4.0/legalcode,https://www.gbif.org/occurrence/4414244326,True,True
6b66424b7680f8f711be6ed4,leucaena_leucocephala,Leucaena leucocephala,Leucaena leucocephala (Lam.) de Wit,GBIF,4506341556,inat:194733768,HUMAN_OBSERVATION,2023-12-24T18:45,2023,MY,2.952479,101.72902,430.0,Selangor,,PRESENT,CONTINENT_DERIVED_FROM_COORDINATES|COORDINATE_ROUNDED|TAXON_ID_NOT_FOUND,iNaturalist research-grade observations,50c9509d-22c7-4a22-a47d-8c48425ef4a7,http://creativecommons.org/licenses/by-nc/4.0/legalcode,https://www.gbif.org/occurrence/4506341556,True,True
44c6fd65b86ad236d9e24c49,leucaena_leucocephala,Leucaena leucocephala,Leucaena leucocephala (Lam.) de Wit,GBIF,4522462533,inat:100386104,HUMAN_OBSERVATION,2021-11-06T17:38:45,2021,MY,2.044501,102.630269,87.0,Johor,,PRESENT,CONTINENT_DERIVED_FROM_COORDINATES|COORDINATE_ROUNDED|TAXON_ID_NOT_FOUND,iNaturalist research-grade observations,50c9509d-22c7-4a22-a47d-8c48425ef4a7,http://creativecommons.org/licenses/by-nc/4.0/legalcode,https://www.gbif.org/occurrence/4522462533,True,True
4e5b13f2f19183ea8df56697,leucaena_leucocephala,Leucaena leucocephala,Leucaena leucocephala (Lam.) de Wit,GBIF,4522554586,inat:142975619,HUMAN_OBSERVATION,2022-11-27T07:45:01,2022,MY,3.040896,101.524155,9.0,Selangor,,PRESENT,CONTINENT_DERIVED_FROM_COORDINATES|COORDINATE_ROUNDED|TAXON_ID_NOT_FOUND,iNaturalist research-grade observations,50c9509d-22c7-4a22-a47d-8c48425ef4a7,http://creativecommons.org/licenses/by-nc/4.0/legalcode,https://www.gbif.org/occurrence/4522554586,True,True
b3936cd65bcfd6832c2b2f5b,leucaena_leucocephala,Leucaena leucocephala,Leucaena leucocephala (Lam.) de Wit,GBIF,4535914715,inat:200836576,HUMAN_OBSERVATION,2023-05-21T17:12,2023,MY,6.007572,116.124446,113.0,Sabah,,PRESENT,CONTINENT_DERIVED_FROM_COORDINATES|COORDINATE_ROUNDED|TAXON_ID_NOT_FOUND,iNaturalist research-grade observations,50c9509d-22c7-4a22-a47d-8c48425ef4a7,http://creativecommons.org/licenses/by/4.0/legalcode,https://www.gbif.org/occurrence/4535914715,True,True
4dfdb56fbb27341aa79c3dbd,leucaena_leucocephala,Leucaena leucocephala,Leucaena leucocephala (Lam.) de Wit,GBIF,4846944466,inat:206922962,HUMAN_OBSERVATION,2024-04-13T18:06:41,2024,MY,6.032299,100.36829,3.0,Kedah,,PRESENT,CONTINENT_DERIVED_FROM_COORDINATES|COORDINATE_ROUNDED|TAXON_ID_NOT_FOUND,iNaturalist research-grade observations,50c9509d-22c7-4a22-a47d-8c48425ef4a7,http://creativecommons.org/licenses/by-nc/4.0/legalcode,https://www.gbif.org/occurrence/4846944466,True,True
41b73c12c7f6b2cd6ea7f1c3,leucaena_leucocephala,Leucaena leucocephala,Leucaena leucocephala (Lam.) de Wit,GBIF,4891901969,inat:221231377,HUMAN_OBSERVATION,2024-06-08T10:08:31,2024,MY,1.762202,104.081157,5.0,Johor,,PRESENT,CONTINENT_DERIVED_FROM_COORDINATES|COORDINATE_ROUNDED|TAXON_ID_NOT_FOUND,iNaturalist research-grade observations,50c9509d-22c7-4a22-a47d-8c48425ef4a7,http://creativecommons.org/licenses/by-nc/4.0/legalcode,https://www.gbif.org/occurrence/4891901969,True,True
d2536a736af75e1504426136,leucaena_leucocephala,Leucaena leucocephala,Leucaena leucocephala (Lam.) de Wit,GBIF,4891927579,inat:221731647,HUMAN_OBSERVATION,2024-06-09T08:10,2024,MY,4.081223,101.796645,4.0,Pahang,,PRESENT,CONTINENT_DERIVED_FROM_COORDINATES|COORDINATE_ROUNDED|TAXON_ID_NOT_FOUND,iNaturalist research-grade observations,50c9509d-22c7-4a22-a47d-8c48425ef4a7,http://creativecommons.org/licenses/by-nc/4.0/legalcode,https://www.gbif.org/occurrence/4891927579,True,True
8bb1d2d18837b735b64a29fc,leucaena_leucocephala,Leucaena leucocephala,Leucaena leucocephala (Lam.) de Wit,GBIF,4911086679,inat:230916613,HUMAN_OBSERVATION,2024-07-21T11:36,2024,MY,2.918537,101.641905,4.0,Selangor,,PRESENT,CONTINENT_DERIVED_FROM_COORDINATES|COORDINATE_ROUNDED|TAXON_ID_NOT_FOUND,iNaturalist research-grade observations,50c9509d-22c7-4a22-a47d-8c48425ef4a7,http://creativecommons.org/licenses/by-nc/4.0/legalcode,https://www.gbif.org/occurrence/4911086679,True,True
1a21c27324e86a7147e93062,leucaena_leucocephala,Leucaena leucocephala,Leucaena leucocephala (Lam.) de Wit,GBIF,4945460683,inat:165452537,HUMAN_OBSERVATION,2023-06-04T12:45:24,2023,MY,3.178606,101.510431,,Selangor,,PRESENT,CONTINENT_DERIVED_FROM_COORDINATES|COORDINATE_ROUNDED|TAXON_ID_NOT_FOUND,iNaturalist research-grade observations,50c9509d-22c7-4a22-a47d-8c48425ef4a7,http://creativecommons.org/licenses/by-nc/4.0/legalcode,https://www.gbif.org/occurrence/4945460683,True,False
acecc1de4b436854a690ea9b,leucaena_leucocephala,Leucaena leucocephala,Leucaena leucocephala (Lam.) de Wit,GBIF,4945530664,inat:156980595,HUMAN_OBSERVATION,2023-04-28T08:48:20,2023,MY,3.171575,101.500456,,Selangor,,PRESENT,CONTINENT_DERIVED_FROM_COORDINATES|COORDINATE_ROUNDED|TAXON_ID_NOT_FOUND,iNaturalist research-grade observations,50c9509d-22c7-4a22-a47d-8c48425ef4a7,http://creativecommons.org/licenses/by-nc/4.0/legalcode,https://www.gbif.org/occurrence/4945530664,True,False
320b56eda6133c185bcaf590,leucaena_leucocephala,Leucaena leucocephala,Leucaena leucocephala (Lam.) de Wit,GBIF,4945597752,inat:211461856,HUMAN_OBSERVATION,2024-04-29T16:01:32,2024,MY,3.146608,101.614953,14.0,Kuala Lumpur,,PRESENT,CONTINENT_DERIVED_FROM_COORDINATES|COORDINATE_ROUNDED|TAXON_ID_NOT_FOUND,iNaturalist research-grade observations,50c9509d-22c7-4a22-a47d-8c48425ef4a7,http://creativecommons.org/publicdomain/zero/1.0/legalcode,https://www.gbif.org/occurrence/4945597752,True,True
f3e224fc9c97712946f85f09,leucaena_leucocephala,Leucaena leucocephala,Leucaena leucocephala (Lam.) de Wit,GBIF,4945650458,inat:76824984,HUMAN_OBSERVATION,2021-05-03T11:39:11,2021,MY,5.453068,100.308484,84.0,Pulau Pinang,,PRESENT,CONTINENT_DERIVED_FROM_COORDINATES|COORDINATE_ROUNDED|TAXON_ID_NOT_FOUND,iNaturalist research-grade observations,50c9509d-22c7-4a22-a47d-8c48425ef4a7,http://creativecommons.org/licenses/by-nc/4.0/legalcode,https://www.gbif.org/occurrence/4945650458,True,True
e581547195b10dea602bd319,leucaena_leucocephala,Leucaena leucocephala,Leucaena leucocephala (Lam.) de Wit,GBIF,4945666123,inat:78173000,HUMAN_OBSERVATION,2021-05-10T08:58:35,2021,MY,2.751883,102.245418,,Negeri Sembilan,,PRESENT,CONTINENT_DERIVED_FROM_COORDINATES|COORDINATE_ROUNDED|TAXON_ID_NOT_FOUND,iNaturalist research-grade observations,50c9509d-22c7-4a22-a47d-8c48425ef4a7,http://creativecommons.org/licenses/by-nc/4.0/legalcode,https://www.gbif.org/occurrence/4945666123,True,False
45588de3a9d588a98a6804c1,leucaena_leucocephala,Leucaena leucocephala,Leucaena leucocephala (Lam.) de Wit,GBIF,4945673636,inat:173154376,HUMAN_OBSERVATION,2023-07-16T09:34:34,2023,MY,3.26834,101.672666,220.0,Selangor,,PRESENT,CONTINENT_DERIVED_FROM_COORDINATES|COORDINATE_ROUNDED|TAXON_ID_NOT_FOUND,iNaturalist research-grade observations,50c9509d-22c7-4a22-a47d-8c48425ef4a7,http://creativecommons.org/licenses/by-nc/4.0/legalcode,https://www.gbif.org/occurrence/4945673636,True,True
a6480ecd31ebe7f851b0f95d,leucaena_leucocephala,Leucaena leucocephala,Leucaena leucocephala (Lam.) de Wit,GBIF,4945675943,inat:77548269,HUMAN_OBSERVATION,2021-05-05T08:45,2021,MY,3.113755,101.667265,98.0,Kuala Lumpur,,PRESENT,CONTINENT_DERIVED_FROM_COORDINATES|COORDINATE_ROUNDED|TAXON_ID_NOT_FOUND,iNaturalist research-grade observations,50c9509d-22c7-4a22-a47d-8c48425ef4a7,http://creativecommons.org/licenses/by-nc/4.0/legalcode,https://www.gbif.org/occurrence/4945675943,True,True
1bf38677b4a75ebbfd83394e,leucaena_leucocephala,Leucaena leucocephala,Leucaena leucocephala (Lam.) de Wit,GBIF,4945739495,inat:161528666,HUMAN_OBSERVATION,2023-05-14T09:56:37,2023,MY,2.966214,101.694384,8.0,Selangor,,PRESENT,CONTINENT_DERIVED_FROM_COORDINATES|COORDINATE_ROUNDED|TAXON_ID_NOT_FOUND,iNaturalist research-grade observations,50c9509d-22c7-4a22-a47d-8c48425ef4a7,http://creativecommons.org/licenses/by-nc/4.0/legalcode,https://www.gbif.org/occurrence/4945739495,True,True
dc9e76ba24ae48292e9ace1d,leucaena_leucocephala,Leucaena leucocephala,Leucaena leucocephala (Lam.) de Wit,GBIF,4945810542,inat:164740440,HUMAN_OBSERVATION,2023-05-31T10:21:11,2023,MY,2.927045,101.691108,96.0,Putrajaya,,PRESENT,CONTINENT_DERIVED_FROM_COORDINATES|COORDINATE_ROUNDED|TAXON_ID_NOT_FOUND,iNaturalist research-grade observations,50c9509d-22c7-4a22-a47d-8c48425ef4a7,http://creativecommons.org/licenses/by-nc/4.0/legalcode,https://www.gbif.org/occurrence/4945810542,True,True
3bf3b5c859fdf7881048cee9,leucaena_leucocephala,Leucaena leucocephala,Leucaena leucocephala (Lam.) de Wit,GBIF,4945813289,inat:76149056,HUMAN_OBSERVATION,2021-05-01T14:17,2021,MY,3.113263,101.646014,587.0,Kuala Lumpur,,PRESENT,CONTINENT_DERIVED_FROM_COORDINATES|COORDINATE_ROUNDED|TAXON_ID_NOT_FOUND,iNaturalist research-grade observations,50c9509d-22c7-4a22-a47d-8c48425ef4a7,http://creativecommons.org/licenses/by-nc/4.0/legalcode,https://www.gbif.org/occurrence/4945813289,True,True
1b0381af42d90a5e5c47aeaf,leucaena_leucocephala,Leucaena leucocephala,Leucaena leucocephala (Lam.) de Wit,GBIF,4945817370,inat:77732939,HUMAN_OBSERVATION,2021-05-07T18:49:13,2021,MY,3.066283,101.61091,8.0,Selangor,,PRESENT,CONTINENT_DERIVED_FROM_COORDINATES|COORDINATE_ROUNDED|TAXON_ID_NOT_FOUND,iNaturalist research-grade observations,50c9509d-22c7-4a22-a47d-8c48425ef4a7,http://creativecommons.org/licenses/by-nc/4.0/legalcode,https://www.gbif.org/occurrence/4945817370,True,True
079f9ccadffe6314d9de7b38,leucaena_leucocephala,Leucaena leucocephala,Leucaena leucocephala (Lam.) de Wit,GBIF,4945955271,inat:157939075,HUMAN_OBSERVATION,2023-04-30T12:11:07,2023,MY,3.095945,101.662841,5.0,Kuala Lumpur,,PRESENT,CONTINENT_DERIVED_FROM_COORDINATES|COORDINATE_ROUNDED|TAXON_ID_NOT_FOUND,iNaturalist research-grade observations,50c9509d-22c7-4a22-a47d-8c48425ef4a7,http://creativecommons.org/licenses/by-nc/4.0/legalcode,https://www.gbif.org/occurrence/4945955271,True,True
19b6bbb070b5498b37b65b1d,leucaena_leucocephala,Leucaena leucocephala,Leucaena leucocephala (Lam.) de Wit,GBIF,4946041841,inat:80733437,HUMAN_OBSERVATION,2021-05-08T09:36,2021,MY,3.163477,101.738179,,Kuala Lumpur,,PRESENT,CONTINENT_DERIVED_FROM_COORDINATES|COORDINATE_ROUNDED|TAXON_ID_NOT_FOUND,iNaturalist research-grade observations,50c9509d-22c7-4a22-a47d-8c48425ef4a7,http://creativecommons.org/licenses/by-nc/4.0/legalcode,https://www.gbif.org/occurrence/4946041841,True,False
0119e56bc803eab5e8e2d88a,leucaena_leucocephala,Leucaena leucocephala,Leucaena leucocephala (Lam.) de Wit,GBIF,4946050185,inat:188488848,HUMAN_OBSERVATION,2023-10-22T15:46:01,2023,MY,4.362129,100.958951,35.0,Perak,,PRESENT,CONTINENT_DERIVED_FROM_COORDINATES|COORDINATE_ROUNDED|TAXON_ID_NOT_FOUND,iNaturalist research-grade observations,50c9509d-22c7-4a22-a47d-8c48425ef4a7,http://creativecommons.org/licenses/by-nc/4.0/legalcode,https://www.gbif.org/occurrence/4946050185,True,True
17693a568d78017468c6a29a,leucaena_leucocephala,Leucaena leucocephala,Leucaena leucocephala (Lam.) de Wit,GBIF,4946152212,inat:23677503,HUMAN_OBSERVATION,2019-04-27T11:20,2019,MY,3.12265,101.660977,,Kuala Lumpur,,PRESENT,CONTINENT_DERIVED_FROM_COORDINATES|COORDINATE_ROUNDED|TAXON_ID_NOT_FOUND,iNaturalist research-grade observations,50c9509d-22c7-4a22-a47d-8c48425ef4a7,http://creativecommons.org/licenses/by-nc/4.0/legalcode,https://www.gbif.org/occurrence/4946152212,True,False
ac0e5b07ed7b141ac038f248,leucaena_leucocephala,Leucaena leucocephala,Leucaena leucocephala (Lam.) de Wit,GBIF,4946221206,inat:161045966,HUMAN_OBSERVATION,2023-05-11T16:48:11,2023,MY,2.969575,101.694405,4.0,Selangor,,PRESENT,CONTINENT_DERIVED_FROM_COORDINATES|TAXON_ID_NOT_FOUND,iNaturalist research-grade observations,50c9509d-22c7-4a22-a47d-8c48425ef4a7,http://creativecommons.org/licenses/by-nc/4.0/legalcode,https://www.gbif.org/occurrence/4946221206,True,True
8fe990031f2c35b61bafe724,leucaena_leucocephala,Leucaena leucocephala,Leucaena leucocephala (Lam.) de Wit,GBIF,4946224678,inat:74039633,HUMAN_OBSERVATION,2021-03-27T13:04Z,2021,MY,5.350477,100.296205,18.0,Pulau Pinang,,PRESENT,CONTINENT_DERIVED_FROM_COORDINATES|COORDINATE_ROUNDED|TAXON_ID_NOT_FOUND,iNaturalist research-grade observations,50c9509d-22c7-4a22-a47d-8c48425ef4a7,http://creativecommons.org/licenses/by-nc/4.0/legalcode,https://www.gbif.org/occurrence/4946224678,True,True
6aea228acd8454f998adc06d,leucaena_leucocephala,Leucaena leucocephala,Leucaena leucocephala (Lam.) de Wit,GBIF,4946265169,inat:198053618,HUMAN_OBSERVATION,2024-01-30T11:22:52,2024,MY,1.464616,103.632659,164.0,Johor,,PRESENT,CONTINENT_DERIVED_FROM_COORDINATES|COORDINATE_ROUNDED|TAXON_ID_NOT_FOUND,iNaturalist research-grade observations,50c9509d-22c7-4a22-a47d-8c48425ef4a7,http://creativecommons.org/licenses/by-nc/4.0/legalcode,https://www.gbif.org/occurrence/4946265169,True,True
384c5b9aea108de5a0158db5,leucaena_leucocephala,Leucaena leucocephala,Leucaena leucocephala (Lam.) de Wit,GBIF,4946292217,inat:182746569,HUMAN_OBSERVATION,2023-09-11T09:56:42,2023,MY,5.414833,100.32003,4.0,Pulau Pinang,,PRESENT,CONTINENT_DERIVED_FROM_COORDINATES|COORDINATE_ROUNDED|TAXON_ID_NOT_FOUND,iNaturalist research-grade observations,50c9509d-22c7-4a22-a47d-8c48425ef4a7,http://creativecommons.org/licenses/by-nc/4.0/legalcode,https://www.gbif.org/occurrence/4946292217,True,True
6c4a875026529877ccfc1993,leucaena_leucocephala,Leucaena leucocephala,Leucaena leucocephala (Lam.) de Wit,GBIF,4946301412,inat:157028741,HUMAN_OBSERVATION,2023-04-28T13:55:29,2023,MY,2.932552,101.706408,,Putrajaya,,PRESENT,CONTINENT_DERIVED_FROM_COORDINATES|COORDINATE_ROUNDED|TAXON_ID_NOT_FOUND,iNaturalist research-grade observations,50c9509d-22c7-4a22-a47d-8c48425ef4a7,http://creativecommons.org/licenses/by-nc/4.0/legalcode,https://www.gbif.org/occurrence/4946301412,True,False
d418da5daa5686da15e3af67,leucaena_leucocephala,Leucaena leucocephala,Leucaena leucocephala (Lam.) de Wit,GBIF,4946397342,inat:187580420,HUMAN_OBSERVATION,2023-10-15T10:22:13,2023,MY,2.924751,101.679358,27.0,Putrajaya,,PRESENT,CONTINENT_DERIVED_FROM_COORDINATES|COORDINATE_ROUNDED|TAXON_ID_NOT_FOUND,iNaturalist research-grade observations,50c9509d-22c7-4a22-a47d-8c48425ef4a7,http://creativecommons.org/licenses/by-nc/4.0/legalcode,https://www.gbif.org/occurrence/4946397342,True,True
6183cf5f2ab4cc11362343d5,leucaena_leucocephala,Leucaena leucocephala,Leucaena leucocephala (Lam.) de Wit,GBIF,4946459739,inat:198043456,HUMAN_OBSERVATION,2023-09-22T10:31,2023,MY,3.24634,101.680505,211.0,Selangor,,PRESENT,CONTINENT_DERIVED_FROM_COORDINATES|COORDINATE_ROUNDED|TAXON_ID_NOT_FOUND,iNaturalist research-grade observations,50c9509d-22c7-4a22-a47d-8c48425ef4a7,http://creativecommons.org/licenses/by-nc/4.0/legalcode,https://www.gbif.org/occurrence/4946459739,True,True
b302d159effbdb5114143320,leucaena_leucocephala,Leucaena leucocephala,Leucaena leucocephala (Lam.) de Wit,GBIF,4946460895,inat:74028739,HUMAN_OBSERVATION,2021-04-15T18:14:26,2021,MY,4.572154,101.032065,212.0,Perak,,PRESENT,CONTINENT_DERIVED_FROM_COORDINATES|COORDINATE_ROUNDED|TAXON_ID_NOT_FOUND,iNaturalist research-grade observations,50c9509d-22c7-4a22-a47d-8c48425ef4a7,http://creativecommons.org/licenses/by-nc/4.0/legalcode,https://www.gbif.org/occurrence/4946460895,True,True
ab5ae5308dffc142a8addebf,leucaena_leucocephala,Leucaena leucocephala,Leucaena leucocephala (Lam.) de Wit,GBIF,4946469043,inat:165097263,HUMAN_OBSERVATION,2023-06-02T13:56:15,2023,MY,3.175511,101.527994,,Selangor,,PRESENT,CONTINENT_DERIVED_FROM_COORDINATES|COORDINATE_ROUNDED|TAXON_ID_NOT_FOUND,iNaturalist research-grade observations,50c9509d-22c7-4a22-a47d-8c48425ef4a7,http://creativecommons.org/licenses/by-nc/4.0/legalcode,https://www.gbif.org/occurrence/4946469043,True,False
1d3bfaec5186bee04c008fba,leucaena_leucocephala,Leucaena leucocephala,Leucaena leucocephala (Lam.) de Wit,GBIF,4946537949,inat:189833590,HUMAN_OBSERVATION,2023-10-22T08:32:21,2023,MY,2.935112,101.680978,4.0,Putrajaya,,PRESENT,CONTINENT_DERIVED_FROM_COORDINATES|COORDINATE_ROUNDED|TAXON_ID_NOT_FOUND,iNaturalist research-grade observations,50c9509d-22c7-4a22-a47d-8c48425ef4a7,http://creativecommons.org/licenses/by-nc/4.0/legalcode,https://www.gbif.org/occurrence/4946537949,True,True
4626fa2c639a2dd1727ecc33,leucaena_leucocephala,Leucaena leucocephala,Leucaena leucocephala (Lam.) de Wit,GBIF,4946540808,inat:74052259,HUMAN_OBSERVATION,2021-04-15T19:03:59,2021,MY,4.572817,101.031473,212.0,Perak,,PRESENT,CONTINENT_DERIVED_FROM_COORDINATES|COORDINATE_ROUNDED|TAXON_ID_NOT_FOUND,iNaturalist research-grade observations,50c9509d-22c7-4a22-a47d-8c48425ef4a7,http://creativecommons.org/licenses/by-nc/4.0/legalcode,https://www.gbif.org/occurrence/4946540808,True,True
76e9d676ec22ef3249e4f401,leucaena_leucocephala,Leucaena leucocephala,Leucaena leucocephala (Lam.) de Wit,GBIF,4948333877,,PRESERVED_SPECIMEN,1987-07,1987,MY,3.083333,101.5,,,"Malaysia: Selangor, Dist. of Petaling, Shah Alam.",PRESENT,COLLECTION_MATCH_FUZZY|GEODETIC_DATUM_ASSUMED_WGS84|IDENTIFIED_DATE_INVALID|INSTITUTION_MATCH_FUZZY|TAXON_ID_NOT_FOUND,,9781ce05-2379-4a10-ab3b-c91346510df8,http://creativecommons.org/licenses/by-nc/4.0/legalcode,https://www.gbif.org/occurrence/4948333877,True,False
5d1bda4c77c3ebde5d05417d,leucaena_leucocephala,Leucaena leucocephala,Leucaena leucocephala (Lam.) de Wit,GBIF,5062909863,inat:252844308,HUMAN_OBSERVATION,2024-11-24T09:38:48,2024,MY,3.504173,101.092993,,Selangor,,PRESENT,CONTINENT_DERIVED_FROM_COORDINATES|COORDINATE_ROUNDED|TAXON_ID_NOT_FOUND,iNaturalist research-grade observations,50c9509d-22c7-4a22-a47d-8c48425ef4a7,http://creativecommons.org/licenses/by-nc/4.0/legalcode,https://www.gbif.org/occurrence/5062909863,True,False
a989a32f1df45ff0ffdfd7fa,leucaena_leucocephala,Leucaena leucocephala,Leucaena leucocephala (Lam.) de Wit,GBIF,5087528335,inat:264053001,HUMAN_OBSERVATION,2025-03-06T09:58,2025,MY,2.715476,101.887273,15.0,Negeri Sembilan,,PRESENT,CONTINENT_DERIVED_FROM_COORDINATES|COORDINATE_ROUNDED|TAXON_ID_NOT_FOUND,iNaturalist research-grade observations,50c9509d-22c7-4a22-a47d-8c48425ef4a7,http://creativecommons.org/licenses/by/4.0/legalcode,https://www.gbif.org/occurrence/5087528335,True,True
34fbf91cdb5b4e54e7f6d325,leucaena_leucocephala,Leucaena leucocephala,Leucaena leucocephala (Lam.) de Wit,GBIF,5087813590,inat:264798233,HUMAN_OBSERVATION,2024-10-26T16:11:33,2024,MY,1.511512,103.685946,19.0,Johor,,PRESENT,CONTINENT_DERIVED_FROM_COORDINATES|COORDINATE_ROUNDED|TAXON_ID_NOT_FOUND,iNaturalist research-grade observations,50c9509d-22c7-4a22-a47d-8c48425ef4a7,http://creativecommons.org/publicdomain/zero/1.0/legalcode,https://www.gbif.org/occurrence/5087813590,True,True
338bc2aec80eb1f175422cd5,leucaena_leucocephala,Leucaena leucocephala,Leucaena leucocephala (Lam.) de Wit,GBIF,5103639681,,PRESERVED_SPECIMEN,1987-02-06,1987,MY,3.083333,101.5,,Selangor,"Shah Alam, Petaling District",PRESENT,CONTINENT_DERIVED_FROM_COORDINATES|COORDINATE_ROUNDED|INSTITUTION_COLLECTION_MISMATCH|INSTITUTION_MATCH_FUZZY,,1a9d08bb-9e2c-4540-8f7f-3205846b6ddc,http://creativecommons.org/publicdomain/zero/1.0/legalcode,https://www.gbif.org/occurrence/5103639681,True,False
3575306bbedb4876cb406c79,leucaena_leucocephala,Leucaena leucocephala,Leucaena leucocephala (Lam.) de Wit,GBIF,5103639683,,PRESERVED_SPECIMEN,1987-07-01/1987-07-31,1987,MY,3.083333,101.5,,Selangor,"Shah Alam, Petaling District",PRESENT,CONTINENT_DERIVED_FROM_COORDINATES|COORDINATE_ROUNDED|INSTITUTION_COLLECTION_MISMATCH|INSTITUTION_MATCH_FUZZY,,1a9d08bb-9e2c-4540-8f7f-3205846b6ddc,http://creativecommons.org/publicdomain/zero/1.0/legalcode,https://www.gbif.org/occurrence/5103639683,True,False
0fe4f366af5eeed59c9ab139,leucaena_leucocephala,Leucaena leucocephala,Leucaena leucocephala (Lam.) de Wit,GBIF,5108198856,inat:267322391,HUMAN_OBSERVATION,2025-03-09T13:36,2025,MY,5.981701,116.0765,310.0,Sabah,,PRESENT,CONTINENT_DERIVED_FROM_COORDINATES|COORDINATE_ROUNDED|TAXON_ID_NOT_FOUND,iNaturalist research-grade observations,50c9509d-22c7-4a22-a47d-8c48425ef4a7,http://creativecommons.org/licenses/by-nc/4.0/legalcode,https://www.gbif.org/occurrence/5108198856,True,True
c097385448317cf5dace6038,leucaena_leucocephala,Leucaena leucocephala,Leucaena leucocephala (Lam.) de Wit,GBIF,5109558866,,HUMAN_OBSERVATION,2023-04-28T00:16:29.985Z,2023,MY,4.605557,101.144625,4.0,,,PRESENT,CONTINENT_DERIVED_FROM_COORDINATES|COORDINATE_ROUNDED|COUNTRY_DERIVED_FROM_COORDINATES,,7a3679ef-5582-4aaa-81f0-8c2545cafc81,http://creativecommons.org/licenses/by/4.0/legalcode,https://www.gbif.org/occurrence/5109558866,True,True
ce3ffb20335001d41d42645a,leucaena_leucocephala,Leucaena leucocephala,Leucaena leucocephala (Lam.) de Wit,GBIF,5133114371,inat:11989935,HUMAN_OBSERVATION,2018-04-30T17:59,2018,MY,3.135995,101.657682,211.0,Kuala Lumpur,,PRESENT,CONTINENT_DERIVED_FROM_COORDINATES|COORDINATE_ROUNDED|TAXON_ID_NOT_FOUND,iNaturalist research-grade observations,50c9509d-22c7-4a22-a47d-8c48425ef4a7,http://creativecommons.org/licenses/by-nc/4.0/legalcode,https://www.gbif.org/occurrence/5133114371,True,True
f3f22538f4b3d5425fb4ca8d,leucaena_leucocephala,Leucaena leucocephala,Leucaena leucocephala (Lam.) de Wit,GBIF,5133139976,inat:72672449,HUMAN_OBSERVATION,2021-04-02T16:25:21,2021,MY,5.354571,100.303655,10.0,Pulau Pinang,,PRESENT,CONTINENT_DERIVED_FROM_COORDINATES|COORDINATE_ROUNDED|TAXON_ID_NOT_FOUND,iNaturalist research-grade observations,50c9509d-22c7-4a22-a47d-8c48425ef4a7,http://creativecommons.org/licenses/by-nc/4.0/legalcode,https://www.gbif.org/occurrence/5133139976,True,True
4431fa9eb7c4780d716a3a55,leucaena_leucocephala,Leucaena leucocephala,Leucaena leucocephala (Lam.) de Wit,GBIF,5133161450,inat:24177939,HUMAN_OBSERVATION,2019-04-27T10:07,2019,MY,3.12004,101.654228,31.0,Kuala Lumpur,,PRESENT,CONTINENT_DERIVED_FROM_COORDINATES|COORDINATE_ROUNDED|TAXON_ID_NOT_FOUND,iNaturalist research-grade observations,50c9509d-22c7-4a22-a47d-8c48425ef4a7,http://creativecommons.org/licenses/by-nc/4.0/legalcode,https://www.gbif.org/occurrence/5133161450,True,True
22dd5b29f96ef6415651c396,leucaena_leucocephala,Leucaena leucocephala,Leucaena leucocephala (Lam.) de Wit,GBIF,5133163039,inat:74096216,HUMAN_OBSERVATION,2021-03-27T15:11Z,2021,MY,5.349301,100.292868,31.0,Pulau Pinang,,PRESENT,CONTINENT_DERIVED_FROM_COORDINATES|COORDINATE_ROUNDED|TAXON_ID_NOT_FOUND,iNaturalist research-grade observations,50c9509d-22c7-4a22-a47d-8c48425ef4a7,http://creativecommons.org/licenses/by-nc/4.0/legalcode,https://www.gbif.org/occurrence/5133163039,True,True
9c84cd523d8eef9a3b8c2943,leucaena_leucocephala,Leucaena leucocephala,Leucaena leucocephala (Lam.) de Wit,GBIF,5133170478,inat:26063058,HUMAN_OBSERVATION,2019-05-30T12:12:53,2019,MY,3.139778,101.696517,16.0,Kuala Lumpur,,PRESENT,CONTINENT_DERIVED_FROM_COORDINATES|COORDINATE_ROUNDED|TAXON_ID_NOT_FOUND,iNaturalist research-grade observations,50c9509d-22c7-4a22-a47d-8c48425ef4a7,http://creativecommons.org/licenses/by-nc/4.0/legalcode,https://www.gbif.org/occurrence/5133170478,True,True
d8180e3e90086597d04b3236,leucaena_leucocephala,Leucaena leucocephala,Leucaena leucocephala (Lam.) de Wit,GBIF,5133175951,inat:68915041,HUMAN_OBSERVATION,2021-02-01T19:22Z,2021,MY,1.843854,102.948062,212.0,Johor,,PRESENT,CONTINENT_DERIVED_FROM_COORDINATES|COORDINATE_ROUNDED|TAXON_ID_NOT_FOUND,iNaturalist research-grade observations,50c9509d-22c7-4a22-a47d-8c48425ef4a7,http://creativecommons.org/licenses/by-nc/4.0/legalcode,https://www.gbif.org/occurrence/5133175951,True,True
3a6ef7e2d9bce477962973e0,leucaena_leucocephala,Leucaena leucocephala,Leucaena leucocephala (Lam.) de Wit,GBIF,5133176448,inat:19064911,HUMAN_OBSERVATION,2018-12-16T16:25:58,2018,MY,5.989876,116.088453,3.0,Sabah,,PRESENT,CONTINENT_DERIVED_FROM_COORDINATES|COORDINATE_ROUNDED|TAXON_ID_NOT_FOUND,iNaturalist research-grade observations,50c9509d-22c7-4a22-a47d-8c48425ef4a7,http://creativecommons.org/licenses/by-nc/4.0/legalcode,https://www.gbif.org/occurrence/5133176448,True,True
0d16815d6dbef972ff9b4a5e,leucaena_leucocephala,Leucaena leucocephala,Leucaena leucocephala (Lam.) de Wit,GBIF,5133177237,inat:88913196,HUMAN_OBSERVATION,2021-07-28T15:17:13,2021,MY,5.289681,100.451759,98.0,Pulau Pinang,,PRESENT,CONTINENT_DERIVED_FROM_COORDINATES|COORDINATE_ROUNDED|TAXON_ID_NOT_FOUND,iNaturalist research-grade observations,50c9509d-22c7-4a22-a47d-8c48425ef4a7,http://creativecommons.org/licenses/by-nc/4.0/legalcode,https://www.gbif.org/occurrence/5133177237,True,True
eae3cc9bd9da671a8b175e9a,leucaena_leucocephala,Leucaena leucocephala,Leucaena leucocephala (Lam.) de Wit,GBIF,5133180482,inat:24296171,HUMAN_OBSERVATION,2019-04-28T11:16,2019,MY,2.900352,101.66859,,Putrajaya,,PRESENT,CONTINENT_DERIVED_FROM_COORDINATES|COORDINATE_ROUNDED|TAXON_ID_NOT_FOUND,iNaturalist research-grade observations,50c9509d-22c7-4a22-a47d-8c48425ef4a7,http://creativecommons.org/licenses/by-nc/4.0/legalcode,https://www.gbif.org/occurrence/5133180482,True,False
da1ffd042a1d9bf099bdea91,leucaena_leucocephala,Leucaena leucocephala,Leucaena leucocephala (Lam.) de Wit,GBIF,5133230660,inat:118347124,HUMAN_OBSERVATION,2022-05-23T18:38:21,2022,MY,1.541622,110.321986,19.0,Sarawak,,PRESENT,CONTINENT_DERIVED_FROM_COORDINATES|COORDINATE_ROUNDED|TAXON_ID_NOT_FOUND,iNaturalist research-grade observations,50c9509d-22c7-4a22-a47d-8c48425ef4a7,http://creativecommons.org/licenses/by-nc/4.0/legalcode,https://www.gbif.org/occurrence/5133230660,True,True
dacc207e057f58118e4087b3,leucaena_leucocephala,Leucaena leucocephala,Leucaena leucocephala (Lam.) de Wit,GBIF,5133277144,inat:187572205,HUMAN_OBSERVATION,2023-10-15T09:08:32,2023,MY,2.919581,101.674988,,Putrajaya,,PRESENT,CONTINENT_DERIVED_FROM_COORDINATES|COORDINATE_ROUNDED|TAXON_ID_NOT_FOUND,iNaturalist research-grade observations,50c9509d-22c7-4a22-a47d-8c48425ef4a7,http://creativecommons.org/licenses/by-nc/4.0/legalcode,https://www.gbif.org/occurrence/5133277144,True,False
23037b0d61e6d244edd8bc65,leucaena_leucocephala,Leucaena leucocephala,Leucaena leucocephala (Lam.) de Wit,GBIF,5133304267,inat:154770156,HUMAN_OBSERVATION,2023-04-14T08:03:49,2023,MY,5.402725,100.294367,5.0,Pulau Pinang,,PRESENT,CONTINENT_DERIVED_FROM_COORDINATES|COORDINATE_ROUNDED|TAXON_ID_NOT_FOUND,iNaturalist research-grade observations,50c9509d-22c7-4a22-a47d-8c48425ef4a7,http://creativecommons.org/licenses/by-nc/4.0/legalcode,https://www.gbif.org/occurrence/5133304267,True,True
8a5f4b8dafcef7b0a3264215,leucaena_leucocephala,Leucaena leucocephala,Leucaena leucocephala (Lam.) de Wit,GBIF,5133309303,inat:156385669,HUMAN_OBSERVATION,2023-04-24T16:14:18,2023,MY,4.775342,100.911808,4.0,Perak,,PRESENT,CONTINENT_DERIVED_FROM_COORDINATES|COORDINATE_ROUNDED|TAXON_ID_NOT_FOUND,iNaturalist research-grade observations,50c9509d-22c7-4a22-a47d-8c48425ef4a7,http://creativecommons.org/licenses/by-nc/4.0/legalcode,https://www.gbif.org/occurrence/5133309303,True,True
17c827e8d19246cd2eacc012,leucaena_leucocephala,Leucaena leucocephala,Leucaena leucocephala (Lam.) de Wit,GBIF,5133382015,inat:219370768,HUMAN_OBSERVATION,2024-05-31T19:55,2024,MY,3.876851,101.273375,592.0,Perak,,PRESENT,CONTINENT_DERIVED_FROM_COORDINATES|COORDINATE_ROUNDED|TAXON_ID_NOT_FOUND,iNaturalist research-grade observations,50c9509d-22c7-4a22-a47d-8c48425ef4a7,http://creativecommons.org/licenses/by-nc/4.0/legalcode,https://www.gbif.org/occurrence/5133382015,True,True
84ec48f7ba7f04b9a10170c1,leucaena_leucocephala,Leucaena leucocephala,Leucaena leucocephala (Lam.) de Wit,GBIF,5133384426,inat:204116531,HUMAN_OBSERVATION,2024-03-27T15:12:58,2024,MY,2.824713,101.467483,9.0,Selangor,,PRESENT,CONTINENT_DERIVED_FROM_COORDINATES|COORDINATE_ROUNDED|TAXON_ID_NOT_FOUND,iNaturalist research-grade observations,50c9509d-22c7-4a22-a47d-8c48425ef4a7,http://creativecommons.org/licenses/by-nc/4.0/legalcode,https://www.gbif.org/occurrence/5133384426,True,True
88d035aba3753b5951667640,leucaena_leucocephala,Leucaena leucocephala,Leucaena leucocephala (Lam.) de Wit,GBIF,5133388910,inat:183194168,HUMAN_OBSERVATION,2023-09-14T18:11:18,2023,MY,2.922419,101.700277,9.0,Putrajaya,,PRESENT,CONTINENT_DERIVED_FROM_COORDINATES|COORDINATE_ROUNDED|TAXON_ID_NOT_FOUND,iNaturalist research-grade observations,50c9509d-22c7-4a22-a47d-8c48425ef4a7,http://creativecommons.org/licenses/by-nc/4.0/legalcode,https://www.gbif.org/occurrence/5133388910,True,True
31d709866bd904a3c5639b22,leucaena_leucocephala,Leucaena leucocephala,Leucaena leucocephala (Lam.) de Wit,GBIF,5133394525,inat:163266888,HUMAN_OBSERVATION,2023-05-19T09:26,2023,MY,2.879633,101.791742,6.0,Selangor,,PRESENT,CONTINENT_DERIVED_FROM_COORDINATES|COORDINATE_ROUNDED|TAXON_ID_NOT_FOUND,iNaturalist research-grade observations,50c9509d-22c7-4a22-a47d-8c48425ef4a7,http://creativecommons.org/licenses/by-nc/4.0/legalcode,https://www.gbif.org/occurrence/5133394525,True,True
668d97c1f543a4ad433d5c0f,leucaena_leucocephala,Leucaena leucocephala,Leucaena leucocephala (Lam.) de Wit,GBIF,5133404477,inat:164925268,HUMAN_OBSERVATION,2023-06-01T12:15:58,2023,MY,2.917511,101.706405,4.0,Putrajaya,,PRESENT,CONTINENT_DERIVED_FROM_COORDINATES|COORDINATE_ROUNDED|TAXON_ID_NOT_FOUND,iNaturalist research-grade observations,50c9509d-22c7-4a22-a47d-8c48425ef4a7,http://creativecommons.org/licenses/by-nc/4.0/legalcode,https://www.gbif.org/occurrence/5133404477,True,True
992ed687ef208a7b1c74a0be,leucaena_leucocephala,Leucaena leucocephala,Leucaena leucocephala (Lam.) de Wit,GBIF,5133471942,inat:218308457,HUMAN_OBSERVATION,2024-05-26T15:02:37,2024,MY,3.845337,101.284033,4.0,Perak,,PRESENT,CONTINENT_DERIVED_FROM_COORDINATES|COORDINATE_ROUNDED|TAXON_ID_NOT_FOUND,iNaturalist research-grade observations,50c9509d-22c7-4a22-a47d-8c48425ef4a7,http://creativecommons.org/licenses/by-nc/4.0/legalcode,https://www.gbif.org/occurrence/5133471942,True,True
046f7a3ba168265a3fd724fe,leucaena_leucocephala,Leucaena leucocephala,Leucaena leucocephala (Lam.) de Wit,GBIF,5133483095,inat:242486428,HUMAN_OBSERVATION,2024-09-17T17:56,2024,MY,4.523612,101.101267,2.0,Perak,,PRESENT,CONTINENT_DERIVED_FROM_COORDINATES|COORDINATE_ROUNDED|TAXON_ID_NOT_FOUND,iNaturalist research-grade observations,50c9509d-22c7-4a22-a47d-8c48425ef4a7,http://creativecommons.org/licenses/by-nc/4.0/legalcode,https://www.gbif.org/occurrence/5133483095,True,True
f8e3a95e5fb7dfdbb2d6855e,leucaena_leucocephala,Leucaena leucocephala,Leucaena leucocephala (Lam.) de Wit,GBIF,5133533102,inat:259412196,HUMAN_OBSERVATION,2025-01-24T12:36:38,2025,MY,2.218817,102.19265,625.0,Melaka,,PRESENT,CONTINENT_DERIVED_FROM_COORDINATES|COORDINATE_ROUNDED|TAXON_ID_NOT_FOUND,iNaturalist research-grade observations,50c9509d-22c7-4a22-a47d-8c48425ef4a7,http://creativecommons.org/licenses/by-nc/4.0/legalcode,https://www.gbif.org/occurrence/5133533102,True,True
f9e3969d2a0cf2b8cf8795f5,leucaena_leucocephala,Leucaena leucocephala,Leucaena leucocephala (Lam.) de Wit,GBIF,5133540063,inat:257885484,HUMAN_OBSERVATION,2025-01-02T18:03,2025,MY,1.751956,110.316794,44.0,Sarawak,,PRESENT,CONTINENT_DERIVED_FROM_COORDINATES|COORDINATE_ROUNDED|TAXON_ID_NOT_FOUND,iNaturalist research-grade observations,50c9509d-22c7-4a22-a47d-8c48425ef4a7,http://creativecommons.org/licenses/by-nc/4.0/legalcode,https://www.gbif.org/occurrence/5133540063,True,True
79d060777008fca3ce9a77a0,leucaena_leucocephala,Leucaena leucocephala,Leucaena leucocephala (Lam.) de Wit,GBIF,5133542367,inat:223151518,HUMAN_OBSERVATION,2024-06-16T16:51,2024,MY,3.866017,101.276977,260.0,Perak,,PRESENT,CONTINENT_DERIVED_FROM_COORDINATES|COORDINATE_ROUNDED|TAXON_ID_NOT_FOUND,iNaturalist research-grade observations,50c9509d-22c7-4a22-a47d-8c48425ef4a7,http://creativecommons.org/licenses/by-nc/4.0/legalcode,https://www.gbif.org/occurrence/5133542367,True,True
0506002151d69909eb201111,leucaena_leucocephala,Leucaena leucocephala,Leucaena leucocephala (Lam.) de Wit,GBIF,5133555267,inat:261213470,HUMAN_OBSERVATION,2025-02-10T12:27:43,2025,MY,6.040427,116.117567,3.0,Sabah,,PRESENT,CONTINENT_DERIVED_FROM_COORDINATES|COORDINATE_ROUNDED|TAXON_ID_NOT_FOUND,iNaturalist research-grade observations,50c9509d-22c7-4a22-a47d-8c48425ef4a7,http://creativecommons.org/licenses/by-nc/4.0/legalcode,https://www.gbif.org/occurrence/5133555267,True,True
a2a89d49707b4fba38ef8e80,leucaena_leucocephala,Leucaena leucocephala,Leucaena leucocephala (Lam.) de Wit,GBIF,5133584492,inat:230757905,HUMAN_OBSERVATION,2024-07-21T18:19:49,2024,MY,2.811354,101.807033,,Negeri Sembilan,,PRESENT,CONTINENT_DERIVED_FROM_COORDINATES|COORDINATE_ROUNDED|TAXON_ID_NOT_FOUND,iNaturalist research-grade observations,50c9509d-22c7-4a22-a47d-8c48425ef4a7,http://creativecommons.org/licenses/by-nc/4.0/legalcode,https://www.gbif.org/occurrence/5133584492,True,False
f9d938ca29ff373c183e16ec,leucaena_leucocephala,Leucaena leucocephala,Leucaena leucocephala (Lam.) de Wit,GBIF,5133596374,inat:222838983,HUMAN_OBSERVATION,2024-06-15T16:14:04,2024,MY,1.762212,104.08118,5.0,Johor,,PRESENT,CONTINENT_DERIVED_FROM_COORDINATES|COORDINATE_ROUNDED|TAXON_ID_NOT_FOUND,iNaturalist research-grade observations,50c9509d-22c7-4a22-a47d-8c48425ef4a7,http://creativecommons.org/licenses/by-nc/4.0/legalcode,https://www.gbif.org/occurrence/5133596374,True,True
8b70cd2b2203dbc08c59c031,leucaena_leucocephala,Leucaena leucocephala,Leucaena leucocephala (Lam.) de Wit,GBIF,5133626497,inat:247863782,HUMAN_OBSERVATION,2024-10-18T10:15,2024,MY,2.729975,101.881508,,Negeri Sembilan,,PRESENT,CONTINENT_DERIVED_FROM_COORDINATES|COORDINATE_ROUNDED|TAXON_ID_NOT_FOUND,iNaturalist research-grade observations,50c9509d-22c7-4a22-a47d-8c48425ef4a7,http://creativecommons.org/licenses/by/4.0/legalcode,https://www.gbif.org/occurrence/5133626497,True,False
d47e3a718ca05d9a6e401dbb,leucaena_leucocephala,Leucaena leucocephala,Leucaena leucocephala (Lam.) de Wit,GBIF,5133639633,inat:253028288,HUMAN_OBSERVATION,2024-11-24T17:46,2024,MY,3.223089,101.649434,4.0,Selangor,,PRESENT,CONTINENT_DERIVED_FROM_COORDINATES|COORDINATE_ROUNDED|TAXON_ID_NOT_FOUND,iNaturalist research-grade observations,50c9509d-22c7-4a22-a47d-8c48425ef4a7,http://creativecommons.org/licenses/by-nc/4.0/legalcode,https://www.gbif.org/occurrence/5133639633,True,True
cdf9142cd2f5b65a88f58f0e,leucaena_leucocephala,Leucaena leucocephala,Leucaena leucocephala (Lam.) de Wit,GBIF,5133665523,inat:249293795,HUMAN_OBSERVATION,2024-10-27T17:19:38,2024,MY,5.639923,100.47795,5.0,Kedah,,PRESENT,CONTINENT_DERIVED_FROM_COORDINATES|COORDINATE_ROUNDED|TAXON_ID_NOT_FOUND,iNaturalist research-grade observations,50c9509d-22c7-4a22-a47d-8c48425ef4a7,http://creativecommons.org/licenses/by-nc/4.0/legalcode,https://www.gbif.org/occurrence/5133665523,True,True
fedadee41884a7a6dfcdc007,leucaena_leucocephala,Leucaena leucocephala,Leucaena leucocephala (Lam.) de Wit,GBIF,5133727313,inat:261332278,HUMAN_OBSERVATION,2025-02-11T10:53:38,2025,MY,6.04057,116.117547,25.0,Sabah,,PRESENT,CONTINENT_DERIVED_FROM_COORDINATES|COORDINATE_ROUNDED|TAXON_ID_NOT_FOUND,iNaturalist research-grade observations,50c9509d-22c7-4a22-a47d-8c48425ef4a7,http://creativecommons.org/licenses/by-nc/4.0/legalcode,https://www.gbif.org/occurrence/5133727313,True,True
f457bc7a1146ac29a347ea8c,leucaena_leucocephala,Leucaena leucocephala,Leucaena leucocephala (Lam.) de Wit,GBIF,5153469363,inat:78376349,HUMAN_OBSERVATION,2021-05-04T11:26,2021,MY,3.019316,101.614487,,Selangor,,PRESENT,CONTINENT_DERIVED_FROM_COORDINATES|COORDINATE_ROUNDED|TAXON_ID_NOT_FOUND,iNaturalist research-grade observations,50c9509d-22c7-4a22-a47d-8c48425ef4a7,http://creativecommons.org/licenses/by-nc/4.0/legalcode,https://www.gbif.org/occurrence/5153469363,True,False
9b302c2436059ae136d0c2e0,leucaena_leucocephala,Leucaena leucocephala,Leucaena leucocephala (Lam.) de Wit,GBIF,5153613891,inat:276873464,HUMAN_OBSERVATION,2025-04-30T10:47,2025,MY,3.931103,102.381739,,Pahang,,PRESENT,CONTINENT_DERIVED_FROM_COORDINATES|COORDINATE_ROUNDED|TAXON_ID_NOT_FOUND,iNaturalist research-grade observations,50c9509d-22c7-4a22-a47d-8c48425ef4a7,http://creativecommons.org/licenses/by-nc/4.0/legalcode,https://www.gbif.org/occurrence/5153613891,True,False
f30f5ff0416c7e17b3cb0782,leucaena_leucocephala,Leucaena leucocephala,Leucaena leucocephala (Lam.) de Wit,GBIF,5154538777,inat:273588595,HUMAN_OBSERVATION,2025-04-26T12:24:11,2025,MY,3.013886,101.697453,,Selangor,,PRESENT,CONTINENT_DERIVED_FROM_COORDINATES|COORDINATE_ROUNDED|TAXON_ID_NOT_FOUND,iNaturalist research-grade observations,50c9509d-22c7-4a22-a47d-8c48425ef4a7,http://creativecommons.org/licenses/by/4.0/legalcode,https://www.gbif.org/occurrence/5154538777,True,False
72ff8d0c8c232fb5c61b42b6,leucaena_leucocephala,Leucaena leucocephala,Leucaena leucocephala (Lam.) de Wit,GBIF,5834009324,,HUMAN_OBSERVATION,2022-07-25/2022-08-10,2022,MY,4.539048,101.15437,,,,PRESENT,CONTINENT_DERIVED_FROM_COORDINATES|COORDINATE_ROUNDED,,0a0ec4dc-41aa-4a40-b08d-153dd02078eb,http://creativecommons.org/licenses/by-nc/4.0/legalcode,https://www.gbif.org/occurrence/5834009324,True,False
8258dcd04944956c9826e770,leucaena_leucocephala,Leucaena leucocephala,Leucaena leucocephala (Lam.) de Wit,GBIF,5839919315,inat:318329554,HUMAN_OBSERVATION,2025-10-03T09:56:22,2025,MY,3.7995,101.854006,,Pahang,,PRESENT,CONTINENT_DERIVED_FROM_COORDINATES|COORDINATE_ROUNDED|TAXON_ID_NOT_FOUND,iNaturalist research-grade observations,50c9509d-22c7-4a22-a47d-8c48425ef4a7,http://creativecommons.org/licenses/by-nc/4.0/legalcode,https://www.gbif.org/occurrence/5839919315,True,False
ea248a0b91bfaa412ea5527a,leucaena_leucocephala,Leucaena leucocephala,Leucaena leucocephala (Lam.) de Wit,GBIF,5840172147,inat:318897753,HUMAN_OBSERVATION,2025-10-05T16:18,2025,MY,3.012614,101.710025,,Selangor,,PRESENT,CONTINENT_DERIVED_FROM_COORDINATES|COORDINATE_ROUNDED|TAXON_ID_NOT_FOUND,iNaturalist research-grade observations,50c9509d-22c7-4a22-a47d-8c48425ef4a7,http://creativecommons.org/licenses/by/4.0/legalcode,https://www.gbif.org/occurrence/5840172147,True,False
6b3fc078d1559a7018901e2c,leucaena_leucocephala,Leucaena leucocephala,Leucaena leucocephala (Lam.) de Wit,GBIF,5840389988,inat:318761146,HUMAN_OBSERVATION,2025-10-05T08:09:57,2025,MY,3.014536,101.699683,,Selangor,,PRESENT,CONTINENT_DERIVED_FROM_COORDINATES|COORDINATE_ROUNDED|TAXON_ID_NOT_FOUND,iNaturalist research-grade observations,50c9509d-22c7-4a22-a47d-8c48425ef4a7,http://creativecommons.org/licenses/by/4.0/legalcode,https://www.gbif.org/occurrence/5840389988,True,False
07a88f631c17fc8c0ba76f44,leucaena_leucocephala,Leucaena leucocephala,Leucaena leucocephala (Lam.) de Wit,GBIF,5889763021,inat:324436606,HUMAN_OBSERVATION,2025-10-22T10:35:38,2025,MY,4.656404,101.162162,28.0,Perak,,PRESENT,CONTINENT_DERIVED_FROM_COORDINATES|COORDINATE_ROUNDED|TAXON_ID_NOT_FOUND,iNaturalist research-grade observations,50c9509d-22c7-4a22-a47d-8c48425ef4a7,http://creativecommons.org/licenses/by-nc/4.0/legalcode,https://www.gbif.org/occurrence/5889763021,True,True
cdddddf67038a929979e9aa2,leucaena_leucocephala,Leucaena leucocephala,Leucaena leucocephala (Lam.) de Wit,GBIF,5890284786,inat:324161355,HUMAN_OBSERVATION,2025-09-21T13:30,2025,MY,5.953891,116.061215,201.0,Sabah,,PRESENT,CONTINENT_DERIVED_FROM_COORDINATES|COORDINATE_ROUNDED|TAXON_ID_NOT_FOUND,iNaturalist research-grade observations,50c9509d-22c7-4a22-a47d-8c48425ef4a7,http://creativecommons.org/licenses/by-nc/4.0/legalcode,https://www.gbif.org/occurrence/5890284786,True,True
ee270dfe24c503bf16f87a25,leucaena_leucocephala,Leucaena leucocephala,Leucaena leucocephala (Lam.) de Wit,GBIF,5932468818,inat:330195046,HUMAN_OBSERVATION,2025-12-10T10:58:42,2025,MY,4.40063,113.984225,,Sarawak,,PRESENT,CONTINENT_DERIVED_FROM_COORDINATES|TAXON_ID_NOT_FOUND,iNaturalist research-grade observations,50c9509d-22c7-4a22-a47d-8c48425ef4a7,http://creativecommons.org/licenses/by-nc/4.0/legalcode,https://www.gbif.org/occurrence/5932468818,True,False
84d9d3f9339e5b949c33f553,leucaena_leucocephala,Leucaena leucocephala,Leucaena leucocephala (Lam.) de Wit,GBIF,6273326476,inat:358609891,HUMAN_OBSERVATION,2026-05-04T10:28:47,2026,MY,3.333363,102.501922,4.0,Pahang,,PRESENT,CONTINENT_DERIVED_FROM_COORDINATES|COORDINATE_ROUNDED|TAXON_ID_NOT_FOUND,iNaturalist research-grade observations,50c9509d-22c7-4a22-a47d-8c48425ef4a7,http://creativecommons.org/licenses/by-nc/4.0/legalcode,https://www.gbif.org/occurrence/6273326476,True,True
3712df4f96412179bd823cbe,leucaena_leucocephala,Leucaena leucocephala,Leucaena leucocephala (Lam.) de Wit,GBIF,6273963697,inat:358558798,HUMAN_OBSERVATION,2026-05-05T16:26:53,2026,MY,3.136933,102.371313,8.0,Pahang,,PRESENT,CONTINENT_DERIVED_FROM_COORDINATES|COORDINATE_ROUNDED|TAXON_ID_NOT_FOUND,iNaturalist research-grade observations,50c9509d-22c7-4a22-a47d-8c48425ef4a7,http://creativecommons.org/licenses/by-nc/4.0/legalcode,https://www.gbif.org/occurrence/6273963697,True,True
c6143c43891f254b6614fd87,leucaena_leucocephala,Leucaena leucocephala,Leucaena leucocephala (Lam.) de Wit,GBIF,6352333411,inat:365993481,HUMAN_OBSERVATION,2026-05-28T19:30,2026,MY,6.890145,116.857423,4.0,Sabah,,PRESENT,CONTINENT_DERIVED_FROM_COORDINATES|COORDINATE_ROUNDED|TAXON_ID_NOT_FOUND,iNaturalist research-grade observations,50c9509d-22c7-4a22-a47d-8c48425ef4a7,http://creativecommons.org/licenses/by-nc/4.0/legalcode,https://www.gbif.org/occurrence/6352333411,True,True
c33e5307f598cb7b413462c3,leucaena_leucocephala,Leucaena leucocephala,Leucaena leucocephala (Lam.) de Wit,GBIF,6353238542,inat:367289216,HUMAN_OBSERVATION,2026-06-01T10:14:27,2026,MY,3.278216,102.450434,3.0,Pahang,,PRESENT,CONTINENT_DERIVED_FROM_COORDINATES|COORDINATE_ROUNDED|TAXON_ID_NOT_FOUND,iNaturalist research-grade observations,50c9509d-22c7-4a22-a47d-8c48425ef4a7,http://creativecommons.org/licenses/by-nc/4.0/legalcode,https://www.gbif.org/occurrence/6353238542,True,True
e4fdd6a1595a808c1ff98c61,limnocharis_flava,Limnocharis flava,Limnocharis flava (L.) Buchenau,GBIF,2242797684,inat:24357591,HUMAN_OBSERVATION,2019-04-29,2019,MY,3.131006,101.657759,106.0,Kuala Lumpur,,PRESENT,CONTINENT_DERIVED_FROM_COORDINATES|COORDINATE_ROUNDED|TAXON_ID_NOT_FOUND,iNaturalist research-grade observations,50c9509d-22c7-4a22-a47d-8c48425ef4a7,http://creativecommons.org/licenses/by-nc/4.0/legalcode,https://www.gbif.org/occurrence/2242797684,True,True
7a8e79a22011ce1f0ed0c0d8,limnocharis_flava,Limnocharis flava,Limnocharis flava (L.) Buchenau,GBIF,2513508983,,PRESERVED_SPECIMEN,1994-11-11,1994,MY,5.5,117.83333,,Borneo,"Sabah, Kinabatangan district, Bukit Garam, Danau Ria",PRESENT,,,15f819bd-6612-4447-854b-14d12ee1022d,http://creativecommons.org/publicdomain/zero/1.0/legalcode,https://www.gbif.org/occurrence/2513508983,True,False
2c599731ff13d93a96560daa,limnocharis_flava,Limnocharis flava,Limnocharis flava (L.) Buchenau,GBIF,2513509279,,PRESERVED_SPECIMEN,1985-12-12,1985,MY,1.2,111.46667,,Borneo,"Sarawak, Sabu, Simanggang, 2nd Division.",PRESENT,,,15f819bd-6612-4447-854b-14d12ee1022d,http://creativecommons.org/publicdomain/zero/1.0/legalcode,https://www.gbif.org/occurrence/2513509279,True,False
86d1e22b00b59d91f4a95a33,limnocharis_flava,Limnocharis flava,Limnocharis flava (L.) Buchenau,GBIF,2513509701,,PRESERVED_SPECIMEN,1985-01-19,1985,MY,5.9,117.73333,,Borneo,"Sabah, Beluran district, Sungai Tahid",PRESENT,,,15f819bd-6612-4447-854b-14d12ee1022d,http://creativecommons.org/publicdomain/zero/1.0/legalcode,https://www.gbif.org/occurrence/2513509701,True,False
22d2419cf7bc1dc674e08882,limnocharis_flava,Limnocharis flava,Limnocharis flava (L.) Buchenau,GBIF,2513509867,,PRESERVED_SPECIMEN,1969-03-17,1969,MY,5.63333,116.46667,,Borneo,"Sabah, Ingaran (between Tambunan and Mount Trusmadi)",PRESENT,,,15f819bd-6612-4447-854b-14d12ee1022d,http://creativecommons.org/publicdomain/zero/1.0/legalcode,https://www.gbif.org/occurrence/2513509867,True,False
09b653412056037cc765dd73,limnocharis_flava,Limnocharis flava,Limnocharis flava (L.) Buchenau,GBIF,2513510235,,PRESERVED_SPECIMEN,1990-08-10,1990,MY,1.66667,109.85,,Borneo,"Sarawak, Tanjong Purun, Lundu, 1st Division.",PRESENT,,,15f819bd-6612-4447-854b-14d12ee1022d,http://creativecommons.org/publicdomain/zero/1.0/legalcode,https://www.gbif.org/occurrence/2513510235,True,False
3b83571f1c2335dc50701ba7,limnocharis_flava,Limnocharis flava,Limnocharis flava (L.) Buchenau,GBIF,2513510561,,PRESERVED_SPECIMEN,1986-11-13,1986,MY,5.55,118.1,,Borneo,"Sabah, Sandakan Prov., Gomantong Caves",PRESENT,,,15f819bd-6612-4447-854b-14d12ee1022d,http://creativecommons.org/publicdomain/zero/1.0/legalcode,https://www.gbif.org/occurrence/2513510561,True,False
254a89cf6f471f6a8ce0565b,limnocharis_flava,Limnocharis flava,Limnocharis flava (L.) Buchenau,GBIF,2513511962,,PRESERVED_SPECIMEN,1986-11-13,1986,MY,5.55,118.1,,Borneo,"Sabah, Sandakan Prov., Gomantong Caves",PRESENT,,,15f819bd-6612-4447-854b-14d12ee1022d,http://creativecommons.org/publicdomain/zero/1.0/legalcode,https://www.gbif.org/occurrence/2513511962,True,False
48c1beed504a633d521e4a41,limnocharis_flava,Limnocharis flava,Limnocharis flava (L.) Buchenau,GBIF,2574153709,inat:38530002,HUMAN_OBSERVATION,2007-08-12T10:54,2007,MY,2.654294,101.784948,212.0,Negeri Sembilan,,PRESENT,CONTINENT_DERIVED_FROM_COORDINATES|COORDINATE_ROUNDED|TAXON_ID_NOT_FOUND,iNaturalist research-grade observations,50c9509d-22c7-4a22-a47d-8c48425ef4a7,http://creativecommons.org/licenses/by/4.0/legalcode,https://www.gbif.org/occurrence/2574153709,True,True
f5060bd43357ea3eb274e570,limnocharis_flava,Limnocharis flava,Limnocharis flava (L.) Buchenau,GBIF,2574155703,inat:38502828,HUMAN_OBSERVATION,2007-06-19T11:28,2007,MY,2.654294,101.784948,212.0,Negeri Sembilan,,PRESENT,CONTINENT_DERIVED_FROM_COORDINATES|COORDINATE_ROUNDED|TAXON_ID_NOT_FOUND,iNaturalist research-grade observations,50c9509d-22c7-4a22-a47d-8c48425ef4a7,http://creativecommons.org/licenses/by/4.0/legalcode,https://www.gbif.org/occurrence/2574155703,True,True
4e6dd1ba608b507d4f6ef1c9,limnocharis_flava,Limnocharis flava,Limnocharis flava (L.) Buchenau,GBIF,2574159815,inat:38530003,HUMAN_OBSERVATION,2007-08-12T10:52,2007,MY,2.654294,101.784948,212.0,Negeri Sembilan,,PRESENT,CONTINENT_DERIVED_FROM_COORDINATES|COORDINATE_ROUNDED|TAXON_ID_NOT_FOUND,iNaturalist research-grade observations,50c9509d-22c7-4a22-a47d-8c48425ef4a7,http://creativecommons.org/licenses/by/4.0/legalcode,https://www.gbif.org/occurrence/2574159815,True,True
0fe71817ce8d9f505263cbbf,limnocharis_flava,Limnocharis flava,Limnocharis flava (L.) Buchenau,GBIF,2641375347,inat:48999955,HUMAN_OBSERVATION,2009-06-01T10:57,2009,MY,3.104893,101.571703,287.0,Selangor,,PRESENT,CONTINENT_DERIVED_FROM_COORDINATES|COORDINATE_ROUNDED|TAXON_ID_NOT_FOUND,iNaturalist research-grade observations,50c9509d-22c7-4a22-a47d-8c48425ef4a7,http://creativecommons.org/licenses/by/4.0/legalcode,https://www.gbif.org/occurrence/2641375347,True,True
2b614dea7739f9a8948d6dae,limnocharis_flava,Limnocharis flava,Limnocharis flava (L.) Buchenau,GBIF,2883100306,inat:11472351,HUMAN_OBSERVATION,2018-04-27T09:42,2018,MY,3.124312,101.653845,,Kuala Lumpur,,PRESENT,CONTINENT_DERIVED_FROM_COORDINATES|COORDINATE_ROUNDED|TAXON_ID_NOT_FOUND,iNaturalist research-grade observations,50c9509d-22c7-4a22-a47d-8c48425ef4a7,http://creativecommons.org/licenses/by-nc/4.0/legalcode,https://www.gbif.org/occurrence/2883100306,True,False
af0dc088cb5973e7a004677e,limnocharis_flava,Limnocharis flava,Limnocharis flava (L.) Buchenau,GBIF,3307249032,inat:83426883,HUMAN_OBSERVATION,2017-08-02T13:41,2017,MY,4.049153,114.811322,4.0,Sarawak,,PRESENT,CONTINENT_DERIVED_FROM_COORDINATES|COORDINATE_ROUNDED|TAXON_ID_NOT_FOUND,iNaturalist research-grade observations,50c9509d-22c7-4a22-a47d-8c48425ef4a7,http://creativecommons.org/licenses/by-nc/4.0/legalcode,https://www.gbif.org/occurrence/3307249032,True,True
4c2cb92f204890bc72315b45,limnocharis_flava,Limnocharis flava,Limnocharis flava (L.) Buchenau,GBIF,3353019369,,PRESERVED_SPECIMEN,2012-10-06,2012,MY,5.5185,101.462,,,"Hulu Perak, Sg. Enam, Sg. Singgor.",PRESENT,,,15f819bd-6612-4447-854b-14d12ee1022d,http://creativecommons.org/publicdomain/zero/1.0/legalcode,https://www.gbif.org/occurrence/3353019369,True,False
23751a9ab8bdcc19847cd681,limnocharis_flava,Limnocharis flava,Limnocharis flava (L.) Buchenau,GBIF,3398633772,inat:93563786,HUMAN_OBSERVATION,2021-09-04T17:36,2021,MY,3.094401,101.406578,,Selangor,,PRESENT,CONTINENT_DERIVED_FROM_COORDINATES|COORDINATE_ROUNDED|TAXON_ID_NOT_FOUND,iNaturalist research-grade observations,50c9509d-22c7-4a22-a47d-8c48425ef4a7,http://creativecommons.org/licenses/by-nc/4.0/legalcode,https://www.gbif.org/occurrence/3398633772,True,False
e708c781c119bca82d793804,limnocharis_flava,Limnocharis flava,Limnocharis flava (L.) Buchenau,GBIF,3455098446,,PRESERVED_SPECIMEN,1987-07-18,1987,MY,3.08,101.5,,Selangor,"Dist. of Petaling, Shah Alamation",PRESENT,GEODETIC_DATUM_ASSUMED_WGS84|MODIFIED_DATE_INVALID,Vascular plants,d415c253-4d61-4459-9d25-4015b9084fb0,http://creativecommons.org/publicdomain/zero/1.0/legalcode,https://www.gbif.org/occurrence/3455098446,True,False
fbe6031559a568b095292272,limnocharis_flava,Limnocharis flava,Limnocharis flava (L.) Buchenau,GBIF,352110297,,PRESERVED_SPECIMEN,1984-12-05,1984,MY,5.93333,116.05,,Sabah,At the international airport of Kota Kinabalu,PRESENT,AMBIGUOUS_INSTITUTION|GEODETIC_DATUM_ASSUMED_WGS84,,c1a13bf0-0c71-11dd-84d4-b8a03c50a862,http://creativecommons.org/publicdomain/zero/1.0/legalcode,https://www.gbif.org/occurrence/352110297,True,False
9465abc0059caacdcb5066c2,limnocharis_flava,Limnocharis flava,Limnocharis flava (L.) Buchenau,GBIF,3951376574,,HUMAN_OBSERVATION,2022-02-24T00:51:51.295Z,2022,MY,1.934653,103.183192,5.0,,,PRESENT,CONTINENT_DERIVED_FROM_COORDINATES|COORDINATE_ROUNDED|COUNTRY_DERIVED_FROM_COORDINATES,,14d5676a-2c54-4f94-9023-1e8dcd822aa0,http://creativecommons.org/licenses/by/4.0/legalcode,https://www.gbif.org/occurrence/3951376574,True,True
27a5b9301a43d3ab11046864,limnocharis_flava,Limnocharis flava,Limnocharis flava (L.) Buchenau,GBIF,3953869756,,HUMAN_OBSERVATION,2021-03-11T09:17:40.005Z,2021,MY,3.063267,101.440896,,,,PRESENT,CONTINENT_DERIVED_FROM_COORDINATES|COORDINATE_ROUNDED|COUNTRY_DERIVED_FROM_COORDINATES,,14d5676a-2c54-4f94-9023-1e8dcd822aa0,http://creativecommons.org/licenses/by/4.0/legalcode,https://www.gbif.org/occurrence/3953869756,True,False
d928776cc139494889b21562,limnocharis_flava,Limnocharis flava,Limnocharis flava (L.) Buchenau,GBIF,3954266963,,HUMAN_OBSERVATION,2020-09-09T03:18:20.132Z,2020,MY,5.541717,100.461966,,,,PRESENT,CONTINENT_DERIVED_FROM_COORDINATES|COORDINATE_ROUNDED|COUNTRY_DERIVED_FROM_COORDINATES,,14d5676a-2c54-4f94-9023-1e8dcd822aa0,http://creativecommons.org/licenses/by/4.0/legalcode,https://www.gbif.org/occurrence/3954266963,True,False
8cbb428cbe57ef22fc11049c,limnocharis_flava,Limnocharis flava,Limnocharis flava (L.) Buchenau,GBIF,3954290601,,HUMAN_OBSERVATION,2022-03-06T04:22:33.225Z,2022,MY,1.519672,110.358706,,,,PRESENT,CONTINENT_DERIVED_FROM_COORDINATES|COORDINATE_ROUNDED|COUNTRY_DERIVED_FROM_COORDINATES,,14d5676a-2c54-4f94-9023-1e8dcd822aa0,http://creativecommons.org/licenses/by/4.0/legalcode,https://www.gbif.org/occurrence/3954290601,True,False
edb6197dd0357fd62ca6564e,limnocharis_flava,Limnocharis flava,Limnocharis flava (L.) Buchenau,GBIF,3957029123,,HUMAN_OBSERVATION,2019-07-10T03:13:14.402Z,2019,MY,4.058619,100.861247,,,,PRESENT,CONTINENT_DERIVED_FROM_COORDINATES|COORDINATE_ROUNDED|COUNTRY_DERIVED_FROM_COORDINATES,,14d5676a-2c54-4f94-9023-1e8dcd822aa0,http://creativecommons.org/licenses/by/4.0/legalcode,https://www.gbif.org/occurrence/3957029123,True,False
f6fe7c7a72aa0f0d953623a6,limnocharis_flava,Limnocharis flava,Limnocharis flava (L.) Buchenau,GBIF,3957331196,,HUMAN_OBSERVATION,2020-02-06T07:36:32.129Z,2020,MY,3.75058,102.567657,,,,PRESENT,CONTINENT_DERIVED_FROM_COORDINATES|COORDINATE_ROUNDED|COUNTRY_DERIVED_FROM_COORDINATES,,14d5676a-2c54-4f94-9023-1e8dcd822aa0,http://creativecommons.org/licenses/by/4.0/legalcode,https://www.gbif.org/occurrence/3957331196,True,False
3541743e736f42e1bedfc392,limnocharis_flava,Limnocharis flava,Limnocharis flava (L.) Buchenau,GBIF,3958240079,,HUMAN_OBSERVATION,2020-09-09T03:01:56.667Z,2020,MY,5.541717,100.461966,,,,PRESENT,CONTINENT_DERIVED_FROM_COORDINATES|COORDINATE_ROUNDED|COUNTRY_DERIVED_FROM_COORDINATES,,14d5676a-2c54-4f94-9023-1e8dcd822aa0,http://creativecommons.org/licenses/by/4.0/legalcode,https://www.gbif.org/occurrence/3958240079,True,False
8c7c1cfcd9bae106950c570e,limnocharis_flava,Limnocharis flava,Limnocharis flava (L.) Buchenau,GBIF,4171511457,inat:175319774,HUMAN_OBSERVATION,2023-07-28T09:50:46,2023,MY,3.169283,101.495894,,Selangor,,PRESENT,CONTINENT_DERIVED_FROM_COORDINATES|COORDINATE_ROUNDED|TAXON_ID_NOT_FOUND,iNaturalist research-grade observations,50c9509d-22c7-4a22-a47d-8c48425ef4a7,http://creativecommons.org/licenses/by-nc/4.0/legalcode,https://www.gbif.org/occurrence/4171511457,True,False
7697bd70bc6c89d5348c6e4f,limnocharis_flava,Limnocharis flava,Limnocharis flava (L.) Buchenau,GBIF,4436068308,inat:11483984,HUMAN_OBSERVATION,2018-04-27T16:15,2018,MY,3.119507,101.658778,,Kuala Lumpur,,PRESENT,CONTINENT_DERIVED_FROM_COORDINATES|COORDINATE_ROUNDED|TAXON_ID_NOT_FOUND,iNaturalist research-grade observations,50c9509d-22c7-4a22-a47d-8c48425ef4a7,http://creativecommons.org/licenses/by-nc/4.0/legalcode,https://www.gbif.org/occurrence/4436068308,True,False
83faaf3d259aed5dc89f67ea,limnocharis_flava,Limnocharis flava,Limnocharis flava (L.) Buchenau,GBIF,4436264314,inat:11761891,HUMAN_OBSERVATION,2018-04-29T16:05,2018,MY,2.964727,101.694477,,Selangor,,PRESENT,CONTINENT_DERIVED_FROM_COORDINATES|COORDINATE_ROUNDED|TAXON_ID_NOT_FOUND,iNaturalist research-grade observations,50c9509d-22c7-4a22-a47d-8c48425ef4a7,http://creativecommons.org/licenses/by-nc/4.0/legalcode,https://www.gbif.org/occurrence/4436264314,True,False
f64682f1ad17bf41380c84c6,limnocharis_flava,Limnocharis flava,Limnocharis flava (L.) Buchenau,GBIF,4438753475,inat:115693757,HUMAN_OBSERVATION,2022-05-02T14:07:57,2022,MY,2.518574,102.251855,211.0,Negeri Sembilan,,PRESENT,CONTINENT_DERIVED_FROM_COORDINATES|COORDINATE_ROUNDED|TAXON_ID_NOT_FOUND,iNaturalist research-grade observations,50c9509d-22c7-4a22-a47d-8c48425ef4a7,http://creativecommons.org/licenses/by-nc/4.0/legalcode,https://www.gbif.org/occurrence/4438753475,True,True
fd8dd262cc6ea7a0d544a9bb,limnocharis_flava,Limnocharis flava,Limnocharis flava (L.) Buchenau,GBIF,4438801156,inat:189185989,HUMAN_OBSERVATION,2023-10-28T11:11:33,2023,MY,2.964384,101.69491,,Selangor,,PRESENT,CONTINENT_DERIVED_FROM_COORDINATES|COORDINATE_ROUNDED|TAXON_ID_NOT_FOUND,iNaturalist research-grade observations,50c9509d-22c7-4a22-a47d-8c48425ef4a7,http://creativecommons.org/licenses/by-nc/4.0/legalcode,https://www.gbif.org/occurrence/4438801156,True,False
57a67ca0643c8c4e58725620,limnocharis_flava,Limnocharis flava,Limnocharis flava (L.) Buchenau,GBIF,4438941286,inat:189185850,HUMAN_OBSERVATION,2023-10-28T11:10:54,2023,MY,2.96501,101.694498,8.0,Selangor,,PRESENT,CONTINENT_DERIVED_FROM_COORDINATES|COORDINATE_ROUNDED|TAXON_ID_NOT_FOUND,iNaturalist research-grade observations,50c9509d-22c7-4a22-a47d-8c48425ef4a7,http://creativecommons.org/licenses/by-nc/4.0/legalcode,https://www.gbif.org/occurrence/4438941286,True,True
552bfd280dd04e546fcd0c96,limnocharis_flava,Limnocharis flava,Limnocharis flava (L.) Buchenau,GBIF,4438983506,inat:189655648,HUMAN_OBSERVATION,2023-11-01T18:37:01,2023,MY,3.757412,102.568337,18.0,Pahang,,PRESENT,CONTINENT_DERIVED_FROM_COORDINATES|COORDINATE_ROUNDED|TAXON_ID_NOT_FOUND,iNaturalist research-grade observations,50c9509d-22c7-4a22-a47d-8c48425ef4a7,http://creativecommons.org/licenses/by-nc/4.0/legalcode,https://www.gbif.org/occurrence/4438983506,True,True
fa040307d6f6724646f2e6ca,limnocharis_flava,Limnocharis flava,Limnocharis flava (L.) Buchenau,GBIF,4510127711,inat:195633003,HUMAN_OBSERVATION,2024-01-03T09:57:39,2024,MY,3.128032,101.66076,,Kuala Lumpur,,PRESENT,CONTINENT_DERIVED_FROM_COORDINATES|COORDINATE_ROUNDED|TAXON_ID_NOT_FOUND,iNaturalist research-grade observations,50c9509d-22c7-4a22-a47d-8c48425ef4a7,http://creativecommons.org/licenses/by-nc/4.0/legalcode,https://www.gbif.org/occurrence/4510127711,True,False
56a14620998beff7ee00e913,limnocharis_flava,Limnocharis flava,Limnocharis flava (L.) Buchenau,GBIF,4525145093,inat:199439412,HUMAN_OBSERVATION,2023-09-25T13:08,2023,MY,3.211254,101.758227,,Selangor,,PRESENT,CONTINENT_DERIVED_FROM_COORDINATES|COORDINATE_ROUNDED|TAXON_ID_NOT_FOUND,iNaturalist research-grade observations,50c9509d-22c7-4a22-a47d-8c48425ef4a7,http://creativecommons.org/licenses/by-nc/4.0/legalcode,https://www.gbif.org/occurrence/4525145093,True,False
72bc6af2ea289d2a454d7018,limnocharis_flava,Limnocharis flava,Limnocharis flava (L.) Buchenau,GBIF,4538767420,,PRESERVED_SPECIMEN,2002-09-26T00:00,2002,MY,6.70035,116.7164,,,"Guomon, Mutunggung",PRESENT,CONTINENT_DERIVED_FROM_COORDINATES|COORDINATE_ROUNDED|GEODETIC_DATUM_ASSUMED_WGS84|INSTITUTION_COLLECTION_MISMATCH|INSTITUTION_MATCH_FUZZY,,cd6e21c8-9e8a-493a-8a76-fbf7862069e5,http://creativecommons.org/licenses/by/4.0/legalcode,https://www.gbif.org/occurrence/4538767420,True,False
83e39a870d49ac5ca50ea322,limnocharis_flava,Limnocharis flava,Limnocharis flava (L.) Buchenau,GBIF,4875376136,inat:220385720,HUMAN_OBSERVATION,2024-06-03,2024,MY,4.062911,101.799494,2.0,Pahang,,PRESENT,CONTINENT_DERIVED_FROM_COORDINATES|COORDINATE_ROUNDED|TAXON_ID_NOT_FOUND,iNaturalist research-grade observations,50c9509d-22c7-4a22-a47d-8c48425ef4a7,http://creativecommons.org/licenses/by-nc/4.0/legalcode,https://www.gbif.org/occurrence/4875376136,True,True
7fdb58ef23bc7ec30cdb79b6,limnocharis_flava,Limnocharis flava,Limnocharis flava (L.) Buchenau,GBIF,4891772595,inat:213302398,HUMAN_OBSERVATION,2024-05-04T09:35:04,2024,MY,4.229322,101.799356,,Pahang,,PRESENT,CONTINENT_DERIVED_FROM_COORDINATES|COORDINATE_ROUNDED|TAXON_ID_NOT_FOUND,iNaturalist research-grade observations,50c9509d-22c7-4a22-a47d-8c48425ef4a7,http://creativecommons.org/licenses/by-nc/4.0/legalcode,https://www.gbif.org/occurrence/4891772595,True,False
951b71b248bbe993bbb90c11,limnocharis_flava,Limnocharis flava,Limnocharis flava (L.) Buchenau,GBIF,4974168007,inat:247862802,HUMAN_OBSERVATION,2024-10-18T09:27,2024,MY,2.736117,101.876517,,Negeri Sembilan,,PRESENT,CONTINENT_DERIVED_FROM_COORDINATES|COORDINATE_ROUNDED|TAXON_ID_NOT_FOUND,iNaturalist research-grade observations,50c9509d-22c7-4a22-a47d-8c48425ef4a7,http://creativecommons.org/licenses/by/4.0/legalcode,https://www.gbif.org/occurrence/4974168007,True,False
97e6f08ff21374118f5eca54,limnocharis_flava,Limnocharis flava,Limnocharis flava (L.) Buchenau,GBIF,4976273156,inat:249150804,HUMAN_OBSERVATION,2024-10-26T15:30:05,2024,MY,3.163538,101.510033,,Selangor,,PRESENT,CONTINENT_DERIVED_FROM_COORDINATES|COORDINATE_ROUNDED|TAXON_ID_NOT_FOUND,iNaturalist research-grade observations,50c9509d-22c7-4a22-a47d-8c48425ef4a7,http://creativecommons.org/licenses/by-nc/4.0/legalcode,https://www.gbif.org/occurrence/4976273156,True,False
8f4cd44671f97ac3db897a3a,limnocharis_flava,Limnocharis flava,Limnocharis flava (L.) Buchenau,GBIF,5063311567,inat:259302105,HUMAN_OBSERVATION,2025-01-22T11:02:34,2025,MY,4.051134,114.811493,,Sarawak,,PRESENT,CONTINENT_DERIVED_FROM_COORDINATES|COORDINATE_ROUNDED|TAXON_ID_NOT_FOUND,iNaturalist research-grade observations,50c9509d-22c7-4a22-a47d-8c48425ef4a7,http://creativecommons.org/licenses/by-nc/4.0/legalcode,https://www.gbif.org/occurrence/5063311567,True,False
fb751562d406239d2fbe7735,limnocharis_flava,Limnocharis flava,Limnocharis flava (L.) Buchenau,GBIF,5076940938,inat:262509564,HUMAN_OBSERVATION,2025-02-14T13:02,2025,MY,5.920516,116.052513,,Sabah,,PRESENT,CONTINENT_DERIVED_FROM_COORDINATES|COORDINATE_ROUNDED|TAXON_ID_NOT_FOUND,iNaturalist research-grade observations,50c9509d-22c7-4a22-a47d-8c48425ef4a7,http://creativecommons.org/licenses/by-nc/4.0/legalcode,https://www.gbif.org/occurrence/5076940938,True,False
bcdc4292d400038fdf06cdf7,limnocharis_flava,Limnocharis flava,Limnocharis flava (L.) Buchenau,GBIF,5087790057,inat:265390377,HUMAN_OBSERVATION,2025-02-22T06:19,2025,MY,4.051376,114.811663,,Sarawak,,PRESENT,CONTINENT_DERIVED_FROM_COORDINATES|COORDINATE_ROUNDED|TAXON_ID_NOT_FOUND,iNaturalist research-grade observations,50c9509d-22c7-4a22-a47d-8c48425ef4a7,http://creativecommons.org/licenses/by-nc/4.0/legalcode,https://www.gbif.org/occurrence/5087790057,True,False
d41929e0d5317afcda7185cb,limnocharis_flava,Limnocharis flava,Limnocharis flava (L.) Buchenau,GBIF,5088209859,inat:265738486,HUMAN_OBSERVATION,2025-01-22T11:30,2025,MY,4.042462,114.811845,204.0,Sarawak,,PRESENT,CONTINENT_DERIVED_FROM_COORDINATES|COORDINATE_ROUNDED|TAXON_ID_NOT_FOUND,iNaturalist research-grade observations,50c9509d-22c7-4a22-a47d-8c48425ef4a7,http://creativecommons.org/licenses/by-nc/4.0/legalcode,https://www.gbif.org/occurrence/5088209859,True,True
f0f1d874601a29132572d8e6,limnocharis_flava,Limnocharis flava,Limnocharis flava (L.) Buchenau,GBIF,5103588247,,PRESERVED_SPECIMEN,1999-07-10,1999,MY,3.139444,101.728333,,Kuala Lumpur,"Kampung Pandan, Wilayah Persekutuan",PRESENT,CONTINENT_DERIVED_FROM_COORDINATES|COORDINATE_ROUNDED|INSTITUTION_COLLECTION_MISMATCH|INSTITUTION_MATCH_FUZZY,,1a9d08bb-9e2c-4540-8f7f-3205846b6ddc,http://creativecommons.org/publicdomain/zero/1.0/legalcode,https://www.gbif.org/occurrence/5103588247,True,False
06b63a93004b2be73bb47c9b,limnocharis_flava,Limnocharis flava,Limnocharis flava (L.) Buchenau,GBIF,5103608259,,PRESERVED_SPECIMEN,1987-07-18,1987,MY,3.083333,101.5,,Selangor,"Shah Alam, Petaling District",PRESENT,CONTINENT_DERIVED_FROM_COORDINATES|COORDINATE_ROUNDED|INSTITUTION_COLLECTION_MISMATCH|INSTITUTION_MATCH_FUZZY,,1a9d08bb-9e2c-4540-8f7f-3205846b6ddc,http://creativecommons.org/publicdomain/zero/1.0/legalcode,https://www.gbif.org/occurrence/5103608259,True,False
8d79a1709fcad0ec594896d4,limnocharis_flava,Limnocharis flava,Limnocharis flava (L.) Buchenau,GBIF,5109794219,,HUMAN_OBSERVATION,2023-12-29T01:12:46.307Z,2023,MY,5.639461,116.340994,4.0,,,PRESENT,CONTINENT_DERIVED_FROM_COORDINATES|COORDINATE_ROUNDED|COUNTRY_DERIVED_FROM_COORDINATES,,7a3679ef-5582-4aaa-81f0-8c2545cafc81,http://creativecommons.org/licenses/by/4.0/legalcode,https://www.gbif.org/occurrence/5109794219,True,True
2e90fba5d61949c7e986e721,limnocharis_flava,Limnocharis flava,Limnocharis flava (L.) Buchenau,GBIF,5909011086,inat:296443144,HUMAN_OBSERVATION,2025-07-09T12:15,2025,MY,2.736444,101.877856,,Negeri Sembilan,,PRESENT,CONTINENT_DERIVED_FROM_COORDINATES|COORDINATE_ROUNDED|TAXON_ID_NOT_FOUND,iNaturalist research-grade observations,50c9509d-22c7-4a22-a47d-8c48425ef4a7,http://creativecommons.org/licenses/by/4.0/legalcode,https://www.gbif.org/occurrence/5909011086,True,False
7abfbdd1ce58573a9ecc05b3,limnocharis_flava,Limnocharis flava,Limnocharis flava (L.) Buchenau,GBIF,6130351019,inat:318814952,HUMAN_OBSERVATION,2025-10-05T09:08:36,2025,MY,3.7553,102.566758,3.0,Pahang,,PRESENT,CONTINENT_DERIVED_FROM_COORDINATES|COORDINATE_ROUNDED|TAXON_ID_NOT_FOUND,iNaturalist research-grade observations,50c9509d-22c7-4a22-a47d-8c48425ef4a7,http://creativecommons.org/licenses/by-nc/4.0/legalcode,https://www.gbif.org/occurrence/6130351019,True,True
659d27d8674433ba55fc3536,limnocharis_flava,Limnocharis flava,Limnocharis flava (L.) Buchenau,GBIF,6130534709,inat:326310159,HUMAN_OBSERVATION,2025-11-13T14:11:07,2025,MY,3.119787,101.655703,21.0,Kuala Lumpur,,PRESENT,CONTINENT_DERIVED_FROM_COORDINATES|COORDINATE_ROUNDED|TAXON_ID_NOT_FOUND,iNaturalist research-grade observations,50c9509d-22c7-4a22-a47d-8c48425ef4a7,http://creativecommons.org/licenses/by-nc/4.0/legalcode,https://www.gbif.org/occurrence/6130534709,True,True
51dd684f478a2a08fb2a0b70,limnocharis_flava,Limnocharis flava,Limnocharis flava (L.) Buchenau,GBIF,6130671380,inat:296678044,HUMAN_OBSERVATION,2025-07-10T09:38,2025,MY,2.740989,101.876875,,Negeri Sembilan,,PRESENT,CONTINENT_DERIVED_FROM_COORDINATES|COORDINATE_ROUNDED|TAXON_ID_NOT_FOUND,iNaturalist research-grade observations,50c9509d-22c7-4a22-a47d-8c48425ef4a7,http://creativecommons.org/licenses/by/4.0/legalcode,https://www.gbif.org/occurrence/6130671380,True,False
9d3f51eab4a1f86fc301f004,limnocharis_flava,Limnocharis flava,Limnocharis flava (L.) Buchenau,GBIF,6130776326,inat:326310153,HUMAN_OBSERVATION,2025-11-13T14:10:46,2025,MY,3.119774,101.655709,21.0,Kuala Lumpur,,PRESENT,CONTINENT_DERIVED_FROM_COORDINATES|COORDINATE_ROUNDED|TAXON_ID_NOT_FOUND,iNaturalist research-grade observations,50c9509d-22c7-4a22-a47d-8c48425ef4a7,http://creativecommons.org/licenses/by-nc/4.0/legalcode,https://www.gbif.org/occurrence/6130776326,True,True
02f8a52a2dd0c66bf2c41e7a,limnocharis_flava,Limnocharis flava,Limnocharis flava (L.) Buchenau,GBIF,6131295779,inat:327827025,HUMAN_OBSERVATION,2025-11-23T18:17:37,2025,MY,5.743782,101.866991,24.0,Kelantan,,PRESENT,CONTINENT_DERIVED_FROM_COORDINATES|COORDINATE_ROUNDED|TAXON_ID_NOT_FOUND,iNaturalist research-grade observations,50c9509d-22c7-4a22-a47d-8c48425ef4a7,http://creativecommons.org/licenses/by-nc/4.0/legalcode,https://www.gbif.org/occurrence/6131295779,True,True
65cd5d79368a6ecb69f02911,limnocharis_flava,Limnocharis flava,Limnocharis flava (L.) Buchenau,GBIF,6131357741,inat:310403224,HUMAN_OBSERVATION,2025-08-30T08:41:22,2025,MY,3.759821,102.557019,982.0,Pahang,,PRESENT,CONTINENT_DERIVED_FROM_COORDINATES|COORDINATE_ROUNDED|TAXON_ID_NOT_FOUND,iNaturalist research-grade observations,50c9509d-22c7-4a22-a47d-8c48425ef4a7,http://creativecommons.org/licenses/by-nc/4.0/legalcode,https://www.gbif.org/occurrence/6131357741,True,True
2fcb31cd0849218649ebd582,limnocharis_flava,Limnocharis flava,Limnocharis flava (L.) Buchenau,GBIF,6133119629,inat:336660090,HUMAN_OBSERVATION,2026-01-30T13:50:49,2026,MY,5.865883,117.949611,,Sabah,,PRESENT,CONTINENT_DERIVED_FROM_COORDINATES|COORDINATE_ROUNDED|TAXON_ID_NOT_FOUND,iNaturalist research-grade observations,50c9509d-22c7-4a22-a47d-8c48425ef4a7,http://creativecommons.org/licenses/by-nc/4.0/legalcode,https://www.gbif.org/occurrence/6133119629,True,False
7c07427599bcb8dd18cd40a6,limnocharis_flava,Limnocharis flava,Limnocharis flava (L.) Buchenau,GBIF,6163123629,inat:339258432,HUMAN_OBSERVATION,2026-02-19T12:20:36,2026,MY,6.121998,116.452986,100.0,Sabah,,PRESENT,CONTINENT_DERIVED_FROM_COORDINATES|COORDINATE_ROUNDED|TAXON_ID_NOT_FOUND,iNaturalist research-grade observations,50c9509d-22c7-4a22-a47d-8c48425ef4a7,http://creativecommons.org/licenses/by-nc/4.0/legalcode,https://www.gbif.org/occurrence/6163123629,True,True
4aab114b0ed483542b354c1e,limnocharis_flava,Limnocharis flava,Limnocharis flava (L.) Buchenau,GBIF,6234346959,inat:343749217,HUMAN_OBSERVATION,2026-03-19T11:15:58,2026,MY,5.685087,118.380928,14.0,Sabah,,PRESENT,CONTINENT_DERIVED_FROM_COORDINATES|COORDINATE_ROUNDED|TAXON_ID_NOT_FOUND,iNaturalist research-grade observations,50c9509d-22c7-4a22-a47d-8c48425ef4a7,http://creativecommons.org/licenses/by-nc/4.0/legalcode,https://www.gbif.org/occurrence/6234346959,True,True
be31e76de16fe3be7ba00f26,limnocharis_flava,Limnocharis flava,Limnocharis flava (L.) Buchenau,GBIF,6235803206,inat:346967407,HUMAN_OBSERVATION,2026-04-03T19:00,2026,MY,2.936689,101.544678,30.0,Selangor,,PRESENT,CONTINENT_DERIVED_FROM_COORDINATES|COORDINATE_ROUNDED|TAXON_ID_NOT_FOUND,iNaturalist research-grade observations,50c9509d-22c7-4a22-a47d-8c48425ef4a7,http://creativecommons.org/licenses/by-nc/4.0/legalcode,https://www.gbif.org/occurrence/6235803206,True,True
193c4fdb7be4e35de4a84099,limnocharis_flava,Limnocharis flava,Limnocharis flava (L.) Buchenau,GBIF,6252002182,inat:352471403,HUMAN_OBSERVATION,2026-04-24T09:59:14,2026,MY,3.446225,102.418678,7.0,Pahang,,PRESENT,CONTINENT_DERIVED_FROM_COORDINATES|COORDINATE_ROUNDED|TAXON_ID_NOT_FOUND,iNaturalist research-grade observations,50c9509d-22c7-4a22-a47d-8c48425ef4a7,http://creativecommons.org/licenses/by-nc/4.0/legalcode,https://www.gbif.org/occurrence/6252002182,True,True
2354245459f4e7c22b0624c2,limnocharis_flava,Limnocharis flava,Limnocharis flava (L.) Buchenau,GBIF,6252396499,inat:355305242,HUMAN_OBSERVATION,2026-04-27T09:37:40,2026,MY,3.474685,102.618576,6.0,Pahang,,PRESENT,CONTINENT_DERIVED_FROM_COORDINATES|COORDINATE_ROUNDED|TAXON_ID_NOT_FOUND,iNaturalist research-grade observations,50c9509d-22c7-4a22-a47d-8c48425ef4a7,http://creativecommons.org/licenses/by-nc/4.0/legalcode,https://www.gbif.org/occurrence/6252396499,True,True
281b409f2fb0125ea9af23d1,limnocharis_flava,Limnocharis flava,Limnocharis flava (L.) Buchenau,GBIF,6273410120,inat:352482967,HUMAN_OBSERVATION,2026-04-24T09:48,2026,MY,2.738003,101.876006,,Negeri Sembilan,,PRESENT,CONTINENT_DERIVED_FROM_COORDINATES|COORDINATE_ROUNDED|TAXON_ID_NOT_FOUND,iNaturalist research-grade observations,50c9509d-22c7-4a22-a47d-8c48425ef4a7,http://creativecommons.org/licenses/by/4.0/legalcode,https://www.gbif.org/occurrence/6273410120,True,False
522a59672953c8cd4b1765cd,limnocharis_flava,Limnocharis flava,Limnocharis flava (L.) Buchenau,GBIF,6273483116,inat:352493859,HUMAN_OBSERVATION,2026-04-24T09:01,2026,MY,2.741011,101.874736,,Negeri Sembilan,,PRESENT,CONTINENT_DERIVED_FROM_COORDINATES|COORDINATE_ROUNDED|TAXON_ID_NOT_FOUND,iNaturalist research-grade observations,50c9509d-22c7-4a22-a47d-8c48425ef4a7,http://creativecommons.org/licenses/by/4.0/legalcode,https://www.gbif.org/occurrence/6273483116,True,False
cbdf165927deac56825cc124,limnocharis_flava,Limnocharis flava,Limnocharis flava (L.) Buchenau,GBIF,6274289598,inat:357118494,HUMAN_OBSERVATION,2026-04-27T17:09:14,2026,MY,5.342897,117.486564,,Sabah,,PRESENT,CONTINENT_DERIVED_FROM_COORDINATES|COORDINATE_ROUNDED|TAXON_ID_NOT_FOUND,iNaturalist research-grade observations,50c9509d-22c7-4a22-a47d-8c48425ef4a7,http://creativecommons.org/licenses/by-nc/4.0/legalcode,https://www.gbif.org/occurrence/6274289598,True,False
f9f429d0329e86ed22920aa0,limnocharis_flava,Limnocharis flava,Limnocharis flava (L.) Buchenau,GBIF,6320152357,inat:67915672,HUMAN_OBSERVATION,2021-01-11T18:56,2021,MY,3.177856,101.606005,204.0,Selangor,,PRESENT,CONTINENT_DERIVED_FROM_COORDINATES|COORDINATE_ROUNDED|TAXON_ID_NOT_FOUND,iNaturalist research-grade observations,50c9509d-22c7-4a22-a47d-8c48425ef4a7,http://creativecommons.org/licenses/by-nc/4.0/legalcode,https://www.gbif.org/occurrence/6320152357,True,True
5013e57be95e778798a53a64,limnocharis_flava,Limnocharis flava,Limnocharis flava (L.) Buchenau,GBIF,6469761788,inat:384151159,HUMAN_OBSERVATION,2026-07-23T10:43:27,2026,MY,3.33537,101.859678,6.0,Pahang,,PRESENT,CONTINENT_DERIVED_FROM_COORDINATES|COORDINATE_ROUNDED|TAXON_ID_NOT_FOUND,iNaturalist research-grade observations,50c9509d-22c7-4a22-a47d-8c48425ef4a7,http://creativecommons.org/licenses/by-nc/4.0/legalcode,https://www.gbif.org/occurrence/6469761788,True,True
90ede705b7a7f27f70c3a604,limnocharis_flava,Limnocharis flava,Limnocharis flava (L.) Buchenau,GBIF,6470192677,inat:384152345,HUMAN_OBSERVATION,2026-07-23T10:43:43,2026,MY,3.311988,101.882164,,Pahang,,PRESENT,CONTINENT_DERIVED_FROM_COORDINATES|COORDINATE_ROUNDED|TAXON_ID_NOT_FOUND,iNaturalist research-grade observations,50c9509d-22c7-4a22-a47d-8c48425ef4a7,http://creativecommons.org/licenses/by-nc/4.0/legalcode,https://www.gbif.org/occurrence/6470192677,True,False
7b2b335b1c96bb5a62282dfe,megathyrsus_maximus,Megathyrsus maximus,Megathyrsus maximus (Jacq.) B.K.Simon & S.W.L.Jacobs,GBIF,2513582953,,PRESERVED_SPECIMEN,2001-03-12,2001,MY,5.83333,118.11667,,Borneo,"Sabah, Sandakan district, Sandakan",PRESENT,,,15f819bd-6612-4447-854b-14d12ee1022d,http://creativecommons.org/publicdomain/zero/1.0/legalcode,https://www.gbif.org/occurrence/2513582953,True,False
e5a7cfb0d1bfd80d892f2fd6,megathyrsus_maximus,Megathyrsus maximus,Megathyrsus maximus (Jacq.) B.K.Simon & S.W.L.Jacobs,GBIF,2514931818,,PRESERVED_SPECIMEN,2010-03-02,2010,MY,6.3195,99.79583,,,"Malaya. Malaysia, Kedah, Langkawi, P.Langkawi, Jalan Bukit, Malut.",PRESENT,,,15f819bd-6612-4447-854b-14d12ee1022d,http://creativecommons.org/publicdomain/zero/1.0/legalcode,https://www.gbif.org/occurrence/2514931818,True,False
a52c6b85c8a35cafd338fc4d,megathyrsus_maximus,Megathyrsus maximus,Megathyrsus maximus (Jacq.) B.K.Simon & S.W.L.Jacobs,GBIF,2514980325,,PRESERVED_SPECIMEN,2010-03-05,2010,MY,6.68333,100.2,,,"Malaya. Malaysia, Perlis, Titi Tinggi, Wang Kelian, Wang Kelian roadside.",PRESENT,,,15f819bd-6612-4447-854b-14d12ee1022d,http://creativecommons.org/publicdomain/zero/1.0/legalcode,https://www.gbif.org/occurrence/2514980325,True,False
3d569ce412e8dc58a670c498,megathyrsus_maximus,Megathyrsus maximus,Megathyrsus maximus (Jacq.) B.K.Simon & S.W.L.Jacobs,GBIF,2515144774,,PRESERVED_SPECIMEN,2009-11-05,2009,MY,6.31667,99.83333,,,"Kuah, Pantai Beringin.",PRESENT,,,15f819bd-6612-4447-854b-14d12ee1022d,http://creativecommons.org/publicdomain/zero/1.0/legalcode,https://www.gbif.org/occurrence/2515144774,True,False
e05e8cacf00a79f1782e97e1,megathyrsus_maximus,Megathyrsus maximus,Megathyrsus maximus (Jacq.) B.K.Simon & S.W.L.Jacobs,GBIF,2515152591,,PRESERVED_SPECIMEN,1969-02-01/1969-02-28,1969,MY,4.5,101.56667,,,Cameron Highlands.,PRESENT,,,15f819bd-6612-4447-854b-14d12ee1022d,http://creativecommons.org/publicdomain/zero/1.0/legalcode,https://www.gbif.org/occurrence/2515152591,True,False
885dea0229ee1baad9ecd15f,megathyrsus_maximus,Megathyrsus maximus,Megathyrsus maximus (Jacq.) B.K.Simon & S.W.L.Jacobs,GBIF,3352999379,,PRESERVED_SPECIMEN,2012-05-18,2012,MY,5.41667,117.93333,,Borneo,"Sepilok. Panagakan Dii, mile 14.",PRESENT,,,15f819bd-6612-4447-854b-14d12ee1022d,http://creativecommons.org/publicdomain/zero/1.0/legalcode,https://www.gbif.org/occurrence/3352999379,True,False
56687157768ac665614c83fe,megathyrsus_maximus,Megathyrsus maximus,Megathyrsus maximus (Jacq.) B.K.Simon & S.W.L.Jacobs,GBIF,4127273559,inat:164580777,HUMAN_OBSERVATION,2023-05-30T13:12:09,2023,MY,2.8758,101.677833,,Putrajaya,,PRESENT,CONTINENT_DERIVED_FROM_COORDINATES|COORDINATE_ROUNDED|TAXON_ID_NOT_FOUND,iNaturalist research-grade observations,50c9509d-22c7-4a22-a47d-8c48425ef4a7,http://creativecommons.org/licenses/by-nc/4.0/legalcode,https://www.gbif.org/occurrence/4127273559,True,False
59d379f44bfd3f36ecaf151a,megathyrsus_maximus,Megathyrsus maximus,Megathyrsus maximus (Jacq.) B.K.Simon & S.W.L.Jacobs,GBIF,4867642905,inat:164583246,HUMAN_OBSERVATION,2023-05-30T13:35:21,2023,MY,2.896594,101.664213,7.0,Putrajaya,,PRESENT,CONTINENT_DERIVED_FROM_COORDINATES|COORDINATE_ROUNDED|TAXON_ID_NOT_FOUND,iNaturalist research-grade observations,50c9509d-22c7-4a22-a47d-8c48425ef4a7,http://creativecommons.org/licenses/by-nc/4.0/legalcode,https://www.gbif.org/occurrence/4867642905,True,False
8ed72c7d12ba7b36ae5f4d41,megathyrsus_maximus,Megathyrsus maximus,Megathyrsus maximus (Jacq.) B.K.Simon & S.W.L.Jacobs,GBIF,4867923163,inat:164929652,HUMAN_OBSERVATION,2023-06-01T13:17:10,2023,MY,2.921557,101.69744,4.0,Putrajaya,,PRESENT,CONTINENT_DERIVED_FROM_COORDINATES|COORDINATE_ROUNDED|TAXON_ID_NOT_FOUND,iNaturalist research-grade observations,50c9509d-22c7-4a22-a47d-8c48425ef4a7,http://creativecommons.org/licenses/by-nc/4.0/legalcode,https://www.gbif.org/occurrence/4867923163,True,False
bd64f56462bc36024980363c,megathyrsus_maximus,Megathyrsus maximus,Megathyrsus maximus (Jacq.) B.K.Simon & S.W.L.Jacobs,GBIF,4867963811,inat:206584203,HUMAN_OBSERVATION,2024-04-11T17:06:38,2024,MY,5.468095,100.25557,4.0,Pulau Pinang,,PRESENT,CONTINENT_DERIVED_FROM_COORDINATES|TAXON_ID_NOT_FOUND,iNaturalist research-grade observations,50c9509d-22c7-4a22-a47d-8c48425ef4a7,http://creativecommons.org/licenses/by-nc/4.0/legalcode,https://www.gbif.org/occurrence/4867963811,True,False
f6029a09c408c0976c38f6ac,megathyrsus_maximus,Megathyrsus maximus,Megathyrsus maximus (Jacq.) B.K.Simon & S.W.L.Jacobs,GBIF,4867972061,inat:187589257,HUMAN_OBSERVATION,2023-10-15T12:00:50,2023,MY,2.918648,101.676411,,Putrajaya,,PRESENT,CONTINENT_DERIVED_FROM_COORDINATES|COORDINATE_ROUNDED|TAXON_ID_NOT_FOUND,iNaturalist research-grade observations,50c9509d-22c7-4a22-a47d-8c48425ef4a7,http://creativecommons.org/licenses/by-nc/4.0/legalcode,https://www.gbif.org/occurrence/4867972061,True,False
cb75982453ae20eb9b5afd9e,megathyrsus_maximus,Megathyrsus maximus,Megathyrsus maximus (Jacq.) B.K.Simon & S.W.L.Jacobs,GBIF,4868037340,inat:187589517,HUMAN_OBSERVATION,2023-10-15T12:03:38,2023,MY,2.917936,101.676943,7.0,Putrajaya,,PRESENT,CONTINENT_DERIVED_FROM_COORDINATES|COORDINATE_ROUNDED|TAXON_ID_NOT_FOUND,iNaturalist research-grade observations,50c9509d-22c7-4a22-a47d-8c48425ef4a7,http://creativecommons.org/licenses/by-nc/4.0/legalcode,https://www.gbif.org/occurrence/4868037340,True,False
465ba3d4e2edbc55757b5a92,megathyrsus_maximus,Megathyrsus maximus,Megathyrsus maximus (Jacq.) B.K.Simon & S.W.L.Jacobs,GBIF,4868045967,inat:175694625,HUMAN_OBSERVATION,2023-07-30T17:25:57,2023,MY,3.158127,101.580399,93.0,Selangor,,PRESENT,CONTINENT_DERIVED_FROM_COORDINATES|COORDINATE_ROUNDED|TAXON_ID_NOT_FOUND,iNaturalist research-grade observations,50c9509d-22c7-4a22-a47d-8c48425ef4a7,http://creativecommons.org/licenses/by-nc/4.0/legalcode,https://www.gbif.org/occurrence/4868045967,True,False
e7d804150f5664599e0738e4,megathyrsus_maximus,Megathyrsus maximus,Megathyrsus maximus (Jacq.) B.K.Simon & S.W.L.Jacobs,GBIF,4868140505,inat:205595521,HUMAN_OBSERVATION,2024-04-06T09:01:54,2024,MY,3.083022,101.59725,4.0,Selangor,,PRESENT,CONTINENT_DERIVED_FROM_COORDINATES|COORDINATE_ROUNDED|TAXON_ID_NOT_FOUND,iNaturalist research-grade observations,50c9509d-22c7-4a22-a47d-8c48425ef4a7,http://creativecommons.org/licenses/by-nc/4.0/legalcode,https://www.gbif.org/occurrence/4868140505,True,False
a6ab4d0a4f5a0fc03e3bad8a,megathyrsus_maximus,Megathyrsus maximus,Megathyrsus maximus (Jacq.) B.K.Simon & S.W.L.Jacobs,GBIF,5138394459,,PRESERVED_SPECIMEN,2010-03-02T00:00,2010,MY,6.3195,99.795833,,,"Langkawi, P. Langkawi, Jalan Bukit Malut.",PRESENT,CONTINENT_DERIVED_FROM_COORDINATES|COORDINATE_ROUNDED|GEODETIC_DATUM_ASSUMED_WGS84|INSTITUTION_COLLECTION_MISMATCH|INSTITUTION_MATCH_FUZZY,,cd6e21c8-9e8a-493a-8a76-fbf7862069e5,http://creativecommons.org/licenses/by/4.0/legalcode,https://www.gbif.org/occurrence/5138394459,True,False
f9323f8ff32ce07e228a0d06,megathyrsus_maximus,Megathyrsus maximus,Megathyrsus maximus (Jacq.) B.K.Simon & S.W.L.Jacobs,GBIF,5140369763,inat:273573216,HUMAN_OBSERVATION,2025-04-25T15:53:14,2025,MY,3.792083,101.853517,4.0,Pahang,,PRESENT,CONTINENT_DERIVED_FROM_COORDINATES|COORDINATE_ROUNDED|TAXON_ID_NOT_FOUND,iNaturalist research-grade observations,50c9509d-22c7-4a22-a47d-8c48425ef4a7,http://creativecommons.org/licenses/by-nc/4.0/legalcode,https://www.gbif.org/occurrence/5140369763,True,False
8ce6fce56dd8ad43d377cb68,mikania_micrantha,Mikania micrantha,Mikania micrantha Kunth,GBIF,1090311708,,PRESERVED_SPECIMEN,2004-11-25,2004,MY,1.47944,110.086,,,"Matang Massif, Indian Temple Trail",PRESENT,COLLECTION_MATCH_FUZZY|CONTINENT_DERIVED_FROM_COORDINATES|GEODETIC_DATUM_ASSUMED_WGS84|INSTITUTION_MATCH_FUZZY|PRESUMED_NEGATED_LONGITUDE,Herbarium Pacificum World Specimens,b929f23d-290f-4e85-8f17-764c55b3b284,http://creativecommons.org/publicdomain/zero/1.0/legalcode,https://www.gbif.org/occurrence/1090311708,True,False
cbc4db866ede984b359dfa02,mikania_micrantha,Mikania micrantha,Mikania micrantha Kunth,GBIF,1259858913,,PRESERVED_SPECIMEN,2004-11-25,2004,MY,1.479445,110.085833,,Sarawak,"Matang Massif, Indian Temple Trail. Sandstone with utisols and podsols.",PRESENT,COLLECTION_MATCH_NONE|COORDINATE_ROUNDED|GEODETIC_DATUM_ASSUMED_WGS84|INSTITUTION_MATCH_FUZZY|OCCURRENCE_STATUS_INFERRED_FROM_INDIVIDUAL_COUNT|TAXON_ID_NOT_FOUND,Tropicos,7bd65a7a-f762-11e1-a439-00145eb45e9a,http://creativecommons.org/licenses/by/4.0/legalcode,https://www.gbif.org/occurrence/1259858913,True,False
1f9819fd98859afc59556ce2,mikania_micrantha,Mikania micrantha,Mikania micrantha Kunth,GBIF,1259859003,,PRESERVED_SPECIMEN,2004-11-29,2004,MY,1.2,110.3,,Sarawak,"Kuching Division; area of Padawan, Bukit Manok, karst limestone hills above Sg. Serin, 3 km from Kampong Gayu, 9 km from junction of road to Kampong Bengoh, along Sg. Serin.",PRESENT,COLLECTION_MATCH_NONE|GEODETIC_DATUM_ASSUMED_WGS84|INSTITUTION_MATCH_FUZZY|OCCURRENCE_STATUS_INFERRED_FROM_INDIVIDUAL_COUNT|TAXON_ID_NOT_FOUND,Tropicos,7bd65a7a-f762-11e1-a439-00145eb45e9a,http://creativecommons.org/licenses/by/4.0/legalcode,https://www.gbif.org/occurrence/1259859003,True,False
0df9cc6e2bd1221b5b5fbcdf,mikania_micrantha,Mikania micrantha,Mikania micrantha Kunth,GBIF,1261308004,,PRESERVED_SPECIMEN,1989-07-01,1989,MY,3.0,102.333333,,Negri Sembilan,"Pasoh Forest Reserve, near Simpang Pertang, 200 km SE of Kuala Lumpur, 50 ha. plot, column 50.",PRESENT,COLLECTION_MATCH_NONE|COORDINATE_ROUNDED|GEODETIC_DATUM_ASSUMED_WGS84|INSTITUTION_MATCH_FUZZY|OCCURRENCE_STATUS_INFERRED_FROM_INDIVIDUAL_COUNT|TAXON_ID_NOT_FOUND,Tropicos,7bd65a7a-f762-11e1-a439-00145eb45e9a,http://creativecommons.org/licenses/by/4.0/legalcode,https://www.gbif.org/occurrence/1261308004,True,False
9ecf696526da8941133cf606,mikania_micrantha,Mikania micrantha,Mikania micrantha Kunth,GBIF,1456272814,,PRESERVED_SPECIMEN,2004-11-25,2004,MY,1.4794,110.086,,Sarawak,"Matang Massif, Indian Temple Trail. Sandstone with utisols and podsols",PRESENT,GEODETIC_DATUM_ASSUMED_WGS84|OCCURRENCE_STATUS_INFERRED_FROM_INDIVIDUAL_COUNT,NMNH Extant Biology,821cc27a-e3bb-4bc5-ac34-89ada245069d,http://creativecommons.org/publicdomain/zero/1.0/legalcode,https://www.gbif.org/occurrence/1456272814,True,False
6d96aee5df5b6f92939ceb3f,mikania_micrantha,Mikania micrantha,Mikania micrantha Kunth,GBIF,1901081068,inat:16251992,HUMAN_OBSERVATION,2018-09-03T22:39:28,2018,MY,3.714221,101.749871,8.0,Pahang,,PRESENT,CONTINENT_DERIVED_FROM_COORDINATES|COORDINATE_ROUNDED|TAXON_ID_NOT_FOUND,iNaturalist research-grade observations,50c9509d-22c7-4a22-a47d-8c48425ef4a7,http://creativecommons.org/licenses/by-nc/4.0/legalcode,https://www.gbif.org/occurrence/1901081068,True,True
a3bb3442bc4cba0f721a877f,mikania_micrantha,Mikania micrantha,Mikania micrantha Kunth,GBIF,1946190200,inat:11894946,HUMAN_OBSERVATION,2018-04-30T23:05:11,2018,MY,3.036791,101.725225,688.0,Kuala Lumpur,,PRESENT,CONTINENT_DERIVED_FROM_COORDINATES|COORDINATE_ROUNDED|TAXON_ID_NOT_FOUND,iNaturalist research-grade observations,50c9509d-22c7-4a22-a47d-8c48425ef4a7,http://creativecommons.org/licenses/by-nc/4.0/legalcode,https://www.gbif.org/occurrence/1946190200,True,True
ac0e5be144530452cf5528a5,mikania_micrantha,Mikania micrantha,Mikania micrantha Kunth,GBIF,2238841451,inat:23327807,HUMAN_OBSERVATION,2019-04-27T12:43:38,2019,MY,3.037664,101.58044,132.0,Selangor,,PRESENT,CONTINENT_DERIVED_FROM_COORDINATES|COORDINATE_ROUNDED|TAXON_ID_NOT_FOUND,iNaturalist research-grade observations,50c9509d-22c7-4a22-a47d-8c48425ef4a7,http://creativecommons.org/licenses/by-nc/4.0/legalcode,https://www.gbif.org/occurrence/2238841451,True,True
a9e291f1f66fb09a3f23f6bf,mikania_micrantha,Mikania micrantha,Mikania micrantha Kunth,GBIF,2242798036,inat:24373667,HUMAN_OBSERVATION,2019-04-28T18:07,2019,MY,3.141106,101.696962,,Kuala Lumpur,,PRESENT,CONTINENT_DERIVED_FROM_COORDINATES|COORDINATE_ROUNDED|TAXON_ID_NOT_FOUND,iNaturalist research-grade observations,50c9509d-22c7-4a22-a47d-8c48425ef4a7,http://creativecommons.org/licenses/by-nc/4.0/legalcode,https://www.gbif.org/occurrence/2242798036,True,False
116ad44ddfe92b5cf2d90ac2,mikania_micrantha,Mikania micrantha,Mikania micrantha Kunth,GBIF,2242822130,inat:24496194,HUMAN_OBSERVATION,2019-04-29T23:34,2019,MY,3.1356,101.657903,,Kuala Lumpur,,PRESENT,CONTINENT_DERIVED_FROM_COORDINATES|COORDINATE_ROUNDED|TAXON_ID_NOT_FOUND,iNaturalist research-grade observations,50c9509d-22c7-4a22-a47d-8c48425ef4a7,http://creativecommons.org/licenses/by-nc/4.0/legalcode,https://www.gbif.org/occurrence/2242822130,True,False
41f96fdfb775ecf498be183e,mikania_micrantha,Mikania micrantha,Mikania micrantha Kunth,GBIF,2242823092,inat:24495778,HUMAN_OBSERVATION,2019-04-29T23:21,2019,MY,3.1356,101.657903,,Kuala Lumpur,,PRESENT,CONTINENT_DERIVED_FROM_COORDINATES|COORDINATE_ROUNDED|TAXON_ID_NOT_FOUND,iNaturalist research-grade observations,50c9509d-22c7-4a22-a47d-8c48425ef4a7,http://creativecommons.org/licenses/by-nc/4.0/legalcode,https://www.gbif.org/occurrence/2242823092,True,False
1fda212e0771ec880b78274b,mikania_micrantha,Mikania micrantha,Mikania micrantha Kunth,GBIF,2242824481,inat:24495800,HUMAN_OBSERVATION,2019-04-29T23:27,2019,MY,3.1356,101.657903,,Kuala Lumpur,,PRESENT,CONTINENT_DERIVED_FROM_COORDINATES|COORDINATE_ROUNDED|TAXON_ID_NOT_FOUND,iNaturalist research-grade observations,50c9509d-22c7-4a22-a47d-8c48425ef4a7,http://creativecommons.org/licenses/by-nc/4.0/legalcode,https://www.gbif.org/occurrence/2242824481,True,False
8445c10418eb96a828bcc4e5,mikania_micrantha,Mikania micrantha,Mikania micrantha Kunth,GBIF,2429622786,inat:34491076,HUMAN_OBSERVATION,2019-10-09T15:07:48,2019,MY,5.515094,118.299652,,Sabah,,PRESENT,CONTINENT_DERIVED_FROM_COORDINATES|COORDINATE_ROUNDED|TAXON_ID_NOT_FOUND,iNaturalist research-grade observations,50c9509d-22c7-4a22-a47d-8c48425ef4a7,http://creativecommons.org/licenses/by/4.0/legalcode,https://www.gbif.org/occurrence/2429622786,True,False
47105bc0ba626e57a2d7e3c6,mikania_micrantha,Mikania micrantha,Mikania micrantha Kunth,GBIF,2514895040,,PRESERVED_SPECIMEN,2004-11-25,2004,MY,1.47944,110.08583,,,"Malaysia, Sarawak,Matang Massif, indian Temple Trail.",PRESENT,,,15f819bd-6612-4447-854b-14d12ee1022d,http://creativecommons.org/publicdomain/zero/1.0/legalcode,https://www.gbif.org/occurrence/2514895040,True,False
6e883cddeb190938ed3b2766,mikania_micrantha,Mikania micrantha,Mikania micrantha Kunth,GBIF,2517011428,,PRESERVED_SPECIMEN,1955-03-21,1955,MY,3.9,114.0,,Borneo,"Sarawak, Division 1, foot path to Quop",PRESENT,,,15f819bd-6612-4447-854b-14d12ee1022d,http://creativecommons.org/publicdomain/zero/1.0/legalcode,https://www.gbif.org/occurrence/2517011428,True,False
25e3a5c7f6d01e5dcf37c5d5,mikania_micrantha,Mikania micrantha,Mikania micrantha Kunth,GBIF,2611284490,inat:43892480,HUMAN_OBSERVATION,2020-04-26T14:24:37,2020,MY,1.494719,103.776611,13.0,Johor,,PRESENT,CONTINENT_DERIVED_FROM_COORDINATES|COORDINATE_ROUNDED|TAXON_ID_NOT_FOUND,iNaturalist research-grade observations,50c9509d-22c7-4a22-a47d-8c48425ef4a7,http://creativecommons.org/licenses/by-nc/4.0/legalcode,https://www.gbif.org/occurrence/2611284490,True,True
f3f545c276dd716bcba79283,mikania_micrantha,Mikania micrantha,Mikania micrantha Kunth,GBIF,2618543184,,PRESERVED_SPECIMEN,2004-11-25,2004,MY,1.479444,110.085833,,Sarawak,"Malaysia. Sarawak. Matang Massif, Indian Temple Trail.",PRESENT,AMBIGUOUS_COLLECTION|CONTINENT_DERIVED_FROM_COORDINATES|GEODETIC_DATUM_ASSUMED_WGS84,,0943f690-fde5-11dd-83f4-b8a03c50a862,http://creativecommons.org/licenses/by/4.0/legalcode,https://www.gbif.org/occurrence/2618543184,True,False
19f1a6982841cfc6105ca56c,mikania_micrantha,Mikania micrantha,Mikania micrantha Kunth,GBIF,2619869978,inat:44682526,HUMAN_OBSERVATION,2020-05-03T10:54:07,2020,MY,1.494286,103.776593,5.0,Johor,,PRESENT,CONTINENT_DERIVED_FROM_COORDINATES|COORDINATE_ROUNDED|TAXON_ID_NOT_FOUND,iNaturalist research-grade observations,50c9509d-22c7-4a22-a47d-8c48425ef4a7,http://creativecommons.org/licenses/by-nc/4.0/legalcode,https://www.gbif.org/occurrence/2619869978,True,True
6ead157413b10ed79c392c5c,mikania_micrantha,Mikania micrantha,Mikania micrantha Kunth,GBIF,2818639543,inat:53226453,HUMAN_OBSERVATION,2020-07-16T11:56:57,2020,MY,4.817453,101.087349,5.0,Perak,,PRESENT,CONTINENT_DERIVED_FROM_COORDINATES|COORDINATE_ROUNDED|TAXON_ID_NOT_FOUND,iNaturalist research-grade observations,50c9509d-22c7-4a22-a47d-8c48425ef4a7,http://creativecommons.org/licenses/by-nc/4.0/legalcode,https://www.gbif.org/occurrence/2818639543,True,True
aeb5e736d38df29308d78fba,mikania_micrantha,Mikania micrantha,Mikania micrantha Kunth,GBIF,2868107379,inat:49089039,HUMAN_OBSERVATION,2020-06-10T09:39:38,2020,MY,6.217691,100.615132,,Kedah,,PRESENT,CONTINENT_DERIVED_FROM_COORDINATES|COORDINATE_ROUNDED|TAXON_ID_NOT_FOUND,iNaturalist research-grade observations,50c9509d-22c7-4a22-a47d-8c48425ef4a7,http://creativecommons.org/licenses/by-nc/4.0/legalcode,https://www.gbif.org/occurrence/2868107379,True,False
95319ff13b8f12a114f31f54,mikania_micrantha,Mikania micrantha,Mikania micrantha Kunth,GBIF,2868133324,inat:23263195,HUMAN_OBSERVATION,2019-04-27T08:38:21,2019,MY,3.037063,101.580648,16.0,Selangor,,PRESENT,CONTINENT_DERIVED_FROM_COORDINATES|COORDINATE_ROUNDED|TAXON_ID_NOT_FOUND,iNaturalist research-grade observations,50c9509d-22c7-4a22-a47d-8c48425ef4a7,http://creativecommons.org/licenses/by-nc/4.0/legalcode,https://www.gbif.org/occurrence/2868133324,True,True
35d54a505e2c8c0388203265,mikania_micrantha,Mikania micrantha,Mikania micrantha Kunth,GBIF,2868257310,inat:11469463,HUMAN_OBSERVATION,2018-04-27T09:42:37,2018,MY,3.037571,101.793317,837.0,Selangor,,PRESENT,CONTINENT_DERIVED_FROM_COORDINATES|COORDINATE_ROUNDED|TAXON_ID_NOT_FOUND,iNaturalist research-grade observations,50c9509d-22c7-4a22-a47d-8c48425ef4a7,http://creativecommons.org/licenses/by-nc/4.0/legalcode,https://www.gbif.org/occurrence/2868257310,True,True
cde58147720e5d8616096ef4,mikania_micrantha,Mikania micrantha,Mikania micrantha Kunth,GBIF,2868280315,inat:23658689,HUMAN_OBSERVATION,2019-04-26T15:46,2019,MY,3.12164,101.653252,,Kuala Lumpur,,PRESENT,CONTINENT_DERIVED_FROM_COORDINATES|COORDINATE_ROUNDED|TAXON_ID_NOT_FOUND,iNaturalist research-grade observations,50c9509d-22c7-4a22-a47d-8c48425ef4a7,http://creativecommons.org/licenses/by-nc/4.0/legalcode,https://www.gbif.org/occurrence/2868280315,True,False
c2dc327541068081b6acfc60,mikania_micrantha,Mikania micrantha,Mikania micrantha Kunth,GBIF,2898258699,inat:62172763,HUMAN_OBSERVATION,2020-10-10T13:16Z,2020,MY,1.843854,102.948062,212.0,Johor,,PRESENT,CONTINENT_DERIVED_FROM_COORDINATES|COORDINATE_ROUNDED|TAXON_ID_NOT_FOUND,iNaturalist research-grade observations,50c9509d-22c7-4a22-a47d-8c48425ef4a7,http://creativecommons.org/licenses/by-nc/4.0/legalcode,https://www.gbif.org/occurrence/2898258699,True,True
0a335c8d3564e5e89a552124,mikania_micrantha,Mikania micrantha,Mikania micrantha Kunth,GBIF,3039171053,inat:68855644,HUMAN_OBSERVATION,2021-01-31T17:51:45,2021,MY,4.262913,101.929948,,Pahang,,PRESENT,CONTINENT_DERIVED_FROM_COORDINATES|COORDINATE_ROUNDED|TAXON_ID_NOT_FOUND,iNaturalist research-grade observations,50c9509d-22c7-4a22-a47d-8c48425ef4a7,http://creativecommons.org/licenses/by-nc/4.0/legalcode,https://www.gbif.org/occurrence/3039171053,True,False
7817fa4c0d1a4aea5024c145,mikania_micrantha,Mikania micrantha,Mikania micrantha Kunth,GBIF,3068035367,inat:71789014,HUMAN_OBSERVATION,2021-03-22T11:33:03,2021,MY,5.355514,100.295938,200.0,Pulau Pinang,,PRESENT,CONTINENT_DERIVED_FROM_COORDINATES|COORDINATE_ROUNDED|TAXON_ID_NOT_FOUND,iNaturalist research-grade observations,50c9509d-22c7-4a22-a47d-8c48425ef4a7,http://creativecommons.org/licenses/by-nc/4.0/legalcode,https://www.gbif.org/occurrence/3068035367,True,True
c95281a6242f8da7dbf0ca5e,mikania_micrantha,Mikania micrantha,Mikania micrantha Kunth,GBIF,3112630911,inat:77675877,HUMAN_OBSERVATION,2021-04-30T11:26,2021,MY,3.120527,101.649143,,Kuala Lumpur,,PRESENT,CONTINENT_DERIVED_FROM_COORDINATES|COORDINATE_ROUNDED|TAXON_ID_NOT_FOUND,iNaturalist research-grade observations,50c9509d-22c7-4a22-a47d-8c48425ef4a7,http://creativecommons.org/licenses/by-nc/4.0/legalcode,https://www.gbif.org/occurrence/3112630911,True,False
78b358068417dba193264d4e,mikania_micrantha,Mikania micrantha,Mikania micrantha Kunth,GBIF,3112862360,inat:76494743,HUMAN_OBSERVATION,2021-04-30T09:14Z,2021,MY,3.116969,101.52356,214.0,Selangor,,PRESENT,CONTINENT_DERIVED_FROM_COORDINATES|COORDINATE_ROUNDED|TAXON_ID_NOT_FOUND,iNaturalist research-grade observations,50c9509d-22c7-4a22-a47d-8c48425ef4a7,http://creativecommons.org/licenses/by-nc/4.0/legalcode,https://www.gbif.org/occurrence/3112862360,True,True
d755f50e831047e7a8c9cd18,mikania_micrantha,Mikania micrantha,Mikania micrantha Kunth,GBIF,3112863708,inat:77543370,HUMAN_OBSERVATION,2021-05-02T12:01:12,2021,MY,1.280187,103.510155,10.0,Johor,,PRESENT,CONTINENT_DERIVED_FROM_COORDINATES|COORDINATE_ROUNDED|TAXON_ID_NOT_FOUND,iNaturalist research-grade observations,50c9509d-22c7-4a22-a47d-8c48425ef4a7,http://creativecommons.org/licenses/by-nc/4.0/legalcode,https://www.gbif.org/occurrence/3112863708,True,True
6e9cbcae37a510c9d715e198,mikania_micrantha,Mikania micrantha,Mikania micrantha Kunth,GBIF,3113283755,inat:77761621,HUMAN_OBSERVATION,2021-05-02T12:00Z,2021,MY,1.280219,103.510208,16.0,Johor,,PRESENT,CONTINENT_DERIVED_FROM_COORDINATES|COORDINATE_ROUNDED|TAXON_ID_NOT_FOUND,iNaturalist research-grade observations,50c9509d-22c7-4a22-a47d-8c48425ef4a7,http://creativecommons.org/licenses/by-nc/4.0/legalcode,https://www.gbif.org/occurrence/3113283755,True,True
c65a7a24d32f42cbaac59c22,mikania_micrantha,Mikania micrantha,Mikania micrantha Kunth,GBIF,3384232797,inat:96665680,HUMAN_OBSERVATION,2021-09-30T16:26:41,2021,MY,3.109427,101.380562,,Selangor,,PRESENT,CONTINENT_DERIVED_FROM_COORDINATES|COORDINATE_ROUNDED|TAXON_ID_NOT_FOUND,iNaturalist research-grade observations,50c9509d-22c7-4a22-a47d-8c48425ef4a7,http://creativecommons.org/licenses/by-nc/4.0/legalcode,https://www.gbif.org/occurrence/3384232797,True,False
62377dfea35532eafaf4c3d6,mikania_micrantha,Mikania micrantha,Mikania micrantha Kunth,GBIF,3465961432,inat:89140615,HUMAN_OBSERVATION,2021-07-30T07:45:10,2021,MY,5.365834,100.535942,,Kedah,,PRESENT,CONTINENT_DERIVED_FROM_COORDINATES|COORDINATE_ROUNDED|TAXON_ID_NOT_FOUND,iNaturalist research-grade observations,50c9509d-22c7-4a22-a47d-8c48425ef4a7,http://creativecommons.org/licenses/by-nc/4.0/legalcode,https://www.gbif.org/occurrence/3465961432,True,False
7a87bcf545a2e44a00a1dfe0,mikania_micrantha,Mikania micrantha,Mikania micrantha Kunth,GBIF,3468758720,inat:106153190,HUMAN_OBSERVATION,2022-02-05T11:06:39,2022,MY,3.0517,101.751962,9.0,Selangor,,PRESENT,CONTINENT_DERIVED_FROM_COORDINATES|COORDINATE_ROUNDED|TAXON_ID_NOT_FOUND,iNaturalist research-grade observations,50c9509d-22c7-4a22-a47d-8c48425ef4a7,http://creativecommons.org/licenses/by-nc/4.0/legalcode,https://www.gbif.org/occurrence/3468758720,True,True
db23bc7b1feb52fb2dd473c8,mikania_micrantha,Mikania micrantha,Mikania micrantha Kunth,GBIF,3773125603,inat:115337335,HUMAN_OBSERVATION,2022-04-30T14:17:15,2022,MY,3.100121,101.619105,,Selangor,,PRESENT,CONTINENT_DERIVED_FROM_COORDINATES|TAXON_ID_NOT_FOUND,iNaturalist research-grade observations,50c9509d-22c7-4a22-a47d-8c48425ef4a7,http://creativecommons.org/licenses/by-nc/4.0/legalcode,https://www.gbif.org/occurrence/3773125603,True,False
d25c64530699713b62984347,mikania_micrantha,Mikania micrantha,Mikania micrantha Kunth,GBIF,3892677810,inat:130487149,HUMAN_OBSERVATION,2022-08-12T18:00,2022,MY,3.161247,101.746997,32.0,Selangor,,PRESENT,CONTINENT_DERIVED_FROM_COORDINATES|COORDINATE_ROUNDED|TAXON_ID_NOT_FOUND,iNaturalist research-grade observations,50c9509d-22c7-4a22-a47d-8c48425ef4a7,http://creativecommons.org/licenses/by/4.0/legalcode,https://www.gbif.org/occurrence/3892677810,True,True
fc4607c143f4dbc28efcd662,mikania_micrantha,Mikania micrantha,Mikania micrantha Kunth,GBIF,3903387092,inat:134505873,HUMAN_OBSERVATION,2022-09-11T07:43:15,2022,MY,1.203714,111.467377,258.0,Sarawak,,PRESENT,CONTINENT_DERIVED_FROM_COORDINATES|COORDINATE_ROUNDED|TAXON_ID_NOT_FOUND,iNaturalist research-grade observations,50c9509d-22c7-4a22-a47d-8c48425ef4a7,http://creativecommons.org/licenses/by-nc/4.0/legalcode,https://www.gbif.org/occurrence/3903387092,True,True
036c1901cb9793768ab6ead1,mikania_micrantha,Mikania micrantha,Mikania micrantha Kunth,GBIF,3915531560,inat:136152098,HUMAN_OBSERVATION,2022-09-20,2022,MY,3.161258,101.747189,,Selangor,,PRESENT,CONTINENT_DERIVED_FROM_COORDINATES|COORDINATE_ROUNDED|TAXON_ID_NOT_FOUND,iNaturalist research-grade observations,50c9509d-22c7-4a22-a47d-8c48425ef4a7,http://creativecommons.org/licenses/by/4.0/legalcode,https://www.gbif.org/occurrence/3915531560,True,False
087300d7b49f182d553fe265,mikania_micrantha,Mikania micrantha,Mikania micrantha Kunth,GBIF,3925064168,inat:137968803,HUMAN_OBSERVATION,2022-10-08T13:08:29,2022,MY,3.226211,101.7786,,Selangor,,PRESENT,CONTINENT_DERIVED_FROM_COORDINATES|COORDINATE_ROUNDED|TAXON_ID_NOT_FOUND,iNaturalist research-grade observations,50c9509d-22c7-4a22-a47d-8c48425ef4a7,http://creativecommons.org/licenses/by/4.0/legalcode,https://www.gbif.org/occurrence/3925064168,True,False
f2dbf3eaf730cfc249535868,mikania_micrantha,Mikania micrantha,Mikania micrantha Kunth,GBIF,3951830814,,HUMAN_OBSERVATION,2020-03-30T04:50:32.888Z,2020,MY,3.162147,101.762797,,,,PRESENT,CONTINENT_DERIVED_FROM_COORDINATES|COUNTRY_DERIVED_FROM_COORDINATES,,14d5676a-2c54-4f94-9023-1e8dcd822aa0,http://creativecommons.org/licenses/by/4.0/legalcode,https://www.gbif.org/occurrence/3951830814,True,False
8e3a8dfb0bd0ab9bfb3180df,mikania_micrantha,Mikania micrantha,Mikania micrantha Kunth,GBIF,3951838613,,HUMAN_OBSERVATION,2020-01-28T09:39:01.998Z,2020,MY,3.256645,101.640754,81.0,,,PRESENT,CONTINENT_DERIVED_FROM_COORDINATES|COORDINATE_ROUNDED|COUNTRY_DERIVED_FROM_COORDINATES,,14d5676a-2c54-4f94-9023-1e8dcd822aa0,http://creativecommons.org/licenses/by/4.0/legalcode,https://www.gbif.org/occurrence/3951838613,True,True
a6f3ac5d8388c98afca3c0d5,mikania_micrantha,Mikania micrantha,Mikania micrantha Kunth,GBIF,3952848858,,HUMAN_OBSERVATION,2020-03-30T04:45:07.981Z,2020,MY,3.162147,101.762797,,,,PRESENT,CONTINENT_DERIVED_FROM_COORDINATES|COUNTRY_DERIVED_FROM_COORDINATES,,14d5676a-2c54-4f94-9023-1e8dcd822aa0,http://creativecommons.org/licenses/by/4.0/legalcode,https://www.gbif.org/occurrence/3952848858,True,False
df100646ec803d5d8ac52505,mikania_micrantha,Mikania micrantha,Mikania micrantha Kunth,GBIF,3957992175,,HUMAN_OBSERVATION,2020-03-30T04:37:26.427Z,2020,MY,3.162147,101.762797,,,,PRESENT,CONTINENT_DERIVED_FROM_COORDINATES|COUNTRY_DERIVED_FROM_COORDINATES,,14d5676a-2c54-4f94-9023-1e8dcd822aa0,http://creativecommons.org/licenses/by/4.0/legalcode,https://www.gbif.org/occurrence/3957992175,True,False
702bda5fe0b98517aea5bd78,mikania_micrantha,Mikania micrantha,Mikania micrantha Kunth,GBIF,4018155473,inat:103571887,HUMAN_OBSERVATION,2021-12-24T08:22:57,2021,MY,1.461247,103.643905,4.0,Johor,,PRESENT,CONTINENT_DERIVED_FROM_COORDINATES|COORDINATE_ROUNDED|TAXON_ID_NOT_FOUND,iNaturalist research-grade observations,50c9509d-22c7-4a22-a47d-8c48425ef4a7,http://creativecommons.org/licenses/by-nc/4.0/legalcode,https://www.gbif.org/occurrence/4018155473,True,True
060bba7dd99bbd06ca776a39,mikania_micrantha,Mikania micrantha,Mikania micrantha Kunth,GBIF,4091421697,inat:155441063,HUMAN_OBSERVATION,2023-04-04T08:25,2023,MY,5.871213,117.942327,,Sabah,,PRESENT,CONTINENT_DERIVED_FROM_COORDINATES|COORDINATE_ROUNDED|TAXON_ID_NOT_FOUND,iNaturalist research-grade observations,50c9509d-22c7-4a22-a47d-8c48425ef4a7,http://creativecommons.org/licenses/by-nc/4.0/legalcode,https://www.gbif.org/occurrence/4091421697,True,False
110e34fb51ac129a589f2478,mikania_micrantha,Mikania micrantha,Mikania micrantha Kunth,GBIF,4091562711,inat:155428208,HUMAN_OBSERVATION,2023-03-30T11:15,2023,MY,5.817983,116.342532,,Sabah,,PRESENT,CONTINENT_DERIVED_FROM_COORDINATES|COORDINATE_ROUNDED|TAXON_ID_NOT_FOUND,iNaturalist research-grade observations,50c9509d-22c7-4a22-a47d-8c48425ef4a7,http://creativecommons.org/licenses/by-nc/4.0/legalcode,https://www.gbif.org/occurrence/4091562711,True,False
20e1907abb92491579f08394,mikania_micrantha,Mikania micrantha,Mikania micrantha Kunth,GBIF,4091703676,inat:155441388,HUMAN_OBSERVATION,2023-04-05T07:25,2023,MY,5.877157,117.94323,,Sabah,,PRESENT,CONTINENT_DERIVED_FROM_COORDINATES|COORDINATE_ROUNDED|TAXON_ID_NOT_FOUND,iNaturalist research-grade observations,50c9509d-22c7-4a22-a47d-8c48425ef4a7,http://creativecommons.org/licenses/by-nc/4.0/legalcode,https://www.gbif.org/occurrence/4091703676,True,False
fda8af86d9f86133bc0ece4a,mikania_micrantha,Mikania micrantha,Mikania micrantha Kunth,GBIF,4091762689,inat:155441905,HUMAN_OBSERVATION,2023-04-05T17:07,2023,MY,5.946763,116.046915,,Sabah,,PRESENT,CONTINENT_DERIVED_FROM_COORDINATES|COORDINATE_ROUNDED|TAXON_ID_NOT_FOUND,iNaturalist research-grade observations,50c9509d-22c7-4a22-a47d-8c48425ef4a7,http://creativecommons.org/licenses/by-nc/4.0/legalcode,https://www.gbif.org/occurrence/4091762689,True,False
65f86cb22806054f9392bc65,mikania_micrantha,Mikania micrantha,Mikania micrantha Kunth,GBIF,4091789676,inat:155441400,HUMAN_OBSERVATION,2023-04-05T07:26,2023,MY,5.877157,117.94323,,Sabah,,PRESENT,CONTINENT_DERIVED_FROM_COORDINATES|COORDINATE_ROUNDED|TAXON_ID_NOT_FOUND,iNaturalist research-grade observations,50c9509d-22c7-4a22-a47d-8c48425ef4a7,http://creativecommons.org/licenses/by-nc/4.0/legalcode,https://www.gbif.org/occurrence/4091789676,True,False
86ee04a548afcddacc1737e9,mikania_micrantha,Mikania micrantha,Mikania micrantha Kunth,GBIF,4102744328,inat:157475341,HUMAN_OBSERVATION,2023-04-29T14:00:23,2023,MY,3.173347,101.502144,,Selangor,,PRESENT,CONTINENT_DERIVED_FROM_COORDINATES|COORDINATE_ROUNDED|TAXON_ID_NOT_FOUND,iNaturalist research-grade observations,50c9509d-22c7-4a22-a47d-8c48425ef4a7,http://creativecommons.org/licenses/by-nc/4.0/legalcode,https://www.gbif.org/occurrence/4102744328,True,False
844ba19c3893566f90a1207c,mikania_micrantha,Mikania micrantha,Mikania micrantha Kunth,GBIF,4103256333,inat:157475226,HUMAN_OBSERVATION,2023-04-29T13:59:42,2023,MY,3.173353,101.502078,,Selangor,,PRESENT,CONTINENT_DERIVED_FROM_COORDINATES|COORDINATE_ROUNDED|TAXON_ID_NOT_FOUND,iNaturalist research-grade observations,50c9509d-22c7-4a22-a47d-8c48425ef4a7,http://creativecommons.org/licenses/by-nc/4.0/legalcode,https://www.gbif.org/occurrence/4103256333,True,False
2c923125b262357e6973a0d9,mikania_micrantha,Mikania micrantha,Mikania micrantha Kunth,GBIF,4111681284,inat:159792629,HUMAN_OBSERVATION,2023-05-05T11:38:45,2023,MY,3.037143,101.697057,6.0,Kuala Lumpur,,PRESENT,CONTINENT_DERIVED_FROM_COORDINATES|COORDINATE_ROUNDED|TAXON_ID_NOT_FOUND,iNaturalist research-grade observations,50c9509d-22c7-4a22-a47d-8c48425ef4a7,http://creativecommons.org/licenses/by-nc/4.0/legalcode,https://www.gbif.org/occurrence/4111681284,True,True
5d424b7fa2a34c4ee83ec529,mikania_micrantha,Mikania micrantha,Mikania micrantha Kunth,GBIF,4127180429,inat:164583364,HUMAN_OBSERVATION,2023-05-30T13:36:34,2023,MY,2.896636,101.664212,19.0,Putrajaya,,PRESENT,CONTINENT_DERIVED_FROM_COORDINATES|COORDINATE_ROUNDED|TAXON_ID_NOT_FOUND,iNaturalist research-grade observations,50c9509d-22c7-4a22-a47d-8c48425ef4a7,http://creativecommons.org/licenses/by-nc/4.0/legalcode,https://www.gbif.org/occurrence/4127180429,True,True
d91c9522c7937ad75a8d1ea7,mikania_micrantha,Mikania micrantha,Mikania micrantha Kunth,GBIF,4127215932,inat:163587623,HUMAN_OBSERVATION,2023-05-25T10:27:03,2023,MY,2.962144,101.695654,5.0,Selangor,,PRESENT,CONTINENT_DERIVED_FROM_COORDINATES|COORDINATE_ROUNDED|TAXON_ID_NOT_FOUND,iNaturalist research-grade observations,50c9509d-22c7-4a22-a47d-8c48425ef4a7,http://creativecommons.org/licenses/by-nc/4.0/legalcode,https://www.gbif.org/occurrence/4127215932,True,True
6cbca289e5338b97e69efabe,mikania_micrantha,Mikania micrantha,Mikania micrantha Kunth,GBIF,4127244930,inat:163746853,HUMAN_OBSERVATION,2023-05-26T09:42:06,2023,MY,3.292942,101.73008,7.0,Selangor,,PRESENT,CONTINENT_DERIVED_FROM_COORDINATES|COORDINATE_ROUNDED|TAXON_ID_NOT_FOUND,iNaturalist research-grade observations,50c9509d-22c7-4a22-a47d-8c48425ef4a7,http://creativecommons.org/licenses/by-nc/4.0/legalcode,https://www.gbif.org/occurrence/4127244930,True,True
466a73c5f091c00400fc889c,mikania_micrantha,Mikania micrantha,Mikania micrantha Kunth,GBIF,4129792700,inat:164767671,HUMAN_OBSERVATION,2023-05-31T15:13:13,2023,MY,2.923183,101.703012,5.0,Putrajaya,,PRESENT,CONTINENT_DERIVED_FROM_COORDINATES|COORDINATE_ROUNDED|TAXON_ID_NOT_FOUND,iNaturalist research-grade observations,50c9509d-22c7-4a22-a47d-8c48425ef4a7,http://creativecommons.org/licenses/by-nc/4.0/legalcode,https://www.gbif.org/occurrence/4129792700,True,True
a699585fcf2e7c0eaabd8667,mikania_micrantha,Mikania micrantha,Mikania micrantha Kunth,GBIF,4137636780,inat:162402664,HUMAN_OBSERVATION,2023-05-19T08:44:50,2023,MY,3.294763,101.73082,6.0,Selangor,,PRESENT,CONTINENT_DERIVED_FROM_COORDINATES|COORDINATE_ROUNDED|TAXON_ID_NOT_FOUND,iNaturalist research-grade observations,50c9509d-22c7-4a22-a47d-8c48425ef4a7,http://creativecommons.org/licenses/by-nc/4.0/legalcode,https://www.gbif.org/occurrence/4137636780,True,True
8072b478efddbb6864393104,mikania_micrantha,Mikania micrantha,Mikania micrantha Kunth,GBIF,4137663907,inat:159792260,HUMAN_OBSERVATION,2023-05-05T11:35:27,2023,MY,3.036958,101.697186,6.0,Kuala Lumpur,,PRESENT,CONTINENT_DERIVED_FROM_COORDINATES|COORDINATE_ROUNDED|TAXON_ID_NOT_FOUND,iNaturalist research-grade observations,50c9509d-22c7-4a22-a47d-8c48425ef4a7,http://creativecommons.org/licenses/by-nc/4.0/legalcode,https://www.gbif.org/occurrence/4137663907,True,True
b3cb9fa700dd52d79fb55af5,mikania_micrantha,Mikania micrantha,Mikania micrantha Kunth,GBIF,4137695639,inat:162400909,HUMAN_OBSERVATION,2023-05-19T08:43:28,2023,MY,3.294732,101.73078,5.0,Selangor,,PRESENT,CONTINENT_DERIVED_FROM_COORDINATES|COORDINATE_ROUNDED|TAXON_ID_NOT_FOUND,iNaturalist research-grade observations,50c9509d-22c7-4a22-a47d-8c48425ef4a7,http://creativecommons.org/licenses/by-nc/4.0/legalcode,https://www.gbif.org/occurrence/4137695639,True,True
a39ff2f58323d41f148eb7ed,mikania_micrantha,Mikania micrantha,Mikania micrantha Kunth,GBIF,4138131901,inat:162261037,HUMAN_OBSERVATION,2023-05-18T15:27:35,2023,MY,2.970079,101.695107,4.0,Selangor,,PRESENT,CONTINENT_DERIVED_FROM_COORDINATES|COORDINATE_ROUNDED|TAXON_ID_NOT_FOUND,iNaturalist research-grade observations,50c9509d-22c7-4a22-a47d-8c48425ef4a7,http://creativecommons.org/licenses/by-nc/4.0/legalcode,https://www.gbif.org/occurrence/4138131901,True,True
238e6dca57d3e9c3b5b68418,mikania_micrantha,Mikania micrantha,Mikania micrantha Kunth,GBIF,4405390547,inat:180220353,HUMAN_OBSERVATION,2023-08-26T09:40:35,2023,MY,5.357412,100.3069,4.0,Pulau Pinang,,PRESENT,CONTINENT_DERIVED_FROM_COORDINATES|COORDINATE_ROUNDED|TAXON_ID_NOT_FOUND,iNaturalist research-grade observations,50c9509d-22c7-4a22-a47d-8c48425ef4a7,http://creativecommons.org/licenses/by-nc/4.0/legalcode,https://www.gbif.org/occurrence/4405390547,True,True
2cbba8c8509a02cbc2fa14a9,mikania_micrantha,Mikania micrantha,Mikania micrantha Kunth,GBIF,4424500095,inat:186972609,HUMAN_OBSERVATION,2023-10-10T17:38:44,2023,MY,2.938159,101.723139,6.0,Selangor,,PRESENT,CONTINENT_DERIVED_FROM_COORDINATES|COORDINATE_ROUNDED|TAXON_ID_NOT_FOUND,iNaturalist research-grade observations,50c9509d-22c7-4a22-a47d-8c48425ef4a7,http://creativecommons.org/licenses/by-nc/4.0/legalcode,https://www.gbif.org/occurrence/4424500095,True,True
c0ba5130c8fada5264831192,mikania_micrantha,Mikania micrantha,Mikania micrantha Kunth,GBIF,4440683023,inat:190549744,HUMAN_OBSERVATION,2023-10-16T17:22:08,2023,MY,2.959028,101.666274,152.0,Selangor,,PRESENT,CONTINENT_DERIVED_FROM_COORDINATES|COORDINATE_ROUNDED|TAXON_ID_NOT_FOUND,iNaturalist research-grade observations,50c9509d-22c7-4a22-a47d-8c48425ef4a7,http://creativecommons.org/licenses/by-nc/4.0/legalcode,https://www.gbif.org/occurrence/4440683023,True,True
eedbbf944d7f0367a7e9ec2e,mikania_micrantha,Mikania micrantha,Mikania micrantha Kunth,GBIF,4465390879,inat:163909807,HUMAN_OBSERVATION,2023-05-26T10:12,2023,MY,2.882906,101.793114,16.0,Selangor,,PRESENT,CONTINENT_DERIVED_FROM_COORDINATES|COORDINATE_ROUNDED|TAXON_ID_NOT_FOUND,iNaturalist research-grade observations,50c9509d-22c7-4a22-a47d-8c48425ef4a7,http://creativecommons.org/licenses/by-nc/4.0/legalcode,https://www.gbif.org/occurrence/4465390879,True,True
4bcc3a88fbc5571054a48515,mikania_micrantha,Mikania micrantha,Mikania micrantha Kunth,GBIF,4465396791,inat:157570267,HUMAN_OBSERVATION,2023-04-29T14:43:25,2023,MY,1.572022,110.299717,5.0,Sarawak,,PRESENT,CONTINENT_DERIVED_FROM_COORDINATES|COORDINATE_ROUNDED|TAXON_ID_NOT_FOUND,iNaturalist research-grade observations,50c9509d-22c7-4a22-a47d-8c48425ef4a7,http://creativecommons.org/licenses/by-nc/4.0/legalcode,https://www.gbif.org/occurrence/4465396791,True,True
bd4c6238324a23d3dbcb2577,mikania_micrantha,Mikania micrantha,Mikania micrantha Kunth,GBIF,4465400262,inat:189912264,HUMAN_OBSERVATION,2023-11-04T09:49:42,2023,MY,1.454661,103.901131,4.0,Johor,,PRESENT,CONTINENT_DERIVED_FROM_COORDINATES|COORDINATE_ROUNDED|TAXON_ID_NOT_FOUND,iNaturalist research-grade observations,50c9509d-22c7-4a22-a47d-8c48425ef4a7,http://creativecommons.org/licenses/by-nc/4.0/legalcode,https://www.gbif.org/occurrence/4465400262,True,True
f50d86a8fe10d4ab524baa88,mikania_micrantha,Mikania micrantha,Mikania micrantha Kunth,GBIF,4465470379,inat:191738362,HUMAN_OBSERVATION,2023-10-16T14:16,2023,MY,6.050667,116.45565,,Sabah,,PRESENT,CONTINENT_DERIVED_FROM_COORDINATES|COORDINATE_ROUNDED|TAXON_ID_NOT_FOUND,iNaturalist research-grade observations,50c9509d-22c7-4a22-a47d-8c48425ef4a7,http://creativecommons.org/licenses/by-nc/4.0/legalcode,https://www.gbif.org/occurrence/4465470379,True,False
6c44da1d95b19ae43d39e6fa,mikania_micrantha,Mikania micrantha,Mikania micrantha Kunth,GBIF,4465577855,inat:163619058,HUMAN_OBSERVATION,2023-05-25T17:10:22,2023,MY,2.928044,101.700523,4.0,Putrajaya,,PRESENT,CONTINENT_DERIVED_FROM_COORDINATES|COORDINATE_ROUNDED|TAXON_ID_NOT_FOUND,iNaturalist research-grade observations,50c9509d-22c7-4a22-a47d-8c48425ef4a7,http://creativecommons.org/licenses/by-nc/4.0/legalcode,https://www.gbif.org/occurrence/4465577855,True,True
3455d3f9c96f81b6972bf80d,mikania_micrantha,Mikania micrantha,Mikania micrantha Kunth,GBIF,4465612091,inat:184344819,HUMAN_OBSERVATION,2023-09-22T09:52:09,2023,MY,2.941202,101.670218,6.0,Putrajaya,,PRESENT,CONTINENT_DERIVED_FROM_COORDINATES|COORDINATE_ROUNDED|TAXON_ID_NOT_FOUND,iNaturalist research-grade observations,50c9509d-22c7-4a22-a47d-8c48425ef4a7,http://creativecommons.org/licenses/by-nc/4.0/legalcode,https://www.gbif.org/occurrence/4465612091,True,True
d77e7fa0c3aed7afe00695c0,mikania_micrantha,Mikania micrantha,Mikania micrantha Kunth,GBIF,4506478394,inat:193365005,HUMAN_OBSERVATION,2023-12-08T14:21:04,2023,MY,3.145636,101.688399,3.0,Kuala Lumpur,,PRESENT,CONTINENT_DERIVED_FROM_COORDINATES|COORDINATE_ROUNDED|TAXON_ID_NOT_FOUND,iNaturalist research-grade observations,50c9509d-22c7-4a22-a47d-8c48425ef4a7,http://creativecommons.org/licenses/by-nc/4.0/legalcode,https://www.gbif.org/occurrence/4506478394,True,True
61bc17da519a88d106fe5c91,mikania_micrantha,Mikania micrantha,Mikania micrantha Kunth,GBIF,4512123575,inat:195751144,HUMAN_OBSERVATION,2024-01-04T09:59:51,2024,MY,3.180145,101.706493,,Kuala Lumpur,,PRESENT,CONTINENT_DERIVED_FROM_COORDINATES|COORDINATE_ROUNDED|TAXON_ID_NOT_FOUND,iNaturalist research-grade observations,50c9509d-22c7-4a22-a47d-8c48425ef4a7,http://creativecommons.org/licenses/by-nc/4.0/legalcode,https://www.gbif.org/occurrence/4512123575,True,False
d0d728893d376d59274a5c87,mikania_micrantha,Mikania micrantha,Mikania micrantha Kunth,GBIF,4512137010,inat:190749212,HUMAN_OBSERVATION,2023-11-12T10:46:30,2023,MY,2.941727,101.694198,,Selangor,,PRESENT,CONTINENT_DERIVED_FROM_COORDINATES|COORDINATE_ROUNDED|TAXON_ID_NOT_FOUND,iNaturalist research-grade observations,50c9509d-22c7-4a22-a47d-8c48425ef4a7,http://creativecommons.org/licenses/by-nc/4.0/legalcode,https://www.gbif.org/occurrence/4512137010,True,False
9929da8c72afa3df5cdba875,mikania_micrantha,Mikania micrantha,Mikania micrantha Kunth,GBIF,4512200160,inat:180445332,HUMAN_OBSERVATION,2023-08-26T09:46:04,2023,MY,5.357392,100.30687,4.0,Pulau Pinang,,PRESENT,CONTINENT_DERIVED_FROM_COORDINATES|COORDINATE_ROUNDED|TAXON_ID_NOT_FOUND,iNaturalist research-grade observations,50c9509d-22c7-4a22-a47d-8c48425ef4a7,http://creativecommons.org/licenses/by-nc/4.0/legalcode,https://www.gbif.org/occurrence/4512200160,True,True
d494f16fa2a959fc982107e8,mikania_micrantha,Mikania micrantha,Mikania micrantha Kunth,GBIF,4512286448,inat:196481721,HUMAN_OBSERVATION,2023-05-03T09:49,2023,MY,1.690377,109.846007,,Sarawak,,PRESENT,CONTINENT_DERIVED_FROM_COORDINATES|COORDINATE_ROUNDED|TAXON_ID_NOT_FOUND,iNaturalist research-grade observations,50c9509d-22c7-4a22-a47d-8c48425ef4a7,http://creativecommons.org/licenses/by-nc/4.0/legalcode,https://www.gbif.org/occurrence/4512286448,True,False
b2ab91540a53bc0f498806c0,mikania_micrantha,Mikania micrantha,Mikania micrantha Kunth,GBIF,4516253698,inat:189912616,HUMAN_OBSERVATION,2023-11-04T09:50:30,2023,MY,1.453255,103.900618,89.0,Johor,,PRESENT,CONTINENT_DERIVED_FROM_COORDINATES|COORDINATE_ROUNDED|TAXON_ID_NOT_FOUND,iNaturalist research-grade observations,50c9509d-22c7-4a22-a47d-8c48425ef4a7,http://creativecommons.org/licenses/by-nc/4.0/legalcode,https://www.gbif.org/occurrence/4516253698,True,True
bcfecd85a52ddbc5a05108b9,mikania_micrantha,Mikania micrantha,Mikania micrantha Kunth,GBIF,4910956491,inat:229833445,HUMAN_OBSERVATION,2024-07-17T11:34:30,2024,MY,5.432035,116.441355,4.0,Sabah,,PRESENT,CONTINENT_DERIVED_FROM_COORDINATES|COORDINATE_ROUNDED|TAXON_ID_NOT_FOUND,iNaturalist research-grade observations,50c9509d-22c7-4a22-a47d-8c48425ef4a7,http://creativecommons.org/licenses/by-nc/4.0/legalcode,https://www.gbif.org/occurrence/4910956491,True,True
6859ec5c71da50df8a7227cb,mikania_micrantha,Mikania micrantha,Mikania micrantha Kunth,GBIF,4935832489,inat:78038909,HUMAN_OBSERVATION,2021-05-09T18:14:25,2021,MY,4.176858,103.409103,10.0,Pahang,,PRESENT,CONTINENT_DERIVED_FROM_COORDINATES|COORDINATE_ROUNDED|TAXON_ID_NOT_FOUND,iNaturalist research-grade observations,50c9509d-22c7-4a22-a47d-8c48425ef4a7,http://creativecommons.org/licenses/by-nc/4.0/legalcode,https://www.gbif.org/occurrence/4935832489,True,True
d7ff3778eb6f3fefb08e469e,mikania_micrantha,Mikania micrantha,Mikania micrantha Kunth,GBIF,4936136124,inat:223011520,HUMAN_OBSERVATION,2024-06-16T11:29:54,2024,MY,3.779703,101.455778,8.0,Perak,,PRESENT,CONTINENT_DERIVED_FROM_COORDINATES|COORDINATE_ROUNDED|TAXON_ID_NOT_FOUND,iNaturalist research-grade observations,50c9509d-22c7-4a22-a47d-8c48425ef4a7,http://creativecommons.org/licenses/by-nc/4.0/legalcode,https://www.gbif.org/occurrence/4936136124,True,True
9c66290b557281a16494065b,mikania_micrantha,Mikania micrantha,Mikania micrantha Kunth,GBIF,4936208447,inat:75834360,HUMAN_OBSERVATION,2021-04-18T08:05:18,2021,MY,2.266358,102.15834,,Melaka,,PRESENT,CONTINENT_DERIVED_FROM_COORDINATES|COORDINATE_ROUNDED|TAXON_ID_NOT_FOUND,iNaturalist research-grade observations,50c9509d-22c7-4a22-a47d-8c48425ef4a7,http://creativecommons.org/licenses/by-nc/4.0/legalcode,https://www.gbif.org/occurrence/4936208447,True,False
287845b635e54ac093e86729,mikania_micrantha,Mikania micrantha,Mikania micrantha Kunth,GBIF,4936233385,inat:75778603,HUMAN_OBSERVATION,2021-04-30T18:11:44,2021,MY,3.039638,101.795144,19.0,Selangor,,PRESENT,CONTINENT_DERIVED_FROM_COORDINATES|COORDINATE_ROUNDED|TAXON_ID_NOT_FOUND,iNaturalist research-grade observations,50c9509d-22c7-4a22-a47d-8c48425ef4a7,http://creativecommons.org/licenses/by-nc/4.0/legalcode,https://www.gbif.org/occurrence/4936233385,True,True
dacc86c62390530e1fb030a5,mikania_micrantha,Mikania micrantha,Mikania micrantha Kunth,GBIF,4936374121,inat:211465081,HUMAN_OBSERVATION,2024-04-29T15:51:27,2024,MY,3.14645,101.616408,14.0,Kuala Lumpur,,PRESENT,CONTINENT_DERIVED_FROM_COORDINATES|COORDINATE_ROUNDED|TAXON_ID_NOT_FOUND,iNaturalist research-grade observations,50c9509d-22c7-4a22-a47d-8c48425ef4a7,http://creativecommons.org/publicdomain/zero/1.0/legalcode,https://www.gbif.org/occurrence/4936374121,True,True
08fa2684f12028fa09f4da53,mikania_micrantha,Mikania micrantha,Mikania micrantha Kunth,GBIF,4936404793,inat:77761293,HUMAN_OBSERVATION,2021-05-02T11:56Z,2021,MY,1.280653,103.5102,6.0,Johor,,PRESENT,CONTINENT_DERIVED_FROM_COORDINATES|COORDINATE_ROUNDED|TAXON_ID_NOT_FOUND,iNaturalist research-grade observations,50c9509d-22c7-4a22-a47d-8c48425ef4a7,http://creativecommons.org/licenses/by-nc/4.0/legalcode,https://www.gbif.org/occurrence/4936404793,True,True
e4a2054239803d7c63d68ae7,mikania_micrantha,Mikania micrantha,Mikania micrantha Kunth,GBIF,4936551673,inat:218333199,HUMAN_OBSERVATION,2024-05-26T18:06:43,2024,MY,3.841048,101.297089,7.0,Perak,,PRESENT,CONTINENT_DERIVED_FROM_COORDINATES|COORDINATE_ROUNDED|TAXON_ID_NOT_FOUND,iNaturalist research-grade observations,50c9509d-22c7-4a22-a47d-8c48425ef4a7,http://creativecommons.org/licenses/by-nc/4.0/legalcode,https://www.gbif.org/occurrence/4936551673,True,True
5dd8c52a399b4e63b75b9358,mikania_micrantha,Mikania micrantha,Mikania micrantha Kunth,GBIF,4936597995,inat:216289906,HUMAN_OBSERVATION,2018-11-24T10:37,2018,MY,5.972046,116.081603,250.0,Sabah,,PRESENT,CONTINENT_DERIVED_FROM_COORDINATES|COORDINATE_ROUNDED|TAXON_ID_NOT_FOUND,iNaturalist research-grade observations,50c9509d-22c7-4a22-a47d-8c48425ef4a7,http://creativecommons.org/licenses/by-nc/4.0/legalcode,https://www.gbif.org/occurrence/4936597995,True,True
20007b9ac4792e3aafe78171,mikania_micrantha,Mikania micrantha,Mikania micrantha Kunth,GBIF,4936601604,inat:220385707,HUMAN_OBSERVATION,2024-06-03,2024,MY,4.082684,101.795809,4.0,Pahang,,PRESENT,CONTINENT_DERIVED_FROM_COORDINATES|COORDINATE_ROUNDED|TAXON_ID_NOT_FOUND,iNaturalist research-grade observations,50c9509d-22c7-4a22-a47d-8c48425ef4a7,http://creativecommons.org/licenses/by-nc/4.0/legalcode,https://www.gbif.org/occurrence/4936601604,True,True
f5112bbc22a21fdb4f00f950,mikania_micrantha,Mikania micrantha,Mikania micrantha Kunth,GBIF,4936606992,inat:227994445,HUMAN_OBSERVATION,2023-09-23T15:03,2023,MY,3.417196,101.843371,,Pahang,,PRESENT,CONTINENT_DERIVED_FROM_COORDINATES|COORDINATE_ROUNDED|TAXON_ID_NOT_FOUND,iNaturalist research-grade observations,50c9509d-22c7-4a22-a47d-8c48425ef4a7,http://creativecommons.org/licenses/by-nc/4.0/legalcode,https://www.gbif.org/occurrence/4936606992,True,False
2465db9e24d130577a258176,mikania_micrantha,Mikania micrantha,Mikania micrantha Kunth,GBIF,4936628530,inat:224886745,HUMAN_OBSERVATION,2024-06-24T17:23,2024,MY,3.841143,101.297051,5.0,Perak,,PRESENT,CONTINENT_DERIVED_FROM_COORDINATES|COORDINATE_ROUNDED|TAXON_ID_NOT_FOUND,iNaturalist research-grade observations,50c9509d-22c7-4a22-a47d-8c48425ef4a7,http://creativecommons.org/licenses/by-nc/4.0/legalcode,https://www.gbif.org/occurrence/4936628530,True,True
fc411408bfa832bb39442a92,mikania_micrantha,Mikania micrantha,Mikania micrantha Kunth,GBIF,4936638708,inat:229582506,HUMAN_OBSERVATION,2023-09-23T09:23,2023,MY,3.419135,101.842165,,Pahang,,PRESENT,CONTINENT_DERIVED_FROM_COORDINATES|COORDINATE_ROUNDED|TAXON_ID_NOT_FOUND,iNaturalist research-grade observations,50c9509d-22c7-4a22-a47d-8c48425ef4a7,http://creativecommons.org/licenses/by-nc/4.0/legalcode,https://www.gbif.org/occurrence/4936638708,True,False
fcc74beec75eafc3e85a3891,mikania_micrantha,Mikania micrantha,Mikania micrantha Kunth,GBIF,4936830579,inat:76089293,HUMAN_OBSERVATION,2021-05-01T18:25:01,2021,MY,1.555821,103.638458,214.0,Johor,,PRESENT,CONTINENT_DERIVED_FROM_COORDINATES|COORDINATE_ROUNDED|TAXON_ID_NOT_FOUND,iNaturalist research-grade observations,50c9509d-22c7-4a22-a47d-8c48425ef4a7,http://creativecommons.org/licenses/by-nc/4.0/legalcode,https://www.gbif.org/occurrence/4936830579,True,True
cee573069ac3e0ca9748edb5,mikania_micrantha,Mikania micrantha,Mikania micrantha Kunth,GBIF,4937050331,inat:73511681,HUMAN_OBSERVATION,2021-03-27T08:27Z,2021,MY,5.354448,100.297831,30.0,Pulau Pinang,,PRESENT,CONTINENT_DERIVED_FROM_COORDINATES|COORDINATE_ROUNDED|TAXON_ID_NOT_FOUND,iNaturalist research-grade observations,50c9509d-22c7-4a22-a47d-8c48425ef4a7,http://creativecommons.org/licenses/by-nc/4.0/legalcode,https://www.gbif.org/occurrence/4937050331,True,True
a8b9eb424720478902f53e57,mikania_micrantha,Mikania micrantha,Mikania micrantha Kunth,GBIF,4937115981,inat:229582497,HUMAN_OBSERVATION,2023-09-25T13:03,2023,MY,3.210649,101.758995,,Selangor,,PRESENT,CONTINENT_DERIVED_FROM_COORDINATES|COORDINATE_ROUNDED|TAXON_ID_NOT_FOUND,iNaturalist research-grade observations,50c9509d-22c7-4a22-a47d-8c48425ef4a7,http://creativecommons.org/licenses/by-nc/4.0/legalcode,https://www.gbif.org/occurrence/4937115981,True,False
2c15be1d19b038f9fe49b066,mikania_micrantha,Mikania micrantha,Mikania micrantha Kunth,GBIF,4974174762,inat:247589466,HUMAN_OBSERVATION,2024-10-16T10:49,2024,MY,3.05537,101.817552,210.0,Selangor,,PRESENT,CONTINENT_DERIVED_FROM_COORDINATES|COORDINATE_ROUNDED|TAXON_ID_NOT_FOUND,iNaturalist research-grade observations,50c9509d-22c7-4a22-a47d-8c48425ef4a7,http://creativecommons.org/licenses/by-nc/4.0/legalcode,https://www.gbif.org/occurrence/4974174762,True,True
decd6ddcadd1ed0becb1d3d9,mikania_micrantha,Mikania micrantha,Mikania micrantha Kunth,GBIF,4978578773,inat:248011332,HUMAN_OBSERVATION,2024-10-19T08:46,2024,MY,3.024758,101.696331,,Selangor,,PRESENT,CONTINENT_DERIVED_FROM_COORDINATES|COORDINATE_ROUNDED|TAXON_ID_NOT_FOUND,iNaturalist research-grade observations,50c9509d-22c7-4a22-a47d-8c48425ef4a7,http://creativecommons.org/licenses/by/4.0/legalcode,https://www.gbif.org/occurrence/4978578773,True,False
3526a1621a89f88aed385391,mikania_micrantha,Mikania micrantha,Mikania micrantha Kunth,GBIF,4982219094,inat:252236229,HUMAN_OBSERVATION,2024-11-19T11:10:34,2024,MY,3.173132,101.500819,,Selangor,,PRESENT,CONTINENT_DERIVED_FROM_COORDINATES|COORDINATE_ROUNDED|TAXON_ID_NOT_FOUND,iNaturalist research-grade observations,50c9509d-22c7-4a22-a47d-8c48425ef4a7,http://creativecommons.org/licenses/by-nc/4.0/legalcode,https://www.gbif.org/occurrence/4982219094,True,False
83e5c7bd6fad52c4b3e3f1c1,mikania_micrantha,Mikania micrantha,Mikania micrantha Kunth,GBIF,5006923585,inat:158655744,HUMAN_OBSERVATION,2023-05-01T15:09:08,2023,MY,1.561866,103.6555,215.0,Johor,,PRESENT,CONTINENT_DERIVED_FROM_COORDINATES|COORDINATE_ROUNDED|TAXON_ID_NOT_FOUND,iNaturalist research-grade observations,50c9509d-22c7-4a22-a47d-8c48425ef4a7,http://creativecommons.org/licenses/by-nc/4.0/legalcode,https://www.gbif.org/occurrence/5006923585,True,True
5cc9ab6f4617cb8477920aa8,mikania_micrantha,Mikania micrantha,Mikania micrantha Kunth,GBIF,5007965994,inat:157935244,HUMAN_OBSERVATION,2023-04-30T11:53:50,2023,MY,1.55671,103.634278,8.0,Johor,,PRESENT,CONTINENT_DERIVED_FROM_COORDINATES|COORDINATE_ROUNDED|TAXON_ID_NOT_FOUND,iNaturalist research-grade observations,50c9509d-22c7-4a22-a47d-8c48425ef4a7,http://creativecommons.org/licenses/by-nc/4.0/legalcode,https://www.gbif.org/occurrence/5007965994,True,True
d7a1a3548883ff374f8b6749,mikania_micrantha,Mikania micrantha,Mikania micrantha Kunth,GBIF,5007969035,inat:157935003,HUMAN_OBSERVATION,2023-04-30T11:53:21,2023,MY,1.557656,103.633967,35.0,Johor,,PRESENT,CONTINENT_DERIVED_FROM_COORDINATES|COORDINATE_ROUNDED|TAXON_ID_NOT_FOUND,iNaturalist research-grade observations,50c9509d-22c7-4a22-a47d-8c48425ef4a7,http://creativecommons.org/licenses/by-nc/4.0/legalcode,https://www.gbif.org/occurrence/5007969035,True,True
06676f79037ec5fa4fb6483b,mikania_micrantha,Mikania micrantha,Mikania micrantha Kunth,GBIF,5007969711,inat:157935105,HUMAN_OBSERVATION,2023-04-30T11:53:49,2023,MY,1.556541,103.634186,7.0,Johor,,PRESENT,CONTINENT_DERIVED_FROM_COORDINATES|COORDINATE_ROUNDED|TAXON_ID_NOT_FOUND,iNaturalist research-grade observations,50c9509d-22c7-4a22-a47d-8c48425ef4a7,http://creativecommons.org/licenses/by-nc/4.0/legalcode,https://www.gbif.org/occurrence/5007969711,True,True
00d64382fad85cb63a83c69a,mikania_micrantha,Mikania micrantha,Mikania micrantha Kunth,GBIF,5086856163,inat:101067703,HUMAN_OBSERVATION,2021-11-14T12:14:23,2021,MY,1.540872,110.350228,4.0,Sarawak,,PRESENT,CONTINENT_DERIVED_FROM_COORDINATES|COORDINATE_ROUNDED|TAXON_ID_NOT_FOUND,iNaturalist research-grade observations,50c9509d-22c7-4a22-a47d-8c48425ef4a7,http://creativecommons.org/licenses/by-nc/4.0/legalcode,https://www.gbif.org/occurrence/5086856163,True,True
fe953b0f5fe031d07610cec1,mikania_micrantha,Mikania micrantha,Mikania micrantha Kunth,GBIF,5086884766,inat:68367027,HUMAN_OBSERVATION,2021-01-20T22:11,2021,MY,1.845653,103.070659,8.0,Johor,,PRESENT,CONTINENT_DERIVED_FROM_COORDINATES|COORDINATE_ROUNDED|TAXON_ID_NOT_FOUND,iNaturalist research-grade observations,50c9509d-22c7-4a22-a47d-8c48425ef4a7,http://creativecommons.org/licenses/by-nc/4.0/legalcode,https://www.gbif.org/occurrence/5086884766,True,True
8366ef32673e093f2079733b,mikania_micrantha,Mikania micrantha,Mikania micrantha Kunth,GBIF,5086897781,inat:75281801,HUMAN_OBSERVATION,2021-04-23T09:33:44,2021,MY,3.146405,101.495491,90.0,Selangor,,PRESENT,CONTINENT_DERIVED_FROM_COORDINATES|COORDINATE_ROUNDED|TAXON_ID_NOT_FOUND,iNaturalist research-grade observations,50c9509d-22c7-4a22-a47d-8c48425ef4a7,http://creativecommons.org/licenses/by-nc/4.0/legalcode,https://www.gbif.org/occurrence/5086897781,True,True
a64582f7ebee35667230adf2,mikania_micrantha,Mikania micrantha,Mikania micrantha Kunth,GBIF,5086930018,inat:160509427,HUMAN_OBSERVATION,2023-05-07T13:34,2023,MY,4.484586,114.029559,207.0,Sarawak,,PRESENT,CONTINENT_DERIVED_FROM_COORDINATES|COORDINATE_ROUNDED|TAXON_ID_NOT_FOUND,iNaturalist research-grade observations,50c9509d-22c7-4a22-a47d-8c48425ef4a7,http://creativecommons.org/licenses/by-nc/4.0/legalcode,https://www.gbif.org/occurrence/5086930018,True,True
44c86ad408ed388554e7775d,mikania_micrantha,Mikania micrantha,Mikania micrantha Kunth,GBIF,5086935935,inat:162333580,HUMAN_OBSERVATION,2023-03-15T16:50,2023,MY,2.28034,112.977373,,Sarawak,,PRESENT,CONTINENT_DERIVED_FROM_COORDINATES|COORDINATE_ROUNDED|TAXON_ID_NOT_FOUND,iNaturalist research-grade observations,50c9509d-22c7-4a22-a47d-8c48425ef4a7,http://creativecommons.org/licenses/by-nc/4.0/legalcode,https://www.gbif.org/occurrence/5086935935,True,False
47ab40c1f16f47442c011648,mikania_micrantha,Mikania micrantha,Mikania micrantha Kunth,GBIF,5086969695,inat:142258306,HUMAN_OBSERVATION,2022-11-13T16:05:10,2022,MY,3.151461,101.740947,22.0,Kuala Lumpur,,PRESENT,CONTINENT_DERIVED_FROM_COORDINATES|COORDINATE_ROUNDED|TAXON_ID_NOT_FOUND,iNaturalist research-grade observations,50c9509d-22c7-4a22-a47d-8c48425ef4a7,http://creativecommons.org/licenses/by/4.0/legalcode,https://www.gbif.org/occurrence/5086969695,True,True
ce230e8394b695e0294b69a6,mikania_micrantha,Mikania micrantha,Mikania micrantha Kunth,GBIF,5086973357,inat:115280933,HUMAN_OBSERVATION,2022-04-30T10:50:43,2022,MY,1.470362,103.729753,3.0,Johor,,PRESENT,CONTINENT_DERIVED_FROM_COORDINATES|COORDINATE_ROUNDED|TAXON_ID_NOT_FOUND,iNaturalist research-grade observations,50c9509d-22c7-4a22-a47d-8c48425ef4a7,http://creativecommons.org/licenses/by-nc/4.0/legalcode,https://www.gbif.org/occurrence/5086973357,True,True
1ab7b813f7b342f94e934623,mikania_micrantha,Mikania micrantha,Mikania micrantha Kunth,GBIF,5086992427,inat:185235331,HUMAN_OBSERVATION,2023-09-28T11:38:44,2023,MY,2.961982,101.695124,32.0,Selangor,,PRESENT,CONTINENT_DERIVED_FROM_COORDINATES|COORDINATE_ROUNDED|TAXON_ID_NOT_FOUND,iNaturalist research-grade observations,50c9509d-22c7-4a22-a47d-8c48425ef4a7,http://creativecommons.org/licenses/by-nc/4.0/legalcode,https://www.gbif.org/occurrence/5086992427,True,True
1406022a2caf8c5a5f46f115,mikania_micrantha,Mikania micrantha,Mikania micrantha Kunth,GBIF,5087016527,inat:196826946,HUMAN_OBSERVATION,2015-03-12T08:07,2015,MY,4.026723,114.805502,500.0,Sarawak,,PRESENT,CONTINENT_DERIVED_FROM_COORDINATES|TAXON_ID_NOT_FOUND,iNaturalist research-grade observations,50c9509d-22c7-4a22-a47d-8c48425ef4a7,http://creativecommons.org/licenses/by-nc/4.0/legalcode,https://www.gbif.org/occurrence/5087016527,True,True
cc73df89871fafbb5e5502c1,mikania_micrantha,Mikania micrantha,Mikania micrantha Kunth,GBIF,5087079300,inat:245892718,HUMAN_OBSERVATION,2024-07-07T10:41,2024,MY,2.942838,101.719328,,Selangor,,PRESENT,CONTINENT_DERIVED_FROM_COORDINATES|COORDINATE_ROUNDED|TAXON_ID_NOT_FOUND,iNaturalist research-grade observations,50c9509d-22c7-4a22-a47d-8c48425ef4a7,http://creativecommons.org/licenses/by-nc/4.0/legalcode,https://www.gbif.org/occurrence/5087079300,True,False
ae3573658108a4710c523466,mikania_micrantha,Mikania micrantha,Mikania micrantha Kunth,GBIF,5087114738,inat:257885820,HUMAN_OBSERVATION,2025-01-02T18:08,2025,MY,1.751878,110.315506,20.0,Sarawak,,PRESENT,CONTINENT_DERIVED_FROM_COORDINATES|COORDINATE_ROUNDED|TAXON_ID_NOT_FOUND,iNaturalist research-grade observations,50c9509d-22c7-4a22-a47d-8c48425ef4a7,http://creativecommons.org/licenses/by-nc/4.0/legalcode,https://www.gbif.org/occurrence/5087114738,True,True
1b2ebd72b217cc31bf97d64c,mikania_micrantha,Mikania micrantha,Mikania micrantha Kunth,GBIF,5087140653,inat:257901438,HUMAN_OBSERVATION,2025-01-01T15:40,2025,MY,1.751783,110.315925,16.0,Sarawak,,PRESENT,CONTINENT_DERIVED_FROM_COORDINATES|COORDINATE_ROUNDED|TAXON_ID_NOT_FOUND,iNaturalist research-grade observations,50c9509d-22c7-4a22-a47d-8c48425ef4a7,http://creativecommons.org/licenses/by-nc/4.0/legalcode,https://www.gbif.org/occurrence/5087140653,True,True
a7273b19c6cfc5e08b94c915,mikania_micrantha,Mikania micrantha,Mikania micrantha Kunth,GBIF,5087162399,inat:250567771,HUMAN_OBSERVATION,2024-10-20T15:58,2024,MY,1.75155,110.315805,,Sarawak,,PRESENT,CONTINENT_DERIVED_FROM_COORDINATES|TAXON_ID_NOT_FOUND,iNaturalist research-grade observations,50c9509d-22c7-4a22-a47d-8c48425ef4a7,http://creativecommons.org/licenses/by-nc/4.0/legalcode,https://www.gbif.org/occurrence/5087162399,True,False
5f1614492e4ed14e63eb1126,mikania_micrantha,Mikania micrantha,Mikania micrantha Kunth,GBIF,5087163055,inat:260689460,HUMAN_OBSERVATION,2025-02-05T13:34:20,2025,MY,2.94256,101.876062,208.0,Selangor,,PRESENT,CONTINENT_DERIVED_FROM_COORDINATES|COORDINATE_ROUNDED|TAXON_ID_NOT_FOUND,iNaturalist research-grade observations,50c9509d-22c7-4a22-a47d-8c48425ef4a7,http://creativecommons.org/licenses/by-nc/4.0/legalcode,https://www.gbif.org/occurrence/5087163055,True,True
a169ab4f2f96743c86689bd7,mikania_micrantha,Mikania micrantha,Mikania micrantha Kunth,GBIF,5087197933,inat:263159160,HUMAN_OBSERVATION,2025-02-19T11:32,2025,MY,3.150639,101.63495,50.0,Kuala Lumpur,,PRESENT,CONTINENT_DERIVED_FROM_COORDINATES|COORDINATE_ROUNDED|TAXON_ID_NOT_FOUND,iNaturalist research-grade observations,50c9509d-22c7-4a22-a47d-8c48425ef4a7,http://creativecommons.org/licenses/by/4.0/legalcode,https://www.gbif.org/occurrence/5087197933,True,True
fa65a401ad2d0d011ef9b85c,mikania_micrantha,Mikania micrantha,Mikania micrantha Kunth,GBIF,5087213503,inat:255675997,HUMAN_OBSERVATION,2024-12-13T12:56,2024,MY,4.049803,114.812507,6.0,Sarawak,,PRESENT,CONTINENT_DERIVED_FROM_COORDINATES|TAXON_ID_NOT_FOUND,iNaturalist research-grade observations,50c9509d-22c7-4a22-a47d-8c48425ef4a7,http://creativecommons.org/licenses/by-nc/4.0/legalcode,https://www.gbif.org/occurrence/5087213503,True,True
adf8ba47a04ab1bf399682b0,mikania_micrantha,Mikania micrantha,Mikania micrantha Kunth,GBIF,5087229589,inat:254625374,HUMAN_OBSERVATION,2024-12-09T11:46:37,2024,MY,5.614283,116.438447,4.0,Sabah,,PRESENT,CONTINENT_DERIVED_FROM_COORDINATES|COORDINATE_ROUNDED|TAXON_ID_NOT_FOUND,iNaturalist research-grade observations,50c9509d-22c7-4a22-a47d-8c48425ef4a7,http://creativecommons.org/licenses/by-nc/4.0/legalcode,https://www.gbif.org/occurrence/5087229589,True,True
95032ac5f0f79cd254899fde,mikania_micrantha,Mikania micrantha,Mikania micrantha Kunth,GBIF,5089821216,,PRESERVED_SPECIMEN,2004-11-29T00:00,2004,MY,1.2,110.3,,,"Kuching Division; area of padawan, Bukit Manok, karst limestone hills above Sg. Serin, 3 km from Kampong Gayu, 9 km from Junction of road to Kampong Bengoh, along Sg. Serin.",PRESENT,CONTINENT_DERIVED_FROM_COORDINATES|COORDINATE_ROUNDED|GEODETIC_DATUM_ASSUMED_WGS84|INSTITUTION_COLLECTION_MISMATCH|INSTITUTION_MATCH_FUZZY,,cd6e21c8-9e8a-493a-8a76-fbf7862069e5,http://creativecommons.org/licenses/by/4.0/legalcode,https://www.gbif.org/occurrence/5089821216,True,False
f8e0b1275018730683e4e5d7,mikania_micrantha,Mikania micrantha,Mikania micrantha Kunth,GBIF,5108118057,inat:266971608,HUMAN_OBSERVATION,2025-03-26T05:43:35,2025,MY,3.126918,101.72297,,Kuala Lumpur,,PRESENT,CONTINENT_DERIVED_FROM_COORDINATES|COORDINATE_ROUNDED|TAXON_ID_NOT_FOUND,iNaturalist research-grade observations,50c9509d-22c7-4a22-a47d-8c48425ef4a7,http://creativecommons.org/licenses/by-nc/4.0/legalcode,https://www.gbif.org/occurrence/5108118057,True,False
36518d3d47d72f23184d0031,mikania_micrantha,Mikania micrantha,Mikania micrantha Kunth,GBIF,5133112646,inat:39793695,HUMAN_OBSERVATION,2020-02-28T13:27,2020,MY,2.84098,111.70338,447.0,Sarawak,,PRESENT,CONTINENT_DERIVED_FROM_COORDINATES|COORDINATE_ROUNDED|TAXON_ID_NOT_FOUND,iNaturalist research-grade observations,50c9509d-22c7-4a22-a47d-8c48425ef4a7,http://creativecommons.org/licenses/by-nc/4.0/legalcode,https://www.gbif.org/occurrence/5133112646,True,True
0d6a6b52ca1a0496d01ef538,mikania_micrantha,Mikania micrantha,Mikania micrantha Kunth,GBIF,5133298379,inat:99702858,HUMAN_OBSERVATION,2021-10-26T18:03:48,2021,MY,5.732418,102.467042,29.0,Trengganu,,PRESENT,CONTINENT_DERIVED_FROM_COORDINATES|COORDINATE_ROUNDED|TAXON_ID_NOT_FOUND,iNaturalist research-grade observations,50c9509d-22c7-4a22-a47d-8c48425ef4a7,http://creativecommons.org/licenses/by-nc/4.0/legalcode,https://www.gbif.org/occurrence/5133298379,True,True
b346c906e2cd3fb8c4c20d18,mikania_micrantha,Mikania micrantha,Mikania micrantha Kunth,GBIF,5134571102,inat:268996263,HUMAN_OBSERVATION,2025-04-05T15:12,2025,MY,4.450018,101.410058,,Pahang,,PRESENT,CONTINENT_DERIVED_FROM_COORDINATES|COORDINATE_ROUNDED|TAXON_ID_NOT_FOUND,iNaturalist research-grade observations,50c9509d-22c7-4a22-a47d-8c48425ef4a7,http://creativecommons.org/licenses/by-nc/4.0/legalcode,https://www.gbif.org/occurrence/5134571102,True,False
16d82decec3d8d5f1d548501,mikania_micrantha,Mikania micrantha,Mikania micrantha Kunth,GBIF,5205891470,inat:271617072,HUMAN_OBSERVATION,2025-04-20T11:37:51,2025,MY,3.457354,101.990309,,Pahang,,PRESENT,CONTINENT_DERIVED_FROM_COORDINATES|COORDINATE_ROUNDED|TAXON_ID_NOT_FOUND,iNaturalist research-grade observations,50c9509d-22c7-4a22-a47d-8c48425ef4a7,http://creativecommons.org/licenses/by-nc/4.0/legalcode,https://www.gbif.org/occurrence/5205891470,True,False
f8c5927803c8a7bdd7eb09d5,mikania_micrantha,Mikania micrantha,Mikania micrantha Kunth,GBIF,5206084489,inat:275484664,HUMAN_OBSERVATION,2025-04-28T15:20,2025,MY,2.717931,101.891864,,Negeri Sembilan,,PRESENT,CONTINENT_DERIVED_FROM_COORDINATES|COORDINATE_ROUNDED|TAXON_ID_NOT_FOUND,iNaturalist research-grade observations,50c9509d-22c7-4a22-a47d-8c48425ef4a7,http://creativecommons.org/licenses/by/4.0/legalcode,https://www.gbif.org/occurrence/5206084489,True,False
16c529d1ba6635ec30fb1be6,mikania_micrantha,Mikania micrantha,Mikania micrantha Kunth,GBIF,5206214485,inat:276979587,HUMAN_OBSERVATION,2025-04-28T18:24:50,2025,MY,3.756214,102.561084,205.0,Pahang,,PRESENT,CONTINENT_DERIVED_FROM_COORDINATES|COORDINATE_ROUNDED|TAXON_ID_NOT_FOUND,iNaturalist research-grade observations,50c9509d-22c7-4a22-a47d-8c48425ef4a7,http://creativecommons.org/licenses/by-nc/4.0/legalcode,https://www.gbif.org/occurrence/5206214485,True,True
8c4cffbaac0733fcea04c7b7,mikania_micrantha,Mikania micrantha,Mikania micrantha Kunth,GBIF,5206252517,inat:281805012,HUMAN_OBSERVATION,2019-10-15T15:47,2019,MY,3.975049,115.619368,4.0,Sarawak,,PRESENT,CONTINENT_DERIVED_FROM_COORDINATES|COORDINATE_ROUNDED|TAXON_ID_NOT_FOUND,iNaturalist research-grade observations,50c9509d-22c7-4a22-a47d-8c48425ef4a7,http://creativecommons.org/licenses/by-nc/4.0/legalcode,https://www.gbif.org/occurrence/5206252517,True,True
e841bfe47977759a48802798,mikania_micrantha,Mikania micrantha,Mikania micrantha Kunth,GBIF,5206495492,inat:274349975,HUMAN_OBSERVATION,2025-04-27T09:12:25,2025,MY,3.747178,102.561447,,Pahang,,PRESENT,CONTINENT_DERIVED_FROM_COORDINATES|COORDINATE_ROUNDED|TAXON_ID_NOT_FOUND,iNaturalist research-grade observations,50c9509d-22c7-4a22-a47d-8c48425ef4a7,http://creativecommons.org/licenses/by-nc/4.0/legalcode,https://www.gbif.org/occurrence/5206495492,True,False
fb6845025c109a8bb8df6d83,mikania_micrantha,Mikania micrantha,Mikania micrantha Kunth,GBIF,5834009323,,HUMAN_OBSERVATION,2022-07-25/2022-08-10,2022,MY,4.539048,101.15437,,,,PRESENT,CONTINENT_DERIVED_FROM_COORDINATES|COORDINATE_ROUNDED,,0a0ec4dc-41aa-4a40-b08d-153dd02078eb,http://creativecommons.org/licenses/by-nc/4.0/legalcode,https://www.gbif.org/occurrence/5834009323,True,False
ea383b328d5928dcfda1a325,mikania_micrantha,Mikania micrantha,Mikania micrantha Kunth,GBIF,5890441007,inat:324271809,HUMAN_OBSERVATION,2025-10-18T13:28,2025,MY,3.715249,101.749824,542.0,Pahang,,PRESENT,CONTINENT_DERIVED_FROM_COORDINATES|COORDINATE_ROUNDED|TAXON_ID_NOT_FOUND,iNaturalist research-grade observations,50c9509d-22c7-4a22-a47d-8c48425ef4a7,http://creativecommons.org/licenses/by-nc/4.0/legalcode,https://www.gbif.org/occurrence/5890441007,True,True
128ef3dec93bd2ae044e875e,mikania_micrantha,Mikania micrantha,Mikania micrantha Kunth,GBIF,5909201236,inat:324488447,HUMAN_OBSERVATION,2025-10-19T23:22,2025,MY,3.722688,101.750479,564.0,Pahang,,PRESENT,CONTINENT_DERIVED_FROM_COORDINATES|COORDINATE_ROUNDED|TAXON_ID_NOT_FOUND,iNaturalist research-grade observations,50c9509d-22c7-4a22-a47d-8c48425ef4a7,http://creativecommons.org/licenses/by-nc/4.0/legalcode,https://www.gbif.org/occurrence/5909201236,True,True
810edb9a828c4bc667a12ea1,mikania_micrantha,Mikania micrantha,Mikania micrantha Kunth,GBIF,5932444645,inat:330561526,HUMAN_OBSERVATION,2025-12-13T17:32:12,2025,MY,3.039423,101.796441,6.0,Selangor,,PRESENT,CONTINENT_DERIVED_FROM_COORDINATES|COORDINATE_ROUNDED|TAXON_ID_NOT_FOUND,iNaturalist research-grade observations,50c9509d-22c7-4a22-a47d-8c48425ef4a7,http://creativecommons.org/licenses/by-nc/4.0/legalcode,https://www.gbif.org/occurrence/5932444645,True,True
5e6c99abdd9bf83a39b4384c,mikania_micrantha,Mikania micrantha,Mikania micrantha Kunth,GBIF,5938122330,inat:274246099,HUMAN_OBSERVATION,2025-04-27T07:47:24,2025,MY,3.039273,101.795443,62.0,Selangor,,PRESENT,CONTINENT_DERIVED_FROM_COORDINATES|COORDINATE_ROUNDED|TAXON_ID_NOT_FOUND,iNaturalist research-grade observations,50c9509d-22c7-4a22-a47d-8c48425ef4a7,http://creativecommons.org/licenses/by-nc/4.0/legalcode,https://www.gbif.org/occurrence/5938122330,True,True
59da2abb84bfc3c7bdc8651a,mikania_micrantha,Mikania micrantha,Mikania micrantha Kunth,GBIF,5938692355,inat:332711810,HUMAN_OBSERVATION,2025-12-30T09:34:15,2025,MY,5.724583,115.9675,12.0,Sabah,,PRESENT,CONTINENT_DERIVED_FROM_COORDINATES|COORDINATE_ROUNDED|TAXON_ID_NOT_FOUND,iNaturalist research-grade observations,50c9509d-22c7-4a22-a47d-8c48425ef4a7,http://creativecommons.org/licenses/by-nc/4.0/legalcode,https://www.gbif.org/occurrence/5938692355,True,True
c719725867729fbacf97366c,mikania_micrantha,Mikania micrantha,Mikania micrantha Kunth,GBIF,6131008988,inat:334473371,HUMAN_OBSERVATION,2025-12-31T07:47:57,2025,MY,5.424067,100.269403,4.0,Pulau Pinang,,PRESENT,CONTINENT_DERIVED_FROM_COORDINATES|COORDINATE_ROUNDED|TAXON_ID_NOT_FOUND,iNaturalist research-grade observations,50c9509d-22c7-4a22-a47d-8c48425ef4a7,http://creativecommons.org/licenses/by-nc/4.0/legalcode,https://www.gbif.org/occurrence/6131008988,True,True
8494845a76be3b3fc152ee96,mikania_micrantha,Mikania micrantha,Mikania micrantha Kunth,GBIF,6133451749,inat:336660837,HUMAN_OBSERVATION,2026-01-30T14:11,2026,MY,6.038822,116.125786,,Sabah,,PRESENT,CONTINENT_DERIVED_FROM_COORDINATES|COORDINATE_ROUNDED|TAXON_ID_NOT_FOUND,iNaturalist research-grade observations,50c9509d-22c7-4a22-a47d-8c48425ef4a7,http://creativecommons.org/licenses/by/4.0/legalcode,https://www.gbif.org/occurrence/6133451749,True,False
c930532be8c0f4a64e52f81a,mikania_micrantha,Mikania micrantha,Mikania micrantha Kunth,GBIF,6147339641,inat:336660838,HUMAN_OBSERVATION,2026-01-30T14:10,2026,MY,6.038802,116.12587,,Sabah,,PRESENT,CONTINENT_DERIVED_FROM_COORDINATES|COORDINATE_ROUNDED|TAXON_ID_NOT_FOUND,iNaturalist research-grade observations,50c9509d-22c7-4a22-a47d-8c48425ef4a7,http://creativecommons.org/licenses/by/4.0/legalcode,https://www.gbif.org/occurrence/6147339641,True,False
90a4c3f748039ca8df7b289c,mikania_micrantha,Mikania micrantha,Mikania micrantha Kunth,GBIF,6162817071,inat:24578037,HUMAN_OBSERVATION,2019-04-28T17:57,2019,MY,3.096649,101.742767,,Kuala Lumpur,,PRESENT,CONTINENT_DERIVED_FROM_COORDINATES|COORDINATE_ROUNDED|TAXON_ID_NOT_FOUND,iNaturalist research-grade observations,50c9509d-22c7-4a22-a47d-8c48425ef4a7,http://creativecommons.org/licenses/by-nc/4.0/legalcode,https://www.gbif.org/occurrence/6162817071,True,False
214e24923413bb3cf0a39be3,mikania_micrantha,Mikania micrantha,Mikania micrantha Kunth,GBIF,6178868328,inat:341875120,HUMAN_OBSERVATION,2026-02-21T17:13,2026,MY,4.012241,101.039917,8.0,Perak,,PRESENT,CONTINENT_DERIVED_FROM_COORDINATES|COORDINATE_ROUNDED|TAXON_ID_NOT_FOUND,iNaturalist research-grade observations,50c9509d-22c7-4a22-a47d-8c48425ef4a7,http://creativecommons.org/licenses/by-nc/4.0/legalcode,https://www.gbif.org/occurrence/6178868328,True,True
30b8f7f8a0916ca61f701b1c,mikania_micrantha,Mikania micrantha,Mikania micrantha Kunth,GBIF,6236491368,inat:350158148,HUMAN_OBSERVATION,2026-04-15T13:46:55,2026,MY,2.778553,104.206313,41.0,Johor,,PRESENT,CONTINENT_DERIVED_FROM_COORDINATES|COORDINATE_ROUNDED|TAXON_ID_NOT_FOUND,iNaturalist research-grade observations,50c9509d-22c7-4a22-a47d-8c48425ef4a7,http://creativecommons.org/licenses/by-nc/4.0/legalcode,https://www.gbif.org/occurrence/6236491368,True,True
f09dcc493aa5ab7f825c8274,mikania_micrantha,Mikania micrantha,Mikania micrantha Kunth,GBIF,6251823557,inat:237806519,HUMAN_OBSERVATION,2023-11-07T16:25,2023,MY,5.586542,101.476982,,Perak,,PRESENT,CONTINENT_DERIVED_FROM_COORDINATES|COORDINATE_ROUNDED|TAXON_ID_NOT_FOUND,iNaturalist research-grade observations,50c9509d-22c7-4a22-a47d-8c48425ef4a7,http://creativecommons.org/licenses/by-nc/4.0/legalcode,https://www.gbif.org/occurrence/6251823557,True,False
a4578ca1c4492203bb63b363,mikania_micrantha,Mikania micrantha,Mikania micrantha Kunth,GBIF,6252760432,inat:76805098,HUMAN_OBSERVATION,2019-11-14T16:34,2019,MY,4.965842,117.803928,,Sabah,,PRESENT,CONTINENT_DERIVED_FROM_COORDINATES|COORDINATE_ROUNDED|TAXON_ID_NOT_FOUND,iNaturalist research-grade observations,50c9509d-22c7-4a22-a47d-8c48425ef4a7,http://creativecommons.org/licenses/by-nc/4.0/legalcode,https://www.gbif.org/occurrence/6252760432,True,False
8b94851b01215308718accf0,mikania_micrantha,Mikania micrantha,Mikania micrantha Kunth,GBIF,6320429807,inat:27154451,HUMAN_OBSERVATION,2019-02-16T12:11,2019,MY,5.438123,103.03857,,Trengganu,,PRESENT,CONTINENT_DERIVED_FROM_COORDINATES|COORDINATE_ROUNDED|TAXON_ID_NOT_FOUND,iNaturalist research-grade observations,50c9509d-22c7-4a22-a47d-8c48425ef4a7,http://creativecommons.org/licenses/by-nc/4.0/legalcode,https://www.gbif.org/occurrence/6320429807,True,False
ed00608c0f6b0f779641afea,mikania_micrantha,Mikania micrantha,Mikania micrantha Kunth,GBIF,6320454928,inat:175762233,HUMAN_OBSERVATION,2023-07-29T23:57,2023,MY,3.388805,101.830748,,Pahang,,PRESENT,CONTINENT_DERIVED_FROM_COORDINATES|COORDINATE_ROUNDED|TAXON_ID_NOT_FOUND,iNaturalist research-grade observations,50c9509d-22c7-4a22-a47d-8c48425ef4a7,http://creativecommons.org/licenses/by-nc/4.0/legalcode,https://www.gbif.org/occurrence/6320454928,True,False
a85ce8e2ea16955efeea5f44,mikania_micrantha,Mikania micrantha,Mikania micrantha Kunth,GBIF,6320472657,inat:67922535,HUMAN_OBSERVATION,2021-01-09T19:08,2021,MY,3.180427,101.60687,,Selangor,,PRESENT,CONTINENT_DERIVED_FROM_COORDINATES|COORDINATE_ROUNDED|TAXON_ID_NOT_FOUND,iNaturalist research-grade observations,50c9509d-22c7-4a22-a47d-8c48425ef4a7,http://creativecommons.org/licenses/by-nc/4.0/legalcode,https://www.gbif.org/occurrence/6320472657,True,False
f4533d02571825662b79f62f,mikania_micrantha,Mikania micrantha,Mikania micrantha Kunth,GBIF,6320503655,inat:73827677,HUMAN_OBSERVATION,2020-12-04T18:56,2020,MY,3.178681,101.607025,204.0,Selangor,,PRESENT,CONTINENT_DERIVED_FROM_COORDINATES|COORDINATE_ROUNDED|TAXON_ID_NOT_FOUND,iNaturalist research-grade observations,50c9509d-22c7-4a22-a47d-8c48425ef4a7,http://creativecommons.org/licenses/by-nc/4.0/legalcode,https://www.gbif.org/occurrence/6320503655,True,True
48823be639c725a1ca9718c0,mikania_micrantha,Mikania micrantha,Mikania micrantha Kunth,GBIF,6321050971,inat:155313245,HUMAN_OBSERVATION,2023-03-14T14:25,2023,MY,2.28373,113.03136,,Sarawak,,PRESENT,CONTINENT_DERIVED_FROM_COORDINATES|TAXON_ID_NOT_FOUND,iNaturalist research-grade observations,50c9509d-22c7-4a22-a47d-8c48425ef4a7,http://creativecommons.org/licenses/by-nc/4.0/legalcode,https://www.gbif.org/occurrence/6321050971,True,False
cb54e7f17e38f8478e8c7db1,mikania_micrantha,Mikania micrantha,Mikania micrantha Kunth,GBIF,6321216672,inat:58608684,HUMAN_OBSERVATION,2019-12-30T17:07,2019,MY,4.029104,103.401553,82.0,Pahang,,PRESENT,CONTINENT_DERIVED_FROM_COORDINATES|COORDINATE_ROUNDED|TAXON_ID_NOT_FOUND,iNaturalist research-grade observations,50c9509d-22c7-4a22-a47d-8c48425ef4a7,http://creativecommons.org/licenses/by-nc/4.0/legalcode,https://www.gbif.org/occurrence/6321216672,True,True
9da339b18dc5c3a02e2fc4ef,mikania_micrantha,Mikania micrantha,Mikania micrantha Kunth,GBIF,6477199301,,PRESERVED_SPECIMEN,2009-02-23T00:00,2009,MY,3.777667,103.320167,,,"Along Jalan Tanjung Lumpur about 4.4 km from the Kuantan Bridge towards Pekan, around Pasdec Putra Township site.",PRESENT,CONTINENT_DERIVED_FROM_COORDINATES|COORDINATE_ROUNDED|GEODETIC_DATUM_ASSUMED_WGS84|INSTITUTION_COLLECTION_MISMATCH|INSTITUTION_MATCH_FUZZY,,cd6e21c8-9e8a-493a-8a76-fbf7862069e5,http://creativecommons.org/licenses/by/4.0/legalcode,https://www.gbif.org/occurrence/6477199301,True,False
ea14c89b386d518f31761e13,mimosa_diplotricha,Mimosa diplotricha,Mimosa diplotricha var. diplotricha,GBIF,1291132551,inat:3698003,HUMAN_OBSERVATION,2015-08-20T17:55,2015,MY,5.478761,100.264532,,Pulau Pinang,,PRESENT,CONTINENT_DERIVED_FROM_COORDINATES|TAXON_ID_NOT_FOUND,iNaturalist research-grade observations,50c9509d-22c7-4a22-a47d-8c48425ef4a7,http://creativecommons.org/licenses/by-nc/4.0/legalcode,https://www.gbif.org/occurrence/1291132551,True,False
62adf184f90fa4be5b7e28bc,mimosa_diplotricha,Mimosa diplotricha,Mimosa diplotricha C.Wright,GBIF,2429584978,inat:34346952,HUMAN_OBSERVATION,2019-10-14T10:00:07,2019,MY,2.419063,101.87413,16.0,Negeri Sembilan,,PRESENT,CONTINENT_DERIVED_FROM_COORDINATES|COORDINATE_ROUNDED|TAXON_ID_NOT_FOUND,iNaturalist research-grade observations,50c9509d-22c7-4a22-a47d-8c48425ef4a7,http://creativecommons.org/licenses/by-nc/4.0/legalcode,https://www.gbif.org/occurrence/2429584978,True,True
f946fbc19995ef6127d18386,mimosa_diplotricha,Mimosa diplotricha,Mimosa diplotricha C.Wright,GBIF,2444970561,inat:34529729,HUMAN_OBSERVATION,2019-10-15T08:37:28,2019,MY,2.602937,101.689208,8.0,Selangor,,PRESENT,CONTINENT_DERIVED_FROM_COORDINATES|COORDINATE_ROUNDED|TAXON_ID_NOT_FOUND,iNaturalist research-grade observations,50c9509d-22c7-4a22-a47d-8c48425ef4a7,http://creativecommons.org/licenses/by-nc/4.0/legalcode,https://www.gbif.org/occurrence/2444970561,True,True
2ec514201c6d2e7b35f1175e,mimosa_diplotricha,Mimosa diplotricha,Mimosa diplotricha C.Wright,GBIF,2856737736,inat:57192708,HUMAN_OBSERVATION,2020-08-21T18:20,2020,MY,1.844085,102.949052,207.0,Johor,,PRESENT,CONTINENT_DERIVED_FROM_COORDINATES|COORDINATE_ROUNDED|TAXON_ID_NOT_FOUND,iNaturalist research-grade observations,50c9509d-22c7-4a22-a47d-8c48425ef4a7,http://creativecommons.org/licenses/by-nc/4.0/legalcode,https://www.gbif.org/occurrence/2856737736,True,True
80d9ee1c4f6b66696caf69f2,mimosa_diplotricha,Mimosa diplotricha,Mimosa diplotricha C.Wright,GBIF,3112375273,inat:76419073,HUMAN_OBSERVATION,2021-05-02T12:09:01,2021,MY,1.278837,103.510258,3.0,Johor,,PRESENT,CONTINENT_DERIVED_FROM_COORDINATES|COORDINATE_ROUNDED|TAXON_ID_NOT_FOUND,iNaturalist research-grade observations,50c9509d-22c7-4a22-a47d-8c48425ef4a7,http://creativecommons.org/licenses/by-nc/4.0/legalcode,https://www.gbif.org/occurrence/3112375273,True,True
c015304047e85fe9d837451d,mimosa_diplotricha,Mimosa diplotricha,Mimosa diplotricha C.Wright,GBIF,3415392600,inat:80735294,HUMAN_OBSERVATION,2021-05-08T09:58,2021,MY,3.163518,101.738074,,Kuala Lumpur,,PRESENT,CONTINENT_DERIVED_FROM_COORDINATES|COORDINATE_ROUNDED|TAXON_ID_NOT_FOUND,iNaturalist research-grade observations,50c9509d-22c7-4a22-a47d-8c48425ef4a7,http://creativecommons.org/licenses/by-nc/4.0/legalcode,https://www.gbif.org/occurrence/3415392600,True,False
e250825cc0d9d4c240ea2126,mimosa_diplotricha,Mimosa diplotricha,Mimosa diplotricha C.Wright,GBIF,3415936933,inat:96665737,HUMAN_OBSERVATION,2021-09-25T11:11:17,2021,MY,3.1547,101.684783,8.0,Kuala Lumpur,,PRESENT,CONTINENT_DERIVED_FROM_COORDINATES|COORDINATE_ROUNDED|TAXON_ID_NOT_FOUND,iNaturalist research-grade observations,50c9509d-22c7-4a22-a47d-8c48425ef4a7,http://creativecommons.org/licenses/by-nc/4.0/legalcode,https://www.gbif.org/occurrence/3415936933,True,True
f60b84655cc7ea7c04874ae5,mimosa_diplotricha,Mimosa diplotricha,Mimosa diplotricha C.Wright,GBIF,3903318358,inat:134371683,HUMAN_OBSERVATION,2022-09-10T09:35:12,2022,MY,3.402197,101.63089,,Selangor,,PRESENT,CONTINENT_DERIVED_FROM_COORDINATES|COORDINATE_ROUNDED|TAXON_ID_NOT_FOUND,iNaturalist research-grade observations,50c9509d-22c7-4a22-a47d-8c48425ef4a7,http://creativecommons.org/publicdomain/zero/1.0/legalcode,https://www.gbif.org/occurrence/3903318358,True,False
65a731fd096013d15a54ac8a,mimosa_diplotricha,Mimosa diplotricha,Mimosa diplotricha C.Wright,GBIF,3912110848,inat:135392625,HUMAN_OBSERVATION,2022-09-17T13:58:50,2022,MY,3.049042,101.822655,8.0,Selangor,,PRESENT,CONTINENT_DERIVED_FROM_COORDINATES|COORDINATE_ROUNDED|TAXON_ID_NOT_FOUND,iNaturalist research-grade observations,50c9509d-22c7-4a22-a47d-8c48425ef4a7,http://creativecommons.org/licenses/by/4.0/legalcode,https://www.gbif.org/occurrence/3912110848,True,True
88396620911cca4965810bec,mimosa_diplotricha,Mimosa diplotricha,Mimosa diplotricha C.Wright,GBIF,4096804742,inat:155441726,HUMAN_OBSERVATION,2023-04-05T15:45,2023,MY,5.946995,116.047142,,Sabah,,PRESENT,CONTINENT_DERIVED_FROM_COORDINATES|COORDINATE_ROUNDED|TAXON_ID_NOT_FOUND,iNaturalist research-grade observations,50c9509d-22c7-4a22-a47d-8c48425ef4a7,http://creativecommons.org/licenses/by-nc/4.0/legalcode,https://www.gbif.org/occurrence/4096804742,True,False
1f15035443645ed2de58ab25,mimosa_diplotricha,Mimosa diplotricha,Mimosa diplotricha C.Wright,GBIF,4096829722,inat:155441614,HUMAN_OBSERVATION,2023-04-05T15:41,2023,MY,5.947008,116.047467,,Sabah,,PRESENT,CONTINENT_DERIVED_FROM_COORDINATES|COORDINATE_ROUNDED|TAXON_ID_NOT_FOUND,iNaturalist research-grade observations,50c9509d-22c7-4a22-a47d-8c48425ef4a7,http://creativecommons.org/licenses/by-nc/4.0/legalcode,https://www.gbif.org/occurrence/4096829722,True,False
1bacdd68651970350a1415ca,mimosa_diplotricha,Mimosa diplotricha,Mimosa diplotricha C.Wright,GBIF,4103298098,inat:158405633,HUMAN_OBSERVATION,2023-05-01T08:55:36,2023,MY,1.559397,103.62606,2.0,Johor,,PRESENT,CONTINENT_DERIVED_FROM_COORDINATES|COORDINATE_ROUNDED|TAXON_ID_NOT_FOUND,iNaturalist research-grade observations,50c9509d-22c7-4a22-a47d-8c48425ef4a7,http://creativecommons.org/licenses/by-nc/4.0/legalcode,https://www.gbif.org/occurrence/4103298098,True,True
af1276f86ff1c2182e67c5c7,mimosa_diplotricha,Mimosa diplotricha,Mimosa diplotricha C.Wright,GBIF,4407233247,inat:181283776,HUMAN_OBSERVATION,2023-09-02T08:22:04,2023,MY,2.941802,101.724763,6.0,Selangor,,PRESENT,CONTINENT_DERIVED_FROM_COORDINATES|COORDINATE_ROUNDED|TAXON_ID_NOT_FOUND,iNaturalist research-grade observations,50c9509d-22c7-4a22-a47d-8c48425ef4a7,http://creativecommons.org/licenses/by-nc/4.0/legalcode,https://www.gbif.org/occurrence/4407233247,True,True
15607994a5b0161e0f05435e,mimosa_diplotricha,Mimosa diplotricha,Mimosa diplotricha C.Wright,GBIF,4407543642,inat:181293010,HUMAN_OBSERVATION,2023-09-02T09:54:21,2023,MY,3.174297,101.601622,9.0,Selangor,,PRESENT,CONTINENT_DERIVED_FROM_COORDINATES|COORDINATE_ROUNDED|TAXON_ID_NOT_FOUND,iNaturalist research-grade observations,50c9509d-22c7-4a22-a47d-8c48425ef4a7,http://creativecommons.org/licenses/by-nc/4.0/legalcode,https://www.gbif.org/occurrence/4407543642,True,True
b259364e08d627480b140f49,mimosa_diplotricha,Mimosa diplotricha,Mimosa diplotricha C.Wright,GBIF,4500618904,inat:194176327,HUMAN_OBSERVATION,2023-12-17T12:51:43,2023,MY,2.946325,101.685556,,Selangor,,PRESENT,CONTINENT_DERIVED_FROM_COORDINATES|COORDINATE_ROUNDED|TAXON_ID_NOT_FOUND,iNaturalist research-grade observations,50c9509d-22c7-4a22-a47d-8c48425ef4a7,http://creativecommons.org/licenses/by-nc/4.0/legalcode,https://www.gbif.org/occurrence/4500618904,True,False
7c34c3d707fa0fb919269fa8,mimosa_diplotricha,Mimosa diplotricha,Mimosa diplotricha C.Wright,GBIF,4507858388,inat:194169920,HUMAN_OBSERVATION,2023-12-17T12:52:23,2023,MY,2.946346,101.68537,,Selangor,,PRESENT,CONTINENT_DERIVED_FROM_COORDINATES|COORDINATE_ROUNDED|TAXON_ID_NOT_FOUND,iNaturalist research-grade observations,50c9509d-22c7-4a22-a47d-8c48425ef4a7,http://creativecommons.org/licenses/by-nc/4.0/legalcode,https://www.gbif.org/occurrence/4507858388,True,False
530458d79d824f53c023d591,mimosa_diplotricha,Mimosa diplotricha,Mimosa diplotricha C.Wright,GBIF,4507859318,inat:193041423,HUMAN_OBSERVATION,2023-12-04T18:22:04,2023,MY,2.912834,101.678912,585.0,Putrajaya,,PRESENT,CONTINENT_DERIVED_FROM_COORDINATES|COORDINATE_ROUNDED|TAXON_ID_NOT_FOUND,iNaturalist research-grade observations,50c9509d-22c7-4a22-a47d-8c48425ef4a7,http://creativecommons.org/licenses/by-nc/4.0/legalcode,https://www.gbif.org/occurrence/4507859318,True,True
de08efa3e7eba549d4b164db,mimosa_diplotricha,Mimosa diplotricha,Mimosa diplotricha C.Wright,GBIF,4891637678,inat:221731658,HUMAN_OBSERVATION,2024-06-09T08:20,2024,MY,4.080994,101.796687,2.0,Pahang,,PRESENT,CONTINENT_DERIVED_FROM_COORDINATES|COORDINATE_ROUNDED|TAXON_ID_NOT_FOUND,iNaturalist research-grade observations,50c9509d-22c7-4a22-a47d-8c48425ef4a7,http://creativecommons.org/licenses/by-nc/4.0/legalcode,https://www.gbif.org/occurrence/4891637678,True,True
5206cc51a6b0d849bf49d116,mimosa_diplotricha,Mimosa diplotricha,Mimosa diplotricha C.Wright,GBIF,4891834657,inat:213330178,HUMAN_OBSERVATION,2024-05-04T10:46:35,2024,MY,4.227244,101.805268,,Pahang,,PRESENT,CONTINENT_DERIVED_FROM_COORDINATES|COORDINATE_ROUNDED|TAXON_ID_NOT_FOUND,iNaturalist research-grade observations,50c9509d-22c7-4a22-a47d-8c48425ef4a7,http://creativecommons.org/licenses/by-nc/4.0/legalcode,https://www.gbif.org/occurrence/4891834657,True,False
743d073e58b7e0f6b038baad,mimosa_diplotricha,Mimosa diplotricha,Mimosa diplotricha C.Wright,GBIF,4891984809,inat:214523626,HUMAN_OBSERVATION,2024-05-09T09:01:03,2024,MY,4.243792,101.798454,,Pahang,,PRESENT,CONTINENT_DERIVED_FROM_COORDINATES|COORDINATE_ROUNDED|TAXON_ID_NOT_FOUND,iNaturalist research-grade observations,50c9509d-22c7-4a22-a47d-8c48425ef4a7,http://creativecommons.org/licenses/by-nc/4.0/legalcode,https://www.gbif.org/occurrence/4891984809,True,False
b3a2801de413a3a350e25ea4,mimosa_diplotricha,Mimosa diplotricha,Mimosa diplotricha C.Wright,GBIF,4935754393,inat:226129623,HUMAN_OBSERVATION,2024-06-30T16:20:24,2024,MY,3.890427,103.366387,4.0,Pahang,,PRESENT,CONTINENT_DERIVED_FROM_COORDINATES|COORDINATE_ROUNDED|TAXON_ID_NOT_FOUND,iNaturalist research-grade observations,50c9509d-22c7-4a22-a47d-8c48425ef4a7,http://creativecommons.org/licenses/by-nc/4.0/legalcode,https://www.gbif.org/occurrence/4935754393,True,True
13f1ee7d8d168c30e2184397,mimosa_diplotricha,Mimosa diplotricha,Mimosa diplotricha C.Wright,GBIF,4936774230,inat:237877061,HUMAN_OBSERVATION,2024-08-25T10:34:12,2024,MY,3.185558,101.522303,,Selangor,,PRESENT,CONTINENT_DERIVED_FROM_COORDINATES|COORDINATE_ROUNDED|TAXON_ID_NOT_FOUND,iNaturalist research-grade observations,50c9509d-22c7-4a22-a47d-8c48425ef4a7,http://creativecommons.org/licenses/by-nc/4.0/legalcode,https://www.gbif.org/occurrence/4936774230,True,False
cfef1e75e153d316dfc4ceb0,mimosa_diplotricha,Mimosa diplotricha,Mimosa diplotricha C.Wright,GBIF,4976143391,,PRESERVED_SPECIMEN,1987-01-29,1987,MY,3.083333,101.5,,,"Malaysia:Selangor, Dist of Petaling, Shah Alam.",PRESENT,COLLECTION_MATCH_FUZZY|GEODETIC_DATUM_ASSUMED_WGS84|INSTITUTION_MATCH_FUZZY|TAXON_ID_NOT_FOUND,,9781ce05-2379-4a10-ab3b-c91346510df8,http://creativecommons.org/licenses/by-nc/4.0/legalcode,https://www.gbif.org/occurrence/4976143391,True,False
67796ec60877be375d08acbd,mimosa_diplotricha,Mimosa diplotricha,Mimosa diplotricha C.Wright,GBIF,5055045503,,PRESERVED_SPECIMEN,1987-01-29,1987,MY,3.083333,101.5,,,"Selangor, Dist. of Petalign, Shah Alam, Malaysia.",PRESENT,COLLECTION_MATCH_NONE|COORDINATE_ROUNDED|GEODETIC_DATUM_ASSUMED_WGS84|INSTITUTION_MATCH_FUZZY|OCCURRENCE_STATUS_INFERRED_FROM_INDIVIDUAL_COUNT|TAXON_ID_NOT_FOUND,Tropicos,7bd65a7a-f762-11e1-a439-00145eb45e9a,http://creativecommons.org/licenses/by/4.0/legalcode,https://www.gbif.org/occurrence/5055045503,True,False
65038a3e0ab106950aaea563,mimosa_diplotricha,Mimosa diplotricha,Mimosa diplotricha C.Wright,GBIF,5103639677,,PRESERVED_SPECIMEN,1987-01-29,1987,MY,3.083333,101.5,,Selangor,"Shah Alam, Petaling District",PRESENT,CONTINENT_DERIVED_FROM_COORDINATES|COORDINATE_ROUNDED|INSTITUTION_COLLECTION_MISMATCH|INSTITUTION_MATCH_FUZZY,,1a9d08bb-9e2c-4540-8f7f-3205846b6ddc,http://creativecommons.org/publicdomain/zero/1.0/legalcode,https://www.gbif.org/occurrence/5103639677,True,False
12c848aa892f700a67912da3,mimosa_diplotricha,Mimosa diplotricha,Mimosa diplotricha C.Wright,GBIF,5932354825,inat:330195319,HUMAN_OBSERVATION,2025-12-10T11:03:46,2025,MY,4.400702,113.983471,,Sarawak,,PRESENT,CONTINENT_DERIVED_FROM_COORDINATES|TAXON_ID_NOT_FOUND,iNaturalist research-grade observations,50c9509d-22c7-4a22-a47d-8c48425ef4a7,http://creativecommons.org/licenses/by-nc/4.0/legalcode,https://www.gbif.org/occurrence/5932354825,True,False
6a8e75cbdabef36f7d838983,mimosa_diplotricha,Mimosa diplotricha,Mimosa diplotricha C.Wright,GBIF,6195396501,inat:348246707,HUMAN_OBSERVATION,2026-04-08T15:14:51,2026,MY,3.218369,115.023006,,Sarawak,,PRESENT,CONTINENT_DERIVED_FROM_COORDINATES|COORDINATE_ROUNDED|TAXON_ID_NOT_FOUND,iNaturalist research-grade observations,50c9509d-22c7-4a22-a47d-8c48425ef4a7,http://creativecommons.org/licenses/by-nc/4.0/legalcode,https://www.gbif.org/occurrence/6195396501,True,False
e99ad5ffaad2deb07a8ed143,mimosa_pigra,Mimosa pigra,Mimosa pigra L.,GBIF,2515637915,,PRESERVED_SPECIMEN,1987-01-24,1987,MY,3.08333,101.5,,,"Selangor, Dist. of Petaling, Shah Alam.",PRESENT,,,15f819bd-6612-4447-854b-14d12ee1022d,http://creativecommons.org/publicdomain/zero/1.0/legalcode,https://www.gbif.org/occurrence/2515637915,True,False
a7b973db350b03ac9b9c6fef,mimosa_pigra,Mimosa pigra,Mimosa pigra L.,GBIF,2573878673,inat:38530020,HUMAN_OBSERVATION,2007-08-14T10:14,2007,MY,2.654294,101.784948,212.0,Negeri Sembilan,,PRESENT,CONTINENT_DERIVED_FROM_COORDINATES|COORDINATE_ROUNDED|TAXON_ID_NOT_FOUND,iNaturalist research-grade observations,50c9509d-22c7-4a22-a47d-8c48425ef4a7,http://creativecommons.org/licenses/by/4.0/legalcode,https://www.gbif.org/occurrence/2573878673,True,True
d28c2140bc25bc8096b490e8,mimosa_pigra,Mimosa pigra,Mimosa pigra L.,GBIF,2868176363,inat:38530022,HUMAN_OBSERVATION,2007-08-14T10:14,2007,MY,2.654294,101.784948,212.0,Negeri Sembilan,,PRESENT,CONTINENT_DERIVED_FROM_COORDINATES|COORDINATE_ROUNDED|TAXON_ID_NOT_FOUND,iNaturalist research-grade observations,50c9509d-22c7-4a22-a47d-8c48425ef4a7,http://creativecommons.org/licenses/by/4.0/legalcode,https://www.gbif.org/occurrence/2868176363,True,True
613bbdb9b8fd651c6ae7e85e,mimosa_pigra,Mimosa pigra,Mimosa pigra L.,GBIF,3112571235,inat:76419903,HUMAN_OBSERVATION,2021-05-02T12:11:28,2021,MY,1.278623,103.510267,3.0,Johor,,PRESENT,CONTINENT_DERIVED_FROM_COORDINATES|COORDINATE_ROUNDED|TAXON_ID_NOT_FOUND,iNaturalist research-grade observations,50c9509d-22c7-4a22-a47d-8c48425ef4a7,http://creativecommons.org/licenses/by-nc/4.0/legalcode,https://www.gbif.org/occurrence/3112571235,True,True
2ee62e7e31a8fe982a4da8b4,mimosa_pigra,Mimosa pigra,Mimosa pigra L.,GBIF,3112835774,inat:77543117,HUMAN_OBSERVATION,2021-05-02T11:53:20,2021,MY,1.280847,103.510138,5.0,Johor,,PRESENT,CONTINENT_DERIVED_FROM_COORDINATES|COORDINATE_ROUNDED|TAXON_ID_NOT_FOUND,iNaturalist research-grade observations,50c9509d-22c7-4a22-a47d-8c48425ef4a7,http://creativecommons.org/licenses/by-nc/4.0/legalcode,https://www.gbif.org/occurrence/3112835774,True,True
b0980c106b1edcd264f3a8e7,mimosa_pigra,Mimosa pigra,Mimosa pigra L.,GBIF,3113311730,inat:77761095,HUMAN_OBSERVATION,2021-05-02T12:08Z,2021,MY,1.278869,103.510178,32.0,Johor,,PRESENT,CONTINENT_DERIVED_FROM_COORDINATES|COORDINATE_ROUNDED|TAXON_ID_NOT_FOUND,iNaturalist research-grade observations,50c9509d-22c7-4a22-a47d-8c48425ef4a7,http://creativecommons.org/licenses/by-nc/4.0/legalcode,https://www.gbif.org/occurrence/3113311730,True,True
bd3790993073d363f0133e5c,mimosa_pigra,Mimosa pigra,Mimosa pigra L.,GBIF,3333249120,inat:88675323,HUMAN_OBSERVATION,2021-07-26T19:56:53,2021,MY,5.302362,100.491493,65.0,Pulau Pinang,,PRESENT,CONTINENT_DERIVED_FROM_COORDINATES|COORDINATE_ROUNDED|TAXON_ID_NOT_FOUND,iNaturalist research-grade observations,50c9509d-22c7-4a22-a47d-8c48425ef4a7,http://creativecommons.org/licenses/by-nc/4.0/legalcode,https://www.gbif.org/occurrence/3333249120,True,True
d50ab98700462f9e2443b139,mimosa_pigra,Mimosa pigra,Mimosa pigra var. pigra,GBIF,3383924637,inat:76088238,HUMAN_OBSERVATION,2021-05-01T18:19:06,2021,MY,3.061006,101.810561,3.0,Selangor,,PRESENT,CONTINENT_DERIVED_FROM_COORDINATES|COORDINATE_ROUNDED|TAXON_ID_NOT_FOUND,iNaturalist research-grade observations,50c9509d-22c7-4a22-a47d-8c48425ef4a7,http://creativecommons.org/licenses/by-nc/4.0/legalcode,https://www.gbif.org/occurrence/3383924637,True,True
a18d8b1539c3beb77e13bd53,mimosa_pigra,Mimosa pigra,Mimosa pigra L.,GBIF,3383934648,inat:76414851,HUMAN_OBSERVATION,2021-05-02T11:51:44,2021,MY,1.280851,103.510157,3.0,Johor,,PRESENT,CONTINENT_DERIVED_FROM_COORDINATES|COORDINATE_ROUNDED|TAXON_ID_NOT_FOUND,iNaturalist research-grade observations,50c9509d-22c7-4a22-a47d-8c48425ef4a7,http://creativecommons.org/licenses/by-nc/4.0/legalcode,https://www.gbif.org/occurrence/3383934648,True,True
45539b5f4ca8153b3527d4d2,mimosa_pigra,Mimosa pigra,Mimosa pigra L.,GBIF,3384678749,inat:94696824,HUMAN_OBSERVATION,2021-09-13T18:40:43,2021,MY,3.095761,101.41732,,Selangor,,PRESENT,CONTINENT_DERIVED_FROM_COORDINATES|COORDINATE_ROUNDED|TAXON_ID_NOT_FOUND,iNaturalist research-grade observations,50c9509d-22c7-4a22-a47d-8c48425ef4a7,http://creativecommons.org/licenses/by-nc/4.0/legalcode,https://www.gbif.org/occurrence/3384678749,True,False
f91c5edc974d793d38ed7a20,mimosa_pigra,Mimosa pigra,Mimosa pigra L.,GBIF,3384845106,inat:96044143,HUMAN_OBSERVATION,2021-09-25T11:54:51,2021,MY,3.108104,101.381416,,Selangor,,PRESENT,CONTINENT_DERIVED_FROM_COORDINATES|COORDINATE_ROUNDED|TAXON_ID_NOT_FOUND,iNaturalist research-grade observations,50c9509d-22c7-4a22-a47d-8c48425ef4a7,http://creativecommons.org/licenses/by-nc/4.0/legalcode,https://www.gbif.org/occurrence/3384845106,True,False
a818a08213bc829158a509d5,mimosa_pigra,Mimosa pigra,Mimosa pigra L.,GBIF,4102322701,,PRESERVED_SPECIMEN,1987-01-24,1987,MY,3.083333,101.5,,Selangor,"Selangor, Dist. of Petaling, Shah Alam",PRESENT,CONTINENT_DERIVED_FROM_COORDINATES|GEODETIC_DATUM_ASSUMED_WGS84|INSTITUTION_MATCH_FUZZY|TAXON_ID_NOT_FOUND,,bb0366a9-2a7e-44f8-9c9a-e49c23dae2f8,http://creativecommons.org/publicdomain/zero/1.0/legalcode,https://www.gbif.org/occurrence/4102322701,True,False
9b9bb6d44ac81f81a3d62f66,mimosa_pigra,Mimosa pigra,Mimosa pigra L.,GBIF,4127287721,inat:164589738,HUMAN_OBSERVATION,2023-05-30T14:58:03,2023,MY,2.928392,101.679952,14.0,Putrajaya,,PRESENT,CONTINENT_DERIVED_FROM_COORDINATES|COORDINATE_ROUNDED|TAXON_ID_NOT_FOUND,iNaturalist research-grade observations,50c9509d-22c7-4a22-a47d-8c48425ef4a7,http://creativecommons.org/licenses/by-nc/4.0/legalcode,https://www.gbif.org/occurrence/4127287721,True,True
48d63aae0fb8d5226a150a35,mimosa_pigra,Mimosa pigra,Mimosa pigra L.,GBIF,4129803912,inat:164767598,HUMAN_OBSERVATION,2023-05-31T15:11:50,2023,MY,2.923133,101.702998,5.0,Putrajaya,,PRESENT,CONTINENT_DERIVED_FROM_COORDINATES|COORDINATE_ROUNDED|TAXON_ID_NOT_FOUND,iNaturalist research-grade observations,50c9509d-22c7-4a22-a47d-8c48425ef4a7,http://creativecommons.org/licenses/by-nc/4.0/legalcode,https://www.gbif.org/occurrence/4129803912,True,True
8d908312f1bf6dae50759780,mimosa_pigra,Mimosa pigra,Mimosa pigra L.,GBIF,4165738795,inat:174235025,HUMAN_OBSERVATION,2023-07-22T13:26:03,2023,MY,3.148144,101.509108,,Selangor,,PRESENT,CONTINENT_DERIVED_FROM_COORDINATES|COORDINATE_ROUNDED|TAXON_ID_NOT_FOUND,iNaturalist research-grade observations,50c9509d-22c7-4a22-a47d-8c48425ef4a7,http://creativecommons.org/licenses/by-nc/4.0/legalcode,https://www.gbif.org/occurrence/4165738795,True,False
9ffd72001ec2f1602ad302be,mimosa_pigra,Mimosa pigra,Mimosa pigra L.,GBIF,4453669257,inat:190876813,HUMAN_OBSERVATION,2023-11-13T13:28:38,2023,MY,2.924859,101.701595,,Putrajaya,,PRESENT,CONTINENT_DERIVED_FROM_COORDINATES|COORDINATE_ROUNDED|TAXON_ID_NOT_FOUND,iNaturalist research-grade observations,50c9509d-22c7-4a22-a47d-8c48425ef4a7,http://creativecommons.org/licenses/by-nc/4.0/legalcode,https://www.gbif.org/occurrence/4453669257,True,False
315e43e37c8dac2dc40d4742,mimosa_pigra,Mimosa pigra,Mimosa pigra L.,GBIF,4454074246,inat:192418764,HUMAN_OBSERVATION,2023-11-27T14:20:41,2023,MY,2.88864,101.678543,,Putrajaya,,PRESENT,CONTINENT_DERIVED_FROM_COORDINATES|COORDINATE_ROUNDED|TAXON_ID_NOT_FOUND,iNaturalist research-grade observations,50c9509d-22c7-4a22-a47d-8c48425ef4a7,http://creativecommons.org/licenses/by-nc/4.0/legalcode,https://www.gbif.org/occurrence/4454074246,True,False
652918b0a6c2e646457f7939,mimosa_pigra,Mimosa pigra,Mimosa pigra L.,GBIF,4458379412,inat:190895789,HUMAN_OBSERVATION,2023-11-13T13:26:47,2023,MY,2.924225,101.701675,,Putrajaya,,PRESENT,CONTINENT_DERIVED_FROM_COORDINATES|TAXON_ID_NOT_FOUND,iNaturalist research-grade observations,50c9509d-22c7-4a22-a47d-8c48425ef4a7,http://creativecommons.org/licenses/by-nc/4.0/legalcode,https://www.gbif.org/occurrence/4458379412,True,False
c16dc693470a2e455a5f72d9,mimosa_pigra,Mimosa pigra,Mimosa pigra L.,GBIF,4851740029,inat:206203076,HUMAN_OBSERVATION,2024-04-09T09:37:32,2024,MY,5.46833,100.255142,38.0,Pulau Pinang,,PRESENT,CONTINENT_DERIVED_FROM_COORDINATES|COORDINATE_ROUNDED|TAXON_ID_NOT_FOUND,iNaturalist research-grade observations,50c9509d-22c7-4a22-a47d-8c48425ef4a7,http://creativecommons.org/licenses/by-nc/4.0/legalcode,https://www.gbif.org/occurrence/4851740029,True,True
ef93289b53caa2c8fa5aed6f,mimosa_pigra,Mimosa pigra,Mimosa pigra L.,GBIF,4891827981,inat:214523555,HUMAN_OBSERVATION,2024-05-09T08:59:54,2024,MY,4.243696,101.798547,,Pahang,,PRESENT,CONTINENT_DERIVED_FROM_COORDINATES|COORDINATE_ROUNDED|TAXON_ID_NOT_FOUND,iNaturalist research-grade observations,50c9509d-22c7-4a22-a47d-8c48425ef4a7,http://creativecommons.org/licenses/by-nc/4.0/legalcode,https://www.gbif.org/occurrence/4891827981,True,False
6bb3a7a7039f1888e5871a9b,mimosa_pigra,Mimosa pigra,Mimosa pigra L.,GBIF,4908449204,inat:217270073,HUMAN_OBSERVATION,2024-05-21T20:12,2024,MY,5.715943,100.661548,211.0,Kedah,,PRESENT,CONTINENT_DERIVED_FROM_COORDINATES|COORDINATE_ROUNDED|TAXON_ID_NOT_FOUND,iNaturalist research-grade observations,50c9509d-22c7-4a22-a47d-8c48425ef4a7,http://creativecommons.org/licenses/by-nc/4.0/legalcode,https://www.gbif.org/occurrence/4908449204,True,True
002d3439d786baa96c54ca35,mimosa_pigra,Mimosa pigra,Mimosa pigra L.,GBIF,4908673125,inat:224594742,HUMAN_OBSERVATION,2024-06-23T17:44:13,2024,MY,3.537397,101.954247,,Pahang,,PRESENT,CONTINENT_DERIVED_FROM_COORDINATES|COORDINATE_ROUNDED|TAXON_ID_NOT_FOUND,iNaturalist research-grade observations,50c9509d-22c7-4a22-a47d-8c48425ef4a7,http://creativecommons.org/licenses/by-nc/4.0/legalcode,https://www.gbif.org/occurrence/4908673125,True,False
584a18503164370637372dd0,mimosa_pigra,Mimosa pigra,Mimosa pigra L.,GBIF,4909265494,inat:189913956,HUMAN_OBSERVATION,2023-11-04T10:10:01,2023,MY,1.454344,103.9011,7.0,Johor,,PRESENT,CONTINENT_DERIVED_FROM_COORDINATES|COORDINATE_ROUNDED|TAXON_ID_NOT_FOUND,iNaturalist research-grade observations,50c9509d-22c7-4a22-a47d-8c48425ef4a7,http://creativecommons.org/licenses/by-nc/4.0/legalcode,https://www.gbif.org/occurrence/4909265494,True,True
0b2d6a8d7a1415fc7576a752,mimosa_pigra,Mimosa pigra,Mimosa pigra L.,GBIF,4910807910,inat:229838763,HUMAN_OBSERVATION,2024-07-17T12:18:44,2024,MY,5.467953,100.25528,6.0,Pulau Pinang,,PRESENT,CONTINENT_DERIVED_FROM_COORDINATES|COORDINATE_ROUNDED|TAXON_ID_NOT_FOUND,iNaturalist research-grade observations,50c9509d-22c7-4a22-a47d-8c48425ef4a7,http://creativecommons.org/licenses/by-nc/4.0/legalcode,https://www.gbif.org/occurrence/4910807910,True,True
72e4034aa2fe41b3c29fd625,mimosa_pigra,Mimosa pigra,Mimosa pigra L.,GBIF,4921869279,inat:222414851,HUMAN_OBSERVATION,2024-06-13T17:52:33,2024,MY,3.178597,101.511239,,Selangor,,PRESENT,CONTINENT_DERIVED_FROM_COORDINATES|COORDINATE_ROUNDED|TAXON_ID_NOT_FOUND,iNaturalist research-grade observations,50c9509d-22c7-4a22-a47d-8c48425ef4a7,http://creativecommons.org/licenses/by-nc/4.0/legalcode,https://www.gbif.org/occurrence/4921869279,True,False
248c234ed6e25152064caa2f,mimosa_pigra,Mimosa pigra,Mimosa pigra L.,GBIF,4952828908,inat:244633837,HUMAN_OBSERVATION,2024-09-29T12:12:18,2024,MY,3.308668,101.868844,,Pahang,,PRESENT,CONTINENT_DERIVED_FROM_COORDINATES|COORDINATE_ROUNDED|TAXON_ID_NOT_FOUND,iNaturalist research-grade observations,50c9509d-22c7-4a22-a47d-8c48425ef4a7,http://creativecommons.org/licenses/by-nc/4.0/legalcode,https://www.gbif.org/occurrence/4952828908,True,False
8d2695fe13655abe804cf000,mimosa_pigra,Mimosa pigra,Mimosa pigra L.,GBIF,4978562103,inat:248011764,HUMAN_OBSERVATION,2024-10-19T09:10,2024,MY,3.025061,101.696686,,Selangor,,PRESENT,CONTINENT_DERIVED_FROM_COORDINATES|COORDINATE_ROUNDED|TAXON_ID_NOT_FOUND,iNaturalist research-grade observations,50c9509d-22c7-4a22-a47d-8c48425ef4a7,http://creativecommons.org/licenses/by/4.0/legalcode,https://www.gbif.org/occurrence/4978562103,True,False
79e3adf9da8f21eb1a0cb006,mimosa_pigra,Mimosa pigra,Mimosa pigra L.,GBIF,4993863973,inat:253002964,HUMAN_OBSERVATION,2024-11-25T10:16,2024,MY,2.722606,101.887567,,Negeri Sembilan,,PRESENT,CONTINENT_DERIVED_FROM_COORDINATES|COORDINATE_ROUNDED|TAXON_ID_NOT_FOUND,iNaturalist research-grade observations,50c9509d-22c7-4a22-a47d-8c48425ef4a7,http://creativecommons.org/licenses/by/4.0/legalcode,https://www.gbif.org/occurrence/4993863973,True,False
6947de4c322cf98be727e367,mimosa_pigra,Mimosa pigra,Mimosa pigra L.,GBIF,5006736949,inat:249340934,HUMAN_OBSERVATION,2024-07-15T06:55,2024,MY,6.605881,100.228925,15.0,Perlis,,PRESENT,CONTINENT_DERIVED_FROM_COORDINATES|COORDINATE_ROUNDED|TAXON_ID_NOT_FOUND,iNaturalist research-grade observations,50c9509d-22c7-4a22-a47d-8c48425ef4a7,http://creativecommons.org/licenses/by-nc/4.0/legalcode,https://www.gbif.org/occurrence/5006736949,True,True
4d0d5d3b9e032e6ba31321eb,mimosa_pigra,Mimosa pigra,Mimosa pigra L.,GBIF,5055047502,,PRESERVED_SPECIMEN,1987-01-24,1987,MY,3.083333,101.5,,,"Selangor, Dist. of Petaling, Shah Alam.",PRESENT,COLLECTION_MATCH_NONE|COORDINATE_ROUNDED|GEODETIC_DATUM_ASSUMED_WGS84|INSTITUTION_MATCH_FUZZY|OCCURRENCE_STATUS_INFERRED_FROM_INDIVIDUAL_COUNT|TAXON_ID_NOT_FOUND,Tropicos,7bd65a7a-f762-11e1-a439-00145eb45e9a,http://creativecommons.org/licenses/by/4.0/legalcode,https://www.gbif.org/occurrence/5055047502,True,False
be98826b0ba41546314e42a7,mimosa_pigra,Mimosa pigra,Mimosa pigra L.,GBIF,5103639679,,PRESERVED_SPECIMEN,1987-01-24,1987,MY,3.083333,101.5,,Selangor,"Shah Alam, Petaling District",PRESENT,CONTINENT_DERIVED_FROM_COORDINATES|COORDINATE_ROUNDED|INSTITUTION_COLLECTION_MISMATCH|INSTITUTION_MATCH_FUZZY,,1a9d08bb-9e2c-4540-8f7f-3205846b6ddc,http://creativecommons.org/publicdomain/zero/1.0/legalcode,https://www.gbif.org/occurrence/5103639679,True,False
c054c3240b1f2c685bfd2276,mimosa_pigra,Mimosa pigra,Mimosa pigra L.,GBIF,5834009352,,HUMAN_OBSERVATION,2022-07-25/2022-08-10,2022,MY,4.539048,101.15437,,,,PRESENT,CONTINENT_DERIVED_FROM_COORDINATES|COORDINATE_ROUNDED,,0a0ec4dc-41aa-4a40-b08d-153dd02078eb,http://creativecommons.org/licenses/by-nc/4.0/legalcode,https://www.gbif.org/occurrence/5834009352,True,False
aa42f43d50aef705d3c4f28e,mimosa_pigra,Mimosa pigra,Mimosa pigra L.,GBIF,6320492860,inat:70454933,HUMAN_OBSERVATION,2021-02-12T18:28,2021,MY,3.18018,101.607826,90.0,Selangor,,PRESENT,CONTINENT_DERIVED_FROM_COORDINATES|COORDINATE_ROUNDED|TAXON_ID_NOT_FOUND,iNaturalist research-grade observations,50c9509d-22c7-4a22-a47d-8c48425ef4a7,http://creativecommons.org/licenses/by-nc/4.0/legalcode,https://www.gbif.org/occurrence/6320492860,True,True
1df1e168857f660fd3d23d71,mimosa_pigra,Mimosa pigra,Mimosa pigra L.,GBIF,6320551806,inat:91505681,HUMAN_OBSERVATION,2021-08-07T18:31,2021,MY,3.180195,101.606972,15.0,Selangor,,PRESENT,CONTINENT_DERIVED_FROM_COORDINATES|COORDINATE_ROUNDED|TAXON_ID_NOT_FOUND,iNaturalist research-grade observations,50c9509d-22c7-4a22-a47d-8c48425ef4a7,http://creativecommons.org/licenses/by-nc/4.0/legalcode,https://www.gbif.org/occurrence/6320551806,True,True
b4f5bb2008a56b8d17778985,mimosa_pigra,Mimosa pigra,Mimosa pigra L.,GBIF,6481106337,inat:354790870,HUMAN_OBSERVATION,2026-04-26T08:34:16,2026,MY,3.316088,102.455758,1.0,Pahang,,PRESENT,CONTINENT_DERIVED_FROM_COORDINATES|COORDINATE_ROUNDED|TAXON_ID_NOT_FOUND,iNaturalist research-grade observations,50c9509d-22c7-4a22-a47d-8c48425ef4a7,http://creativecommons.org/licenses/by-nc/4.0/legalcode,https://www.gbif.org/occurrence/6481106337,True,True
fea815dcc918a2b466c392eb,oxalis_corniculata,Oxalis corniculata,Oxalis corniculata L.,GBIF,1850899228,inat:11471174,HUMAN_OBSERVATION,2018-04-27T10:28:46,2018,MY,3.038744,101.79342,820.0,Selangor,,PRESENT,CONTINENT_DERIVED_FROM_COORDINATES|COORDINATE_ROUNDED|TAXON_ID_NOT_FOUND,iNaturalist research-grade observations,50c9509d-22c7-4a22-a47d-8c48425ef4a7,http://creativecommons.org/licenses/by-nc/4.0/legalcode,https://www.gbif.org/occurrence/1850899228,True,False
cf103f92937417306cea6c18,oxalis_corniculata,Oxalis corniculata,Oxalis corniculata L.,GBIF,1913654196,inat:11702123,HUMAN_OBSERVATION,2018-04-29T10:08,2018,MY,3.122947,101.73117,737.0,Kuala Lumpur,,PRESENT,CONTINENT_DERIVED_FROM_COORDINATES|COORDINATE_ROUNDED|TAXON_ID_NOT_FOUND,iNaturalist research-grade observations,50c9509d-22c7-4a22-a47d-8c48425ef4a7,http://creativecommons.org/licenses/by-nc/4.0/legalcode,https://www.gbif.org/occurrence/1913654196,True,False
10b3a6cd5cb2a13eef3bb612,oxalis_corniculata,Oxalis corniculata,Oxalis corniculata L.,GBIF,2397654261,inat:31897898,HUMAN_OBSERVATION,2019-09-01T11:46:51,2019,MY,2.992073,101.715593,11.0,Selangor,,PRESENT,CONTINENT_DERIVED_FROM_COORDINATES|COORDINATE_ROUNDED|TAXON_ID_NOT_FOUND,iNaturalist research-grade observations,50c9509d-22c7-4a22-a47d-8c48425ef4a7,http://creativecommons.org/licenses/by-nc/4.0/legalcode,https://www.gbif.org/occurrence/2397654261,True,False
5140f324e0ae7bc4b860f921,oxalis_corniculata,Oxalis corniculata,Oxalis corniculata L.,GBIF,2515288836,,PRESERVED_SPECIMEN,2006-03-22,2006,MY,3.43944,101.80139,,,"Pahang, Bentung, Genting Highlands, Gunung Ulu Kali, Near communication tower.",PRESENT,,,15f819bd-6612-4447-854b-14d12ee1022d,http://creativecommons.org/publicdomain/zero/1.0/legalcode,https://www.gbif.org/occurrence/2515288836,True,False
e48afd39a70dfa7026f6bf4c,oxalis_corniculata,Oxalis corniculata,Oxalis corniculata L.,GBIF,2603443280,inat:42290684,HUMAN_OBSERVATION,2020-04-16T11:25:42,2020,MY,2.433434,101.86511,167.0,Negeri Sembilan,,PRESENT,CONTINENT_DERIVED_FROM_COORDINATES|COORDINATE_ROUNDED|TAXON_ID_NOT_FOUND,iNaturalist research-grade observations,50c9509d-22c7-4a22-a47d-8c48425ef4a7,http://creativecommons.org/licenses/by-nc/4.0/legalcode,https://www.gbif.org/occurrence/2603443280,True,False
622c12b79514473bdeac72e0,oxalis_corniculata,Oxalis corniculata,Oxalis corniculata L.,GBIF,2864863313,inat:59549057,HUMAN_OBSERVATION,2020-09-14T13:15:03,2020,MY,3.052251,101.752909,5.0,Selangor,,PRESENT,CONTINENT_DERIVED_FROM_COORDINATES|COORDINATE_ROUNDED|TAXON_ID_NOT_FOUND,iNaturalist research-grade observations,50c9509d-22c7-4a22-a47d-8c48425ef4a7,http://creativecommons.org/licenses/by-nc/4.0/legalcode,https://www.gbif.org/occurrence/2864863313,True,False
c386a48fd060a759bf926644,oxalis_corniculata,Oxalis corniculata,Oxalis corniculata L.,GBIF,2984428729,inat:64510978,HUMAN_OBSERVATION,2020-11-09T17:57:01,2020,MY,3.038399,101.802169,3.0,Selangor,,PRESENT,CONTINENT_DERIVED_FROM_COORDINATES|COORDINATE_ROUNDED|TAXON_ID_NOT_FOUND,iNaturalist research-grade observations,50c9509d-22c7-4a22-a47d-8c48425ef4a7,http://creativecommons.org/licenses/by-nc/4.0/legalcode,https://www.gbif.org/occurrence/2984428729,True,False
d16ca5b98af2f64137910948,oxalis_corniculata,Oxalis corniculata,Oxalis corniculata L.,GBIF,2992788716,inat:65733944,HUMAN_OBSERVATION,2020-11-28T12:35:47,2020,MY,3.03847,101.802503,3.0,Selangor,,PRESENT,CONTINENT_DERIVED_FROM_COORDINATES|COORDINATE_ROUNDED|TAXON_ID_NOT_FOUND,iNaturalist research-grade observations,50c9509d-22c7-4a22-a47d-8c48425ef4a7,http://creativecommons.org/licenses/by-nc/4.0/legalcode,https://www.gbif.org/occurrence/2992788716,True,False
6216b2ff1ca310863e1c13c6,oxalis_corniculata,Oxalis corniculata,Oxalis corniculata L.,GBIF,3031923601,inat:68527651,HUMAN_OBSERVATION,2021-01-24T11:49:39,2021,MY,3.052173,101.752794,10.0,Selangor,,PRESENT,CONTINENT_DERIVED_FROM_COORDINATES|COORDINATE_ROUNDED|TAXON_ID_NOT_FOUND,iNaturalist research-grade observations,50c9509d-22c7-4a22-a47d-8c48425ef4a7,http://creativecommons.org/licenses/by-nc/4.0/legalcode,https://www.gbif.org/occurrence/3031923601,True,False
89c8ab16c5d032f40a51697d,oxalis_corniculata,Oxalis corniculata,Oxalis corniculata L.,GBIF,3059026368,inat:23327118,HUMAN_OBSERVATION,2019-04-27T15:40,2019,MY,3.120596,101.64821,15.0,Kuala Lumpur,,PRESENT,CONTINENT_DERIVED_FROM_COORDINATES|COORDINATE_ROUNDED|TAXON_ID_NOT_FOUND,iNaturalist research-grade observations,50c9509d-22c7-4a22-a47d-8c48425ef4a7,http://creativecommons.org/licenses/by-nc/4.0/legalcode,https://www.gbif.org/occurrence/3059026368,True,False
68070d6c2d9d2ceb9549fe07,oxalis_corniculata,Oxalis corniculata,Oxalis corniculata L.,GBIF,3067822592,inat:71801521,HUMAN_OBSERVATION,2021-03-22T05:25:08,2021,MY,5.355661,100.301229,201.0,Pulau Pinang,,PRESENT,CONTINENT_DERIVED_FROM_COORDINATES|COORDINATE_ROUNDED|TAXON_ID_NOT_FOUND,iNaturalist research-grade observations,50c9509d-22c7-4a22-a47d-8c48425ef4a7,http://creativecommons.org/licenses/by-nc/4.0/legalcode,https://www.gbif.org/occurrence/3067822592,True,False
59b44f475975ead0f0c3809a,oxalis_corniculata,Oxalis corniculata,Oxalis corniculata L.,GBIF,3070696012,inat:72262174,HUMAN_OBSERVATION,2021-03-27T15:18:28,2021,MY,2.411277,101.84908,212.0,Negeri Sembilan,,PRESENT,CONTINENT_DERIVED_FROM_COORDINATES|COORDINATE_ROUNDED|TAXON_ID_NOT_FOUND,iNaturalist research-grade observations,50c9509d-22c7-4a22-a47d-8c48425ef4a7,http://creativecommons.org/licenses/by-nc/4.0/legalcode,https://www.gbif.org/occurrence/3070696012,True,False
ca3fda514ac96d84571509bb,oxalis_corniculata,Oxalis corniculata,Oxalis corniculata L.,GBIF,3097272701,inat:74148002,HUMAN_OBSERVATION,2021-04-05T14:20Z,2021,MY,5.357694,100.302956,60.0,Pulau Pinang,,PRESENT,CONTINENT_DERIVED_FROM_COORDINATES|COORDINATE_ROUNDED|TAXON_ID_NOT_FOUND,iNaturalist research-grade observations,50c9509d-22c7-4a22-a47d-8c48425ef4a7,http://creativecommons.org/licenses/by-nc/4.0/legalcode,https://www.gbif.org/occurrence/3097272701,True,False
c9a3524304bf2f346a9e143f,oxalis_corniculata,Oxalis corniculata,Oxalis corniculata L.,GBIF,3117769546,inat:78047013,HUMAN_OBSERVATION,2021-05-09T17:08:03,2021,MY,3.041078,101.440558,,Selangor,,PRESENT,CONTINENT_DERIVED_FROM_COORDINATES|COORDINATE_ROUNDED|TAXON_ID_NOT_FOUND,iNaturalist research-grade observations,50c9509d-22c7-4a22-a47d-8c48425ef4a7,http://creativecommons.org/licenses/by-nc/4.0/legalcode,https://www.gbif.org/occurrence/3117769546,True,False
a3ff373f13eea201ce548099,oxalis_corniculata,Oxalis corniculata,Oxalis corniculata L.,GBIF,3117789514,inat:76821293,HUMAN_OBSERVATION,2021-05-03T11:27:32,2021,MY,3.193878,101.609219,79.0,Selangor,,PRESENT,CONTINENT_DERIVED_FROM_COORDINATES|COORDINATE_ROUNDED|TAXON_ID_NOT_FOUND,iNaturalist research-grade observations,50c9509d-22c7-4a22-a47d-8c48425ef4a7,http://creativecommons.org/licenses/by-nc/4.0/legalcode,https://www.gbif.org/occurrence/3117789514,True,False
26a866d86f49d4d4c1944fbe,oxalis_corniculata,Oxalis corniculata,Oxalis corniculata L.,GBIF,3117887518,inat:76830746,HUMAN_OBSERVATION,2021-04-30T18:22,2021,MY,2.841463,101.796473,2.0,Negeri Sembilan,,PRESENT,CONTINENT_DERIVED_FROM_COORDINATES|COORDINATE_ROUNDED|TAXON_ID_NOT_FOUND,iNaturalist research-grade observations,50c9509d-22c7-4a22-a47d-8c48425ef4a7,http://creativecommons.org/licenses/by-nc/4.0/legalcode,https://www.gbif.org/occurrence/3117887518,True,False
22ca5819ada116cd6de611dd,oxalis_corniculata,Oxalis corniculata,Oxalis corniculata L.,GBIF,3118339045,inat:78981632,HUMAN_OBSERVATION,2021-05-04T12:42,2021,MY,3.044703,101.605656,,Selangor,,PRESENT,CONTINENT_DERIVED_FROM_COORDINATES|COORDINATE_ROUNDED|TAXON_ID_NOT_FOUND,iNaturalist research-grade observations,50c9509d-22c7-4a22-a47d-8c48425ef4a7,http://creativecommons.org/licenses/by-nc/4.0/legalcode,https://www.gbif.org/occurrence/3118339045,True,False
1f8e1355e29e43c483508ec1,oxalis_corniculata,Oxalis corniculata,Oxalis corniculata L.,GBIF,3118382493,inat:76884165,HUMAN_OBSERVATION,2021-05-01T18:32,2021,MY,2.841097,101.796745,4.0,Negeri Sembilan,,PRESENT,CONTINENT_DERIVED_FROM_COORDINATES|COORDINATE_ROUNDED|TAXON_ID_NOT_FOUND,iNaturalist research-grade observations,50c9509d-22c7-4a22-a47d-8c48425ef4a7,http://creativecommons.org/licenses/by-nc/4.0/legalcode,https://www.gbif.org/occurrence/3118382493,True,False
41af48d424957ab3673ead73,oxalis_corniculata,Oxalis corniculata,Oxalis corniculata L.,GBIF,3118392487,inat:76092273,HUMAN_OBSERVATION,2021-05-01T18:42:08,2021,MY,3.33393,101.529021,18.0,Selangor,,PRESENT,CONTINENT_DERIVED_FROM_COORDINATES|COORDINATE_ROUNDED|TAXON_ID_NOT_FOUND,iNaturalist research-grade observations,50c9509d-22c7-4a22-a47d-8c48425ef4a7,http://creativecommons.org/licenses/by-nc/4.0/legalcode,https://www.gbif.org/occurrence/3118392487,True,False
ebb30f0c33cc788a9c10cc89,oxalis_corniculata,Oxalis corniculata,Oxalis corniculata L.,GBIF,3314455585,inat:83126327,HUMAN_OBSERVATION,2021-05-01T17:21:54,2021,MY,5.423366,100.297835,,Pulau Pinang,,PRESENT,CONTINENT_DERIVED_FROM_COORDINATES|COORDINATE_ROUNDED|TAXON_ID_NOT_FOUND,iNaturalist research-grade observations,50c9509d-22c7-4a22-a47d-8c48425ef4a7,http://creativecommons.org/licenses/by-nc/4.0/legalcode,https://www.gbif.org/occurrence/3314455585,True,False
a3a5f7fa6a953b4cecf700cf,oxalis_corniculata,Oxalis corniculata,Oxalis corniculata L.,GBIF,3314500475,inat:80731141,HUMAN_OBSERVATION,2021-05-08T09:33,2021,MY,3.163169,101.73842,,Kuala Lumpur,,PRESENT,CONTINENT_DERIVED_FROM_COORDINATES|COORDINATE_ROUNDED|TAXON_ID_NOT_FOUND,iNaturalist research-grade observations,50c9509d-22c7-4a22-a47d-8c48425ef4a7,http://creativecommons.org/licenses/by-nc/4.0/legalcode,https://www.gbif.org/occurrence/3314500475,True,False
36b8929f232a17a421fccb99,oxalis_corniculata,Oxalis corniculata,Oxalis corniculata L.,GBIF,3333390651,inat:88206928,HUMAN_OBSERVATION,2021-07-23T09:42:16,2021,MY,5.365935,100.536682,,Kedah,,PRESENT,CONTINENT_DERIVED_FROM_COORDINATES|COORDINATE_ROUNDED|TAXON_ID_NOT_FOUND,iNaturalist research-grade observations,50c9509d-22c7-4a22-a47d-8c48425ef4a7,http://creativecommons.org/licenses/by-nc/4.0/legalcode,https://www.gbif.org/occurrence/3333390651,True,False
b241655798a3674ebe26dcc0,oxalis_corniculata,Oxalis corniculata,Oxalis corniculata L.,GBIF,3343827593,inat:88786600,HUMAN_OBSERVATION,2021-07-27T13:35:43,2021,MY,5.366224,100.536705,,Kedah,,PRESENT,CONTINENT_DERIVED_FROM_COORDINATES|COORDINATE_ROUNDED|TAXON_ID_NOT_FOUND,iNaturalist research-grade observations,50c9509d-22c7-4a22-a47d-8c48425ef4a7,http://creativecommons.org/licenses/by-nc/4.0/legalcode,https://www.gbif.org/occurrence/3343827593,True,False
ffddba80a60e8d0af3eb9e13,oxalis_corniculata,Oxalis corniculata,Oxalis corniculata L.,GBIF,3343931440,inat:71933622,HUMAN_OBSERVATION,2021-03-24T05:39:28,2021,MY,5.356184,100.291171,20.0,Pulau Pinang,,PRESENT,CONTINENT_DERIVED_FROM_COORDINATES|COORDINATE_ROUNDED|TAXON_ID_NOT_FOUND,iNaturalist research-grade observations,50c9509d-22c7-4a22-a47d-8c48425ef4a7,http://creativecommons.org/licenses/by-nc/4.0/legalcode,https://www.gbif.org/occurrence/3343931440,True,False
a7a126c791d5cee9b5ce52b2,oxalis_corniculata,Oxalis corniculata,Oxalis corniculata L.,GBIF,3344002429,inat:72146718,HUMAN_OBSERVATION,2021-03-27T06:43:39,2021,MY,5.354935,100.301245,19.0,Pulau Pinang,,PRESENT,CONTINENT_DERIVED_FROM_COORDINATES|COORDINATE_ROUNDED|TAXON_ID_NOT_FOUND,iNaturalist research-grade observations,50c9509d-22c7-4a22-a47d-8c48425ef4a7,http://creativecommons.org/licenses/by-nc/4.0/legalcode,https://www.gbif.org/occurrence/3344002429,True,False
b5794c34b914590f9a3c4ff7,oxalis_corniculata,Oxalis corniculata,Oxalis corniculata L.,GBIF,3415854545,inat:101183691,HUMAN_OBSERVATION,2021-11-07T10:44:38,2021,MY,2.237287,102.270072,4.0,Melaka,,PRESENT,CONTINENT_DERIVED_FROM_COORDINATES|COORDINATE_ROUNDED|TAXON_ID_NOT_FOUND,iNaturalist research-grade observations,50c9509d-22c7-4a22-a47d-8c48425ef4a7,http://creativecommons.org/licenses/by-nc/4.0/legalcode,https://www.gbif.org/occurrence/3415854545,True,False
a0636348a7781dc1f947697a,oxalis_corniculata,Oxalis corniculata,Oxalis corniculata L.,GBIF,3456909461,inat:103726398,HUMAN_OBSERVATION,2021-12-25T12:03:04,2021,MY,3.038684,101.802459,,Selangor,,PRESENT,CONTINENT_DERIVED_FROM_COORDINATES|COORDINATE_ROUNDED|TAXON_ID_NOT_FOUND,iNaturalist research-grade observations,50c9509d-22c7-4a22-a47d-8c48425ef4a7,http://creativecommons.org/licenses/by-nc/4.0/legalcode,https://www.gbif.org/occurrence/3456909461,True,False
43e20e857d17af6f0c50abaf,oxalis_corniculata,Oxalis corniculata,Oxalis corniculata L.,GBIF,3772801604,inat:113322432,HUMAN_OBSERVATION,2022-04-29T09:08:48,2022,MY,3.131068,101.658169,,Kuala Lumpur,,PRESENT,CONTINENT_DERIVED_FROM_COORDINATES|COORDINATE_ROUNDED|TAXON_ID_NOT_FOUND,iNaturalist research-grade observations,50c9509d-22c7-4a22-a47d-8c48425ef4a7,http://creativecommons.org/licenses/by-nc/4.0/legalcode,https://www.gbif.org/occurrence/3772801604,True,False
a73ce279d5852d9b3f2564df,oxalis_corniculata,Oxalis corniculata,Oxalis corniculata L.,GBIF,3858721109,inat:122280565,HUMAN_OBSERVATION,2022-06-18T12:57:15,2022,MY,3.156024,101.746525,,Selangor,,PRESENT,CONTINENT_DERIVED_FROM_COORDINATES|COORDINATE_ROUNDED|TAXON_ID_NOT_FOUND,iNaturalist research-grade observations,50c9509d-22c7-4a22-a47d-8c48425ef4a7,http://creativecommons.org/licenses/by/4.0/legalcode,https://www.gbif.org/occurrence/3858721109,True,False
e0d98323180405790469f026,oxalis_corniculata,Oxalis corniculata,Oxalis corniculata L.,GBIF,3963396229,inat:141324101,HUMAN_OBSERVATION,2022-11-05T13:57:12,2022,MY,3.712426,101.728395,,Pahang,,PRESENT,CONTINENT_DERIVED_FROM_COORDINATES|COORDINATE_ROUNDED|TAXON_ID_NOT_FOUND,iNaturalist research-grade observations,50c9509d-22c7-4a22-a47d-8c48425ef4a7,http://creativecommons.org/publicdomain/zero/1.0/legalcode,https://www.gbif.org/occurrence/3963396229,True,False
1d01f6ff604ec09e106e4242,oxalis_corniculata,Oxalis corniculata,Oxalis corniculata L.,GBIF,4420713177,inat:185241038,HUMAN_OBSERVATION,2023-09-28T13:09:59,2023,MY,2.969672,101.691733,,Selangor,,PRESENT,CONTINENT_DERIVED_FROM_COORDINATES|COORDINATE_ROUNDED|TAXON_ID_NOT_FOUND,iNaturalist research-grade observations,50c9509d-22c7-4a22-a47d-8c48425ef4a7,http://creativecommons.org/licenses/by-nc/4.0/legalcode,https://www.gbif.org/occurrence/4420713177,True,False
df4f9c4942749eeb1319fada,oxalis_corniculata,Oxalis corniculata,Oxalis corniculata L.,GBIF,4420942415,inat:185241177,HUMAN_OBSERVATION,2023-09-28T13:15:17,2023,MY,2.969617,101.691649,,Selangor,,PRESENT,CONTINENT_DERIVED_FROM_COORDINATES|COORDINATE_ROUNDED|TAXON_ID_NOT_FOUND,iNaturalist research-grade observations,50c9509d-22c7-4a22-a47d-8c48425ef4a7,http://creativecommons.org/licenses/by-nc/4.0/legalcode,https://www.gbif.org/occurrence/4420942415,True,False
7a4fbc5f215030974962b4fc,oxalis_corniculata,Oxalis corniculata,Oxalis corniculata L.,GBIF,4516544516,inat:197120036,HUMAN_OBSERVATION,2024-01-20T14:17:11,2024,MY,4.35716,100.958067,7.0,Perak,,PRESENT,CONTINENT_DERIVED_FROM_COORDINATES|COORDINATE_ROUNDED|TAXON_ID_NOT_FOUND,iNaturalist research-grade observations,50c9509d-22c7-4a22-a47d-8c48425ef4a7,http://creativecommons.org/licenses/by-nc/4.0/legalcode,https://www.gbif.org/occurrence/4516544516,True,False
d2eeb9bf5067f47b0b355951,oxalis_corniculata,Oxalis corniculata,Oxalis corniculata L.,GBIF,4846983579,inat:206991176,HUMAN_OBSERVATION,2024-04-13T14:06:23,2024,MY,4.499458,101.398959,62.0,Pahang,,PRESENT,CONTINENT_DERIVED_FROM_COORDINATES|COORDINATE_ROUNDED|TAXON_ID_NOT_FOUND,iNaturalist research-grade observations,50c9509d-22c7-4a22-a47d-8c48425ef4a7,http://creativecommons.org/licenses/by-nc/4.0/legalcode,https://www.gbif.org/occurrence/4846983579,True,False
dfb47d5835175771e041b63b,oxalis_corniculata,Oxalis corniculata,Oxalis corniculata L.,GBIF,4855442132,inat:212784096,HUMAN_OBSERVATION,2024-05-02T10:13:32,2024,MY,2.890604,102.391852,4.0,Negeri Sembilan,,PRESENT,CONTINENT_DERIVED_FROM_COORDINATES|COORDINATE_ROUNDED|TAXON_ID_NOT_FOUND,iNaturalist research-grade observations,50c9509d-22c7-4a22-a47d-8c48425ef4a7,http://creativecommons.org/licenses/by-nc/4.0/legalcode,https://www.gbif.org/occurrence/4855442132,True,False
a6f49bea4736eba3cba00357,oxalis_corniculata,Oxalis corniculata,Oxalis corniculata L.,GBIF,4891875758,inat:221057037,HUMAN_OBSERVATION,2024-06-07T16:44:40,2024,MY,1.762315,104.081207,9.0,Johor,,PRESENT,CONTINENT_DERIVED_FROM_COORDINATES|COORDINATE_ROUNDED|TAXON_ID_NOT_FOUND,iNaturalist research-grade observations,50c9509d-22c7-4a22-a47d-8c48425ef4a7,http://creativecommons.org/licenses/by-nc/4.0/legalcode,https://www.gbif.org/occurrence/4891875758,True,False
7e7b73ea99d7c489b17b9cb6,oxalis_corniculata,Oxalis corniculata,Oxalis corniculata L.,GBIF,5103609076,,PRESERVED_SPECIMEN,1987-02-03,1987,MY,3.083333,101.5,,Selangor,"Shah Alam, Petaling District",PRESENT,CONTINENT_DERIVED_FROM_COORDINATES|COORDINATE_ROUNDED|INSTITUTION_COLLECTION_MISMATCH|INSTITUTION_MATCH_FUZZY,,1a9d08bb-9e2c-4540-8f7f-3205846b6ddc,http://creativecommons.org/publicdomain/zero/1.0/legalcode,https://www.gbif.org/occurrence/5103609076,True,False
ded23a850116e50d15ecfee4,oxalis_corniculata,Oxalis corniculata,Oxalis corniculata L.,GBIF,5140717682,inat:274360867,HUMAN_OBSERVATION,2025-04-27T10:50:25,2025,MY,3.015886,101.695494,,Selangor,,PRESENT,CONTINENT_DERIVED_FROM_COORDINATES|COORDINATE_ROUNDED|TAXON_ID_NOT_FOUND,iNaturalist research-grade observations,50c9509d-22c7-4a22-a47d-8c48425ef4a7,http://creativecommons.org/licenses/by/4.0/legalcode,https://www.gbif.org/occurrence/5140717682,True,False
2f006a3297f9f1119f98fb9d,oxalis_corniculata,Oxalis corniculata,Oxalis corniculata L.,GBIF,5292517767,inat:302229582,HUMAN_OBSERVATION,2025-07-29T09:47,2025,MY,2.800553,102.015147,,Negeri Sembilan,,PRESENT,CONTINENT_DERIVED_FROM_COORDINATES|COORDINATE_ROUNDED|TAXON_ID_NOT_FOUND,iNaturalist research-grade observations,50c9509d-22c7-4a22-a47d-8c48425ef4a7,http://creativecommons.org/licenses/by/4.0/legalcode,https://www.gbif.org/occurrence/5292517767,True,False
5c114dbe7bb3924f52597a46,oxalis_corniculata,Oxalis corniculata,Oxalis corniculata L.,GBIF,5840084252,inat:318791749,HUMAN_OBSERVATION,2025-10-05T10:32:57,2025,MY,3.013372,101.696581,,Selangor,,PRESENT,CONTINENT_DERIVED_FROM_COORDINATES|COORDINATE_ROUNDED|TAXON_ID_NOT_FOUND,iNaturalist research-grade observations,50c9509d-22c7-4a22-a47d-8c48425ef4a7,http://creativecommons.org/licenses/by/4.0/legalcode,https://www.gbif.org/occurrence/5840084252,True,False
c64a227dc6f21a957138a0e5,oxalis_corniculata,Oxalis corniculata,Oxalis corniculata L.,GBIF,6235567777,inat:351635184,HUMAN_OBSERVATION,2026-04-21T11:19:41,2026,MY,3.754292,102.561128,7.0,Pahang,,PRESENT,CONTINENT_DERIVED_FROM_COORDINATES|COORDINATE_ROUNDED|TAXON_ID_NOT_FOUND,iNaturalist research-grade observations,50c9509d-22c7-4a22-a47d-8c48425ef4a7,http://creativecommons.org/licenses/by-nc/4.0/legalcode,https://www.gbif.org/occurrence/6235567777,True,False
98763a9d383f7e368c31426d,oxalis_corniculata,Oxalis corniculata,Oxalis corniculata L.,GBIF,6235654323,inat:353171802,HUMAN_OBSERVATION,2026-04-25T08:41:16,2026,MY,3.447676,102.419518,93.0,Pahang,,PRESENT,CONTINENT_DERIVED_FROM_COORDINATES|COORDINATE_ROUNDED|TAXON_ID_NOT_FOUND,iNaturalist research-grade observations,50c9509d-22c7-4a22-a47d-8c48425ef4a7,http://creativecommons.org/licenses/by-nc/4.0/legalcode,https://www.gbif.org/occurrence/6235654323,True,False
4e21adcc85645b0a59f30675,oxalis_corniculata,Oxalis corniculata,Oxalis corniculata L.,GBIF,6252564599,inat:349977101,HUMAN_OBSERVATION,2026-04-15T16:59:03,2026,MY,3.52833,103.390808,3.0,Pahang,,PRESENT,CONTINENT_DERIVED_FROM_COORDINATES|COORDINATE_ROUNDED|TAXON_ID_NOT_FOUND,iNaturalist research-grade observations,50c9509d-22c7-4a22-a47d-8c48425ef4a7,http://creativecommons.org/licenses/by-nc/4.0/legalcode,https://www.gbif.org/occurrence/6252564599,True,False
f3f707f414e083c4a096d75d,oxalis_corniculata,Oxalis corniculata,Oxalis corniculata L.,GBIF,6479310290,inat:387065404,HUMAN_OBSERVATION,2026-08-01T10:24:38,2026,MY,1.618535,103.618237,8.0,Johor,,PRESENT,CONTINENT_DERIVED_FROM_COORDINATES|COORDINATE_ROUNDED|TAXON_ID_NOT_FOUND,iNaturalist research-grade observations,50c9509d-22c7-4a22-a47d-8c48425ef4a7,http://creativecommons.org/licenses/by-nc/4.0/legalcode,https://www.gbif.org/occurrence/6479310290,True,False
95087e1a10621a56c73fc9a0,oxalis_corniculata,Oxalis corniculata,Oxalis corniculata L.,GBIF,6479759320,inat:387065308,HUMAN_OBSERVATION,2026-08-01T10:24:47,2026,MY,1.618584,103.618294,4.0,Johor,,PRESENT,CONTINENT_DERIVED_FROM_COORDINATES|COORDINATE_ROUNDED|TAXON_ID_NOT_FOUND,iNaturalist research-grade observations,50c9509d-22c7-4a22-a47d-8c48425ef4a7,http://creativecommons.org/licenses/by-nc/4.0/legalcode,https://www.gbif.org/occurrence/6479759320,True,False
e2d444f7ce59d67881364c8f,oxalis_corniculata,Oxalis corniculata,Oxalis corniculata L.,GBIF,6480551903,inat:387065154,HUMAN_OBSERVATION,2026-08-01T10:23:46,2026,MY,1.618547,103.618382,5.0,Johor,,PRESENT,CONTINENT_DERIVED_FROM_COORDINATES|COORDINATE_ROUNDED|TAXON_ID_NOT_FOUND,iNaturalist research-grade observations,50c9509d-22c7-4a22-a47d-8c48425ef4a7,http://creativecommons.org/licenses/by-nc/4.0/legalcode,https://www.gbif.org/occurrence/6480551903,True,False
bc286d8efdfb425fad401052,parthenium_hysterophorus,Parthenium hysterophorus,Parthenium hysterophorus L.,GBIF,4103258710,inat:157886259,HUMAN_OBSERVATION,2023-04-29T17:11:37,2023,MY,5.429492,100.544456,,Kedah,,PRESENT,CONTINENT_DERIVED_FROM_COORDINATES|COORDINATE_ROUNDED|TAXON_ID_NOT_FOUND,iNaturalist research-grade observations,50c9509d-22c7-4a22-a47d-8c48425ef4a7,http://creativecommons.org/licenses/by-nc/4.0/legalcode,https://www.gbif.org/occurrence/4103258710,True,False
f2bd67dd4cb66d409e6cf060,parthenium_hysterophorus,Parthenium hysterophorus,Parthenium hysterophorus L.,GBIF,4522528448,inat:189913421,HUMAN_OBSERVATION,2023-11-04T10:05:19,2023,MY,1.452817,103.900668,9.0,Johor,,PRESENT,CONTINENT_DERIVED_FROM_COORDINATES|COORDINATE_ROUNDED|TAXON_ID_NOT_FOUND,iNaturalist research-grade observations,50c9509d-22c7-4a22-a47d-8c48425ef4a7,http://creativecommons.org/licenses/by-nc/4.0/legalcode,https://www.gbif.org/occurrence/4522528448,True,True
3e37178efab736339fe130f2,parthenium_hysterophorus,Parthenium hysterophorus,Parthenium hysterophorus L.,GBIF,4982150381,inat:251184739,HUMAN_OBSERVATION,2024-07-21T07:29,2024,MY,4.603162,101.130344,69.0,Perak,,PRESENT,CONTINENT_DERIVED_FROM_COORDINATES|COORDINATE_ROUNDED|TAXON_ID_NOT_FOUND,iNaturalist research-grade observations,50c9509d-22c7-4a22-a47d-8c48425ef4a7,http://creativecommons.org/licenses/by-nc/4.0/legalcode,https://www.gbif.org/occurrence/4982150381,True,True
534440716614d04c896f52c5,parthenium_hysterophorus,Parthenium hysterophorus,Parthenium hysterophorus,iNaturalist,157866512,inat:157866512,HUMAN_OBSERVATION,2023-04-30 07:37:09,2023,MY,5.6068213,100.4609692997,,,"Sungai Pasir, Sungai Petani, Kedah, Malaysia",PRESENT,,iNaturalist research-grade observations (direct API),,,https://www.inaturalist.org/observations/157866512,True,False
8c73da73450db0f13a826ed0,parthenium_hysterophorus,Parthenium hysterophorus,Parthenium hysterophorus,iNaturalist,20581821,inat:20581821,HUMAN_OBSERVATION,Sat Feb 23 2019 09:38:58 GMT+0800 (GMT+8),2019,MY,5.3787,100.3007583333,6.0,,"2V, Lorong Delima 17, Georgetown, Penang, MY",PRESENT,,iNaturalist research-grade observations (direct API),,,https://www.inaturalist.org/observations/20581821,True,True
47a7870a18de471040530de6,parthenium_hysterophorus,Parthenium hysterophorus,Parthenium hysterophorus,iNaturalist,20629668,inat:20629668,HUMAN_OBSERVATION,2019-02-23 5:46:13 PM GMT+08:00,2019,MY,5.4079923,100.3351538,60.0,,"Parking, 10300 George Town, Pulau Pinang, Malaysia",PRESENT,,iNaturalist research-grade observations (direct API),,,https://www.inaturalist.org/observations/20629668,True,True
fcf198cbce2b0d93fdc0f885,parthenium_hysterophorus,Parthenium hysterophorus,Parthenium hysterophorus,iNaturalist,295115415,inat:295115415,HUMAN_OBSERVATION,2025-07-04 10:12:52,2025,MY,4.5777256,101.1176833,,,"Sungai Rokam, 31350 Ipoh, Perak, Malaysia",PRESENT,,iNaturalist research-grade observations (direct API),,,https://www.inaturalist.org/observations/295115415,True,False
d16f0d0bd68cc7e01e3b9ccc,parthenium_hysterophorus,Parthenium hysterophorus,Parthenium hysterophorus,iNaturalist,9998347,inat:9998347,HUMAN_OBSERVATION,Sun Feb 25 2018 18:02:04 GMT+0800 (GMT+8),2018,MY,5.3554333333,100.2943116667,6.0,,"University of Science, Malaysia, Kampung Sungai Dua Bukit, Penang, MY",PRESENT,,iNaturalist research-grade observations (direct API),,,https://www.inaturalist.org/observations/9998347,True,True
a8b6d4a8ed2e033f7d152f86,paspalum_vaginatum,Paspalum vaginatum,Paspalum vaginatum Sw.,GBIF,2515125411,,PRESERVED_SPECIMEN,2010-03-02,2010,MY,6.3195,99.79583,,,"Malaysia, Kedah, Lnagkawi, P. Langkawi, Jalan Bukit Malut.",PRESENT,,,15f819bd-6612-4447-854b-14d12ee1022d,http://creativecommons.org/publicdomain/zero/1.0/legalcode,https://www.gbif.org/occurrence/2515125411,True,False
6508183ac6460fe5481fba12,paspalum_vaginatum,Paspalum vaginatum,Paspalum vaginatum Sw.,GBIF,4849438950,,PRESERVED_SPECIMEN,2012-05-03T00:00,2012,MY,2.8,104.183333,,,"Kepong; Rompin, P. Tioman, Kg. Mukut",PRESENT,CONTINENT_DERIVED_FROM_COORDINATES|COORDINATE_ROUNDED|GEODETIC_DATUM_ASSUMED_WGS84|INSTITUTION_COLLECTION_MISMATCH|INSTITUTION_MATCH_FUZZY,,cd6e21c8-9e8a-493a-8a76-fbf7862069e5,http://creativecommons.org/licenses/by/4.0/legalcode,https://www.gbif.org/occurrence/4849438950,True,False
792675e768c5331d016a29a1,pennisetum_polystachyum,Pennisetum polystachyum,Pennisetum polystachion (L.) Schult.,GBIF,1304347068,,OCCURRENCE,2001-03-14,2001,MY,5.516667,118.3,,Borneo,,PRESENT,CONTINENT_DERIVED_FROM_COORDINATES|COORDINATE_ROUNDED|GEODETIC_DATUM_ASSUMED_WGS84,,07044577-bd82-4089-9f3a-f4a9d2170b2e,http://creativecommons.org/licenses/by/4.0/legalcode,https://www.gbif.org/occurrence/1304347068,True,False
7273c27581bc2df0a4314d09,pennisetum_polystachyum,Pennisetum polystachyum,Pennisetum polystachion (L.) Schult.,GBIF,2513603526,,PRESERVED_SPECIMEN,1999-03-23,1999,MY,2.75,102.16667,,,Dangi,PRESENT,,,15f819bd-6612-4447-854b-14d12ee1022d,http://creativecommons.org/publicdomain/zero/1.0/legalcode,https://www.gbif.org/occurrence/2513603526,True,False
ab55b71323a47410b8c05ec1,pennisetum_polystachyum,Pennisetum polystachyum,Pennisetum polystachion (L.) Schult.,GBIF,2513604694,,PRESERVED_SPECIMEN,1995-03-02,1995,MY,5.76667,116.33333,,Borneo,"Sabah, along roadside between Rafflesia Information Centre and G. Alab, Tambunan.",PRESENT,,,15f819bd-6612-4447-854b-14d12ee1022d,http://creativecommons.org/publicdomain/zero/1.0/legalcode,https://www.gbif.org/occurrence/2513604694,True,False
3901771a689dc19694948202,pennisetum_polystachyum,Pennisetum polystachyum,Pennisetum polystachion (L.) Schult.,GBIF,2513605291,,PRESERVED_SPECIMEN,1992-01-13,1992,MY,4.96667,102.71667,,,"Telok Mas, ricefield",PRESENT,,,15f819bd-6612-4447-854b-14d12ee1022d,http://creativecommons.org/publicdomain/zero/1.0/legalcode,https://www.gbif.org/occurrence/2513605291,True,False
9e9a6b8f9fdb1796738587ef,pennisetum_polystachyum,Pennisetum polystachyum,Pennisetum polystachion (L.) Schult.,GBIF,2513606354,,PRESERVED_SPECIMEN,2001-03-14,2001,MY,5.51667,118.3,,Borneo,"Sabah, Kinabatangan district, Sukau",PRESENT,,,15f819bd-6612-4447-854b-14d12ee1022d,http://creativecommons.org/publicdomain/zero/1.0/legalcode,https://www.gbif.org/occurrence/2513606354,True,False
cb2bb662ab161caf2a33f85c,pennisetum_polystachyum,Pennisetum polystachyum,Pennisetum polystachion (L.) Schult.,GBIF,2513606407,,PRESERVED_SPECIMEN,1999-03-23,1999,MY,2.75,102.16667,,,Dangi,PRESENT,,,15f819bd-6612-4447-854b-14d12ee1022d,http://creativecommons.org/publicdomain/zero/1.0/legalcode,https://www.gbif.org/occurrence/2513606407,True,False
3560a4a15affae5ed4fa51ca,pennisetum_polystachyum,Pennisetum polystachyum,Pennisetum polystachion (L.) Schult.,GBIF,2513606476,,PRESERVED_SPECIMEN,1995-03-02,1995,MY,5.76667,116.33333,,Borneo,"Sabah, along roadside between Rafflesia Information Centre and G. Alab, Tambunan.",PRESENT,,,15f819bd-6612-4447-854b-14d12ee1022d,http://creativecommons.org/publicdomain/zero/1.0/legalcode,https://www.gbif.org/occurrence/2513606476,True,False
07fa3bcc14aeabc43a2a4f4b,pennisetum_polystachyum,Pennisetum polystachyum,Setaria parviflora (Poir.) Kerguélen,GBIF,2513643507,,PRESERVED_SPECIMEN,1998-08-10,1998,MY,4.08333,114.88333,,Borneo,Site 93. Mile 86 Along road below Hidden Valley turn-off.,PRESENT,,,15f819bd-6612-4447-854b-14d12ee1022d,http://creativecommons.org/publicdomain/zero/1.0/legalcode,https://www.gbif.org/occurrence/2513643507,True,False
d3dc6fe4d6637e0c0e907c1c,pennisetum_polystachyum,Pennisetum polystachyum,Setaria parviflora (Poir.) Kerguélen,GBIF,2513645521,,PRESERVED_SPECIMEN,1972-09-28,1972,MY,6.51667,116.56667,,Borneo,"Sabah, Kota Belud district, Sungei Talupit, W of Mt. Templer F. Res.",PRESENT,,,15f819bd-6612-4447-854b-14d12ee1022d,http://creativecommons.org/publicdomain/zero/1.0/legalcode,https://www.gbif.org/occurrence/2513645521,True,False
dacf8a6e88cc311fd723a860,pennisetum_polystachyum,Pennisetum polystachyum,Pennisetum polystachion (L.) Schult.,GBIF,2515105356,,PRESERVED_SPECIMEN,2010-03-06,2010,MY,5.78333,100.43333,,,"Malaya. Malaysia, Kedah, Kuala Muda, Gn. Jerai F.R., Road to summit.",PRESENT,,,15f819bd-6612-4447-854b-14d12ee1022d,http://creativecommons.org/publicdomain/zero/1.0/legalcode,https://www.gbif.org/occurrence/2515105356,True,False
8c199b114a7a92711839733d,pennisetum_polystachyum,Pennisetum polystachyum,Pennisetum polystachion (L.) Schult.,GBIF,2516672939,,PRESERVED_SPECIMEN,,,MY,6.3195,99.79583,,,"Malaysia, Kedah; Langkawi, P.Langkawi, Jalan Bukit, Malut.",PRESENT,,,15f819bd-6612-4447-854b-14d12ee1022d,http://creativecommons.org/publicdomain/zero/1.0/legalcode,https://www.gbif.org/occurrence/2516672939,True,False
b06942fb094d529d444cb1fe,pennisetum_polystachyum,Pennisetum polystachyum,Pennisetum polystachion (L.) Schult.,GBIF,2516700913,,PRESERVED_SPECIMEN,2010-03-05,2010,MY,6.68333,100.2,,,"Malaya. Malaysia, Perlis, Titi Tinggi, Wang Kelian, Wang Kelian roadside.",PRESENT,,,15f819bd-6612-4447-854b-14d12ee1022d,http://creativecommons.org/publicdomain/zero/1.0/legalcode,https://www.gbif.org/occurrence/2516700913,True,False
90e4c6c1e635eaa088585cf8,pennisetum_polystachyum,Pennisetum polystachyum,Setaria parviflora (Poir.) Kerguélen,GBIF,2517010237,,PRESERVED_SPECIMEN,2010-03-10,2010,MY,4.5,101.56667,,,Cameron Highlands Montane Park.,PRESENT,,,15f819bd-6612-4447-854b-14d12ee1022d,http://creativecommons.org/publicdomain/zero/1.0/legalcode,https://www.gbif.org/occurrence/2517010237,True,False
5ec012b9dc71d73456feb1c4,pennisetum_polystachyum,Pennisetum polystachyum,Pennisetum polystachion (L.) Schult.,GBIF,2517087671,,PRESERVED_SPECIMEN,1992-01-13,1992,MY,4.96667,102.71667,,,"Telok Mas, ricefield",PRESENT,,,15f819bd-6612-4447-854b-14d12ee1022d,http://creativecommons.org/publicdomain/zero/1.0/legalcode,https://www.gbif.org/occurrence/2517087671,True,False
e81df5dbf99a86a215714313,pennisetum_polystachyum,Pennisetum polystachyum,Setaria parviflora (Poir.) Kerguélen,GBIF,2517277199,,PRESERVED_SPECIMEN,2010-03-05,2010,MY,6.68333,100.2,,,"Titi Tinggi, Wang Kelian.",PRESENT,,,15f819bd-6612-4447-854b-14d12ee1022d,http://creativecommons.org/publicdomain/zero/1.0/legalcode,https://www.gbif.org/occurrence/2517277199,True,False
564ef8fb0ecf2dc9a1a3bda8,pennisetum_polystachyum,Pennisetum polystachyum,Setaria parviflora (Poir.) Kerguélen,GBIF,2517321199,,PRESERVED_SPECIMEN,2010-03-08,2010,MY,4.5,101.56667,,,"Sg Cheroh, road to Cameron Highlands.",PRESENT,,,15f819bd-6612-4447-854b-14d12ee1022d,http://creativecommons.org/publicdomain/zero/1.0/legalcode,https://www.gbif.org/occurrence/2517321199,True,False
05da09f02c6fefd2d7c4432f,psidium_guajava,Psidium guajava,Psidium guajava L.,GBIF,1302594947,,OCCURRENCE,1990-08-10,1990,MY,3.3,101.583333,,,"Germplasm collection at Mardi Station, Serdang, Selangor",PRESENT,CONTINENT_DERIVED_FROM_COORDINATES|COORDINATE_ROUNDED|GEODETIC_DATUM_ASSUMED_WGS84,,07044577-bd82-4089-9f3a-f4a9d2170b2e,http://creativecommons.org/licenses/by/4.0/legalcode,https://www.gbif.org/occurrence/1302594947,True,False
8bcfa416fe7cdfb54bffa9b2,psidium_guajava,Psidium guajava,Psidium guajava L.,GBIF,2242748624,inat:20681875,HUMAN_OBSERVATION,2019-02-22,2019,MY,5.291891,100.261356,4.0,Pulau Pinang,,PRESENT,CONTINENT_DERIVED_FROM_COORDINATES|COORDINATE_ROUNDED|TAXON_ID_NOT_FOUND,iNaturalist research-grade observations,50c9509d-22c7-4a22-a47d-8c48425ef4a7,http://creativecommons.org/licenses/by-nc/4.0/legalcode,https://www.gbif.org/occurrence/2242748624,True,False
5079847d4b9aa14375b73060,psidium_guajava,Psidium guajava,Psidium guajava L.,GBIF,2242765315,inat:23335158,HUMAN_OBSERVATION,2019-04-27T17:52:44,2019,MY,3.036258,101.582873,8.0,Selangor,,PRESENT,CONTINENT_DERIVED_FROM_COORDINATES|COORDINATE_ROUNDED|TAXON_ID_NOT_FOUND,iNaturalist research-grade observations,50c9509d-22c7-4a22-a47d-8c48425ef4a7,http://creativecommons.org/licenses/by-nc/4.0/legalcode,https://www.gbif.org/occurrence/2242765315,True,False
5afcc28c5037c370bce9551b,psidium_guajava,Psidium guajava,Psidium guajava L.,GBIF,2397469848,inat:24273561,HUMAN_OBSERVATION,2019-04-28T07:53,2019,MY,3.0325,101.580556,,Selangor,,PRESENT,CONTINENT_DERIVED_FROM_COORDINATES|COORDINATE_ROUNDED|TAXON_ID_NOT_FOUND,iNaturalist research-grade observations,50c9509d-22c7-4a22-a47d-8c48425ef4a7,http://creativecommons.org/licenses/by-nc/4.0/legalcode,https://www.gbif.org/occurrence/2397469848,True,False
217035a55996d6f0d219bb83,psidium_guajava,Psidium guajava,Psidium guajava L.,GBIF,2513481607,,PRESERVED_SPECIMEN,1963-04-08,1963,MY,3.16667,113.7,,Borneo,"Ulu Tubau, Bintulu.",PRESENT,,,15f819bd-6612-4447-854b-14d12ee1022d,http://creativecommons.org/publicdomain/zero/1.0/legalcode,https://www.gbif.org/occurrence/2513481607,True,False
720ef4c574fdc9dd2a5d6ad1,psidium_guajava,Psidium guajava,Psidium guajava L.,GBIF,2513482411,,PRESERVED_SPECIMEN,1963-04-08,1963,MY,3.16667,113.7,,Borneo,"Ulu Tubau, Bintulu.",PRESENT,,,15f819bd-6612-4447-854b-14d12ee1022d,http://creativecommons.org/publicdomain/zero/1.0/legalcode,https://www.gbif.org/occurrence/2513482411,True,False
fcbccde0345a80d6db08ab7a,psidium_guajava,Psidium guajava,Psidium guajava L.,GBIF,2514427877,,PRESERVED_SPECIMEN,1950-03-17,1950,MY,5.84583,118.07917,,Borneo,"Leila F.R., Sandakan.",PRESENT,,,15f819bd-6612-4447-854b-14d12ee1022d,http://creativecommons.org/publicdomain/zero/1.0/legalcode,https://www.gbif.org/occurrence/2514427877,True,False
5e7d630ff1e77d6f049a8daf,psidium_guajava,Psidium guajava,Psidium guajava L.,GBIF,2514442829,,PRESERVED_SPECIMEN,1986-11-05,1986,MY,5.75,118.06667,,Borneo,"Sepilok F.R., Sepilok Laut, 14 miles W. of Sandakan.",PRESENT,,,15f819bd-6612-4447-854b-14d12ee1022d,http://creativecommons.org/publicdomain/zero/1.0/legalcode,https://www.gbif.org/occurrence/2514442829,True,False
d4f4489a55d363206f59dd5c,psidium_guajava,Psidium guajava,Psidium guajava L.,GBIF,2514454874,,PRESERVED_SPECIMEN,,,MY,5.55,118.1,,Borneo,"Gomantong cave, Sandakan.",PRESENT,,,15f819bd-6612-4447-854b-14d12ee1022d,http://creativecommons.org/publicdomain/zero/1.0/legalcode,https://www.gbif.org/occurrence/2514454874,True,False
2d10eb001f789df1413ed8b1,psidium_guajava,Psidium guajava,Psidium guajava L.,GBIF,2516211601,,PRESERVED_SPECIMEN,1985-04-19,1985,MY,3.01667,113.41667,,Borneo,"Rh. Tukau, Ng. Sebiruh, Ulu Gaat, Kapit, 7th Div.",PRESENT,,,15f819bd-6612-4447-854b-14d12ee1022d,http://creativecommons.org/publicdomain/zero/1.0/legalcode,https://www.gbif.org/occurrence/2516211601,True,False
a41cd0122439af289876f1e5,psidium_guajava,Psidium guajava,Psidium guajava L.,GBIF,2516221760,,PRESERVED_SPECIMEN,1921-10-01/1921-10-31,1921,MY,5.83333,118.11667,,Borneo,"Sandakan, Myburgh province, BNB.",PRESENT,,,15f819bd-6612-4447-854b-14d12ee1022d,http://creativecommons.org/publicdomain/zero/1.0/legalcode,https://www.gbif.org/occurrence/2516221760,True,False
033c06a694bb07dea9518b05,psidium_guajava,Psidium guajava,Psidium guajava L.,GBIF,2516314690,,PRESERVED_SPECIMEN,1963-04-08,1963,MY,3.16667,113.7,,Borneo,"Ulu Tubau, Bintulu.",PRESENT,,,15f819bd-6612-4447-854b-14d12ee1022d,http://creativecommons.org/publicdomain/zero/1.0/legalcode,https://www.gbif.org/occurrence/2516314690,True,False
3efd01ef04e609ec55d10c68,psidium_guajava,Psidium guajava,Psidium guajava L.,GBIF,2516434749,,PRESERVED_SPECIMEN,1985-04-19,1985,MY,3.01667,113.41667,,Borneo,"Rh. Tukau, Ng. Sebiruh, Ulu Gaat, Kapit, 7th Div.",PRESENT,,,15f819bd-6612-4447-854b-14d12ee1022d,http://creativecommons.org/publicdomain/zero/1.0/legalcode,https://www.gbif.org/occurrence/2516434749,True,False
d7eee12a319c55eebdfbdc5b,psidium_guajava,Psidium guajava,Psidium guajava L.,GBIF,2516440735,,PRESERVED_SPECIMEN,1985-05-10,1985,MY,1.73333,111.33333,,Borneo,"Rh. Isa, Ankudu, Saratok, 2nd Div.",PRESENT,,,15f819bd-6612-4447-854b-14d12ee1022d,http://creativecommons.org/publicdomain/zero/1.0/legalcode,https://www.gbif.org/occurrence/2516440735,True,False
6f5429d46087110fc878cbae,psidium_guajava,Psidium guajava,Psidium guajava L.,GBIF,2516446742,,PRESERVED_SPECIMEN,1980-08-31,1980,MY,4.31677,113.99329,,Borneo,"Kg. Silantek, 85th mile Simanggang road, 2nd Div.",PRESENT,,,15f819bd-6612-4447-854b-14d12ee1022d,http://creativecommons.org/publicdomain/zero/1.0/legalcode,https://www.gbif.org/occurrence/2516446742,True,False
57d33c3f121cec7cca539cfa,psidium_guajava,Psidium guajava,Psidium guajava L.,GBIF,2516448728,,PRESERVED_SPECIMEN,1973-05-22,1973,MY,6.06667,116.78333,,Borneo,"Along Sungai Mankadau near Kampong Takutan, Ranau.",PRESENT,,,15f819bd-6612-4447-854b-14d12ee1022d,http://creativecommons.org/publicdomain/zero/1.0/legalcode,https://www.gbif.org/occurrence/2516448728,True,False
0aeb8d37cd327877636f5e1a,psidium_guajava,Psidium guajava,Psidium guajava L.,GBIF,2516467738,,PRESERVED_SPECIMEN,1963-02-01/1963-02-28,1963,MY,1.56111,110.35278,,Borneo,"Kampung Surabaya, Kuching.",PRESENT,,,15f819bd-6612-4447-854b-14d12ee1022d,http://creativecommons.org/publicdomain/zero/1.0/legalcode,https://www.gbif.org/occurrence/2516467738,True,False
abe7e4b8c01618c949a9a353,psidium_guajava,Psidium guajava,Psidium guajava L.,GBIF,2516486758,,PRESERVED_SPECIMEN,1985-03-10,1985,MY,1.05,111.53333,,Borneo,"Rh. Panggang, Lubok Antu, 2nd Div (Tuai Rh. Balai ak. rapek)",PRESENT,,,15f819bd-6612-4447-854b-14d12ee1022d,http://creativecommons.org/publicdomain/zero/1.0/legalcode,https://www.gbif.org/occurrence/2516486758,True,False
6268a788c98eef4540dcea8b,psidium_guajava,Psidium guajava,Psidium guajava L.,GBIF,2517043306,,PRESERVED_SPECIMEN,1921-10-01/1921-10-31,1921,MY,5.83333,118.11667,,Borneo,"Sandakan, Myburgh province, BNB.",PRESENT,,,15f819bd-6612-4447-854b-14d12ee1022d,http://creativecommons.org/publicdomain/zero/1.0/legalcode,https://www.gbif.org/occurrence/2517043306,True,False
e023bc54f9c1a46aee1ab649,psidium_guajava,Psidium guajava,Psidium guajava L.,GBIF,2644166830,,HUMAN_OBSERVATION,2019-09-24T09:10:04.888Z,2019,MY,6.170285,102.325813,,,,PRESENT,CONTINENT_DERIVED_FROM_COORDINATES|COORDINATE_ROUNDED|COUNTRY_DERIVED_FROM_COORDINATES,,7a3679ef-5582-4aaa-81f0-8c2545cafc81,http://creativecommons.org/licenses/by/4.0/legalcode,https://www.gbif.org/occurrence/2644166830,True,False
97adbc92c3a441718b6b680e,psidium_guajava,Psidium guajava,Psidium guajava L.,GBIF,2648637062,,HUMAN_OBSERVATION,2019-07-07T12:33:54.206Z,2019,MY,4.825329,100.721251,23.0,,,PRESENT,CONTINENT_DERIVED_FROM_COORDINATES|COORDINATE_ROUNDED|COUNTRY_DERIVED_FROM_COORDINATES,,14d5676a-2c54-4f94-9023-1e8dcd822aa0,http://creativecommons.org/licenses/by/4.0/legalcode,https://www.gbif.org/occurrence/2648637062,True,False
184e9006c68aebcaba4f67a8,psidium_guajava,Psidium guajava,Psidium guajava L.,GBIF,2976386640,,HUMAN_OBSERVATION,2020-04-14T00:58:59.286Z,2020,MY,5.974742,116.681679,,,,PRESENT,CONTINENT_DERIVED_FROM_COORDINATES|COORDINATE_ROUNDED|COUNTRY_DERIVED_FROM_COORDINATES,,14d5676a-2c54-4f94-9023-1e8dcd822aa0,http://creativecommons.org/licenses/by/4.0/legalcode,https://www.gbif.org/occurrence/2976386640,True,False
e65f5a2053bf6062c267cc1e,psidium_guajava,Psidium guajava,Psidium guajava L.,GBIF,3333436509,inat:89048345,HUMAN_OBSERVATION,2021-07-29T12:35:03,2021,MY,5.912317,102.183236,61.0,Kelantan,,PRESENT,CONTINENT_DERIVED_FROM_COORDINATES|COORDINATE_ROUNDED|TAXON_ID_NOT_FOUND,iNaturalist research-grade observations,50c9509d-22c7-4a22-a47d-8c48425ef4a7,http://creativecommons.org/licenses/by-nc/4.0/legalcode,https://www.gbif.org/occurrence/3333436509,True,False
20753d3dbc81f8556e90a6f6,psidium_guajava,Psidium guajava,Psidium guajava L.,GBIF,3335105644,inat:89150539,HUMAN_OBSERVATION,2021-07-30T08:03:51,2021,MY,5.366033,100.536041,,Kedah,,PRESENT,CONTINENT_DERIVED_FROM_COORDINATES|COORDINATE_ROUNDED|TAXON_ID_NOT_FOUND,iNaturalist research-grade observations,50c9509d-22c7-4a22-a47d-8c48425ef4a7,http://creativecommons.org/licenses/by-nc/4.0/legalcode,https://www.gbif.org/occurrence/3335105644,True,False
7b3401d59bda25aff7fa15a4,psidium_guajava,Psidium guajava,Psidium guajava L.,GBIF,3335546550,inat:89984685,HUMAN_OBSERVATION,2021-08-05T10:01:05,2021,MY,4.47528,114.924287,,Sarawak,,PRESENT,CONTINENT_DERIVED_FROM_COORDINATES|COORDINATE_ROUNDED|TAXON_ID_NOT_FOUND,iNaturalist research-grade observations,50c9509d-22c7-4a22-a47d-8c48425ef4a7,http://creativecommons.org/licenses/by-nc/4.0/legalcode,https://www.gbif.org/occurrence/3335546550,True,False
3c52fb89574ac6bdc8295ca1,psidium_guajava,Psidium guajava,Psidium guajava L.,GBIF,3355539485,inat:77892000,HUMAN_OBSERVATION,2021-05-08T18:01:39,2021,MY,3.198286,101.585918,523.0,Selangor,,PRESENT,CONTINENT_DERIVED_FROM_COORDINATES|COORDINATE_ROUNDED|TAXON_ID_NOT_FOUND,iNaturalist research-grade observations,50c9509d-22c7-4a22-a47d-8c48425ef4a7,http://creativecommons.org/licenses/by-nc/4.0/legalcode,https://www.gbif.org/occurrence/3355539485,True,False
972c54c7e4070f46547e45e1,psidium_guajava,Psidium guajava,Psidium guajava L.,GBIF,3384312703,inat:77906613,HUMAN_OBSERVATION,2021-05-01T18:42,2021,MY,3.095714,101.605935,,Selangor,,PRESENT,CONTINENT_DERIVED_FROM_COORDINATES|TAXON_ID_NOT_FOUND,iNaturalist research-grade observations,50c9509d-22c7-4a22-a47d-8c48425ef4a7,http://creativecommons.org/licenses/by-nc/4.0/legalcode,https://www.gbif.org/occurrence/3384312703,True,False
5cae630a0b8294e43ca23311,psidium_guajava,Psidium guajava,Psidium guajava L.,GBIF,3466003592,inat:88784428,HUMAN_OBSERVATION,2021-07-27T11:13:46,2021,MY,5.366124,100.536674,,Kedah,,PRESENT,CONTINENT_DERIVED_FROM_COORDINATES|COORDINATE_ROUNDED|TAXON_ID_NOT_FOUND,iNaturalist research-grade observations,50c9509d-22c7-4a22-a47d-8c48425ef4a7,http://creativecommons.org/licenses/by-nc/4.0/legalcode,https://www.gbif.org/occurrence/3466003592,True,False
b343bc38585a94049480091f,psidium_guajava,Psidium guajava,Psidium guajava L.,GBIF,3949177320,,HUMAN_OBSERVATION,2020-10-19T08:11:34Z,2020,MY,3.143047,101.637997,,,,PRESENT,CONTINENT_DERIVED_FROM_COORDINATES|COORDINATE_ROUNDED|COUNTRY_DERIVED_FROM_COORDINATES,,7a3679ef-5582-4aaa-81f0-8c2545cafc81,http://creativecommons.org/licenses/by/4.0/legalcode,https://www.gbif.org/occurrence/3949177320,True,False
06f0118b91729a1471ad1d21,psidium_guajava,Psidium guajava,Psidium guajava L.,GBIF,3951714753,,HUMAN_OBSERVATION,2018-09-26T18:15:35.158Z,2018,MY,5.326389,100.445,,,,PRESENT,CONTINENT_DERIVED_FROM_COORDINATES|COORDINATE_ROUNDED|COUNTRY_DERIVED_FROM_COORDINATES,,14d5676a-2c54-4f94-9023-1e8dcd822aa0,http://creativecommons.org/licenses/by/4.0/legalcode,https://www.gbif.org/occurrence/3951714753,True,False
57dda1c82f4bf582056a27f7,psidium_guajava,Psidium guajava,Psidium guajava L.,GBIF,3952373409,,HUMAN_OBSERVATION,2021-12-21T02:23:52.957Z,2021,MY,5.171897,102.044181,5.0,,,PRESENT,CONTINENT_DERIVED_FROM_COORDINATES|COORDINATE_ROUNDED|COUNTRY_DERIVED_FROM_COORDINATES,,14d5676a-2c54-4f94-9023-1e8dcd822aa0,http://creativecommons.org/licenses/by/4.0/legalcode,https://www.gbif.org/occurrence/3952373409,True,False
de4809b15d8f06b2b99b8e7f,psidium_guajava,Psidium guajava,Psidium guajava L.,GBIF,3952395341,,HUMAN_OBSERVATION,2022-05-07T02:00:46.106Z,2022,MY,2.81226,101.495491,14.0,,,PRESENT,CONTINENT_DERIVED_FROM_COORDINATES|COORDINATE_ROUNDED|COUNTRY_DERIVED_FROM_COORDINATES,,14d5676a-2c54-4f94-9023-1e8dcd822aa0,http://creativecommons.org/licenses/by/4.0/legalcode,https://www.gbif.org/occurrence/3952395341,True,False
1b8dd9e2fb09d3f1c2f34afa,psidium_guajava,Psidium guajava,Psidium guajava L.,GBIF,3952948102,,HUMAN_OBSERVATION,2021-01-24T07:58:47.824Z,2021,MY,3.143501,101.618716,63.0,,,PRESENT,CONTINENT_DERIVED_FROM_COORDINATES|COORDINATE_ROUNDED|COUNTRY_DERIVED_FROM_COORDINATES,,14d5676a-2c54-4f94-9023-1e8dcd822aa0,http://creativecommons.org/licenses/by/4.0/legalcode,https://www.gbif.org/occurrence/3952948102,True,False
39d8a2f054adf6bc3faa22fc,psidium_guajava,Psidium guajava,Psidium guajava L.,GBIF,3954113200,,HUMAN_OBSERVATION,2020-08-16T04:09:35.023Z,2020,MY,3.661856,101.88221,,,,PRESENT,CONTINENT_DERIVED_FROM_COORDINATES|COORDINATE_ROUNDED|COUNTRY_DERIVED_FROM_COORDINATES,,14d5676a-2c54-4f94-9023-1e8dcd822aa0,http://creativecommons.org/licenses/by/4.0/legalcode,https://www.gbif.org/occurrence/3954113200,True,False
dcfc50f6bbcba8f16103ed58,psidium_guajava,Psidium guajava,Psidium guajava L.,GBIF,3954272464,,HUMAN_OBSERVATION,2021-06-05T06:36:13.260Z,2021,MY,3.038199,101.585854,16.0,,,PRESENT,CONTINENT_DERIVED_FROM_COORDINATES|COORDINATE_ROUNDED|COUNTRY_DERIVED_FROM_COORDINATES,,14d5676a-2c54-4f94-9023-1e8dcd822aa0,http://creativecommons.org/licenses/by/4.0/legalcode,https://www.gbif.org/occurrence/3954272464,True,False
7fa15804c04e5319de8bc540,psidium_guajava,Psidium guajava,Psidium guajava L.,GBIF,3954999435,,HUMAN_OBSERVATION,2021-09-27T04:34:38.916Z,2021,MY,3.07198,101.576168,2.0,,,PRESENT,CONTINENT_DERIVED_FROM_COORDINATES|COORDINATE_ROUNDED|COUNTRY_DERIVED_FROM_COORDINATES,,14d5676a-2c54-4f94-9023-1e8dcd822aa0,http://creativecommons.org/licenses/by/4.0/legalcode,https://www.gbif.org/occurrence/3954999435,True,False
f5873fb19c2bdfcab820953d,psidium_guajava,Psidium guajava,Psidium guajava L.,GBIF,3955593552,,HUMAN_OBSERVATION,2021-05-22T00:45:34.056Z,2021,MY,3.025983,101.580855,13.0,,,PRESENT,CONTINENT_DERIVED_FROM_COORDINATES|COORDINATE_ROUNDED|COUNTRY_DERIVED_FROM_COORDINATES,,14d5676a-2c54-4f94-9023-1e8dcd822aa0,http://creativecommons.org/licenses/by/4.0/legalcode,https://www.gbif.org/occurrence/3955593552,True,False
c30b38cbb8c9f45eaf7fd19e,psidium_guajava,Psidium guajava,Psidium guajava L.,GBIF,3955670818,,HUMAN_OBSERVATION,2021-09-09T02:06:31.215Z,2021,MY,6.025471,102.180367,13.0,,,PRESENT,CONTINENT_DERIVED_FROM_COORDINATES|COORDINATE_ROUNDED|COUNTRY_DERIVED_FROM_COORDINATES,,14d5676a-2c54-4f94-9023-1e8dcd822aa0,http://creativecommons.org/licenses/by/4.0/legalcode,https://www.gbif.org/occurrence/3955670818,True,False
1785ddbc3dfe845fde761163,psidium_guajava,Psidium guajava,Psidium guajava L.,GBIF,3955963679,,HUMAN_OBSERVATION,2019-08-09T10:03:31.208Z,2019,MY,4.266434,117.889076,78.0,,,PRESENT,CONTINENT_DERIVED_FROM_COORDINATES|COORDINATE_ROUNDED|COUNTRY_DERIVED_FROM_COORDINATES,,14d5676a-2c54-4f94-9023-1e8dcd822aa0,http://creativecommons.org/licenses/by/4.0/legalcode,https://www.gbif.org/occurrence/3955963679,True,False
f8dd26b7f113b7cce2b12d75,psidium_guajava,Psidium guajava,Psidium guajava L.,GBIF,3957833247,,HUMAN_OBSERVATION,2022-01-16T10:43:57.014Z,2022,MY,2.990553,101.71199,5.0,,,PRESENT,CONTINENT_DERIVED_FROM_COORDINATES|COORDINATE_ROUNDED|COUNTRY_DERIVED_FROM_COORDINATES,,14d5676a-2c54-4f94-9023-1e8dcd822aa0,http://creativecommons.org/licenses/by/4.0/legalcode,https://www.gbif.org/occurrence/3957833247,True,False
ae01e6d09ec132eafb541800,psidium_guajava,Psidium guajava,Psidium guajava L.,GBIF,3957834809,,HUMAN_OBSERVATION,2020-05-16T03:24:05.756Z,2020,MY,3.138594,101.623383,,,,PRESENT,CONTINENT_DERIVED_FROM_COORDINATES|COORDINATE_ROUNDED|COUNTRY_DERIVED_FROM_COORDINATES,,14d5676a-2c54-4f94-9023-1e8dcd822aa0,http://creativecommons.org/licenses/by/4.0/legalcode,https://www.gbif.org/occurrence/3957834809,True,False
281f9531ee692b8c38ade4d8,psidium_guajava,Psidium guajava,Psidium guajava L.,GBIF,3958372362,,HUMAN_OBSERVATION,2021-09-10T09:09:14.101Z,2021,MY,5.924464,116.133794,65.0,,,PRESENT,CONTINENT_DERIVED_FROM_COORDINATES|COORDINATE_ROUNDED|COUNTRY_DERIVED_FROM_COORDINATES,,14d5676a-2c54-4f94-9023-1e8dcd822aa0,http://creativecommons.org/licenses/by/4.0/legalcode,https://www.gbif.org/occurrence/3958372362,True,False
32fc31b9e5c95f3c8e14bd46,psidium_guajava,Psidium guajava,Psidium guajava L.,GBIF,3958612032,,HUMAN_OBSERVATION,2021-11-22T08:58:59.874Z,2021,MY,5.867692,118.069963,7.0,,,PRESENT,CONTINENT_DERIVED_FROM_COORDINATES|COORDINATE_ROUNDED|COUNTRY_DERIVED_FROM_COORDINATES,,14d5676a-2c54-4f94-9023-1e8dcd822aa0,http://creativecommons.org/licenses/by/4.0/legalcode,https://www.gbif.org/occurrence/3958612032,True,False
f95460f3134b2724c626c725,psidium_guajava,Psidium guajava,Psidium guajava L.,GBIF,3958720630,,HUMAN_OBSERVATION,2021-12-21T14:42:30.299Z,2021,MY,5.171897,102.044181,5.0,,,PRESENT,CONTINENT_DERIVED_FROM_COORDINATES|COORDINATE_ROUNDED|COUNTRY_DERIVED_FROM_COORDINATES,,14d5676a-2c54-4f94-9023-1e8dcd822aa0,http://creativecommons.org/licenses/by/4.0/legalcode,https://www.gbif.org/occurrence/3958720630,True,False
250d4eeec4da0f155626d457,psidium_guajava,Psidium guajava,Psidium guajava L.,GBIF,3960237970,,HUMAN_OBSERVATION,2022-01-21T09:57:13.239Z,2022,MY,2.829035,101.778397,4.0,,,PRESENT,CONTINENT_DERIVED_FROM_COORDINATES|COORDINATE_ROUNDED|COUNTRY_DERIVED_FROM_COORDINATES,,14d5676a-2c54-4f94-9023-1e8dcd822aa0,http://creativecommons.org/licenses/by/4.0/legalcode,https://www.gbif.org/occurrence/3960237970,True,False
5fa8c04728c1aab6afd25cc5,psidium_guajava,Psidium guajava,Psidium guajava L.,GBIF,3960332102,,HUMAN_OBSERVATION,2022-01-06T04:09:57.398Z,2022,MY,4.269588,117.871317,10.0,,,PRESENT,CONTINENT_DERIVED_FROM_COORDINATES|COORDINATE_ROUNDED|COUNTRY_DERIVED_FROM_COORDINATES,,14d5676a-2c54-4f94-9023-1e8dcd822aa0,http://creativecommons.org/licenses/by/4.0/legalcode,https://www.gbif.org/occurrence/3960332102,True,False
dc363205478dff70ab237729,psidium_guajava,Psidium guajava,Psidium guajava L.,GBIF,3998592293,,HUMAN_OBSERVATION,2022-10-20T08:40:35.880Z,2022,MY,5.707215,101.848007,,,,PRESENT,CONTINENT_DERIVED_FROM_COORDINATES|COORDINATE_ROUNDED|COUNTRY_DERIVED_FROM_COORDINATES,,14d5676a-2c54-4f94-9023-1e8dcd822aa0,http://creativecommons.org/licenses/by/4.0/legalcode,https://www.gbif.org/occurrence/3998592293,True,False
ab9dd90b4989a2048a82f153,psidium_guajava,Psidium guajava,Psidium guajava L.,GBIF,4129891865,inat:164733617,HUMAN_OBSERVATION,2023-05-31T09:28:47,2023,MY,2.915386,101.674959,11.0,Putrajaya,,PRESENT,CONTINENT_DERIVED_FROM_COORDINATES|COORDINATE_ROUNDED|TAXON_ID_NOT_FOUND,iNaturalist research-grade observations,50c9509d-22c7-4a22-a47d-8c48425ef4a7,http://creativecommons.org/licenses/by-nc/4.0/legalcode,https://www.gbif.org/occurrence/4129891865,True,False
f89a005836efb37a758cb175,psidium_guajava,Psidium guajava,Psidium guajava L.,GBIF,4133656564,inat:164733708,HUMAN_OBSERVATION,2023-05-31T09:27:53,2023,MY,2.914053,101.676764,,Putrajaya,,PRESENT,CONTINENT_DERIVED_FROM_COORDINATES|COORDINATE_ROUNDED|TAXON_ID_NOT_FOUND,iNaturalist research-grade observations,50c9509d-22c7-4a22-a47d-8c48425ef4a7,http://creativecommons.org/licenses/by-nc/4.0/legalcode,https://www.gbif.org/occurrence/4133656564,True,False
626f13824db0aaf909988393,psidium_guajava,Psidium guajava,Psidium guajava L.,GBIF,41423765,,OCCURRENCE,,,MY,3.3,101.58333,,,"Germplasm collection at Mardi Station, Serdang, Selangor",PRESENT,BASIS_OF_RECORD_INVALID|CONTINENT_DERIVED_FROM_COORDINATES|GEODETIC_DATUM_ASSUMED_WGS84,,85802736-f762-11e1-a439-00145eb45e9a,http://creativecommons.org/licenses/by/4.0/legalcode,https://www.gbif.org/occurrence/41423765,True,False
ed984869274667650d9972f0,psidium_guajava,Psidium guajava,Psidium guajava L.,GBIF,4416837104,inat:184277559,HUMAN_OBSERVATION,2023-09-21T13:05:08,2023,MY,2.92728,101.701072,4.0,Putrajaya,,PRESENT,CONTINENT_DERIVED_FROM_COORDINATES|COORDINATE_ROUNDED|TAXON_ID_NOT_FOUND,iNaturalist research-grade observations,50c9509d-22c7-4a22-a47d-8c48425ef4a7,http://creativecommons.org/licenses/by-nc/4.0/legalcode,https://www.gbif.org/occurrence/4416837104,True,False
a263bea7e253a20cace8d1aa,psidium_guajava,Psidium guajava,Psidium guajava L.,GBIF,4453926850,inat:192015785,HUMAN_OBSERVATION,2023-11-25T10:12:23,2023,MY,2.889567,101.663034,,Putrajaya,,PRESENT,CONTINENT_DERIVED_FROM_COORDINATES|COORDINATE_ROUNDED|TAXON_ID_NOT_FOUND,iNaturalist research-grade observations,50c9509d-22c7-4a22-a47d-8c48425ef4a7,http://creativecommons.org/licenses/by-nc/4.0/legalcode,https://www.gbif.org/occurrence/4453926850,True,False
0df13783c7d6234effe11cff,psidium_guajava,Psidium guajava,Psidium guajava L.,GBIF,4458324893,inat:164938320,HUMAN_OBSERVATION,2023-06-01T15:13:07,2023,MY,2.927238,101.700534,8.0,Putrajaya,,PRESENT,CONTINENT_DERIVED_FROM_COORDINATES|COORDINATE_ROUNDED|TAXON_ID_NOT_FOUND,iNaturalist research-grade observations,50c9509d-22c7-4a22-a47d-8c48425ef4a7,http://creativecommons.org/licenses/by-nc/4.0/legalcode,https://www.gbif.org/occurrence/4458324893,True,False
af2cd8b90a18320c090b6a74,psidium_guajava,Psidium guajava,Psidium guajava L.,GBIF,4458578853,inat:157406374,HUMAN_OBSERVATION,2023-04-29T09:29:15,2023,MY,3.1757,101.505417,,Selangor,,PRESENT,CONTINENT_DERIVED_FROM_COORDINATES|COORDINATE_ROUNDED|TAXON_ID_NOT_FOUND,iNaturalist research-grade observations,50c9509d-22c7-4a22-a47d-8c48425ef4a7,http://creativecommons.org/licenses/by-nc/4.0/legalcode,https://www.gbif.org/occurrence/4458578853,True,False
81507bd6b803e830a7bc17be,psidium_guajava,Psidium guajava,Psidium guajava L.,GBIF,4458582815,inat:157115552,HUMAN_OBSERVATION,2023-04-28T18:31:48,2023,MY,5.327172,100.237145,4.0,Pulau Pinang,,PRESENT,CONTINENT_DERIVED_FROM_COORDINATES|COORDINATE_ROUNDED|TAXON_ID_NOT_FOUND,iNaturalist research-grade observations,50c9509d-22c7-4a22-a47d-8c48425ef4a7,http://creativecommons.org/licenses/by-nc/4.0/legalcode,https://www.gbif.org/occurrence/4458582815,True,False
06e542f7375709957c2af20b,psidium_guajava,Psidium guajava,Psidium guajava L.,GBIF,4458586163,inat:183156194,HUMAN_OBSERVATION,2023-09-14T08:40:18,2023,MY,2.941159,101.675545,4.0,Putrajaya,,PRESENT,CONTINENT_DERIVED_FROM_COORDINATES|COORDINATE_ROUNDED|TAXON_ID_NOT_FOUND,iNaturalist research-grade observations,50c9509d-22c7-4a22-a47d-8c48425ef4a7,http://creativecommons.org/licenses/by-nc/4.0/legalcode,https://www.gbif.org/occurrence/4458586163,True,False
c0e0115173ee81abf48a2bf1,psidium_guajava,Psidium guajava,Psidium guajava L.,GBIF,4458613290,inat:189808840,HUMAN_OBSERVATION,2023-10-24T10:43:12,2023,MY,2.943188,101.679558,3.0,Selangor,,PRESENT,CONTINENT_DERIVED_FROM_COORDINATES|COORDINATE_ROUNDED|TAXON_ID_NOT_FOUND,iNaturalist research-grade observations,50c9509d-22c7-4a22-a47d-8c48425ef4a7,http://creativecommons.org/licenses/by-nc/4.0/legalcode,https://www.gbif.org/occurrence/4458613290,True,False
a2a3f9cb4d15a81ba6615cd9,psidium_guajava,Psidium guajava,Psidium guajava L.,GBIF,4458615119,inat:182302675,HUMAN_OBSERVATION,2023-09-08T18:51:29,2023,MY,2.922683,101.697648,5.0,Putrajaya,,PRESENT,CONTINENT_DERIVED_FROM_COORDINATES|COORDINATE_ROUNDED|TAXON_ID_NOT_FOUND,iNaturalist research-grade observations,50c9509d-22c7-4a22-a47d-8c48425ef4a7,http://creativecommons.org/licenses/by-nc/4.0/legalcode,https://www.gbif.org/occurrence/4458615119,True,False
2f35b77de5e9651e59f39663,psidium_guajava,Psidium guajava,Psidium guajava L.,GBIF,4458616170,inat:184220101,HUMAN_OBSERVATION,2023-09-21T13:05:05,2023,MY,2.927277,101.701058,5.0,Putrajaya,,PRESENT,CONTINENT_DERIVED_FROM_COORDINATES|COORDINATE_ROUNDED|TAXON_ID_NOT_FOUND,iNaturalist research-grade observations,50c9509d-22c7-4a22-a47d-8c48425ef4a7,http://creativecommons.org/licenses/by-nc/4.0/legalcode,https://www.gbif.org/occurrence/4458616170,True,False
0f13b091a0ec08cc1897cdfa,psidium_guajava,Psidium guajava,Psidium guajava L.,GBIF,4458660505,inat:192015774,HUMAN_OBSERVATION,2023-11-25T10:11:50,2023,MY,2.889625,101.662956,,Putrajaya,,PRESENT,CONTINENT_DERIVED_FROM_COORDINATES|COORDINATE_ROUNDED|TAXON_ID_NOT_FOUND,iNaturalist research-grade observations,50c9509d-22c7-4a22-a47d-8c48425ef4a7,http://creativecommons.org/licenses/by-nc/4.0/legalcode,https://www.gbif.org/occurrence/4458660505,True,False
d2151822fdc919122c51bcd0,psidium_guajava,Psidium guajava,Psidium guajava L.,GBIF,4874996610,inat:217659670,HUMAN_OBSERVATION,2024-05-23T17:44:25,2024,MY,3.596592,102.534777,4.0,Pahang,,PRESENT,CONTINENT_DERIVED_FROM_COORDINATES|COORDINATE_ROUNDED|TAXON_ID_NOT_FOUND,iNaturalist research-grade observations,50c9509d-22c7-4a22-a47d-8c48425ef4a7,http://creativecommons.org/licenses/by-nc/4.0/legalcode,https://www.gbif.org/occurrence/4874996610,True,False
d79fe99e630d756a4a0c3dd0,psidium_guajava,Psidium guajava,Psidium guajava L.,GBIF,4875464451,inat:218285438,HUMAN_OBSERVATION,2024-05-26T11:44:54,2024,MY,3.840505,101.297086,4.0,Perak,,PRESENT,CONTINENT_DERIVED_FROM_COORDINATES|COORDINATE_ROUNDED|TAXON_ID_NOT_FOUND,iNaturalist research-grade observations,50c9509d-22c7-4a22-a47d-8c48425ef4a7,http://creativecommons.org/licenses/by-nc/4.0/legalcode,https://www.gbif.org/occurrence/4875464451,True,False
69c9027c5545c39a4b16da55,psidium_guajava,Psidium guajava,Psidium guajava L.,GBIF,4875522168,inat:220385738,HUMAN_OBSERVATION,2024-06-03,2024,MY,4.062125,101.799759,8.0,Pahang,,PRESENT,CONTINENT_DERIVED_FROM_COORDINATES|COORDINATE_ROUNDED|TAXON_ID_NOT_FOUND,iNaturalist research-grade observations,50c9509d-22c7-4a22-a47d-8c48425ef4a7,http://creativecommons.org/licenses/by-nc/4.0/legalcode,https://www.gbif.org/occurrence/4875522168,True,False
1f36c4017461a40d34b84ca4,psidium_guajava,Psidium guajava,Psidium guajava L.,GBIF,4891705761,inat:221003085,HUMAN_OBSERVATION,2024-06-07T08:25:03,2024,MY,1.762248,104.080783,9.0,Johor,,PRESENT,CONTINENT_DERIVED_FROM_COORDINATES|COORDINATE_ROUNDED|TAXON_ID_NOT_FOUND,iNaturalist research-grade observations,50c9509d-22c7-4a22-a47d-8c48425ef4a7,http://creativecommons.org/licenses/by-nc/4.0/legalcode,https://www.gbif.org/occurrence/4891705761,True,False
44de148c4270a67fbc638390,psidium_guajava,Psidium guajava,Psidium guajava L.,GBIF,4903906019,inat:226070264,HUMAN_OBSERVATION,2024-06-30T08:33:02,2024,MY,3.661107,102.993908,7.0,Pahang,,PRESENT,CONTINENT_DERIVED_FROM_COORDINATES|COORDINATE_ROUNDED|TAXON_ID_NOT_FOUND,iNaturalist research-grade observations,50c9509d-22c7-4a22-a47d-8c48425ef4a7,http://creativecommons.org/licenses/by-nc/4.0/legalcode,https://www.gbif.org/occurrence/4903906019,True,False
459ac4e7eac099ad940d4b17,psidium_guajava,Psidium guajava,Psidium guajava L.,GBIF,4910640693,inat:230700770,HUMAN_OBSERVATION,2024-07-21T17:27:55,2024,MY,3.190113,101.744883,3.0,Kuala Lumpur,,PRESENT,CONTINENT_DERIVED_FROM_COORDINATES|COORDINATE_ROUNDED|TAXON_ID_NOT_FOUND,iNaturalist research-grade observations,50c9509d-22c7-4a22-a47d-8c48425ef4a7,http://creativecommons.org/licenses/by-nc/4.0/legalcode,https://www.gbif.org/occurrence/4910640693,True,False
c73182929b2fe7790b6bd700,psidium_guajava,Psidium guajava,Psidium guajava L.,GBIF,4910675052,inat:230446597,HUMAN_OBSERVATION,2024-07-20T13:49:58,2024,MY,3.205761,101.74497,,Kuala Lumpur,,PRESENT,CONTINENT_DERIVED_FROM_COORDINATES|COORDINATE_ROUNDED|TAXON_ID_NOT_FOUND,iNaturalist research-grade observations,50c9509d-22c7-4a22-a47d-8c48425ef4a7,http://creativecommons.org/licenses/by-nc/4.0/legalcode,https://www.gbif.org/occurrence/4910675052,True,False
c21d1212c30a3b9619ffaf2f,psidium_guajava,Psidium guajava,Psidium guajava L.,GBIF,4975174014,,PRESERVED_SPECIMEN,2005-07-12T00:00,2005,MY,6.7171,116.723483,,,"Rubunki's yard, Mutunggung, Sabah",PRESENT,CONTINENT_DERIVED_FROM_COORDINATES|COORDINATE_ROUNDED|GEODETIC_DATUM_ASSUMED_WGS84|INSTITUTION_COLLECTION_MISMATCH|INSTITUTION_MATCH_FUZZY,,cd6e21c8-9e8a-493a-8a76-fbf7862069e5,http://creativecommons.org/licenses/by/4.0/legalcode,https://www.gbif.org/occurrence/4975174014,True,False
c05e650e27021e0f246265fb,psidium_guajava,Psidium guajava,Psidium guajava L.,GBIF,5076892394,inat:261322574,HUMAN_OBSERVATION,2025-02-11T11:21:30,2025,MY,6.042392,116.118783,2.0,Sabah,,PRESENT,CONTINENT_DERIVED_FROM_COORDINATES|COORDINATE_ROUNDED|TAXON_ID_NOT_FOUND,iNaturalist research-grade observations,50c9509d-22c7-4a22-a47d-8c48425ef4a7,http://creativecommons.org/licenses/by-nc/4.0/legalcode,https://www.gbif.org/occurrence/5076892394,True,False
7c674d4a3806f6ea4b3cd6f8,psidium_guajava,Psidium guajava,Psidium guajava L.,GBIF,5087930156,inat:265230303,HUMAN_OBSERVATION,2025-02-25T08:29,2025,MY,4.966383,117.805031,20.0,Sabah,,PRESENT,CONTINENT_DERIVED_FROM_COORDINATES|COORDINATE_ROUNDED|TAXON_ID_NOT_FOUND,iNaturalist research-grade observations,50c9509d-22c7-4a22-a47d-8c48425ef4a7,http://creativecommons.org/licenses/by/4.0/legalcode,https://www.gbif.org/occurrence/5087930156,True,False
89bfa6fbe7b7347445e05753,psidium_guajava,Psidium guajava,Psidium guajava L.,GBIF,5087940007,inat:265378688,HUMAN_OBSERVATION,2025-03-15T16:59:34,2025,MY,2.889103,101.663493,8.0,Putrajaya,,PRESENT,CONTINENT_DERIVED_FROM_COORDINATES|COORDINATE_ROUNDED|TAXON_ID_NOT_FOUND,iNaturalist research-grade observations,50c9509d-22c7-4a22-a47d-8c48425ef4a7,http://creativecommons.org/licenses/by-nc/4.0/legalcode,https://www.gbif.org/occurrence/5087940007,True,False
dfa5c5916c540c5185b70ccb,psidium_guajava,Psidium guajava,Psidium guajava L.,GBIF,5087965158,inat:265232059,HUMAN_OBSERVATION,2025-02-25T12:07,2025,MY,4.966538,117.804996,20.0,Sabah,,PRESENT,CONTINENT_DERIVED_FROM_COORDINATES|TAXON_ID_NOT_FOUND,iNaturalist research-grade observations,50c9509d-22c7-4a22-a47d-8c48425ef4a7,http://creativecommons.org/licenses/by/4.0/legalcode,https://www.gbif.org/occurrence/5087965158,True,False
8ef4171833d401e8ab925035,psidium_guajava,Psidium guajava,Psidium guajava L.,GBIF,5108103256,inat:267001675,HUMAN_OBSERVATION,2025-03-26T11:33:56,2025,MY,3.077648,101.493891,4.0,Selangor,,PRESENT,CONTINENT_DERIVED_FROM_COORDINATES|COORDINATE_ROUNDED|TAXON_ID_NOT_FOUND,iNaturalist research-grade observations,50c9509d-22c7-4a22-a47d-8c48425ef4a7,http://creativecommons.org/licenses/by-nc/4.0/legalcode,https://www.gbif.org/occurrence/5108103256,True,False
e7c94b205e3510c5e70a0235,psidium_guajava,Psidium guajava,Psidium guajava L.,GBIF,5108368581,inat:267665868,HUMAN_OBSERVATION,2025-03-12T18:07:18,2025,MY,3.088771,101.49872,5.0,Selangor,,PRESENT,CONTINENT_DERIVED_FROM_COORDINATES|COORDINATE_ROUNDED|TAXON_ID_NOT_FOUND,iNaturalist research-grade observations,50c9509d-22c7-4a22-a47d-8c48425ef4a7,http://creativecommons.org/licenses/by-nc/4.0/legalcode,https://www.gbif.org/occurrence/5108368581,True,False
be0f126a6bf7858a3172b265,psidium_guajava,Psidium guajava,Psidium guajava L.,GBIF,5230721987,inat:299417303,HUMAN_OBSERVATION,2025-07-20T12:50:05,2025,MY,4.38189,102.400222,60.0,Pahang,,PRESENT,CONTINENT_DERIVED_FROM_COORDINATES|COORDINATE_ROUNDED|TAXON_ID_NOT_FOUND,iNaturalist research-grade observations,50c9509d-22c7-4a22-a47d-8c48425ef4a7,http://creativecommons.org/licenses/by-nc/4.0/legalcode,https://www.gbif.org/occurrence/5230721987,True,False
918a3af483f5df981a770938,psidium_guajava,Psidium guajava,Psidium guajava L.,GBIF,5231375719,inat:281696705,HUMAN_OBSERVATION,2025-05-17T16:06:55,2025,MY,2.03869,102.554083,3.0,Johor,,PRESENT,CONTINENT_DERIVED_FROM_COORDINATES|COORDINATE_ROUNDED|TAXON_ID_NOT_FOUND,iNaturalist research-grade observations,50c9509d-22c7-4a22-a47d-8c48425ef4a7,http://creativecommons.org/licenses/by-nc/4.0/legalcode,https://www.gbif.org/occurrence/5231375719,True,False
04824e8b63ba67f3a74101fd,psidium_guajava,Psidium guajava,Psidium guajava L.,GBIF,5282615406,inat:301461180,HUMAN_OBSERVATION,2025-07-27T17:43:08,2025,MY,3.128856,101.586258,6.0,Selangor,,PRESENT,CONTINENT_DERIVED_FROM_COORDINATES|COORDINATE_ROUNDED|TAXON_ID_NOT_FOUND,iNaturalist research-grade observations,50c9509d-22c7-4a22-a47d-8c48425ef4a7,http://creativecommons.org/licenses/by-nc/4.0/legalcode,https://www.gbif.org/occurrence/5282615406,True,False
d75d53a3f3168788e132711d,psidium_guajava,Psidium guajava,Psidium guajava L.,GBIF,5839812030,inat:310138076,HUMAN_OBSERVATION,2025-08-30T14:12:48,2025,MY,3.665403,100.990717,2.0,Selangor,,PRESENT,CONTINENT_DERIVED_FROM_COORDINATES|COORDINATE_ROUNDED|TAXON_ID_NOT_FOUND,iNaturalist research-grade observations,50c9509d-22c7-4a22-a47d-8c48425ef4a7,http://creativecommons.org/licenses/by-nc/4.0/legalcode,https://www.gbif.org/occurrence/5839812030,True,False
46f658d743371e0f28bc0325,psidium_guajava,Psidium guajava,Psidium guajava L.,GBIF,5839959693,inat:310398736,HUMAN_OBSERVATION,2025-08-31T12:31:33,2025,MY,3.665682,100.990273,5.0,Selangor,,PRESENT,CONTINENT_DERIVED_FROM_COORDINATES|COORDINATE_ROUNDED|TAXON_ID_NOT_FOUND,iNaturalist research-grade observations,50c9509d-22c7-4a22-a47d-8c48425ef4a7,http://creativecommons.org/licenses/by-nc/4.0/legalcode,https://www.gbif.org/occurrence/5839959693,True,False
4657f1de3c26ea8219aa893c,psidium_guajava,Psidium guajava,Psidium guajava L.,GBIF,5840077059,inat:319068248,HUMAN_OBSERVATION,2025-10-06T12:20:03,2025,MY,3.497847,101.916219,,Pahang,,PRESENT,CONTINENT_DERIVED_FROM_COORDINATES|COORDINATE_ROUNDED|TAXON_ID_NOT_FOUND,iNaturalist research-grade observations,50c9509d-22c7-4a22-a47d-8c48425ef4a7,http://creativecommons.org/licenses/by-nc/4.0/legalcode,https://www.gbif.org/occurrence/5840077059,True,False
b1df507da058b420c07746e6,psidium_guajava,Psidium guajava,Psidium guajava L.,GBIF,5890010490,inat:322363416,HUMAN_OBSERVATION,2025-10-22T12:04:09,2025,MY,4.657838,101.160889,4.0,Perak,,PRESENT,CONTINENT_DERIVED_FROM_COORDINATES|COORDINATE_ROUNDED|TAXON_ID_NOT_FOUND,iNaturalist research-grade observations,50c9509d-22c7-4a22-a47d-8c48425ef4a7,http://creativecommons.org/licenses/by-nc/4.0/legalcode,https://www.gbif.org/occurrence/5890010490,True,False
25a2bad70854b83562693372,psidium_guajava,Psidium guajava,Psidium guajava L.,GBIF,6235673071,inat:351640807,HUMAN_OBSERVATION,2026-04-21T11:58:17,2026,MY,4.247057,101.788025,5.0,Pahang,,PRESENT,CONTINENT_DERIVED_FROM_COORDINATES|COORDINATE_ROUNDED|TAXON_ID_NOT_FOUND,iNaturalist research-grade observations,50c9509d-22c7-4a22-a47d-8c48425ef4a7,http://creativecommons.org/licenses/by-nc/4.0/legalcode,https://www.gbif.org/occurrence/6235673071,True,False
e532f49f0937d3ad19caf594,psidium_guajava,Psidium guajava,Psidium guajava L.,GBIF,6320249121,inat:358261638,HUMAN_OBSERVATION,2026-05-04T08:32:37,2026,MY,3.516885,102.577846,207.0,Pahang,,PRESENT,CONTINENT_DERIVED_FROM_COORDINATES|COORDINATE_ROUNDED|TAXON_ID_NOT_FOUND,iNaturalist research-grade observations,50c9509d-22c7-4a22-a47d-8c48425ef4a7,http://creativecommons.org/licenses/by-nc/4.0/legalcode,https://www.gbif.org/occurrence/6320249121,True,False
dc36b01bbab48e7a305f32e4,psidium_guajava,Psidium guajava,Psidium guajava L.,GBIF,6320791401,inat:360557980,HUMAN_OBSERVATION,2026-05-11T19:06:29,2026,MY,3.253342,102.440976,,Pahang,,PRESENT,CONTINENT_DERIVED_FROM_COORDINATES|COORDINATE_ROUNDED|TAXON_ID_NOT_FOUND,iNaturalist research-grade observations,50c9509d-22c7-4a22-a47d-8c48425ef4a7,http://creativecommons.org/licenses/by-nc/4.0/legalcode,https://www.gbif.org/occurrence/6320791401,True,False
16d7342cefaf7292e565e14e,psidium_guajava,Psidium guajava,Psidium guajava L.,GBIF,6320932981,inat:358255668,HUMAN_OBSERVATION,2026-05-04T08:32:22,2026,MY,3.521247,102.588395,208.0,Pahang,,PRESENT,CONTINENT_DERIVED_FROM_COORDINATES|COORDINATE_ROUNDED|TAXON_ID_NOT_FOUND,iNaturalist research-grade observations,50c9509d-22c7-4a22-a47d-8c48425ef4a7,http://creativecommons.org/licenses/by-nc/4.0/legalcode,https://www.gbif.org/occurrence/6320932981,True,False
69f1a3369d98ff547a62e6cc,psidium_guajava,Psidium guajava,Psidium guajava L.,GBIF,6320969448,inat:356366044,HUMAN_OBSERVATION,2026-04-29T11:14:01,2026,MY,3.581798,102.784522,10.0,Pahang,,PRESENT,CONTINENT_DERIVED_FROM_COORDINATES|COORDINATE_ROUNDED|TAXON_ID_NOT_FOUND,iNaturalist research-grade observations,50c9509d-22c7-4a22-a47d-8c48425ef4a7,http://creativecommons.org/licenses/by-nc/4.0/legalcode,https://www.gbif.org/occurrence/6320969448,True,False
a76b2a9b2367bdd646414513,psidium_guajava,Psidium guajava,Psidium guajava L.,GBIF,6399428863,inat:371587365,HUMAN_OBSERVATION,2026-06-14T13:08:09,2026,MY,2.274566,102.161626,7.0,Melaka,,PRESENT,CONTINENT_DERIVED_FROM_COORDINATES|COORDINATE_ROUNDED|TAXON_ID_NOT_FOUND,iNaturalist research-grade observations,50c9509d-22c7-4a22-a47d-8c48425ef4a7,http://creativecommons.org/licenses/by-nc/4.0/legalcode,https://www.gbif.org/occurrence/6399428863,True,False
c6cd0872f7ee0a68447d6e9d,psidium_guajava,Psidium guajava,Psidium guajava L.,GBIF,6399512709,inat:370817510,HUMAN_OBSERVATION,2026-06-08T11:08,2026,MY,6.047933,116.563292,31.0,Sabah,,PRESENT,CONTINENT_DERIVED_FROM_COORDINATES|COORDINATE_ROUNDED|TAXON_ID_NOT_FOUND,iNaturalist research-grade observations,50c9509d-22c7-4a22-a47d-8c48425ef4a7,http://creativecommons.org/licenses/by-nc/4.0/legalcode,https://www.gbif.org/occurrence/6399512709,True,False
d5b1b9f854c13e1fba8b0bf0,psidium_guajava,Psidium guajava,Psidium guajava L.,GBIF,6400056888,inat:360837339,HUMAN_OBSERVATION,2026-05-12T12:19:59,2026,MY,3.106381,102.410645,4.0,Pahang,,PRESENT,CONTINENT_DERIVED_FROM_COORDINATES|COORDINATE_ROUNDED|TAXON_ID_NOT_FOUND,iNaturalist research-grade observations,50c9509d-22c7-4a22-a47d-8c48425ef4a7,http://creativecommons.org/licenses/by-nc/4.0/legalcode,https://www.gbif.org/occurrence/6400056888,True,False
1ec3dda3f669147ace16502b,psidium_guajava,Psidium guajava,Psidium guajava L.,GBIF,6412999506,inat:356491241,HUMAN_OBSERVATION,2026-04-25T13:43:25,2026,MY,3.187628,102.399505,4.0,Pahang,,PRESENT,CONTINENT_DERIVED_FROM_COORDINATES|COORDINATE_ROUNDED|TAXON_ID_NOT_FOUND,iNaturalist research-grade observations,50c9509d-22c7-4a22-a47d-8c48425ef4a7,http://creativecommons.org/licenses/by-nc/4.0/legalcode,https://www.gbif.org/occurrence/6412999506,True,False
6eec4c4d5a779db23a5a4000,psidium_guajava,Psidium guajava,Psidium guajava L.,GBIF,6413002042,inat:353330583,HUMAN_OBSERVATION,2026-04-25T14:45:56,2026,MY,3.315862,102.45568,4.0,Pahang,,PRESENT,CONTINENT_DERIVED_FROM_COORDINATES|COORDINATE_ROUNDED|TAXON_ID_NOT_FOUND,iNaturalist research-grade observations,50c9509d-22c7-4a22-a47d-8c48425ef4a7,http://creativecommons.org/licenses/by-nc/4.0/legalcode,https://www.gbif.org/occurrence/6413002042,True,False
d0bd6429727b701bb8928085,psidium_guajava,Psidium guajava,Psidium guajava L.,GBIF,6413099402,inat:352468870,HUMAN_OBSERVATION,2026-04-24T10:06:12,2026,MY,3.444889,102.416481,10.0,Pahang,,PRESENT,CONTINENT_DERIVED_FROM_COORDINATES|COORDINATE_ROUNDED|TAXON_ID_NOT_FOUND,iNaturalist research-grade observations,50c9509d-22c7-4a22-a47d-8c48425ef4a7,http://creativecommons.org/licenses/by-nc/4.0/legalcode,https://www.gbif.org/occurrence/6413099402,True,False
e9370f263e850dd7652958e2,psidium_guajava,Psidium guajava,Psidium guajava L.,GBIF,6413150075,inat:357727655,HUMAN_OBSERVATION,2026-05-03T07:26:13,2026,MY,3.476499,102.497847,212.0,Pahang,,PRESENT,CONTINENT_DERIVED_FROM_COORDINATES|COORDINATE_ROUNDED|TAXON_ID_NOT_FOUND,iNaturalist research-grade observations,50c9509d-22c7-4a22-a47d-8c48425ef4a7,http://creativecommons.org/licenses/by-nc/4.0/legalcode,https://www.gbif.org/occurrence/6413150075,True,False
b88f0fa9e3cdd69a54ef3e84,psidium_guajava,Psidium guajava,Psidium guajava L.,GBIF,6413166996,inat:351946299,HUMAN_OBSERVATION,2026-04-21T08:33,2026,MY,3.464536,102.598839,600.0,Pahang,,PRESENT,CONTINENT_DERIVED_FROM_COORDINATES|COORDINATE_ROUNDED|TAXON_ID_NOT_FOUND,iNaturalist research-grade observations,50c9509d-22c7-4a22-a47d-8c48425ef4a7,http://creativecommons.org/licenses/by-nc/4.0/legalcode,https://www.gbif.org/occurrence/6413166996,True,False
71eab9f629840903bdb9f144,psidium_guajava,Psidium guajava,Psidium guajava L.,GBIF,6413260719,inat:361057884,HUMAN_OBSERVATION,2026-05-13T10:12:23,2026,MY,3.1184,102.404587,34.0,Pahang,,PRESENT,CONTINENT_DERIVED_FROM_COORDINATES|COORDINATE_ROUNDED|TAXON_ID_NOT_FOUND,iNaturalist research-grade observations,50c9509d-22c7-4a22-a47d-8c48425ef4a7,http://creativecommons.org/licenses/by-nc/4.0/legalcode,https://www.gbif.org/occurrence/6413260719,True,False
38e1f0a1b14b158f89545b0e,psidium_guajava,Psidium guajava,Psidium guajava L.,GBIF,6413264087,inat:358464664,HUMAN_OBSERVATION,2026-05-05T07:48:01,2026,MY,3.315872,102.455733,6.0,Pahang,,PRESENT,CONTINENT_DERIVED_FROM_COORDINATES|COORDINATE_ROUNDED|TAXON_ID_NOT_FOUND,iNaturalist research-grade observations,50c9509d-22c7-4a22-a47d-8c48425ef4a7,http://creativecommons.org/licenses/by-nc/4.0/legalcode,https://www.gbif.org/occurrence/6413264087,True,False
9b63ecf6296fe5c71a828f4c,psidium_guajava,Psidium guajava,Psidium guajava L.,GBIF,6413446594,inat:351481634,HUMAN_OBSERVATION,2026-04-20T17:19:26,2026,MY,3.755272,102.56347,4.0,Pahang,,PRESENT,CONTINENT_DERIVED_FROM_COORDINATES|COORDINATE_ROUNDED|TAXON_ID_NOT_FOUND,iNaturalist research-grade observations,50c9509d-22c7-4a22-a47d-8c48425ef4a7,http://creativecommons.org/licenses/by-nc/4.0/legalcode,https://www.gbif.org/occurrence/6413446594,True,False
ad88f2d10c6dfa7d7c199872,psidium_guajava,Psidium guajava,Psidium guajava L.,GBIF,6414035905,inat:268668149,HUMAN_OBSERVATION,2025-04-05T12:20:47,2025,MY,4.83819,100.74668,28.0,Perak,,PRESENT,CONTINENT_DERIVED_FROM_COORDINATES|COORDINATE_ROUNDED|TAXON_ID_NOT_FOUND,iNaturalist research-grade observations,50c9509d-22c7-4a22-a47d-8c48425ef4a7,http://creativecommons.org/licenses/by-nc/4.0/legalcode,https://www.gbif.org/occurrence/6414035905,True,False
d8b1a2fdc690b3bda14e75b9,rottboellia_cochinchinensis,Rottboellia cochinchinensis,Rottboellia cochinchinensis (Lour.) Clayton,GBIF,2513202270,,PRESERVED_SPECIMEN,1994-11-16,1994,MY,5.5,117.83333,,Borneo,"Sabah, Kinabatangan district, Bukit Garam, Danau Luagan",PRESENT,,,15f819bd-6612-4447-854b-14d12ee1022d,http://creativecommons.org/publicdomain/zero/1.0/legalcode,https://www.gbif.org/occurrence/2513202270,True,False
56a1bfd4746800a3e78fde83,rottboellia_cochinchinensis,Rottboellia cochinchinensis,Rottboellia cochinchinensis (Lour.) Clayton,GBIF,2513248502,,PRESERVED_SPECIMEN,1983-04-18,1983,MY,6.17,116.9,,Borneo,"Sabah, Labuk/Sugut district, Kampong Kepuakan",PRESENT,,,15f819bd-6612-4447-854b-14d12ee1022d,http://creativecommons.org/publicdomain/zero/1.0/legalcode,https://www.gbif.org/occurrence/2513248502,True,False
1e30e8b99ee21d631ab6d964,rottboellia_cochinchinensis,Rottboellia cochinchinensis,Rottboellia cochinchinensis (Lour.) Clayton,GBIF,2513630448,,PRESERVED_SPECIMEN,1994-11-16,1994,MY,5.5,117.83333,,Borneo,"Sabah, Kinabatangan district, Bukit Garam, Danau Luagan",PRESENT,,,15f819bd-6612-4447-854b-14d12ee1022d,http://creativecommons.org/publicdomain/zero/1.0/legalcode,https://www.gbif.org/occurrence/2513630448,True,False
7c91b921b782fc40645e3bba,rottboellia_cochinchinensis,Rottboellia cochinchinensis,Rottboellia cochinchinensis (Lour.) Clayton,GBIF,2515361679,,PRESERVED_SPECIMEN,2010-03-08,2010,MY,4.5,101.56667,,,"Sg, Charoh, road to Cameron Highlands.",PRESENT,,,15f819bd-6612-4447-854b-14d12ee1022d,http://creativecommons.org/publicdomain/zero/1.0/legalcode,https://www.gbif.org/occurrence/2515361679,True,False
82dca2eb3340b087d8523a54,rottboellia_cochinchinensis,Rottboellia cochinchinensis,Rottboellia cochinchinensis (Lour.) Clayton,GBIF,2516701040,,PRESERVED_SPECIMEN,2010-03-05,2010,MY,6.64967,100.24083,,,"Malaysia, Perlis, Titi Tinggi, Mata Ayer, road leading to Mata Ayer FRIM Research station.",PRESENT,,,15f819bd-6612-4447-854b-14d12ee1022d,http://creativecommons.org/publicdomain/zero/1.0/legalcode,https://www.gbif.org/occurrence/2516701040,True,False
b98e8182c7158d0866fb9404,rottboellia_cochinchinensis,Rottboellia cochinchinensis,Rottboellia cochinchinensis (Lour.) Clayton,GBIF,4442398434,inat:83245742,HUMAN_OBSERVATION,2021-06-16T18:29:44Z,2021,MY,5.412415,100.291463,,Pulau Pinang,,PRESENT,CONTINENT_DERIVED_FROM_COORDINATES|COORDINATE_ROUNDED|TAXON_ID_NOT_FOUND,iNaturalist research-grade observations,50c9509d-22c7-4a22-a47d-8c48425ef4a7,http://creativecommons.org/licenses/by-nc/4.0/legalcode,https://www.gbif.org/occurrence/4442398434,True,False
c3e1b1c255d0432cd9aac683,rottboellia_cochinchinensis,Rottboellia cochinchinensis,Rottboellia cochinchinensis (Lour.) Clayton,GBIF,5834009359,,HUMAN_OBSERVATION,2022-07-25/2022-08-10,2022,MY,4.539048,101.15437,,,,PRESENT,CONTINENT_DERIVED_FROM_COORDINATES|COORDINATE_ROUNDED,,0a0ec4dc-41aa-4a40-b08d-153dd02078eb,http://creativecommons.org/licenses/by-nc/4.0/legalcode,https://www.gbif.org/occurrence/5834009359,True,False
9de75a2f3287faee8ca9ac3a,rottboellia_cochinchinensis,Rottboellia cochinchinensis,Rottboellia cochinchinensis,iNaturalist,145099893,inat:145099893,HUMAN_OBSERVATION,2022-12-26 14:36:10,2022,MY,2.34336256,103.62231139,7.0,,"Keluang, MY-JH, MY",PRESENT,,iNaturalist research-grade observations (direct API),,,https://www.inaturalist.org/observations/145099893,True,True
af20183463ec6ac374021c2b,rottboellia_cochinchinensis,Rottboellia cochinchinensis,Rottboellia cochinchinensis,iNaturalist,199173476,inat:199173476,HUMAN_OBSERVATION,2024-02-13 11:25:42,2024,MY,3.202025,113.0473194444,,,"97000 Bintulu, Sarawak, Malaysia",PRESENT,,iNaturalist research-grade observations (direct API),,cc-by-sa,https://www.inaturalist.org/observations/199173476,True,False
b0d6d3c6c42a4c31c0a827b0,rottboellia_cochinchinensis,Rottboellia cochinchinensis,Rottboellia cochinchinensis,iNaturalist,254114003,inat:254114003,HUMAN_OBSERVATION,2024-12-04 08:39:48,2024,MY,5.8955564613,118.0614400283,96.0,,"Sandakan, Sabah, Malaysia",PRESENT,,iNaturalist research-grade observations (direct API),,,https://www.inaturalist.org/observations/254114003,True,True
ecfdd9f342ab1a889bac79d0,salvinia_molesta,Salvinia molesta,Salvinia × molesta D.S.Mitch.,GBIF,3302030482,inat:74266915,HUMAN_OBSERVATION,2020-11-10T12:20:53,2020,MY,4.137574,103.408133,62.0,Pahang,,PRESENT,CONTINENT_DERIVED_FROM_COORDINATES|COORDINATE_ROUNDED|TAXON_ID_NOT_FOUND,iNaturalist research-grade observations,50c9509d-22c7-4a22-a47d-8c48425ef4a7,http://creativecommons.org/licenses/by-nc/4.0/legalcode,https://www.gbif.org/occurrence/3302030482,True,True
29b1aa8c0d894730a8428a05,salvinia_molesta,Salvinia molesta,Salvinia × molesta D.S.Mitch.,GBIF,3314207848,inat:83679723,HUMAN_OBSERVATION,2017-08-07T06:47,2017,MY,5.486487,118.262175,31.0,Sabah,,PRESENT,CONTINENT_DERIVED_FROM_COORDINATES|COORDINATE_ROUNDED|TAXON_ID_NOT_FOUND,iNaturalist research-grade observations,50c9509d-22c7-4a22-a47d-8c48425ef4a7,http://creativecommons.org/licenses/by-nc/4.0/legalcode,https://www.gbif.org/occurrence/3314207848,True,True
f0df1f006b844150f8bd7a03,salvinia_molesta,Salvinia molesta,Salvinia × molesta D.S.Mitch.,GBIF,3408239932,inat:99928591,HUMAN_OBSERVATION,2021-10-31T11:56:12,2021,MY,3.095817,101.516518,,Selangor,,PRESENT,CONTINENT_DERIVED_FROM_COORDINATES|COORDINATE_ROUNDED|TAXON_ID_NOT_FOUND,iNaturalist research-grade observations,50c9509d-22c7-4a22-a47d-8c48425ef4a7,http://creativecommons.org/licenses/by-nc/4.0/legalcode,https://www.gbif.org/occurrence/3408239932,True,False
bb756dfe50408b84f5f7df80,salvinia_molesta,Salvinia molesta,Salvinia × molesta D.S.Mitch.,GBIF,3760202213,inat:110648712,HUMAN_OBSERVATION,1994-12-25T10:47,1994,MY,5.482294,118.256301,300.0,Sabah,,PRESENT,CONTINENT_DERIVED_FROM_COORDINATES|TAXON_ID_NOT_FOUND,iNaturalist research-grade observations,50c9509d-22c7-4a22-a47d-8c48425ef4a7,http://creativecommons.org/licenses/by-nc/4.0/legalcode,https://www.gbif.org/occurrence/3760202213,True,True
00c632b7ec4ce67d63ab76bb,salvinia_molesta,Salvinia molesta,Salvinia × molesta D.S.Mitch.,GBIF,4116547042,inat:161050672,HUMAN_OBSERVATION,2023-05-05T10:21,2023,MY,5.353354,117.408649,211.0,Sabah,,PRESENT,CONTINENT_DERIVED_FROM_COORDINATES|COORDINATE_ROUNDED|TAXON_ID_NOT_FOUND,iNaturalist research-grade observations,50c9509d-22c7-4a22-a47d-8c48425ef4a7,http://creativecommons.org/licenses/by/4.0/legalcode,https://www.gbif.org/occurrence/4116547042,True,True
18527636270d60e60be6d880,salvinia_molesta,Salvinia molesta,Salvinia × molesta D.S.Mitch.,GBIF,4516338814,inat:196828146,HUMAN_OBSERVATION,2024-01-16T16:43:11,2024,MY,5.486337,118.262624,6.0,Sabah,,PRESENT,CONTINENT_DERIVED_FROM_COORDINATES|COORDINATE_ROUNDED|TAXON_ID_NOT_FOUND,iNaturalist research-grade observations,50c9509d-22c7-4a22-a47d-8c48425ef4a7,http://creativecommons.org/licenses/by-nc/4.0/legalcode,https://www.gbif.org/occurrence/4516338814,True,True
f9b152d1e6585f359cb7c445,salvinia_molesta,Salvinia molesta,Salvinia × molesta D.S.Mitch.,GBIF,4596748393,inat:31151641,HUMAN_OBSERVATION,2010-06-08T08:00,2010,MY,5.874495,117.94423,,Sabah,,PRESENT,CONTINENT_DERIVED_FROM_COORDINATES|COORDINATE_ROUNDED|TAXON_ID_NOT_FOUND,iNaturalist research-grade observations,50c9509d-22c7-4a22-a47d-8c48425ef4a7,http://creativecommons.org/licenses/by-nc/4.0/legalcode,https://www.gbif.org/occurrence/4596748393,True,False
cda55ad8abe2ef48af065a5f,salvinia_molesta,Salvinia molesta,Salvinia × molesta D.S.Mitch.,GBIF,4854973110,inat:214115614,HUMAN_OBSERVATION,2024-03-11T10:14,2024,MY,6.460958,100.346302,212.0,Perlis,,PRESENT,CONTINENT_DERIVED_FROM_COORDINATES|COORDINATE_ROUNDED|TAXON_ID_NOT_FOUND,iNaturalist research-grade observations,50c9509d-22c7-4a22-a47d-8c48425ef4a7,http://creativecommons.org/licenses/by-nc/4.0/legalcode,https://www.gbif.org/occurrence/4854973110,True,True
febabde7194242e9ee69ee77,salvinia_molesta,Salvinia molesta,Salvinia × molesta D.S.Mitch.,GBIF,4935784775,inat:238570713,HUMAN_OBSERVATION,2024-08-29T16:36:22,2024,MY,5.553675,118.333275,,Sabah,,PRESENT,CONTINENT_DERIVED_FROM_COORDINATES|TAXON_ID_NOT_FOUND,iNaturalist research-grade observations,50c9509d-22c7-4a22-a47d-8c48425ef4a7,http://creativecommons.org/licenses/by-nc/4.0/legalcode,https://www.gbif.org/occurrence/4935784775,True,False
98f52b120c1062ecdf937fca,salvinia_molesta,Salvinia molesta,Salvinia × molesta D.S.Mitch.,GBIF,4978596583,inat:250116936,HUMAN_OBSERVATION,2024-07-18T08:01,2024,MY,6.418616,99.817098,15.0,Kedah,,PRESENT,CONTINENT_DERIVED_FROM_COORDINATES|COORDINATE_ROUNDED|TAXON_ID_NOT_FOUND,iNaturalist research-grade observations,50c9509d-22c7-4a22-a47d-8c48425ef4a7,http://creativecommons.org/licenses/by-nc/4.0/legalcode,https://www.gbif.org/occurrence/4978596583,True,True
fa99d5ade8109c4c9df60461,salvinia_molesta,Salvinia molesta,Salvinia × molesta D.S.Mitch.,GBIF,5018319620,,HUMAN_OBSERVATION,2015-04-19T00:00,2015,MY,5.678295,118.38324,250.0,,Abai Jungle Lodge und Umgebung / MY,PRESENT,CONTINENT_DERIVED_FROM_COORDINATES|COORDINATE_ROUNDED|GEODETIC_DATUM_ASSUMED_WGS84,,6ac3f774-d9fb-4796-b3e9-92bf6c81c084,http://creativecommons.org/licenses/by/4.0/legalcode,https://www.gbif.org/occurrence/5018319620,True,True
1825f0f84e873cfea3a2cda9,salvinia_molesta,Salvinia molesta,Salvinia × molesta D.S.Mitch.,GBIF,5020248319,,HUMAN_OBSERVATION,2012-03-17T00:00,2012,MY,5.485974,118.215042,250.0,,"Kinabatangan River, Sabah; Borneo",PRESENT,CONTINENT_DERIVED_FROM_COORDINATES|COORDINATE_ROUNDED|GEODETIC_DATUM_ASSUMED_WGS84,,6ac3f774-d9fb-4796-b3e9-92bf6c81c084,http://creativecommons.org/licenses/by/4.0/legalcode,https://www.gbif.org/occurrence/5020248319,True,True
9c51d042ec95174c72ee720f,salvinia_molesta,Salvinia molesta,Salvinia × molesta D.S.Mitch.,GBIF,5168427715,inat:283957409,HUMAN_OBSERVATION,2025-05-25T17:44:04,2025,MY,5.688505,115.927948,,Sabah,,PRESENT,CONTINENT_DERIVED_FROM_COORDINATES|COORDINATE_ROUNDED|TAXON_ID_NOT_FOUND,iNaturalist research-grade observations,50c9509d-22c7-4a22-a47d-8c48425ef4a7,http://creativecommons.org/licenses/by/4.0/legalcode,https://www.gbif.org/occurrence/5168427715,True,False
f60b0c79cb74568b9d9953f0,salvinia_molesta,Salvinia molesta,Salvinia × molesta D.S.Mitch.,GBIF,5840140503,inat:317271922,HUMAN_OBSERVATION,2018-02-08T17:31,2018,MY,5.486187,118.262836,61.0,Sabah,,PRESENT,CONTINENT_DERIVED_FROM_COORDINATES|COORDINATE_ROUNDED|TAXON_ID_NOT_FOUND,iNaturalist research-grade observations,50c9509d-22c7-4a22-a47d-8c48425ef4a7,http://creativecommons.org/licenses/by-nc/4.0/legalcode,https://www.gbif.org/occurrence/5840140503,True,True
720a2da3125c48f1a0b7ea55,salvinia_molesta,Salvinia molesta,Salvinia × molesta D.S.Mitch.,GBIF,6184883408,inat:337328839,HUMAN_OBSERVATION,2026-02-04T13:44:31,2026,MY,5.874581,117.950323,,Sabah,,PRESENT,CONTINENT_DERIVED_FROM_COORDINATES|TAXON_ID_NOT_FOUND,iNaturalist research-grade observations,50c9509d-22c7-4a22-a47d-8c48425ef4a7,http://creativecommons.org/licenses/by-nc/4.0/legalcode,https://www.gbif.org/occurrence/6184883408,True,False
895937ff64432ba646ba8f08,salvinia_molesta,Salvinia molesta,Salvinia × molesta D.S.Mitch.,GBIF,912455048,,PRESERVED_SPECIMEN,1982-12-04T00:00,1982,MY,3.283333,101.683333,,,Sungei Batu Valley,PRESENT,CONTINENT_DERIVED_FROM_COORDINATES|COORDINATE_ROUNDED|GEODETIC_DATUM_ASSUMED_WGS84|INSTITUTION_COLLECTION_MISMATCH|INSTITUTION_MATCH_FUZZY,,cd6e21c8-9e8a-493a-8a76-fbf7862069e5,http://creativecommons.org/licenses/by/4.0/legalcode,https://www.gbif.org/occurrence/912455048,True,False
9210cfcda7bc686e1d150b23,salvinia_molesta,Salvinia molesta,Salvinia × molesta D.S.Mitch.,GBIF,912455072,,PRESERVED_SPECIMEN,1982-12-04T00:00,1982,MY,3.283333,101.683333,,,Sungei Batu Valley,PRESENT,CONTINENT_DERIVED_FROM_COORDINATES|COORDINATE_ROUNDED|GEODETIC_DATUM_ASSUMED_WGS84|INSTITUTION_COLLECTION_MISMATCH|INSTITUTION_MATCH_FUZZY,,cd6e21c8-9e8a-493a-8a76-fbf7862069e5,http://creativecommons.org/licenses/by/4.0/legalcode,https://www.gbif.org/occurrence/912455072,True,False
2da25135c4eed34d3b6482eb,sida_acuta,Sida acuta,Sida acuta Burm.fil.,GBIF,1946358928,inat:18710024,HUMAN_OBSERVATION,2018-11-29T11:43:32,2018,MY,2.498768,101.83834,9.0,Negeri Sembilan,,PRESENT,CONTINENT_DERIVED_FROM_COORDINATES|COORDINATE_ROUNDED|TAXON_ID_NOT_FOUND,iNaturalist research-grade observations,50c9509d-22c7-4a22-a47d-8c48425ef4a7,http://creativecommons.org/licenses/by/4.0/legalcode,https://www.gbif.org/occurrence/1946358928,True,False
4538d95b289e464de139dd44,sida_acuta,Sida acuta,Sida acuta Burm.fil.,GBIF,1946359257,inat:18711127,HUMAN_OBSERVATION,2018-11-29T11:24:29,2018,MY,2.498769,101.838343,5.0,Negeri Sembilan,,PRESENT,CONTINENT_DERIVED_FROM_COORDINATES|COORDINATE_ROUNDED|TAXON_ID_NOT_FOUND,iNaturalist research-grade observations,50c9509d-22c7-4a22-a47d-8c48425ef4a7,http://creativecommons.org/licenses/by/4.0/legalcode,https://www.gbif.org/occurrence/1946359257,True,False
c7fb1df1107b9b864082cb37,sida_acuta,Sida acuta,Sida acuta Burm.fil.,GBIF,2242797459,inat:24357270,HUMAN_OBSERVATION,2019-04-27T12:12,2019,MY,3.267039,101.461078,,Selangor,,PRESENT,CONTINENT_DERIVED_FROM_COORDINATES|COORDINATE_ROUNDED|TAXON_ID_NOT_FOUND,iNaturalist research-grade observations,50c9509d-22c7-4a22-a47d-8c48425ef4a7,http://creativecommons.org/licenses/by-nc/4.0/legalcode,https://www.gbif.org/occurrence/2242797459,True,False
db77e08667432d9451dabb26,sida_acuta,Sida acuta,Sida acuta Burm.fil.,GBIF,2514292429,,PRESERVED_SPECIMEN,1955-09-21,1955,MY,1.8,109.76667,,Borneo,"Sarawak, Sematan",PRESENT,,,15f819bd-6612-4447-854b-14d12ee1022d,http://creativecommons.org/publicdomain/zero/1.0/legalcode,https://www.gbif.org/occurrence/2514292429,True,False
ebd373ffad01bb0d19f37cd9,sida_acuta,Sida acuta,Sida acuta Burm.fil.,GBIF,2514330408,,PRESERVED_SPECIMEN,1983-08-16,1983,MY,5.7575,116.83333,,Borneo,"Sabah, Ranau district, Kampuing Segindai",PRESENT,,,15f819bd-6612-4447-854b-14d12ee1022d,http://creativecommons.org/publicdomain/zero/1.0/legalcode,https://www.gbif.org/occurrence/2514330408,True,False
62611fe272a65f3e11b80c09,sida_acuta,Sida acuta,Sida acuta Burm.fil.,GBIF,2514342398,,PRESERVED_SPECIMEN,1981-07-25,1981,MY,1.76667,109.81944,,Borneo,"Sarawak, Semumsan wild-life Sanctuary, 1st Div.",PRESENT,,,15f819bd-6612-4447-854b-14d12ee1022d,http://creativecommons.org/publicdomain/zero/1.0/legalcode,https://www.gbif.org/occurrence/2514342398,True,False
562941513d19efcdd854363c,sida_acuta,Sida acuta,Sida acuta Burm.fil.,GBIF,2514369444,,PRESERVED_SPECIMEN,1980-09-03,1980,MY,1.25,111.4167,,Borneo,"Sarawak, Kampung Pungor Tapang, 95th Mile, Sri Aman, 2nd Div.",PRESENT,,,15f819bd-6612-4447-854b-14d12ee1022d,http://creativecommons.org/publicdomain/zero/1.0/legalcode,https://www.gbif.org/occurrence/2514369444,True,False
752deda1951f16a2d9db5ba8,sida_acuta,Sida acuta,Sida acuta Burm.fil.,GBIF,2516175320,,PRESERVED_SPECIMEN,1983-04-14,1983,MY,5.95,117.5,,Borneo,"Sabah, Labuk/Sugut district, Kg. Pinitodahan",PRESENT,,,15f819bd-6612-4447-854b-14d12ee1022d,http://creativecommons.org/publicdomain/zero/1.0/legalcode,https://www.gbif.org/occurrence/2516175320,True,False
e488b1d98665c83ffca63740,sida_acuta,Sida acuta,Sida acuta Burm.fil.,GBIF,2516262115,,PRESERVED_SPECIMEN,1985-09-06,1985,MY,5.76667,116.33333,,Borneo,"Sabah, Tambunan district, Rafflesia VJR km 68 Tambunan road.",PRESENT,,,15f819bd-6612-4447-854b-14d12ee1022d,http://creativecommons.org/publicdomain/zero/1.0/legalcode,https://www.gbif.org/occurrence/2516262115,True,False
131cc6f9d6193e929c67ffc4,sida_acuta,Sida acuta,Sida acuta Burm.fil.,GBIF,2516375295,,PRESERVED_SPECIMEN,1986-08-26,1986,MY,5.25,116.0,,Borneo,"Sabah, Keningau district, Crocker range, ml. 16, Kimanis road.",PRESENT,,,15f819bd-6612-4447-854b-14d12ee1022d,http://creativecommons.org/publicdomain/zero/1.0/legalcode,https://www.gbif.org/occurrence/2516375295,True,False
3361d3097b24f31f9abe56ae,sida_acuta,Sida acuta,Sida acuta Burm.fil.,GBIF,4126993165,inat:164577666,HUMAN_OBSERVATION,2023-05-30T12:40:37,2023,MY,2.887934,101.677635,30.0,Putrajaya,,PRESENT,CONTINENT_DERIVED_FROM_COORDINATES|COORDINATE_ROUNDED|TAXON_ID_NOT_FOUND,iNaturalist research-grade observations,50c9509d-22c7-4a22-a47d-8c48425ef4a7,http://creativecommons.org/licenses/by-nc/4.0/legalcode,https://www.gbif.org/occurrence/4126993165,True,False
4e7e69e2afb6fc67d6109791,sida_acuta,Sida acuta,Sida acuta Burm.fil.,GBIF,4127129405,inat:164577373,HUMAN_OBSERVATION,2023-05-30T12:38:07,2023,MY,2.883898,101.675903,8.0,Putrajaya,,PRESENT,CONTINENT_DERIVED_FROM_COORDINATES|COORDINATE_ROUNDED|TAXON_ID_NOT_FOUND,iNaturalist research-grade observations,50c9509d-22c7-4a22-a47d-8c48425ef4a7,http://creativecommons.org/licenses/by-nc/4.0/legalcode,https://www.gbif.org/occurrence/4127129405,True,False
f210ca8f269cddc9f51b551d,sida_acuta,Sida acuta,Sida acuta Burm.fil.,GBIF,4165817340,inat:174236618,HUMAN_OBSERVATION,2023-07-22T13:37:41,2023,MY,3.148606,101.509481,,Selangor,,PRESENT,CONTINENT_DERIVED_FROM_COORDINATES|COORDINATE_ROUNDED|TAXON_ID_NOT_FOUND,iNaturalist research-grade observations,50c9509d-22c7-4a22-a47d-8c48425ef4a7,http://creativecommons.org/licenses/by-nc/4.0/legalcode,https://www.gbif.org/occurrence/4165817340,True,False
3abad7f652db3284bff4098b,sida_acuta,Sida acuta,Sida acuta Burm.fil.,GBIF,4872549627,inat:218551270,HUMAN_OBSERVATION,2024-05-27T10:47:06,2024,MY,4.250521,101.778608,7.0,Pahang,,PRESENT,CONTINENT_DERIVED_FROM_COORDINATES|COORDINATE_ROUNDED|TAXON_ID_NOT_FOUND,iNaturalist research-grade observations,50c9509d-22c7-4a22-a47d-8c48425ef4a7,http://creativecommons.org/licenses/by-nc/4.0/legalcode,https://www.gbif.org/occurrence/4872549627,True,False
6c3d031606f60618f5ed3fa6,sida_acuta,Sida acuta,Sida acuta Burm.fil.,GBIF,5110222467,,HUMAN_OBSERVATION,2024-08-08T00:41:30Z,2024,MY,5.691308,100.588227,9.0,,,PRESENT,CONTINENT_DERIVED_FROM_COORDINATES|COORDINATE_ROUNDED|COUNTRY_DERIVED_FROM_COORDINATES,,7a3679ef-5582-4aaa-81f0-8c2545cafc81,http://creativecommons.org/licenses/by/4.0/legalcode,https://www.gbif.org/occurrence/5110222467,True,False
31b2502d04d1d8e852b292b6,sida_acuta,Sida acuta,Sida acuta Burm.fil.,GBIF,5110522987,,HUMAN_OBSERVATION,2024-12-27T00:43:32Z,2024,MY,4.607188,101.145129,4.0,,,PRESENT,CONTINENT_DERIVED_FROM_COORDINATES|COORDINATE_ROUNDED|COUNTRY_DERIVED_FROM_COORDINATES,,7a3679ef-5582-4aaa-81f0-8c2545cafc81,http://creativecommons.org/licenses/by/4.0/legalcode,https://www.gbif.org/occurrence/5110522987,True,False
850d81a744da74c47c68cd02,striga_asiatica,Striga asiatica,Striga asiatica (L.) Kuntze,GBIF,4453985179,inat:189194252,HUMAN_OBSERVATION,2023-10-28T13:35:51,2023,MY,2.963744,101.6974,,Selangor,,PRESENT,CONTINENT_DERIVED_FROM_COORDINATES|COORDINATE_ROUNDED|TAXON_ID_NOT_FOUND,iNaturalist research-grade observations,50c9509d-22c7-4a22-a47d-8c48425ef4a7,http://creativecommons.org/licenses/by-nc/4.0/legalcode,https://www.gbif.org/occurrence/4453985179,True,False
edac40ff0702422d5386aaef,striga_asiatica,Striga asiatica,Striga asiatica (L.) Kuntze,GBIF,4465502474,inat:193471074,HUMAN_OBSERVATION,2023-12-09T12:34:50,2023,MY,2.953322,101.698112,,Selangor,,PRESENT,CONTINENT_DERIVED_FROM_COORDINATES|COORDINATE_ROUNDED|TAXON_ID_NOT_FOUND,iNaturalist research-grade observations,50c9509d-22c7-4a22-a47d-8c48425ef4a7,http://creativecommons.org/licenses/by-nc/4.0/legalcode,https://www.gbif.org/occurrence/4465502474,True,False
c007584a0e98cb14dafe9129,striga_asiatica,Striga asiatica,Striga asiatica (L.) Kuntze,GBIF,4892009903,inat:221763088,HUMAN_OBSERVATION,2024-06-08T08:10,2024,MY,4.070913,101.798172,15.0,Pahang,,PRESENT,CONTINENT_DERIVED_FROM_COORDINATES|COORDINATE_ROUNDED|TAXON_ID_NOT_FOUND,iNaturalist research-grade observations,50c9509d-22c7-4a22-a47d-8c48425ef4a7,http://creativecommons.org/licenses/by-nc/4.0/legalcode,https://www.gbif.org/occurrence/4892009903,True,False
5873c4323a998ac7bd296944,striga_asiatica,Striga asiatica,Striga asiatica,iNaturalist,131951974,inat:131951974,HUMAN_OBSERVATION,2022-08-23 07:23:25,2022,MY,3.096431652,101.5119616315,5.0,,"Taman Botani Negara Shah Alam, 40000, Taman Pertanian Malaysia, 40170 Shah Alam, Selangor, Malaysia",PRESENT,,iNaturalist research-grade observations (direct API),,,https://www.inaturalist.org/observations/131951974,True,False
f4ef6f2e889e72644d287b0b,striga_asiatica,Striga asiatica,Striga asiatica,iNaturalist,137622209,inat:137622209,HUMAN_OBSERVATION,2022-10-05 15:29:25,2022,MY,2.73985,101.8690333333,,,"Kampung Pasir Puteh, Labu, Negeri Sembilan, Malaysia",PRESENT,,iNaturalist research-grade observations (direct API),,cc-by-sa,https://www.inaturalist.org/observations/137622209,True,False
1d146d95b88dbe67b0256aa0,striga_asiatica,Striga asiatica,Striga asiatica,iNaturalist,149548599,inat:149548599,HUMAN_OBSERVATION,2023-02-24 11:45:14,2023,MY,2.7353861111,101.8886361111,,,"PVPP+CQ, 70300 Labu, Negeri Sembilan, Malaysia",PRESENT,,iNaturalist research-grade observations (direct API),,cc-by-sa,https://www.inaturalist.org/observations/149548599,True,False
1673fe406663c231745ca393,striga_asiatica,Striga asiatica,Striga asiatica,iNaturalist,151189025,inat:151189025,HUMAN_OBSERVATION,2023/03/15 9:02 AM,2023,MY,2.7065111111,101.8829333333,,,"Seremban, Negeri Sembilan, Malaysia",PRESENT,,iNaturalist research-grade observations (direct API),,cc-by-sa,https://www.inaturalist.org/observations/151189025,True,False
32bb4dee6e26a042efd34949,striga_asiatica,Striga asiatica,Striga asiatica,iNaturalist,151189026,inat:151189026,HUMAN_OBSERVATION,2023/03/15 9:02 AM,2023,MY,2.7113444444,101.8868527778,,,"Seremban, Negeri Sembilan, Malaysia",PRESENT,,iNaturalist research-grade observations (direct API),,cc-by-sa,https://www.inaturalist.org/observations/151189026,True,False
23952598579d4b135895cecc,striga_asiatica,Striga asiatica,Striga asiatica,iNaturalist,151189027,inat:151189027,HUMAN_OBSERVATION,2023/03/15 9:02 AM,2023,MY,2.7113444444,101.8868527778,,,"Seremban, Negeri Sembilan, Malaysia",PRESENT,,iNaturalist research-grade observations (direct API),,cc-by-sa,https://www.inaturalist.org/observations/151189027,True,False
0e91d540ce08b8e9b0a2d49b,striga_asiatica,Striga asiatica,Striga asiatica,iNaturalist,214178337,inat:214178337,HUMAN_OBSERVATION,2024-05-02,2024,MY,1.7738087493,103.6058083177,212.0,,"Kemajuan Tanah (Felda) Inas Utara & Selatan, 81000 Kulai, Johor, Malaysia",PRESENT,,iNaturalist research-grade observations (direct API),,,https://www.inaturalist.org/observations/214178337,True,False
166c2420e102ae7914dbafbf,striga_asiatica,Striga asiatica,Striga asiatica,iNaturalist,221013607,inat:221013607,HUMAN_OBSERVATION,2024-06-07 08:01:25,2024,MY,1.4743719421,104.1782403365,122.0,,"Perkampungan (Felda) Adela Tunggal Sening & Keleda, 81600 Kota Tinggi, Johor, Malaysia",PRESENT,,iNaturalist research-grade observations (direct API),,,https://www.inaturalist.org/observations/221013607,True,False
a3b724bc14a67bc99ca2ea08,striga_asiatica,Striga asiatica,Striga asiatica,iNaturalist,253366147,inat:253366147,HUMAN_OBSERVATION,2024-11-28 11:51:37,2024,MY,6.3427777778,99.7316666667,,,"Departure Area, 07100, Aéroport International de Langkawi, 07100 Langkawi, Kedah, Malaisie",PRESENT,,iNaturalist research-grade observations (direct API),,,https://www.inaturalist.org/observations/253366147,True,False
d2dbfea58edd776541014a7f,synedrella_nodiflora,Synedrella nodiflora,Synedrella nodiflora (L.) Gaertn.,GBIF,2513883232,,PRESERVED_SPECIMEN,1950-07-20,1950,MY,5.125,118.14167,,Borneo,"Sabah, Lahad Datu district, Masuli",PRESENT,,,15f819bd-6612-4447-854b-14d12ee1022d,http://creativecommons.org/publicdomain/zero/1.0/legalcode,https://www.gbif.org/occurrence/2513883232,True,False
71af79c33c7741b5c758fc6c,synedrella_nodiflora,Synedrella nodiflora,Synedrella nodiflora (L.) Gaertn.,GBIF,2513883955,,PRESERVED_SPECIMEN,1975-11-25,1975,MY,6.12417,116.8575,,Borneo,"Sabah, About 8 miles from Kampung Merungin. Ranau district",PRESENT,,,15f819bd-6612-4447-854b-14d12ee1022d,http://creativecommons.org/publicdomain/zero/1.0/legalcode,https://www.gbif.org/occurrence/2513883955,True,False
8b36604c43431a793adb20e5,synedrella_nodiflora,Synedrella nodiflora,Synedrella nodiflora (L.) Gaertn.,GBIF,2513884721,,PRESERVED_SPECIMEN,1983-08-16,1983,MY,6.305,116.71667,,Borneo,"Sabah, Between Kg. Marak Parak & Kg Sorinsim. Kota Merudu district",PRESENT,,,15f819bd-6612-4447-854b-14d12ee1022d,http://creativecommons.org/publicdomain/zero/1.0/legalcode,https://www.gbif.org/occurrence/2513884721,True,False
d278bf0cfcc4195ee09c0cb0,synedrella_nodiflora,Synedrella nodiflora,Synedrella nodiflora (L.) Gaertn.,GBIF,2513885036,,PRESERVED_SPECIMEN,1968-11-14,1968,MY,4.73333,118.13333,,Borneo,"Sabah, Lahad Datu, Madai Caves, Madai Baturong Forest Reserve.",PRESENT,,,15f819bd-6612-4447-854b-14d12ee1022d,http://creativecommons.org/publicdomain/zero/1.0/legalcode,https://www.gbif.org/occurrence/2513885036,True,False
b060c7a0d92b86d6f67f7302,synedrella_nodiflora,Synedrella nodiflora,Synedrella nodiflora (L.) Gaertn.,GBIF,2513885049,,PRESERVED_SPECIMEN,1986-10-24,1986,MY,5.26667,116.96667,,Borneo,"Sabah, Tongod district, Minusu Laut",PRESENT,,,15f819bd-6612-4447-854b-14d12ee1022d,http://creativecommons.org/publicdomain/zero/1.0/legalcode,https://www.gbif.org/occurrence/2513885049,True,False
fe20f377c49d78be1b7ff8e2,synedrella_nodiflora,Synedrella nodiflora,Synedrella nodiflora (L.) Gaertn.,GBIF,2513885095,,PRESERVED_SPECIMEN,1987-03-28,1987,MY,4.18333,100.5,,,"Perak,,Dist. of manjung, Pansea Pangkur Laut Island and resort.",PRESENT,,,15f819bd-6612-4447-854b-14d12ee1022d,http://creativecommons.org/publicdomain/zero/1.0/legalcode,https://www.gbif.org/occurrence/2513885095,True,False
33a93e4d6ab915eb7b161157,synedrella_nodiflora,Synedrella nodiflora,Synedrella nodiflora (L.) Gaertn.,GBIF,2513885205,,PRESERVED_SPECIMEN,1968-09-25,1968,MY,5.55,118.1,,Borneo,"Sabah, Sandakan, Gomantong Caves",PRESENT,,,15f819bd-6612-4447-854b-14d12ee1022d,http://creativecommons.org/publicdomain/zero/1.0/legalcode,https://www.gbif.org/occurrence/2513885205,True,False
900a7f14627dc0d8740b21d8,synedrella_nodiflora,Synedrella nodiflora,Synedrella nodiflora (L.) Gaertn.,GBIF,2513885279,,PRESERVED_SPECIMEN,1950-07-20,1950,MY,5.125,118.14167,,Borneo,"Sabah, Lahad Datu district, Masuli",PRESENT,,,15f819bd-6612-4447-854b-14d12ee1022d,http://creativecommons.org/publicdomain/zero/1.0/legalcode,https://www.gbif.org/occurrence/2513885279,True,False
cc1347522ce234c77a9372d9,synedrella_nodiflora,Synedrella nodiflora,Synedrella nodiflora (L.) Gaertn.,GBIF,2513885534,,PRESERVED_SPECIMEN,1985-02-22,1985,MY,5.53333,118.28333,,Borneo,"Sabah, Kinabatangan district, Kg. Sukau, Side of Kinabatangan river.",PRESENT,,,15f819bd-6612-4447-854b-14d12ee1022d,http://creativecommons.org/publicdomain/zero/1.0/legalcode,https://www.gbif.org/occurrence/2513885534,True,False
8dc9276eb120ebf47eae76c0,synedrella_nodiflora,Synedrella nodiflora,Synedrella nodiflora (L.) Gaertn.,GBIF,2513885962,,PRESERVED_SPECIMEN,1980-05-13,1980,MY,1.9,109.76667,,Borneo,"Sarawak, Pulau Talang Talang Kechil, 1st Division",PRESENT,,,15f819bd-6612-4447-854b-14d12ee1022d,http://creativecommons.org/publicdomain/zero/1.0/legalcode,https://www.gbif.org/occurrence/2513885962,True,False
6659f6aee4ef55e46eddf1f0,synedrella_nodiflora,Synedrella nodiflora,Synedrella nodiflora (L.) Gaertn.,GBIF,2513885966,,PRESERVED_SPECIMEN,1985-02-22,1985,MY,5.53333,118.28333,,Borneo,"Sabah, Kinabatangan district, Kg. Sukau, Side of Kinabatangan river.",PRESENT,,,15f819bd-6612-4447-854b-14d12ee1022d,http://creativecommons.org/publicdomain/zero/1.0/legalcode,https://www.gbif.org/occurrence/2513885966,True,False
e08f7a86bed85664d5903fe3,synedrella_nodiflora,Synedrella nodiflora,Synedrella nodiflora (L.) Gaertn.,GBIF,2513885973,,PRESERVED_SPECIMEN,1932-11-01/1932-11-30,1932,MY,3.86667,113.73333,,Borneo,"Sarawak, 4th Division, Niah",PRESENT,,,15f819bd-6612-4447-854b-14d12ee1022d,http://creativecommons.org/publicdomain/zero/1.0/legalcode,https://www.gbif.org/occurrence/2513885973,True,False
79cee916b7eec851de321d44,synedrella_nodiflora,Synedrella nodiflora,Synedrella nodiflora (L.) Gaertn.,GBIF,2513886069,,PRESERVED_SPECIMEN,1983-04-18,1983,MY,6.17,116.9,,Borneo,"Sabah, Labuk/Sugut district, Kpg. Kapuakan",PRESENT,,,15f819bd-6612-4447-854b-14d12ee1022d,http://creativecommons.org/publicdomain/zero/1.0/legalcode,https://www.gbif.org/occurrence/2513886069,True,False
45c577b347cd187eb6e5bebb,synedrella_nodiflora,Synedrella nodiflora,Synedrella nodiflora (L.) Gaertn.,GBIF,2513886448,,PRESERVED_SPECIMEN,1922-10-01/1922-10-31,1922,MY,4.25,117.9,,Borneo,"Tawao, Elphinstone Province, British North Borneo",PRESENT,,,15f819bd-6612-4447-854b-14d12ee1022d,http://creativecommons.org/publicdomain/zero/1.0/legalcode,https://www.gbif.org/occurrence/2513886448,True,False
692c6a7fdd1454294d958ed4,synedrella_nodiflora,Synedrella nodiflora,Synedrella nodiflora (L.) Gaertn.,GBIF,2517374618,,PRESERVED_SPECIMEN,1922-10-01/1922-10-31,1922,MY,4.25,117.9,,Borneo,"Tawao, Elphinstone Province, British North Borneo",PRESENT,,,15f819bd-6612-4447-854b-14d12ee1022d,http://creativecommons.org/publicdomain/zero/1.0/legalcode,https://www.gbif.org/occurrence/2517374618,True,False
309e48efe5617e1123e81c33,synedrella_nodiflora,Synedrella nodiflora,Synedrella nodiflora (L.) Gaertn.,GBIF,2563596473,inat:37969487,HUMAN_OBSERVATION,2020-01-15T09:33,2020,MY,5.422764,100.268439,4.0,Pulau Pinang,,PRESENT,CONTINENT_DERIVED_FROM_COORDINATES|COORDINATE_ROUNDED|TAXON_ID_NOT_FOUND,iNaturalist research-grade observations,50c9509d-22c7-4a22-a47d-8c48425ef4a7,http://creativecommons.org/publicdomain/zero/1.0/legalcode,https://www.gbif.org/occurrence/2563596473,True,True
25dbda13e0ecfdc34208cd51,synedrella_nodiflora,Synedrella nodiflora,Synedrella nodiflora (L.) Gaertn.,GBIF,2574155787,inat:38533275,HUMAN_OBSERVATION,2008-02-09T13:26,2008,MY,3.781139,100.998976,7.0,Selangor,,PRESENT,CONTINENT_DERIVED_FROM_COORDINATES|COORDINATE_ROUNDED|TAXON_ID_NOT_FOUND,iNaturalist research-grade observations,50c9509d-22c7-4a22-a47d-8c48425ef4a7,http://creativecommons.org/licenses/by/4.0/legalcode,https://www.gbif.org/occurrence/2574155787,True,True
441a6f0ea9683a6c5f2993cb,synedrella_nodiflora,Synedrella nodiflora,Synedrella nodiflora (L.) Gaertn.,GBIF,2574253771,inat:38529993,HUMAN_OBSERVATION,2007-08-12T11:59,2007,MY,2.654294,101.784948,212.0,Negeri Sembilan,,PRESENT,CONTINENT_DERIVED_FROM_COORDINATES|COORDINATE_ROUNDED|TAXON_ID_NOT_FOUND,iNaturalist research-grade observations,50c9509d-22c7-4a22-a47d-8c48425ef4a7,http://creativecommons.org/licenses/by/4.0/legalcode,https://www.gbif.org/occurrence/2574253771,True,True
056fa2a27def1105097fd246,synedrella_nodiflora,Synedrella nodiflora,Synedrella nodiflora (L.) Gaertn.,GBIF,2580134202,inat:39962298,HUMAN_OBSERVATION,2012-07-29T09:16,2012,MY,2.656671,101.762527,48.0,Negeri Sembilan,,PRESENT,CONTINENT_DERIVED_FROM_COORDINATES|COORDINATE_ROUNDED|TAXON_ID_NOT_FOUND,iNaturalist research-grade observations,50c9509d-22c7-4a22-a47d-8c48425ef4a7,http://creativecommons.org/licenses/by/4.0/legalcode,https://www.gbif.org/occurrence/2580134202,True,True
65399d4af7871308f7313f3c,synedrella_nodiflora,Synedrella nodiflora,Synedrella nodiflora (L.) Gaertn.,GBIF,2611142345,inat:43257015,HUMAN_OBSERVATION,2020-04-25T04:01:58,2020,MY,2.528256,101.814855,5.0,Negeri Sembilan,,PRESENT,CONTINENT_DERIVED_FROM_COORDINATES|COORDINATE_ROUNDED|TAXON_ID_NOT_FOUND,iNaturalist research-grade observations,50c9509d-22c7-4a22-a47d-8c48425ef4a7,http://creativecommons.org/licenses/by/4.0/legalcode,https://www.gbif.org/occurrence/2611142345,True,True
f95dde940088dfe51dc33be6,synedrella_nodiflora,Synedrella nodiflora,Synedrella nodiflora (L.) Gaertn.,GBIF,3059011848,inat:70867115,HUMAN_OBSERVATION,2021-03-09T10:48:06,2021,MY,3.135721,101.657918,,Kuala Lumpur,,PRESENT,CONTINENT_DERIVED_FROM_COORDINATES|COORDINATE_ROUNDED|TAXON_ID_NOT_FOUND,iNaturalist research-grade observations,50c9509d-22c7-4a22-a47d-8c48425ef4a7,http://creativecommons.org/licenses/by-nc/4.0/legalcode,https://www.gbif.org/occurrence/3059011848,True,False
4200e32d3dc43f76ed97d580,synedrella_nodiflora,Synedrella nodiflora,Synedrella nodiflora (L.) Gaertn.,GBIF,3112960763,inat:77546344,HUMAN_OBSERVATION,2021-05-02T12:04:24,2021,MY,1.27975,103.510375,10.0,Johor,,PRESENT,CONTINENT_DERIVED_FROM_COORDINATES|TAXON_ID_NOT_FOUND,iNaturalist research-grade observations,50c9509d-22c7-4a22-a47d-8c48425ef4a7,http://creativecommons.org/licenses/by-nc/4.0/legalcode,https://www.gbif.org/occurrence/3112960763,True,True
7132c513665fcd88134eef37,synedrella_nodiflora,Synedrella nodiflora,Synedrella nodiflora (L.) Gaertn.,GBIF,3113555765,inat:77762200,HUMAN_OBSERVATION,2021-05-02T12:02Z,2021,MY,1.279972,103.510217,48.0,Johor,,PRESENT,CONTINENT_DERIVED_FROM_COORDINATES|COORDINATE_ROUNDED|TAXON_ID_NOT_FOUND,iNaturalist research-grade observations,50c9509d-22c7-4a22-a47d-8c48425ef4a7,http://creativecommons.org/licenses/by-nc/4.0/legalcode,https://www.gbif.org/occurrence/3113555765,True,True
23c447ba8b78341451d21f9c,synedrella_nodiflora,Synedrella nodiflora,Synedrella nodiflora (L.) Gaertn.,GBIF,3124516451,inat:78049718,HUMAN_OBSERVATION,2021-05-09T17:20:52,2021,MY,3.338645,101.24472,48.0,Selangor,,PRESENT,CONTINENT_DERIVED_FROM_COORDINATES|TAXON_ID_NOT_FOUND,iNaturalist research-grade observations,50c9509d-22c7-4a22-a47d-8c48425ef4a7,http://creativecommons.org/licenses/by-nc/4.0/legalcode,https://www.gbif.org/occurrence/3124516451,True,True
1b57a80c19c8242663debfea,synedrella_nodiflora,Synedrella nodiflora,Synedrella nodiflora (L.) Gaertn.,GBIF,3301814579,inat:78027808,HUMAN_OBSERVATION,2021-05-09T16:12:36,2021,MY,3.101352,101.617048,,Selangor,,PRESENT,CONTINENT_DERIVED_FROM_COORDINATES|COORDINATE_ROUNDED|TAXON_ID_NOT_FOUND,iNaturalist research-grade observations,50c9509d-22c7-4a22-a47d-8c48425ef4a7,http://creativecommons.org/licenses/by-nc/4.0/legalcode,https://www.gbif.org/occurrence/3301814579,True,False
c8ce2d96816e66839ff3edb2,synedrella_nodiflora,Synedrella nodiflora,Synedrella nodiflora (L.) Gaertn.,GBIF,3314461443,inat:78006273,HUMAN_OBSERVATION,2021-05-03T16:05,2021,MY,3.111551,101.586279,,Selangor,,PRESENT,CONTINENT_DERIVED_FROM_COORDINATES|COORDINATE_ROUNDED|TAXON_ID_NOT_FOUND,iNaturalist research-grade observations,50c9509d-22c7-4a22-a47d-8c48425ef4a7,http://creativecommons.org/licenses/by-nc/4.0/legalcode,https://www.gbif.org/occurrence/3314461443,True,False
b82ef16a0a23499bd163c69c,synedrella_nodiflora,Synedrella nodiflora,Synedrella nodiflora (L.) Gaertn.,GBIF,3337467577,inat:84278545,HUMAN_OBSERVATION,2021-06-24T14:04:16,2021,MY,5.423546,100.33142,,Pulau Pinang,,PRESENT,CONTINENT_DERIVED_FROM_COORDINATES|COORDINATE_ROUNDED|TAXON_ID_NOT_FOUND,iNaturalist research-grade observations,50c9509d-22c7-4a22-a47d-8c48425ef4a7,http://creativecommons.org/licenses/by-nc/4.0/legalcode,https://www.gbif.org/occurrence/3337467577,True,False
6c2e789de4fcd12adbe30d86,synedrella_nodiflora,Synedrella nodiflora,Synedrella nodiflora (L.) Gaertn.,GBIF,3337503487,inat:78369346,HUMAN_OBSERVATION,2021-05-04T10:00,2021,MY,3.018815,101.618091,,Selangor,,PRESENT,CONTINENT_DERIVED_FROM_COORDINATES|TAXON_ID_NOT_FOUND,iNaturalist research-grade observations,50c9509d-22c7-4a22-a47d-8c48425ef4a7,http://creativecommons.org/licenses/by-nc/4.0/legalcode,https://www.gbif.org/occurrence/3337503487,True,False
454fbb165d0835b02dbf5010,synedrella_nodiflora,Synedrella nodiflora,Synedrella nodiflora (L.) Gaertn.,GBIF,3337843482,inat:77674835,HUMAN_OBSERVATION,2021-04-30T11:12,2021,MY,3.120644,101.649435,,Kuala Lumpur,,PRESENT,CONTINENT_DERIVED_FROM_COORDINATES|COORDINATE_ROUNDED|TAXON_ID_NOT_FOUND,iNaturalist research-grade observations,50c9509d-22c7-4a22-a47d-8c48425ef4a7,http://creativecommons.org/licenses/by-nc/4.0/legalcode,https://www.gbif.org/occurrence/3337843482,True,False
e419d6a98836f2aa32654c66,synedrella_nodiflora,Synedrella nodiflora,Synedrella nodiflora (L.) Gaertn.,GBIF,3712593634,inat:108103314,HUMAN_OBSERVATION,2021-12-26T16:33Z,2021,MY,3.179503,101.653708,13.0,Kuala Lumpur,,PRESENT,CONTINENT_DERIVED_FROM_COORDINATES|COORDINATE_ROUNDED|TAXON_ID_NOT_FOUND,iNaturalist research-grade observations,50c9509d-22c7-4a22-a47d-8c48425ef4a7,http://creativecommons.org/licenses/by-nc/4.0/legalcode,https://www.gbif.org/occurrence/3712593634,True,True
533606d761b0633c1b5fa75c,synedrella_nodiflora,Synedrella nodiflora,Synedrella nodiflora (L.) Gaertn.,GBIF,3912214447,inat:135648881,HUMAN_OBSERVATION,2022-09-19T16:32:34,2022,MY,3.161112,101.746928,12.0,Selangor,,PRESENT,CONTINENT_DERIVED_FROM_COORDINATES|COORDINATE_ROUNDED|TAXON_ID_NOT_FOUND,iNaturalist research-grade observations,50c9509d-22c7-4a22-a47d-8c48425ef4a7,http://creativecommons.org/licenses/by/4.0/legalcode,https://www.gbif.org/occurrence/3912214447,True,True
adae3a1dd11e37536f8f21f9,synedrella_nodiflora,Synedrella nodiflora,Synedrella nodiflora (L.) Gaertn.,GBIF,3951621124,,HUMAN_OBSERVATION,2019-01-30T06:46:01.933Z,2019,MY,4.623812,101.088694,6.0,,,PRESENT,CONTINENT_DERIVED_FROM_COORDINATES|COORDINATE_ROUNDED|COUNTRY_DERIVED_FROM_COORDINATES,,14d5676a-2c54-4f94-9023-1e8dcd822aa0,http://creativecommons.org/licenses/by/4.0/legalcode,https://www.gbif.org/occurrence/3951621124,True,True
81ca87404f9966be980e4db0,synedrella_nodiflora,Synedrella nodiflora,Synedrella nodiflora (L.) Gaertn.,GBIF,3951730620,,HUMAN_OBSERVATION,2022-03-30T07:32:41.392Z,2022,MY,2.982671,101.722263,14.0,,,PRESENT,CONTINENT_DERIVED_FROM_COORDINATES|COORDINATE_ROUNDED|COUNTRY_DERIVED_FROM_COORDINATES,,14d5676a-2c54-4f94-9023-1e8dcd822aa0,http://creativecommons.org/licenses/by/4.0/legalcode,https://www.gbif.org/occurrence/3951730620,True,True
6104e0cbd6636bb143c0a73c,synedrella_nodiflora,Synedrella nodiflora,Synedrella nodiflora (L.) Gaertn.,GBIF,3954431735,,HUMAN_OBSERVATION,2020-12-20T03:31:07.383Z,2020,MY,3.336605,101.409739,83.0,,,PRESENT,CONTINENT_DERIVED_FROM_COORDINATES|COORDINATE_ROUNDED|COUNTRY_DERIVED_FROM_COORDINATES,,14d5676a-2c54-4f94-9023-1e8dcd822aa0,http://creativecommons.org/licenses/by/4.0/legalcode,https://www.gbif.org/occurrence/3954431735,True,True
c88718091c9f00857d096f4b,synedrella_nodiflora,Synedrella nodiflora,Synedrella nodiflora (L.) Gaertn.,GBIF,3955466338,,HUMAN_OBSERVATION,2022-05-27T10:02:45.306Z,2022,MY,2.716815,101.982587,11.0,,,PRESENT,CONTINENT_DERIVED_FROM_COORDINATES|COORDINATE_ROUNDED|COUNTRY_DERIVED_FROM_COORDINATES,,14d5676a-2c54-4f94-9023-1e8dcd822aa0,http://creativecommons.org/licenses/by/4.0/legalcode,https://www.gbif.org/occurrence/3955466338,True,True
f77ccaf539eccdc7a8ae77db,synedrella_nodiflora,Synedrella nodiflora,Synedrella nodiflora (L.) Gaertn.,GBIF,3955627068,,HUMAN_OBSERVATION,2021-02-09T01:56:46.774Z,2021,MY,3.168233,101.60579,27.0,,,PRESENT,CONTINENT_DERIVED_FROM_COORDINATES|COORDINATE_ROUNDED|COUNTRY_DERIVED_FROM_COORDINATES,,14d5676a-2c54-4f94-9023-1e8dcd822aa0,http://creativecommons.org/licenses/by/4.0/legalcode,https://www.gbif.org/occurrence/3955627068,True,True
f912473889135c771298f77c,synedrella_nodiflora,Synedrella nodiflora,Synedrella nodiflora (L.) Gaertn.,GBIF,3956296341,,HUMAN_OBSERVATION,2019-01-30T06:46:27.749Z,2019,MY,4.623883,101.088701,24.0,,,PRESENT,CONTINENT_DERIVED_FROM_COORDINATES|COORDINATE_ROUNDED|COUNTRY_DERIVED_FROM_COORDINATES,,14d5676a-2c54-4f94-9023-1e8dcd822aa0,http://creativecommons.org/licenses/by/4.0/legalcode,https://www.gbif.org/occurrence/3956296341,True,True
f65513ada9abe3a12bcdcb0b,synedrella_nodiflora,Synedrella nodiflora,Synedrella nodiflora (L.) Gaertn.,GBIF,3956440944,,HUMAN_OBSERVATION,2019-01-30T06:46:58.224Z,2019,MY,4.623883,101.088701,24.0,,,PRESENT,CONTINENT_DERIVED_FROM_COORDINATES|COORDINATE_ROUNDED|COUNTRY_DERIVED_FROM_COORDINATES,,14d5676a-2c54-4f94-9023-1e8dcd822aa0,http://creativecommons.org/licenses/by/4.0/legalcode,https://www.gbif.org/occurrence/3956440944,True,True
9dddff0adc1d72fb3a3e34e5,synedrella_nodiflora,Synedrella nodiflora,Synedrella nodiflora (L.) Gaertn.,GBIF,3958069383,,HUMAN_OBSERVATION,2021-02-04T00:20:18.468Z,2021,MY,2.737403,102.230976,110.0,,,PRESENT,CONTINENT_DERIVED_FROM_COORDINATES|COORDINATE_ROUNDED|COUNTRY_DERIVED_FROM_COORDINATES,,14d5676a-2c54-4f94-9023-1e8dcd822aa0,http://creativecommons.org/licenses/by/4.0/legalcode,https://www.gbif.org/occurrence/3958069383,True,True
a53fd9b140e7e7bf64a273f3,synedrella_nodiflora,Synedrella nodiflora,Synedrella nodiflora (L.) Gaertn.,GBIF,3998493300,,HUMAN_OBSERVATION,2022-10-31T09:54:54.343Z,2022,MY,2.158733,102.474898,7.0,,,PRESENT,CONTINENT_DERIVED_FROM_COORDINATES|COORDINATE_ROUNDED|COUNTRY_DERIVED_FROM_COORDINATES,,14d5676a-2c54-4f94-9023-1e8dcd822aa0,http://creativecommons.org/licenses/by/4.0/legalcode,https://www.gbif.org/occurrence/3998493300,True,True
c004e63c41ba81334036eb09,synedrella_nodiflora,Synedrella nodiflora,Synedrella nodiflora (L.) Gaertn.,GBIF,4018124346,inat:48999170,HUMAN_OBSERVATION,2009-07-09T13:31,2009,MY,3.134765,101.642913,417.0,Kuala Lumpur,,PRESENT,CONTINENT_DERIVED_FROM_COORDINATES|COORDINATE_ROUNDED|TAXON_ID_NOT_FOUND,iNaturalist research-grade observations,50c9509d-22c7-4a22-a47d-8c48425ef4a7,http://creativecommons.org/licenses/by/4.0/legalcode,https://www.gbif.org/occurrence/4018124346,True,True
cecb09deba2530e2edf924b4,synedrella_nodiflora,Synedrella nodiflora,Synedrella nodiflora (L.) Gaertn.,GBIF,4034717748,inat:148330488,HUMAN_OBSERVATION,2023-01-14T05:37,2023,MY,3.145777,101.688906,221.0,Kuala Lumpur,,PRESENT,CONTINENT_DERIVED_FROM_COORDINATES|COORDINATE_ROUNDED|TAXON_ID_NOT_FOUND,iNaturalist research-grade observations,50c9509d-22c7-4a22-a47d-8c48425ef4a7,http://creativecommons.org/licenses/by-nc/4.0/legalcode,https://www.gbif.org/occurrence/4034717748,True,True
91c0a22b9e5d30abb57d1be0,synedrella_nodiflora,Synedrella nodiflora,Synedrella nodiflora (L.) Gaertn.,GBIF,4096882969,inat:155784233,HUMAN_OBSERVATION,2023-04-20T16:26:20,2023,MY,1.677745,103.531258,,Johor,,PRESENT,CONTINENT_DERIVED_FROM_COORDINATES|COORDINATE_ROUNDED|TAXON_ID_NOT_FOUND,iNaturalist research-grade observations,50c9509d-22c7-4a22-a47d-8c48425ef4a7,http://creativecommons.org/licenses/by-nc/4.0/legalcode,https://www.gbif.org/occurrence/4096882969,True,False
e50c2037e8d1d4431f35a592,synedrella_nodiflora,Synedrella nodiflora,Synedrella nodiflora (L.) Gaertn.,GBIF,4102335688,,PRESERVED_SPECIMEN,1987-02-21,1987,MY,3.083333,101.5,,Selangor,"Selangor, Dist. of Petaling, Shah Alam",PRESENT,CONTINENT_DERIVED_FROM_COORDINATES|GEODETIC_DATUM_ASSUMED_WGS84|INSTITUTION_MATCH_FUZZY|TAXON_ID_NOT_FOUND,,bb0366a9-2a7e-44f8-9c9a-e49c23dae2f8,http://creativecommons.org/publicdomain/zero/1.0/legalcode,https://www.gbif.org/occurrence/4102335688,True,False
32224da5b1f824d33c4c6bd0,synedrella_nodiflora,Synedrella nodiflora,Synedrella nodiflora (L.) Gaertn.,GBIF,4153470701,inat:172215393,HUMAN_OBSERVATION,2022-09-28T10:54,2022,MY,3.153526,101.685397,,Kuala Lumpur,,PRESENT,CONTINENT_DERIVED_FROM_COORDINATES|COORDINATE_ROUNDED|TAXON_ID_NOT_FOUND,iNaturalist research-grade observations,50c9509d-22c7-4a22-a47d-8c48425ef4a7,http://creativecommons.org/licenses/by-nc/4.0/legalcode,https://www.gbif.org/occurrence/4153470701,True,False
6934ae63bd0a1463e82a888f,synedrella_nodiflora,Synedrella nodiflora,Synedrella nodiflora (L.) Gaertn.,GBIF,4407163874,inat:180879768,HUMAN_OBSERVATION,2023-08-30T08:06:49,2023,MY,3.103614,101.649942,14.0,Kuala Lumpur,,PRESENT,CONTINENT_DERIVED_FROM_COORDINATES|COORDINATE_ROUNDED|TAXON_ID_NOT_FOUND,iNaturalist research-grade observations,50c9509d-22c7-4a22-a47d-8c48425ef4a7,http://creativecommons.org/licenses/by-nc/4.0/legalcode,https://www.gbif.org/occurrence/4407163874,True,True
cac0029efe2f3ebaab1be347,synedrella_nodiflora,Synedrella nodiflora,Synedrella nodiflora (L.) Gaertn.,GBIF,4420858320,inat:185242244,HUMAN_OBSERVATION,2023-09-28T13:35:25,2023,MY,2.971427,101.695266,,Selangor,,PRESENT,CONTINENT_DERIVED_FROM_COORDINATES|COORDINATE_ROUNDED|TAXON_ID_NOT_FOUND,iNaturalist research-grade observations,50c9509d-22c7-4a22-a47d-8c48425ef4a7,http://creativecommons.org/licenses/by-nc/4.0/legalcode,https://www.gbif.org/occurrence/4420858320,True,False
e0598a468f1bb17264b1a0a9,synedrella_nodiflora,Synedrella nodiflora,Synedrella nodiflora (L.) Gaertn.,GBIF,4421211211,inat:185242237,HUMAN_OBSERVATION,2023-09-28T13:35:02,2023,MY,2.974839,101.69135,,Selangor,,PRESENT,CONTINENT_DERIVED_FROM_COORDINATES|COORDINATE_ROUNDED|TAXON_ID_NOT_FOUND,iNaturalist research-grade observations,50c9509d-22c7-4a22-a47d-8c48425ef4a7,http://creativecommons.org/licenses/by-nc/4.0/legalcode,https://www.gbif.org/occurrence/4421211211,True,False
fb713ae046c995bdacdff300,synedrella_nodiflora,Synedrella nodiflora,Synedrella nodiflora (L.) Gaertn.,GBIF,4507850332,inat:20583964,HUMAN_OBSERVATION,2019-02-23T09:34:31,2019,MY,5.416333,100.312754,947.0,Pulau Pinang,,PRESENT,CONTINENT_DERIVED_FROM_COORDINATES|COORDINATE_ROUNDED|TAXON_ID_NOT_FOUND,iNaturalist research-grade observations,50c9509d-22c7-4a22-a47d-8c48425ef4a7,http://creativecommons.org/licenses/by-nc/4.0/legalcode,https://www.gbif.org/occurrence/4507850332,True,True
f281870d0b092b14b7635c1d,synedrella_nodiflora,Synedrella nodiflora,Synedrella nodiflora (L.) Gaertn.,GBIF,4528270296,inat:200255653,HUMAN_OBSERVATION,2024-02-24T15:20:59,2024,MY,3.940444,102.389047,10.0,Pahang,,PRESENT,CONTINENT_DERIVED_FROM_COORDINATES|COORDINATE_ROUNDED|TAXON_ID_NOT_FOUND,iNaturalist research-grade observations,50c9509d-22c7-4a22-a47d-8c48425ef4a7,http://creativecommons.org/licenses/by-nc/4.0/legalcode,https://www.gbif.org/occurrence/4528270296,True,True
6103ef66b36a52ef9f64e00f,synedrella_nodiflora,Synedrella nodiflora,Synedrella nodiflora (L.) Gaertn.,GBIF,4906843938,,PRESERVED_SPECIMEN,1990-08-17T00:00,1990,MY,6.046111,116.703611,,,Borneo; Ranau District : Poring Hot Springs.,PRESENT,CONTINENT_DERIVED_FROM_COORDINATES|COORDINATE_ROUNDED|GEODETIC_DATUM_ASSUMED_WGS84|INSTITUTION_COLLECTION_MISMATCH|INSTITUTION_MATCH_FUZZY,,cd6e21c8-9e8a-493a-8a76-fbf7862069e5,http://creativecommons.org/licenses/by/4.0/legalcode,https://www.gbif.org/occurrence/4906843938,True,False
59a04090907d6e0aa6088885,synedrella_nodiflora,Synedrella nodiflora,Synedrella nodiflora (L.) Gaertn.,GBIF,4906846044,,PRESERVED_SPECIMEN,2009-02-17T00:00,2009,MY,6.333333,99.833334,,,"Langkawi, P. Langkawi, Gunung Raya, Beside Telekom Tower.",PRESENT,CONTINENT_DERIVED_FROM_COORDINATES|COORDINATE_ROUNDED|GEODETIC_DATUM_ASSUMED_WGS84|INSTITUTION_COLLECTION_MISMATCH|INSTITUTION_MATCH_FUZZY,,cd6e21c8-9e8a-493a-8a76-fbf7862069e5,http://creativecommons.org/licenses/by/4.0/legalcode,https://www.gbif.org/occurrence/4906846044,True,False
cd52a211f118dc56b041f35b,synedrella_nodiflora,Synedrella nodiflora,Synedrella nodiflora (L.) Gaertn.,GBIF,4906849123,,PRESERVED_SPECIMEN,2009-07-01T00:00,2009,MY,3.3345,101.236833,,,"[Kuala Selangor, Kuala Selangor Nature Park, along the bund surrounding the lake]",PRESENT,CONTINENT_DERIVED_FROM_COORDINATES|COORDINATE_ROUNDED|GEODETIC_DATUM_ASSUMED_WGS84|INSTITUTION_COLLECTION_MISMATCH|INSTITUTION_MATCH_FUZZY,,cd6e21c8-9e8a-493a-8a76-fbf7862069e5,http://creativecommons.org/licenses/by/4.0/legalcode,https://www.gbif.org/occurrence/4906849123,True,False
f50a84e0fdfbc9a7d050ad71,synedrella_nodiflora,Synedrella nodiflora,Synedrella nodiflora (L.) Gaertn.,GBIF,4906877944,,PRESERVED_SPECIMEN,2009-03-11T00:00,2009,MY,5.785333,100.434333,,,"Kuala Muda, G. Jerai F. R., G. Jerai, Wasteland besides the telecom tower on the summit.",PRESENT,CONTINENT_DERIVED_FROM_COORDINATES|COORDINATE_ROUNDED|GEODETIC_DATUM_ASSUMED_WGS84|INSTITUTION_COLLECTION_MISMATCH|INSTITUTION_MATCH_FUZZY,,cd6e21c8-9e8a-493a-8a76-fbf7862069e5,http://creativecommons.org/licenses/by/4.0/legalcode,https://www.gbif.org/occurrence/4906877944,True,False
77a67ae9e52dd88a6db61580,synedrella_nodiflora,Synedrella nodiflora,Synedrella nodiflora (L.) Gaertn.,GBIF,4906880531,,PRESERVED_SPECIMEN,2009-02-13T00:00,2009,MY,4.442667,101.417333,,,"[Cameron Highlands, Cameron Highlands, Boh Valley, tea plantation area, beside road.]",PRESENT,CONTINENT_DERIVED_FROM_COORDINATES|COORDINATE_ROUNDED|GEODETIC_DATUM_ASSUMED_WGS84|INSTITUTION_COLLECTION_MISMATCH|INSTITUTION_MATCH_FUZZY,,cd6e21c8-9e8a-493a-8a76-fbf7862069e5,http://creativecommons.org/licenses/by/4.0/legalcode,https://www.gbif.org/occurrence/4906880531,True,False
73ea03e5fcad6d336a6ee72c,synedrella_nodiflora,Synedrella nodiflora,Synedrella nodiflora (L.) Gaertn.,GBIF,4978393435,inat:249966778,HUMAN_OBSERVATION,2024-11-01T12:30:53,2024,MY,3.039803,101.794291,13.0,Selangor,,PRESENT,CONTINENT_DERIVED_FROM_COORDINATES|COORDINATE_ROUNDED|TAXON_ID_NOT_FOUND,iNaturalist research-grade observations,50c9509d-22c7-4a22-a47d-8c48425ef4a7,http://creativecommons.org/licenses/by-nc/4.0/legalcode,https://www.gbif.org/occurrence/4978393435,True,True
86b6fb90b1780c5351260dd0,synedrella_nodiflora,Synedrella nodiflora,Synedrella nodiflora (L.) Gaertn.,GBIF,5007028461,inat:157890442,HUMAN_OBSERVATION,2023-04-29T17:28:34,2023,MY,5.428906,100.544533,,Kedah,,PRESENT,CONTINENT_DERIVED_FROM_COORDINATES|COORDINATE_ROUNDED|TAXON_ID_NOT_FOUND,iNaturalist research-grade observations,50c9509d-22c7-4a22-a47d-8c48425ef4a7,http://creativecommons.org/licenses/by-nc/4.0/legalcode,https://www.gbif.org/occurrence/5007028461,True,False
5181524057463eda357c7508,synedrella_nodiflora,Synedrella nodiflora,Synedrella nodiflora (L.) Gaertn.,GBIF,5007807684,inat:139938140,HUMAN_OBSERVATION,2022-10-23T11:55:07,2022,MY,6.385972,99.662206,,Kedah,,PRESENT,CONTINENT_DERIVED_FROM_COORDINATES|COORDINATE_ROUNDED|TAXON_ID_NOT_FOUND,iNaturalist research-grade observations,50c9509d-22c7-4a22-a47d-8c48425ef4a7,http://creativecommons.org/licenses/by/4.0/legalcode,https://www.gbif.org/occurrence/5007807684,True,False
b91e5bd024c0266f8be4a313,synedrella_nodiflora,Synedrella nodiflora,Synedrella nodiflora (L.) Gaertn.,GBIF,5008251984,inat:239194918,HUMAN_OBSERVATION,2024-08-20T09:49,2024,MY,2.230909,104.060893,4.0,Johor,,PRESENT,CONTINENT_DERIVED_FROM_COORDINATES|COORDINATE_ROUNDED|TAXON_ID_NOT_FOUND,iNaturalist research-grade observations,50c9509d-22c7-4a22-a47d-8c48425ef4a7,http://creativecommons.org/licenses/by/4.0/legalcode,https://www.gbif.org/occurrence/5008251984,True,True
c45623dcbf295f08da7e90da,synedrella_nodiflora,Synedrella nodiflora,Synedrella nodiflora (L.) Gaertn.,GBIF,5025701503,,HUMAN_OBSERVATION,2020-01-09T00:00,2020,MY,3.164445,101.708138,250.0,,Kuala Lumpur/Kampung Baru,PRESENT,CONTINENT_DERIVED_FROM_COORDINATES|COORDINATE_ROUNDED|GEODETIC_DATUM_ASSUMED_WGS84,,6ac3f774-d9fb-4796-b3e9-92bf6c81c084,http://creativecommons.org/licenses/by/4.0/legalcode,https://www.gbif.org/occurrence/5025701503,True,True
01ecbeb1bd6f5752ed683580,synedrella_nodiflora,Synedrella nodiflora,Synedrella nodiflora (L.) Gaertn.,GBIF,5103641760,,PRESERVED_SPECIMEN,1987-03-28,1987,MY,4.183333,100.5,,Perak,"Pansea Pangkor Laut Island, Manjung District",PRESENT,CONTINENT_DERIVED_FROM_COORDINATES|COORDINATE_ROUNDED|INSTITUTION_COLLECTION_MISMATCH|INSTITUTION_MATCH_FUZZY,,1a9d08bb-9e2c-4540-8f7f-3205846b6ddc,http://creativecommons.org/publicdomain/zero/1.0/legalcode,https://www.gbif.org/occurrence/5103641760,True,False
e8a5e835fe145a7caf0a4bb4,synedrella_nodiflora,Synedrella nodiflora,Synedrella nodiflora (L.) Gaertn.,GBIF,5103641765,,PRESERVED_SPECIMEN,1987-02-21,1987,MY,3.083333,101.5,,Selangor,"Shah Alam, Petaling District",PRESENT,CONTINENT_DERIVED_FROM_COORDINATES|COORDINATE_ROUNDED|INSTITUTION_COLLECTION_MISMATCH|INSTITUTION_MATCH_FUZZY,,1a9d08bb-9e2c-4540-8f7f-3205846b6ddc,http://creativecommons.org/publicdomain/zero/1.0/legalcode,https://www.gbif.org/occurrence/5103641765,True,False
203b6396674b8e9b7db4ba14,synedrella_nodiflora,Synedrella nodiflora,Synedrella nodiflora (L.) Gaertn.,GBIF,5938621357,inat:332690546,HUMAN_OBSERVATION,2025-12-29T12:44:25,2025,MY,2.277131,102.302358,,Melaka,,PRESENT,CONTINENT_DERIVED_FROM_COORDINATES|COORDINATE_ROUNDED|TAXON_ID_NOT_FOUND,iNaturalist research-grade observations,50c9509d-22c7-4a22-a47d-8c48425ef4a7,http://creativecommons.org/licenses/by/4.0/legalcode,https://www.gbif.org/occurrence/5938621357,True,False
8ee67537c1d97690b69396dd,synedrella_nodiflora,Synedrella nodiflora,Synedrella nodiflora (L.) Gaertn.,GBIF,6159404647,inat:337617132,HUMAN_OBSERVATION,2026-02-06T15:12:32,2026,MY,4.440784,101.251816,,Perak,,PRESENT,CONTINENT_DERIVED_FROM_COORDINATES|TAXON_ID_NOT_FOUND,iNaturalist research-grade observations,50c9509d-22c7-4a22-a47d-8c48425ef4a7,http://creativecommons.org/licenses/by-nc/4.0/legalcode,https://www.gbif.org/occurrence/6159404647,True,False
fdfe88ca42e045b02eb285cb,synedrella_nodiflora,Synedrella nodiflora,Synedrella nodiflora (L.) Gaertn.,GBIF,6320760552,inat:35176514,HUMAN_OBSERVATION,2019-10-19T15:19,2019,MY,3.3418,101.823407,,Pahang,,PRESENT,CONTINENT_DERIVED_FROM_COORDINATES|COORDINATE_ROUNDED|TAXON_ID_NOT_FOUND,iNaturalist research-grade observations,50c9509d-22c7-4a22-a47d-8c48425ef4a7,http://creativecommons.org/licenses/by-nc/4.0/legalcode,https://www.gbif.org/occurrence/6320760552,True,False
305910044d08463e10630201,urochloa_mutica,Urochloa mutica,Urochloa mutica (Forssk.) T.Q.Nguyen,GBIF,2513528374,,PRESERVED_SPECIMEN,1950-01-05,1950,MY,5.84583,118.07917,,Borneo,"Sabah, Elopura, Sandakan district, Leila Road near B.B.T. co.",PRESENT,,,15f819bd-6612-4447-854b-14d12ee1022d,http://creativecommons.org/publicdomain/zero/1.0/legalcode,https://www.gbif.org/occurrence/2513528374,True,False
9a231027268dc0e95aa7521e,urochloa_mutica,Urochloa mutica,Urochloa mutica (Forssk.) T.Q.Nguyen,GBIF,2513529513,,PRESERVED_SPECIMEN,1920-09-01/1920-09-30,1920,MY,5.83333,118.11667,,Borneo,"British North Borneo, Sandakan and vicinity",PRESENT,,,15f819bd-6612-4447-854b-14d12ee1022d,http://creativecommons.org/publicdomain/zero/1.0/legalcode,https://www.gbif.org/occurrence/2513529513,True,False
f569327d876a51357f7d8e2b,urochloa_mutica,Urochloa mutica,Urochloa mutica (Forssk.) T.Q.Nguyen,GBIF,2513651154,,PRESERVED_SPECIMEN,2001-03-14,2001,MY,5.53333,118.31667,,Borneo,"Sabah, Sandakan district, 5 km from main road Sandakan - Tawau, towards Sukau",PRESENT,,,15f819bd-6612-4447-854b-14d12ee1022d,http://creativecommons.org/publicdomain/zero/1.0/legalcode,https://www.gbif.org/occurrence/2513651154,True,False
b1f6f7e0932cad39a1fc2d7f,urochloa_mutica,Urochloa mutica,Urochloa mutica (Forssk.) T.Q.Nguyen,GBIF,2514929955,,PRESERVED_SPECIMEN,2010-03-05,2010,MY,6.542,100.30217,,,"Malaysia, Perlis, Chuping, Bkt. Keteri, road 1002 across Chuping sugarcane plantation.",PRESENT,,,15f819bd-6612-4447-854b-14d12ee1022d,http://creativecommons.org/publicdomain/zero/1.0/legalcode,https://www.gbif.org/occurrence/2514929955,True,False
a6e38fa6a9fde886983652b3,urochloa_mutica,Urochloa mutica,Urochloa mutica (Forssk.) T.Q.Nguyen,GBIF,2515108464,,PRESERVED_SPECIMEN,2010-03-05,2010,MY,6.542,100.30217,,,"Malaya. Malaysia, Perlis, Chuping, Bkt. Keteri, Road 1002 across Chuping sugarcane plantation fields.",PRESENT,,,15f819bd-6612-4447-854b-14d12ee1022d,http://creativecommons.org/publicdomain/zero/1.0/legalcode,https://www.gbif.org/occurrence/2515108464,True,False
22e252ebac8b268aaf0011c7,urochloa_mutica,Urochloa mutica,Urochloa mutica (Forssk.) T.Q.Nguyen,GBIF,2516732492,,PRESERVED_SPECIMEN,1946-11-20,1946,MY,2.6,102.95,,,Buloh Kasap nr. Segamat.,PRESENT,,,15f819bd-6612-4447-854b-14d12ee1022d,http://creativecommons.org/publicdomain/zero/1.0/legalcode,https://www.gbif.org/occurrence/2516732492,True,False
a389e8f7f79ed05c619af124,urochloa_mutica,Urochloa mutica,Urochloa mutica (Forssk.) T.Q.Nguyen,GBIF,2517027245,,PRESERVED_SPECIMEN,2010-03-08,2010,MY,4.5,101.56667,,,Near Haba.,PRESENT,,,15f819bd-6612-4447-854b-14d12ee1022d,http://creativecommons.org/publicdomain/zero/1.0/legalcode,https://www.gbif.org/occurrence/2517027245,True,False
88b95df0da406576bcd46f1c,urochloa_mutica,Urochloa mutica,Urochloa mutica (Forssk.) T.Q.Nguyen,GBIF,4849311613,,PRESERVED_SPECIMEN,2001-03-14T00:00,2001,MY,5.533333,118.316667,,,"5 km from main road Sandakan-Tawau, towards Sukau; District: Sandakan",PRESENT,CONTINENT_DERIVED_FROM_COORDINATES|COORDINATE_ROUNDED|GEODETIC_DATUM_ASSUMED_WGS84|INSTITUTION_COLLECTION_MISMATCH|INSTITUTION_MATCH_FUZZY,,cd6e21c8-9e8a-493a-8a76-fbf7862069e5,http://creativecommons.org/licenses/by/4.0/legalcode,https://www.gbif.org/occurrence/4849311613,True,False
3ca4818312d7caa39023c051,urochloa_mutica,Urochloa mutica,Urochloa mutica,iNaturalist,315143259,inat:315143259,HUMAN_OBSERVATION,2025-09-20 09:53:00,2025,MY,3.3386783333,101.240995,5.0,,"Kuala Selangor, Selangor, Malaysia",PRESENT,,iNaturalist research-grade observations (direct API),,cc-by-nc,https://www.inaturalist.org/observations/315143259,True,True
