{"type":"FeatureCollection","metadata":{"schema_version":1,"place_id":"014d651c-1cc6-5694-8a53-3331ebfd1ca8","place_name":"Taman Kinabalu","place_type":"park","osm_reference":"way/429428102","protection_context":"no protected status confirmed from included OSM tags","resolution_m":50,"raster_coverage":1.0,"interpretation":"Suggested search habitats, not predicted plant locations or probabilities of presence."},"features":[{"type":"Feature","geometry":{"type":"MultiPolygon","coordinates":[[[[116.5367757028391,6.032479009677827],[116.53729391122964,6.032479009677827],[116.53729391122964,6.032084954104495],[116.5367757028391,6.032084954104495],[116.5367757028391,6.032479009677827]]],[[[116.54247599513525,6.035237406499049],[116.54247599513525,6.034843348973611],[116.54195778674469,6.034843348973611],[116.54195778674469,6.035237406499049],[116.54247599513525,6.035237406499049]]],[[[116.54143957835414,6.035237406499049],[116.54143957835414,6.034843348973611],[116.54092136996357,6.034843348973611],[116.54092136996357,6.035237406499049],[116.54143957835414,6.035237406499049]]],[[[116.53988495318245,6.049029595760199],[116.54040316157301,6.049029595760199],[116.54040316157301,6.048635528460441],[116.53988495318245,6.048635528460441],[116.53988495318245,6.049029595760199]]],[[[116.54143957835414,6.0565169276017485],[116.54143957835414,6.056122854986307],[116.54092136996357,6.056122854986307],[116.54092136996357,6.0565169276017485],[116.54143957835414,6.0565169276017485]]],[[[116.54040316157301,6.0565169276017485],[116.54040316157301,6.05691100049715],[116.54092136996357,6.05691100049715],[116.54092136996357,6.0565169276017485],[116.54040316157301,6.0565169276017485]]],[[[116.53314824410516,6.06124582082932],[116.53366645249572,6.06124582082932],[116.53366645249572,6.060851744853116],[116.53314824410516,6.060851744853116],[116.53314824410516,6.06124582082932]]],[[[116.54247599513525,6.063216204913498],[116.54247599513525,6.063610282571097],[116.54351241191638,6.064004360508992],[116.54351241191638,6.063610282571097],[116.54403062030694,6.063610282571097],[116.54403062030694,6.06242805043912],[116.54195778674469,6.062822127536179],[116.54195778674469,6.063216204913498],[116.54247599513525,6.063216204913498]]],[[[116.53729391122964,6.064398438727207],[116.53729391122964,6.064004360508992],[116.5367757028391,6.064004360508992],[116.5367757028391,6.064398438727207],[116.53729391122964,6.064398438727207]]],[[[116.54040316157301,6.065580675063937],[116.54040316157301,6.0651865960046605],[116.53988495318245,6.0651865960046605],[116.53988495318245,6.065580675063937],[116.54040316157301,6.065580675063937]]],[[[116.5341846608863,6.066368834023684],[116.5341846608863,6.065974754403605],[116.53366645249572,6.065974754403605],[116.53366645249572,6.066368834023684],[116.5341846608863,6.066368834023684]]],[[[116.54143957835414,6.06715699410515],[116.54143957835414,6.067551074566573],[116.54195778674469,6.067551074566573],[116.54195778674469,6.06715699410515],[116.54299420352582,6.06715699410515],[116.54299420352582,6.066368834023684],[116.54092136996357,6.066762913924193],[116.54092136996357,6.06715699410515],[116.54143957835414,6.06715699410515]]],[[[116.53988495318245,6.068733317633836],[116.53988495318245,6.068339236330897],[116.5393667447919,6.068339236330897],[116.5393667447919,6.068733317633836],[116.53988495318245,6.068733317633836]]],[[[116.53573928605796,6.069521481081354],[116.5352210776674,6.069521481081354],[116.5352210776674,6.068733317633836],[116.5341846608863,6.068339236330897],[116.53470286927684,6.067551074566573],[116.53366645249572,6.067551074566573],[116.53366645249572,6.06715699410515],[116.53263003571459,6.06715699410515],[116.53263003571459,6.066762913924193],[116.532019589325,6.066762913924193],[116.53211182732406,6.067551074566573],[116.53366645249572,6.068339236330897],[116.53366645249572,6.068733317633836],[116.53314824410516,6.068733317633836],[116.53314824410516,6.069127399217313],[116.53211182732406,6.069127399217313],[116.53211182732406,6.069521481081354],[116.53263003571459,6.069521481081354],[116.53263003571459,6.070309645651192],[116.53314824410516,6.070309645651192],[116.5341846608863,6.071491894610624],[116.5352210776674,6.071491894610624],[116.5352210776674,6.071097811343497],[116.53470286927684,6.071097811343497],[116.53470286927684,6.070309645651192],[116.5352210776674,6.070309645651192],[116.53573928605796,6.069521481081354]]],[[[116.53729391122964,6.071097811343497],[116.53729391122964,6.070309645651192],[116.5367757028391,6.070309645651192],[116.5367757028391,6.071097811343497],[116.53729391122964,6.071097811343497]]],[[[116.53470286927684,6.0722800619869135],[116.53470286927684,6.071885978158423],[116.5341846608863,6.071885978158423],[116.5341846608863,6.0722800619869135],[116.53470286927684,6.0722800619869135]]],[[[116.53366645249572,6.072674146096115],[116.5341846608863,6.072674146096115],[116.5341846608863,6.0722800619869135],[116.53366645249572,6.0722800619869135],[116.53366645249572,6.072674146096115]]],[[[116.54040316157301,6.071097811343497],[116.53988495318245,6.071097811343497],[116.53988495318245,6.073068230486047],[116.5393667447919,6.073068230486047],[116.53988495318245,6.073856400108175],[116.54092136996357,6.073856400108175],[116.54092136996357,6.0734623151567275],[116.54143957835414,6.0734623151567275],[116.54143957835414,6.073068230486047],[116.54040316157301,6.072674146096115],[116.54040316157301,6.071885978158423],[116.54092136996357,6.071885978158423],[116.54040316157301,6.071097811343497]]],[[[116.54143957835414,6.073856400108175],[116.54195778674469,6.073856400108175],[116.54195778674469,6.0734623151567275],[116.54143957835414,6.0734623151567275],[116.54143957835414,6.073856400108175]]],[[[116.5352210776674,6.0758268290775765],[116.53573928605796,6.0758268290775765],[116.53573928605796,6.075432742722013],[116.5352210776674,6.075432742722013],[116.5352210776674,6.0758268290775765]]],[[[116.53470286927684,6.076615002631365],[116.5341846608863,6.076615002631365],[116.5341846608863,6.077009089829625],[116.53470286927684,6.077009089829625],[116.53470286927684,6.076615002631365]]],[[[116.53625749444853,6.0825263401121035],[116.5367757028391,6.0825263401121035],[116.5367757028391,6.082920431526379],[116.53729391122964,6.082920431526379],[116.53729391122964,6.0825263401121035],[116.53833032801077,6.0825263401121035],[116.53833032801077,6.082920431526379],[116.5393667447919,6.082920431526379],[116.5393667447919,6.083314523221868],[116.53988495318245,6.083314523221868],[116.53988495318245,6.082920431526379],[116.54092136996357,6.082920431526379],[116.54092136996357,6.083314523221868],[116.54143957835414,6.083314523221868],[116.54092136996357,6.0841027074565766],[116.54195778674469,6.084496799995834],[116.54195778674469,6.082920431526379],[116.53988495318245,6.082132248979031],[116.53988495318245,6.081738158127137],[116.54040316157301,6.081738158127137],[116.54040316157301,6.080949977266814],[116.53988495318245,6.080949977266814],[116.5393667447919,6.0801617975309865],[116.54092136996357,6.0793736189195045],[116.54092136996357,6.079767708084711],[116.54143957835414,6.079767708084711],[116.54092136996357,6.080555887258348],[116.54195778674469,6.080555887258348],[116.54195778674469,6.080949977266814],[116.54247599513525,6.080949977266814],[116.54247599513525,6.081738158127137],[116.54195778674469,6.081738158127137],[116.54195778674469,6.082132248979031],[116.54247599513525,6.082132248979031],[116.54247599513525,6.0825263401121035],[116.54299420352582,6.0825263401121035],[116.54299420352582,6.083314523221868],[116.54351241191638,6.083314523221868],[116.54403062030694,6.0825263401121035],[116.54506703708806,6.0825263401121035],[116.54506703708806,6.082132248979031],[116.54454882869749,6.082132248979031],[116.54506703708806,6.080555887258348],[116.54403062030694,6.080555887258348],[116.54403062030694,6.0801617975309865],[116.54351241191638,6.0801617975309865],[116.54195778674469,6.0785854414322165],[116.54299420352582,6.078191353110098],[116.54299420352582,6.0785854414322165],[116.54351241191638,6.0785854414322165],[116.54403062030694,6.0793736189195045],[116.54506703708806,6.0793736189195045],[116.54506703708806,6.079767708084711],[116.54610345386918,6.0793736189195045],[116.54610345386918,6.0785854414322165],[116.54558524547862,6.0785854414322165],[116.54558524547862,6.078979530035344],[116.54454882869749,6.078979530035344],[116.54454882869749,6.0785854414322165],[116.54351241191638,6.078191353110098],[116.54351241191638,6.077403177308822],[116.54454882869749,6.077009089829625],[116.54454882869749,6.07622091571402],[116.54403062030694,6.07622091571402],[116.54351241191638,6.075432742722013],[116.54247599513525,6.075432742722013],[116.54247599513525,6.076615002631365],[116.54195778674469,6.076615002631365],[116.54195778674469,6.077009089829625],[116.54092136996357,6.077009089829625],[116.54092136996357,6.076615002631365],[116.54040316157301,6.076615002631365],[116.54040316157301,6.075432742722013],[116.53884853640133,6.074644570853446],[116.53884853640133,6.073856400108175],[116.5393667447919,6.073856400108175],[116.5393667447919,6.0734623151567275],[116.53833032801077,6.0734623151567275],[116.53833032801077,6.073068230486047],[116.53781211962021,6.073068230486047],[116.53781211962021,6.073856400108175],[116.53833032801077,6.073856400108175],[116.53833032801077,6.075038656647307],[116.53781211962021,6.075038656647307],[116.53781211962021,6.075432742722013],[116.53833032801077,6.075432742722013],[116.53884853640133,6.07622091571402],[116.53833032801077,6.07622091571402],[116.53781211962021,6.077009089829625],[116.5367757028391,6.077009089829625],[116.5367757028391,6.076615002631365],[116.53625749444853,6.076615002631365],[116.53573928605796,6.077403177308822],[116.53470286927684,6.077009089829625],[116.53470286927684,6.077797265068974],[116.53366645249572,6.078191353110098],[116.53263003571459,6.076615002631365],[116.53314824410516,6.076615002631365],[116.53314824410516,6.0758268290775765],[116.53366645249572,6.0758268290775765],[116.53366645249572,6.075038656647307],[116.53314824410516,6.075038656647307],[116.53314824410516,6.074644570853446],[116.5341846608863,6.074250485340408],[116.5341846608863,6.0734623151567275],[116.53366645249572,6.0734623151567275],[116.53366645249572,6.072674146096115],[116.53263003571459,6.0722800619869135],[116.53263003571459,6.071491894610624],[116.53211182732406,6.071491894610624],[116.53190048498148,6.070703728357027],[116.5318409328097,6.072674146096115],[116.53263003571459,6.073068230486047],[116.53263003571459,6.0734623151567275],[116.53180520150663,6.073856400108175],[116.5316384554257,6.0793736189195045],[116.53263003571459,6.079767708084711],[116.53263003571459,6.0801617975309865],[116.53160272412264,6.080555887258348],[116.53156699281959,6.081738158127137],[116.53159361893348,6.081344067556404],[116.53263003571459,6.081344067556404],[116.53314824410516,6.080555887258348],[116.5341846608863,6.080949977266814],[116.5341846608863,6.080555887258348],[116.53573928605796,6.079767708084711],[116.53573928605796,6.0801617975309865],[116.53625749444853,6.0801617975309865],[116.53625749444853,6.080555887258348],[116.53573928605796,6.080555887258348],[116.53573928605796,6.080949977266814],[116.53625749444853,6.080949977266814],[116.53573928605796,6.082920431526379],[116.53625749444853,6.082920431526379],[116.53625749444853,6.0825263401121035]],[[116.5393667447919,6.081344067556404],[116.53884853640133,6.081344067556404],[116.53884853640133,6.081738158127137],[116.53781211962021,6.081738158127137],[116.53781211962021,6.082132248979031],[116.5367757028391,6.081738158127137],[116.53833032801077,6.0801617975309865],[116.5393667447919,6.080555887258348],[116.5393667447919,6.081344067556404]],[[116.53625749444853,6.0793736189195045],[116.53573928605796,6.0793736189195045],[116.53573928605796,6.0785854414322165],[116.53625749444853,6.0785854414322165],[116.53625749444853,6.078191353110098],[116.53729391122964,6.0785854414322165],[116.53833032801077,6.077403177308822],[116.5393667447919,6.077797265068974],[116.5393667447919,6.078191353110098],[116.53729391122964,6.0793736189195045],[116.53729391122964,6.079767708084711],[116.53781211962021,6.079767708084711],[116.53729391122964,6.080555887258348],[116.53625749444853,6.0801617975309865],[116.53625749444853,6.0793736189195045]]],[[[116.54092136996357,6.080949977266814],[116.54092136996357,6.080555887258348],[116.54040316157301,6.080555887258348],[116.54040316157301,6.080949977266814],[116.54092136996357,6.080949977266814]]],[[[116.54195778674469,6.0825263401121035],[116.54195778674469,6.082132248979031],[116.54143957835414,6.082132248979031],[116.54143957835414,6.0825263401121035],[116.54195778674469,6.0825263401121035]]],[[[116.53159361893348,6.0825263401121035],[116.53155508238524,6.082132248979031],[116.53148361977911,6.084496799995834],[116.53211182732406,6.083708615198595],[116.53263003571459,6.083708615198595],[116.53263003571459,6.082920431526379],[116.53159361893348,6.0825263401121035]]],[[[116.53988495318245,6.0841027074565766],[116.53988495318245,6.083708615198595],[116.5393667447919,6.083708615198595],[116.5393667447919,6.0841027074565766],[116.53988495318245,6.0841027074565766]]],[[[116.5367757028391,6.0841027074565766],[116.53729391122964,6.0841027074565766],[116.53729391122964,6.083708615198595],[116.5367757028391,6.083708615198595],[116.5367757028391,6.0841027074565766]]],[[[116.53263003571459,6.084496799995834],[116.53263003571459,6.0841027074565766],[116.53211182732406,6.0841027074565766],[116.53211182732406,6.084496799995834],[116.53263003571459,6.084496799995834]]],[[[116.5352210776674,6.085284985918243],[116.5352210776674,6.084890892816381],[116.53470286927684,6.084890892816381],[116.53470286927684,6.085284985918243],[116.5352210776674,6.085284985918243]]],[[[116.54143957835414,6.085284985918243],[116.54195778674469,6.085284985918243],[116.54195778674469,6.084890892816381],[116.54143957835414,6.084890892816381],[116.54143957835414,6.085284985918243]]],[[[116.53884853640133,6.0841027074565766],[116.53884853640133,6.084496799995834],[116.53833032801077,6.084496799995834],[116.53833032801077,6.0841027074565766],[116.53729391122964,6.0841027074565766],[116.53729391122964,6.084496799995834],[116.5367757028391,6.084496799995834],[116.5367757028391,6.085284985918243],[116.53781211962021,6.085284985918243],[116.53781211962021,6.084890892816381],[116.53833032801077,6.084890892816381],[116.53833032801077,6.085284985918243],[116.53884853640133,6.085284985918243],[116.53884853640133,6.086073172965973],[116.53988495318245,6.086073172965973],[116.53988495318245,6.086467266911879],[116.54092136996357,6.086861361139173],[116.54040316157301,6.084890892816381],[116.53884853640133,6.0841027074565766]]],[[[116.5341846608863,6.086467266911879],[116.5341846608863,6.086073172965973],[116.53314824410516,6.086073172965973],[116.53314824410516,6.086467266911879],[116.5341846608863,6.086467266911879]]],[[[116.53781211962021,6.086861361139173],[116.53729391122964,6.086861361139173],[116.5367757028391,6.086073172965973],[116.5341846608863,6.085679079301433],[116.5352210776674,6.086861361139173],[116.53573928605796,6.086861361139173],[116.53573928605796,6.086467266911879],[116.5367757028391,6.086861361139173],[116.5367757028391,6.087649550437997],[116.53625749444853,6.087649550437997],[116.53625749444853,6.088043645509563],[116.5341846608863,6.088043645509563],[116.53366645249572,6.087255455647873],[116.53314824410516,6.087255455647873],[116.53314824410516,6.087649550437997],[116.53211182732406,6.087255455647873],[116.53211182732406,6.086467266911879],[116.53314824410516,6.086073172965973],[116.53314824410516,6.085679079301433],[116.53263003571459,6.085679079301433],[116.53263003571459,6.084890892816381],[116.5314597989104,6.085284985918243],[116.53137642586994,6.088043645509563],[116.53211182732406,6.088043645509563],[116.53211182732406,6.08843774086259],[116.53314824410516,6.088043645509563],[116.53314824410516,6.08843774086259],[116.53366645249572,6.08843774086259],[116.53366645249572,6.089225932413107],[116.53314824410516,6.089225932413107],[116.53314824410516,6.089620028610631],[116.53263003571459,6.089620028610631],[116.53263003571459,6.089225932413107],[116.53159361893348,6.089225932413107],[116.53128114239509,6.091196416216289],[116.53211182732406,6.090802318892504],[116.53211182732406,6.091196416216289],[116.53314824410516,6.091590513821686],[116.53470286927684,6.090014125089694],[116.5352210776674,6.090014125089694],[116.5352210776674,6.090408221850313],[116.53573928605796,6.090408221850313],[116.53573928605796,6.090014125089694],[116.53729391122964,6.090014125089694],[116.53729391122964,6.090408221850313],[116.53781211962021,6.090408221850313],[116.53781211962021,6.090014125089694],[116.53833032801077,6.090014125089694],[116.53833032801077,6.089225932413107],[116.5393667447919,6.088831836497099],[116.5393667447919,6.08843774086259],[116.53884853640133,6.08843774086259],[116.5393667447919,6.087649550437997],[116.54092136996357,6.08843774086259],[116.54040316157301,6.086861361139173],[116.53988495318245,6.086861361139173],[116.53988495318245,6.087255455647873],[116.53781211962021,6.087255455647873],[116.53781211962021,6.086861361139173]]],[[[116.54040316157301,6.088831836497099],[116.54040316157301,6.08843774086259],[116.53988495318245,6.08843774086259],[116.53988495318245,6.088831836497099],[116.54040316157301,6.088831836497099]]],[[[116.54092136996357,6.089225932413107],[116.54092136996357,6.089620028610631],[116.54040316157301,6.089620028610631],[116.54040316157301,6.090408221850313],[116.54143957835414,6.090802318892504],[116.54247599513525,6.089620028610631],[116.54195778674469,6.089620028610631],[116.54195778674469,6.089225932413107],[116.54092136996357,6.089225932413107]]],[[[116.53833032801077,6.090802318892504],[116.53833032801077,6.090408221850313],[116.53781211962021,6.090408221850313],[116.53781211962021,6.090802318892504],[116.53833032801077,6.090802318892504]]],[[[116.54247599513525,6.090802318892504],[116.54247599513525,6.090408221850313],[116.54195778674469,6.090408221850313],[116.54195778674469,6.090802318892504],[116.54247599513525,6.090802318892504]]],[[[116.53833032801077,6.096713808327062],[116.53833032801077,6.096319707059002],[116.53781211962021,6.096319707059002],[116.53781211962021,6.096713808327062],[116.53833032801077,6.096713808327062]]],[[[116.53729391122964,6.096713808327062],[116.53729391122964,6.097107909876995],[116.53781211962021,6.097107909876995],[116.53781211962021,6.096713808327062],[116.53729391122964,6.096713808327062]]],[[[116.53988495318245,6.099866628620595],[116.54040316157301,6.099866628620595],[116.54040316157301,6.099472525097014],[116.53988495318245,6.099472525097014],[116.53988495318245,6.099866628620595]]],[[[116.54040316157301,6.103807679370874],[116.54040316157301,6.103413573026198],[116.53988495318245,6.103413573026198],[116.53988495318245,6.103807679370874],[116.54040316157301,6.103807679370874]]],[[[116.54143957835414,6.106960540289501],[116.54143957835414,6.106566431686598],[116.54092136996357,6.106566431686598],[116.54092136996357,6.107354649174765],[116.54195778674469,6.107354649174765],[116.54195778674469,6.106960540289501],[116.54143957835414,6.106960540289501]]],[[[116.56061328880489,6.050999936453427],[116.55957687202375,6.051394005431091],[116.55957687202375,6.053364354515533],[116.56009508041431,6.053364354515533],[116.56009508041431,6.0545465673237695],[116.56061328880489,6.0545465673237695],[116.56061328880489,6.0549406388195575],[116.56164970558599,6.0549406388195575],[116.56216791397655,6.0557287826508075],[116.56320433075769,6.0557287826508075],[116.56320433075769,6.056122854986307],[116.56372253914823,6.056122854986307],[116.56320433075769,6.05691100049715],[116.56061328880489,6.056122854986307],[116.56061328880489,6.05691100049715],[116.56164970558599,6.057305073672531],[116.56164970558599,6.058093220863305],[116.56320433075769,6.0588813691742205],[116.56320433075769,6.059275443749779],[116.56268612236713,6.059275443749779],[116.56320433075769,6.06124582082932],[116.56372253914823,6.06124582082932],[116.56372253914823,6.060063593741189],[116.56320433075769,6.060063593741189],[116.56320433075769,6.0596695186054275],[116.56372253914823,6.0596695186054275],[116.56372253914823,6.059275443749779],[116.56527716431992,6.059275443749779],[116.56527716431992,6.0588813691742205],[116.56424074753879,6.058487294878736],[116.56424074753879,6.057305073672531],[116.56527716431992,6.05691100049715],[116.56527716431992,6.057305073672531],[116.5657953727105,6.057305073672531],[116.5657953727105,6.058487294878736],[116.56631358110103,6.058487294878736],[116.56631358110103,6.058093220863305],[116.56734999788216,6.058487294878736],[116.56734999788216,6.0588813691742205],[116.56631358110103,6.059275443749779],[116.56631358110103,6.060063593741189],[116.5668317894916,6.060063593741189],[116.5668317894916,6.060851744853116],[116.56734999788216,6.060851744853116],[116.56734999788216,6.0616398970857075],[116.56786820627273,6.0616398970857075],[116.56786820627273,6.06124582082932],[116.56890462305384,6.060851744853116],[116.56890462305384,6.060063593741189],[116.5694228314444,6.060063593741189],[116.56838641466327,6.058487294878736],[116.5694228314444,6.058093220863305],[116.5694228314444,6.057305073672531],[116.56890462305384,6.057305073672531],[116.56890462305384,6.05691100049715],[116.56994103983497,6.0565169276017485],[116.56994103983497,6.053758425171776],[116.57045924822553,6.053758425171776],[116.57097745661608,6.052182144225585],[116.57201387339721,6.051788074688471],[116.57201387339721,6.050211799337174],[116.57253208178777,6.050211799337174],[116.57253208178777,6.049423663339561],[116.57149566500664,6.049423663339561],[116.57149566500664,6.049817731198546],[116.57097745661608,6.049817731198546],[116.57097745661608,6.049423663339561],[116.57045924822553,6.049423663339561],[116.57045924822553,6.047847394699659],[116.56994103983497,6.047847394699659],[116.56994103983497,6.047059262057069],[116.56890462305384,6.047059262057069],[116.56890462305384,6.047453328238599],[116.56838641466327,6.047453328238599],[116.56838641466327,6.047059262057069],[116.56734999788216,6.047059262057069],[116.56734999788216,6.046665196155049],[116.5668317894916,6.046665196155049],[116.56631358110103,6.045088935341692],[116.56527716431992,6.045088935341692],[116.56527716431992,6.044694870836942],[116.56475895592936,6.044694870836942],[116.56475895592936,6.043512678998998],[116.56424074753879,6.043512678998998],[116.56424074753879,6.042724552503773],[116.56372253914823,6.042724552503773],[116.56372253914823,6.042330489675127],[116.56475895592936,6.041936427125766],[116.56475895592936,6.042330489675127],[116.56527716431992,6.042330489675127],[116.56527716431992,6.043118615611724],[116.56631358110103,6.043118615611724],[116.5668317894916,6.042330489675127],[116.56786820627273,6.042330489675127],[116.56786820627273,6.042724552503773],[116.56890462305384,6.042724552503773],[116.56890462305384,6.043118615611724],[116.5694228314444,6.043118615611724],[116.56994103983497,6.042330489675127],[116.57564133213111,6.042724552503773],[116.57564133213111,6.042330489675127],[116.57615954052169,6.042330489675127],[116.57615954052169,6.041936427125766],[116.57667774891225,6.041936427125766],[116.57667774891225,6.041542364855669],[116.57719595730282,6.041542364855669],[116.57793286497535,6.040754241153201],[116.54755032529768,6.001349476876653],[116.54714423898203,6.001349476876653],[116.5446145,6.004649193552603],[116.54352521574326,6.00489579181393],[116.54403062030694,6.00489579181393],[116.54403062030694,6.005683864852052],[116.54351241191638,6.005683864852052],[116.54299420352582,6.006471939000336],[116.54247599513525,6.006471939000336],[116.54143957835414,6.005367950372253],[116.53384280000002,6.006441693550814],[116.5341846608863,6.0080480906280025],[116.53379424404355,6.0080480906280025],[116.53377042317486,6.008836168107681],[116.5341846608863,6.008836168107681],[116.5341846608863,6.009230207264048],[116.5352210776674,6.008836168107681],[116.53573928605796,6.009624246698127],[116.5352210776674,6.009624246698127],[116.5352210776674,6.010018286409932],[116.5341846608863,6.009624246698127],[116.5341846608863,6.010018286409932],[116.5337346918718,6.010018286409932],[116.53369896056873,6.011200407211909],[116.53470286927684,6.010806366666806],[116.53470286927684,6.011200407211909],[116.5352210776674,6.011200407211909],[116.5352210776674,6.011988489135548],[116.53470286927684,6.011988489135548],[116.53470286927684,6.012382530514119],[116.53367513970004,6.011988489135548],[116.53248409626475,6.051394005431091],[116.53314824410516,6.052182144225585],[116.5324483649617,6.052576214042456],[116.53240072322427,6.054152496107849],[116.53314824410516,6.0549406388195575],[116.53236499192123,6.055334710595232],[116.5323173501838,6.05691100049715],[116.53366645249572,6.05691100049715],[116.5341846608863,6.05769914712791],[116.53366645249572,6.05769914712791],[116.53314824410516,6.058487294878736],[116.53228161888075,6.058093220863305],[116.53218633540592,6.06124582082932],[116.53314824410516,6.060851744853116],[116.53314824410516,6.060457669157078],[116.53263003571459,6.060457669157078],[116.53263003571459,6.0596695186054275],[116.53314824410516,6.0596695186054275],[116.53314824410516,6.0588813691742205],[116.53366645249572,6.0588813691742205],[116.53366645249572,6.058487294878736],[116.53470286927684,6.058487294878736],[116.53470286927684,6.0588813691742205],[116.53573928605796,6.059275443749779],[116.53573928605796,6.060063593741189],[116.5352210776674,6.060063593741189],[116.5352210776674,6.06124582082932],[116.53470286927684,6.06124582082932],[116.53470286927684,6.0616398970857075],[116.5341846608863,6.0616398970857075],[116.5341846608863,6.06124582082932],[116.53366645249572,6.06124582082932],[116.53314824410516,6.062033973622303],[116.53217442497157,6.0616398970857075],[116.5320672310624,6.0651865960046605],[116.53263003571459,6.0651865960046605],[116.53263003571459,6.064398438727207],[116.53366645249572,6.064004360508992],[116.53366645249572,6.064398438727207],[116.5341846608863,6.064398438727207],[116.5341846608863,6.065974754403605],[116.53470286927684,6.065974754403605],[116.53470286927684,6.065580675063937],[116.53573928605796,6.065580675063937],[116.53573928605796,6.0651865960046605],[116.5367757028391,6.064792517225757],[116.53573928605796,6.063610282571097],[116.53625749444853,6.063610282571097],[116.53625749444853,6.063216204913498],[116.53729391122964,6.063610282571097],[116.53729391122964,6.062822127536179],[116.53781211962021,6.062822127536179],[116.53781211962021,6.0616398970857075],[116.53729391122964,6.0616398970857075],[116.53729391122964,6.06124582082932],[116.53781211962021,6.06124582082932],[116.53781211962021,6.060851744853116],[116.53884853640133,6.060851744853116],[116.5393667447919,6.060063593741189],[116.54092136996357,6.060851744853116],[116.54092136996357,6.060063593741189],[116.5393667447919,6.059275443749779],[116.5393667447919,6.058093220863305],[116.53833032801077,6.058093220863305],[116.53833032801077,6.05769914712791],[116.53781211962021,6.05769914712791],[116.53833032801077,6.05691100049715],[116.5393667447919,6.057305073672531],[116.5393667447919,6.05691100049715],[116.54040316157301,6.0565169276017485],[116.54040316157301,6.056122854986307],[116.53884853640133,6.055334710595232],[116.54040316157301,6.052970284139099],[116.54143957835414,6.053364354515533],[116.54143957835414,6.056122854986307],[116.54195778674469,6.056122854986307],[116.54195778674469,6.055334710595232],[116.54351241191638,6.0545465673237695],[116.54351241191638,6.053364354515533],[116.54403062030694,6.053364354515533],[116.54403062030694,6.052970284139099],[116.54506703708806,6.052970284139099],[116.54506703708806,6.053364354515533],[116.54610345386918,6.053364354515533],[116.54662166225975,6.052576214042456],[116.54817628743143,6.052576214042456],[116.54817628743143,6.052970284139099],[116.54869449582199,6.052970284139099],[116.54869449582199,6.052576214042456],[116.5497309126031,6.052576214042456],[116.55024912099367,6.053364354515533],[116.55128553777479,6.052970284139099],[116.55128553777479,6.052182144225585],[116.5497309126031,6.051394005431091],[116.5497309126031,6.05060586775546],[116.55024912099367,6.05060586775546],[116.55024912099367,6.049817731198546],[116.55076732938423,6.049817731198546],[116.55128553777479,6.049029595760199],[116.55076732938423,6.049029595760199],[116.55076732938423,6.048635528460441],[116.55024912099367,6.048635528460441],[116.55024912099367,6.047847394699659],[116.5497309126031,6.047847394699659],[116.5497309126031,6.047453328238599],[116.55024912099367,6.047453328238599],[116.55024912099367,6.047059262057069],[116.5497309126031,6.047059262057069],[116.5497309126031,6.046665196155049],[116.55024912099367,6.046665196155049],[116.55024912099367,6.046271130532519],[116.5497309126031,6.046271130532519],[116.55024912099367,6.045483000125859],[116.5497309126031,6.045483000125859],[116.54921270421254,6.042724552503773],[116.54869449582199,6.042724552503773],[116.54921270421254,6.041936427125766],[116.55024912099367,6.041936427125766],[116.55076732938423,6.042724552503773],[116.55180374616533,6.042724552503773],[116.55180374616533,6.043118615611724],[116.55232195455591,6.043118615611724],[116.55180374616533,6.043906742665612],[116.55076732938423,6.043512678998998],[116.55076732938423,6.044300806611588],[116.55128553777479,6.044300806611588],[116.55128553777479,6.045483000125859],[116.55076732938423,6.045483000125859],[116.55076732938423,6.045877065189463],[116.55128553777479,6.045877065189463],[116.55128553777479,6.046271130532519],[116.55076732938423,6.046271130532519],[116.55076732938423,6.046665196155049],[116.55128553777479,6.046665196155049],[116.55128553777479,6.047453328238599],[116.55232195455591,6.047453328238599],[116.55232195455591,6.047847394699659],[116.55335837133704,6.048241461440266],[116.55335837133704,6.047453328238599],[116.55387657972757,6.047453328238599],[116.55439478811815,6.046665196155049],[116.55543120489928,6.047059262057069],[116.55543120489928,6.047847394699659],[116.55698583007094,6.047059262057069],[116.55698583007094,6.047453328238599],[116.55750403846152,6.047453328238599],[116.55750403846152,6.047847394699659],[116.55698583007094,6.047847394699659],[116.55698583007094,6.048241461440266],[116.55750403846152,6.048241461440266],[116.55750403846152,6.049029595760199],[116.55802224685208,6.049029595760199],[116.55802224685208,6.049423663339561],[116.55905866363318,6.049423663339561],[116.55957687202375,6.050211799337174],[116.56009508041431,6.050211799337174],[116.56061328880489,6.049423663339561],[116.55957687202375,6.049423663339561],[116.55905866363318,6.048635528460441],[116.55957687202375,6.048635528460441],[116.55957687202375,6.048241461440266],[116.56113149719542,6.048241461440266],[116.56113149719542,6.048635528460441],[116.56164970558599,6.048635528460441],[116.56113149719542,6.049423663339561],[116.56164970558599,6.049423663339561],[116.56216791397655,6.050211799337174],[116.56320433075769,6.050211799337174],[116.56320433075769,6.05060586775546],[116.56372253914823,6.05060586775546],[116.56372253914823,6.050999936453427],[116.56320433075769,6.050999936453427],[116.56320433075769,6.051788074688471],[116.56372253914823,6.051788074688471],[116.56372253914823,6.052182144225585],[116.56320433075769,6.052182144225585],[116.56320433075769,6.052576214042456],[116.56216791397655,6.052576214042456],[116.56216791397655,6.052182144225585],[116.56113149719542,6.052182144225585],[116.56113149719542,6.051788074688471],[116.56061328880489,6.051788074688471],[116.56061328880489,6.050999936453427]],[[116.55698583007094,6.046665196155049],[116.55646762168038,6.046665196155049],[116.55646762168038,6.046271130532519],[116.55750403846152,6.045877065189463],[116.55802224685208,6.046665196155049],[116.55750403846152,6.046665196155049],[116.55750403846152,6.047059262057069],[116.55698583007094,6.047059262057069],[116.55698583007094,6.046665196155049]],[[116.55854045524265,6.048241461440266],[116.55802224685208,6.047453328238599],[116.55854045524265,6.047453328238599],[116.55854045524265,6.047059262057069],[116.55957687202375,6.047059262057069],[116.56009508041431,6.047847394699659],[116.55957687202375,6.047847394699659],[116.55957687202375,6.048241461440266],[116.55854045524265,6.048241461440266]],[[116.56424074753879,6.052182144225585],[116.56424074753879,6.051788074688471],[116.56475895592936,6.051788074688471],[116.56475895592936,6.052182144225585],[116.5657953727105,6.052182144225585],[116.5657953727105,6.052576214042456],[116.56631358110103,6.052576214042456],[116.56631358110103,6.053758425171776],[116.5657953727105,6.053758425171776],[116.5657953727105,6.054152496107849],[116.56372253914823,6.052970284139099],[116.56372253914823,6.052182144225585],[116.56424074753879,6.052182144225585]],[[116.5367757028391,6.0557287826508075],[116.5367757028391,6.0565169276017485],[116.53573928605796,6.05691100049715],[116.53573928605796,6.0565169276017485],[116.5352210776674,6.0565169276017485],[116.5352210776674,6.0557287826508075],[116.53573928605796,6.0557287826508075],[116.53573928605796,6.055334710595232],[116.5367757028391,6.0557287826508075]],[[116.5352210776674,6.0545465673237695],[116.53470286927684,6.055334710595232],[116.53366645249572,6.0549406388195575],[116.5341846608863,6.054152496107849],[116.5352210776674,6.0545465673237695]],[[116.56320433075769,6.053364354515533],[116.56268612236713,6.054152496107849],[116.56164970558599,6.053758425171776],[116.56216791397655,6.052970284139099],[116.56320433075769,6.053364354515533]],[[116.5694228314444,6.053364354515533],[116.56890462305384,6.054152496107849],[116.56786820627273,6.053758425171776],[116.56838641466327,6.052970284139099],[116.5694228314444,6.053364354515533]],[[116.53625749444853,6.049423663339561],[116.53625749444853,6.050211799337174],[116.5352210776674,6.05060586775546],[116.5352210776674,6.050211799337174],[116.53470286927684,6.050211799337174],[116.53470286927684,6.049423663339561],[116.5352210776674,6.049423663339561],[116.5352210776674,6.049029595760199],[116.53625749444853,6.049423663339561]],[[116.53884853640133,6.047453328238599],[116.53833032801077,6.046665196155049],[116.53781211962021,6.046665196155049],[116.53781211962021,6.047059262057069],[116.5367757028391,6.046665196155049],[116.5367757028391,6.045483000125859],[116.53729391122964,6.045483000125859],[116.53781211962021,6.044694870836942],[116.53884853640133,6.044694870836942],[116.53884853640133,6.045088935341692],[116.53988495318245,6.044694870836942],[116.53988495318245,6.045088935341692],[116.54040316157301,6.045088935341692],[116.54040316157301,6.045483000125859],[116.53988495318245,6.045483000125859],[116.53988495318245,6.046271130532519],[116.54092136996357,6.046271130532519],[116.54092136996357,6.046665196155049],[116.54143957835414,6.046665196155049],[116.54092136996357,6.047453328238599],[116.54040316157301,6.047453328238599],[116.54040316157301,6.047059262057069],[116.5393667447919,6.047059262057069],[116.5393667447919,6.047847394699659],[116.54143957835414,6.049029595760199],[116.54092136996357,6.049817731198546],[116.54040316157301,6.049817731198546],[116.53988495318245,6.049029595760199],[116.5393667447919,6.049029595760199],[116.53884853640133,6.049817731198546],[116.53781211962021,6.049423663339561],[116.53781211962021,6.048241461440266],[116.53729391122964,6.048241461440266],[116.53729391122964,6.047847394699659],[116.53781211962021,6.047847394699659],[116.53781211962021,6.047453328238599],[116.53884853640133,6.047453328238599]],[[116.56527716431992,6.047453328238599],[116.56475895592936,6.048241461440266],[116.56372253914823,6.047847394699659],[116.56424074753879,6.047059262057069],[116.56527716431992,6.047453328238599]],[[116.56164970558599,6.046271130532519],[116.56113149719542,6.047059262057069],[116.56009508041431,6.046665196155049],[116.56061328880489,6.045877065189463],[116.56164970558599,6.046271130532519]],[[116.55335837133704,6.043906742665612],[116.55335837133704,6.044300806611588],[116.55387657972757,6.044300806611588],[116.55387657972757,6.045088935341692],[116.55439478811815,6.045088935341692],[116.55387657972757,6.045877065189463],[116.55335837133704,6.045877065189463],[116.55335837133704,6.045483000125859],[116.55284016294647,6.045483000125859],[116.55284016294647,6.044694870836942],[116.55232195455591,6.044694870836942],[116.55232195455591,6.044300806611588],[116.55335837133704,6.043906742665612]],[[116.54403062030694,6.043512678998998],[116.54403062030694,6.043906742665612],[116.54454882869749,6.043906742665612],[116.54454882869749,6.044694870836942],[116.54403062030694,6.044694870836942],[116.54403062030694,6.045088935341692],[116.54299420352582,6.045088935341692],[116.54247599513525,6.044300806611588],[116.54403062030694,6.043512678998998]],[[116.53833032801077,6.043118615611724],[116.53781211962021,6.043906742665612],[116.5367757028391,6.043512678998998],[116.53729391122964,6.042724552503773],[116.53833032801077,6.043118615611724]],[[116.54610345386918,6.041148302864821],[116.54558524547862,6.041936427125766],[116.54454882869749,6.041542364855669],[116.54506703708806,6.040754241153201],[116.54610345386918,6.041148302864821]],[[116.54817628743143,6.041148302864821],[116.54765807904086,6.041936427125766],[116.54662166225975,6.041542364855669],[116.5471398706503,6.040754241153201],[116.54817628743143,6.041148302864821]],[[116.55024912099367,6.039966118567576],[116.5497309126031,6.040754241153201],[116.54869449582199,6.040360179720791],[116.54921270421254,6.039572057693529],[116.55024912099367,6.039966118567576]],[[116.54195778674469,6.0344492917271015],[116.54351241191638,6.035237406499049],[116.54299420352582,6.036025522386788],[116.54351241191638,6.036025522386788],[116.54351241191638,6.0383898767462405],[116.54403062030694,6.0383898767462405],[116.54403062030694,6.039177997098638],[116.54506703708806,6.039572057693529],[116.54454882869749,6.040360179720791],[116.54247599513525,6.039572057693529],[116.54247599513525,6.0383898767462405],[116.54143957835414,6.038783936782881],[116.54092136996357,6.037995816988696],[116.54040316157301,6.037995816988696],[116.54040316157301,6.0383898767462405],[116.5393667447919,6.037995816988696],[116.53988495318245,6.037207698310828],[116.54092136996357,6.037601757510233],[116.54092136996357,6.035237406499049],[116.54040316157301,6.035237406499049],[116.53884853640133,6.033661178070793],[116.53988495318245,6.033267121660957],[116.53988495318245,6.033661178070793],[116.54092136996357,6.033661178070793],[116.54092136996357,6.034055234759501],[116.54195778674469,6.034055234759501],[116.54195778674469,6.0344492917271015]],[[116.53833032801077,6.033661178070793],[116.53833032801077,6.034055234759501],[116.53781211962021,6.034055234759501],[116.53781211962021,6.033661178070793],[116.5367757028391,6.033267121660957],[116.5367757028391,6.032479009677827],[116.53573928605796,6.032084954104495],[116.53625749444853,6.031296843794207],[116.5367757028391,6.031296843794207],[116.5367757028391,6.031690898809962],[116.53884853640133,6.032873065529974],[116.53884853640133,6.033661178070793],[116.53833032801077,6.033661178070793]],[[116.54143957835414,6.039177997098638],[116.54092136996357,6.039966118567576],[116.53988495318245,6.039572057693529],[116.54040316157301,6.038783936782881],[116.54143957835414,6.039177997098638]],[[116.54558524547862,6.037207698310828],[116.54506703708806,6.037995816988696],[116.54403062030694,6.037601757510233],[116.54454882869749,6.0368136393904654],[116.54558524547862,6.037207698310828]],[[116.54558524547862,6.034843348973611],[116.54558524547862,6.0344492917271015],[116.54662166225975,6.034843348973611],[116.54662166225975,6.035631464303435],[116.5471398706503,6.035631464303435],[116.54662166225975,6.036419580749124],[116.54558524547862,6.036419580749124],[116.54558524547862,6.036025522386788],[116.54506703708806,6.036025522386788],[116.54506703708806,6.035631464303435],[116.54558524547862,6.035631464303435],[116.54506703708806,6.034843348973611],[116.54558524547862,6.034843348973611]],[[116.55335837133704,6.033267121660957],[116.55284016294647,6.034055234759501],[116.55180374616533,6.033661178070793],[116.55232195455591,6.032873065529974],[116.55335837133704,6.033267121660957]],[[116.54506703708806,6.032479009677827],[116.54454882869749,6.033267121660957],[116.54351241191638,6.032873065529974],[116.54403062030694,6.032084954104495],[116.54506703708806,6.032479009677827]],[[116.54765807904086,6.028932519552977],[116.5471398706503,6.029720626518596],[116.54610345386918,6.029326572896454],[116.54662166225975,6.028538466488147],[116.54765807904086,6.028932519552977]],[[116.55128553777479,6.024992001440717],[116.55076732938423,6.02578010283489],[116.5497309126031,6.025386051998564],[116.55024912099367,6.024597951161331],[116.55128553777479,6.024992001440717]],[[116.54143957835414,6.010018286409932],[116.54143957835414,6.010806366666806],[116.54040316157301,6.011200407211909],[116.54040316157301,6.010806366666806],[116.53988495318245,6.010806366666806],[116.53988495318245,6.010018286409932],[116.54040316157301,6.010018286409932],[116.54040316157301,6.009624246698127],[116.54143957835414,6.010018286409932]],[[116.54092136996357,6.008442129229006],[116.54092136996357,6.0080480906280025],[116.54195778674469,6.0080480906280025],[116.54299420352582,6.006865976490837],[116.54403062030694,6.007260014258937],[116.54403062030694,6.007654052304651],[116.54299420352582,6.0080480906280025],[116.54299420352582,6.008836168107681],[116.54351241191638,6.008836168107681],[116.54351241191638,6.009230207264048],[116.54299420352582,6.009230207264048],[116.54247599513525,6.010018286409932],[116.54040316157301,6.008836168107681],[116.54040316157301,6.008442129229006],[116.54092136996357,6.008442129229006]],[[116.53781211962021,6.007260014258937],[116.53729391122964,6.0080480906280025],[116.53625749444853,6.007654052304651],[116.5367757028391,6.006865976490837],[116.53781211962021,6.007260014258937]]],[[[116.55750403846152,6.049423663339561],[116.55750403846152,6.049029595760199],[116.55698583007094,6.049029595760199],[116.55698583007094,6.049423663339561],[116.55750403846152,6.049423663339561]]],[[[116.55646762168038,6.049817731198546],[116.55646762168038,6.050211799337174],[116.55543120489928,6.049817731198546],[116.55543120489928,6.050999936453427],[116.55698583007094,6.050999936453427],[116.55698583007094,6.051394005431091],[116.55750403846152,6.051394005431091],[116.55698583007094,6.052182144225585],[116.55802224685208,6.052576214042456],[116.55802224685208,6.050999936453427],[116.55854045524265,6.050999936453427],[116.55854045524265,6.05060586775546],[116.55802224685208,6.05060586775546],[116.55750403846152,6.049817731198546],[116.55646762168038,6.049817731198546]]],[[[116.55232195455591,6.052182144225585],[116.55180374616533,6.052182144225585],[116.55180374616533,6.052970284139099],[116.55335837133704,6.052970284139099],[116.55335837133704,6.050999936453427],[116.55232195455591,6.050999936453427],[116.55232195455591,6.051394005431091],[116.55284016294647,6.051394005431091],[116.55232195455591,6.052182144225585]]],[[[116.55232195455591,6.054152496107849],[116.55232195455591,6.053758425171776],[116.55180374616533,6.053758425171776],[116.55180374616533,6.054152496107849],[116.55232195455591,6.054152496107849]]],[[[116.55232195455591,6.055334710595232],[116.55232195455591,6.0549406388195575],[116.55180374616533,6.0549406388195575],[116.55180374616533,6.055334710595232],[116.55232195455591,6.055334710595232]]],[[[116.54921270421254,6.06242805043912],[116.55024912099367,6.06242805043912],[116.55076732938423,6.0616398970857075],[116.55180374616533,6.062033973622303],[116.55180374616533,6.060851744853116],[116.55024912099367,6.060851744853116],[116.55024912099367,6.06124582082932],[116.5497309126031,6.06124582082932],[116.54869449582199,6.060063593741189],[116.54921270421254,6.060063593741189],[116.55024912099367,6.0588813691742205],[116.55128553777479,6.0588813691742205],[116.55232195455591,6.057305073672531],[116.55335837133704,6.05769914712791],[116.55335837133704,6.05691100049715],[116.55439478811815,6.0565169276017485],[116.55439478811815,6.0545465673237695],[116.55232195455591,6.055334710595232],[116.55232195455591,6.0557287826508075],[116.55284016294647,6.0557287826508075],[116.55232195455591,6.0565169276017485],[116.55128553777479,6.0565169276017485],[116.55128553777479,6.056122854986307],[116.55076732938423,6.056122854986307],[116.55076732938423,6.055334710595232],[116.55180374616533,6.0549406388195575],[116.55180374616533,6.054152496107849],[116.55076732938423,6.053758425171776],[116.55076732938423,6.054152496107849],[116.54921270421254,6.0549406388195575],[116.54921270421254,6.0557287826508075],[116.54765807904086,6.0565169276017485],[116.54765807904086,6.057305073672531],[116.5471398706503,6.057305073672531],[116.5471398706503,6.05769914712791],[116.54817628743143,6.058093220863305],[116.54817628743143,6.058487294878736],[116.5471398706503,6.0588813691742205],[116.5471398706503,6.059275443749779],[116.54765807904086,6.059275443749779],[116.54765807904086,6.0596695186054275],[116.5471398706503,6.0596695186054275],[116.54765807904086,6.06124582082932],[116.5471398706503,6.06124582082932],[116.5471398706503,6.0616398970857075],[116.54610345386918,6.06124582082932],[116.54610345386918,6.06242805043912],[116.54558524547862,6.06242805043912],[116.54558524547862,6.062822127536179],[116.54817628743143,6.062822127536179],[116.54817628743143,6.06242805043912],[116.54921270421254,6.062822127536179],[116.54921270421254,6.06242805043912]]],[[[116.54610345386918,6.060063593741189],[116.54558524547862,6.060063593741189],[116.54558524547862,6.06124582082932],[116.54610345386918,6.06124582082932],[116.54610345386918,6.060063593741189]]],[[[116.54403062030694,6.064004360508992],[116.54351241191638,6.064004360508992],[116.54351241191638,6.064398438727207],[116.54403062030694,6.064398438727207],[116.54403062030694,6.064004360508992]]],[[[116.54454882869749,6.066762913924193],[116.54610345386918,6.066762913924193],[116.54610345386918,6.065580675063937],[116.54506703708806,6.0651865960046605],[116.54506703708806,6.064398438727207],[116.54403062030694,6.064398438727207],[116.54403062030694,6.064792517225757],[116.54299420352582,6.0651865960046605],[116.54299420352582,6.065580675063937],[116.54403062030694,6.065580675063937],[116.54403062030694,6.065974754403605],[116.54454882869749,6.065974754403605],[116.54454882869749,6.066762913924193]]],[[[116.54299420352582,6.067551074566573],[116.54351241191638,6.067551074566573],[116.54351241191638,6.06715699410515],[116.54299420352582,6.06715699410515],[116.54299420352582,6.067551074566573]]],[[[116.54558524547862,6.069127399217313],[116.54558524547862,6.068733317633836],[116.54506703708806,6.068733317633836],[116.54506703708806,6.069127399217313],[116.54558524547862,6.069127399217313]]],[[[116.54351241191638,6.0793736189195045],[116.54351241191638,6.078979530035344],[116.54299420352582,6.078979530035344],[116.54299420352582,6.0793736189195045],[116.54351241191638,6.0793736189195045]]],[[[116.54299420352582,6.086467266911879],[116.54195778674469,6.086861361139173],[116.54195778674469,6.087255455647873],[116.54299420352582,6.087649550437997],[116.54299420352582,6.088043645509563],[116.54247599513525,6.088043645509563],[116.54247599513525,6.088831836497099],[116.54351241191638,6.088831836497099],[116.54351241191638,6.089225932413107],[116.54454882869749,6.089620028610631],[116.54454882869749,6.08843774086259],[116.54351241191638,6.088043645509563],[116.54351241191638,6.086861361139173],[116.54299420352582,6.086861361139173],[116.54299420352582,6.086467266911879]]],[[[116.54403062030694,6.090408221850313],[116.54403062030694,6.089620028610631],[116.54351241191638,6.089620028610631],[116.54351241191638,6.090408221850313],[116.54403062030694,6.090408221850313]]],[[[116.55802224685208,6.091590513821686],[116.55646762168038,6.090014125089694],[116.55543120489928,6.090014125089694],[116.55543120489928,6.090802318892504],[116.55594941328984,6.090802318892504],[116.55594941328984,6.09237870987739],[116.55698583007094,6.092772808327735],[116.55698583007094,6.093561006073505],[116.55802224685208,6.093561006073505],[116.55802224685208,6.093166907059767],[116.55905866363318,6.092772808327735],[116.55905866363318,6.091984611708713],[116.55802224685208,6.091590513821686]]],[[[116.54662166225975,6.09237870987739],[116.5471398706503,6.09237870987739],[116.54765807904086,6.091590513821686],[116.54610345386918,6.091590513821686],[116.54662166225975,6.09237870987739]]],[[[116.5471398706503,6.093561006073505],[116.5471398706503,6.093166907059767],[116.54662166225975,6.093166907059767],[116.54662166225975,6.093561006073505],[116.5471398706503,6.093561006073505]]],[[[116.55232195455591,6.0943492049461705],[116.55232195455591,6.093955105368966],[116.55180374616533,6.093955105368966],[116.55180374616533,6.0943492049461705],[116.55232195455591,6.0943492049461705]]],[[[116.54454882869749,6.095531505368434],[116.54454882869749,6.095137404945886],[116.54403062030694,6.095137404945886],[116.54403062030694,6.095531505368434],[116.54454882869749,6.095531505368434]]],[[[116.55594941328984,6.097107909876995],[116.55646762168038,6.09789611382256],[116.55750403846152,6.09789611382256],[116.55698583007094,6.096319707059002],[116.55594941328984,6.095925606072799],[116.55646762168038,6.0943492049461705],[116.55543120489928,6.0943492049461705],[116.55543120489928,6.094743304805139],[116.5549129965087,6.094743304805139],[116.5549129965087,6.0943492049461705],[116.55439478811815,6.0943492049461705],[116.5549129965087,6.092772808327735],[116.55439478811815,6.092772808327735],[116.55439478811815,6.093166907059767],[116.55387657972757,6.093166907059767],[116.55387657972757,6.092772808327735],[116.55284016294647,6.092772808327735],[116.55284016294647,6.093166907059767],[116.55335837133704,6.093166907059767],[116.55335837133704,6.093955105368966],[116.55284016294647,6.093955105368966],[116.55284016294647,6.0943492049461705],[116.55232195455591,6.0943492049461705],[116.55232195455591,6.095137404945886],[116.55180374616533,6.095137404945886],[116.55180374616533,6.095531505368434],[116.55232195455591,6.095531505368434],[116.55232195455591,6.095925606072799],[116.55284016294647,6.095925606072799],[116.55284016294647,6.096713808327062],[116.55232195455591,6.096713808327062],[116.55180374616533,6.097502011708821],[116.55284016294647,6.097502011708821],[116.55284016294647,6.09789611382256],[116.55335837133704,6.09789611382256],[116.55335837133704,6.097502011708821],[116.55439478811815,6.097502011708821],[116.5549129965087,6.096713808327062],[116.55594941328984,6.097107909876995]]],[[[116.55180374616533,6.095925606072799],[116.55180374616533,6.095531505368434],[116.55128553777479,6.095531505368434],[116.55128553777479,6.095925606072799],[116.55180374616533,6.095925606072799]]],[[[116.55802224685208,6.0982902162182295],[116.55802224685208,6.09789611382256],[116.55750403846152,6.09789611382256],[116.55750403846152,6.0982902162182295],[116.55802224685208,6.0982902162182295]]],[[[116.5471398706503,6.099472525097014],[116.54765807904086,6.099472525097014],[116.54765807904086,6.09868431889585],[116.5471398706503,6.09868431889585],[116.5471398706503,6.099472525097014]]],[[[116.54921270421254,6.099472525097014],[116.54921270421254,6.099078421855437],[116.54869449582199,6.099078421855437],[116.54869449582199,6.099472525097014],[116.54921270421254,6.099472525097014]]],[[[116.55180374616533,6.099866628620595],[116.55180374616533,6.099472525097014],[116.55128553777479,6.099472525097014],[116.55128553777479,6.099866628620595],[116.55180374616533,6.099866628620595]]],[[[116.55698583007094,6.100260732426201],[116.55750403846152,6.100260732426201],[116.55750403846152,6.099472525097014],[116.55698583007094,6.099472525097014],[116.55698583007094,6.100260732426201]]],[[[116.54869449582199,6.100654836513851],[116.54869449582199,6.099866628620595],[116.54817628743143,6.099866628620595],[116.54817628743143,6.100654836513851],[116.54869449582199,6.100654836513851]]],[[[116.55439478811815,6.100654836513851],[116.55439478811815,6.099866628620595],[116.55387657972757,6.099866628620595],[116.55387657972757,6.100654836513851],[116.55439478811815,6.100654836513851]]],[[[116.54351241191638,6.103019466963718],[116.54454882869749,6.102625361183412],[116.54454882869749,6.10183715046925],[116.54351241191638,6.102231255685262],[116.54351241191638,6.103019466963718]]],[[[116.54817628743143,6.101443045535356],[116.54817628743143,6.10183715046925],[116.54765807904086,6.10183715046925],[116.54765807904086,6.102231255685262],[116.54869449582199,6.102625361183412],[116.54869449582199,6.103413573026198],[116.54817628743143,6.103413573026198],[116.54817628743143,6.103807679370874],[116.54921270421254,6.10420178599776],[116.54921270421254,6.103807679370874],[116.5497309126031,6.103807679370874],[116.5497309126031,6.102231255685262],[116.54817628743143,6.101443045535356]]],[[[116.55232195455591,6.103807679370874],[116.55232195455591,6.103019466963718],[116.55180374616533,6.103019466963718],[116.55180374616533,6.103807679370874],[116.55232195455591,6.103807679370874]]],[[[116.54662166225975,6.106172323366042],[116.54662166225975,6.10577821532781],[116.54610345386918,6.10577821532781],[116.54610345386918,6.10459589290688],[116.54662166225975,6.10459589290688],[116.54662166225975,6.10420178599776],[116.54765807904086,6.10459589290688],[116.54817628743143,6.103807679370874],[116.5471398706503,6.103413573026198],[116.5471398706503,6.102625361183412],[116.54765807904086,6.102625361183412],[116.54765807904086,6.102231255685262],[116.54610345386918,6.101443045535356],[116.54662166225975,6.103413573026198],[116.54403062030694,6.10420178599776],[116.54403062030694,6.10459589290688],[116.54506703708806,6.104990000098247],[116.54506703708806,6.106172323366042],[116.54454882869749,6.106172323366042],[116.54403062030694,6.106960540289501],[116.54558524547862,6.106960540289501],[116.54558524547862,6.106566431686598],[116.54662166225975,6.106960540289501],[116.54662166225975,6.106566431686598],[116.5471398706503,6.106566431686598],[116.5471398706503,6.106172323366042],[116.54662166225975,6.106172323366042]]],[[[116.55232195455591,6.10459589290688],[116.55232195455591,6.10420178599776],[116.55180374616533,6.10420178599776],[116.55180374616533,6.10459589290688],[116.55232195455591,6.10459589290688]]],[[[116.54351241191638,6.10577821532781],[116.54351241191638,6.104990000098247],[116.54403062030694,6.104990000098247],[116.54403062030694,6.10459589290688],[116.54247599513525,6.10459589290688],[116.54247599513525,6.104990000098247],[116.54299420352582,6.104990000098247],[116.54299420352582,6.10577821532781],[116.54351241191638,6.10577821532781]]],[[[116.54765807904086,6.104990000098247],[116.54765807904086,6.10577821532781],[116.5471398706503,6.10577821532781],[116.5471398706503,6.106172323366042],[116.54765807904086,6.106172323366042],[116.54765807904086,6.106566431686598],[116.54817628743143,6.106566431686598],[116.54817628743143,6.107354649174765],[116.54869449582199,6.107354649174765],[116.54921270421254,6.106566431686598],[116.54869449582199,6.106566431686598],[116.54869449582199,6.1053841075718855],[116.54765807904086,6.104990000098247]]],[[[116.54662166225975,6.107748758342408],[116.5471398706503,6.107748758342408],[116.5471398706503,6.107354649174765],[116.54662166225975,6.107354649174765],[116.54662166225975,6.107748758342408]]],[[[116.54817628743143,6.107748758342408],[116.54817628743143,6.107354649174765],[116.54765807904086,6.107354649174765],[116.54765807904086,6.107748758342408],[116.54817628743143,6.107748758342408]]],[[[116.5549129965087,6.108931087539823],[116.5549129965087,6.108536977524919],[116.55439478811815,6.108536977524919],[116.55439478811815,6.108931087539823],[116.5549129965087,6.108931087539823]]],[[[116.53833032801077,6.095137404945886],[116.5393667447919,6.095137404945886],[116.53988495318245,6.0943492049461705],[116.53729391122964,6.0943492049461705],[116.53729391122964,6.093955105368966],[116.53625749444853,6.093955105368966],[116.5367757028391,6.094743304805139],[116.53573928605796,6.095137404945886],[116.53573928605796,6.094743304805139],[116.5352210776674,6.094743304805139],[116.5352210776674,6.0943492049461705],[116.53573928605796,6.0943492049461705],[116.5352210776674,6.093561006073505],[116.53366645249572,6.093561006073505],[116.53366645249572,6.093955105368966],[116.53119776935465,6.093955105368966],[116.53036680000001,6.121451393437643],[116.57305029017834,6.12469571995058],[116.57408670695945,6.125020534565254],[116.57408670695945,6.12469571995058],[116.57356849856887,6.12469571995058],[116.57356849856887,6.123513356816676],[116.57408670695945,6.123513356816676],[116.57408670695945,6.12311923633837],[116.57512312374058,6.12311923633837],[116.57512312374058,6.122725116143196],[116.57408670695945,6.122725116143196],[116.57408670695945,6.122330996231137],[116.57356849856887,6.122330996231137],[116.57356849856887,6.121542757256284],[116.57305029017834,6.121542757256284],[116.57253208178777,6.120754519413663],[116.57149566500664,6.120754519413663],[116.57149566500664,6.120360400916891],[116.57097745661608,6.120360400916891],[116.57097745661608,6.120754519413663],[116.56994103983497,6.121148638193454],[116.56994103983497,6.120754519413663],[116.56890462305384,6.120360400916891],[116.56890462305384,6.119572164772333],[116.56838641466327,6.119572164772333],[116.56838641466327,6.11996628270312],[116.56786820627273,6.11996628270312],[116.56786820627273,6.119572164772333],[116.5668317894916,6.11996628270312],[116.56631358110103,6.119178047124509],[116.56527716431992,6.119178047124509],[116.56527716431992,6.119572164772333],[116.5657953727105,6.119572164772333],[116.56527716431992,6.120360400916891],[116.56372253914823,6.119572164772333],[116.56372253914823,6.119178047124509],[116.56424074753879,6.119178047124509],[116.56424074753879,6.11878392975963],[116.56631358110103,6.117601579362475],[116.5657953727105,6.116025116126357],[116.56475895592936,6.116025116126357],[116.56475895592936,6.116419231511148],[116.56424074753879,6.116419231511148],[116.56424074753879,6.116025116126357],[116.56268612236713,6.115236886205141],[116.56268612236713,6.114448657414955],[116.56216791397655,6.114448657414955],[116.56113149719542,6.1156310010243615],[116.56061328880489,6.1156310010243615],[116.56061328880489,6.115236886205141],[116.55957687202375,6.115236886205141],[116.55957687202375,6.1156310010243615],[116.55905866363318,6.1156310010243615],[116.55854045524265,6.114842771668679],[116.55646762168038,6.114448657414955],[116.55646762168038,6.11405454344395],[116.55594941328984,6.11405454344395],[116.55594941328984,6.113266316350024],[116.5549129965087,6.113266316350024],[116.55439478811815,6.11247809038675],[116.55335837133704,6.11247809038675],[116.55232195455591,6.111295753561486],[116.55180374616533,6.111295753561486],[116.55180374616533,6.111689865553979],[116.55128553777479,6.111689865553979],[116.55128553777479,6.111295753561486],[116.55024912099367,6.111295753561486],[116.55024912099367,6.111689865553979],[116.5497309126031,6.111689865553979],[116.5497309126031,6.111295753561486],[116.54921270421254,6.111295753561486],[116.5497309126031,6.109719308417017],[116.54921270421254,6.109719308417017],[116.54869449582199,6.108142867792456],[116.54765807904086,6.108536977524919],[116.54765807904086,6.109719308417017],[116.54817628743143,6.109719308417017],[116.54817628743143,6.110113419279345],[116.54765807904086,6.110113419279345],[116.54765807904086,6.1109016418515605],[116.54817628743143,6.1109016418515605],[116.54817628743143,6.111295753561486],[116.54765807904086,6.111295753561486],[116.54765807904086,6.111689865553979],[116.54610345386918,6.111689865553979],[116.54610345386918,6.1120839778290605],[116.54506703708806,6.111689865553979],[116.54506703708806,6.1120839778290605],[116.54403062030694,6.1120839778290605],[116.54403062030694,6.11247809038675],[116.54299420352582,6.11247809038675],[116.54299420352582,6.112872203227064],[116.54247599513525,6.112872203227064],[116.54195778674469,6.1120839778290605],[116.54247599513525,6.1120839778290605],[116.54351241191638,6.1109016418515605],[116.54506703708806,6.1109016418515605],[116.54506703708806,6.111295753561486],[116.54558524547862,6.111295753561486],[116.54558524547862,6.1109016418515605],[116.54610345386918,6.1109016418515605],[116.54610345386918,6.110113419279345],[116.54558524547862,6.110113419279345],[116.54558524547862,6.109719308417017],[116.54454882869749,6.109719308417017],[116.54403062030694,6.108931087539823],[116.54299420352582,6.108931087539823],[116.54195778674469,6.107748758342408],[116.54092136996357,6.107748758342408],[116.54092136996357,6.108142867792456],[116.53988495318245,6.107748758342408],[116.53988495318245,6.108142867792456],[116.5393667447919,6.108142867792456],[116.5393667447919,6.109719308417017],[116.53884853640133,6.109719308417017],[116.53884853640133,6.110113419279345],[116.53781211962021,6.109719308417017],[116.53781211962021,6.108931087539823],[116.53729391122964,6.108931087539823],[116.53729391122964,6.107748758342408],[116.53781211962021,6.107748758342408],[116.53781211962021,6.106960540289501],[116.53729391122964,6.106960540289501],[116.53729391122964,6.106172323366042],[116.53781211962021,6.106172323366042],[116.53781211962021,6.10420178599776],[116.53833032801077,6.10420178599776],[116.53833032801077,6.103019466963718],[116.53884853640133,6.103019466963718],[116.53884853640133,6.102625361183412],[116.53988495318245,6.102625361183412],[116.53988495318245,6.103019466963718],[116.54040316157301,6.103019466963718],[116.54092136996357,6.101048940883563],[116.53988495318245,6.101048940883563],[116.53988495318245,6.100654836513851],[116.5393667447919,6.100654836513851],[116.53988495318245,6.099866628620595],[116.53884853640133,6.099866628620595],[116.53884853640133,6.100260732426201],[116.53833032801077,6.100260732426201],[116.53833032801077,6.100654836513851],[116.53781211962021,6.100654836513851],[116.53781211962021,6.101048940883563],[116.53573928605796,6.102231255685262],[116.53573928605796,6.10183715046925],[116.5352210776674,6.10183715046925],[116.5352210776674,6.101048940883563],[116.53573928605796,6.101048940883563],[116.53573928605796,6.100260732426201],[116.53625749444853,6.100260732426201],[116.53625749444853,6.099866628620595],[116.53573928605796,6.099866628620595],[116.5352210776674,6.099078421855437],[116.53573928605796,6.099078421855437],[116.53573928605796,6.09868431889585],[116.53625749444853,6.09868431889585],[116.53625749444853,6.099078421855437],[116.5367757028391,6.099078421855437],[116.5367757028391,6.09868431889585],[116.53729391122964,6.09868431889585],[116.53729391122964,6.099078421855437],[116.53833032801077,6.099078421855437],[116.53833032801077,6.09868431889585],[116.5393667447919,6.0982902162182295],[116.5393667447919,6.097502011708821],[116.53833032801077,6.097502011708821],[116.53833032801077,6.09789611382256],[116.53729391122964,6.097502011708821],[116.53729391122964,6.09789611382256],[116.5367757028391,6.09789611382256],[116.5367757028391,6.097502011708821],[116.5341846608863,6.097107909876995],[116.53366645249572,6.096319707059002],[116.5341846608863,6.096319707059002],[116.5341846608863,6.095925606072799],[116.5352210776674,6.095925606072799],[116.5352210776674,6.096319707059002],[116.53573928605796,6.096319707059002],[116.53573928605796,6.095925606072799],[116.53729391122964,6.095925606072799],[116.53729391122964,6.095531505368434],[116.53833032801077,6.095531505368434],[116.53833032801077,6.095137404945886]],[[116.53366645249572,6.095925606072799],[116.53314824410516,6.095137404945886],[116.5341846608863,6.094743304805139],[116.53470286927684,6.095531505368434],[116.53366645249572,6.095925606072799]],[[116.5657953727105,6.121542757256284],[116.5657953727105,6.121148638193454],[116.56527716431992,6.121148638193454],[116.5657953727105,6.120360400916891],[116.56786820627273,6.121542757256284],[116.56786820627273,6.121936876602172],[116.56734999788216,6.121936876602172],[116.56734999788216,6.122725116143196],[116.56786820627273,6.122725116143196],[116.56786820627273,6.123513356816676],[116.56734999788216,6.123513356816676],[116.56734999788216,6.1239074775781335],[116.56631358110103,6.123513356816676],[116.56631358110103,6.122330996231137],[116.5657953727105,6.122330996231137],[116.56631358110103,6.121542757256284],[116.5657953727105,6.121542757256284]],[[116.53314824410516,6.117207463129188],[116.53263003571459,6.117995695878632],[116.53159361893348,6.117601579362475],[116.53211182732406,6.116813347178751],[116.53314824410516,6.117207463129188]],[[116.56372253914823,6.117207463129188],[116.56320433075769,6.117995695878632],[116.56216791397655,6.117601579362475],[116.56268612236713,6.116813347178751],[116.56372253914823,6.117207463129188]],[[116.53573928605796,6.1109016418515605],[116.53573928605796,6.110507530424188],[116.5352210776674,6.110507530424188],[116.5352210776674,6.1109016418515605],[116.5341846608863,6.111295753561486],[116.53314824410516,6.110113419279345],[116.53366645249572,6.110113419279345],[116.5341846608863,6.109325197837181],[116.53470286927684,6.109325197837181],[116.5352210776674,6.110113419279345],[116.53625749444853,6.110113419279345],[116.53625749444853,6.109719308417017],[116.5367757028391,6.109719308417017],[116.5367757028391,6.110113419279345],[116.53781211962021,6.110507530424188],[116.53781211962021,6.111689865553979],[116.53988495318245,6.111689865553979],[116.54040316157301,6.11247809038675],[116.53988495318245,6.11247809038675],[116.53988495318245,6.112872203227064],[116.53833032801077,6.112872203227064],[116.53833032801077,6.11247809038675],[116.53729391122964,6.11247809038675],[116.53729391122964,6.1120839778290605],[116.5367757028391,6.1120839778290605],[116.5367757028391,6.111295753561486],[116.53573928605796,6.1109016418515605]]],[[[116.55128553777479,6.109719308417017],[116.55128553777479,6.109325197837181],[116.55076732938423,6.109325197837181],[116.55076732938423,6.109719308417017],[116.55128553777479,6.109719308417017]]],[[[116.55698583007094,6.111295753561486],[116.55698583007094,6.1109016418515605],[116.55646762168038,6.1109016418515605],[116.55646762168038,6.111295753561486],[116.55698583007094,6.111295753561486]]],[[[116.56009508041431,6.05060586775546],[116.56061328880489,6.05060586775546],[116.56061328880489,6.050211799337174],[116.56009508041431,6.050211799337174],[116.56009508041431,6.05060586775546]]],[[[116.5657953727105,6.058487294878736],[116.56527716431992,6.058487294878736],[116.56527716431992,6.0588813691742205],[116.5657953727105,6.0588813691742205],[116.5657953727105,6.058487294878736]]],[[[116.5657953727105,6.059275443749779],[116.56631358110103,6.059275443749779],[116.56631358110103,6.0588813691742205],[116.5657953727105,6.0588813691742205],[116.5657953727105,6.059275443749779]]],[[[116.56320433075769,6.0616398970857075],[116.56320433075769,6.06124582082932],[116.56268612236713,6.06124582082932],[116.56268612236713,6.0616398970857075],[116.56320433075769,6.0616398970857075]]],[[[116.56320433075769,6.06242805043912],[116.56320433075769,6.062033973622303],[116.56268612236713,6.062033973622303],[116.56268612236713,6.06242805043912],[116.56320433075769,6.06242805043912]]],[[[116.56372253914823,6.062822127536179],[116.56372253914823,6.06242805043912],[116.56320433075769,6.06242805043912],[116.56320433075769,6.062822127536179],[116.56372253914823,6.062822127536179]]],[[[116.56838641466327,6.075038656647307],[116.56838641466327,6.074644570853446],[116.56786820627273,6.074644570853446],[116.56786820627273,6.075038656647307],[116.56838641466327,6.075038656647307]]],[[[116.56734999788216,6.075432742722013],[116.56786820627273,6.075432742722013],[116.56786820627273,6.075038656647307],[116.56734999788216,6.075038656647307],[116.56734999788216,6.075432742722013]]],[[[116.56890462305384,6.080555887258348],[116.56890462305384,6.0801617975309865],[116.56838641466327,6.0801617975309865],[116.56838641466327,6.080555887258348],[116.56890462305384,6.080555887258348]]],[[[116.56786820627273,6.080555887258348],[116.56786820627273,6.081344067556404],[116.56838641466327,6.081344067556404],[116.56838641466327,6.080555887258348],[116.56786820627273,6.080555887258348]]],[[[116.56734999788216,6.0825263401121035],[116.56734999788216,6.082132248979031],[116.5668317894916,6.082132248979031],[116.5668317894916,6.0825263401121035],[116.56734999788216,6.0825263401121035]]],[[[116.56786820627273,6.082920431526379],[116.56786820627273,6.0825263401121035],[116.56734999788216,6.0825263401121035],[116.56734999788216,6.082920431526379],[116.56786820627273,6.082920431526379]]],[[[116.56113149719542,6.086861361139173],[116.56113149719542,6.086467266911879],[116.56061328880489,6.086467266911879],[116.56061328880489,6.086861361139173],[116.56113149719542,6.086861361139173]]],[[[116.56631358110103,6.089225932413107],[116.5668317894916,6.089225932413107],[116.5668317894916,6.088831836497099],[116.56631358110103,6.088831836497099],[116.56631358110103,6.089225932413107]]],[[[116.56113149719542,6.088831836497099],[116.56113149719542,6.088043645509563],[116.55957687202375,6.088043645509563],[116.55957687202375,6.089225932413107],[116.56009508041431,6.089225932413107],[116.56009508041431,6.089620028610631],[116.55957687202375,6.089620028610631],[116.55957687202375,6.090014125089694],[116.55854045524265,6.090014125089694],[116.55854045524265,6.090408221850313],[116.55957687202375,6.090802318892504],[116.55957687202375,6.091590513821686],[116.56216791397655,6.091984611708713],[116.56216791397655,6.090802318892504],[116.56164970558599,6.090802318892504],[116.56216791397655,6.090014125089694],[116.56164970558599,6.090014125089694],[116.56164970558599,6.088831836497099],[116.56113149719542,6.088831836497099]]],[[[116.56631358110103,6.090408221850313],[116.56631358110103,6.089620028610631],[116.5657953727105,6.089620028610631],[116.5657953727105,6.090408221850313],[116.56631358110103,6.090408221850313]]],[[[116.56786820627273,6.091196416216289],[116.56838641466327,6.090408221850313],[116.56734999788216,6.090408221850313],[116.56734999788216,6.090802318892504],[116.5668317894916,6.090802318892504],[116.5668317894916,6.090408221850313],[116.56631358110103,6.090408221850313],[116.56631358110103,6.090802318892504],[116.56527716431992,6.091196416216289],[116.56527716431992,6.092772808327735],[116.5657953727105,6.092772808327735],[116.5657953727105,6.09237870987739],[116.56786820627273,6.091196416216289]]],[[[116.55957687202375,6.093166907059767],[116.55957687202375,6.092772808327735],[116.55905866363318,6.092772808327735],[116.55905866363318,6.093166907059767],[116.55957687202375,6.093166907059767]]],[[[116.56009508041431,6.093955105368966],[116.56009508041431,6.093166907059767],[116.55957687202375,6.093166907059767],[116.55957687202375,6.093955105368966],[116.56009508041431,6.093955105368966]]],[[[116.56009508041431,6.094743304805139],[116.56009508041431,6.0943492049461705],[116.55957687202375,6.0943492049461705],[116.55957687202375,6.094743304805139],[116.56009508041431,6.094743304805139]]],[[[116.5657953727105,6.095925606072799],[116.56631358110103,6.095925606072799],[116.56631358110103,6.095531505368434],[116.5657953727105,6.095531505368434],[116.5657953727105,6.095925606072799]]],[[[116.5657953727105,6.096319707059002],[116.5657953727105,6.095925606072799],[116.56475895592936,6.095925606072799],[116.56475895592936,6.096319707059002],[116.5657953727105,6.096319707059002]]],[[[116.55905866363318,6.097107909876995],[116.55905866363318,6.096713808327062],[116.55957687202375,6.096713808327062],[116.55957687202375,6.095925606072799],[116.55854045524265,6.095531505368434],[116.55854045524265,6.097107909876995],[116.55905866363318,6.097107909876995]]],[[[116.56475895592936,6.097107909876995],[116.56527716431992,6.097107909876995],[116.56527716431992,6.096713808327062],[116.56475895592936,6.096713808327062],[116.56475895592936,6.097107909876995]]],[[[116.56475895592936,6.097502011708821],[116.56475895592936,6.097107909876995],[116.56424074753879,6.097107909876995],[116.56424074753879,6.097502011708821],[116.56475895592936,6.097502011708821]]],[[[116.56372253914823,6.097502011708821],[116.56372253914823,6.09789611382256],[116.56424074753879,6.09789611382256],[116.56424074753879,6.097502011708821],[116.56372253914823,6.097502011708821]]],[[[116.56475895592936,6.0982902162182295],[116.56475895592936,6.09789611382256],[116.56424074753879,6.09789611382256],[116.56424074753879,6.0982902162182295],[116.56475895592936,6.0982902162182295]]],[[[116.56113149719542,6.0982902162182295],[116.56113149719542,6.09789611382256],[116.56061328880489,6.09789611382256],[116.56061328880489,6.0982902162182295],[116.56113149719542,6.0982902162182295]]],[[[116.56527716431992,6.09868431889585],[116.56527716431992,6.0982902162182295],[116.56475895592936,6.0982902162182295],[116.56475895592936,6.09868431889585],[116.56527716431992,6.09868431889585]]],[[[116.56216791397655,6.09868431889585],[116.56216791397655,6.0982902162182295],[116.56113149719542,6.0982902162182295],[116.56113149719542,6.09868431889585],[116.56216791397655,6.09868431889585]]],[[[116.56164970558599,6.100260732426201],[116.56164970558599,6.099866628620595],[116.56009508041431,6.099078421855437],[116.56009508041431,6.100260732426201],[116.56164970558599,6.100260732426201]]],[[[116.56061328880489,6.102231255685262],[116.56061328880489,6.10183715046925],[116.55957687202375,6.10183715046925],[116.55957687202375,6.103413573026198],[116.56009508041431,6.103413573026198],[116.56009508041431,6.102231255685262],[116.56061328880489,6.102231255685262]]],[[[116.56372253914823,6.10420178599776],[116.56372253914823,6.103807679370874],[116.56320433075769,6.103807679370874],[116.56320433075769,6.10420178599776],[116.56372253914823,6.10420178599776]]],[[[116.56527716431992,6.1053841075718855],[116.56475895592936,6.1053841075718855],[116.56475895592936,6.104990000098247],[116.56424074753879,6.104990000098247],[116.56424074753879,6.10577821532781],[116.56527716431992,6.10577821532781],[116.56527716431992,6.1053841075718855]]],[[[116.56164970558599,6.108931087539823],[116.56164970558599,6.110113419279345],[116.56216791397655,6.110113419279345],[116.56216791397655,6.110507530424188],[116.56320433075769,6.110507530424188],[116.56320433075769,6.109719308417017],[116.56372253914823,6.109719308417017],[116.56372253914823,6.109325197837181],[116.56320433075769,6.109325197837181],[116.56320433075769,6.107748758342408],[116.56372253914823,6.107748758342408],[116.56372253914823,6.107354649174765],[116.56320433075769,6.107354649174765],[116.56320433075769,6.106960540289501],[116.56372253914823,6.106960540289501],[116.56372253914823,6.106566431686598],[116.56320433075769,6.106566431686598],[116.56320433075769,6.10577821532781],[116.56372253914823,6.10577821532781],[116.56372253914823,6.104990000098247],[116.56268612236713,6.104990000098247],[116.56216791397655,6.10420178599776],[116.56372253914823,6.103413573026198],[116.56372253914823,6.102625361183412],[116.56320433075769,6.102625361183412],[116.56268612236713,6.103413573026198],[116.56164970558599,6.103413573026198],[116.56113149719542,6.10420178599776],[116.56009508041431,6.103807679370874],[116.55905866363318,6.104990000098247],[116.55854045524265,6.104990000098247],[116.55802224685208,6.10420178599776],[116.55698583007094,6.10459589290688],[116.55698583007094,6.1053841075718855],[116.55854045524265,6.1053841075718855],[116.55854045524265,6.10577821532781],[116.55957687202375,6.106172323366042],[116.55957687202375,6.106960540289501],[116.55854045524265,6.107354649174765],[116.55854045524265,6.107748758342408],[116.55905866363318,6.107748758342408],[116.55854045524265,6.108536977524919],[116.55802224685208,6.108536977524919],[116.55646762168038,6.106960540289501],[116.55594941328984,6.106960540289501],[116.55594941328984,6.107748758342408],[116.5549129965087,6.108142867792456],[116.5549129965087,6.108536977524919],[116.55594941328984,6.108536977524919],[116.55594941328984,6.108931087539823],[116.55646762168038,6.108931087539823],[116.55646762168038,6.109719308417017],[116.55854045524265,6.108931087539823],[116.55854045524265,6.109325197837181],[116.55905866363318,6.109325197837181],[116.55905866363318,6.109719308417017],[116.55854045524265,6.109719308417017],[116.55905866363318,6.110507530424188],[116.56061328880489,6.110507530424188],[116.56061328880489,6.110113419279345],[116.56009508041431,6.110113419279345],[116.56009508041431,6.108931087539823],[116.56061328880489,6.108931087539823],[116.56061328880489,6.108536977524919],[116.56164970558599,6.108931087539823]]],[[[116.5657953727105,6.107354649174765],[116.5657953727105,6.106566431686598],[116.56527716431992,6.106566431686598],[116.56527716431992,6.107354649174765],[116.5657953727105,6.107354649174765]]],[[[116.55802224685208,6.110507530424188],[116.55854045524265,6.110507530424188],[116.55854045524265,6.110113419279345],[116.55802224685208,6.110113419279345],[116.55802224685208,6.110507530424188]]],[[[116.55802224685208,6.111295753561486],[116.55802224685208,6.110507530424188],[116.55750403846152,6.110507530424188],[116.55750403846152,6.111295753561486],[116.55802224685208,6.111295753561486]]],[[[116.56061328880489,6.1120839778290605],[116.56061328880489,6.111689865553979],[116.56009508041431,6.111689865553979],[116.55957687202375,6.11247809038675],[116.55854045524265,6.11247809038675],[116.55854045524265,6.1120839778290605],[116.55750403846152,6.111689865553979],[116.55750403846152,6.11247809038675],[116.55957687202375,6.113660429755646],[116.55957687202375,6.114448657414955],[116.56009508041431,6.114448657414955],[116.56009508041431,6.114842771668679],[116.56113149719542,6.114448657414955],[116.56113149719542,6.11405454344395],[116.56061328880489,6.11405454344395],[116.56113149719542,6.1120839778290605],[116.56061328880489,6.1120839778290605]]],[[[116.5668317894916,6.117601579362475],[116.56734999788216,6.117601579362475],[116.56734999788216,6.117207463129188],[116.5668317894916,6.117207463129188],[116.5668317894916,6.117601579362475]]],[[[116.56838641466327,6.118389812677677],[116.56838641466327,6.117995695878632],[116.56786820627273,6.117995695878632],[116.56786820627273,6.118389812677677],[116.56838641466327,6.118389812677677]]],[[[116.56527716431992,6.119178047124509],[116.56527716431992,6.11878392975963],[116.56475895592936,6.11878392975963],[116.56475895592936,6.119178047124509],[116.56527716431992,6.119178047124509]]],[[[116.57564133213111,6.043906742665612],[116.57564133213111,6.043512678998998],[116.57512312374058,6.043512678998998],[116.57512312374058,6.043906742665612],[116.57564133213111,6.043906742665612]]],[[[116.57149566500664,6.044300806611588],[116.57149566500664,6.043906742665612],[116.57097745661608,6.043906742665612],[116.57097745661608,6.044300806611588],[116.57149566500664,6.044300806611588]]],[[[116.57097745661608,6.045088935341692],[116.57097745661608,6.044694870836942],[116.57045924822553,6.044694870836942],[116.57045924822553,6.045088935341692],[116.57097745661608,6.045088935341692]]],[[[116.57408670695945,6.043906742665612],[116.57408670695945,6.044300806611588],[116.57356849856887,6.044300806611588],[116.57356849856887,6.045088935341692],[116.57305029017834,6.045088935341692],[116.57305029017834,6.045877065189463],[116.57460491535001,6.045877065189463],[116.57408670695945,6.045088935341692],[116.57512312374058,6.044694870836942],[116.57512312374058,6.043906742665612],[116.57408670695945,6.043906742665612]]],[[[116.57771416569338,6.043512678998998],[116.57719595730282,6.043512678998998],[116.57719595730282,6.043906742665612],[116.57667774891225,6.043906742665612],[116.57667774891225,6.044694870836942],[116.57615954052169,6.044694870836942],[116.57615954052169,6.045088935341692],[116.57667774891225,6.045088935341692],[116.57667774891225,6.046665196155049],[116.57823237408392,6.046665196155049],[116.57823237408392,6.045877065189463],[116.57771416569338,6.045877065189463],[116.57771416569338,6.045483000125859],[116.57823237408392,6.045483000125859],[116.57771416569338,6.043512678998998]]],[[[116.58030520764619,6.045088935341692],[116.58082341603672,6.045088935341692],[116.5813416244273,6.046665196155049],[116.58237804120843,6.046665196155049],[116.58030520764619,6.043831178363213],[116.58030520764619,6.045088935341692]]],[[[116.5813416244273,6.048241461440266],[116.5813416244273,6.047847394699659],[116.58082341603672,6.047847394699659],[116.58082341603672,6.048241461440266],[116.5813416244273,6.048241461440266]]],[[[116.5813416244273,6.048635528460441],[116.58185983281786,6.048635528460441],[116.58185983281786,6.048241461440266],[116.5813416244273,6.048241461440266],[116.5813416244273,6.048635528460441]]],[[[116.58082341603672,6.050211799337174],[116.58082341603672,6.049817731198546],[116.58030520764619,6.049817731198546],[116.58030520764619,6.050211799337174],[116.58082341603672,6.050211799337174]]],[[[116.58030520764619,6.05060586775546],[116.58030520764619,6.051394005431091],[116.58082341603672,6.051394005431091],[116.58082341603672,6.052182144225585],[116.5813416244273,6.052182144225585],[116.5813416244273,6.05060586775546],[116.58030520764619,6.05060586775546]]],[[[116.57512312374058,6.057305073672531],[116.57564133213111,6.057305073672531],[116.57564133213111,6.056122854986307],[116.57512312374058,6.056122854986307],[116.57512312374058,6.057305073672531]]],[[[116.57615954052169,6.058093220863305],[116.57615954052169,6.05769914712791],[116.57564133213111,6.05769914712791],[116.57564133213111,6.058093220863305],[116.57615954052169,6.058093220863305]]],[[[116.57460491535001,6.06124582082932],[116.57512312374058,6.060457669157078],[116.57460491535001,6.060457669157078],[116.57460491535001,6.0596695186054275],[116.57408670695945,6.0596695186054275],[116.57408670695945,6.06124582082932],[116.57460491535001,6.06124582082932]]],[[[116.57305029017834,6.062033973622303],[116.57305029017834,6.0616398970857075],[116.57253208178777,6.0616398970857075],[116.57253208178777,6.062033973622303],[116.57305029017834,6.062033973622303]]],[[[116.58237804120843,6.06242805043912],[116.58237804120843,6.062033973622303],[116.58185983281786,6.062033973622303],[116.58185983281786,6.06242805043912],[116.58237804120843,6.06242805043912]]],[[[116.56890462305384,6.074644570853446],[116.56890462305384,6.074250485340408],[116.56838641466327,6.074250485340408],[116.56838641466327,6.074644570853446],[116.56890462305384,6.074644570853446]]],[[[116.57201387339721,6.077797265068974],[116.57201387339721,6.077009089829625],[116.57149566500664,6.077009089829625],[116.57097745661608,6.07622091571402],[116.57149566500664,6.07622091571402],[116.57149566500664,6.0758268290775765],[116.57253208178777,6.07622091571402],[116.57253208178777,6.075432742722013],[116.57149566500664,6.075432742722013],[116.57149566500664,6.075038656647307],[116.57097745661608,6.075038656647307],[116.57097745661608,6.075432742722013],[116.57045924822553,6.075432742722013],[116.57045924822553,6.07622091571402],[116.56994103983497,6.07622091571402],[116.56994103983497,6.076615002631365],[116.57045924822553,6.076615002631365],[116.57045924822553,6.078191353110098],[116.5694228314444,6.0785854414322165],[116.56890462305384,6.0801617975309865],[116.57149566500664,6.079767708084711],[116.57149566500664,6.0793736189195045],[116.57201387339721,6.0793736189195045],[116.57149566500664,6.077797265068974],[116.57201387339721,6.077797265068974]]],[[[116.56890462305384,6.0785854414322165],[116.5694228314444,6.0785854414322165],[116.5694228314444,6.078191353110098],[116.56890462305384,6.078191353110098],[116.56890462305384,6.0785854414322165]]],[[[116.57045924822553,6.086467266911879],[116.57045924822553,6.086861361139173],[116.57097745661608,6.086861361139173],[116.57097745661608,6.086467266911879],[116.57201387339721,6.086073172965973],[116.57201387339721,6.085284985918243],[116.57097745661608,6.085284985918243],[116.57097745661608,6.084890892816381],[116.56994103983497,6.084890892816381],[116.56994103983497,6.084496799995834],[116.56838641466327,6.084496799995834],[116.56890462305384,6.085284985918243],[116.56838641466327,6.085284985918243],[116.56838641466327,6.085679079301433],[116.56734999788216,6.085284985918243],[116.56734999788216,6.086073172965973],[116.5668317894916,6.086073172965973],[116.5668317894916,6.086861361139173],[116.56786820627273,6.086467266911879],[116.56890462305384,6.087649550437997],[116.5694228314444,6.087649550437997],[116.5694228314444,6.086861361139173],[116.56890462305384,6.086861361139173],[116.56890462305384,6.086467266911879],[116.5694228314444,6.086467266911879],[116.5694228314444,6.086073172965973],[116.57045924822553,6.086467266911879]]],[[[116.5694228314444,6.089620028610631],[116.5694228314444,6.089225932413107],[116.56890462305384,6.089225932413107],[116.56890462305384,6.089620028610631],[116.5694228314444,6.089620028610631]]],[[[116.58185983281786,6.091196416216289],[116.58289624959896,6.091196416216289],[116.58289624959896,6.090802318892504],[116.58185983281786,6.090802318892504],[116.58185983281786,6.091196416216289]]],[[[116.57097745661608,6.093561006073505],[116.57097745661608,6.093166907059767],[116.57045924822553,6.093166907059767],[116.57045924822553,6.093561006073505],[116.57097745661608,6.093561006073505]]],[[[116.57667774891225,6.097107909876995],[116.57667774891225,6.096713808327062],[116.57615954052169,6.096713808327062],[116.57615954052169,6.097107909876995],[116.57667774891225,6.097107909876995]]],[[[116.57771416569338,6.09789611382256],[116.57823237408392,6.09789611382256],[116.57823237408392,6.097502011708821],[116.57719595730282,6.097502011708821],[116.57719595730282,6.0982902162182295],[116.57771416569338,6.0982902162182295],[116.57771416569338,6.09789611382256]]],[[[116.5813416244273,6.099866628620595],[116.5813416244273,6.09868431889585],[116.58082341603672,6.09868431889585],[116.58082341603672,6.099866628620595],[116.5813416244273,6.099866628620595]]],[[[116.58030520764619,6.099866628620595],[116.58030520764619,6.100260732426201],[116.58082341603672,6.100260732426201],[116.58082341603672,6.099866628620595],[116.58030520764619,6.099866628620595]]],[[[116.57201387339721,6.1120839778290605],[116.57201387339721,6.111689865553979],[116.57149566500664,6.111689865553979],[116.57149566500664,6.1109016418515605],[116.57045924822553,6.1109016418515605],[116.57045924822553,6.111295753561486],[116.56994103983497,6.111295753561486],[116.56890462305384,6.109719308417017],[116.56734999788216,6.109719308417017],[116.56734999788216,6.110113419279345],[116.56786820627273,6.110113419279345],[116.56786820627273,6.111295753561486],[116.56734999788216,6.111295753561486],[116.56734999788216,6.111689865553979],[116.5668317894916,6.111689865553979],[116.5668317894916,6.111295753561486],[116.56527716431992,6.110507530424188],[116.56527716431992,6.109719308417017],[116.56475895592936,6.109719308417017],[116.56475895592936,6.111295753561486],[116.56527716431992,6.111295753561486],[116.56527716431992,6.111689865553979],[116.56475895592936,6.111689865553979],[116.56424074753879,6.11247809038675],[116.56475895592936,6.11247809038675],[116.56475895592936,6.112872203227064],[116.5657953727105,6.11247809038675],[116.56631358110103,6.113266316350024],[116.5657953727105,6.113266316350024],[116.5657953727105,6.113660429755646],[116.56475895592936,6.113266316350024],[116.56372253914823,6.114448657414955],[116.56424074753879,6.114448657414955],[116.56424074753879,6.114842771668679],[116.56475895592936,6.114842771668679],[116.56475895592936,6.114448657414955],[116.5668317894916,6.114448657414955],[116.5668317894916,6.114842771668679],[116.56734999788216,6.114842771668679],[116.5668317894916,6.113266316350024],[116.56786820627273,6.112872203227064],[116.56786820627273,6.113266316350024],[116.56838641466327,6.113266316350024],[116.56786820627273,6.114842771668679],[116.56890462305384,6.114842771668679],[116.56890462305384,6.114448657414955],[116.5694228314444,6.114448657414955],[116.5694228314444,6.114842771668679],[116.56994103983497,6.114842771668679],[116.56994103983497,6.1156310010243615],[116.57149566500664,6.1156310010243615],[116.57149566500664,6.115236886205141],[116.57253208178777,6.114842771668679],[116.57253208178777,6.115236886205141],[116.57356849856887,6.115236886205141],[116.57460491535001,6.116419231511148],[116.57512312374058,6.116419231511148],[116.57512312374058,6.1156310010243615],[116.57564133213111,6.1156310010243615],[116.57564133213111,6.115236886205141],[116.57615954052169,6.115236886205141],[116.57615954052169,6.1156310010243615],[116.57719595730282,6.1156310010243615],[116.57667774891225,6.114842771668679],[116.57771416569338,6.114448657414955],[116.57771416569338,6.114842771668679],[116.57823237408392,6.114842771668679],[116.57823237408392,6.115236886205141],[116.57771416569338,6.115236886205141],[116.57823237408392,6.116025116126357],[116.57771416569338,6.116025116126357],[116.57771416569338,6.116419231511148],[116.57667774891225,6.116025116126357],[116.57667774891225,6.117601579362475],[116.57615954052169,6.117601579362475],[116.57615954052169,6.117995695878632],[116.57408670695945,6.117995695878632],[116.57408670695945,6.118389812677677],[116.57460491535001,6.118389812677677],[116.57460491535001,6.119178047124509],[116.57512312374058,6.119178047124509],[116.57512312374058,6.11878392975963],[116.57564133213111,6.11878392975963],[116.57564133213111,6.119178047124509],[116.57667774891225,6.119178047124509],[116.57667774891225,6.11878392975963],[116.57875058247448,6.11878392975963],[116.57875058247448,6.119178047124509],[116.57926879086506,6.119178047124509],[116.57926879086506,6.120360400916891],[116.57875058247448,6.120360400916891],[116.57875058247448,6.120754519413663],[116.57978699925562,6.120754519413663],[116.57978699925562,6.11996628270312],[116.58030520764619,6.11996628270312],[116.58030520764619,6.119572164772333],[116.5813416244273,6.119572164772333],[116.5813416244273,6.11878392975963],[116.58082341603672,6.11878392975963],[116.58082341603672,6.118389812677677],[116.5813416244273,6.118389812677677],[116.58185983281786,6.117601579362475],[116.58289624959896,6.117601579362475],[116.58289624959896,6.117207463129188],[116.5839326663801,6.117601579362475],[116.58445087477067,6.116813347178751],[116.58704191672346,6.117207463129188],[116.58704191672346,6.116813347178751],[116.58807833350457,6.116419231511148],[116.58807833350457,6.116813347178751],[116.58859654189514,6.116813347178751],[116.58859654189514,6.117601579362475],[116.58807833350457,6.117601579362475],[116.58807833350457,6.117995695878632],[116.58859654189514,6.117995695878632],[116.58859654189514,6.11878392975963],[116.5891147502857,6.11878392975963],[116.58963295867628,6.119572164772333],[116.59150370447296,6.11878392975963],[116.5931723447207,6.114448657414955],[116.59170579223851,6.115236886205141],[116.59170579223851,6.114842771668679],[116.59118758384794,6.114842771668679],[116.59118758384794,6.11405454344395],[116.59170579223851,6.11405454344395],[116.59170579223851,6.113660429755646],[116.59274220901962,6.113660429755646],[116.59326041741018,6.114219837866076],[116.59481504258189,6.109325197837181],[116.59514437410441,6.109325197837181],[116.59863334916784,6.100260732426201],[116.59844250131579,6.099078421855437],[116.59896070970636,6.099078421855437],[116.59984690571164,6.097107909876995],[116.59792429292523,6.096319707059002],[116.59792429292523,6.095925606072799],[116.59844250131579,6.095925606072799],[116.59844250131579,6.095137404945886],[116.59740608453467,6.095137404945886],[116.59740608453467,6.095531505368434],[116.59688787614412,6.095531505368434],[116.59688787614412,6.095137404945886],[116.59585145936299,6.095137404945886],[116.59585145936299,6.094743304805139],[116.59533325097242,6.094743304805139],[116.59533325097242,6.093955105368966],[116.59585145936299,6.093955105368966],[116.59585145936299,6.093561006073505],[116.59533325097242,6.093561006073505],[116.59533325097242,6.092772808327735],[116.59429683419131,6.093166907059767],[116.59429683419131,6.092772808327735],[116.59377862580075,6.092772808327735],[116.59377862580075,6.091590513821686],[116.59326041741018,6.091590513821686],[116.59326041741018,6.091984611708713],[116.59222400062907,6.091590513821686],[116.59222400062907,6.090408221850313],[116.59118758384794,6.090408221850313],[116.59118758384794,6.090802318892504],[116.59015116706681,6.090802318892504],[116.59015116706681,6.090408221850313],[116.58963295867628,6.090408221850313],[116.58963295867628,6.090014125089694],[116.59015116706681,6.090014125089694],[116.59015116706681,6.089225932413107],[116.59066937545738,6.089225932413107],[116.59066937545738,6.088831836497099],[116.58963295867628,6.08843774086259],[116.58963295867628,6.088043645509563],[116.59066937545738,6.087649550437997],[116.59066937545738,6.087255455647873],[116.59015116706681,6.087255455647873],[116.59066937545738,6.085679079301433],[116.58963295867628,6.085679079301433],[116.58859654189514,6.084496799995834],[116.58807833350457,6.084496799995834],[116.58807833350457,6.085679079301433],[116.58756012511404,6.085679079301433],[116.58756012511404,6.086073172965973],[116.5865237083329,6.086073172965973],[116.58548729155177,6.084890892816381],[116.5839326663801,6.084890892816381],[116.5839326663801,6.084496799995834],[116.58341445798953,6.084496799995834],[116.5839326663801,6.083708615198595],[116.58289624959896,6.083708615198595],[116.58289624959896,6.084890892816381],[116.58341445798953,6.084890892816381],[116.58341445798953,6.085284985918243],[116.5839326663801,6.085284985918243],[116.5839326663801,6.086073172965973],[116.58548729155177,6.086861361139173],[116.58496908316123,6.087649550437997],[116.5839326663801,6.087649550437997],[116.5839326663801,6.088043645509563],[116.58341445798953,6.088043645509563],[116.58341445798953,6.08843774086259],[116.5839326663801,6.08843774086259],[116.58341445798953,6.089225932413107],[116.5839326663801,6.089225932413107],[116.5839326663801,6.090408221850313],[116.58445087477067,6.090408221850313],[116.58445087477067,6.091196416216289],[116.5839326663801,6.091196416216289],[116.58341445798953,6.091984611708713],[116.58445087477067,6.091984611708713],[116.58445087477067,6.091590513821686],[116.58548729155177,6.091984611708713],[116.58496908316123,6.092772808327735],[116.5839326663801,6.09237870987739],[116.5839326663801,6.093166907059767],[116.58600549994233,6.0943492049461705],[116.58600549994233,6.094743304805139],[116.58548729155177,6.094743304805139],[116.58548729155177,6.095531505368434],[116.58496908316123,6.095531505368434],[116.58496908316123,6.095925606072799],[116.58548729155177,6.095925606072799],[116.58548729155177,6.097107909876995],[116.58600549994233,6.097107909876995],[116.58548729155177,6.09789611382256],[116.58600549994233,6.09789611382256],[116.58600549994233,6.0982902162182295],[116.5865237083329,6.0982902162182295],[116.5865237083329,6.09789611382256],[116.58756012511404,6.09789611382256],[116.58756012511404,6.097502011708821],[116.58859654189514,6.09789611382256],[116.58859654189514,6.0982902162182295],[116.58807833350457,6.0982902162182295],[116.58756012511404,6.099078421855437],[116.5865237083329,6.099078421855437],[116.5865237083329,6.099866628620595],[116.58496908316123,6.100654836513851],[116.58496908316123,6.101443045535356],[116.58548729155177,6.101443045535356],[116.58548729155177,6.10183715046925],[116.58496908316123,6.10183715046925],[116.58496908316123,6.102231255685262],[116.58548729155177,6.102231255685262],[116.58496908316123,6.103019466963718],[116.58445087477067,6.103019466963718],[116.58445087477067,6.102625361183412],[116.58341445798953,6.102625361183412],[116.58289624959896,6.103413573026198],[116.58185983281786,6.103019466963718],[116.58289624959896,6.10183715046925],[116.58341445798953,6.10183715046925],[116.58341445798953,6.102231255685262],[116.58445087477067,6.102231255685262],[116.58445087477067,6.10183715046925],[116.58341445798953,6.101443045535356],[116.58341445798953,6.100654836513851],[116.58289624959896,6.100654836513851],[116.58289624959896,6.100260732426201],[116.58237804120843,6.100260732426201],[116.5813416244273,6.101443045535356],[116.58030520764619,6.101443045535356],[116.58030520764619,6.10183715046925],[116.57978699925562,6.10183715046925],[116.57978699925562,6.101443045535356],[116.57875058247448,6.101443045535356],[116.57823237408392,6.100654836513851],[116.57719595730282,6.100654836513851],[116.57719595730282,6.10183715046925],[116.57667774891225,6.10183715046925],[116.57667774891225,6.102231255685262],[116.57564133213111,6.10183715046925],[116.57564133213111,6.101048940883563],[116.57615954052169,6.101048940883563],[116.57615954052169,6.099472525097014],[116.57719595730282,6.099078421855437],[116.57719595730282,6.0982902162182295],[116.57615954052169,6.09868431889585],[116.57615954052169,6.0982902162182295],[116.57512312374058,6.09789611382256],[116.57564133213111,6.096319707059002],[116.57512312374058,6.096319707059002],[116.57512312374058,6.095137404945886],[116.57460491535001,6.095137404945886],[116.57460491535001,6.094743304805139],[116.57356849856887,6.094743304805139],[116.57356849856887,6.095137404945886],[116.57305029017834,6.095137404945886],[116.57305029017834,6.094743304805139],[116.57201387339721,6.094743304805139],[116.57149566500664,6.093955105368966],[116.57045924822553,6.093955105368966],[116.57045924822553,6.094743304805139],[116.56994103983497,6.094743304805139],[116.56994103983497,6.095137404945886],[116.5694228314444,6.095137404945886],[116.5694228314444,6.094743304805139],[116.56786820627273,6.094743304805139],[116.56786820627273,6.095137404945886],[116.5668317894916,6.095531505368434],[116.5668317894916,6.096319707059002],[116.56786820627273,6.096713808327062],[116.56786820627273,6.097107909876995],[116.56734999788216,6.097107909876995],[116.56734999788216,6.097502011708821],[116.56786820627273,6.097502011708821],[116.56786820627273,6.0982902162182295],[116.56890462305384,6.0982902162182295],[116.5694228314444,6.099078421855437],[116.56838641466327,6.099472525097014],[116.56890462305384,6.100260732426201],[116.56786820627273,6.100654836513851],[116.56786820627273,6.101048940883563],[116.56838641466327,6.101048940883563],[116.56838641466327,6.101443045535356],[116.56786820627273,6.101443045535356],[116.56786820627273,6.102625361183412],[116.56734999788216,6.102625361183412],[116.56734999788216,6.103019466963718],[116.56631358110103,6.102625361183412],[116.56631358110103,6.103019466963718],[116.5657953727105,6.103019466963718],[116.56424074753879,6.10459589290688],[116.56475895592936,6.10459589290688],[116.56475895592936,6.104990000098247],[116.56527716431992,6.104990000098247],[116.56527716431992,6.10459589290688],[116.56631358110103,6.104990000098247],[116.5668317894916,6.10420178599776],[116.56786820627273,6.10420178599776],[116.56786820627273,6.103413573026198],[116.56838641466327,6.103413573026198],[116.56838641466327,6.103019466963718],[116.56890462305384,6.103019466963718],[116.56890462305384,6.102231255685262],[116.56994103983497,6.10183715046925],[116.56994103983497,6.102231255685262],[116.57045924822553,6.102231255685262],[116.57045924822553,6.10420178599776],[116.57097745661608,6.10420178599776],[116.57097745661608,6.10459589290688],[116.57045924822553,6.10459589290688],[116.57045924822553,6.1053841075718855],[116.57097745661608,6.1053841075718855],[116.57097745661608,6.10577821532781],[116.57045924822553,6.10577821532781],[116.56994103983497,6.106566431686598],[116.57097745661608,6.106960540289501],[116.57097745661608,6.108142867792456],[116.57149566500664,6.108142867792456],[116.57149566500664,6.108536977524919],[116.57253208178777,6.108536977524919],[116.57253208178777,6.108142867792456],[116.57201387339721,6.108142867792456],[116.57201387339721,6.107748758342408],[116.57253208178777,6.107748758342408],[116.57253208178777,6.107354649174765],[116.57201387339721,6.107354649174765],[116.57253208178777,6.106566431686598],[116.57356849856887,6.106566431686598],[116.57356849856887,6.106960540289501],[116.57460491535001,6.106566431686598],[116.57460491535001,6.106960540289501],[116.57512312374058,6.106960540289501],[116.57512312374058,6.106566431686598],[116.57564133213111,6.106566431686598],[116.57615954052169,6.10577821532781],[116.57719595730282,6.10577821532781],[116.57719595730282,6.1053841075718855],[116.57926879086506,6.106172323366042],[116.57875058247448,6.106960540289501],[116.57823237408392,6.106960540289501],[116.57823237408392,6.106566431686598],[116.57719595730282,6.106566431686598],[116.57719595730282,6.106960540289501],[116.57771416569338,6.106960540289501],[116.57771416569338,6.107748758342408],[116.57719595730282,6.107748758342408],[116.57719595730282,6.108142867792456],[116.57564133213111,6.108142867792456],[116.57564133213111,6.108536977524919],[116.57667774891225,6.108931087539823],[116.57615954052169,6.109719308417017],[116.57512312374058,6.109719308417017],[116.57512312374058,6.109325197837181],[116.57408670695945,6.109719308417017],[116.57408670695945,6.1109016418515605],[116.57512312374058,6.1109016418515605],[116.57512312374058,6.111295753561486],[116.57564133213111,6.111295753561486],[116.57564133213111,6.112872203227064],[116.57667774891225,6.11247809038675],[116.57719595730282,6.113266316350024],[116.57667774891225,6.113266316350024],[116.57667774891225,6.113660429755646],[116.57615954052169,6.113660429755646],[116.57615954052169,6.113266316350024],[116.57512312374058,6.113266316350024],[116.57512312374058,6.113660429755646],[116.57460491535001,6.113660429755646],[116.57356849856887,6.111689865553979],[116.57253208178777,6.111689865553979],[116.57253208178777,6.1120839778290605],[116.57201387339721,6.1120839778290605]],[[116.59429683419131,6.109325197837181],[116.59429683419131,6.109719308417017],[116.59377862580075,6.109719308417017],[116.59274220901962,6.108536977524919],[116.59170579223851,6.108536977524919],[116.59170579223851,6.108142867792456],[116.59118758384794,6.108142867792456],[116.59118758384794,6.106566431686598],[116.59066937545738,6.106566431686598],[116.59066937545738,6.107748758342408],[116.59015116706681,6.107748758342408],[116.59015116706681,6.108142867792456],[116.58963295867628,6.108142867792456],[116.58963295867628,6.107748758342408],[116.5891147502857,6.107748758342408],[116.5891147502857,6.106960540289501],[116.58859654189514,6.106960540289501],[116.58859654189514,6.10577821532781],[116.5891147502857,6.10577821532781],[116.5891147502857,6.104990000098247],[116.58963295867628,6.104990000098247],[116.58963295867628,6.10459589290688],[116.59015116706681,6.10459589290688],[116.59118758384794,6.10577821532781],[116.59274220901962,6.10577821532781],[116.59274220901962,6.104990000098247],[116.59222400062907,6.104990000098247],[116.59222400062907,6.103413573026198],[116.59326041741018,6.103019466963718],[116.59326041741018,6.102231255685262],[116.59274220901962,6.102231255685262],[116.59274220901962,6.101443045535356],[116.59222400062907,6.101443045535356],[116.59274220901962,6.100654836513851],[116.59326041741018,6.100654836513851],[116.59481504258189,6.102231255685262],[116.59533325097242,6.102231255685262],[116.59533325097242,6.10183715046925],[116.59636966775355,6.102231255685262],[116.59585145936299,6.10420178599776],[116.59533325097242,6.10420178599776],[116.59481504258189,6.104990000098247],[116.59377862580075,6.104990000098247],[116.59429683419131,6.10577821532781],[116.59533325097242,6.10577821532781],[116.59533325097242,6.106172323366042],[116.59585145936299,6.106172323366042],[116.59585145936299,6.106566431686598],[116.59533325097242,6.106566431686598],[116.59533325097242,6.108536977524919],[116.59481504258189,6.108536977524919],[116.59481504258189,6.109325197837181],[116.59429683419131,6.109325197837181]],[[116.57564133213111,6.113660429755646],[116.57615954052169,6.114448657414955],[116.57512312374058,6.114842771668679],[116.57460491535001,6.11405454344395],[116.57564133213111,6.113660429755646]],[[116.59118758384794,6.117207463129188],[116.59170579223851,6.117207463129188],[116.59170579223851,6.117995695878632],[116.59066937545738,6.118389812677677],[116.58963295867628,6.117207463129188],[116.59015116706681,6.117207463129188],[116.59015116706681,6.116813347178751],[116.59118758384794,6.116813347178751],[116.59118758384794,6.117207463129188]],[[116.58082341603672,6.116419231511148],[116.58185983281786,6.116813347178751],[116.5813416244273,6.117601579362475],[116.57978699925562,6.116813347178751],[116.58030520764619,6.116025116126357],[116.58082341603672,6.116025116126357],[116.58082341603672,6.116419231511148]],[[116.58600549994233,6.11405454344395],[116.5865237083329,6.11405454344395],[116.5865237083329,6.113660429755646],[116.58756012511404,6.113660429755646],[116.58756012511404,6.11405454344395],[116.58859654189514,6.113660429755646],[116.58859654189514,6.11405454344395],[116.59015116706681,6.11405454344395],[116.59066937545738,6.114842771668679],[116.59015116706681,6.114842771668679],[116.58963295867628,6.1156310010243615],[116.58756012511404,6.1156310010243615],[116.58756012511404,6.115236886205141],[116.5865237083329,6.115236886205141],[116.5865237083329,6.1156310010243615],[116.58496908316123,6.1156310010243615],[116.58496908316123,6.116025116126357],[116.58445087477067,6.116025116126357],[116.5839326663801,6.115236886205141],[116.58445087477067,6.115236886205141],[116.58445087477067,6.114842771668679],[116.58548729155177,6.114842771668679],[116.58600549994233,6.11405454344395]],[[116.58496908316123,6.110113419279345],[116.58496908316123,6.109719308417017],[116.58548729155177,6.109719308417017],[116.58548729155177,6.110113419279345],[116.5865237083329,6.109719308417017],[116.58807833350457,6.111295753561486],[116.58756012511404,6.111295753561486],[116.58704191672346,6.1120839778290605],[116.5865237083329,6.1120839778290605],[116.5865237083329,6.111689865553979],[116.58548729155177,6.111689865553979],[116.58548729155177,6.11247809038675],[116.58600549994233,6.11247809038675],[116.58600549994233,6.112872203227064],[116.58548729155177,6.112872203227064],[116.58548729155177,6.113266316350024],[116.58445087477067,6.112872203227064],[116.58445087477067,6.113266316350024],[116.5839326663801,6.113266316350024],[116.58341445798953,6.11405454344395],[116.58237804120843,6.11405454344395],[116.58185983281786,6.114842771668679],[116.58082341603672,6.114842771668679],[116.58082341603672,6.114448657414955],[116.58030520764619,6.114448657414955],[116.58082341603672,6.113660429755646],[116.58030520764619,6.113660429755646],[116.57978699925562,6.112872203227064],[116.57875058247448,6.112872203227064],[116.57875058247448,6.11247809038675],[116.57719595730282,6.11247809038675],[116.57719595730282,6.1120839778290605],[116.57667774891225,6.1120839778290605],[116.57667774891225,6.111689865553979],[116.57771416569338,6.111295753561486],[116.57771416569338,6.1109016418515605],[116.57719595730282,6.1109016418515605],[116.57771416569338,6.110113419279345],[116.57875058247448,6.110507530424188],[116.57875058247448,6.109719308417017],[116.57926879086506,6.109719308417017],[116.57978699925562,6.108931087539823],[116.58082341603672,6.108931087539823],[116.58237804120843,6.107354649174765],[116.58341445798953,6.107748758342408],[116.58341445798953,6.107354649174765],[116.58548729155177,6.106172323366042],[116.58548729155177,6.106566431686598],[116.5865237083329,6.106960540289501],[116.5865237083329,6.108536977524919],[116.58600549994233,6.108536977524919],[116.58548729155177,6.109325197837181],[116.58445087477067,6.108931087539823],[116.58445087477067,6.110113419279345],[116.58496908316123,6.110113419279345]],[[116.58704191672346,6.108536977524919],[116.58704191672346,6.108142867792456],[116.58756012511404,6.108142867792456],[116.58859654189514,6.109325197837181],[116.58756012511404,6.109719308417017],[116.58756012511404,6.109325197837181],[116.5865237083329,6.108931087539823],[116.5865237083329,6.108536977524919],[116.58704191672346,6.108536977524919]],[[116.57045924822553,6.11247809038675],[116.5694228314444,6.112872203227064],[116.56890462305384,6.1120839778290605],[116.56994103983497,6.111689865553979],[116.57045924822553,6.11247809038675]],[[116.57926879086506,6.103807679370874],[116.57978699925562,6.103807679370874],[116.57978699925562,6.103019466963718],[116.58030520764619,6.103019466963718],[116.58030520764619,6.102625361183412],[116.58185983281786,6.103413573026198],[116.58082341603672,6.10459589290688],[116.57926879086506,6.10459589290688],[116.57926879086506,6.104990000098247],[116.57823237408392,6.1053841075718855],[116.57771416569338,6.10459589290688],[116.57823237408392,6.10459589290688],[116.57823237408392,6.103807679370874],[116.57875058247448,6.103807679370874],[116.57875058247448,6.103413573026198],[116.57926879086506,6.103413573026198],[116.57926879086506,6.103807679370874]],[[116.58756012511404,6.10459589290688],[116.5865237083329,6.104990000098247],[116.58600549994233,6.10420178599776],[116.58704191672346,6.103807679370874],[116.58756012511404,6.10459589290688]],[[116.57305029017834,6.101048940883563],[116.57460491535001,6.101048940883563],[116.57460491535001,6.101443045535356],[116.57512312374058,6.101443045535356],[116.57512312374058,6.102231255685262],[116.57460491535001,6.102231255685262],[116.57460491535001,6.102625361183412],[116.57512312374058,6.102625361183412],[116.57512312374058,6.103807679370874],[116.57460491535001,6.103807679370874],[116.57460491535001,6.10420178599776],[116.57305029017834,6.10420178599776],[116.57305029017834,6.103807679370874],[116.57253208178777,6.103807679370874],[116.57253208178777,6.103413573026198],[116.57305029017834,6.103413573026198],[116.57305029017834,6.103019466963718],[116.57253208178777,6.103019466963718],[116.57253208178777,6.101443045535356],[116.57305029017834,6.101443045535356],[116.57305029017834,6.101048940883563]],[[116.57253208178777,6.09868431889585],[116.57201387339721,6.09868431889585],[116.57201387339721,6.099078421855437],[116.57097745661608,6.09868431889585],[116.57097745661608,6.097107909876995],[116.57149566500664,6.097107909876995],[116.57149566500664,6.096713808327062],[116.57253208178777,6.097107909876995],[116.57253208178777,6.09868431889585]],[[116.59481504258189,6.096713808327062],[116.59533325097242,6.096713808327062],[116.59533325097242,6.097107909876995],[116.59481504258189,6.097107909876995],[116.59481504258189,6.09789611382256],[116.59326041741018,6.09868431889585],[116.59326041741018,6.0982902162182295],[116.59274220901962,6.0982902162182295],[116.59274220901962,6.097107909876995],[116.59326041741018,6.097107909876995],[116.59377862580075,6.096319707059002],[116.59481504258189,6.096319707059002],[116.59481504258189,6.096713808327062]],[[116.59066937545738,6.093166907059767],[116.59222400062907,6.093955105368966],[116.59222400062907,6.094743304805139],[116.59170579223851,6.094743304805139],[116.59170579223851,6.095137404945886],[116.59066937545738,6.095137404945886],[116.59066937545738,6.094743304805139],[116.59015116706681,6.094743304805139],[116.59015116706681,6.0943492049461705],[116.59066937545738,6.0943492049461705],[116.59066937545738,6.093955105368966],[116.59015116706681,6.093955105368966],[116.59066937545738,6.093166907059767]],[[116.59481504258189,6.094743304805139],[116.59377862580075,6.095137404945886],[116.59326041741018,6.0943492049461705],[116.59429683419131,6.093955105368966],[116.59481504258189,6.094743304805139]],[[116.58807833350457,6.091984611708713],[116.58704191672346,6.09237870987739],[116.5865237083329,6.091590513821686],[116.58756012511404,6.091196416216289],[116.58807833350457,6.091984611708713]],[[116.58963295867628,6.086467266911879],[116.58859654189514,6.086861361139173],[116.58807833350457,6.086073172965973],[116.5891147502857,6.085679079301433],[116.58963295867628,6.086467266911879]]],[[[116.57512312374058,6.108931087539823],[116.57512312374058,6.108536977524919],[116.57460491535001,6.108536977524919],[116.57460491535001,6.108931087539823],[116.57512312374058,6.108931087539823]]],[[[116.58185983281786,6.110507530424188],[116.58185983281786,6.110113419279345],[116.58082341603672,6.109719308417017],[116.58082341603672,6.110507530424188],[116.58030520764619,6.110507530424188],[116.57978699925562,6.111295753561486],[116.57926879086506,6.111295753561486],[116.57926879086506,6.1109016418515605],[116.57823237408392,6.1109016418515605],[116.57823237408392,6.111295753561486],[116.57875058247448,6.111295753561486],[116.57926879086506,6.1120839778290605],[116.58030520764619,6.1120839778290605],[116.58030520764619,6.11247809038675],[116.5813416244273,6.11247809038675],[116.5813416244273,6.112872203227064],[116.58185983281786,6.112872203227064],[116.58185983281786,6.1120839778290605],[116.58237804120843,6.1120839778290605],[116.58237804120843,6.111295753561486],[116.58185983281786,6.111295753561486],[116.58237804120843,6.110507530424188],[116.58185983281786,6.110507530424188]]],[[[116.58237804120843,6.11405454344395],[116.58237804120843,6.113660429755646],[116.58185983281786,6.113660429755646],[116.58185983281786,6.11405454344395],[116.58237804120843,6.11405454344395]]],[[[116.57097745661608,6.116813347178751],[116.57149566500664,6.116813347178751],[116.57149566500664,6.116419231511148],[116.57097745661608,6.116419231511148],[116.57097745661608,6.116813347178751]]],[[[116.57097745661608,6.117207463129188],[116.57097745661608,6.116813347178751],[116.57045924822553,6.116813347178751],[116.57045924822553,6.117601579362475],[116.57149566500664,6.117601579362475],[116.57149566500664,6.117207463129188],[116.57097745661608,6.117207463129188]]],[[[116.57253208178777,6.117601579362475],[116.57253208178777,6.117207463129188],[116.57201387339721,6.117207463129188],[116.57201387339721,6.117601579362475],[116.57253208178777,6.117601579362475]]],[[[116.57097745661608,6.11996628270312],[116.57149566500664,6.11996628270312],[116.57149566500664,6.119572164772333],[116.57097745661608,6.119572164772333],[116.57097745661608,6.11996628270312]]],[[[116.58185983281786,6.119572164772333],[116.5813416244273,6.119572164772333],[116.5813416244273,6.11996628270312],[116.58185983281786,6.11996628270312],[116.58185983281786,6.119572164772333]]],[[[116.58237804120843,6.120754519413663],[116.58289624959896,6.120754519413663],[116.58289624959896,6.11996628270312],[116.58185983281786,6.11996628270312],[116.58237804120843,6.120754519413663]]],[[[116.57823237408392,6.120360400916891],[116.57719595730282,6.120360400916891],[116.57719595730282,6.121148638193454],[116.57771416569338,6.121148638193454],[116.57771416569338,6.121542757256284],[116.57875058247448,6.121148638193454],[116.57823237408392,6.120360400916891]]],[[[116.57408670695945,6.121542757256284],[116.57408670695945,6.121148638193454],[116.57356849856887,6.121148638193454],[116.57356849856887,6.121542757256284],[116.57408670695945,6.121542757256284]]],[[[116.57719595730282,6.121542757256284],[116.57719595730282,6.121148638193454],[116.57667774891225,6.121148638193454],[116.57667774891225,6.121542757256284],[116.57719595730282,6.121542757256284]]],[[[116.57978699925562,6.121936876602172],[116.57978699925562,6.121542757256284],[116.57926879086506,6.121542757256284],[116.57926879086506,6.121936876602172],[116.57978699925562,6.121936876602172]]],[[[116.57771416569338,6.123513356816676],[116.57771416569338,6.1239074775781335],[116.57875058247448,6.1239074775781335],[116.57875058247448,6.122725116143196],[116.57926879086506,6.122725116143196],[116.57926879086506,6.121936876602172],[116.57875058247448,6.121936876602172],[116.57875058247448,6.121542757256284],[116.57771416569338,6.121936876602172],[116.57771416569338,6.12311923633837],[116.57719595730282,6.12311923633837],[116.57719595730282,6.123513356816676],[116.57771416569338,6.123513356816676]]],[[[116.5813416244273,6.1250898415616035],[116.58185983281786,6.1250898415616035],[116.58185983281786,6.12469571995058],[116.58082341603672,6.12469571995058],[116.58082341603672,6.1254839634558556],[116.58030520764619,6.125528193217207],[116.5813416244273,6.125612803038221],[116.5813416244273,6.1250898415616035]]],[[[116.58341445798953,6.048241461440266],[116.58341445798953,6.048635528460441],[116.58289624959896,6.048635528460441],[116.58289624959896,6.048241461440266],[116.58185983281786,6.048635528460441],[116.58185983281786,6.049029595760199],[116.58237804120843,6.049029595760199],[116.58237804120843,6.049817731198546],[116.58289624959896,6.049817731198546],[116.58289624959896,6.05060586775546],[116.58341445798953,6.05060586775546],[116.58341445798953,6.051394005431091],[116.5839326663801,6.051394005431091],[116.5839326663801,6.051788074688471],[116.58341445798953,6.051788074688471],[116.58341445798953,6.054152496107849],[116.58185983281786,6.0549406388195575],[116.58185983281786,6.0557287826508075],[116.58237804120843,6.0557287826508075],[116.58237804120843,6.056122854986307],[116.58185983281786,6.056122854986307],[116.58185983281786,6.05769914712791],[116.5813416244273,6.05769914712791],[116.5813416244273,6.058093220863305],[116.58030520764619,6.05769914712791],[116.58030520764619,6.0565169276017485],[116.58082341603672,6.0565169276017485],[116.58082341603672,6.0557287826508075],[116.5813416244273,6.0557287826508075],[116.5813416244273,6.0549406388195575],[116.58082341603672,6.0549406388195575],[116.58082341603672,6.054152496107849],[116.58030520764619,6.054152496107849],[116.58030520764619,6.053758425171776],[116.58082341603672,6.053758425171776],[116.58082341603672,6.052970284139099],[116.5813416244273,6.052970284139099],[116.5813416244273,6.052576214042456],[116.58030520764619,6.052576214042456],[116.58030520764619,6.052970284139099],[116.57926879086506,6.052576214042456],[116.57926879086506,6.052970284139099],[116.57875058247448,6.052970284139099],[116.57926879086506,6.0549406388195575],[116.57875058247448,6.0549406388195575],[116.57875058247448,6.056122854986307],[116.57823237408392,6.056122854986307],[116.57823237408392,6.0565169276017485],[116.57875058247448,6.0565169276017485],[116.57823237408392,6.057305073672531],[116.57926879086506,6.05769914712791],[116.57926879086506,6.058487294878736],[116.57875058247448,6.058487294878736],[116.57875058247448,6.0588813691742205],[116.57926879086506,6.0588813691742205],[116.57926879086506,6.060457669157078],[116.58030520764619,6.060063593741189],[116.58030520764619,6.060457669157078],[116.5813416244273,6.060851744853116],[116.5813416244273,6.0616398970857075],[116.58185983281786,6.0616398970857075],[116.58185983281786,6.060457669157078],[116.58237804120843,6.060457669157078],[116.58237804120843,6.060063593741189],[116.58341445798953,6.060457669157078],[116.58445087477067,6.059275443749779],[116.58548729155177,6.0596695186054275],[116.58496908316123,6.060457669157078],[116.58600549994233,6.060457669157078],[116.5865237083329,6.06124582082932],[116.58756012511404,6.06124582082932],[116.58756012511404,6.060851744853116],[116.58963295867628,6.060851744853116],[116.58963295867628,6.060457669157078],[116.59015116706681,6.060457669157078],[116.59015116706681,6.0596695186054275],[116.58807833350457,6.058487294878736],[116.58807833350457,6.057305073672531],[116.58953754184729,6.0565169276017485],[116.58908979204743,6.0557287826508075],[116.58859654189514,6.0557287826508075],[116.58886591714746,6.055334710595232],[116.58765527767221,6.053364354515533],[116.58807833350457,6.0549406388195575],[116.58756012511404,6.0549406388195575],[116.58756012511404,6.055334710595232],[116.5865237083329,6.0549406388195575],[116.5865237083329,6.054152496107849],[116.58704191672346,6.054152496107849],[116.58704191672346,6.053364354515533],[116.5865237083329,6.053364354515533],[116.5865237083329,6.052970284139099],[116.58704191672346,6.052970284139099],[116.58704762687866,6.052576214042456],[116.58341445798953,6.048241461440266]],[[116.5865237083329,6.055334710595232],[116.58548729155177,6.0557287826508075],[116.58496908316123,6.0549406388195575],[116.58600549994233,6.0545465673237695],[116.5865237083329,6.055334710595232]],[[116.5839326663801,6.056122854986307],[116.58548729155177,6.056122854986307],[116.58548729155177,6.0565169276017485],[116.58600549994233,6.0565169276017485],[116.58600549994233,6.05769914712791],[116.58548729155177,6.05769914712791],[116.58548729155177,6.058093220863305],[116.58289624959896,6.057305073672531],[116.5839326663801,6.056122854986307]]],[[[116.59222400062907,6.063610282571097],[116.59274220901962,6.063610282571097],[116.59274220901962,6.063216204913498],[116.59356729004611,6.063610282571097],[116.59311954024624,6.062822127536179],[116.59222400062907,6.062822127536179],[116.59222400062907,6.063610282571097]]],[[[116.5839326663801,6.063610282571097],[116.5839326663801,6.063216204913498],[116.58341445798953,6.063216204913498],[116.58341445798953,6.063610282571097],[116.5839326663801,6.063610282571097]]],[[[116.58756012511404,6.063216204913498],[116.5865237083329,6.064398438727207],[116.58548729155177,6.064004360508992],[116.58496908316123,6.064792517225757],[116.58548729155177,6.064792517225757],[116.58548729155177,6.0651865960046605],[116.58704191672346,6.0651865960046605],[116.58756012511404,6.064398438727207],[116.58859654189514,6.064792517225757],[116.58859654189514,6.063216204913498],[116.58756012511404,6.063216204913498]]],[[[116.58859654189514,6.0651865960046605],[116.5891147502857,6.0651865960046605],[116.5891147502857,6.064792517225757],[116.58859654189514,6.064792517225757],[116.58859654189514,6.0651865960046605]]],[[[116.58496908316123,6.0651865960046605],[116.58496908316123,6.064792517225757],[116.58445087477067,6.064792517225757],[116.58445087477067,6.0651865960046605],[116.58496908316123,6.0651865960046605]]],[[[116.59015116706681,6.065580675063937],[116.59015116706681,6.0651865960046605],[116.58963295867628,6.0651865960046605],[116.58963295867628,6.065580675063937],[116.59015116706681,6.065580675063937]]],[[[116.58807833350457,6.065580675063937],[116.58859654189514,6.065580675063937],[116.58859654189514,6.0651865960046605],[116.58807833350457,6.0651865960046605],[116.58807833350457,6.065580675063937]]],[[[116.59468666454576,6.065580675063937],[116.59446278964583,6.0651865960046605],[116.59429683419131,6.0651865960046605],[116.59429683419131,6.065580675063937],[116.59468666454576,6.065580675063937]]],[[[116.59429683419131,6.070309645651192],[116.59429683419131,6.071097811343497],[116.59533325097242,6.071491894610624],[116.59533325097242,6.070309645651192],[116.59429683419131,6.070309645651192]]],[[[116.58963295867628,6.071885978158423],[116.58963295867628,6.071491894610624],[116.5891147502857,6.071491894610624],[116.5891147502857,6.071885978158423],[116.58963295867628,6.071885978158423]]],[[[116.58807833350457,6.071885978158423],[116.58807833350457,6.0722800619869135],[116.5891147502857,6.0722800619869135],[116.5891147502857,6.071885978158423],[116.58807833350457,6.071885978158423]]],[[[116.59015116706681,6.0734623151567275],[116.59015116706681,6.073068230486047],[116.58963295867628,6.073068230486047],[116.58963295867628,6.0734623151567275],[116.59015116706681,6.0734623151567275]]],[[[116.59481504258189,6.073856400108175],[116.59481504258189,6.074250485340408],[116.59377862580075,6.074250485340408],[116.59377862580075,6.075038656647307],[116.59533325097242,6.075038656647307],[116.59533325097242,6.073856400108175],[116.59481504258189,6.073856400108175]]],[[[116.59066937545738,6.074644570853446],[116.59118758384794,6.074644570853446],[116.59118758384794,6.074250485340408],[116.59066937545738,6.074250485340408],[116.59066937545738,6.074644570853446]]],[[[116.59947891809692,6.075038656647307],[116.59947891809692,6.074644570853446],[116.59896070970636,6.074644570853446],[116.59896070970636,6.075038656647307],[116.59947891809692,6.075038656647307]]],[[[116.60005966214422,6.075038656647307],[116.59999712648747,6.0749285754356155],[116.59999712648747,6.075038656647307],[116.60005966214422,6.075038656647307]]],[[[116.59740608453467,6.075432742722013],[116.59792429292523,6.075432742722013],[116.59792429292523,6.075038656647307],[116.59740608453467,6.075038656647307],[116.59740608453467,6.075432742722013]]],[[[116.60050741194406,6.0758268290775765],[116.60028353704413,6.075432742722013],[116.59999712648747,6.075432742722013],[116.59999712648747,6.0758268290775765],[116.60050741194406,6.0758268290775765]]],[[[116.59740608453467,6.077009089829625],[116.59740608453467,6.07622091571402],[116.59636966775355,6.07622091571402],[116.59636966775355,6.077009089829625],[116.59740608453467,6.077009089829625]]],[[[116.59015116706681,6.0825263401121035],[116.5891147502857,6.082920431526379],[116.5891147502857,6.0825263401121035],[116.58859654189514,6.0825263401121035],[116.58859654189514,6.081344067556404],[116.58807833350457,6.081344067556404],[116.58807833350457,6.0825263401121035],[116.58704191672346,6.082920431526379],[116.58704191672346,6.083708615198595],[116.58756012511404,6.083708615198595],[116.58756012511404,6.0841027074565766],[116.58859654189514,6.0841027074565766],[116.58859654189514,6.083708615198595],[116.58963295867628,6.0841027074565766],[116.59015116706681,6.0825263401121035]]],[[[116.60155175165916,6.0926787468576835],[116.60499660000002,6.083729193474695],[116.60414279361197,6.083314523221868],[116.60414279361197,6.082920431526379],[116.60453716014288,6.082920431526379],[116.60341778564322,6.080949977266814],[116.60206996004973,6.080555887258348],[116.60206996004973,6.079767708084711],[116.60258816844028,6.079489592314605],[116.60162678644373,6.077797265068974],[116.6010335432686,6.078979530035344],[116.59999712648747,6.0785854414322165],[116.60051533487803,6.077797265068974],[116.59947891809692,6.077797265068974],[116.59896070970636,6.0785854414322165],[116.59688787614412,6.0785854414322165],[116.59688787614412,6.078191353110098],[116.59585145936299,6.078191353110098],[116.59585145936299,6.078979530035344],[116.59533325097242,6.078979530035344],[116.59533325097242,6.0793736189195045],[116.59429683419131,6.0793736189195045],[116.59429683419131,6.078979530035344],[116.59377862580075,6.078979530035344],[116.59377862580075,6.0793736189195045],[116.59274220901962,6.0793736189195045],[116.59274220901962,6.079767708084711],[116.59222400062907,6.079767708084711],[116.59222400062907,6.0801617975309865],[116.59274220901962,6.0801617975309865],[116.59274220901962,6.081738158127137],[116.59222400062907,6.081738158127137],[116.59222400062907,6.0825263401121035],[116.59274220901962,6.0825263401121035],[116.59274220901962,6.084496799995834],[116.59222400062907,6.084496799995834],[116.59222400062907,6.085284985918243],[116.59274220901962,6.085284985918243],[116.59274220901962,6.086073172965973],[116.59326041741018,6.086073172965973],[116.59326041741018,6.086861361139173],[116.59274220901962,6.086861361139173],[116.59274220901962,6.087255455647873],[116.59377862580075,6.087255455647873],[116.59377862580075,6.086861361139173],[116.59481504258189,6.087255455647873],[116.59481504258189,6.086861361139173],[116.59533325097242,6.086861361139173],[116.59533325097242,6.087255455647873],[116.59636966775355,6.087255455647873],[116.59636966775355,6.087649550437997],[116.59688787614412,6.087649550437997],[116.59636966775355,6.08843774086259],[116.59585145936299,6.08843774086259],[116.59585145936299,6.088043645509563],[116.59481504258189,6.088043645509563],[116.59481504258189,6.088831836497099],[116.59429683419131,6.088831836497099],[116.59481504258189,6.089620028610631],[116.59792429292523,6.088043645509563],[116.59792429292523,6.08843774086259],[116.59844250131579,6.08843774086259],[116.59844250131579,6.089225932413107],[116.59792429292523,6.089225932413107],[116.59792429292523,6.089620028610631],[116.59844250131579,6.089620028610631],[116.59844250131579,6.090014125089694],[116.59896070970636,6.090014125089694],[116.59896070970636,6.090408221850313],[116.6010335432686,6.091590513821686],[116.6010335432686,6.09237870987739],[116.60155175165916,6.09237870987739],[116.60155175165916,6.0926787468576835]],[[116.60258816844028,6.083314523221868],[116.60155175165916,6.083708615198595],[116.6010335432686,6.082920431526379],[116.60206996004973,6.0825263401121035],[116.60258816844028,6.083314523221868]],[[116.59999712648747,6.079767708084711],[116.59896070970636,6.0801617975309865],[116.59844250131579,6.0793736189195045],[116.59947891809692,6.078979530035344],[116.59999712648747,6.079767708084711]]],[[[116.59118758384794,6.088043645509563],[116.59118758384794,6.087649550437997],[116.59066937545738,6.087649550437997],[116.59066937545738,6.088043645509563],[116.59118758384794,6.088043645509563]]],[[[116.59377862580075,6.088043645509563],[116.59377862580075,6.087649550437997],[116.59326041741018,6.087649550437997],[116.59326041741018,6.088043645509563],[116.59377862580075,6.088043645509563]]],[[[116.59481504258189,6.088043645509563],[116.59481504258189,6.087649550437997],[116.59429683419131,6.087649550437997],[116.59429683419131,6.088043645509563],[116.59481504258189,6.088043645509563]]],[[[116.59118758384794,6.088831836497099],[116.59118758384794,6.08843774086259],[116.59066937545738,6.08843774086259],[116.59066937545738,6.088831836497099],[116.59118758384794,6.088831836497099]]],[[[116.58341445798953,6.091590513821686],[116.58341445798953,6.091196416216289],[116.58289624959896,6.091196416216289],[116.58289624959896,6.091590513821686],[116.58341445798953,6.091590513821686]]],[[[116.59999712648747,6.093955105368966],[116.60051533487803,6.093955105368966],[116.60051533487803,6.093561006073505],[116.59999712648747,6.093561006073505],[116.59999712648747,6.093955105368966]]],[[[116.58185983281786,6.093955105368966],[116.5813416244273,6.094743304805139],[116.58185983281786,6.094743304805139],[116.58185983281786,6.095137404945886],[116.58289624959896,6.095137404945886],[116.58341445798953,6.093561006073505],[116.58237804120843,6.093166907059767],[116.58237804120843,6.093955105368966],[116.58185983281786,6.093955105368966]]],[[[116.5865237083329,6.099078421855437],[116.5865237083329,6.09868431889585],[116.58600549994233,6.09868431889585],[116.58600549994233,6.099078421855437],[116.5865237083329,6.099078421855437]]],[[[116.58445087477067,6.110507530424188],[116.58445087477067,6.110113419279345],[116.5839326663801,6.110113419279345],[116.5839326663801,6.110507530424188],[116.58445087477067,6.110507530424188]]],[[[116.5839326663801,6.111689865553979],[116.5839326663801,6.110507530424188],[116.58341445798953,6.110507530424188],[116.58341445798953,6.110113419279345],[116.58237804120843,6.110113419279345],[116.58237804120843,6.110507530424188],[116.58341445798953,6.1109016418515605],[116.58341445798953,6.111689865553979],[116.5839326663801,6.111689865553979]]],[[[116.5865237083329,6.11878392975963],[116.5865237083329,6.120754519413663],[116.58704191672346,6.120754519413663],[116.58704191672346,6.120360400916891],[116.58756012511404,6.120360400916891],[116.58756012511404,6.11878392975963],[116.58704191672346,6.11878392975963],[116.58704191672346,6.118389812677677],[116.58600549994233,6.118389812677677],[116.58600549994233,6.11878392975963],[116.5865237083329,6.11878392975963]]],[[[116.59015116706681,6.120360400916891],[116.59015116706681,6.11996628270312],[116.5891147502857,6.11996628270312],[116.5891147502857,6.120360400916891],[116.58859654189514,6.120360400916891],[116.58859654189514,6.120754519413663],[116.5891147502857,6.120754519413663],[116.5891147502857,6.121542757256284],[116.58963295867628,6.121542757256284],[116.58963295867628,6.121148638193454],[116.59044184249714,6.121542757256284],[116.5908969262011,6.120360400916891],[116.59015116706681,6.120360400916891]]],[[[116.5865237083329,6.121542757256284],[116.58548729155177,6.121542757256284],[116.58548729155177,6.121936876602172],[116.58496908316123,6.121936876602172],[116.58496908316123,6.122725116143196],[116.58548729155177,6.122725116143196],[116.58600549994233,6.123513356816676],[116.58704191672346,6.123513356816676],[116.58704191672346,6.122330996231137],[116.5865237083329,6.122330996231137],[116.5865237083329,6.121936876602172],[116.58704191672346,6.121936876602172],[116.58704191672346,6.121148638193454],[116.5865237083329,6.121148638193454],[116.5865237083329,6.121542757256284]]],[[[116.58445087477067,6.123513356816676],[116.58445087477067,6.12311923633837],[116.5839326663801,6.12311923633837],[116.5839326663801,6.123513356816676],[116.58445087477067,6.123513356816676]]],[[[116.58496908316123,6.12430159862276],[116.58496908316123,6.1239074775781335],[116.58445087477067,6.1239074775781335],[116.58445087477067,6.12430159862276],[116.58496908316123,6.12430159862276]]],[[[116.58445087477067,6.12469571995058],[116.58445087477067,6.12430159862276],[116.5839326663801,6.12430159862276],[116.5839326663801,6.12469571995058],[116.58445087477067,6.12469571995058]]],[[[116.58807833350457,6.12430159862276],[116.58807833350457,6.12469571995058],[116.58756012511404,6.12469571995058],[116.58756012511404,6.1250898415616035],[116.58859654189514,6.1250898415616035],[116.58859654189514,6.12430159862276],[116.58807833350457,6.12430159862276]]],[[[116.58496908316123,6.1250898415616035],[116.58496908316123,6.12469571995058],[116.58445087477067,6.12469571995058],[116.58445087477067,6.1250898415616035],[116.58496908316123,6.1250898415616035]]],[[[116.58807833350457,6.1254839634558556],[116.58756012511404,6.1254839634558556],[116.58756012511404,6.126120462238448],[116.58807833350457,6.126162767193014],[116.58807833350457,6.1254839634558556]]]]},"properties":{"place_id":"014d651c-1cc6-5694-8a53-3331ebfd1ca8","habitat":"forest_interior","habitat_label":"Forest interior","resolution_m":50}},{"type":"Feature","geometry":{"type":"MultiPolygon","coordinates":[[[[116.5367757028391,6.007260014258937],[116.53625749444853,6.007260014258937],[116.53625749444853,6.007654052304651],[116.53729391122964,6.0080480906280025],[116.53781211962021,6.007260014258937],[116.53729391122964,6.007260014258937],[116.53729391122964,6.006865976490837],[116.5367757028391,6.006865976490837],[116.5367757028391,6.007260014258937]]],[[[116.5341846608863,6.0080480906280025],[116.5341846608863,6.007654052304651],[116.53380615447793,6.007654052304651],[116.53379424404355,6.0080480906280025],[116.5341846608863,6.0080480906280025]]],[[[116.53573928605796,6.009230207264048],[116.5352210776674,6.009230207264048],[116.5352210776674,6.008836168107681],[116.5341846608863,6.009230207264048],[116.5341846608863,6.008836168107681],[116.53377042317486,6.008836168107681],[116.5337346918718,6.010018286409932],[116.5341846608863,6.010018286409932],[116.5341846608863,6.009624246698127],[116.5352210776674,6.010018286409932],[116.53573928605796,6.009230207264048]]],[[[116.54040316157301,6.010018286409932],[116.53988495318245,6.010018286409932],[116.53988495318245,6.010806366666806],[116.54092136996357,6.011200407211909],[116.54092136996357,6.010806366666806],[116.54143957835414,6.010806366666806],[116.54143957835414,6.010018286409932],[116.54092136996357,6.010018286409932],[116.54092136996357,6.009624246698127],[116.54040316157301,6.009624246698127],[116.54040316157301,6.010018286409932]]],[[[116.5341846608863,6.011200407211909],[116.53369896056873,6.011200407211909],[116.53367513970004,6.011988489135548],[116.53470286927684,6.012382530514119],[116.53470286927684,6.011988489135548],[116.5352210776674,6.011988489135548],[116.5352210776674,6.011200407211909],[116.53470286927684,6.011200407211909],[116.53470286927684,6.010806366666806],[116.5341846608863,6.010806366666806],[116.5341846608863,6.011200407211909]]],[[[116.53311534928544,6.030508734598958],[116.53314824410516,6.030114680419425],[116.53312725971979,6.030114680419425],[116.53311534928544,6.030508734598958]]],[[[116.53625749444853,6.032084954104495],[116.53625749444853,6.032479009677827],[116.5367757028391,6.032479009677827],[116.53729391122964,6.031690898809962],[116.53625749444853,6.031296843794207],[116.53625749444853,6.031690898809962],[116.53573928605796,6.031690898809962],[116.53573928605796,6.032084954104495],[116.53625749444853,6.032084954104495]]],[[[116.53884853640133,6.033661178070793],[116.53884853640133,6.032873065529974],[116.53729391122964,6.032084954104495],[116.53729391122964,6.032479009677827],[116.5367757028391,6.032479009677827],[116.5367757028391,6.033267121660957],[116.53729391122964,6.033267121660957],[116.53781211962021,6.034055234759501],[116.53884853640133,6.033661178070793]]],[[[116.53988495318245,6.037995816988696],[116.53988495318245,6.0383898767462405],[116.54092136996357,6.037995816988696],[116.54143957835414,6.038783936782881],[116.54247599513525,6.0383898767462405],[116.54247599513525,6.039572057693529],[116.54299420352582,6.039572057693529],[116.54299420352582,6.039966118567576],[116.54403062030694,6.039966118567576],[116.54403062030694,6.040360179720791],[116.54506703708806,6.039966118567576],[116.54506703708806,6.039572057693529],[116.54403062030694,6.039177997098638],[116.54403062030694,6.0383898767462405],[116.54351241191638,6.0383898767462405],[116.54351241191638,6.036025522386788],[116.54299420352582,6.036025522386788],[116.54351241191638,6.035237406499049],[116.54299420352582,6.035237406499049],[116.54195778674469,6.034055234759501],[116.54092136996357,6.034055234759501],[116.54092136996357,6.033661178070793],[116.53988495318245,6.033661178070793],[116.53988495318245,6.033267121660957],[116.5393667447919,6.033267121660957],[116.5393667447919,6.033661178070793],[116.53884853640133,6.033661178070793],[116.53884853640133,6.034055234759501],[116.54092136996357,6.035237406499049],[116.54092136996357,6.037601757510233],[116.53988495318245,6.037207698310828],[116.53988495318245,6.037601757510233],[116.5393667447919,6.037601757510233],[116.5393667447919,6.037995816988696],[116.53988495318245,6.037995816988696]],[[116.54247599513525,6.035237406499049],[116.54195778674469,6.035237406499049],[116.54195778674469,6.034843348973611],[116.54247599513525,6.034843348973611],[116.54247599513525,6.035237406499049]],[[116.54092136996357,6.034843348973611],[116.54143957835414,6.034843348973611],[116.54143957835414,6.035237406499049],[116.54092136996357,6.035237406499049],[116.54092136996357,6.034843348973611]],[[116.54195778674469,6.037601757510233],[116.54195778674469,6.036025522386788],[116.54247599513525,6.036025522386788],[116.54247599513525,6.037601757510233],[116.54195778674469,6.037601757510233]]],[[[116.54040316157301,6.039177997098638],[116.53988495318245,6.039177997098638],[116.53988495318245,6.039572057693529],[116.54092136996357,6.039966118567576],[116.54143957835414,6.039177997098638],[116.54092136996357,6.039177997098638],[116.54092136996357,6.038783936782881],[116.54040316157301,6.038783936782881],[116.54040316157301,6.039177997098638]]],[[[116.53729391122964,6.043118615611724],[116.5367757028391,6.043118615611724],[116.5367757028391,6.043512678998998],[116.53781211962021,6.043906742665612],[116.53833032801077,6.043118615611724],[116.53781211962021,6.043118615611724],[116.53781211962021,6.042724552503773],[116.53729391122964,6.042724552503773],[116.53729391122964,6.043118615611724]]],[[[116.54040316157301,6.048241461440266],[116.5393667447919,6.047847394699659],[116.5393667447919,6.047059262057069],[116.54040316157301,6.047059262057069],[116.54040316157301,6.047453328238599],[116.54143957835414,6.047059262057069],[116.54092136996357,6.046271130532519],[116.53988495318245,6.046271130532519],[116.53988495318245,6.045483000125859],[116.54040316157301,6.045483000125859],[116.54040316157301,6.045088935341692],[116.53988495318245,6.045088935341692],[116.53988495318245,6.044694870836942],[116.5393667447919,6.044694870836942],[116.5393667447919,6.045088935341692],[116.53884853640133,6.045088935341692],[116.53884853640133,6.044694870836942],[116.53781211962021,6.044694870836942],[116.53781211962021,6.045088935341692],[116.5367757028391,6.045483000125859],[116.5367757028391,6.046665196155049],[116.53729391122964,6.046665196155049],[116.53729391122964,6.047059262057069],[116.53781211962021,6.047059262057069],[116.53781211962021,6.046665196155049],[116.53884853640133,6.047059262057069],[116.53884853640133,6.047453328238599],[116.53781211962021,6.047453328238599],[116.53781211962021,6.047847394699659],[116.53729391122964,6.047847394699659],[116.53729391122964,6.048241461440266],[116.53781211962021,6.048241461440266],[116.53781211962021,6.049423663339561],[116.53884853640133,6.049817731198546],[116.54040316157301,6.048241461440266]]],[[[116.54040316157301,6.049029595760199],[116.53988495318245,6.049029595760199],[116.53988495318245,6.049423663339561],[116.54092136996357,6.049817731198546],[116.54143957835414,6.049029595760199],[116.54092136996357,6.049029595760199],[116.54092136996357,6.048635528460441],[116.54040316157301,6.048635528460441],[116.54040316157301,6.049029595760199]]],[[[116.5352210776674,6.049423663339561],[116.53470286927684,6.049423663339561],[116.53470286927684,6.050211799337174],[116.53573928605796,6.05060586775546],[116.53573928605796,6.050211799337174],[116.53625749444853,6.050211799337174],[116.53625749444853,6.049423663339561],[116.53573928605796,6.049423663339561],[116.53573928605796,6.049029595760199],[116.5352210776674,6.049029595760199],[116.5352210776674,6.049423663339561]]],[[[116.53263003571459,6.052576214042456],[116.53314824410516,6.051788074688471],[116.53263003571459,6.051788074688471],[116.53248409626475,6.051394005431091],[116.53263003571459,6.052576214042456]]],[[[116.5341846608863,6.0545465673237695],[116.53366645249572,6.0545465673237695],[116.53366645249572,6.0549406388195575],[116.53470286927684,6.055334710595232],[116.5352210776674,6.0545465673237695],[116.53470286927684,6.0545465673237695],[116.53470286927684,6.054152496107849],[116.5341846608863,6.054152496107849],[116.5341846608863,6.0545465673237695]]],[[[116.54040316157301,6.053364354515533],[116.53988495318245,6.053364354515533],[116.53988495318245,6.054152496107849],[116.5393667447919,6.054152496107849],[116.5393667447919,6.0549406388195575],[116.53884853640133,6.0549406388195575],[116.53884853640133,6.055334710595232],[116.54092136996357,6.0565169276017485],[116.54092136996357,6.056122854986307],[116.54143957835414,6.056122854986307],[116.54143957835414,6.053364354515533],[116.54092136996357,6.053364354515533],[116.54092136996357,6.052970284139099],[116.54040316157301,6.052970284139099],[116.54040316157301,6.053364354515533]]],[[[116.53236499192123,6.055334710595232],[116.53314824410516,6.0545465673237695],[116.53240072322427,6.054152496107849],[116.53236499192123,6.055334710595232]]],[[[116.53573928605796,6.0557287826508075],[116.5352210776674,6.0557287826508075],[116.5352210776674,6.0565169276017485],[116.53625749444853,6.05691100049715],[116.53625749444853,6.0565169276017485],[116.5367757028391,6.0565169276017485],[116.5367757028391,6.0557287826508075],[116.53625749444853,6.0557287826508075],[116.53625749444853,6.055334710595232],[116.53573928605796,6.055334710595232],[116.53573928605796,6.0557287826508075]]],[[[116.53366645249572,6.05691100049715],[116.5323173501838,6.05691100049715],[116.53263003571459,6.058487294878736],[116.5341846608863,6.05769914712791],[116.53366645249572,6.05691100049715]]],[[[116.53573928605796,6.059275443749779],[116.5352210776674,6.059275443749779],[116.53470286927684,6.058487294878736],[116.53366645249572,6.058487294878736],[116.53366645249572,6.0588813691742205],[116.53314824410516,6.0588813691742205],[116.53314824410516,6.0596695186054275],[116.53263003571459,6.0596695186054275],[116.53263003571459,6.060457669157078],[116.53470286927684,6.0616398970857075],[116.53470286927684,6.06124582082932],[116.5352210776674,6.06124582082932],[116.53573928605796,6.059275443749779]],[[116.53366645249572,6.060457669157078],[116.53366645249572,6.0596695186054275],[116.53470286927684,6.059275443749779],[116.53470286927684,6.060063593741189],[116.53366645249572,6.060457669157078]]],[[[116.53314824410516,6.0616398970857075],[116.53366645249572,6.0616398970857075],[116.53366645249572,6.06124582082932],[116.53263003571459,6.060851744853116],[116.53217442497157,6.0616398970857075],[116.53314824410516,6.062033973622303],[116.53314824410516,6.0616398970857075]]],[[[116.53180520150663,6.073856400108175],[116.53263003571459,6.073068230486047],[116.5318409328097,6.072674146096115],[116.53180520150663,6.073856400108175]]],[[[116.53781211962021,6.078979530035344],[116.5393667447919,6.078191353110098],[116.53884853640133,6.077403177308822],[116.53833032801077,6.077403177308822],[116.53729391122964,6.0785854414322165],[116.5367757028391,6.0785854414322165],[116.5367757028391,6.078191353110098],[116.53573928605796,6.0785854414322165],[116.53573928605796,6.0793736189195045],[116.53625749444853,6.0793736189195045],[116.53625749444853,6.0801617975309865],[116.5367757028391,6.0801617975309865],[116.5367757028391,6.080555887258348],[116.53781211962021,6.0801617975309865],[116.53781211962021,6.079767708084711],[116.53729391122964,6.079767708084711],[116.53781211962021,6.078979530035344]]],[[[116.53211182732406,6.080555887258348],[116.53263003571459,6.079767708084711],[116.5316384554257,6.0793736189195045],[116.53160272412264,6.080555887258348],[116.53211182732406,6.080555887258348]]],[[[116.54092136996357,6.0793736189195045],[116.5393667447919,6.0801617975309865],[116.53988495318245,6.080949977266814],[116.54143957835414,6.0801617975309865],[116.54092136996357,6.0793736189195045]]],[[[116.53884853640133,6.0801617975309865],[116.5367757028391,6.081344067556404],[116.53729391122964,6.082132248979031],[116.5393667447919,6.081344067556404],[116.5393667447919,6.080555887258348],[116.53884853640133,6.080555887258348],[116.53884853640133,6.0801617975309865]]],[[[116.54195778674469,6.080555887258348],[116.54092136996357,6.080555887258348],[116.54092136996357,6.080949977266814],[116.54040316157301,6.080949977266814],[116.54040316157301,6.081738158127137],[116.53988495318245,6.081738158127137],[116.54040316157301,6.0825263401121035],[116.54143957835414,6.0825263401121035],[116.54143957835414,6.082132248979031],[116.54247599513525,6.081738158127137],[116.54247599513525,6.080949977266814],[116.54195778674469,6.080949977266814],[116.54195778674469,6.080555887258348]]],[[[116.53142406760736,6.086467266911879],[116.53159361893348,6.085679079301433],[116.53144788847607,6.085679079301433],[116.53142406760736,6.086467266911879]]],[[[116.53573928605796,6.086861361139173],[116.5352210776674,6.086861361139173],[116.53470286927684,6.086073172965973],[116.5341846608863,6.086073172965973],[116.5341846608863,6.086467266911879],[116.53314824410516,6.086467266911879],[116.53314824410516,6.086073172965973],[116.53211182732406,6.086467266911879],[116.53211182732406,6.087255455647873],[116.53263003571459,6.087255455647873],[116.53263003571459,6.087649550437997],[116.53366645249572,6.087255455647873],[116.5341846608863,6.088043645509563],[116.53625749444853,6.088043645509563],[116.53625749444853,6.087649550437997],[116.5367757028391,6.087649550437997],[116.5367757028391,6.086861361139173],[116.53625749444853,6.086861361139173],[116.53625749444853,6.086467266911879],[116.53573928605796,6.086467266911879],[116.53573928605796,6.086861361139173]]],[[[116.53366645249572,6.08843774086259],[116.53314824410516,6.08843774086259],[116.53314824410516,6.088043645509563],[116.53263003571459,6.088043645509563],[116.53263003571459,6.08843774086259],[116.53137642586994,6.088043645509563],[116.53132878413254,6.089620028610631],[116.53159361893348,6.089225932413107],[116.53263003571459,6.089225932413107],[116.53263003571459,6.089620028610631],[116.53314824410516,6.089620028610631],[116.53314824410516,6.089225932413107],[116.53366645249572,6.089225932413107],[116.53366645249572,6.08843774086259]]],[[[116.53314824410516,6.095137404945886],[116.53366645249572,6.095925606072799],[116.53470286927684,6.095531505368434],[116.5341846608863,6.094743304805139],[116.53314824410516,6.095137404945886]]],[[[116.53729391122964,6.110507530424188],[116.5367757028391,6.109719308417017],[116.53625749444853,6.109719308417017],[116.53625749444853,6.110113419279345],[116.5352210776674,6.110113419279345],[116.53470286927684,6.109325197837181],[116.53314824410516,6.110113419279345],[116.5341846608863,6.111295753561486],[116.53573928605796,6.110507530424188],[116.53573928605796,6.1109016418515605],[116.5367757028391,6.111295753561486],[116.5367757028391,6.1120839778290605],[116.53729391122964,6.1120839778290605],[116.53729391122964,6.11247809038675],[116.53988495318245,6.112872203227064],[116.54040316157301,6.1120839778290605],[116.53988495318245,6.1120839778290605],[116.53988495318245,6.111689865553979],[116.53781211962021,6.111689865553979],[116.53781211962021,6.110507530424188],[116.53729391122964,6.110507530424188]],[[116.5341846608863,6.110113419279345],[116.53470286927684,6.110113419279345],[116.53470286927684,6.110507530424188],[116.5341846608863,6.110507530424188],[116.5341846608863,6.110113419279345]]],[[[116.53211182732406,6.117207463129188],[116.53159361893348,6.117207463129188],[116.53159361893348,6.117601579362475],[116.53263003571459,6.117995695878632],[116.53314824410516,6.117207463129188],[116.53263003571459,6.117207463129188],[116.53263003571459,6.116813347178751],[116.53211182732406,6.116813347178751],[116.53211182732406,6.117207463129188]]],[[[116.54755032529768,6.001349476876653],[116.5473467,6.001085393556092],[116.54714423898203,6.001349476876653],[116.54755032529768,6.001349476876653]]],[[[116.54143957835414,6.005367950372253],[116.54299420352582,6.006471939000336],[116.54299420352582,6.006077901787413],[116.54403062030694,6.005683864852052],[116.54403062030694,6.00489579181393],[116.54143957835414,6.005367950372253]]],[[[116.54299420352582,6.0080480906280025],[116.54403062030694,6.007654052304651],[116.54351241191638,6.006865976490837],[116.54299420352582,6.006865976490837],[116.54195778674469,6.0080480906280025],[116.54092136996357,6.0080480906280025],[116.54040316157301,6.008836168107681],[116.54247599513525,6.010018286409932],[116.54247599513525,6.009624246698127],[116.54351241191638,6.009230207264048],[116.54351241191638,6.008836168107681],[116.54299420352582,6.008836168107681],[116.54299420352582,6.0080480906280025]]],[[[116.55024912099367,6.024992001440717],[116.5497309126031,6.024992001440717],[116.5497309126031,6.025386051998564],[116.55076732938423,6.02578010283489],[116.55128553777479,6.024992001440717],[116.55076732938423,6.024992001440717],[116.55076732938423,6.024597951161331],[116.55024912099367,6.024597951161331],[116.55024912099367,6.024992001440717]]],[[[116.54662166225975,6.028932519552977],[116.54610345386918,6.028932519552977],[116.54610345386918,6.029326572896454],[116.5471398706503,6.029720626518596],[116.54765807904086,6.028932519552977],[116.5471398706503,6.028932519552977],[116.5471398706503,6.028538466488147],[116.54662166225975,6.028538466488147],[116.54662166225975,6.028932519552977]]],[[[116.54403062030694,6.032479009677827],[116.54351241191638,6.032479009677827],[116.54351241191638,6.032873065529974],[116.54454882869749,6.033267121660957],[116.54506703708806,6.032479009677827],[116.54454882869749,6.032479009677827],[116.54454882869749,6.032084954104495],[116.54403062030694,6.032084954104495],[116.54403062030694,6.032479009677827]]],[[[116.55232195455591,6.033267121660957],[116.55180374616533,6.033267121660957],[116.55180374616533,6.033661178070793],[116.55284016294647,6.034055234759501],[116.55335837133704,6.033267121660957],[116.55284016294647,6.033267121660957],[116.55284016294647,6.032873065529974],[116.55232195455591,6.032873065529974],[116.55232195455591,6.033267121660957]]],[[[116.54610345386918,6.0344492917271015],[116.54506703708806,6.034843348973611],[116.54506703708806,6.035237406499049],[116.54558524547862,6.035237406499049],[116.54558524547862,6.035631464303435],[116.54506703708806,6.035631464303435],[116.54558524547862,6.036419580749124],[116.54662166225975,6.036419580749124],[116.54662166225975,6.036025522386788],[116.5471398706503,6.036025522386788],[116.54610345386918,6.0344492917271015]]],[[[116.54454882869749,6.037207698310828],[116.54403062030694,6.037207698310828],[116.54403062030694,6.037601757510233],[116.54506703708806,6.037995816988696],[116.54558524547862,6.037207698310828],[116.54506703708806,6.037207698310828],[116.54506703708806,6.0368136393904654],[116.54454882869749,6.0368136393904654],[116.54454882869749,6.037207698310828]]],[[[116.54921270421254,6.039966118567576],[116.54869449582199,6.039966118567576],[116.54869449582199,6.040360179720791],[116.5497309126031,6.040754241153201],[116.55024912099367,6.039966118567576],[116.5497309126031,6.039966118567576],[116.5497309126031,6.039572057693529],[116.54921270421254,6.039572057693529],[116.54921270421254,6.039966118567576]]],[[[116.54506703708806,6.041148302864821],[116.54454882869749,6.041148302864821],[116.54454882869749,6.041542364855669],[116.54558524547862,6.041936427125766],[116.54610345386918,6.041148302864821],[116.54558524547862,6.041148302864821],[116.54558524547862,6.040754241153201],[116.54506703708806,6.040754241153201],[116.54506703708806,6.041148302864821]]],[[[116.5471398706503,6.041148302864821],[116.54662166225975,6.041148302864821],[116.54662166225975,6.041542364855669],[116.54765807904086,6.041936427125766],[116.54817628743143,6.041148302864821],[116.54765807904086,6.041148302864821],[116.54765807904086,6.040754241153201],[116.5471398706503,6.040754241153201],[116.5471398706503,6.041148302864821]]],[[[116.54351241191638,6.043906742665612],[116.54247599513525,6.044300806611588],[116.54299420352582,6.045088935341692],[116.54403062030694,6.045088935341692],[116.54403062030694,6.044694870836942],[116.54454882869749,6.044694870836942],[116.54454882869749,6.043906742665612],[116.54403062030694,6.043906742665612],[116.54403062030694,6.043512678998998],[116.54351241191638,6.043512678998998],[116.54351241191638,6.043906742665612]]],[[[116.55335837133704,6.043906742665612],[116.55284016294647,6.043906742665612],[116.55232195455591,6.044694870836942],[116.55284016294647,6.044694870836942],[116.55284016294647,6.045483000125859],[116.55387657972757,6.045877065189463],[116.55439478811815,6.045088935341692],[116.55387657972757,6.045088935341692],[116.55387657972757,6.044300806611588],[116.55335837133704,6.044300806611588],[116.55335837133704,6.043906742665612]]],[[[116.55646762168038,6.046271130532519],[116.55698583007094,6.047059262057069],[116.55802224685208,6.046665196155049],[116.55750403846152,6.045877065189463],[116.55646762168038,6.046271130532519]]],[[[116.56009508041431,6.046271130532519],[116.56061328880489,6.047059262057069],[116.56164970558599,6.046665196155049],[116.56113149719542,6.045877065189463],[116.56009508041431,6.046271130532519]]],[[[116.55854045524265,6.047453328238599],[116.55802224685208,6.047453328238599],[116.55854045524265,6.048241461440266],[116.55957687202375,6.048241461440266],[116.55957687202375,6.047847394699659],[116.56009508041431,6.047847394699659],[116.55957687202375,6.047059262057069],[116.55854045524265,6.047059262057069],[116.55854045524265,6.047453328238599]]],[[[116.55180374616533,6.0549406388195575],[116.55076732938423,6.055334710595232],[116.55076732938423,6.056122854986307],[116.55128553777479,6.056122854986307],[116.55128553777479,6.0565169276017485],[116.55232195455591,6.0565169276017485],[116.55232195455591,6.056122854986307],[116.55284016294647,6.056122854986307],[116.55180374616533,6.0549406388195575]]],[[[116.55387657972757,6.062033973622303],[116.55335837133704,6.062033973622303],[116.55284016294647,6.062822127536179],[116.55439478811815,6.063610282571097],[116.5549129965087,6.062822127536179],[116.55439478811815,6.062822127536179],[116.55387657972757,6.062033973622303]]],[[[116.55284016294647,6.064004360508992],[116.55232195455591,6.064004360508992],[116.55232195455591,6.064398438727207],[116.55335837133704,6.064792517225757],[116.55387657972757,6.064004360508992],[116.55335837133704,6.064004360508992],[116.55335837133704,6.063610282571097],[116.55284016294647,6.063610282571097],[116.55284016294647,6.064004360508992]]],[[[116.55698583007094,6.063610282571097],[116.55646762168038,6.063610282571097],[116.55646762168038,6.064004360508992],[116.55543120489928,6.064004360508992],[116.5549129965087,6.064792517225757],[116.55543120489928,6.064792517225757],[116.55543120489928,6.0651865960046605],[116.55594941328984,6.0651865960046605],[116.55594941328984,6.064792517225757],[116.55698583007094,6.064792517225757],[116.55698583007094,6.064398438727207],[116.55750403846152,6.064398438727207],[116.55698583007094,6.063610282571097]]],[[[116.55698583007094,6.069127399217313],[116.55646762168038,6.069127399217313],[116.55646762168038,6.069521481081354],[116.55750403846152,6.069915563225973],[116.55802224685208,6.069127399217313],[116.55750403846152,6.069127399217313],[116.55750403846152,6.068733317633836],[116.55698583007094,6.068733317633836],[116.55698583007094,6.069127399217313]]],[[[116.54506703708806,6.070703728357027],[116.54454882869749,6.070703728357027],[116.54454882869749,6.071097811343497],[116.54558524547862,6.071491894610624],[116.54610345386918,6.070703728357027],[116.54558524547862,6.070703728357027],[116.54558524547862,6.070309645651192],[116.54506703708806,6.070309645651192],[116.54506703708806,6.070703728357027]]],[[[116.55024912099367,6.073068230486047],[116.5497309126031,6.073068230486047],[116.5497309126031,6.0734623151567275],[116.55076732938423,6.073856400108175],[116.55128553777479,6.073068230486047],[116.55076732938423,6.073068230486047],[116.55076732938423,6.072674146096115],[116.55024912099367,6.072674146096115],[116.55024912099367,6.073068230486047]]],[[[116.54817628743143,6.0734623151567275],[116.54765807904086,6.0734623151567275],[116.54765807904086,6.073856400108175],[116.54869449582199,6.074250485340408],[116.54921270421254,6.0734623151567275],[116.54869449582199,6.0734623151567275],[116.54869449582199,6.073068230486047],[116.54817628743143,6.073068230486047],[116.54817628743143,6.0734623151567275]]],[[[116.54610345386918,6.074644570853446],[116.54558524547862,6.074644570853446],[116.54558524547862,6.075038656647307],[116.54662166225975,6.075432742722013],[116.5471398706503,6.074644570853446],[116.54662166225975,6.074644570853446],[116.54662166225975,6.074250485340408],[116.54610345386918,6.074250485340408],[116.54610345386918,6.074644570853446]]],[[[116.54247599513525,6.0785854414322165],[116.54195778674469,6.0785854414322165],[116.54195778674469,6.078979530035344],[116.54299420352582,6.0793736189195045],[116.54351241191638,6.0785854414322165],[116.54299420352582,6.0785854414322165],[116.54299420352582,6.078191353110098],[116.54247599513525,6.078191353110098],[116.54247599513525,6.0785854414322165]]],[[[116.56113149719542,6.0785854414322165],[116.56061328880489,6.0785854414322165],[116.56061328880489,6.078191353110098],[116.56009508041431,6.078191353110098],[116.56009508041431,6.0785854414322165],[116.55905866363318,6.0785854414322165],[116.55905866363318,6.078191353110098],[116.55854045524265,6.078191353110098],[116.55802224685208,6.078979530035344],[116.55854045524265,6.078979530035344],[116.55854045524265,6.0793736189195045],[116.55905866363318,6.0793736189195045],[116.55905866363318,6.078979530035344],[116.56009508041431,6.078979530035344],[116.56009508041431,6.0793736189195045],[116.56061328880489,6.0793736189195045],[116.56113149719542,6.0785854414322165]]],[[[116.56320433075769,6.080555887258348],[116.56113149719542,6.079767708084711],[116.56113149719542,6.0801617975309865],[116.56009508041431,6.0801617975309865],[116.56009508041431,6.080555887258348],[116.55957687202375,6.080555887258348],[116.55957687202375,6.081344067556404],[116.56009508041431,6.081344067556404],[116.56009508041431,6.081738158127137],[116.56061328880489,6.081738158127137],[116.56061328880489,6.081344067556404],[116.56216791397655,6.081344067556404],[116.56216791397655,6.081738158127137],[116.56268612236713,6.081738158127137],[116.56268612236713,6.081344067556404],[116.56320433075769,6.081344067556404],[116.56320433075769,6.080555887258348]]],[[[116.5549129965087,6.083314523221868],[116.55387657972757,6.083314523221868],[116.55284016294647,6.084496799995834],[116.55335837133704,6.084496799995834],[116.55335837133704,6.084890892816381],[116.55439478811815,6.084890892816381],[116.55439478811815,6.084496799995834],[116.55543120489928,6.0841027074565766],[116.5549129965087,6.083314523221868]]],[[[116.55905866363318,6.0841027074565766],[116.55802224685208,6.084496799995834],[116.55802224685208,6.085284985918243],[116.55854045524265,6.085284985918243],[116.55854045524265,6.085679079301433],[116.55957687202375,6.085679079301433],[116.55957687202375,6.085284985918243],[116.56009508041431,6.085284985918243],[116.55905866363318,6.0841027074565766]]],[[[116.54454882869749,6.085679079301433],[116.54506703708806,6.086467266911879],[116.54610345386918,6.086073172965973],[116.54558524547862,6.085284985918243],[116.54454882869749,6.085679079301433]]],[[[116.5549129965087,6.086861361139173],[116.55543120489928,6.087649550437997],[116.55646762168038,6.087255455647873],[116.55594941328984,6.086467266911879],[116.5549129965087,6.086861361139173]]],[[[116.54765807904086,6.102625361183412],[116.5471398706503,6.102625361183412],[116.5471398706503,6.103413573026198],[116.54817628743143,6.103807679370874],[116.54817628743143,6.103413573026198],[116.54869449582199,6.103413573026198],[116.54869449582199,6.102625361183412],[116.54817628743143,6.102625361183412],[116.54817628743143,6.102231255685262],[116.54765807904086,6.102231255685262],[116.54765807904086,6.102625361183412]]],[[[116.56424074753879,6.047453328238599],[116.56372253914823,6.047453328238599],[116.56372253914823,6.047847394699659],[116.56475895592936,6.048241461440266],[116.56527716431992,6.047453328238599],[116.56475895592936,6.047453328238599],[116.56475895592936,6.047059262057069],[116.56424074753879,6.047059262057069],[116.56424074753879,6.047453328238599]]],[[[116.56475895592936,6.051788074688471],[116.56372253914823,6.052182144225585],[116.56372253914823,6.052970284139099],[116.5657953727105,6.054152496107849],[116.5657953727105,6.053758425171776],[116.56631358110103,6.053758425171776],[116.56631358110103,6.052576214042456],[116.5657953727105,6.052576214042456],[116.5657953727105,6.052182144225585],[116.56475895592936,6.052182144225585],[116.56475895592936,6.051788074688471]]],[[[116.56216791397655,6.053364354515533],[116.56164970558599,6.053364354515533],[116.56164970558599,6.053758425171776],[116.56268612236713,6.054152496107849],[116.56320433075769,6.053364354515533],[116.56268612236713,6.053364354515533],[116.56268612236713,6.052970284139099],[116.56216791397655,6.052970284139099],[116.56216791397655,6.053364354515533]]],[[[116.56838641466327,6.053364354515533],[116.56786820627273,6.053364354515533],[116.56786820627273,6.053758425171776],[116.56890462305384,6.054152496107849],[116.5694228314444,6.053364354515533],[116.56890462305384,6.053364354515533],[116.56890462305384,6.052970284139099],[116.56838641466327,6.052970284139099],[116.56838641466327,6.053364354515533]]],[[[116.57253208178777,6.054152496107849],[116.57201387339721,6.054152496107849],[116.57201387339721,6.0545465673237695],[116.57305029017834,6.0549406388195575],[116.57356849856887,6.054152496107849],[116.57305029017834,6.054152496107849],[116.57305029017834,6.053758425171776],[116.57253208178777,6.053758425171776],[116.57253208178777,6.054152496107849]]],[[[116.56475895592936,6.058487294878736],[116.56475895592936,6.0588813691742205],[116.5657953727105,6.058487294878736],[116.5657953727105,6.057305073672531],[116.56527716431992,6.057305073672531],[116.56527716431992,6.05691100049715],[116.56424074753879,6.057305073672531],[116.56424074753879,6.058487294878736],[116.56475895592936,6.058487294878736]]],[[[116.5668317894916,6.058487294878736],[116.5668317894916,6.058093220863305],[116.56631358110103,6.058093220863305],[116.5657953727105,6.0588813691742205],[116.5668317894916,6.059275443749779],[116.5668317894916,6.0588813691742205],[116.56734999788216,6.0588813691742205],[116.56734999788216,6.058487294878736],[116.5668317894916,6.058487294878736]]],[[[116.57978699925562,6.062822127536179],[116.57926879086506,6.062822127536179],[116.57875058247448,6.063610282571097],[116.58030520764619,6.064398438727207],[116.58082341603672,6.063610282571097],[116.58030520764619,6.063610282571097],[116.57978699925562,6.062822127536179]]],[[[116.56734999788216,6.065580675063937],[116.5668317894916,6.065580675063937],[116.5668317894916,6.065974754403605],[116.56786820627273,6.066368834023684],[116.56838641466327,6.065580675063937],[116.56786820627273,6.065580675063937],[116.56786820627273,6.0651865960046605],[116.56734999788216,6.0651865960046605],[116.56734999788216,6.065580675063937]]],[[[116.57201387339721,6.065580675063937],[116.57253208178777,6.065580675063937],[116.57201387339721,6.064792517225757],[116.57149566500664,6.064792517225757],[116.57149566500664,6.0651865960046605],[116.57045924822553,6.0651865960046605],[116.57045924822553,6.065580675063937],[116.56994103983497,6.065580675063937],[116.56994103983497,6.065974754403605],[116.57045924822553,6.065974754403605],[116.56994103983497,6.066762913924193],[116.57097745661608,6.06715699410515],[116.57097745661608,6.066762913924193],[116.57149566500664,6.066762913924193],[116.57097745661608,6.065974754403605],[116.57201387339721,6.065974754403605],[116.57201387339721,6.065580675063937]]],[[[116.57978699925562,6.066368834023684],[116.57926879086506,6.066368834023684],[116.57926879086506,6.066762913924193],[116.58030520764619,6.06715699410515],[116.58082341603672,6.066368834023684],[116.58030520764619,6.066368834023684],[116.58030520764619,6.065974754403605],[116.57978699925562,6.065974754403605],[116.57978699925562,6.066368834023684]]],[[[116.57356849856887,6.068733317633836],[116.57305029017834,6.068733317633836],[116.57305029017834,6.069127399217313],[116.57408670695945,6.069521481081354],[116.57460491535001,6.068733317633836],[116.57408670695945,6.068733317633836],[116.57408670695945,6.068339236330897],[116.57356849856887,6.068339236330897],[116.57356849856887,6.068733317633836]]],[[[116.56475895592936,6.069521481081354],[116.56424074753879,6.069521481081354],[116.56424074753879,6.070309645651192],[116.56527716431992,6.070703728357027],[116.56527716431992,6.070309645651192],[116.5657953727105,6.070309645651192],[116.5657953727105,6.069521481081354],[116.56527716431992,6.069521481081354],[116.56527716431992,6.069127399217313],[116.56475895592936,6.069127399217313],[116.56475895592936,6.069521481081354]]],[[[116.56475895592936,6.0722800619869135],[116.56424074753879,6.0722800619869135],[116.56424074753879,6.072674146096115],[116.56527716431992,6.073068230486047],[116.5657953727105,6.0722800619869135],[116.56527716431992,6.0722800619869135],[116.56527716431992,6.071885978158423],[116.56475895592936,6.071885978158423],[116.56475895592936,6.0722800619869135]]],[[[116.5668317894916,6.073068230486047],[116.56734999788216,6.073856400108175],[116.56838641466327,6.0734623151567275],[116.56786820627273,6.072674146096115],[116.5668317894916,6.073068230486047]]],[[[116.56320433075769,6.073856400108175],[116.56372253914823,6.074644570853446],[116.56475895592936,6.074250485340408],[116.56424074753879,6.0734623151567275],[116.56320433075769,6.073856400108175]]],[[[116.56372253914823,6.077009089829625],[116.56268612236713,6.077403177308822],[116.56268612236713,6.078979530035344],[116.56216791397655,6.078979530035344],[116.56268612236713,6.079767708084711],[116.56320433075769,6.079767708084711],[116.56320433075769,6.0793736189195045],[116.56372253914823,6.0793736189195045],[116.56372253914823,6.0785854414322165],[116.56424074753879,6.0785854414322165],[116.56424074753879,6.077403177308822],[116.56372253914823,6.077403177308822],[116.56372253914823,6.077009089829625]]],[[[116.57667774891225,6.078191353110098],[116.57615954052169,6.078191353110098],[116.57615954052169,6.0785854414322165],[116.57719595730282,6.078979530035344],[116.57771416569338,6.078191353110098],[116.57719595730282,6.078191353110098],[116.57719595730282,6.077797265068974],[116.57667774891225,6.077797265068974],[116.57667774891225,6.078191353110098]]],[[[116.5668317894916,6.078979530035344],[116.56631358110103,6.078979530035344],[116.56631358110103,6.0793736189195045],[116.56734999788216,6.079767708084711],[116.56786820627273,6.078979530035344],[116.56734999788216,6.078979530035344],[116.56734999788216,6.0785854414322165],[116.5668317894916,6.0785854414322165],[116.5668317894916,6.078979530035344]]],[[[116.57564133213111,6.0793736189195045],[116.57512312374058,6.0793736189195045],[116.57512312374058,6.079767708084711],[116.57615954052169,6.0801617975309865],[116.57667774891225,6.0793736189195045],[116.57615954052169,6.0793736189195045],[116.57615954052169,6.078979530035344],[116.57564133213111,6.078979530035344],[116.57564133213111,6.0793736189195045]]],[[[116.57356849856887,6.123513356816676],[116.57356849856887,6.12469571995058],[116.57408670695945,6.12469571995058],[116.57408670695945,6.125020534565254],[116.57823237408392,6.1250898415616035],[116.57823237408392,6.125358973614342],[116.58030520764619,6.125528193217207],[116.58082341603672,6.1254839634558556],[116.58082341603672,6.12469571995058],[116.58185983281786,6.12469571995058],[116.5813416244273,6.125612803038221],[116.58756012511404,6.126120462238448],[116.58756012511404,6.1254839634558556],[116.58807833350457,6.1254839634558556],[116.58807833350457,6.126162767193014],[116.5886458,6.1262090934329665],[116.59044184249714,6.121542757256284],[116.59015116706681,6.121148638193454],[116.5891147502857,6.121542757256284],[116.5891147502857,6.120754519413663],[116.58859654189514,6.120754519413663],[116.58859654189514,6.120360400916891],[116.5891147502857,6.120360400916891],[116.5891147502857,6.11996628270312],[116.5908969262011,6.120360400916891],[116.59150370447296,6.11878392975963],[116.58963295867628,6.119572164772333],[116.58963295867628,6.119178047124509],[116.58859654189514,6.11878392975963],[116.58859654189514,6.117995695878632],[116.58807833350457,6.117995695878632],[116.58807833350457,6.117601579362475],[116.58859654189514,6.117601579362475],[116.58859654189514,6.116813347178751],[116.58807833350457,6.116813347178751],[116.58807833350457,6.116419231511148],[116.58756012511404,6.116419231511148],[116.58704191672346,6.117207463129188],[116.58445087477067,6.116813347178751],[116.5839326663801,6.117601579362475],[116.58341445798953,6.117601579362475],[116.58341445798953,6.117207463129188],[116.58289624959896,6.117207463129188],[116.58289624959896,6.117601579362475],[116.58185983281786,6.117601579362475],[116.58185983281786,6.117995695878632],[116.58082341603672,6.118389812677677],[116.58082341603672,6.11878392975963],[116.5813416244273,6.11878392975963],[116.5813416244273,6.119572164772333],[116.58030520764619,6.119572164772333],[116.58030520764619,6.11996628270312],[116.57978699925562,6.11996628270312],[116.57978699925562,6.120754519413663],[116.57875058247448,6.120754519413663],[116.57875058247448,6.120360400916891],[116.57926879086506,6.120360400916891],[116.57926879086506,6.119178047124509],[116.57875058247448,6.119178047124509],[116.57875058247448,6.11878392975963],[116.57667774891225,6.11878392975963],[116.57667774891225,6.119178047124509],[116.57564133213111,6.119178047124509],[116.57564133213111,6.11878392975963],[116.57512312374058,6.11878392975963],[116.57512312374058,6.119178047124509],[116.57460491535001,6.119178047124509],[116.57460491535001,6.118389812677677],[116.57408670695945,6.118389812677677],[116.57408670695945,6.117995695878632],[116.57615954052169,6.117995695878632],[116.57615954052169,6.117601579362475],[116.57667774891225,6.117601579362475],[116.57667774891225,6.116025116126357],[116.57719595730282,6.116025116126357],[116.57719595730282,6.116419231511148],[116.57823237408392,6.116025116126357],[116.57823237408392,6.1156310010243615],[116.57771416569338,6.1156310010243615],[116.57771416569338,6.115236886205141],[116.57823237408392,6.115236886205141],[116.57771416569338,6.114448657414955],[116.57667774891225,6.114842771668679],[116.57719595730282,6.1156310010243615],[116.57615954052169,6.1156310010243615],[116.57615954052169,6.115236886205141],[116.57564133213111,6.115236886205141],[116.57564133213111,6.1156310010243615],[116.57512312374058,6.1156310010243615],[116.57512312374058,6.116419231511148],[116.57460491535001,6.116419231511148],[116.57356849856887,6.115236886205141],[116.57253208178777,6.115236886205141],[116.57253208178777,6.114842771668679],[116.57201387339721,6.114842771668679],[116.57149566500664,6.1156310010243615],[116.56994103983497,6.1156310010243615],[116.56994103983497,6.114842771668679],[116.5694228314444,6.114842771668679],[116.5694228314444,6.114448657414955],[116.56890462305384,6.114448657414955],[116.56890462305384,6.114842771668679],[116.56786820627273,6.114842771668679],[116.56786820627273,6.11405454344395],[116.56838641466327,6.11405454344395],[116.56838641466327,6.113266316350024],[116.56786820627273,6.113266316350024],[116.56786820627273,6.112872203227064],[116.5668317894916,6.113266316350024],[116.56734999788216,6.114842771668679],[116.5668317894916,6.114842771668679],[116.5668317894916,6.114448657414955],[116.56475895592936,6.114448657414955],[116.56475895592936,6.114842771668679],[116.56372253914823,6.114448657414955],[116.56475895592936,6.113266316350024],[116.56527716431992,6.113266316350024],[116.56527716431992,6.113660429755646],[116.56631358110103,6.113266316350024],[116.5657953727105,6.11247809038675],[116.56527716431992,6.11247809038675],[116.56527716431992,6.112872203227064],[116.56424074753879,6.11247809038675],[116.56424074753879,6.1120839778290605],[116.56527716431992,6.111689865553979],[116.56527716431992,6.111295753561486],[116.56475895592936,6.111295753561486],[116.56475895592936,6.109719308417017],[116.56527716431992,6.109719308417017],[116.56527716431992,6.110507530424188],[116.5657953727105,6.110507530424188],[116.5668317894916,6.111689865553979],[116.56786820627273,6.111295753561486],[116.56786820627273,6.110113419279345],[116.56734999788216,6.110113419279345],[116.56734999788216,6.109719308417017],[116.56890462305384,6.109719308417017],[116.56994103983497,6.111295753561486],[116.57045924822553,6.111295753561486],[116.57045924822553,6.1109016418515605],[116.57149566500664,6.1109016418515605],[116.57149566500664,6.111689865553979],[116.57201387339721,6.111689865553979],[116.57201387339721,6.1120839778290605],[116.57253208178777,6.1120839778290605],[116.57253208178777,6.111689865553979],[116.57356849856887,6.111689865553979],[116.57356849856887,6.1120839778290605],[116.57408670695945,6.1120839778290605],[116.57408670695945,6.113266316350024],[116.57460491535001,6.113266316350024],[116.57460491535001,6.113660429755646],[116.57512312374058,6.113660429755646],[116.57512312374058,6.113266316350024],[116.57615954052169,6.113266316350024],[116.57615954052169,6.113660429755646],[116.57667774891225,6.113660429755646],[116.57719595730282,6.112872203227064],[116.57667774891225,6.112872203227064],[116.57667774891225,6.11247809038675],[116.57564133213111,6.112872203227064],[116.57564133213111,6.111295753561486],[116.57512312374058,6.111295753561486],[116.57512312374058,6.1109016418515605],[116.57408670695945,6.1109016418515605],[116.57408670695945,6.109719308417017],[116.57460491535001,6.109719308417017],[116.57460491535001,6.109325197837181],[116.57512312374058,6.109325197837181],[116.57512312374058,6.109719308417017],[116.57615954052169,6.109719308417017],[116.57667774891225,6.108931087539823],[116.57615954052169,6.108931087539823],[116.57564133213111,6.108142867792456],[116.57719595730282,6.108142867792456],[116.57719595730282,6.107748758342408],[116.57771416569338,6.107748758342408],[116.57771416569338,6.106960540289501],[116.57719595730282,6.106960540289501],[116.57719595730282,6.106566431686598],[116.57823237408392,6.106566431686598],[116.57823237408392,6.106960540289501],[116.57926879086506,6.106566431686598],[116.57875058247448,6.10577821532781],[116.57771416569338,6.10577821532781],[116.57771416569338,6.1053841075718855],[116.57719595730282,6.1053841075718855],[116.57719595730282,6.10577821532781],[116.57615954052169,6.10577821532781],[116.57512312374058,6.106960540289501],[116.57460491535001,6.106960540289501],[116.57460491535001,6.106566431686598],[116.57408670695945,6.106566431686598],[116.57408670695945,6.106960540289501],[116.57356849856887,6.106960540289501],[116.57356849856887,6.106566431686598],[116.57253208178777,6.106566431686598],[116.57253208178777,6.106960540289501],[116.57201387339721,6.106960540289501],[116.57201387339721,6.107354649174765],[116.57253208178777,6.107354649174765],[116.57253208178777,6.107748758342408],[116.57201387339721,6.107748758342408],[116.57253208178777,6.108536977524919],[116.57149566500664,6.108536977524919],[116.57149566500664,6.108142867792456],[116.57097745661608,6.108142867792456],[116.57097745661608,6.106960540289501],[116.56994103983497,6.106566431686598],[116.56994103983497,6.106172323366042],[116.57097745661608,6.10577821532781],[116.57097745661608,6.1053841075718855],[116.57045924822553,6.1053841075718855],[116.57045924822553,6.10459589290688],[116.57097745661608,6.10459589290688],[116.57097745661608,6.10420178599776],[116.57045924822553,6.10420178599776],[116.57045924822553,6.102231255685262],[116.56994103983497,6.102231255685262],[116.56994103983497,6.10183715046925],[116.56890462305384,6.102231255685262],[116.56890462305384,6.103019466963718],[116.56786820627273,6.103413573026198],[116.56786820627273,6.10420178599776],[116.5668317894916,6.10420178599776],[116.56631358110103,6.104990000098247],[116.5657953727105,6.104990000098247],[116.5657953727105,6.10459589290688],[116.56527716431992,6.10459589290688],[116.56527716431992,6.104990000098247],[116.56424074753879,6.10459589290688],[116.56424074753879,6.10420178599776],[116.56475895592936,6.10420178599776],[116.56631358110103,6.102625361183412],[116.5668317894916,6.102625361183412],[116.5668317894916,6.103019466963718],[116.56786820627273,6.102625361183412],[116.56786820627273,6.101443045535356],[116.56838641466327,6.101443045535356],[116.56786820627273,6.100654836513851],[116.56890462305384,6.100260732426201],[116.56838641466327,6.099472525097014],[116.5694228314444,6.099078421855437],[116.56890462305384,6.0982902162182295],[116.56786820627273,6.0982902162182295],[116.56786820627273,6.097502011708821],[116.56734999788216,6.097502011708821],[116.56786820627273,6.096713808327062],[116.5668317894916,6.096319707059002],[116.5668317894916,6.095531505368434],[116.56734999788216,6.095531505368434],[116.56786820627273,6.094743304805139],[116.5694228314444,6.094743304805139],[116.5694228314444,6.095137404945886],[116.56994103983497,6.095137404945886],[116.56994103983497,6.094743304805139],[116.57045924822553,6.094743304805139],[116.57045924822553,6.093955105368966],[116.57149566500664,6.093955105368966],[116.57149566500664,6.0943492049461705],[116.57201387339721,6.0943492049461705],[116.57201387339721,6.094743304805139],[116.57305029017834,6.094743304805139],[116.57305029017834,6.095137404945886],[116.57356849856887,6.095137404945886],[116.57356849856887,6.094743304805139],[116.57460491535001,6.094743304805139],[116.57460491535001,6.095137404945886],[116.57512312374058,6.095137404945886],[116.57512312374058,6.096319707059002],[116.57564133213111,6.096319707059002],[116.57512312374058,6.09789611382256],[116.57564133213111,6.09789611382256],[116.57615954052169,6.09868431889585],[116.57719595730282,6.0982902162182295],[116.57719595730282,6.099078421855437],[116.57615954052169,6.099472525097014],[116.57615954052169,6.101048940883563],[116.57564133213111,6.101048940883563],[116.57564133213111,6.10183715046925],[116.57667774891225,6.102231255685262],[116.57667774891225,6.10183715046925],[116.57719595730282,6.10183715046925],[116.57719595730282,6.100654836513851],[116.57823237408392,6.100654836513851],[116.57875058247448,6.101443045535356],[116.57978699925562,6.101443045535356],[116.57978699925562,6.10183715046925],[116.58030520764619,6.10183715046925],[116.58030520764619,6.101443045535356],[116.5813416244273,6.101443045535356],[116.5813416244273,6.101048940883563],[116.58289624959896,6.100260732426201],[116.58289624959896,6.100654836513851],[116.58341445798953,6.100654836513851],[116.58341445798953,6.101443045535356],[116.5839326663801,6.101443045535356],[116.58445087477067,6.102231255685262],[116.58341445798953,6.102231255685262],[116.58341445798953,6.10183715046925],[116.58289624959896,6.10183715046925],[116.58185983281786,6.103019466963718],[116.58237804120843,6.103019466963718],[116.58237804120843,6.103413573026198],[116.58289624959896,6.103413573026198],[116.58341445798953,6.102625361183412],[116.58445087477067,6.102625361183412],[116.58445087477067,6.103019466963718],[116.58496908316123,6.103019466963718],[116.58496908316123,6.102625361183412],[116.58548729155177,6.102625361183412],[116.58548729155177,6.102231255685262],[116.58496908316123,6.102231255685262],[116.58496908316123,6.10183715046925],[116.58548729155177,6.10183715046925],[116.58548729155177,6.101443045535356],[116.58496908316123,6.101443045535356],[116.58496908316123,6.100654836513851],[116.58548729155177,6.100654836513851],[116.58548729155177,6.100260732426201],[116.5865237083329,6.099866628620595],[116.5865237083329,6.099078421855437],[116.58756012511404,6.099078421855437],[116.58859654189514,6.09789611382256],[116.58807833350457,6.09789611382256],[116.58807833350457,6.097502011708821],[116.58756012511404,6.097502011708821],[116.58756012511404,6.09789611382256],[116.5865237083329,6.09789611382256],[116.5865237083329,6.0982902162182295],[116.58548729155177,6.09789611382256],[116.58600549994233,6.097107909876995],[116.58548729155177,6.097107909876995],[116.58548729155177,6.095925606072799],[116.58496908316123,6.095925606072799],[116.58496908316123,6.095531505368434],[116.58548729155177,6.095531505368434],[116.58548729155177,6.094743304805139],[116.58600549994233,6.094743304805139],[116.58600549994233,6.0943492049461705],[116.5839326663801,6.093166907059767],[116.5839326663801,6.09237870987739],[116.58496908316123,6.092772808327735],[116.58548729155177,6.091984611708713],[116.58496908316123,6.091984611708713],[116.58496908316123,6.091590513821686],[116.58445087477067,6.091590513821686],[116.58445087477067,6.091984611708713],[116.58341445798953,6.091984611708713],[116.58341445798953,6.091590513821686],[116.58445087477067,6.091196416216289],[116.5839326663801,6.089225932413107],[116.58341445798953,6.089225932413107],[116.58341445798953,6.088831836497099],[116.5839326663801,6.088831836497099],[116.58341445798953,6.088043645509563],[116.58548729155177,6.087255455647873],[116.58548729155177,6.086861361139173],[116.5839326663801,6.086073172965973],[116.5839326663801,6.085284985918243],[116.58289624959896,6.084890892816381],[116.58289624959896,6.083708615198595],[116.5839326663801,6.083708615198595],[116.58341445798953,6.084496799995834],[116.5839326663801,6.084496799995834],[116.5839326663801,6.084890892816381],[116.58548729155177,6.084890892816381],[116.5865237083329,6.086073172965973],[116.58756012511404,6.086073172965973],[116.58756012511404,6.085679079301433],[116.58807833350457,6.085679079301433],[116.58807833350457,6.084496799995834],[116.58859654189514,6.084496799995834],[116.58963295867628,6.085679079301433],[116.59066937545738,6.085679079301433],[116.59066937545738,6.086467266911879],[116.59015116706681,6.086467266911879],[116.59015116706681,6.087255455647873],[116.59066937545738,6.087255455647873],[116.59066937545738,6.087649550437997],[116.58963295867628,6.088043645509563],[116.59066937545738,6.089225932413107],[116.59015116706681,6.089225932413107],[116.59015116706681,6.090014125089694],[116.58963295867628,6.090014125089694],[116.58963295867628,6.090408221850313],[116.59015116706681,6.090408221850313],[116.59015116706681,6.090802318892504],[116.59222400062907,6.090408221850313],[116.59222400062907,6.091590513821686],[116.59274220901962,6.091590513821686],[116.59274220901962,6.091984611708713],[116.59377862580075,6.091590513821686],[116.59377862580075,6.092772808327735],[116.59429683419131,6.092772808327735],[116.59429683419131,6.093166907059767],[116.59533325097242,6.092772808327735],[116.59533325097242,6.093561006073505],[116.59585145936299,6.093561006073505],[116.59585145936299,6.093955105368966],[116.59533325097242,6.093955105368966],[116.59533325097242,6.094743304805139],[116.59585145936299,6.094743304805139],[116.59585145936299,6.095137404945886],[116.59688787614412,6.095137404945886],[116.59688787614412,6.095531505368434],[116.59740608453467,6.095531505368434],[116.59740608453467,6.095137404945886],[116.59844250131579,6.095137404945886],[116.59844250131579,6.095925606072799],[116.59792429292523,6.095925606072799],[116.59792429292523,6.096319707059002],[116.59984690571164,6.097107909876995],[116.60030198941557,6.095925606072799],[116.59947891809692,6.095925606072799],[116.59947891809692,6.094743304805139],[116.59999712648747,6.094743304805139],[116.60051533487803,6.095371337149805],[116.60155175165916,6.09237870987739],[116.6010335432686,6.09237870987739],[116.6010335432686,6.091590513821686],[116.60051533487803,6.091590513821686],[116.60051533487803,6.091196416216289],[116.59999712648747,6.091196416216289],[116.59999712648747,6.090802318892504],[116.59792429292523,6.089620028610631],[116.59792429292523,6.089225932413107],[116.59844250131579,6.089225932413107],[116.59844250131579,6.08843774086259],[116.59792429292523,6.08843774086259],[116.59792429292523,6.088043645509563],[116.59481504258189,6.089620028610631],[116.59481504258189,6.089225932413107],[116.59429683419131,6.089225932413107],[116.59429683419131,6.088831836497099],[116.59481504258189,6.088831836497099],[116.59481504258189,6.088043645509563],[116.59585145936299,6.088043645509563],[116.59585145936299,6.08843774086259],[116.59636966775355,6.08843774086259],[116.59688787614412,6.087649550437997],[116.59636966775355,6.087649550437997],[116.59636966775355,6.087255455647873],[116.59533325097242,6.087255455647873],[116.59533325097242,6.086861361139173],[116.59481504258189,6.086861361139173],[116.59481504258189,6.087255455647873],[116.59429683419131,6.087255455647873],[116.59429683419131,6.086861361139173],[116.59377862580075,6.086861361139173],[116.59377862580075,6.087255455647873],[116.59274220901962,6.087255455647873],[116.59274220901962,6.086861361139173],[116.59326041741018,6.086861361139173],[116.59326041741018,6.086073172965973],[116.59274220901962,6.086073172965973],[116.59274220901962,6.085284985918243],[116.59222400062907,6.085284985918243],[116.59222400062907,6.084496799995834],[116.59274220901962,6.084496799995834],[116.59274220901962,6.0825263401121035],[116.59222400062907,6.0825263401121035],[116.59222400062907,6.081738158127137],[116.59274220901962,6.081738158127137],[116.59274220901962,6.0801617975309865],[116.59222400062907,6.0801617975309865],[116.59222400062907,6.079767708084711],[116.59274220901962,6.079767708084711],[116.59274220901962,6.0793736189195045],[116.59377862580075,6.0793736189195045],[116.59377862580075,6.078979530035344],[116.59429683419131,6.078979530035344],[116.59429683419131,6.0793736189195045],[116.59533325097242,6.0793736189195045],[116.59533325097242,6.078979530035344],[116.59585145936299,6.078979530035344],[116.59585145936299,6.078191353110098],[116.59688787614412,6.078191353110098],[116.59688787614412,6.0785854414322165],[116.59896070970636,6.0785854414322165],[116.59947891809692,6.077797265068974],[116.60051533487803,6.077797265068974],[116.59999712648747,6.0785854414322165],[116.6010335432686,6.078979530035344],[116.60162678644373,6.077797265068974],[116.60050741194406,6.0758268290775765],[116.59999712648747,6.0758268290775765],[116.60028353704413,6.075432742722013],[116.59894028764454,6.073068230486047],[116.59740608453467,6.0722800619869135],[116.59804478804482,6.071491894610624],[116.59688787614412,6.069455404833658],[116.59688787614412,6.069915563225973],[116.59533325097242,6.069915563225973],[116.59647766374526,6.068733317633836],[116.59468666454576,6.065580675063937],[116.59429683419131,6.065580675063937],[116.59446278964583,6.0651865960046605],[116.59326041741018,6.063216204913498],[116.59222400062907,6.063610282571097],[116.59222400062907,6.062822127536179],[116.59311954024624,6.062822127536179],[116.5911046661468,6.059275443749779],[116.59015116706681,6.059275443749779],[116.59015116706681,6.0588813691742205],[116.5891147502857,6.058487294878736],[116.5891147502857,6.058093220863305],[116.59015116706681,6.05769914712791],[116.58953754184729,6.0565169276017485],[116.58807833350457,6.057305073672531],[116.58807833350457,6.058487294878736],[116.59015116706681,6.0596695186054275],[116.59015116706681,6.060457669157078],[116.58963295867628,6.060457669157078],[116.58963295867628,6.060851744853116],[116.58756012511404,6.060851744853116],[116.58756012511404,6.06124582082932],[116.5865237083329,6.06124582082932],[116.58600549994233,6.060457669157078],[116.58496908316123,6.060457669157078],[116.58496908316123,6.060063593741189],[116.58548729155177,6.060063593741189],[116.58496908316123,6.059275443749779],[116.58445087477067,6.059275443749779],[116.58341445798953,6.060457669157078],[116.58237804120843,6.060063593741189],[116.58237804120843,6.060457669157078],[116.58185983281786,6.060457669157078],[116.58185983281786,6.0616398970857075],[116.5813416244273,6.0616398970857075],[116.5813416244273,6.060851744853116],[116.58082341603672,6.060851744853116],[116.58030520764619,6.060063593741189],[116.57926879086506,6.060457669157078],[116.57926879086506,6.0588813691742205],[116.57875058247448,6.0588813691742205],[116.57875058247448,6.058487294878736],[116.57926879086506,6.058487294878736],[116.57926879086506,6.05769914712791],[116.57823237408392,6.057305073672531],[116.57823237408392,6.05691100049715],[116.57875058247448,6.05691100049715],[116.57823237408392,6.056122854986307],[116.57875058247448,6.056122854986307],[116.57875058247448,6.0549406388195575],[116.57926879086506,6.0549406388195575],[116.57875058247448,6.052970284139099],[116.57926879086506,6.052970284139099],[116.57926879086506,6.052576214042456],[116.57978699925562,6.052576214042456],[116.57978699925562,6.052970284139099],[116.58030520764619,6.052970284139099],[116.58030520764619,6.052576214042456],[116.5813416244273,6.052576214042456],[116.5813416244273,6.052970284139099],[116.58082341603672,6.052970284139099],[116.58082341603672,6.053758425171776],[116.58030520764619,6.053758425171776],[116.58030520764619,6.054152496107849],[116.58082341603672,6.054152496107849],[116.58082341603672,6.0549406388195575],[116.5813416244273,6.0549406388195575],[116.5813416244273,6.0557287826508075],[116.58082341603672,6.0557287826508075],[116.58082341603672,6.0565169276017485],[116.58030520764619,6.0565169276017485],[116.58030520764619,6.05769914712791],[116.5813416244273,6.058093220863305],[116.5813416244273,6.05769914712791],[116.58185983281786,6.05769914712791],[116.58185983281786,6.056122854986307],[116.58237804120843,6.056122854986307],[116.58237804120843,6.0557287826508075],[116.58185983281786,6.0557287826508075],[116.58185983281786,6.0549406388195575],[116.58341445798953,6.054152496107849],[116.58341445798953,6.051788074688471],[116.5839326663801,6.051788074688471],[116.5839326663801,6.051394005431091],[116.58341445798953,6.051394005431091],[116.58341445798953,6.05060586775546],[116.58289624959896,6.05060586775546],[116.58289624959896,6.049817731198546],[116.58237804120843,6.049817731198546],[116.58237804120843,6.049029595760199],[116.58185983281786,6.049029595760199],[116.58237804120843,6.048241461440266],[116.58289624959896,6.048241461440266],[116.58289624959896,6.048635528460441],[116.58370554751411,6.048241461440266],[116.58237804120843,6.046519665094661],[116.5813416244273,6.046665196155049],[116.5813416244273,6.045877065189463],[116.58082341603672,6.045877065189463],[116.58082341603672,6.045088935341692],[116.58030520764619,6.045088935341692],[116.58030520764619,6.043831178363213],[116.57793286497535,6.040754241153201],[116.57719595730282,6.041542364855669],[116.57667774891225,6.041542364855669],[116.57667774891225,6.041936427125766],[116.57615954052169,6.041936427125766],[116.57615954052169,6.042330489675127],[116.57564133213111,6.042330489675127],[116.57564133213111,6.042724552503773],[116.56994103983497,6.042330489675127],[116.56994103983497,6.042724552503773],[116.56890462305384,6.043118615611724],[116.56890462305384,6.042724552503773],[116.5668317894916,6.042330489675127],[116.56631358110103,6.043118615611724],[116.56527716431992,6.043118615611724],[116.56527716431992,6.042330489675127],[116.56475895592936,6.042330489675127],[116.56475895592936,6.041936427125766],[116.56372253914823,6.042330489675127],[116.56372253914823,6.042724552503773],[116.56424074753879,6.042724552503773],[116.56424074753879,6.043512678998998],[116.56475895592936,6.043512678998998],[116.56475895592936,6.044694870836942],[116.56527716431992,6.044694870836942],[116.56527716431992,6.045088935341692],[116.56631358110103,6.045088935341692],[116.5668317894916,6.046665196155049],[116.56734999788216,6.046665196155049],[116.56734999788216,6.047059262057069],[116.56838641466327,6.047059262057069],[116.56838641466327,6.047453328238599],[116.56890462305384,6.047453328238599],[116.56890462305384,6.047059262057069],[116.56994103983497,6.047059262057069],[116.56994103983497,6.047847394699659],[116.57045924822553,6.047847394699659],[116.57045924822553,6.049423663339561],[116.57097745661608,6.049423663339561],[116.57097745661608,6.049817731198546],[116.57149566500664,6.049817731198546],[116.57149566500664,6.049423663339561],[116.57253208178777,6.049423663339561],[116.57253208178777,6.050211799337174],[116.57201387339721,6.050211799337174],[116.57201387339721,6.051788074688471],[116.57097745661608,6.052182144225585],[116.57097745661608,6.052970284139099],[116.57045924822553,6.052970284139099],[116.57045924822553,6.053758425171776],[116.56994103983497,6.053758425171776],[116.56994103983497,6.0565169276017485],[116.56890462305384,6.05691100049715],[116.56890462305384,6.057305073672531],[116.5694228314444,6.057305073672531],[116.5694228314444,6.058093220863305],[116.56838641466327,6.058487294878736],[116.5694228314444,6.060063593741189],[116.56890462305384,6.060063593741189],[116.56890462305384,6.060851744853116],[116.56838641466327,6.060851744853116],[116.56786820627273,6.0616398970857075],[116.56734999788216,6.0616398970857075],[116.56734999788216,6.060851744853116],[116.5668317894916,6.060851744853116],[116.5668317894916,6.060063593741189],[116.56631358110103,6.060063593741189],[116.56631358110103,6.059275443749779],[116.5657953727105,6.059275443749779],[116.5657953727105,6.0588813691742205],[116.56320433075769,6.0596695186054275],[116.56320433075769,6.060063593741189],[116.56372253914823,6.060063593741189],[116.56372253914823,6.06124582082932],[116.56320433075769,6.06124582082932],[116.56320433075769,6.060457669157078],[116.56268612236713,6.060457669157078],[116.56268612236713,6.059275443749779],[116.56320433075769,6.059275443749779],[116.56320433075769,6.0588813691742205],[116.56268612236713,6.0588813691742205],[116.56268612236713,6.058487294878736],[116.56164970558599,6.058093220863305],[116.56164970558599,6.057305073672531],[116.56061328880489,6.05691100049715],[116.56061328880489,6.056122854986307],[116.56113149719542,6.056122854986307],[116.56113149719542,6.0565169276017485],[116.56268612236713,6.0565169276017485],[116.56268612236713,6.05691100049715],[116.56320433075769,6.05691100049715],[116.56372253914823,6.056122854986307],[116.56320433075769,6.056122854986307],[116.56320433075769,6.0557287826508075],[116.56216791397655,6.0557287826508075],[116.56164970558599,6.0549406388195575],[116.56061328880489,6.0549406388195575],[116.56061328880489,6.0545465673237695],[116.56009508041431,6.0545465673237695],[116.56009508041431,6.053364354515533],[116.55957687202375,6.053364354515533],[116.55957687202375,6.051394005431091],[116.56061328880489,6.050999936453427],[116.56061328880489,6.051788074688471],[116.56113149719542,6.051788074688471],[116.56113149719542,6.052182144225585],[116.56320433075769,6.052576214042456],[116.56320433075769,6.052182144225585],[116.56372253914823,6.052182144225585],[116.56372253914823,6.051788074688471],[116.56320433075769,6.051788074688471],[116.56320433075769,6.050999936453427],[116.56372253914823,6.050999936453427],[116.56372253914823,6.05060586775546],[116.56320433075769,6.05060586775546],[116.56320433075769,6.050211799337174],[116.56216791397655,6.050211799337174],[116.56216791397655,6.049817731198546],[116.56113149719542,6.049423663339561],[116.56113149719542,6.049029595760199],[116.56164970558599,6.049029595760199],[116.56113149719542,6.048241461440266],[116.55957687202375,6.048241461440266],[116.55957687202375,6.048635528460441],[116.55905866363318,6.048635528460441],[116.55957687202375,6.049423663339561],[116.56061328880489,6.049423663339561],[116.56009508041431,6.050211799337174],[116.55957687202375,6.050211799337174],[116.55905866363318,6.049423663339561],[116.55802224685208,6.049423663339561],[116.55802224685208,6.049029595760199],[116.55750403846152,6.049029595760199],[116.55750403846152,6.048241461440266],[116.55698583007094,6.048241461440266],[116.55698583007094,6.047847394699659],[116.55750403846152,6.047847394699659],[116.55698583007094,6.047059262057069],[116.55543120489928,6.047847394699659],[116.55543120489928,6.047059262057069],[116.55439478811815,6.046665196155049],[116.55439478811815,6.047059262057069],[116.55335837133704,6.047453328238599],[116.55335837133704,6.048241461440266],[116.55284016294647,6.048241461440266],[116.55232195455591,6.047453328238599],[116.55128553777479,6.047453328238599],[116.55128553777479,6.046665196155049],[116.55076732938423,6.046665196155049],[116.55076732938423,6.046271130532519],[116.55128553777479,6.046271130532519],[116.55128553777479,6.045877065189463],[116.55076732938423,6.045877065189463],[116.55076732938423,6.045483000125859],[116.55128553777479,6.045483000125859],[116.55076732938423,6.043512678998998],[116.55180374616533,6.043906742665612],[116.55232195455591,6.043118615611724],[116.55180374616533,6.043118615611724],[116.55180374616533,6.042724552503773],[116.55076732938423,6.042724552503773],[116.55024912099367,6.041936427125766],[116.54921270421254,6.041936427125766],[116.54869449582199,6.042724552503773],[116.54921270421254,6.042724552503773],[116.54921270421254,6.044300806611588],[116.5497309126031,6.044300806611588],[116.5497309126031,6.045483000125859],[116.55024912099367,6.045483000125859],[116.55024912099367,6.045877065189463],[116.5497309126031,6.045877065189463],[116.5497309126031,6.046271130532519],[116.55024912099367,6.046271130532519],[116.55024912099367,6.046665196155049],[116.5497309126031,6.046665196155049],[116.5497309126031,6.047059262057069],[116.55024912099367,6.047059262057069],[116.5497309126031,6.047847394699659],[116.55024912099367,6.047847394699659],[116.55024912099367,6.048635528460441],[116.55128553777479,6.049029595760199],[116.55128553777479,6.049423663339561],[116.55024912099367,6.049817731198546],[116.5497309126031,6.051394005431091],[116.55128553777479,6.052182144225585],[116.55128553777479,6.052970284139099],[116.55076732938423,6.052970284139099],[116.55076732938423,6.053364354515533],[116.55024912099367,6.053364354515533],[116.5497309126031,6.052576214042456],[116.54869449582199,6.052576214042456],[116.54869449582199,6.052970284139099],[116.54817628743143,6.052970284139099],[116.54817628743143,6.052576214042456],[116.54662166225975,6.052576214042456],[116.54610345386918,6.053364354515533],[116.54403062030694,6.052970284139099],[116.54403062030694,6.053364354515533],[116.54351241191638,6.053364354515533],[116.54351241191638,6.0545465673237695],[116.54195778674469,6.055334710595232],[116.54195778674469,6.056122854986307],[116.54143957835414,6.056122854986307],[116.54092136996357,6.05691100049715],[116.53988495318245,6.0565169276017485],[116.5393667447919,6.057305073672531],[116.53884853640133,6.057305073672531],[116.53884853640133,6.05691100049715],[116.53781211962021,6.057305073672531],[116.53833032801077,6.058093220863305],[116.5393667447919,6.058093220863305],[116.5393667447919,6.059275443749779],[116.54092136996357,6.060063593741189],[116.54092136996357,6.060851744853116],[116.5393667447919,6.060063593741189],[116.53884853640133,6.060851744853116],[116.53781211962021,6.060851744853116],[116.53781211962021,6.06124582082932],[116.53729391122964,6.06124582082932],[116.53729391122964,6.0616398970857075],[116.53781211962021,6.0616398970857075],[116.53781211962021,6.062822127536179],[116.53729391122964,6.062822127536179],[116.53729391122964,6.063610282571097],[116.5367757028391,6.063610282571097],[116.5367757028391,6.063216204913498],[116.53573928605796,6.063610282571097],[116.53573928605796,6.064004360508992],[116.5367757028391,6.064398438727207],[116.53573928605796,6.065580675063937],[116.53470286927684,6.065580675063937],[116.53470286927684,6.065974754403605],[116.5341846608863,6.065974754403605],[116.5341846608863,6.064398438727207],[116.53366645249572,6.064398438727207],[116.53366645249572,6.064004360508992],[116.53263003571459,6.064398438727207],[116.53263003571459,6.0651865960046605],[116.5320672310624,6.0651865960046605],[116.532019589325,6.066762913924193],[116.53263003571459,6.066762913924193],[116.53263003571459,6.06715699410515],[116.53366645249572,6.06715699410515],[116.53366645249572,6.067551074566573],[116.53470286927684,6.067551074566573],[116.5341846608863,6.068339236330897],[116.53470286927684,6.068339236330897],[116.53470286927684,6.068733317633836],[116.5352210776674,6.068733317633836],[116.5352210776674,6.069521481081354],[116.53573928605796,6.069521481081354],[116.53573928605796,6.069915563225973],[116.53470286927684,6.070309645651192],[116.53470286927684,6.071097811343497],[116.5352210776674,6.071097811343497],[116.5352210776674,6.071491894610624],[116.5341846608863,6.071491894610624],[116.5341846608863,6.071097811343497],[116.53263003571459,6.070309645651192],[116.53263003571459,6.069521481081354],[116.53211182732406,6.069521481081354],[116.53211182732406,6.069127399217313],[116.53314824410516,6.069127399217313],[116.53366645249572,6.068339236330897],[116.53314824410516,6.068339236330897],[116.53200767889065,6.06715699410515],[116.53211182732406,6.071491894610624],[116.53263003571459,6.071491894610624],[116.53263003571459,6.0722800619869135],[116.53314824410516,6.0722800619869135],[116.53314824410516,6.072674146096115],[116.53366645249572,6.072674146096115],[116.53366645249572,6.0734623151567275],[116.5341846608863,6.0734623151567275],[116.5341846608863,6.074250485340408],[116.53314824410516,6.074644570853446],[116.53314824410516,6.075038656647307],[116.53366645249572,6.075038656647307],[116.53366645249572,6.0758268290775765],[116.53314824410516,6.0758268290775765],[116.53314824410516,6.076615002631365],[116.53263003571459,6.076615002631365],[116.53263003571459,6.077009089829625],[116.53314824410516,6.077009089829625],[116.53314824410516,6.077797265068974],[116.5341846608863,6.078191353110098],[116.5341846608863,6.077797265068974],[116.53470286927684,6.077797265068974],[116.53470286927684,6.077009089829625],[116.53573928605796,6.077403177308822],[116.53625749444853,6.076615002631365],[116.5367757028391,6.076615002631365],[116.5367757028391,6.077009089829625],[116.53781211962021,6.077009089829625],[116.53781211962021,6.076615002631365],[116.53884853640133,6.07622091571402],[116.53884853640133,6.0758268290775765],[116.53781211962021,6.075432742722013],[116.53781211962021,6.075038656647307],[116.53833032801077,6.075038656647307],[116.53781211962021,6.073068230486047],[116.53833032801077,6.073068230486047],[116.53833032801077,6.0734623151567275],[116.5393667447919,6.0734623151567275],[116.5393667447919,6.073856400108175],[116.53884853640133,6.073856400108175],[116.53884853640133,6.074644570853446],[116.54040316157301,6.075432742722013],[116.54040316157301,6.076615002631365],[116.54092136996357,6.076615002631365],[116.54092136996357,6.077009089829625],[116.54195778674469,6.077009089829625],[116.54195778674469,6.076615002631365],[116.54247599513525,6.076615002631365],[116.54247599513525,6.075432742722013],[116.54351241191638,6.075432742722013],[116.54351241191638,6.0758268290775765],[116.54454882869749,6.07622091571402],[116.54454882869749,6.077009089829625],[116.54351241191638,6.077403177308822],[116.54351241191638,6.078191353110098],[116.54403062030694,6.078191353110098],[116.54454882869749,6.078979530035344],[116.54558524547862,6.078979530035344],[116.54558524547862,6.0785854414322165],[116.54610345386918,6.0785854414322165],[116.54610345386918,6.0793736189195045],[116.54558524547862,6.0793736189195045],[116.54558524547862,6.079767708084711],[116.54506703708806,6.079767708084711],[116.54506703708806,6.0793736189195045],[116.54403062030694,6.0793736189195045],[116.54403062030694,6.078979530035344],[116.54299420352582,6.0793736189195045],[116.54403062030694,6.080555887258348],[116.54506703708806,6.080555887258348],[116.54506703708806,6.081344067556404],[116.54454882869749,6.081344067556404],[116.54454882869749,6.082132248979031],[116.54506703708806,6.082132248979031],[116.54506703708806,6.0825263401121035],[116.54403062030694,6.0825263401121035],[116.54403062030694,6.082920431526379],[116.54299420352582,6.083314523221868],[116.54299420352582,6.0825263401121035],[116.54195778674469,6.082132248979031],[116.54195778674469,6.0825263401121035],[116.54143957835414,6.0825263401121035],[116.54143957835414,6.082920431526379],[116.54195778674469,6.082920431526379],[116.54195778674469,6.084496799995834],[116.54143957835414,6.084496799995834],[116.54143957835414,6.0841027074565766],[116.54092136996357,6.0841027074565766],[116.54092136996357,6.083708615198595],[116.54143957835414,6.083708615198595],[116.54092136996357,6.082920431526379],[116.53988495318245,6.082920431526379],[116.53988495318245,6.083314523221868],[116.5393667447919,6.083314523221868],[116.5393667447919,6.082920431526379],[116.53833032801077,6.082920431526379],[116.53833032801077,6.0825263401121035],[116.53729391122964,6.0825263401121035],[116.53729391122964,6.082920431526379],[116.53625749444853,6.0825263401121035],[116.53625749444853,6.082920431526379],[116.53573928605796,6.082920431526379],[116.53573928605796,6.081738158127137],[116.53625749444853,6.081738158127137],[116.53625749444853,6.080949977266814],[116.53573928605796,6.080949977266814],[116.53625749444853,6.0801617975309865],[116.53573928605796,6.0801617975309865],[116.53573928605796,6.079767708084711],[116.5352210776674,6.079767708084711],[116.5341846608863,6.080949977266814],[116.53314824410516,6.080555887258348],[116.53263003571459,6.081344067556404],[116.53159361893348,6.081344067556404],[116.53159361893348,6.0825263401121035],[116.53263003571459,6.082920431526379],[116.53263003571459,6.083708615198595],[116.53159361893348,6.0841027074565766],[116.5314597989104,6.085284985918243],[116.53263003571459,6.084890892816381],[116.53263003571459,6.085679079301433],[116.53314824410516,6.085679079301433],[116.53314824410516,6.086073172965973],[116.5341846608863,6.086073172965973],[116.5341846608863,6.085679079301433],[116.5367757028391,6.086073172965973],[116.53781211962021,6.087255455647873],[116.53988495318245,6.087255455647873],[116.53988495318245,6.086861361139173],[116.54040316157301,6.086861361139173],[116.54092136996357,6.08843774086259],[116.5393667447919,6.087649550437997],[116.5393667447919,6.088043645509563],[116.53884853640133,6.088043645509563],[116.5393667447919,6.088831836497099],[116.53833032801077,6.089225932413107],[116.53833032801077,6.090014125089694],[116.53781211962021,6.090014125089694],[116.53781211962021,6.090408221850313],[116.53729391122964,6.090408221850313],[116.53729391122964,6.090014125089694],[116.53573928605796,6.090014125089694],[116.53573928605796,6.090408221850313],[116.53470286927684,6.090014125089694],[116.53314824410516,6.091590513821686],[116.53159361893348,6.090802318892504],[116.53124541109204,6.09237870987739],[116.53211182732406,6.09237870987739],[116.53263003571459,6.093166907059767],[116.53159361893348,6.093166907059767],[116.53123350065769,6.092772808327735],[116.53119776935465,6.093955105368966],[116.53366645249572,6.093955105368966],[116.53366645249572,6.093561006073505],[116.5352210776674,6.093561006073505],[116.5352210776674,6.093955105368966],[116.53573928605796,6.093955105368966],[116.53573928605796,6.0943492049461705],[116.5352210776674,6.0943492049461705],[116.53573928605796,6.095137404945886],[116.5367757028391,6.094743304805139],[116.53625749444853,6.093955105368966],[116.53729391122964,6.093955105368966],[116.53729391122964,6.0943492049461705],[116.53988495318245,6.0943492049461705],[116.5393667447919,6.095137404945886],[116.53833032801077,6.095137404945886],[116.53833032801077,6.095531505368434],[116.53729391122964,6.095531505368434],[116.53729391122964,6.095925606072799],[116.53573928605796,6.095925606072799],[116.53573928605796,6.096319707059002],[116.5352210776674,6.096319707059002],[116.5352210776674,6.095925606072799],[116.5341846608863,6.095925606072799],[116.5341846608863,6.096319707059002],[116.53366645249572,6.096319707059002],[116.5341846608863,6.097107909876995],[116.5367757028391,6.097502011708821],[116.5367757028391,6.09789611382256],[116.53729391122964,6.09789611382256],[116.53729391122964,6.097502011708821],[116.53781211962021,6.097502011708821],[116.53781211962021,6.09789611382256],[116.53833032801077,6.09789611382256],[116.53833032801077,6.097502011708821],[116.5393667447919,6.097502011708821],[116.5393667447919,6.0982902162182295],[116.53884853640133,6.0982902162182295],[116.53833032801077,6.099078421855437],[116.53729391122964,6.099078421855437],[116.53729391122964,6.09868431889585],[116.5367757028391,6.09868431889585],[116.5367757028391,6.099078421855437],[116.53625749444853,6.099078421855437],[116.53625749444853,6.09868431889585],[116.5352210776674,6.099078421855437],[116.5352210776674,6.099472525097014],[116.53625749444853,6.099866628620595],[116.53625749444853,6.100260732426201],[116.53573928605796,6.100260732426201],[116.53573928605796,6.101048940883563],[116.5352210776674,6.101048940883563],[116.5352210776674,6.10183715046925],[116.53573928605796,6.10183715046925],[116.53573928605796,6.102231255685262],[116.53625749444853,6.102231255685262],[116.53625749444853,6.10183715046925],[116.5367757028391,6.10183715046925],[116.5367757028391,6.101443045535356],[116.53729391122964,6.101443045535356],[116.53884853640133,6.099866628620595],[116.53988495318245,6.099866628620595],[116.5393667447919,6.100654836513851],[116.53988495318245,6.100654836513851],[116.53988495318245,6.101048940883563],[116.54092136996357,6.101048940883563],[116.54040316157301,6.103019466963718],[116.53988495318245,6.103019466963718],[116.53988495318245,6.102625361183412],[116.53884853640133,6.102625361183412],[116.53884853640133,6.103019466963718],[116.53833032801077,6.103019466963718],[116.53833032801077,6.10420178599776],[116.53781211962021,6.10420178599776],[116.53781211962021,6.106172323366042],[116.53729391122964,6.106172323366042],[116.53781211962021,6.107748758342408],[116.53729391122964,6.107748758342408],[116.53729391122964,6.108931087539823],[116.53781211962021,6.108931087539823],[116.53781211962021,6.109719308417017],[116.53833032801077,6.109719308417017],[116.53833032801077,6.110113419279345],[116.5393667447919,6.109719308417017],[116.5393667447919,6.108142867792456],[116.53988495318245,6.108142867792456],[116.53988495318245,6.107748758342408],[116.54040316157301,6.107748758342408],[116.54040316157301,6.108142867792456],[116.54092136996357,6.108142867792456],[116.54092136996357,6.107748758342408],[116.54195778674469,6.107748758342408],[116.54299420352582,6.108931087539823],[116.54403062030694,6.108931087539823],[116.54454882869749,6.109719308417017],[116.54558524547862,6.109719308417017],[116.54558524547862,6.110113419279345],[116.54610345386918,6.110113419279345],[116.54610345386918,6.1109016418515605],[116.54558524547862,6.1109016418515605],[116.54558524547862,6.111295753561486],[116.54506703708806,6.111295753561486],[116.54506703708806,6.1109016418515605],[116.54351241191638,6.1109016418515605],[116.54351241191638,6.111295753561486],[116.54195778674469,6.1120839778290605],[116.54195778674469,6.11247809038675],[116.54299420352582,6.112872203227064],[116.54299420352582,6.11247809038675],[116.54403062030694,6.11247809038675],[116.54403062030694,6.1120839778290605],[116.54506703708806,6.1120839778290605],[116.54506703708806,6.111689865553979],[116.54610345386918,6.1120839778290605],[116.54610345386918,6.111689865553979],[116.54765807904086,6.111689865553979],[116.54765807904086,6.111295753561486],[116.54817628743143,6.111295753561486],[116.54817628743143,6.1109016418515605],[116.54765807904086,6.1109016418515605],[116.54765807904086,6.110113419279345],[116.54817628743143,6.110113419279345],[116.54817628743143,6.109719308417017],[116.54765807904086,6.109719308417017],[116.54765807904086,6.108536977524919],[116.54869449582199,6.108142867792456],[116.54869449582199,6.108931087539823],[116.54921270421254,6.108931087539823],[116.54921270421254,6.109719308417017],[116.5497309126031,6.109719308417017],[116.5497309126031,6.110507530424188],[116.54921270421254,6.110507530424188],[116.54921270421254,6.111295753561486],[116.5497309126031,6.111295753561486],[116.5497309126031,6.111689865553979],[116.55024912099367,6.111689865553979],[116.55024912099367,6.111295753561486],[116.55128553777479,6.111295753561486],[116.55128553777479,6.111689865553979],[116.55232195455591,6.111295753561486],[116.55335837133704,6.11247809038675],[116.55439478811815,6.11247809038675],[116.5549129965087,6.113266316350024],[116.55594941328984,6.113266316350024],[116.55594941328984,6.11405454344395],[116.55646762168038,6.11405454344395],[116.55646762168038,6.114448657414955],[116.55750403846152,6.114448657414955],[116.55750403846152,6.114842771668679],[116.55854045524265,6.114842771668679],[116.55905866363318,6.1156310010243615],[116.55957687202375,6.1156310010243615],[116.55957687202375,6.115236886205141],[116.56061328880489,6.115236886205141],[116.56061328880489,6.1156310010243615],[116.56113149719542,6.1156310010243615],[116.56113149719542,6.115236886205141],[116.56268612236713,6.114448657414955],[116.56268612236713,6.115236886205141],[116.56320433075769,6.115236886205141],[116.56424074753879,6.116419231511148],[116.56475895592936,6.116419231511148],[116.56475895592936,6.116025116126357],[116.5657953727105,6.116025116126357],[116.5657953727105,6.116813347178751],[116.56631358110103,6.116813347178751],[116.56631358110103,6.117601579362475],[116.5657953727105,6.117601579362475],[116.56475895592936,6.11878392975963],[116.56527716431992,6.11878392975963],[116.56527716431992,6.119178047124509],[116.56631358110103,6.119178047124509],[116.5668317894916,6.11996628270312],[116.56734999788216,6.11996628270312],[116.56734999788216,6.119572164772333],[116.56786820627273,6.119572164772333],[116.56786820627273,6.11996628270312],[116.56890462305384,6.119572164772333],[116.56890462305384,6.120360400916891],[116.5694228314444,6.120360400916891],[116.56994103983497,6.121148638193454],[116.57045924822553,6.121148638193454],[116.57097745661608,6.120360400916891],[116.57149566500664,6.120360400916891],[116.57149566500664,6.120754519413663],[116.57253208178777,6.120754519413663],[116.57253208178777,6.121148638193454],[116.57356849856887,6.121542757256284],[116.57356849856887,6.122330996231137],[116.57408670695945,6.122330996231137],[116.57408670695945,6.122725116143196],[116.57512312374058,6.122725116143196],[116.57512312374058,6.12311923633837],[116.57408670695945,6.12311923633837],[116.57408670695945,6.123513356816676],[116.57356849856887,6.123513356816676]],[[116.58185983281786,6.119572164772333],[116.58185983281786,6.11996628270312],[116.5813416244273,6.11996628270312],[116.5813416244273,6.119572164772333],[116.58185983281786,6.119572164772333]],[[116.58289624959896,6.11996628270312],[116.58289624959896,6.120754519413663],[116.58237804120843,6.120754519413663],[116.58185983281786,6.11996628270312],[116.58289624959896,6.11996628270312]],[[116.57875058247448,6.121148638193454],[116.57771416569338,6.121542757256284],[116.57771416569338,6.121148638193454],[116.57719595730282,6.121148638193454],[116.57719595730282,6.120360400916891],[116.57823237408392,6.120360400916891],[116.57875058247448,6.121148638193454]],[[116.57875058247448,6.121542757256284],[116.57875058247448,6.121936876602172],[116.57926879086506,6.121936876602172],[116.57926879086506,6.122725116143196],[116.57875058247448,6.122725116143196],[116.57875058247448,6.1239074775781335],[116.57771416569338,6.1239074775781335],[116.57719595730282,6.12311923633837],[116.57771416569338,6.12311923633837],[116.57771416569338,6.121936876602172],[116.57875058247448,6.121542757256284]],[[116.57926879086506,6.121542757256284],[116.57978699925562,6.121542757256284],[116.57978699925562,6.121936876602172],[116.57926879086506,6.121936876602172],[116.57926879086506,6.121542757256284]],[[116.57719595730282,6.121542757256284],[116.57667774891225,6.121542757256284],[116.57667774891225,6.121148638193454],[116.57719595730282,6.121148638193454],[116.57719595730282,6.121542757256284]],[[116.56475895592936,6.1053841075718855],[116.56527716431992,6.1053841075718855],[116.56527716431992,6.10577821532781],[116.56424074753879,6.10577821532781],[116.56424074753879,6.104990000098247],[116.56475895592936,6.104990000098247],[116.56475895592936,6.1053841075718855]],[[116.57719595730282,6.097502011708821],[116.57823237408392,6.097502011708821],[116.57823237408392,6.09789611382256],[116.57719595730282,6.0982902162182295],[116.57719595730282,6.097502011708821]],[[116.58600549994233,6.099078421855437],[116.58600549994233,6.09868431889585],[116.5865237083329,6.09868431889585],[116.5865237083329,6.099078421855437],[116.58600549994233,6.099078421855437]],[[116.58289624959896,6.091590513821686],[116.58289624959896,6.091196416216289],[116.58341445798953,6.091196416216289],[116.58341445798953,6.091590513821686],[116.58289624959896,6.091590513821686]],[[116.58185983281786,6.091196416216289],[116.58185983281786,6.090802318892504],[116.58289624959896,6.090802318892504],[116.58289624959896,6.091196416216289],[116.58185983281786,6.091196416216289]],[[116.59118758384794,6.087649550437997],[116.59118758384794,6.088043645509563],[116.59066937545738,6.088043645509563],[116.59066937545738,6.087649550437997],[116.59118758384794,6.087649550437997]],[[116.59066937545738,6.08843774086259],[116.59118758384794,6.08843774086259],[116.59118758384794,6.088831836497099],[116.59066937545738,6.088831836497099],[116.59066937545738,6.08843774086259]],[[116.59896070970636,6.094743304805139],[116.59896070970636,6.0943492049461705],[116.59947891809692,6.0943492049461705],[116.59947891809692,6.094743304805139],[116.59896070970636,6.094743304805139]],[[116.59740608453467,6.0943492049461705],[116.59740608453467,6.094743304805139],[116.59636966775355,6.0943492049461705],[116.59636966775355,6.093955105368966],[116.59688787614412,6.093955105368966],[116.59636966775355,6.093166907059767],[116.59740608453467,6.092772808327735],[116.59740608453467,6.091984611708713],[116.59688787614412,6.091984611708713],[116.59688787614412,6.091590513821686],[116.59636966775355,6.091590513821686],[116.59585145936299,6.09237870987739],[116.59481504258189,6.091984611708713],[116.59481504258189,6.090802318892504],[116.59585145936299,6.091196416216289],[116.59585145936299,6.090802318892504],[116.59636966775355,6.090802318892504],[116.59636966775355,6.090014125089694],[116.59740608453467,6.090014125089694],[116.59740608453467,6.090408221850313],[116.59844250131579,6.090408221850313],[116.59844250131579,6.090802318892504],[116.59896070970636,6.090802318892504],[116.59896070970636,6.091590513821686],[116.59844250131579,6.091590513821686],[116.59896070970636,6.09237870987739],[116.59844250131579,6.09237870987739],[116.59844250131579,6.093166907059767],[116.59792429292523,6.093166907059767],[116.59896070970636,6.0943492049461705],[116.59740608453467,6.0943492049461705]],[[116.59429683419131,6.090802318892504],[116.59429683419131,6.090408221850313],[116.59481504258189,6.090408221850313],[116.59481504258189,6.090802318892504],[116.59429683419131,6.090802318892504]],[[116.59429683419131,6.088043645509563],[116.59429683419131,6.087649550437997],[116.59481504258189,6.087649550437997],[116.59481504258189,6.088043645509563],[116.59429683419131,6.088043645509563]],[[116.59792429292523,6.073068230486047],[116.59740608453467,6.073068230486047],[116.59740608453467,6.072674146096115],[116.59792429292523,6.072674146096115],[116.59792429292523,6.073068230486047]],[[116.59688787614412,6.071885978158423],[116.59688787614412,6.0722800619869135],[116.59636966775355,6.0722800619869135],[116.59636966775355,6.070703728357027],[116.59740608453467,6.070703728357027],[116.59740608453467,6.071097811343497],[116.59688787614412,6.071097811343497],[116.59740608453467,6.071885978158423],[116.59688787614412,6.071885978158423]],[[116.59429683419131,6.069521481081354],[116.59429683419131,6.069127399217313],[116.59326041741018,6.069521481081354],[116.59326041741018,6.071097811343497],[116.59377862580075,6.071097811343497],[116.59377862580075,6.071885978158423],[116.59326041741018,6.071885978158423],[116.59326041741018,6.0722800619869135],[116.59377862580075,6.0722800619869135],[116.59377862580075,6.073068230486047],[116.59274220901962,6.0734623151567275],[116.59274220901962,6.073856400108175],[116.59326041741018,6.073856400108175],[116.59326041741018,6.074250485340408],[116.59274220901962,6.074250485340408],[116.59274220901962,6.075038656647307],[116.59326041741018,6.075038656647307],[116.59326041741018,6.0758268290775765],[116.59377862580075,6.0758268290775765],[116.59429683419131,6.076615002631365],[116.59326041741018,6.077009089829625],[116.59222400062907,6.0758268290775765],[116.59118758384794,6.07622091571402],[116.59118758384794,6.076615002631365],[116.59170579223851,6.076615002631365],[116.59170579223851,6.077403177308822],[116.59118758384794,6.077403177308822],[116.59118758384794,6.077009089829625],[116.59015116706681,6.077403177308822],[116.59066937545738,6.078191353110098],[116.59170579223851,6.078191353110098],[116.59170579223851,6.078979530035344],[116.59066937545738,6.078979530035344],[116.59066937545738,6.0793736189195045],[116.59015116706681,6.0793736189195045],[116.59015116706681,6.0801617975309865],[116.59066937545738,6.0801617975309865],[116.59066937545738,6.080555887258348],[116.58963295867628,6.080949977266814],[116.58963295867628,6.0801617975309865],[116.5891147502857,6.0801617975309865],[116.5891147502857,6.0785854414322165],[116.58807833350457,6.078191353110098],[116.58807833350457,6.0785854414322165],[116.58756012511404,6.0785854414322165],[116.58756012511404,6.0801617975309865],[116.5865237083329,6.080555887258348],[116.5865237083329,6.080949977266814],[116.58704191672346,6.080949977266814],[116.58704191672346,6.081738158127137],[116.58600549994233,6.081344067556404],[116.58600549994233,6.081738158127137],[116.58496908316123,6.081738158127137],[116.5839326663801,6.082920431526379],[116.58237804120843,6.082920431526379],[116.58237804120843,6.0825263401121035],[116.5813416244273,6.082920431526379],[116.58185983281786,6.084890892816381],[116.58289624959896,6.085284985918243],[116.58289624959896,6.086073172965973],[116.58185983281786,6.086467266911879],[116.58185983281786,6.087255455647873],[116.58237804120843,6.087255455647873],[116.58289624959896,6.088043645509563],[116.58237804120843,6.088043645509563],[116.58237804120843,6.08843774086259],[116.58185983281786,6.08843774086259],[116.58185983281786,6.088043645509563],[116.5813416244273,6.088043645509563],[116.5813416244273,6.08843774086259],[116.57926879086506,6.08843774086259],[116.57875058247448,6.089225932413107],[116.57926879086506,6.089225932413107],[116.57926879086506,6.089620028610631],[116.5813416244273,6.089620028610631],[116.58082341603672,6.091196416216289],[116.57978699925562,6.090802318892504],[116.57926879086506,6.091590513821686],[116.57978699925562,6.091590513821686],[116.57978699925562,6.091984611708713],[116.58030520764619,6.091984611708713],[116.58030520764619,6.091590513821686],[116.5813416244273,6.091590513821686],[116.5813416244273,6.091984611708713],[116.58289624959896,6.091984611708713],[116.58289624959896,6.09237870987739],[116.58185983281786,6.09237870987739],[116.58185983281786,6.092772808327735],[116.5813416244273,6.092772808327735],[116.5813416244273,6.093561006073505],[116.57926879086506,6.0943492049461705],[116.57926879086506,6.094743304805139],[116.57978699925562,6.094743304805139],[116.57978699925562,6.095531505368434],[116.58030520764619,6.095531505368434],[116.58030520764619,6.095925606072799],[116.57926879086506,6.096319707059002],[116.57926879086506,6.096713808327062],[116.57978699925562,6.096713808327062],[116.57926879086506,6.097502011708821],[116.57875058247448,6.097502011708821],[116.57875058247448,6.096319707059002],[116.57823237408392,6.096319707059002],[116.57719595730282,6.095137404945886],[116.57615954052169,6.095531505368434],[116.57615954052169,6.095137404945886],[116.57460491535001,6.0943492049461705],[116.57460491535001,6.09237870987739],[116.57408670695945,6.09237870987739],[116.57408670695945,6.091590513821686],[116.57460491535001,6.091590513821686],[116.57460491535001,6.091984611708713],[116.57564133213111,6.091590513821686],[116.57460491535001,6.090408221850313],[116.57356849856887,6.090408221850313],[116.57356849856887,6.090802318892504],[116.57253208178777,6.091196416216289],[116.57253208178777,6.091590513821686],[116.57356849856887,6.091984611708713],[116.57253208178777,6.093955105368966],[116.57201387339721,6.093955105368966],[116.57201387339721,6.092772808327735],[116.57149566500664,6.092772808327735],[116.57149566500664,6.09237870987739],[116.5694228314444,6.09237870987739],[116.5694228314444,6.091984611708713],[116.57045924822553,6.091590513821686],[116.57045924822553,6.091196416216289],[116.56994103983497,6.091196416216289],[116.56994103983497,6.089620028610631],[116.57045924822553,6.089620028610631],[116.56994103983497,6.088831836497099],[116.57201387339721,6.087649550437997],[116.57201387339721,6.086861361139173],[116.57305029017834,6.086467266911879],[116.57305029017834,6.084890892816381],[116.57356849856887,6.084890892816381],[116.57356849856887,6.084496799995834],[116.57253208178777,6.0841027074565766],[116.57253208178777,6.083708615198595],[116.57305029017834,6.083708615198595],[116.57305029017834,6.083314523221868],[116.57253208178777,6.083314523221868],[116.57253208178777,6.0825263401121035],[116.57460491535001,6.082920431526379],[116.57460491535001,6.083708615198595],[116.57408670695945,6.083708615198595],[116.57460491535001,6.084496799995834],[116.57564133213111,6.0841027074565766],[116.57564133213111,6.083708615198595],[116.57512312374058,6.083708615198595],[116.57512312374058,6.082920431526379],[116.57564133213111,6.082920431526379],[116.57564133213111,6.082132248979031],[116.57512312374058,6.082132248979031],[116.57512312374058,6.081738158127137],[116.57564133213111,6.081738158127137],[116.57564133213111,6.081344067556404],[116.57512312374058,6.081344067556404],[116.57512312374058,6.080949977266814],[116.57460491535001,6.080949977266814],[116.57460491535001,6.081344067556404],[116.57356849856887,6.081344067556404],[116.57356849856887,6.080555887258348],[116.57305029017834,6.080555887258348],[116.57305029017834,6.0801617975309865],[116.57356849856887,6.0801617975309865],[116.57356849856887,6.079767708084711],[116.57305029017834,6.079767708084711],[116.57305029017834,6.078191353110098],[116.57408670695945,6.0785854414322165],[116.57460491535001,6.077797265068974],[116.57408670695945,6.077797265068974],[116.57408670695945,6.077403177308822],[116.57305029017834,6.077797265068974],[116.57305029017834,6.07622091571402],[116.57356849856887,6.07622091571402],[116.57408670695945,6.075432742722013],[116.57356849856887,6.075432742722013],[116.57356849856887,6.075038656647307],[116.57253208178777,6.075038656647307],[116.57253208178777,6.074250485340408],[116.57305029017834,6.074250485340408],[116.57305029017834,6.073068230486047],[116.57408670695945,6.073068230486047],[116.57408670695945,6.0734623151567275],[116.57512312374058,6.073068230486047],[116.57512312374058,6.0722800619869135],[116.57460491535001,6.0722800619869135],[116.57460491535001,6.071885978158423],[116.57305029017834,6.071885978158423],[116.57305029017834,6.071491894610624],[116.57253208178777,6.071491894610624],[116.57253208178777,6.071097811343497],[116.57305029017834,6.071097811343497],[116.57253208178777,6.070309645651192],[116.57356849856887,6.069915563225973],[116.57305029017834,6.069127399217313],[116.57201387339721,6.069127399217313],[116.57201387339721,6.069521481081354],[116.57045924822553,6.070309645651192],[116.57045924822553,6.070703728357027],[116.57149566500664,6.071097811343497],[116.57149566500664,6.071885978158423],[116.57201387339721,6.071885978158423],[116.57201387339721,6.0722800619869135],[116.57097745661608,6.072674146096115],[116.57097745661608,6.0734623151567275],[116.57045924822553,6.0734623151567275],[116.57045924822553,6.073068230486047],[116.5694228314444,6.073068230486047],[116.5694228314444,6.0734623151567275],[116.56838641466327,6.0734623151567275],[116.56838641466327,6.073856400108175],[116.56631358110103,6.075038656647307],[116.56631358110103,6.075432742722013],[116.5668317894916,6.075432742722013],[116.56631358110103,6.07622091571402],[116.5668317894916,6.07622091571402],[116.5668317894916,6.076615002631365],[116.56786820627273,6.076615002631365],[116.5668317894916,6.077797265068974],[116.56838641466327,6.0785854414322165],[116.56838641466327,6.0793736189195045],[116.5668317894916,6.0801617975309865],[116.5668317894916,6.081344067556404],[116.5657953727105,6.081738158127137],[116.5657953727105,6.082920431526379],[116.56527716431992,6.082920431526379],[116.56475895592936,6.083708615198595],[116.56424074753879,6.083708615198595],[116.56424074753879,6.083314523221868],[116.56320433075769,6.083708615198595],[116.56320433075769,6.084496799995834],[116.56372253914823,6.084496799995834],[116.56372253914823,6.084890892816381],[116.56424074753879,6.084890892816381],[116.56475895592936,6.0841027074565766],[116.56527716431992,6.0841027074565766],[116.56527716431992,6.084496799995834],[116.5657953727105,6.084496799995834],[116.5657953727105,6.0841027074565766],[116.5668317894916,6.0841027074565766],[116.5668317894916,6.084496799995834],[116.56631358110103,6.084496799995834],[116.56631358110103,6.085284985918243],[116.56527716431992,6.085679079301433],[116.5657953727105,6.087255455647873],[116.56424074753879,6.088043645509563],[116.56424074753879,6.08843774086259],[116.56475895592936,6.08843774086259],[116.56475895592936,6.089225932413107],[116.56424074753879,6.089225932413107],[116.56424074753879,6.090802318892504],[116.56372253914823,6.090802318892504],[116.56424074753879,6.09237870987739],[116.56320433075769,6.092772808327735],[116.56320433075769,6.093166907059767],[116.56372253914823,6.093166907059767],[116.56372253914823,6.093561006073505],[116.56320433075769,6.093561006073505],[116.56320433075769,6.0943492049461705],[116.56268612236713,6.0943492049461705],[116.56268612236713,6.094743304805139],[116.56216791397655,6.094743304805139],[116.56216791397655,6.0943492049461705],[116.56113149719542,6.094743304805139],[116.56113149719542,6.093166907059767],[116.56061328880489,6.093166907059767],[116.56061328880489,6.092772808327735],[116.56268612236713,6.092772808327735],[116.56268612236713,6.09237870987739],[116.56320433075769,6.09237870987739],[116.56320433075769,6.090802318892504],[116.56268612236713,6.090802318892504],[116.56320433075769,6.090014125089694],[116.56268612236713,6.090014125089694],[116.56268612236713,6.088831836497099],[116.56216791397655,6.088831836497099],[116.56216791397655,6.087255455647873],[116.56268612236713,6.087255455647873],[116.56268612236713,6.086467266911879],[116.56216791397655,6.086467266911879],[116.56216791397655,6.086073172965973],[116.56113149719542,6.086073172965973],[116.56113149719542,6.085679079301433],[116.55957687202375,6.085679079301433],[116.55957687202375,6.086073172965973],[116.55905866363318,6.086073172965973],[116.55905866363318,6.086861361139173],[116.55802224685208,6.086467266911879],[116.55802224685208,6.086861361139173],[116.55750403846152,6.086861361139173],[116.55802224685208,6.087649550437997],[116.55698583007094,6.087649550437997],[116.55698583007094,6.088043645509563],[116.55646762168038,6.088043645509563],[116.55698583007094,6.088831836497099],[116.55802224685208,6.088831836497099],[116.55802224685208,6.089225932413107],[116.55750403846152,6.089225932413107],[116.55750403846152,6.090014125089694],[116.55698583007094,6.090014125089694],[116.55646762168038,6.089225932413107],[116.55543120489928,6.089225932413107],[116.55543120489928,6.088831836497099],[116.55439478811815,6.089225932413107],[116.55439478811815,6.090408221850313],[116.55387657972757,6.090408221850313],[116.55387657972757,6.090802318892504],[116.5549129965087,6.091196416216289],[116.5549129965087,6.091984611708713],[116.55387657972757,6.091984611708713],[116.55387657972757,6.091196416216289],[116.55335837133704,6.091196416216289],[116.55335837133704,6.090802318892504],[116.55232195455591,6.090802318892504],[116.55232195455591,6.090408221850313],[116.55284016294647,6.090408221850313],[116.55284016294647,6.089620028610631],[116.55232195455591,6.089620028610631],[116.55232195455591,6.089225932413107],[116.55128553777479,6.089620028610631],[116.55128553777479,6.090408221850313],[116.55180374616533,6.090408221850313],[116.55128553777479,6.091196416216289],[116.55180374616533,6.091196416216289],[116.55180374616533,6.091984611708713],[116.55232195455591,6.091984611708713],[116.55232195455591,6.09237870987739],[116.55128553777479,6.092772808327735],[116.55128553777479,6.09237870987739],[116.55024912099367,6.091984611708713],[116.5497309126031,6.092772808327735],[116.55024912099367,6.092772808327735],[116.55076732938423,6.093561006073505],[116.5497309126031,6.093561006073505],[116.5497309126031,6.093955105368966],[116.54921270421254,6.093955105368966],[116.54921270421254,6.094743304805139],[116.54869449582199,6.094743304805139],[116.54921270421254,6.095531505368434],[116.5497309126031,6.095531505368434],[116.5497309126031,6.095137404945886],[116.55076732938423,6.095137404945886],[116.55076732938423,6.095531505368434],[116.5497309126031,6.095925606072799],[116.55024912099367,6.096713808327062],[116.5497309126031,6.096713808327062],[116.5497309126031,6.097502011708821],[116.54921270421254,6.097502011708821],[116.54921270421254,6.097107909876995],[116.54765807904086,6.097107909876995],[116.54765807904086,6.096713808327062],[116.54869449582199,6.096319707059002],[116.54869449582199,6.095531505368434],[116.54817628743143,6.095531505368434],[116.54817628743143,6.095137404945886],[116.5471398706503,6.095137404945886],[116.5471398706503,6.0943492049461705],[116.54765807904086,6.0943492049461705],[116.54765807904086,6.093561006073505],[116.54817628743143,6.093561006073505],[116.54817628743143,6.09237870987739],[116.54921270421254,6.09237870987739],[116.55076732938423,6.090802318892504],[116.55024912099367,6.090802318892504],[116.55024912099367,6.090408221850313],[116.5497309126031,6.090408221850313],[116.5497309126031,6.090802318892504],[116.54817628743143,6.090802318892504],[116.54817628743143,6.091196416216289],[116.54765807904086,6.091196416216289],[116.54765807904086,6.090802318892504],[116.54662166225975,6.090802318892504],[116.54662166225975,6.090408221850313],[116.54610345386918,6.090408221850313],[116.54610345386918,6.089620028610631],[116.54662166225975,6.089620028610631],[116.54610345386918,6.088831836497099],[116.5471398706503,6.08843774086259],[116.54765807904086,6.086861361139173],[116.5471398706503,6.086861361139173],[116.5471398706503,6.086467266911879],[116.54454882869749,6.086861361139173],[116.54351241191638,6.085679079301433],[116.54247599513525,6.085679079301433],[116.54247599513525,6.085284985918243],[116.54299420352582,6.085284985918243],[116.54299420352582,6.084496799995834],[116.54403062030694,6.084496799995834],[116.54403062030694,6.084890892816381],[116.54506703708806,6.084496799995834],[116.54506703708806,6.084890892816381],[116.54610345386918,6.085284985918243],[116.5471398706503,6.083708615198595],[116.54765807904086,6.083708615198595],[116.54765807904086,6.0841027074565766],[116.54869449582199,6.0841027074565766],[116.54869449582199,6.083708615198595],[116.54921270421254,6.083708615198595],[116.54869449582199,6.082920431526379],[116.54765807904086,6.082920431526379],[116.54765807904086,6.0825263401121035],[116.5471398706503,6.0825263401121035],[116.5471398706503,6.082132248979031],[116.54765807904086,6.082132248979031],[116.54765807904086,6.081344067556404],[116.5471398706503,6.081344067556404],[116.5471398706503,6.080555887258348],[116.54610345386918,6.0801617975309865],[116.54610345386918,6.079767708084711],[116.5471398706503,6.0793736189195045],[116.5471398706503,6.0785854414322165],[116.54817628743143,6.078191353110098],[116.54817628743143,6.077797265068974],[116.5471398706503,6.077403177308822],[116.5471398706503,6.07622091571402],[116.54765807904086,6.07622091571402],[116.54765807904086,6.0758268290775765],[116.54662166225975,6.075432742722013],[116.54662166225975,6.0758268290775765],[116.54558524547862,6.07622091571402],[116.54506703708806,6.074644570853446],[116.54558524547862,6.074644570853446],[116.54558524547862,6.0734623151567275],[116.54610345386918,6.0734623151567275],[116.54610345386918,6.073068230486047],[116.54506703708806,6.072674146096115],[116.54506703708806,6.073068230486047],[116.54403062030694,6.073068230486047],[116.54403062030694,6.0734623151567275],[116.54299420352582,6.073856400108175],[116.54299420352582,6.073068230486047],[116.54351241191638,6.073068230486047],[116.54351241191638,6.072674146096115],[116.54454882869749,6.072674146096115],[116.54506703708806,6.071885978158423],[116.54454882869749,6.071885978158423],[116.54454882869749,6.071491894610624],[116.54403062030694,6.071491894610624],[116.54403062030694,6.071885978158423],[116.54351241191638,6.071885978158423],[116.54351241191638,6.071491894610624],[116.54247599513525,6.071885978158423],[116.54247599513525,6.071097811343497],[116.54351241191638,6.070703728357027],[116.54351241191638,6.069915563225973],[116.54454882869749,6.070309645651192],[116.54454882869749,6.069915563225973],[116.54610345386918,6.069915563225973],[116.54662166225975,6.069127399217313],[116.54765807904086,6.069521481081354],[116.54765807904086,6.069127399217313],[116.54817628743143,6.069127399217313],[116.54817628743143,6.068733317633836],[116.5471398706503,6.068339236330897],[116.5471398706503,6.067551074566573],[116.54765807904086,6.067551074566573],[116.54765807904086,6.06715699410515],[116.54817628743143,6.06715699410515],[116.54817628743143,6.067945155308484],[116.5497309126031,6.068733317633836],[116.5497309126031,6.068339236330897],[116.55076732938423,6.067945155308484],[116.55076732938423,6.066762913924193],[116.55232195455591,6.065974754403605],[116.55232195455591,6.0651865960046605],[116.55128553777479,6.064792517225757],[116.55128553777479,6.064398438727207],[116.55180374616533,6.064398438727207],[116.55128553777479,6.063610282571097],[116.55076732938423,6.063610282571097],[116.55024912099367,6.064398438727207],[116.54921270421254,6.064398438727207],[116.54921270421254,6.064004360508992],[116.54817628743143,6.064398438727207],[116.54817628743143,6.063216204913498],[116.54921270421254,6.063610282571097],[116.54921270421254,6.063216204913498],[116.55024912099367,6.063216204913498],[116.55076732938423,6.06242805043912],[116.55180374616533,6.062822127536179],[116.55180374616533,6.06242805043912],[116.55284016294647,6.062033973622303],[116.55284016294647,6.06124582082932],[116.5549129965087,6.060063593741189],[116.5549129965087,6.059275443749779],[116.55439478811815,6.059275443749779],[116.55439478811815,6.0588813691742205],[116.55387657972757,6.0588813691742205],[116.55335837133704,6.0596695186054275],[116.55232195455591,6.0596695186054275],[116.55232195455591,6.060063593741189],[116.55076732938423,6.060063593741189],[116.55076732938423,6.0596695186054275],[116.55128553777479,6.0596695186054275],[116.55128553777479,6.059275443749779],[116.55232195455591,6.059275443749779],[116.55232195455591,6.0588813691742205],[116.55284016294647,6.0588813691742205],[116.55284016294647,6.058487294878736],[116.55335837133704,6.058487294878736],[116.55335837133704,6.058093220863305],[116.55543120489928,6.05691100049715],[116.55543120489928,6.0545465673237695],[116.55646762168038,6.0549406388195575],[116.55646762168038,6.055334710595232],[116.55594941328984,6.055334710595232],[116.55594941328984,6.056122854986307],[116.55646762168038,6.056122854986307],[116.55646762168038,6.0565169276017485],[116.55802224685208,6.0557287826508075],[116.55802224685208,6.05691100049715],[116.55854045524265,6.05691100049715],[116.55854045524265,6.058093220863305],[116.55905866363318,6.058093220863305],[116.55905866363318,6.059275443749779],[116.55854045524265,6.059275443749779],[116.55854045524265,6.0596695186054275],[116.55905866363318,6.0596695186054275],[116.55905866363318,6.060063593741189],[116.56113149719542,6.060063593741189],[116.56113149719542,6.060457669157078],[116.56216791397655,6.060457669157078],[116.56216791397655,6.06124582082932],[116.56164970558599,6.06124582082932],[116.56216791397655,6.062033973622303],[116.56164970558599,6.062033973622303],[116.56164970558599,6.06242805043912],[116.56216791397655,6.06242805043912],[116.56320433075769,6.063610282571097],[116.56475895592936,6.062822127536179],[116.56475895592936,6.06242805043912],[116.56424074753879,6.06242805043912],[116.56475895592936,6.060457669157078],[116.5657953727105,6.060457669157078],[116.5657953727105,6.060851744853116],[116.56631358110103,6.060851744853116],[116.56631358110103,6.0616398970857075],[116.56786820627273,6.06242805043912],[116.56786820627273,6.063216204913498],[116.56734999788216,6.063216204913498],[116.56734999788216,6.063610282571097],[116.56786820627273,6.063610282571097],[116.56786820627273,6.064004360508992],[116.56890462305384,6.064004360508992],[116.56890462305384,6.064398438727207],[116.57097745661608,6.063610282571097],[116.57097745661608,6.06242805043912],[116.57149566500664,6.06242805043912],[116.57201387339721,6.063216204913498],[116.57253208178777,6.063216204913498],[116.57305029017834,6.06242805043912],[116.57408670695945,6.06242805043912],[116.57408670695945,6.062822127536179],[116.57460491535001,6.062822127536179],[116.57460491535001,6.06242805043912],[116.57512312374058,6.06242805043912],[116.57512312374058,6.0616398970857075],[116.57564133213111,6.0616398970857075],[116.57564133213111,6.060851744853116],[116.57615954052169,6.060851744853116],[116.57719595730282,6.062033973622303],[116.57823237408392,6.0616398970857075],[116.57823237408392,6.06124582082932],[116.57771416569338,6.06124582082932],[116.57771416569338,6.0596695186054275],[116.57719595730282,6.0596695186054275],[116.57719595730282,6.0588813691742205],[116.57667774891225,6.0588813691742205],[116.57667774891225,6.058093220863305],[116.57719595730282,6.058093220863305],[116.57719595730282,6.05769914712791],[116.57667774891225,6.05769914712791],[116.57667774891225,6.0557287826508075],[116.57771416569338,6.055334710595232],[116.57771416569338,6.056122854986307],[116.57719595730282,6.056122854986307],[116.57771416569338,6.05691100049715],[116.57719595730282,6.05691100049715],[116.57719595730282,6.057305073672531],[116.57823237408392,6.05769914712791],[116.57823237408392,6.058487294878736],[116.57771416569338,6.058487294878736],[116.57771416569338,6.0588813691742205],[116.57823237408392,6.0588813691742205],[116.57823237408392,6.060851744853116],[116.57875058247448,6.060851744853116],[116.57926879086506,6.0616398970857075],[116.58030520764619,6.0616398970857075],[116.58030520764619,6.062033973622303],[116.58082341603672,6.062033973622303],[116.58082341603672,6.062822127536179],[116.5813416244273,6.062822127536179],[116.5813416244273,6.063216204913498],[116.58237804120843,6.063216204913498],[116.58237804120843,6.063610282571097],[116.58341445798953,6.064004360508992],[116.58341445798953,6.065974754403605],[116.5839326663801,6.065974754403605],[116.5839326663801,6.066368834023684],[116.58496908316123,6.066368834023684],[116.58496908316123,6.065974754403605],[116.58704191672346,6.065974754403605],[116.58704191672346,6.065580675063937],[116.58756012511404,6.065580675063937],[116.5891147502857,6.06715699410515],[116.59015116706681,6.06715699410515],[116.59015116706681,6.066762913924193],[116.59066937545738,6.066762913924193],[116.59066937545738,6.065580675063937],[116.59118758384794,6.065580675063937],[116.59118758384794,6.065974754403605],[116.59222400062907,6.066368834023684],[116.59274220901962,6.067945155308484],[116.59326041741018,6.067945155308484],[116.59326041741018,6.068339236330897],[116.59429683419131,6.068339236330897],[116.59429683419131,6.068733317633836],[116.59533325097242,6.069127399217313],[116.59533325097242,6.069521481081354],[116.59429683419131,6.069521481081354]],[[116.59429683419131,6.073068230486047],[116.59429683419131,6.0734623151567275],[116.59377862580075,6.0734623151567275],[116.59377862580075,6.073068230486047],[116.59429683419131,6.073068230486047]],[[116.59429683419131,6.0758268290775765],[116.59481504258189,6.0758268290775765],[116.59481504258189,6.07622091571402],[116.59429683419131,6.07622091571402],[116.59429683419131,6.0758268290775765]],[[116.59533325097242,6.07622091571402],[116.59533325097242,6.076615002631365],[116.59481504258189,6.076615002631365],[116.59481504258189,6.07622091571402],[116.59533325097242,6.07622091571402]],[[116.59429683419131,6.077009089829625],[116.59429683419131,6.077403177308822],[116.59377862580075,6.077403177308822],[116.59377862580075,6.077009089829625],[116.59429683419131,6.077009089829625]],[[116.59481504258189,6.077403177308822],[116.59481504258189,6.077009089829625],[116.59585145936299,6.077009089829625],[116.59533325097242,6.077797265068974],[116.59429683419131,6.077797265068974],[116.59429683419131,6.077403177308822],[116.59481504258189,6.077403177308822]],[[116.59118758384794,6.080555887258348],[116.59118758384794,6.0801617975309865],[116.59170579223851,6.0801617975309865],[116.59170579223851,6.080949977266814],[116.59066937545738,6.080949977266814],[116.59066937545738,6.080555887258348],[116.59118758384794,6.080555887258348]],[[116.58341445798953,6.086073172965973],[116.58341445798953,6.086467266911879],[116.58289624959896,6.086467266911879],[116.58289624959896,6.086073172965973],[116.58341445798953,6.086073172965973]],[[116.5839326663801,6.086467266911879],[116.5839326663801,6.086861361139173],[116.58341445798953,6.086861361139173],[116.58341445798953,6.086467266911879],[116.5839326663801,6.086467266911879]],[[116.5813416244273,6.095925606072799],[116.5813416244273,6.096319707059002],[116.58237804120843,6.096319707059002],[116.58237804120843,6.097107909876995],[116.58341445798953,6.097502011708821],[116.58341445798953,6.097107909876995],[116.5839326663801,6.097107909876995],[116.58341445798953,6.095137404945886],[116.5839326663801,6.095137404945886],[116.5839326663801,6.0943492049461705],[116.58445087477067,6.0943492049461705],[116.58445087477067,6.095531505368434],[116.5839326663801,6.095531505368434],[116.5839326663801,6.095925606072799],[116.58445087477067,6.095925606072799],[116.58445087477067,6.097502011708821],[116.5839326663801,6.097502011708821],[116.5839326663801,6.09789611382256],[116.58445087477067,6.09789611382256],[116.58445087477067,6.09868431889585],[116.5839326663801,6.09868431889585],[116.5839326663801,6.0982902162182295],[116.58289624959896,6.0982902162182295],[116.58289624959896,6.09789611382256],[116.58185983281786,6.0982902162182295],[116.58185983281786,6.09789611382256],[116.58030520764619,6.097107909876995],[116.58030520764619,6.096713808327062],[116.58082341603672,6.096713808327062],[116.58030520764619,6.095925606072799],[116.5813416244273,6.095925606072799]],[[116.58082341603672,6.09789611382256],[116.58030520764619,6.09789611382256],[116.58030520764619,6.097502011708821],[116.58082341603672,6.097502011708821],[116.58082341603672,6.09789611382256]],[[116.57978699925562,6.097502011708821],[116.57978699925562,6.09789611382256],[116.57926879086506,6.09789611382256],[116.57926879086506,6.097502011708821],[116.57978699925562,6.097502011708821]],[[116.57771416569338,6.096319707059002],[116.57719595730282,6.096319707059002],[116.57719595730282,6.095925606072799],[116.57771416569338,6.095925606072799],[116.57771416569338,6.096319707059002]],[[116.5694228314444,6.088831836497099],[116.5694228314444,6.08843774086259],[116.56994103983497,6.08843774086259],[116.56994103983497,6.088831836497099],[116.5694228314444,6.088831836497099]],[[116.57305029017834,6.0722800619869135],[116.57253208178777,6.0722800619869135],[116.57253208178777,6.071885978158423],[116.57305029017834,6.071885978158423],[116.57305029017834,6.0722800619869135]],[[116.56786820627273,6.07622091571402],[116.56838641466327,6.07622091571402],[116.56838641466327,6.076615002631365],[116.56786820627273,6.076615002631365],[116.56786820627273,6.07622091571402]],[[116.56838641466327,6.0758268290775765],[116.56890462305384,6.0758268290775765],[116.56890462305384,6.07622091571402],[116.56838641466327,6.07622091571402],[116.56838641466327,6.0758268290775765]],[[116.56890462305384,6.075038656647307],[116.56994103983497,6.075038656647307],[116.56994103983497,6.075432742722013],[116.56890462305384,6.0758268290775765],[116.56890462305384,6.075038656647307]],[[116.56994103983497,6.074644570853446],[116.57045924822553,6.074644570853446],[116.57045924822553,6.075038656647307],[116.56994103983497,6.075038656647307],[116.56994103983497,6.074644570853446]],[[116.56890462305384,6.076615002631365],[116.56890462305384,6.077009089829625],[116.56838641466327,6.077009089829625],[116.56838641466327,6.076615002631365],[116.56890462305384,6.076615002631365]],[[116.56631358110103,6.082920431526379],[116.56631358110103,6.083314523221868],[116.5657953727105,6.083314523221868],[116.5657953727105,6.082920431526379],[116.56631358110103,6.082920431526379]],[[116.5657953727105,6.087649550437997],[116.5657953727105,6.088043645509563],[116.56527716431992,6.088043645509563],[116.56527716431992,6.087649550437997],[116.5657953727105,6.087649550437997]],[[116.56009508041431,6.092772808327735],[116.56009508041431,6.09237870987739],[116.56061328880489,6.09237870987739],[116.56061328880489,6.092772808327735],[116.56009508041431,6.092772808327735]],[[116.55854045524265,6.087649550437997],[116.55854045524265,6.088043645509563],[116.55802224685208,6.088043645509563],[116.55802224685208,6.087649550437997],[116.55854045524265,6.087649550437997]],[[116.5471398706503,6.095531505368434],[116.54662166225975,6.095531505368434],[116.54662166225975,6.095137404945886],[116.5471398706503,6.095137404945886],[116.5471398706503,6.095531505368434]],[[116.54558524547862,6.088831836497099],[116.54558524547862,6.08843774086259],[116.54610345386918,6.08843774086259],[116.54610345386918,6.088831836497099],[116.54558524547862,6.088831836497099]],[[116.54506703708806,6.08843774086259],[116.54506703708806,6.088043645509563],[116.54558524547862,6.088043645509563],[116.54558524547862,6.08843774086259],[116.54506703708806,6.08843774086259]],[[116.54247599513525,6.086073172965973],[116.54195778674469,6.086073172965973],[116.54195778674469,6.085679079301433],[116.54247599513525,6.085679079301433],[116.54247599513525,6.086073172965973]],[[116.54765807904086,6.083314523221868],[116.5471398706503,6.083314523221868],[116.5471398706503,6.082920431526379],[116.54765807904086,6.082920431526379],[116.54765807904086,6.083314523221868]],[[116.54403062030694,6.073856400108175],[116.54403062030694,6.074644570853446],[116.54351241191638,6.074644570853446],[116.54351241191638,6.073856400108175],[116.54403062030694,6.073856400108175]],[[116.55594941328984,6.054152496107849],[116.55646762168038,6.054152496107849],[116.55646762168038,6.0545465673237695],[116.55594941328984,6.0545465673237695],[116.55594941328984,6.054152496107849]],[[116.58859654189514,6.065974754403605],[116.5891147502857,6.065974754403605],[116.5891147502857,6.066368834023684],[116.58859654189514,6.066368834023684],[116.58859654189514,6.065974754403605]],[[116.5813416244273,6.048635528460441],[116.5813416244273,6.048241461440266],[116.58185983281786,6.048241461440266],[116.58185983281786,6.048635528460441],[116.5813416244273,6.048635528460441]],[[116.58082341603672,6.048241461440266],[116.58082341603672,6.047847394699659],[116.5813416244273,6.047847394699659],[116.5813416244273,6.048241461440266],[116.58082341603672,6.048241461440266]],[[116.56320433075769,6.0616398970857075],[116.56268612236713,6.0616398970857075],[116.56268612236713,6.06124582082932],[116.56320433075769,6.06124582082932],[116.56320433075769,6.0616398970857075]],[[116.56061328880489,6.050211799337174],[116.56061328880489,6.05060586775546],[116.56009508041431,6.05060586775546],[116.56009508041431,6.050211799337174],[116.56061328880489,6.050211799337174]],[[116.55750403846152,6.049423663339561],[116.55698583007094,6.049423663339561],[116.55698583007094,6.049029595760199],[116.55750403846152,6.049029595760199],[116.55750403846152,6.049423663339561]],[[116.5367757028391,6.064004360508992],[116.53729391122964,6.064004360508992],[116.53729391122964,6.064398438727207],[116.5367757028391,6.064398438727207],[116.5367757028391,6.064004360508992]],[[116.5341846608863,6.066368834023684],[116.53366645249572,6.066368834023684],[116.53366645249572,6.065974754403605],[116.5341846608863,6.065974754403605],[116.5341846608863,6.066368834023684]],[[116.53366645249572,6.0722800619869135],[116.5341846608863,6.0722800619869135],[116.5341846608863,6.072674146096115],[116.53366645249572,6.072674146096115],[116.53366645249572,6.0722800619869135]],[[116.5341846608863,6.071885978158423],[116.53470286927684,6.071885978158423],[116.53470286927684,6.0722800619869135],[116.5341846608863,6.0722800619869135],[116.5341846608863,6.071885978158423]],[[116.5341846608863,6.077009089829625],[116.5341846608863,6.076615002631365],[116.53470286927684,6.076615002631365],[116.53470286927684,6.077009089829625],[116.5341846608863,6.077009089829625]],[[116.5393667447919,6.073068230486047],[116.53988495318245,6.073068230486047],[116.53988495318245,6.071097811343497],[116.54040316157301,6.071097811343497],[116.54040316157301,6.071491894610624],[116.54092136996357,6.071491894610624],[116.54092136996357,6.071885978158423],[116.54040316157301,6.071885978158423],[116.54040316157301,6.072674146096115],[116.54092136996357,6.072674146096115],[116.54143957835414,6.0734623151567275],[116.54092136996357,6.0734623151567275],[116.54092136996357,6.073856400108175],[116.53988495318245,6.073856400108175],[116.5393667447919,6.073068230486047]],[[116.54195778674469,6.0734623151567275],[116.54195778674469,6.073856400108175],[116.54143957835414,6.073856400108175],[116.54143957835414,6.0734623151567275],[116.54195778674469,6.0734623151567275]],[[116.53263003571459,6.0841027074565766],[116.53263003571459,6.084496799995834],[116.53211182732406,6.084496799995834],[116.53211182732406,6.0841027074565766],[116.53263003571459,6.0841027074565766]],[[116.54040316157301,6.086467266911879],[116.53988495318245,6.086467266911879],[116.53988495318245,6.086073172965973],[116.53884853640133,6.086073172965973],[116.53884853640133,6.085284985918243],[116.53833032801077,6.085284985918243],[116.53833032801077,6.084890892816381],[116.53781211962021,6.084890892816381],[116.53781211962021,6.085284985918243],[116.5367757028391,6.085284985918243],[116.5367757028391,6.084496799995834],[116.53729391122964,6.084496799995834],[116.53729391122964,6.0841027074565766],[116.53833032801077,6.0841027074565766],[116.53833032801077,6.084496799995834],[116.5393667447919,6.0841027074565766],[116.5393667447919,6.084496799995834],[116.54040316157301,6.084890892816381],[116.54092136996357,6.086861361139173],[116.54040316157301,6.086861361139173],[116.54040316157301,6.086467266911879]],[[116.5367757028391,6.0841027074565766],[116.5367757028391,6.083708615198595],[116.53729391122964,6.083708615198595],[116.53729391122964,6.0841027074565766],[116.5367757028391,6.0841027074565766]],[[116.5393667447919,6.083708615198595],[116.53988495318245,6.083708615198595],[116.53988495318245,6.0841027074565766],[116.5393667447919,6.0841027074565766],[116.5393667447919,6.083708615198595]],[[116.54040316157301,6.088831836497099],[116.53988495318245,6.088831836497099],[116.53988495318245,6.08843774086259],[116.54040316157301,6.08843774086259],[116.54040316157301,6.088831836497099]],[[116.53833032801077,6.090408221850313],[116.53833032801077,6.090802318892504],[116.53781211962021,6.090802318892504],[116.53781211962021,6.090408221850313],[116.53833032801077,6.090408221850313]],[[116.53211182732406,6.091984611708713],[116.53263003571459,6.091984611708713],[116.53263003571459,6.09237870987739],[116.53211182732406,6.09237870987739],[116.53211182732406,6.091984611708713]],[[116.53988495318245,6.099472525097014],[116.54040316157301,6.099472525097014],[116.54040316157301,6.099866628620595],[116.53988495318245,6.099866628620595],[116.53988495318245,6.099472525097014]],[[116.57356849856887,6.121148638193454],[116.57408670695945,6.121148638193454],[116.57408670695945,6.121542757256284],[116.57356849856887,6.121542757256284],[116.57356849856887,6.121148638193454]],[[116.58445087477067,6.12469571995058],[116.58496908316123,6.12469571995058],[116.58496908316123,6.1250898415616035],[116.58445087477067,6.1250898415616035],[116.58445087477067,6.12469571995058]],[[116.5839326663801,6.12469571995058],[116.5839326663801,6.12430159862276],[116.58445087477067,6.12430159862276],[116.58445087477067,6.12469571995058],[116.5839326663801,6.12469571995058]],[[116.58445087477067,6.1239074775781335],[116.58496908316123,6.1239074775781335],[116.58496908316123,6.12430159862276],[116.58445087477067,6.12430159862276],[116.58445087477067,6.1239074775781335]],[[116.58807833350457,6.12469571995058],[116.58807833350457,6.12430159862276],[116.58859654189514,6.12430159862276],[116.58859654189514,6.1250898415616035],[116.58756012511404,6.1250898415616035],[116.58756012511404,6.12469571995058],[116.58807833350457,6.12469571995058]],[[116.58082341603672,6.121542757256284],[116.58030520764619,6.120754519413663],[116.58237804120843,6.121148638193454],[116.58237804120843,6.122725116143196],[116.58289624959896,6.122725116143196],[116.58289624959896,6.123513356816676],[116.58341445798953,6.123513356816676],[116.58341445798953,6.12430159862276],[116.58289624959896,6.12430159862276],[116.58289624959896,6.12469571995058],[116.58237804120843,6.12469571995058],[116.58185983281786,6.1239074775781335],[116.58082341603672,6.1239074775781335],[116.58082341603672,6.122725116143196],[116.5813416244273,6.122725116143196],[116.5813416244273,6.121542757256284],[116.58082341603672,6.121542757256284]],[[116.57460491535001,6.12430159862276],[116.57460491535001,6.1239074775781335],[116.57512312374058,6.1239074775781335],[116.57512312374058,6.12430159862276],[116.57460491535001,6.12430159862276]],[[116.5839326663801,6.123513356816676],[116.5839326663801,6.12311923633837],[116.58445087477067,6.12311923633837],[116.58445087477067,6.123513356816676],[116.5839326663801,6.123513356816676]],[[116.5865237083329,6.121542757256284],[116.5865237083329,6.121148638193454],[116.58704191672346,6.121148638193454],[116.58704191672346,6.121936876602172],[116.5865237083329,6.121936876602172],[116.5865237083329,6.122330996231137],[116.58704191672346,6.122330996231137],[116.58704191672346,6.123513356816676],[116.58600549994233,6.123513356816676],[116.58600549994233,6.12311923633837],[116.58496908316123,6.122725116143196],[116.58496908316123,6.121936876602172],[116.58548729155177,6.121936876602172],[116.58548729155177,6.121542757256284],[116.5865237083329,6.121542757256284]],[[116.58807833350457,6.121936876602172],[116.58807833350457,6.122330996231137],[116.58756012511404,6.122330996231137],[116.58756012511404,6.121936876602172],[116.58807833350457,6.121936876602172]],[[116.58807833350457,6.121542757256284],[116.58859654189514,6.121542757256284],[116.58859654189514,6.121936876602172],[116.58807833350457,6.121936876602172],[116.58807833350457,6.121542757256284]],[[116.58341445798953,6.121542757256284],[116.5839326663801,6.120754519413663],[116.58548729155177,6.120754519413663],[116.58496908316123,6.121542757256284],[116.58341445798953,6.121542757256284]],[[116.58704191672346,6.120360400916891],[116.58704191672346,6.120754519413663],[116.5865237083329,6.120754519413663],[116.5865237083329,6.11878392975963],[116.58600549994233,6.11878392975963],[116.58600549994233,6.118389812677677],[116.58704191672346,6.118389812677677],[116.58704191672346,6.11878392975963],[116.58756012511404,6.11878392975963],[116.58756012511404,6.120360400916891],[116.58704191672346,6.120360400916891]],[[116.57097745661608,6.11996628270312],[116.57097745661608,6.119572164772333],[116.57149566500664,6.119572164772333],[116.57149566500664,6.11996628270312],[116.57097745661608,6.11996628270312]],[[116.58341445798953,6.117995695878632],[116.58341445798953,6.118389812677677],[116.58445087477067,6.118389812677677],[116.58445087477067,6.117995695878632],[116.58496908316123,6.117995695878632],[116.58496908316123,6.119178047124509],[116.58445087477067,6.119178047124509],[116.58445087477067,6.119572164772333],[116.58341445798953,6.119572164772333],[116.58341445798953,6.119178047124509],[116.58237804120843,6.119178047124509],[116.58237804120843,6.11878392975963],[116.58185983281786,6.11878392975963],[116.58185983281786,6.118389812677677],[116.58289624959896,6.118389812677677],[116.58289624959896,6.117995695878632],[116.58341445798953,6.117995695878632]],[[116.57253208178777,6.119178047124509],[116.57201387339721,6.118389812677677],[116.57356849856887,6.118389812677677],[116.57356849856887,6.11878392975963],[116.57253208178777,6.119178047124509]],[[116.56786820627273,6.118389812677677],[116.56786820627273,6.117995695878632],[116.56838641466327,6.117995695878632],[116.56838641466327,6.118389812677677],[116.56786820627273,6.118389812677677]],[[116.5668317894916,6.117601579362475],[116.5668317894916,6.117207463129188],[116.56734999788216,6.117207463129188],[116.56734999788216,6.117601579362475],[116.5668317894916,6.117601579362475]],[[116.57149566500664,6.117207463129188],[116.57149566500664,6.117601579362475],[116.57045924822553,6.117601579362475],[116.57045924822553,6.116813347178751],[116.57149566500664,6.117207463129188]],[[116.57097745661608,6.116419231511148],[116.57149566500664,6.116419231511148],[116.57149566500664,6.116813347178751],[116.57097745661608,6.116813347178751],[116.57097745661608,6.116419231511148]],[[116.57201387339721,6.117601579362475],[116.57201387339721,6.117207463129188],[116.57253208178777,6.117207463129188],[116.57253208178777,6.117601579362475],[116.57201387339721,6.117601579362475]],[[116.57512312374058,6.117207463129188],[116.57512312374058,6.116813347178751],[116.57564133213111,6.116813347178751],[116.57564133213111,6.117207463129188],[116.57512312374058,6.117207463129188]],[[116.55802224685208,6.112872203227064],[116.55802224685208,6.11247809038675],[116.55750403846152,6.11247809038675],[116.55750403846152,6.111689865553979],[116.55802224685208,6.111689865553979],[116.55854045524265,6.11247809038675],[116.55957687202375,6.11247809038675],[116.55957687202375,6.1120839778290605],[116.56061328880489,6.111689865553979],[116.56061328880489,6.1120839778290605],[116.56113149719542,6.1120839778290605],[116.56113149719542,6.113266316350024],[116.56061328880489,6.113266316350024],[116.56061328880489,6.11405454344395],[116.56113149719542,6.11405454344395],[116.56113149719542,6.114448657414955],[116.56009508041431,6.114842771668679],[116.56009508041431,6.114448657414955],[116.55957687202375,6.114448657414955],[116.55957687202375,6.113660429755646],[116.55802224685208,6.112872203227064]],[[116.55594941328984,6.1120839778290605],[116.55646762168038,6.1120839778290605],[116.55646762168038,6.11247809038675],[116.55594941328984,6.11247809038675],[116.55594941328984,6.1120839778290605]],[[116.5549129965087,6.1120839778290605],[116.5549129965087,6.111689865553979],[116.55594941328984,6.111689865553979],[116.55594941328984,6.1120839778290605],[116.5549129965087,6.1120839778290605]],[[116.56216791397655,6.1120839778290605],[116.56268612236713,6.111295753561486],[116.56372253914823,6.111295753561486],[116.56320433075769,6.1120839778290605],[116.56216791397655,6.1120839778290605]],[[116.55387657972757,6.111295753561486],[116.55387657972757,6.1109016418515605],[116.55439478811815,6.1109016418515605],[116.55439478811815,6.111295753561486],[116.55387657972757,6.111295753561486]],[[116.55646762168038,6.111295753561486],[116.55646762168038,6.1109016418515605],[116.55698583007094,6.1109016418515605],[116.55698583007094,6.111295753561486],[116.55646762168038,6.111295753561486]],[[116.55802224685208,6.110507530424188],[116.55802224685208,6.111295753561486],[116.55750403846152,6.111295753561486],[116.55750403846152,6.110507530424188],[116.55802224685208,6.110507530424188]],[[116.55802224685208,6.110113419279345],[116.55854045524265,6.110113419279345],[116.55854045524265,6.110507530424188],[116.55802224685208,6.110507530424188],[116.55802224685208,6.110113419279345]],[[116.55854045524265,6.109719308417017],[116.55905866363318,6.109719308417017],[116.55854045524265,6.108931087539823],[116.55646762168038,6.109719308417017],[116.55646762168038,6.108931087539823],[116.55594941328984,6.108931087539823],[116.55594941328984,6.108536977524919],[116.5549129965087,6.108536977524919],[116.5549129965087,6.108142867792456],[116.55594941328984,6.107748758342408],[116.55594941328984,6.106960540289501],[116.55646762168038,6.106960540289501],[116.55802224685208,6.108536977524919],[116.55905866363318,6.108142867792456],[116.55854045524265,6.107354649174765],[116.55957687202375,6.106960540289501],[116.55957687202375,6.106172323366042],[116.55905866363318,6.106172323366042],[116.55854045524265,6.1053841075718855],[116.55698583007094,6.1053841075718855],[116.55698583007094,6.10459589290688],[116.55802224685208,6.10420178599776],[116.55802224685208,6.10459589290688],[116.55905866363318,6.104990000098247],[116.56009508041431,6.103807679370874],[116.56113149719542,6.10420178599776],[116.56164970558599,6.103413573026198],[116.56268612236713,6.103413573026198],[116.56268612236713,6.103019466963718],[116.56372253914823,6.102625361183412],[116.56372253914823,6.103413573026198],[116.56216791397655,6.10420178599776],[116.56268612236713,6.104990000098247],[116.56372253914823,6.104990000098247],[116.56372253914823,6.10577821532781],[116.56320433075769,6.10577821532781],[116.56320433075769,6.106566431686598],[116.56372253914823,6.106566431686598],[116.56372253914823,6.106960540289501],[116.56320433075769,6.106960540289501],[116.56320433075769,6.107354649174765],[116.56372253914823,6.107354649174765],[116.56372253914823,6.107748758342408],[116.56320433075769,6.107748758342408],[116.56320433075769,6.109325197837181],[116.56372253914823,6.109325197837181],[116.56372253914823,6.109719308417017],[116.56320433075769,6.109719308417017],[116.56320433075769,6.110507530424188],[116.56216791397655,6.110507530424188],[116.56216791397655,6.110113419279345],[116.56164970558599,6.110113419279345],[116.56164970558599,6.108931087539823],[116.56113149719542,6.108931087539823],[116.56113149719542,6.108536977524919],[116.56009508041431,6.108931087539823],[116.56009508041431,6.110113419279345],[116.56061328880489,6.110113419279345],[116.56061328880489,6.110507530424188],[116.55905866363318,6.110507530424188],[116.55854045524265,6.109719308417017]],[[116.5549129965087,6.108931087539823],[116.55439478811815,6.108931087539823],[116.55439478811815,6.108536977524919],[116.5549129965087,6.108536977524919],[116.5549129965087,6.108931087539823]],[[116.56372253914823,6.103807679370874],[116.56372253914823,6.10420178599776],[116.56320433075769,6.10420178599776],[116.56320433075769,6.103807679370874],[116.56372253914823,6.103807679370874]],[[116.55232195455591,6.110507530424188],[116.55180374616533,6.110507530424188],[116.55180374616533,6.1109016418515605],[116.55128553777479,6.1109016418515605],[116.55128553777479,6.110113419279345],[116.55180374616533,6.110113419279345],[116.55180374616533,6.109719308417017],[116.55232195455591,6.109719308417017],[116.55232195455591,6.110507530424188]],[[116.55284016294647,6.110507530424188],[116.55284016294647,6.1109016418515605],[116.55232195455591,6.1109016418515605],[116.55232195455591,6.110507530424188],[116.55284016294647,6.110507530424188]],[[116.57253208178777,6.1109016418515605],[116.57253208178777,6.110507530424188],[116.57305029017834,6.110507530424188],[116.57305029017834,6.1109016418515605],[116.57253208178777,6.1109016418515605]],[[116.55387657972757,6.110507530424188],[116.55387657972757,6.110113419279345],[116.55439478811815,6.110113419279345],[116.55439478811815,6.110507530424188],[116.55387657972757,6.110507530424188]],[[116.54662166225975,6.109719308417017],[116.5471398706503,6.109719308417017],[116.5471398706503,6.110113419279345],[116.54662166225975,6.110113419279345],[116.54662166225975,6.109719308417017]],[[116.54610345386918,6.109719308417017],[116.54610345386918,6.109325197837181],[116.54662166225975,6.109325197837181],[116.54662166225975,6.109719308417017],[116.54610345386918,6.109719308417017]],[[116.55543120489928,6.110113419279345],[116.55543120489928,6.109719308417017],[116.55594941328984,6.109719308417017],[116.55594941328984,6.110113419279345],[116.55543120489928,6.110113419279345]],[[116.56994103983497,6.110113419279345],[116.56994103983497,6.109325197837181],[116.57045924822553,6.109325197837181],[116.57045924822553,6.110113419279345],[116.56994103983497,6.110113419279345]],[[116.55076732938423,6.109719308417017],[116.55076732938423,6.109325197837181],[116.55128553777479,6.109325197837181],[116.55128553777479,6.109719308417017],[116.55076732938423,6.109719308417017]],[[116.56424074753879,6.109325197837181],[116.56424074753879,6.108931087539823],[116.56475895592936,6.108931087539823],[116.56475895592936,6.109325197837181],[116.56424074753879,6.109325197837181]],[[116.57253208178777,6.109325197837181],[116.57253208178777,6.108931087539823],[116.57305029017834,6.108931087539823],[116.57305029017834,6.109325197837181],[116.57253208178777,6.109325197837181]],[[116.57356849856887,6.109325197837181],[116.57356849856887,6.108931087539823],[116.57408670695945,6.108931087539823],[116.57408670695945,6.109325197837181],[116.57356849856887,6.109325197837181]],[[116.55076732938423,6.108536977524919],[116.55024912099367,6.108536977524919],[116.55024912099367,6.108931087539823],[116.5497309126031,6.108931087539823],[116.5497309126031,6.108142867792456],[116.55076732938423,6.108142867792456],[116.55076732938423,6.108536977524919]],[[116.54921270421254,6.108142867792456],[116.54921270421254,6.107748758342408],[116.5497309126031,6.107748758342408],[116.5497309126031,6.108142867792456],[116.54921270421254,6.108142867792456]],[[116.57460491535001,6.108931087539823],[116.57460491535001,6.108536977524919],[116.57512312374058,6.108536977524919],[116.57512312374058,6.108931087539823],[116.57460491535001,6.108931087539823]],[[116.55387657972757,6.106566431686598],[116.55387657972757,6.106172323366042],[116.55594941328984,6.104990000098247],[116.55594941328984,6.10577821532781],[116.55646762168038,6.10577821532781],[116.55646762168038,6.106172323366042],[116.55543120489928,6.106172323366042],[116.55543120489928,6.106566431686598],[116.5549129965087,6.106566431686598],[116.5549129965087,6.107354649174765],[116.55387657972757,6.107748758342408],[116.55387657972757,6.108536977524919],[116.55232195455591,6.108536977524919],[116.55232195455591,6.107748758342408],[116.55439478811815,6.106960540289501],[116.55439478811815,6.106566431686598],[116.55387657972757,6.106566431686598]],[[116.56734999788216,6.108536977524919],[116.56734999788216,6.107748758342408],[116.56786820627273,6.107748758342408],[116.56786820627273,6.108536977524919],[116.56734999788216,6.108536977524919]],[[116.56890462305384,6.108142867792456],[116.56994103983497,6.108142867792456],[116.56994103983497,6.108536977524919],[116.56890462305384,6.108536977524919],[116.56890462305384,6.108142867792456]],[[116.56838641466327,6.108142867792456],[116.56838641466327,6.107748758342408],[116.56890462305384,6.107748758342408],[116.56890462305384,6.108142867792456],[116.56838641466327,6.108142867792456]],[[116.57356849856887,6.108142867792456],[116.57408670695945,6.108142867792456],[116.57408670695945,6.108536977524919],[116.57356849856887,6.108536977524919],[116.57356849856887,6.108142867792456]],[[116.57305029017834,6.108142867792456],[116.57305029017834,6.107748758342408],[116.57356849856887,6.107748758342408],[116.57356849856887,6.108142867792456],[116.57305029017834,6.108142867792456]],[[116.54403062030694,6.108142867792456],[116.54403062030694,6.107748758342408],[116.54454882869749,6.107748758342408],[116.54454882869749,6.108142867792456],[116.54403062030694,6.108142867792456]],[[116.56631358110103,6.108142867792456],[116.56631358110103,6.107748758342408],[116.5668317894916,6.107748758342408],[116.5668317894916,6.108142867792456],[116.56631358110103,6.108142867792456]],[[116.54662166225975,6.107748758342408],[116.54662166225975,6.107354649174765],[116.5471398706503,6.107354649174765],[116.5471398706503,6.107748758342408],[116.54662166225975,6.107748758342408]],[[116.54817628743143,6.107354649174765],[116.54817628743143,6.107748758342408],[116.54765807904086,6.107748758342408],[116.54765807904086,6.107354649174765],[116.54817628743143,6.107354649174765]],[[116.54817628743143,6.106566431686598],[116.5471398706503,6.106172323366042],[116.5471398706503,6.10577821532781],[116.54765807904086,6.10577821532781],[116.54765807904086,6.104990000098247],[116.54869449582199,6.1053841075718855],[116.54869449582199,6.106566431686598],[116.54921270421254,6.106566431686598],[116.54921270421254,6.106960540289501],[116.54817628743143,6.107354649174765],[116.54817628743143,6.106566431686598]],[[116.5471398706503,6.106566431686598],[116.54662166225975,6.106566431686598],[116.54662166225975,6.106960540289501],[116.54610345386918,6.106960540289501],[116.54610345386918,6.106566431686598],[116.54558524547862,6.106566431686598],[116.54558524547862,6.106960540289501],[116.54403062030694,6.106960540289501],[116.54403062030694,6.106566431686598],[116.54506703708806,6.106172323366042],[116.54506703708806,6.104990000098247],[116.54454882869749,6.104990000098247],[116.54403062030694,6.10420178599776],[116.54662166225975,6.103413573026198],[116.54610345386918,6.101443045535356],[116.54662166225975,6.101443045535356],[116.5471398706503,6.102231255685262],[116.54869449582199,6.101443045535356],[116.54869449582199,6.10183715046925],[116.5497309126031,6.102231255685262],[116.5497309126031,6.103807679370874],[116.54921270421254,6.103807679370874],[116.54921270421254,6.10420178599776],[116.54817628743143,6.103807679370874],[116.54765807904086,6.10459589290688],[116.5471398706503,6.10459589290688],[116.5471398706503,6.10420178599776],[116.54610345386918,6.10459589290688],[116.54610345386918,6.10577821532781],[116.54662166225975,6.10577821532781],[116.5471398706503,6.106566431686598]],[[116.54403062030694,6.104990000098247],[116.54351241191638,6.104990000098247],[116.54351241191638,6.10577821532781],[116.54299420352582,6.10577821532781],[116.54299420352582,6.104990000098247],[116.54247599513525,6.104990000098247],[116.54247599513525,6.10459589290688],[116.54403062030694,6.10459589290688],[116.54403062030694,6.104990000098247]],[[116.54143957835414,6.106566431686598],[116.54143957835414,6.106960540289501],[116.54195778674469,6.106960540289501],[116.54195778674469,6.107354649174765],[116.54092136996357,6.107354649174765],[116.54092136996357,6.106566431686598],[116.54143957835414,6.106566431686598]],[[116.55024912099367,6.107354649174765],[116.55024912099367,6.106566431686598],[116.55076732938423,6.106566431686598],[116.55076732938423,6.107354649174765],[116.55024912099367,6.107354649174765]],[[116.55854045524265,6.106172323366042],[116.55854045524265,6.106960540289501],[116.55750403846152,6.107354649174765],[116.55750403846152,6.106172323366042],[116.55854045524265,6.106172323366042]],[[116.56527716431992,6.107354649174765],[116.56527716431992,6.106566431686598],[116.5657953727105,6.106566431686598],[116.5657953727105,6.107354649174765],[116.56527716431992,6.107354649174765]],[[116.57564133213111,6.107354649174765],[116.57564133213111,6.106960540289501],[116.57615954052169,6.106960540289501],[116.57615954052169,6.107354649174765],[116.57564133213111,6.107354649174765]],[[116.53833032801077,6.106960540289501],[116.53833032801077,6.106566431686598],[116.53884853640133,6.106566431686598],[116.53884853640133,6.106960540289501],[116.53833032801077,6.106960540289501]],[[116.5668317894916,6.106566431686598],[116.5668317894916,6.106172323366042],[116.56786820627273,6.10577821532781],[116.56786820627273,6.106566431686598],[116.5668317894916,6.106566431686598]],[[116.56786820627273,6.104990000098247],[116.56838641466327,6.104990000098247],[116.56838641466327,6.10577821532781],[116.56786820627273,6.10577821532781],[116.56786820627273,6.104990000098247]],[[116.56838641466327,6.10420178599776],[116.56890462305384,6.10420178599776],[116.56890462305384,6.104990000098247],[116.56838641466327,6.104990000098247],[116.56838641466327,6.10420178599776]],[[116.55284016294647,6.104990000098247],[116.55284016294647,6.106172323366042],[116.55232195455591,6.106172323366042],[116.55232195455591,6.104990000098247],[116.55284016294647,6.104990000098247]],[[116.55284016294647,6.10459589290688],[116.55335837133704,6.10459589290688],[116.55335837133704,6.104990000098247],[116.55284016294647,6.104990000098247],[116.55284016294647,6.10459589290688]],[[116.53884853640133,6.10577821532781],[116.53884853640133,6.1053841075718855],[116.5393667447919,6.1053841075718855],[116.5393667447919,6.10577821532781],[116.53884853640133,6.10577821532781]],[[116.5497309126031,6.10577821532781],[116.5497309126031,6.1053841075718855],[116.55024912099367,6.1053841075718855],[116.55024912099367,6.10577821532781],[116.5497309126031,6.10577821532781]],[[116.54143957835414,6.1053841075718855],[116.54143957835414,6.104990000098247],[116.54195778674469,6.104990000098247],[116.54195778674469,6.1053841075718855],[116.54143957835414,6.1053841075718855]],[[116.5393667447919,6.104990000098247],[116.53884853640133,6.104990000098247],[116.53884853640133,6.10420178599776],[116.53988495318245,6.10420178599776],[116.5393667447919,6.104990000098247]],[[116.54040316157301,6.10459589290688],[116.54040316157301,6.104990000098247],[116.53988495318245,6.104990000098247],[116.53988495318245,6.10459589290688],[116.54040316157301,6.10459589290688]],[[116.55180374616533,6.10459589290688],[116.55180374616533,6.10420178599776],[116.55232195455591,6.10420178599776],[116.55232195455591,6.10459589290688],[116.55180374616533,6.10459589290688]],[[116.55698583007094,6.103413573026198],[116.55594941328984,6.10459589290688],[116.5549129965087,6.10420178599776],[116.5549129965087,6.103807679370874],[116.55543120489928,6.103807679370874],[116.55543120489928,6.102231255685262],[116.55646762168038,6.102231255685262],[116.55646762168038,6.103413573026198],[116.55698583007094,6.103413573026198]],[[116.53988495318245,6.103807679370874],[116.53988495318245,6.103413573026198],[116.54040316157301,6.103413573026198],[116.54040316157301,6.103807679370874],[116.53988495318245,6.103807679370874]],[[116.55180374616533,6.103807679370874],[116.55180374616533,6.103019466963718],[116.55232195455591,6.103019466963718],[116.55232195455591,6.103807679370874],[116.55180374616533,6.103807679370874]],[[116.56890462305384,6.103807679370874],[116.56890462305384,6.103413573026198],[116.5694228314444,6.103413573026198],[116.5694228314444,6.103807679370874],[116.56890462305384,6.103807679370874]],[[116.56061328880489,6.10183715046925],[116.56061328880489,6.102231255685262],[116.56009508041431,6.102231255685262],[116.56009508041431,6.103413573026198],[116.55957687202375,6.103413573026198],[116.55957687202375,6.10183715046925],[116.56061328880489,6.10183715046925]],[[116.54351241191638,6.103019466963718],[116.54351241191638,6.102231255685262],[116.54454882869749,6.10183715046925],[116.54454882869749,6.102625361183412],[116.54351241191638,6.103019466963718]],[[116.54506703708806,6.103019466963718],[116.54506703708806,6.102625361183412],[116.54558524547862,6.102625361183412],[116.54558524547862,6.103019466963718],[116.54506703708806,6.103019466963718]],[[116.55335837133704,6.10183715046925],[116.55387657972757,6.10183715046925],[116.55387657972757,6.103019466963718],[116.55335837133704,6.103019466963718],[116.55335837133704,6.10183715046925]],[[116.55284016294647,6.10183715046925],[116.55284016294647,6.101443045535356],[116.55232195455591,6.101443045535356],[116.55232195455591,6.10183715046925],[116.55128553777479,6.10183715046925],[116.55128553777479,6.101048940883563],[116.55076732938423,6.101048940883563],[116.55076732938423,6.100654836513851],[116.5497309126031,6.101048940883563],[116.5497309126031,6.099472525097014],[116.55024912099367,6.099472525097014],[116.55128553777479,6.100654836513851],[116.55232195455591,6.100654836513851],[116.55232195455591,6.101048940883563],[116.55335837133704,6.100654836513851],[116.55335837133704,6.10183715046925],[116.55284016294647,6.10183715046925]],[[116.56113149719542,6.103019466963718],[116.56113149719542,6.102231255685262],[116.56164970558599,6.102231255685262],[116.56164970558599,6.103019466963718],[116.56113149719542,6.103019466963718]],[[116.55802224685208,6.102625361183412],[116.55802224685208,6.10183715046925],[116.55854045524265,6.10183715046925],[116.55854045524265,6.102625361183412],[116.55802224685208,6.102625361183412]],[[116.56268612236713,6.102231255685262],[116.56268612236713,6.102625361183412],[116.56216791397655,6.102625361183412],[116.56216791397655,6.102231255685262],[116.56268612236713,6.102231255685262]],[[116.56268612236713,6.10183715046925],[116.56320433075769,6.10183715046925],[116.56320433075769,6.102231255685262],[116.56268612236713,6.102231255685262],[116.56268612236713,6.10183715046925]],[[116.56320433075769,6.101443045535356],[116.56372253914823,6.101443045535356],[116.56372253914823,6.101048940883563],[116.56320433075769,6.101048940883563],[116.56320433075769,6.100654836513851],[116.56372253914823,6.100654836513851],[116.56372253914823,6.100260732426201],[116.56320433075769,6.100260732426201],[116.56372253914823,6.099472525097014],[116.56320433075769,6.099472525097014],[116.56268612236713,6.09868431889585],[116.56372253914823,6.0982902162182295],[116.56372253914823,6.09868431889585],[116.56527716431992,6.099472525097014],[116.56527716431992,6.099078421855437],[116.56631358110103,6.09868431889585],[116.5657953727105,6.09789611382256],[116.5668317894916,6.097502011708821],[116.5668317894916,6.0982902162182295],[116.56734999788216,6.0982902162182295],[116.56734999788216,6.09868431889585],[116.5668317894916,6.09868431889585],[116.5668317894916,6.099078421855437],[116.56734999788216,6.099078421855437],[116.56734999788216,6.100260732426201],[116.56631358110103,6.100260732426201],[116.56631358110103,6.100654836513851],[116.5657953727105,6.100654836513851],[116.56527716431992,6.099866628620595],[116.56424074753879,6.100260732426201],[116.56424074753879,6.10183715046925],[116.56475895592936,6.10183715046925],[116.56475895592936,6.102625361183412],[116.56424074753879,6.102625361183412],[116.56320433075769,6.101443045535356]],[[116.5657953727105,6.097502011708821],[116.5657953727105,6.097107909876995],[116.56631358110103,6.097107909876995],[116.56631358110103,6.097502011708821],[116.5657953727105,6.097502011708821]],[[116.56631358110103,6.096713808327062],[116.5668317894916,6.096713808327062],[116.5668317894916,6.097107909876995],[116.56631358110103,6.097107909876995],[116.56631358110103,6.096713808327062]],[[116.56113149719542,6.10183715046925],[116.56113149719542,6.101048940883563],[116.56164970558599,6.101048940883563],[116.56164970558599,6.10183715046925],[116.56113149719542,6.10183715046925]],[[116.54558524547862,6.101443045535356],[116.54454882869749,6.101443045535356],[116.54454882869749,6.101048940883563],[116.54558524547862,6.100654836513851],[116.54558524547862,6.101443045535356]],[[116.54454882869749,6.100654836513851],[116.54454882869749,6.100260732426201],[116.54351241191638,6.100654836513851],[116.54351241191638,6.099866628620595],[116.54403062030694,6.099866628620595],[116.54454882869749,6.099078421855437],[116.54558524547862,6.099078421855437],[116.54610345386918,6.099866628620595],[116.54454882869749,6.100654836513851]],[[116.54299420352582,6.099866628620595],[116.54299420352582,6.099472525097014],[116.54351241191638,6.099472525097014],[116.54351241191638,6.099866628620595],[116.54299420352582,6.099866628620595]],[[116.54195778674469,6.099472525097014],[116.54247599513525,6.09868431889585],[116.54351241191638,6.09868431889585],[116.54299420352582,6.099472525097014],[116.54195778674469,6.099472525097014]],[[116.54092136996357,6.099078421855437],[116.54092136996357,6.09868431889585],[116.53988495318245,6.09868431889585],[116.53988495318245,6.0982902162182295],[116.54092136996357,6.0982902162182295],[116.54092136996357,6.09789611382256],[116.54143957835414,6.09789611382256],[116.54143957835414,6.09868431889585],[116.54195778674469,6.09868431889585],[116.54195778674469,6.099078421855437],[116.54092136996357,6.099078421855437]],[[116.53988495318245,6.099078421855437],[116.5393667447919,6.099078421855437],[116.5393667447919,6.09868431889585],[116.53988495318245,6.09868431889585],[116.53988495318245,6.099078421855437]],[[116.54662166225975,6.099866628620595],[116.54662166225975,6.100260732426201],[116.54610345386918,6.100260732426201],[116.54610345386918,6.099866628620595],[116.54662166225975,6.099866628620595]],[[116.54817628743143,6.100654836513851],[116.54817628743143,6.099866628620595],[116.54869449582199,6.099866628620595],[116.54869449582199,6.100654836513851],[116.54817628743143,6.100654836513851]],[[116.55387657972757,6.100654836513851],[116.55387657972757,6.099866628620595],[116.55439478811815,6.099866628620595],[116.55439478811815,6.100654836513851],[116.55387657972757,6.100654836513851]],[[116.55905866363318,6.100654836513851],[116.55905866363318,6.100260732426201],[116.55957687202375,6.100260732426201],[116.55957687202375,6.100654836513851],[116.55905866363318,6.100654836513851]],[[116.55698583007094,6.100260732426201],[116.55698583007094,6.099472525097014],[116.55750403846152,6.099472525097014],[116.55750403846152,6.100260732426201],[116.55698583007094,6.100260732426201]],[[116.56009508041431,6.100260732426201],[116.56009508041431,6.099078421855437],[116.56061328880489,6.099078421855437],[116.56164970558599,6.100260732426201],[116.56009508041431,6.100260732426201]],[[116.58082341603672,6.099866628620595],[116.58082341603672,6.100260732426201],[116.58030520764619,6.100260732426201],[116.58030520764619,6.099866628620595],[116.58082341603672,6.099866628620595]],[[116.58082341603672,6.09868431889585],[116.5813416244273,6.09868431889585],[116.5813416244273,6.099866628620595],[116.58082341603672,6.099866628620595],[116.58082341603672,6.09868431889585]],[[116.55128553777479,6.099866628620595],[116.55128553777479,6.099472525097014],[116.55180374616533,6.099472525097014],[116.55180374616533,6.099866628620595],[116.55128553777479,6.099866628620595]],[[116.5471398706503,6.099472525097014],[116.5471398706503,6.09868431889585],[116.54765807904086,6.09868431889585],[116.54765807904086,6.099472525097014],[116.5471398706503,6.099472525097014]],[[116.54869449582199,6.099472525097014],[116.54869449582199,6.099078421855437],[116.54921270421254,6.099078421855437],[116.54921270421254,6.099472525097014],[116.54869449582199,6.099472525097014]],[[116.55284016294647,6.099078421855437],[116.55284016294647,6.099472525097014],[116.55232195455591,6.099472525097014],[116.55232195455591,6.099078421855437],[116.55284016294647,6.099078421855437]],[[116.55284016294647,6.09868431889585],[116.55335837133704,6.09868431889585],[116.55335837133704,6.099078421855437],[116.55284016294647,6.099078421855437],[116.55284016294647,6.09868431889585]],[[116.55232195455591,6.09868431889585],[116.55232195455591,6.0982902162182295],[116.55284016294647,6.0982902162182295],[116.55284016294647,6.09868431889585],[116.55232195455591,6.09868431889585]],[[116.55543120489928,6.099472525097014],[116.5549129965087,6.09868431889585],[116.55594941328984,6.0982902162182295],[116.55594941328984,6.099472525097014],[116.55543120489928,6.099472525097014]],[[116.58496908316123,6.099472525097014],[116.58496908316123,6.099078421855437],[116.58548729155177,6.099078421855437],[116.58548729155177,6.099472525097014],[116.58496908316123,6.099472525097014]],[[116.54506703708806,6.09868431889585],[116.54506703708806,6.0982902162182295],[116.54558524547862,6.0982902162182295],[116.54558524547862,6.09868431889585],[116.54506703708806,6.09868431889585]],[[116.5497309126031,6.0982902162182295],[116.55024912099367,6.0982902162182295],[116.55024912099367,6.09868431889585],[116.5497309126031,6.09868431889585],[116.5497309126031,6.0982902162182295]],[[116.54921270421254,6.0982902162182295],[116.54921270421254,6.09789611382256],[116.5497309126031,6.09789611382256],[116.5497309126031,6.0982902162182295],[116.54921270421254,6.0982902162182295]],[[116.55905866363318,6.09868431889585],[116.55905866363318,6.0982902162182295],[116.56009508041431,6.0982902162182295],[116.56009508041431,6.09868431889585],[116.55905866363318,6.09868431889585]],[[116.56113149719542,6.0982902162182295],[116.56216791397655,6.0982902162182295],[116.56216791397655,6.09868431889585],[116.56113149719542,6.09868431889585],[116.56113149719542,6.0982902162182295]],[[116.56061328880489,6.0982902162182295],[116.56061328880489,6.09789611382256],[116.56113149719542,6.09789611382256],[116.56113149719542,6.0982902162182295],[116.56061328880489,6.0982902162182295]],[[116.56475895592936,6.0982902162182295],[116.56527716431992,6.0982902162182295],[116.56527716431992,6.09868431889585],[116.56475895592936,6.09868431889585],[116.56475895592936,6.0982902162182295]],[[116.56424074753879,6.0982902162182295],[116.56424074753879,6.09789611382256],[116.56475895592936,6.09789611382256],[116.56475895592936,6.0982902162182295],[116.56424074753879,6.0982902162182295]],[[116.56372253914823,6.09789611382256],[116.56372253914823,6.097502011708821],[116.56424074753879,6.097502011708821],[116.56424074753879,6.09789611382256],[116.56372253914823,6.09789611382256]],[[116.56424074753879,6.097107909876995],[116.56475895592936,6.097107909876995],[116.56475895592936,6.097502011708821],[116.56424074753879,6.097502011708821],[116.56424074753879,6.097107909876995]],[[116.56475895592936,6.096713808327062],[116.56527716431992,6.096713808327062],[116.56527716431992,6.097107909876995],[116.56475895592936,6.097107909876995],[116.56475895592936,6.096713808327062]],[[116.55750403846152,6.09789611382256],[116.55802224685208,6.09789611382256],[116.55802224685208,6.0982902162182295],[116.55750403846152,6.0982902162182295],[116.55750403846152,6.09789611382256]],[[116.55646762168038,6.09789611382256],[116.55543120489928,6.096713808327062],[116.5549129965087,6.096713808327062],[116.55439478811815,6.097502011708821],[116.55335837133704,6.097502011708821],[116.55335837133704,6.09789611382256],[116.55284016294647,6.09789611382256],[116.55284016294647,6.097502011708821],[116.55180374616533,6.097502011708821],[116.55180374616533,6.097107909876995],[116.55284016294647,6.096713808327062],[116.55284016294647,6.095925606072799],[116.55180374616533,6.095531505368434],[116.55180374616533,6.095137404945886],[116.55232195455591,6.095137404945886],[116.55232195455591,6.0943492049461705],[116.55335837133704,6.093955105368966],[116.55335837133704,6.093166907059767],[116.55284016294647,6.093166907059767],[116.55284016294647,6.092772808327735],[116.55387657972757,6.092772808327735],[116.55387657972757,6.093166907059767],[116.5549129965087,6.092772808327735],[116.5549129965087,6.093561006073505],[116.55439478811815,6.093561006073505],[116.55439478811815,6.0943492049461705],[116.5549129965087,6.0943492049461705],[116.5549129965087,6.094743304805139],[116.55543120489928,6.094743304805139],[116.55543120489928,6.0943492049461705],[116.55646762168038,6.0943492049461705],[116.55594941328984,6.095925606072799],[116.55646762168038,6.095925606072799],[116.55646762168038,6.096319707059002],[116.55698583007094,6.096319707059002],[116.55698583007094,6.097107909876995],[116.55750403846152,6.097107909876995],[116.55750403846152,6.09789611382256],[116.55646762168038,6.09789611382256]],[[116.55180374616533,6.095925606072799],[116.55128553777479,6.095925606072799],[116.55128553777479,6.095531505368434],[116.55180374616533,6.095531505368434],[116.55180374616533,6.095925606072799]],[[116.55180374616533,6.0943492049461705],[116.55180374616533,6.093955105368966],[116.55232195455591,6.093955105368966],[116.55232195455591,6.0943492049461705],[116.55180374616533,6.0943492049461705]],[[116.54454882869749,6.09789611382256],[116.54454882869749,6.097502011708821],[116.54506703708806,6.097502011708821],[116.54506703708806,6.09789611382256],[116.54454882869749,6.09789611382256]],[[116.5471398706503,6.096713808327062],[116.5471398706503,6.097107909876995],[116.54610345386918,6.097502011708821],[116.54610345386918,6.097107909876995],[116.54506703708806,6.096713808327062],[116.54506703708806,6.095531505368434],[116.5471398706503,6.096713808327062]],[[116.54506703708806,6.097107909876995],[116.54454882869749,6.097107909876995],[116.54454882869749,6.096713808327062],[116.54506703708806,6.096713808327062],[116.54506703708806,6.097107909876995]],[[116.53781211962021,6.096713808327062],[116.53781211962021,6.097107909876995],[116.53729391122964,6.097107909876995],[116.53729391122964,6.096713808327062],[116.53781211962021,6.096713808327062]],[[116.53781211962021,6.096319707059002],[116.53833032801077,6.096319707059002],[116.53833032801077,6.096713808327062],[116.53781211962021,6.096713808327062],[116.53781211962021,6.096319707059002]],[[116.55854045524265,6.097107909876995],[116.55854045524265,6.095531505368434],[116.55905866363318,6.095531505368434],[116.55905866363318,6.095925606072799],[116.55957687202375,6.095925606072799],[116.55957687202375,6.096713808327062],[116.55854045524265,6.097107909876995]],[[116.56164970558599,6.095137404945886],[116.56164970558599,6.095531505368434],[116.56268612236713,6.095925606072799],[116.56268612236713,6.096713808327062],[116.56216791397655,6.096713808327062],[116.56216791397655,6.097107909876995],[116.56164970558599,6.097107909876995],[116.56164970558599,6.096713808327062],[116.56113149719542,6.096713808327062],[116.56113149719542,6.097107909876995],[116.56009508041431,6.097107909876995],[116.56009508041431,6.096713808327062],[116.56061328880489,6.096713808327062],[116.56061328880489,6.095925606072799],[116.56009508041431,6.095925606072799],[116.56009508041431,6.095531505368434],[116.56061328880489,6.095531505368434],[116.56061328880489,6.095137404945886],[116.56164970558599,6.095137404945886]],[[116.57615954052169,6.097107909876995],[116.57615954052169,6.096713808327062],[116.57667774891225,6.096713808327062],[116.57667774891225,6.097107909876995],[116.57615954052169,6.097107909876995]],[[116.54040316157301,6.096713808327062],[116.54040316157301,6.096319707059002],[116.5393667447919,6.096713808327062],[116.5393667447919,6.095531505368434],[116.54092136996357,6.094743304805139],[116.54092136996357,6.096713808327062],[116.54040316157301,6.096713808327062]],[[116.5657953727105,6.095925606072799],[116.5657953727105,6.096319707059002],[116.56475895592936,6.096319707059002],[116.56475895592936,6.095925606072799],[116.5657953727105,6.095925606072799]],[[116.5657953727105,6.095531505368434],[116.56631358110103,6.095531505368434],[116.56631358110103,6.095925606072799],[116.5657953727105,6.095925606072799],[116.5657953727105,6.095531505368434]],[[116.56475895592936,6.094743304805139],[116.56475895592936,6.095137404945886],[116.56424074753879,6.095137404945886],[116.56424074753879,6.095925606072799],[116.56372253914823,6.095925606072799],[116.56372253914823,6.094743304805139],[116.56475895592936,6.094743304805139]],[[116.54403062030694,6.095531505368434],[116.54403062030694,6.095137404945886],[116.54454882869749,6.095137404945886],[116.54454882869749,6.095531505368434],[116.54403062030694,6.095531505368434]],[[116.55698583007094,6.095531505368434],[116.55698583007094,6.095137404945886],[116.55750403846152,6.095137404945886],[116.55750403846152,6.095531505368434],[116.55698583007094,6.095531505368434]],[[116.58289624959896,6.093166907059767],[116.58289624959896,6.093561006073505],[116.58341445798953,6.093561006073505],[116.58341445798953,6.0943492049461705],[116.58289624959896,6.0943492049461705],[116.58289624959896,6.095137404945886],[116.58185983281786,6.095137404945886],[116.5813416244273,6.0943492049461705],[116.58185983281786,6.0943492049461705],[116.58185983281786,6.093955105368966],[116.58237804120843,6.093955105368966],[116.58237804120843,6.093166907059767],[116.58289624959896,6.093166907059767]],[[116.54351241191638,6.093955105368966],[116.54351241191638,6.094743304805139],[116.54247599513525,6.094743304805139],[116.54195778674469,6.093955105368966],[116.54143957835414,6.093955105368966],[116.54143957835414,6.0943492049461705],[116.54040316157301,6.0943492049461705],[116.54040316157301,6.093955105368966],[116.54092136996357,6.093955105368966],[116.54092136996357,6.093166907059767],[116.54143957835414,6.093166907059767],[116.54092136996357,6.09237870987739],[116.54143957835414,6.09237870987739],[116.54143957835414,6.091984611708713],[116.54247599513525,6.091984611708713],[116.54247599513525,6.09237870987739],[116.54351241191638,6.091984611708713],[116.54351241191638,6.09237870987739],[116.54403062030694,6.09237870987739],[116.54403062030694,6.092772808327735],[116.54351241191638,6.092772808327735],[116.54351241191638,6.093561006073505],[116.54299420352582,6.093561006073505],[116.54299420352582,6.093955105368966],[116.54351241191638,6.093955105368966]],[[116.54351241191638,6.091590513821686],[116.54403062030694,6.091590513821686],[116.54403062030694,6.091984611708713],[116.54351241191638,6.091984611708713],[116.54351241191638,6.091590513821686]],[[116.54403062030694,6.090802318892504],[116.54454882869749,6.090802318892504],[116.54506703708806,6.091590513821686],[116.54403062030694,6.091590513821686],[116.54403062030694,6.090802318892504]],[[116.55957687202375,6.094743304805139],[116.55957687202375,6.0943492049461705],[116.56009508041431,6.0943492049461705],[116.56009508041431,6.094743304805139],[116.55957687202375,6.094743304805139]],[[116.5668317894916,6.094743304805139],[116.5668317894916,6.0943492049461705],[116.56734999788216,6.0943492049461705],[116.56734999788216,6.094743304805139],[116.5668317894916,6.094743304805139]],[[116.54403062030694,6.0943492049461705],[116.54403062030694,6.093955105368966],[116.54454882869749,6.093955105368966],[116.54454882869749,6.0943492049461705],[116.54403062030694,6.0943492049461705]],[[116.56424074753879,6.0943492049461705],[116.56424074753879,6.093955105368966],[116.56475895592936,6.093955105368966],[116.56475895592936,6.0943492049461705],[116.56424074753879,6.0943492049461705]],[[116.55957687202375,6.093166907059767],[116.56009508041431,6.093166907059767],[116.56009508041431,6.093955105368966],[116.55957687202375,6.093955105368966],[116.55957687202375,6.093166907059767]],[[116.55905866363318,6.093166907059767],[116.55905866363318,6.092772808327735],[116.55957687202375,6.092772808327735],[116.55957687202375,6.093166907059767],[116.55905866363318,6.093166907059767]],[[116.55854045524265,6.092772808327735],[116.55802224685208,6.093561006073505],[116.55698583007094,6.093561006073505],[116.55698583007094,6.092772808327735],[116.55594941328984,6.09237870987739],[116.55594941328984,6.090802318892504],[116.55543120489928,6.090802318892504],[116.55543120489928,6.090014125089694],[116.55646762168038,6.090014125089694],[116.55646762168038,6.090408221850313],[116.55698583007094,6.090408221850313],[116.55698583007094,6.090802318892504],[116.55905866363318,6.091984611708713],[116.55905866363318,6.092772808327735],[116.55854045524265,6.092772808327735]],[[116.59999712648747,6.093955105368966],[116.59999712648747,6.093561006073505],[116.60051533487803,6.093561006073505],[116.60051533487803,6.093955105368966],[116.59999712648747,6.093955105368966]],[[116.5367757028391,6.091984611708713],[116.5367757028391,6.091590513821686],[116.53833032801077,6.091590513821686],[116.53781211962021,6.09237870987739],[116.53833032801077,6.09237870987739],[116.53833032801077,6.092772808327735],[116.5393667447919,6.09237870987739],[116.5393667447919,6.092772808327735],[116.53988495318245,6.092772808327735],[116.53988495318245,6.093561006073505],[116.53729391122964,6.093561006073505],[116.53729391122964,6.093166907059767],[116.53625749444853,6.092772808327735],[116.53625749444853,6.091984611708713],[116.5367757028391,6.091984611708713]],[[116.53625749444853,6.091590513821686],[116.53625749444853,6.091196416216289],[116.5367757028391,6.091196416216289],[116.5367757028391,6.091590513821686],[116.53625749444853,6.091590513821686]],[[116.53573928605796,6.091196416216289],[116.53573928605796,6.090802318892504],[116.53625749444853,6.090802318892504],[116.53625749444853,6.091196416216289],[116.53573928605796,6.091196416216289]],[[116.53988495318245,6.09237870987739],[116.54040316157301,6.09237870987739],[116.54040316157301,6.092772808327735],[116.53988495318245,6.092772808327735],[116.53988495318245,6.09237870987739]],[[116.54662166225975,6.093561006073505],[116.54662166225975,6.093166907059767],[116.5471398706503,6.093166907059767],[116.5471398706503,6.093561006073505],[116.54662166225975,6.093561006073505]],[[116.56475895592936,6.093561006073505],[116.56475895592936,6.093166907059767],[116.56527716431992,6.093166907059767],[116.56527716431992,6.093561006073505],[116.56475895592936,6.093561006073505]],[[116.5657953727105,6.093561006073505],[116.5657953727105,6.093166907059767],[116.5668317894916,6.093166907059767],[116.5668317894916,6.093561006073505],[116.5657953727105,6.093561006073505]],[[116.57045924822553,6.093561006073505],[116.57045924822553,6.093166907059767],[116.57097745661608,6.093166907059767],[116.57097745661608,6.093561006073505],[116.57045924822553,6.093561006073505]],[[116.54506703708806,6.092772808327735],[116.54558524547862,6.092772808327735],[116.54558524547862,6.093166907059767],[116.54506703708806,6.093166907059767],[116.54506703708806,6.092772808327735]],[[116.54454882869749,6.092772808327735],[116.54454882869749,6.09237870987739],[116.54506703708806,6.09237870987739],[116.54506703708806,6.092772808327735],[116.54454882869749,6.092772808327735]],[[116.56734999788216,6.093166907059767],[116.56734999788216,6.092772808327735],[116.56786820627273,6.092772808327735],[116.56786820627273,6.093166907059767],[116.56734999788216,6.093166907059767]],[[116.5341846608863,6.092772808327735],[116.5341846608863,6.09237870987739],[116.53366645249572,6.09237870987739],[116.53366645249572,6.091590513821686],[116.5341846608863,6.091590513821686],[116.5341846608863,6.091984611708713],[116.5352210776674,6.091984611708713],[116.5352210776674,6.092772808327735],[116.5341846608863,6.092772808327735]],[[116.56786820627273,6.091196416216289],[116.56734999788216,6.091196416216289],[116.56734999788216,6.091590513821686],[116.56527716431992,6.092772808327735],[116.56527716431992,6.091196416216289],[116.5657953727105,6.091196416216289],[116.56631358110103,6.090408221850313],[116.5668317894916,6.090408221850313],[116.5668317894916,6.090802318892504],[116.56734999788216,6.090802318892504],[116.56734999788216,6.090408221850313],[116.56838641466327,6.090408221850313],[116.56786820627273,6.091196416216289]],[[116.5657953727105,6.090408221850313],[116.5657953727105,6.089620028610631],[116.56631358110103,6.089620028610631],[116.56631358110103,6.090408221850313],[116.5657953727105,6.090408221850313]],[[116.54662166225975,6.09237870987739],[116.54610345386918,6.091590513821686],[116.54765807904086,6.091590513821686],[116.54765807904086,6.091984611708713],[116.54662166225975,6.09237870987739]],[[116.53988495318245,6.091984611708713],[116.53988495318245,6.091590513821686],[116.54040316157301,6.091590513821686],[116.54040316157301,6.091984611708713],[116.53988495318245,6.091984611708713]],[[116.55957687202375,6.090014125089694],[116.55957687202375,6.089620028610631],[116.56009508041431,6.089620028610631],[116.56009508041431,6.089225932413107],[116.55957687202375,6.089225932413107],[116.55957687202375,6.088043645509563],[116.56113149719542,6.088043645509563],[116.56164970558599,6.090014125089694],[116.56216791397655,6.090014125089694],[116.56216791397655,6.090408221850313],[116.56164970558599,6.090408221850313],[116.56164970558599,6.090802318892504],[116.56216791397655,6.090802318892504],[116.56216791397655,6.091984611708713],[116.55957687202375,6.091590513821686],[116.55957687202375,6.090802318892504],[116.55854045524265,6.090408221850313],[116.55854045524265,6.090014125089694],[116.55957687202375,6.090014125089694]],[[116.54092136996357,6.089225932413107],[116.54195778674469,6.089225932413107],[116.54195778674469,6.089620028610631],[116.54247599513525,6.089620028610631],[116.54143957835414,6.090802318892504],[116.54040316157301,6.090408221850313],[116.54040316157301,6.089620028610631],[116.54092136996357,6.089620028610631],[116.54092136996357,6.089225932413107]],[[116.54247599513525,6.090408221850313],[116.54247599513525,6.090802318892504],[116.54195778674469,6.090802318892504],[116.54195778674469,6.090408221850313],[116.54247599513525,6.090408221850313]],[[116.54403062030694,6.089620028610631],[116.54403062030694,6.090408221850313],[116.54351241191638,6.090408221850313],[116.54351241191638,6.089620028610631],[116.54403062030694,6.089620028610631]],[[116.54403062030694,6.089225932413107],[116.54351241191638,6.089225932413107],[116.54351241191638,6.088831836497099],[116.54247599513525,6.088831836497099],[116.54247599513525,6.088043645509563],[116.54299420352582,6.088043645509563],[116.54299420352582,6.087649550437997],[116.54195778674469,6.087255455647873],[116.54247599513525,6.086467266911879],[116.54351241191638,6.086861361139173],[116.54351241191638,6.088043645509563],[116.54454882869749,6.08843774086259],[116.54454882869749,6.089620028610631],[116.54403062030694,6.089620028610631],[116.54403062030694,6.089225932413107]],[[116.54506703708806,6.090014125089694],[116.54506703708806,6.089620028610631],[116.54558524547862,6.089620028610631],[116.54558524547862,6.090014125089694],[116.54506703708806,6.090014125089694]],[[116.58185983281786,6.090014125089694],[116.58185983281786,6.089620028610631],[116.58237804120843,6.089620028610631],[116.58237804120843,6.090014125089694],[116.58185983281786,6.090014125089694]],[[116.59326041741018,6.089225932413107],[116.59326041741018,6.089620028610631],[116.59377862580075,6.089620028610631],[116.59377862580075,6.090014125089694],[116.59274220901962,6.090014125089694],[116.59274220901962,6.089225932413107],[116.59326041741018,6.089225932413107]],[[116.56890462305384,6.089620028610631],[116.56890462305384,6.089225932413107],[116.5694228314444,6.089225932413107],[116.5694228314444,6.089620028610631],[116.56890462305384,6.089620028610631]],[[116.56631358110103,6.089225932413107],[116.56631358110103,6.088831836497099],[116.5668317894916,6.088831836497099],[116.5668317894916,6.089225932413107],[116.56631358110103,6.089225932413107]],[[116.56631358110103,6.088043645509563],[116.56631358110103,6.087649550437997],[116.56734999788216,6.087649550437997],[116.56734999788216,6.088043645509563],[116.56631358110103,6.088043645509563]],[[116.59326041741018,6.088043645509563],[116.59326041741018,6.087649550437997],[116.59377862580075,6.087649550437997],[116.59377862580075,6.088043645509563],[116.59326041741018,6.088043645509563]],[[116.54506703708806,6.087649550437997],[116.54506703708806,6.087255455647873],[116.54558524547862,6.087255455647873],[116.54558524547862,6.087649550437997],[116.54506703708806,6.087649550437997]],[[116.5668317894916,6.086861361139173],[116.56734999788216,6.085284985918243],[116.56786820627273,6.085284985918243],[116.56786820627273,6.085679079301433],[116.56890462305384,6.085284985918243],[116.56838641466327,6.084496799995834],[116.56994103983497,6.084496799995834],[116.56994103983497,6.084890892816381],[116.57201387339721,6.085284985918243],[116.57201387339721,6.086073172965973],[116.57149566500664,6.086073172965973],[116.57097745661608,6.086861361139173],[116.57045924822553,6.086861361139173],[116.56994103983497,6.086073172965973],[116.56890462305384,6.086467266911879],[116.56890462305384,6.086861361139173],[116.5694228314444,6.086861361139173],[116.5694228314444,6.087649550437997],[116.56890462305384,6.087649550437997],[116.56786820627273,6.086467266911879],[116.5668317894916,6.086861361139173]],[[116.56061328880489,6.086861361139173],[116.56061328880489,6.086467266911879],[116.56113149719542,6.086467266911879],[116.56113149719542,6.086861361139173],[116.56061328880489,6.086861361139173]],[[116.59170579223851,6.086861361139173],[116.59170579223851,6.086467266911879],[116.59222400062907,6.086467266911879],[116.59222400062907,6.086861361139173],[116.59170579223851,6.086861361139173]],[[116.53470286927684,6.085284985918243],[116.53470286927684,6.084890892816381],[116.5352210776674,6.084890892816381],[116.5352210776674,6.085284985918243],[116.53470286927684,6.085284985918243]],[[116.54143957835414,6.085284985918243],[116.54143957835414,6.084890892816381],[116.54195778674469,6.084890892816381],[116.54195778674469,6.085284985918243],[116.54143957835414,6.085284985918243]],[[116.5865237083329,6.085284985918243],[116.5865237083329,6.084890892816381],[116.58704191672346,6.084890892816381],[116.58704191672346,6.085284985918243],[116.5865237083329,6.085284985918243]],[[116.53470286927684,6.083708615198595],[116.53470286927684,6.083314523221868],[116.53573928605796,6.083314523221868],[116.53573928605796,6.083708615198595],[116.53366645249572,6.084890892816381],[116.53366645249572,6.0841027074565766],[116.53314824410516,6.0841027074565766],[116.53314824410516,6.083708615198595],[116.53366645249572,6.083708615198595],[116.53366645249572,6.083314523221868],[116.53470286927684,6.083708615198595]],[[116.56786820627273,6.0841027074565766],[116.56786820627273,6.084496799995834],[116.56734999788216,6.084496799995834],[116.56734999788216,6.0841027074565766],[116.56786820627273,6.0841027074565766]],[[116.56786820627273,6.083708615198595],[116.56838641466327,6.083708615198595],[116.56838641466327,6.0841027074565766],[116.56786820627273,6.0841027074565766],[116.56786820627273,6.083708615198595]],[[116.56838641466327,6.083314523221868],[116.56890462305384,6.083314523221868],[116.56890462305384,6.082132248979031],[116.56838641466327,6.082132248979031],[116.56838641466327,6.081738158127137],[116.56890462305384,6.081738158127137],[116.5694228314444,6.080949977266814],[116.56994103983497,6.080949977266814],[116.57045924822553,6.081738158127137],[116.57149566500664,6.081738158127137],[116.57149566500664,6.081344067556404],[116.57253208178777,6.080949977266814],[116.57253208178777,6.081738158127137],[116.57149566500664,6.082132248979031],[116.57149566500664,6.0825263401121035],[116.57201387339721,6.0825263401121035],[116.57201387339721,6.083314523221868],[116.57149566500664,6.083314523221868],[116.57149566500664,6.082920431526379],[116.57045924822553,6.083314523221868],[116.57097745661608,6.0841027074565766],[116.56838641466327,6.083708615198595],[116.56838641466327,6.083314523221868]],[[116.57149566500664,6.080949977266814],[116.57149566500664,6.080555887258348],[116.57201387339721,6.080555887258348],[116.57201387339721,6.080949977266814],[116.57149566500664,6.080949977266814]],[[116.57305029017834,6.081738158127137],[116.57305029017834,6.082132248979031],[116.57253208178777,6.082132248979031],[116.57253208178777,6.081738158127137],[116.57305029017834,6.081738158127137]],[[116.54454882869749,6.0841027074565766],[116.54454882869749,6.083708615198595],[116.54506703708806,6.083708615198595],[116.54506703708806,6.0841027074565766],[116.54454882869749,6.0841027074565766]],[[116.58548729155177,6.083314523221868],[116.58548729155177,6.082920431526379],[116.58600549994233,6.082920431526379],[116.58600549994233,6.0841027074565766],[116.58496908316123,6.0841027074565766],[116.58496908316123,6.083314523221868],[116.58548729155177,6.083314523221868]],[[116.58859654189514,6.081344067556404],[116.58859654189514,6.0825263401121035],[116.5891147502857,6.0825263401121035],[116.5891147502857,6.082920431526379],[116.59015116706681,6.0825263401121035],[116.58963295867628,6.0841027074565766],[116.5891147502857,6.0841027074565766],[116.5891147502857,6.083708615198595],[116.58859654189514,6.083708615198595],[116.58859654189514,6.0841027074565766],[116.58756012511404,6.0841027074565766],[116.58756012511404,6.083708615198595],[116.58704191672346,6.083708615198595],[116.58704191672346,6.082920431526379],[116.58807833350457,6.0825263401121035],[116.58807833350457,6.081344067556404],[116.58859654189514,6.081344067556404]],[[116.54506703708806,6.083314523221868],[116.54506703708806,6.082920431526379],[116.54558524547862,6.082920431526379],[116.54558524547862,6.083314523221868],[116.54506703708806,6.083314523221868]],[[116.56734999788216,6.0825263401121035],[116.56786820627273,6.0825263401121035],[116.56786820627273,6.082920431526379],[116.56734999788216,6.082920431526379],[116.56734999788216,6.0825263401121035]],[[116.5668317894916,6.0825263401121035],[116.5668317894916,6.082132248979031],[116.56734999788216,6.082132248979031],[116.56734999788216,6.0825263401121035],[116.5668317894916,6.0825263401121035]],[[116.59118758384794,6.082920431526379],[116.59118758384794,6.0825263401121035],[116.59170579223851,6.0825263401121035],[116.59170579223851,6.082920431526379],[116.59118758384794,6.082920431526379]],[[116.57408670695945,6.082132248979031],[116.57408670695945,6.081738158127137],[116.57460491535001,6.081738158127137],[116.57460491535001,6.082132248979031],[116.57408670695945,6.082132248979031]],[[116.56838641466327,6.080555887258348],[116.56838641466327,6.081344067556404],[116.56786820627273,6.081344067556404],[116.56786820627273,6.080555887258348],[116.56838641466327,6.080555887258348]],[[116.56838641466327,6.0801617975309865],[116.56890462305384,6.0801617975309865],[116.56890462305384,6.080555887258348],[116.56838641466327,6.080555887258348],[116.56838641466327,6.0801617975309865]],[[116.56890462305384,6.0793736189195045],[116.5694228314444,6.0793736189195045],[116.5694228314444,6.0785854414322165],[116.57045924822553,6.078191353110098],[116.57045924822553,6.076615002631365],[116.56994103983497,6.076615002631365],[116.56994103983497,6.07622091571402],[116.57045924822553,6.07622091571402],[116.57045924822553,6.075432742722013],[116.57097745661608,6.075432742722013],[116.57097745661608,6.075038656647307],[116.57149566500664,6.075038656647307],[116.57149566500664,6.075432742722013],[116.57253208178777,6.075432742722013],[116.57253208178777,6.07622091571402],[116.57201387339721,6.07622091571402],[116.57201387339721,6.0758268290775765],[116.57097745661608,6.07622091571402],[116.57097745661608,6.076615002631365],[116.57201387339721,6.077009089829625],[116.57201387339721,6.077797265068974],[116.57149566500664,6.077797265068974],[116.57201387339721,6.0793736189195045],[116.57149566500664,6.0793736189195045],[116.57149566500664,6.079767708084711],[116.56994103983497,6.079767708084711],[116.56994103983497,6.0801617975309865],[116.56890462305384,6.0801617975309865],[116.56890462305384,6.0793736189195045]],[[116.56890462305384,6.0785854414322165],[116.56890462305384,6.078191353110098],[116.5694228314444,6.078191353110098],[116.5694228314444,6.0785854414322165],[116.56890462305384,6.0785854414322165]],[[116.54454882869749,6.078191353110098],[116.54454882869749,6.077403177308822],[116.54506703708806,6.077403177308822],[116.54506703708806,6.078191353110098],[116.54454882869749,6.078191353110098]],[[116.59792429292523,6.077403177308822],[116.59792429292523,6.077009089829625],[116.59844250131579,6.077009089829625],[116.59844250131579,6.077403177308822],[116.59792429292523,6.077403177308822]],[[116.59636966775355,6.077009089829625],[116.59636966775355,6.07622091571402],[116.59740608453467,6.07622091571402],[116.59740608453467,6.077009089829625],[116.59636966775355,6.077009089829625]],[[116.59947891809692,6.076615002631365],[116.59947891809692,6.07622091571402],[116.59999712648747,6.07622091571402],[116.59999712648747,6.076615002631365],[116.59947891809692,6.076615002631365]],[[116.59844250131579,6.07622091571402],[116.59844250131579,6.0758268290775765],[116.59896070970636,6.0758268290775765],[116.59896070970636,6.07622091571402],[116.59844250131579,6.07622091571402]],[[116.5352210776674,6.0758268290775765],[116.5352210776674,6.075432742722013],[116.53573928605796,6.075432742722013],[116.53573928605796,6.0758268290775765],[116.5352210776674,6.0758268290775765]],[[116.56786820627273,6.075038656647307],[116.56786820627273,6.075432742722013],[116.56734999788216,6.075432742722013],[116.56734999788216,6.075038656647307],[116.56786820627273,6.075038656647307]],[[116.56786820627273,6.074644570853446],[116.56838641466327,6.074644570853446],[116.56838641466327,6.075038656647307],[116.56786820627273,6.075038656647307],[116.56786820627273,6.074644570853446]],[[116.56838641466327,6.074250485340408],[116.56890462305384,6.074250485340408],[116.56890462305384,6.074644570853446],[116.56838641466327,6.074644570853446],[116.56838641466327,6.074250485340408]],[[116.59740608453467,6.075432742722013],[116.59740608453467,6.075038656647307],[116.59792429292523,6.075038656647307],[116.59792429292523,6.075432742722013],[116.59740608453467,6.075432742722013]],[[116.5341846608863,6.075038656647307],[116.5341846608863,6.074644570853446],[116.53470286927684,6.074644570853446],[116.53470286927684,6.075038656647307],[116.5341846608863,6.075038656647307]],[[116.5367757028391,6.074250485340408],[116.53729391122964,6.074250485340408],[116.53729391122964,6.075038656647307],[116.53625749444853,6.075038656647307],[116.5367757028391,6.074250485340408]],[[116.53573928605796,6.074644570853446],[116.53573928605796,6.074250485340408],[116.53625749444853,6.074250485340408],[116.53625749444853,6.074644570853446],[116.53573928605796,6.074644570853446]],[[116.59481504258189,6.074250485340408],[116.59481504258189,6.073856400108175],[116.59533325097242,6.073856400108175],[116.59533325097242,6.075038656647307],[116.59377862580075,6.075038656647307],[116.59377862580075,6.074250485340408],[116.59481504258189,6.074250485340408]],[[116.59896070970636,6.075038656647307],[116.59896070970636,6.074644570853446],[116.59947891809692,6.074644570853446],[116.59947891809692,6.075038656647307],[116.59896070970636,6.075038656647307]],[[116.57045924822553,6.074250485340408],[116.57045924822553,6.073856400108175],[116.57097745661608,6.073856400108175],[116.57097745661608,6.074250485340408],[116.57045924822553,6.074250485340408]],[[116.54143957835414,6.072674146096115],[116.54143957835414,6.0722800619869135],[116.54195778674469,6.0722800619869135],[116.54195778674469,6.072674146096115],[116.54143957835414,6.072674146096115]],[[116.53625749444853,6.0722800619869135],[116.53625749444853,6.071491894610624],[116.5367757028391,6.071491894610624],[116.5367757028391,6.0722800619869135],[116.53625749444853,6.0722800619869135]],[[116.53729391122964,6.0722800619869135],[116.53729391122964,6.071491894610624],[116.53781211962021,6.071491894610624],[116.53781211962021,6.0722800619869135],[116.53729391122964,6.0722800619869135]],[[116.59429683419131,6.071097811343497],[116.59429683419131,6.070309645651192],[116.59533325097242,6.070309645651192],[116.59533325097242,6.071491894610624],[116.59429683419131,6.071097811343497]],[[116.5367757028391,6.071097811343497],[116.5367757028391,6.070309645651192],[116.53729391122964,6.070309645651192],[116.53729391122964,6.071097811343497],[116.5367757028391,6.071097811343497]],[[116.53884853640133,6.070309645651192],[116.53884853640133,6.071097811343497],[116.53833032801077,6.071097811343497],[116.53781211962021,6.069521481081354],[116.53884853640133,6.069521481081354],[116.53884853640133,6.069915563225973],[116.5393667447919,6.069915563225973],[116.5393667447919,6.070309645651192],[116.53884853640133,6.070309645651192]],[[116.53781211962021,6.069127399217313],[116.53781211962021,6.068733317633836],[116.53833032801077,6.068733317633836],[116.53833032801077,6.069127399217313],[116.53781211962021,6.069127399217313]],[[116.54506703708806,6.069127399217313],[116.54506703708806,6.068733317633836],[116.54558524547862,6.068733317633836],[116.54558524547862,6.069127399217313],[116.54506703708806,6.069127399217313]],[[116.5393667447919,6.068733317633836],[116.5393667447919,6.068339236330897],[116.53988495318245,6.068339236330897],[116.53988495318245,6.068733317633836],[116.5393667447919,6.068733317633836]],[[116.54247599513525,6.068339236330897],[116.54247599513525,6.067945155308484],[116.54299420352582,6.067945155308484],[116.54299420352582,6.068339236330897],[116.54247599513525,6.068339236330897]],[[116.5393667447919,6.067551074566573],[116.5367757028391,6.067945155308484],[116.5367757028391,6.067551074566573],[116.53729391122964,6.067551074566573],[116.5367757028391,6.066762913924193],[116.53884853640133,6.065974754403605],[116.53884853640133,6.066368834023684],[116.5393667447919,6.066368834023684],[116.5393667447919,6.067551074566573]],[[116.53625749444853,6.066762913924193],[116.53625749444853,6.066368834023684],[116.5367757028391,6.066368834023684],[116.5367757028391,6.066762913924193],[116.53625749444853,6.066762913924193]],[[116.53625749444853,6.06715699410515],[116.53573928605796,6.06715699410515],[116.53573928605796,6.066762913924193],[116.53625749444853,6.066762913924193],[116.53625749444853,6.06715699410515]],[[116.53573928605796,6.066368834023684],[116.53573928605796,6.065974754403605],[116.53625749444853,6.065974754403605],[116.53625749444853,6.066368834023684],[116.53573928605796,6.066368834023684]],[[116.53625749444853,6.065580675063937],[116.5367757028391,6.065580675063937],[116.5367757028391,6.065974754403605],[116.53625749444853,6.065974754403605],[116.53625749444853,6.065580675063937]],[[116.54506703708806,6.067945155308484],[116.54506703708806,6.067551074566573],[116.54558524547862,6.067551074566573],[116.54558524547862,6.067945155308484],[116.54506703708806,6.067945155308484]],[[116.54195778674469,6.066368834023684],[116.54299420352582,6.066368834023684],[116.54299420352582,6.06715699410515],[116.54195778674469,6.06715699410515],[116.54195778674469,6.067551074566573],[116.54143957835414,6.067551074566573],[116.54092136996357,6.066762913924193],[116.54195778674469,6.066762913924193],[116.54195778674469,6.066368834023684]],[[116.54351241191638,6.06715699410515],[116.54351241191638,6.067551074566573],[116.54299420352582,6.067551074566573],[116.54299420352582,6.06715699410515],[116.54351241191638,6.06715699410515]],[[116.59533325097242,6.067551074566573],[116.59481504258189,6.067551074566573],[116.59429683419131,6.066762913924193],[116.59533325097242,6.066762913924193],[116.59533325097242,6.067551074566573]],[[116.59377862580075,6.066762913924193],[116.59377862580075,6.066368834023684],[116.59429683419131,6.066368834023684],[116.59429683419131,6.066762913924193],[116.59377862580075,6.066762913924193]],[[116.54454882869749,6.065974754403605],[116.54403062030694,6.065974754403605],[116.54403062030694,6.065580675063937],[116.54299420352582,6.065580675063937],[116.54403062030694,6.064398438727207],[116.54506703708806,6.064398438727207],[116.54506703708806,6.0651865960046605],[116.54610345386918,6.065580675063937],[116.54610345386918,6.066762913924193],[116.54454882869749,6.066762913924193],[116.54454882869749,6.065974754403605]],[[116.54351241191638,6.064398438727207],[116.54351241191638,6.064004360508992],[116.54403062030694,6.064004360508992],[116.54403062030694,6.064398438727207],[116.54351241191638,6.064398438727207]],[[116.54299420352582,6.064004360508992],[116.54195778674469,6.062822127536179],[116.54403062030694,6.06242805043912],[116.54403062030694,6.063610282571097],[116.54299420352582,6.064004360508992]],[[116.5471398706503,6.066762913924193],[116.5471398706503,6.066368834023684],[116.54765807904086,6.066368834023684],[116.54765807904086,6.066762913924193],[116.5471398706503,6.066762913924193]],[[116.54869449582199,6.066762913924193],[116.54869449582199,6.066368834023684],[116.54921270421254,6.066368834023684],[116.54921270421254,6.066762913924193],[116.54869449582199,6.066762913924193]],[[116.53263003571459,6.065974754403605],[116.53263003571459,6.065580675063937],[116.53314824410516,6.065580675063937],[116.53314824410516,6.065974754403605],[116.53263003571459,6.065974754403605]],[[116.5471398706503,6.065974754403605],[116.5471398706503,6.065580675063937],[116.54765807904086,6.065580675063937],[116.54765807904086,6.065974754403605],[116.5471398706503,6.065974754403605]],[[116.53988495318245,6.065580675063937],[116.53988495318245,6.0651865960046605],[116.54040316157301,6.0651865960046605],[116.54040316157301,6.065580675063937],[116.53988495318245,6.065580675063937]],[[116.58859654189514,6.0651865960046605],[116.58859654189514,6.065580675063937],[116.58807833350457,6.065580675063937],[116.58807833350457,6.0651865960046605],[116.58859654189514,6.0651865960046605]],[[116.58859654189514,6.064792517225757],[116.5891147502857,6.064792517225757],[116.5891147502857,6.0651865960046605],[116.58859654189514,6.0651865960046605],[116.58859654189514,6.064792517225757]],[[116.58807833350457,6.064792517225757],[116.58807833350457,6.064398438727207],[116.58756012511404,6.064398438727207],[116.58704191672346,6.0651865960046605],[116.58548729155177,6.0651865960046605],[116.58496908316123,6.064398438727207],[116.58548729155177,6.064398438727207],[116.58548729155177,6.064004360508992],[116.5865237083329,6.064398438727207],[116.58756012511404,6.063216204913498],[116.58859654189514,6.063216204913498],[116.58859654189514,6.064792517225757],[116.58807833350457,6.064792517225757]],[[116.58496908316123,6.0651865960046605],[116.58445087477067,6.0651865960046605],[116.58445087477067,6.064792517225757],[116.58496908316123,6.064792517225757],[116.58496908316123,6.0651865960046605]],[[116.58963295867628,6.065580675063937],[116.58963295867628,6.0651865960046605],[116.59015116706681,6.0651865960046605],[116.59015116706681,6.065580675063937],[116.58963295867628,6.065580675063937]],[[116.54299420352582,6.064792517225757],[116.54195778674469,6.064792517225757],[116.54195778674469,6.0651865960046605],[116.54092136996357,6.0651865960046605],[116.54195778674469,6.064004360508992],[116.54247599513525,6.064004360508992],[116.54299420352582,6.064792517225757]],[[116.54040316157301,6.064792517225757],[116.54040316157301,6.064398438727207],[116.54092136996357,6.064398438727207],[116.54092136996357,6.064792517225757],[116.54040316157301,6.064792517225757]],[[116.53988495318245,6.064398438727207],[116.53988495318245,6.064792517225757],[116.5393667447919,6.064792517225757],[116.5393667447919,6.064398438727207],[116.53884853640133,6.064398438727207],[116.53884853640133,6.064792517225757],[116.53781211962021,6.064792517225757],[116.53781211962021,6.064398438727207],[116.53833032801077,6.064398438727207],[116.53833032801077,6.063216204913498],[116.53884853640133,6.063216204913498],[116.53884853640133,6.063610282571097],[116.53988495318245,6.063610282571097],[116.53988495318245,6.063216204913498],[116.54040316157301,6.063216204913498],[116.54092136996357,6.064004360508992],[116.53988495318245,6.064398438727207]],[[116.54662166225975,6.064792517225757],[116.54662166225975,6.0651865960046605],[116.54610345386918,6.0651865960046605],[116.54610345386918,6.064792517225757],[116.54662166225975,6.064792517225757]],[[116.54662166225975,6.064398438727207],[116.5471398706503,6.064398438727207],[116.5471398706503,6.064792517225757],[116.54662166225975,6.064792517225757],[116.54662166225975,6.064398438727207]],[[116.59274220901962,6.0651865960046605],[116.59274220901962,6.064792517225757],[116.59326041741018,6.064792517225757],[116.59326041741018,6.0651865960046605],[116.59274220901962,6.0651865960046605]],[[116.58963295867628,6.064398438727207],[116.58963295867628,6.063216204913498],[116.5891147502857,6.063216204913498],[116.5891147502857,6.062822127536179],[116.58963295867628,6.062822127536179],[116.58963295867628,6.062033973622303],[116.59066937545738,6.062033973622303],[116.59066937545738,6.062822127536179],[116.59118758384794,6.062822127536179],[116.59118758384794,6.064398438727207],[116.59066937545738,6.064398438727207],[116.59066937545738,6.064792517225757],[116.58963295867628,6.064398438727207]],[[116.5891147502857,6.062033973622303],[116.5891147502857,6.0616398970857075],[116.58963295867628,6.0616398970857075],[116.58963295867628,6.062033973622303],[116.5891147502857,6.062033973622303]],[[116.59066937545738,6.0616398970857075],[116.59118758384794,6.0616398970857075],[116.59118758384794,6.062033973622303],[116.59066937545738,6.062033973622303],[116.59066937545738,6.0616398970857075]],[[116.58341445798953,6.063610282571097],[116.58341445798953,6.063216204913498],[116.5839326663801,6.063216204913498],[116.5839326663801,6.063610282571097],[116.58341445798953,6.063610282571097]],[[116.58341445798953,6.0616398970857075],[116.58341445798953,6.062033973622303],[116.58289624959896,6.062033973622303],[116.58289624959896,6.06124582082932],[116.58496908316123,6.06124582082932],[116.58496908316123,6.06242805043912],[116.58548729155177,6.06242805043912],[116.58548729155177,6.062822127536179],[116.58445087477067,6.063216204913498],[116.58445087477067,6.062822127536179],[116.5839326663801,6.062822127536179],[116.58445087477067,6.062033973622303],[116.58341445798953,6.0616398970857075]],[[116.58859654189514,6.0616398970857075],[116.58704191672346,6.063216204913498],[116.58600549994233,6.062822127536179],[116.5865237083329,6.062033973622303],[116.58859654189514,6.0616398970857075]],[[116.55439478811815,6.0545465673237695],[116.55439478811815,6.0565169276017485],[116.55335837133704,6.05691100049715],[116.55335837133704,6.05769914712791],[116.55232195455591,6.057305073672531],[116.55232195455591,6.05769914712791],[116.55180374616533,6.05769914712791],[116.55180374616533,6.058487294878736],[116.55128553777479,6.058487294878736],[116.55128553777479,6.0588813691742205],[116.55024912099367,6.0588813691742205],[116.55024912099367,6.059275443749779],[116.54869449582199,6.060063593741189],[116.5497309126031,6.06124582082932],[116.55024912099367,6.06124582082932],[116.55024912099367,6.060851744853116],[116.55180374616533,6.060851744853116],[116.55180374616533,6.062033973622303],[116.55076732938423,6.0616398970857075],[116.55076732938423,6.062033973622303],[116.55024912099367,6.062033973622303],[116.55024912099367,6.06242805043912],[116.54921270421254,6.06242805043912],[116.54921270421254,6.062822127536179],[116.54869449582199,6.062822127536179],[116.54869449582199,6.06242805043912],[116.54817628743143,6.06242805043912],[116.54817628743143,6.062822127536179],[116.54558524547862,6.062822127536179],[116.54558524547862,6.06242805043912],[116.54610345386918,6.06242805043912],[116.54610345386918,6.06124582082932],[116.54662166225975,6.06124582082932],[116.54662166225975,6.0616398970857075],[116.54765807904086,6.06124582082932],[116.54765807904086,6.060457669157078],[116.5471398706503,6.060457669157078],[116.5471398706503,6.0596695186054275],[116.54765807904086,6.0596695186054275],[116.54765807904086,6.059275443749779],[116.5471398706503,6.059275443749779],[116.5471398706503,6.0588813691742205],[116.54765807904086,6.0588813691742205],[116.54817628743143,6.058093220863305],[116.54765807904086,6.058093220863305],[116.5471398706503,6.057305073672531],[116.54765807904086,6.057305073672531],[116.54765807904086,6.0565169276017485],[116.54921270421254,6.0557287826508075],[116.54921270421254,6.0549406388195575],[116.5497309126031,6.0549406388195575],[116.55076732938423,6.053758425171776],[116.55180374616533,6.054152496107849],[116.55180374616533,6.0549406388195575],[116.55232195455591,6.0549406388195575],[116.55232195455591,6.055334710595232],[116.55439478811815,6.0545465673237695]],[[116.54558524547862,6.06124582082932],[116.54558524547862,6.060063593741189],[116.54610345386918,6.060063593741189],[116.54610345386918,6.06124582082932],[116.54558524547862,6.06124582082932]],[[116.55180374616533,6.053758425171776],[116.55232195455591,6.053758425171776],[116.55232195455591,6.054152496107849],[116.55180374616533,6.054152496107849],[116.55180374616533,6.053758425171776]],[[116.56320433075769,6.06242805043912],[116.56372253914823,6.06242805043912],[116.56372253914823,6.062822127536179],[116.56320433075769,6.062822127536179],[116.56320433075769,6.06242805043912]],[[116.56268612236713,6.06242805043912],[116.56268612236713,6.062033973622303],[116.56320433075769,6.062033973622303],[116.56320433075769,6.06242805043912],[116.56268612236713,6.06242805043912]],[[116.58185983281786,6.06242805043912],[116.58185983281786,6.062033973622303],[116.58237804120843,6.062033973622303],[116.58237804120843,6.06242805043912],[116.58185983281786,6.06242805043912]],[[116.54195778674469,6.060851744853116],[116.54195778674469,6.060457669157078],[116.54247599513525,6.060457669157078],[116.54195778674469,6.0596695186054275],[116.54247599513525,6.0596695186054275],[116.54247599513525,6.059275443749779],[116.54351241191638,6.059275443749779],[116.54299420352582,6.060063593741189],[116.54351241191638,6.060063593741189],[116.54351241191638,6.060457669157078],[116.54454882869749,6.060063593741189],[116.54506703708806,6.062033973622303],[116.54403062030694,6.062033973622303],[116.54351241191638,6.06124582082932],[116.54247599513525,6.0616398970857075],[116.54247599513525,6.060851744853116],[116.54195778674469,6.060851744853116]],[[116.57408670695945,6.057305073672531],[116.57460491535001,6.057305073672531],[116.57408670695945,6.059275443749779],[116.57305029017834,6.059275443749779],[116.57305029017834,6.0588813691742205],[116.57201387339721,6.059275443749779],[116.57201387339721,6.06124582082932],[116.57149566500664,6.06124582082932],[116.57149566500664,6.062033973622303],[116.57097745661608,6.062033973622303],[116.57045924822553,6.06124582082932],[116.5694228314444,6.06124582082932],[116.5694228314444,6.060851744853116],[116.56994103983497,6.060851744853116],[116.56994103983497,6.060063593741189],[116.57045924822553,6.060063593741189],[116.57045924822553,6.0596695186054275],[116.56994103983497,6.0596695186054275],[116.56994103983497,6.0588813691742205],[116.57149566500664,6.058093220863305],[116.57149566500664,6.057305073672531],[116.57097745661608,6.057305073672531],[116.57097745661608,6.053758425171776],[116.57149566500664,6.053758425171776],[116.57201387339721,6.052182144225585],[116.57305029017834,6.051788074688471],[116.57305029017834,6.050999936453427],[116.57408670695945,6.051394005431091],[116.57408670695945,6.050999936453427],[116.57460491535001,6.050999936453427],[116.57408670695945,6.050211799337174],[116.57512312374058,6.050211799337174],[116.57512312374058,6.049817731198546],[116.57615954052169,6.049423663339561],[116.57615954052169,6.049817731198546],[116.57719595730282,6.050211799337174],[116.57719595730282,6.051788074688471],[116.57771416569338,6.051788074688471],[116.57771416569338,6.052182144225585],[116.57564133213111,6.053364354515533],[116.57564133213111,6.053758425171776],[116.57615954052169,6.053758425171776],[116.57615954052169,6.0545465673237695],[116.57564133213111,6.0545465673237695],[116.57564133213111,6.0549406388195575],[116.57460491535001,6.0549406388195575],[116.57460491535001,6.055334710595232],[116.57356849856887,6.0557287826508075],[116.57408670695945,6.057305073672531]],[[116.57719595730282,6.049817731198546],[116.57771416569338,6.049817731198546],[116.57771416569338,6.050211799337174],[116.57719595730282,6.050211799337174],[116.57719595730282,6.049817731198546]],[[116.57771416569338,6.049423663339561],[116.57823237408392,6.049423663339561],[116.57823237408392,6.049029595760199],[116.57771416569338,6.049029595760199],[116.57667774891225,6.047847394699659],[116.57615954052169,6.047847394699659],[116.57615954052169,6.048241461440266],[116.57512312374058,6.048241461440266],[116.57512312374058,6.047847394699659],[116.57460491535001,6.047847394699659],[116.57460491535001,6.048241461440266],[116.57408670695945,6.048241461440266],[116.57460491535001,6.049029595760199],[116.57356849856887,6.049029595760199],[116.57356849856887,6.047847394699659],[116.57253208178777,6.047453328238599],[116.57253208178777,6.047847394699659],[116.57201387339721,6.047847394699659],[116.57201387339721,6.048635528460441],[116.57149566500664,6.048635528460441],[116.57149566500664,6.047847394699659],[116.57097745661608,6.047847394699659],[116.57097745661608,6.047453328238599],[116.57201387339721,6.047059262057069],[116.57201387339721,6.046665196155049],[116.57149566500664,6.046665196155049],[116.57149566500664,6.045877065189463],[116.57201387339721,6.045877065189463],[116.57253208178777,6.046665196155049],[116.57512312374058,6.046665196155049],[116.57512312374058,6.046271130532519],[116.57564133213111,6.046271130532519],[116.57667774891225,6.047453328238599],[116.57771416569338,6.047453328238599],[116.57771416569338,6.047847394699659],[116.57823237408392,6.047847394699659],[116.57823237408392,6.047453328238599],[116.57875058247448,6.047453328238599],[116.57875058247448,6.046665196155049],[116.57926879086506,6.046665196155049],[116.57926879086506,6.045877065189463],[116.57875058247448,6.045877065189463],[116.57875058247448,6.045483000125859],[116.57978699925562,6.045088935341692],[116.57978699925562,6.045877065189463],[116.58030520764619,6.045877065189463],[116.58030520764619,6.046271130532519],[116.57978699925562,6.046271130532519],[116.57978699925562,6.046665196155049],[116.58030520764619,6.046665196155049],[116.58030520764619,6.047453328238599],[116.57978699925562,6.047453328238599],[116.58030520764619,6.049029595760199],[116.57978699925562,6.049029595760199],[116.57926879086506,6.05060586775546],[116.57875058247448,6.05060586775546],[116.57771416569338,6.049423663339561]],[[116.57823237408392,6.052182144225585],[116.57823237408392,6.052576214042456],[116.57771416569338,6.052576214042456],[116.57771416569338,6.052182144225585],[116.57823237408392,6.052182144225585]],[[116.57615954052169,6.0549406388195575],[116.57615954052169,6.055334710595232],[116.57564133213111,6.055334710595232],[116.57564133213111,6.0549406388195575],[116.57615954052169,6.0549406388195575]],[[116.57253208178777,6.062033973622303],[116.57253208178777,6.0616398970857075],[116.57305029017834,6.0616398970857075],[116.57305029017834,6.062033973622303],[116.57253208178777,6.062033973622303]],[[116.57408670695945,6.06124582082932],[116.57408670695945,6.0596695186054275],[116.57460491535001,6.0596695186054275],[116.57460491535001,6.060457669157078],[116.57512312374058,6.060457669157078],[116.57512312374058,6.060851744853116],[116.57408670695945,6.06124582082932]],[[116.54610345386918,6.059275443749779],[116.54662166225975,6.059275443749779],[116.54662166225975,6.0596695186054275],[116.54610345386918,6.0596695186054275],[116.54610345386918,6.059275443749779]],[[116.54506703708806,6.059275443749779],[116.54506703708806,6.0588813691742205],[116.54403062030694,6.0588813691742205],[116.54403062030694,6.058487294878736],[116.54195778674469,6.057305073672531],[116.54195778674469,6.0565169276017485],[116.54247599513525,6.0565169276017485],[116.54247599513525,6.056122854986307],[116.54299420352582,6.056122854986307],[116.54299420352582,6.055334710595232],[116.54351241191638,6.055334710595232],[116.54351241191638,6.0557287826508075],[116.54403062030694,6.0557287826508075],[116.54351241191638,6.0565169276017485],[116.54454882869749,6.05691100049715],[116.54454882869749,6.0565169276017485],[116.54506703708806,6.0565169276017485],[116.54506703708806,6.0557287826508075],[116.54558524547862,6.0557287826508075],[116.54506703708806,6.0549406388195575],[116.54558524547862,6.0549406388195575],[116.54558524547862,6.0545465673237695],[116.54662166225975,6.0545465673237695],[116.54662166225975,6.0549406388195575],[116.5471398706503,6.0549406388195575],[116.54765807904086,6.054152496107849],[116.5471398706503,6.054152496107849],[116.54662166225975,6.053364354515533],[116.54765807904086,6.053364354515533],[116.54765807904086,6.053758425171776],[116.54817628743143,6.053758425171776],[116.54817628743143,6.055334710595232],[116.5471398706503,6.055334710595232],[116.5471398706503,6.0557287826508075],[116.54662166225975,6.0557287826508075],[116.5471398706503,6.0565169276017485],[116.54610345386918,6.0565169276017485],[116.54610345386918,6.05691100049715],[116.54558524547862,6.05691100049715],[116.54558524547862,6.05769914712791],[116.54610345386918,6.05769914712791],[116.54610345386918,6.058093220863305],[116.54558524547862,6.058093220863305],[116.54558524547862,6.058487294878736],[116.54610345386918,6.058487294878736],[116.54610345386918,6.059275443749779],[116.54506703708806,6.059275443749779]],[[116.54351241191638,6.0588813691742205],[116.54299420352582,6.0588813691742205],[116.54299420352582,6.058487294878736],[116.54351241191638,6.058487294878736],[116.54351241191638,6.0588813691742205]],[[116.54662166225975,6.054152496107849],[116.54610345386918,6.054152496107849],[116.54610345386918,6.053758425171776],[116.54662166225975,6.053758425171776],[116.54662166225975,6.054152496107849]],[[116.56061328880489,6.059275443749779],[116.56061328880489,6.058093220863305],[116.56113149719542,6.058093220863305],[116.56216791397655,6.059275443749779],[116.56061328880489,6.059275443749779]],[[116.54040316157301,6.0588813691742205],[116.54040316157301,6.058487294878736],[116.54092136996357,6.058487294878736],[116.54092136996357,6.0588813691742205],[116.54040316157301,6.0588813691742205]],[[116.57564133213111,6.058093220863305],[116.57564133213111,6.05769914712791],[116.57615954052169,6.05769914712791],[116.57615954052169,6.058093220863305],[116.57564133213111,6.058093220863305]],[[116.57512312374058,6.057305073672531],[116.57512312374058,6.056122854986307],[116.57564133213111,6.056122854986307],[116.57564133213111,6.057305073672531],[116.57512312374058,6.057305073672531]],[[116.55698583007094,6.055334710595232],[116.55698583007094,6.0549406388195575],[116.55750403846152,6.0549406388195575],[116.55750403846152,6.055334710595232],[116.55698583007094,6.055334710595232]],[[116.58185983281786,6.053758425171776],[116.58185983281786,6.052970284139099],[116.58237804120843,6.052970284139099],[116.58237804120843,6.054152496107849],[116.5813416244273,6.054152496107849],[116.5813416244273,6.053758425171776],[116.58185983281786,6.053758425171776]],[[116.54921270421254,6.053758425171776],[116.54921270421254,6.053364354515533],[116.5497309126031,6.053364354515533],[116.5497309126031,6.053758425171776],[116.54921270421254,6.053758425171776]],[[116.55335837133704,6.050999936453427],[116.55335837133704,6.052970284139099],[116.55180374616533,6.052970284139099],[116.55180374616533,6.052182144225585],[116.55284016294647,6.051788074688471],[116.55232195455591,6.050999936453427],[116.55335837133704,6.050999936453427]],[[116.5549129965087,6.051394005431091],[116.55543120489928,6.051394005431091],[116.55543120489928,6.052576214042456],[116.55439478811815,6.052576214042456],[116.55439478811815,6.050999936453427],[116.5549129965087,6.050999936453427],[116.5549129965087,6.051394005431091]],[[116.55387657972757,6.050999936453427],[116.55335837133704,6.050211799337174],[116.55232195455591,6.050211799337174],[116.55232195455591,6.048635528460441],[116.55335837133704,6.049029595760199],[116.55335837133704,6.048635528460441],[116.55439478811815,6.048241461440266],[116.55439478811815,6.048635528460441],[116.5549129965087,6.048635528460441],[116.5549129965087,6.049423663339561],[116.55439478811815,6.049423663339561],[116.55439478811815,6.050999936453427],[116.55387657972757,6.050999936453427]],[[116.55180374616533,6.048635528460441],[116.55180374616533,6.048241461440266],[116.55232195455591,6.048241461440266],[116.55232195455591,6.048635528460441],[116.55180374616533,6.048635528460441]],[[116.55543120489928,6.050999936453427],[116.55543120489928,6.049817731198546],[116.55594941328984,6.049817731198546],[116.55594941328984,6.050211799337174],[116.55646762168038,6.050211799337174],[116.55646762168038,6.049817731198546],[116.55750403846152,6.049817731198546],[116.55750403846152,6.050211799337174],[116.55854045524265,6.05060586775546],[116.55854045524265,6.050999936453427],[116.55802224685208,6.050999936453427],[116.55802224685208,6.052576214042456],[116.55698583007094,6.052182144225585],[116.55698583007094,6.051788074688471],[116.55750403846152,6.051788074688471],[116.55698583007094,6.050999936453427],[116.55543120489928,6.050999936453427]],[[116.58185983281786,6.052576214042456],[116.58185983281786,6.052182144225585],[116.58237804120843,6.052182144225585],[116.58237804120843,6.052576214042456],[116.58185983281786,6.052576214042456]],[[116.58030520764619,6.051394005431091],[116.58030520764619,6.05060586775546],[116.5813416244273,6.05060586775546],[116.5813416244273,6.052182144225585],[116.58082341603672,6.052182144225585],[116.58082341603672,6.051394005431091],[116.58030520764619,6.051394005431091]],[[116.55076732938423,6.050999936453427],[116.55076732938423,6.05060586775546],[116.55128553777479,6.05060586775546],[116.55128553777479,6.050999936453427],[116.55076732938423,6.050999936453427]],[[116.58030520764619,6.050211799337174],[116.58030520764619,6.049817731198546],[116.58082341603672,6.049817731198546],[116.58082341603672,6.050211799337174],[116.58030520764619,6.050211799337174]],[[116.57512312374058,6.049029595760199],[116.57512312374058,6.048635528460441],[116.57615954052169,6.048635528460441],[116.57615954052169,6.049029595760199],[116.57512312374058,6.049029595760199]],[[116.56890462305384,6.044694870836942],[116.56890462305384,6.045483000125859],[116.56838641466327,6.045483000125859],[116.56838641466327,6.045877065189463],[116.56890462305384,6.045877065189463],[116.56890462305384,6.046665196155049],[116.56838641466327,6.046665196155049],[116.56838641466327,6.046271130532519],[116.56734999788216,6.045877065189463],[116.56734999788216,6.045088935341692],[116.56786820627273,6.045088935341692],[116.56786820627273,6.044694870836942],[116.56890462305384,6.044694870836942]],[[116.57771416569338,6.043512678998998],[116.57771416569338,6.044300806611588],[116.57823237408392,6.044300806611588],[116.57823237408392,6.045483000125859],[116.57771416569338,6.045483000125859],[116.57771416569338,6.045877065189463],[116.57823237408392,6.045877065189463],[116.57823237408392,6.046665196155049],[116.57667774891225,6.046665196155049],[116.57667774891225,6.045088935341692],[116.57615954052169,6.045088935341692],[116.57615954052169,6.044694870836942],[116.57667774891225,6.044694870836942],[116.57667774891225,6.043906742665612],[116.57771416569338,6.043512678998998]],[[116.57305029017834,6.045877065189463],[116.57356849856887,6.044300806611588],[116.57408670695945,6.044300806611588],[116.57408670695945,6.043906742665612],[116.57512312374058,6.043906742665612],[116.57512312374058,6.044694870836942],[116.57408670695945,6.045088935341692],[116.57460491535001,6.045877065189463],[116.57305029017834,6.045877065189463]],[[116.57512312374058,6.043512678998998],[116.57564133213111,6.043512678998998],[116.57564133213111,6.043906742665612],[116.57512312374058,6.043906742665612],[116.57512312374058,6.043512678998998]],[[116.57512312374058,6.045483000125859],[116.57512312374058,6.045088935341692],[116.57564133213111,6.045088935341692],[116.57564133213111,6.045483000125859],[116.57512312374058,6.045483000125859]],[[116.57045924822553,6.045088935341692],[116.57045924822553,6.044694870836942],[116.57097745661608,6.044694870836942],[116.57097745661608,6.045088935341692],[116.57045924822553,6.045088935341692]],[[116.56734999788216,6.043512678998998],[116.5668317894916,6.044300806611588],[116.5657953727105,6.044300806611588],[116.5668317894916,6.043118615611724],[116.56786820627273,6.043118615611724],[116.56786820627273,6.043512678998998],[116.56734999788216,6.043512678998998]],[[116.56994103983497,6.043906742665612],[116.56994103983497,6.044300806611588],[116.5694228314444,6.044300806611588],[116.5694228314444,6.043906742665612],[116.56994103983497,6.043906742665612]],[[116.56994103983497,6.043118615611724],[116.57045924822553,6.043118615611724],[116.57045924822553,6.043906742665612],[116.56994103983497,6.043906742665612],[116.56994103983497,6.043118615611724]],[[116.57097745661608,6.044300806611588],[116.57097745661608,6.043906742665612],[116.57149566500664,6.043906742665612],[116.57149566500664,6.044300806611588],[116.57097745661608,6.044300806611588]],[[116.57875058247448,6.044300806611588],[116.57875058247448,6.043118615611724],[116.57926879086506,6.043118615611724],[116.57926879086506,6.044300806611588],[116.57875058247448,6.044300806611588]],[[116.57253208178777,6.043512678998998],[116.57253208178777,6.043118615611724],[116.57305029017834,6.043118615611724],[116.57305029017834,6.043512678998998],[116.57253208178777,6.043512678998998]],[[116.57667774891225,6.042724552503773],[116.57667774891225,6.043118615611724],[116.57615954052169,6.043118615611724],[116.57615954052169,6.042724552503773],[116.57667774891225,6.042724552503773]],[[116.57667774891225,6.042330489675127],[116.57719595730282,6.042330489675127],[116.57719595730282,6.042724552503773],[116.57667774891225,6.042724552503773],[116.57667774891225,6.042330489675127]],[[116.57719595730282,6.041936427125766],[116.57771416569338,6.041936427125766],[116.57771416569338,6.042330489675127],[116.57719595730282,6.042330489675127],[116.57719595730282,6.041936427125766]],[[116.57771416569338,6.041542364855669],[116.57823237408392,6.041542364855669],[116.57823237408392,6.041936427125766],[116.57771416569338,6.041936427125766],[116.57771416569338,6.041542364855669]]],[[[116.57667774891225,6.083314523221868],[116.57615954052169,6.083314523221868],[116.57615954052169,6.083708615198595],[116.57719595730282,6.0841027074565766],[116.57771416569338,6.083314523221868],[116.57719595730282,6.083314523221868],[116.57719595730282,6.082920431526379],[116.57667774891225,6.082920431526379],[116.57667774891225,6.083314523221868]]],[[[116.56268612236713,6.085284985918243],[116.56216791397655,6.085284985918243],[116.56216791397655,6.085679079301433],[116.56320433075769,6.086073172965973],[116.56372253914823,6.085284985918243],[116.56320433075769,6.085284985918243],[116.56320433075769,6.084890892816381],[116.56268612236713,6.084890892816381],[116.56268612236713,6.085284985918243]]],[[[116.57305029017834,6.088043645509563],[116.57253208178777,6.088043645509563],[116.57253208178777,6.08843774086259],[116.57356849856887,6.088831836497099],[116.57408670695945,6.088043645509563],[116.57356849856887,6.088043645509563],[116.57356849856887,6.087649550437997],[116.57305029017834,6.087649550437997],[116.57305029017834,6.088043645509563]]],[[[116.57615954052169,6.0943492049461705],[116.57564133213111,6.0943492049461705],[116.57564133213111,6.094743304805139],[116.57667774891225,6.095137404945886],[116.57719595730282,6.0943492049461705],[116.57667774891225,6.0943492049461705],[116.57667774891225,6.093955105368966],[116.57615954052169,6.093955105368966],[116.57615954052169,6.0943492049461705]]],[[[116.57149566500664,6.097107909876995],[116.57097745661608,6.097107909876995],[116.57097745661608,6.09868431889585],[116.57201387339721,6.099078421855437],[116.57201387339721,6.09868431889585],[116.57253208178777,6.09868431889585],[116.57253208178777,6.097107909876995],[116.57201387339721,6.097107909876995],[116.57201387339721,6.096713808327062],[116.57149566500664,6.096713808327062],[116.57149566500664,6.097107909876995]]],[[[116.57512312374058,6.101443045535356],[116.57460491535001,6.101443045535356],[116.57460491535001,6.101048940883563],[116.57305029017834,6.101048940883563],[116.57305029017834,6.101443045535356],[116.57253208178777,6.101443045535356],[116.57253208178777,6.103019466963718],[116.57305029017834,6.103019466963718],[116.57253208178777,6.103807679370874],[116.57305029017834,6.103807679370874],[116.57305029017834,6.10420178599776],[116.57460491535001,6.10420178599776],[116.57460491535001,6.103807679370874],[116.57512312374058,6.103807679370874],[116.57512312374058,6.102625361183412],[116.57460491535001,6.102625361183412],[116.57460491535001,6.102231255685262],[116.57512312374058,6.102231255685262],[116.57512312374058,6.101443045535356]],[[116.57356849856887,6.103019466963718],[116.57356849856887,6.102625361183412],[116.57408670695945,6.102625361183412],[116.57408670695945,6.103019466963718],[116.57356849856887,6.103019466963718]],[[116.57356849856887,6.102231255685262],[116.57356849856887,6.10183715046925],[116.57408670695945,6.10183715046925],[116.57408670695945,6.102231255685262],[116.57356849856887,6.102231255685262]]],[[[116.5813416244273,6.103807679370874],[116.58185983281786,6.103807679370874],[116.58185983281786,6.103413573026198],[116.58030520764619,6.102625361183412],[116.58030520764619,6.103019466963718],[116.57978699925562,6.103019466963718],[116.57978699925562,6.103807679370874],[116.57875058247448,6.103413573026198],[116.57771416569338,6.104990000098247],[116.57875058247448,6.1053841075718855],[116.57926879086506,6.10459589290688],[116.58082341603672,6.10459589290688],[116.5813416244273,6.103807679370874]]],[[[116.5694228314444,6.1120839778290605],[116.56890462305384,6.1120839778290605],[116.56890462305384,6.11247809038675],[116.56994103983497,6.112872203227064],[116.57045924822553,6.1120839778290605],[116.56994103983497,6.1120839778290605],[116.56994103983497,6.111689865553979],[116.5694228314444,6.111689865553979],[116.5694228314444,6.1120839778290605]]],[[[116.57512312374058,6.11405454344395],[116.57460491535001,6.11405454344395],[116.57460491535001,6.114448657414955],[116.57564133213111,6.114842771668679],[116.57615954052169,6.11405454344395],[116.57564133213111,6.11405454344395],[116.57564133213111,6.113660429755646],[116.57512312374058,6.113660429755646],[116.57512312374058,6.11405454344395]]],[[[116.56268612236713,6.117207463129188],[116.56216791397655,6.117207463129188],[116.56216791397655,6.117601579362475],[116.56320433075769,6.117995695878632],[116.56372253914823,6.117207463129188],[116.56320433075769,6.117207463129188],[116.56320433075769,6.116813347178751],[116.56268612236713,6.116813347178751],[116.56268612236713,6.117207463129188]]],[[[116.56424074753879,6.11878392975963],[116.56372253914823,6.119572164772333],[116.56527716431992,6.120360400916891],[116.5657953727105,6.119572164772333],[116.56424074753879,6.11878392975963]]],[[[116.56734999788216,6.121542757256284],[116.56631358110103,6.120360400916891],[116.56527716431992,6.120754519413663],[116.56527716431992,6.121148638193454],[116.56631358110103,6.121542757256284],[116.5657953727105,6.122330996231137],[116.56631358110103,6.122330996231137],[116.56631358110103,6.123513356816676],[116.5668317894916,6.123513356816676],[116.5668317894916,6.1239074775781335],[116.56786820627273,6.123513356816676],[116.56786820627273,6.122725116143196],[116.56734999788216,6.122725116143196],[116.56734999788216,6.121936876602172],[116.56786820627273,6.121936876602172],[116.56786820627273,6.121542757256284],[116.56734999788216,6.121542757256284]]],[[[116.57253208178777,6.12469571995058],[116.57305029017834,6.124935924835616],[116.57305029017834,6.12469571995058],[116.57253208178777,6.12469571995058]]],[[[116.58704191672346,6.052576214042456],[116.58704191672346,6.052970284139099],[116.5865237083329,6.052970284139099],[116.5865237083329,6.053364354515533],[116.58704191672346,6.053364354515533],[116.5865237083329,6.0549406388195575],[116.58756012511404,6.055334710595232],[116.58756012511404,6.0549406388195575],[116.58807833350457,6.0549406388195575],[116.58807833350457,6.054152496107849],[116.58756012511404,6.054152496107849],[116.58765527767221,6.053364354515533],[116.58704191672346,6.052576214042456]]],[[[116.58548729155177,6.0549406388195575],[116.58496908316123,6.0549406388195575],[116.58496908316123,6.055334710595232],[116.58600549994233,6.0557287826508075],[116.5865237083329,6.0549406388195575],[116.58600549994233,6.0549406388195575],[116.58600549994233,6.0545465673237695],[116.58548729155177,6.0545465673237695],[116.58548729155177,6.0549406388195575]]],[[[116.58859654189514,6.0557287826508075],[116.58908979204743,6.0557287826508075],[116.58886591714746,6.055334710595232],[116.58859654189514,6.055334710595232],[116.58859654189514,6.0557287826508075]]],[[[116.5891147502857,6.056122854986307],[116.58931366694736,6.056122854986307],[116.5891147502857,6.055772714990502],[116.5891147502857,6.056122854986307]]],[[[116.5839326663801,6.0565169276017485],[116.58341445798953,6.0565169276017485],[116.58289624959896,6.057305073672531],[116.58548729155177,6.058093220863305],[116.58548729155177,6.05769914712791],[116.58600549994233,6.05769914712791],[116.58600549994233,6.0565169276017485],[116.58548729155177,6.0565169276017485],[116.58548729155177,6.056122854986307],[116.5839326663801,6.056122854986307],[116.5839326663801,6.0565169276017485]]],[[[116.58185983281786,6.065974754403605],[116.5813416244273,6.065974754403605],[116.5813416244273,6.066368834023684],[116.58237804120843,6.066762913924193],[116.58289624959896,6.065974754403605],[116.58237804120843,6.065974754403605],[116.58237804120843,6.065580675063937],[116.58185983281786,6.065580675063937],[116.58185983281786,6.065974754403605]]],[[[116.58445087477067,6.06715699410515],[116.5839326663801,6.06715699410515],[116.5839326663801,6.067551074566573],[116.58496908316123,6.067945155308484],[116.58548729155177,6.06715699410515],[116.58496908316123,6.06715699410515],[116.58496908316123,6.066762913924193],[116.58445087477067,6.066762913924193],[116.58445087477067,6.06715699410515]]],[[[116.58756012511404,6.072674146096115],[116.58807833350457,6.072674146096115],[116.58807833350457,6.0734623151567275],[116.58859654189514,6.0734623151567275],[116.58859654189514,6.073856400108175],[116.58963295867628,6.073856400108175],[116.58963295867628,6.0758268290775765],[116.59015116706681,6.0758268290775765],[116.59015116706681,6.07622091571402],[116.59222400062907,6.075432742722013],[116.59222400062907,6.074250485340408],[116.59170579223851,6.074250485340408],[116.59170579223851,6.073856400108175],[116.59118758384794,6.073856400108175],[116.59118758384794,6.073068230486047],[116.59015116706681,6.072674146096115],[116.59015116706681,6.071885978158423],[116.59066937545738,6.071885978158423],[116.59118758384794,6.071097811343497],[116.59066937545738,6.071097811343497],[116.59066937545738,6.070703728357027],[116.58963295867628,6.070703728357027],[116.58963295867628,6.070309645651192],[116.58859654189514,6.070309645651192],[116.58859654189514,6.069915563225973],[116.58807833350457,6.069915563225973],[116.58807833350457,6.070309645651192],[116.58704191672346,6.070309645651192],[116.58704191672346,6.069915563225973],[116.58600549994233,6.070309645651192],[116.58600549994233,6.069915563225973],[116.58548729155177,6.069915563225973],[116.58548729155177,6.070309645651192],[116.58496908316123,6.070309645651192],[116.58496908316123,6.071097811343497],[116.58445087477067,6.071097811343497],[116.58445087477067,6.071491894610624],[116.58496908316123,6.071491894610624],[116.58445087477067,6.0722800619869135],[116.58548729155177,6.072674146096115],[116.58548729155177,6.0722800619869135],[116.58600549994233,6.0722800619869135],[116.58600549994233,6.071491894610624],[116.58756012511404,6.070703728357027],[116.58756012511404,6.071885978158423],[116.58704191672346,6.071885978158423],[116.58756012511404,6.072674146096115]],[[116.58600549994233,6.071097811343497],[116.58600549994233,6.070703728357027],[116.5865237083329,6.070703728357027],[116.5865237083329,6.071097811343497],[116.58600549994233,6.071097811343497]],[[116.59066937545738,6.074644570853446],[116.59066937545738,6.074250485340408],[116.59118758384794,6.074250485340408],[116.59118758384794,6.074644570853446],[116.59066937545738,6.074644570853446]],[[116.58963295867628,6.0734623151567275],[116.58963295867628,6.073068230486047],[116.59015116706681,6.073068230486047],[116.59015116706681,6.0734623151567275],[116.58963295867628,6.0734623151567275]],[[116.5891147502857,6.071885978158423],[116.5891147502857,6.0722800619869135],[116.58807833350457,6.0722800619869135],[116.58807833350457,6.071885978158423],[116.5891147502857,6.071885978158423]],[[116.5891147502857,6.071491894610624],[116.58963295867628,6.071491894610624],[116.58963295867628,6.071885978158423],[116.5891147502857,6.071885978158423],[116.5891147502857,6.071491894610624]]],[[[116.58600549994233,6.0734623151567275],[116.58548729155177,6.0734623151567275],[116.58548729155177,6.073856400108175],[116.5865237083329,6.074250485340408],[116.58704191672346,6.0734623151567275],[116.5865237083329,6.0734623151567275],[116.5865237083329,6.073068230486047],[116.58600549994233,6.073068230486047],[116.58600549994233,6.0734623151567275]]],[[[116.5865237083329,6.074644570853446],[116.58600549994233,6.074644570853446],[116.58600549994233,6.075038656647307],[116.58704191672346,6.075432742722013],[116.58756012511404,6.074644570853446],[116.58704191672346,6.074644570853446],[116.58704191672346,6.074250485340408],[116.5865237083329,6.074250485340408],[116.5865237083329,6.074644570853446]]],[[[116.59896070970636,6.0793736189195045],[116.59844250131579,6.0793736189195045],[116.59844250131579,6.079767708084711],[116.59947891809692,6.0801617975309865],[116.59999712648747,6.0793736189195045],[116.59947891809692,6.0793736189195045],[116.59947891809692,6.078979530035344],[116.59896070970636,6.078979530035344],[116.59896070970636,6.0793736189195045]]],[[[116.60206996004973,6.080555887258348],[116.60341778564322,6.080949977266814],[116.60258816844028,6.079489592314605],[116.60206996004973,6.079767708084711],[116.60206996004973,6.080555887258348]]],[[[116.5839326663801,6.0801617975309865],[116.58341445798953,6.0801617975309865],[116.58289624959896,6.0793736189195045],[116.58185983281786,6.0793736189195045],[116.58185983281786,6.079767708084711],[116.5813416244273,6.079767708084711],[116.5813416244273,6.0801617975309865],[116.58185983281786,6.0801617975309865],[116.58185983281786,6.080949977266814],[116.58237804120843,6.080949977266814],[116.58237804120843,6.081344067556404],[116.58185983281786,6.081344067556404],[116.58237804120843,6.082132248979031],[116.58445087477067,6.081344067556404],[116.58445087477067,6.080555887258348],[116.5839326663801,6.080555887258348],[116.5839326663801,6.0801617975309865]]],[[[116.60155175165916,6.082920431526379],[116.6010335432686,6.082920431526379],[116.6010335432686,6.083314523221868],[116.60206996004973,6.083708615198595],[116.60258816844028,6.082920431526379],[116.60206996004973,6.082920431526379],[116.60206996004973,6.0825263401121035],[116.60155175165916,6.0825263401121035],[116.60155175165916,6.082920431526379]]],[[[116.60414279361197,6.082920431526379],[116.60414279361197,6.083314523221868],[116.60498490994276,6.083708615198595],[116.60453716014288,6.082920431526379],[116.60414279361197,6.082920431526379]]],[[[116.60424604818293,6.085679079301433],[116.60439774275092,6.085284985918243],[116.60414279361197,6.085284985918243],[116.60424604818293,6.085679079301433]]],[[[116.57978699925562,6.085284985918243],[116.57926879086506,6.085284985918243],[116.57926879086506,6.085679079301433],[116.58030520764619,6.086073172965973],[116.58082341603672,6.085284985918243],[116.58030520764619,6.085284985918243],[116.58030520764619,6.084890892816381],[116.57978699925562,6.084890892816381],[116.57978699925562,6.085284985918243]]],[[[116.58859654189514,6.086073172965973],[116.58807833350457,6.086073172965973],[116.58807833350457,6.086467266911879],[116.5891147502857,6.086861361139173],[116.58963295867628,6.086073172965973],[116.5891147502857,6.086073172965973],[116.5891147502857,6.085679079301433],[116.58859654189514,6.085679079301433],[116.58859654189514,6.086073172965973]]],[[[116.58704191672346,6.091590513821686],[116.5865237083329,6.091590513821686],[116.5865237083329,6.091984611708713],[116.58756012511404,6.09237870987739],[116.58807833350457,6.091590513821686],[116.58756012511404,6.091590513821686],[116.58756012511404,6.091196416216289],[116.58704191672346,6.091196416216289],[116.58704191672346,6.091590513821686]]],[[[116.59118758384794,6.093166907059767],[116.59015116706681,6.093561006073505],[116.59015116706681,6.093955105368966],[116.59066937545738,6.093955105368966],[116.59066937545738,6.0943492049461705],[116.59015116706681,6.0943492049461705],[116.59066937545738,6.095137404945886],[116.59170579223851,6.095137404945886],[116.59170579223851,6.094743304805139],[116.59222400062907,6.094743304805139],[116.59222400062907,6.093955105368966],[116.59170579223851,6.093955105368966],[116.59118758384794,6.093166907059767]]],[[[116.59377862580075,6.0943492049461705],[116.59326041741018,6.0943492049461705],[116.59326041741018,6.094743304805139],[116.59429683419131,6.095137404945886],[116.59481504258189,6.0943492049461705],[116.59429683419131,6.0943492049461705],[116.59429683419131,6.093955105368966],[116.59377862580075,6.093955105368966],[116.59377862580075,6.0943492049461705]]],[[[116.59533325097242,6.096713808327062],[116.59481504258189,6.096713808327062],[116.59481504258189,6.096319707059002],[116.59377862580075,6.096319707059002],[116.59377862580075,6.096713808327062],[116.59274220901962,6.097107909876995],[116.59274220901962,6.0982902162182295],[116.59377862580075,6.09868431889585],[116.59377862580075,6.0982902162182295],[116.59481504258189,6.09789611382256],[116.59481504258189,6.097107909876995],[116.59533325097242,6.097107909876995],[116.59533325097242,6.096713808327062]]],[[[116.59844250131579,6.099078421855437],[116.59863334916784,6.100260732426201],[116.59924012743973,6.09868431889585],[116.59844250131579,6.099078421855437]]],[[[116.5865237083329,6.10420178599776],[116.58600549994233,6.10420178599776],[116.58600549994233,6.10459589290688],[116.58704191672346,6.104990000098247],[116.58756012511404,6.10420178599776],[116.58704191672346,6.10420178599776],[116.58704191672346,6.103807679370874],[116.5865237083329,6.103807679370874],[116.5865237083329,6.10420178599776]]],[[[116.59585145936299,6.106172323366042],[116.59533325097242,6.106172323366042],[116.59533325097242,6.10577821532781],[116.59429683419131,6.10577821532781],[116.59377862580075,6.104990000098247],[116.59481504258189,6.104990000098247],[116.59481504258189,6.10459589290688],[116.59585145936299,6.10420178599776],[116.59636966775355,6.102231255685262],[116.59585145936299,6.102231255685262],[116.59585145936299,6.10183715046925],[116.59481504258189,6.102231255685262],[116.59481504258189,6.10183715046925],[116.59274220901962,6.100654836513851],[116.59274220901962,6.101048940883563],[116.59222400062907,6.101048940883563],[116.59222400062907,6.101443045535356],[116.59274220901962,6.101443045535356],[116.59274220901962,6.102231255685262],[116.59326041741018,6.102231255685262],[116.59326041741018,6.103019466963718],[116.59222400062907,6.103413573026198],[116.59222400062907,6.104990000098247],[116.59274220901962,6.104990000098247],[116.59274220901962,6.10577821532781],[116.59118758384794,6.10577821532781],[116.59118758384794,6.1053841075718855],[116.58963295867628,6.10459589290688],[116.58963295867628,6.104990000098247],[116.5891147502857,6.104990000098247],[116.5891147502857,6.10577821532781],[116.58859654189514,6.10577821532781],[116.58859654189514,6.106960540289501],[116.5891147502857,6.106960540289501],[116.5891147502857,6.107748758342408],[116.59015116706681,6.108142867792456],[116.59015116706681,6.107748758342408],[116.59066937545738,6.107748758342408],[116.59066937545738,6.106566431686598],[116.59118758384794,6.106566431686598],[116.59118758384794,6.108142867792456],[116.59170579223851,6.108142867792456],[116.59170579223851,6.108536977524919],[116.59274220901962,6.108536977524919],[116.59274220901962,6.108931087539823],[116.59429683419131,6.109719308417017],[116.59429683419131,6.109325197837181],[116.59481504258189,6.109325197837181],[116.59481504258189,6.108536977524919],[116.59533325097242,6.108536977524919],[116.59533325097242,6.106566431686598],[116.59585145936299,6.106566431686598],[116.59585145936299,6.106172323366042]],[[116.59429683419131,6.106566431686598],[116.59429683419131,6.107354649174765],[116.59222400062907,6.107748758342408],[116.59222400062907,6.106566431686598],[116.59429683419131,6.106566431686598]],[[116.58963295867628,6.106172323366042],[116.58963295867628,6.10577821532781],[116.59015116706681,6.10577821532781],[116.59015116706681,6.106172323366042],[116.58963295867628,6.106172323366042]],[[116.59326041741018,6.10459589290688],[116.59326041741018,6.103413573026198],[116.59429683419131,6.103413573026198],[116.59429683419131,6.103019466963718],[116.59481504258189,6.103019466963718],[116.59481504258189,6.10420178599776],[116.59377862580075,6.10420178599776],[116.59377862580075,6.10459589290688],[116.59326041741018,6.10459589290688]]],[[[116.58756012511404,6.108142867792456],[116.58704191672346,6.108142867792456],[116.5865237083329,6.108931087539823],[116.58807833350457,6.109719308417017],[116.58859654189514,6.108931087539823],[116.58807833350457,6.108931087539823],[116.58756012511404,6.108142867792456]]],[[[116.59481504258189,6.109325197837181],[116.59499267953642,6.109719308417017],[116.59514437410441,6.109325197837181],[116.59481504258189,6.109325197837181]]],[[[116.59481504258189,6.110180819060155],[116.59484098496846,6.110113419279345],[116.59481504258189,6.110113419279345],[116.59481504258189,6.110180819060155]]],[[[116.5865237083329,6.108536977524919],[116.5865237083329,6.106960540289501],[116.58496908316123,6.106172323366042],[116.58341445798953,6.107748758342408],[116.58237804120843,6.107354649174765],[116.58082341603672,6.108931087539823],[116.57978699925562,6.108931087539823],[116.57978699925562,6.109325197837181],[116.57875058247448,6.109719308417017],[116.57875058247448,6.110507530424188],[116.57771416569338,6.110113419279345],[116.57771416569338,6.110507530424188],[116.57719595730282,6.110507530424188],[116.57771416569338,6.111295753561486],[116.57719595730282,6.111295753561486],[116.57667774891225,6.1120839778290605],[116.57719595730282,6.1120839778290605],[116.57719595730282,6.11247809038675],[116.57978699925562,6.112872203227064],[116.57978699925562,6.113266316350024],[116.58082341603672,6.113660429755646],[116.58030520764619,6.114448657414955],[116.58082341603672,6.114448657414955],[116.58082341603672,6.114842771668679],[116.58185983281786,6.114842771668679],[116.58185983281786,6.114448657414955],[116.58237804120843,6.114448657414955],[116.58237804120843,6.11405454344395],[116.58341445798953,6.11405454344395],[116.58445087477067,6.112872203227064],[116.58496908316123,6.112872203227064],[116.58496908316123,6.113266316350024],[116.58600549994233,6.112872203227064],[116.58600549994233,6.11247809038675],[116.58548729155177,6.11247809038675],[116.58548729155177,6.111689865553979],[116.5865237083329,6.111689865553979],[116.5865237083329,6.1120839778290605],[116.58704191672346,6.1120839778290605],[116.58704191672346,6.111689865553979],[116.58807833350457,6.111295753561486],[116.5865237083329,6.109719308417017],[116.58600549994233,6.109719308417017],[116.58600549994233,6.110113419279345],[116.58548729155177,6.110113419279345],[116.58548729155177,6.109719308417017],[116.58445087477067,6.110113419279345],[116.58445087477067,6.108931087539823],[116.58548729155177,6.109325197837181],[116.58548729155177,6.108931087539823],[116.5865237083329,6.108536977524919]],[[116.58185983281786,6.11405454344395],[116.58185983281786,6.113660429755646],[116.58237804120843,6.113660429755646],[116.58237804120843,6.11405454344395],[116.58185983281786,6.11405454344395]],[[116.58445087477067,6.110507530424188],[116.5839326663801,6.110507530424188],[116.5839326663801,6.110113419279345],[116.58445087477067,6.110113419279345],[116.58445087477067,6.110507530424188]],[[116.5839326663801,6.111689865553979],[116.58341445798953,6.111689865553979],[116.58341445798953,6.1109016418515605],[116.58289624959896,6.1109016418515605],[116.58237804120843,6.110113419279345],[116.58341445798953,6.110113419279345],[116.58341445798953,6.110507530424188],[116.5839326663801,6.110507530424188],[116.5839326663801,6.111689865553979]],[[116.58237804120843,6.1109016418515605],[116.58185983281786,6.1109016418515605],[116.58185983281786,6.111295753561486],[116.58237804120843,6.111295753561486],[116.58185983281786,6.112872203227064],[116.5813416244273,6.112872203227064],[116.5813416244273,6.11247809038675],[116.58030520764619,6.11247809038675],[116.58030520764619,6.1120839778290605],[116.57926879086506,6.1120839778290605],[116.57926879086506,6.111689865553979],[116.57823237408392,6.111295753561486],[116.57823237408392,6.1109016418515605],[116.57926879086506,6.1109016418515605],[116.57926879086506,6.111295753561486],[116.57978699925562,6.111295753561486],[116.57978699925562,6.1109016418515605],[116.58082341603672,6.110507530424188],[116.58082341603672,6.109719308417017],[116.5813416244273,6.109719308417017],[116.58237804120843,6.1109016418515605]],[[116.58237804120843,6.113266316350024],[116.58237804120843,6.112872203227064],[116.58289624959896,6.112872203227064],[116.58289624959896,6.113266316350024],[116.58237804120843,6.113266316350024]],[[116.58496908316123,6.107354649174765],[116.58496908316123,6.106960540289501],[116.58548729155177,6.106960540289501],[116.58548729155177,6.107354649174765],[116.58496908316123,6.107354649174765]]],[[[116.59274220901962,6.113660429755646],[116.59170579223851,6.113660429755646],[116.59170579223851,6.11405454344395],[116.59118758384794,6.11405454344395],[116.59118758384794,6.114842771668679],[116.59170579223851,6.114842771668679],[116.59170579223851,6.115236886205141],[116.5931723447207,6.114448657414955],[116.59274220901962,6.113660429755646]]],[[[116.58963295867628,6.115236886205141],[116.59066937545738,6.114842771668679],[116.59015116706681,6.11405454344395],[116.58859654189514,6.11405454344395],[116.58859654189514,6.113660429755646],[116.58756012511404,6.11405454344395],[116.58756012511404,6.113660429755646],[116.5865237083329,6.113660429755646],[116.5865237083329,6.11405454344395],[116.58600549994233,6.11405454344395],[116.58548729155177,6.114842771668679],[116.58445087477067,6.114842771668679],[116.5839326663801,6.1156310010243615],[116.58496908316123,6.116025116126357],[116.58496908316123,6.1156310010243615],[116.5865237083329,6.1156310010243615],[116.5865237083329,6.115236886205141],[116.58756012511404,6.115236886205141],[116.58756012511404,6.1156310010243615],[116.58963295867628,6.1156310010243615],[116.58963295867628,6.115236886205141]]],[[[116.58030520764619,6.116025116126357],[116.57978699925562,6.116813347178751],[116.5813416244273,6.117601579362475],[116.58185983281786,6.116813347178751],[116.58030520764619,6.116025116126357]]],[[[116.58963295867628,6.117207463129188],[116.59066937545738,6.118389812677677],[116.59170579223851,6.117995695878632],[116.59170579223851,6.117207463129188],[116.59118758384794,6.117207463129188],[116.59118758384794,6.116813347178751],[116.59015116706681,6.116813347178751],[116.59015116706681,6.117207463129188],[116.58963295867628,6.117207463129188]]]]},"properties":{"place_id":"014d651c-1cc6-5694-8a53-3331ebfd1ca8","habitat":"forest_edge_opening","habitat_label":"Forest edge or opening","resolution_m":50}},{"type":"Feature","geometry":{"type":"MultiPolygon","coordinates":[[[[116.53729391122964,6.007260014258937],[116.5367757028391,6.007260014258937],[116.5367757028391,6.007654052304651],[116.53729391122964,6.007654052304651],[116.53729391122964,6.007260014258937]]],[[[116.5341846608863,6.009230207264048],[116.5337585127405,6.009230207264048],[116.53374660230615,6.009624246698127],[116.5341846608863,6.009624246698127],[116.5341846608863,6.009230207264048]]],[[[116.5352210776674,6.009230207264048],[116.53470286927684,6.009230207264048],[116.53470286927684,6.009624246698127],[116.5352210776674,6.009624246698127],[116.5352210776674,6.009230207264048]]],[[[116.53470286927684,6.011200407211909],[116.5341846608863,6.011200407211909],[116.5341846608863,6.011594448034817],[116.53470286927684,6.011594448034817],[116.53470286927684,6.011200407211909]]],[[[116.5367757028391,6.031690898809962],[116.53625749444853,6.031690898809962],[116.53625749444853,6.032084954104495],[116.5367757028391,6.032084954104495],[116.5367757028391,6.031690898809962]]],[[[116.53781211962021,6.043118615611724],[116.53729391122964,6.043118615611724],[116.53729391122964,6.043512678998998],[116.53781211962021,6.043512678998998],[116.53781211962021,6.043118615611724]]],[[[116.53573928605796,6.049423663339561],[116.5352210776674,6.049423663339561],[116.5352210776674,6.050211799337174],[116.53573928605796,6.050211799337174],[116.53573928605796,6.049423663339561]]],[[[116.53263003571459,6.052182144225585],[116.5324721858304,6.051788074688471],[116.53246027539605,6.052182144225585],[116.53263003571459,6.052182144225585]]],[[[116.53263003571459,6.0549406388195575],[116.53238881278995,6.0545465673237695],[116.53237690235558,6.0549406388195575],[116.53263003571459,6.0549406388195575]]],[[[116.53470286927684,6.0545465673237695],[116.5341846608863,6.0545465673237695],[116.5341846608863,6.0549406388195575],[116.53470286927684,6.0549406388195575],[116.53470286927684,6.0545465673237695]]],[[[116.53625749444853,6.0557287826508075],[116.53573928605796,6.0557287826508075],[116.53573928605796,6.0565169276017485],[116.53625749444853,6.0565169276017485],[116.53625749444853,6.0557287826508075]]],[[[116.53314824410516,6.05769914712791],[116.53366645249572,6.05769914712791],[116.53366645249572,6.057305073672531],[116.53230543974945,6.057305073672531],[116.53263003571459,6.058093220863305],[116.53314824410516,6.058093220863305],[116.53314824410516,6.05769914712791]]],[[[116.53314824410516,6.060457669157078],[116.53470286927684,6.06124582082932],[116.5352210776674,6.059275443749779],[116.53470286927684,6.059275443749779],[116.53470286927684,6.0588813691742205],[116.53366645249572,6.0588813691742205],[116.53314824410516,6.060457669157078]]],[[[116.53314824410516,6.06124582082932],[116.53263003571459,6.06124582082932],[116.53263003571459,6.0616398970857075],[116.53314824410516,6.0616398970857075],[116.53314824410516,6.06124582082932]]],[[[116.5367757028391,6.063610282571097],[116.53625749444853,6.063610282571097],[116.53625749444853,6.064004360508992],[116.5367757028391,6.064004360508992],[116.5367757028391,6.063610282571097]]],[[[116.53263003571459,6.0651865960046605],[116.53203149975933,6.066368834023684],[116.53314824410516,6.066762913924193],[116.53314824410516,6.065974754403605],[116.53366645249572,6.065974754403605],[116.53366645249572,6.064398438727207],[116.53314824410516,6.064398438727207],[116.53314824410516,6.0651865960046605],[116.53263003571459,6.0651865960046605]]],[[[116.5393667447919,6.069127399217313],[116.5393667447919,6.068733317633836],[116.53833032801077,6.068733317633836],[116.53781211962021,6.067945155308484],[116.53884853640133,6.067945155308484],[116.53884853640133,6.068339236330897],[116.5393667447919,6.068339236330897],[116.5393667447919,6.067551074566573],[116.53988495318245,6.067551074566573],[116.53988495318245,6.066762913924193],[116.54092136996357,6.066762913924193],[116.54092136996357,6.065974754403605],[116.53884853640133,6.066368834023684],[116.53884853640133,6.065974754403605],[116.5393667447919,6.065974754403605],[116.5393667447919,6.065580675063937],[116.53884853640133,6.065580675063937],[116.53884853640133,6.064792517225757],[116.5393667447919,6.064792517225757],[116.5393667447919,6.0651865960046605],[116.53988495318245,6.0651865960046605],[116.53988495318245,6.064792517225757],[116.54040316157301,6.064792517225757],[116.54040316157301,6.0651865960046605],[116.54143957835414,6.064792517225757],[116.54143957835414,6.064398438727207],[116.54092136996357,6.064398438727207],[116.54143957835414,6.063610282571097],[116.54040316157301,6.063216204913498],[116.54040316157301,6.062033973622303],[116.5393667447919,6.0616398970857075],[116.5393667447919,6.06124582082932],[116.53988495318245,6.06124582082932],[116.53988495318245,6.060457669157078],[116.5393667447919,6.060457669157078],[116.5393667447919,6.060851744853116],[116.53884853640133,6.060851744853116],[116.53884853640133,6.0616398970857075],[116.53833032801077,6.0616398970857075],[116.53781211962021,6.064398438727207],[116.53729391122964,6.064398438727207],[116.53573928605796,6.065974754403605],[116.53470286927684,6.065974754403605],[116.53470286927684,6.066368834023684],[116.53573928605796,6.066368834023684],[116.53573928605796,6.066762913924193],[116.53366645249572,6.066762913924193],[116.53366645249572,6.06715699410515],[116.5352210776674,6.06715699410515],[116.5352210776674,6.067551074566573],[116.53573928605796,6.067551074566573],[116.53573928605796,6.067945155308484],[116.53470286927684,6.067945155308484],[116.53470286927684,6.068339236330897],[116.53573928605796,6.068733317633836],[116.53573928605796,6.069521481081354],[116.5367757028391,6.069127399217313],[116.5367757028391,6.069521481081354],[116.53729391122964,6.069521481081354],[116.53729391122964,6.070309645651192],[116.53781211962021,6.070309645651192],[116.53781211962021,6.071097811343497],[116.53729391122964,6.071097811343497],[116.53729391122964,6.071491894610624],[116.5367757028391,6.071491894610624],[116.5367757028391,6.071097811343497],[116.53625749444853,6.071097811343497],[116.53625749444853,6.071491894610624],[116.5352210776674,6.071491894610624],[116.5352210776674,6.0722800619869135],[116.53625749444853,6.0722800619869135],[116.5367757028391,6.073068230486047],[116.53781211962021,6.073068230486047],[116.53781211962021,6.072674146096115],[116.53833032801077,6.072674146096115],[116.53833032801077,6.073068230486047],[116.5393667447919,6.073068230486047],[116.5393667447919,6.070309645651192],[116.54040316157301,6.070309645651192],[116.54040316157301,6.069127399217313],[116.5393667447919,6.069127399217313]],[[116.5393667447919,6.069521481081354],[116.53884853640133,6.069521481081354],[116.53884853640133,6.069127399217313],[116.5393667447919,6.069127399217313],[116.5393667447919,6.069521481081354]],[[116.53988495318245,6.069521481081354],[116.53988495318245,6.069915563225973],[116.5393667447919,6.069915563225973],[116.5393667447919,6.069521481081354],[116.53988495318245,6.069521481081354]],[[116.53781211962021,6.064792517225757],[116.53781211962021,6.0651865960046605],[116.53833032801077,6.0651865960046605],[116.53833032801077,6.065974754403605],[116.53729391122964,6.065974754403605],[116.53729391122964,6.064792517225757],[116.53781211962021,6.064792517225757]],[[116.53729391122964,6.066368834023684],[116.5367757028391,6.066368834023684],[116.5367757028391,6.065974754403605],[116.53729391122964,6.065974754403605],[116.53729391122964,6.066368834023684]],[[116.53625749444853,6.067945155308484],[116.53625749444853,6.068339236330897],[116.53573928605796,6.068339236330897],[116.53573928605796,6.067945155308484],[116.53625749444853,6.067945155308484]],[[116.53729391122964,6.069127399217313],[116.53781211962021,6.069127399217313],[116.53781211962021,6.069521481081354],[116.53729391122964,6.069521481081354],[116.53729391122964,6.069127399217313]],[[116.53833032801077,6.071097811343497],[116.53833032801077,6.071491894610624],[116.53781211962021,6.071491894610624],[116.53781211962021,6.071097811343497],[116.53833032801077,6.071097811343497]],[[116.53884853640133,6.071491894610624],[116.53884853640133,6.0722800619869135],[116.53833032801077,6.0722800619869135],[116.53833032801077,6.071491894610624],[116.53884853640133,6.071491894610624]],[[116.5367757028391,6.0722800619869135],[116.53729391122964,6.0722800619869135],[116.53729391122964,6.072674146096115],[116.5367757028391,6.072674146096115],[116.5367757028391,6.0722800619869135]],[[116.53729391122964,6.068339236330897],[116.53729391122964,6.068733317633836],[116.5367757028391,6.068733317633836],[116.5367757028391,6.068339236330897],[116.53729391122964,6.068339236330897]],[[116.5367757028391,6.06715699410515],[116.5367757028391,6.067551074566573],[116.53625749444853,6.067551074566573],[116.53625749444853,6.06715699410515],[116.5367757028391,6.06715699410515]],[[116.53988495318245,6.062822127536179],[116.53988495318245,6.063216204913498],[116.53884853640133,6.063216204913498],[116.53884853640133,6.062033973622303],[116.5393667447919,6.062033973622303],[116.5393667447919,6.062822127536179],[116.53988495318245,6.062822127536179]]],[[[116.53211182732406,6.068733317633836],[116.53314824410516,6.068733317633836],[116.53314824410516,6.068339236330897],[116.53263003571459,6.068339236330897],[116.53199576845628,6.067551074566573],[116.53211182732406,6.068733317633836]]],[[[116.53211182732406,6.070309645651192],[116.5319362162845,6.069521481081354],[116.5319123954158,6.070309645651192],[116.53211182732406,6.070309645651192]]],[[[116.5367757028391,6.069915563225973],[116.53573928605796,6.069915563225973],[116.53573928605796,6.070309645651192],[116.5367757028391,6.070309645651192],[116.5367757028391,6.069915563225973]]],[[[116.53263003571459,6.070309645651192],[116.53211182732406,6.070309645651192],[116.53211182732406,6.070703728357027],[116.53263003571459,6.070703728357027],[116.53263003571459,6.070309645651192]]],[[[116.53573928605796,6.070309645651192],[116.5352210776674,6.070309645651192],[116.5352210776674,6.071097811343497],[116.53573928605796,6.071097811343497],[116.53573928605796,6.070309645651192]]],[[[116.53263003571459,6.071491894610624],[116.53314824410516,6.071491894610624],[116.53314824410516,6.0722800619869135],[116.5341846608863,6.071885978158423],[116.53314824410516,6.070703728357027],[116.53263003571459,6.070703728357027],[116.53263003571459,6.071491894610624]]],[[[116.5341846608863,6.0734623151567275],[116.5352210776674,6.073856400108175],[116.5352210776674,6.072674146096115],[116.5341846608863,6.072674146096115],[116.5341846608863,6.0734623151567275]]],[[[116.53211182732406,6.0734623151567275],[116.53182902237533,6.073068230486047],[116.53181711194098,6.0734623151567275],[116.53211182732406,6.0734623151567275]]],[[[116.53366645249572,6.074644570853446],[116.53366645249572,6.075038656647307],[116.5341846608863,6.075038656647307],[116.5341846608863,6.0758268290775765],[116.53366645249572,6.0758268290775765],[116.53366645249572,6.07622091571402],[116.5352210776674,6.07622091571402],[116.5352210776674,6.0758268290775765],[116.53470286927684,6.0758268290775765],[116.53470286927684,6.075038656647307],[116.53625749444853,6.075038656647307],[116.53625749444853,6.07622091571402],[116.5367757028391,6.07622091571402],[116.5367757028391,6.0758268290775765],[116.53729391122964,6.0758268290775765],[116.53729391122964,6.075038656647307],[116.53781211962021,6.075038656647307],[116.53781211962021,6.073856400108175],[116.5367757028391,6.073856400108175],[116.5367757028391,6.073068230486047],[116.53573928605796,6.073068230486047],[116.5352210776674,6.074644570853446],[116.53470286927684,6.074644570853446],[116.53470286927684,6.074250485340408],[116.53366645249572,6.074644570853446]],[[116.5367757028391,6.074250485340408],[116.53625749444853,6.074250485340408],[116.53625749444853,6.073856400108175],[116.5367757028391,6.073856400108175],[116.5367757028391,6.074250485340408]]],[[[116.53781211962021,6.07622091571402],[116.5367757028391,6.07622091571402],[116.5367757028391,6.076615002631365],[116.53781211962021,6.076615002631365],[116.53781211962021,6.07622091571402]]],[[[116.53573928605796,6.07622091571402],[116.5352210776674,6.07622091571402],[116.5352210776674,6.077009089829625],[116.53573928605796,6.077009089829625],[116.53573928605796,6.07622091571402]]],[[[116.53314824410516,6.076615002631365],[116.53314824410516,6.077009089829625],[116.53366645249572,6.077009089829625],[116.53366645249572,6.076615002631365],[116.53314824410516,6.076615002631365]]],[[[116.5341846608863,6.077797265068974],[116.5341846608863,6.077009089829625],[116.53366645249572,6.077009089829625],[116.53366645249572,6.077797265068974],[116.5341846608863,6.077797265068974]]],[[[116.53781211962021,6.0785854414322165],[116.53729391122964,6.0785854414322165],[116.53729391122964,6.078979530035344],[116.53781211962021,6.078979530035344],[116.53781211962021,6.0785854414322165]]],[[[116.53625749444853,6.0785854414322165],[116.53625749444853,6.0793736189195045],[116.5367757028391,6.0793736189195045],[116.5367757028391,6.0785854414322165],[116.53625749444853,6.0785854414322165]]],[[[116.53162654499135,6.079767708084711],[116.53161463455699,6.0801617975309865],[116.53211182732406,6.0801617975309865],[116.53211182732406,6.079767708084711],[116.53162654499135,6.079767708084711]]],[[[116.53729391122964,6.079767708084711],[116.5367757028391,6.079767708084711],[116.5367757028391,6.0801617975309865],[116.53729391122964,6.0801617975309865],[116.53729391122964,6.079767708084711]]],[[[116.53573928605796,6.0801617975309865],[116.5352210776674,6.0801617975309865],[116.5352210776674,6.080555887258348],[116.53573928605796,6.080555887258348],[116.53573928605796,6.0801617975309865]]],[[[116.53366645249572,6.080949977266814],[116.53314824410516,6.080949977266814],[116.53314824410516,6.082132248979031],[116.5341846608863,6.082132248979031],[116.5341846608863,6.081738158127137],[116.53366645249572,6.081738158127137],[116.53366645249572,6.080949977266814]]],[[[116.53781211962021,6.081344067556404],[116.53729391122964,6.081344067556404],[116.53729391122964,6.081738158127137],[116.53781211962021,6.081738158127137],[116.53781211962021,6.081344067556404]]],[[[116.53159361893348,6.082132248979031],[116.53211182732406,6.082132248979031],[116.53211182732406,6.0825263401121035],[116.53263003571459,6.0825263401121035],[116.53263003571459,6.081738158127137],[116.53159361893348,6.081738158127137],[116.53159361893348,6.082132248979031]]],[[[116.53573928605796,6.080949977266814],[116.53470286927684,6.080555887258348],[116.53470286927684,6.082132248979031],[116.5341846608863,6.082132248979031],[116.5341846608863,6.0825263401121035],[116.53314824410516,6.0825263401121035],[116.53314824410516,6.083708615198595],[116.53263003571459,6.083708615198595],[116.53263003571459,6.0841027074565766],[116.53314824410516,6.0841027074565766],[116.53314824410516,6.085679079301433],[116.5341846608863,6.085679079301433],[116.5341846608863,6.084890892816381],[116.53470286927684,6.084890892816381],[116.53470286927684,6.084496799995834],[116.53573928605796,6.084496799995834],[116.53573928605796,6.082920431526379],[116.5352210776674,6.082920431526379],[116.53573928605796,6.080949977266814]],[[116.53470286927684,6.082920431526379],[116.53470286927684,6.083314523221868],[116.5341846608863,6.083314523221868],[116.5341846608863,6.082920431526379],[116.53470286927684,6.082920431526379]]],[[[116.5367757028391,6.082920431526379],[116.53625749444853,6.082920431526379],[116.53625749444853,6.083314523221868],[116.5367757028391,6.083314523221868],[116.5367757028391,6.082920431526379]]],[[[116.53781211962021,6.082920431526379],[116.53729391122964,6.082920431526379],[116.53729391122964,6.083708615198595],[116.53781211962021,6.083708615198595],[116.53781211962021,6.082920431526379]]],[[[116.5367757028391,6.0841027074565766],[116.53625749444853,6.0841027074565766],[116.53625749444853,6.084496799995834],[116.5367757028391,6.084496799995834],[116.5367757028391,6.0841027074565766]]],[[[116.53211182732406,6.084496799995834],[116.53159361893348,6.084496799995834],[116.53159361893348,6.084890892816381],[116.53211182732406,6.084890892816381],[116.53211182732406,6.084496799995834]]],[[[116.53573928605796,6.085284985918243],[116.5352210776674,6.085284985918243],[116.5352210776674,6.085679079301433],[116.53625749444853,6.085679079301433],[116.53625749444853,6.084890892816381],[116.53573928605796,6.084890892816381],[116.53573928605796,6.085284985918243]]],[[[116.53314824410516,6.086467266911879],[116.53263003571459,6.086467266911879],[116.53263003571459,6.087255455647873],[116.53314824410516,6.087255455647873],[116.53314824410516,6.086467266911879]]],[[[116.53625749444853,6.086861361139173],[116.53573928605796,6.086861361139173],[116.53573928605796,6.087255455647873],[116.53470286927684,6.087255455647873],[116.53470286927684,6.086467266911879],[116.5341846608863,6.086467266911879],[116.5341846608863,6.087649550437997],[116.53625749444853,6.087649550437997],[116.53625749444853,6.086861361139173]]],[[[116.53211182732406,6.08843774086259],[116.53136451543558,6.08843774086259],[116.53135260500123,6.088831836497099],[116.53211182732406,6.088831836497099],[116.53211182732406,6.08843774086259]]],[[[116.53314824410516,6.08843774086259],[116.53263003571459,6.08843774086259],[116.53263003571459,6.089225932413107],[116.53314824410516,6.089225932413107],[116.53314824410516,6.08843774086259]]],[[[116.53159361893348,6.091590513821686],[116.53211182732406,6.091590513821686],[116.53211182732406,6.091196416216289],[116.53159361893348,6.091196416216289],[116.53159361893348,6.091590513821686]]],[[[116.53263003571459,6.091590513821686],[116.53211182732406,6.091590513821686],[116.53211182732406,6.091984611708713],[116.53263003571459,6.091984611708713],[116.53263003571459,6.091590513821686]]],[[[116.53366645249572,6.092772808327735],[116.53263003571459,6.092772808327735],[116.53211182732406,6.091984611708713],[116.53125732152641,6.091984611708713],[116.53120967978901,6.093561006073505],[116.53366645249572,6.093561006073505],[116.53366645249572,6.092772808327735]]],[[[116.53573928605796,6.093166907059767],[116.5352210776674,6.093166907059767],[116.5352210776674,6.093561006073505],[116.53573928605796,6.093561006073505],[116.53573928605796,6.093166907059767]]],[[[116.53625749444853,6.093561006073505],[116.53573928605796,6.093561006073505],[116.53573928605796,6.093955105368966],[116.53625749444853,6.093955105368966],[116.53625749444853,6.093561006073505]]],[[[116.53625749444853,6.0943492049461705],[116.53573928605796,6.0943492049461705],[116.53573928605796,6.094743304805139],[116.53625749444853,6.094743304805139],[116.53625749444853,6.0943492049461705]]],[[[116.5341846608863,6.095137404945886],[116.53366645249572,6.095137404945886],[116.53366645249572,6.095531505368434],[116.5341846608863,6.095531505368434],[116.5341846608863,6.095137404945886]]],[[[116.53781211962021,6.095925606072799],[116.53729391122964,6.095925606072799],[116.53729391122964,6.096319707059002],[116.53781211962021,6.096319707059002],[116.53781211962021,6.095925606072799]]],[[[116.5341846608863,6.096319707059002],[116.5341846608863,6.096713808327062],[116.5352210776674,6.096713808327062],[116.5352210776674,6.096319707059002],[116.5341846608863,6.096319707059002]]],[[[116.53625749444853,6.097107909876995],[116.53625749444853,6.096713808327062],[116.53729391122964,6.096713808327062],[116.53729391122964,6.096319707059002],[116.53573928605796,6.096319707059002],[116.53573928605796,6.096713808327062],[116.5352210776674,6.096713808327062],[116.5352210776674,6.097107909876995],[116.53625749444853,6.097107909876995]]],[[[116.53729391122964,6.097107909876995],[116.5367757028391,6.097107909876995],[116.5367757028391,6.097502011708821],[116.53729391122964,6.097502011708821],[116.53729391122964,6.097107909876995]]],[[[116.53729391122964,6.099078421855437],[116.5367757028391,6.099078421855437],[116.5367757028391,6.099472525097014],[116.53729391122964,6.099472525097014],[116.53729391122964,6.099078421855437]]],[[[116.53573928605796,6.099078421855437],[116.53573928605796,6.099472525097014],[116.53625749444853,6.099472525097014],[116.53625749444853,6.099078421855437],[116.53573928605796,6.099078421855437]]],[[[116.5367757028391,6.099866628620595],[116.5367757028391,6.099472525097014],[116.53625749444853,6.099472525097014],[116.53625749444853,6.099866628620595],[116.5367757028391,6.099866628620595]]],[[[116.5367757028391,6.100260732426201],[116.53625749444853,6.100260732426201],[116.53573928605796,6.10183715046925],[116.5367757028391,6.101443045535356],[116.5367757028391,6.100654836513851],[116.53781211962021,6.100654836513851],[116.53729391122964,6.099866628620595],[116.5367757028391,6.099866628620595],[116.5367757028391,6.100260732426201]]],[[[116.53470286927684,6.109719308417017],[116.5341846608863,6.109719308417017],[116.5341846608863,6.110113419279345],[116.53470286927684,6.110113419279345],[116.53470286927684,6.109719308417017]]],[[[116.53366645249572,6.110113419279345],[116.53366645249572,6.110507530424188],[116.5341846608863,6.110507530424188],[116.5341846608863,6.110113419279345],[116.53366645249572,6.110113419279345]]],[[[116.53625749444853,6.110113419279345],[116.53625749444853,6.110507530424188],[116.5367757028391,6.110507530424188],[116.5367757028391,6.110113419279345],[116.53625749444853,6.110113419279345]]],[[[116.5341846608863,6.110507530424188],[116.5341846608863,6.1109016418515605],[116.53470286927684,6.1109016418515605],[116.53470286927684,6.110507530424188],[116.5341846608863,6.110507530424188]]],[[[116.53263003571459,6.117207463129188],[116.53211182732406,6.117207463129188],[116.53211182732406,6.117601579362475],[116.53263003571459,6.117601579362475],[116.53263003571459,6.117207463129188]]],[[[116.53833032801077,6.032873065529974],[116.53781211962021,6.032873065529974],[116.53781211962021,6.032479009677827],[116.53729391122964,6.032479009677827],[116.53729391122964,6.033267121660957],[116.53781211962021,6.033267121660957],[116.53781211962021,6.033661178070793],[116.53833032801077,6.033661178070793],[116.53833032801077,6.032873065529974]]],[[[116.5393667447919,6.033661178070793],[116.5393667447919,6.034055234759501],[116.53988495318245,6.034055234759501],[116.53988495318245,6.033661178070793],[116.5393667447919,6.033661178070793]]],[[[116.54092136996357,6.034843348973611],[116.54092136996357,6.034055234759501],[116.53988495318245,6.034055234759501],[116.53988495318245,6.0344492917271015],[116.54092136996357,6.034843348973611]]],[[[116.54195778674469,6.0344492917271015],[116.54143957835414,6.0344492917271015],[116.54143957835414,6.034843348973611],[116.54195778674469,6.034843348973611],[116.54195778674469,6.0344492917271015]]],[[[116.54299420352582,6.035237406499049],[116.54247599513525,6.035237406499049],[116.54247599513525,6.035631464303435],[116.54299420352582,6.035631464303435],[116.54299420352582,6.035237406499049]]],[[[116.54195778674469,6.035631464303435],[116.54143957835414,6.035631464303435],[116.54143957835414,6.0368136393904654],[116.54195778674469,6.0368136393904654],[116.54195778674469,6.035631464303435]]],[[[116.54195778674469,6.037207698310828],[116.54143957835414,6.037207698310828],[116.54143957835414,6.0383898767462405],[116.54195778674469,6.0383898767462405],[116.54195778674469,6.037207698310828]]],[[[116.54040316157301,6.037601757510233],[116.53988495318245,6.037601757510233],[116.53988495318245,6.037995816988696],[116.54040316157301,6.037995816988696],[116.54040316157301,6.037601757510233]]],[[[116.54092136996357,6.039177997098638],[116.54040316157301,6.039177997098638],[116.54040316157301,6.039572057693529],[116.54092136996357,6.039572057693529],[116.54092136996357,6.039177997098638]]],[[[116.53833032801077,6.045088935341692],[116.53781211962021,6.045088935341692],[116.53781211962021,6.045483000125859],[116.53833032801077,6.045483000125859],[116.53833032801077,6.045088935341692]]],[[[116.53988495318245,6.045088935341692],[116.5393667447919,6.045088935341692],[116.5393667447919,6.045483000125859],[116.53988495318245,6.045483000125859],[116.53988495318245,6.045088935341692]]],[[[116.53781211962021,6.045483000125859],[116.53729391122964,6.045483000125859],[116.53729391122964,6.045877065189463],[116.53781211962021,6.045877065189463],[116.53781211962021,6.045483000125859]]],[[[116.5393667447919,6.045483000125859],[116.53884853640133,6.045483000125859],[116.53884853640133,6.045877065189463],[116.5393667447919,6.045877065189463],[116.5393667447919,6.045483000125859]]],[[[116.53884853640133,6.045877065189463],[116.53781211962021,6.045877065189463],[116.53781211962021,6.046271130532519],[116.53884853640133,6.046271130532519],[116.53884853640133,6.045877065189463]]],[[[116.53729391122964,6.046665196155049],[116.53781211962021,6.046665196155049],[116.53781211962021,6.046271130532519],[116.53729391122964,6.046271130532519],[116.53729391122964,6.046665196155049]]],[[[116.53988495318245,6.046271130532519],[116.5393667447919,6.046271130532519],[116.5393667447919,6.046665196155049],[116.53988495318245,6.046665196155049],[116.53988495318245,6.046271130532519]]],[[[116.54092136996357,6.046665196155049],[116.54040316157301,6.046665196155049],[116.54040316157301,6.047059262057069],[116.54092136996357,6.047059262057069],[116.54092136996357,6.046665196155049]]],[[[116.5393667447919,6.046665196155049],[116.53884853640133,6.046665196155049],[116.53884853640133,6.047059262057069],[116.5393667447919,6.047059262057069],[116.5393667447919,6.046665196155049]]],[[[116.53988495318245,6.048241461440266],[116.5393667447919,6.048241461440266],[116.5393667447919,6.047847394699659],[116.53781211962021,6.047847394699659],[116.53781211962021,6.048241461440266],[116.53884853640133,6.048241461440266],[116.53884853640133,6.048635528460441],[116.53988495318245,6.048635528460441],[116.53988495318245,6.048241461440266]]],[[[116.53884853640133,6.048635528460441],[116.53833032801077,6.048635528460441],[116.53833032801077,6.049423663339561],[116.53884853640133,6.049423663339561],[116.53884853640133,6.048635528460441]]],[[[116.54092136996357,6.049029595760199],[116.54040316157301,6.049029595760199],[116.54040316157301,6.049423663339561],[116.54092136996357,6.049423663339561],[116.54092136996357,6.049029595760199]]],[[[116.54040316157301,6.056122854986307],[116.54092136996357,6.056122854986307],[116.54092136996357,6.053364354515533],[116.54040316157301,6.053364354515533],[116.54040316157301,6.054152496107849],[116.53988495318245,6.054152496107849],[116.53988495318245,6.0549406388195575],[116.5393667447919,6.0549406388195575],[116.5393667447919,6.055334710595232],[116.54040316157301,6.055334710595232],[116.54040316157301,6.056122854986307]]],[[[116.54040316157301,6.05691100049715],[116.53988495318245,6.05691100049715],[116.53988495318245,6.057305073672531],[116.54040316157301,6.057305073672531],[116.54040316157301,6.05691100049715]]],[[[116.54143957835414,6.057305073672531],[116.54092136996357,6.057305073672531],[116.54092136996357,6.05769914712791],[116.54143957835414,6.05769914712791],[116.54143957835414,6.057305073672531]]],[[[116.53833032801077,6.06124582082932],[116.53781211962021,6.06124582082932],[116.53781211962021,6.0616398970857075],[116.53833032801077,6.0616398970857075],[116.53833032801077,6.06124582082932]]],[[[116.54143957835414,6.062822127536179],[116.54092136996357,6.062822127536179],[116.54092136996357,6.063216204913498],[116.54143957835414,6.063216204913498],[116.54143957835414,6.062822127536179]]],[[[116.54195778674469,6.064004360508992],[116.54143957835414,6.064004360508992],[116.54143957835414,6.064398438727207],[116.54195778674469,6.064398438727207],[116.54195778674469,6.0651865960046605],[116.54299420352582,6.0651865960046605],[116.54351241191638,6.064398438727207],[116.54299420352582,6.064398438727207],[116.54247599513525,6.063610282571097],[116.54195778674469,6.063610282571097],[116.54195778674469,6.064004360508992]]],[[[116.54040316157301,6.067945155308484],[116.54092136996357,6.067945155308484],[116.54092136996357,6.06715699410515],[116.53988495318245,6.067551074566573],[116.53988495318245,6.068339236330897],[116.54040316157301,6.068339236330897],[116.54040316157301,6.067945155308484]]],[[[116.54143957835414,6.070309645651192],[116.54040316157301,6.070309645651192],[116.54040316157301,6.071097811343497],[116.54092136996357,6.071097811343497],[116.54143957835414,6.070309645651192]]],[[[116.54143957835414,6.071097811343497],[116.54092136996357,6.071097811343497],[116.54092136996357,6.071491894610624],[116.54143957835414,6.071491894610624],[116.54143957835414,6.071097811343497]]],[[[116.54143957835414,6.071885978158423],[116.54143957835414,6.0722800619869135],[116.54195778674469,6.0722800619869135],[116.54195778674469,6.071885978158423],[116.54143957835414,6.071885978158423]]],[[[116.54092136996357,6.073856400108175],[116.54092136996357,6.074644570853446],[116.54143957835414,6.074644570853446],[116.54143957835414,6.073856400108175],[116.54092136996357,6.073856400108175]]],[[[116.54040316157301,6.074250485340408],[116.53988495318245,6.074250485340408],[116.53988495318245,6.073856400108175],[116.5393667447919,6.073856400108175],[116.5393667447919,6.074644570853446],[116.53988495318245,6.074644570853446],[116.53988495318245,6.075038656647307],[116.54040316157301,6.075038656647307],[116.54040316157301,6.074250485340408]]],[[[116.54195778674469,6.075038656647307],[116.54092136996357,6.075038656647307],[116.54092136996357,6.076615002631365],[116.54195778674469,6.076615002631365],[116.54195778674469,6.075038656647307]]],[[[116.53833032801077,6.0758268290775765],[116.53781211962021,6.0758268290775765],[116.53781211962021,6.07622091571402],[116.53833032801077,6.07622091571402],[116.53833032801077,6.0758268290775765]]],[[[116.53884853640133,6.077797265068974],[116.53833032801077,6.077797265068974],[116.53833032801077,6.078191353110098],[116.53884853640133,6.078191353110098],[116.53884853640133,6.077797265068974]]],[[[116.53833032801077,6.078191353110098],[116.53781211962021,6.078191353110098],[116.53781211962021,6.0785854414322165],[116.53833032801077,6.0785854414322165],[116.53833032801077,6.078191353110098]]],[[[116.54299420352582,6.0785854414322165],[116.54247599513525,6.0785854414322165],[116.54247599513525,6.078979530035344],[116.54299420352582,6.078979530035344],[116.54299420352582,6.0785854414322165]]],[[[116.54040316157301,6.0801617975309865],[116.53988495318245,6.0801617975309865],[116.53988495318245,6.080555887258348],[116.54040316157301,6.080555887258348],[116.54040316157301,6.0801617975309865]]],[[[116.53884853640133,6.080555887258348],[116.53833032801077,6.080555887258348],[116.53833032801077,6.081344067556404],[116.53884853640133,6.081344067556404],[116.53884853640133,6.080555887258348]]],[[[116.54195778674469,6.080949977266814],[116.54143957835414,6.080949977266814],[116.54143957835414,6.081344067556404],[116.54195778674469,6.081344067556404],[116.54195778674469,6.080949977266814]]],[[[116.54247599513525,6.0825263401121035],[116.54195778674469,6.0825263401121035],[116.54195778674469,6.082920431526379],[116.54247599513525,6.082920431526379],[116.54247599513525,6.0825263401121035]]],[[[116.54040316157301,6.083314523221868],[116.53988495318245,6.083314523221868],[116.53988495318245,6.083708615198595],[116.54040316157301,6.083708615198595],[116.54040316157301,6.083314523221868]]],[[[116.54040316157301,6.0841027074565766],[116.53988495318245,6.0841027074565766],[116.53988495318245,6.084496799995834],[116.54040316157301,6.084496799995834],[116.54040316157301,6.0841027074565766]]],[[[116.54299420352582,6.084890892816381],[116.54247599513525,6.084890892816381],[116.54247599513525,6.085284985918243],[116.54299420352582,6.085284985918243],[116.54299420352582,6.084890892816381]]],[[[116.53781211962021,6.085679079301433],[116.5367757028391,6.085679079301433],[116.5367757028391,6.086073172965973],[116.53833032801077,6.086073172965973],[116.53833032801077,6.085284985918243],[116.53781211962021,6.085284985918243],[116.53781211962021,6.085679079301433]]],[[[116.53988495318245,6.086467266911879],[116.53781211962021,6.086467266911879],[116.53781211962021,6.086861361139173],[116.53988495318245,6.086861361139173],[116.53988495318245,6.086467266911879]]],[[[116.54195778674469,6.087649550437997],[116.54195778674469,6.088043645509563],[116.54247599513525,6.088043645509563],[116.54247599513525,6.087649550437997],[116.54195778674469,6.087649550437997]]],[[[116.5393667447919,6.088043645509563],[116.5393667447919,6.08843774086259],[116.53988495318245,6.08843774086259],[116.53988495318245,6.088043645509563],[116.5393667447919,6.088043645509563]]],[[[116.54092136996357,6.088831836497099],[116.54040316157301,6.088831836497099],[116.54040316157301,6.089225932413107],[116.54092136996357,6.089225932413107],[116.54092136996357,6.088831836497099]]],[[[116.54247599513525,6.088831836497099],[116.54195778674469,6.088831836497099],[116.54195778674469,6.089225932413107],[116.54247599513525,6.089225932413107],[116.54247599513525,6.088831836497099]]],[[[116.54299420352582,6.090014125089694],[116.54247599513525,6.090014125089694],[116.54247599513525,6.090408221850313],[116.54299420352582,6.090408221850313],[116.54299420352582,6.090014125089694]]],[[[116.54040316157301,6.090408221850313],[116.53988495318245,6.090408221850313],[116.53988495318245,6.090802318892504],[116.54040316157301,6.090802318892504],[116.54040316157301,6.090408221850313]]],[[[116.54351241191638,6.091196416216289],[116.54351241191638,6.090408221850313],[116.54299420352582,6.090408221850313],[116.54299420352582,6.090802318892504],[116.54247599513525,6.090802318892504],[116.54247599513525,6.091590513821686],[116.54351241191638,6.091196416216289]]],[[[116.53884853640133,6.095925606072799],[116.53884853640133,6.097107909876995],[116.53988495318245,6.097107909876995],[116.53988495318245,6.096713808327062],[116.54040316157301,6.096713808327062],[116.54040316157301,6.097502011708821],[116.54092136996357,6.097502011708821],[116.54092136996357,6.096713808327062],[116.54143957835414,6.096713808327062],[116.54143957835414,6.093166907059767],[116.54195778674469,6.093166907059767],[116.54195778674469,6.092772808327735],[116.54403062030694,6.092772808327735],[116.54403062030694,6.09237870987739],[116.54351241191638,6.09237870987739],[116.54351241191638,6.091590513821686],[116.54299420352582,6.091590513821686],[116.54299420352582,6.091984611708713],[116.54195778674469,6.091590513821686],[116.54195778674469,6.090802318892504],[116.54143957835414,6.090802318892504],[116.54143957835414,6.091196416216289],[116.5393667447919,6.091196416216289],[116.5393667447919,6.089620028610631],[116.54040316157301,6.089620028610631],[116.53988495318245,6.088831836497099],[116.53884853640133,6.089225932413107],[116.53884853640133,6.090014125089694],[116.53833032801077,6.090014125089694],[116.53884853640133,6.090802318892504],[116.53833032801077,6.090802318892504],[116.53833032801077,6.091196416216289],[116.5367757028391,6.091196416216289],[116.53729391122964,6.090408221850313],[116.53573928605796,6.090408221850313],[116.53573928605796,6.090802318892504],[116.53470286927684,6.090408221850313],[116.53470286927684,6.091590513821686],[116.53366645249572,6.091196416216289],[116.53366645249572,6.091590513821686],[116.53263003571459,6.091984611708713],[116.53263003571459,6.09237870987739],[116.53366645249572,6.09237870987739],[116.5341846608863,6.093166907059767],[116.53625749444853,6.092772808327735],[116.53625749444853,6.093561006073505],[116.53729391122964,6.093561006073505],[116.53729391122964,6.093955105368966],[116.53988495318245,6.093955105368966],[116.54040316157301,6.094743304805139],[116.53988495318245,6.094743304805139],[116.5393667447919,6.095531505368434],[116.53833032801077,6.095531505368434],[116.53833032801077,6.095925606072799],[116.53884853640133,6.095925606072799]],[[116.54143957835414,6.092772808327735],[116.54143957835414,6.09237870987739],[116.54040316157301,6.09237870987739],[116.54092136996357,6.091590513821686],[116.54195778674469,6.091984611708713],[116.54195778674469,6.092772808327735],[116.54143957835414,6.092772808327735]],[[116.5393667447919,6.091590513821686],[116.53884853640133,6.091590513821686],[116.53884853640133,6.091196416216289],[116.5393667447919,6.091196416216289],[116.5393667447919,6.091590513821686]],[[116.5341846608863,6.09237870987739],[116.53470286927684,6.09237870987739],[116.53470286927684,6.092772808327735],[116.5341846608863,6.092772808327735],[116.5341846608863,6.09237870987739]],[[116.53988495318245,6.093561006073505],[116.54040316157301,6.093561006073505],[116.54040316157301,6.093955105368966],[116.53988495318245,6.093955105368966],[116.53988495318245,6.093561006073505]],[[116.54092136996357,6.092772808327735],[116.54092136996357,6.093166907059767],[116.54040316157301,6.093166907059767],[116.54040316157301,6.092772808327735],[116.54092136996357,6.092772808327735]],[[116.53625749444853,6.091590513821686],[116.53625749444853,6.09237870987739],[116.53573928605796,6.09237870987739],[116.5352210776674,6.091590513821686],[116.53625749444853,6.091590513821686]],[[116.53988495318245,6.091984611708713],[116.53988495318245,6.09237870987739],[116.53833032801077,6.09237870987739],[116.53833032801077,6.091984611708713],[116.53988495318245,6.091984611708713]]],[[[116.54195778674469,6.095925606072799],[116.54299420352582,6.096319707059002],[116.54299420352582,6.095531505368434],[116.54351241191638,6.095531505368434],[116.54351241191638,6.094743304805139],[116.54299420352582,6.094743304805139],[116.54299420352582,6.0943492049461705],[116.54247599513525,6.0943492049461705],[116.54247599513525,6.095531505368434],[116.54195778674469,6.095531505368434],[116.54195778674469,6.095925606072799]]],[[[116.54195778674469,6.096713808327062],[116.54247599513525,6.096713808327062],[116.54247599513525,6.096319707059002],[116.54195778674469,6.096319707059002],[116.54195778674469,6.096713808327062]]],[[[116.53833032801077,6.097107909876995],[116.53781211962021,6.097107909876995],[116.53781211962021,6.097502011708821],[116.53833032801077,6.097502011708821],[116.53833032801077,6.097107909876995]]],[[[116.53833032801077,6.099472525097014],[116.53781211962021,6.099472525097014],[116.53781211962021,6.100260732426201],[116.53833032801077,6.100260732426201],[116.53833032801077,6.099472525097014]]],[[[116.54040316157301,6.100260732426201],[116.53988495318245,6.100260732426201],[116.53988495318245,6.100654836513851],[116.54092136996357,6.100654836513851],[116.54092136996357,6.099866628620595],[116.54040316157301,6.099866628620595],[116.54040316157301,6.100260732426201]]],[[[116.54143957835414,6.102625361183412],[116.54195778674469,6.102625361183412],[116.54195778674469,6.100654836513851],[116.54143957835414,6.100654836513851],[116.54143957835414,6.10183715046925],[116.54092136996357,6.10183715046925],[116.54092136996357,6.103807679370874],[116.54143957835414,6.103807679370874],[116.54143957835414,6.102625361183412]]],[[[116.54092136996357,6.106172323366042],[116.54143957835414,6.106172323366042],[116.54143957835414,6.10577821532781],[116.54247599513525,6.10577821532781],[116.54195778674469,6.10420178599776],[116.54143957835414,6.10420178599776],[116.54143957835414,6.104990000098247],[116.54092136996357,6.104990000098247],[116.54092136996357,6.106172323366042]]],[[[116.54040316157301,6.10420178599776],[116.5393667447919,6.103807679370874],[116.53988495318245,6.103019466963718],[116.53884853640133,6.103019466963718],[116.53884853640133,6.10420178599776],[116.53833032801077,6.10420178599776],[116.53833032801077,6.106172323366042],[116.53781211962021,6.106172323366042],[116.53781211962021,6.106960540289501],[116.53833032801077,6.106960540289501],[116.53833032801077,6.107748758342408],[116.53781211962021,6.107748758342408],[116.53833032801077,6.109719308417017],[116.53884853640133,6.109719308417017],[116.53884853640133,6.106172323366042],[116.5393667447919,6.106172323366042],[116.53884853640133,6.10459589290688],[116.54092136996357,6.10459589290688],[116.54092136996357,6.103807679370874],[116.54040316157301,6.103807679370874],[116.54040316157301,6.10420178599776]]],[[[116.54143957835414,6.106172323366042],[116.54143957835414,6.106566431686598],[116.54195778674469,6.106566431686598],[116.54195778674469,6.106172323366042],[116.54143957835414,6.106172323366042]]],[[[116.54247599513525,6.106172323366042],[116.54247599513525,6.106566431686598],[116.54195778674469,6.106566431686598],[116.54195778674469,6.106960540289501],[116.54247599513525,6.106960540289501],[116.54195778674469,6.107748758342408],[116.54299420352582,6.108142867792456],[116.54299420352582,6.106566431686598],[116.54403062030694,6.106566431686598],[116.54403062030694,6.106172323366042],[116.54454882869749,6.106172323366042],[116.54454882869749,6.104990000098247],[116.54403062030694,6.104990000098247],[116.54403062030694,6.10577821532781],[116.54351241191638,6.10577821532781],[116.54351241191638,6.106172323366042],[116.54247599513525,6.106172323366042]]],[[[116.53988495318245,6.107748758342408],[116.53988495318245,6.106960540289501],[116.54040316157301,6.106960540289501],[116.54092136996357,6.106172323366042],[116.53988495318245,6.106172323366042],[116.53988495318245,6.106566431686598],[116.5393667447919,6.106566431686598],[116.5393667447919,6.107748758342408],[116.53988495318245,6.107748758342408]]],[[[116.54092136996357,6.107354649174765],[116.54040316157301,6.107354649174765],[116.54040316157301,6.107748758342408],[116.54092136996357,6.107748758342408],[116.54092136996357,6.107354649174765]]],[[[116.54351241191638,6.108142867792456],[116.54299420352582,6.108142867792456],[116.54299420352582,6.108536977524919],[116.54351241191638,6.108536977524919],[116.54351241191638,6.108142867792456]]],[[[116.55076732938423,6.024992001440717],[116.55024912099367,6.024992001440717],[116.55024912099367,6.025386051998564],[116.55076732938423,6.025386051998564],[116.55076732938423,6.024992001440717]]],[[[116.54454882869749,6.032479009677827],[116.54403062030694,6.032479009677827],[116.54403062030694,6.032873065529974],[116.54454882869749,6.032873065529974],[116.54454882869749,6.032479009677827]]],[[[116.54610345386918,6.034843348973611],[116.54558524547862,6.034843348973611],[116.54558524547862,6.035237406499049],[116.54610345386918,6.035237406499049],[116.54610345386918,6.034843348973611]]],[[[116.54662166225975,6.035631464303435],[116.54558524547862,6.035631464303435],[116.54558524547862,6.036025522386788],[116.54662166225975,6.036025522386788],[116.54662166225975,6.035631464303435]]],[[[116.54506703708806,6.037207698310828],[116.54454882869749,6.037207698310828],[116.54454882869749,6.037601757510233],[116.54506703708806,6.037601757510233],[116.54506703708806,6.037207698310828]]],[[[116.54351241191638,6.0383898767462405],[116.54299420352582,6.0383898767462405],[116.54299420352582,6.039572057693529],[116.54351241191638,6.039572057693529],[116.54351241191638,6.0383898767462405]]],[[[116.54454882869749,6.039572057693529],[116.54403062030694,6.039572057693529],[116.54403062030694,6.039966118567576],[116.54454882869749,6.039966118567576],[116.54454882869749,6.039572057693529]]],[[[116.54765807904086,6.041148302864821],[116.5471398706503,6.041148302864821],[116.5471398706503,6.041542364855669],[116.54765807904086,6.041542364855669],[116.54765807904086,6.041148302864821]]],[[[116.54558524547862,6.041148302864821],[116.54506703708806,6.041148302864821],[116.54506703708806,6.041542364855669],[116.54558524547862,6.041542364855669],[116.54558524547862,6.041148302864821]]],[[[116.55024912099367,6.042330489675127],[116.54921270421254,6.042330489675127],[116.54921270421254,6.042724552503773],[116.55024912099367,6.042724552503773],[116.55024912099367,6.042330489675127]]],[[[116.55076732938423,6.042724552503773],[116.55024912099367,6.042724552503773],[116.55024912099367,6.043118615611724],[116.55076732938423,6.043118615611724],[116.55076732938423,6.042724552503773]]],[[[116.55180374616533,6.043118615611724],[116.55128553777479,6.043118615611724],[116.55128553777479,6.043512678998998],[116.55180374616533,6.043512678998998],[116.55180374616533,6.043118615611724]]],[[[116.55024912099367,6.043118615611724],[116.5497309126031,6.043118615611724],[116.5497309126031,6.044300806611588],[116.55024912099367,6.044300806611588],[116.55024912099367,6.043118615611724]]],[[[116.54351241191638,6.044300806611588],[116.54299420352582,6.044300806611588],[116.54299420352582,6.044694870836942],[116.54403062030694,6.044694870836942],[116.54403062030694,6.043906742665612],[116.54351241191638,6.043906742665612],[116.54351241191638,6.044300806611588]]],[[[116.55076732938423,6.044300806611588],[116.55024912099367,6.044300806611588],[116.55024912099367,6.045483000125859],[116.55076732938423,6.045483000125859],[116.55076732938423,6.044300806611588]]],[[[116.55076732938423,6.045877065189463],[116.55024912099367,6.045877065189463],[116.55024912099367,6.046271130532519],[116.55076732938423,6.046271130532519],[116.55076732938423,6.045877065189463]]],[[[116.55076732938423,6.046665196155049],[116.55024912099367,6.046665196155049],[116.55024912099367,6.047059262057069],[116.55076732938423,6.047059262057069],[116.55076732938423,6.046665196155049]]],[[[116.55024912099367,6.047847394699659],[116.55076732938423,6.047847394699659],[116.55076732938423,6.048241461440266],[116.55128553777479,6.048241461440266],[116.55128553777479,6.047453328238599],[116.55024912099367,6.047453328238599],[116.55024912099367,6.047847394699659]]],[[[116.55232195455591,6.047847394699659],[116.55180374616533,6.047847394699659],[116.55180374616533,6.048241461440266],[116.55232195455591,6.048241461440266],[116.55232195455591,6.047847394699659]]],[[[116.55232195455591,6.048635528460441],[116.55180374616533,6.048635528460441],[116.55180374616533,6.049423663339561],[116.55232195455591,6.049423663339561],[116.55232195455591,6.048635528460441]]],[[[116.55076732938423,6.049817731198546],[116.55076732938423,6.05060586775546],[116.55128553777479,6.05060586775546],[116.55128553777479,6.049817731198546],[116.55076732938423,6.049817731198546]]],[[[116.55180374616533,6.050999936453427],[116.55180374616533,6.05060586775546],[116.55128553777479,6.05060586775546],[116.55128553777479,6.050999936453427],[116.55180374616533,6.050999936453427]]],[[[116.55076732938423,6.05060586775546],[116.55024912099367,6.05060586775546],[116.55024912099367,6.051394005431091],[116.55076732938423,6.051394005431091],[116.55076732938423,6.05060586775546]]],[[[116.55232195455591,6.051394005431091],[116.55180374616533,6.051394005431091],[116.55180374616533,6.051788074688471],[116.55232195455591,6.051788074688471],[116.55232195455591,6.051394005431091]]],[[[116.55180374616533,6.051788074688471],[116.55128553777479,6.051788074688471],[116.55128553777479,6.052182144225585],[116.55180374616533,6.052182144225585],[116.55180374616533,6.051788074688471]]],[[[116.55180374616533,6.052970284139099],[116.55128553777479,6.052970284139099],[116.55128553777479,6.053758425171776],[116.55180374616533,6.053758425171776],[116.55180374616533,6.052970284139099]]],[[[116.54506703708806,6.053364354515533],[116.54403062030694,6.053364354515533],[116.54403062030694,6.053758425171776],[116.54506703708806,6.053758425171776],[116.54506703708806,6.053364354515533]]],[[[116.54921270421254,6.0545465673237695],[116.55024912099367,6.054152496107849],[116.55024912099367,6.053364354515533],[116.5497309126031,6.053364354515533],[116.5497309126031,6.052970284139099],[116.54869449582199,6.052970284139099],[116.54921270421254,6.0545465673237695]]],[[[116.55180374616533,6.055334710595232],[116.55128553777479,6.055334710595232],[116.55128553777479,6.056122854986307],[116.55232195455591,6.056122854986307],[116.55180374616533,6.055334710595232]]],[[[116.54092136996357,6.06242805043912],[116.54195778674469,6.062822127536179],[116.54195778674469,6.06242805043912],[116.54299420352582,6.06242805043912],[116.54299420352582,6.0616398970857075],[116.54351241191638,6.0616398970857075],[116.54403062030694,6.06242805043912],[116.54558524547862,6.06242805043912],[116.54506703708806,6.060063593741189],[116.54558524547862,6.060063593741189],[116.54558524547862,6.0596695186054275],[116.54610345386918,6.0596695186054275],[116.54610345386918,6.060063593741189],[116.5471398706503,6.0596695186054275],[116.5471398706503,6.059275443749779],[116.54662166225975,6.059275443749779],[116.54662166225975,6.058487294878736],[116.54610345386918,6.058487294878736],[116.54610345386918,6.058093220863305],[116.54662166225975,6.058093220863305],[116.54662166225975,6.05769914712791],[116.54610345386918,6.05769914712791],[116.54610345386918,6.05691100049715],[116.5471398706503,6.057305073672531],[116.5471398706503,6.0565169276017485],[116.54765807904086,6.0565169276017485],[116.5471398706503,6.0557287826508075],[116.54869449582199,6.0557287826508075],[116.54869449582199,6.053758425171776],[116.54817628743143,6.053758425171776],[116.54817628743143,6.052970284139099],[116.54662166225975,6.052970284139099],[116.54662166225975,6.053364354515533],[116.54558524547862,6.053758425171776],[116.54558524547862,6.0545465673237695],[116.54506703708806,6.0545465673237695],[116.54506703708806,6.0549406388195575],[116.54454882869749,6.0549406388195575],[116.54454882869749,6.054152496107849],[116.54403062030694,6.054152496107849],[116.54403062030694,6.055334710595232],[116.54351241191638,6.055334710595232],[116.54351241191638,6.0549406388195575],[116.54247599513525,6.055334710595232],[116.54247599513525,6.056122854986307],[116.54143957835414,6.0565169276017485],[116.54143957835414,6.057305073672531],[116.54195778674469,6.057305073672531],[116.54195778674469,6.058093220863305],[116.54299420352582,6.058093220863305],[116.54299420352582,6.058487294878736],[116.54143957835414,6.058487294878736],[116.54143957835414,6.058093220863305],[116.54040316157301,6.058093220863305],[116.54040316157301,6.05769914712791],[116.5393667447919,6.057305073672531],[116.53988495318245,6.059275443749779],[116.54092136996357,6.059275443749779],[116.54092136996357,6.060063593741189],[116.54195778674469,6.060063593741189],[116.54195778674469,6.060457669157078],[116.54143957835414,6.060457669157078],[116.54143957835414,6.060851744853116],[116.54195778674469,6.060851744853116],[116.54195778674469,6.062033973622303],[116.54143957835414,6.062033973622303],[116.54143957835414,6.06124582082932],[116.54040316157301,6.06124582082932],[116.54040316157301,6.062033973622303],[116.54092136996357,6.062033973622303],[116.54092136996357,6.06242805043912]],[[116.54454882869749,6.060063593741189],[116.54454882869749,6.059275443749779],[116.54506703708806,6.059275443749779],[116.54506703708806,6.060063593741189],[116.54454882869749,6.060063593741189]],[[116.54092136996357,6.0588813691742205],[116.54247599513525,6.0588813691742205],[116.54247599513525,6.059275443749779],[116.54092136996357,6.059275443749779],[116.54092136996357,6.0588813691742205]],[[116.54195778674469,6.0596695186054275],[116.54247599513525,6.0596695186054275],[116.54247599513525,6.060063593741189],[116.54195778674469,6.060063593741189],[116.54195778674469,6.0596695186054275]],[[116.54403062030694,6.060063593741189],[116.54351241191638,6.060063593741189],[116.54351241191638,6.0596695186054275],[116.54403062030694,6.0596695186054275],[116.54403062030694,6.060063593741189]],[[116.54403062030694,6.059275443749779],[116.54351241191638,6.059275443749779],[116.54351241191638,6.0588813691742205],[116.54403062030694,6.0588813691742205],[116.54403062030694,6.059275443749779]],[[116.54454882869749,6.0565169276017485],[116.54403062030694,6.0565169276017485],[116.54403062030694,6.056122854986307],[116.54454882869749,6.056122854986307],[116.54454882869749,6.0565169276017485]],[[116.54506703708806,6.0557287826508075],[116.54454882869749,6.0557287826508075],[116.54454882869749,6.055334710595232],[116.54506703708806,6.055334710595232],[116.54506703708806,6.0557287826508075]],[[116.5471398706503,6.0545465673237695],[116.54662166225975,6.0545465673237695],[116.54662166225975,6.054152496107849],[116.5471398706503,6.054152496107849],[116.5471398706503,6.0545465673237695]]],[[[116.54765807904086,6.058093220863305],[116.54662166225975,6.058093220863305],[116.54662166225975,6.058487294878736],[116.54765807904086,6.058487294878736],[116.54765807904086,6.058093220863305]]],[[[116.54921270421254,6.060063593741189],[116.54921270421254,6.060457669157078],[116.5497309126031,6.060457669157078],[116.5497309126031,6.060063593741189],[116.54921270421254,6.060063593741189]]],[[[116.55024912099367,6.060851744853116],[116.55024912099367,6.060457669157078],[116.5497309126031,6.060457669157078],[116.5497309126031,6.060851744853116],[116.55024912099367,6.060851744853116]]],[[[116.5471398706503,6.060457669157078],[116.54662166225975,6.060457669157078],[116.54662166225975,6.06124582082932],[116.5471398706503,6.06124582082932],[116.5471398706503,6.060457669157078]]],[[[116.55076732938423,6.0651865960046605],[116.55024912099367,6.0651865960046605],[116.55024912099367,6.065580675063937],[116.55076732938423,6.065580675063937],[116.55076732938423,6.0651865960046605]]],[[[116.54403062030694,6.065974754403605],[116.54351241191638,6.065974754403605],[116.54351241191638,6.06715699410515],[116.54454882869749,6.06715699410515],[116.54454882869749,6.066762913924193],[116.54403062030694,6.066762913924193],[116.54403062030694,6.065974754403605]]],[[[116.54506703708806,6.068339236330897],[116.54454882869749,6.068339236330897],[116.54454882869749,6.068733317633836],[116.54506703708806,6.068733317633836],[116.54506703708806,6.068339236330897]]],[[[116.54403062030694,6.071097811343497],[116.54351241191638,6.071097811343497],[116.54351241191638,6.071491894610624],[116.54403062030694,6.071491894610624],[116.54403062030694,6.071097811343497]]],[[[116.55128553777479,6.074250485340408],[116.55076732938423,6.074250485340408],[116.55076732938423,6.074644570853446],[116.55128553777479,6.074644570853446],[116.55128553777479,6.074250485340408]]],[[[116.55128553777479,6.075038656647307],[116.55076732938423,6.075038656647307],[116.55076732938423,6.075432742722013],[116.55128553777479,6.075432742722013],[116.55128553777479,6.075038656647307]]],[[[116.54817628743143,6.077009089829625],[116.54765807904086,6.077009089829625],[116.54765807904086,6.077797265068974],[116.54817628743143,6.077797265068974],[116.54817628743143,6.077009089829625]]],[[[116.54351241191638,6.0793736189195045],[116.54351241191638,6.079767708084711],[116.54403062030694,6.079767708084711],[116.54403062030694,6.0793736189195045],[116.54351241191638,6.0793736189195045]]],[[[116.54506703708806,6.0801617975309865],[116.54506703708806,6.079767708084711],[116.54403062030694,6.079767708084711],[116.54403062030694,6.0801617975309865],[116.54506703708806,6.0801617975309865]]],[[[116.54558524547862,6.081344067556404],[116.54506703708806,6.081344067556404],[116.54506703708806,6.082132248979031],[116.54558524547862,6.082132248979031],[116.54558524547862,6.081344067556404]]],[[[116.54403062030694,6.083314523221868],[116.54454882869749,6.083314523221868],[116.54454882869749,6.0841027074565766],[116.54558524547862,6.0841027074565766],[116.54558524547862,6.083708615198595],[116.54506703708806,6.083708615198595],[116.54506703708806,6.083314523221868],[116.54558524547862,6.083314523221868],[116.54558524547862,6.0825263401121035],[116.54506703708806,6.0825263401121035],[116.54506703708806,6.082920431526379],[116.54403062030694,6.082920431526379],[116.54403062030694,6.083314523221868]]],[[[116.54351241191638,6.089225932413107],[116.54299420352582,6.089225932413107],[116.54299420352582,6.089620028610631],[116.54351241191638,6.089620028610631],[116.54351241191638,6.089225932413107]]],[[[116.54454882869749,6.090802318892504],[116.54454882869749,6.091590513821686],[116.54558524547862,6.091590513821686],[116.54558524547862,6.091196416216289],[116.54454882869749,6.090802318892504]]],[[[116.54351241191638,6.091196416216289],[116.54351241191638,6.091590513821686],[116.54403062030694,6.091590513821686],[116.54403062030694,6.091196416216289],[116.54351241191638,6.091196416216289]]],[[[116.54454882869749,6.091590513821686],[116.54403062030694,6.091590513821686],[116.54403062030694,6.091984611708713],[116.54454882869749,6.091984611708713],[116.54454882869749,6.091590513821686]]],[[[116.54558524547862,6.093166907059767],[116.54662166225975,6.093166907059767],[116.54662166225975,6.09237870987739],[116.54610345386918,6.09237870987739],[116.54610345386918,6.092772808327735],[116.54506703708806,6.092772808327735],[116.54506703708806,6.093561006073505],[116.54558524547862,6.093561006073505],[116.54558524547862,6.093166907059767]]],[[[116.55180374616533,6.093561006073505],[116.55128553777479,6.093561006073505],[116.55128553777479,6.093955105368966],[116.55180374616533,6.093955105368966],[116.55180374616533,6.093561006073505]]],[[[116.54351241191638,6.093955105368966],[116.54299420352582,6.093955105368966],[116.54299420352582,6.0943492049461705],[116.54351241191638,6.0943492049461705],[116.54351241191638,6.093955105368966]]],[[[116.54454882869749,6.0943492049461705],[116.54506703708806,6.0943492049461705],[116.54506703708806,6.093955105368966],[116.54403062030694,6.093955105368966],[116.54351241191638,6.094743304805139],[116.54454882869749,6.094743304805139],[116.54454882869749,6.0943492049461705]]],[[[116.54403062030694,6.095925606072799],[116.54351241191638,6.095925606072799],[116.54351241191638,6.096319707059002],[116.54403062030694,6.096319707059002],[116.54403062030694,6.095925606072799]]],[[[116.55076732938423,6.095925606072799],[116.55076732938423,6.096319707059002],[116.55128553777479,6.096319707059002],[116.55128553777479,6.095925606072799],[116.55076732938423,6.095925606072799]]],[[[116.55180374616533,6.095925606072799],[116.55180374616533,6.096319707059002],[116.55128553777479,6.096319707059002],[116.55128553777479,6.096713808327062],[116.55232195455591,6.096713808327062],[116.55232195455591,6.095925606072799],[116.55180374616533,6.095925606072799]]],[[[116.54351241191638,6.096319707059002],[116.54299420352582,6.096319707059002],[116.54299420352582,6.096713808327062],[116.54351241191638,6.096713808327062],[116.54351241191638,6.096319707059002]]],[[[116.55128553777479,6.096713808327062],[116.55076732938423,6.096713808327062],[116.55076732938423,6.09789611382256],[116.55128553777479,6.09789611382256],[116.55128553777479,6.096713808327062]]],[[[116.54869449582199,6.09868431889585],[116.54817628743143,6.09868431889585],[116.54817628743143,6.099078421855437],[116.54869449582199,6.099078421855437],[116.54869449582199,6.09868431889585]]],[[[116.54817628743143,6.099472525097014],[116.54765807904086,6.099472525097014],[116.54765807904086,6.099866628620595],[116.54817628743143,6.099866628620595],[116.54817628743143,6.099472525097014]]],[[[116.54558524547862,6.102231255685262],[116.54506703708806,6.102231255685262],[116.54506703708806,6.103413573026198],[116.54610345386918,6.103413573026198],[116.54610345386918,6.102625361183412],[116.54558524547862,6.102625361183412],[116.54558524547862,6.102231255685262]]],[[[116.54817628743143,6.102625361183412],[116.54765807904086,6.102625361183412],[116.54765807904086,6.103413573026198],[116.54817628743143,6.103413573026198],[116.54817628743143,6.102625361183412]]],[[[116.54869449582199,6.10420178599776],[116.54817628743143,6.10420178599776],[116.54817628743143,6.104990000098247],[116.54869449582199,6.104990000098247],[116.54869449582199,6.10420178599776]]],[[[116.54662166225975,6.10459589290688],[116.54662166225975,6.10577821532781],[116.5471398706503,6.10577821532781],[116.5471398706503,6.10459589290688],[116.54662166225975,6.10459589290688]]],[[[116.5471398706503,6.106566431686598],[116.5471398706503,6.107354649174765],[116.54765807904086,6.107354649174765],[116.54765807904086,6.106566431686598],[116.5471398706503,6.106566431686598]]],[[[116.54506703708806,6.107354649174765],[116.54351241191638,6.107354649174765],[116.54351241191638,6.108142867792456],[116.54403062030694,6.108142867792456],[116.54403062030694,6.108931087539823],[116.54454882869749,6.108931087539823],[116.54454882869749,6.109325197837181],[116.54506703708806,6.109325197837181],[116.54506703708806,6.107354649174765]]],[[[116.54765807904086,6.107748758342408],[116.5471398706503,6.107748758342408],[116.5471398706503,6.108142867792456],[116.54662166225975,6.108142867792456],[116.54662166225975,6.108931087539823],[116.54610345386918,6.108931087539823],[116.54610345386918,6.106960540289501],[116.54558524547862,6.106960540289501],[116.54558524547862,6.109719308417017],[116.54662166225975,6.110113419279345],[116.54662166225975,6.1109016418515605],[116.54610345386918,6.1109016418515605],[116.54610345386918,6.111295753561486],[116.54765807904086,6.111295753561486],[116.54765807904086,6.1109016418515605],[116.5471398706503,6.1109016418515605],[116.5471398706503,6.110113419279345],[116.54765807904086,6.110113419279345],[116.54765807904086,6.109719308417017],[116.5471398706503,6.109719308417017],[116.54765807904086,6.107748758342408]]],[[[116.54454882869749,6.111295753561486],[116.54351241191638,6.111295753561486],[116.54351241191638,6.111689865553979],[116.54454882869749,6.111689865553979],[116.54454882869749,6.111295753561486]]],[[[116.55284016294647,6.033267121660957],[116.55232195455591,6.033267121660957],[116.55232195455591,6.033661178070793],[116.55284016294647,6.033661178070793],[116.55284016294647,6.033267121660957]]],[[[116.55335837133704,6.044300806611588],[116.55284016294647,6.044300806611588],[116.55284016294647,6.044694870836942],[116.55335837133704,6.044694870836942],[116.55335837133704,6.044300806611588]]],[[[116.55387657972757,6.045088935341692],[116.55335837133704,6.045088935341692],[116.55335837133704,6.045483000125859],[116.55387657972757,6.045483000125859],[116.55387657972757,6.045088935341692]]],[[[116.56113149719542,6.046271130532519],[116.56061328880489,6.046271130532519],[116.56061328880489,6.046665196155049],[116.56113149719542,6.046665196155049],[116.56113149719542,6.046271130532519]]],[[[116.55750403846152,6.046271130532519],[116.55698583007094,6.046271130532519],[116.55698583007094,6.046665196155049],[116.55750403846152,6.046665196155049],[116.55750403846152,6.046271130532519]]],[[[116.55698583007094,6.047453328238599],[116.55646762168038,6.047453328238599],[116.55646762168038,6.047847394699659],[116.55698583007094,6.047847394699659],[116.55698583007094,6.047453328238599]]],[[[116.55957687202375,6.047453328238599],[116.55854045524265,6.047453328238599],[116.55854045524265,6.047847394699659],[116.55957687202375,6.047847394699659],[116.55957687202375,6.047453328238599]]],[[[116.55698583007094,6.048241461440266],[116.55646762168038,6.048241461440266],[116.55646762168038,6.047847394699659],[116.55594941328984,6.047847394699659],[116.55594941328984,6.048635528460441],[116.55646762168038,6.048635528460441],[116.55646762168038,6.049029595760199],[116.55698583007094,6.049029595760199],[116.55698583007094,6.048241461440266]]],[[[116.55284016294647,6.048241461440266],[116.55232195455591,6.048241461440266],[116.55232195455591,6.048635528460441],[116.55284016294647,6.048635528460441],[116.55284016294647,6.048241461440266]]],[[[116.56113149719542,6.048635528460441],[116.55957687202375,6.048635528460441],[116.55957687202375,6.049029595760199],[116.56113149719542,6.049029595760199],[116.56113149719542,6.048635528460441]]],[[[116.55802224685208,6.049423663339561],[116.55750403846152,6.049423663339561],[116.55750403846152,6.049817731198546],[116.55802224685208,6.049817731198546],[116.55802224685208,6.049423663339561]]],[[[116.56061328880489,6.050211799337174],[116.56113149719542,6.050211799337174],[116.56113149719542,6.050999936453427],[116.56164970558599,6.050999936453427],[116.56164970558599,6.049817731198546],[116.56061328880489,6.049817731198546],[116.56061328880489,6.050211799337174]]],[[[116.56216791397655,6.05060586775546],[116.56216791397655,6.051394005431091],[116.56268612236713,6.051394005431091],[116.56320433075769,6.05060586775546],[116.56216791397655,6.05060586775546]]],[[[116.56113149719542,6.051394005431091],[116.56113149719542,6.051788074688471],[116.56164970558599,6.051788074688471],[116.56164970558599,6.051394005431091],[116.56113149719542,6.051394005431091]]],[[[116.56320433075769,6.051788074688471],[116.56216791397655,6.051788074688471],[116.56216791397655,6.052182144225585],[116.56320433075769,6.052182144225585],[116.56320433075769,6.051788074688471]]],[[[116.55957687202375,6.050211799337174],[116.55854045524265,6.049817731198546],[116.55854045524265,6.05060586775546],[116.55905866363318,6.05060586775546],[116.55905866363318,6.050999936453427],[116.55854045524265,6.050999936453427],[116.55854045524265,6.052576214042456],[116.55802224685208,6.052576214042456],[116.55802224685208,6.052970284139099],[116.55854045524265,6.052970284139099],[116.55854045524265,6.054152496107849],[116.55905866363318,6.054152496107849],[116.55854045524265,6.0549406388195575],[116.55957687202375,6.0549406388195575],[116.55957687202375,6.053364354515533],[116.55905866363318,6.053364354515533],[116.55905866363318,6.051394005431091],[116.56009508041431,6.050999936453427],[116.55957687202375,6.050211799337174]]],[[[116.56268612236713,6.053364354515533],[116.56216791397655,6.053364354515533],[116.56216791397655,6.053758425171776],[116.56268612236713,6.053758425171776],[116.56268612236713,6.053364354515533]]],[[[116.55854045524265,6.054152496107849],[116.55802224685208,6.054152496107849],[116.55802224685208,6.0545465673237695],[116.55854045524265,6.0545465673237695],[116.55854045524265,6.054152496107849]]],[[[116.55284016294647,6.054152496107849],[116.55232195455591,6.054152496107849],[116.55232195455591,6.0549406388195575],[116.55284016294647,6.0549406388195575],[116.55284016294647,6.054152496107849]]],[[[116.56320433075769,6.056122854986307],[116.56268612236713,6.056122854986307],[116.56268612236713,6.0565169276017485],[116.56320433075769,6.0565169276017485],[116.56320433075769,6.056122854986307]]],[[[116.55905866363318,6.05769914712791],[116.55854045524265,6.05769914712791],[116.55854045524265,6.058093220863305],[116.55905866363318,6.058093220863305],[116.55905866363318,6.05769914712791]]],[[[116.56009508041431,6.065974754403605],[116.55957687202375,6.065974754403605],[116.55957687202375,6.066368834023684],[116.56009508041431,6.066368834023684],[116.56009508041431,6.065974754403605]]],[[[116.56061328880489,6.069521481081354],[116.56009508041431,6.069521481081354],[116.56009508041431,6.069915563225973],[116.56061328880489,6.069915563225973],[116.56061328880489,6.069521481081354]]],[[[116.55543120489928,6.070309645651192],[116.5549129965087,6.070309645651192],[116.5549129965087,6.070703728357027],[116.55543120489928,6.070703728357027],[116.55543120489928,6.070309645651192]]],[[[116.55594941328984,6.071491894610624],[116.55543120489928,6.071491894610624],[116.55543120489928,6.071885978158423],[116.55594941328984,6.071885978158423],[116.55594941328984,6.071491894610624]]],[[[116.56113149719542,6.071885978158423],[116.56061328880489,6.071885978158423],[116.56061328880489,6.0722800619869135],[116.56113149719542,6.0722800619869135],[116.56113149719542,6.071885978158423]]],[[[116.5549129965087,6.074250485340408],[116.55439478811815,6.074250485340408],[116.55439478811815,6.074644570853446],[116.5549129965087,6.074644570853446],[116.5549129965087,6.074250485340408]]],[[[116.55957687202375,6.075038656647307],[116.55905866363318,6.075038656647307],[116.55905866363318,6.075432742722013],[116.55957687202375,6.075432742722013],[116.55957687202375,6.075038656647307]]],[[[116.55543120489928,6.075432742722013],[116.5549129965087,6.075432742722013],[116.5549129965087,6.0758268290775765],[116.55543120489928,6.0758268290775765],[116.55543120489928,6.075432742722013]]],[[[116.55232195455591,6.076615002631365],[116.55284016294647,6.076615002631365],[116.55284016294647,6.07622091571402],[116.55232195455591,6.07622091571402],[116.55232195455591,6.076615002631365]]],[[[116.55387657972757,6.07622091571402],[116.55284016294647,6.076615002631365],[116.55284016294647,6.078979530035344],[116.55335837133704,6.078979530035344],[116.55335837133704,6.0785854414322165],[116.5549129965087,6.0785854414322165],[116.5549129965087,6.077403177308822],[116.55543120489928,6.077403177308822],[116.55543120489928,6.077009089829625],[116.5549129965087,6.077009089829625],[116.5549129965087,6.076615002631365],[116.55387657972757,6.076615002631365],[116.55387657972757,6.07622091571402]]],[[[116.55905866363318,6.077403177308822],[116.55854045524265,6.077403177308822],[116.55854045524265,6.077797265068974],[116.55905866363318,6.077797265068974],[116.55905866363318,6.077403177308822]]],[[[116.55594941328984,6.078191353110098],[116.55543120489928,6.078191353110098],[116.55543120489928,6.0785854414322165],[116.55698583007094,6.0793736189195045],[116.55750403846152,6.076615002631365],[116.55594941328984,6.076615002631365],[116.55594941328984,6.077009089829625],[116.55646762168038,6.077009089829625],[116.55646762168038,6.077797265068974],[116.55594941328984,6.077797265068974],[116.55594941328984,6.078191353110098]]],[[[116.5549129965087,6.0793736189195045],[116.55387657972757,6.0793736189195045],[116.55387657972757,6.079767708084711],[116.5549129965087,6.079767708084711],[116.5549129965087,6.0793736189195045]]],[[[116.55905866363318,6.091196416216289],[116.55854045524265,6.091196416216289],[116.55854045524265,6.091590513821686],[116.55905866363318,6.091590513821686],[116.55905866363318,6.091196416216289]]],[[[116.55957687202375,6.091590513821686],[116.55905866363318,6.091590513821686],[116.55905866363318,6.091984611708713],[116.55957687202375,6.091984611708713],[116.55957687202375,6.091590513821686]]],[[[116.55543120489928,6.093561006073505],[116.5549129965087,6.093561006073505],[116.5549129965087,6.0943492049461705],[116.55543120489928,6.0943492049461705],[116.55543120489928,6.093561006073505]]],[[[116.55802224685208,6.093955105368966],[116.55854045524265,6.093955105368966],[116.55854045524265,6.095137404945886],[116.55905866363318,6.095137404945886],[116.55905866363318,6.0943492049461705],[116.55957687202375,6.0943492049461705],[116.55957687202375,6.093955105368966],[116.55905866363318,6.093955105368966],[116.55905866363318,6.093166907059767],[116.55854045524265,6.093166907059767],[116.55802224685208,6.093955105368966]]],[[[116.55698583007094,6.095137404945886],[116.55646762168038,6.095137404945886],[116.55646762168038,6.095925606072799],[116.55750403846152,6.095925606072799],[116.55750403846152,6.097107909876995],[116.55802224685208,6.097107909876995],[116.55802224685208,6.095137404945886],[116.55750403846152,6.095137404945886],[116.55750403846152,6.093955105368966],[116.55646762168038,6.093561006073505],[116.55698583007094,6.095137404945886]]],[[[116.55905866363318,6.097502011708821],[116.55802224685208,6.097502011708821],[116.55802224685208,6.09789611382256],[116.55905866363318,6.09789611382256],[116.55905866363318,6.097502011708821]]],[[[116.55750403846152,6.0982902162182295],[116.55698583007094,6.0982902162182295],[116.55698583007094,6.099078421855437],[116.55802224685208,6.099078421855437],[116.55750403846152,6.0982902162182295]]],[[[116.55594941328984,6.099866628620595],[116.55594941328984,6.100654836513851],[116.55646762168038,6.100654836513851],[116.55646762168038,6.09789611382256],[116.55543120489928,6.09789611382256],[116.55543120489928,6.097107909876995],[116.5549129965087,6.097107909876995],[116.5549129965087,6.097502011708821],[116.55439478811815,6.097502011708821],[116.55439478811815,6.099866628620595],[116.5549129965087,6.099866628620595],[116.5549129965087,6.099472525097014],[116.55594941328984,6.099866628620595]],[[116.55543120489928,6.0982902162182295],[116.5549129965087,6.0982902162182295],[116.5549129965087,6.09789611382256],[116.55543120489928,6.09789611382256],[116.55543120489928,6.0982902162182295]]],[[[116.56113149719542,6.09868431889585],[116.56061328880489,6.09868431889585],[116.56061328880489,6.099078421855437],[116.56113149719542,6.099078421855437],[116.56113149719542,6.09868431889585]]],[[[116.55284016294647,6.09789611382256],[116.55128553777479,6.09789611382256],[116.55128553777479,6.0982902162182295],[116.55232195455591,6.09868431889585],[116.55232195455591,6.099078421855437],[116.55180374616533,6.099078421855437],[116.55180374616533,6.099472525097014],[116.55232195455591,6.099472525097014],[116.55232195455591,6.100260732426201],[116.55284016294647,6.100260732426201],[116.55284016294647,6.099472525097014],[116.55387657972757,6.099866628620595],[116.55387657972757,6.09789611382256],[116.55335837133704,6.09789611382256],[116.55335837133704,6.0982902162182295],[116.55284016294647,6.0982902162182295],[116.55284016294647,6.09789611382256]]],[[[116.56268612236713,6.099472525097014],[116.56164970558599,6.099078421855437],[116.56216791397655,6.100654836513851],[116.56268612236713,6.100654836513851],[116.56268612236713,6.099472525097014]]],[[[116.56061328880489,6.100654836513851],[116.56061328880489,6.10183715046925],[116.56164970558599,6.102231255685262],[116.56164970558599,6.10183715046925],[116.56216791397655,6.10183715046925],[116.56216791397655,6.100654836513851],[116.56061328880489,6.100654836513851]]],[[[116.56424074753879,6.102625361183412],[116.56424074753879,6.103019466963718],[116.56527716431992,6.103413573026198],[116.56475895592936,6.100654836513851],[116.56424074753879,6.100654836513851],[116.56424074753879,6.100260732426201],[116.56320433075769,6.100260732426201],[116.56320433075769,6.100654836513851],[116.56268612236713,6.100654836513851],[116.56320433075769,6.101443045535356],[116.56268612236713,6.101443045535356],[116.56164970558599,6.102625361183412],[116.56061328880489,6.102231255685262],[116.56061328880489,6.103807679370874],[116.56113149719542,6.103807679370874],[116.56164970558599,6.103019466963718],[116.56268612236713,6.103019466963718],[116.56320433075769,6.102231255685262],[116.56424074753879,6.102625361183412]]],[[[116.55905866363318,6.10459589290688],[116.55905866363318,6.10420178599776],[116.55957687202375,6.10420178599776],[116.55957687202375,6.103413573026198],[116.55905866363318,6.103413573026198],[116.55905866363318,6.103807679370874],[116.55802224685208,6.103807679370874],[116.55802224685208,6.10420178599776],[116.55905866363318,6.10459589290688]]],[[[116.56320433075769,6.10420178599776],[116.56268612236713,6.10420178599776],[116.56268612236713,6.10459589290688],[116.56320433075769,6.10459589290688],[116.56320433075769,6.10420178599776]]],[[[116.55854045524265,6.107748758342408],[116.55802224685208,6.107748758342408],[116.55802224685208,6.108142867792456],[116.55854045524265,6.108142867792456],[116.55854045524265,6.107748758342408]]],[[[116.56113149719542,6.108931087539823],[116.56061328880489,6.108931087539823],[116.56061328880489,6.110113419279345],[116.56113149719542,6.110113419279345],[116.56113149719542,6.108931087539823]]],[[[116.55854045524265,6.109325197837181],[116.55802224685208,6.109325197837181],[116.55802224685208,6.109719308417017],[116.55854045524265,6.109719308417017],[116.55854045524265,6.109325197837181]]],[[[116.55750403846152,6.109719308417017],[116.55698583007094,6.109719308417017],[116.55698583007094,6.110507530424188],[116.55750403846152,6.110507530424188],[116.55750403846152,6.109719308417017]]],[[[116.56164970558599,6.111295753561486],[116.56216791397655,6.111295753561486],[116.56216791397655,6.110507530424188],[116.56113149719542,6.110113419279345],[116.56061328880489,6.1109016418515605],[116.56164970558599,6.1109016418515605],[116.56164970558599,6.111295753561486]]],[[[116.55957687202375,6.111295753561486],[116.56009508041431,6.111295753561486],[116.56009508041431,6.1109016418515605],[116.55905866363318,6.1109016418515605],[116.55905866363318,6.110507530424188],[116.55854045524265,6.110507530424188],[116.55854045524265,6.1120839778290605],[116.55957687202375,6.1120839778290605],[116.55957687202375,6.111295753561486]]],[[[116.56164970558599,6.111295753561486],[116.56061328880489,6.111295753561486],[116.56061328880489,6.111689865553979],[116.56164970558599,6.111689865553979],[116.56164970558599,6.111295753561486]]],[[[116.55750403846152,6.111295753561486],[116.55698583007094,6.111295753561486],[116.55698583007094,6.111689865553979],[116.55750403846152,6.111689865553979],[116.55750403846152,6.111295753561486]]],[[[116.55387657972757,6.111689865553979],[116.55335837133704,6.111689865553979],[116.55335837133704,6.1120839778290605],[116.55387657972757,6.1120839778290605],[116.55387657972757,6.111689865553979]]],[[[116.5549129965087,6.112872203227064],[116.55543120489928,6.112872203227064],[116.55543120489928,6.11247809038675],[116.55646762168038,6.11247809038675],[116.55646762168038,6.112872203227064],[116.55698583007094,6.112872203227064],[116.55698583007094,6.111689865553979],[116.5549129965087,6.111295753561486],[116.5549129965087,6.111689865553979],[116.55439478811815,6.111689865553979],[116.55439478811815,6.1120839778290605],[116.5549129965087,6.1120839778290605],[116.5549129965087,6.112872203227064]]],[[[116.55594941328984,6.113266316350024],[116.55646762168038,6.113266316350024],[116.55646762168038,6.112872203227064],[116.55594941328984,6.112872203227064],[116.55594941328984,6.113266316350024]]],[[[116.55698583007094,6.113266316350024],[116.55646762168038,6.113266316350024],[116.55646762168038,6.11405454344395],[116.55698583007094,6.11405454344395],[116.55698583007094,6.113266316350024]]],[[[116.56164970558599,6.113266316350024],[116.56113149719542,6.113266316350024],[116.56113149719542,6.11405454344395],[116.56164970558599,6.11405454344395],[116.56164970558599,6.113266316350024]]],[[[116.55750403846152,6.113660429755646],[116.55802224685208,6.113660429755646],[116.55750403846152,6.114448657414955],[116.55854045524265,6.114448657414955],[116.55854045524265,6.11405454344395],[116.55905866363318,6.11405454344395],[116.55802224685208,6.112872203227064],[116.55750403846152,6.112872203227064],[116.55750403846152,6.113660429755646]]],[[[116.56164970558599,6.11405454344395],[116.56164970558599,6.114448657414955],[116.56216791397655,6.114448657414955],[116.56216791397655,6.11405454344395],[116.56164970558599,6.11405454344395]]],[[[116.56164970558599,6.114842771668679],[116.56164970558599,6.114448657414955],[116.56113149719542,6.114448657414955],[116.56113149719542,6.114842771668679],[116.56164970558599,6.114842771668679]]],[[[116.55957687202375,6.114448657414955],[116.55905866363318,6.114448657414955],[116.55905866363318,6.115236886205141],[116.55957687202375,6.115236886205141],[116.55957687202375,6.114448657414955]]],[[[116.56113149719542,6.114842771668679],[116.56061328880489,6.114842771668679],[116.56061328880489,6.115236886205141],[116.56113149719542,6.115236886205141],[116.56113149719542,6.114842771668679]]],[[[116.56320433075769,6.117207463129188],[116.56268612236713,6.117207463129188],[116.56268612236713,6.117601579362475],[116.56320433075769,6.117601579362475],[116.56320433075769,6.117207463129188]]],[[[116.56475895592936,6.042330489675127],[116.56424074753879,6.042330489675127],[116.56424074753879,6.042724552503773],[116.56475895592936,6.042724552503773],[116.56475895592936,6.042330489675127]]],[[[116.56475895592936,6.043118615611724],[116.56475895592936,6.043512678998998],[116.56527716431992,6.043512678998998],[116.56527716431992,6.043118615611724],[116.56475895592936,6.043118615611724]]],[[[116.56786820627273,6.043118615611724],[116.56786820627273,6.042724552503773],[116.5668317894916,6.042724552503773],[116.56631358110103,6.043512678998998],[116.56527716431992,6.043512678998998],[116.56527716431992,6.044694870836942],[116.5668317894916,6.044694870836942],[116.56786820627273,6.043512678998998],[116.56890462305384,6.043512678998998],[116.56890462305384,6.043118615611724],[116.56786820627273,6.043118615611724]]],[[[116.57045924822553,6.043906742665612],[116.57097745661608,6.043906742665612],[116.57097745661608,6.043118615611724],[116.56994103983497,6.043118615611724],[116.56994103983497,6.043512678998998],[116.5694228314444,6.043512678998998],[116.5694228314444,6.044694870836942],[116.57045924822553,6.044694870836942],[116.57045924822553,6.043906742665612]]],[[[116.57201387339721,6.044300806611588],[116.57149566500664,6.044300806611588],[116.57149566500664,6.045088935341692],[116.57201387339721,6.045088935341692],[116.57201387339721,6.044300806611588]]],[[[116.56786820627273,6.044694870836942],[116.5668317894916,6.044694870836942],[116.56734999788216,6.046665196155049],[116.56786820627273,6.046665196155049],[116.56786820627273,6.045877065189463],[116.56838641466327,6.045877065189463],[116.56838641466327,6.047059262057069],[116.56890462305384,6.047059262057069],[116.56890462305384,6.046665196155049],[116.57045924822553,6.046665196155049],[116.57045924822553,6.046271130532519],[116.5694228314444,6.046271130532519],[116.5694228314444,6.045877065189463],[116.56994103983497,6.045877065189463],[116.56994103983497,6.045088935341692],[116.5694228314444,6.045088935341692],[116.5694228314444,6.044694870836942],[116.56838641466327,6.045088935341692],[116.56838641466327,6.044300806611588],[116.56786820627273,6.044300806611588],[116.56786820627273,6.044694870836942]],[[116.56890462305384,6.045877065189463],[116.56890462305384,6.045483000125859],[116.5694228314444,6.045483000125859],[116.5694228314444,6.045877065189463],[116.56890462305384,6.045877065189463]]],[[[116.56475895592936,6.047453328238599],[116.56424074753879,6.047453328238599],[116.56424074753879,6.047847394699659],[116.56475895592936,6.047847394699659],[116.56475895592936,6.047453328238599]]],[[[116.56424074753879,6.052182144225585],[116.56424074753879,6.052970284139099],[116.56475895592936,6.052970284139099],[116.56475895592936,6.052182144225585],[116.56424074753879,6.052182144225585]]],[[[116.56527716431992,6.053364354515533],[116.56527716431992,6.053758425171776],[116.5657953727105,6.053758425171776],[116.5657953727105,6.052576214042456],[116.56475895592936,6.052970284139099],[116.56475895592936,6.053364354515533],[116.56527716431992,6.053364354515533]]],[[[116.56890462305384,6.053364354515533],[116.56838641466327,6.053364354515533],[116.56838641466327,6.053758425171776],[116.56890462305384,6.053758425171776],[116.56890462305384,6.053364354515533]]],[[[116.56527716431992,6.057305073672531],[116.56475895592936,6.057305073672531],[116.56475895592936,6.058487294878736],[116.56527716431992,6.058487294878736],[116.56527716431992,6.057305073672531]]],[[[116.5657953727105,6.059275443749779],[116.56527716431992,6.059275443749779],[116.56527716431992,6.0596695186054275],[116.5657953727105,6.0596695186054275],[116.5657953727105,6.059275443749779]]],[[[116.57045924822553,6.062033973622303],[116.56994103983497,6.062033973622303],[116.56994103983497,6.06242805043912],[116.57045924822553,6.06242805043912],[116.57045924822553,6.062033973622303]]],[[[116.57201387339721,6.07622091571402],[116.57149566500664,6.07622091571402],[116.57149566500664,6.076615002631365],[116.57201387339721,6.076615002631365],[116.57201387339721,6.07622091571402]]],[[[116.55232195455591,6.1109016418515605],[116.55232195455591,6.111295753561486],[116.55387657972757,6.111295753561486],[116.55387657972757,6.111689865553979],[116.5549129965087,6.111295753561486],[116.55439478811815,6.110507530424188],[116.55594941328984,6.110507530424188],[116.55594941328984,6.1109016418515605],[116.55646762168038,6.1109016418515605],[116.55594941328984,6.108931087539823],[116.5549129965087,6.108931087539823],[116.5549129965087,6.110113419279345],[116.55439478811815,6.110113419279345],[116.55439478811815,6.108931087539823],[116.55387657972757,6.108931087539823],[116.55387657972757,6.108536977524919],[116.55439478811815,6.108536977524919],[116.55439478811815,6.107748758342408],[116.55543120489928,6.107748758342408],[116.55543120489928,6.106566431686598],[116.55646762168038,6.106566431686598],[116.55646762168038,6.106172323366042],[116.55698583007094,6.106172323366042],[116.55698583007094,6.107354649174765],[116.55750403846152,6.107354649174765],[116.55750403846152,6.107748758342408],[116.55905866363318,6.106960540289501],[116.55905866363318,6.106172323366042],[116.55854045524265,6.106172323366042],[116.55854045524265,6.10577821532781],[116.55646762168038,6.10577821532781],[116.55646762168038,6.104990000098247],[116.55594941328984,6.104990000098247],[116.55594941328984,6.10459589290688],[116.55698583007094,6.10459589290688],[116.55698583007094,6.103807679370874],[116.55750403846152,6.103807679370874],[116.55750403846152,6.103413573026198],[116.55854045524265,6.103413573026198],[116.55854045524265,6.103019466963718],[116.55905866363318,6.103019466963718],[116.55905866363318,6.10183715046925],[116.56009508041431,6.101443045535356],[116.56009508041431,6.100260732426201],[116.55957687202375,6.100260732426201],[116.55957687202375,6.099078421855437],[116.56061328880489,6.09868431889585],[116.56061328880489,6.0982902162182295],[116.56009508041431,6.0982902162182295],[116.56009508041431,6.097502011708821],[116.56113149719542,6.097502011708821],[116.56113149719542,6.09789611382256],[116.56216791397655,6.09789611382256],[116.56216791397655,6.097107909876995],[116.56320433075769,6.097107909876995],[116.56320433075769,6.097502011708821],[116.56372253914823,6.097502011708821],[116.56320433075769,6.095925606072799],[116.56424074753879,6.095925606072799],[116.56527716431992,6.094743304805139],[116.5657953727105,6.094743304805139],[116.5657953727105,6.095137404945886],[116.56631358110103,6.095137404945886],[116.56631358110103,6.094743304805139],[116.5668317894916,6.094743304805139],[116.5668317894916,6.095137404945886],[116.56786820627273,6.094743304805139],[116.56786820627273,6.0943492049461705],[116.56734999788216,6.0943492049461705],[116.56734999788216,6.093955105368966],[116.56786820627273,6.093955105368966],[116.56786820627273,6.09237870987739],[116.56527716431992,6.093166907059767],[116.56527716431992,6.092772808327735],[116.56475895592936,6.092772808327735],[116.56475895592936,6.091590513821686],[116.56424074753879,6.091590513821686],[116.56424074753879,6.090802318892504],[116.56475895592936,6.090802318892504],[116.56475895592936,6.089225932413107],[116.5657953727105,6.089620028610631],[116.5657953727105,6.088043645509563],[116.56734999788216,6.088831836497099],[116.56734999788216,6.089225932413107],[116.5668317894916,6.089225932413107],[116.5668317894916,6.090408221850313],[116.56734999788216,6.090408221850313],[116.56734999788216,6.089620028610631],[116.56838641466327,6.089225932413107],[116.56838641466327,6.087255455647873],[116.56734999788216,6.087649550437997],[116.56734999788216,6.087255455647873],[116.56631358110103,6.087255455647873],[116.56631358110103,6.086467266911879],[116.5657953727105,6.086467266911879],[116.5657953727105,6.085679079301433],[116.5668317894916,6.086073172965973],[116.5668317894916,6.084496799995834],[116.56734999788216,6.084496799995834],[116.56734999788216,6.084890892816381],[116.56786820627273,6.084890892816381],[116.56838641466327,6.0841027074565766],[116.56994103983497,6.0841027074565766],[116.56994103983497,6.084496799995834],[116.57253208178777,6.0841027074565766],[116.57253208178777,6.084496799995834],[116.57305029017834,6.084496799995834],[116.57305029017834,6.084890892816381],[116.57201387339721,6.084890892816381],[116.57201387339721,6.085284985918243],[116.57253208178777,6.085284985918243],[116.57253208178777,6.086467266911879],[116.57149566500664,6.086467266911879],[116.57149566500664,6.087649550437997],[116.57097745661608,6.087649550437997],[116.57097745661608,6.087255455647873],[116.56994103983497,6.087255455647873],[116.56994103983497,6.087649550437997],[116.5694228314444,6.087649550437997],[116.5694228314444,6.08843774086259],[116.56890462305384,6.08843774086259],[116.56994103983497,6.089620028610631],[116.5694228314444,6.089620028610631],[116.5694228314444,6.090802318892504],[116.56890462305384,6.090802318892504],[116.56838641466327,6.093166907059767],[116.5694228314444,6.093166907059767],[116.5694228314444,6.092772808327735],[116.57149566500664,6.092772808327735],[116.57149566500664,6.093955105368966],[116.57253208178777,6.0943492049461705],[116.57253208178777,6.093955105368966],[116.57356849856887,6.093561006073505],[116.57356849856887,6.09237870987739],[116.57408670695945,6.09237870987739],[116.57408670695945,6.0943492049461705],[116.57564133213111,6.095137404945886],[116.57564133213111,6.096319707059002],[116.57719595730282,6.096319707059002],[116.57719595730282,6.097107909876995],[116.57771416569338,6.097107909876995],[116.57771416569338,6.096319707059002],[116.57823237408392,6.096319707059002],[116.57875058247448,6.0982902162182295],[116.58030520764619,6.0982902162182295],[116.58030520764619,6.09868431889585],[116.58082341603672,6.09868431889585],[116.58082341603672,6.09789611382256],[116.58185983281786,6.0982902162182295],[116.58185983281786,6.099866628620595],[116.5813416244273,6.099866628620595],[116.5813416244273,6.100260732426201],[116.58237804120843,6.100260732426201],[116.58237804120843,6.099866628620595],[116.58289624959896,6.099866628620595],[116.58289624959896,6.099472525097014],[116.58237804120843,6.099472525097014],[116.58237804120843,6.0982902162182295],[116.58289624959896,6.0982902162182295],[116.58289624959896,6.09868431889585],[116.5839326663801,6.09868431889585],[116.58496908316123,6.099866628620595],[116.58600549994233,6.099866628620595],[116.58548729155177,6.09789611382256],[116.58445087477067,6.09789611382256],[116.58445087477067,6.097502011708821],[116.58548729155177,6.097502011708821],[116.58548729155177,6.097107909876995],[116.58496908316123,6.097107909876995],[116.58496908316123,6.095925606072799],[116.58445087477067,6.095925606072799],[116.58548729155177,6.0943492049461705],[116.58445087477067,6.0943492049461705],[116.58445087477067,6.093561006073505],[116.5839326663801,6.093561006073505],[116.5839326663801,6.0943492049461705],[116.58341445798953,6.0943492049461705],[116.58341445798953,6.095137404945886],[116.58289624959896,6.095137404945886],[116.58289624959896,6.096319707059002],[116.58237804120843,6.096319707059002],[116.58237804120843,6.095531505368434],[116.5813416244273,6.095925606072799],[116.5813416244273,6.094743304805139],[116.57978699925562,6.094743304805139],[116.57978699925562,6.0943492049461705],[116.58185983281786,6.093955105368966],[116.58185983281786,6.092772808327735],[116.58341445798953,6.092772808327735],[116.58341445798953,6.091984611708713],[116.58289624959896,6.091984611708713],[116.58289624959896,6.091590513821686],[116.5813416244273,6.091590513821686],[116.5813416244273,6.090408221850313],[116.58289624959896,6.090408221850313],[116.58289624959896,6.090014125089694],[116.58341445798953,6.090014125089694],[116.58341445798953,6.089225932413107],[116.58289624959896,6.089225932413107],[116.58289624959896,6.089620028610631],[116.58237804120843,6.089620028610631],[116.58237804120843,6.089225932413107],[116.5813416244273,6.089620028610631],[116.5813416244273,6.089225932413107],[116.57926879086506,6.089225932413107],[116.57926879086506,6.088831836497099],[116.5813416244273,6.088831836497099],[116.5813416244273,6.08843774086259],[116.58237804120843,6.088831836497099],[116.58237804120843,6.08843774086259],[116.58341445798953,6.088043645509563],[116.58289624959896,6.087255455647873],[116.58496908316123,6.087255455647873],[116.58496908316123,6.086861361139173],[116.58341445798953,6.086073172965973],[116.58341445798953,6.085284985918243],[116.58237804120843,6.084890892816381],[116.58185983281786,6.082920431526379],[116.58237804120843,6.082920431526379],[116.58237804120843,6.083314523221868],[116.5839326663801,6.083314523221868],[116.5839326663801,6.082920431526379],[116.58445087477067,6.082920431526379],[116.58445087477067,6.0841027074565766],[116.5839326663801,6.0841027074565766],[116.5839326663801,6.084496799995834],[116.58548729155177,6.084496799995834],[116.58548729155177,6.084890892816381],[116.58600549994233,6.084890892816381],[116.58600549994233,6.0841027074565766],[116.5865237083329,6.0841027074565766],[116.5865237083329,6.0825263401121035],[116.58756012511404,6.0825263401121035],[116.58756012511404,6.081344067556404],[116.58807833350457,6.081344067556404],[116.58807833350457,6.080949977266814],[116.58859654189514,6.080949977266814],[116.58859654189514,6.0801617975309865],[116.5891147502857,6.0801617975309865],[116.5891147502857,6.0825263401121035],[116.58963295867628,6.0825263401121035],[116.58963295867628,6.081344067556404],[116.59066937545738,6.080949977266814],[116.59066937545738,6.083314523221868],[116.59015116706681,6.083314523221868],[116.59015116706681,6.0841027074565766],[116.59118758384794,6.084496799995834],[116.59118758384794,6.083314523221868],[116.59170579223851,6.083314523221868],[116.59170579223851,6.084496799995834],[116.59222400062907,6.084496799995834],[116.59222400062907,6.0825263401121035],[116.59118758384794,6.082132248979031],[116.59118758384794,6.081344067556404],[116.59222400062907,6.081738158127137],[116.59222400062907,6.0801617975309865],[116.59170579223851,6.0801617975309865],[116.59170579223851,6.079767708084711],[116.59222400062907,6.079767708084711],[116.59222400062907,6.0785854414322165],[116.59274220901962,6.0785854414322165],[116.59274220901962,6.078979530035344],[116.59377862580075,6.078979530035344],[116.59377862580075,6.0785854414322165],[116.59429683419131,6.0785854414322165],[116.59429683419131,6.078979530035344],[116.59533325097242,6.078979530035344],[116.59533325097242,6.077797265068974],[116.59636966775355,6.077797265068974],[116.59636966775355,6.077009089829625],[116.59585145936299,6.077009089829625],[116.59585145936299,6.07622091571402],[116.59533325097242,6.07622091571402],[116.59533325097242,6.0758268290775765],[116.59688787614412,6.0758268290775765],[116.59585145936299,6.072674146096115],[116.59688787614412,6.072674146096115],[116.59688787614412,6.0734623151567275],[116.59740608453467,6.0734623151567275],[116.59740608453467,6.074644570853446],[116.59792429292523,6.074644570853446],[116.59792429292523,6.075038656647307],[116.59844250131579,6.075038656647307],[116.59844250131579,6.074250485340408],[116.59947891809692,6.074250485340408],[116.59983578724429,6.074644570853446],[116.59792429292523,6.071279789018579],[116.59740608453467,6.071491894610624],[116.59740608453467,6.071097811343497],[116.59782091314486,6.071097811343497],[116.59737316334498,6.070309645651192],[116.59688787614412,6.070309645651192],[116.59714928844507,6.069915563225973],[116.59636966775355,6.068543214996283],[116.59533325097242,6.069127399217313],[116.59533325097242,6.067945155308484],[116.59585145936299,6.067945155308484],[116.59585145936299,6.067631026661986],[116.59513441434564,6.066368834023684],[116.59429683419131,6.066368834023684],[116.59429683419131,6.065580675063937],[116.59326041741018,6.065974754403605],[116.59326041741018,6.0651865960046605],[116.59377862580075,6.0651865960046605],[116.59326041741018,6.063610282571097],[116.59274220901962,6.063610282571097],[116.59274220901962,6.064792517225757],[116.59170579223851,6.064792517225757],[116.59170579223851,6.065580675063937],[116.59118758384794,6.065580675063937],[116.59118758384794,6.064398438727207],[116.59170579223851,6.064398438727207],[116.59170579223851,6.062822127536179],[116.59222400062907,6.062822127536179],[116.59244791554643,6.0616398970857075],[116.59222404064651,6.06124582082932],[116.59118758384794,6.06124582082932],[116.59118758384794,6.060457669157078],[116.59177629084661,6.060457669157078],[116.59132854104676,6.0596695186054275],[116.59066937545738,6.060457669157078],[116.59015116706681,6.060457669157078],[116.59015116706681,6.06124582082932],[116.59066937545738,6.06124582082932],[116.59066937545738,6.0616398970857075],[116.58963295867628,6.0616398970857075],[116.58963295867628,6.06124582082932],[116.58756012511404,6.06124582082932],[116.58756012511404,6.0616398970857075],[116.58600549994233,6.0616398970857075],[116.58600549994233,6.06242805043912],[116.58548729155177,6.06242805043912],[116.58548729155177,6.06124582082932],[116.58600549994233,6.06124582082932],[116.58600549994233,6.060851744853116],[116.58289624959896,6.060851744853116],[116.58289624959896,6.060457669157078],[116.58237804120843,6.060457669157078],[116.58237804120843,6.062033973622303],[116.58289624959896,6.062033973622303],[116.58289624959896,6.062822127536179],[116.5839326663801,6.062822127536179],[116.5839326663801,6.063216204913498],[116.58445087477067,6.063216204913498],[116.58445087477067,6.064398438727207],[116.58548729155177,6.064004360508992],[116.58548729155177,6.062822127536179],[116.58600549994233,6.062822127536179],[116.58600549994233,6.064004360508992],[116.5865237083329,6.064004360508992],[116.5865237083329,6.063610282571097],[116.58704191672346,6.063610282571097],[116.58704191672346,6.063216204913498],[116.5891147502857,6.062033973622303],[116.5891147502857,6.062822127536179],[116.58859654189514,6.062822127536179],[116.58859654189514,6.063216204913498],[116.5891147502857,6.063216204913498],[116.5891147502857,6.064792517225757],[116.59015116706681,6.064792517225757],[116.59015116706681,6.0651865960046605],[116.59066937545738,6.0651865960046605],[116.59066937545738,6.065580675063937],[116.59015116706681,6.065580675063937],[116.59015116706681,6.066762913924193],[116.5891147502857,6.066762913924193],[116.5891147502857,6.066368834023684],[116.58963295867628,6.066368834023684],[116.58963295867628,6.065580675063937],[116.58859654189514,6.065580675063937],[116.58859654189514,6.065974754403605],[116.58807833350457,6.065974754403605],[116.58756012511404,6.0651865960046605],[116.58704191672346,6.0651865960046605],[116.58704191672346,6.065580675063937],[116.58548729155177,6.065580675063937],[116.58548729155177,6.0651865960046605],[116.58496908316123,6.0651865960046605],[116.58496908316123,6.065974754403605],[116.5839326663801,6.065974754403605],[116.5839326663801,6.064004360508992],[116.58341445798953,6.064004360508992],[116.58237804120843,6.062822127536179],[116.5813416244273,6.062822127536179],[116.5813416244273,6.0616398970857075],[116.58030520764619,6.0616398970857075],[116.58082341603672,6.060851744853116],[116.58030520764619,6.060851744853116],[116.58030520764619,6.060457669157078],[116.57978699925562,6.060457669157078],[116.57978699925562,6.06124582082932],[116.57875058247448,6.060851744853116],[116.57875058247448,6.0588813691742205],[116.57823237408392,6.0588813691742205],[116.57823237408392,6.058487294878736],[116.57875058247448,6.058487294878736],[116.57875058247448,6.05769914712791],[116.57771416569338,6.057305073672531],[116.57771416569338,6.05691100049715],[116.57823237408392,6.05691100049715],[116.57771416569338,6.056122854986307],[116.57823237408392,6.056122854986307],[116.57875058247448,6.053758425171776],[116.57771416569338,6.053758425171776],[116.57771416569338,6.053364354515533],[116.57719595730282,6.053364354515533],[116.57719595730282,6.052576214042456],[116.57771416569338,6.052576214042456],[116.57771416569338,6.052970284139099],[116.57875058247448,6.052970284139099],[116.57875058247448,6.052182144225585],[116.57926879086506,6.052182144225585],[116.57926879086506,6.051788074688471],[116.57978699925562,6.051788074688471],[116.57978699925562,6.052576214042456],[116.58030520764619,6.052576214042456],[116.58030520764619,6.051394005431091],[116.57978699925562,6.051394005431091],[116.57926879086506,6.05060586775546],[116.58030520764619,6.05060586775546],[116.58030520764619,6.050211799337174],[116.57978699925562,6.050211799337174],[116.57978699925562,6.049817731198546],[116.58030520764619,6.049817731198546],[116.58030520764619,6.049029595760199],[116.58082341603672,6.049029595760199],[116.58030520764619,6.047453328238599],[116.5813416244273,6.047453328238599],[116.5813416244273,6.046665196155049],[116.58030520764619,6.046665196155049],[116.58082341603672,6.045877065189463],[116.58030520764619,6.045877065189463],[116.58030520764619,6.045088935341692],[116.57978699925562,6.045088935341692],[116.57978699925562,6.043159058712283],[116.57926879086506,6.043118615611724],[116.57914816656243,6.042330489675127],[116.57875058247448,6.042330489675127],[116.57875058247448,6.043118615611724],[116.57823237408392,6.043118615611724],[116.57823237408392,6.042330489675127],[116.57771416569338,6.042330489675127],[116.57771416569338,6.041936427125766],[116.57719595730282,6.041936427125766],[116.57719595730282,6.042724552503773],[116.57771416569338,6.042724552503773],[116.57771416569338,6.043512678998998],[116.57823237408392,6.043512678998998],[116.57823237408392,6.044300806611588],[116.57875058247448,6.044300806611588],[116.57875058247448,6.045483000125859],[116.57823237408392,6.045483000125859],[116.57823237408392,6.045877065189463],[116.57875058247448,6.045877065189463],[116.57875058247448,6.046665196155049],[116.57823237408392,6.046665196155049],[116.57823237408392,6.047453328238599],[116.57615954052169,6.046665196155049],[116.57615954052169,6.045088935341692],[116.57564133213111,6.045088935341692],[116.57564133213111,6.044694870836942],[116.57460491535001,6.045088935341692],[116.57460491535001,6.045483000125859],[116.57512312374058,6.045483000125859],[116.57512312374058,6.046271130532519],[116.57253208178777,6.046271130532519],[116.57253208178777,6.045088935341692],[116.57201387339721,6.045088935341692],[116.57201387339721,6.045483000125859],[116.57097745661608,6.045088935341692],[116.57097745661608,6.046665196155049],[116.57149566500664,6.046665196155049],[116.57149566500664,6.047059262057069],[116.57045924822553,6.047059262057069],[116.57045924822553,6.047847394699659],[116.57097745661608,6.047847394699659],[116.57097745661608,6.049423663339561],[116.57149566500664,6.049423663339561],[116.57149566500664,6.049029595760199],[116.57253208178777,6.049029595760199],[116.57253208178777,6.047847394699659],[116.57305029017834,6.047847394699659],[116.57356849856887,6.050211799337174],[116.57253208178777,6.050211799337174],[116.57253208178777,6.051788074688471],[116.57149566500664,6.052182144225585],[116.57149566500664,6.052970284139099],[116.57097745661608,6.052970284139099],[116.57097745661608,6.053758425171776],[116.57045924822553,6.053758425171776],[116.57045924822553,6.05691100049715],[116.5694228314444,6.05691100049715],[116.57045924822553,6.058487294878736],[116.56890462305384,6.058487294878736],[116.56994103983497,6.060063593741189],[116.5694228314444,6.060063593741189],[116.5694228314444,6.060851744853116],[116.56838641466327,6.06124582082932],[116.56838641466327,6.062033973622303],[116.56734999788216,6.062033973622303],[116.56734999788216,6.0616398970857075],[116.5668317894916,6.0616398970857075],[116.56631358110103,6.060063593741189],[116.56372253914823,6.0596695186054275],[116.56372253914823,6.060063593741189],[116.56424074753879,6.060063593741189],[116.56424074753879,6.06124582082932],[116.56372253914823,6.06124582082932],[116.56372253914823,6.06242805043912],[116.56424074753879,6.06242805043912],[116.56424074753879,6.062822127536179],[116.56320433075769,6.063216204913498],[116.56320433075769,6.062822127536179],[116.56216791397655,6.06242805043912],[116.56216791397655,6.062033973622303],[116.56268612236713,6.062033973622303],[116.56268612236713,6.0616398970857075],[116.56216791397655,6.0616398970857075],[116.56216791397655,6.06124582082932],[116.56268612236713,6.06124582082932],[116.56268612236713,6.060457669157078],[116.56216791397655,6.060457669157078],[116.56216791397655,6.059275443749779],[116.56268612236713,6.059275443749779],[116.56268612236713,6.0588813691742205],[116.56113149719542,6.058093220863305],[116.56113149719542,6.057305073672531],[116.56061328880489,6.057305073672531],[116.56061328880489,6.058093220863305],[116.56009508041431,6.058093220863305],[116.56009508041431,6.056122854986307],[116.55957687202375,6.056122854986307],[116.55957687202375,6.0557287826508075],[116.56113149719542,6.0557287826508075],[116.56113149719542,6.056122854986307],[116.56216791397655,6.056122854986307],[116.56216791397655,6.0557287826508075],[116.56164970558599,6.0557287826508075],[116.56164970558599,6.055334710595232],[116.56061328880489,6.055334710595232],[116.56061328880489,6.0549406388195575],[116.55957687202375,6.0549406388195575],[116.55957687202375,6.055334710595232],[116.55905866363318,6.055334710595232],[116.55905866363318,6.0565169276017485],[116.55957687202375,6.0565169276017485],[116.55905866363318,6.059275443749779],[116.55854045524265,6.059275443749779],[116.55854045524265,6.058487294878736],[116.55750403846152,6.0588813691742205],[116.55750403846152,6.058093220863305],[116.55698583007094,6.058093220863305],[116.55750403846152,6.057305073672531],[116.55698583007094,6.057305073672531],[116.55698583007094,6.05691100049715],[116.55802224685208,6.05691100049715],[116.55802224685208,6.05769914712791],[116.55854045524265,6.05769914712791],[116.55854045524265,6.0565169276017485],[116.55802224685208,6.0565169276017485],[116.55802224685208,6.0557287826508075],[116.55750403846152,6.0557287826508075],[116.55750403846152,6.055334710595232],[116.55854045524265,6.055334710595232],[116.55854045524265,6.0549406388195575],[116.55750403846152,6.0549406388195575],[116.55750403846152,6.0545465673237695],[116.55698583007094,6.0545465673237695],[116.55698583007094,6.054152496107849],[116.55802224685208,6.054152496107849],[116.55802224685208,6.052970284139099],[116.55594941328984,6.052182144225585],[116.55594941328984,6.051788074688471],[116.55698583007094,6.051788074688471],[116.55698583007094,6.051394005431091],[116.55543120489928,6.051394005431091],[116.55543120489928,6.050999936453427],[116.5549129965087,6.050999936453427],[116.5549129965087,6.049423663339561],[116.55594941328984,6.049423663339561],[116.55594941328984,6.049817731198546],[116.55646762168038,6.049817731198546],[116.55646762168038,6.049029595760199],[116.55543120489928,6.049029595760199],[116.55543120489928,6.048635528460441],[116.5549129965087,6.048635528460441],[116.5549129965087,6.047059262057069],[116.55439478811815,6.047059262057069],[116.55439478811815,6.047453328238599],[116.55387657972757,6.047453328238599],[116.55387657972757,6.048241461440266],[116.55284016294647,6.048635528460441],[116.55284016294647,6.050211799337174],[116.55232195455591,6.050211799337174],[116.55232195455591,6.05060586775546],[116.55335837133704,6.05060586775546],[116.55335837133704,6.050999936453427],[116.55387657972757,6.050999936453427],[116.55439478811815,6.053758425171776],[116.55387657972757,6.053758425171776],[116.55387657972757,6.052970284139099],[116.55335837133704,6.052970284139099],[116.55335837133704,6.053364354515533],[116.55232195455591,6.053364354515533],[116.55232195455591,6.053758425171776],[116.55335837133704,6.053758425171776],[116.55335837133704,6.0545465673237695],[116.55387657972757,6.0545465673237695],[116.55387657972757,6.054152496107849],[116.55543120489928,6.054152496107849],[116.55543120489928,6.0545465673237695],[116.5549129965087,6.0545465673237695],[116.5549129965087,6.05691100049715],[116.55387657972757,6.05691100049715],[116.55387657972757,6.05769914712791],[116.55335837133704,6.05769914712791],[116.55335837133704,6.058093220863305],[116.55232195455591,6.05769914712791],[116.55232195455591,6.0588813691742205],[116.55024912099367,6.059275443749779],[116.55024912099367,6.060063593741189],[116.55076732938423,6.060063593741189],[116.55076732938423,6.060457669157078],[116.55335837133704,6.060063593741189],[116.55335837133704,6.060851744853116],[116.55232195455591,6.060851744853116],[116.55232195455591,6.062033973622303],[116.55180374616533,6.062033973622303],[116.55180374616533,6.06242805043912],[116.55076732938423,6.062033973622303],[116.55076732938423,6.06242805043912],[116.55024912099367,6.06242805043912],[116.55024912099367,6.062822127536179],[116.54921270421254,6.062822127536179],[116.54921270421254,6.063216204913498],[116.54817628743143,6.062822127536179],[116.54817628743143,6.063216204913498],[116.54558524547862,6.063216204913498],[116.54558524547862,6.063610282571097],[116.54506703708806,6.063610282571097],[116.54506703708806,6.062822127536179],[116.54454882869749,6.062822127536179],[116.54454882869749,6.063610282571097],[116.54403062030694,6.063610282571097],[116.54403062030694,6.064004360508992],[116.54506703708806,6.064004360508992],[116.54506703708806,6.064398438727207],[116.54558524547862,6.064398438727207],[116.54558524547862,6.064004360508992],[116.54662166225975,6.064004360508992],[116.54662166225975,6.064398438727207],[116.54558524547862,6.064792517225757],[116.54558524547862,6.0651865960046605],[116.54662166225975,6.065580675063937],[116.54610345386918,6.067551074566573],[116.54558524547862,6.067551074566573],[116.54558524547862,6.06715699410515],[116.54454882869749,6.06715699410515],[116.54454882869749,6.067551074566573],[116.54351241191638,6.067551074566573],[116.54351241191638,6.067945155308484],[116.54247599513525,6.067945155308484],[116.54247599513525,6.067551074566573],[116.54195778674469,6.067551074566573],[116.54195778674469,6.067945155308484],[116.54092136996357,6.067945155308484],[116.54092136996357,6.069127399217313],[116.54299420352582,6.069127399217313],[116.54299420352582,6.068733317633836],[116.54195778674469,6.068733317633836],[116.54195778674469,6.068339236330897],[116.54351241191638,6.068339236330897],[116.54351241191638,6.069915563225973],[116.54454882869749,6.069521481081354],[116.54454882869749,6.070309645651192],[116.54506703708806,6.070309645651192],[116.54506703708806,6.070703728357027],[116.54454882869749,6.070703728357027],[116.54454882869749,6.071491894610624],[116.54403062030694,6.071491894610624],[116.54403062030694,6.071885978158423],[116.54454882869749,6.071885978158423],[116.54403062030694,6.0734623151567275],[116.54506703708806,6.0734623151567275],[116.54506703708806,6.074250485340408],[116.54558524547862,6.074250485340408],[116.54558524547862,6.075432742722013],[116.54610345386918,6.075432742722013],[116.54610345386918,6.0758268290775765],[116.54662166225975,6.0758268290775765],[116.54662166225975,6.075038656647307],[116.5471398706503,6.075038656647307],[116.5471398706503,6.0758268290775765],[116.54765807904086,6.0758268290775765],[116.5471398706503,6.076615002631365],[116.54817628743143,6.076615002631365],[116.54817628743143,6.077009089829625],[116.54921270421254,6.077009089829625],[116.54921270421254,6.0758268290775765],[116.55076732938423,6.075038656647307],[116.55024912099367,6.074250485340408],[116.55076732938423,6.074250485340408],[116.55076732938423,6.073856400108175],[116.55180374616533,6.074250485340408],[116.55180374616533,6.073068230486047],[116.55232195455591,6.073068230486047],[116.55232195455591,6.074644570853446],[116.55180374616533,6.074644570853446],[116.55180374616533,6.075038656647307],[116.55284016294647,6.075038656647307],[116.55284016294647,6.074250485340408],[116.55387657972757,6.074644570853446],[116.5549129965087,6.0734623151567275],[116.55543120489928,6.0734623151567275],[116.55543120489928,6.073856400108175],[116.55646762168038,6.073856400108175],[116.55646762168038,6.073068230486047],[116.55594941328984,6.073068230486047],[116.55594941328984,6.0722800619869135],[116.55543120489928,6.0722800619869135],[116.55543120489928,6.071885978158423],[116.55439478811815,6.071885978158423],[116.55439478811815,6.072674146096115],[116.55284016294647,6.071885978158423],[116.55335837133704,6.071097811343497],[116.55439478811815,6.071097811343497],[116.55439478811815,6.070703728357027],[116.55335837133704,6.070309645651192],[116.55335837133704,6.069521481081354],[116.5549129965087,6.069521481081354],[116.5549129965087,6.069915563225973],[116.55594941328984,6.070309645651192],[116.55594941328984,6.069521481081354],[116.55646762168038,6.069521481081354],[116.55594941328984,6.068733317633836],[116.55698583007094,6.068733317633836],[116.55698583007094,6.069127399217313],[116.55750403846152,6.069127399217313],[116.55750403846152,6.069521481081354],[116.55698583007094,6.069521481081354],[116.55698583007094,6.069915563225973],[116.55750403846152,6.069915563225973],[116.55750403846152,6.073068230486047],[116.55905866363318,6.073068230486047],[116.55905866363318,6.072674146096115],[116.55957687202375,6.072674146096115],[116.55957687202375,6.0722800619869135],[116.55905866363318,6.0722800619869135],[116.55905866363318,6.071097811343497],[116.55957687202375,6.071097811343497],[116.55957687202375,6.070309645651192],[116.56009508041431,6.070309645651192],[116.56009508041431,6.069915563225973],[116.55957687202375,6.069915563225973],[116.55957687202375,6.069521481081354],[116.56009508041431,6.069521481081354],[116.56009508041431,6.067945155308484],[116.55957687202375,6.067945155308484],[116.55957687202375,6.067551074566573],[116.56061328880489,6.067551074566573],[116.56113149719542,6.069521481081354],[116.56164970558599,6.069521481081354],[116.56216791397655,6.068733317633836],[116.56320433075769,6.068733317633836],[116.56268612236713,6.069521481081354],[116.56372253914823,6.069521481081354],[116.56372253914823,6.069915563225973],[116.56424074753879,6.069915563225973],[116.56475895592936,6.069127399217313],[116.5668317894916,6.069915563225973],[116.5668317894916,6.071491894610624],[116.56631358110103,6.071491894610624],[116.56631358110103,6.070703728357027],[116.5657953727105,6.070703728357027],[116.5657953727105,6.070309645651192],[116.56475895592936,6.070309645651192],[116.56475895592936,6.070703728357027],[116.56424074753879,6.070703728357027],[116.56424074753879,6.071097811343497],[116.56475895592936,6.071097811343497],[116.56475895592936,6.0722800619869135],[116.56372253914823,6.0722800619869135],[116.56320433075769,6.073068230486047],[116.56164970558599,6.073068230486047],[116.56164970558599,6.0734623151567275],[116.56061328880489,6.0734623151567275],[116.56061328880489,6.072674146096115],[116.55957687202375,6.073068230486047],[116.55957687202375,6.073856400108175],[116.55905866363318,6.073856400108175],[116.55905866363318,6.074250485340408],[116.56113149719542,6.074250485340408],[116.56113149719542,6.075038656647307],[116.56009508041431,6.075038656647307],[116.55957687202375,6.0758268290775765],[116.55905866363318,6.0758268290775765],[116.55905866363318,6.075432742722013],[116.55646762168038,6.075432742722013],[116.55646762168038,6.07622091571402],[116.55750403846152,6.07622091571402],[116.55802224685208,6.077009089829625],[116.56009508041431,6.077403177308822],[116.56009508041431,6.077797265068974],[116.55905866363318,6.077797265068974],[116.55905866363318,6.078191353110098],[116.56113149719542,6.078191353110098],[116.56061328880489,6.078979530035344],[116.56009508041431,6.078979530035344],[116.56009508041431,6.0785854414322165],[116.55905866363318,6.0785854414322165],[116.55905866363318,6.078979530035344],[116.55854045524265,6.078979530035344],[116.55854045524265,6.079767708084711],[116.55957687202375,6.079767708084711],[116.55957687202375,6.0801617975309865],[116.55802224685208,6.0801617975309865],[116.55802224685208,6.080555887258348],[116.55957687202375,6.080555887258348],[116.55957687202375,6.080949977266814],[116.56061328880489,6.080555887258348],[116.56061328880489,6.081344067556404],[116.56113149719542,6.081344067556404],[116.56113149719542,6.081738158127137],[116.56009508041431,6.081738158127137],[116.56009508041431,6.081344067556404],[116.55802224685208,6.081344067556404],[116.55802224685208,6.081738158127137],[116.55698583007094,6.082132248979031],[116.55646762168038,6.081344067556404],[116.55750403846152,6.081344067556404],[116.55750403846152,6.0793736189195045],[116.55698583007094,6.0793736189195045],[116.55698583007094,6.080555887258348],[116.55335837133704,6.0801617975309865],[116.55335837133704,6.079767708084711],[116.55284016294647,6.079767708084711],[116.55284016294647,6.078979530035344],[116.55232195455591,6.078979530035344],[116.55232195455591,6.078191353110098],[116.55180374616533,6.078191353110098],[116.55232195455591,6.077403177308822],[116.55128553777479,6.077403177308822],[116.55128553777479,6.078191353110098],[116.55076732938423,6.078191353110098],[116.55076732938423,6.077009089829625],[116.55128553777479,6.077009089829625],[116.55076732938423,6.07622091571402],[116.5497309126031,6.07622091571402],[116.5497309126031,6.077403177308822],[116.54869449582199,6.077403177308822],[116.54869449582199,6.077797265068974],[116.54765807904086,6.078191353110098],[116.54817628743143,6.079767708084711],[116.54765807904086,6.079767708084711],[116.54765807904086,6.081344067556404],[116.5471398706503,6.081344067556404],[116.5471398706503,6.082132248979031],[116.54662166225975,6.082132248979031],[116.5471398706503,6.082920431526379],[116.54662166225975,6.082920431526379],[116.54662166225975,6.0841027074565766],[116.54558524547862,6.0841027074565766],[116.54610345386918,6.084890892816381],[116.54506703708806,6.085284985918243],[116.54506703708806,6.085679079301433],[116.54558524547862,6.085679079301433],[116.54506703708806,6.086467266911879],[116.54558524547862,6.086467266911879],[116.54558524547862,6.086861361139173],[116.5471398706503,6.086861361139173],[116.5471398706503,6.087649550437997],[116.54662166225975,6.087649550437997],[116.54662166225975,6.08843774086259],[116.54610345386918,6.08843774086259],[116.54610345386918,6.087255455647873],[116.54506703708806,6.087649550437997],[116.54506703708806,6.088831836497099],[116.54558524547862,6.088831836497099],[116.54558524547862,6.089225932413107],[116.54454882869749,6.089620028610631],[116.54454882869749,6.090408221850313],[116.54610345386918,6.090408221850313],[116.54610345386918,6.091196416216289],[116.54765807904086,6.091196416216289],[116.54765807904086,6.091590513821686],[116.54817628743143,6.091590513821686],[116.54817628743143,6.091196416216289],[116.54921270421254,6.091196416216289],[116.54921270421254,6.091984611708713],[116.54765807904086,6.091984611708713],[116.54765807904086,6.093561006073505],[116.5471398706503,6.093561006073505],[116.5471398706503,6.0943492049461705],[116.54662166225975,6.0943492049461705],[116.54662166225975,6.093955105368966],[116.54558524547862,6.093955105368966],[116.54558524547862,6.0943492049461705],[116.54506703708806,6.0943492049461705],[116.54506703708806,6.095531505368434],[116.54454882869749,6.095531505368434],[116.54454882869749,6.096713808327062],[116.54403062030694,6.096713808327062],[116.54454882869749,6.097502011708821],[116.54403062030694,6.097502011708821],[116.54351241191638,6.0982902162182295],[116.54299420352582,6.0982902162182295],[116.54299420352582,6.097502011708821],[116.54351241191638,6.097502011708821],[116.54351241191638,6.097107909876995],[116.54143957835414,6.097107909876995],[116.54092136996357,6.09789611382256],[116.53988495318245,6.097502011708821],[116.53988495318245,6.0982902162182295],[116.53833032801077,6.099078421855437],[116.53833032801077,6.099472525097014],[116.54092136996357,6.099078421855437],[116.54092136996357,6.099472525097014],[116.54195778674469,6.099472525097014],[116.54143957835414,6.100260732426201],[116.54247599513525,6.100260732426201],[116.54247599513525,6.099866628620595],[116.54299420352582,6.099866628620595],[116.54299420352582,6.10183715046925],[116.54247599513525,6.10183715046925],[116.54247599513525,6.103019466963718],[116.54195778674469,6.103019466963718],[116.54247599513525,6.103807679370874],[116.54195778674469,6.103807679370874],[116.54195778674469,6.10420178599776],[116.54403062030694,6.10420178599776],[116.54454882869749,6.103413573026198],[116.54351241191638,6.103413573026198],[116.54351241191638,6.103807679370874],[116.54299420352582,6.103807679370874],[116.54299420352582,6.102231255685262],[116.54351241191638,6.102231255685262],[116.54351241191638,6.101443045535356],[116.54454882869749,6.101443045535356],[116.54454882869749,6.10183715046925],[116.54506703708806,6.10183715046925],[116.54506703708806,6.100654836513851],[116.54558524547862,6.100654836513851],[116.54558524547862,6.100260732426201],[116.54610345386918,6.100260732426201],[116.54610345386918,6.101048940883563],[116.5471398706503,6.100654836513851],[116.5471398706503,6.10183715046925],[116.54817628743143,6.101443045535356],[116.54817628743143,6.100654836513851],[116.54662166225975,6.099866628620595],[116.54662166225975,6.097502011708821],[116.54765807904086,6.097107909876995],[116.54765807904086,6.09868431889585],[116.54817628743143,6.09868431889585],[116.54817628743143,6.0982902162182295],[116.54921270421254,6.0982902162182295],[116.54921270421254,6.09868431889585],[116.5497309126031,6.09868431889585],[116.5497309126031,6.099472525097014],[116.54921270421254,6.099472525097014],[116.54921270421254,6.10183715046925],[116.55024912099367,6.102231255685262],[116.55024912099367,6.103807679370874],[116.5497309126031,6.103807679370874],[116.5497309126031,6.10459589290688],[116.54921270421254,6.10459589290688],[116.54921270421254,6.106566431686598],[116.5497309126031,6.106566431686598],[116.5497309126031,6.106960540289501],[116.54869449582199,6.107354649174765],[116.54869449582199,6.108142867792456],[116.54921270421254,6.108142867792456],[116.54921270421254,6.108931087539823],[116.5497309126031,6.108931087539823],[116.5497309126031,6.109719308417017],[116.55024912099367,6.109719308417017],[116.5497309126031,6.111295753561486],[116.55024912099367,6.111295753561486],[116.55024912099367,6.1109016418515605],[116.55128553777479,6.1109016418515605],[116.55128553777479,6.111295753561486],[116.55232195455591,6.1109016418515605]],[[116.55698583007094,6.103413573026198],[116.55698583007094,6.10183715046925],[116.55594941328984,6.10183715046925],[116.55543120489928,6.100260732426201],[116.5549129965087,6.100260732426201],[116.5549129965087,6.10183715046925],[116.55543120489928,6.10183715046925],[116.55543120489928,6.102231255685262],[116.5549129965087,6.102231255685262],[116.5549129965087,6.103807679370874],[116.55439478811815,6.103807679370874],[116.55439478811815,6.10183715046925],[116.55387657972757,6.10183715046925],[116.55387657972757,6.100654836513851],[116.55335837133704,6.100654836513851],[116.55335837133704,6.100260732426201],[116.55232195455591,6.100654836513851],[116.55232195455591,6.100260732426201],[116.55128553777479,6.100260732426201],[116.55128553777479,6.099866628620595],[116.55076732938423,6.099866628620595],[116.55128553777479,6.0982902162182295],[116.55024912099367,6.0982902162182295],[116.55024912099367,6.096713808327062],[116.55076732938423,6.096713808327062],[116.55024912099367,6.095925606072799],[116.55180374616533,6.095137404945886],[116.55180374616533,6.0943492049461705],[116.55128553777479,6.0943492049461705],[116.55076732938423,6.093561006073505],[116.55180374616533,6.093166907059767],[116.55180374616533,6.093561006073505],[116.55232195455591,6.093561006073505],[116.55232195455591,6.093955105368966],[116.55284016294647,6.093955105368966],[116.55232195455591,6.09237870987739],[116.55335837133704,6.09237870987739],[116.55335837133704,6.091984611708713],[116.55387657972757,6.091984611708713],[116.55387657972757,6.092772808327735],[116.5549129965087,6.09237870987739],[116.5549129965087,6.092772808327735],[116.55646762168038,6.093561006073505],[116.55646762168038,6.092772808327735],[116.55543120489928,6.09237870987739],[116.55543120489928,6.090802318892504],[116.55439478811815,6.090802318892504],[116.55439478811815,6.090408221850313],[116.5549129965087,6.090408221850313],[116.5549129965087,6.089225932413107],[116.55543120489928,6.089225932413107],[116.55543120489928,6.089620028610631],[116.55646762168038,6.089620028610631],[116.55646762168038,6.090014125089694],[116.55854045524265,6.091196416216289],[116.55802224685208,6.089225932413107],[116.55854045524265,6.089225932413107],[116.55854045524265,6.089620028610631],[116.55957687202375,6.089620028610631],[116.55957687202375,6.089225932413107],[116.55905866363318,6.089225932413107],[116.55905866363318,6.087649550437997],[116.56164970558599,6.087649550437997],[116.56164970558599,6.088831836497099],[116.56216791397655,6.088831836497099],[116.56216791397655,6.090014125089694],[116.56268612236713,6.090014125089694],[116.56268612236713,6.090408221850313],[116.56216791397655,6.090408221850313],[116.56216791397655,6.090802318892504],[116.56268612236713,6.090802318892504],[116.56268612236713,6.09237870987739],[116.56113149719542,6.09237870987739],[116.56113149719542,6.092772808327735],[116.56061328880489,6.092772808327735],[116.56061328880489,6.091984611708713],[116.55957687202375,6.091984611708713],[116.55957687202375,6.092772808327735],[116.56061328880489,6.093166907059767],[116.56061328880489,6.095137404945886],[116.55957687202375,6.095137404945886],[116.56009508041431,6.096713808327062],[116.55957687202375,6.096713808327062],[116.55957687202375,6.09789611382256],[116.55854045524265,6.0982902162182295],[116.55854045524265,6.09868431889585],[116.55905866363318,6.09868431889585],[116.55905866363318,6.099866628620595],[116.55802224685208,6.099472525097014],[116.55802224685208,6.100654836513851],[116.55698583007094,6.100654836513851],[116.55750403846152,6.102625361183412],[116.55802224685208,6.102625361183412],[116.55802224685208,6.103019466963718],[116.55698583007094,6.103413573026198]],[[116.55024912099367,6.099078421855437],[116.55024912099367,6.09868431889585],[116.55076732938423,6.09868431889585],[116.55076732938423,6.099078421855437],[116.55024912099367,6.099078421855437]],[[116.55076732938423,6.095137404945886],[116.55076732938423,6.094743304805139],[116.55128553777479,6.094743304805139],[116.55128553777479,6.095137404945886],[116.55076732938423,6.095137404945886]],[[116.55076732938423,6.093166907059767],[116.55076732938423,6.092772808327735],[116.55128553777479,6.092772808327735],[116.55128553777479,6.093166907059767],[116.55076732938423,6.093166907059767]],[[116.55024912099367,6.092772808327735],[116.55024912099367,6.09237870987739],[116.55076732938423,6.09237870987739],[116.55076732938423,6.092772808327735],[116.55024912099367,6.092772808327735]],[[116.55646762168038,6.088831836497099],[116.55698583007094,6.088831836497099],[116.55698583007094,6.089620028610631],[116.55646762168038,6.089620028610631],[116.55646762168038,6.088831836497099]],[[116.55854045524265,6.087649550437997],[116.55854045524265,6.087255455647873],[116.55905866363318,6.087255455647873],[116.55905866363318,6.087649550437997],[116.55854045524265,6.087649550437997]],[[116.55802224685208,6.087255455647873],[116.55802224685208,6.086861361139173],[116.55854045524265,6.086861361139173],[116.55854045524265,6.087255455647873],[116.55802224685208,6.087255455647873]],[[116.56113149719542,6.097107909876995],[116.56164970558599,6.097107909876995],[116.56164970558599,6.097502011708821],[116.56113149719542,6.097502011708821],[116.56113149719542,6.097107909876995]],[[116.56268612236713,6.095925606072799],[116.56268612236713,6.095531505368434],[116.56216791397655,6.095531505368434],[116.56216791397655,6.095137404945886],[116.56320433075769,6.095137404945886],[116.56320433075769,6.095925606072799],[116.56268612236713,6.095925606072799]],[[116.56164970558599,6.095137404945886],[116.56164970558599,6.094743304805139],[116.56216791397655,6.094743304805139],[116.56216791397655,6.095137404945886],[116.56164970558599,6.095137404945886]],[[116.56475895592936,6.094743304805139],[116.56475895592936,6.0943492049461705],[116.56527716431992,6.0943492049461705],[116.56527716431992,6.094743304805139],[116.56475895592936,6.094743304805139]],[[116.5668317894916,6.093955105368966],[116.5668317894916,6.093166907059767],[116.56734999788216,6.093166907059767],[116.56734999788216,6.093955105368966],[116.5668317894916,6.093955105368966]],[[116.5668317894916,6.0943492049461705],[116.5657953727105,6.0943492049461705],[116.5657953727105,6.093955105368966],[116.5668317894916,6.093955105368966],[116.5668317894916,6.0943492049461705]],[[116.56527716431992,6.093955105368966],[116.56527716431992,6.093561006073505],[116.5657953727105,6.093561006073505],[116.5657953727105,6.093955105368966],[116.56527716431992,6.093955105368966]],[[116.56475895592936,6.093166907059767],[116.56372253914823,6.093166907059767],[116.56372253914823,6.092772808327735],[116.56475895592936,6.092772808327735],[116.56475895592936,6.093166907059767]],[[116.56734999788216,6.088043645509563],[116.56786820627273,6.088043645509563],[116.56786820627273,6.088831836497099],[116.56734999788216,6.088831836497099],[116.56734999788216,6.088043645509563]],[[116.56631358110103,6.087649550437997],[116.5657953727105,6.087649550437997],[116.5657953727105,6.087255455647873],[116.56631358110103,6.087255455647873],[116.56631358110103,6.087649550437997]],[[116.56527716431992,6.087255455647873],[116.56527716431992,6.08843774086259],[116.56475895592936,6.08843774086259],[116.56475895592936,6.088043645509563],[116.56424074753879,6.088043645509563],[116.56424074753879,6.087649550437997],[116.56475895592936,6.087649550437997],[116.56475895592936,6.087255455647873],[116.56424074753879,6.087255455647873],[116.56424074753879,6.086467266911879],[116.56527716431992,6.086467266911879],[116.56527716431992,6.086861361139173],[116.5657953727105,6.086861361139173],[116.5657953727105,6.087255455647873],[116.56527716431992,6.087255455647873]],[[116.56372253914823,6.086467266911879],[116.56372253914823,6.086073172965973],[116.56424074753879,6.086073172965973],[116.56424074753879,6.086467266911879],[116.56372253914823,6.086467266911879]],[[116.56320433075769,6.086073172965973],[116.56320433075769,6.085679079301433],[116.56372253914823,6.085679079301433],[116.56372253914823,6.086073172965973],[116.56320433075769,6.086073172965973]],[[116.56268612236713,6.085679079301433],[116.56268612236713,6.085284985918243],[116.56216791397655,6.085284985918243],[116.56216791397655,6.084496799995834],[116.56164970558599,6.084496799995834],[116.56164970558599,6.082920431526379],[116.56216791397655,6.082920431526379],[116.56216791397655,6.083708615198595],[116.56268612236713,6.083708615198595],[116.56268612236713,6.084496799995834],[116.56320433075769,6.084496799995834],[116.56320433075769,6.085679079301433],[116.56268612236713,6.085679079301433]],[[116.57045924822553,6.087649550437997],[116.57045924822553,6.08843774086259],[116.56994103983497,6.08843774086259],[116.56994103983497,6.087649550437997],[116.57045924822553,6.087649550437997]],[[116.56890462305384,6.092772808327735],[116.56890462305384,6.09237870987739],[116.5694228314444,6.09237870987739],[116.5694228314444,6.092772808327735],[116.56890462305384,6.092772808327735]],[[116.58445087477067,6.09868431889585],[116.58496908316123,6.09868431889585],[116.58496908316123,6.099078421855437],[116.58445087477067,6.099078421855437],[116.58445087477067,6.09868431889585]],[[116.58341445798953,6.096319707059002],[116.58341445798953,6.097107909876995],[116.58289624959896,6.097107909876995],[116.58289624959896,6.096319707059002],[116.58341445798953,6.096319707059002]],[[116.58237804120843,6.087255455647873],[116.58237804120843,6.086467266911879],[116.58289624959896,6.086467266911879],[116.58289624959896,6.087255455647873],[116.58237804120843,6.087255455647873]],[[116.58704191672346,6.080949977266814],[116.58704191672346,6.080555887258348],[116.58807833350457,6.0801617975309865],[116.58807833350457,6.080949977266814],[116.58704191672346,6.080949977266814]],[[116.59118758384794,6.079767708084711],[116.59118758384794,6.0801617975309865],[116.59066937545738,6.0801617975309865],[116.59066937545738,6.0793736189195045],[116.59170579223851,6.0793736189195045],[116.59170579223851,6.079767708084711],[116.59118758384794,6.079767708084711]],[[116.59326041741018,6.0785854414322165],[116.59326041741018,6.077403177308822],[116.59377862580075,6.077403177308822],[116.59377862580075,6.0785854414322165],[116.59326041741018,6.0785854414322165]],[[116.59222400062907,6.077403177308822],[116.59222400062907,6.077009089829625],[116.59326041741018,6.077009089829625],[116.59326041741018,6.077403177308822],[116.59222400062907,6.077403177308822]],[[116.59222400062907,6.078191353110098],[116.59170579223851,6.078191353110098],[116.59170579223851,6.077403177308822],[116.59222400062907,6.077403177308822],[116.59222400062907,6.078191353110098]],[[116.59429683419131,6.078191353110098],[116.59481504258189,6.078191353110098],[116.59481504258189,6.0785854414322165],[116.59429683419131,6.0785854414322165],[116.59429683419131,6.078191353110098]],[[116.59585145936299,6.075432742722013],[116.59429683419131,6.075432742722013],[116.59429683419131,6.0758268290775765],[116.59377862580075,6.0758268290775765],[116.59377862580075,6.075038656647307],[116.59326041741018,6.075038656647307],[116.59326041741018,6.074250485340408],[116.59377862580075,6.074250485340408],[116.59377862580075,6.073856400108175],[116.59481504258189,6.073856400108175],[116.59481504258189,6.073068230486047],[116.59429683419131,6.073068230486047],[116.59481504258189,6.0722800619869135],[116.59533325097242,6.0722800619869135],[116.59533325097242,6.0734623151567275],[116.59585145936299,6.0734623151567275],[116.59585145936299,6.075432742722013]],[[116.59326041741018,6.073856400108175],[116.59326041741018,6.073068230486047],[116.59377862580075,6.073068230486047],[116.59377862580075,6.073856400108175],[116.59326041741018,6.073856400108175]],[[116.59533325097242,6.071885978158423],[116.59429683419131,6.071885978158423],[116.59429683419131,6.071097811343497],[116.59377862580075,6.071097811343497],[116.59377862580075,6.069521481081354],[116.59429683419131,6.069521481081354],[116.59429683419131,6.069915563225973],[116.59533325097242,6.069915563225973],[116.59533325097242,6.070309645651192],[116.59636966775355,6.070309645651192],[116.59636966775355,6.070703728357027],[116.59585145936299,6.070703728357027],[116.59585145936299,6.0722800619869135],[116.59533325097242,6.0722800619869135],[116.59533325097242,6.071885978158423]],[[116.59429683419131,6.0722800619869135],[116.59377862580075,6.0722800619869135],[116.59377862580075,6.071885978158423],[116.59429683419131,6.071885978158423],[116.59429683419131,6.0722800619869135]],[[116.59688787614412,6.0722800619869135],[116.59740608453467,6.0722800619869135],[116.59740608453467,6.072674146096115],[116.59688787614412,6.072674146096115],[116.59688787614412,6.0722800619869135]],[[116.59326041741018,6.066762913924193],[116.59481504258189,6.067551074566573],[116.59481504258189,6.068339236330897],[116.59429683419131,6.068339236330897],[116.59429683419131,6.067945155308484],[116.59326041741018,6.067945155308484],[116.59326041741018,6.06715699410515],[116.59274220901962,6.06715699410515],[116.59274220901962,6.066368834023684],[116.59222400062907,6.066368834023684],[116.59222400062907,6.0651865960046605],[116.59274220901962,6.0651865960046605],[116.59326041741018,6.066762913924193]],[[116.59118758384794,6.062822127536179],[116.59118758384794,6.062033973622303],[116.59170579223851,6.062033973622303],[116.59170579223851,6.062822127536179],[116.59118758384794,6.062822127536179]],[[116.57771416569338,6.0549406388195575],[116.57615954052169,6.0549406388195575],[116.57615954052169,6.0545465673237695],[116.57771416569338,6.053758425171776],[116.57771416569338,6.0549406388195575]],[[116.57771416569338,6.051788074688471],[116.57771416569338,6.050211799337174],[116.57823237408392,6.050211799337174],[116.57823237408392,6.050999936453427],[116.57875058247448,6.050999936453427],[116.57926879086506,6.051788074688471],[116.57771416569338,6.051788074688471]],[[116.57045924822553,6.057305073672531],[116.57097745661608,6.057305073672531],[116.57097745661608,6.058093220863305],[116.57045924822553,6.058093220863305],[116.57045924822553,6.057305073672531]],[[116.56890462305384,6.062033973622303],[116.56890462305384,6.0616398970857075],[116.57045924822553,6.0616398970857075],[116.57045924822553,6.062033973622303],[116.57149566500664,6.062033973622303],[116.57149566500664,6.06242805043912],[116.57045924822553,6.06242805043912],[116.57045924822553,6.063610282571097],[116.5694228314444,6.063610282571097],[116.5694228314444,6.064004360508992],[116.56890462305384,6.064004360508992],[116.56890462305384,6.063216204913498],[116.5694228314444,6.063216204913498],[116.5694228314444,6.06242805043912],[116.56838641466327,6.062822127536179],[116.56838641466327,6.062033973622303],[116.56890462305384,6.062033973622303]],[[116.55957687202375,6.059275443749779],[116.55957687202375,6.058487294878736],[116.56009508041431,6.058487294878736],[116.56009508041431,6.059275443749779],[116.56061328880489,6.059275443749779],[116.56061328880489,6.0596695186054275],[116.55905866363318,6.0596695186054275],[116.55905866363318,6.059275443749779],[116.55957687202375,6.059275443749779]],[[116.55698583007094,6.0549406388195575],[116.55646762168038,6.0549406388195575],[116.55646762168038,6.0545465673237695],[116.55698583007094,6.0545465673237695],[116.55698583007094,6.0549406388195575]],[[116.55646762168038,6.054152496107849],[116.55646762168038,6.053758425171776],[116.55543120489928,6.053758425171776],[116.55543120489928,6.052576214042456],[116.55594941328984,6.052576214042456],[116.55594941328984,6.052970284139099],[116.55698583007094,6.052970284139099],[116.55698583007094,6.054152496107849],[116.55646762168038,6.054152496107849]],[[116.54662166225975,6.063610282571097],[116.54765807904086,6.063610282571097],[116.54765807904086,6.064004360508992],[116.54662166225975,6.064004360508992],[116.54662166225975,6.063610282571097]],[[116.54662166225975,6.0651865960046605],[116.5471398706503,6.0651865960046605],[116.5471398706503,6.065580675063937],[116.54662166225975,6.065580675063937],[116.54662166225975,6.0651865960046605]],[[116.5471398706503,6.066762913924193],[116.5471398706503,6.067551074566573],[116.54662166225975,6.067551074566573],[116.54662166225975,6.066762913924193],[116.5471398706503,6.066762913924193]],[[116.54454882869749,6.069127399217313],[116.54403062030694,6.069127399217313],[116.54403062030694,6.067945155308484],[116.54506703708806,6.067945155308484],[116.54558524547862,6.068733317633836],[116.54610345386918,6.068733317633836],[116.54610345386918,6.067945155308484],[116.54662166225975,6.067945155308484],[116.54662166225975,6.069127399217313],[116.54610345386918,6.069127399217313],[116.54610345386918,6.069521481081354],[116.54454882869749,6.069521481081354],[116.54454882869749,6.069127399217313]],[[116.54558524547862,6.070703728357027],[116.54558524547862,6.071097811343497],[116.54506703708806,6.071097811343497],[116.54506703708806,6.070703728357027],[116.54558524547862,6.070703728357027]],[[116.54506703708806,6.073068230486047],[116.54558524547862,6.073068230486047],[116.54558524547862,6.0734623151567275],[116.54506703708806,6.0734623151567275],[116.54506703708806,6.073068230486047]],[[116.54610345386918,6.075038656647307],[116.54610345386918,6.074644570853446],[116.54662166225975,6.074644570853446],[116.54662166225975,6.075038656647307],[116.54610345386918,6.075038656647307]],[[116.55335837133704,6.073856400108175],[116.55335837133704,6.073068230486047],[116.55387657972757,6.073068230486047],[116.55439478811815,6.073856400108175],[116.55335837133704,6.073856400108175]],[[116.55543120489928,6.068733317633836],[116.55543120489928,6.068339236330897],[116.55594941328984,6.068339236330897],[116.55594941328984,6.068733317633836],[116.55543120489928,6.068733317633836]],[[116.56527716431992,6.0722800619869135],[116.56527716431992,6.071885978158423],[116.5657953727105,6.071885978158423],[116.5657953727105,6.072674146096115],[116.56475895592936,6.072674146096115],[116.56475895592936,6.0722800619869135],[116.56527716431992,6.0722800619869135]],[[116.56164970558599,6.081738158127137],[116.56164970558599,6.0825263401121035],[116.56113149719542,6.0825263401121035],[116.56113149719542,6.081738158127137],[116.56164970558599,6.081738158127137]],[[116.55024912099367,6.077403177308822],[116.55024912099367,6.077797265068974],[116.5497309126031,6.077797265068974],[116.5497309126031,6.077403177308822],[116.55024912099367,6.077403177308822]],[[116.54610345386918,6.089225932413107],[116.54610345386918,6.089620028610631],[116.54558524547862,6.089620028610631],[116.54558524547862,6.089225932413107],[116.54610345386918,6.089225932413107]],[[116.54662166225975,6.095137404945886],[116.54558524547862,6.095137404945886],[116.54558524547862,6.094743304805139],[116.54662166225975,6.0943492049461705],[116.54662166225975,6.095137404945886]],[[116.54454882869749,6.09789611382256],[116.54454882869749,6.099078421855437],[116.54403062030694,6.099078421855437],[116.54403062030694,6.09789611382256],[116.54454882869749,6.09789611382256]],[[116.54403062030694,6.099472525097014],[116.54351241191638,6.099472525097014],[116.54351241191638,6.099078421855437],[116.54403062030694,6.099078421855437],[116.54403062030694,6.099472525097014]],[[116.54195778674469,6.097502011708821],[116.54195778674469,6.09789611382256],[116.54143957835414,6.09789611382256],[116.54143957835414,6.097502011708821],[116.54195778674469,6.097502011708821]],[[116.54506703708806,6.100260732426201],[116.54506703708806,6.099866628620595],[116.54558524547862,6.099866628620595],[116.54558524547862,6.100260732426201],[116.54506703708806,6.100260732426201]],[[116.54558524547862,6.09868431889585],[116.54610345386918,6.09868431889585],[116.54610345386918,6.099866628620595],[116.54558524547862,6.099866628620595],[116.54558524547862,6.09868431889585]],[[116.5497309126031,6.106172323366042],[116.55024912099367,6.106172323366042],[116.55024912099367,6.106566431686598],[116.5497309126031,6.106566431686598],[116.5497309126031,6.106172323366042]],[[116.55076732938423,6.106566431686598],[116.55076732938423,6.106960540289501],[116.55024912099367,6.106960540289501],[116.55024912099367,6.106566431686598],[116.55076732938423,6.106566431686598]],[[116.55024912099367,6.108931087539823],[116.55076732938423,6.108931087539823],[116.55128553777479,6.108142867792456],[116.55232195455591,6.108536977524919],[116.55232195455591,6.108931087539823],[116.55128553777479,6.108931087539823],[116.55128553777479,6.109325197837181],[116.55180374616533,6.109325197837181],[116.55128553777479,6.110113419279345],[116.55024912099367,6.109719308417017],[116.55024912099367,6.108931087539823]],[[116.55076732938423,6.108142867792456],[116.55128553777479,6.106172323366042],[116.55076732938423,6.106172323366042],[116.55076732938423,6.1053841075718855],[116.55024912099367,6.1053841075718855],[116.55024912099367,6.10420178599776],[116.55076732938423,6.10420178599776],[116.55076732938423,6.104990000098247],[116.55128553777479,6.104990000098247],[116.55128553777479,6.10420178599776],[116.55180374616533,6.10420178599776],[116.55180374616533,6.103807679370874],[116.55076732938423,6.103807679370874],[116.55076732938423,6.103413573026198],[116.55128553777479,6.103413573026198],[116.55128553777479,6.102625361183412],[116.55076732938423,6.102625361183412],[116.55076732938423,6.102231255685262],[116.55180374616533,6.102231255685262],[116.55180374616533,6.102625361183412],[116.55232195455591,6.102625361183412],[116.55232195455591,6.10183715046925],[116.55284016294647,6.10183715046925],[116.55284016294647,6.10459589290688],[116.55180374616533,6.104990000098247],[116.55232195455591,6.107748758342408],[116.55128553777479,6.107748758342408],[116.55128553777479,6.108142867792456],[116.55076732938423,6.108142867792456]],[[116.55335837133704,6.108931087539823],[116.55335837133704,6.110507530424188],[116.55284016294647,6.110507530424188],[116.55284016294647,6.109325197837181],[116.55232195455591,6.109325197837181],[116.55232195455591,6.108931087539823],[116.55335837133704,6.108931087539823]],[[116.55387657972757,6.110507530424188],[116.55387657972757,6.1109016418515605],[116.55335837133704,6.1109016418515605],[116.55335837133704,6.110507530424188],[116.55387657972757,6.110507530424188]],[[116.55024912099367,6.107354649174765],[116.55024912099367,6.107748758342408],[116.5497309126031,6.107748758342408],[116.5497309126031,6.107354649174765],[116.55024912099367,6.107354649174765]],[[116.55335837133704,6.106172323366042],[116.55387657972757,6.106960540289501],[116.55284016294647,6.107354649174765],[116.55284016294647,6.106172323366042],[116.55335837133704,6.106172323366042]],[[116.5549129965087,6.106566431686598],[116.5549129965087,6.106960540289501],[116.55439478811815,6.106960540289501],[116.55439478811815,6.106566431686598],[116.5549129965087,6.106566431686598]],[[116.55439478811815,6.104990000098247],[116.55439478811815,6.10420178599776],[116.5549129965087,6.10420178599776],[116.5549129965087,6.1053841075718855],[116.55439478811815,6.1053841075718855],[116.55439478811815,6.10577821532781],[116.55335837133704,6.10577821532781],[116.55335837133704,6.104990000098247],[116.55439478811815,6.104990000098247]],[[116.55387657972757,6.103413573026198],[116.55387657972757,6.10420178599776],[116.55335837133704,6.10420178599776],[116.55335837133704,6.103413573026198],[116.55387657972757,6.103413573026198]],[[116.55076732938423,6.101048940883563],[116.55076732938423,6.10183715046925],[116.55024912099367,6.10183715046925],[116.55024912099367,6.101048940883563],[116.55076732938423,6.101048940883563]],[[116.55905866363318,6.100654836513851],[116.55905866363318,6.101443045535356],[116.55802224685208,6.101443045535356],[116.55802224685208,6.101048940883563],[116.55905866363318,6.100654836513851]],[[116.54454882869749,6.100654836513851],[116.54454882869749,6.101048940883563],[116.54403062030694,6.101048940883563],[116.54403062030694,6.100654836513851],[116.54454882869749,6.100654836513851]],[[116.54247599513525,6.0982902162182295],[116.54247599513525,6.09868431889585],[116.54195778674469,6.09868431889585],[116.54195778674469,6.0982902162182295],[116.54247599513525,6.0982902162182295]],[[116.54610345386918,6.0982902162182295],[116.54558524547862,6.0982902162182295],[116.54558524547862,6.097502011708821],[116.54610345386918,6.097502011708821],[116.54610345386918,6.0982902162182295]],[[116.54506703708806,6.097502011708821],[116.54506703708806,6.097107909876995],[116.54558524547862,6.097107909876995],[116.54558524547862,6.097502011708821],[116.54506703708806,6.097502011708821]],[[116.54921270421254,6.097502011708821],[116.54921270421254,6.09789611382256],[116.54817628743143,6.09789611382256],[116.54817628743143,6.097502011708821],[116.54921270421254,6.097502011708821]],[[116.58030520764619,6.097107909876995],[116.58030520764619,6.097502011708821],[116.57978699925562,6.097502011708821],[116.57978699925562,6.097107909876995],[116.58030520764619,6.097107909876995]],[[116.54765807904086,6.096319707059002],[116.54765807904086,6.096713808327062],[116.5471398706503,6.096713808327062],[116.5471398706503,6.095531505368434],[116.54817628743143,6.095531505368434],[116.54817628743143,6.096319707059002],[116.54765807904086,6.096319707059002]],[[116.58030520764619,6.096319707059002],[116.58030520764619,6.096713808327062],[116.57978699925562,6.096713808327062],[116.57978699925562,6.096319707059002],[116.58030520764619,6.096319707059002]],[[116.54662166225975,6.095531505368434],[116.54662166225975,6.095925606072799],[116.54610345386918,6.095925606072799],[116.54610345386918,6.095531505368434],[116.54662166225975,6.095531505368434]],[[116.57719595730282,6.095531505368434],[116.57719595730282,6.095925606072799],[116.57667774891225,6.095925606072799],[116.57667774891225,6.095531505368434],[116.57719595730282,6.095531505368434]],[[116.55024912099367,6.095531505368434],[116.5497309126031,6.095531505368434],[116.5497309126031,6.095137404945886],[116.55024912099367,6.095137404945886],[116.55024912099367,6.095531505368434]],[[116.54921270421254,6.095137404945886],[116.54921270421254,6.094743304805139],[116.5497309126031,6.094743304805139],[116.5497309126031,6.095137404945886],[116.54921270421254,6.095137404945886]],[[116.5497309126031,6.093955105368966],[116.55024912099367,6.093955105368966],[116.55024912099367,6.094743304805139],[116.5497309126031,6.094743304805139],[116.5497309126031,6.093955105368966]],[[116.58082341603672,6.095137404945886],[116.58082341603672,6.095531505368434],[116.58030520764619,6.095531505368434],[116.58030520764619,6.095137404945886],[116.58082341603672,6.095137404945886]],[[116.56424074753879,6.093561006073505],[116.56424074753879,6.094743304805139],[116.56320433075769,6.094743304805139],[116.56320433075769,6.0943492049461705],[116.56372253914823,6.0943492049461705],[116.56372253914823,6.093561006073505],[116.56424074753879,6.093561006073505]],[[116.57667774891225,6.0943492049461705],[116.57667774891225,6.094743304805139],[116.57615954052169,6.094743304805139],[116.57615954052169,6.0943492049461705],[116.57667774891225,6.0943492049461705]],[[116.56268612236713,6.093166907059767],[116.56268612236713,6.093561006073505],[116.56164970558599,6.093561006073505],[116.56164970558599,6.093166907059767],[116.56268612236713,6.093166907059767]],[[116.55284016294647,6.091984611708713],[116.55232195455591,6.091984611708713],[116.55232195455591,6.091196416216289],[116.55335837133704,6.091196416216289],[116.55284016294647,6.091984611708713]],[[116.55180374616533,6.091196416216289],[116.55180374616533,6.090802318892504],[116.55232195455591,6.090802318892504],[116.55232195455591,6.091196416216289],[116.55180374616533,6.091196416216289]],[[116.56994103983497,6.091196416216289],[116.56994103983497,6.091590513821686],[116.5694228314444,6.091590513821686],[116.5694228314444,6.091196416216289],[116.56994103983497,6.091196416216289]],[[116.57408670695945,6.091590513821686],[116.57305029017834,6.091590513821686],[116.57305029017834,6.091196416216289],[116.57356849856887,6.091196416216289],[116.57356849856887,6.090802318892504],[116.57460491535001,6.090802318892504],[116.57408670695945,6.091590513821686]],[[116.57512312374058,6.091196416216289],[116.57512312374058,6.091590513821686],[116.57460491535001,6.091590513821686],[116.57460491535001,6.091196416216289],[116.57512312374058,6.091196416216289]],[[116.58030520764619,6.091196416216289],[116.58030520764619,6.091590513821686],[116.57978699925562,6.091590513821686],[116.57978699925562,6.091196416216289],[116.58030520764619,6.091196416216289]],[[116.55024912099367,6.090802318892504],[116.55024912099367,6.091196416216289],[116.5497309126031,6.091196416216289],[116.5497309126031,6.090802318892504],[116.55024912099367,6.090802318892504]],[[116.55232195455591,6.089620028610631],[116.55232195455591,6.090408221850313],[116.55180374616533,6.090408221850313],[116.55180374616533,6.089620028610631],[116.55232195455591,6.089620028610631]],[[116.55854045524265,6.088831836497099],[116.55802224685208,6.088831836497099],[116.55802224685208,6.08843774086259],[116.55854045524265,6.08843774086259],[116.55854045524265,6.088831836497099]],[[116.55646762168038,6.08843774086259],[116.55646762168038,6.088043645509563],[116.55543120489928,6.087649550437997],[116.55543120489928,6.086861361139173],[116.55594941328984,6.086861361139173],[116.55594941328984,6.087255455647873],[116.55698583007094,6.087255455647873],[116.55698583007094,6.088043645509563],[116.55802224685208,6.088043645509563],[116.55802224685208,6.08843774086259],[116.55646762168038,6.08843774086259]],[[116.57305029017834,6.08843774086259],[116.57305029017834,6.088043645509563],[116.57356849856887,6.088043645509563],[116.57356849856887,6.08843774086259],[116.57305029017834,6.08843774086259]],[[116.57356849856887,6.087649550437997],[116.57408670695945,6.087649550437997],[116.57408670695945,6.088043645509563],[116.57356849856887,6.088043645509563],[116.57356849856887,6.087649550437997]],[[116.55957687202375,6.087255455647873],[116.55957687202375,6.086073172965973],[116.56216791397655,6.086467266911879],[116.56216791397655,6.087255455647873],[116.56061328880489,6.087255455647873],[116.56061328880489,6.086861361139173],[116.55957687202375,6.087255455647873]],[[116.57408670695945,6.085679079301433],[116.57512312374058,6.085284985918243],[116.57564133213111,6.086861361139173],[116.57512312374058,6.086861361139173],[116.57408670695945,6.085679079301433]],[[116.57408670695945,6.085284985918243],[116.57408670695945,6.084890892816381],[116.57460491535001,6.084890892816381],[116.57460491535001,6.085284985918243],[116.57408670695945,6.085284985918243]],[[116.55802224685208,6.085679079301433],[116.55802224685208,6.086073172965973],[116.55750403846152,6.086073172965973],[116.55750403846152,6.085679079301433],[116.55802224685208,6.085679079301433]],[[116.57771416569338,6.085284985918243],[116.57771416569338,6.085679079301433],[116.57719595730282,6.085679079301433],[116.57719595730282,6.085284985918243],[116.57771416569338,6.085284985918243]],[[116.58030520764619,6.085284985918243],[116.58030520764619,6.085679079301433],[116.57978699925562,6.085679079301433],[116.57978699925562,6.085284985918243],[116.58030520764619,6.085284985918243]],[[116.55957687202375,6.084890892816381],[116.55957687202375,6.085284985918243],[116.55854045524265,6.085284985918243],[116.55854045524265,6.084496799995834],[116.55957687202375,6.084890892816381]],[[116.58082341603672,6.084496799995834],[116.58082341603672,6.084890892816381],[116.58030520764619,6.084890892816381],[116.58030520764619,6.084496799995834],[116.58082341603672,6.084496799995834]],[[116.55387657972757,6.0841027074565766],[116.55387657972757,6.083708615198595],[116.5549129965087,6.083708615198595],[116.55439478811815,6.084496799995834],[116.55335837133704,6.084496799995834],[116.55335837133704,6.0841027074565766],[116.55387657972757,6.0841027074565766]],[[116.56424074753879,6.083708615198595],[116.56424074753879,6.084496799995834],[116.56372253914823,6.084496799995834],[116.56372253914823,6.083708615198595],[116.56424074753879,6.083708615198595]],[[116.5657953727105,6.083314523221868],[116.5657953727105,6.0841027074565766],[116.56527716431992,6.0841027074565766],[116.56527716431992,6.083314523221868],[116.5657953727105,6.083314523221868]],[[116.56734999788216,6.0841027074565766],[116.5668317894916,6.0841027074565766],[116.5668317894916,6.083708615198595],[116.56734999788216,6.083708615198595],[116.56734999788216,6.0841027074565766]],[[116.56631358110103,6.083708615198595],[116.56631358110103,6.083314523221868],[116.5668317894916,6.083314523221868],[116.5668317894916,6.083708615198595],[116.56631358110103,6.083708615198595]],[[116.57512312374058,6.083708615198595],[116.57512312374058,6.0841027074565766],[116.57460491535001,6.0841027074565766],[116.57460491535001,6.083708615198595],[116.57512312374058,6.083708615198595]],[[116.54869449582199,6.083314523221868],[116.54869449582199,6.083708615198595],[116.54765807904086,6.083708615198595],[116.54765807904086,6.083314523221868],[116.54869449582199,6.083314523221868]],[[116.56061328880489,6.083314523221868],[116.56061328880489,6.083708615198595],[116.55957687202375,6.083708615198595],[116.55957687202375,6.083314523221868],[116.56061328880489,6.083314523221868]],[[116.56631358110103,6.082920431526379],[116.56631358110103,6.081738158127137],[116.5668317894916,6.081738158127137],[116.5668317894916,6.081344067556404],[116.56734999788216,6.081344067556404],[116.56734999788216,6.082132248979031],[116.56890462305384,6.082132248979031],[116.56890462305384,6.083314523221868],[116.56838641466327,6.083314523221868],[116.56838641466327,6.083708615198595],[116.56786820627273,6.083708615198595],[116.56734999788216,6.082920431526379],[116.56631358110103,6.082920431526379]],[[116.56734999788216,6.0801617975309865],[116.56838641466327,6.0801617975309865],[116.56838641466327,6.0793736189195045],[116.56890462305384,6.0793736189195045],[116.56890462305384,6.0785854414322165],[116.56838641466327,6.0785854414322165],[116.56734999788216,6.077403177308822],[116.56838641466327,6.077009089829625],[116.56838641466327,6.077797265068974],[116.5694228314444,6.077403177308822],[116.5694228314444,6.078191353110098],[116.56994103983497,6.078191353110098],[116.56994103983497,6.076615002631365],[116.56890462305384,6.076615002631365],[116.56890462305384,6.07622091571402],[116.56994103983497,6.07622091571402],[116.56994103983497,6.075432742722013],[116.57045924822553,6.075432742722013],[116.57045924822553,6.075038656647307],[116.57097745661608,6.075038656647307],[116.57097745661608,6.074250485340408],[116.57149566500664,6.074250485340408],[116.57149566500664,6.075038656647307],[116.57356849856887,6.075432742722013],[116.57305029017834,6.07622091571402],[116.57356849856887,6.07622091571402],[116.57356849856887,6.077797265068974],[116.57408670695945,6.077797265068974],[116.57408670695945,6.078191353110098],[116.57305029017834,6.078191353110098],[116.57305029017834,6.0785854414322165],[116.57356849856887,6.0785854414322165],[116.57356849856887,6.078979530035344],[116.57408670695945,6.078979530035344],[116.57408670695945,6.079767708084711],[116.57460491535001,6.079767708084711],[116.57408670695945,6.081344067556404],[116.57356849856887,6.081344067556404],[116.57253208178777,6.0825263401121035],[116.57149566500664,6.0825263401121035],[116.57149566500664,6.082132248979031],[116.57045924822553,6.081738158127137],[116.57045924822553,6.080555887258348],[116.57097745661608,6.080555887258348],[116.57097745661608,6.080949977266814],[116.57201387339721,6.080949977266814],[116.57253208178777,6.0801617975309865],[116.56994103983497,6.0801617975309865],[116.56994103983497,6.080555887258348],[116.56890462305384,6.080555887258348],[116.56890462305384,6.081344067556404],[116.56838641466327,6.081344067556404],[116.56838641466327,6.081738158127137],[116.56734999788216,6.081344067556404],[116.56734999788216,6.0801617975309865]],[[116.57564133213111,6.080555887258348],[116.57564133213111,6.080949977266814],[116.57512312374058,6.080949977266814],[116.57512312374058,6.081738158127137],[116.57460491535001,6.081738158127137],[116.57460491535001,6.080555887258348],[116.57564133213111,6.080555887258348]],[[116.57615954052169,6.080949977266814],[116.57615954052169,6.080555887258348],[116.57667774891225,6.080555887258348],[116.57667774891225,6.081738158127137],[116.57564133213111,6.082132248979031],[116.57564133213111,6.080949977266814],[116.57615954052169,6.080949977266814]],[[116.57045924822553,6.082132248979031],[116.56994103983497,6.082132248979031],[116.56994103983497,6.081738158127137],[116.57045924822553,6.081738158127137],[116.57045924822553,6.082132248979031]],[[116.57149566500664,6.082920431526379],[116.57149566500664,6.083708615198595],[116.57097745661608,6.083708615198595],[116.57045924822553,6.082920431526379],[116.57149566500664,6.082920431526379]],[[116.57253208178777,6.083314523221868],[116.57253208178777,6.083708615198595],[116.57201387339721,6.083708615198595],[116.57201387339721,6.083314523221868],[116.57253208178777,6.083314523221868]],[[116.57719595730282,6.083314523221868],[116.57719595730282,6.083708615198595],[116.57667774891225,6.083708615198595],[116.57667774891225,6.083314523221868],[116.57719595730282,6.083314523221868]],[[116.55439478811815,6.082920431526379],[116.55439478811815,6.083314523221868],[116.55387657972757,6.083314523221868],[116.55387657972757,6.082920431526379],[116.55439478811815,6.082920431526379]],[[116.55854045524265,6.0825263401121035],[116.55854045524265,6.082920431526379],[116.55802224685208,6.082920431526379],[116.55802224685208,6.0825263401121035],[116.55854045524265,6.0825263401121035]],[[116.57564133213111,6.0825263401121035],[116.57564133213111,6.082920431526379],[116.57460491535001,6.082920431526379],[116.57460491535001,6.082132248979031],[116.57564133213111,6.0825263401121035]],[[116.58548729155177,6.082132248979031],[116.58548729155177,6.082920431526379],[116.58496908316123,6.082920431526379],[116.58496908316123,6.082132248979031],[116.58548729155177,6.082132248979031]],[[116.55232195455591,6.082132248979031],[116.55232195455591,6.0825263401121035],[116.55180374616533,6.0825263401121035],[116.55180374616533,6.082132248979031],[116.55232195455591,6.082132248979031]],[[116.57408670695945,6.082132248979031],[116.57408670695945,6.0825263401121035],[116.57356849856887,6.0825263401121035],[116.57356849856887,6.082132248979031],[116.57408670695945,6.082132248979031]],[[116.54817628743143,6.081738158127137],[116.54817628743143,6.082132248979031],[116.54765807904086,6.082132248979031],[116.54765807904086,6.081738158127137],[116.54817628743143,6.081738158127137]],[[116.55439478811815,6.081344067556404],[116.55439478811815,6.082132248979031],[116.55387657972757,6.082132248979031],[116.55335837133704,6.081344067556404],[116.55439478811815,6.081344067556404]],[[116.5865237083329,6.081738158127137],[116.5865237083329,6.082132248979031],[116.58600549994233,6.082132248979031],[116.58600549994233,6.081738158127137],[116.5865237083329,6.081738158127137]],[[116.58289624959896,6.081344067556404],[116.58289624959896,6.081738158127137],[116.58237804120843,6.081738158127137],[116.58237804120843,6.081344067556404],[116.58289624959896,6.081344067556404]],[[116.5497309126031,6.080949977266814],[116.5497309126031,6.081344067556404],[116.54921270421254,6.081344067556404],[116.54921270421254,6.080949977266814],[116.5497309126031,6.080949977266814]],[[116.56113149719542,6.080949977266814],[116.56113149719542,6.0801617975309865],[116.56164970558599,6.0801617975309865],[116.56164970558599,6.080555887258348],[116.56268612236713,6.080555887258348],[116.56268612236713,6.081344067556404],[116.56216791397655,6.081344067556404],[116.56216791397655,6.080949977266814],[116.56113149719542,6.080949977266814]],[[116.5839326663801,6.081344067556404],[116.58341445798953,6.081344067556404],[116.58341445798953,6.080555887258348],[116.5839326663801,6.080555887258348],[116.5839326663801,6.081344067556404]],[[116.58289624959896,6.080555887258348],[116.58289624959896,6.0801617975309865],[116.58341445798953,6.0801617975309865],[116.58341445798953,6.080555887258348],[116.58289624959896,6.080555887258348]],[[116.58289624959896,6.080949977266814],[116.58237804120843,6.080949977266814],[116.58237804120843,6.080555887258348],[116.58289624959896,6.080555887258348],[116.58289624959896,6.080949977266814]],[[116.58185983281786,6.0801617975309865],[116.58185983281786,6.079767708084711],[116.58289624959896,6.079767708084711],[116.58289624959896,6.0801617975309865],[116.58185983281786,6.0801617975309865]],[[116.57719595730282,6.080949977266814],[116.57719595730282,6.080555887258348],[116.57771416569338,6.080555887258348],[116.57771416569338,6.080949977266814],[116.57719595730282,6.080949977266814]],[[116.57771416569338,6.0793736189195045],[116.57875058247448,6.0793736189195045],[116.57875058247448,6.0801617975309865],[116.57823237408392,6.0801617975309865],[116.57823237408392,6.080555887258348],[116.57771416569338,6.080555887258348],[116.57771416569338,6.0793736189195045]],[[116.57875058247448,6.080555887258348],[116.57875058247448,6.080949977266814],[116.57823237408392,6.080949977266814],[116.57823237408392,6.080555887258348],[116.57875058247448,6.080555887258348]],[[116.54921270421254,6.0801617975309865],[116.54921270421254,6.080555887258348],[116.54869449582199,6.080555887258348],[116.54869449582199,6.0801617975309865],[116.54921270421254,6.0801617975309865]],[[116.54921270421254,6.078979530035344],[116.54921270421254,6.079767708084711],[116.54869449582199,6.079767708084711],[116.54869449582199,6.078979530035344],[116.54921270421254,6.078979530035344]],[[116.57615954052169,6.0793736189195045],[116.57615954052169,6.079767708084711],[116.57564133213111,6.079767708084711],[116.57564133213111,6.0793736189195045],[116.57615954052169,6.0793736189195045]],[[116.58859654189514,6.0785854414322165],[116.58859654189514,6.079767708084711],[116.58807833350457,6.079767708084711],[116.58807833350457,6.0785854414322165],[116.58859654189514,6.0785854414322165]],[[116.56320433075769,6.078979530035344],[116.56320433075769,6.0793736189195045],[116.56268612236713,6.0793736189195045],[116.56268612236713,6.078979530035344],[116.56320433075769,6.078979530035344]],[[116.56734999788216,6.078979530035344],[116.56734999788216,6.0793736189195045],[116.5668317894916,6.0793736189195045],[116.5668317894916,6.078979530035344],[116.56734999788216,6.078979530035344]],[[116.57512312374058,6.0785854414322165],[116.57512312374058,6.078979530035344],[116.57460491535001,6.078979530035344],[116.57460491535001,6.0785854414322165],[116.57512312374058,6.0785854414322165]],[[116.56372253914823,6.077403177308822],[116.56372253914823,6.0785854414322165],[116.56320433075769,6.0785854414322165],[116.56320433075769,6.077403177308822],[116.56372253914823,6.077403177308822]],[[116.57719595730282,6.078191353110098],[116.57719595730282,6.0785854414322165],[116.57667774891225,6.0785854414322165],[116.57667774891225,6.078191353110098],[116.57719595730282,6.078191353110098]],[[116.58963295867628,6.077797265068974],[116.58963295867628,6.078191353110098],[116.5891147502857,6.078191353110098],[116.5891147502857,6.077797265068974],[116.58963295867628,6.077797265068974]],[[116.59066937545738,6.077403177308822],[116.59066937545738,6.077009089829625],[116.59118758384794,6.077009089829625],[116.59118758384794,6.077797265068974],[116.59015116706681,6.078191353110098],[116.59015116706681,6.077403177308822],[116.59066937545738,6.077403177308822]],[[116.57875058247448,6.077403177308822],[116.57719595730282,6.077403177308822],[116.57719595730282,6.07622091571402],[116.57771416569338,6.07622091571402],[116.57823237408392,6.075432742722013],[116.57926879086506,6.0758268290775765],[116.57926879086506,6.07622091571402],[116.57875058247448,6.07622091571402],[116.57875058247448,6.076615002631365],[116.57926879086506,6.076615002631365],[116.57875058247448,6.077403177308822]],[[116.57615954052169,6.075432742722013],[116.57564133213111,6.074644570853446],[116.57667774891225,6.074250485340408],[116.57667774891225,6.0734623151567275],[116.57719595730282,6.0734623151567275],[116.57719595730282,6.074250485340408],[116.57823237408392,6.074250485340408],[116.57823237408392,6.072674146096115],[116.57771416569338,6.072674146096115],[116.57719595730282,6.071885978158423],[116.57512312374058,6.071491894610624],[116.57512312374058,6.071097811343497],[116.57408670695945,6.071491894610624],[116.57408670695945,6.071097811343497],[116.57305029017834,6.070703728357027],[116.57305029017834,6.069915563225973],[116.57201387339721,6.069915563225973],[116.57201387339721,6.069521481081354],[116.57356849856887,6.069521481081354],[116.57305029017834,6.068733317633836],[116.57408670695945,6.068339236330897],[116.57408670695945,6.067945155308484],[116.57356849856887,6.067945155308484],[116.57356849856887,6.06715699410515],[116.57408670695945,6.06715699410515],[116.57408670695945,6.066368834023684],[116.57460491535001,6.066368834023684],[116.57460491535001,6.06715699410515],[116.57512312374058,6.06715699410515],[116.57460491535001,6.070309645651192],[116.57512312374058,6.070309645651192],[116.57564133213111,6.069521481081354],[116.57615954052169,6.069521481081354],[116.57615954052169,6.069915563225973],[116.57667774891225,6.069915563225973],[116.57667774891225,6.069521481081354],[116.57771416569338,6.069521481081354],[116.57719595730282,6.070309645651192],[116.57978699925562,6.069915563225973],[116.57978699925562,6.069521481081354],[116.57823237408392,6.069521481081354],[116.57823237408392,6.069127399217313],[116.57926879086506,6.069127399217313],[116.57926879086506,6.068339236330897],[116.57875058247448,6.068339236330897],[116.57926879086506,6.067551074566573],[116.57823237408392,6.06715699410515],[116.57823237408392,6.066368834023684],[116.57926879086506,6.066368834023684],[116.57926879086506,6.066762913924193],[116.58082341603672,6.067551074566573],[116.58082341603672,6.068339236330897],[116.58185983281786,6.068339236330897],[116.58185983281786,6.069127399217313],[116.5813416244273,6.069127399217313],[116.5813416244273,6.069521481081354],[116.58237804120843,6.069521481081354],[116.58237804120843,6.071097811343497],[116.5813416244273,6.071097811343497],[116.5813416244273,6.0722800619869135],[116.58341445798953,6.0722800619869135],[116.58341445798953,6.072674146096115],[116.5839326663801,6.072674146096115],[116.5839326663801,6.0734623151567275],[116.58289624959896,6.0734623151567275],[116.58237804120843,6.072674146096115],[116.58030520764619,6.072674146096115],[116.58030520764619,6.073068230486047],[116.57926879086506,6.073068230486047],[116.57926879086506,6.075038656647307],[116.57823237408392,6.075038656647307],[116.57823237408392,6.075432742722013],[116.57615954052169,6.075432742722013]],[[116.57719595730282,6.073068230486047],[116.57771416569338,6.073068230486047],[116.57771416569338,6.0734623151567275],[116.57719595730282,6.0734623151567275],[116.57719595730282,6.073068230486047]],[[116.57201387339721,6.070703728357027],[116.57253208178777,6.070703728357027],[116.57253208178777,6.071885978158423],[116.57201387339721,6.071885978158423],[116.57201387339721,6.071097811343497],[116.57149566500664,6.071097811343497],[116.57097745661608,6.070309645651192],[116.57201387339721,6.069915563225973],[116.57201387339721,6.070703728357027]],[[116.57978699925562,6.066368834023684],[116.58030520764619,6.066368834023684],[116.58030520764619,6.066762913924193],[116.57978699925562,6.066762913924193],[116.57978699925562,6.066368834023684]],[[116.58289624959896,6.071097811343497],[116.58289624959896,6.071885978158423],[116.58185983281786,6.071885978158423],[116.58185983281786,6.071491894610624],[116.58289624959896,6.071097811343497]],[[116.56631358110103,6.076615002631365],[116.56631358110103,6.077009089829625],[116.5657953727105,6.077009089829625],[116.5657953727105,6.076615002631365],[116.56631358110103,6.076615002631365]],[[116.59481504258189,6.076615002631365],[116.59481504258189,6.077009089829625],[116.59429683419131,6.077009089829625],[116.59429683419131,6.076615002631365],[116.59481504258189,6.076615002631365]],[[116.59222400062907,6.07622091571402],[116.59222400062907,6.076615002631365],[116.59170579223851,6.076615002631365],[116.59170579223851,6.07622091571402],[116.59222400062907,6.07622091571402]],[[116.56838641466327,6.074250485340408],[116.56838641466327,6.073856400108175],[116.5694228314444,6.074250485340408],[116.5694228314444,6.0734623151567275],[116.57045924822553,6.0734623151567275],[116.57045924822553,6.073856400108175],[116.56994103983497,6.073856400108175],[116.56994103983497,6.074644570853446],[116.56890462305384,6.074644570853446],[116.56890462305384,6.075038656647307],[116.56838641466327,6.075038656647307],[116.56838641466327,6.0758268290775765],[116.56786820627273,6.0758268290775765],[116.56786820627273,6.07622091571402],[116.5668317894916,6.07622091571402],[116.5668317894916,6.0758268290775765],[116.56734999788216,6.0758268290775765],[116.5668317894916,6.075038656647307],[116.56838641466327,6.074250485340408]],[[116.58859654189514,6.075432742722013],[116.58859654189514,6.0758268290775765],[116.58807833350457,6.0758268290775765],[116.58807833350457,6.075432742722013],[116.58859654189514,6.075432742722013]],[[116.58756012511404,6.0722800619869135],[116.58756012511404,6.071885978158423],[116.58807833350457,6.071885978158423],[116.58807833350457,6.070309645651192],[116.58859654189514,6.070309645651192],[116.58859654189514,6.070703728357027],[116.58963295867628,6.070703728357027],[116.58963295867628,6.071097811343497],[116.59066937545738,6.071097811343497],[116.59066937545738,6.071491894610624],[116.58963295867628,6.071885978158423],[116.58963295867628,6.072674146096115],[116.59015116706681,6.072674146096115],[116.59015116706681,6.073068230486047],[116.59066937545738,6.073068230486047],[116.59066937545738,6.073856400108175],[116.59170579223851,6.074250485340408],[116.59170579223851,6.075432742722013],[116.59066937545738,6.075038656647307],[116.59066937545738,6.0758268290775765],[116.59015116706681,6.0758268290775765],[116.59015116706681,6.073856400108175],[116.58963295867628,6.073856400108175],[116.58963295867628,6.0734623151567275],[116.58859654189514,6.0734623151567275],[116.5891147502857,6.072674146096115],[116.58807833350457,6.072674146096115],[116.58807833350457,6.0722800619869135],[116.58756012511404,6.0722800619869135]],[[116.58704191672346,6.074644570853446],[116.58704191672346,6.075038656647307],[116.5865237083329,6.075038656647307],[116.5865237083329,6.074644570853446],[116.58704191672346,6.074644570853446]],[[116.58807833350457,6.074644570853446],[116.58807833350457,6.075038656647307],[116.58756012511404,6.075038656647307],[116.58756012511404,6.074644570853446],[116.58807833350457,6.074644570853446]],[[116.56424074753879,6.073856400108175],[116.56424074753879,6.074250485340408],[116.56372253914823,6.074250485340408],[116.56372253914823,6.073856400108175],[116.56424074753879,6.073856400108175]],[[116.57149566500664,6.073856400108175],[116.57149566500664,6.072674146096115],[116.57253208178777,6.0722800619869135],[116.57253208178777,6.074250485340408],[116.57149566500664,6.073856400108175]],[[116.54869449582199,6.0734623151567275],[116.54869449582199,6.073856400108175],[116.54817628743143,6.073856400108175],[116.54817628743143,6.0734623151567275],[116.54869449582199,6.0734623151567275]],[[116.5865237083329,6.0734623151567275],[116.5865237083329,6.073856400108175],[116.58600549994233,6.073856400108175],[116.58600549994233,6.0734623151567275],[116.5865237083329,6.0734623151567275]],[[116.59844250131579,6.073068230486047],[116.59844250131579,6.073856400108175],[116.59792429292523,6.073856400108175],[116.59792429292523,6.073068230486047],[116.59844250131579,6.073068230486047]],[[116.55076732938423,6.072674146096115],[116.55076732938423,6.0734623151567275],[116.55024912099367,6.0734623151567275],[116.5497309126031,6.072674146096115],[116.55076732938423,6.072674146096115]],[[116.56786820627273,6.073068230486047],[116.56786820627273,6.0734623151567275],[116.56734999788216,6.0734623151567275],[116.56734999788216,6.073068230486047],[116.56786820627273,6.073068230486047]],[[116.57460491535001,6.0722800619869135],[116.57460491535001,6.073068230486047],[116.57408670695945,6.073068230486047],[116.57408670695945,6.072674146096115],[116.57305029017834,6.072674146096115],[116.57305029017834,6.0722800619869135],[116.57460491535001,6.0722800619869135]],[[116.58445087477067,6.072674146096115],[116.58445087477067,6.0722800619869135],[116.58496908316123,6.0722800619869135],[116.58496908316123,6.072674146096115],[116.58445087477067,6.072674146096115]],[[116.58496908316123,6.071885978158423],[116.58548729155177,6.071885978158423],[116.58548729155177,6.0722800619869135],[116.58496908316123,6.0722800619869135],[116.58496908316123,6.071885978158423]],[[116.5865237083329,6.0722800619869135],[116.5865237083329,6.072674146096115],[116.58600549994233,6.072674146096115],[116.58600549994233,6.0722800619869135],[116.5865237083329,6.0722800619869135]],[[116.55076732938423,6.071885978158423],[116.55076732938423,6.071491894610624],[116.55128553777479,6.071491894610624],[116.55128553777479,6.071885978158423],[116.55076732938423,6.071885978158423]],[[116.55024912099367,6.071491894610624],[116.55024912099367,6.071097811343497],[116.55076732938423,6.071097811343497],[116.55076732938423,6.071491894610624],[116.55024912099367,6.071491894610624]],[[116.55128553777479,6.071097811343497],[116.55180374616533,6.071097811343497],[116.55180374616533,6.071491894610624],[116.55128553777479,6.071491894610624],[116.55128553777479,6.071097811343497]],[[116.55232195455591,6.071491894610624],[116.55232195455591,6.071885978158423],[116.55180374616533,6.071885978158423],[116.55180374616533,6.071491894610624],[116.55232195455591,6.071491894610624]],[[116.56890462305384,6.071491894610624],[116.56890462305384,6.071885978158423],[116.56786820627273,6.071885978158423],[116.56786820627273,6.071097811343497],[116.56890462305384,6.071491894610624]],[[116.58600549994233,6.071097811343497],[116.58600549994233,6.071491894610624],[116.58496908316123,6.071491894610624],[116.58496908316123,6.071097811343497],[116.58600549994233,6.071097811343497]],[[116.58600549994233,6.070309645651192],[116.58600549994233,6.070703728357027],[116.58548729155177,6.070703728357027],[116.58548729155177,6.070309645651192],[116.58600549994233,6.070309645651192]],[[116.58704191672346,6.070309645651192],[116.58704191672346,6.070703728357027],[116.5865237083329,6.070703728357027],[116.5865237083329,6.070309645651192],[116.58704191672346,6.070309645651192]],[[116.58289624959896,6.070309645651192],[116.58289624959896,6.069915563225973],[116.58341445798953,6.069915563225973],[116.58341445798953,6.070309645651192],[116.58289624959896,6.070309645651192]],[[116.58341445798953,6.069521481081354],[116.58445087477067,6.069521481081354],[116.58445087477067,6.069915563225973],[116.58341445798953,6.069915563225973],[116.58341445798953,6.069521481081354]],[[116.56786820627273,6.067945155308484],[116.56786820627273,6.069521481081354],[116.56734999788216,6.069521481081354],[116.56734999788216,6.068339236330897],[116.5668317894916,6.068339236330897],[116.5668317894916,6.067945155308484],[116.56786820627273,6.067945155308484]],[[116.54765807904086,6.068733317633836],[116.54765807904086,6.069127399217313],[116.5471398706503,6.069127399217313],[116.5471398706503,6.068733317633836],[116.54765807904086,6.068733317633836]],[[116.57564133213111,6.069127399217313],[116.57564133213111,6.068733317633836],[116.57615954052169,6.068733317633836],[116.57615954052169,6.069127399217313],[116.57564133213111,6.069127399217313]],[[116.57615954052169,6.068339236330897],[116.57667774891225,6.068339236330897],[116.57667774891225,6.068733317633836],[116.57615954052169,6.068733317633836],[116.57615954052169,6.068339236330897]],[[116.57771416569338,6.068733317633836],[116.57771416569338,6.069127399217313],[116.57719595730282,6.069127399217313],[116.57719595730282,6.068733317633836],[116.57771416569338,6.068733317633836]],[[116.56890462305384,6.068339236330897],[116.56890462305384,6.068733317633836],[116.56838641466327,6.068733317633836],[116.56838641466327,6.068339236330897],[116.56890462305384,6.068339236330897]],[[116.58289624959896,6.068339236330897],[116.58289624959896,6.068733317633836],[116.58237804120843,6.068733317633836],[116.58237804120843,6.068339236330897],[116.58289624959896,6.068339236330897]],[[116.55076732938423,6.065580675063937],[116.55024912099367,6.067945155308484],[116.54921270421254,6.068339236330897],[116.54869449582199,6.067551074566573],[116.5497309126031,6.067551074566573],[116.5497309126031,6.065580675063937],[116.54869449582199,6.065580675063937],[116.54869449582199,6.0651865960046605],[116.5497309126031,6.0651865960046605],[116.5497309126031,6.064792517225757],[116.55180374616533,6.0651865960046605],[116.55180374616533,6.065974754403605],[116.55076732938423,6.065580675063937]],[[116.54869449582199,6.066368834023684],[116.54765807904086,6.066368834023684],[116.54765807904086,6.065974754403605],[116.54869449582199,6.065580675063937],[116.54869449582199,6.066368834023684]],[[116.54765807904086,6.065580675063937],[116.54765807904086,6.064398438727207],[116.54817628743143,6.064398438727207],[116.54817628743143,6.065580675063937],[116.54765807904086,6.065580675063937]],[[116.57305029017834,6.066368834023684],[116.57305029017834,6.067945155308484],[116.57253208178777,6.067945155308484],[116.57201387339721,6.066368834023684],[116.57305029017834,6.066368834023684]],[[116.58185983281786,6.067551074566573],[116.58185983281786,6.067945155308484],[116.5813416244273,6.067945155308484],[116.5813416244273,6.067551074566573],[116.58185983281786,6.067551074566573]],[[116.56734999788216,6.066368834023684],[116.56734999788216,6.067551074566573],[116.5668317894916,6.067551074566573],[116.5668317894916,6.066368834023684],[116.56734999788216,6.066368834023684]],[[116.57045924822553,6.066762913924193],[116.57045924822553,6.065580675063937],[116.57097745661608,6.065580675063937],[116.57149566500664,6.067551074566573],[116.57097745661608,6.067551074566573],[116.57097745661608,6.066762913924193],[116.57045924822553,6.066762913924193]],[[116.58496908316123,6.06715699410515],[116.58496908316123,6.067551074566573],[116.58445087477067,6.067551074566573],[116.58445087477067,6.06715699410515],[116.58496908316123,6.06715699410515]],[[116.54869449582199,6.066762913924193],[116.54869449582199,6.06715699410515],[116.54817628743143,6.06715699410515],[116.54817628743143,6.066762913924193],[116.54869449582199,6.066762913924193]],[[116.56061328880489,6.065580675063937],[116.56061328880489,6.066762913924193],[116.55957687202375,6.06715699410515],[116.55957687202375,6.066368834023684],[116.55854045524265,6.066368834023684],[116.55854045524265,6.065580675063937],[116.55802224685208,6.065580675063937],[116.55802224685208,6.0651865960046605],[116.55905866363318,6.064792517225757],[116.55905866363318,6.065580675063937],[116.56061328880489,6.065580675063937]],[[116.56268612236713,6.06715699410515],[116.56268612236713,6.066762913924193],[116.56320433075769,6.066762913924193],[116.56320433075769,6.06715699410515],[116.56268612236713,6.06715699410515]],[[116.56320433075769,6.066368834023684],[116.56372253914823,6.066368834023684],[116.56372253914823,6.066762913924193],[116.56320433075769,6.066762913924193],[116.56320433075769,6.066368834023684]],[[116.56268612236713,6.066368834023684],[116.56268612236713,6.065974754403605],[116.56320433075769,6.065974754403605],[116.56320433075769,6.066368834023684],[116.56268612236713,6.066368834023684]],[[116.56216791397655,6.065974754403605],[116.56216791397655,6.0651865960046605],[116.56268612236713,6.0651865960046605],[116.56268612236713,6.065974754403605],[116.56216791397655,6.065974754403605]],[[116.55543120489928,6.066762913924193],[116.5549129965087,6.066762913924193],[116.5549129965087,6.066368834023684],[116.55543120489928,6.066368834023684],[116.55543120489928,6.066762913924193]],[[116.55387657972757,6.066368834023684],[116.55387657972757,6.065974754403605],[116.5549129965087,6.065974754403605],[116.5549129965087,6.066368834023684],[116.55387657972757,6.066368834023684]],[[116.57667774891225,6.065974754403605],[116.57667774891225,6.066368834023684],[116.57564133213111,6.066368834023684],[116.57564133213111,6.065974754403605],[116.57667774891225,6.065974754403605]],[[116.58237804120843,6.065974754403605],[116.58237804120843,6.066368834023684],[116.58185983281786,6.066368834023684],[116.58185983281786,6.065974754403605],[116.58237804120843,6.065974754403605]],[[116.56786820627273,6.065580675063937],[116.56786820627273,6.065974754403605],[116.5668317894916,6.065974754403605],[116.5668317894916,6.065580675063937],[116.56786820627273,6.065580675063937]],[[116.57201387339721,6.0651865960046605],[116.57201387339721,6.065580675063937],[116.57149566500664,6.065580675063937],[116.57149566500664,6.0651865960046605],[116.57201387339721,6.0651865960046605]],[[116.57356849856887,6.0651865960046605],[116.57356849856887,6.065580675063937],[116.57305029017834,6.065580675063937],[116.57305029017834,6.0651865960046605],[116.57356849856887,6.0651865960046605]],[[116.56113149719542,6.064792517225757],[116.56113149719542,6.0651865960046605],[116.56061328880489,6.0651865960046605],[116.56061328880489,6.064792517225757],[116.56113149719542,6.064792517225757]],[[116.57512312374058,6.064792517225757],[116.57512312374058,6.0651865960046605],[116.57460491535001,6.0651865960046605],[116.57460491535001,6.064792517225757],[116.57512312374058,6.064792517225757]],[[116.54921270421254,6.064398438727207],[116.54921270421254,6.064792517225757],[116.54869449582199,6.064792517225757],[116.54869449582199,6.064398438727207],[116.54921270421254,6.064398438727207]],[[116.55594941328984,6.064398438727207],[116.55594941328984,6.064792517225757],[116.55543120489928,6.064792517225757],[116.55543120489928,6.064398438727207],[116.55594941328984,6.064398438727207]],[[116.55698583007094,6.064004360508992],[116.55698583007094,6.064792517225757],[116.55646762168038,6.064792517225757],[116.55646762168038,6.064004360508992],[116.55698583007094,6.064004360508992]],[[116.55128553777479,6.064004360508992],[116.55128553777479,6.064398438727207],[116.55076732938423,6.064398438727207],[116.55076732938423,6.064004360508992],[116.55128553777479,6.064004360508992]],[[116.55335837133704,6.064004360508992],[116.55335837133704,6.064398438727207],[116.55284016294647,6.064398438727207],[116.55284016294647,6.064004360508992],[116.55335837133704,6.064004360508992]],[[116.56216791397655,6.064004360508992],[116.56216791397655,6.064398438727207],[116.56164970558599,6.064398438727207],[116.56164970558599,6.064004360508992],[116.56216791397655,6.064004360508992]],[[116.58030520764619,6.064004360508992],[116.57978699925562,6.064004360508992],[116.57978699925562,6.063610282571097],[116.58030520764619,6.063610282571097],[116.58030520764619,6.064004360508992]],[[116.57926879086506,6.063610282571097],[116.57926879086506,6.063216204913498],[116.57978699925562,6.063216204913498],[116.57978699925562,6.063610282571097],[116.57926879086506,6.063610282571097]],[[116.56838641466327,6.063216204913498],[116.56838641466327,6.063610282571097],[116.56786820627273,6.063610282571097],[116.56786820627273,6.063216204913498],[116.56838641466327,6.063216204913498]],[[116.55439478811815,6.063216204913498],[116.55387657972757,6.063216204913498],[116.55387657972757,6.062822127536179],[116.55439478811815,6.062822127536179],[116.55439478811815,6.063216204913498]],[[116.55335837133704,6.062822127536179],[116.55335837133704,6.06242805043912],[116.55387657972757,6.06242805043912],[116.55387657972757,6.062822127536179],[116.55335837133704,6.062822127536179]],[[116.57149566500664,6.062822127536179],[116.57149566500664,6.063216204913498],[116.57097745661608,6.063216204913498],[116.57097745661608,6.062822127536179],[116.57149566500664,6.062822127536179]],[[116.59066937545738,6.062822127536179],[116.59066937545738,6.063216204913498],[116.59015116706681,6.063216204913498],[116.59015116706681,6.062822127536179],[116.59066937545738,6.062822127536179]],[[116.57305029017834,6.06124582082932],[116.57356849856887,6.062033973622303],[116.57201387339721,6.062822127536179],[116.57253208178777,6.059275443749779],[116.57305029017834,6.059275443749779],[116.57305029017834,6.060851744853116],[116.57356849856887,6.060851744853116],[116.57356849856887,6.0596695186054275],[116.57460491535001,6.059275443749779],[116.57460491535001,6.058093220863305],[116.57512312374058,6.058093220863305],[116.57512312374058,6.060457669157078],[116.57564133213111,6.060457669157078],[116.57564133213111,6.060851744853116],[116.57512312374058,6.060851744853116],[116.57460491535001,6.06242805043912],[116.57408670695945,6.06242805043912],[116.57408670695945,6.06124582082932],[116.57305029017834,6.06124582082932]],[[116.57512312374058,6.057305073672531],[116.57460491535001,6.057305073672531],[116.57460491535001,6.0565169276017485],[116.57408670695945,6.0565169276017485],[116.57408670695945,6.0557287826508075],[116.57460491535001,6.0557287826508075],[116.57460491535001,6.055334710595232],[116.57564133213111,6.055334710595232],[116.57564133213111,6.056122854986307],[116.57615954052169,6.056122854986307],[116.57615954052169,6.05769914712791],[116.57667774891225,6.05769914712791],[116.57667774891225,6.058093220863305],[116.57615954052169,6.058093220863305],[116.57615954052169,6.0588813691742205],[116.57667774891225,6.0588813691742205],[116.57667774891225,6.0596695186054275],[116.57719595730282,6.0596695186054275],[116.57719595730282,6.06124582082932],[116.57667774891225,6.06124582082932],[116.57667774891225,6.060457669157078],[116.57615954052169,6.060457669157078],[116.57615954052169,6.0596695186054275],[116.57564133213111,6.0596695186054275],[116.57564133213111,6.058093220863305],[116.57512312374058,6.058093220863305],[116.57512312374058,6.057305073672531]],[[116.57771416569338,6.06124582082932],[116.57771416569338,6.0616398970857075],[116.57719595730282,6.0616398970857075],[116.57719595730282,6.06124582082932],[116.57771416569338,6.06124582082932]],[[116.5839326663801,6.062033973622303],[116.5839326663801,6.06242805043912],[116.58341445798953,6.06242805043912],[116.58341445798953,6.062033973622303],[116.5839326663801,6.062033973622303]],[[116.55646762168038,6.06124582082932],[116.55646762168038,6.0616398970857075],[116.55594941328984,6.0616398970857075],[116.55594941328984,6.06124582082932],[116.55646762168038,6.06124582082932]],[[116.57201387339721,6.060457669157078],[116.57201387339721,6.060851744853116],[116.57149566500664,6.060851744853116],[116.57149566500664,6.060457669157078],[116.57201387339721,6.060457669157078]],[[116.55439478811815,6.059275443749779],[116.55439478811815,6.060063593741189],[116.55387657972757,6.060063593741189],[116.55387657972757,6.059275443749779],[116.55439478811815,6.059275443749779]],[[116.56164970558599,6.0596695186054275],[116.56164970558599,6.060063593741189],[116.56113149719542,6.060063593741189],[116.56113149719542,6.0596695186054275],[116.56164970558599,6.0596695186054275]],[[116.55646762168038,6.05769914712791],[116.55646762168038,6.058093220863305],[116.55594941328984,6.058093220863305],[116.55594941328984,6.05769914712791],[116.55646762168038,6.05769914712791]],[[116.55698583007094,6.055334710595232],[116.55698583007094,6.056122854986307],[116.55646762168038,6.056122854986307],[116.55646762168038,6.055334710595232],[116.55698583007094,6.055334710595232]],[[116.57305029017834,6.055334710595232],[116.57305029017834,6.056122854986307],[116.57253208178777,6.056122854986307],[116.57253208178777,6.055334710595232],[116.57305029017834,6.055334710595232]],[[116.57667774891225,6.055334710595232],[116.57667774891225,6.0557287826508075],[116.57615954052169,6.0557287826508075],[116.57615954052169,6.055334710595232],[116.57667774891225,6.055334710595232]],[[116.57305029017834,6.054152496107849],[116.57305029017834,6.0545465673237695],[116.57253208178777,6.0545465673237695],[116.57253208178777,6.054152496107849],[116.57305029017834,6.054152496107849]],[[116.57305029017834,6.053364354515533],[116.57305029017834,6.053758425171776],[116.57253208178777,6.053758425171776],[116.57253208178777,6.053364354515533],[116.57305029017834,6.053364354515533]],[[116.57667774891225,6.053364354515533],[116.57667774891225,6.053758425171776],[116.57615954052169,6.053758425171776],[116.57615954052169,6.053364354515533],[116.57667774891225,6.053364354515533]],[[116.57408670695945,6.05060586775546],[116.57408670695945,6.050999936453427],[116.57356849856887,6.050999936453427],[116.57356849856887,6.05060586775546],[116.57408670695945,6.05060586775546]],[[116.57512312374058,6.049029595760199],[116.57512312374058,6.049817731198546],[116.57408670695945,6.049817731198546],[116.57408670695945,6.049423663339561],[116.57512312374058,6.049029595760199]],[[116.57615954052169,6.049423663339561],[116.57615954052169,6.049029595760199],[116.57771416569338,6.049029595760199],[116.57719595730282,6.049817731198546],[116.57615954052169,6.049423663339561]],[[116.57512312374058,6.048241461440266],[116.57512312374058,6.048635528460441],[116.57460491535001,6.048635528460441],[116.57460491535001,6.048241461440266],[116.57512312374058,6.048241461440266]],[[116.57667774891225,6.048241461440266],[116.57667774891225,6.048635528460441],[116.57615954052169,6.048635528460441],[116.57615954052169,6.048241461440266],[116.57667774891225,6.048241461440266]]],[[[116.57201387339721,6.081738158127137],[116.57149566500664,6.081738158127137],[116.57149566500664,6.082132248979031],[116.57201387339721,6.082132248979031],[116.57201387339721,6.081738158127137]]],[[[116.57149566500664,6.084496799995834],[116.57097745661608,6.084496799995834],[116.57097745661608,6.084890892816381],[116.57149566500664,6.084890892816381],[116.57149566500664,6.084496799995834]]],[[[116.56838641466327,6.084890892816381],[116.56786820627273,6.084890892816381],[116.56786820627273,6.085284985918243],[116.56838641466327,6.085284985918243],[116.56838641466327,6.084890892816381]]],[[[116.56994103983497,6.086467266911879],[116.5694228314444,6.086467266911879],[116.5694228314444,6.086861361139173],[116.56994103983497,6.086861361139173],[116.56994103983497,6.086467266911879]]],[[[116.56786820627273,6.086861361139173],[116.56734999788216,6.086861361139173],[116.56734999788216,6.087255455647873],[116.56786820627273,6.087255455647873],[116.56786820627273,6.086861361139173]]],[[[116.56786820627273,6.090014125089694],[116.56838641466327,6.090014125089694],[116.56838641466327,6.090408221850313],[116.56890462305384,6.090408221850313],[116.56890462305384,6.089620028610631],[116.56786820627273,6.089620028610631],[116.56786820627273,6.090014125089694]]],[[[116.5657953727105,6.090408221850313],[116.56527716431992,6.090408221850313],[116.56527716431992,6.090802318892504],[116.5657953727105,6.090802318892504],[116.5657953727105,6.090408221850313]]],[[[116.56786820627273,6.091590513821686],[116.56734999788216,6.091590513821686],[116.56734999788216,6.091984611708713],[116.56838641466327,6.091984611708713],[116.56838641466327,6.091196416216289],[116.56786820627273,6.091196416216289],[116.56786820627273,6.091590513821686]]],[[[116.56734999788216,6.091984611708713],[116.5668317894916,6.091984611708713],[116.5668317894916,6.09237870987739],[116.56734999788216,6.09237870987739],[116.56734999788216,6.091984611708713]]],[[[116.5694228314444,6.094743304805139],[116.56994103983497,6.094743304805139],[116.56994103983497,6.093955105368966],[116.57045924822553,6.093955105368966],[116.57045924822553,6.093561006073505],[116.56890462305384,6.093561006073505],[116.56890462305384,6.093955105368966],[116.56838641466327,6.093955105368966],[116.56838641466327,6.0943492049461705],[116.5694228314444,6.0943492049461705],[116.5694228314444,6.094743304805139]]],[[[116.5657953727105,6.095137404945886],[116.56527716431992,6.095137404945886],[116.56527716431992,6.095531505368434],[116.5657953727105,6.095531505368434],[116.5657953727105,6.095137404945886]]],[[[116.5668317894916,6.095137404945886],[116.56631358110103,6.095137404945886],[116.56631358110103,6.095531505368434],[116.5668317894916,6.095531505368434],[116.5668317894916,6.095137404945886]]],[[[116.56475895592936,6.096319707059002],[116.56424074753879,6.096319707059002],[116.56424074753879,6.096713808327062],[116.56475895592936,6.096713808327062],[116.56475895592936,6.096319707059002]]],[[[116.56475895592936,6.097502011708821],[116.56475895592936,6.09789611382256],[116.56527716431992,6.09789611382256],[116.56527716431992,6.097502011708821],[116.56475895592936,6.097502011708821]]],[[[116.57149566500664,6.097107909876995],[116.57149566500664,6.09868431889585],[116.57201387339721,6.09868431889585],[116.57201387339721,6.097107909876995],[116.57149566500664,6.097107909876995]]],[[[116.56216791397655,6.0982902162182295],[116.56268612236713,6.0982902162182295],[116.56268612236713,6.09868431889585],[116.56216791397655,6.09868431889585],[116.56268612236713,6.099472525097014],[116.56475895592936,6.099078421855437],[116.56372253914823,6.09789611382256],[116.56216791397655,6.09789611382256],[116.56216791397655,6.0982902162182295]]],[[[116.56890462305384,6.09868431889585],[116.56838641466327,6.09868431889585],[116.56838641466327,6.099078421855437],[116.56890462305384,6.099078421855437],[116.56890462305384,6.09868431889585]]],[[[116.56527716431992,6.099078421855437],[116.56475895592936,6.099078421855437],[116.56475895592936,6.099472525097014],[116.56527716431992,6.099472525097014],[116.56527716431992,6.099078421855437]]],[[[116.56838641466327,6.099866628620595],[116.56786820627273,6.099866628620595],[116.56786820627273,6.099078421855437],[116.56734999788216,6.099078421855437],[116.56734999788216,6.09868431889585],[116.56786820627273,6.09868431889585],[116.56786820627273,6.0982902162182295],[116.56734999788216,6.0982902162182295],[116.56734999788216,6.097502011708821],[116.5668317894916,6.097502011708821],[116.56734999788216,6.096713808327062],[116.5668317894916,6.096713808327062],[116.5668317894916,6.096319707059002],[116.5657953727105,6.096319707059002],[116.5657953727105,6.097107909876995],[116.56527716431992,6.097107909876995],[116.5657953727105,6.09789611382256],[116.56527716431992,6.09789611382256],[116.56527716431992,6.0982902162182295],[116.5657953727105,6.0982902162182295],[116.5657953727105,6.099472525097014],[116.5668317894916,6.099472525097014],[116.5668317894916,6.099866628620595],[116.56475895592936,6.099866628620595],[116.56475895592936,6.100260732426201],[116.56527716431992,6.100260732426201],[116.56527716431992,6.10183715046925],[116.5657953727105,6.10183715046925],[116.5657953727105,6.102625361183412],[116.56631358110103,6.102625361183412],[116.56631358110103,6.100654836513851],[116.5668317894916,6.100654836513851],[116.5668317894916,6.101443045535356],[116.56786820627273,6.101443045535356],[116.56786820627273,6.101048940883563],[116.56734999788216,6.101048940883563],[116.56734999788216,6.100260732426201],[116.56838641466327,6.100260732426201],[116.56838641466327,6.099866628620595]]],[[[116.56475895592936,6.099472525097014],[116.56424074753879,6.099472525097014],[116.56424074753879,6.099866628620595],[116.56475895592936,6.099866628620595],[116.56475895592936,6.099472525097014]]],[[[116.56734999788216,6.10183715046925],[116.5668317894916,6.10183715046925],[116.5668317894916,6.102625361183412],[116.56734999788216,6.102625361183412],[116.56734999788216,6.10183715046925]]],[[[116.56475895592936,6.103413573026198],[116.56372253914823,6.103413573026198],[116.56372253914823,6.103807679370874],[116.56475895592936,6.103807679370874],[116.56475895592936,6.103413573026198]]],[[[116.57045924822553,6.10420178599776],[116.56994103983497,6.10420178599776],[116.56994103983497,6.10459589290688],[116.57045924822553,6.10459589290688],[116.57045924822553,6.10420178599776]]],[[[116.56424074753879,6.10459589290688],[116.56372253914823,6.10459589290688],[116.56372253914823,6.104990000098247],[116.56424074753879,6.104990000098247],[116.56424074753879,6.10459589290688]]],[[[116.5657953727105,6.104990000098247],[116.56527716431992,6.104990000098247],[116.56527716431992,6.1053841075718855],[116.5657953727105,6.1053841075718855],[116.5657953727105,6.104990000098247]]],[[[116.5668317894916,6.1053841075718855],[116.56631358110103,6.1053841075718855],[116.56631358110103,6.10577821532781],[116.5668317894916,6.10577821532781],[116.5668317894916,6.1053841075718855]]],[[[116.5657953727105,6.10577821532781],[116.56527716431992,6.10577821532781],[116.56527716431992,6.106172323366042],[116.5657953727105,6.106172323366042],[116.5657953727105,6.10577821532781]]],[[[116.56424074753879,6.10577821532781],[116.56372253914823,6.10577821532781],[116.56372253914823,6.106566431686598],[116.56424074753879,6.106566431686598],[116.56424074753879,6.10577821532781]]],[[[116.56527716431992,6.106172323366042],[116.56475895592936,6.106172323366042],[116.56475895592936,6.106566431686598],[116.56527716431992,6.106566431686598],[116.56527716431992,6.106172323366042]]],[[[116.57045924822553,6.1109016418515605],[116.57045924822553,6.110113419279345],[116.57149566500664,6.110113419279345],[116.57149566500664,6.109719308417017],[116.57045924822553,6.109719308417017],[116.57045924822553,6.109325197837181],[116.57149566500664,6.109325197837181],[116.57149566500664,6.108536977524919],[116.57097745661608,6.108536977524919],[116.57097745661608,6.108931087539823],[116.56994103983497,6.108931087539823],[116.56994103983497,6.108536977524919],[116.57045924822553,6.108536977524919],[116.57045924822553,6.106960540289501],[116.56994103983497,6.106960540289501],[116.56994103983497,6.107748758342408],[116.56890462305384,6.107748758342408],[116.5694228314444,6.106172323366042],[116.57045924822553,6.10577821532781],[116.57045924822553,6.1053841075718855],[116.5694228314444,6.104990000098247],[116.5694228314444,6.103807679370874],[116.56994103983497,6.103807679370874],[116.56994103983497,6.102231255685262],[116.5694228314444,6.102231255685262],[116.5694228314444,6.103019466963718],[116.56838641466327,6.103413573026198],[116.56786820627273,6.104990000098247],[116.5668317894916,6.10459589290688],[116.5668317894916,6.1053841075718855],[116.56734999788216,6.1053841075718855],[116.56734999788216,6.10577821532781],[116.56631358110103,6.106172323366042],[116.56631358110103,6.107748758342408],[116.56527716431992,6.107748758342408],[116.56527716431992,6.108142867792456],[116.5657953727105,6.108142867792456],[116.56527716431992,6.108931087539823],[116.56475895592936,6.108931087539823],[116.56475895592936,6.106566431686598],[116.56372253914823,6.106960540289501],[116.56372253914823,6.107354649174765],[116.56424074753879,6.107354649174765],[116.56424074753879,6.107748758342408],[116.56372253914823,6.107748758342408],[116.56372253914823,6.109325197837181],[116.56424074753879,6.109325197837181],[116.56424074753879,6.109719308417017],[116.56527716431992,6.109325197837181],[116.56527716431992,6.109719308417017],[116.5657953727105,6.109719308417017],[116.5657953727105,6.110507530424188],[116.56631358110103,6.110507530424188],[116.56631358110103,6.110113419279345],[116.5668317894916,6.110113419279345],[116.5668317894916,6.108931087539823],[116.56631358110103,6.108931087539823],[116.56631358110103,6.108536977524919],[116.56734999788216,6.108536977524919],[116.56734999788216,6.109325197837181],[116.56890462305384,6.109325197837181],[116.56890462305384,6.109719308417017],[116.56994103983497,6.110113419279345],[116.56994103983497,6.1109016418515605],[116.57045924822553,6.1109016418515605]],[[116.56994103983497,6.109325197837181],[116.5694228314444,6.109325197837181],[116.5694228314444,6.108931087539823],[116.56994103983497,6.108931087539823],[116.56994103983497,6.109325197837181]],[[116.5694228314444,6.10577821532781],[116.56890462305384,6.10577821532781],[116.56890462305384,6.104990000098247],[116.5694228314444,6.104990000098247],[116.5694228314444,6.10577821532781]],[[116.56890462305384,6.106566431686598],[116.56838641466327,6.106566431686598],[116.56838641466327,6.10577821532781],[116.56890462305384,6.10577821532781],[116.56890462305384,6.106566431686598]],[[116.56838641466327,6.106960540289501],[116.56786820627273,6.106960540289501],[116.56786820627273,6.106566431686598],[116.56838641466327,6.106566431686598],[116.56838641466327,6.106960540289501]],[[116.56631358110103,6.109325197837181],[116.5657953727105,6.109325197837181],[116.5657953727105,6.108931087539823],[116.56631358110103,6.108931087539823],[116.56631358110103,6.109325197837181]],[[116.56890462305384,6.108536977524919],[116.56890462305384,6.108931087539823],[116.56786820627273,6.108931087539823],[116.56786820627273,6.108536977524919],[116.56890462305384,6.108536977524919]],[[116.56734999788216,6.106960540289501],[116.56734999788216,6.107748758342408],[116.5668317894916,6.107748758342408],[116.5668317894916,6.106960540289501],[116.56734999788216,6.106960540289501]],[[116.56838641466327,6.107354649174765],[116.56838641466327,6.107748758342408],[116.56786820627273,6.107748758342408],[116.56786820627273,6.107354649174765],[116.56838641466327,6.107354649174765]]],[[[116.5668317894916,6.110113419279345],[116.5668317894916,6.111295753561486],[116.56734999788216,6.111295753561486],[116.56734999788216,6.110113419279345],[116.5668317894916,6.110113419279345]]],[[[116.56372253914823,6.109719308417017],[116.56372253914823,6.1109016418515605],[116.56268612236713,6.1109016418515605],[116.56268612236713,6.111295753561486],[116.56164970558599,6.111689865553979],[116.56164970558599,6.113266316350024],[116.56216791397655,6.113266316350024],[116.56216791397655,6.11247809038675],[116.56320433075769,6.11247809038675],[116.56372253914823,6.111689865553979],[116.56475895592936,6.111689865553979],[116.56475895592936,6.111295753561486],[116.56424074753879,6.111295753561486],[116.56424074753879,6.109719308417017],[116.56372253914823,6.109719308417017]]],[[[116.56994103983497,6.1120839778290605],[116.5694228314444,6.1120839778290605],[116.5694228314444,6.11247809038675],[116.56994103983497,6.11247809038675],[116.56994103983497,6.1120839778290605]]],[[[116.5657953727105,6.112872203227064],[116.56527716431992,6.112872203227064],[116.56527716431992,6.113266316350024],[116.5657953727105,6.113266316350024],[116.5657953727105,6.112872203227064]]],[[[116.56268612236713,6.113660429755646],[116.56216791397655,6.113660429755646],[116.56216791397655,6.11405454344395],[116.56320433075769,6.11405454344395],[116.56320433075769,6.113266316350024],[116.56424074753879,6.113660429755646],[116.56424074753879,6.11247809038675],[116.56372253914823,6.11247809038675],[116.56372253914823,6.112872203227064],[116.56268612236713,6.112872203227064],[116.56268612236713,6.113660429755646]]],[[[116.56786820627273,6.113266316350024],[116.56734999788216,6.113266316350024],[116.56734999788216,6.11405454344395],[116.56786820627273,6.11405454344395],[116.56786820627273,6.113266316350024]]],[[[116.56372253914823,6.114448657414955],[116.56320433075769,6.114448657414955],[116.56320433075769,6.115236886205141],[116.56424074753879,6.115236886205141],[116.56372253914823,6.114448657414955]]],[[[116.5694228314444,6.114842771668679],[116.56890462305384,6.114842771668679],[116.56890462305384,6.116025116126357],[116.5694228314444,6.116025116126357],[116.5694228314444,6.114842771668679]]],[[[116.56527716431992,6.1156310010243615],[116.56631358110103,6.115236886205141],[116.56631358110103,6.116025116126357],[116.56786820627273,6.116025116126357],[116.56786820627273,6.114842771668679],[116.56734999788216,6.114842771668679],[116.56734999788216,6.1156310010243615],[116.5668317894916,6.1156310010243615],[116.5668317894916,6.114842771668679],[116.56475895592936,6.114842771668679],[116.56527716431992,6.1156310010243615]]],[[[116.56475895592936,6.1156310010243615],[116.56424074753879,6.1156310010243615],[116.56424074753879,6.116025116126357],[116.56475895592936,6.116025116126357],[116.56475895592936,6.1156310010243615]]],[[[116.5694228314444,6.117601579362475],[116.56890462305384,6.117601579362475],[116.56890462305384,6.117207463129188],[116.56786820627273,6.117207463129188],[116.56838641466327,6.117995695878632],[116.56994103983497,6.117995695878632],[116.56994103983497,6.116419231511148],[116.57097745661608,6.116419231511148],[116.57097745661608,6.116025116126357],[116.5694228314444,6.116025116126357],[116.5694228314444,6.116419231511148],[116.56631358110103,6.116419231511148],[116.56631358110103,6.116813347178751],[116.5694228314444,6.116813347178751],[116.5694228314444,6.117601579362475]]],[[[116.5668317894916,6.117601579362475],[116.56631358110103,6.117601579362475],[116.56631358110103,6.117995695878632],[116.5668317894916,6.117995695878632],[116.5668317894916,6.117601579362475]]],[[[116.56786820627273,6.117601579362475],[116.56734999788216,6.117601579362475],[116.56734999788216,6.117995695878632],[116.56786820627273,6.117995695878632],[116.56786820627273,6.117601579362475]]],[[[116.56838641466327,6.119178047124509],[116.56890462305384,6.119178047124509],[116.56890462305384,6.118389812677677],[116.56786820627273,6.11878392975963],[116.56786820627273,6.119572164772333],[116.56838641466327,6.119572164772333],[116.56838641466327,6.119178047124509]]],[[[116.56527716431992,6.11878392975963],[116.5668317894916,6.11878392975963],[116.5668317894916,6.119572164772333],[116.56734999788216,6.119572164772333],[116.56734999788216,6.118389812677677],[116.56527716431992,6.118389812677677],[116.56527716431992,6.11878392975963]]],[[[116.56475895592936,6.119178047124509],[116.56424074753879,6.119178047124509],[116.56424074753879,6.119572164772333],[116.56475895592936,6.119572164772333],[116.56475895592936,6.119178047124509]]],[[[116.56527716431992,6.119572164772333],[116.56475895592936,6.119572164772333],[116.56475895592936,6.11996628270312],[116.56527716431992,6.11996628270312],[116.56527716431992,6.119572164772333]]],[[[116.57045924822553,6.120754519413663],[116.57045924822553,6.119572164772333],[116.56994103983497,6.119572164772333],[116.56994103983497,6.119178047124509],[116.56890462305384,6.119178047124509],[116.56890462305384,6.119572164772333],[116.5694228314444,6.119572164772333],[116.5694228314444,6.120360400916891],[116.57045924822553,6.120754519413663]]],[[[116.5657953727105,6.120754519413663],[116.5657953727105,6.121148638193454],[116.56631358110103,6.121148638193454],[116.56631358110103,6.120754519413663],[116.5657953727105,6.120754519413663]]],[[[116.56631358110103,6.121148638193454],[116.56631358110103,6.121542757256284],[116.5668317894916,6.121542757256284],[116.5668317894916,6.121148638193454],[116.56631358110103,6.121148638193454]]],[[[116.56734999788216,6.121936876602172],[116.56734999788216,6.121542757256284],[116.5668317894916,6.121542757256284],[116.5668317894916,6.121936876602172],[116.56734999788216,6.121936876602172]]],[[[116.5668317894916,6.121936876602172],[116.56631358110103,6.121936876602172],[116.56631358110103,6.122330996231137],[116.5668317894916,6.122330996231137],[116.5668317894916,6.121936876602172]]],[[[116.56734999788216,6.122725116143196],[116.5668317894916,6.122725116143196],[116.5668317894916,6.123513356816676],[116.56734999788216,6.123513356816676],[116.56734999788216,6.122725116143196]]],[[[116.57875058247448,6.0418148218480905],[116.5785405157689,6.041542364855669],[116.57771416569338,6.041542364855669],[116.57771416569338,6.041936427125766],[116.57875058247448,6.0418148218480905]]],[[[116.57667774891225,6.042330489675127],[116.57615954052169,6.042330489675127],[116.57615954052169,6.042724552503773],[116.57667774891225,6.042724552503773],[116.57667774891225,6.042330489675127]]],[[[116.57719595730282,6.042724552503773],[116.57667774891225,6.042724552503773],[116.57667774891225,6.043118615611724],[116.57719595730282,6.043118615611724],[116.57719595730282,6.042724552503773]]],[[[116.57305029017834,6.043118615611724],[116.57201387339721,6.043118615611724],[116.57201387339721,6.043906742665612],[116.57305029017834,6.043906742665612],[116.57305029017834,6.043118615611724]]],[[[116.57667774891225,6.043118615611724],[116.57615954052169,6.043118615611724],[116.57615954052169,6.043906742665612],[116.57667774891225,6.043906742665612],[116.57667774891225,6.043118615611724]]],[[[116.57356849856887,6.043906742665612],[116.57305029017834,6.043906742665612],[116.57305029017834,6.044300806611588],[116.57356849856887,6.044300806611588],[116.57356849856887,6.043906742665612]]],[[[116.57615954052169,6.043906742665612],[116.57564133213111,6.043906742665612],[116.57564133213111,6.044694870836942],[116.57615954052169,6.044694870836942],[116.57615954052169,6.043906742665612]]],[[[116.57305029017834,6.044694870836942],[116.57253208178777,6.044694870836942],[116.57253208178777,6.045088935341692],[116.57305029017834,6.045088935341692],[116.57305029017834,6.044694870836942]]],[[[116.57305029017834,6.049029595760199],[116.57253208178777,6.049029595760199],[116.57253208178777,6.049423663339561],[116.57305029017834,6.049423663339561],[116.57305029017834,6.049029595760199]]],[[[116.57512312374058,6.0557287826508075],[116.57460491535001,6.0557287826508075],[116.57460491535001,6.056122854986307],[116.57512312374058,6.056122854986307],[116.57512312374058,6.0557287826508075]]],[[[116.57926879086506,6.066762913924193],[116.57875058247448,6.066762913924193],[116.57875058247448,6.06715699410515],[116.57926879086506,6.06715699410515],[116.57926879086506,6.066762913924193]]],[[[116.57460491535001,6.067551074566573],[116.57408670695945,6.067551074566573],[116.57408670695945,6.067945155308484],[116.57460491535001,6.067945155308484],[116.57460491535001,6.067551074566573]]],[[[116.57408670695945,6.069915563225973],[116.57356849856887,6.069915563225973],[116.57356849856887,6.070309645651192],[116.57408670695945,6.070309645651192],[116.57408670695945,6.069915563225973]]],[[[116.57771416569338,6.070703728357027],[116.57719595730282,6.070703728357027],[116.57719595730282,6.071097811343497],[116.57771416569338,6.071097811343497],[116.57771416569338,6.070703728357027]]],[[[116.57875058247448,6.074250485340408],[116.57823237408392,6.074250485340408],[116.57823237408392,6.074644570853446],[116.57875058247448,6.074644570853446],[116.57875058247448,6.074250485340408]]],[[[116.57875058247448,6.0758268290775765],[116.57823237408392,6.0758268290775765],[116.57823237408392,6.07622091571402],[116.57875058247448,6.07622091571402],[116.57875058247448,6.0758268290775765]]],[[[116.57823237408392,6.07622091571402],[116.57771416569338,6.07622091571402],[116.57771416569338,6.077009089829625],[116.57875058247448,6.077009089829625],[116.57823237408392,6.07622091571402]]],[[[116.57253208178777,6.078191353110098],[116.57201387339721,6.078191353110098],[116.57201387339721,6.0785854414322165],[116.57253208178777,6.0785854414322165],[116.57253208178777,6.078191353110098]]],[[[116.57356849856887,6.0793736189195045],[116.57305029017834,6.0793736189195045],[116.57305029017834,6.0785854414322165],[116.57253208178777,6.0785854414322165],[116.57253208178777,6.0793736189195045],[116.57201387339721,6.0793736189195045],[116.57201387339721,6.079767708084711],[116.57356849856887,6.079767708084711],[116.57356849856887,6.0793736189195045]]],[[[116.57408670695945,6.0801617975309865],[116.57356849856887,6.0801617975309865],[116.57356849856887,6.080555887258348],[116.57408670695945,6.080555887258348],[116.57408670695945,6.0801617975309865]]],[[[116.57356849856887,6.0943492049461705],[116.57305029017834,6.0943492049461705],[116.57305029017834,6.094743304805139],[116.57356849856887,6.094743304805139],[116.57356849856887,6.0943492049461705]]],[[[116.57719595730282,6.097107909876995],[116.57667774891225,6.097107909876995],[116.57667774891225,6.097502011708821],[116.57719595730282,6.097502011708821],[116.57719595730282,6.097107909876995]]],[[[116.57564133213111,6.097107909876995],[116.57564133213111,6.09789611382256],[116.57615954052169,6.09789611382256],[116.57615954052169,6.097107909876995],[116.57564133213111,6.097107909876995]]],[[[116.57667774891225,6.0982902162182295],[116.57667774891225,6.09789611382256],[116.57615954052169,6.09789611382256],[116.57615954052169,6.0982902162182295],[116.57667774891225,6.0982902162182295]]],[[[116.57719595730282,6.099472525097014],[116.57823237408392,6.099472525097014],[116.57875058247448,6.09868431889585],[116.57771416569338,6.0982902162182295],[116.57771416569338,6.099078421855437],[116.57719595730282,6.099078421855437],[116.57719595730282,6.099472525097014]]],[[[116.57667774891225,6.100654836513851],[116.57719595730282,6.100654836513851],[116.57719595730282,6.099472525097014],[116.57667774891225,6.099472525097014],[116.57667774891225,6.100654836513851]]],[[[116.57823237408392,6.099866628620595],[116.57771416569338,6.099866628620595],[116.57771416569338,6.100260732426201],[116.57823237408392,6.100260732426201],[116.57823237408392,6.099866628620595]]],[[[116.57615954052169,6.101048940883563],[116.57615954052169,6.10183715046925],[116.57667774891225,6.10183715046925],[116.57667774891225,6.101048940883563],[116.57615954052169,6.101048940883563]]],[[[116.57305029017834,6.103413573026198],[116.57305029017834,6.103807679370874],[116.57460491535001,6.103807679370874],[116.57460491535001,6.102625361183412],[116.57408670695945,6.102625361183412],[116.57408670695945,6.102231255685262],[116.57460491535001,6.102231255685262],[116.57460491535001,6.101443045535356],[116.57305029017834,6.101443045535356],[116.57305029017834,6.103019466963718],[116.57356849856887,6.103019466963718],[116.57356849856887,6.103413573026198],[116.57305029017834,6.103413573026198]]],[[[116.57926879086506,6.103807679370874],[116.57875058247448,6.103807679370874],[116.57875058247448,6.10459589290688],[116.57926879086506,6.10459589290688],[116.57926879086506,6.103807679370874]]],[[[116.57823237408392,6.104990000098247],[116.57875058247448,6.104990000098247],[116.57875058247448,6.10459589290688],[116.57823237408392,6.10459589290688],[116.57823237408392,6.104990000098247]]],[[[116.57771416569338,6.10577821532781],[116.57719595730282,6.10577821532781],[116.57719595730282,6.106172323366042],[116.57771416569338,6.106172323366042],[116.57771416569338,6.10577821532781]]],[[[116.57875058247448,6.106172323366042],[116.57823237408392,6.106172323366042],[116.57823237408392,6.106566431686598],[116.57875058247448,6.106566431686598],[116.57875058247448,6.106172323366042]]],[[[116.57667774891225,6.106172323366042],[116.57615954052169,6.106172323366042],[116.57615954052169,6.106566431686598],[116.57667774891225,6.106566431686598],[116.57667774891225,6.106172323366042]]],[[[116.57460491535001,6.106960540289501],[116.57408670695945,6.106960540289501],[116.57408670695945,6.107354649174765],[116.57460491535001,6.107354649174765],[116.57460491535001,6.106960540289501]]],[[[116.57512312374058,6.108142867792456],[116.57564133213111,6.108142867792456],[116.57564133213111,6.107748758342408],[116.57719595730282,6.107748758342408],[116.57719595730282,6.106960540289501],[116.57615954052169,6.106960540289501],[116.57615954052169,6.106566431686598],[116.57564133213111,6.106566431686598],[116.57564133213111,6.106960540289501],[116.57512312374058,6.106960540289501],[116.57512312374058,6.108142867792456]]],[[[116.57305029017834,6.107748758342408],[116.57253208178777,6.107748758342408],[116.57253208178777,6.108142867792456],[116.57408670695945,6.108931087539823],[116.57408670695945,6.108536977524919],[116.57460491535001,6.108536977524919],[116.57460491535001,6.107748758342408],[116.57356849856887,6.107748758342408],[116.57356849856887,6.106960540289501],[116.57253208178777,6.106960540289501],[116.57305029017834,6.107748758342408]]],[[[116.57253208178777,6.108536977524919],[116.57253208178777,6.108931087539823],[116.57305029017834,6.108931087539823],[116.57305029017834,6.108536977524919],[116.57253208178777,6.108536977524919]]],[[[116.57356849856887,6.109325197837181],[116.57356849856887,6.108931087539823],[116.57305029017834,6.108931087539823],[116.57305029017834,6.109325197837181],[116.57356849856887,6.109325197837181]]],[[[116.57460491535001,6.108931087539823],[116.57408670695945,6.108931087539823],[116.57408670695945,6.109325197837181],[116.57460491535001,6.109325197837181],[116.57460491535001,6.108931087539823]]],[[[116.57615954052169,6.108931087539823],[116.57512312374058,6.108931087539823],[116.57512312374058,6.109325197837181],[116.57615954052169,6.109325197837181],[116.57615954052169,6.108931087539823]]],[[[116.57201387339721,6.109325197837181],[116.57149566500664,6.109325197837181],[116.57149566500664,6.109719308417017],[116.57253208178777,6.109719308417017],[116.57253208178777,6.108931087539823],[116.57201387339721,6.108931087539823],[116.57201387339721,6.109325197837181]]],[[[116.57408670695945,6.109325197837181],[116.57356849856887,6.109325197837181],[116.57356849856887,6.109719308417017],[116.57408670695945,6.109719308417017],[116.57408670695945,6.109325197837181]]],[[[116.57823237408392,6.110507530424188],[116.57771416569338,6.110507530424188],[116.57771416569338,6.1109016418515605],[116.57823237408392,6.1109016418515605],[116.57823237408392,6.110507530424188]]],[[[116.57149566500664,6.110113419279345],[116.57201387339721,6.111689865553979],[116.57253208178777,6.111689865553979],[116.57253208178777,6.111295753561486],[116.57356849856887,6.111295753561486],[116.57356849856887,6.110113419279345],[116.57305029017834,6.110113419279345],[116.57305029017834,6.109719308417017],[116.57253208178777,6.109719308417017],[116.57253208178777,6.110507530424188],[116.57149566500664,6.110113419279345]]],[[[116.57719595730282,6.111689865553979],[116.57719595730282,6.1120839778290605],[116.57823237408392,6.1120839778290605],[116.57823237408392,6.111295753561486],[116.57719595730282,6.111689865553979]]],[[[116.57512312374058,6.111295753561486],[116.57356849856887,6.111295753561486],[116.57356849856887,6.111689865553979],[116.57460491535001,6.1120839778290605],[116.57460491535001,6.113266316350024],[116.57512312374058,6.113266316350024],[116.57512312374058,6.111295753561486]]],[[[116.57667774891225,6.112872203227064],[116.57615954052169,6.112872203227064],[116.57615954052169,6.113266316350024],[116.57667774891225,6.113266316350024],[116.57667774891225,6.112872203227064]]],[[[116.57564133213111,6.11405454344395],[116.57512312374058,6.11405454344395],[116.57512312374058,6.114448657414955],[116.57564133213111,6.114448657414955],[116.57564133213111,6.11405454344395]]],[[[116.57771416569338,6.114842771668679],[116.57719595730282,6.114842771668679],[116.57719595730282,6.115236886205141],[116.57771416569338,6.115236886205141],[116.57771416569338,6.114842771668679]]],[[[116.57201387339721,6.1156310010243615],[116.57149566500664,6.1156310010243615],[116.57149566500664,6.116025116126357],[116.57253208178777,6.116025116126357],[116.57253208178777,6.115236886205141],[116.57201387339721,6.115236886205141],[116.57201387339721,6.1156310010243615]]],[[[116.57771416569338,6.1156310010243615],[116.57719595730282,6.1156310010243615],[116.57719595730282,6.116025116126357],[116.57771416569338,6.116025116126357],[116.57771416569338,6.1156310010243615]]],[[[116.57305029017834,6.116419231511148],[116.57356849856887,6.116419231511148],[116.57356849856887,6.1156310010243615],[116.57253208178777,6.116025116126357],[116.57253208178777,6.116813347178751],[116.57305029017834,6.116813347178751],[116.57305029017834,6.116419231511148]]],[[[116.57201387339721,6.116813347178751],[116.57149566500664,6.116813347178751],[116.57149566500664,6.117207463129188],[116.57201387339721,6.117207463129188],[116.57201387339721,6.116813347178751]]],[[[116.57201387339721,6.117601579362475],[116.57149566500664,6.117601579362475],[116.57149566500664,6.117995695878632],[116.57201387339721,6.117995695878632],[116.57201387339721,6.117601579362475]]],[[[116.57460491535001,6.11996628270312],[116.57564133213111,6.11996628270312],[116.57564133213111,6.119178047124509],[116.57512312374058,6.119178047124509],[116.57512312374058,6.119572164772333],[116.57408670695945,6.119572164772333],[116.57408670695945,6.118389812677677],[116.57356849856887,6.118389812677677],[116.57356849856887,6.117995695878632],[116.57408670695945,6.117995695878632],[116.57408670695945,6.117601579362475],[116.57615954052169,6.117601579362475],[116.57615954052169,6.1156310010243615],[116.57564133213111,6.1156310010243615],[116.57564133213111,6.116419231511148],[116.57512312374058,6.116419231511148],[116.57512312374058,6.116813347178751],[116.57408670695945,6.116419231511148],[116.57408670695945,6.117207463129188],[116.57305029017834,6.117207463129188],[116.57305029017834,6.118389812677677],[116.57149566500664,6.118389812677677],[116.57149566500664,6.11878392975963],[116.57097745661608,6.11878392975963],[116.57097745661608,6.117995695878632],[116.56994103983497,6.118389812677677],[116.56994103983497,6.119178047124509],[116.57253208178777,6.119178047124509],[116.57253208178777,6.119572164772333],[116.57356849856887,6.119178047124509],[116.57356849856887,6.120360400916891],[116.57460491535001,6.120754519413663],[116.57408670695945,6.122330996231137],[116.57460491535001,6.122330996231137],[116.57512312374058,6.121542757256284],[116.57615954052169,6.121542757256284],[116.57615954052169,6.121148638193454],[116.57667774891225,6.121148638193454],[116.57667774891225,6.120360400916891],[116.57460491535001,6.120360400916891],[116.57460491535001,6.11996628270312]],[[116.57564133213111,6.120754519413663],[116.57564133213111,6.121148638193454],[116.57512312374058,6.121148638193454],[116.57512312374058,6.120754519413663],[116.57564133213111,6.120754519413663]]],[[[116.57615954052169,6.11996628270312],[116.57719595730282,6.120360400916891],[116.57719595730282,6.119572164772333],[116.57823237408392,6.119572164772333],[116.57823237408392,6.120360400916891],[116.57875058247448,6.120360400916891],[116.57875058247448,6.119178047124509],[116.57667774891225,6.119178047124509],[116.57615954052169,6.11996628270312]]],[[[116.57305029017834,6.11996628270312],[116.57149566500664,6.11996628270312],[116.57149566500664,6.120360400916891],[116.57305029017834,6.120360400916891],[116.57305029017834,6.11996628270312]]],[[[116.57356849856887,6.120360400916891],[116.57305029017834,6.120360400916891],[116.57305029017834,6.121148638193454],[116.57356849856887,6.121148638193454],[116.57356849856887,6.120360400916891]]],[[[116.57667774891225,6.121542757256284],[116.57615954052169,6.121542757256284],[116.57615954052169,6.121936876602172],[116.57667774891225,6.121936876602172],[116.57667774891225,6.121542757256284]]],[[[116.57771416569338,6.121542757256284],[116.57719595730282,6.121542757256284],[116.57719595730282,6.121936876602172],[116.57771416569338,6.121936876602172],[116.57771416569338,6.121542757256284]]],[[[116.57564133213111,6.122330996231137],[116.57564133213111,6.121936876602172],[116.57512312374058,6.121936876602172],[116.57512312374058,6.122725116143196],[116.57615954052169,6.12311923633837],[116.57615954052169,6.122330996231137],[116.57564133213111,6.122330996231137]]],[[[116.57667774891225,6.121936876602172],[116.57667774891225,6.12311923633837],[116.57719595730282,6.12311923633837],[116.57719595730282,6.121936876602172],[116.57667774891225,6.121936876602172]]],[[[116.57512312374058,6.123513356816676],[116.57408670695945,6.123513356816676],[116.57408670695945,6.12469571995058],[116.57460491535001,6.12469571995058],[116.57460491535001,6.1239074775781335],[116.57512312374058,6.1239074775781335],[116.57512312374058,6.123513356816676]]],[[[116.57719595730282,6.12430159862276],[116.57771416569338,6.12430159862276],[116.57771416569338,6.1239074775781335],[116.57667774891225,6.123513356816676],[116.57667774891225,6.12469571995058],[116.57719595730282,6.12469571995058],[116.57719595730282,6.12430159862276]]],[[[116.57512312374058,6.1250898415616035],[116.57564133213111,6.125147449184188],[116.57564133213111,6.1239074775781335],[116.57512312374058,6.1239074775781335],[116.57512312374058,6.1250898415616035]]],[[[116.57667774891225,6.12469571995058],[116.57615954052169,6.12469571995058],[116.57615954052169,6.1250898415616035],[116.57667774891225,6.1250898415616035],[116.57667774891225,6.12469571995058]]],[[[116.57875058247448,6.12469571995058],[116.57771416569338,6.12430159862276],[116.57771416569338,6.1250898415616035],[116.57719595730282,6.12527436383249],[116.57875058247448,6.1254012785101635],[116.57875058247448,6.12469571995058]]],[[[116.58341445798953,6.048241461440266],[116.582490245927,6.046665196155049],[116.58237804120843,6.046665196155049],[116.58289624959896,6.048241461440266],[116.58341445798953,6.048241461440266]]],[[[116.5813416244273,6.047847394699659],[116.58185983281786,6.047847394699659],[116.58185983281786,6.048241461440266],[116.58237804120843,6.048241461440266],[116.58237804120843,6.047453328238599],[116.5813416244273,6.047453328238599],[116.5813416244273,6.047847394699659]]],[[[116.58237804120843,6.054152496107849],[116.58289624959896,6.054152496107849],[116.58289624959896,6.052182144225585],[116.58237804120843,6.052182144225585],[116.58237804120843,6.051788074688471],[116.58341445798953,6.051788074688471],[116.58341445798953,6.051394005431091],[116.58289624959896,6.051394005431091],[116.58289624959896,6.05060586775546],[116.58237804120843,6.05060586775546],[116.58185983281786,6.049029595760199],[116.58082341603672,6.049029595760199],[116.58082341603672,6.049423663339561],[116.5813416244273,6.049423663339561],[116.5813416244273,6.05060586775546],[116.58185983281786,6.05060586775546],[116.58185983281786,6.052182144225585],[116.5813416244273,6.052182144225585],[116.58185983281786,6.052970284139099],[116.5813416244273,6.052970284139099],[116.5813416244273,6.053758425171776],[116.58082341603672,6.053758425171776],[116.58082341603672,6.054152496107849],[116.5813416244273,6.054152496107849],[116.5813416244273,6.0549406388195575],[116.58185983281786,6.0549406388195575],[116.58237804120843,6.054152496107849]],[[116.58237804120843,6.052970284139099],[116.58237804120843,6.053364354515533],[116.58185983281786,6.053364354515533],[116.58185983281786,6.052970284139099],[116.58237804120843,6.052970284139099]]],[[[116.58600549994233,6.0549406388195575],[116.58548729155177,6.0549406388195575],[116.58548729155177,6.055334710595232],[116.58600549994233,6.055334710595232],[116.58600549994233,6.0549406388195575]]],[[[116.58185983281786,6.0557287826508075],[116.5813416244273,6.0557287826508075],[116.5813416244273,6.056122854986307],[116.58185983281786,6.056122854986307],[116.58185983281786,6.0557287826508075]]],[[[116.58548729155177,6.0565169276017485],[116.5839326663801,6.0565169276017485],[116.58341445798953,6.057305073672531],[116.58496908316123,6.057305073672531],[116.58496908316123,6.05769914712791],[116.58548729155177,6.05769914712791],[116.58548729155177,6.0565169276017485]]],[[[116.5813416244273,6.0565169276017485],[116.58082341603672,6.0565169276017485],[116.58082341603672,6.05769914712791],[116.5813416244273,6.05769914712791],[116.5813416244273,6.0565169276017485]]],[[[116.58496908316123,6.0596695186054275],[116.58445087477067,6.0596695186054275],[116.58445087477067,6.060063593741189],[116.58496908316123,6.060063593741189],[116.58496908316123,6.0596695186054275]]],[[[116.5839326663801,6.060457669157078],[116.58445087477067,6.060457669157078],[116.58445087477067,6.060063593741189],[116.5839326663801,6.060063593741189],[116.5839326663801,6.060457669157078]]],[[[116.57978699925562,6.06715699410515],[116.57926879086506,6.06715699410515],[116.57926879086506,6.067551074566573],[116.57978699925562,6.067551074566573],[116.57978699925562,6.06715699410515]]],[[[116.58082341603672,6.068339236330897],[116.58030520764619,6.068339236330897],[116.58030520764619,6.068733317633836],[116.58082341603672,6.068733317633836],[116.58082341603672,6.068339236330897]]],[[[116.58030520764619,6.068733317633836],[116.57978699925562,6.068733317633836],[116.57978699925562,6.069521481081354],[116.58030520764619,6.069521481081354],[116.58030520764619,6.068733317633836]]],[[[116.57978699925562,6.070309645651192],[116.57926879086506,6.070309645651192],[116.57926879086506,6.070703728357027],[116.57978699925562,6.070703728357027],[116.57978699925562,6.070309645651192]]],[[[116.58756012511404,6.0841027074565766],[116.5865237083329,6.0841027074565766],[116.5865237083329,6.084890892816381],[116.58600549994233,6.084890892816381],[116.5865237083329,6.085679079301433],[116.58756012511404,6.085679079301433],[116.58756012511404,6.0841027074565766]]],[[[116.58341445798953,6.08843774086259],[116.58289624959896,6.08843774086259],[116.58289624959896,6.088831836497099],[116.58341445798953,6.088831836497099],[116.58341445798953,6.08843774086259]]],[[[116.58185983281786,6.088831836497099],[116.5813416244273,6.088831836497099],[116.5813416244273,6.089225932413107],[116.58185983281786,6.089225932413107],[116.58185983281786,6.088831836497099]]],[[[116.58289624959896,6.088831836497099],[116.58237804120843,6.088831836497099],[116.58237804120843,6.089225932413107],[116.58289624959896,6.089225932413107],[116.58289624959896,6.088831836497099]]],[[[116.5839326663801,6.090408221850313],[116.58341445798953,6.090408221850313],[116.58341445798953,6.091196416216289],[116.5839326663801,6.091196416216289],[116.5839326663801,6.090408221850313]]],[[[116.58496908316123,6.091984611708713],[116.58445087477067,6.091984611708713],[116.58445087477067,6.09237870987739],[116.58496908316123,6.09237870987739],[116.58496908316123,6.091984611708713]]],[[[116.5839326663801,6.093166907059767],[116.58341445798953,6.093166907059767],[116.58341445798953,6.093561006073505],[116.5839326663801,6.093561006073505],[116.5839326663801,6.093166907059767]]],[[[116.58756012511404,6.0982902162182295],[116.5865237083329,6.0982902162182295],[116.5865237083329,6.09868431889585],[116.58756012511404,6.09868431889585],[116.58756012511404,6.0982902162182295]]],[[[116.58030520764619,6.09868431889585],[116.57926879086506,6.099078421855437],[116.57978699925562,6.099866628620595],[116.58030520764619,6.099866628620595],[116.58030520764619,6.09868431889585]]],[[[116.58341445798953,6.099078421855437],[116.58289624959896,6.099078421855437],[116.58289624959896,6.099472525097014],[116.58341445798953,6.099472525097014],[116.58341445798953,6.099078421855437]]],[[[116.57926879086506,6.100654836513851],[116.57978699925562,6.100654836513851],[116.57978699925562,6.099866628620595],[116.57875058247448,6.099472525097014],[116.57875058247448,6.101048940883563],[116.57926879086506,6.101048940883563],[116.57926879086506,6.100654836513851]]],[[[116.58341445798953,6.100654836513851],[116.5839326663801,6.100654836513851],[116.5839326663801,6.101443045535356],[116.58445087477067,6.101443045535356],[116.58496908316123,6.099866628620595],[116.5839326663801,6.100260732426201],[116.5839326663801,6.099472525097014],[116.58341445798953,6.099472525097014],[116.58341445798953,6.100654836513851]]],[[[116.58030520764619,6.101048940883563],[116.5813416244273,6.101048940883563],[116.5813416244273,6.100260732426201],[116.58082341603672,6.100260732426201],[116.58082341603672,6.100654836513851],[116.57978699925562,6.100654836513851],[116.57978699925562,6.101443045535356],[116.58030520764619,6.101443045535356],[116.58030520764619,6.101048940883563]]],[[[116.58445087477067,6.101443045535356],[116.58445087477067,6.10183715046925],[116.58496908316123,6.10183715046925],[116.58496908316123,6.101443045535356],[116.58445087477067,6.101443045535356]]],[[[116.58445087477067,6.102231255685262],[116.58445087477067,6.102625361183412],[116.58496908316123,6.102625361183412],[116.58496908316123,6.102231255685262],[116.58445087477067,6.102231255685262]]],[[[116.58341445798953,6.102231255685262],[116.58289624959896,6.102231255685262],[116.58289624959896,6.102625361183412],[116.58341445798953,6.102625361183412],[116.58341445798953,6.102231255685262]]],[[[116.58237804120843,6.103019466963718],[116.58289624959896,6.103019466963718],[116.58289624959896,6.102625361183412],[116.58237804120843,6.102625361183412],[116.58237804120843,6.103019466963718]]],[[[116.57978699925562,6.10420178599776],[116.58082341603672,6.10420178599776],[116.5813416244273,6.103413573026198],[116.58030520764619,6.103019466963718],[116.58030520764619,6.103807679370874],[116.57978699925562,6.103807679370874],[116.57978699925562,6.10420178599776]]],[[[116.58704191672346,6.10420178599776],[116.5865237083329,6.10420178599776],[116.5865237083329,6.10459589290688],[116.58704191672346,6.10459589290688],[116.58704191672346,6.10420178599776]]],[[[116.58445087477067,6.107748758342408],[116.58341445798953,6.107748758342408],[116.58341445798953,6.108536977524919],[116.58496908316123,6.108536977524919],[116.58496908316123,6.108931087539823],[116.58548729155177,6.108931087539823],[116.58548729155177,6.108536977524919],[116.58600549994233,6.108536977524919],[116.58600549994233,6.106960540289501],[116.58496908316123,6.106566431686598],[116.58496908316123,6.106960540289501],[116.58445087477067,6.106960540289501],[116.58445087477067,6.107748758342408]],[[116.58548729155177,6.107748758342408],[116.58548729155177,6.108142867792456],[116.58496908316123,6.108142867792456],[116.58496908316123,6.107748758342408],[116.58548729155177,6.107748758342408]]],[[[116.58237804120843,6.108142867792456],[116.58185983281786,6.108142867792456],[116.58185983281786,6.108931087539823],[116.58289624959896,6.108931087539823],[116.58289624959896,6.107748758342408],[116.58237804120843,6.107748758342408],[116.58237804120843,6.108142867792456]]],[[[116.5839326663801,6.108931087539823],[116.58289624959896,6.108931087539823],[116.58289624959896,6.109325197837181],[116.58341445798953,6.109325197837181],[116.58341445798953,6.110113419279345],[116.5839326663801,6.110113419279345],[116.5839326663801,6.108931087539823]]],[[[116.58237804120843,6.109719308417017],[116.58289624959896,6.109719308417017],[116.58289624959896,6.109325197837181],[116.58082341603672,6.108931087539823],[116.58185983281786,6.110113419279345],[116.58237804120843,6.110113419279345],[116.58237804120843,6.109719308417017]]],[[[116.57978699925562,6.110507530424188],[116.58030520764619,6.110507530424188],[116.58030520764619,6.109325197837181],[116.57926879086506,6.109719308417017],[116.57926879086506,6.1109016418515605],[116.57978699925562,6.1109016418515605],[116.57978699925562,6.110507530424188]]],[[[116.5865237083329,6.110113419279345],[116.58600549994233,6.110113419279345],[116.58600549994233,6.110507530424188],[116.5865237083329,6.110507530424188],[116.5865237083329,6.110113419279345]]],[[[116.58496908316123,6.111689865553979],[116.58548729155177,6.111689865553979],[116.58548729155177,6.110113419279345],[116.58445087477067,6.110507530424188],[116.58445087477067,6.1120839778290605],[116.58496908316123,6.1120839778290605],[116.58496908316123,6.111689865553979]]],[[[116.58289624959896,6.1109016418515605],[116.58237804120843,6.1109016418515605],[116.58237804120843,6.111295753561486],[116.58289624959896,6.111295753561486],[116.58289624959896,6.1109016418515605]]],[[[116.58704191672346,6.111295753561486],[116.58756012511404,6.111295753561486],[116.58756012511404,6.1109016418515605],[116.58600549994233,6.1109016418515605],[116.5865237083329,6.111689865553979],[116.58704191672346,6.111689865553979],[116.58704191672346,6.111295753561486]]],[[[116.58341445798953,6.111689865553979],[116.58289624959896,6.111689865553979],[116.58289624959896,6.1120839778290605],[116.58341445798953,6.1120839778290605],[116.58341445798953,6.111689865553979]]],[[[116.57926879086506,6.1120839778290605],[116.57875058247448,6.1120839778290605],[116.57875058247448,6.11247809038675],[116.57926879086506,6.11247809038675],[116.57926879086506,6.1120839778290605]]],[[[116.58341445798953,6.1120839778290605],[116.58341445798953,6.112872203227064],[116.58445087477067,6.112872203227064],[116.58445087477067,6.11247809038675],[116.58341445798953,6.1120839778290605]]],[[[116.57978699925562,6.11247809038675],[116.57978699925562,6.112872203227064],[116.58030520764619,6.112872203227064],[116.58030520764619,6.11247809038675],[116.57978699925562,6.11247809038675]]],[[[116.58548729155177,6.11247809038675],[116.58496908316123,6.11247809038675],[116.58496908316123,6.112872203227064],[116.58548729155177,6.112872203227064],[116.58548729155177,6.11247809038675]]],[[[116.58237804120843,6.113660429755646],[116.58341445798953,6.113660429755646],[116.58289624959896,6.1120839778290605],[116.58237804120843,6.1120839778290605],[116.58237804120843,6.112872203227064],[116.58185983281786,6.112872203227064],[116.58237804120843,6.113660429755646]]],[[[116.58185983281786,6.113266316350024],[116.5813416244273,6.113266316350024],[116.5813416244273,6.112872203227064],[116.58030520764619,6.112872203227064],[116.58082341603672,6.113660429755646],[116.58185983281786,6.113660429755646],[116.58185983281786,6.113266316350024]]],[[[116.58185983281786,6.11405454344395],[116.58082341603672,6.11405454344395],[116.58082341603672,6.114448657414955],[116.58185983281786,6.114448657414955],[116.58185983281786,6.11405454344395]]],[[[116.5865237083329,6.114448657414955],[116.58704191672346,6.114448657414955],[116.58704191672346,6.114842771668679],[116.58756012511404,6.114842771668679],[116.58756012511404,6.11405454344395],[116.5865237083329,6.11405454344395],[116.5865237083329,6.114448657414955]]],[[[116.5865237083329,6.114842771668679],[116.58548729155177,6.114842771668679],[116.58548729155177,6.115236886205141],[116.5865237083329,6.115236886205141],[116.5865237083329,6.114842771668679]]],[[[116.58496908316123,6.115236886205141],[116.58445087477067,6.115236886205141],[116.58445087477067,6.1156310010243615],[116.58496908316123,6.1156310010243615],[116.58496908316123,6.115236886205141]]],[[[116.58082341603672,6.116419231511148],[116.58030520764619,6.116419231511148],[116.58030520764619,6.116813347178751],[116.58082341603672,6.116813347178751],[116.58082341603672,6.116419231511148]]],[[[116.5813416244273,6.116813347178751],[116.58082341603672,6.116813347178751],[116.58082341603672,6.117207463129188],[116.5813416244273,6.117207463129188],[116.5813416244273,6.116813347178751]]],[[[116.58600549994233,6.117995695878632],[116.58756012511404,6.117995695878632],[116.58756012511404,6.117601579362475],[116.58807833350457,6.117601579362475],[116.58807833350457,6.116813347178751],[116.58756012511404,6.116813347178751],[116.58704191672346,6.117601579362475],[116.58600549994233,6.117601579362475],[116.58600549994233,6.117995695878632]]],[[[116.57926879086506,6.121148638193454],[116.57875058247448,6.121148638193454],[116.57875058247448,6.121542757256284],[116.57926879086506,6.121542757256284],[116.57926879086506,6.121148638193454]]],[[[116.5839326663801,6.12430159862276],[116.5839326663801,6.123513356816676],[116.58341445798953,6.123513356816676],[116.58341445798953,6.122725116143196],[116.58289624959896,6.122725116143196],[116.58289624959896,6.121542757256284],[116.5839326663801,6.121936876602172],[116.5839326663801,6.120754519413663],[116.58548729155177,6.120754519413663],[116.58548729155177,6.120360400916891],[116.58600549994233,6.120360400916891],[116.58548729155177,6.117207463129188],[116.58445087477067,6.117207463129188],[116.58445087477067,6.117995695878632],[116.58341445798953,6.117995695878632],[116.58341445798953,6.117601579362475],[116.58289624959896,6.117601579362475],[116.58289624959896,6.117995695878632],[116.58185983281786,6.117995695878632],[116.58185983281786,6.118389812677677],[116.5813416244273,6.118389812677677],[116.5813416244273,6.11878392975963],[116.58185983281786,6.11878392975963],[116.58185983281786,6.119572164772333],[116.58341445798953,6.119572164772333],[116.58341445798953,6.121148638193454],[116.5813416244273,6.120754519413663],[116.5813416244273,6.11996628270312],[116.58030520764619,6.11996628270312],[116.58030520764619,6.120754519413663],[116.57978699925562,6.120754519413663],[116.57978699925562,6.121148638193454],[116.58082341603672,6.121542757256284],[116.58030520764619,6.1239074775781335],[116.58082341603672,6.1239074775781335],[116.58082341603672,6.12430159862276],[116.58185983281786,6.12430159862276],[116.58185983281786,6.12469571995058],[116.58289624959896,6.1250898415616035],[116.58289624959896,6.125739717794217],[116.58341445798953,6.125782022719412],[116.58341445798953,6.12430159862276],[116.5839326663801,6.12430159862276]],[[116.58082341603672,6.12311923633837],[116.5813416244273,6.12311923633837],[116.5813416244273,6.1239074775781335],[116.58082341603672,6.1239074775781335],[116.58082341603672,6.12311923633837]],[[116.58496908316123,6.11996628270312],[116.58496908316123,6.120360400916891],[116.5839326663801,6.120360400916891],[116.5839326663801,6.11996628270312],[116.58496908316123,6.11996628270312]],[[116.58548729155177,6.119178047124509],[116.58548729155177,6.119572164772333],[116.58496908316123,6.119572164772333],[116.58496908316123,6.119178047124509],[116.58548729155177,6.119178047124509]]],[[[116.58496908316123,6.121542757256284],[116.58445087477067,6.121542757256284],[116.58445087477067,6.121936876602172],[116.58496908316123,6.121936876602172],[116.58496908316123,6.121542757256284]]],[[[116.58030520764619,6.121936876602172],[116.57978699925562,6.121936876602172],[116.57978699925562,6.122330996231137],[116.58030520764619,6.122330996231137],[116.58030520764619,6.121936876602172]]],[[[116.58445087477067,6.122725116143196],[116.58445087477067,6.12311923633837],[116.58496908316123,6.12311923633837],[116.58496908316123,6.122725116143196],[116.58445087477067,6.122725116143196]]],[[[116.57926879086506,6.122725116143196],[116.57926879086506,6.123513356816676],[116.57978699925562,6.123513356816676],[116.57978699925562,6.122725116143196],[116.57926879086506,6.122725116143196]]],[[[116.58496908316123,6.12311923633837],[116.58496908316123,6.1239074775781335],[116.58600549994233,6.1239074775781335],[116.58600549994233,6.123513356816676],[116.58496908316123,6.12311923633837]]],[[[116.57926879086506,6.1239074775781335],[116.57875058247448,6.1239074775781335],[116.57875058247448,6.12430159862276],[116.57926879086506,6.12430159862276],[116.57926879086506,6.1239074775781335]]],[[[116.5865237083329,6.12430159862276],[116.58496908316123,6.12430159862276],[116.58496908316123,6.12469571995058],[116.5865237083329,6.12469571995058],[116.5865237083329,6.12430159862276]]],[[[116.58082341603672,6.12430159862276],[116.57926879086506,6.12430159862276],[116.57926879086506,6.1250898415616035],[116.58030520764619,6.1250898415616035],[116.58082341603672,6.12430159862276]]],[[[116.58445087477067,6.1250898415616035],[116.5839326663801,6.1250898415616035],[116.5839326663801,6.1254839634558556],[116.58445087477067,6.1254839634558556],[116.58445087477067,6.1250898415616035]]],[[[116.58237804120843,6.1250898415616035],[116.58185983281786,6.1250898415616035],[116.58185983281786,6.125655107953623],[116.58237804120843,6.125697412872289],[116.58237804120843,6.1250898415616035]]],[[[116.58496908316123,6.1254839634558556],[116.58459116735658,6.125878085633352],[116.58704191672346,6.126078157287145],[116.58756012511404,6.1250898415616035],[116.58600549994233,6.1250898415616035],[116.58600549994233,6.125878085633352],[116.58548729155177,6.125878085633352],[116.58548729155177,6.1254839634558556],[116.58496908316123,6.1254839634558556]]],[[[116.58756012511404,6.053240938849962],[116.58735145227544,6.052970284139099],[116.58704191672346,6.052970284139099],[116.58704191672346,6.053364354515533],[116.58756012511404,6.053240938849962]]],[[[116.58756012511404,6.054152496107849],[116.58704191672346,6.054152496107849],[116.58704191672346,6.0549406388195575],[116.58756012511404,6.0549406388195575],[116.58756012511404,6.054152496107849]]],[[[116.58859654189514,6.057305073672531],[116.58859654189514,6.05769914712791],[116.5891147502857,6.05769914712791],[116.5891147502857,6.057305073672531],[116.58859654189514,6.057305073672531]]],[[[116.59118758384794,6.0596695186054275],[116.59118758384794,6.059421399253508],[116.58963295867628,6.0566848838059375],[116.58963295867628,6.05769914712791],[116.5891147502857,6.05769914712791],[116.58859654189514,6.058487294878736],[116.5891147502857,6.058487294878736],[116.59015116706681,6.0596695186054275],[116.59118758384794,6.0596695186054275]]],[[[116.59274220901962,6.06242805043912],[116.59289566534629,6.06242805043912],[116.59274220901962,6.06215792820785],[116.59274220901962,6.06242805043912]]],[[[116.59377862580075,6.064398438727207],[116.59401503984596,6.064398438727207],[116.59377862580075,6.063982288350944],[116.59377862580075,6.064398438727207]]],[[[116.58807833350457,6.064792517225757],[116.58756012511404,6.064792517225757],[116.58756012511404,6.0651865960046605],[116.58807833350457,6.0651865960046605],[116.58807833350457,6.064792517225757]]],[[[116.5891147502857,6.071097811343497],[116.58859654189514,6.071097811343497],[116.58859654189514,6.071491894610624],[116.5891147502857,6.071491894610624],[116.5891147502857,6.071097811343497]]],[[[116.59740608453467,6.074644570853446],[116.59688787614412,6.074644570853446],[116.59688787614412,6.075038656647307],[116.59740608453467,6.075038656647307],[116.59740608453467,6.074644570853446]]],[[[116.59947891809692,6.075038656647307],[116.59947891809692,6.075432742722013],[116.59999712648747,6.075432742722013],[116.59999712648747,6.075038656647307],[116.59947891809692,6.075038656647307]]],[[[116.59999712648747,6.07622091571402],[116.59999712648747,6.0758268290775765],[116.59896070970636,6.0758268290775765],[116.59896070970636,6.075432742722013],[116.59844250131579,6.075432742722013],[116.59844250131579,6.0758268290775765],[116.59740608453467,6.0758268290775765],[116.59740608453467,6.07622091571402],[116.59792429292523,6.07622091571402],[116.59792429292523,6.077009089829625],[116.59688787614412,6.077403177308822],[116.59688787614412,6.078191353110098],[116.59896070970636,6.078191353110098],[116.59896070970636,6.077009089829625],[116.59844250131579,6.077009089829625],[116.59844250131579,6.076615002631365],[116.59947891809692,6.076615002631365],[116.59947891809692,6.077403177308822],[116.60051533487803,6.077403177308822],[116.60051533487803,6.07622091571402],[116.59999712648747,6.07622091571402]],[[116.59792429292523,6.077403177308822],[116.59792429292523,6.077797265068974],[116.59740608453467,6.077797265068974],[116.59740608453467,6.077403177308822],[116.59792429292523,6.077403177308822]]],[[[116.60155175165916,6.07766518104702],[116.60140291154381,6.077403177308822],[116.6010335432686,6.077403177308822],[116.6010335432686,6.077797265068974],[116.60155175165916,6.07766518104702]]],[[[116.6010335432686,6.078191353110098],[116.60051533487803,6.078191353110098],[116.60051533487803,6.0785854414322165],[116.6010335432686,6.0785854414322165],[116.6010335432686,6.078191353110098]]],[[[116.59947891809692,6.0793736189195045],[116.59896070970636,6.0793736189195045],[116.59896070970636,6.079767708084711],[116.59947891809692,6.079767708084711],[116.59947891809692,6.0793736189195045]]],[[[116.60274616094344,6.079767708084711],[116.60258816844028,6.080555887258348],[116.60319391074329,6.080555887258348],[116.60274616094344,6.079767708084711]]],[[[116.60206996004973,6.082920431526379],[116.60155175165916,6.082920431526379],[116.60155175165916,6.083314523221868],[116.60206996004973,6.083314523221868],[116.60206996004973,6.082920431526379]]],[[[116.60466100200253,6.083314523221868],[116.60476103504281,6.083314523221868],[116.60466100200253,6.083138432922106],[116.60466100200253,6.083314523221868]]],[[[116.5891147502857,6.0841027074565766],[116.58859654189514,6.0841027074565766],[116.58859654189514,6.084496799995834],[116.5891147502857,6.084496799995834],[116.5891147502857,6.0841027074565766]]],[[[116.59015116706681,6.0841027074565766],[116.58963295867628,6.0841027074565766],[116.58963295867628,6.085284985918243],[116.59222400062907,6.085679079301433],[116.59222400062907,6.085284985918243],[116.59170579223851,6.085284985918243],[116.59170579223851,6.084496799995834],[116.59066937545738,6.084890892816381],[116.59015116706681,6.0841027074565766]]],[[[116.5891147502857,6.086073172965973],[116.58859654189514,6.086073172965973],[116.58859654189514,6.086467266911879],[116.5891147502857,6.086467266911879],[116.5891147502857,6.086073172965973]]],[[[116.59429683419131,6.087255455647873],[116.59377862580075,6.087255455647873],[116.59377862580075,6.087649550437997],[116.59429683419131,6.087649550437997],[116.59429683419131,6.087255455647873]]],[[[116.59533325097242,6.087255455647873],[116.59481504258189,6.087255455647873],[116.59481504258189,6.087649550437997],[116.59533325097242,6.087649550437997],[116.59533325097242,6.087255455647873]]],[[[116.59636966775355,6.087649550437997],[116.59585145936299,6.087649550437997],[116.59585145936299,6.088043645509563],[116.59636966775355,6.088043645509563],[116.59636966775355,6.087649550437997]]],[[[116.59066937545738,6.088043645509563],[116.59015116706681,6.088043645509563],[116.59015116706681,6.08843774086259],[116.59066937545738,6.08843774086259],[116.59066937545738,6.088043645509563]]],[[[116.59429683419131,6.088043645509563],[116.59377862580075,6.088043645509563],[116.59377862580075,6.088831836497099],[116.59429683419131,6.088831836497099],[116.59429683419131,6.088043645509563]]],[[[116.59792429292523,6.08843774086259],[116.59740608453467,6.08843774086259],[116.59740608453467,6.089225932413107],[116.59792429292523,6.089225932413107],[116.59792429292523,6.08843774086259]]],[[[116.59015116706681,6.090014125089694],[116.59015116706681,6.090408221850313],[116.59118758384794,6.090408221850313],[116.59118758384794,6.090014125089694],[116.59170579223851,6.090014125089694],[116.59170579223851,6.089225932413107],[116.59066937545738,6.089225932413107],[116.59066937545738,6.090014125089694],[116.59015116706681,6.090014125089694]]],[[[116.59740608453467,6.094743304805139],[116.59896070970636,6.094743304805139],[116.59896070970636,6.095925606072799],[116.59844250131579,6.095925606072799],[116.59844250131579,6.096319707059002],[116.60015029484761,6.096319707059002],[116.60051533487803,6.094743304805139],[116.59999712648747,6.094743304805139],[116.59999712648747,6.095531505368434],[116.59947891809692,6.095531505368434],[116.59947891809692,6.0943492049461705],[116.59999712648747,6.0943492049461705],[116.59999712648747,6.093955105368966],[116.59896070970636,6.093955105368966],[116.59896070970636,6.093561006073505],[116.59844250131579,6.093561006073505],[116.59844250131579,6.093166907059767],[116.59947891809692,6.093166907059767],[116.59947891809692,6.092772808327735],[116.59896070970636,6.092772808327735],[116.59896070970636,6.09237870987739],[116.59947891809692,6.09237870987739],[116.59947891809692,6.091984611708713],[116.59896070970636,6.091984611708713],[116.59896070970636,6.091590513821686],[116.59947891809692,6.091590513821686],[116.59947891809692,6.090802318892504],[116.59896070970636,6.090802318892504],[116.59844250131579,6.090014125089694],[116.59740608453467,6.090014125089694],[116.59740608453467,6.089225932413107],[116.59585145936299,6.089225932413107],[116.59533325097242,6.090014125089694],[116.59429683419131,6.090014125089694],[116.59429683419131,6.089225932413107],[116.59326041741018,6.089225932413107],[116.59274220901962,6.087255455647873],[116.59222400062907,6.087255455647873],[116.59222400062907,6.086861361139173],[116.59274220901962,6.086861361139173],[116.59274220901962,6.086073172965973],[116.59066937545738,6.086467266911879],[116.59066937545738,6.087255455647873],[116.59170579223851,6.087255455647873],[116.59170579223851,6.089225932413107],[116.59222400062907,6.089225932413107],[116.59222400062907,6.090408221850313],[116.59429683419131,6.090802318892504],[116.59429683419131,6.092772808327735],[116.59481504258189,6.092772808327735],[116.59481504258189,6.09237870987739],[116.59533325097242,6.09237870987739],[116.59533325097242,6.092772808327735],[116.59636966775355,6.092772808327735],[116.59636966775355,6.093166907059767],[116.59585145936299,6.093166907059767],[116.59585145936299,6.093561006073505],[116.59636966775355,6.093561006073505],[116.59636966775355,6.093955105368966],[116.59585145936299,6.093955105368966],[116.59585145936299,6.094743304805139],[116.59688787614412,6.094743304805139],[116.59688787614412,6.095137404945886],[116.59740608453467,6.095137404945886],[116.59740608453467,6.094743304805139]],[[116.59636966775355,6.089620028610631],[116.59636966775355,6.090014125089694],[116.59585145936299,6.090014125089694],[116.59585145936299,6.089620028610631],[116.59636966775355,6.089620028610631]],[[116.59429683419131,6.090408221850313],[116.59377862580075,6.090408221850313],[116.59377862580075,6.090014125089694],[116.59429683419131,6.090014125089694],[116.59429683419131,6.090408221850313]],[[116.59222400062907,6.088831836497099],[116.59274220901962,6.088831836497099],[116.59274220901962,6.089225932413107],[116.59222400062907,6.089225932413107],[116.59222400062907,6.088831836497099]],[[116.59636966775355,6.091984611708713],[116.59688787614412,6.091984611708713],[116.59688787614412,6.092772808327735],[116.59636966775355,6.092772808327735],[116.59636966775355,6.091984611708713]],[[116.59585145936299,6.090802318892504],[116.59533325097242,6.090802318892504],[116.59533325097242,6.090408221850313],[116.59585145936299,6.090408221850313],[116.59585145936299,6.090802318892504]]],[[[116.59326041741018,6.090802318892504],[116.59274220901962,6.090802318892504],[116.59274220901962,6.091590513821686],[116.59326041741018,6.091590513821686],[116.59326041741018,6.090802318892504]]],[[[116.58756012511404,6.091590513821686],[116.58704191672346,6.091590513821686],[116.58704191672346,6.091984611708713],[116.58756012511404,6.091984611708713],[116.58756012511404,6.091590513821686]]],[[[116.59999712648747,6.091590513821686],[116.59999712648747,6.093166907059767],[116.6010335432686,6.093166907059767],[116.6010335432686,6.09237870987739],[116.60051533487803,6.09237870987739],[116.60051533487803,6.091590513821686],[116.59999712648747,6.091590513821686]]],[[[116.6010335432686,6.093561006073505],[116.60136385139141,6.093166907059767],[116.6010335432686,6.093166907059767],[116.6010335432686,6.093561006073505]]],[[[116.59999712648747,6.093166907059767],[116.59947891809692,6.093166907059767],[116.59947891809692,6.093561006073505],[116.59999712648747,6.093561006073505],[116.59999712648747,6.093166907059767]]],[[[116.59118758384794,6.093561006073505],[116.59066937545738,6.093561006073505],[116.59066937545738,6.093955105368966],[116.59118758384794,6.093955105368966],[116.59118758384794,6.093561006073505]]],[[[116.6010335432686,6.093955105368966],[116.60051533487803,6.093955105368966],[116.60051533487803,6.0943492049461705],[116.60090876768746,6.0943492049461705],[116.6010335432686,6.093955105368966]]],[[[116.59118758384794,6.0943492049461705],[116.59066937545738,6.0943492049461705],[116.59066937545738,6.094743304805139],[116.59170579223851,6.094743304805139],[116.59170579223851,6.093955105368966],[116.59118758384794,6.093955105368966],[116.59118758384794,6.0943492049461705]]],[[[116.59429683419131,6.0943492049461705],[116.59377862580075,6.0943492049461705],[116.59377862580075,6.094743304805139],[116.59429683419131,6.094743304805139],[116.59429683419131,6.0943492049461705]]],[[[116.59999712648747,6.096713808327062],[116.59999712648747,6.096717637228563],[116.59999860027962,6.096713808327062],[116.59999712648747,6.096713808327062]]],[[[116.59326041741018,6.0982902162182295],[116.59429683419131,6.09789611382256],[116.59429683419131,6.097107909876995],[116.59481504258189,6.097107909876995],[116.59481504258189,6.096713808327062],[116.59377862580075,6.096713808327062],[116.59377862580075,6.097107909876995],[116.59326041741018,6.097107909876995],[116.59326041741018,6.0982902162182295]]],[[[116.58807833350457,6.09789611382256],[116.58756012511404,6.09789611382256],[116.58756012511404,6.0982902162182295],[116.58807833350457,6.0982902162182295],[116.58807833350457,6.09789611382256]]],[[[116.59896070970636,6.099078421855437],[116.59896070970636,6.099410247255222],[116.59908843287174,6.099078421855437],[116.59896070970636,6.099078421855437]]],[[[116.59326041741018,6.101048940883563],[116.59274220901962,6.101048940883563],[116.59274220901962,6.101443045535356],[116.59326041741018,6.101443045535356],[116.59326041741018,6.101048940883563]]],[[[116.59429683419131,6.10183715046925],[116.59326041741018,6.10183715046925],[116.59326041741018,6.102231255685262],[116.59429683419131,6.102231255685262],[116.59429683419131,6.10183715046925]]],[[[116.59429683419131,6.102625361183412],[116.59429683419131,6.103019466963718],[116.59326041741018,6.103019466963718],[116.59326041741018,6.103413573026198],[116.59377862580075,6.103413573026198],[116.59377862580075,6.10420178599776],[116.59429683419131,6.10420178599776],[116.59429683419131,6.10459589290688],[116.59481504258189,6.10459589290688],[116.59481504258189,6.10420178599776],[116.59533325097242,6.10420178599776],[116.59585145936299,6.102231255685262],[116.59533325097242,6.102231255685262],[116.59533325097242,6.102625361183412],[116.59429683419131,6.102625361183412]]],[[[116.59377862580075,6.104990000098247],[116.59377862580075,6.10420178599776],[116.59326041741018,6.10420178599776],[116.59274220901962,6.104990000098247],[116.59377862580075,6.104990000098247]]],[[[116.59377862580075,6.1053841075718855],[116.59326041741018,6.1053841075718855],[116.59326041741018,6.10577821532781],[116.59377862580075,6.10577821532781],[116.59377862580075,6.1053841075718855]]],[[[116.59015116706681,6.106172323366042],[116.59118758384794,6.106172323366042],[116.59118758384794,6.10577821532781],[116.58963295867628,6.104990000098247],[116.58963295867628,6.10577821532781],[116.59015116706681,6.10577821532781],[116.59015116706681,6.106172323366042]]],[[[116.59015116706681,6.106172323366042],[116.5891147502857,6.10577821532781],[116.58963295867628,6.107748758342408],[116.59015116706681,6.107748758342408],[116.59015116706681,6.106172323366042]]],[[[116.59170579223851,6.108142867792456],[116.59274220901962,6.108142867792456],[116.59274220901962,6.108536977524919],[116.59326041741018,6.108536977524919],[116.59326041741018,6.107748758342408],[116.59429683419131,6.107748758342408],[116.59429683419131,6.108142867792456],[116.59377862580075,6.108142867792456],[116.59377862580075,6.109325197837181],[116.59429683419131,6.109325197837181],[116.59429683419131,6.108536977524919],[116.59481504258189,6.108536977524919],[116.59481504258189,6.106566431686598],[116.59533325097242,6.106566431686598],[116.59533325097242,6.106172323366042],[116.59118758384794,6.106172323366042],[116.59118758384794,6.106566431686598],[116.59170579223851,6.106566431686598],[116.59170579223851,6.108142867792456]]],[[[116.58704191672346,6.108536977524919],[116.58704191672346,6.108931087539823],[116.58756012511404,6.108931087539823],[116.58756012511404,6.108536977524919],[116.58704191672346,6.108536977524919]]],[[[116.58807833350457,6.109325197837181],[116.58807833350457,6.108931087539823],[116.58756012511404,6.108931087539823],[116.58756012511404,6.109325197837181],[116.58807833350457,6.109325197837181]]],[[[116.59274220901962,6.11405454344395],[116.59170579223851,6.11405454344395],[116.59170579223851,6.114842771668679],[116.59222400062907,6.114842771668679],[116.59274220901962,6.11405454344395]]],[[[116.58807833350457,6.114842771668679],[116.58756012511404,6.114842771668679],[116.58756012511404,6.115236886205141],[116.58963295867628,6.115236886205141],[116.59015116706681,6.114448657414955],[116.5891147502857,6.114448657414955],[116.5891147502857,6.114842771668679],[116.58859654189514,6.114842771668679],[116.58859654189514,6.11405454344395],[116.58807833350457,6.11405454344395],[116.58807833350457,6.114842771668679]]],[[[116.59015116706681,6.117601579362475],[116.59066937545738,6.117601579362475],[116.59066937545738,6.117995695878632],[116.59118758384794,6.117995695878632],[116.59118758384794,6.117207463129188],[116.59015116706681,6.117207463129188],[116.59015116706681,6.117601579362475]]],[[[116.58807833350457,6.117995695878632],[116.58756012511404,6.117995695878632],[116.58756012511404,6.11878392975963],[116.58807833350457,6.11878392975963],[116.58807833350457,6.117995695878632]]],[[[116.59118758384794,6.119572164772333],[116.59015116706681,6.119572164772333],[116.59015116706681,6.11996628270312],[116.59104862076906,6.11996628270312],[116.59135200990501,6.119178047124509],[116.59118758384794,6.119572164772333]]],[[[116.58859654189514,6.11996628270312],[116.5891147502857,6.11996628270312],[116.5891147502857,6.119178047124509],[116.58807833350457,6.11878392975963],[116.58807833350457,6.120360400916891],[116.58859654189514,6.120360400916891],[116.58859654189514,6.11996628270312]]],[[[116.59015116706681,6.121542757256284],[116.58963295867628,6.121542757256284],[116.58963295867628,6.122725116143196],[116.58998675879322,6.122725116143196],[116.59015116706681,6.121542757256284]]],[[[116.5891147502857,6.121542757256284],[116.58859654189514,6.121542757256284],[116.58859654189514,6.120754519413663],[116.58756012511404,6.120360400916891],[116.58756012511404,6.121936876602172],[116.58704191672346,6.121936876602172],[116.58704191672346,6.122330996231137],[116.58756012511404,6.122330996231137],[116.58756012511404,6.12311923633837],[116.58859654189514,6.122725116143196],[116.58859654189514,6.12430159862276],[116.5891147502857,6.12430159862276],[116.58963295867628,6.12364433058664],[116.5891147502857,6.122330996231137],[116.58859654189514,6.122330996231137],[116.5891147502857,6.121542757256284]]],[[[116.58756012511404,6.12430159862276],[116.58807833350457,6.12430159862276],[116.58807833350457,6.1239074775781335],[116.58704191672346,6.123513356816676],[116.58704191672346,6.12469571995058],[116.58756012511404,6.12469571995058],[116.58756012511404,6.12430159862276]]],[[[116.5891147502857,6.12430159862276],[116.5891147502857,6.124990699901331],[116.5893799805213,6.12430159862276],[116.5891147502857,6.12430159862276]]],[[[116.58859654189514,6.1250898415616035],[116.58859654189514,6.126205072150846],[116.5886458,6.1262090934329665],[116.58907659138535,6.1250898415616035],[116.58859654189514,6.1250898415616035]]]]},"properties":{"place_id":"014d651c-1cc6-5694-8a53-3331ebfd1ca8","habitat":"open_grassland","habitat_label":"Open grassland or shrubland","resolution_m":50}},{"type":"Feature","geometry":{"type":"MultiPolygon","coordinates":[[[[116.54403062030694,6.00489579181393],[116.54143957835414,6.005367950372253],[116.54143957835414,6.005683864852052],[116.54299420352582,6.006471939000336],[116.54299420352582,6.006077901787413],[116.54403062030694,6.005683864852052],[116.54403062030694,6.00489579181393]]],[[[116.54299420352582,6.0080480906280025],[116.54403062030694,6.007654052304651],[116.54351241191638,6.006865976490837],[116.54299420352582,6.006865976490837],[116.54195778674469,6.0080480906280025],[116.54092136996357,6.0080480906280025],[116.54040316157301,6.008836168107681],[116.54247599513525,6.010018286409932],[116.54247599513525,6.009624246698127],[116.54351241191638,6.009230207264048],[116.54351241191638,6.008836168107681],[116.54299420352582,6.008836168107681],[116.54299420352582,6.0080480906280025]]],[[[116.54040316157301,6.010018286409932],[116.53988495318245,6.010018286409932],[116.53988495318245,6.010806366666806],[116.54092136996357,6.011200407211909],[116.54092136996357,6.010806366666806],[116.54143957835414,6.010806366666806],[116.54143957835414,6.010018286409932],[116.54092136996357,6.010018286409932],[116.54092136996357,6.009624246698127],[116.54040316157301,6.009624246698127],[116.54040316157301,6.010018286409932]]],[[[116.5341846608863,6.011200407211909],[116.53367513970004,6.011988489135548],[116.53470286927684,6.012382530514119],[116.5352210776674,6.011594448034817],[116.5341846608863,6.011200407211909]]],[[[116.54247599513525,6.035237406499049],[116.54195778674469,6.035237406499049],[116.54195778674469,6.034843348973611],[116.54092136996357,6.035237406499049],[116.54092136996357,6.035631464303435],[116.54143957835414,6.035631464303435],[116.54143957835414,6.0368136393904654],[116.54092136996357,6.0368136393904654],[116.54092136996357,6.037207698310828],[116.54143957835414,6.037207698310828],[116.54143957835414,6.037995816988696],[116.54299420352582,6.038783936782881],[116.54299420352582,6.0383898767462405],[116.54351241191638,6.0383898767462405],[116.54351241191638,6.036025522386788],[116.54299420352582,6.036025522386788],[116.54247599513525,6.035237406499049]]],[[[116.53781211962021,6.046271130532519],[116.53833032801077,6.046271130532519],[116.53884853640133,6.047059262057069],[116.53988495318245,6.046665196155049],[116.53988495318245,6.045877065189463],[116.5393667447919,6.045877065189463],[116.5393667447919,6.045088935341692],[116.53884853640133,6.045088935341692],[116.53884853640133,6.044694870836942],[116.5367757028391,6.045877065189463],[116.53729391122964,6.046665196155049],[116.53781211962021,6.046665196155049],[116.53781211962021,6.046271130532519]],[[116.53833032801077,6.045483000125859],[116.53833032801077,6.045877065189463],[116.53781211962021,6.045877065189463],[116.53781211962021,6.045483000125859],[116.53833032801077,6.045483000125859]]],[[[116.53833032801077,6.05691100049715],[116.53781211962021,6.05769914712791],[116.53884853640133,6.058093220863305],[116.5393667447919,6.057305073672531],[116.53833032801077,6.05691100049715]]],[[[116.54195778674469,6.0596695186054275],[116.54143957835414,6.0596695186054275],[116.54143957835414,6.060063593741189],[116.54247599513525,6.060457669157078],[116.54299420352582,6.0596695186054275],[116.54247599513525,6.0596695186054275],[116.54247599513525,6.059275443749779],[116.54195778674469,6.059275443749779],[116.54195778674469,6.0596695186054275]]],[[[116.54092136996357,6.063216204913498],[116.54040316157301,6.063216204913498],[116.54040316157301,6.063610282571097],[116.54143957835414,6.064004360508992],[116.54195778674469,6.063216204913498],[116.54143957835414,6.063216204913498],[116.54143957835414,6.062822127536179],[116.54092136996357,6.062822127536179],[116.54092136996357,6.063216204913498]]],[[[116.54403062030694,6.065974754403605],[116.54247599513525,6.0651865960046605],[116.54247599513525,6.064398438727207],[116.54195778674469,6.064398438727207],[116.54195778674469,6.064004360508992],[116.54040316157301,6.064792517225757],[116.54040316157301,6.066368834023684],[116.54092136996357,6.066368834023684],[116.54092136996357,6.066762913924193],[116.54195778674469,6.066762913924193],[116.54195778674469,6.066368834023684],[116.54299420352582,6.066368834023684],[116.54299420352582,6.066762913924193],[116.54351241191638,6.066762913924193],[116.54403062030694,6.065974754403605]]],[[[116.53884853640133,6.065974754403605],[116.53833032801077,6.065974754403605],[116.53833032801077,6.066368834023684],[116.5393667447919,6.066762913924193],[116.53988495318245,6.065974754403605],[116.5393667447919,6.065974754403605],[116.5393667447919,6.065580675063937],[116.53884853640133,6.065580675063937],[116.53884853640133,6.065974754403605]]],[[[116.53988495318245,6.079767708084711],[116.54040316157301,6.080555887258348],[116.54143957835414,6.0801617975309865],[116.54092136996357,6.0793736189195045],[116.53988495318245,6.079767708084711]]],[[[116.54143957835414,6.0825263401121035],[116.54247599513525,6.081344067556404],[116.54092136996357,6.080555887258348],[116.53988495318245,6.082132248979031],[116.54040316157301,6.082132248979031],[116.54040316157301,6.0825263401121035],[116.54143957835414,6.0825263401121035]]],[[[116.53314824410516,6.081738158127137],[116.53263003571459,6.0825263401121035],[116.53366645249572,6.082920431526379],[116.5341846608863,6.082132248979031],[116.53314824410516,6.081738158127137]]],[[[116.53573928605796,6.083314523221868],[116.5352210776674,6.083314523221868],[116.5352210776674,6.083708615198595],[116.53625749444853,6.0841027074565766],[116.5367757028391,6.083314523221868],[116.53625749444853,6.083314523221868],[116.53625749444853,6.082920431526379],[116.53573928605796,6.082920431526379],[116.53573928605796,6.083314523221868]]],[[[116.53132878413254,6.089620028610631],[116.53159361893348,6.089225932413107],[116.53134069456686,6.089225932413107],[116.53132878413254,6.089620028610631]]],[[[116.53211182732406,6.091590513821686],[116.53159361893348,6.09237870987739],[116.53263003571459,6.092772808327735],[116.53314824410516,6.091984611708713],[116.53211182732406,6.091590513821686]]],[[[116.53573928605796,6.091984611708713],[116.5352210776674,6.091984611708713],[116.5352210776674,6.09237870987739],[116.53625749444853,6.092772808327735],[116.5367757028391,6.091984611708713],[116.53625749444853,6.091984611708713],[116.53625749444853,6.091590513821686],[116.53573928605796,6.091590513821686],[116.53573928605796,6.091984611708713]]],[[[116.53884853640133,6.091984611708713],[116.53833032801077,6.091984611708713],[116.53833032801077,6.09237870987739],[116.5393667447919,6.092772808327735],[116.53988495318245,6.091984611708713],[116.5393667447919,6.091984611708713],[116.5393667447919,6.091590513821686],[116.53884853640133,6.091590513821686],[116.53884853640133,6.091984611708713]]],[[[116.53159361893348,6.09237870987739],[116.53123350065769,6.092772808327735],[116.53159361893348,6.092772808327735],[116.53159361893348,6.09237870987739]]],[[[116.5341846608863,6.09237870987739],[116.53366645249572,6.09237870987739],[116.53366645249572,6.092772808327735],[116.53470286927684,6.093166907059767],[116.5352210776674,6.09237870987739],[116.53470286927684,6.09237870987739],[116.53470286927684,6.091984611708713],[116.5341846608863,6.091984611708713],[116.5341846608863,6.09237870987739]]],[[[116.54403062030694,6.0943492049461705],[116.54454882869749,6.0943492049461705],[116.54454882869749,6.093955105368966],[116.54506703708806,6.093955105368966],[116.54506703708806,6.093166907059767],[116.54662166225975,6.09237870987739],[116.54610345386918,6.091590513821686],[116.54506703708806,6.091590513821686],[116.54506703708806,6.090408221850313],[116.54454882869749,6.090408221850313],[116.54454882869749,6.090014125089694],[116.54299420352582,6.090802318892504],[116.54299420352582,6.091196416216289],[116.54351241191638,6.091196416216289],[116.54351241191638,6.091590513821686],[116.54299420352582,6.091590513821686],[116.54299420352582,6.09237870987739],[116.54247599513525,6.09237870987739],[116.54195778674469,6.091590513821686],[116.54092136996357,6.091590513821686],[116.54092136996357,6.091984611708713],[116.54040316157301,6.091984611708713],[116.54040316157301,6.09237870987739],[116.54143957835414,6.092772808327735],[116.54143957835414,6.093166907059767],[116.54092136996357,6.093166907059767],[116.54092136996357,6.0943492049461705],[116.54143957835414,6.0943492049461705],[116.54195778674469,6.095137404945886],[116.54247599513525,6.095137404945886],[116.54247599513525,6.094743304805139],[116.54351241191638,6.095137404945886],[116.54403062030694,6.0943492049461705]]],[[[116.54092136996357,6.1053841075718855],[116.54143957835414,6.1053841075718855],[116.54143957835414,6.10420178599776],[116.54195778674469,6.10420178599776],[116.54143957835414,6.103413573026198],[116.54092136996357,6.103413573026198],[116.54040316157301,6.10420178599776],[116.53884853640133,6.10420178599776],[116.53884853640133,6.10459589290688],[116.53833032801077,6.10459589290688],[116.53833032801077,6.1053841075718855],[116.53884853640133,6.1053841075718855],[116.53988495318245,6.106566431686598],[116.54092136996357,6.106566431686598],[116.54092136996357,6.106172323366042],[116.54143957835414,6.106172323366042],[116.54092136996357,6.1053841075718855]]],[[[116.5393667447919,6.106960540289501],[116.53988495318245,6.106960540289501],[116.53988495318245,6.106566431686598],[116.53884853640133,6.106172323366042],[116.53833032801077,6.106960540289501],[116.53884853640133,6.106960540289501],[116.53884853640133,6.107354649174765],[116.5393667447919,6.107354649174765],[116.5393667447919,6.106960540289501]]],[[[116.5341846608863,6.110507530424188],[116.5341846608863,6.1109016418515605],[116.5352210776674,6.1109016418515605],[116.53573928605796,6.110113419279345],[116.5352210776674,6.110113419279345],[116.5352210776674,6.109719308417017],[116.5341846608863,6.109719308417017],[116.5341846608863,6.110113419279345],[116.53366645249572,6.110113419279345],[116.53366645249572,6.110507530424188],[116.5341846608863,6.110507530424188]]],[[[116.53833032801077,6.11247809038675],[116.53833032801077,6.112872203227064],[116.53988495318245,6.112872203227064],[116.54040316157301,6.1120839778290605],[116.53988495318245,6.1120839778290605],[116.53988495318245,6.111689865553979],[116.53781211962021,6.111689865553979],[116.53781211962021,6.110507530424188],[116.53729391122964,6.110507530424188],[116.53729391122964,6.110113419279345],[116.53625749444853,6.110113419279345],[116.53573928605796,6.1109016418515605],[116.5367757028391,6.111295753561486],[116.5367757028391,6.1120839778290605],[116.53729391122964,6.1120839778290605],[116.53729391122964,6.11247809038675],[116.53833032801077,6.11247809038675]]],[[[116.54662166225975,6.028538466488147],[116.54610345386918,6.029326572896454],[116.5471398706503,6.029720626518596],[116.54765807904086,6.028932519552977],[116.54662166225975,6.028538466488147]]],[[[116.54921270421254,6.039966118567576],[116.54869449582199,6.039966118567576],[116.54869449582199,6.040360179720791],[116.5497309126031,6.040754241153201],[116.55024912099367,6.039966118567576],[116.5497309126031,6.039966118567576],[116.5497309126031,6.039572057693529],[116.54921270421254,6.039572057693529],[116.54921270421254,6.039966118567576]]],[[[116.55335837133704,6.048635528460441],[116.55284016294647,6.048635528460441],[116.55180374616533,6.047453328238599],[116.55024912099367,6.048241461440266],[116.55076732938423,6.049029595760199],[116.55180374616533,6.049029595760199],[116.55180374616533,6.049423663339561],[116.55076732938423,6.049817731198546],[116.55076732938423,6.05060586775546],[116.55024912099367,6.05060586775546],[116.55024912099367,6.051394005431091],[116.55076732938423,6.051394005431091],[116.55076732938423,6.051788074688471],[116.55180374616533,6.051394005431091],[116.55180374616533,6.05060586775546],[116.55284016294647,6.05060586775546],[116.55284016294647,6.050211799337174],[116.55335837133704,6.050211799337174],[116.55335837133704,6.048635528460441]]],[[[116.54403062030694,6.053364354515533],[116.54351241191638,6.054152496107849],[116.54454882869749,6.0545465673237695],[116.54506703708806,6.053758425171776],[116.54403062030694,6.053364354515533]]],[[[116.55646762168038,6.058093220863305],[116.55698583007094,6.058093220863305],[116.55698583007094,6.0588813691742205],[116.55750403846152,6.0588813691742205],[116.55750403846152,6.059275443749779],[116.55854045524265,6.059275443749779],[116.55854045524265,6.0596695186054275],[116.55957687202375,6.059275443749779],[116.55957687202375,6.058093220863305],[116.55905866363318,6.058093220863305],[116.55905866363318,6.05769914712791],[116.55957687202375,6.05769914712791],[116.56009508041431,6.05691100049715],[116.55905866363318,6.0565169276017485],[116.55905866363318,6.056122854986307],[116.55957687202375,6.056122854986307],[116.55957687202375,6.0549406388195575],[116.55905866363318,6.0549406388195575],[116.55854045524265,6.054152496107849],[116.55802224685208,6.054152496107849],[116.55802224685208,6.0545465673237695],[116.55750403846152,6.0545465673237695],[116.55750403846152,6.055334710595232],[116.55698583007094,6.055334710595232],[116.55698583007094,6.0557287826508075],[116.55750403846152,6.0557287826508075],[116.55750403846152,6.0565169276017485],[116.55543120489928,6.05769914712791],[116.55594941328984,6.058487294878736],[116.55646762168038,6.058487294878736],[116.55646762168038,6.058093220863305]],[[116.55698583007094,6.057305073672531],[116.55698583007094,6.05769914712791],[116.55646762168038,6.05769914712791],[116.55646762168038,6.057305073672531],[116.55698583007094,6.057305073672531]]],[[[116.55594941328984,6.06124582082932],[116.55543120489928,6.06124582082932],[116.55543120489928,6.0616398970857075],[116.55646762168038,6.062033973622303],[116.55698583007094,6.06124582082932],[116.55646762168038,6.06124582082932],[116.55646762168038,6.060851744853116],[116.55594941328984,6.060851744853116],[116.55594941328984,6.06124582082932]]],[[[116.55646762168038,6.064004360508992],[116.55594941328984,6.064792517225757],[116.55698583007094,6.0651865960046605],[116.55750403846152,6.064398438727207],[116.55646762168038,6.064004360508992]]],[[[116.5549129965087,6.065580675063937],[116.55387657972757,6.065580675063937],[116.55335837133704,6.066368834023684],[116.55543120489928,6.06715699410515],[116.55594941328984,6.066368834023684],[116.55543120489928,6.066368834023684],[116.5549129965087,6.065580675063937]]],[[[116.54403062030694,6.06715699410515],[116.54351241191638,6.06715699410515],[116.54351241191638,6.067551074566573],[116.54454882869749,6.067945155308484],[116.54506703708806,6.06715699410515],[116.54454882869749,6.06715699410515],[116.54454882869749,6.066762913924193],[116.54403062030694,6.066762913924193],[116.54403062030694,6.06715699410515]]],[[[116.55076732938423,6.073068230486047],[116.55128553777479,6.073068230486047],[116.55076732938423,6.0722800619869135],[116.5497309126031,6.0722800619869135],[116.5497309126031,6.072674146096115],[116.54921270421254,6.072674146096115],[116.5497309126031,6.0734623151567275],[116.55076732938423,6.0734623151567275],[116.55076732938423,6.073068230486047]]],[[[116.5497309126031,6.075038656647307],[116.5497309126031,6.075432742722013],[116.54869449582199,6.0758268290775765],[116.54869449582199,6.076615002631365],[116.54817628743143,6.076615002631365],[116.54817628743143,6.0758268290775765],[116.54765807904086,6.0758268290775765],[116.54765807904086,6.075038656647307],[116.5471398706503,6.075038656647307],[116.5471398706503,6.074644570853446],[116.54610345386918,6.075038656647307],[116.54558524547862,6.0734623151567275],[116.54454882869749,6.073068230486047],[116.54454882869749,6.072674146096115],[116.54506703708806,6.072674146096115],[116.54506703708806,6.0722800619869135],[116.54454882869749,6.0722800619869135],[116.54454882869749,6.071491894610624],[116.54506703708806,6.071491894610624],[116.54506703708806,6.070703728357027],[116.54558524547862,6.070703728357027],[116.54558524547862,6.070309645651192],[116.54454882869749,6.069915563225973],[116.54454882869749,6.069127399217313],[116.54506703708806,6.069127399217313],[116.54506703708806,6.068733317633836],[116.54454882869749,6.068733317633836],[116.54454882869749,6.068339236330897],[116.54351241191638,6.068339236330897],[116.54351241191638,6.067551074566573],[116.54247599513525,6.06715699410515],[116.54247599513525,6.067551074566573],[116.54195778674469,6.067551074566573],[116.54247599513525,6.068339236330897],[116.54195778674469,6.068339236330897],[116.54195778674469,6.069127399217313],[116.54092136996357,6.069521481081354],[116.54092136996357,6.069915563225973],[116.54143957835414,6.069915563225973],[116.54143957835414,6.070309645651192],[116.54092136996357,6.070309645651192],[116.54092136996357,6.070703728357027],[116.54143957835414,6.070703728357027],[116.54143957835414,6.071491894610624],[116.54040316157301,6.071885978158423],[116.54040316157301,6.072674146096115],[116.54195778674469,6.0734623151567275],[116.54195778674469,6.074250485340408],[116.54143957835414,6.074250485340408],[116.54143957835414,6.074644570853446],[116.54454882869749,6.07622091571402],[116.54454882869749,6.077009089829625],[116.54351241191638,6.077403177308822],[116.54351241191638,6.078191353110098],[116.54403062030694,6.078191353110098],[116.54454882869749,6.078979530035344],[116.54558524547862,6.078979530035344],[116.54558524547862,6.0785854414322165],[116.54610345386918,6.0785854414322165],[116.54610345386918,6.0793736189195045],[116.54506703708806,6.079767708084711],[116.54506703708806,6.081738158127137],[116.54558524547862,6.081738158127137],[116.54506703708806,6.083314523221868],[116.54299420352582,6.083314523221868],[116.54299420352582,6.082920431526379],[116.54247599513525,6.082920431526379],[116.54247599513525,6.083314523221868],[116.54195778674469,6.083314523221868],[116.54195778674469,6.084496799995834],[116.54143957835414,6.084496799995834],[116.54143957835414,6.0841027074565766],[116.54092136996357,6.0841027074565766],[116.54092136996357,6.083708615198595],[116.54143957835414,6.083708615198595],[116.54092136996357,6.082920431526379],[116.54040316157301,6.082920431526379],[116.54040316157301,6.083314523221868],[116.5393667447919,6.083314523221868],[116.5393667447919,6.082920431526379],[116.53833032801077,6.082920431526379],[116.53833032801077,6.0825263401121035],[116.53729391122964,6.082920431526379],[116.53833032801077,6.084496799995834],[116.53884853640133,6.084496799995834],[116.5393667447919,6.083708615198595],[116.54040316157301,6.083708615198595],[116.54040316157301,6.0841027074565766],[116.53988495318245,6.0841027074565766],[116.54040316157301,6.086073172965973],[116.54092136996357,6.086073172965973],[116.54092136996357,6.086861361139173],[116.54040316157301,6.086861361139173],[116.54092136996357,6.08843774086259],[116.54040316157301,6.08843774086259],[116.54040316157301,6.088831836497099],[116.54092136996357,6.088831836497099],[116.54092136996357,6.089225932413107],[116.54195778674469,6.089225932413107],[116.54195778674469,6.088831836497099],[116.54247599513525,6.088831836497099],[116.54143957835414,6.087649550437997],[116.54195778674469,6.087649550437997],[116.54195778674469,6.086861361139173],[116.54299420352582,6.086467266911879],[116.54299420352582,6.086861361139173],[116.54351241191638,6.086861361139173],[116.54351241191638,6.088043645509563],[116.54454882869749,6.08843774086259],[116.54454882869749,6.089225932413107],[116.54506703708806,6.089225932413107],[116.54506703708806,6.089620028610631],[116.54610345386918,6.089225932413107],[116.54610345386918,6.088831836497099],[116.54558524547862,6.088831836497099],[116.54558524547862,6.087649550437997],[116.54610345386918,6.087649550437997],[116.54610345386918,6.086467266911879],[116.54558524547862,6.086467266911879],[116.54610345386918,6.084496799995834],[116.54558524547862,6.084496799995834],[116.54558524547862,6.083708615198595],[116.54662166225975,6.083314523221868],[116.54662166225975,6.0825263401121035],[116.5471398706503,6.0825263401121035],[116.5471398706503,6.081738158127137],[116.54817628743143,6.081344067556404],[116.54817628743143,6.080555887258348],[116.54869449582199,6.080555887258348],[116.54869449582199,6.081344067556404],[116.54921270421254,6.081344067556404],[116.54921270421254,6.081738158127137],[116.55024912099367,6.081344067556404],[116.55024912099367,6.080949977266814],[116.5497309126031,6.080949977266814],[116.5497309126031,6.0801617975309865],[116.54921270421254,6.0801617975309865],[116.54921270421254,6.079767708084711],[116.5497309126031,6.079767708084711],[116.5497309126031,6.078979530035344],[116.54921270421254,6.078979530035344],[116.54921270421254,6.0785854414322165],[116.54817628743143,6.078979530035344],[116.54817628743143,6.078191353110098],[116.54869449582199,6.078191353110098],[116.54869449582199,6.077797265068974],[116.5497309126031,6.077797265068974],[116.5497309126031,6.078191353110098],[116.55076732938423,6.078191353110098],[116.55076732938423,6.0785854414322165],[116.55180374616533,6.078191353110098],[116.55232195455591,6.079767708084711],[116.55284016294647,6.079767708084711],[116.55335837133704,6.080555887258348],[116.55646762168038,6.080949977266814],[116.55594941328984,6.081738158127137],[116.55646762168038,6.081738158127137],[116.55698583007094,6.0825263401121035],[116.55750403846152,6.0825263401121035],[116.55802224685208,6.081738158127137],[116.56009508041431,6.081738158127137],[116.56009508041431,6.082132248979031],[116.56113149719542,6.0825263401121035],[116.56113149719542,6.083314523221868],[116.56061328880489,6.083314523221868],[116.56061328880489,6.082920431526379],[116.55957687202375,6.082920431526379],[116.55905866363318,6.083708615198595],[116.55957687202375,6.083708615198595],[116.55957687202375,6.0841027074565766],[116.56061328880489,6.0841027074565766],[116.56061328880489,6.083708615198595],[116.56113149719542,6.083708615198595],[116.56164970558599,6.085284985918243],[116.56216791397655,6.085284985918243],[116.56216791397655,6.085679079301433],[116.56372253914823,6.086467266911879],[116.56372253914823,6.087255455647873],[116.56424074753879,6.087255455647873],[116.56372253914823,6.088043645509563],[116.56424074753879,6.088043645509563],[116.56424074753879,6.08843774086259],[116.56527716431992,6.08843774086259],[116.56631358110103,6.086861361139173],[116.5657953727105,6.086861361139173],[116.56527716431992,6.086073172965973],[116.56424074753879,6.086073172965973],[116.56424074753879,6.085679079301433],[116.56372253914823,6.085679079301433],[116.56372253914823,6.084496799995834],[116.56320433075769,6.084496799995834],[116.56320433075769,6.083708615198595],[116.56268612236713,6.083708615198595],[116.56268612236713,6.082920431526379],[116.56216791397655,6.082920431526379],[116.56216791397655,6.081738158127137],[116.56164970558599,6.081738158127137],[116.56113149719542,6.080949977266814],[116.56009508041431,6.080949977266814],[116.56009508041431,6.080555887258348],[116.55957687202375,6.080555887258348],[116.56009508041431,6.079767708084711],[116.55905866363318,6.0793736189195045],[116.55905866363318,6.078979530035344],[116.56113149719542,6.078979530035344],[116.56164970558599,6.078191353110098],[116.56113149719542,6.078191353110098],[116.56009508041431,6.077009089829625],[116.55802224685208,6.076615002631365],[116.55750403846152,6.0758268290775765],[116.55905866363318,6.0758268290775765],[116.55905866363318,6.07622091571402],[116.55957687202375,6.07622091571402],[116.56009508041431,6.075432742722013],[116.56113149719542,6.075432742722013],[116.56113149719542,6.075038656647307],[116.56164970558599,6.075038656647307],[116.56164970558599,6.074250485340408],[116.56113149719542,6.074250485340408],[116.56164970558599,6.0734623151567275],[116.56320433075769,6.0734623151567275],[116.56372253914823,6.072674146096115],[116.56527716431992,6.072674146096115],[116.56527716431992,6.073068230486047],[116.5657953727105,6.073068230486047],[116.5668317894916,6.071491894610624],[116.56734999788216,6.071491894610624],[116.56786820627273,6.0722800619869135],[116.56890462305384,6.0722800619869135],[116.5694228314444,6.071491894610624],[116.56890462305384,6.071491894610624],[116.56838641466327,6.070703728357027],[116.56734999788216,6.071097811343497],[116.56734999788216,6.069915563225973],[116.5668317894916,6.069915563225973],[116.56631358110103,6.069127399217313],[116.56527716431992,6.069127399217313],[116.56527716431992,6.068733317633836],[116.56475895592936,6.068733317633836],[116.56424074753879,6.069521481081354],[116.56372253914823,6.069521481081354],[116.56372253914823,6.068733317633836],[116.56320433075769,6.068733317633836],[116.56320433075769,6.068339236330897],[116.56113149719542,6.068733317633836],[116.56113149719542,6.067551074566573],[116.56061328880489,6.067551074566573],[116.56061328880489,6.066762913924193],[116.56113149719542,6.066762913924193],[116.56113149719542,6.0651865960046605],[116.56164970558599,6.0651865960046605],[116.56113149719542,6.064398438727207],[116.56061328880489,6.064398438727207],[116.56009508041431,6.0651865960046605],[116.55957687202375,6.0651865960046605],[116.55905866363318,6.064398438727207],[116.55750403846152,6.0651865960046605],[116.55750403846152,6.065580675063937],[116.55802224685208,6.065580675063937],[116.55802224685208,6.066368834023684],[116.55957687202375,6.06715699410515],[116.55957687202375,6.067551074566573],[116.55905866363318,6.067551074566573],[116.55905866363318,6.067945155308484],[116.55957687202375,6.067945155308484],[116.55957687202375,6.069521481081354],[116.55905866363318,6.069521481081354],[116.55957687202375,6.070309645651192],[116.55905866363318,6.070309645651192],[116.55905866363318,6.071097811343497],[116.55854045524265,6.071097811343497],[116.55854045524265,6.0722800619869135],[116.55905866363318,6.0722800619869135],[116.55905866363318,6.072674146096115],[116.55802224685208,6.072674146096115],[116.55802224685208,6.069915563225973],[116.55750403846152,6.069915563225973],[116.55750403846152,6.068733317633836],[116.55543120489928,6.067945155308484],[116.5549129965087,6.068733317633836],[116.55543120489928,6.068733317633836],[116.55594941328984,6.069521481081354],[116.55335837133704,6.069127399217313],[116.55335837133704,6.069521481081354],[116.55284016294647,6.069521481081354],[116.55284016294647,6.070309645651192],[116.55335837133704,6.070309645651192],[116.55335837133704,6.071097811343497],[116.55284016294647,6.071097811343497],[116.55284016294647,6.071491894610624],[116.55232195455591,6.071491894610624],[116.55180374616533,6.070703728357027],[116.55128553777479,6.070703728357027],[116.55128553777479,6.071097811343497],[116.55076732938423,6.071097811343497],[116.55076732938423,6.070703728357027],[116.5497309126031,6.071097811343497],[116.55076732938423,6.0722800619869135],[116.55128553777479,6.0722800619869135],[116.55128553777479,6.071885978158423],[116.55180374616533,6.071885978158423],[116.55180374616533,6.0722800619869135],[116.55232195455591,6.0722800619869135],[116.55232195455591,6.071885978158423],[116.55335837133704,6.0722800619869135],[116.55335837133704,6.073068230486047],[116.55232195455591,6.073068230486047],[116.55232195455591,6.072674146096115],[116.55180374616533,6.072674146096115],[116.55180374616533,6.073068230486047],[116.5497309126031,6.074250485340408],[116.5497309126031,6.074644570853446],[116.55024912099367,6.074644570853446],[116.55024912099367,6.075038656647307],[116.5497309126031,6.075038656647307]],[[116.5657953727105,6.071885978158423],[116.5657953727105,6.071491894610624],[116.56631358110103,6.071491894610624],[116.56631358110103,6.071885978158423],[116.5657953727105,6.071885978158423]],[[116.56527716431992,6.071491894610624],[116.56527716431992,6.071097811343497],[116.56475895592936,6.071097811343497],[116.56475895592936,6.070703728357027],[116.5657953727105,6.070703728357027],[116.5657953727105,6.071491894610624],[116.56527716431992,6.071491894610624]],[[116.54143957835414,6.085284985918243],[116.54143957835414,6.084890892816381],[116.54195778674469,6.084890892816381],[116.54195778674469,6.085284985918243],[116.54143957835414,6.085284985918243]],[[116.54817628743143,6.0801617975309865],[116.54817628743143,6.079767708084711],[116.54869449582199,6.079767708084711],[116.54869449582199,6.0801617975309865],[116.54817628743143,6.0801617975309865]],[[116.55646762168038,6.078191353110098],[116.55646762168038,6.0785854414322165],[116.55594941328984,6.0785854414322165],[116.55594941328984,6.078191353110098],[116.55646762168038,6.078191353110098]],[[116.55646762168038,6.077797265068974],[116.55698583007094,6.077797265068974],[116.55698583007094,6.078191353110098],[116.55646762168038,6.078191353110098],[116.55646762168038,6.077797265068974]],[[116.55335837133704,6.078191353110098],[116.55335837133704,6.076615002631365],[116.55387657972757,6.076615002631365],[116.55387657972757,6.077009089829625],[116.5549129965087,6.077009089829625],[116.5549129965087,6.077403177308822],[116.55439478811815,6.077403177308822],[116.55439478811815,6.078191353110098],[116.55335837133704,6.078191353110098]],[[116.55024912099367,6.077009089829625],[116.55024912099367,6.076615002631365],[116.55076732938423,6.076615002631365],[116.55076732938423,6.077009089829625],[116.55024912099367,6.077009089829625]],[[116.56009508041431,6.073856400108175],[116.56009508041431,6.0734623151567275],[116.56061328880489,6.0734623151567275],[116.56061328880489,6.073856400108175],[116.56009508041431,6.073856400108175]],[[116.55543120489928,6.073068230486047],[116.5549129965087,6.073068230486047],[116.5549129965087,6.0734623151567275],[116.55439478811815,6.0734623151567275],[116.55439478811815,6.072674146096115],[116.5549129965087,6.072674146096115],[116.5549129965087,6.0722800619869135],[116.55543120489928,6.0722800619869135],[116.55543120489928,6.073068230486047]],[[116.55594941328984,6.073068230486047],[116.55594941328984,6.0734623151567275],[116.55543120489928,6.0734623151567275],[116.55543120489928,6.073068230486047],[116.55594941328984,6.073068230486047]],[[116.54351241191638,6.069521481081354],[116.54351241191638,6.069127399217313],[116.54403062030694,6.069127399217313],[116.54403062030694,6.069521481081354],[116.54351241191638,6.069521481081354]]],[[[116.55180374616533,6.082132248979031],[116.55128553777479,6.082132248979031],[116.55128553777479,6.0825263401121035],[116.55232195455591,6.082920431526379],[116.55284016294647,6.082132248979031],[116.55232195455591,6.082132248979031],[116.55232195455591,6.081738158127137],[116.55180374616533,6.081738158127137],[116.55180374616533,6.082132248979031]]],[[[116.5549129965087,6.081344067556404],[116.55439478811815,6.081344067556404],[116.55439478811815,6.080949977266814],[116.55335837133704,6.080949977266814],[116.55335837133704,6.081344067556404],[116.55284016294647,6.081344067556404],[116.55284016294647,6.081738158127137],[116.55387657972757,6.082132248979031],[116.55387657972757,6.082920431526379],[116.55335837133704,6.082920431526379],[116.55387657972757,6.083708615198595],[116.5549129965087,6.083314523221868],[116.5549129965087,6.082920431526379],[116.55439478811815,6.082920431526379],[116.5549129965087,6.081344067556404]]],[[[116.55802224685208,6.082132248979031],[116.55750403846152,6.082920431526379],[116.55854045524265,6.083314523221868],[116.55905866363318,6.0825263401121035],[116.55802224685208,6.082132248979031]]],[[[116.55750403846152,6.085679079301433],[116.55698583007094,6.085679079301433],[116.55698583007094,6.086073172965973],[116.55802224685208,6.086467266911879],[116.55854045524265,6.085679079301433],[116.55802224685208,6.085679079301433],[116.55802224685208,6.085284985918243],[116.55750403846152,6.085284985918243],[116.55750403846152,6.085679079301433]]],[[[116.55750403846152,6.087255455647873],[116.55698583007094,6.087255455647873],[116.55698583007094,6.086861361139173],[116.55543120489928,6.086861361139173],[116.55543120489928,6.087255455647873],[116.5549129965087,6.087255455647873],[116.5549129965087,6.087649550437997],[116.55646762168038,6.08843774086259],[116.55646762168038,6.088831836497099],[116.55594941328984,6.088831836497099],[116.55594941328984,6.089620028610631],[116.55646762168038,6.089620028610631],[116.55646762168038,6.090014125089694],[116.55750403846152,6.089620028610631],[116.55750403846152,6.088831836497099],[116.55698583007094,6.088831836497099],[116.55698583007094,6.08843774086259],[116.55750403846152,6.08843774086259],[116.55750403846152,6.087255455647873]]],[[[116.55854045524265,6.090408221850313],[116.55802224685208,6.091196416216289],[116.55905866363318,6.091590513821686],[116.55957687202375,6.090802318892504],[116.55854045524265,6.090408221850313]]],[[[116.5497309126031,6.095137404945886],[116.54921270421254,6.095137404945886],[116.54921270421254,6.095531505368434],[116.55024912099367,6.095925606072799],[116.55076732938423,6.095137404945886],[116.55024912099367,6.095137404945886],[116.55024912099367,6.094743304805139],[116.5497309126031,6.094743304805139],[116.5497309126031,6.095137404945886]]],[[[116.55128553777479,6.09868431889585],[116.55076732938423,6.09868431889585],[116.55076732938423,6.099078421855437],[116.55180374616533,6.099472525097014],[116.55232195455591,6.09868431889585],[116.55180374616533,6.09868431889585],[116.55180374616533,6.0982902162182295],[116.55128553777479,6.0982902162182295],[116.55128553777479,6.09868431889585]]],[[[116.54662166225975,6.101443045535356],[116.54662166225975,6.100654836513851],[116.54610345386918,6.100654836513851],[116.54662166225975,6.099078421855437],[116.54558524547862,6.09868431889585],[116.54558524547862,6.099078421855437],[116.54506703708806,6.099078421855437],[116.54506703708806,6.099866628620595],[116.54454882869749,6.099866628620595],[116.54506703708806,6.100654836513851],[116.54454882869749,6.100654836513851],[116.54454882869749,6.102625361183412],[116.54403062030694,6.102625361183412],[116.54403062030694,6.103019466963718],[116.54506703708806,6.103413573026198],[116.54506703708806,6.103019466963718],[116.54558524547862,6.103019466963718],[116.54558524547862,6.102231255685262],[116.54610345386918,6.102231255685262],[116.54610345386918,6.101443045535356],[116.54662166225975,6.101443045535356]]],[[[116.55439478811815,6.106566431686598],[116.55387657972757,6.106566431686598],[116.55387657972757,6.106960540289501],[116.5549129965087,6.107354649174765],[116.55543120489928,6.106566431686598],[116.5549129965087,6.106566431686598],[116.5549129965087,6.106172323366042],[116.55439478811815,6.106172323366042],[116.55439478811815,6.106566431686598]]],[[[116.55076732938423,6.106172323366042],[116.55024912099367,6.106172323366042],[116.5497309126031,6.106960540289501],[116.55024912099367,6.106960540289501],[116.55024912099367,6.107748758342408],[116.55128553777479,6.108142867792456],[116.55180374616533,6.107354649174765],[116.55128553777479,6.107354649174765],[116.55128553777479,6.106566431686598],[116.55076732938423,6.106566431686598],[116.55076732938423,6.106172323366042]]],[[[116.55284016294647,6.106960540289501],[116.55232195455591,6.106960540289501],[116.55232195455591,6.107354649174765],[116.55335837133704,6.107748758342408],[116.55387657972757,6.106960540289501],[116.55335837133704,6.106960540289501],[116.55335837133704,6.106566431686598],[116.55284016294647,6.106566431686598],[116.55284016294647,6.106960540289501]]],[[[116.54558524547862,6.1120839778290605],[116.54610345386918,6.1120839778290605],[116.54662166225975,6.111295753561486],[116.54610345386918,6.111295753561486],[116.54610345386918,6.1109016418515605],[116.54558524547862,6.1109016418515605],[116.54558524547862,6.111295753561486],[116.54454882869749,6.1109016418515605],[116.54454882869749,6.111295753561486],[116.54247599513525,6.111689865553979],[116.54195778674469,6.11247809038675],[116.54299420352582,6.112872203227064],[116.54299420352582,6.11247809038675],[116.54403062030694,6.11247809038675],[116.54403062030694,6.1120839778290605],[116.54506703708806,6.1120839778290605],[116.54506703708806,6.111689865553979],[116.54558524547862,6.111689865553979],[116.54558524547862,6.1120839778290605]]],[[[116.55387657972757,6.111689865553979],[116.55335837133704,6.111689865553979],[116.55335837133704,6.1120839778290605],[116.55439478811815,6.11247809038675],[116.5549129965087,6.111689865553979],[116.55439478811815,6.111689865553979],[116.55439478811815,6.111295753561486],[116.55387657972757,6.111295753561486],[116.55387657972757,6.111689865553979]]],[[[116.55594941328984,6.11247809038675],[116.55543120489928,6.11247809038675],[116.55543120489928,6.112872203227064],[116.55646762168038,6.113266316350024],[116.55698583007094,6.11247809038675],[116.55646762168038,6.11247809038675],[116.55646762168038,6.1120839778290605],[116.55594941328984,6.1120839778290605],[116.55594941328984,6.11247809038675]]],[[[116.56786820627273,6.045483000125859],[116.56786820627273,6.045877065189463],[116.56734999788216,6.045877065189463],[116.56734999788216,6.046665196155049],[116.56838641466327,6.047059262057069],[116.56838641466327,6.046665196155049],[116.56890462305384,6.046665196155049],[116.56890462305384,6.045877065189463],[116.56786820627273,6.045483000125859]]],[[[116.56113149719542,6.050999936453427],[116.56061328880489,6.050999936453427],[116.56061328880489,6.051394005431091],[116.56164970558599,6.051788074688471],[116.56216791397655,6.050999936453427],[116.56164970558599,6.050999936453427],[116.56164970558599,6.05060586775546],[116.56113149719542,6.05060586775546],[116.56113149719542,6.050999936453427]]],[[[116.57253208178777,6.053364354515533],[116.57201387339721,6.053364354515533],[116.57201387339721,6.053758425171776],[116.57305029017834,6.054152496107849],[116.57356849856887,6.053364354515533],[116.57305029017834,6.053364354515533],[116.57305029017834,6.052970284139099],[116.57253208178777,6.052970284139099],[116.57253208178777,6.053364354515533]]],[[[116.57253208178777,6.0549406388195575],[116.57253208178777,6.055334710595232],[116.57201387339721,6.055334710595232],[116.57201387339721,6.056122854986307],[116.57305029017834,6.0565169276017485],[116.57305029017834,6.056122854986307],[116.57356849856887,6.056122854986307],[116.57356849856887,6.055334710595232],[116.57253208178777,6.0549406388195575]]],[[[116.56631358110103,6.058487294878736],[116.5657953727105,6.058487294878736],[116.5657953727105,6.0588813691742205],[116.5668317894916,6.059275443749779],[116.56734999788216,6.058487294878736],[116.5668317894916,6.058487294878736],[116.5668317894916,6.058093220863305],[116.56631358110103,6.058093220863305],[116.56631358110103,6.058487294878736]]],[[[116.57149566500664,6.060457669157078],[116.57097745661608,6.060457669157078],[116.57097745661608,6.060851744853116],[116.57201387339721,6.06124582082932],[116.57253208178777,6.060457669157078],[116.57201387339721,6.060457669157078],[116.57201387339721,6.060063593741189],[116.57149566500664,6.060063593741189],[116.57149566500664,6.060457669157078]]],[[[116.57201387339721,6.06242805043912],[116.57201387339721,6.062033973622303],[116.57097745661608,6.0616398970857075],[116.57097745661608,6.062033973622303],[116.57045924822553,6.062033973622303],[116.57045924822553,6.06242805043912],[116.57097745661608,6.06242805043912],[116.57045924822553,6.063216204913498],[116.57149566500664,6.063610282571097],[116.57149566500664,6.063216204913498],[116.57201387339721,6.063216204913498],[116.57149566500664,6.06242805043912],[116.57201387339721,6.06242805043912]]],[[[116.56113149719542,6.064004360508992],[116.56164970558599,6.064792517225757],[116.56268612236713,6.064398438727207],[116.56216791397655,6.063610282571097],[116.56113149719542,6.064004360508992]]],[[[116.56216791397655,6.066762913924193],[116.56268612236713,6.067551074566573],[116.56424074753879,6.066762913924193],[116.56424074753879,6.066368834023684],[116.56320433075769,6.065974754403605],[116.56320433075769,6.0651865960046605],[116.56268612236713,6.0651865960046605],[116.56268612236713,6.064792517225757],[116.56164970558599,6.0651865960046605],[116.56164970558599,6.065974754403605],[116.56268612236713,6.066368834023684],[116.56268612236713,6.066762913924193],[116.56216791397655,6.066762913924193]]],[[[116.5694228314444,6.068339236330897],[116.56890462305384,6.068339236330897],[116.56890462305384,6.067945155308484],[116.56786820627273,6.067945155308484],[116.56786820627273,6.066368834023684],[116.56734999788216,6.066368834023684],[116.56786820627273,6.065580675063937],[116.5668317894916,6.0651865960046605],[116.5668317894916,6.065580675063937],[116.56631358110103,6.065580675063937],[116.56631358110103,6.065974754403605],[116.5668317894916,6.065974754403605],[116.5668317894916,6.066368834023684],[116.56631358110103,6.066368834023684],[116.5668317894916,6.068733317633836],[116.56734999788216,6.068733317633836],[116.56734999788216,6.069127399217313],[116.56786820627273,6.069127399217313],[116.56786820627273,6.068733317633836],[116.56890462305384,6.069127399217313],[116.5694228314444,6.068339236330897]]],[[[116.5657953727105,6.076615002631365],[116.56527716431992,6.076615002631365],[116.56527716431992,6.077009089829625],[116.56631358110103,6.077403177308822],[116.5668317894916,6.076615002631365],[116.56631358110103,6.076615002631365],[116.56631358110103,6.07622091571402],[116.5657953727105,6.07622091571402],[116.5657953727105,6.076615002631365]]],[[[116.56890462305384,6.081738158127137],[116.56786820627273,6.082132248979031],[116.56786820627273,6.083314523221868],[116.56734999788216,6.083314523221868],[116.56786820627273,6.0841027074565766],[116.5694228314444,6.083314523221868],[116.5694228314444,6.082132248979031],[116.56890462305384,6.082132248979031],[116.56890462305384,6.081738158127137]]],[[[116.56475895592936,6.090408221850313],[116.56424074753879,6.090408221850313],[116.56424074753879,6.091196416216289],[116.56527716431992,6.091590513821686],[116.56527716431992,6.091196416216289],[116.5657953727105,6.091196416216289],[116.5657953727105,6.090408221850313],[116.56527716431992,6.090408221850313],[116.56527716431992,6.090014125089694],[116.56475895592936,6.090014125089694],[116.56475895592936,6.090408221850313]]],[[[116.56009508041431,6.092772808327735],[116.56113149719542,6.093166907059767],[116.56164970558599,6.09237870987739],[116.56061328880489,6.091984611708713],[116.56009508041431,6.092772808327735]]],[[[116.56838641466327,6.09237870987739],[116.56786820627273,6.09237870987739],[116.56786820627273,6.092772808327735],[116.5668317894916,6.092772808327735],[116.56631358110103,6.093561006073505],[116.5668317894916,6.093561006073505],[116.5668317894916,6.093955105368966],[116.56734999788216,6.093955105368966],[116.56734999788216,6.093561006073505],[116.56838641466327,6.093561006073505],[116.56838641466327,6.093166907059767],[116.56890462305384,6.093166907059767],[116.56838641466327,6.09237870987739]]],[[[116.56164970558599,6.093166907059767],[116.56113149719542,6.093166907059767],[116.56164970558599,6.093955105368966],[116.56268612236713,6.093955105368966],[116.56268612236713,6.093561006073505],[116.56320433075769,6.093561006073505],[116.56268612236713,6.092772808327735],[116.56164970558599,6.092772808327735],[116.56164970558599,6.093166907059767]]],[[[116.56372253914823,6.093955105368966],[116.56320433075769,6.093955105368966],[116.56320433075769,6.094743304805139],[116.56424074753879,6.095137404945886],[116.56424074753879,6.094743304805139],[116.56475895592936,6.094743304805139],[116.56475895592936,6.093955105368966],[116.56424074753879,6.093955105368966],[116.56424074753879,6.093561006073505],[116.56372253914823,6.093561006073505],[116.56372253914823,6.093955105368966]]],[[[116.56475895592936,6.095137404945886],[116.56424074753879,6.095137404945886],[116.56424074753879,6.095531505368434],[116.56320433075769,6.095531505368434],[116.56268612236713,6.096319707059002],[116.56320433075769,6.096319707059002],[116.56320433075769,6.096713808327062],[116.56424074753879,6.096713808327062],[116.56424074753879,6.096319707059002],[116.56527716431992,6.095925606072799],[116.56475895592936,6.095137404945886]]],[[[116.56734999788216,6.099472525097014],[116.56527716431992,6.0982902162182295],[116.56527716431992,6.09868431889585],[116.56372253914823,6.09868431889585],[116.56216791397655,6.100260732426201],[116.56475895592936,6.101048940883563],[116.56527716431992,6.100260732426201],[116.5668317894916,6.100260732426201],[116.56734999788216,6.099472525097014]]],[[[116.56268612236713,6.101443045535356],[116.56268612236713,6.101048940883563],[116.56216791397655,6.101048940883563],[116.56164970558599,6.10183715046925],[116.56268612236713,6.102231255685262],[116.56268612236713,6.10183715046925],[116.56320433075769,6.10183715046925],[116.56320433075769,6.101443045535356],[116.56268612236713,6.101443045535356]]],[[[116.56113149719542,6.102231255685262],[116.56061328880489,6.102231255685262],[116.56061328880489,6.102625361183412],[116.56164970558599,6.103019466963718],[116.56216791397655,6.102231255685262],[116.56164970558599,6.102231255685262],[116.56164970558599,6.10183715046925],[116.56113149719542,6.10183715046925],[116.56113149719542,6.102231255685262]]],[[[116.57460491535001,6.108931087539823],[116.57408670695945,6.108931087539823],[116.57408670695945,6.108536977524919],[116.57356849856887,6.108536977524919],[116.57356849856887,6.108931087539823],[116.57253208178777,6.108536977524919],[116.57201387339721,6.109325197837181],[116.57097745661608,6.109325197837181],[116.57097745661608,6.108931087539823],[116.57045924822553,6.108931087539823],[116.56994103983497,6.109719308417017],[116.57201387339721,6.110507530424188],[116.57201387339721,6.110113419279345],[116.57408670695945,6.109719308417017],[116.57460491535001,6.108931087539823]]],[[[116.56631358110103,6.116025116126357],[116.5657953727105,6.116025116126357],[116.5657953727105,6.116419231511148],[116.5668317894916,6.116813347178751],[116.56734999788216,6.116025116126357],[116.5668317894916,6.116025116126357],[116.5668317894916,6.1156310010243615],[116.56631358110103,6.1156310010243615],[116.56631358110103,6.116025116126357]]],[[[116.57149566500664,6.117995695878632],[116.57097745661608,6.117995695878632],[116.57149566500664,6.11878392975963],[116.57305029017834,6.11878392975963],[116.57305029017834,6.118389812677677],[116.57356849856887,6.118389812677677],[116.57305029017834,6.117601579362475],[116.57149566500664,6.117601579362475],[116.57149566500664,6.117995695878632]]],[[[116.56994103983497,6.119178047124509],[116.5694228314444,6.119178047124509],[116.5694228314444,6.119572164772333],[116.57045924822553,6.11996628270312],[116.57097745661608,6.119178047124509],[116.57045924822553,6.119178047124509],[116.57045924822553,6.11878392975963],[116.56994103983497,6.11878392975963],[116.56994103983497,6.119178047124509]]],[[[116.57201387339721,6.119572164772333],[116.57149566500664,6.119572164772333],[116.57149566500664,6.11996628270312],[116.57253208178777,6.120360400916891],[116.57305029017834,6.119572164772333],[116.57253208178777,6.119572164772333],[116.57253208178777,6.119178047124509],[116.57201387339721,6.119178047124509],[116.57201387339721,6.119572164772333]]],[[[116.57305029017834,6.043512678998998],[116.57305029017834,6.043906742665612],[116.57667774891225,6.043512678998998],[116.57719595730282,6.042724552503773],[116.57823237408392,6.042724552503773],[116.57823237408392,6.042330489675127],[116.57875058247448,6.042330489675127],[116.57875058247448,6.0418148218480905],[116.57771416569338,6.040754241153201],[116.57771416569338,6.041148302864821],[116.57719595730282,6.041148302864821],[116.57564133213111,6.042724552503773],[116.56994103983497,6.042330489675127],[116.56994103983497,6.042724552503773],[116.56890462305384,6.043118615611724],[116.56890462305384,6.043906742665612],[116.56786820627273,6.044300806611588],[116.56786820627273,6.045088935341692],[116.56890462305384,6.045483000125859],[116.56890462305384,6.045088935341692],[116.5694228314444,6.045088935341692],[116.5694228314444,6.044300806611588],[116.56994103983497,6.044300806611588],[116.56994103983497,6.043512678998998],[116.57305029017834,6.043512678998998]]],[[[116.58185983281786,6.052970284139099],[116.5813416244273,6.052970284139099],[116.5813416244273,6.053364354515533],[116.58237804120843,6.053758425171776],[116.58289624959896,6.052970284139099],[116.58237804120843,6.052970284139099],[116.58237804120843,6.052576214042456],[116.58185983281786,6.052576214042456],[116.58185983281786,6.052970284139099]]],[[[116.58859654189514,6.05769914712791],[116.58807833350457,6.05769914712791],[116.58807833350457,6.058093220863305],[116.5891147502857,6.058487294878736],[116.58963295867628,6.05769914712791],[116.5891147502857,6.05769914712791],[116.5891147502857,6.057305073672531],[116.58859654189514,6.057305073672531],[116.58859654189514,6.05769914712791]]],[[[116.59015116706681,6.06242805043912],[116.58963295867628,6.063216204913498],[116.59066937545738,6.063610282571097],[116.59118758384794,6.062822127536179],[116.59015116706681,6.06242805043912]]],[[[116.57512312374058,6.064398438727207],[116.57408670695945,6.064792517225757],[116.57460491535001,6.065580675063937],[116.57564133213111,6.0651865960046605],[116.57512312374058,6.064398438727207]]],[[[116.57305029017834,6.065974754403605],[116.57408670695945,6.065580675063937],[116.57356849856887,6.064792517225757],[116.57253208178777,6.0651865960046605],[116.57305029017834,6.065974754403605]]],[[[116.57667774891225,6.065974754403605],[116.57667774891225,6.065580675063937],[116.57564133213111,6.065580675063937],[116.57512312374058,6.066368834023684],[116.57564133213111,6.066368834023684],[116.57564133213111,6.066762913924193],[116.57667774891225,6.066762913924193],[116.57667774891225,6.066368834023684],[116.57719595730282,6.066368834023684],[116.57719595730282,6.065974754403605],[116.57667774891225,6.065974754403605]]],[[[116.57305029017834,6.070703728357027],[116.57408670695945,6.071885978158423],[116.57512312374058,6.071491894610624],[116.57512312374058,6.071885978158423],[116.57719595730282,6.0722800619869135],[116.57719595730282,6.073068230486047],[116.57667774891225,6.073068230486047],[116.57667774891225,6.0734623151567275],[116.57615954052169,6.0734623151567275],[116.57615954052169,6.074250485340408],[116.57512312374058,6.074644570853446],[116.57615954052169,6.0758268290775765],[116.57719595730282,6.0758268290775765],[116.57719595730282,6.07622091571402],[116.57667774891225,6.07622091571402],[116.57667774891225,6.077403177308822],[116.57719595730282,6.077403177308822],[116.57719595730282,6.077797265068974],[116.57875058247448,6.077797265068974],[116.57875058247448,6.077403177308822],[116.57978699925562,6.077009089829625],[116.57978699925562,6.076615002631365],[116.57926879086506,6.076615002631365],[116.57926879086506,6.07622091571402],[116.57978699925562,6.07622091571402],[116.57978699925562,6.0758268290775765],[116.57926879086506,6.0758268290775765],[116.57926879086506,6.075038656647307],[116.57978699925562,6.075038656647307],[116.57978699925562,6.0734623151567275],[116.58030520764619,6.0734623151567275],[116.58030520764619,6.073068230486047],[116.58237804120843,6.073068230486047],[116.58289624959896,6.073856400108175],[116.5839326663801,6.073856400108175],[116.58496908316123,6.072674146096115],[116.58600549994233,6.072674146096115],[116.58600549994233,6.073068230486047],[116.58704191672346,6.072674146096115],[116.5865237083329,6.071885978158423],[116.58600549994233,6.071885978158423],[116.58600549994233,6.0722800619869135],[116.58496908316123,6.0722800619869135],[116.58496908316123,6.071885978158423],[116.58445087477067,6.071885978158423],[116.58445087477067,6.0722800619869135],[116.58341445798953,6.0722800619869135],[116.58341445798953,6.071097811343497],[116.58289624959896,6.071097811343497],[116.58289624959896,6.070703728357027],[116.58341445798953,6.070703728357027],[116.58341445798953,6.070309645651192],[116.58445087477067,6.070309645651192],[116.58496908316123,6.069521481081354],[116.58445087477067,6.069521481081354],[116.58445087477067,6.069127399217313],[116.58237804120843,6.069521481081354],[116.58341445798953,6.068339236330897],[116.58289624959896,6.068339236330897],[116.58185983281786,6.06715699410515],[116.58082341603672,6.067551074566573],[116.57926879086506,6.065974754403605],[116.57823237408392,6.065974754403605],[116.57823237408392,6.066368834023684],[116.57771416569338,6.066368834023684],[116.57771416569338,6.06715699410515],[116.57875058247448,6.067551074566573],[116.57875058247448,6.067945155308484],[116.57823237408392,6.067945155308484],[116.57875058247448,6.068733317633836],[116.57771416569338,6.068733317633836],[116.57771416569338,6.068339236330897],[116.57667774891225,6.068339236330897],[116.57667774891225,6.067945155308484],[116.57564133213111,6.068339236330897],[116.57564133213111,6.06715699410515],[116.57512312374058,6.06715699410515],[116.57512312374058,6.066368834023684],[116.57460491535001,6.066368834023684],[116.57460491535001,6.065974754403605],[116.57408670695945,6.065974754403605],[116.57408670695945,6.066368834023684],[116.57305029017834,6.066368834023684],[116.57305029017834,6.065974754403605],[116.57201387339721,6.065974754403605],[116.57201387339721,6.066368834023684],[116.57149566500664,6.066368834023684],[116.57149566500664,6.065974754403605],[116.57045924822553,6.065580675063937],[116.57045924822553,6.065974754403605],[116.56994103983497,6.065974754403605],[116.56994103983497,6.066368834023684],[116.57045924822553,6.066368834023684],[116.57045924822553,6.067551074566573],[116.57097745661608,6.067551074566573],[116.57097745661608,6.067945155308484],[116.57201387339721,6.067551074566573],[116.57201387339721,6.067945155308484],[116.57305029017834,6.068339236330897],[116.57305029017834,6.068733317633836],[116.57253208178777,6.068733317633836],[116.57253208178777,6.069127399217313],[116.57305029017834,6.069127399217313],[116.57305029017834,6.069521481081354],[116.57253208178777,6.069521481081354],[116.57253208178777,6.070703728357027],[116.57305029017834,6.070703728357027]],[[116.58237804120843,6.068339236330897],[116.58185983281786,6.068339236330897],[116.58185983281786,6.067945155308484],[116.58237804120843,6.067945155308484],[116.58237804120843,6.068339236330897]],[[116.57305029017834,6.067945155308484],[116.57356849856887,6.067945155308484],[116.57356849856887,6.068339236330897],[116.57305029017834,6.068339236330897],[116.57305029017834,6.067945155308484]],[[116.57512312374058,6.069521481081354],[116.57512312374058,6.069127399217313],[116.57564133213111,6.069127399217313],[116.57564133213111,6.069521481081354],[116.57512312374058,6.069521481081354]],[[116.57615954052169,6.069521481081354],[116.57615954052169,6.069127399217313],[116.57667774891225,6.069127399217313],[116.57667774891225,6.069521481081354],[116.57615954052169,6.069521481081354]]],[[[116.59326041741018,6.073068230486047],[116.59274220901962,6.073068230486047],[116.59274220901962,6.0734623151567275],[116.59377862580075,6.073856400108175],[116.59429683419131,6.073068230486047],[116.59377862580075,6.073068230486047],[116.59377862580075,6.072674146096115],[116.59326041741018,6.072674146096115],[116.59326041741018,6.073068230486047]]],[[[116.58807833350457,6.074250485340408],[116.58756012511404,6.074250485340408],[116.58704191672346,6.075038656647307],[116.58756012511404,6.075038656647307],[116.58756012511404,6.0758268290775765],[116.58859654189514,6.07622091571402],[116.5891147502857,6.075432742722013],[116.58859654189514,6.075432742722013],[116.58859654189514,6.074644570853446],[116.58807833350457,6.074644570853446],[116.58807833350457,6.074250485340408]]],[[[116.59118758384794,6.077403177308822],[116.59170579223851,6.077403177308822],[116.59170579223851,6.077009089829625],[116.59066937545738,6.076615002631365],[116.59066937545738,6.077009089829625],[116.59015116706681,6.077009089829625],[116.59015116706681,6.077403177308822],[116.5891147502857,6.077403177308822],[116.58859654189514,6.078191353110098],[116.5891147502857,6.078191353110098],[116.5891147502857,6.0785854414322165],[116.58963295867628,6.0785854414322165],[116.58963295867628,6.078191353110098],[116.59066937545738,6.0785854414322165],[116.59066937545738,6.078191353110098],[116.59118758384794,6.078191353110098],[116.59118758384794,6.077403177308822]]],[[[116.57201387339721,6.083314523221868],[116.57201387339721,6.0825263401121035],[116.57305029017834,6.0825263401121035],[116.57408670695945,6.081344067556404],[116.57512312374058,6.081738158127137],[116.57512312374058,6.0825263401121035],[116.57460491535001,6.0825263401121035],[116.57460491535001,6.082920431526379],[116.57564133213111,6.083314523221868],[116.57564133213111,6.082920431526379],[116.57615954052169,6.082920431526379],[116.57615954052169,6.082132248979031],[116.57667774891225,6.082132248979031],[116.57771416569338,6.080949977266814],[116.57823237408392,6.080949977266814],[116.57823237408392,6.081344067556404],[116.57926879086506,6.080949977266814],[116.57926879086506,6.080555887258348],[116.57875058247448,6.080555887258348],[116.57875058247448,6.0801617975309865],[116.57926879086506,6.0801617975309865],[116.57926879086506,6.0793736189195045],[116.57875058247448,6.0793736189195045],[116.57875058247448,6.078979530035344],[116.57771416569338,6.078979530035344],[116.57771416569338,6.0793736189195045],[116.57719595730282,6.0793736189195045],[116.57719595730282,6.080555887258348],[116.57667774891225,6.080555887258348],[116.57667774891225,6.0801617975309865],[116.57564133213111,6.080555887258348],[116.57564133213111,6.0801617975309865],[116.57460491535001,6.079767708084711],[116.57564133213111,6.0785854414322165],[116.57512312374058,6.0785854414322165],[116.57512312374058,6.078191353110098],[116.57460491535001,6.078191353110098],[116.57460491535001,6.0785854414322165],[116.57356849856887,6.0785854414322165],[116.57356849856887,6.078191353110098],[116.57408670695945,6.078191353110098],[116.57408670695945,6.07622091571402],[116.57356849856887,6.07622091571402],[116.57356849856887,6.0758268290775765],[116.57253208178777,6.0758268290775765],[116.57253208178777,6.07622091571402],[116.57201387339721,6.07622091571402],[116.57201387339721,6.077797265068974],[116.57149566500664,6.077797265068974],[116.57149566500664,6.078191353110098],[116.57253208178777,6.0785854414322165],[116.57253208178777,6.0793736189195045],[116.57305029017834,6.0793736189195045],[116.57305029017834,6.079767708084711],[116.57253208178777,6.079767708084711],[116.57149566500664,6.080949977266814],[116.57045924822553,6.080949977266814],[116.57045924822553,6.081344067556404],[116.5694228314444,6.081738158127137],[116.5694228314444,6.082132248979031],[116.57045924822553,6.0825263401121035],[116.57045924822553,6.082920431526379],[116.56994103983497,6.082920431526379],[116.57045924822553,6.083708615198595],[116.57149566500664,6.083708615198595],[116.57149566500664,6.083314523221868],[116.57201387339721,6.083314523221868]],[[116.57045924822553,6.082132248979031],[116.57097745661608,6.082132248979031],[116.57097745661608,6.0825263401121035],[116.57045924822553,6.0825263401121035],[116.57045924822553,6.082132248979031]]],[[[116.58030520764619,6.084496799995834],[116.57978699925562,6.084496799995834],[116.57978699925562,6.084890892816381],[116.58082341603672,6.085284985918243],[116.5813416244273,6.084496799995834],[116.58082341603672,6.084496799995834],[116.58082341603672,6.0841027074565766],[116.58030520764619,6.0841027074565766],[116.58030520764619,6.084496799995834]]],[[[116.57719595730282,6.084890892816381],[116.57667774891225,6.085679079301433],[116.57771416569338,6.086073172965973],[116.57823237408392,6.085284985918243],[116.57719595730282,6.084890892816381]]],[[[116.57512312374058,6.084890892816381],[116.57408670695945,6.084496799995834],[116.57408670695945,6.084890892816381],[116.57356849856887,6.084890892816381],[116.57356849856887,6.085284985918243],[116.57408670695945,6.085284985918243],[116.57356849856887,6.086073172965973],[116.57564133213111,6.087255455647873],[116.57564133213111,6.086861361139173],[116.57615954052169,6.086861361139173],[116.57615954052169,6.086073172965973],[116.57564133213111,6.086073172965973],[116.57564133213111,6.085284985918243],[116.57512312374058,6.085284985918243],[116.57512312374058,6.084890892816381]]],[[[116.57356849856887,6.087649550437997],[116.57305029017834,6.087649550437997],[116.57305029017834,6.088043645509563],[116.57408670695945,6.08843774086259],[116.57460491535001,6.087649550437997],[116.57408670695945,6.087649550437997],[116.57408670695945,6.087255455647873],[116.57356849856887,6.087255455647873],[116.57356849856887,6.087649550437997]]],[[[116.59947891809692,6.093955105368966],[116.59947891809692,6.0943492049461705],[116.59896070970636,6.0943492049461705],[116.59896070970636,6.095531505368434],[116.59999712648747,6.095925606072799],[116.60051533487803,6.095371337149805],[116.60051533487803,6.0943492049461705],[116.59947891809692,6.093955105368966]]],[[[116.59481504258189,6.10420178599776],[116.59429683419131,6.10420178599776],[116.59429683419131,6.103413573026198],[116.59377862580075,6.103413573026198],[116.59377862580075,6.103019466963718],[116.59274220901962,6.103019466963718],[116.59274220901962,6.103413573026198],[116.59222400062907,6.103413573026198],[116.59222400062907,6.10459589290688],[116.59274220901962,6.10459589290688],[116.59274220901962,6.104990000098247],[116.59326041741018,6.104990000098247],[116.59326041741018,6.10459589290688],[116.59429683419131,6.104990000098247],[116.59481504258189,6.10420178599776]]],[[[116.58963295867628,6.10577821532781],[116.5891147502857,6.10577821532781],[116.5891147502857,6.106172323366042],[116.59015116706681,6.106566431686598],[116.59066937545738,6.10577821532781],[116.59015116706681,6.10577821532781],[116.59015116706681,6.1053841075718855],[116.58963295867628,6.1053841075718855],[116.58963295867628,6.10577821532781]]],[[[116.5865237083329,6.121542757256284],[116.5865237083329,6.121148638193454],[116.58704191672346,6.121148638193454],[116.5865237083329,6.120360400916891],[116.5839326663801,6.120360400916891],[116.5839326663801,6.120754519413663],[116.58341445798953,6.120754519413663],[116.58341445798953,6.122330996231137],[116.58289624959896,6.122330996231137],[116.58289624959896,6.122725116143196],[116.5839326663801,6.12311923633837],[116.5839326663801,6.122725116143196],[116.58445087477067,6.122725116143196],[116.58445087477067,6.121936876602172],[116.5865237083329,6.121542757256284]]],[[[116.58082341603672,6.12311923633837],[116.58030520764619,6.12311923633837],[116.58030520764619,6.1239074775781335],[116.5813416244273,6.12430159862276],[116.5813416244273,6.1239074775781335],[116.58185983281786,6.1239074775781335],[116.58185983281786,6.12311923633837],[116.5813416244273,6.12311923633837],[116.5813416244273,6.122725116143196],[116.58082341603672,6.122725116143196],[116.58082341603672,6.12311923633837]]],[[[116.57667774891225,6.12311923633837],[116.57564133213111,6.122725116143196],[116.57564133213111,6.12311923633837],[116.57408670695945,6.1239074775781335],[116.57408670695945,6.12469571995058],[116.57512312374058,6.1250898415616035],[116.57512312374058,6.12469571995058],[116.57564133213111,6.12469571995058],[116.57564133213111,6.1239074775781335],[116.57615954052169,6.1239074775781335],[116.57667774891225,6.12311923633837]]],[[[116.57719595730282,6.12430159862276],[116.57667774891225,6.12430159862276],[116.57667774891225,6.12469571995058],[116.57771416569338,6.1250898415616035],[116.57823237408392,6.12430159862276],[116.57771416569338,6.12430159862276],[116.57771416569338,6.1239074775781335],[116.57719595730282,6.1239074775781335],[116.57719595730282,6.12430159862276]]],[[[116.57512312374058,6.1251051443079465],[116.57564133213111,6.125147449184188],[116.57564133213111,6.1250898415616035],[116.57512312374058,6.1251051443079465]]],[[[116.57978699925562,6.1250898415616035],[116.57926879086506,6.1250898415616035],[116.57926879086506,6.125443583409249],[116.58082341603672,6.1254839634558556],[116.58030520764619,6.12469571995058],[116.57978699925562,6.12469571995058],[116.57978699925562,6.1250898415616035]]],[[[116.58185983281786,6.125655107953623],[116.58341445798953,6.125782022719412],[116.58341445798953,6.1254839634558556],[116.58237804120843,6.1250898415616035],[116.58185983281786,6.125655107953623]]]]},"properties":{"place_id":"014d651c-1cc6-5694-8a53-3331ebfd1ca8","habitat":"disturbed_built_edge","habitat_label":"Disturbed, bare or built edge","resolution_m":50}},{"type":"Feature","geometry":{"type":"MultiPolygon","coordinates":[[[[116.5668317894916,6.067945155308484],[116.5668317894916,6.068339236330897],[116.56734999788216,6.068339236330897],[116.56734999788216,6.067945155308484],[116.5668317894916,6.067945155308484]]],[[[116.56734999788216,6.068733317633836],[116.56734999788216,6.069521481081354],[116.56786820627273,6.069521481081354],[116.56786820627273,6.068733317633836],[116.56734999788216,6.068733317633836]]],[[[116.57201387339721,6.071097811343497],[116.57201387339721,6.071491894610624],[116.57253208178777,6.071491894610624],[116.57253208178777,6.071097811343497],[116.57201387339721,6.071097811343497]]],[[[116.57201387339721,6.072674146096115],[116.57253208178777,6.072674146096115],[116.57253208178777,6.0722800619869135],[116.57201387339721,6.0722800619869135],[116.57201387339721,6.072674146096115]]],[[[116.54765807904086,6.082132248979031],[116.54817628743143,6.082132248979031],[116.54817628743143,6.081738158127137],[116.54765807904086,6.081738158127137],[116.54765807904086,6.082132248979031]]]]},"properties":{"place_id":"014d651c-1cc6-5694-8a53-3331ebfd1ca8","habitat":"permanent_water","habitat_label":"Permanent water","resolution_m":50}},{"type":"Feature","geometry":{"type":"MultiPolygon","coordinates":[[[[116.57097745661608,6.074250485340408],[116.57097745661608,6.074644570853446],[116.57149566500664,6.074644570853446],[116.57149566500664,6.074250485340408],[116.57097745661608,6.074250485340408]]],[[[116.57201387339721,6.079767708084711],[116.57201387339721,6.0801617975309865],[116.57253208178777,6.0801617975309865],[116.57253208178777,6.079767708084711],[116.57201387339721,6.079767708084711]]],[[[116.57356849856887,6.081344067556404],[116.57356849856887,6.081738158127137],[116.57408670695945,6.081738158127137],[116.57408670695945,6.081344067556404],[116.57356849856887,6.081344067556404]]],[[[116.5341846608863,6.110113419279345],[116.5341846608863,6.110507530424188],[116.53470286927684,6.110507530424188],[116.53470286927684,6.110113419279345],[116.5341846608863,6.110113419279345]]]]},"properties":{"place_id":"014d651c-1cc6-5694-8a53-3331ebfd1ca8","habitat":"seasonal_water_wetland","habitat_label":"Seasonal water or wetland","resolution_m":50}},{"type":"Feature","geometry":{"type":"MultiPolygon","coordinates":[[[[116.56838641466327,6.069915563225973],[116.56838641466327,6.069521481081354],[116.56890462305384,6.069521481081354],[116.56890462305384,6.068733317633836],[116.56838641466327,6.068733317633836],[116.56838641466327,6.067945155308484],[116.5668317894916,6.06715699410515],[116.5668317894916,6.067551074566573],[116.5657953727105,6.067945155308484],[116.5657953727105,6.068339236330897],[116.56631358110103,6.068339236330897],[116.56631358110103,6.069521481081354],[116.5668317894916,6.069521481081354],[116.56734999788216,6.070309645651192],[116.56838641466327,6.069915563225973]],[[116.56786820627273,6.069521481081354],[116.56734999788216,6.069521481081354],[116.56734999788216,6.068733317633836],[116.56786820627273,6.068733317633836],[116.56786820627273,6.069521481081354]],[[116.56734999788216,6.068339236330897],[116.5668317894916,6.068339236330897],[116.5668317894916,6.067945155308484],[116.56734999788216,6.067945155308484],[116.56734999788216,6.068339236330897]]],[[[116.57305029017834,6.072674146096115],[116.57356849856887,6.072674146096115],[116.57356849856887,6.0722800619869135],[116.57305029017834,6.0722800619869135],[116.57305029017834,6.071491894610624],[116.57356849856887,6.071491894610624],[116.57356849856887,6.071097811343497],[116.57201387339721,6.070309645651192],[116.57201387339721,6.070703728357027],[116.57097745661608,6.071097811343497],[116.57097745661608,6.071491894610624],[116.57149566500664,6.071491894610624],[116.57149566500664,6.0722800619869135],[116.57097745661608,6.0722800619869135],[116.57097745661608,6.072674146096115],[116.57149566500664,6.072674146096115],[116.57201387339721,6.0734623151567275],[116.57253208178777,6.0734623151567275],[116.57305029017834,6.072674146096115]],[[116.57201387339721,6.072674146096115],[116.57201387339721,6.0722800619869135],[116.57253208178777,6.0722800619869135],[116.57253208178777,6.072674146096115],[116.57201387339721,6.072674146096115]],[[116.57201387339721,6.071491894610624],[116.57201387339721,6.071097811343497],[116.57253208178777,6.071097811343497],[116.57253208178777,6.071491894610624],[116.57201387339721,6.071491894610624]]],[[[116.57201387339721,6.074644570853446],[116.57253208178777,6.074644570853446],[116.57253208178777,6.074250485340408],[116.57201387339721,6.074250485340408],[116.57149566500664,6.0734623151567275],[116.56994103983497,6.074250485340408],[116.57097745661608,6.075432742722013],[116.57149566500664,6.075432742722013],[116.57201387339721,6.074644570853446]],[[116.57097745661608,6.074644570853446],[116.57097745661608,6.074250485340408],[116.57149566500664,6.074250485340408],[116.57149566500664,6.074644570853446],[116.57097745661608,6.074644570853446]]],[[[116.57305029017834,6.0801617975309865],[116.57356849856887,6.0801617975309865],[116.57356849856887,6.079767708084711],[116.57305029017834,6.079767708084711],[116.57253208178777,6.078979530035344],[116.57097745661608,6.079767708084711],[116.57201387339721,6.080949977266814],[116.57253208178777,6.080949977266814],[116.57305029017834,6.0801617975309865]],[[116.57201387339721,6.0801617975309865],[116.57201387339721,6.079767708084711],[116.57253208178777,6.079767708084711],[116.57253208178777,6.0801617975309865],[116.57201387339721,6.0801617975309865]]],[[[116.57460491535001,6.081738158127137],[116.57512312374058,6.081738158127137],[116.57512312374058,6.081344067556404],[116.57460491535001,6.081344067556404],[116.57408670695945,6.080555887258348],[116.57253208178777,6.081344067556404],[116.57356849856887,6.0825263401121035],[116.57408670695945,6.0825263401121035],[116.57460491535001,6.081738158127137]],[[116.57356849856887,6.081738158127137],[116.57356849856887,6.081344067556404],[116.57408670695945,6.081344067556404],[116.57408670695945,6.081738158127137],[116.57356849856887,6.081738158127137]]],[[[116.54869449582199,6.082132248979031],[116.54921270421254,6.082132248979031],[116.54921270421254,6.081738158127137],[116.54869449582199,6.081738158127137],[116.54817628743143,6.080949977266814],[116.54662166225975,6.081738158127137],[116.54765807904086,6.082920431526379],[116.54817628743143,6.082920431526379],[116.54869449582199,6.082132248979031]],[[116.54765807904086,6.082132248979031],[116.54765807904086,6.081738158127137],[116.54817628743143,6.081738158127137],[116.54817628743143,6.082132248979031],[116.54765807904086,6.082132248979031]]],[[[116.5352210776674,6.110507530424188],[116.53573928605796,6.110507530424188],[116.53573928605796,6.110113419279345],[116.5352210776674,6.110113419279345],[116.53470286927684,6.109325197837181],[116.53314824410516,6.110113419279345],[116.5341846608863,6.111295753561486],[116.53470286927684,6.111295753561486],[116.5352210776674,6.110507530424188]],[[116.5341846608863,6.110507530424188],[116.5341846608863,6.110113419279345],[116.53470286927684,6.110113419279345],[116.53470286927684,6.110507530424188],[116.5341846608863,6.110507530424188]]]]},"properties":{"place_id":"014d651c-1cc6-5694-8a53-3331ebfd1ca8","habitat":"water_edge","habitat_label":"Water edge","resolution_m":50}}]}