{"type":"FeatureCollection","metadata":{"schema_version":1,"place_id":"276771a7-e1bd-591d-948d-2265e5894dc9","place_name":"Hutan Simpanan Kekal Bukit Tapah","place_type":"park","osm_reference":"relation/19210388","protection_context":"mapped protected boundary","resolution_m":50,"raster_coverage":1.0,"interpretation":"Suggested search habitats, not predicted plant locations or probabilities of presence."},"features":[{"type":"Feature","geometry":{"type":"MultiPolygon","coordinates":[[[[101.32038203471058,4.1611695354403295],[101.32034229999996,4.161144595436921],[101.32031509388209,4.1611695354403295],[101.32038203471058,4.1611695354403295]]],[[[101.32010452241644,4.161562475317011],[101.32010452241644,4.16136256752958],[101.3198864505625,4.161562475317011],[101.32010452241644,4.161562475317011]]],[[[101.32100807104233,4.161562475317011],[101.320622730807,4.1613206114650145],[101.320622730807,4.161562475317011],[101.32100807104233,4.161562475317011]]],[[[101.31906810563531,4.277095152900997],[101.31854989724475,4.277095152900997],[101.31854989724475,4.277488149872655],[101.31906810563531,4.277488149872655],[101.31906810563531,4.277095152900997]]],[[[101.33150510700877,4.311679639657737],[101.33046869022766,4.311679639657737],[101.33046869022766,4.312072653969397],[101.3309868986182,4.312072653969397],[101.3309868986182,4.312858683186317],[101.33202331539933,4.31246566847892],[101.33150510700877,4.311679639657737]]],[[[101.3309868986182,4.313251698091613],[101.3309868986182,4.312858683186317],[101.33046869022766,4.312858683186317],[101.33046869022766,4.313251698091613],[101.3309868986182,4.313251698091613]]],[[[101.33150510700877,4.316002807971325],[101.33150510700877,4.315609791680239],[101.3309868986182,4.315609791680239],[101.3309868986182,4.316002807971325],[101.33150510700877,4.316002807971325]]],[[[101.26154697428308,4.323470155150985],[101.26154697428308,4.323077135093952],[101.26102876589253,4.323077135093952],[101.26102876589253,4.323470155150985],[101.26154697428308,4.323470155150985]]],[[[101.23822759670786,4.335260849196085],[101.23810696830098,4.33486782317936],[101.23781163157715,4.335260849196085],[101.23822759670786,4.335260849196085]]],[[[101.33565077413327,4.33486782317936],[101.3351325657427,4.33486782317936],[101.3351325657427,4.335260849196085],[101.33565077413327,4.335260849196085],[101.33565077413327,4.33486782317936]]],[[[101.3351325657427,4.335653875411752],[101.3351325657427,4.335260849196085],[101.33461435735214,4.335260849196085],[101.33461435735214,4.335653875411752],[101.3351325657427,4.335653875411752]]],[[[101.37399819503474,4.169421312954435],[101.37399819503474,4.169028369257187],[101.37347998664417,4.169028369257187],[101.37347998664417,4.169421312954435],[101.37399819503474,4.169421312954435]]],[[[101.23874580509842,4.335653875411752],[101.23874580509842,4.3360469018263785],[101.23822759670786,4.3360469018263785],[101.2377093883173,4.335430565988758],[101.23609529999999,4.338606495250332],[101.23597019999998,4.340382595248496],[101.2401911,4.341068395247777],[101.24415759999998,4.3436543952450535],[101.2462935,4.345555895243049],[101.2478953,4.345555895243049],[101.25636229999999,4.342209295246561],[101.257926,4.339927395248966],[101.2605195,4.338558395250428],[101.26280789999998,4.338558395250428],[101.26570649999996,4.339471095249448],[101.2718088,4.337797795251193],[101.27424979999999,4.337797795251193],[101.2754702,4.338254095250715],[101.27791119999999,4.337037095252008],[101.28035209999997,4.336428695252628],[101.2824879,4.337341395251699],[101.28874279999998,4.337341395251699],[101.2913363,4.338406195250557],[101.2925568,4.343121995245641],[101.2925568,4.344795295243872],[101.29423489999999,4.347229195241302],[101.2939298,4.348141895240343],[101.29576049999999,4.348294095240199],[101.2980489,4.347685595240834],[101.29987959999998,4.351260395237102],[101.3017103,4.353389995234855],[101.3015577,4.35521539523292],[101.2995745,4.357192995230874],[101.29942189999998,4.358561995229436],[101.30628699999998,4.3617564952261025],[101.3081177,4.3617564952261025],[101.3102536,4.362821295224979],[101.3117791,4.362669195225123],[101.31330469999999,4.364038195223694],[101.31299959999998,4.366928395220697],[101.31589820000002,4.370274995217167],[101.31620329999998,4.373925695213369],[101.31696609999999,4.375446795211756],[101.31592599999999,4.376025395211137],[101.31454999999998,4.37784659520923],[101.31261880000001,4.379039395208001],[101.3112831,4.381350095205581],[101.30927679999999,4.382532095204322],[101.31167469999998,4.387431595199208],[101.3140994,4.389068295197471],[101.31546200000001,4.390555195195911],[101.3154674,4.393646695192706],[101.31636319999997,4.395877095190351],[101.31532789999999,4.399080895187018],[101.31803400000001,4.403587395182289],[101.3172712,4.40860689517705],[101.3191019,4.411953195173562],[101.3232136,4.417570895167684],[101.32346029999998,4.419753095165385],[101.32480139999998,4.4210152951640564],[101.3283956,4.422983495162007],[101.33029459999997,4.423496995161446],[101.3327622,4.423571795161393],[101.33365809999997,4.424181595160775],[101.33433939999999,4.425208495159686],[101.3348114,4.42790409515686],[101.33298219999998,4.431335095153254],[101.33645099999998,4.432989995151526],[101.337703,4.433164995151365],[101.339005,4.434693995149743],[101.341422,4.435407995149017],[101.342668,4.434303995150157],[101.34418599999998,4.434102995150395],[101.345582,4.432113995152469],[101.346032,4.4326069951519385],[101.347198,4.432658995151862],[101.352531,4.428494995156239],[101.352404,4.42343399516154],[101.353706,4.421443995163604],[101.35230299999999,4.420781995164311],[101.35026999999998,4.417596995167633],[101.34862799999999,4.416839995168437],[101.34875099999998,4.4127419951727065],[101.35016060906896,4.412186162704729],[101.35016060906896,4.411118616729579],[101.35067881745952,4.411118616729579],[101.35119702585007,4.410332487428889],[101.3522334426312,4.410332487428889],[101.3522334426312,4.409939423082214],[101.35378806780287,4.409153294996106],[101.35378806780287,4.407974104384781],[101.35430627619344,4.407974104384781],[101.35430627619344,4.407581041252357],[101.354824484584,4.407581041252357],[101.354824484584,4.406794915594421],[101.35534269297457,4.406794915594421],[101.354798,4.404268995181588],[101.355826,4.403515995182352],[101.356835,4.398136995187998],[101.35793373492737,4.396921346802313],[101.35793373492737,4.396575355615766],[101.35741552653681,4.396575355615766],[101.35793373492737,4.395789241271854],[101.35897015170848,4.39618229834292],[101.35897015170848,4.396968413090409],[101.35948836009905,4.396968413090409],[101.35897015170848,4.397495447837548],[101.359897,4.398060995188073],[101.36393199999999,4.398109995188033],[101.36592299999998,4.399356995186715],[101.366558,4.399240995186845],[101.367315,4.40311699518278],[101.3677467866747,4.403650421052189],[101.36829790273856,4.402864299438275],[101.3693343195197,4.403257360144177],[101.36881611112914,4.404829604989064],[101.3693343195197,4.404829604989064],[101.3693343195197,4.40561572862453],[101.36985252791027,4.40561572862453],[101.36985252791027,4.405222666705698],[101.37088894469137,4.405222666705698],[101.37088894469137,4.40561572862453],[101.37140715308193,4.40561572862453],[101.37140715308193,4.406401853068875],[101.37088894469137,4.40646134430341],[101.37296177825363,4.406794915594421],[101.37296177825363,4.406008790745584],[101.37347998664417,4.406008790745584],[101.37347998664417,4.40561572862453],[101.3745164034253,4.40561572862453],[101.3745164034253,4.406008790745584],[101.37607102859698,4.406008790745584],[101.37607102859698,4.406401853068875],[101.37710744537812,4.406008790745584],[101.37762565376867,4.406794915594421],[101.37814386215922,4.406794915594421],[101.37814386215922,4.406401853068875],[101.37866207054978,4.406401853068875],[101.37866207054978,4.406794915594421],[101.37969848733091,4.406794915594421],[101.37969848733091,4.406401853068875],[101.38021669572147,4.406401853068875],[101.38073490411202,4.407187978322242],[101.38125311250259,4.407187978322242],[101.38125311250259,4.406794915594421],[101.38177132089315,4.406794915594421],[101.38177132089315,4.407187978322242],[101.38280773767427,4.407187978322242],[101.38280773767427,4.406794915594421],[101.38384415445539,4.407187978322242],[101.38384415445539,4.406401853068875],[101.38436236284596,4.406401853068875],[101.38384415445539,4.40561572862453],[101.38488057123652,4.405222666705698],[101.38488057123652,4.40561572862453],[101.38539877962708,4.40561572862453],[101.38488057123652,4.406401853068875],[101.38539877962708,4.406401853068875],[101.38539877962708,4.407187978322242],[101.3864351964082,4.407581041252357],[101.3864351964082,4.407187978322242],[101.38798982157986,4.407187978322242],[101.38798982157986,4.406401853068875],[101.38850802997044,4.406401853068875],[101.38850802997044,4.40561572862453],[101.38798982157986,4.40561572862453],[101.38798982157986,4.405222666705698],[101.38850802997044,4.405222666705698],[101.38850802997044,4.404436543474613],[101.38798982157986,4.404436543474613],[101.38798982157986,4.404043482162329],[101.389026238361,4.403650421052189],[101.389026238361,4.404043482162329],[101.38954444675157,4.404043482162329],[101.38954444675157,4.404436543474613],[101.389026238361,4.404436543474613],[101.389026238361,4.405222666705698],[101.39006265514212,4.404829604989064],[101.39006265514212,4.405222666705698],[101.39109907192324,4.40561572862453],[101.39109907192324,4.406008790745584],[101.39058086353268,4.406008790745584],[101.39058086353268,4.406794915594421],[101.39213548870437,4.407581041252357],[101.39213548870437,4.408367167719535],[101.39265369709493,4.408367167719535],[101.39276427949217,4.408760231256638],[101.393738,4.407536995178172],[101.39456699999998,4.405056995180739],[101.396996,4.403101995182799],[101.39830799999999,4.403423995182458],[101.39964,4.404945995180871],[101.40313399999998,4.400673995185356],[101.405641,4.398655995187463],[101.40677699999998,4.396149995190051],[101.406701,4.394853995191441],[101.40751099999999,4.393559995192793],[101.409044,4.393564995192788],[101.41170399999999,4.394301995191997],[101.41420899999999,4.393255995193114],[101.416013,4.394995995191259],[101.41783299999999,4.395452995190809],[101.42057899999999,4.394327995191963],[101.42655099999999,4.393939995192407],[101.427801,4.393230995193147],[101.428327,4.393620995192735],[101.43053099999999,4.393838995192488],[101.43237,4.3925159951938895],[101.43527299999998,4.392481995193911],[101.436812,4.3919719951944405],[101.437888,4.38901799519756],[101.43811199999999,4.3853339952014],[101.44404799999998,4.379011995208038],[101.44482,4.377557995209553],[101.444651,4.3770429952100685],[101.44418199999998,4.37682699521031],[101.44264399999999,4.377336995209751],[101.44208900000001,4.377163995209964],[101.43914999999997,4.375140995212086],[101.437873,4.37368099521362],[101.43787499999999,4.372951995214373],[101.436725,4.372091995215258],[101.436601,4.370977995216435],[101.43523999999996,4.368959995218539],[101.43546499999997,4.365060995222629],[101.433598,4.361327995226555],[101.434314,4.35884699522913],[101.43427899999999,4.35631899523179],[101.432022,4.354554995233623],[101.430065,4.352149995236159],[101.42793499999998,4.350643995237744],[101.42482099999998,4.3501209952382744],[101.422647,4.34899999523946],[101.42154599999999,4.345783995242845],[101.42313,4.3442459952444485],[101.424204,4.3418489952469494],[101.42501700000001,4.3410799952477594],[101.42663999999999,4.340955995247874],[101.42903499999998,4.339506995249386],[101.431209,4.340369995248498],[101.43210900000001,4.339300995249622],[101.433519,4.338876995250063],[101.43523099999999,4.337249995251767],[101.44207299999998,4.334889995254257],[101.44449899999998,4.332198995257085],[101.444875,4.330934995258391],[101.44443199999999,4.324363995265298],[101.445755,4.321756995268005],[101.445692,4.31979199527006],[101.446565,4.317714995272268],[101.449008,4.316468995273577],[101.450603,4.315055995275054],[101.449327,4.3129649952772615],[101.44834,4.308819995281591],[101.44939799999999,4.30645099528409],[101.45125900000001,4.303963995286675],[101.45187799999998,4.300988995289816],[101.45085799999998,4.3005299952902885],[101.450521,4.298683995292239],[101.446956,4.294831995296265],[101.44796299999997,4.286048995305528],[101.44646099999999,4.282295995309422],[101.44628299999998,4.2806849953111525],[101.44478599999998,4.278072995313895],[101.444416,4.274163995317974],[101.44869999999999,4.26937699532301],[101.451123,4.2675979953248735],[101.45247,4.267596995324885],[101.453532,4.266616995325919],[101.458168,4.260739995332092],[101.46450599999999,4.258379995334564],[101.46495099999999,4.256797995336205],[101.463364,4.249910995343475],[101.46023800000002,4.248547995344892],[101.459043,4.247629995345872],[101.458402,4.246380995347176],[101.455479,4.245418995348199],[101.45451599999998,4.244149995349522],[101.452937,4.243179995350533],[101.452254,4.2249909953696525],[101.45319399999998,4.22438799537032],[101.45499100000002,4.22148699537336],[101.45890199999998,4.219775995375155],[101.461688,4.216649995378447],[101.46480899999999,4.2144839953807285],[101.46662,4.214510995380712],[101.47006599999999,4.216104995379031],[101.471286,4.215919995379205],[101.47614099999998,4.213845995381396],[101.479132,4.211339995384049],[101.481472,4.212608995382722],[101.48515,4.2118589953834915],[101.486233,4.211247995384136],[101.49001999999999,4.210767995384642],[101.49225899999999,4.212708995382604],[101.492517,4.209438995386021],[101.495391,4.209163995386348],[101.49694999999998,4.207556995388044],[101.50045899999998,4.207543995388032],[101.502259,4.207958995387601],[101.509011,4.207377995388199],[101.50976093352479,4.206358876824034],[101.50873237658051,4.206751838768821],[101.50821416818995,4.20596591507219],[101.50925058497107,4.205572953513264],[101.50976879336163,4.206339328657489],[101.51011599999998,4.205571995390108],[101.510891,4.201057995394875],[101.50929499999998,4.1995319953964545],[101.50807099999999,4.199419995396584],[101.507652,4.1988399953972015],[101.507492,4.196334995399823],[101.50487899999999,4.190201995406316],[101.50314999999999,4.188646995407931],[101.501656,4.189688995406843],[101.499152,4.186183995410535],[101.49730299999999,4.184979995411789],[101.49751299999997,4.182892995414001],[101.499098,4.181034995415959],[101.499573,4.175004995422303],[101.49671199999999,4.171318995426171],[101.49863,4.166091995431667],[101.49769399999998,4.164682995433163],[101.49572300000001,4.163038995434898],[101.495592,4.162106995435901],[101.498398,4.155887995442425],[101.499418,4.155249995443099],[101.501697,4.155031995443362],[101.50354900000002,4.152791995445718],[101.50362399999999,4.144330995454644],[101.504959,4.143457995455541],[101.50558499999998,4.14112599545801],[101.505633,4.136304995463118],[101.50634269999999,4.132964895466605],[101.50194659999998,4.1329099954666715],[101.5014625,4.132001795467631],[101.45763779999999,4.130693595469004],[101.45724219999998,4.132138195467476],[101.45642819999999,4.132697295466922],[101.45475119999998,4.129922995469807],[101.45607909999998,4.127555295472306],[101.4562163,4.126094495473875],[101.45714879999998,4.124878595475147],[101.4569621,4.124039695476035],[101.4558567,4.123764095476313],[101.45557770000002,4.123312995476811],[101.45635179999998,4.119517695480788],[101.45424190000001,4.117354195483076],[101.45459159999999,4.115050495485497],[101.45409499999998,4.114727695485857],[101.4531661,4.115073695485488],[101.4516481,4.114283895486331],[101.4521897,4.113507995487164],[101.45185749999999,4.111417495489342],[101.4507849,4.10932529549155],[101.4483149,4.107118195493872],[101.44830989999997,4.106582495494466],[101.4492161405756,4.105766914755502],[101.44810199488491,4.105374001794684],[101.44810199488491,4.104588176437753],[101.44862020327547,4.104588176437753],[101.44862020327547,4.104195264041607],[101.44810199488491,4.104195264041607],[101.44758378649436,4.103409439813858],[101.44862020327547,4.10301652798222],[101.44862020327547,4.103409439813858],[101.4496566200566,4.10360587314109],[101.45030059999999,4.102472095498771],[101.44809329999998,4.100845995500521],[101.4473529,4.098252195503261],[101.4461743,4.096769295504809],[101.44381519999997,4.095426795506222],[101.4427269,4.094032795507719],[101.44289689999997,4.091929695509922],[101.4413666,4.0888542955131575],[101.4428163,4.086130195516031],[101.44177079999999,4.084838195517415],[101.43884289999998,4.084066795518217],[101.43648329999999,4.084029295518257],[101.4338907,4.081341195521102],[101.4278633,4.079188795523356],[101.42654629999998,4.076136195526622],[101.42507579999999,4.075980295526768],[101.42374009999999,4.075158995527638],[101.42345929999999,4.0737782955291],[101.4238658,4.070851995532177],[101.4220758,4.07011449553298],[101.42109949999998,4.068163395535035],[101.42086069999999,4.06588589553744],[101.4190556,4.062911495540585],[101.41719379999999,4.060939595542672],[101.4107716,4.056222095547651],[101.4086486,4.0536120955503865],[101.40949989999999,4.050550995553657],[101.407727,4.045255895559233],[101.4070514,4.039244595565614],[101.40600529999999,4.0370505955679175],[101.4031756,4.035529595569536],[101.40264450000001,4.03548679556956],[101.401974,4.03635899556867],[101.40141069999999,4.040281395564507],[101.4002466,4.042068595562608],[101.4007187,4.045198995559309],[101.3979185,4.046627695557794],[101.3948715,4.046437795558006],[101.3933265,4.048254495556098],[101.39282219999998,4.05002029555421],[101.39346599999999,4.054493695549479],[101.39501090000002,4.0575330955462485],[101.395719,4.06095769554266],[101.39742489999999,4.063461895540014],[101.39790770000002,4.065270595538072],[101.3978541,4.06590199553744],[101.3954025,4.067937995535247],[101.3933748,4.065463195537857],[101.3896948,4.065575595537751],[101.3877797,4.064938795538428],[101.38530129999998,4.0666296955366725],[101.3829088,4.066939995536322],[101.3804304,4.06363319553982],[101.37899279999999,4.062744895540732],[101.37764099999998,4.063183695540289],[101.3771045,4.064457195538964],[101.37618179999998,4.065259895538092],[101.3734245,4.0664905955367905],[101.36924030000002,4.067100595536144],[101.367588,4.066849095536437],[101.3655066,4.061824595541718],[101.3658339,4.059839395543814],[101.36413330000002,4.058549795545214],[101.36331839999997,4.056978495546838],[101.34824389999999,4.0679138955353045],[101.34842100000002,4.0693398955337745],[101.35436009999997,4.07197189553102],[101.3551842,4.070462295532593],[101.35637910975568,4.0709576699926],[101.3574728,4.0703063955327625],[101.3574983267012,4.070798396325378],[101.35793373492737,4.070798396325378],[101.3575239,4.0712912955317355],[101.3593783,4.072067195530914],[101.35835669999999,4.074972895527855],[101.3569484,4.076948795525743],[101.3580528,4.08343269551889],[101.3616161,4.08591549551627],[101.36054329999999,4.0871873955149445],[101.3581507,4.087214995514876],[101.35803099999998,4.091939295509938],[101.35650519999999,4.091437495510446],[101.3560706,4.0925222955093],[101.3524932,4.093169095508629],[101.3517374,4.099034495502415],[101.349515,4.1022231954990565],[101.3491262,4.102441395498824],[101.34681480000002,4.101793895499511],[101.34403089999999,4.1031440954980605],[101.34377099999999,4.10488239549625],[101.3445324,4.1067056954943455],[101.34764580000001,4.110059195490797],[101.3481152,4.111094495489704],[101.3459909,4.114251395486366],[101.3440832,4.111854895488889],[101.3421459,4.111406195489366],[101.3407981,4.111795495488954],[101.33242699999998,4.118245595482145],[101.3323317,4.121316395478888],[101.33871669999998,4.125433995474581],[101.33984190000001,4.126611195473311],[101.3405373,4.133947295465571],[101.34006500000001,4.134384495465112],[101.34136209999998,4.1346976954647765],[101.34111269999998,4.135209195464248],[101.34335729999997,4.136160795463249],[101.34664239999998,4.135842895463575],[101.34574449999998,4.138318695460977],[101.35003160000001,4.13725589546208],[101.3502308,4.138175895461134],[101.35073709999999,4.1370926954622655],[101.34993510000001,4.135974495463437],[101.35062709999998,4.1354380954640115],[101.35121250000002,4.1361423954632555],[101.35112607566322,4.134842997512276],[101.35016060906896,4.135235924643317],[101.34964240067839,4.134450070570846],[101.35016060906896,4.134450070570846],[101.35016060906896,4.1340571438190095],[101.35067881745952,4.1340571438190095],[101.35067881745952,4.134450070570846],[101.3529512,4.13422759546527],[101.3529848,4.136013295463372],[101.3525606,4.136687795462717],[101.3529425,4.136951395462416],[101.3518602,4.138173195461114],[101.35023379999998,4.138197595461087],[101.35047549999999,4.139032895460212],[101.3501617,4.138776795460481],[101.34942069999998,4.140058195459126],[101.34877789999999,4.140365995458826],[101.3479249,4.138735695460534],[101.3466082,4.139074095460184],[101.3467324,4.139605595459591],[101.3475241,4.139905695459277],[101.34692029999998,4.14025419545891],[101.3461166,4.139935095459276],[101.34199109999997,4.141275395457851],[101.3408467,4.147874895450908],[101.33741609999998,4.146722095452105],[101.3379509,4.148726495449988],[101.3382091,4.156245095442053],[101.3374041,4.157584995440637],[101.33587500000002,4.15827049543994],[101.3338361,4.157602295440644],[101.33260219999997,4.15865069543954],[101.3318908,4.157231295441012],[101.3306093,4.1566122954416596],[101.32979759999999,4.156774495441527],[101.32866929999999,4.156319395441986],[101.3270466,4.1567279954415515],[101.32358979999998,4.162616895435332],[101.32114093919756,4.161645871773817],[101.320622730807,4.162348355642957],[101.31958631402587,4.1618376123762015],[101.3180624,4.163234595434696],[101.31788869999997,4.162851995435117],[101.3153202,4.164184595433698],[101.3161922,4.166641295431103],[101.3175099,4.167606295430106],[101.3161299,4.171085195426439],[101.3168185,4.172212195425259],[101.31507839999999,4.17247439542497],[101.31334609999999,4.171614395425851],[101.3126356,4.17241889542503],[101.3125343,4.174002895423361],[101.3138822,4.1761900954210525],[101.3148129,4.180713695416283],[101.31689699999998,4.184331695412473],[101.31899709999999,4.185279995411481],[101.3168514,4.185241195411491],[101.31705119999998,4.186428895410274],[101.3175886,4.186947095409702],[101.31777609999999,4.185680595411081],[101.31936589999998,4.1855561954111735],[101.3194365,4.187851495408777],[101.3167602,4.18797649540864],[101.3169989,4.189061195407482],[101.31455269999998,4.188658595407922],[101.3144441,4.187402695409242],[101.31336781333916,4.187496930033269],[101.3138860217297,4.187496930033269],[101.31353654248613,4.1878898827376245],[101.31483299999998,4.189404295407126],[101.31585629999998,4.189342095407185],[101.3151522,4.190468595406012],[101.3154969,4.192196995404202],[101.31629209999998,4.1923661954039995],[101.32183430000002,4.191532895404878],[101.3237096,4.203255795392566],[101.3254975,4.202960595392865],[101.32598065618215,4.20596591507219],[101.32632302310317,4.20596591507219],[101.32632302310317,4.206751838768821],[101.32684123149372,4.206751838768821],[101.32623335674926,4.207537763237279],[101.32648605731633,4.209109614490264],[101.32684123149372,4.209109614490264],[101.32686510816697,4.211467397162103],[101.32735943988429,4.211467397162103],[101.32735943988429,4.211860361616755],[101.32692828330873,4.211860361616755],[101.32735943988429,4.212253326264598],[101.32718098387582,4.213432221367484],[101.32787764827485,4.21382518678829],[101.32753999999998,4.215665395379498],[101.3435796,4.215039395380162],[101.3434777,4.212222695383123],[101.3518757,4.207233895388363],[101.36021329999998,4.206709595388918],[101.36136259999999,4.2235871953711674],[101.3537881,4.223910895370788],[101.34706209999999,4.225963495368663],[101.33461435735214,4.226053173053545],[101.33461435735214,4.226400182408851],[101.3320156,4.226071895368536],[101.33156429999998,4.230756195363614],[101.3304488,4.232620395361649],[101.3363323,4.235755995358332],[101.33676539999999,4.234928795359226],[101.33831510000002,4.235840295358284],[101.3385814,4.2355329953585965],[101.34042348697113,4.237010489357816],[101.34135106642941,4.237010489357816],[101.34135106642941,4.237403466408148],[101.34186927481998,4.237403466408148],[101.34135106642941,4.2379478617991815],[101.3443735,4.239299595354644],[101.3441435,4.239939195353952],[101.3403146496483,4.239761332792841],[101.3403146496483,4.239368354575933],[101.33979644125775,4.239368354575933],[101.33979644125775,4.238582398725523],[101.3403146496483,4.238537978902975],[101.33893049999999,4.237999095355976],[101.33868319999999,4.23849709535545],[101.3343628,4.237498695356539],[101.3329795,4.23787439535615],[101.32764729999997,4.237222495356829],[101.3274411,4.237650495356347],[101.3278231,4.237835995356149],[101.32590959999999,4.23817899535579],[101.32555279999997,4.239199095354738],[101.32220249999999,4.242289895351502],[101.32158559999998,4.243546195350151],[101.32165914758812,4.246049010726854],[101.32132359537052,4.246049010726854],[101.32063319999997,4.248273695345193],[101.31958631402587,4.249163633169645],[101.32010452241644,4.249192868388604],[101.32010452241644,4.249585851473326],[101.31958631402587,4.249585851473326],[101.31958631402587,4.250371818227638],[101.31906810563531,4.250371818227638],[101.31906810563531,4.2507648018972635],[101.31854989724475,4.2507648018972635],[101.31803168885419,4.249978834752998],[101.310347,4.248291095345161],[101.30971939999999,4.2504830953428545],[101.303899,4.250315895343042],[101.30388089999998,4.2512841953420075],[101.30347989999999,4.251431995341881],[101.30194689999998,4.251531295341762],[101.30200199999999,4.249400795344015],[101.2992185,4.249898695343485],[101.29541739999998,4.249344695344043],[101.2958302,4.247008495346496],[101.29735709999999,4.247243895346295],[101.29764470000002,4.246746395346797],[101.29688329999999,4.245314795348307],[101.2961025,4.2453206953483145],[101.2963891,4.243791695349899],[101.2958591,4.240528195353314],[101.2939104,4.238739195355231],[101.29028809999998,4.236850695357179],[101.28401259999998,4.236021795358064],[101.2789182,4.236240495357863],[101.2770835,4.237054595357008],[101.2758749,4.234588795359604],[101.27398429999998,4.23534009535879],[101.27169369999999,4.238509095355446],[101.2716381,4.241168595352646],[101.2705833,4.241133195352689],[101.2705833,4.242905165531388],[101.27139293370372,4.24447708657142],[101.27087472531319,4.24447708657142],[101.27087472531319,4.245656029395862],[101.27035651692262,4.245656029395862],[101.27035651692262,4.246049010726854],[101.26983830853206,4.246049010726854],[101.2696974534424,4.245656029395862],[101.26981619999998,4.248052995345424],[101.26724726657925,4.248013920303961],[101.26361980784534,4.247374099051375],[101.26331189999999,4.249079395344325],[101.26598329999999,4.248780595344645],[101.26672905818869,4.249192868388604],[101.26611160817332,4.249978834752998],[101.26621084979811,4.252729723170843],[101.26724726657925,4.253122708010775],[101.26672905818869,4.2539086782760025],[101.26621084979811,4.2539086782760025],[101.26546637482043,4.253122708010775],[101.26541329999998,4.254657195338508],[101.26444369999999,4.2547728953383555],[101.26434589999998,4.25752909533547],[101.27324669999999,4.257885695335094],[101.26772139999999,4.269681495322705],[101.26632659999999,4.271254195321027],[101.26376639999998,4.271886795320362],[101.2638187,4.2745869953175415],[101.2610225,4.2745682953175645],[101.2612662,4.284304295307317],[101.2712377,4.284585095307039],[101.27172589999999,4.289309995302075],[101.27059939999998,4.288856595302551],[101.264492,4.291245095300038],[101.26456709999998,4.297182895293796],[101.2615369,4.2972089952937855],[101.26296850000001,4.297820795293155],[101.26284699999998,4.2986216952923],[101.26226709999999,4.298885295292016],[101.2613806,4.2975613952934095],[101.25945609999998,4.297427595293568],[101.25946009999997,4.297113395293889],[101.25806140000002,4.298090995292853],[101.2584275,4.298346395292577],[101.25808019999997,4.298621895292302],[101.2572312,4.298430595292502],[101.2563793,4.29879989529212],[101.25829879999999,4.308881795281546],[101.24862909999999,4.308425495282005],[101.24859414679814,4.311679639657737],[101.24910997290962,4.311679639657737],[101.24910997290962,4.312072653969397],[101.24859176451908,4.312072653969397],[101.24857019999999,4.313909095276256],[101.2463514,4.314038895276119],[101.24651893095682,4.316002807971325],[101.24600072256627,4.316002807971325],[101.24572659547344,4.31678884114764],[101.24600072256627,4.318360909877376],[101.24528011716872,4.318753927555146],[101.2454825141757,4.320326000248124],[101.24496430578515,4.320326000248124],[101.24483363886401,4.320719018916933],[101.24496430578515,4.322291095574984],[101.24447645622023,4.322291095574984],[101.24444609739457,4.323470155150985],[101.24395585641768,4.323470155150985],[101.24456049999999,4.325282495264344],[101.24428690000002,4.3258333952637305],[101.24340968061347,4.32553717573212],[101.24289147222291,4.325828279660039],[101.24289147222291,4.327007344594077],[101.24238843135926,4.327007344594077],[101.24217343492074,4.327793388876186],[101.24192120000001,4.329461495259934],[101.2425984,4.329547095259864],[101.2422028,4.332904995256347],[101.24069,4.332493095256739],[101.23942909999998,4.332774095256476],[101.23893714920548,4.333295721101489],[101.23978222187954,4.333688746322637],[101.23978222187954,4.334474797361554],[101.2403004302701,4.334474797361554],[101.2403004302701,4.33486782317936],[101.23874580509842,4.335653875411752]],[[101.389026238361,4.403257360144177],[101.38850802997044,4.403257360144177],[101.38850802997044,4.402864299438275],[101.38954444675157,4.402471238934464],[101.39006265514212,4.403257360144177],[101.38954444675157,4.403257360144177],[101.38954444675157,4.403650421052189],[101.389026238361,4.403650421052189],[101.389026238361,4.403257360144177]],[[101.24081863866066,4.33486782317936],[101.24081863866066,4.334474797361554],[101.24133684705122,4.334474797361554],[101.24185505544177,4.335260849196085],[101.24081863866066,4.335653875411752],[101.24081863866066,4.335260849196085],[101.2403004302701,4.335260849196085],[101.2403004302701,4.33486782317936],[101.24081863866066,4.33486782317936]],[[101.38850802997044,4.395003127734987],[101.38954444675157,4.395396184402548],[101.389026238361,4.39618229834292],[101.38798982157986,4.395789241271854],[101.38850802997044,4.395003127734987]],[[101.3558609013651,4.392251736709313],[101.3558609013651,4.393037847422678],[101.35689731814624,4.393430903081801],[101.35689731814624,4.394217015005017],[101.35637910975568,4.394217015005017],[101.35637910975568,4.394610071269149],[101.35534269297457,4.394217015005017],[101.35534269297457,4.393430903081801],[101.354824484584,4.393430903081801],[101.354824484584,4.392644791965187],[101.35430627619344,4.392644791965187],[101.35430627619344,4.391858681655035],[101.35378806780287,4.391858681655035],[101.35378806780287,4.391465626802335],[101.354824484584,4.391072572151193],[101.354824484584,4.391465626802335],[101.35534269297457,4.391465626802335],[101.35534269297457,4.392251736709313],[101.3558609013651,4.392251736709313]],[[101.35378806780287,4.391072572151193],[101.35378806780287,4.390679517701594],[101.35275165102176,4.390286463453517],[101.35326985941231,4.389500355561859],[101.354824484584,4.390286463453517],[101.354824484584,4.390679517701594],[101.35378806780287,4.391072572151193]],[[101.35275165102176,4.389500355561859],[101.35275165102176,4.3891073019182425],[101.35171523424063,4.3887142484760755],[101.35171523424063,4.387928142196016],[101.35067881745952,4.387535089358088],[101.35016060906896,4.385962880019956],[101.34964240067839,4.385962880019956],[101.34964240067839,4.384783725130103],[101.34912419228783,4.384783725130103],[101.34912419228783,4.383997622876474],[101.34860598389726,4.383997622876474],[101.34912419228783,4.38321152142769],[101.35067881745952,4.383997622876474],[101.35119702585007,4.385962880019956],[101.3522334426312,4.386355932052488],[101.3522334426312,4.387142036721536],[101.35275165102176,4.387142036721536],[101.35275165102176,4.387928142196016],[101.35326985941231,4.387928142196016],[101.35326985941231,4.3887142484760755],[101.35378806780287,4.3887142484760755],[101.35378806780287,4.3891073019182425],[101.35275165102176,4.389500355561859]],[[101.38021669572147,4.3891073019182425],[101.38125311250259,4.389500355561859],[101.38125311250259,4.390286463453517],[101.38073490411202,4.390286463453517],[101.38073490411202,4.390679517701594],[101.37969848733091,4.390286463453517],[101.37969848733091,4.389500355561859],[101.38021669572147,4.389500355561859],[101.38021669572147,4.3891073019182425]],[[101.37296177825363,4.387928142196016],[101.37399819503474,4.388321195235339],[101.37347998664417,4.3891073019182425],[101.37244356986307,4.3887142484760755],[101.37296177825363,4.387928142196016]],[[101.40716353203062,4.386748984286342],[101.40819994881174,4.387142036721536],[101.40768174042118,4.387928142196016],[101.40664532364006,4.387535089358088],[101.40716353203062,4.386748984286342]],[[101.3351325657427,4.38321152142769],[101.33616898252382,4.383604572051485],[101.33565077413327,4.384390673902675],[101.33461435735214,4.383997622876474],[101.3351325657427,4.38321152142769]],[[101.34808777550673,4.381639320944075],[101.34912419228783,4.38203237076328],[101.34912419228783,4.38281847100507],[101.34860598389726,4.38281847100507],[101.34860598389726,4.38321152142769],[101.34756956711615,4.38281847100507],[101.34756956711615,4.38203237076328],[101.34808777550673,4.38203237076328],[101.34808777550673,4.381639320944075]],[[101.34497852516336,4.378494929628549],[101.34446031677278,4.378494929628549],[101.34446031677278,4.377708833809585],[101.34394210838222,4.377708833809585],[101.34446031677278,4.376922738794294],[101.34497852516336,4.376922738794294],[101.34497852516336,4.377315786201489],[101.34549673355392,4.377315786201489],[101.34549673355392,4.378101881618598],[101.3470513587256,4.3788879778394545],[101.3470513587256,4.380067123678086],[101.34653315033502,4.380067123678086],[101.34653315033502,4.380460172692995],[101.34549673355392,4.380067123678086],[101.34549673355392,4.3788879778394545],[101.34497852516336,4.3788879778394545],[101.34497852516336,4.378494929628549]],[[101.36467044400466,4.377708833809585],[101.36570686078576,4.378101881618598],[101.36518865239522,4.3788879778394545],[101.36415223561409,4.378494929628549],[101.36467044400466,4.377708833809585]],[[101.34044940000001,4.374658795212575],[101.33616898252382,4.3753505511741455],[101.33616898252382,4.374957504771177],[101.3351325657427,4.374861892068559],[101.33461435735214,4.375743597777925],[101.33360551880286,4.375743597777925],[101.33327719999998,4.377065695210042],[101.32993520000001,4.377547095209528],[101.33056820000002,4.3767073952104125],[101.33046090000002,4.374792495212423],[101.3318074,4.373605095213664],[101.33305973218046,4.373420602629781],[101.33357794057102,4.372627151374792],[101.33357794057102,4.372206185571485],[101.33305973218046,4.372206185571485],[101.33305973218046,4.371420096177805],[101.33355661949987,4.371420096177805],[101.33351422424717,4.37024096359193],[101.33305973218046,4.37024096359193],[101.33305973218046,4.369847919797803],[101.33357794057102,4.369847919797803],[101.33305973218046,4.367489661243992],[101.33357794057102,4.367489661243992],[101.33357794057102,4.367096618853345],[101.33409614896156,4.367096618853345],[101.33409614896156,4.367489661243992],[101.3357905,4.367178395220408],[101.33668719091438,4.367882703835082],[101.33616898252382,4.368473553996817],[101.33668719091438,4.369454876204228],[101.33616898252382,4.369454876204228],[101.33616898252382,4.371027051781913],[101.33565077413327,4.371027051781913],[101.33565077413327,4.371420096177805],[101.33616898252382,4.371420096177805],[101.33616898252382,4.371813140774324],[101.33565077413327,4.371813140774324],[101.33616898252382,4.372599230569309],[101.34083285803887,4.372534226333024],[101.34135106642941,4.371813140774324],[101.34238748321054,4.372206185571485],[101.34186927481998,4.372992275767811],[101.34113775791097,4.372599230569309],[101.34044940000001,4.374658795212575]],[[101.33305973218046,4.367096618853345],[101.3325415237899,4.366310534673303],[101.33357794057102,4.365917492883871],[101.33409614896156,4.36670357666312],[101.33305973218046,4.367096618853345]],[[101.33409614896156,4.365917492883871],[101.3351325657427,4.365524451294808],[101.33565077413327,4.366310534673303],[101.33461435735214,4.36670357666312],[101.33409614896156,4.365917492883871]],[[101.34342389999166,4.374957504771177],[101.34446031677278,4.3753505511741455],[101.34446031677278,4.3761366445825285],[101.34394210838222,4.3761366445825285],[101.34394210838222,4.37652969158798],[101.34290569160112,4.3761366445825285],[101.34290569160112,4.3753505511741455],[101.34342389999166,4.3753505511741455],[101.34342389999166,4.374957504771177]],[[101.36829790273856,4.3753505511741455],[101.3693343195197,4.375743597777925],[101.36881611112914,4.37652969158798],[101.36777969434803,4.3761366445825285],[101.36829790273856,4.3753505511741455]],[[101.34238748321054,4.373385321167015],[101.34342389999166,4.373778366766933],[101.34290569160112,4.374564458568996],[101.34186927481998,4.374171412567589],[101.34238748321054,4.373385321167015]],[[101.36622506917632,4.373385321167015],[101.36726148595746,4.373778366766933],[101.3667432775669,4.374564458568996],[101.36570686078576,4.374171412567589],[101.36622506917632,4.373385321167015]],[[101.33927823286717,4.369847919797803],[101.33876002447661,4.369847919797803],[101.33876002447661,4.369454876204228],[101.33979644125775,4.3690618328111865],[101.33979644125775,4.369454876204228],[101.3403146496483,4.369454876204228],[101.3403146496483,4.37024096359193],[101.34083285803887,4.37024096359193],[101.34083285803887,4.371027051781913],[101.34135106642941,4.371027051781913],[101.34083285803887,4.371813140774324],[101.33979644125775,4.371420096177805],[101.33927823286717,4.369847919797803]],[[101.33876002447661,4.368668789618661],[101.33876002447661,4.3690618328111865],[101.33824181608607,4.3690618328111865],[101.33772360769551,4.368275746626632],[101.33876002447661,4.367882703835082],[101.33876002447661,4.368275746626632],[101.33927823286717,4.368275746626632],[101.33927823286717,4.368668789618661],[101.33876002447661,4.368668789618661]],[[101.33772360769551,4.367882703835082],[101.33772360769551,4.367489661243992],[101.33720539930493,4.367489661243992],[101.33720539930493,4.36670357666312],[101.33668719091438,4.36670357666312],[101.33720539930493,4.365917492883871],[101.33772360769551,4.365917492883871],[101.33772360769551,4.366310534673303],[101.33824181608607,4.366310534673303],[101.33824181608607,4.367096618853345],[101.33876002447661,4.367096618853345],[101.33876002447661,4.367489661243992],[101.33772360769551,4.367882703835082]],[[101.33668719091438,4.365524451294808],[101.33668719091438,4.365917492883871],[101.33616898252382,4.365917492883871],[101.33616898252382,4.365524451294808],[101.33461435735214,4.364738368717717],[101.33461435735214,4.363952286941881],[101.3351325657427,4.363952286941881],[101.3351325657427,4.363559246354387],[101.33565077413327,4.363559246354387],[101.33565077413327,4.363952286941881],[101.33616898252382,4.363952286941881],[101.33616898252382,4.364738368717717],[101.33720539930493,4.3651314099060965],[101.33720539930493,4.365524451294808],[101.33668719091438,4.365524451294808]],[[101.34238748321054,4.360807967848159],[101.34186927481998,4.361594046420439],[101.34083285803887,4.361201007034224],[101.34135106642941,4.360414928862223],[101.34238748321054,4.360807967848159]],[[101.3403146496483,4.360807967848159],[101.3403146496483,4.361201007034224],[101.33979644125775,4.361201007034224],[101.33927823286717,4.360414928862223],[101.3403146496483,4.3600218900764025],[101.3403146496483,4.360414928862223],[101.34083285803887,4.360414928862223],[101.34083285803887,4.360807967848159],[101.3403146496483,4.360807967848159]],[[101.33616898252382,4.35844973693387],[101.33668719091438,4.35844973693387],[101.33668719091438,4.358056699148333],[101.33772360769551,4.35844973693387],[101.33772360769551,4.3600218900764025],[101.33824181608607,4.3600218900764025],[101.33772360769551,4.360807967848159],[101.33668719091438,4.360414928862223],[101.33616898252382,4.35844973693387]],[[101.33824181608607,4.356877586991669],[101.3392315857739,4.357270624177252],[101.33933257005526,4.356484550006034],[101.33824181608607,4.356091513220328],[101.33876002447661,4.355305440248629],[101.33979644125775,4.355305440248629],[101.33979644125775,4.355698476634533],[101.34033643645974,4.355305440248629],[101.3403146496483,4.354519368076428],[101.33979644125775,4.354519368076428],[101.33979644125775,4.354912404062602],[101.33876002447661,4.354519368076428],[101.33927823286717,4.352947226129929],[101.33876002447661,4.352947226129929],[101.33876002447661,4.352161156355341],[101.33824181608607,4.352161156355341],[101.33824181608607,4.35098205319137],[101.33876002447661,4.35098205319137],[101.33876002447661,4.349802951824453],[101.33927823286717,4.349802951824453],[101.33927823286717,4.347837786871704],[101.33876002447661,4.347837786871704],[101.33927823286717,4.347051722287416],[101.33876002447661,4.347051722287416],[101.33876002447661,4.345479595512572],[101.33979644125775,4.345086564317446],[101.34083285803887,4.346265658501088],[101.34342389999166,4.346658690294516],[101.34342389999166,4.347051722287416],[101.34394210838222,4.347051722287416],[101.34394210838222,4.347444754479807],[101.34342389999166,4.347444754479807],[101.34342389999166,4.347837786871704],[101.34394210838222,4.347837786871704],[101.34394210838222,4.348623852254096],[101.34446031677278,4.348623852254096],[101.34446031677278,4.348230819463128],[101.34549673355392,4.348230819463128],[101.34653315033502,4.34940991843474],[101.34733419999999,4.3492749952391865],[101.347482,4.349396095239061],[101.3470513587256,4.349802951824453],[101.34756956711615,4.349802951824453],[101.34756956711615,4.350195985413783],[101.3470513587256,4.350195985413783],[101.34653315033502,4.35098205319137],[101.34601494194446,4.35098205319137],[101.34593528972147,4.350589019202749],[101.34342389999166,4.350589019202749],[101.34290569160112,4.350195985413783],[101.34290569160112,4.352947226129929],[101.34238748321054,4.352947226129929],[101.34238748321054,4.353733296703577],[101.34186927481998,4.353803784076399],[101.34186927481998,4.355305440248629],[101.34135106642941,4.355305440248629],[101.3426621,4.357291995230788],[101.34145849999999,4.356407695231709],[101.3408303,4.35531279523283],[101.33952960872439,4.356484550006034],[101.33927823286717,4.357663661562801],[101.33876002447661,4.357663661562801],[101.33876002447661,4.358056699148333],[101.33772360769551,4.357663661562801],[101.33824181608607,4.356877586991669]],[[101.33876002447661,4.354912404062602],[101.33772360769551,4.355305440248629],[101.33720539930493,4.354519368076428],[101.33824181608607,4.354126332290093],[101.33876002447661,4.354912404062602]],[[101.33824181608607,4.349802951824453],[101.33824181608607,4.350589019202749],[101.33720539930493,4.35098205319137],[101.33720539930493,4.350589019202749],[101.33668719091438,4.350589019202749],[101.33668719091438,4.350195985413783],[101.33720539930493,4.350195985413783],[101.33720539930493,4.34940991843474],[101.33668719091438,4.34940991843474],[101.33668719091438,4.3490168852446285],[101.33772360769551,4.348623852254096],[101.33772360769551,4.3490168852446285],[101.33876002447661,4.34940991843474],[101.33876002447661,4.349802951824453],[101.33824181608607,4.349802951824453]],[[101.33668719091438,4.352947226129929],[101.33772360769551,4.353340261316863],[101.33720539930493,4.354126332290093],[101.33616898252382,4.353733296703577],[101.33668719091438,4.352947226129929]],[[101.32632302310317,4.3517681217676465],[101.32735943988429,4.352161156355341],[101.32684123149372,4.352947226129929],[101.32580481471261,4.352554191142764],[101.32632302310317,4.3517681217676465]],[[101.33409614896156,4.345086564317446],[101.3351325657427,4.345479595512572],[101.3351325657427,4.346658690294516],[101.33461435735214,4.346658690294516],[101.33461435735214,4.347051722287416],[101.33357794057102,4.346658690294516],[101.33357794057102,4.345479595512572],[101.33409614896156,4.345479595512572],[101.33409614896156,4.345086564317446]],[[101.35637910975568,4.34469353332172],[101.35741552653681,4.345086564317446],[101.35689731814624,4.345872626907112],[101.3558609013651,4.345479595512572],[101.35637910975568,4.34469353332172]],[[101.33565077413327,4.343514441530744],[101.3351325657427,4.343514441530744],[101.3351325657427,4.343121411332428],[101.33616898252382,4.342728381333417],[101.33616898252382,4.343121411332428],[101.33668719091438,4.343121411332428],[101.33668719091438,4.343514441530744],[101.33616898252382,4.343514441530744],[101.33616898252382,4.343907471928387],[101.33668719091438,4.343907471928387],[101.33616898252382,4.34469353332172],[101.3351325657427,4.344300502525371],[101.33565077413327,4.343514441530744]],[[101.36259761044242,4.342728381333417],[101.36363402722353,4.343121411332428],[101.36311581883295,4.343907471928387],[101.36207940205185,4.343514441530744],[101.36259761044242,4.342728381333417]],[[101.33409614896156,4.340370205523762],[101.3351325657427,4.340370205523762],[101.33565077413327,4.3411562633300695],[101.3351325657427,4.3411562633300695],[101.3351325657427,4.341549292532038],[101.33409614896156,4.341549292532038],[101.33409614896156,4.3411562633300695],[101.33357794057102,4.3411562633300695],[101.33409614896156,4.340370205523762]],[[101.36518865239522,4.3399771769193825],[101.36622506917632,4.340370205523762],[101.36570686078576,4.3411562633300695],[101.36467044400466,4.340763234327318],[101.36518865239522,4.3399771769193825]],[[101.30455827069962,4.336832955252578],[101.30559468748073,4.337225982264189],[101.30507647909018,4.338012036884524],[101.30404006230906,4.337619009474833],[101.30455827069962,4.336832955252578]],[[101.33409614896156,4.335260849196085],[101.33357794057102,4.335260849196085],[101.33357794057102,4.334474797361554],[101.33409614896156,4.334474797361554],[101.33409614896156,4.334081771742654],[101.33461435735214,4.334081771742654],[101.33461435735214,4.334474797361554],[101.3351325657427,4.334474797361554],[101.33565077413327,4.333688746322637],[101.33668719091438,4.334081771742654],[101.33668719091438,4.33486782317936],[101.33565077413327,4.335260849196085],[101.33565077413327,4.335653875411752],[101.33616898252382,4.335653875411752],[101.33616898252382,4.3364399284399795],[101.33565077413327,4.3364399284399795],[101.33565077413327,4.336832955252578],[101.33461435735214,4.3364399284399795],[101.33461435735214,4.335653875411752],[101.33409614896156,4.335653875411752],[101.33409614896156,4.335260849196085]],[[101.31595885529195,4.3325096712557185],[101.31699527207307,4.332902696079188],[101.31647706368251,4.333688746322637],[101.3154406469014,4.333295721101489],[101.31595885529195,4.3325096712557185]],[[101.33150510700877,4.32818641131512],[101.3325415237899,4.3285794339526635],[101.33202331539933,4.3293654798236565],[101.3309868986182,4.328972456788837],[101.33150510700877,4.32818641131512]],[[101.2599923491114,4.323077135093952],[101.25947414072084,4.323077135093952],[101.25947414072084,4.32268411523529],[101.2599923491114,4.32268411523529],[101.2599923491114,4.322291095574984],[101.26102876589253,4.322291095574984],[101.26258339106421,4.32386317540641],[101.26154697428308,4.324256195860244],[101.26154697428308,4.32386317540641],[101.26102876589253,4.32386317540641],[101.26102876589253,4.323470155150985],[101.2599923491114,4.323470155150985],[101.2599923491114,4.323077135093952]],[[101.32580481471261,4.322291095574984],[101.32632302310317,4.322291095574984],[101.32632302310317,4.321898076113013],[101.32787764827485,4.321898076113013],[101.32787764827485,4.322291095574984],[101.32839585666541,4.322291095574984],[101.32839585666541,4.323077135093952],[101.32787764827485,4.323077135093952],[101.32787764827485,4.323470155150985],[101.32684123149372,4.323470155150985],[101.32580481471261,4.322291095574984]],[[101.33202331539933,4.320719018916933],[101.3325415237899,4.320719018916933],[101.33305973218046,4.32150505684936],[101.33409614896156,4.321112037784006],[101.33461435735214,4.321898076113013],[101.33409614896156,4.321898076113013],[101.33409614896156,4.322291095574984],[101.33357794057102,4.322291095574984],[101.33357794057102,4.321898076113013],[101.3325415237899,4.321898076113013],[101.3325415237899,4.322291095574984],[101.33202331539933,4.322291095574984],[101.33202331539933,4.321898076113013],[101.33150510700877,4.321898076113013],[101.33150510700877,4.321112037784006],[101.33202331539933,4.321112037784006],[101.33202331539933,4.320719018916933]],[[101.33046869022766,4.321112037784006],[101.32995048183709,4.321112037784006],[101.32995048183709,4.32150505684936],[101.32891406505597,4.321112037784006],[101.32891406505597,4.320719018916933],[101.32943227344653,4.320719018916933],[101.32943227344653,4.3199329817775585],[101.32891406505597,4.3199329817775585],[101.32943227344653,4.319146945431088],[101.33046869022766,4.31953996350522],[101.33046869022766,4.3199329817775585],[101.32995048183709,4.3199329817775585],[101.32995048183709,4.320719018916933],[101.33046869022766,4.320719018916933],[101.33046869022766,4.321112037784006]],[[101.33046869022766,4.318360909877376],[101.3309868986182,4.318360909877376],[101.3309868986182,4.317967892397758],[101.33202331539933,4.318360909877376],[101.33202331539933,4.319146945431088],[101.3325415237899,4.319146945431088],[101.3325415237899,4.3199329817775585],[101.33202331539933,4.3199329817775585],[101.33202331539933,4.320326000248124],[101.33046869022766,4.31953996350522],[101.33046869022766,4.318360909877376]],[[101.3325415237899,4.318360909877376],[101.33357794057102,4.317967892397758],[101.33357794057102,4.318360909877376],[101.33409614896156,4.318360909877376],[101.33409614896156,4.319146945431088],[101.33305973218046,4.31953996350522],[101.33305973218046,4.319146945431088],[101.3325415237899,4.319146945431088],[101.3325415237899,4.318360909877376]],[[101.26310159945477,4.316395824460451],[101.26413801623588,4.316002807971325],[101.26517443301701,4.317574875116275],[101.26413801623588,4.317967892397758],[101.26310159945477,4.316395824460451]],[[101.33202331539933,4.31521677558718],[101.3325415237899,4.31521677558718],[101.3325415237899,4.314823759692127],[101.33357794057102,4.31521677558718],[101.33357794057102,4.317181858032909],[101.33305973218046,4.317181858032909],[101.33305973218046,4.317574875116275],[101.3325415237899,4.317574875116275],[101.3325415237899,4.317181858032909],[101.33202331539933,4.317181858032909],[101.33202331539933,4.31678884114764],[101.32995048183709,4.315609791680239],[101.32995048183709,4.314823759692127],[101.33046869022766,4.314823759692127],[101.33046869022766,4.314430743995063],[101.33150510700877,4.314823759692127],[101.33150510700877,4.315609791680239],[101.33202331539933,4.315609791680239],[101.33202331539933,4.31521677558718]],[[101.3309868986182,4.3140377284959674],[101.33046869022766,4.3140377284959674],[101.33046869022766,4.313251698091613],[101.32943227344653,4.312858683186317],[101.32943227344653,4.312072653969397],[101.32995048183709,4.312072653969397],[101.32943227344653,4.311286625543919],[101.32995048183709,4.311286625543919],[101.32995048183709,4.310893611627923],[101.3309868986182,4.311286625543919],[101.3309868986182,4.3105005979097335],[101.33202331539933,4.310107584389329],[101.33202331539933,4.3105005979097335],[101.3325415237899,4.3105005979097335],[101.3325415237899,4.311679639657737],[101.33202331539933,4.311679639657737],[101.33202331539933,4.312072653969397],[101.33305973218046,4.31246566847892],[101.33305973218046,4.313251698091613],[101.3325415237899,4.313251698091613],[101.33150510700877,4.314430743995063],[101.3309868986182,4.314430743995063],[101.3309868986182,4.3140377284959674]],[[101.37555282020641,4.31521677558718],[101.37658923698754,4.315609791680239],[101.37607102859698,4.316395824460451],[101.37503461181588,4.316002807971325],[101.37555282020641,4.31521677558718]],[[101.37710744537812,4.313644713194822],[101.37814386215922,4.3140377284959674],[101.37762565376867,4.314823759692127],[101.37658923698754,4.314430743995063],[101.37710744537812,4.313644713194822]],[[101.25014638969076,4.311679639657737],[101.25118280647189,4.312072653969397],[101.25066459808131,4.312858683186317],[101.24962818130018,4.31246566847892],[101.25014638969076,4.311679639657737]],[[101.26310159945477,4.311286625543919],[101.26361980784534,4.311286625543919],[101.26361980784534,4.310893611627923],[101.26465622462645,4.311286625543919],[101.26465622462645,4.31246566847892],[101.26413801623588,4.31246566847892],[101.26413801623588,4.312858683186317],[101.26310159945477,4.312858683186317],[101.26310159945477,4.31246566847892],[101.26258339106421,4.31246566847892],[101.26258339106421,4.312072653969397],[101.26310159945477,4.312072653969397],[101.26310159945477,4.311286625543919]],[[101.32995048183709,4.30303337482274],[101.3309868986182,4.303426384786111],[101.3309868986182,4.304605415861043],[101.33046869022766,4.304605415861043],[101.33046869022766,4.304998426614353],[101.32943227344653,4.304605415861043],[101.32943227344653,4.303426384786111],[101.32995048183709,4.303426384786111],[101.32995048183709,4.30303337482274]],[[101.25895593233027,4.2987102782525985],[101.2599923491114,4.299103286045147],[101.25947414072084,4.299889302222033],[101.25843772393974,4.299496294034952],[101.25895593233027,4.2987102782525985]],[[101.33046869022766,4.2975029838482115],[101.3267326,4.296696095294318],[101.32504819999998,4.295166195295932],[101.32444199999999,4.292678795298529],[101.3213414,4.291084695300199],[101.31849289999998,4.28593319530561],[101.31791652646052,4.282597128369561],[101.31751348046363,4.282597128369561],[101.31751348046363,4.282990128090376],[101.31647706368251,4.282597128369561],[101.31647706368251,4.281811129517377],[101.31699527207307,4.281811129517377],[101.31751348046363,4.2810251314509955],[101.31803168885419,4.2810251314509955],[101.3180638308098,4.281418130385969],[101.31900249999998,4.280246695311585],[101.33603449999998,4.28038049531145],[101.3340068,4.296813795294183],[101.33341669999999,4.297605495293361],[101.33150510700877,4.297661014987773],[101.3309868986182,4.298317270657286],[101.32995048183709,4.297924263259195],[101.32995048183709,4.297531256058303],[101.33046869022766,4.2975029838482115]],[[101.40975457398343,4.2810251314509955],[101.41079099076455,4.281418130385969],[101.410272782374,4.282204128845236],[101.40923636559286,4.281811129517377],[101.40975457398343,4.2810251314509955]],[[101.31699527207307,4.277881147040563],[101.31751348046363,4.277881147040563],[101.31906810563531,4.276309159546357],[101.32010452241644,4.2767021561255705],[101.32010452241644,4.277095152900997],[101.31906810563531,4.277488149872655],[101.31906810563531,4.2786671419652],[101.31958631402587,4.2786671419652],[101.31958631402587,4.279060139721963],[101.31906810563531,4.279060139721963],[101.31906810563531,4.279453137675053],[101.31803168885419,4.279453137675053],[101.31751348046363,4.280239134170268],[101.31647706368251,4.27984613582448],[101.31699527207307,4.277881147040563]],[[101.31595885529195,4.2767021561255705],[101.31699527207307,4.277095152900997],[101.31647706368251,4.277881147040563],[101.3154406469014,4.277488149872655],[101.31595885529195,4.2767021561255705]],[[101.40871815720232,4.275916163163336],[101.40975457398343,4.276309159546357],[101.40923636559286,4.277095152900997],[101.40819994881174,4.2767021561255705],[101.40871815720232,4.275916163163336]],[[101.34290569160112,4.275130170985808],[101.34394210838222,4.275523166976492],[101.34342389999166,4.276309159546357],[101.34238748321054,4.275916163163336],[101.34290569160112,4.275130170985808]],[[101.31958631402587,4.273951184190514],[101.320622730807,4.274344179592836],[101.32010452241644,4.275130170985808],[101.31906810563531,4.2747371751912615],[101.31958631402587,4.273951184190514]],[[101.34549673355392,4.2735581889842775],[101.34653315033502,4.273951184190514],[101.34653315033502,4.2747371751912615],[101.34601494194446,4.2747371751912615],[101.34601494194446,4.275130170985808],[101.34497852516336,4.2747371751912615],[101.34497852516336,4.273951184190514],[101.34549673355392,4.273951184190514],[101.34549673355392,4.2735581889842775]],[[101.40923636559286,4.273951184190514],[101.410272782374,4.274344179592836],[101.40975457398343,4.275130170985808],[101.40871815720232,4.2747371751912615],[101.40923636559286,4.273951184190514]],[[101.31647706368251,4.272772199159983],[101.31595885529195,4.272772199159983],[101.31595885529195,4.27237920454189],[101.31699527207307,4.271986210119809],[101.31699527207307,4.27237920454189],[101.31751348046363,4.27237920454189],[101.31751348046363,4.272772199159983],[101.31699527207307,4.272772199159983],[101.31699527207307,4.273165193974106],[101.31751348046363,4.273165193974106],[101.31699527207307,4.273951184190514],[101.31595885529195,4.2735581889842775],[101.31647706368251,4.272772199159983]],[[101.34964240067839,4.272772199159983],[101.35067881745952,4.273165193974106],[101.35016060906896,4.273951184190514],[101.34912419228783,4.2735581889842775],[101.34964240067839,4.272772199159983]],[[101.40716353203062,4.27237920454189],[101.40819994881174,4.272772199159983],[101.40819994881174,4.2735581889842775],[101.40768174042118,4.2735581889842775],[101.40768174042118,4.273951184190514],[101.40664532364006,4.2735581889842775],[101.40664532364006,4.272772199159983],[101.40716353203062,4.272772199159983],[101.40716353203062,4.27237920454189]],[[101.32269556436924,4.268056276675601],[101.32373198115036,4.268449269138572],[101.32373198115036,4.269235254652023],[101.3232137727598,4.269235254652023],[101.3232137727598,4.269628247702536],[101.32217735597868,4.269235254652023],[101.32217735597868,4.268449269138572],[101.32269556436924,4.268449269138572],[101.32269556436924,4.268056276675601]],[[101.3351325657427,4.262161413217984],[101.33203269999998,4.2628874953298155],[101.33235640328219,4.262161413217984],[101.33202331539933,4.262554402745723],[101.3309868986182,4.262161413217984],[101.3309868986182,4.261768423885776],[101.33150510700877,4.261768423885776],[101.33150510700877,4.2609824458079],[101.3309868986182,4.2609824458079],[101.3309868986182,4.260589457062192],[101.33150510700877,4.260589457062192],[101.33150510700877,4.260196468511946],[101.3325415237899,4.260589457062192],[101.3325415237899,4.2609824458079],[101.33202331539933,4.2609824458079],[101.33202331539933,4.261768423885776],[101.33253160664384,4.261768423885776],[101.33547659999999,4.255162695337955],[101.34725689999999,4.248668195344784],[101.34473560000002,4.270077395322284],[101.34197829999998,4.268525995323932],[101.3407445,4.2637541953289055],[101.33828759999999,4.262288395330441],[101.3351325657427,4.262161413217984]],[[101.28642097702999,4.2672702923370665],[101.28642097702999,4.268056276675601],[101.28538456024889,4.268449269138572],[101.28538456024889,4.268056276675601],[101.28486635185831,4.268056276675601],[101.28486635185831,4.2672702923370665],[101.28538456024889,4.2672702923370665],[101.28538456024889,4.266877300461469],[101.28642097702999,4.2672702923370665]],[[101.28434814346775,4.2672702923370665],[101.28434814346775,4.267663284408437],[101.28331172668663,4.2672702923370665],[101.28331172668663,4.266484308781626],[101.28382993507718,4.266484308781626],[101.28382993507718,4.266091317297522],[101.28486635185831,4.266484308781626],[101.28486635185831,4.2672702923370665],[101.28434814346775,4.2672702923370665]],[[101.31803168885419,4.2672702923370665],[101.31906810563531,4.267663284408437],[101.31854989724475,4.268449269138572],[101.31751348046363,4.268056276675601],[101.31803168885419,4.2672702923370665]],[[101.40871815720232,4.266877300461469],[101.40975457398343,4.2672702923370665],[101.40923636559286,4.268056276675601],[101.40819994881174,4.267663284408437],[101.40871815720232,4.266877300461469]],[[101.3232137727598,4.263733372502345],[101.32373198115036,4.263733372502345],[101.32425018954092,4.2629473924690195],[101.32528660632205,4.263340382387886],[101.32528660632205,4.26530533491645],[101.32476839793148,4.26530533491645],[101.32476839793148,4.265698326009136],[101.32373198115036,4.26530533491645],[101.3232137727598,4.263733372502345]],[[101.40249965651557,4.263733372502345],[101.40301786490613,4.263733372502345],[101.40301786490613,4.264126362812412],[101.4035360732967,4.264126362812412],[101.4035360732967,4.263733372502345],[101.40457249007783,4.264126362812412],[101.4035360732967,4.265698326009136],[101.40249965651557,4.265698326009136],[101.40249965651557,4.26530533491645],[101.40198144812501,4.26530533491645],[101.40198144812501,4.264126362812412],[101.40249965651557,4.264126362812412],[101.40249965651557,4.263733372502345]],[[101.40042682295334,4.262554402745723],[101.40146323973445,4.2629473924690195],[101.4009450313439,4.263733372502345],[101.39990861456278,4.263340382387886],[101.40042682295334,4.262554402745723]],[[101.39783578100054,4.260196468511946],[101.39887219778166,4.259803480157146],[101.39990861456278,4.261375434749088],[101.39887219778166,4.261768423885776],[101.39783578100054,4.260196468511946]],[[101.32217735597868,4.257838541314165],[101.32165914758812,4.257838541314165],[101.32164047893103,4.258231528692018],[101.32223989999997,4.260322395332529],[101.32165914758812,4.260446773281308],[101.32114093919756,4.261375434749088],[101.32010452241644,4.261375434749088],[101.32010452241644,4.2609824458079],[101.3192922,4.260953695331862],[101.31854989724475,4.259803480157146],[101.3189265326044,4.259803480157146],[101.32022289999998,4.257029695335978],[101.32020949999999,4.255826095337247],[101.32114093919756,4.2558736073545465],[101.32114093919756,4.255480621148424],[101.32165914758812,4.255480621148424],[101.32165914758812,4.2558736073545465],[101.32217735597868,4.2558736073545465],[101.32217735597868,4.25626659375591],[101.32118982315096,4.256659580352535],[101.32217735597868,4.257838541314165]],[[101.27605680921879,4.25941049199777],[101.2770932259999,4.259803480157146],[101.27657501760933,4.260589457062192],[101.27553860082823,4.260196468511946],[101.27605680921879,4.25941049199777]],[[101.41286382432679,4.2539086782760025],[101.41390024110791,4.254301663701336],[101.41338203271735,4.255087635137528],[101.41234561593623,4.254694649321837],[101.41286382432679,4.2539086782760025]],[[101.28901201898279,4.249585851473326],[101.29004843576392,4.249978834752998],[101.28953022737336,4.2507648018972635],[101.28849381059224,4.250371818227638],[101.28901201898279,4.249585851473326]],[[101.29315768610728,4.249192868388604],[101.2941941028884,4.249585851473326],[101.29367589449784,4.250371818227638],[101.29263947771673,4.249978834752998],[101.29315768610728,4.249192868388604]],[[101.32114093919756,4.2476209379988585],[101.32217735597868,4.247227955888615],[101.32217735597868,4.2476209379988585],[101.3232137727598,4.248013920303961],[101.3232137727598,4.248799885498815],[101.32217735597868,4.249192868388604],[101.32114093919756,4.2476209379988585]],[[101.39006265514212,4.245263048259639],[101.39109907192324,4.245656029395862],[101.39109907192324,4.246441992252631],[101.39058086353268,4.246441992252631],[101.39058086353268,4.246834973973211],[101.38954444675157,4.246441992252631],[101.38954444675157,4.245656029395862],[101.39006265514212,4.245656029395862],[101.39006265514212,4.245263048259639]],[[101.3232137727598,4.243691125662052],[101.32425018954092,4.244084106019389],[101.32373198115036,4.244870067318165],[101.32269556436924,4.24447708657142],[101.3232137727598,4.243691125662052]],[[101.4273736592625,4.243691125662052],[101.4284100760436,4.244084106019389],[101.42789186765305,4.244870067318165],[101.42685545087193,4.24447708657142],[101.4273736592625,4.243691125662052]],[[101.38798982157986,4.243298145499391],[101.389026238361,4.243691125662052],[101.38850802997044,4.24447708657142],[101.38747161318932,4.244084106019389],[101.38798982157986,4.243298145499391]],[[101.3864351964082,4.241726226795139],[101.38747161318932,4.242119206179281],[101.38695340479876,4.242905165531388],[101.38591698801763,4.242512185758025],[101.3864351964082,4.241726226795139]],[[101.38798982157986,4.235438583099946],[101.389026238361,4.23583155937293],[101.38850802997044,4.236617512501846],[101.38747161318932,4.236224535840225],[101.38798982157986,4.235438583099946]],[[101.34601494194446,4.2311158569163645],[101.3470513587256,4.231508831053144],[101.34653315033502,4.232294779909048],[101.34549673355392,4.231901805384032],[101.34601494194446,4.2311158569163645]],[[101.37866207054978,4.229150989143462],[101.37969848733091,4.229543962309971],[101.37918027894035,4.23032990922506],[101.37814386215922,4.229936935670497],[101.37866207054978,4.229150989143462]],[[101.35897015170848,4.224042355626112],[101.36000656848961,4.224435326272059],[101.35948836009905,4.225221268145307],[101.35845194331792,4.224828297111785],[101.35897015170848,4.224042355626112]],[[101.37969848733091,4.214218152402383],[101.38073490411202,4.2146111182097785],[101.38021669572147,4.215397050404557],[101.37918027894035,4.215004084210497],[101.37969848733091,4.214218152402383]],[[101.46053899625836,4.209895541275083],[101.4615754130395,4.210288504957139],[101.46105720464892,4.211074432900631],[101.46002078786782,4.2106814688323135],[101.46053899625836,4.209895541275083]],[[101.46053899625836,4.208323688477712],[101.4615754130395,4.208716651387464],[101.46105720464892,4.2095025777861315],[101.46002078786782,4.209109614490264],[101.46053899625836,4.208323688477712]],[[101.44913841166604,4.207537763237279],[101.45017482844715,4.207930725760988],[101.4496566200566,4.208716651387464],[101.44862020327547,4.208323688477712],[101.44913841166604,4.207537763237279]],[[101.38332594606483,4.204787030974099],[101.38436236284596,4.205179992147238],[101.38384415445539,4.20596591507219],[101.38280773767427,4.205572953513264],[101.38332594606483,4.204787030974099]],[[101.38332594606483,4.203215188210009],[101.38436236284596,4.2036081486117975],[101.38384415445539,4.204394069993823],[101.38280773767427,4.204001109206395],[101.38332594606483,4.203215188210009]],[[101.3942083222666,4.202822228001013],[101.39524473904773,4.203215188210009],[101.39472653065717,4.204001109206395],[101.39369011387605,4.2036081486117975],[101.3942083222666,4.202822228001013]],[[101.47193958085072,4.201250389092586],[101.47297599763182,4.201643348530596],[101.47245778924126,4.202429267984791],[101.47142137246014,4.202036308161323],[101.47193958085072,4.201250389092586]],[[101.44602916132267,4.197713762819845],[101.4470655781038,4.198106720524205],[101.44654736971323,4.198892636510606],[101.4455109529321,4.198499678421119],[101.44602916132267,4.197713762819845]],[[101.3719253614725,4.195748977185725],[101.37296177825363,4.196141933927585],[101.37296177825363,4.196927847988716],[101.37244356986307,4.196927847988716],[101.37244356986307,4.1973208053080215],[101.37140715308193,4.196927847988716],[101.37140715308193,4.196141933927585],[101.3719253614725,4.196141933927585],[101.3719253614725,4.195748977185725]],[[101.4693485388979,4.189854649140963],[101.46986674728846,4.189854649140963],[101.46986674728846,4.189461695476026],[101.47090316406958,4.189854649140963],[101.46986674728846,4.1914264657225955],[101.46883033050734,4.19103351128887],[101.46883033050734,4.190640557047365],[101.4693485388979,4.190640557047365],[101.4693485388979,4.189854649140963]],[[101.31699527207307,4.189854649140963],[101.31803168885419,4.1902476029980695],[101.31751348046363,4.19103351128887],[101.31647706368251,4.190640557047365],[101.31699527207307,4.189854649140963]],[[101.37607102859698,4.1890687420032435],[101.37710744537812,4.1890687420032435],[101.37710744537812,4.188675788722594],[101.37762565376867,4.188675788722594],[101.37814386215922,4.189461695476026],[101.37607102859698,4.1902476029980695],[101.37607102859698,4.189854649140963],[101.37555282020641,4.189854649140963],[101.37607102859698,4.1890687420032435]],[[101.46779391372621,4.1890687420032435],[101.46883033050734,4.189461695476026],[101.46831212211677,4.1902476029980695],[101.46727570533567,4.189854649140963],[101.46779391372621,4.1890687420032435]],[[101.3745164034253,4.188282835634062],[101.37555282020641,4.188675788722594],[101.37503461181588,4.189461695476026],[101.37399819503474,4.1890687420032435],[101.3745164034253,4.188282835634062]],[[101.36570686078576,4.187103977520972],[101.3667432775669,4.187496930033269],[101.36622506917632,4.188282835634062],[101.36518865239522,4.1878898827376245],[101.36570686078576,4.187103977520972]],[[101.42478261730969,4.182388562347532],[101.42581903409081,4.182781512556521],[101.42530082570025,4.183567413550043],[101.42426440891913,4.183174462957352],[101.42478261730969,4.182388562347532]],[[101.36518865239522,4.180423814179573],[101.36570686078576,4.180423814179573],[101.36570686078576,4.17963791625464],[101.36467044400466,4.18003086512125],[101.36467044400466,4.17963791625464],[101.36363402722353,4.17963791625464],[101.36363402722353,4.179244967579726],[101.36311581883295,4.179244967579726],[101.36415223561409,4.1780661227049745],[101.36518865239522,4.178459070804911],[101.36518865239522,4.179244967579726],[101.36570686078576,4.179244967579726],[101.36570686078576,4.17885201909649],[101.3667432775669,4.179244967579726],[101.3667432775669,4.17963791625464],[101.36622506917632,4.17963791625464],[101.36622506917632,4.180423814179573],[101.3667432775669,4.180423814179573],[101.3667432775669,4.18120971287143],[101.36726148595746,4.18120971287143],[101.36726148595746,4.181602662505006],[101.36622506917632,4.181995612330365],[101.36518865239522,4.180423814179573]],[[101.38021669572147,4.179244967579726],[101.37969848733091,4.179244967579726],[101.37969848733091,4.17885201909649],[101.38073490411202,4.178459070804911],[101.38073490411202,4.17885201909649],[101.38125311250259,4.17885201909649],[101.38125311250259,4.17963791625464],[101.38177132089315,4.17963791625464],[101.38177132089315,4.180423814179573],[101.38125311250259,4.180423814179573],[101.38125311250259,4.181602662505006],[101.38073490411202,4.181602662505006],[101.38073490411202,4.181995612330365],[101.37969848733091,4.181602662505006],[101.37969848733091,4.180816763429627],[101.38021669572147,4.180816763429627],[101.38021669572147,4.179244967579726]],[[101.36985252791027,4.1764943322212655],[101.3693343195197,4.1764943322212655],[101.3693343195197,4.176101385079257],[101.36985252791027,4.176101385079257],[101.36985252791027,4.175315491369816],[101.37088894469137,4.174922544802345],[101.37088894469137,4.175315491369816],[101.37140715308193,4.175315491369816],[101.37088894469137,4.176101385079257],[101.3719253614725,4.176101385079257],[101.3719253614725,4.175708438128781],[101.37244356986307,4.175708438128781],[101.37244356986307,4.176101385079257],[101.37296177825363,4.176101385079257],[101.37296177825363,4.177280227079948],[101.3719253614725,4.177673174796659],[101.3719253614725,4.177280227079948],[101.37088894469137,4.177280227079948],[101.37088894469137,4.1768872795548235],[101.36985252791027,4.1768872795548235],[101.36985252791027,4.1764943322212655]],[[101.31854989724475,4.170993089655812],[101.31906810563531,4.170993089655812],[101.31906810563531,4.170600145193573],[101.32010452241644,4.170993089655812],[101.32010452241644,4.175708438128781],[101.31958631402587,4.175708438128781],[101.31958631402587,4.1764943322212655],[101.31906810563531,4.1764943322212655],[101.31906810563531,4.1768872795548235],[101.31803168885419,4.1764943322212655],[101.31803168885419,4.176101385079257],[101.31854989724475,4.176101385079257],[101.31854989724475,4.170993089655812]],[[101.37658923698754,4.175315491369816],[101.37762565376867,4.175708438128781],[101.37710744537812,4.1764943322212655],[101.37607102859698,4.176101385079257],[101.37658923698754,4.175315491369816]],[[101.36829790273856,4.174136652241815],[101.3693343195197,4.174529598426352],[101.36881611112914,4.175315491369816],[101.36777969434803,4.174922544802345],[101.36829790273856,4.174136652241815]],[[101.35793373492737,4.173350760447042],[101.35897015170848,4.173743706248717],[101.35845194331792,4.174529598426352],[101.35741552653681,4.174136652241815],[101.35793373492737,4.173350760447042]],[[101.37555282020641,4.1702072009226105],[101.37607102859698,4.1702072009226105],[101.37607102859698,4.169814256842904],[101.37866207054978,4.169421312954435],[101.37866207054978,4.169814256842904],[101.37918027894035,4.169814256842904],[101.37918027894035,4.1702072009226105],[101.37866207054978,4.1702072009226105],[101.37918027894035,4.170993089655812],[101.37866207054978,4.170993089655812],[101.37866207054978,4.171386034309343],[101.37762565376867,4.171386034309343],[101.37762565376867,4.170993089655812],[101.37607102859698,4.170993089655812],[101.37555282020641,4.1702072009226105]],[[101.37296177825363,4.169028369257187],[101.37347998664417,4.169028369257187],[101.37347998664417,4.16824248243628],[101.37399819503474,4.16824248243628],[101.37399819503474,4.167849539312582],[101.37503461181588,4.167849539312582],[101.37555282020641,4.1670636536386105],[101.37658923698754,4.167456596380032],[101.37658923698754,4.167849539312582],[101.37607102859698,4.167849539312582],[101.37607102859698,4.16824248243628],[101.37555282020641,4.16824248243628],[101.37555282020641,4.168635425751142],[101.37503461181588,4.168635425751142],[101.37503461181588,4.169028369257187],[101.3745164034253,4.169028369257187],[101.3745164034253,4.169421312954435],[101.37399819503474,4.169421312954435],[101.37347998664417,4.1702072009226105],[101.37244356986307,4.169814256842904],[101.37296177825363,4.169028369257187]],[[101.36829790273856,4.163134236732467],[101.3693343195197,4.163527177563605],[101.36881611112914,4.164313059798736],[101.36777969434803,4.163920118585689],[101.36829790273856,4.163134236732467]],[[101.36104298527071,4.161955415384547],[101.36207940205185,4.162348355642957],[101.36156119366129,4.163134236732467],[101.36052477688018,4.162741296092256],[101.36104298527071,4.161955415384547]],[[101.41908232501352,4.161955415384547],[101.42011874179465,4.162348355642957],[101.41960053340408,4.163134236732467],[101.41856411662296,4.162741296092256],[101.41908232501352,4.161955415384547]],[[101.35793373492737,4.157633085135643],[101.35897015170848,4.158026023295454],[101.35845194331792,4.158811900187167],[101.35741552653681,4.158418961645956],[101.35793373492737,4.157633085135643]],[[101.4693485388979,4.154489586719808],[101.47038495567901,4.154882523354754],[101.46986674728846,4.155668397196298],[101.46883033050734,4.155275460180245],[101.4693485388979,4.154489586719808]],[[101.4180459082324,4.140343994609887],[101.41752769984184,4.140343994609887],[101.41752769984184,4.139951065012223],[101.41856411662296,4.139558135604409],[101.41856411662296,4.139951065012223],[101.41908232501352,4.139951065012223],[101.41908232501352,4.140343994609887],[101.41856411662296,4.140343994609887],[101.41856411662296,4.141129854374836],[101.41908232501352,4.141129854374836],[101.41908232501352,4.141915714899401],[101.41856411662296,4.141915714899401],[101.41856411662296,4.1423086454465885],[101.41752769984184,4.141915714899401],[101.4180459082324,4.140343994609887]],[[101.42322799213801,4.140343994609887],[101.42426440891913,4.139951065012223],[101.42426440891913,4.140343994609887],[101.42478261730969,4.140343994609887],[101.42478261730969,4.141129854374836],[101.42426440891913,4.141129854374836],[101.42426440891913,4.1415227845421585],[101.42322799213801,4.1415227845421585],[101.42322799213801,4.141129854374836],[101.42270978374745,4.141129854374836],[101.42322799213801,4.140343994609887]],[[101.4284100760436,4.137986419871288],[101.42944649282474,4.138379348519885],[101.42892828443416,4.139165206386428],[101.42789186765305,4.138772277358259],[101.4284100760436,4.137986419871288]],[[101.46883033050734,4.136021779474311],[101.46986674728846,4.136414707174299],[101.4693485388979,4.13720056314335],[101.46831212211677,4.136807635063972],[101.46883033050734,4.136021779474311]],[[101.47142137246014,4.1356288519639905],[101.47245778924126,4.136021779474311],[101.47193958085072,4.136807635063972],[101.47090316406958,4.136414707174299],[101.47142137246014,4.1356288519639905]],[[101.4284100760436,4.134450070570846],[101.42944649282474,4.134842997512276],[101.42892828443416,4.1356288519639905],[101.42789186765305,4.135235924643317],[101.4284100760436,4.134450070570846]],[[101.43203753477754,4.134450070570846],[101.43151932638698,4.134450070570846],[101.4310011179964,4.13366421725675],[101.43255574316811,4.1328783647008835],[101.43255574316811,4.133271290884046],[101.43307395155865,4.133271290884046],[101.43307395155865,4.134450070570846],[101.43255574316811,4.134450070570846],[101.43307395155865,4.135235924643317],[101.43255574316811,4.135235924643317],[101.43255574316811,4.1356288519639905],[101.43151932638698,4.135235924643317],[101.43203753477754,4.134450070570846]],[[101.42581903409081,4.133271290884046],[101.42685545087193,4.13366421725675],[101.42633724248137,4.134450070570846],[101.42530082570025,4.1340571438190095],[101.42581903409081,4.133271290884046]],[[101.42944649282474,4.131699587288445],[101.43048290960586,4.1320925129031005],[101.43048290960586,4.1328783647008835],[101.4299647012153,4.1328783647008835],[101.4299647012153,4.133271290884046],[101.42892828443416,4.1328783647008835],[101.42892828443416,4.1320925129031005],[101.42944649282474,4.1320925129031005],[101.42944649282474,4.131699587288445]],[[101.40716353203062,4.131699587288445],[101.40819994881174,4.1320925129031005],[101.40768174042118,4.1328783647008835],[101.40664532364006,4.132485438707241],[101.40716353203062,4.131699587288445]],[[101.40923636559286,4.131306661863255],[101.410272782374,4.131699587288445],[101.40975457398343,4.132485438707241],[101.40871815720232,4.1320925129031005],[101.40923636559286,4.131306661863255]],[[101.42633724248137,4.129342037578656],[101.4273736592625,4.129734962056791],[101.42685545087193,4.130520811581198],[101.42581903409081,4.1301278867243],[101.42633724248137,4.129342037578656]],[[101.44913841166604,4.110481884974864],[101.44862020327547,4.110481884974864],[101.44862020327547,4.109696054721026],[101.4496566200566,4.109303139876781],[101.4496566200566,4.109696054721026],[101.45017482844715,4.109696054721026],[101.45017482844715,4.110874800384494],[101.4506930368377,4.110874800384494],[101.45121124522828,4.111660631769264],[101.45017482844715,4.112053547744443],[101.45017482844715,4.111660631769264],[101.44913841166604,4.111267715982623],[101.44913841166604,4.110481884974864]],[[101.3470513587256,4.103409439813858],[101.34808777550673,4.103802351833648],[101.34756956711615,4.104588176437753],[101.34653315033502,4.104195264041607],[101.3470513587256,4.103409439813858]],[[101.36363402722353,4.089657637525895],[101.36415223561409,4.089657637525895],[101.36467044400466,4.088871827197665],[101.36518865239522,4.088871827197665],[101.36518865239522,4.089264732268033],[101.36622506917632,4.088871827197665],[101.36622506917632,4.089264732268033],[101.3667432775669,4.089264732268033],[101.3667432775669,4.089657637525895],[101.36622506917632,4.089657637525895],[101.3667432775669,4.090443448604172],[101.36622506917632,4.090443448604172],[101.36622506917632,4.090836354424623],[101.36518865239522,4.090836354424623],[101.36518865239522,4.090443448604172],[101.36415223561409,4.090443448604172],[101.36363402722353,4.089657637525895]],[[101.36881611112914,4.0853356899985425],[101.3693343195197,4.0853356899985425],[101.36881611112914,4.084549883792959],[101.3693343195197,4.084549883792959],[101.36985252791027,4.083764078336474],[101.37088894469137,4.083764078336474],[101.37088894469137,4.083371175889097],[101.37296177825363,4.084549883792959],[101.37296177825363,4.084942786802105],[101.37088894469137,4.086121496953369],[101.37088894469137,4.086514400711794],[101.3719253614725,4.086907304657585],[101.37140715308193,4.087693113111338],[101.37088894469137,4.087693113111338],[101.37088894469137,4.087300208790759],[101.36985252791027,4.087693113111338],[101.36985252791027,4.087300208790759],[101.36881611112914,4.086907304657585],[101.36881611112914,4.0853356899985425]],[[101.43203753477754,4.086121496953369],[101.43307395155865,4.086514400711794],[101.43255574316811,4.087300208790759],[101.43151932638698,4.086907304657585],[101.43203753477754,4.086121496953369]],[[101.41752769984184,4.083764078336474],[101.41856411662296,4.0841569809710885],[101.41856411662296,4.084942786802105],[101.4180459082324,4.084942786802105],[101.4180459082324,4.0853356899985425],[101.41700949145128,4.084942786802105],[101.41700949145128,4.0841569809710885],[101.41752769984184,4.0841569809710885],[101.41752769984184,4.083764078336474]],[[101.3176627,4.260119095332715],[101.31837759999999,4.259989395332855],[101.3185559,4.2603156953325305],[101.3178639,4.260382595332457],[101.3176627,4.260119095332715]],[[101.31905479999999,4.256290795336768],[101.31928949999998,4.257216295335783],[101.3187879,4.2572650953357325],[101.3185666,4.256340295336696],[101.31905479999999,4.256290795336768]],[[101.3494992,4.330171595259198],[101.3514304,4.3283956952610545],[101.35340449999998,4.329294295260113],[101.35364049999997,4.336868595252184],[101.35314700000002,4.338858495250079],[101.35140889999998,4.339842695249039],[101.34894129999999,4.33994969524897],[101.346817,4.330834895258474],[101.3494992,4.330171595259198]],[[101.3531899,4.273961095318186],[101.3710642,4.284873995306719],[101.36775969999998,4.289667095301706],[101.3498425,4.278818395313111],[101.3531899,4.273961095318186]],[[101.35780070000001,4.275239595316849],[101.35872469999998,4.275504395316548],[101.35856780000002,4.275949795316126],[101.35768,4.275715695316357],[101.35780070000001,4.275239595316849]],[[101.3622129,4.271802595320451],[101.36269570000002,4.272088795320165],[101.36228529999998,4.272297395319924],[101.3622129,4.271802595320451]],[[101.3625643,4.278839795313048],[101.36316109999999,4.278722095313209],[101.3632965,4.279243695312659],[101.36263529999998,4.279303895312578],[101.3625643,4.278839795313048]],[[101.3670945,4.2544672953386975],[101.3674566,4.253196695340021],[101.3680789,4.253504295339684],[101.3670945,4.2544672953386975]],[[101.38882039999997,4.242954795350772],[101.38883379999997,4.240709195353142],[101.38926299999999,4.240631595353233],[101.3896036,4.242850395350877],[101.39001799999998,4.243065795350663],[101.3895902,4.243836095349844],[101.38882039999997,4.242954795350772]],[[101.3940883,4.244024695349655],[101.3994634,4.249952195343435],[101.3950431,4.254082095339093],[101.3893676,4.248657495344789],[101.3940883,4.244024695349655]]],[[[101.33979644125775,4.356091513220328],[101.33979644125775,4.356106769750217],[101.33981173708047,4.356091513220328],[101.33979644125775,4.356091513220328]]],[[[101.32107715920596,4.25626659375591],[101.32114093919756,4.256489066696395],[101.32114093919756,4.25626659375591],[101.32107715920596,4.25626659375591]]],[[[101.33616898252382,4.364738368717717],[101.33565077413327,4.364738368717717],[101.33565077413327,4.3651314099060965],[101.33616898252382,4.3651314099060965],[101.33616898252382,4.364738368717717]]],[[[101.38488057123652,4.408021930749849],[101.38436236284596,4.407974104384781],[101.38436236284596,4.407581041252357],[101.38332594606483,4.407581041252357],[101.38332594606483,4.407974104384781],[101.38280773767427,4.407974104384781],[101.38280773767427,4.407581041252357],[101.38177132089315,4.407581041252357],[101.38177132089315,4.407974104384781],[101.38125311250259,4.407974104384781],[101.38073490411202,4.407187978322242],[101.38021669572147,4.407187978322242],[101.38021669572147,4.407581041252357],[101.37969848733091,4.407581041252357],[101.37969848733091,4.407187978322242],[101.37866207054978,4.407187978322242],[101.37866207054978,4.407581041252357],[101.37762565376867,4.407187978322242],[101.37762565376867,4.407581041252357],[101.37710744537812,4.407581041252357],[101.37658923698754,4.406794915594421],[101.37607102859698,4.406794915594421],[101.37607102859698,4.407187978322242],[101.37503461181588,4.407187978322242],[101.377887,4.408697995176942],[101.381566,4.409274995176346],[101.3839171,4.4078440951778495],[101.3842682,4.407970095177711],[101.38488057123652,4.408021930749849]]],[[[101.38591698801763,4.407974104384781],[101.38591698801763,4.408541809740094],[101.38657515138667,4.408367167719535],[101.3864351964082,4.407974104384781],[101.38591698801763,4.407974104384781]]],[[[101.38747161318932,4.407974104384781],[101.38769002312215,4.408760231256638],[101.38798982157986,4.408760231256638],[101.38798982157986,4.407974104384781],[101.38747161318932,4.407974104384781]]],[[[101.38850802997044,4.409153294996106],[101.38850802997044,4.408760231256638],[101.38798982157986,4.408760231256638],[101.38798982157986,4.409153294996106],[101.38850802997044,4.409153294996106]]],[[[101.39213548870437,4.409153294996106],[101.39265369709493,4.408760231256638],[101.39213548870437,4.408760231256638],[101.39213548870437,4.409153294996106]]],[[[101.389026238361,4.409153294996106],[101.38850802997044,4.409153294996106],[101.38850802997044,4.409546358937958],[101.389026238361,4.409546358937958],[101.389026238361,4.409153294996106]]],[[[101.39109907192324,4.409546358937958],[101.39058086353268,4.409546358937958],[101.39058086353268,4.409939423082214],[101.38988040819902,4.409939423082214],[101.39097579999999,4.409973895175609],[101.391757,4.409761995175819],[101.39213548870437,4.409153294996106],[101.39109907192324,4.409153294996106],[101.39109907192324,4.409546358937958]]]]},"properties":{"place_id":"276771a7-e1bd-591d-948d-2265e5894dc9","habitat":"forest_interior","habitat_label":"Forest interior","resolution_m":50}},{"type":"Feature","geometry":{"type":"MultiPolygon","coordinates":[[[[101.32038203471058,4.1611695354403295],[101.31958631402587,4.161955415384547],[101.320622730807,4.162348355642957],[101.32114093919756,4.161645871773817],[101.32038203471058,4.1611695354403295]]],[[[101.31906810563531,4.170600145193573],[101.31906810563531,4.170993089655812],[101.31854989724475,4.170993089655812],[101.31854989724475,4.176101385079257],[101.31803168885419,4.176101385079257],[101.31854989724475,4.1768872795548235],[101.31906810563531,4.1768872795548235],[101.31906810563531,4.1764943322212655],[101.31958631402587,4.1764943322212655],[101.31958631402587,4.175708438128781],[101.32010452241644,4.175708438128781],[101.32010452241644,4.170993089655812],[101.31906810563531,4.170600145193573]]],[[[101.3138860217297,4.187496930033269],[101.31322299999998,4.187854695408788],[101.3138860217297,4.1878898827376245],[101.3138860217297,4.187496930033269]]],[[[101.31699527207307,4.1902476029980695],[101.31647706368251,4.1902476029980695],[101.31647706368251,4.190640557047365],[101.31751348046363,4.19103351128887],[101.31803168885419,4.1902476029980695],[101.31751348046363,4.1902476029980695],[101.31751348046363,4.189854649140963],[101.31699527207307,4.189854649140963],[101.31699527207307,4.1902476029980695]]],[[[101.2796842679527,4.236224535840225],[101.2796842679527,4.236207608446609],[101.27928996111733,4.236224535840225],[101.2796842679527,4.236224535840225]]],[[[101.2705833,4.242905165531388],[101.2705833,4.245388895348217],[101.2696874,4.245453095348166],[101.26983830853206,4.246049010726854],[101.27087472531319,4.245656029395862],[101.27087472531319,4.24447708657142],[101.27139293370372,4.24447708657142],[101.2705833,4.242905165531388]]],[[[101.26335174994003,4.248013920303961],[101.26361980784534,4.247374099051375],[101.2633762,4.247360195346165],[101.26335174994003,4.248013920303961]]],[[[101.26724726657925,4.248013920303961],[101.2679829,4.248006195345473],[101.26724726657925,4.24786275010323],[101.26724726657925,4.248013920303961]]],[[[101.26611160817332,4.249978834752998],[101.26672905818869,4.249192868388604],[101.26598536560246,4.248799885498815],[101.26611160817332,4.249978834752998]]],[[[101.26569264140758,4.248799885498815],[101.26569264140758,4.248813105928132],[101.26581083772759,4.248799885498815],[101.26569264140758,4.248799885498815]]],[[[101.29263947771673,4.249585851473326],[101.29315768610728,4.250371818227638],[101.2941941028884,4.249978834752998],[101.29367589449784,4.249192868388604],[101.29263947771673,4.249585851473326]]],[[[101.31762469999997,4.249827195343552],[101.31803168885419,4.250371818227638],[101.31906810563531,4.2507648018972635],[101.32010452241644,4.249192868388604],[101.31762469999997,4.249827195343552]]],[[[101.28849381059224,4.249978834752998],[101.28901201898279,4.2507648018972635],[101.29004843576392,4.250371818227638],[101.28953022737336,4.249585851473326],[101.28849381059224,4.249978834752998]]],[[[101.2654881,4.2524945953407585],[101.26621084979811,4.2539086782760025],[101.26724726657925,4.253515693045822],[101.26621084979811,4.252368753098237],[101.2654881,4.2524945953407585]]],[[[101.27605680921879,4.259803480157146],[101.27553860082823,4.259803480157146],[101.27553860082823,4.260196468511946],[101.27657501760933,4.260589457062192],[101.2770932259999,4.259803480157146],[101.27657501760933,4.259803480157146],[101.27657501760933,4.25941049199777],[101.27605680921879,4.25941049199777],[101.27605680921879,4.259803480157146]]],[[[101.31854989724475,4.260196468511946],[101.31906810563531,4.260196468511946],[101.31922551360466,4.260589457062192],[101.3189265326044,4.259803480157146],[101.31854989724475,4.260196468511946]]],[[[101.31958631402587,4.2609824458079],[101.32010452241644,4.2609824458079],[101.32010452241644,4.261375434749088],[101.32114093919756,4.261375434749088],[101.32165914758812,4.260446773281308],[101.31958631402587,4.2609824458079]]],[[[101.28382993507718,4.2672702923370665],[101.28382993507718,4.267663284408437],[101.28486635185831,4.2672702923370665],[101.28486635185831,4.266484308781626],[101.28434814346775,4.266484308781626],[101.28434814346775,4.266091317297522],[101.28331172668663,4.266484308781626],[101.28331172668663,4.2672702923370665],[101.28382993507718,4.2672702923370665]]],[[[101.28486635185831,4.2672702923370665],[101.28486635185831,4.268056276675601],[101.28590276863943,4.268449269138572],[101.28590276863943,4.268056276675601],[101.28642097702999,4.268056276675601],[101.28642097702999,4.2672702923370665],[101.28590276863943,4.2672702923370665],[101.28590276863943,4.266877300461469],[101.28486635185831,4.2672702923370665]]],[[[101.31751348046363,4.267663284408437],[101.31803168885419,4.268449269138572],[101.31906810563531,4.268056276675601],[101.31854989724475,4.2672702923370665],[101.31751348046363,4.267663284408437]]],[[[101.31751348046363,4.27237920454189],[101.31699527207307,4.27237920454189],[101.31699527207307,4.271986210119809],[101.31595885529195,4.27237920454189],[101.31595885529195,4.272772199159983],[101.31647706368251,4.272772199159983],[101.31647706368251,4.273165193974106],[101.31595885529195,4.273165193974106],[101.31647706368251,4.273951184190514],[101.31751348046363,4.2735581889842775],[101.31751348046363,4.273165193974106],[101.31699527207307,4.273165193974106],[101.31751348046363,4.27237920454189]]],[[[101.31906810563531,4.274344179592836],[101.31958631402587,4.275130170985808],[101.320622730807,4.2747371751912615],[101.32010452241644,4.273951184190514],[101.31906810563531,4.274344179592836]]],[[[101.31854989724475,4.2767021561255705],[101.31906810563531,4.277488149872655],[101.32010452241644,4.277095152900997],[101.31958631402587,4.276309159546357],[101.31854989724475,4.2767021561255705]]],[[[101.3154406469014,4.277095152900997],[101.31595885529195,4.277881147040563],[101.31699527207307,4.277488149872655],[101.31647706368251,4.2767021561255705],[101.3154406469014,4.277095152900997]]],[[[101.31906810563531,4.2786671419652],[101.31906810563531,4.277488149872655],[101.31803168885419,4.277095152900997],[101.31803168885419,4.277488149872655],[101.31699527207307,4.277881147040563],[101.31647706368251,4.27984613582448],[101.31751348046363,4.280239134170268],[101.31803168885419,4.279453137675053],[101.31906810563531,4.279453137675053],[101.31906810563531,4.279060139721963],[101.31958631402587,4.279060139721963],[101.31958631402587,4.2786671419652],[101.31906810563531,4.2786671419652]]],[[[101.31751348046363,4.2810251314509955],[101.31751348046363,4.281418130385969],[101.31647706368251,4.281811129517377],[101.31647706368251,4.282597128369561],[101.31699527207307,4.282597128369561],[101.31699527207307,4.282990128090376],[101.31791652646052,4.282597128369561],[101.31803168885419,4.2810251314509955],[101.31751348046363,4.2810251314509955]]],[[[101.25843772393974,4.299103286045147],[101.25895593233027,4.299889302222033],[101.2599923491114,4.299496294034952],[101.25947414072084,4.2987102782525985],[101.25843772393974,4.299103286045147]]],[[[101.26361980784534,4.311286625543919],[101.26310159945477,4.311286625543919],[101.26310159945477,4.312072653969397],[101.26258339106421,4.312072653969397],[101.26310159945477,4.312858683186317],[101.26413801623588,4.312858683186317],[101.26413801623588,4.31246566847892],[101.26465622462645,4.31246566847892],[101.26465622462645,4.311286625543919],[101.26413801623588,4.311286625543919],[101.26413801623588,4.310893611627923],[101.26361980784534,4.310893611627923],[101.26361980784534,4.311286625543919]]],[[[101.24910997290962,4.312072653969397],[101.24910997290962,4.311679639657737],[101.24859414679814,4.311679639657737],[101.24858570397885,4.31246566847892],[101.24859176451908,4.312072653969397],[101.24910997290962,4.312072653969397]]],[[[101.24962818130018,4.312072653969397],[101.25014638969076,4.312858683186317],[101.25118280647189,4.31246566847892],[101.25066459808131,4.311679639657737],[101.24962818130018,4.312072653969397]]],[[[101.2458158911344,4.316395824460451],[101.24600072256627,4.316002807971325],[101.24651893095682,4.316002807971325],[101.24651893095682,4.314430743995063],[101.24626236943911,4.314430743995063],[101.2458158911344,4.316395824460451]]],[[[101.26361980784534,4.316002807971325],[101.26310159945477,4.31678884114764],[101.26361980784534,4.31678884114764],[101.26361980784534,4.317574875116275],[101.26465622462645,4.317967892397758],[101.26517443301701,4.317181858032909],[101.26465622462645,4.317181858032909],[101.26465622462645,4.316395824460451],[101.26361980784534,4.316002807971325]]],[[[101.24528011716872,4.318753927555146],[101.2454825141757,4.318360909877376],[101.24600072256627,4.318360909877376],[101.24600072256627,4.31678884114764],[101.24572659547344,4.31678884114764],[101.24528011716872,4.318753927555146]]],[[[101.24483363886401,4.320719018916933],[101.24496430578515,4.320326000248124],[101.2454825141757,4.320326000248124],[101.2454825141757,4.319146945431088],[101.24519082150779,4.319146945431088],[101.24483363886401,4.320719018916933]]],[[[101.24496430578515,4.322291095574984],[101.24496430578515,4.321112037784006],[101.24474434320305,4.321112037784006],[101.24447645622023,4.322291095574984],[101.24496430578515,4.322291095574984]]],[[[101.24444609739457,4.323470155150985],[101.24444609739457,4.32242471475903],[101.24395229999999,4.323459495266227],[101.24444609739457,4.323470155150985]]],[[[101.2599923491114,4.323470155150985],[101.26102876589253,4.323470155150985],[101.26154697428308,4.32268411523529],[101.26102876589253,4.32268411523529],[101.26102876589253,4.322291095574984],[101.2599923491114,4.322291095574984],[101.2599923491114,4.32268411523529],[101.25947414072084,4.32268411523529],[101.2599923491114,4.323470155150985]]],[[[101.26206518267364,4.323077135093952],[101.26102876589253,4.323470155150985],[101.26154697428308,4.324256195860244],[101.26258339106421,4.32386317540641],[101.26206518267364,4.323077135093952]]],[[[101.24340968061347,4.325828279660039],[101.24259979999998,4.325263695264348],[101.24238843135926,4.327007344594077],[101.24289147222291,4.327007344594077],[101.24289147222291,4.325828279660039],[101.24340968061347,4.325828279660039]]],[[[101.24237326383233,4.327793388876186],[101.24237326383233,4.327057849168374],[101.24217343492074,4.327793388876186],[101.24237326383233,4.327793388876186]]],[[[101.31595885529195,4.332902696079188],[101.3154406469014,4.332902696079188],[101.3154406469014,4.333295721101489],[101.31647706368251,4.333688746322637],[101.31699527207307,4.332902696079188],[101.31647706368251,4.332902696079188],[101.31647706368251,4.3325096712557185],[101.31595885529195,4.3325096712557185],[101.31595885529195,4.332902696079188]]],[[[101.23874580509842,4.3360469018263785],[101.23874580509842,4.335653875411752],[101.2403004302701,4.33486782317936],[101.23926401348898,4.333295721101489],[101.23891849999998,4.333315495255888],[101.23822759670786,4.335260849196085],[101.2377093883173,4.335430565988758],[101.23822759670786,4.3360469018263785],[101.23874580509842,4.3360469018263785]],[[101.23926401348898,4.334474797361554],[101.23926401348898,4.33486782317936],[101.23874580509842,4.33486782317936],[101.23874580509842,4.334474797361554],[101.23926401348898,4.334474797361554]]],[[[101.24133684705122,4.334474797361554],[101.2403004302701,4.33486782317936],[101.24081863866066,4.335653875411752],[101.24185505544177,4.335260849196085],[101.24133684705122,4.334474797361554]]],[[[101.30404006230906,4.337225982264189],[101.30455827069962,4.338012036884524],[101.30559468748073,4.337619009474833],[101.30507647909018,4.336832955252578],[101.30404006230906,4.337225982264189]]],[[[101.33117819126689,4.156847209388016],[101.3309868986182,4.156768218343592],[101.3309868986182,4.156847209388016],[101.33117819126689,4.156847209388016]]],[[[101.32373198115036,4.203215188210009],[101.32373198115036,4.203252100042276],[101.32395554027855,4.203215188210009],[101.32373198115036,4.203215188210009]]],[[[101.32632302310317,4.207537763237279],[101.32684123149372,4.206751838768821],[101.32632302310317,4.206751838768821],[101.32632302310317,4.20596591507219],[101.32598065618215,4.20596591507219],[101.32632302310317,4.207537763237279]]],[[[101.32654923245812,4.2095025777861315],[101.32684123149372,4.209109614490264],[101.32648605731633,4.209109614490264],[101.32654923245812,4.2095025777861315]]],[[[101.32684123149372,4.211074432900631],[101.32680193302518,4.211074432900631],[101.32684123149372,4.211318878608175],[101.32684123149372,4.211074432900631]]],[[[101.32735943988429,4.211860361616755],[101.32735943988429,4.211467397162103],[101.32686510816697,4.211467397162103],[101.32692828330873,4.211860361616755],[101.32735943988429,4.211860361616755]]],[[[101.32705463359228,4.212646291105658],[101.32735943988429,4.212253326264598],[101.3269914584505,4.212253326264598],[101.32705463359228,4.212646291105658]]],[[[101.32787764827485,4.215397050404557],[101.32787764827485,4.21382518678829],[101.32718098387582,4.213432221367484],[101.32749685958467,4.215397050404557],[101.32787764827485,4.215397050404557]]],[[[101.33461435735214,4.226400182408851],[101.33461435735214,4.226053173053545],[101.33357794057102,4.226060639745765],[101.33357794057102,4.226400182408851],[101.33461435735214,4.226400182408851]]],[[[101.32231983542684,4.242119206179281],[101.32269556436924,4.241726226795139],[101.32258785620208,4.241726226795139],[101.32231983542684,4.242119206179281]]],[[[101.32217735597868,4.242512185758025],[101.32217735597868,4.242330233549753],[101.32206393966962,4.242512185758025],[101.32217735597868,4.242512185758025]]],[[[101.32158655438768,4.244084106019389],[101.32165914758812,4.243691125662052],[101.3215768,4.243691125662052],[101.32158655438768,4.244084106019389]]],[[[101.32269556436924,4.244084106019389],[101.3232137727598,4.244870067318165],[101.32425018954092,4.24447708657142],[101.32373198115036,4.243691125662052],[101.32269556436924,4.244084106019389]]],[[[101.32165914758812,4.246049010726854],[101.32165914758812,4.244870067318165],[101.32164417032632,4.244870067318165],[101.32132359537052,4.246049010726854],[101.32165914758812,4.246049010726854]]],[[[101.32165914758812,4.247227955888615],[101.32114093919756,4.248013920303961],[101.32165914758812,4.248013920303961],[101.32165914758812,4.248799885498815],[101.32269556436924,4.249192868388604],[101.32269556436924,4.248799885498815],[101.3232137727598,4.248799885498815],[101.3232137727598,4.248013920303961],[101.32165914758812,4.247227955888615]]],[[[101.32096449526092,4.2558736073545465],[101.32118982315096,4.256659580352535],[101.32217735597868,4.25626659375591],[101.32165914758812,4.255480621148424],[101.32096449526092,4.2558736073545465]]],[[[101.32164047893103,4.258231528692018],[101.32217735597868,4.257445554131644],[101.32130248709596,4.2570525671444415],[101.32164047893103,4.258231528692018]]],[[[101.32217735597868,4.259803480157146],[101.3220911347111,4.259803480157146],[101.32217735597868,4.260104232559452],[101.32217735597868,4.259803480157146]]],[[[101.33202331539933,4.260589457062192],[101.33202331539933,4.260196468511946],[101.3309868986182,4.260589457062192],[101.3309868986182,4.2609824458079],[101.33150510700877,4.2609824458079],[101.33150510700877,4.261768423885776],[101.3309868986182,4.261768423885776],[101.33150510700877,4.262554402745723],[101.33202331539933,4.262554402745723],[101.33253160664384,4.261768423885776],[101.33202331539933,4.261768423885776],[101.33202331539933,4.2609824458079],[101.3325415237899,4.2609824458079],[101.3325415237899,4.260589457062192],[101.33202331539933,4.260589457062192]]],[[[101.3351325657427,4.262161413217984],[101.33490260000002,4.26199949533076],[101.33437930229884,4.262161413217984],[101.3351325657427,4.262161413217984]]],[[[101.32373198115036,4.263340382387886],[101.32373198115036,4.263733372502345],[101.3232137727598,4.263733372502345],[101.3232137727598,4.264519353318105],[101.32373198115036,4.264519353318105],[101.32373198115036,4.26530533491645],[101.32476839793148,4.265698326009136],[101.32476839793148,4.26530533491645],[101.32528660632205,4.26530533491645],[101.32528660632205,4.263340382387886],[101.32476839793148,4.263340382387886],[101.32476839793148,4.2629473924690195],[101.32373198115036,4.263340382387886]]],[[[101.32217735597868,4.268449269138572],[101.32217735597868,4.269235254652023],[101.3232137727598,4.269628247702536],[101.3232137727598,4.269235254652023],[101.32373198115036,4.269235254652023],[101.32373198115036,4.268449269138572],[101.3232137727598,4.268449269138572],[101.3232137727598,4.268056276675601],[101.32217735597868,4.268449269138572]]],[[[101.32995048183709,4.297531256058303],[101.33046869022766,4.298317270657286],[101.33150510700877,4.297924263259195],[101.33150510700877,4.297661014987773],[101.32995048183709,4.297531256058303]]],[[[101.32995048183709,4.303426384786111],[101.32943227344653,4.303426384786111],[101.32943227344653,4.304605415861043],[101.33046869022766,4.304998426614353],[101.33046869022766,4.304605415861043],[101.3309868986182,4.304605415861043],[101.3309868986182,4.303426384786111],[101.33046869022766,4.303426384786111],[101.33046869022766,4.30303337482274],[101.32995048183709,4.30303337482274],[101.32995048183709,4.303426384786111]]],[[[101.3309868986182,4.311286625543919],[101.33046869022766,4.311286625543919],[101.33046869022766,4.310893611627923],[101.32943227344653,4.311286625543919],[101.32943227344653,4.311679639657737],[101.32995048183709,4.311679639657737],[101.32995048183709,4.312072653969397],[101.32943227344653,4.312072653969397],[101.32943227344653,4.312858683186317],[101.32995048183709,4.312858683186317],[101.32995048183709,4.313251698091613],[101.3309868986182,4.312858683186317],[101.3309868986182,4.312072653969397],[101.33046869022766,4.312072653969397],[101.33046869022766,4.311679639657737],[101.33150510700877,4.311679639657737],[101.33150510700877,4.312072653969397],[101.3325415237899,4.311679639657737],[101.3325415237899,4.3105005979097335],[101.33150510700877,4.310107584389329],[101.33150510700877,4.3105005979097335],[101.3309868986182,4.3105005979097335],[101.3309868986182,4.311286625543919]]],[[[101.3325415237899,4.313251698091613],[101.33305973218046,4.313251698091613],[101.33305973218046,4.31246566847892],[101.33202331539933,4.312072653969397],[101.33202331539933,4.31246566847892],[101.33046869022766,4.313251698091613],[101.33046869022766,4.3140377284959674],[101.33150510700877,4.314430743995063],[101.3325415237899,4.313251698091613]]],[[[101.33046869022766,4.315609791680239],[101.33046869022766,4.316002807971325],[101.33150510700877,4.315609791680239],[101.33150510700877,4.314823759692127],[101.3309868986182,4.314823759692127],[101.3309868986182,4.314430743995063],[101.32995048183709,4.314823759692127],[101.32995048183709,4.315609791680239],[101.33046869022766,4.315609791680239]]],[[[101.33202331539933,4.31521677558718],[101.3309868986182,4.316395824460451],[101.33305973218046,4.317574875116275],[101.33305973218046,4.317181858032909],[101.33357794057102,4.317181858032909],[101.33357794057102,4.31521677558718],[101.33305973218046,4.31521677558718],[101.33305973218046,4.314823759692127],[101.33202331539933,4.31521677558718]]],[[[101.3325415237899,4.318360909877376],[101.3325415237899,4.319146945431088],[101.33357794057102,4.31953996350522],[101.33357794057102,4.319146945431088],[101.33409614896156,4.319146945431088],[101.33409614896156,4.318360909877376],[101.33357794057102,4.318360909877376],[101.33357794057102,4.317967892397758],[101.3325415237899,4.318360909877376]]],[[[101.3325415237899,4.319146945431088],[101.33202331539933,4.319146945431088],[101.33202331539933,4.318360909877376],[101.33150510700877,4.318360909877376],[101.33150510700877,4.317967892397758],[101.33046869022766,4.318360909877376],[101.33046869022766,4.31953996350522],[101.3309868986182,4.31953996350522],[101.33150510700877,4.320326000248124],[101.3325415237899,4.3199329817775585],[101.3325415237899,4.319146945431088]]],[[[101.32995048183709,4.31953996350522],[101.32995048183709,4.319146945431088],[101.32891406505597,4.31953996350522],[101.32891406505597,4.3199329817775585],[101.32943227344653,4.3199329817775585],[101.32943227344653,4.320719018916933],[101.32891406505597,4.320719018916933],[101.32943227344653,4.32150505684936],[101.33046869022766,4.321112037784006],[101.33046869022766,4.320719018916933],[101.32995048183709,4.320719018916933],[101.32995048183709,4.3199329817775585],[101.33046869022766,4.3199329817775585],[101.33046869022766,4.31953996350522],[101.32995048183709,4.31953996350522]]],[[[101.33409614896156,4.32150505684936],[101.33409614896156,4.321112037784006],[101.33305973218046,4.32150505684936],[101.3325415237899,4.320719018916933],[101.33150510700877,4.321112037784006],[101.33150510700877,4.321898076113013],[101.33202331539933,4.321898076113013],[101.33202331539933,4.322291095574984],[101.3325415237899,4.322291095574984],[101.3325415237899,4.321898076113013],[101.33357794057102,4.321898076113013],[101.33357794057102,4.322291095574984],[101.33409614896156,4.322291095574984],[101.33409614896156,4.321898076113013],[101.33461435735214,4.321898076113013],[101.33461435735214,4.32150505684936],[101.33409614896156,4.32150505684936]]],[[[101.32580481471261,4.322291095574984],[101.32684123149372,4.323470155150985],[101.32787764827485,4.323470155150985],[101.32787764827485,4.323077135093952],[101.32839585666541,4.323077135093952],[101.32839585666541,4.322291095574984],[101.32787764827485,4.322291095574984],[101.32787764827485,4.321898076113013],[101.32632302310317,4.321898076113013],[101.32632302310317,4.322291095574984],[101.32580481471261,4.322291095574984]]],[[[101.3309868986182,4.3285794339526635],[101.33150510700877,4.3293654798236565],[101.3325415237899,4.328972456788837],[101.33202331539933,4.32818641131512],[101.3309868986182,4.3285794339526635]]],[[[101.33357794057102,4.340763234327318],[101.33409614896156,4.341549292532038],[101.3351325657427,4.341549292532038],[101.3351325657427,4.3411562633300695],[101.33565077413327,4.3411562633300695],[101.3351325657427,4.340370205523762],[101.33409614896156,4.340370205523762],[101.33409614896156,4.340763234327318],[101.33357794057102,4.340763234327318]]],[[[101.33357794057102,4.345479595512572],[101.33357794057102,4.346658690294516],[101.33461435735214,4.347051722287416],[101.33461435735214,4.346658690294516],[101.3351325657427,4.346658690294516],[101.3351325657427,4.345479595512572],[101.33461435735214,4.345479595512572],[101.33461435735214,4.345086564317446],[101.33357794057102,4.345479595512572]]],[[[101.32632302310317,4.352161156355341],[101.32580481471261,4.352161156355341],[101.32580481471261,4.352554191142764],[101.32684123149372,4.352947226129929],[101.32735943988429,4.352161156355341],[101.32684123149372,4.352161156355341],[101.32684123149372,4.3517681217676465],[101.32632302310317,4.3517681217676465],[101.32632302310317,4.352161156355341]]],[[[101.33461435735214,4.365524451294808],[101.33409614896156,4.366310534673303],[101.3351325657427,4.36670357666312],[101.33565077413327,4.365917492883871],[101.33461435735214,4.365524451294808]]],[[[101.33357794057102,4.367096618853345],[101.33409614896156,4.366310534673303],[101.33305973218046,4.365917492883871],[101.3325415237899,4.36670357666312],[101.33357794057102,4.367096618853345]]],[[[101.33409614896156,4.367096618853345],[101.33357794057102,4.367096618853345],[101.33357794057102,4.367489661243992],[101.33305973218046,4.367489661243992],[101.33305973218046,4.368668789618661],[101.33357794057102,4.368668789618661],[101.33357794057102,4.369847919797803],[101.33305973218046,4.369847919797803],[101.33305973218046,4.37024096359193],[101.33351422424717,4.37024096359193],[101.3347793,4.368149295219376],[101.33497014883075,4.367489661243992],[101.33409614896156,4.367489661243992],[101.33409614896156,4.367096618853345]]],[[[101.33305973218046,4.371420096177805],[101.33305973218046,4.372206185571485],[101.33357794057102,4.372206185571485],[101.33357794057102,4.372627151374792],[101.3336568,4.371961595215416],[101.33355661949987,4.371420096177805],[101.33305973218046,4.371420096177805]]],[[[101.33305973218046,4.372992275767811],[101.33305973218046,4.373420602629781],[101.33337085629567,4.372992275767811],[101.33305973218046,4.372992275767811]]],[[[101.33414677090434,4.375743597777925],[101.33369029999999,4.37540219521179],[101.33360551880286,4.375743597777925],[101.33414677090434,4.375743597777925]]],[[[101.33461435735214,4.375743597777925],[101.33461435735214,4.3753505511741455],[101.3351325657427,4.3753505511741455],[101.3351325657427,4.374861892068559],[101.33498849999998,4.374867395212337],[101.33422558207705,4.375743597777925],[101.33461435735214,4.375743597777925]]],[[[101.35689731814624,4.070405500046609],[101.35689731814624,4.070740686908887],[101.35734147604553,4.070405500046609],[101.35689731814624,4.070405500046609]]],[[[101.35637910975568,4.070798396325378],[101.356528,4.07101939553201],[101.35682084710875,4.070798396325378],[101.35637910975568,4.070798396325378]]],[[[101.34653315033502,4.103802351833648],[101.3470513587256,4.104588176437753],[101.34808777550673,4.104195264041607],[101.34756956711615,4.103409439813858],[101.34653315033502,4.103802351833648]]],[[[101.34964240067839,4.134450070570846],[101.35016060906896,4.135235924643317],[101.35112607566322,4.134842997512276],[101.35067881745952,4.1340571438190095],[101.34964240067839,4.134450070570846]]],[[[101.34549673355392,4.231508831053144],[101.34601494194446,4.232294779909048],[101.3470513587256,4.231901805384032],[101.34653315033502,4.2311158569163645],[101.34549673355392,4.231508831053144]]],[[[101.34042348697113,4.237010489357816],[101.34186927481998,4.237796443652866],[101.34186927481998,4.237403466408148],[101.34135106642941,4.237403466408148],[101.34135106642941,4.237010489357816],[101.34042348697113,4.237010489357816]]],[[[101.3403146496483,4.239761332792841],[101.34083285803887,4.239761332792841],[101.34037119999999,4.2385599953553905],[101.33979644125775,4.238582398725523],[101.33979644125775,4.239368354575933],[101.3403146496483,4.239368354575933],[101.3403146496483,4.239761332792841]]],[[[101.34912419228783,4.273165193974106],[101.34964240067839,4.273951184190514],[101.35067881745952,4.2735581889842775],[101.35016060906896,4.272772199159983],[101.34912419228783,4.273165193974106]]],[[[101.34497852516336,4.273951184190514],[101.34497852516336,4.2747371751912615],[101.34601494194446,4.275130170985808],[101.34601494194446,4.2747371751912615],[101.34653315033502,4.2747371751912615],[101.34653315033502,4.273951184190514],[101.34601494194446,4.273951184190514],[101.34601494194446,4.2735581889842775],[101.34497852516336,4.273951184190514]]],[[[101.34238748321054,4.275523166976492],[101.34290569160112,4.276309159546357],[101.34394210838222,4.275916163163336],[101.34342389999166,4.275130170985808],[101.34238748321054,4.275523166976492]]],[[[101.33668719091438,4.33486782317936],[101.33668719091438,4.334081771742654],[101.33616898252382,4.334081771742654],[101.33616898252382,4.333688746322637],[101.33565077413327,4.333688746322637],[101.3351325657427,4.334474797361554],[101.33461435735214,4.334474797361554],[101.33461435735214,4.334081771742654],[101.33357794057102,4.334474797361554],[101.33357794057102,4.335260849196085],[101.33409614896156,4.335260849196085],[101.33409614896156,4.335653875411752],[101.33461435735214,4.335653875411752],[101.3351325657427,4.33486782317936],[101.33565077413327,4.33486782317936],[101.33565077413327,4.335260849196085],[101.33668719091438,4.33486782317936]]],[[[101.33461435735214,4.335653875411752],[101.33461435735214,4.3364399284399795],[101.33565077413327,4.336832955252578],[101.33565077413327,4.3364399284399795],[101.33616898252382,4.3364399284399795],[101.33616898252382,4.335653875411752],[101.33565077413327,4.335653875411752],[101.33565077413327,4.335260849196085],[101.33461435735214,4.335653875411752]]],[[[101.33616898252382,4.343121411332428],[101.33616898252382,4.342728381333417],[101.3351325657427,4.343121411332428],[101.3351325657427,4.343514441530744],[101.33565077413327,4.343514441530744],[101.33565077413327,4.343907471928387],[101.3351325657427,4.343907471928387],[101.33565077413327,4.34469353332172],[101.33668719091438,4.344300502525371],[101.33668719091438,4.343907471928387],[101.33616898252382,4.343907471928387],[101.33668719091438,4.343121411332428],[101.33616898252382,4.343121411332428]]],[[[101.35637910975568,4.345086564317446],[101.3558609013651,4.345086564317446],[101.3558609013651,4.345479595512572],[101.35689731814624,4.345872626907112],[101.35741552653681,4.345086564317446],[101.35689731814624,4.345086564317446],[101.35689731814624,4.34469353332172],[101.35637910975568,4.34469353332172],[101.35637910975568,4.345086564317446]]],[[[101.33668719091438,4.34940991843474],[101.33720539930493,4.34940991843474],[101.33720539930493,4.350195985413783],[101.33668719091438,4.350195985413783],[101.33668719091438,4.350589019202749],[101.33772360769551,4.35098205319137],[101.33876002447661,4.34940991843474],[101.33824181608607,4.34940991843474],[101.33772360769551,4.348623852254096],[101.33720539930493,4.348623852254096],[101.33668719091438,4.34940991843474]]],[[[101.33876002447661,4.354519368076428],[101.33927823286717,4.354519368076428],[101.33927823286717,4.354912404062602],[101.3403146496483,4.354519368076428],[101.34033643645974,4.355305440248629],[101.34050819999999,4.3538809952343405],[101.3411628,4.353154595235102],[101.34076730404946,4.3513750873796635],[101.33927823286717,4.352161156355341],[101.33927823286717,4.35098205319137],[101.33979644125775,4.35098205319137],[101.33979644125775,4.349802951824453],[101.3403146496483,4.349802951824453],[101.3403146496483,4.347837786871704],[101.33979644125775,4.347837786871704],[101.3403146496483,4.347051722287416],[101.33979644125775,4.347051722287416],[101.33979644125775,4.346265658501088],[101.3403146496483,4.346265658501088],[101.34083285803887,4.347051722287416],[101.34186927481998,4.347051722287416],[101.34186927481998,4.347444754479807],[101.34301225746633,4.346658690294516],[101.34083285803887,4.346265658501088],[101.33979644125775,4.345086564317446],[101.33876002447661,4.345479595512572],[101.33876002447661,4.347051722287416],[101.33927823286717,4.347051722287416],[101.33927823286717,4.347444754479807],[101.33876002447661,4.347444754479807],[101.33876002447661,4.347837786871704],[101.33927823286717,4.347837786871704],[101.33927823286717,4.349802951824453],[101.33876002447661,4.349802951824453],[101.33876002447661,4.35098205319137],[101.33824181608607,4.35098205319137],[101.33824181608607,4.352161156355341],[101.33876002447661,4.352161156355341],[101.33876002447661,4.352947226129929],[101.33927823286717,4.352947226129929],[101.33876002447661,4.354519368076428]]],[[[101.34083285803887,4.355698476634533],[101.34091458799465,4.355698476634533],[101.34083285803887,4.3553293861124915],[101.34083285803887,4.355698476634533]]],[[[101.34135106642941,4.355698476634533],[101.34135106642941,4.355305440248629],[101.34186927481998,4.355305440248629],[101.34186927481998,4.353803784076399],[101.3412631,4.355175895232972],[101.34135106642941,4.355698476634533]]],[[[101.34342389999166,4.350589019202749],[101.34353505524109,4.350589019202749],[101.34342389999166,4.350556635391151],[101.34342389999166,4.350589019202749]]],[[[101.34442575697315,4.350589019202749],[101.34427750000002,4.350464695237916],[101.34399621171583,4.350589019202749],[101.34442575697315,4.350589019202749]]],[[[101.34593528972147,4.350589019202749],[101.34527,4.350133095238292],[101.34455918639706,4.350589019202749],[101.34593528972147,4.350589019202749]]],[[[101.34601494194446,4.35098205319137],[101.34653315033502,4.35098205319137],[101.34653315033502,4.350675728257057],[101.34601494194446,4.350636664704398],[101.34601494194446,4.35098205319137]]],[[[101.3470513587256,4.350589019202749],[101.3470513587256,4.350195985413783],[101.34756956711615,4.350195985413783],[101.3470513587256,4.3495272674490195],[101.34665256932823,4.350589019202749],[101.3470513587256,4.350589019202749]]],[[[101.34633109999997,4.350243595238137],[101.34653315033502,4.3490168852446285],[101.34555343363749,4.348623852254096],[101.34633109999997,4.350243595238137]]],[[[101.34549673355392,4.348230819463128],[101.34446031677278,4.348230819463128],[101.34446031677278,4.348623852254096],[101.34394210838222,4.348623852254096],[101.34394210838222,4.347837786871704],[101.34342389999166,4.347837786871704],[101.34394210838222,4.347051722287416],[101.34302540549128,4.346658690294516],[101.3432639,4.3482748952402135],[101.34401889999998,4.34886969523962],[101.34549673355392,4.348589724804935],[101.34549673355392,4.348230819463128]]],[[[101.34238748321054,4.353733296703577],[101.34238748321054,4.352947226129929],[101.34290569160112,4.352947226129929],[101.34297359999998,4.349969895238442],[101.3423929,4.350685795237714],[101.342451,4.352812395235477],[101.34194304204031,4.353733296703577],[101.34238748321054,4.353733296703577]]],[[[101.33616898252382,4.353340261316863],[101.33668719091438,4.354126332290093],[101.33772360769551,4.353733296703577],[101.33720539930493,4.352947226129929],[101.33616898252382,4.353340261316863]]],[[[101.33720539930493,4.354519368076428],[101.33772360769551,4.355305440248629],[101.33876002447661,4.354912404062602],[101.33824181608607,4.354126332290093],[101.33720539930493,4.354519368076428]]],[[[101.33824181608607,4.355698476634533],[101.33876002447661,4.356484550006034],[101.33933257005526,4.356484550006034],[101.34015074852462,4.355698476634533],[101.33979644125775,4.355305440248629],[101.33876002447661,4.355305440248629],[101.33876002447661,4.355698476634533],[101.33824181608607,4.355698476634533]]],[[[101.33979644125775,4.356484550006034],[101.33979644125775,4.35623351713192],[101.33952960872439,4.356484550006034],[101.33979644125775,4.356484550006034]]],[[[101.3403146496483,4.356091513220328],[101.3403146496483,4.355924362457114],[101.34021470932298,4.356091513220328],[101.3403146496483,4.356091513220328]]],[[[101.33824181608607,4.357270624177252],[101.33772360769551,4.357270624177252],[101.33772360769551,4.357663661562801],[101.33876002447661,4.358056699148333],[101.33927823286717,4.357270624177252],[101.33876002447661,4.357270624177252],[101.33876002447661,4.356877586991669],[101.33824181608607,4.356877586991669],[101.33824181608607,4.357270624177252]]],[[[101.33668719091438,4.358056699148333],[101.33668719091438,4.35844973693387],[101.33616898252382,4.35844973693387],[101.33616898252382,4.359628851490673],[101.33668719091438,4.359628851490673],[101.33668719091438,4.360414928862223],[101.33772360769551,4.360807967848159],[101.33772360769551,4.360414928862223],[101.33824181608607,4.360414928862223],[101.33824181608607,4.3600218900764025],[101.33772360769551,4.3600218900764025],[101.33772360769551,4.35844973693387],[101.33668719091438,4.358056699148333]]],[[[101.33927823286717,4.360414928862223],[101.33979644125775,4.361201007034224],[101.34083285803887,4.360807967848159],[101.3403146496483,4.3600218900764025],[101.33927823286717,4.360414928862223]]],[[[101.34135106642941,4.360807967848159],[101.34083285803887,4.360807967848159],[101.34083285803887,4.361201007034224],[101.34186927481998,4.361594046420439],[101.34238748321054,4.360807967848159],[101.34186927481998,4.360807967848159],[101.34186927481998,4.360414928862223],[101.34135106642941,4.360414928862223],[101.34135106642941,4.360807967848159]]],[[[101.3351325657427,4.3651314099060965],[101.33616898252382,4.364738368717717],[101.33616898252382,4.363952286941881],[101.33565077413327,4.363952286941881],[101.33565077413327,4.363559246354387],[101.33461435735214,4.363952286941881],[101.33461435735214,4.364738368717717],[101.3351325657427,4.364738368717717],[101.3351325657427,4.3651314099060965]]],[[[101.33668719091438,4.364738368717717],[101.33565077413327,4.3651314099060965],[101.33616898252382,4.365917492883871],[101.33720539930493,4.365524451294808],[101.33668719091438,4.364738368717717]]],[[[101.33720539930493,4.365917492883871],[101.33668719091438,4.36670357666312],[101.33720539930493,4.36670357666312],[101.33720539930493,4.367489661243992],[101.33824181608607,4.367882703835082],[101.33876002447661,4.367096618853345],[101.33824181608607,4.367096618853345],[101.33824181608607,4.366310534673303],[101.33720539930493,4.365917492883871]]],[[[101.33668719091438,4.368275746626632],[101.33668719091438,4.367882703835082],[101.33629618814422,4.367882703835082],[101.33621530186034,4.368275746626632],[101.33668719091438,4.368275746626632]]],[[[101.33772360769551,4.368275746626632],[101.33824181608607,4.3690618328111865],[101.33927823286717,4.368668789618661],[101.33876002447661,4.367882703835082],[101.33772360769551,4.368275746626632]]],[[[101.33979644125775,4.369454876204228],[101.33979644125775,4.3690618328111865],[101.33927823286717,4.3690618328111865],[101.33876002447661,4.369847919797803],[101.33927823286717,4.369847919797803],[101.33979644125775,4.371420096177805],[101.34083285803887,4.371813140774324],[101.34135106642941,4.371027051781913],[101.34083285803887,4.371027051781913],[101.34083285803887,4.37024096359193],[101.3403146496483,4.37024096359193],[101.3403146496483,4.369454876204228],[101.33979644125775,4.369454876204228]]],[[[101.33565077413327,4.371420096177805],[101.33565077413327,4.371027051781913],[101.33616898252382,4.371027051781913],[101.33616898252382,4.369454876204228],[101.33668719091438,4.369454876204228],[101.33616898252382,4.368473553996817],[101.33557859999999,4.37099479521642],[101.33550609999999,4.372168895215178],[101.335777,4.372631595214703],[101.33745752711363,4.372599230569309],[101.33616898252382,4.372599230569309],[101.33616898252382,4.372206185571485],[101.33565077413327,4.372206185571485],[101.33616898252382,4.371420096177805],[101.33565077413327,4.371420096177805]]],[[[101.34083285803887,4.372206185571485],[101.34135106642941,4.372992275767811],[101.34238748321054,4.372599230569309],[101.34186927481998,4.371813140774324],[101.34083285803887,4.372206185571485]]],[[[101.34186927481998,4.373778366766933],[101.34238748321054,4.374564458568996],[101.34342389999166,4.374171412567589],[101.34290569160112,4.373385321167015],[101.34186927481998,4.373778366766933]]],[[[101.33616898252382,4.3753505511741455],[101.33668719091438,4.3753505511741455],[101.33720539930493,4.374782712242181],[101.33565077413327,4.374842097111201],[101.33616898252382,4.374957504771177],[101.33616898252382,4.3753505511741455]]],[[[101.34290569160112,4.3753505511741455],[101.34290569160112,4.3761366445825285],[101.34394210838222,4.37652969158798],[101.34394210838222,4.3761366445825285],[101.34446031677278,4.3761366445825285],[101.34446031677278,4.3753505511741455],[101.34394210838222,4.3753505511741455],[101.34394210838222,4.374957504771177],[101.34290569160112,4.3753505511741455]]],[[[101.34549673355392,4.378101881618598],[101.34549673355392,4.377315786201489],[101.34446031677278,4.376922738794294],[101.34394210838222,4.377708833809585],[101.34446031677278,4.377708833809585],[101.34446031677278,4.378494929628549],[101.34549673355392,4.3788879778394545],[101.34549673355392,4.380067123678086],[101.34653315033502,4.380460172692995],[101.34653315033502,4.380067123678086],[101.3470513587256,4.380067123678086],[101.3470513587256,4.3788879778394545],[101.34549673355392,4.378101881618598]]],[[[101.34808777550673,4.38203237076328],[101.34756956711615,4.38203237076328],[101.34756956711615,4.38281847100507],[101.34860598389726,4.38321152142769],[101.34860598389726,4.38281847100507],[101.34912419228783,4.38281847100507],[101.34912419228783,4.38203237076328],[101.34860598389726,4.38203237076328],[101.34860598389726,4.381639320944075],[101.34808777550673,4.381639320944075],[101.34808777550673,4.38203237076328]]],[[[101.33461435735214,4.383604572051485],[101.3351325657427,4.384390673902675],[101.33616898252382,4.383997622876474],[101.33565077413327,4.38321152142769],[101.33461435735214,4.383604572051485]]],[[[101.3522334426312,4.387142036721536],[101.3522334426312,4.386355932052488],[101.35119702585007,4.385962880019956],[101.35067881745952,4.383997622876474],[101.34912419228783,4.38321152142769],[101.34860598389726,4.383997622876474],[101.34912419228783,4.383997622876474],[101.34912419228783,4.384783725130103],[101.34964240067839,4.384783725130103],[101.34964240067839,4.385962880019956],[101.35016060906896,4.385962880019956],[101.35067881745952,4.387535089358088],[101.35171523424063,4.387928142196016],[101.35171523424063,4.3887142484760755],[101.35326985941231,4.389500355561859],[101.35378806780287,4.3887142484760755],[101.35326985941231,4.3887142484760755],[101.35326985941231,4.387928142196016],[101.35275165102176,4.387928142196016],[101.35275165102176,4.387142036721536],[101.3522334426312,4.387142036721536]]],[[[101.35326985941231,4.389500355561859],[101.35275165102176,4.390286463453517],[101.35430627619344,4.391072572151193],[101.354824484584,4.390286463453517],[101.35326985941231,4.389500355561859]]],[[[101.35534269297457,4.392251736709313],[101.35534269297457,4.391465626802335],[101.35430627619344,4.391072572151193],[101.35378806780287,4.391858681655035],[101.35430627619344,4.391858681655035],[101.35430627619344,4.392644791965187],[101.354824484584,4.392644791965187],[101.35534269297457,4.394217015005017],[101.35637910975568,4.394610071269149],[101.35637910975568,4.394217015005017],[101.35689731814624,4.394217015005017],[101.35689731814624,4.393430903081801],[101.35637910975568,4.393430903081801],[101.35637910975568,4.393037847422678],[101.3558609013651,4.393037847422678],[101.3558609013651,4.392251736709313],[101.35534269297457,4.392251736709313]]],[[[101.3558609013651,4.402078178632725],[101.3558609013651,4.40341866859574],[101.35598599999999,4.402684995183248],[101.3558609013651,4.402078178632725]]],[[[101.35534269297457,4.406794915594421],[101.354824484584,4.406794915594421],[101.354824484584,4.407581041252357],[101.35378806780287,4.407974104384781],[101.35378806780287,4.409153294996106],[101.35326985941231,4.409153294996106],[101.3522334426312,4.410332487428889],[101.35119702585007,4.410332487428889],[101.35119702585007,4.410725551978005],[101.35016060906896,4.411118616729579],[101.35016060906896,4.412186162704729],[101.35263544485439,4.411118616729579],[101.354874,4.409207995176421],[101.355477,4.406596995179117],[101.35534269297457,4.406157222196609],[101.35534269297457,4.406794915594421]],[[101.35119702585007,4.411118616729579],[101.35171523424063,4.411118616729579],[101.35171523424063,4.411511681683627],[101.35119702585007,4.411511681683627],[101.35119702585007,4.411118616729579]]],[[[101.35793373492737,4.071191292790783],[101.35793373492737,4.070798396325378],[101.3574983267012,4.070798396325378],[101.35751871151656,4.071191292790783],[101.35793373492737,4.071191292790783]]],[[[101.37140715308193,4.086907304657585],[101.37088894469137,4.086121496953369],[101.37140715308193,4.086121496953369],[101.37296177825363,4.084549883792959],[101.37088894469137,4.083371175889097],[101.37088894469137,4.083764078336474],[101.36985252791027,4.083764078336474],[101.36985252791027,4.0841569809710885],[101.36881611112914,4.084549883792959],[101.36881611112914,4.084942786802105],[101.3693343195197,4.084942786802105],[101.3693343195197,4.0853356899985425],[101.36881611112914,4.0853356899985425],[101.36881611112914,4.086907304657585],[101.3693343195197,4.086907304657585],[101.36985252791027,4.087693113111338],[101.37037073630083,4.087693113111338],[101.37037073630083,4.087300208790759],[101.37140715308193,4.087693113111338],[101.37140715308193,4.087300208790759],[101.3719253614725,4.087300208790759],[101.3719253614725,4.086907304657585],[101.37140715308193,4.086907304657585]],[[101.36985252791027,4.086514400711794],[101.37037073630083,4.086514400711794],[101.37037073630083,4.086907304657585],[101.36985252791027,4.086907304657585],[101.36985252791027,4.086514400711794]],[[101.37088894469137,4.08572859338229],[101.37037073630083,4.08572859338229],[101.37037073630083,4.086121496953369],[101.36985252791027,4.086121496953369],[101.36985252791027,4.0853356899985425],[101.37088894469137,4.0853356899985425],[101.37088894469137,4.08572859338229]],[[101.37088894469137,4.084942786802105],[101.36985252791027,4.084942786802105],[101.36985252791027,4.084549883792959],[101.37088894469137,4.084549883792959],[101.37088894469137,4.084942786802105]],[[101.37088894469137,4.0841569809710885],[101.37140715308193,4.0841569809710885],[101.37140715308193,4.084549883792959],[101.37088894469137,4.084549883792959],[101.37088894469137,4.0841569809710885]],[[101.3719253614725,4.084549883792959],[101.3719253614725,4.084942786802105],[101.37140715308193,4.084942786802105],[101.37140715308193,4.084549883792959],[101.3719253614725,4.084549883792959]]],[[[101.36622506917632,4.089264732268033],[101.36622506917632,4.088871827197665],[101.36570686078576,4.088871827197665],[101.36570686078576,4.089264732268033],[101.36467044400466,4.088871827197665],[101.36363402722353,4.090050542971268],[101.36415223561409,4.090050542971268],[101.36415223561409,4.090443448604172],[101.36518865239522,4.090443448604172],[101.36518865239522,4.090836354424623],[101.36622506917632,4.090836354424623],[101.36622506917632,4.090443448604172],[101.3667432775669,4.090443448604172],[101.3667432775669,4.090050542971268],[101.36622506917632,4.090050542971268],[101.3667432775669,4.089264732268033],[101.36622506917632,4.089264732268033]]],[[[101.35793373492737,4.158026023295454],[101.35741552653681,4.158026023295454],[101.35741552653681,4.158418961645956],[101.35845194331792,4.158811900187167],[101.35897015170848,4.158026023295454],[101.35845194331792,4.158026023295454],[101.35845194331792,4.157633085135643],[101.35793373492737,4.157633085135643],[101.35793373492737,4.158026023295454]]],[[[101.36052477688018,4.162348355642957],[101.36104298527071,4.163134236732467],[101.36207940205185,4.162741296092256],[101.36156119366129,4.161955415384547],[101.36052477688018,4.162348355642957]]],[[[101.36777969434803,4.163527177563605],[101.36829790273856,4.164313059798736],[101.3693343195197,4.163920118585689],[101.36881611112914,4.163134236732467],[101.36777969434803,4.163527177563605]]],[[[101.37555282020641,4.16824248243628],[101.37658923698754,4.167849539312582],[101.37607102859698,4.1670636536386105],[101.37555282020641,4.1670636536386105],[101.37503461181588,4.167849539312582],[101.37399819503474,4.167849539312582],[101.37399819503474,4.16824248243628],[101.37347998664417,4.16824248243628],[101.37347998664417,4.169028369257187],[101.3745164034253,4.169421312954435],[101.37555282020641,4.16824248243628]]],[[[101.37244356986307,4.169421312954435],[101.37296177825363,4.1702072009226105],[101.37399819503474,4.169814256842904],[101.37347998664417,4.169028369257187],[101.37244356986307,4.169421312954435]]],[[[101.37866207054978,4.169814256842904],[101.37866207054978,4.169421312954435],[101.37762565376867,4.169421312954435],[101.37762565376867,4.169814256842904],[101.37607102859698,4.169814256842904],[101.37555282020641,4.170600145193573],[101.37607102859698,4.170600145193573],[101.37607102859698,4.170993089655812],[101.37866207054978,4.171386034309343],[101.37866207054978,4.170993089655812],[101.37918027894035,4.170993089655812],[101.37918027894035,4.170600145193573],[101.37866207054978,4.170600145193573],[101.37918027894035,4.169814256842904],[101.37866207054978,4.169814256842904]]],[[[101.35793373492737,4.173743706248717],[101.35741552653681,4.173743706248717],[101.35741552653681,4.174136652241815],[101.35845194331792,4.174529598426352],[101.35897015170848,4.173743706248717],[101.35845194331792,4.173743706248717],[101.35845194331792,4.173350760447042],[101.35793373492737,4.173350760447042],[101.35793373492737,4.173743706248717]]],[[[101.36777969434803,4.174529598426352],[101.36829790273856,4.175315491369816],[101.3693343195197,4.174922544802345],[101.36881611112914,4.174136652241815],[101.36777969434803,4.174529598426352]]],[[[101.37607102859698,4.175708438128781],[101.37658923698754,4.1764943322212655],[101.37762565376867,4.176101385079257],[101.37710744537812,4.175315491369816],[101.37607102859698,4.175708438128781]]],[[[101.37088894469137,4.176101385079257],[101.37140715308193,4.175315491369816],[101.37037073630083,4.174922544802345],[101.3693343195197,4.1764943322212655],[101.37244356986307,4.177673174796659],[101.37244356986307,4.177280227079948],[101.37296177825363,4.177280227079948],[101.37296177825363,4.176101385079257],[101.37244356986307,4.176101385079257],[101.37244356986307,4.175708438128781],[101.3719253614725,4.175708438128781],[101.3719253614725,4.176101385079257],[101.37088894469137,4.176101385079257]]],[[[101.3667432775669,4.17963791625464],[101.36622506917632,4.17885201909649],[101.36518865239522,4.179244967579726],[101.36518865239522,4.178459070804911],[101.36467044400466,4.178459070804911],[101.36467044400466,4.1780661227049745],[101.36311581883295,4.17885201909649],[101.36311581883295,4.179244967579726],[101.36363402722353,4.179244967579726],[101.36363402722353,4.17963791625464],[101.36467044400466,4.17963791625464],[101.36467044400466,4.18003086512125],[101.36570686078576,4.17963791625464],[101.36570686078576,4.180423814179573],[101.36518865239522,4.180423814179573],[101.36518865239522,4.180816763429627],[101.36570686078576,4.180816763429627],[101.36570686078576,4.181602662505006],[101.36622506917632,4.181602662505006],[101.36622506917632,4.181995612330365],[101.36726148595746,4.181602662505006],[101.36726148595746,4.18120971287143],[101.3667432775669,4.18120971287143],[101.3667432775669,4.180423814179573],[101.36622506917632,4.180423814179573],[101.36622506917632,4.17963791625464],[101.3667432775669,4.17963791625464]]],[[[101.38073490411202,4.17885201909649],[101.38073490411202,4.178459070804911],[101.37969848733091,4.17885201909649],[101.37969848733091,4.179244967579726],[101.38021669572147,4.179244967579726],[101.38021669572147,4.180816763429627],[101.37969848733091,4.180816763429627],[101.37969848733091,4.181602662505006],[101.38021669572147,4.181602662505006],[101.38021669572147,4.181995612330365],[101.38125311250259,4.181602662505006],[101.38125311250259,4.180423814179573],[101.38177132089315,4.180423814179573],[101.38177132089315,4.17963791625464],[101.38125311250259,4.17963791625464],[101.38125311250259,4.17885201909649],[101.38073490411202,4.17885201909649]]],[[[101.36518865239522,4.187496930033269],[101.36570686078576,4.188282835634062],[101.3667432775669,4.1878898827376245],[101.36622506917632,4.187103977520972],[101.36518865239522,4.187496930033269]]],[[[101.3745164034253,4.188675788722594],[101.37399819503474,4.188675788722594],[101.37399819503474,4.1890687420032435],[101.37503461181588,4.189461695476026],[101.37555282020641,4.188675788722594],[101.37503461181588,4.188675788722594],[101.37503461181588,4.188282835634062],[101.3745164034253,4.188282835634062],[101.3745164034253,4.188675788722594]]],[[[101.37710744537812,4.188675788722594],[101.37710744537812,4.1890687420032435],[101.37607102859698,4.1890687420032435],[101.37607102859698,4.189461695476026],[101.37555282020641,4.189461695476026],[101.37607102859698,4.1902476029980695],[101.37814386215922,4.189461695476026],[101.37814386215922,4.1890687420032435],[101.37710744537812,4.188675788722594]]],[[[101.37140715308193,4.196141933927585],[101.37140715308193,4.196927847988716],[101.37244356986307,4.1973208053080215],[101.37244356986307,4.196927847988716],[101.37296177825363,4.196927847988716],[101.37296177825363,4.196141933927585],[101.37244356986307,4.196141933927585],[101.37244356986307,4.195748977185725],[101.37140715308193,4.196141933927585]]],[[[101.38280773767427,4.2036081486117975],[101.38332594606483,4.204394069993823],[101.38436236284596,4.204001109206395],[101.38384415445539,4.203215188210009],[101.38280773767427,4.2036081486117975]]],[[[101.38280773767427,4.205179992147238],[101.38332594606483,4.20596591507219],[101.38436236284596,4.205572953513264],[101.38384415445539,4.204787030974099],[101.38280773767427,4.205179992147238]]],[[[101.37918027894035,4.2146111182097785],[101.37969848733091,4.215397050404557],[101.38073490411202,4.215004084210497],[101.38021669572147,4.214218152402383],[101.37918027894035,4.2146111182097785]]],[[[101.35845194331792,4.224435326272059],[101.35897015170848,4.225221268145307],[101.36000656848961,4.224828297111785],[101.35948836009905,4.224042355626112],[101.35845194331792,4.224435326272059]]],[[[101.37866207054978,4.229543962309971],[101.37814386215922,4.229543962309971],[101.37814386215922,4.229936935670497],[101.37918027894035,4.23032990922506],[101.37969848733091,4.229543962309971],[101.37918027894035,4.229543962309971],[101.37918027894035,4.229150989143462],[101.37866207054978,4.229150989143462],[101.37866207054978,4.229543962309971]]],[[[101.38747161318932,4.23583155937293],[101.38798982157986,4.236617512501846],[101.389026238361,4.236224535840225],[101.38850802997044,4.235438583099946],[101.38747161318932,4.23583155937293]]],[[[101.38591698801763,4.242119206179281],[101.3864351964082,4.242905165531388],[101.38747161318932,4.242512185758025],[101.38695340479876,4.241726226795139],[101.38591698801763,4.242119206179281]]],[[[101.38747161318932,4.243691125662052],[101.38798982157986,4.24447708657142],[101.389026238361,4.244084106019389],[101.38850802997044,4.243298145499391],[101.38747161318932,4.243691125662052]]],[[[101.38954444675157,4.245656029395862],[101.38954444675157,4.246441992252631],[101.39058086353268,4.246834973973211],[101.39058086353268,4.246441992252631],[101.39109907192324,4.246441992252631],[101.39109907192324,4.245656029395862],[101.39058086353268,4.245656029395862],[101.39058086353268,4.245263048259639],[101.38954444675157,4.245656029395862]]],[[[101.37658923698754,4.3140377284959674],[101.37710744537812,4.314823759692127],[101.37814386215922,4.314430743995063],[101.37762565376867,4.313644713194822],[101.37658923698754,4.3140377284959674]]],[[[101.37503461181588,4.315609791680239],[101.37555282020641,4.316395824460451],[101.37658923698754,4.316002807971325],[101.37607102859698,4.31521677558718],[101.37503461181588,4.315609791680239]]],[[[101.36518865239522,4.340370205523762],[101.36467044400466,4.340370205523762],[101.36467044400466,4.340763234327318],[101.36570686078576,4.3411562633300695],[101.36622506917632,4.340370205523762],[101.36570686078576,4.340370205523762],[101.36570686078576,4.3399771769193825],[101.36518865239522,4.3399771769193825],[101.36518865239522,4.340370205523762]]],[[[101.36207940205185,4.343121411332428],[101.36259761044242,4.343907471928387],[101.36363402722353,4.343514441530744],[101.36311581883295,4.342728381333417],[101.36207940205185,4.343121411332428]]],[[[101.36570686078576,4.373778366766933],[101.36622506917632,4.374564458568996],[101.36726148595746,4.374171412567589],[101.3667432775669,4.373385321167015],[101.36570686078576,4.373778366766933]]],[[[101.36829790273856,4.375743597777925],[101.36777969434803,4.375743597777925],[101.36777969434803,4.3761366445825285],[101.36881611112914,4.37652969158798],[101.3693343195197,4.375743597777925],[101.36881611112914,4.375743597777925],[101.36881611112914,4.3753505511741455],[101.36829790273856,4.3753505511741455],[101.36829790273856,4.375743597777925]]],[[[101.36415223561409,4.378101881618598],[101.36467044400466,4.3788879778394545],[101.36570686078576,4.378494929628549],[101.36518865239522,4.377708833809585],[101.36415223561409,4.378101881618598]]],[[[101.37244356986307,4.388321195235339],[101.37296177825363,4.3891073019182425],[101.37399819503474,4.3887142484760755],[101.37347998664417,4.387928142196016],[101.37244356986307,4.388321195235339]]],[[[101.38021669572147,4.389500355561859],[101.37969848733091,4.389500355561859],[101.37969848733091,4.390286463453517],[101.38073490411202,4.390679517701594],[101.38073490411202,4.390286463453517],[101.38125311250259,4.390286463453517],[101.38125311250259,4.389500355561859],[101.38073490411202,4.389500355561859],[101.38073490411202,4.3891073019182425],[101.38021669572147,4.3891073019182425],[101.38021669572147,4.389500355561859]]],[[[101.38798982157986,4.395396184402548],[101.38850802997044,4.39618229834292],[101.38954444675157,4.395789241271854],[101.389026238361,4.395003127734987],[101.38798982157986,4.395396184402548]]],[[[101.35793373492737,4.395789241271854],[101.35741552653681,4.396575355615766],[101.35793373492737,4.396575355615766],[101.35897015170848,4.397495447837548],[101.35948836009905,4.39736147076687],[101.35948836009905,4.396968413090409],[101.35897015170848,4.396968413090409],[101.35897015170848,4.39618229834292],[101.35793373492737,4.395789241271854]]],[[[101.38850802997044,4.402864299438275],[101.389026238361,4.403650421052189],[101.39006265514212,4.403257360144177],[101.38954444675157,4.402471238934464],[101.38850802997044,4.402864299438275]]],[[[101.3693343195197,4.40561572862453],[101.3693343195197,4.404829604989064],[101.36881611112914,4.404829604989064],[101.3693343195197,4.403257360144177],[101.36829790273856,4.402864299438275],[101.3677467866747,4.403650421052189],[101.36911099999999,4.405688995180088],[101.369928,4.4062279951795205],[101.37140715308193,4.406401853068875],[101.37140715308193,4.40561572862453],[101.37088894469137,4.40561572862453],[101.37088894469137,4.405222666705698],[101.36985252791027,4.405222666705698],[101.36985252791027,4.40561572862453],[101.3693343195197,4.40561572862453]]],[[[101.37814386215922,4.406794915594421],[101.37762565376867,4.406794915594421],[101.37710744537812,4.406008790745584],[101.37658923698754,4.406008790745584],[101.37658923698754,4.406401853068875],[101.37607102859698,4.406401853068875],[101.37607102859698,4.406008790745584],[101.3745164034253,4.406008790745584],[101.3745164034253,4.40561572862453],[101.37347998664417,4.40561572862453],[101.37347998664417,4.406008790745584],[101.37296177825363,4.406008790745584],[101.37293453896797,4.406794915594421],[101.37503461181588,4.40746447018866],[101.37503461181588,4.407187978322242],[101.37607102859698,4.407187978322242],[101.37607102859698,4.406794915594421],[101.37658923698754,4.406794915594421],[101.37710744537812,4.407581041252357],[101.37762565376867,4.407581041252357],[101.37762565376867,4.407187978322242],[101.37814386215922,4.407187978322242],[101.37814386215922,4.407581041252357],[101.37866207054978,4.407581041252357],[101.37866207054978,4.407187978322242],[101.37969848733091,4.407187978322242],[101.37969848733091,4.407581041252357],[101.38073490411202,4.407187978322242],[101.38021669572147,4.406401853068875],[101.37969848733091,4.406401853068875],[101.37969848733091,4.406794915594421],[101.37866207054978,4.406794915594421],[101.37866207054978,4.406401853068875],[101.37814386215922,4.406401853068875],[101.37814386215922,4.406794915594421]]],[[[101.39213548870437,4.409153294996106],[101.39265369709493,4.408367167719535],[101.39213548870437,4.408367167719535],[101.39213548870437,4.407581041252357],[101.39058086353268,4.406794915594421],[101.39058086353268,4.406008790745584],[101.39109907192324,4.406008790745584],[101.39109907192324,4.40561572862453],[101.39058086353268,4.40561572862453],[101.39006265514212,4.404829604989064],[101.389026238361,4.405222666705698],[101.389026238361,4.404436543474613],[101.38954444675157,4.404436543474613],[101.389026238361,4.403650421052189],[101.38798982157986,4.404043482162329],[101.38798982157986,4.404436543474613],[101.38850802997044,4.404436543474613],[101.38850802997044,4.405222666705698],[101.38798982157986,4.405222666705698],[101.38798982157986,4.40561572862453],[101.38850802997044,4.40561572862453],[101.38798982157986,4.407187978322242],[101.3864351964082,4.407187978322242],[101.3864351964082,4.407581041252357],[101.38591698801763,4.407581041252357],[101.38591698801763,4.407187978322242],[101.38539877962708,4.407187978322242],[101.38539877962708,4.406401853068875],[101.38488057123652,4.406401853068875],[101.38488057123652,4.406008790745584],[101.38539877962708,4.406008790745584],[101.38488057123652,4.405222666705698],[101.38384415445539,4.40561572862453],[101.38384415445539,4.406008790745584],[101.38436236284596,4.406008790745584],[101.38436236284596,4.406401853068875],[101.38384415445539,4.406401853068875],[101.38384415445539,4.407187978322242],[101.38332594606483,4.407187978322242],[101.38332594606483,4.406794915594421],[101.38280773767427,4.406794915594421],[101.38280773767427,4.407187978322242],[101.38177132089315,4.407187978322242],[101.38177132089315,4.406794915594421],[101.38073490411202,4.407187978322242],[101.38125311250259,4.407974104384781],[101.38177132089315,4.407974104384781],[101.38177132089315,4.407581041252357],[101.38280773767427,4.407581041252357],[101.38280773767427,4.407974104384781],[101.38332594606483,4.407974104384781],[101.38332594606483,4.407581041252357],[101.38436236284596,4.407581041252357],[101.38436236284596,4.407974104384781],[101.3855777,4.408145095177519],[101.3858767,4.408541195177123],[101.38591698801763,4.407974104384781],[101.3864351964082,4.407974104384781],[101.3864351964082,4.408367167719535],[101.38798982157986,4.407974104384781],[101.38775449999999,4.409167895176432],[101.38834569999999,4.409604295175998],[101.38964120000001,4.409931895175629],[101.39058086353268,4.409939423082214],[101.39109907192324,4.409153294996106],[101.39213548870437,4.409153294996106]],[[101.38850802997044,4.408760231256638],[101.38850802997044,4.409153294996106],[101.38798982157986,4.409153294996106],[101.38798982157986,4.408760231256638],[101.38850802997044,4.408760231256638]],[[101.389026238361,4.409153294996106],[101.389026238361,4.409546358937958],[101.38850802997044,4.409546358937958],[101.38850802997044,4.409153294996106],[101.389026238361,4.409153294996106]],[[101.389026238361,4.407187978322242],[101.389026238361,4.406401853068875],[101.38954444675157,4.406401853068875],[101.39058086353268,4.407974104384781],[101.38954444675157,4.408367167719535],[101.38954444675157,4.407974104384781],[101.389026238361,4.407974104384781],[101.38954444675157,4.407187978322242],[101.389026238361,4.407187978322242]],[[101.39109907192324,4.407974104384781],[101.39109907192324,4.408367167719535],[101.39058086353268,4.408367167719535],[101.39058086353268,4.407974104384781],[101.39109907192324,4.407974104384781]]],[[[101.41752769984184,4.0841569809710885],[101.41700949145128,4.0841569809710885],[101.41700949145128,4.084942786802105],[101.4180459082324,4.0853356899985425],[101.4180459082324,4.084942786802105],[101.41856411662296,4.084942786802105],[101.41856411662296,4.0841569809710885],[101.4180459082324,4.0841569809710885],[101.4180459082324,4.083764078336474],[101.41752769984184,4.083764078336474],[101.41752769984184,4.0841569809710885]]],[[[101.43151932638698,4.086514400711794],[101.43203753477754,4.087300208790759],[101.43307395155865,4.086907304657585],[101.43255574316811,4.086121496953369],[101.43151932638698,4.086514400711794]]],[[[101.44810199488491,4.103802351833648],[101.44810199488491,4.104195264041607],[101.44862020327547,4.104195264041607],[101.44862020327547,4.104588176437753],[101.44810199488491,4.104588176437753],[101.44810199488491,4.105374001794684],[101.4492161405756,4.105766914755502],[101.4496566200566,4.103409439813858],[101.44862020327547,4.103409439813858],[101.44862020327547,4.10301652798222],[101.44810199488491,4.10301652798222],[101.44810199488491,4.103409439813858],[101.44758378649436,4.103409439813858],[101.44758378649436,4.103802351833648],[101.44810199488491,4.103802351833648]]],[[[101.4496566200566,4.109696054721026],[101.4496566200566,4.109303139876781],[101.44913841166604,4.109303139876781],[101.44913841166604,4.109696054721026],[101.44862020327547,4.109696054721026],[101.44862020327547,4.110481884974864],[101.44913841166604,4.110481884974864],[101.44913841166604,4.111267715982623],[101.4506930368377,4.112053547744443],[101.45121124522828,4.111267715982623],[101.45017482844715,4.110874800384494],[101.45017482844715,4.109696054721026],[101.4496566200566,4.109696054721026]]],[[[101.42581903409081,4.129734962056791],[101.42633724248137,4.130520811581198],[101.4273736592625,4.1301278867243],[101.42685545087193,4.129342037578656],[101.42581903409081,4.129734962056791]]],[[[101.40871815720232,4.131699587288445],[101.40923636559286,4.132485438707241],[101.410272782374,4.1320925129031005],[101.40975457398343,4.131306661863255],[101.40871815720232,4.131699587288445]]],[[[101.40664532364006,4.1320925129031005],[101.40716353203062,4.1328783647008835],[101.40819994881174,4.132485438707241],[101.40768174042118,4.131699587288445],[101.40664532364006,4.1320925129031005]]],[[[101.42944649282474,4.1320925129031005],[101.42892828443416,4.1320925129031005],[101.42892828443416,4.1328783647008835],[101.4299647012153,4.133271290884046],[101.4299647012153,4.1328783647008835],[101.43048290960586,4.1328783647008835],[101.43048290960586,4.1320925129031005],[101.4299647012153,4.1320925129031005],[101.4299647012153,4.131699587288445],[101.42944649282474,4.131699587288445],[101.42944649282474,4.1320925129031005]]],[[[101.42530082570025,4.13366421725675],[101.42581903409081,4.134450070570846],[101.42685545087193,4.1340571438190095],[101.42633724248137,4.133271290884046],[101.42530082570025,4.13366421725675]]],[[[101.43255574316811,4.133271290884046],[101.43255574316811,4.1328783647008835],[101.43203753477754,4.1328783647008835],[101.43203753477754,4.133271290884046],[101.4310011179964,4.13366421725675],[101.4310011179964,4.1340571438190095],[101.43203753477754,4.134450070570846],[101.43203753477754,4.134842997512276],[101.43151932638698,4.134842997512276],[101.43203753477754,4.1356288519639905],[101.43307395155865,4.135235924643317],[101.43307395155865,4.134842997512276],[101.43255574316811,4.134842997512276],[101.43255574316811,4.134450070570846],[101.43307395155865,4.134450070570846],[101.43307395155865,4.133271290884046],[101.43255574316811,4.133271290884046]]],[[[101.42789186765305,4.134842997512276],[101.4284100760436,4.1356288519639905],[101.42944649282474,4.135235924643317],[101.42892828443416,4.134450070570846],[101.42789186765305,4.134842997512276]]],[[[101.47090316406958,4.136021779474311],[101.47142137246014,4.136807635063972],[101.47245778924126,4.136414707174299],[101.47193958085072,4.1356288519639905],[101.47090316406958,4.136021779474311]]],[[[101.46831212211677,4.136414707174299],[101.46883033050734,4.13720056314335],[101.46986674728846,4.136807635063972],[101.4693485388979,4.136021779474311],[101.46831212211677,4.136414707174299]]],[[[101.42789186765305,4.138379348519885],[101.4284100760436,4.139165206386428],[101.42944649282474,4.138772277358259],[101.42892828443416,4.137986419871288],[101.42789186765305,4.138379348519885]]],[[[101.42374620052856,4.140343994609887],[101.42270978374745,4.1407369243974195],[101.42322799213801,4.1415227845421585],[101.42426440891913,4.1415227845421585],[101.42426440891913,4.141129854374836],[101.42478261730969,4.141129854374836],[101.42478261730969,4.140343994609887],[101.42426440891913,4.140343994609887],[101.42426440891913,4.139951065012223],[101.42374620052856,4.139951065012223],[101.42374620052856,4.140343994609887]]],[[[101.41856411662296,4.139951065012223],[101.41856411662296,4.139558135604409],[101.41752769984184,4.139951065012223],[101.41752769984184,4.140343994609887],[101.4180459082324,4.140343994609887],[101.4180459082324,4.141129854374836],[101.41752769984184,4.141129854374836],[101.41752769984184,4.141915714899401],[101.4180459082324,4.141915714899401],[101.4180459082324,4.1423086454465885],[101.41908232501352,4.141915714899401],[101.41908232501352,4.141129854374836],[101.41856411662296,4.141129854374836],[101.41856411662296,4.140343994609887],[101.41908232501352,4.140343994609887],[101.41908232501352,4.139951065012223],[101.41856411662296,4.139951065012223]]],[[[101.46883033050734,4.154882523354754],[101.4693485388979,4.155668397196298],[101.47038495567901,4.155275460180245],[101.46986674728846,4.154489586719808],[101.46883033050734,4.154882523354754]]],[[[101.41908232501352,4.162348355642957],[101.41856411662296,4.162348355642957],[101.41856411662296,4.162741296092256],[101.41960053340408,4.163134236732467],[101.42011874179465,4.162348355642957],[101.41960053340408,4.162348355642957],[101.41960053340408,4.161955415384547],[101.41908232501352,4.161955415384547],[101.41908232501352,4.162348355642957]]],[[[101.42426440891913,4.182781512556521],[101.42478261730969,4.183567413550043],[101.42581903409081,4.183174462957352],[101.42530082570025,4.182388562347532],[101.42426440891913,4.182781512556521]]],[[[101.46727570533567,4.189461695476026],[101.46779391372621,4.1902476029980695],[101.46883033050734,4.189854649140963],[101.46831212211677,4.1890687420032435],[101.46727570533567,4.189461695476026]]],[[[101.47038495567901,4.189461695476026],[101.46986674728846,4.189461695476026],[101.46986674728846,4.189854649140963],[101.4693485388979,4.189854649140963],[101.4693485388979,4.190640557047365],[101.46883033050734,4.190640557047365],[101.4693485388979,4.1914264657225955],[101.46986674728846,4.1914264657225955],[101.46986674728846,4.19103351128887],[101.47038495567901,4.19103351128887],[101.47038495567901,4.1902476029980695],[101.47090316406958,4.1902476029980695],[101.47038495567901,4.189461695476026]]],[[[101.4455109529321,4.198106720524205],[101.44602916132267,4.198892636510606],[101.4470655781038,4.198499678421119],[101.44654736971323,4.197713762819845],[101.4455109529321,4.198106720524205]]],[[[101.47142137246014,4.201643348530596],[101.47193958085072,4.202429267984791],[101.47297599763182,4.202036308161323],[101.47245778924126,4.201250389092586],[101.47142137246014,4.201643348530596]]],[[[101.39369011387605,4.203215188210009],[101.3942083222666,4.204001109206395],[101.39524473904773,4.2036081486117975],[101.39472653065717,4.202822228001013],[101.39369011387605,4.203215188210009]]],[[[101.50821416818995,4.20596591507219],[101.50873237658051,4.206751838768821],[101.50976093352479,4.206358876824034],[101.50925058497107,4.205572953513264],[101.50821416818995,4.20596591507219]]],[[[101.44862020327547,4.207930725760988],[101.44913841166604,4.208716651387464],[101.45017482844715,4.208323688477712],[101.4496566200566,4.207537763237279],[101.44862020327547,4.207930725760988]]],[[[101.46002078786782,4.208716651387464],[101.46053899625836,4.2095025777861315],[101.4615754130395,4.209109614490264],[101.46105720464892,4.208323688477712],[101.46002078786782,4.208716651387464]]],[[[101.46053899625836,4.210288504957139],[101.46002078786782,4.210288504957139],[101.46002078786782,4.2106814688323135],[101.46105720464892,4.211074432900631],[101.4615754130395,4.210288504957139],[101.46105720464892,4.210288504957139],[101.46105720464892,4.209895541275083],[101.46053899625836,4.209895541275083],[101.46053899625836,4.210288504957139]]],[[[101.42685545087193,4.244084106019389],[101.4273736592625,4.244870067318165],[101.4284100760436,4.24447708657142],[101.42789186765305,4.243691125662052],[101.42685545087193,4.244084106019389]]],[[[101.41234561593623,4.254301663701336],[101.41286382432679,4.255087635137528],[101.41390024110791,4.254694649321837],[101.41338203271735,4.2539086782760025],[101.41234561593623,4.254301663701336]]],[[[101.3983539893911,4.259803480157146],[101.39783578100054,4.260589457062192],[101.3983539893911,4.260589457062192],[101.3983539893911,4.261375434749088],[101.39939040617222,4.261768423885776],[101.39990861456278,4.2609824458079],[101.39939040617222,4.2609824458079],[101.39939040617222,4.260196468511946],[101.3983539893911,4.259803480157146]]],[[[101.39990861456278,4.2629473924690195],[101.40042682295334,4.263733372502345],[101.40146323973445,4.263340382387886],[101.4009450313439,4.262554402745723],[101.39990861456278,4.2629473924690195]]],[[[101.4035360732967,4.263733372502345],[101.4035360732967,4.264126362812412],[101.40301786490613,4.264126362812412],[101.40301786490613,4.263733372502345],[101.40198144812501,4.264126362812412],[101.40198144812501,4.26530533491645],[101.40249965651557,4.26530533491645],[101.40249965651557,4.265698326009136],[101.4035360732967,4.265698326009136],[101.4035360732967,4.26530533491645],[101.40405428168727,4.26530533491645],[101.40405428168727,4.264519353318105],[101.40457249007783,4.264519353318105],[101.40457249007783,4.264126362812412],[101.4035360732967,4.263733372502345]]],[[[101.40819994881174,4.2672702923370665],[101.40871815720232,4.268056276675601],[101.40975457398343,4.267663284408437],[101.40923636559286,4.266877300461469],[101.40819994881174,4.2672702923370665]]],[[[101.40716353203062,4.272772199159983],[101.40664532364006,4.272772199159983],[101.40664532364006,4.2735581889842775],[101.40768174042118,4.273951184190514],[101.40768174042118,4.2735581889842775],[101.40819994881174,4.2735581889842775],[101.40819994881174,4.272772199159983],[101.40768174042118,4.272772199159983],[101.40768174042118,4.27237920454189],[101.40716353203062,4.27237920454189],[101.40716353203062,4.272772199159983]]],[[[101.40871815720232,4.274344179592836],[101.40923636559286,4.275130170985808],[101.410272782374,4.2747371751912615],[101.40975457398343,4.273951184190514],[101.40871815720232,4.274344179592836]]],[[[101.40819994881174,4.276309159546357],[101.40871815720232,4.277095152900997],[101.40975457398343,4.2767021561255705],[101.40923636559286,4.275916163163336],[101.40819994881174,4.276309159546357]]],[[[101.40923636559286,4.281418130385969],[101.40975457398343,4.282204128845236],[101.41079099076455,4.281811129517377],[101.410272782374,4.2810251314509955],[101.40923636559286,4.281418130385969]]],[[[101.40664532364006,4.387142036721536],[101.40716353203062,4.387928142196016],[101.40819994881174,4.387535089358088],[101.40768174042118,4.386748984286342],[101.40664532364006,4.387142036721536]]],[[[101.39265369709493,4.408760231256638],[101.39265369709493,4.408899150481925],[101.39276427949217,4.408760231256638],[101.39265369709493,4.408760231256638]]],[[[101.39213548870437,4.409153294996106],[101.39213548870437,4.409428860263166],[101.39244857021737,4.409153294996106],[101.39213548870437,4.409153294996106]]]]},"properties":{"place_id":"276771a7-e1bd-591d-948d-2265e5894dc9","habitat":"forest_edge_opening","habitat_label":"Forest edge or opening","resolution_m":50}},{"type":"Feature","geometry":{"type":"MultiPolygon","coordinates":[[[[101.32010452241644,4.161955415384547],[101.320622730807,4.161955415384547],[101.320622730807,4.161562475317011],[101.32010452241644,4.161562475317011],[101.32010452241644,4.161955415384547]]],[[[101.31958631402587,4.175708438128781],[101.31958631402587,4.170993089655812],[101.31906810563531,4.170993089655812],[101.31906810563531,4.175708438128781],[101.31958631402587,4.175708438128781]]],[[[101.31906810563531,4.1764943322212655],[101.31906810563531,4.176101385079257],[101.31854989724475,4.176101385079257],[101.31854989724475,4.1764943322212655],[101.31906810563531,4.1764943322212655]]],[[[101.31751348046363,4.190640557047365],[101.31751348046363,4.1902476029980695],[101.31699527207307,4.1902476029980695],[101.31699527207307,4.190640557047365],[101.31751348046363,4.190640557047365]]],[[[101.32617018160748,4.207144800906561],[101.32632302310317,4.206751838768821],[101.32610700646572,4.206751838768821],[101.32617018160748,4.207144800906561]]],[[[101.32735943988429,4.21382518678829],[101.32724415901758,4.21382518678829],[101.32735943988429,4.2145422635449785],[101.32735943988429,4.21382518678829]]],[[[101.2705833,4.24447708657142],[101.27087472531319,4.244084106019389],[101.2705833,4.244084106019389],[101.2705833,4.24447708657142]]],[[[101.3232137727598,4.24447708657142],[101.32373198115036,4.24447708657142],[101.32373198115036,4.244084106019389],[101.3232137727598,4.244084106019389],[101.3232137727598,4.24447708657142]]],[[[101.26983830853206,4.245656029395862],[101.27035651692262,4.245405146573931],[101.26983830853206,4.245442281275081],[101.26983830853206,4.245656029395862]]],[[[101.26606952731635,4.249585851473326],[101.26621084979811,4.249192868388604],[101.2660274464594,4.249192868388604],[101.26606952731635,4.249585851473326]]],[[[101.29367589449784,4.249978834752998],[101.29367589449784,4.249585851473326],[101.29315768610728,4.249585851473326],[101.29315768610728,4.249978834752998],[101.29367589449784,4.249978834752998]]],[[[101.28953022737336,4.250371818227638],[101.28953022737336,4.249978834752998],[101.28901201898279,4.249978834752998],[101.28901201898279,4.250371818227638],[101.28953022737336,4.250371818227638]]],[[[101.32165914758812,4.25626659375591],[101.32165914758812,4.2558736073545465],[101.32114093919756,4.2558736073545465],[101.32114093919756,4.25626659375591],[101.32165914758812,4.25626659375591]]],[[[101.32152781498603,4.257838541314165],[101.32165914758812,4.257445554131644],[101.321415151041,4.257445554131644],[101.32152781498603,4.257838541314165]]],[[[101.27605680921879,4.260196468511946],[101.27657501760933,4.260196468511946],[101.27657501760933,4.259803480157146],[101.27605680921879,4.259803480157146],[101.27605680921879,4.260196468511946]]],[[[101.31913491176044,4.260196468511946],[101.31906810563531,4.2600704768622],[101.31906810563531,4.260196468511946],[101.31913491176044,4.260196468511946]]],[[[101.33202331539933,4.2609824458079],[101.33202331539933,4.260589457062192],[101.33150510700877,4.260589457062192],[101.33150510700877,4.2609824458079],[101.33202331539933,4.2609824458079]]],[[[101.28434814346775,4.2672702923370665],[101.28434814346775,4.266484308781626],[101.28382993507718,4.266484308781626],[101.28382993507718,4.2672702923370665],[101.28434814346775,4.2672702923370665]]],[[[101.28590276863943,4.268056276675601],[101.28590276863943,4.2672702923370665],[101.28538456024889,4.2672702923370665],[101.28538456024889,4.268056276675601],[101.28590276863943,4.268056276675601]]],[[[101.3232137727598,4.269235254652023],[101.3232137727598,4.268449269138572],[101.32269556436924,4.268449269138572],[101.32269556436924,4.269235254652023],[101.3232137727598,4.269235254652023]]],[[[101.32010452241644,4.2747371751912615],[101.32010452241644,4.274344179592836],[101.31958631402587,4.274344179592836],[101.31958631402587,4.2747371751912615],[101.32010452241644,4.2747371751912615]]],[[[101.31854989724475,4.277488149872655],[101.31751348046363,4.277881147040563],[101.31699527207307,4.27984613582448],[101.31751348046363,4.27984613582448],[101.31803168885419,4.279060139721963],[101.31906810563531,4.279060139721963],[101.31906810563531,4.2786671419652],[101.31854989724475,4.2786671419652],[101.31854989724475,4.277488149872655]]],[[[101.3309868986182,4.297924263259195],[101.3309868986182,4.297581999414007],[101.33046869022766,4.297531256058303],[101.33046869022766,4.297924263259195],[101.3309868986182,4.297924263259195]]],[[[101.33046869022766,4.304605415861043],[101.33046869022766,4.303426384786111],[101.32995048183709,4.303426384786111],[101.32995048183709,4.304605415861043],[101.33046869022766,4.304605415861043]]],[[[101.33202331539933,4.311679639657737],[101.33202331539933,4.3105005979097335],[101.33150510700877,4.3105005979097335],[101.33150510700877,4.311679639657737],[101.33202331539933,4.311679639657737]]],[[[101.33046869022766,4.311679639657737],[101.33046869022766,4.311286625543919],[101.32995048183709,4.311286625543919],[101.32995048183709,4.311679639657737],[101.33046869022766,4.311679639657737]]],[[[101.24859176451908,4.312072653969397],[101.24859176451908,4.311901430422326],[101.2485899253885,4.312072653969397],[101.24859176451908,4.312072653969397]]],[[[101.26361980784534,4.311286625543919],[101.26361980784534,4.312072653969397],[101.26310159945477,4.312072653969397],[101.26310159945477,4.31246566847892],[101.26413801623588,4.31246566847892],[101.26413801623588,4.311286625543919],[101.26361980784534,4.311286625543919]]],[[[101.25014638969076,4.31246566847892],[101.25066459808131,4.31246566847892],[101.25066459808131,4.312072653969397],[101.25014638969076,4.312072653969397],[101.25014638969076,4.31246566847892]]],[[[101.33046869022766,4.312858683186317],[101.33046869022766,4.312072653969397],[101.32995048183709,4.312072653969397],[101.32995048183709,4.312858683186317],[101.33046869022766,4.312858683186317]]],[[[101.3325415237899,4.313251698091613],[101.3325415237899,4.31246566847892],[101.33202331539933,4.31246566847892],[101.33202331539933,4.313251698091613],[101.3325415237899,4.313251698091613]]],[[[101.3309868986182,4.315609791680239],[101.3309868986182,4.314823759692127],[101.33046869022766,4.314823759692127],[101.33046869022766,4.315609791680239],[101.3309868986182,4.315609791680239]]],[[[101.33305973218046,4.317181858032909],[101.33305973218046,4.31521677558718],[101.3325415237899,4.31521677558718],[101.3325415237899,4.317181858032909],[101.33305973218046,4.317181858032909]]],[[[101.33357794057102,4.319146945431088],[101.33357794057102,4.318360909877376],[101.33305973218046,4.318360909877376],[101.33305973218046,4.319146945431088],[101.33357794057102,4.319146945431088]]],[[[101.32995048183709,4.3199329817775585],[101.32995048183709,4.31953996350522],[101.32943227344653,4.31953996350522],[101.32943227344653,4.3199329817775585],[101.32995048183709,4.3199329817775585]]],[[[101.32943227344653,4.321112037784006],[101.32995048183709,4.321112037784006],[101.32995048183709,4.320719018916933],[101.32943227344653,4.320719018916933],[101.32943227344653,4.321112037784006]]],[[[101.3325415237899,4.321898076113013],[101.3325415237899,4.321112037784006],[101.33202331539933,4.321112037784006],[101.33202331539933,4.321898076113013],[101.3325415237899,4.321898076113013]]],[[[101.26102876589253,4.323077135093952],[101.26102876589253,4.32268411523529],[101.2599923491114,4.32268411523529],[101.2599923491114,4.323077135093952],[101.26102876589253,4.323077135093952]]],[[[101.26206518267364,4.32386317540641],[101.26206518267364,4.323470155150985],[101.26154697428308,4.323470155150985],[101.26154697428308,4.32386317540641],[101.26206518267364,4.32386317540641]]],[[[101.33202331539933,4.328972456788837],[101.33202331539933,4.3285794339526635],[101.33150510700877,4.3285794339526635],[101.33150510700877,4.328972456788837],[101.33202331539933,4.328972456788837]]],[[[101.31647706368251,4.333295721101489],[101.31647706368251,4.332902696079188],[101.31595885529195,4.332902696079188],[101.31595885529195,4.333295721101489],[101.31647706368251,4.333295721101489]]],[[[101.24133684705122,4.335260849196085],[101.24133684705122,4.33486782317936],[101.24081863866066,4.33486782317936],[101.24081863866066,4.335260849196085],[101.24133684705122,4.335260849196085]]],[[[101.30455827069962,4.337619009474833],[101.30507647909018,4.337619009474833],[101.30507647909018,4.337225982264189],[101.30455827069962,4.337225982264189],[101.30455827069962,4.337619009474833]]],[[[101.32684123149372,4.352554191142764],[101.32684123149372,4.352161156355341],[101.32632302310317,4.352161156355341],[101.32632302310317,4.352554191142764],[101.32684123149372,4.352554191142764]]],[[[101.33409614896156,4.367882703835082],[101.33409614896156,4.367489661243992],[101.33357794057102,4.367489661243992],[101.33357794057102,4.367882703835082],[101.33409614896156,4.367882703835082]]],[[[101.33357794057102,4.369847919797803],[101.33357794057102,4.370072841633067],[101.33366318342834,4.369847919797803],[101.33357794057102,4.369847919797803]]],[[[101.34653315033502,4.231901805384032],[101.34653315033502,4.231508831053144],[101.34601494194446,4.231508831053144],[101.34601494194446,4.231901805384032],[101.34653315033502,4.231901805384032]]],[[[101.34115265650576,4.237796443652866],[101.34135106642941,4.237403466408148],[101.34083285803887,4.237403466408148],[101.34115265650576,4.237796443652866]]],[[[101.3403146496483,4.239368354575933],[101.34037788842373,4.238582398725523],[101.3403146496483,4.238582398725523],[101.3403146496483,4.239368354575933]]],[[[101.34549673355392,4.2747371751912615],[101.34601494194446,4.2747371751912615],[101.34601494194446,4.273951184190514],[101.34549673355392,4.273951184190514],[101.34549673355392,4.2747371751912615]]],[[[101.33409614896156,4.321898076113013],[101.33409614896156,4.32150505684936],[101.33357794057102,4.32150505684936],[101.33357794057102,4.321898076113013],[101.33409614896156,4.321898076113013]]],[[[101.33616898252382,4.33486782317936],[101.33616898252382,4.334081771742654],[101.33565077413327,4.334081771742654],[101.33565077413327,4.33486782317936],[101.33616898252382,4.33486782317936]]],[[[101.33565077413327,4.3364399284399795],[101.33565077413327,4.335653875411752],[101.3351325657427,4.335653875411752],[101.3351325657427,4.3364399284399795],[101.33565077413327,4.3364399284399795]]],[[[101.33616898252382,4.343514441530744],[101.33616898252382,4.343121411332428],[101.33565077413327,4.343121411332428],[101.33565077413327,4.343514441530744],[101.33616898252382,4.343514441530744]]],[[[101.33616898252382,4.344300502525371],[101.33616898252382,4.343907471928387],[101.33565077413327,4.343907471928387],[101.33565077413327,4.344300502525371],[101.33616898252382,4.344300502525371]]],[[[101.33461435735214,4.346658690294516],[101.33461435735214,4.345479595512572],[101.33409614896156,4.345479595512572],[101.33409614896156,4.346658690294516],[101.33461435735214,4.346658690294516]]],[[[101.34238748321054,4.347331572131328],[101.34273714300498,4.347051722287416],[101.34238748321054,4.347051722287416],[101.34238748321054,4.347331572131328]]],[[[101.33772360769551,4.34940991843474],[101.33772360769551,4.3490168852446285],[101.33720539930493,4.3490168852446285],[101.33720539930493,4.34940991843474],[101.33772360769551,4.34940991843474]]],[[[101.34102529544036,4.3490168852446285],[101.34135106642941,4.347444754479807],[101.34186927481998,4.347444754479807],[101.34186927481998,4.346658690294516],[101.34083285803887,4.346658690294516],[101.34083285803887,4.346265658501088],[101.33927823286717,4.345479595512572],[101.33927823286717,4.347051722287416],[101.33979644125775,4.347051722287416],[101.33979644125775,4.347444754479807],[101.33927823286717,4.347444754479807],[101.33927823286717,4.347837786871704],[101.33979644125775,4.347837786871704],[101.33979644125775,4.349802951824453],[101.33927823286717,4.349802951824453],[101.33876002447661,4.352161156355341],[101.33927823286717,4.352161156355341],[101.33927823286717,4.352947226129929],[101.33979644125775,4.352947226129929],[101.33979644125775,4.353340261316863],[101.3403146496483,4.353340261316863],[101.3403146496483,4.3517681217676465],[101.34083285803887,4.3517681217676465],[101.34035509999998,4.350880495237495],[101.34083285803887,4.34940991843474],[101.3403146496483,4.34940991843474],[101.3403146496483,4.3490168852446285],[101.34102529544036,4.3490168852446285]]],[[[101.33824181608607,4.349802951824453],[101.33824181608607,4.34940991843474],[101.33772360769551,4.34940991843474],[101.33772360769551,4.349802951824453],[101.33824181608607,4.349802951824453]]],[[[101.33772360769551,4.350589019202749],[101.33772360769551,4.350195985413783],[101.33720539930493,4.350195985413783],[101.33720539930493,4.350589019202749],[101.33772360769551,4.350589019202749]]],[[[101.34116089426628,4.352947226129929],[101.34100240249256,4.352554191142764],[101.34083285803887,4.352554191142764],[101.34083285803887,4.352947226129929],[101.34116089426628,4.352947226129929]]],[[[101.33720539930493,4.353733296703577],[101.33720539930493,4.353340261316863],[101.33668719091438,4.353340261316863],[101.33668719091438,4.353733296703577],[101.33720539930493,4.353733296703577]]],[[[101.33824181608607,4.357663661562801],[101.33876002447661,4.357663661562801],[101.33876002447661,4.357270624177252],[101.33824181608607,4.357270624177252],[101.33824181608607,4.357663661562801]]],[[[101.33720539930493,4.359628851490673],[101.33720539930493,4.35844973693387],[101.33668719091438,4.35844973693387],[101.33668719091438,4.359628851490673],[101.33720539930493,4.359628851490673]]],[[[101.33772360769551,4.360414928862223],[101.33772360769551,4.3600218900764025],[101.33720539930493,4.3600218900764025],[101.33720539930493,4.360414928862223],[101.33772360769551,4.360414928862223]]],[[[101.34186927481998,4.361201007034224],[101.34186927481998,4.360807967848159],[101.34135106642941,4.360807967848159],[101.34135106642941,4.361201007034224],[101.34186927481998,4.361201007034224]]],[[[101.33565077413327,4.364738368717717],[101.33565077413327,4.363952286941881],[101.3351325657427,4.363952286941881],[101.3351325657427,4.364738368717717],[101.33565077413327,4.364738368717717]]],[[[101.3351325657427,4.366310534673303],[101.3351325657427,4.365917492883871],[101.33461435735214,4.365917492883871],[101.33461435735214,4.366310534673303],[101.3351325657427,4.366310534673303]]],[[[101.33772360769551,4.36670357666312],[101.33772360769551,4.366310534673303],[101.33720539930493,4.366310534673303],[101.33720539930493,4.36670357666312],[101.33772360769551,4.36670357666312]]],[[[101.33772360769551,4.367489661243992],[101.33824181608607,4.367489661243992],[101.33824181608607,4.367096618853345],[101.33772360769551,4.367096618853345],[101.33772360769551,4.367489661243992]]],[[[101.33461435735214,4.367882703835082],[101.33461435735214,4.368357269594248],[101.33483990101941,4.367882703835082],[101.33461435735214,4.367882703835082]]],[[[101.33876002447661,4.368668789618661],[101.33876002447661,4.368275746626632],[101.33824181608607,4.368275746626632],[101.33824181608607,4.368668789618661],[101.33876002447661,4.368668789618661]]],[[[101.33593919250765,4.369454876204228],[101.33616898252382,4.3690618328111865],[101.33603122895856,4.3690618328111865],[101.33593919250765,4.369454876204228]]],[[[101.33979644125775,4.369847919797803],[101.33979644125775,4.369454876204228],[101.33927823286717,4.369454876204228],[101.33927823286717,4.369847919797803],[101.33979644125775,4.369847919797803]]],[[[101.3403146496483,4.370634007586627],[101.3403146496483,4.37024096359193],[101.33979644125775,4.37024096359193],[101.33979644125775,4.370634007586627],[101.3403146496483,4.370634007586627]]],[[[101.33565077413327,4.371027051781913],[101.33565077413327,4.370686573590864],[101.33557660817414,4.371027051781913],[101.33565077413327,4.371027051781913]]],[[[101.3403146496483,4.371420096177805],[101.34083285803887,4.371420096177805],[101.34083285803887,4.371027051781913],[101.3403146496483,4.371027051781913],[101.3403146496483,4.371420096177805]]],[[[101.33552806762053,4.371813140774324],[101.33565077413327,4.371420096177805],[101.33555233789734,4.371420096177805],[101.33552806762053,4.371813140774324]]],[[[101.33357794057102,4.372206185571485],[101.3336568,4.371961595215416],[101.33357794057102,4.3715353415228755],[101.33357794057102,4.372206185571485]]],[[[101.33565077413327,4.372206185571485],[101.33552793263523,4.372206185571485],[101.33565077413327,4.372416000095285],[101.33565077413327,4.372206185571485]]],[[[101.34186927481998,4.372599230569309],[101.34186927481998,4.372206185571485],[101.34135106642941,4.372206185571485],[101.34135106642941,4.372599230569309],[101.34186927481998,4.372599230569309]]],[[[101.33616898252382,4.372599230569309],[101.3357580512643,4.372599230569309],[101.335777,4.372631595214703],[101.33616898252382,4.372599230569309]]],[[[101.34290569160112,4.374171412567589],[101.34290569160112,4.373778366766933],[101.34238748321054,4.373778366766933],[101.34238748321054,4.374171412567589],[101.34290569160112,4.374171412567589]]],[[[101.33616898252382,4.374822302154351],[101.33668719091438,4.374957504771177],[101.33668719091438,4.3748025071980114],[101.33616898252382,4.374822302154351]]],[[[101.33461435735214,4.3753505511741455],[101.33461435735214,4.3752970936673785],[101.33456781139272,4.3753505511741455],[101.33461435735214,4.3753505511741455]]],[[[101.34394210838222,4.3761366445825285],[101.34394210838222,4.3753505511741455],[101.34342389999166,4.3753505511741455],[101.34342389999166,4.3761366445825285],[101.34394210838222,4.3761366445825285]]],[[[101.34497852516336,4.377708833809585],[101.34497852516336,4.377315786201489],[101.34446031677278,4.377315786201489],[101.34446031677278,4.377708833809585],[101.34497852516336,4.377708833809585]]],[[[101.34549673355392,4.378494929628549],[101.34549673355392,4.378101881618598],[101.34497852516336,4.378101881618598],[101.34497852516336,4.378494929628549],[101.34549673355392,4.378494929628549]]],[[[101.34601494194446,4.378494929628549],[101.34549673355392,4.378494929628549],[101.34549673355392,4.3788879778394545],[101.34601494194446,4.3788879778394545],[101.34601494194446,4.378494929628549]]],[[[101.34601494194446,4.380067123678086],[101.34653315033502,4.380067123678086],[101.34653315033502,4.3788879778394545],[101.34601494194446,4.3788879778394545],[101.34601494194446,4.380067123678086]]],[[[101.3351325657427,4.383997622876474],[101.33565077413327,4.383997622876474],[101.33565077413327,4.383604572051485],[101.3351325657427,4.383604572051485],[101.3351325657427,4.383997622876474]]],[[[101.3719253614725,4.084549883792959],[101.3719253614725,4.0841569809710885],[101.37088894469137,4.083764078336474],[101.37088894469137,4.0841569809710885],[101.36985252791027,4.0841569809710885],[101.3693343195197,4.084942786802105],[101.37037073630083,4.084942786802105],[101.37037073630083,4.0853356899985425],[101.37140715308193,4.084942786802105],[101.37140715308193,4.0853356899985425],[101.3719253614725,4.0853356899985425],[101.3719253614725,4.084942786802105],[101.37244356986307,4.084942786802105],[101.37244356986307,4.084549883792959],[101.3719253614725,4.084549883792959]]],[[[101.36985252791027,4.086514400711794],[101.36985252791027,4.08572859338229],[101.3693343195197,4.08572859338229],[101.3693343195197,4.086907304657585],[101.37037073630083,4.086907304657585],[101.37037073630083,4.086514400711794],[101.36985252791027,4.086514400711794]]],[[[101.37140715308193,4.087300208790759],[101.37140715308193,4.086907304657585],[101.37088894469137,4.086907304657585],[101.37088894469137,4.087300208790759],[101.37140715308193,4.087300208790759]]],[[[101.34756956711615,4.104195264041607],[101.34756956711615,4.103802351833648],[101.3470513587256,4.103802351833648],[101.3470513587256,4.104195264041607],[101.34756956711615,4.104195264041607]]],[[[101.35067881745952,4.134842997512276],[101.35067881745952,4.134450070570846],[101.35016060906896,4.134450070570846],[101.35016060906896,4.134842997512276],[101.35067881745952,4.134842997512276]]],[[[101.35845194331792,4.158418961645956],[101.35845194331792,4.158026023295454],[101.35793373492737,4.158026023295454],[101.35793373492737,4.158418961645956],[101.35845194331792,4.158418961645956]]],[[[101.36104298527071,4.162741296092256],[101.36156119366129,4.162741296092256],[101.36156119366129,4.162348355642957],[101.36104298527071,4.162348355642957],[101.36104298527071,4.162741296092256]]],[[[101.36881611112914,4.163920118585689],[101.36881611112914,4.163527177563605],[101.36829790273856,4.163527177563605],[101.36829790273856,4.163920118585689],[101.36881611112914,4.163920118585689]]],[[[101.35845194331792,4.174136652241815],[101.35845194331792,4.173743706248717],[101.35793373492737,4.173743706248717],[101.35793373492737,4.174136652241815],[101.35845194331792,4.174136652241815]]],[[[101.36881611112914,4.174922544802345],[101.36881611112914,4.174529598426352],[101.36829790273856,4.174529598426352],[101.36829790273856,4.174922544802345],[101.36881611112914,4.174922544802345]]],[[[101.37088894469137,4.175708438128781],[101.37088894469137,4.175315491369816],[101.37037073630083,4.175315491369816],[101.37037073630083,4.175708438128781],[101.37088894469137,4.175708438128781]]],[[[101.37037073630083,4.1764943322212655],[101.37037073630083,4.176101385079257],[101.36985252791027,4.176101385079257],[101.36985252791027,4.1764943322212655],[101.37037073630083,4.1764943322212655]]],[[[101.36415223561409,4.178459070804911],[101.36415223561409,4.17885201909649],[101.36363402722353,4.17885201909649],[101.36363402722353,4.179244967579726],[101.36467044400466,4.179244967579726],[101.36467044400466,4.178459070804911],[101.36415223561409,4.178459070804911]]],[[[101.36622506917632,4.17963791625464],[101.36622506917632,4.179244967579726],[101.36570686078576,4.179244967579726],[101.36570686078576,4.17963791625464],[101.36622506917632,4.17963791625464]]],[[[101.36518865239522,4.17963791625464],[101.36518865239522,4.179244967579726],[101.36467044400466,4.179244967579726],[101.36467044400466,4.17963791625464],[101.36518865239522,4.17963791625464]]],[[[101.36622506917632,4.180816763429627],[101.36622506917632,4.180423814179573],[101.36570686078576,4.180423814179573],[101.36570686078576,4.180816763429627],[101.36622506917632,4.180816763429627]]],[[[101.3667432775669,4.181602662505006],[101.3667432775669,4.18120971287143],[101.36622506917632,4.18120971287143],[101.36622506917632,4.181602662505006],[101.3667432775669,4.181602662505006]]],[[[101.36622506917632,4.1878898827376245],[101.36622506917632,4.187496930033269],[101.36570686078576,4.187496930033269],[101.36570686078576,4.1878898827376245],[101.36622506917632,4.1878898827376245]]],[[[101.35948836009905,4.224828297111785],[101.35948836009905,4.224435326272059],[101.35897015170848,4.224435326272059],[101.35897015170848,4.224828297111785],[101.35948836009905,4.224828297111785]]],[[[101.35016060906896,4.2735581889842775],[101.35016060906896,4.273165193974106],[101.34964240067839,4.273165193974106],[101.34964240067839,4.2735581889842775],[101.35016060906896,4.2735581889842775]]],[[[101.35689731814624,4.345479595512572],[101.35689731814624,4.345086564317446],[101.35637910975568,4.345086564317446],[101.35637910975568,4.345479595512572],[101.35689731814624,4.345479595512572]]],[[[101.36622506917632,4.374171412567589],[101.3667432775669,4.374171412567589],[101.3667432775669,4.373778366766933],[101.36622506917632,4.373778366766933],[101.36622506917632,4.374171412567589]]],[[[101.36518865239522,4.378494929628549],[101.36518865239522,4.378101881618598],[101.36467044400466,4.378101881618598],[101.36467044400466,4.378494929628549],[101.36518865239522,4.378494929628549]]],[[[101.34860598389726,4.38281847100507],[101.34860598389726,4.38203237076328],[101.34808777550673,4.38203237076328],[101.34808777550673,4.38281847100507],[101.34860598389726,4.38281847100507]]],[[[101.34964240067839,4.383604572051485],[101.34912419228783,4.383604572051485],[101.34912419228783,4.383997622876474],[101.34964240067839,4.383997622876474],[101.34964240067839,4.383604572051485]]],[[[101.34964240067839,4.384783725130103],[101.35016060906896,4.384783725130103],[101.35016060906896,4.383997622876474],[101.34964240067839,4.383997622876474],[101.34964240067839,4.384783725130103]]],[[[101.35067881745952,4.384783725130103],[101.35016060906896,4.384783725130103],[101.35016060906896,4.385962880019956],[101.35067881745952,4.385962880019956],[101.35067881745952,4.384783725130103]]],[[[101.35171523424063,4.386355932052488],[101.35067881745952,4.385962880019956],[101.35119702585007,4.387535089358088],[101.3522334426312,4.387928142196016],[101.35171523424063,4.386355932052488]]],[[[101.35275165102176,4.3887142484760755],[101.35275165102176,4.387928142196016],[101.3522334426312,4.387928142196016],[101.3522334426312,4.3887142484760755],[101.35275165102176,4.3887142484760755]]],[[[101.35326985941231,4.3891073019182425],[101.35326985941231,4.3887142484760755],[101.35275165102176,4.3887142484760755],[101.35275165102176,4.3891073019182425],[101.35326985941231,4.3891073019182425]]],[[[101.35378806780287,4.390286463453517],[101.35378806780287,4.3898934094069455],[101.35326985941231,4.3898934094069455],[101.35326985941231,4.390286463453517],[101.35378806780287,4.390286463453517]]],[[[101.35430627619344,4.390679517701594],[101.35430627619344,4.390286463453517],[101.35378806780287,4.390286463453517],[101.35378806780287,4.390679517701594],[101.35430627619344,4.390679517701594]]],[[[101.354824484584,4.391858681655035],[101.354824484584,4.391465626802335],[101.35430627619344,4.391465626802335],[101.35430627619344,4.391858681655035],[101.354824484584,4.391858681655035]]],[[[101.35534269297457,4.392644791965187],[101.35534269297457,4.392251736709313],[101.354824484584,4.392251736709313],[101.354824484584,4.392644791965187],[101.35534269297457,4.392644791965187]]],[[[101.3558609013651,4.393430903081801],[101.3558609013651,4.393037847422678],[101.35534269297457,4.393037847422678],[101.35534269297457,4.393430903081801],[101.3558609013651,4.393430903081801]]],[[[101.3558609013651,4.394217015005017],[101.35637910975568,4.394217015005017],[101.35637910975568,4.393430903081801],[101.3558609013651,4.393430903081801],[101.3558609013651,4.394217015005017]]],[[[101.35845194331792,4.396575355615766],[101.35845194331792,4.39618229834292],[101.35793373492737,4.39618229834292],[101.35793373492737,4.396575355615766],[101.35845194331792,4.396575355615766]]],[[[101.35897015170848,4.39736147076687],[101.35897015170848,4.396968413090409],[101.35845194331792,4.396968413090409],[101.35845194331792,4.3970976201877265],[101.35897015170848,4.39736147076687]]],[[[101.36777969434803,4.403650421052189],[101.36881611112914,4.404043482162329],[101.36881611112914,4.403257360144177],[101.36777969434803,4.403650421052189]]],[[[101.36881611112914,4.404829604989064],[101.36876739271214,4.404829604989064],[101.36881611112914,4.404933755688864],[101.36881611112914,4.404829604989064]]],[[[101.3693343195197,4.40561572862453],[101.369083259391,4.40561572862453],[101.3693343195197,4.405869379456811],[101.3693343195197,4.40561572862453]]],[[[101.37088894469137,4.406401853068875],[101.37088894469137,4.40561572862453],[101.36985252791027,4.40561572862453],[101.36985252791027,4.406189504412195],[101.37088894469137,4.406401853068875]]],[[[101.35534269297457,4.407414516040792],[101.35544448448353,4.406794915594421],[101.35534269297457,4.406794915594421],[101.35534269297457,4.407414516040792]]],[[[101.354824484584,4.407974104384781],[101.3553153352734,4.407581041252357],[101.354824484584,4.407581041252357],[101.354824484584,4.407974104384781]]],[[[101.35516085109107,4.408367167719535],[101.354824484584,4.407974104384781],[101.35430627619344,4.407974104384781],[101.35430627619344,4.408760231256638],[101.354824484584,4.408760231256638],[101.354824484584,4.409153294996106],[101.35378806780287,4.409153294996106],[101.35378806780287,4.409546358937958],[101.35430627619344,4.409668733852009],[101.354874,4.409207995176421],[101.35516085109107,4.408367167719535]]],[[[101.35275165102176,4.409939423082214],[101.35275165102176,4.410725551978005],[101.35119702585007,4.410725551978005],[101.35119702585007,4.411118616729579],[101.35067881745952,4.411118616729579],[101.35067881745952,4.411966641005826],[101.352493,4.411235995174278],[101.35398891593647,4.409939423082214],[101.35275165102176,4.409939423082214]]],[[[101.37658923698754,4.170600145193573],[101.37658923698754,4.1702072009226105],[101.37607102859698,4.1702072009226105],[101.37607102859698,4.170600145193573],[101.37658923698754,4.170600145193573]]],[[[101.37814386215922,4.170993089655812],[101.37814386215922,4.170600145193573],[101.37762565376867,4.170600145193573],[101.37762565376867,4.170993089655812],[101.37814386215922,4.170993089655812]]],[[[101.37710744537812,4.176101385079257],[101.37710744537812,4.175708438128781],[101.37658923698754,4.175708438128781],[101.37658923698754,4.176101385079257],[101.37710744537812,4.176101385079257]]],[[[101.3719253614725,4.177280227079948],[101.37244356986307,4.177280227079948],[101.37244356986307,4.176101385079257],[101.3719253614725,4.176101385079257],[101.3719253614725,4.1764943322212655],[101.37088894469137,4.1764943322212655],[101.37088894469137,4.1768872795548235],[101.3719253614725,4.1768872795548235],[101.3719253614725,4.177280227079948]]],[[[101.38073490411202,4.179244967579726],[101.38073490411202,4.17885201909649],[101.38021669572147,4.17885201909649],[101.38021669572147,4.179244967579726],[101.38073490411202,4.179244967579726]]],[[[101.38125311250259,4.180423814179573],[101.38125311250259,4.17963791625464],[101.38073490411202,4.17963791625464],[101.38073490411202,4.180423814179573],[101.38125311250259,4.180423814179573]]],[[[101.38073490411202,4.181602662505006],[101.38073490411202,4.180816763429627],[101.38021669572147,4.180816763429627],[101.38021669572147,4.181602662505006],[101.38073490411202,4.181602662505006]]],[[[101.37503461181588,4.1890687420032435],[101.37503461181588,4.188675788722594],[101.3745164034253,4.188675788722594],[101.3745164034253,4.1890687420032435],[101.37503461181588,4.1890687420032435]]],[[[101.37762565376867,4.189461695476026],[101.37762565376867,4.1890687420032435],[101.37710744537812,4.1890687420032435],[101.37710744537812,4.189461695476026],[101.37762565376867,4.189461695476026]]],[[[101.37658923698754,4.189854649140963],[101.37658923698754,4.189461695476026],[101.37607102859698,4.189461695476026],[101.37607102859698,4.189854649140963],[101.37658923698754,4.189854649140963]]],[[[101.3719253614725,4.196927847988716],[101.37244356986307,4.196927847988716],[101.37244356986307,4.196141933927585],[101.3719253614725,4.196141933927585],[101.3719253614725,4.196927847988716]]],[[[101.39472653065717,4.2036081486117975],[101.39472653065717,4.203215188210009],[101.3942083222666,4.203215188210009],[101.3942083222666,4.2036081486117975],[101.39472653065717,4.2036081486117975]]],[[[101.38384415445539,4.204001109206395],[101.38384415445539,4.2036081486117975],[101.38332594606483,4.2036081486117975],[101.38332594606483,4.204001109206395],[101.38384415445539,4.204001109206395]]],[[[101.38384415445539,4.205572953513264],[101.38384415445539,4.205179992147238],[101.38332594606483,4.205179992147238],[101.38332594606483,4.205572953513264],[101.38384415445539,4.205572953513264]]],[[[101.38021669572147,4.215004084210497],[101.38021669572147,4.2146111182097785],[101.37969848733091,4.2146111182097785],[101.37969848733091,4.215004084210497],[101.38021669572147,4.215004084210497]]],[[[101.37918027894035,4.229936935670497],[101.37918027894035,4.229543962309971],[101.37866207054978,4.229543962309971],[101.37866207054978,4.229936935670497],[101.37918027894035,4.229936935670497]]],[[[101.38850802997044,4.236224535840225],[101.38850802997044,4.23583155937293],[101.38798982157986,4.23583155937293],[101.38798982157986,4.236224535840225],[101.38850802997044,4.236224535840225]]],[[[101.38798982157986,4.244084106019389],[101.38850802997044,4.244084106019389],[101.38850802997044,4.243691125662052],[101.38798982157986,4.243691125662052],[101.38798982157986,4.244084106019389]]],[[[101.39058086353268,4.246441992252631],[101.39058086353268,4.245656029395862],[101.39006265514212,4.245656029395862],[101.39006265514212,4.246441992252631],[101.39058086353268,4.246441992252631]]],[[[101.39887219778166,4.260589457062192],[101.39887219778166,4.260196468511946],[101.3983539893911,4.260196468511946],[101.3983539893911,4.260589457062192],[101.39887219778166,4.260589457062192]]],[[[101.39939040617222,4.261375434749088],[101.39939040617222,4.2609824458079],[101.39887219778166,4.2609824458079],[101.39887219778166,4.261375434749088],[101.39939040617222,4.261375434749088]]],[[[101.4009450313439,4.263340382387886],[101.4009450313439,4.2629473924690195],[101.40042682295334,4.2629473924690195],[101.40042682295334,4.263340382387886],[101.4009450313439,4.263340382387886]]],[[[101.40301786490613,4.264912344019445],[101.40301786490613,4.264126362812412],[101.40249965651557,4.264126362812412],[101.40249965651557,4.264912344019445],[101.40301786490613,4.264912344019445]]],[[[101.37762565376867,4.314430743995063],[101.37762565376867,4.3140377284959674],[101.37710744537812,4.3140377284959674],[101.37710744537812,4.314430743995063],[101.37762565376867,4.314430743995063]]],[[[101.37607102859698,4.316002807971325],[101.37607102859698,4.315609791680239],[101.37555282020641,4.315609791680239],[101.37555282020641,4.316002807971325],[101.37607102859698,4.316002807971325]]],[[[101.37347998664417,4.3887142484760755],[101.37347998664417,4.388321195235339],[101.37296177825363,4.388321195235339],[101.37296177825363,4.3887142484760755],[101.37347998664417,4.3887142484760755]]],[[[101.389026238361,4.395789241271854],[101.389026238361,4.395396184402548],[101.38850802997044,4.395396184402548],[101.38850802997044,4.395789241271854],[101.389026238361,4.395789241271854]]],[[[101.38954444675157,4.403257360144177],[101.38954444675157,4.402864299438275],[101.389026238361,4.402864299438275],[101.389026238361,4.403257360144177],[101.38954444675157,4.403257360144177]]],[[[101.389026238361,4.404436543474613],[101.389026238361,4.404043482162329],[101.38850802997044,4.404043482162329],[101.38850802997044,4.404436543474613],[101.389026238361,4.404436543474613]]],[[[101.389026238361,4.40561572862453],[101.389026238361,4.405222666705698],[101.38850802997044,4.405222666705698],[101.38850802997044,4.40561572862453],[101.389026238361,4.40561572862453]]],[[[101.38488057123652,4.406008790745584],[101.38488057123652,4.40561572862453],[101.38436236284596,4.40561572862453],[101.38436236284596,4.406008790745584],[101.38488057123652,4.406008790745584]]],[[[101.37607102859698,4.406794915594421],[101.37607102859698,4.406401853068875],[101.37347998664417,4.406008790745584],[101.37399819503474,4.406794915594421],[101.37607102859698,4.406794915594421]]],[[[101.37658923698754,4.406794915594421],[101.37710744537812,4.406794915594421],[101.37710744537812,4.406401853068875],[101.37658923698754,4.406401853068875],[101.37658923698754,4.406794915594421]]],[[[101.37347998664417,4.406953591292314],[101.37296177825363,4.406794915594421],[101.37296177825363,4.406802839749977],[101.37347998664417,4.406953591292314]]],[[[101.38021669572147,4.407187978322242],[101.38021669572147,4.406794915594421],[101.37969848733091,4.406794915594421],[101.37969848733091,4.407187978322242],[101.38021669572147,4.407187978322242]]],[[[101.37866207054978,4.407187978322242],[101.37866207054978,4.406794915594421],[101.37814386215922,4.406794915594421],[101.37814386215922,4.407187978322242],[101.37866207054978,4.407187978322242]]],[[[101.37762565376867,4.407187978322242],[101.37762565376867,4.406794915594421],[101.37710744537812,4.406794915594421],[101.37710744537812,4.407187978322242],[101.37762565376867,4.407187978322242]]],[[[101.38488057123652,4.407581041252357],[101.38488057123652,4.407974104384781],[101.38591698801763,4.407974104384781],[101.38591698801763,4.407581041252357],[101.38488057123652,4.407187978322242],[101.38488057123652,4.406401853068875],[101.38436236284596,4.406401853068875],[101.38436236284596,4.407581041252357],[101.38488057123652,4.407581041252357]]],[[[101.38332594606483,4.407581041252357],[101.38332594606483,4.407187978322242],[101.38280773767427,4.407187978322242],[101.38280773767427,4.407581041252357],[101.38332594606483,4.407581041252357]]],[[[101.38125311250259,4.407581041252357],[101.38177132089315,4.407581041252357],[101.38177132089315,4.407187978322242],[101.38125311250259,4.407187978322242],[101.38125311250259,4.407581041252357]]],[[[101.39058086353268,4.406008790745584],[101.39058086353268,4.40561572862453],[101.38954444675157,4.405222666705698],[101.38954444675157,4.407581041252357],[101.38850802997044,4.407581041252357],[101.38850802997044,4.407187978322242],[101.38798982157986,4.407187978322242],[101.38850802997044,4.408760231256638],[101.38954444675157,4.408367167719535],[101.38954444675157,4.409153294996106],[101.39006265514212,4.409153294996106],[101.39006265514212,4.409546358937958],[101.39058086353268,4.409546358937958],[101.39058086353268,4.408760231256638],[101.39213548870437,4.408760231256638],[101.39213548870437,4.408367167719535],[101.39161728031381,4.408367167719535],[101.39161728031381,4.407581041252357],[101.39058086353268,4.407581041252357],[101.39058086353268,4.406794915594421],[101.39006265514212,4.406794915594421],[101.39006265514212,4.406008790745584],[101.39058086353268,4.406008790745584]],[[101.39006265514212,4.408760231256638],[101.39006265514212,4.408367167719535],[101.39058086353268,4.408367167719535],[101.39058086353268,4.408760231256638],[101.39006265514212,4.408760231256638]]],[[[101.3745164034253,4.407187978322242],[101.37389774353048,4.407187978322242],[101.3745164034253,4.407380582669636],[101.3745164034253,4.407187978322242]]],[[[101.38747161318932,4.407974104384781],[101.38747161318932,4.407581041252357],[101.3864351964082,4.407581041252357],[101.3864351964082,4.407974104384781],[101.38747161318932,4.407974104384781]]],[[[101.38798982157986,4.409153294996106],[101.38775386842761,4.409153294996106],[101.38798982157986,4.4093416000473535],[101.38798982157986,4.409153294996106]]],[[[101.38850802997044,4.409546358937958],[101.38826721261347,4.409546358937958],[101.38850802997044,4.409629785561392],[101.38850802997044,4.409546358937958]]],[[[101.38954444675157,4.409546358937958],[101.389026238361,4.409546358937958],[101.389026238361,4.409711158905317],[101.38954444675157,4.409895724627556],[101.38954444675157,4.409546358937958]]],[[[101.41752769984184,4.084942786802105],[101.4180459082324,4.084942786802105],[101.4180459082324,4.0841569809710885],[101.41752769984184,4.0841569809710885],[101.41752769984184,4.084942786802105]]],[[[101.43255574316811,4.086907304657585],[101.43255574316811,4.086514400711794],[101.43203753477754,4.086514400711794],[101.43203753477754,4.086907304657585],[101.43255574316811,4.086907304657585]]],[[[101.44862020327547,4.103802351833648],[101.44862020327547,4.103409439813858],[101.44810199488491,4.103409439813858],[101.44810199488491,4.103802351833648],[101.44862020327547,4.103802351833648]]],[[[101.44926448736008,4.104195264041607],[101.44940929999999,4.103933295497253],[101.44950820891626,4.103802351833648],[101.44913841166604,4.103802351833648],[101.44926448736008,4.104195264041607]]],[[[101.44913841166604,4.105374001794684],[101.44913841166604,4.104588176437753],[101.44862020327547,4.104588176437753],[101.44862020327547,4.105374001794684],[101.44913841166604,4.105374001794684]]],[[[101.4496566200566,4.110481884974864],[101.4496566200566,4.109696054721026],[101.44913841166604,4.109696054721026],[101.44913841166604,4.110481884974864],[101.4496566200566,4.110481884974864]]],[[[101.45017482844715,4.111267715982623],[101.45017482844715,4.110874800384494],[101.4496566200566,4.110874800384494],[101.4496566200566,4.111267715982623],[101.45017482844715,4.111267715982623]]],[[[101.45017482844715,4.111660631769264],[101.4506930368377,4.111660631769264],[101.4506930368377,4.111267715982623],[101.45017482844715,4.111267715982623],[101.45017482844715,4.111660631769264]]],[[[101.42685545087193,4.1301278867243],[101.42685545087193,4.129734962056791],[101.42633724248137,4.129734962056791],[101.42633724248137,4.1301278867243],[101.42685545087193,4.1301278867243]]],[[[101.40975457398343,4.1320925129031005],[101.40975457398343,4.131699587288445],[101.40923636559286,4.131699587288445],[101.40923636559286,4.1320925129031005],[101.40975457398343,4.1320925129031005]]],[[[101.40768174042118,4.132485438707241],[101.40768174042118,4.1320925129031005],[101.40716353203062,4.1320925129031005],[101.40716353203062,4.132485438707241],[101.40768174042118,4.132485438707241]]],[[[101.4299647012153,4.1328783647008835],[101.4299647012153,4.1320925129031005],[101.42944649282474,4.1320925129031005],[101.42944649282474,4.1328783647008835],[101.4299647012153,4.1328783647008835]]],[[[101.42633724248137,4.1340571438190095],[101.42633724248137,4.13366421725675],[101.42581903409081,4.13366421725675],[101.42581903409081,4.1340571438190095],[101.42633724248137,4.1340571438190095]]],[[[101.43255574316811,4.134450070570846],[101.43255574316811,4.133271290884046],[101.43203753477754,4.133271290884046],[101.43151932638698,4.1340571438190095],[101.43255574316811,4.134450070570846]]],[[[101.43203753477754,4.135235924643317],[101.43255574316811,4.135235924643317],[101.43255574316811,4.134842997512276],[101.43203753477754,4.134842997512276],[101.43203753477754,4.135235924643317]]],[[[101.42892828443416,4.135235924643317],[101.42892828443416,4.134842997512276],[101.4284100760436,4.134842997512276],[101.4284100760436,4.135235924643317],[101.42892828443416,4.135235924643317]]],[[[101.47193958085072,4.136414707174299],[101.47193958085072,4.136021779474311],[101.47142137246014,4.136021779474311],[101.47142137246014,4.136414707174299],[101.47193958085072,4.136414707174299]]],[[[101.4693485388979,4.136807635063972],[101.4693485388979,4.136414707174299],[101.46883033050734,4.136414707174299],[101.46883033050734,4.136807635063972],[101.4693485388979,4.136807635063972]]],[[[101.42892828443416,4.138772277358259],[101.42892828443416,4.138379348519885],[101.4284100760436,4.138379348519885],[101.4284100760436,4.138772277358259],[101.42892828443416,4.138772277358259]]],[[[101.41856411662296,4.140343994609887],[101.41856411662296,4.139951065012223],[101.4180459082324,4.139951065012223],[101.4180459082324,4.140343994609887],[101.41856411662296,4.140343994609887]]],[[[101.42374620052856,4.140343994609887],[101.42374620052856,4.1407369243974195],[101.42322799213801,4.1407369243974195],[101.42322799213801,4.141129854374836],[101.42426440891913,4.141129854374836],[101.42426440891913,4.140343994609887],[101.42374620052856,4.140343994609887]]],[[[101.4180459082324,4.141915714899401],[101.41856411662296,4.141915714899401],[101.41856411662296,4.141129854374836],[101.4180459082324,4.141129854374836],[101.4180459082324,4.141915714899401]]],[[[101.46986674728846,4.155275460180245],[101.46986674728846,4.154882523354754],[101.4693485388979,4.154882523354754],[101.4693485388979,4.155275460180245],[101.46986674728846,4.155275460180245]]],[[[101.41960053340408,4.162741296092256],[101.41960053340408,4.162348355642957],[101.41908232501352,4.162348355642957],[101.41908232501352,4.162741296092256],[101.41960053340408,4.162741296092256]]],[[[101.42530082570025,4.183174462957352],[101.42530082570025,4.182781512556521],[101.42478261730969,4.182781512556521],[101.42478261730969,4.183174462957352],[101.42530082570025,4.183174462957352]]],[[[101.46831212211677,4.189854649140963],[101.46831212211677,4.189461695476026],[101.46779391372621,4.189461695476026],[101.46779391372621,4.189854649140963],[101.46831212211677,4.189854649140963]]],[[[101.47038495567901,4.1902476029980695],[101.47038495567901,4.189854649140963],[101.46986674728846,4.189854649140963],[101.46986674728846,4.1902476029980695],[101.47038495567901,4.1902476029980695]]],[[[101.46986674728846,4.19103351128887],[101.46986674728846,4.190640557047365],[101.4693485388979,4.190640557047365],[101.4693485388979,4.19103351128887],[101.46986674728846,4.19103351128887]]],[[[101.44602916132267,4.198499678421119],[101.44654736971323,4.198499678421119],[101.44654736971323,4.198106720524205],[101.44602916132267,4.198106720524205],[101.44602916132267,4.198499678421119]]],[[[101.47245778924126,4.202036308161323],[101.47245778924126,4.201643348530596],[101.47193958085072,4.201643348530596],[101.47193958085072,4.202036308161323],[101.47245778924126,4.202036308161323]]],[[[101.50925058497107,4.206358876824034],[101.50925058497107,4.20596591507219],[101.50873237658051,4.20596591507219],[101.50873237658051,4.206358876824034],[101.50925058497107,4.206358876824034]]],[[[101.4496566200566,4.208323688477712],[101.4496566200566,4.207930725760988],[101.44913841166604,4.207930725760988],[101.44913841166604,4.208323688477712],[101.4496566200566,4.208323688477712]]],[[[101.46105720464892,4.209109614490264],[101.46105720464892,4.208716651387464],[101.46053899625836,4.208716651387464],[101.46053899625836,4.209109614490264],[101.46105720464892,4.209109614490264]]],[[[101.46105720464892,4.2106814688323135],[101.46105720464892,4.210288504957139],[101.46053899625836,4.210288504957139],[101.46053899625836,4.2106814688323135],[101.46105720464892,4.2106814688323135]]],[[[101.42789186765305,4.24447708657142],[101.42789186765305,4.244084106019389],[101.4273736592625,4.244084106019389],[101.4273736592625,4.24447708657142],[101.42789186765305,4.24447708657142]]],[[[101.41338203271735,4.254694649321837],[101.41338203271735,4.254301663701336],[101.41286382432679,4.254301663701336],[101.41286382432679,4.254694649321837],[101.41338203271735,4.254694649321837]]],[[[101.4035360732967,4.26530533491645],[101.4035360732967,4.264912344019445],[101.40301786490613,4.264912344019445],[101.40301786490613,4.26530533491645],[101.4035360732967,4.26530533491645]]],[[[101.40923636559286,4.267663284408437],[101.40923636559286,4.2672702923370665],[101.40871815720232,4.2672702923370665],[101.40871815720232,4.267663284408437],[101.40923636559286,4.267663284408437]]],[[[101.40768174042118,4.2735581889842775],[101.40768174042118,4.272772199159983],[101.40716353203062,4.272772199159983],[101.40716353203062,4.2735581889842775],[101.40768174042118,4.2735581889842775]]],[[[101.40975457398343,4.2747371751912615],[101.40975457398343,4.274344179592836],[101.40923636559286,4.274344179592836],[101.40923636559286,4.2747371751912615],[101.40975457398343,4.2747371751912615]]],[[[101.40923636559286,4.2767021561255705],[101.40923636559286,4.276309159546357],[101.40871815720232,4.276309159546357],[101.40871815720232,4.2767021561255705],[101.40923636559286,4.2767021561255705]]],[[[101.410272782374,4.281811129517377],[101.410272782374,4.281418130385969],[101.40975457398343,4.281418130385969],[101.40975457398343,4.281811129517377],[101.410272782374,4.281811129517377]]],[[[101.40768174042118,4.387535089358088],[101.40768174042118,4.387142036721536],[101.40716353203062,4.387142036721536],[101.40716353203062,4.387535089358088],[101.40768174042118,4.387535089358088]]]]},"properties":{"place_id":"276771a7-e1bd-591d-948d-2265e5894dc9","habitat":"open_grassland","habitat_label":"Open grassland or shrubland","resolution_m":50}},{"type":"Feature","geometry":{"type":"MultiPolygon","coordinates":[[[[101.3138860217297,4.1878898827376245],[101.3138860217297,4.187496930033269],[101.31326559999998,4.187486295409148],[101.31322299999998,4.187854695408788],[101.3138860217297,4.1878898827376245]]],[[[101.32217735597868,4.2476209379988585],[101.32217735597868,4.247227955888615],[101.32165914758812,4.247227955888615],[101.32114093919756,4.248013920303961],[101.32165914758812,4.248013920303961],[101.32165914758812,4.248799885498815],[101.32269556436924,4.249192868388604],[101.32269556436924,4.248799885498815],[101.3232137727598,4.248799885498815],[101.3232137727598,4.248013920303961],[101.32217735597868,4.2476209379988585]]],[[[101.32010452241644,4.249192868388604],[101.31762469999997,4.249827195343552],[101.31854989724475,4.2507648018972635],[101.31958631402587,4.250371818227638],[101.31958631402587,4.249585851473326],[101.32010452241644,4.249585851473326],[101.32010452241644,4.249192868388604]]],[[[101.26621084979811,4.252729723170843],[101.26621084979811,4.252368753098237],[101.26569264140758,4.252458981424365],[101.26546637482043,4.253122708010775],[101.26621084979811,4.2539086782760025],[101.26672905818869,4.2539086782760025],[101.26724726657925,4.253122708010775],[101.26621084979811,4.252729723170843]]],[[[101.32114093919756,4.2609824458079],[101.32114093919756,4.260589457062192],[101.32165914758812,4.260446773281308],[101.320622730807,4.2606687395081115],[101.320622730807,4.2609824458079],[101.32114093919756,4.2609824458079]]],[[[101.32425018954092,4.2629473924690195],[101.32425018954092,4.263340382387886],[101.3232137727598,4.263733372502345],[101.3232137727598,4.264519353318105],[101.32373198115036,4.264519353318105],[101.32373198115036,4.26530533491645],[101.32476839793148,4.265698326009136],[101.32476839793148,4.26530533491645],[101.32528660632205,4.26530533491645],[101.32528660632205,4.263340382387886],[101.32425018954092,4.2629473924690195]]],[[[101.31803168885419,4.2672702923370665],[101.31751348046363,4.268056276675601],[101.31854989724475,4.268449269138572],[101.31906810563531,4.267663284408437],[101.31803168885419,4.2672702923370665]]],[[[101.31751348046363,4.272772199159983],[101.31751348046363,4.27237920454189],[101.31647706368251,4.271986210119809],[101.31647706368251,4.27237920454189],[101.31595885529195,4.27237920454189],[101.31595885529195,4.272772199159983],[101.31647706368251,4.272772199159983],[101.31595885529195,4.2735581889842775],[101.31699527207307,4.273951184190514],[101.31699527207307,4.2735581889842775],[101.31751348046363,4.2735581889842775],[101.31699527207307,4.272772199159983],[101.31751348046363,4.272772199159983]]],[[[101.31906810563531,4.276309159546357],[101.31854989724475,4.277095152900997],[101.31958631402587,4.277488149872655],[101.32010452241644,4.2767021561255705],[101.31906810563531,4.276309159546357]]],[[[101.31595885529195,4.2767021561255705],[101.3154406469014,4.277488149872655],[101.31647706368251,4.277881147040563],[101.31699527207307,4.277095152900997],[101.31595885529195,4.2767021561255705]]],[[[101.31791652646052,4.282597128369561],[101.31803168885419,4.2810251314509955],[101.31751348046363,4.2810251314509955],[101.31751348046363,4.281418130385969],[101.31647706368251,4.281811129517377],[101.31647706368251,4.282597128369561],[101.31699527207307,4.282597128369561],[101.31699527207307,4.282990128090376],[101.31791652646052,4.282597128369561]]],[[[101.25895593233027,4.2987102782525985],[101.25843772393974,4.299496294034952],[101.25947414072084,4.299889302222033],[101.2599923491114,4.299103286045147],[101.25895593233027,4.2987102782525985]]],[[[101.3309868986182,4.312858683186317],[101.3309868986182,4.313251698091613],[101.33046869022766,4.313251698091613],[101.33046869022766,4.3140377284959674],[101.33150510700877,4.314430743995063],[101.33150510700877,4.3140377284959674],[101.33202331539933,4.3140377284959674],[101.33202331539933,4.313251698091613],[101.3309868986182,4.312858683186317]]],[[[101.2458158911344,4.316395824460451],[101.24600072256627,4.316002807971325],[101.24651893095682,4.316002807971325],[101.24651893095682,4.314430743995063],[101.24626236943911,4.314430743995063],[101.2458158911344,4.316395824460451]]],[[[101.26413801623588,4.316395824460451],[101.26413801623588,4.316002807971325],[101.26361980784534,4.316002807971325],[101.26310159945477,4.31678884114764],[101.26361980784534,4.31678884114764],[101.26361980784534,4.317574875116275],[101.26465622462645,4.317967892397758],[101.26517443301701,4.317181858032909],[101.26465622462645,4.317181858032909],[101.26465622462645,4.316395824460451],[101.26413801623588,4.316395824460451]]],[[[101.24528011716872,4.318753927555146],[101.2454825141757,4.318360909877376],[101.24600072256627,4.318360909877376],[101.24600072256627,4.31678884114764],[101.24572659547344,4.31678884114764],[101.24528011716872,4.318753927555146]]],[[[101.24483363886401,4.320719018916933],[101.24496430578515,4.320326000248124],[101.2454825141757,4.320326000248124],[101.2454825141757,4.319146945431088],[101.24519082150779,4.319146945431088],[101.24483363886401,4.320719018916933]]],[[[101.24474434320305,4.321112037784006],[101.24447645622023,4.322291095574984],[101.24496430578515,4.322291095574984],[101.24474434320305,4.321112037784006]]],[[[101.32632302310317,4.321898076113013],[101.32580481471261,4.32268411523529],[101.32632302310317,4.32268411523529],[101.32684123149372,4.323470155150985],[101.32787764827485,4.323470155150985],[101.32787764827485,4.323077135093952],[101.32839585666541,4.323077135093952],[101.32839585666541,4.322291095574984],[101.32787764827485,4.322291095574984],[101.32787764827485,4.321898076113013],[101.32632302310317,4.321898076113013]]],[[[101.24444609739457,4.323470155150985],[101.24444609739457,4.32242471475903],[101.24395229999999,4.323459495266227],[101.24444609739457,4.323470155150985]]],[[[101.24289147222291,4.327007344594077],[101.24289147222291,4.325828279660039],[101.24340968061347,4.32553717573212],[101.24259979999998,4.325263695264348],[101.24238843135926,4.327007344594077],[101.24289147222291,4.327007344594077]]],[[[101.24237326383233,4.327793388876186],[101.24237326383233,4.327057849168374],[101.24217343492074,4.327793388876186],[101.24237326383233,4.327793388876186]]],[[[101.2403004302701,4.33486782317936],[101.2403004302701,4.334474797361554],[101.23978222187954,4.334474797361554],[101.23978222187954,4.333688746322637],[101.23893714920548,4.333295721101489],[101.2377093883173,4.335653875411752],[101.23874580509842,4.3360469018263785],[101.23874580509842,4.335653875411752],[101.2403004302701,4.33486782317936]]],[[[101.33357794057102,4.226400182408851],[101.33461435735214,4.226400182408851],[101.33461435735214,4.226053173053545],[101.33357794057102,4.226060639745765],[101.33357794057102,4.226400182408851]]],[[[101.34135106642941,4.237796443652866],[101.34135106642941,4.237403466408148],[101.34042348697113,4.237010489357816],[101.3403884,4.237213195356807],[101.34135106642941,4.237796443652866]]],[[[101.33150510700877,4.261375434749088],[101.3309868986182,4.262161413217984],[101.33202331539933,4.262554402745723],[101.33253160664384,4.261768423885776],[101.33150510700877,4.261375434749088]]],[[[101.3351325657427,4.262161413217984],[101.33490260000002,4.26199949533076],[101.33437930229884,4.262161413217984],[101.3351325657427,4.262161413217984]]],[[[101.33150510700877,4.315609791680239],[101.3309868986182,4.316395824460451],[101.33202331539933,4.31678884114764],[101.3325415237899,4.316002807971325],[101.33150510700877,4.315609791680239]]],[[[101.33150510700877,4.318360909877376],[101.33150510700877,4.317967892397758],[101.33046869022766,4.318360909877376],[101.33046869022766,4.31953996350522],[101.33202331539933,4.320326000248124],[101.33202331539933,4.3199329817775585],[101.3325415237899,4.3199329817775585],[101.3325415237899,4.319146945431088],[101.33202331539933,4.319146945431088],[101.33202331539933,4.318360909877376],[101.33150510700877,4.318360909877376]]],[[[101.33409614896156,4.334081771742654],[101.33409614896156,4.334474797361554],[101.33357794057102,4.334474797361554],[101.33357794057102,4.335260849196085],[101.33461435735214,4.335653875411752],[101.33461435735214,4.335260849196085],[101.3351325657427,4.335260849196085],[101.3351325657427,4.334474797361554],[101.33409614896156,4.334081771742654]]],[[[101.33409614896156,4.340370205523762],[101.33357794057102,4.3411562633300695],[101.33409614896156,4.3411562633300695],[101.33409614896156,4.341549292532038],[101.3351325657427,4.341549292532038],[101.33565077413327,4.340763234327318],[101.3351325657427,4.340763234327318],[101.3351325657427,4.340370205523762],[101.33409614896156,4.340370205523762]]],[[[101.34273714300498,4.347051722287416],[101.34186927481998,4.346658690294516],[101.34083285803887,4.347837786871704],[101.34234009999999,4.347369495241187],[101.34273714300498,4.347051722287416]]],[[[101.3403146496483,4.3490168852446285],[101.33979644125775,4.3490168852446285],[101.33979644125775,4.34940991843474],[101.34055206926665,4.349802951824453],[101.34083285803887,4.348623852254096],[101.3403146496483,4.348623852254096],[101.3403146496483,4.3490168852446285]]],[[[101.33979644125775,4.353733296703577],[101.33979644125775,4.353340261316863],[101.33876002447661,4.353733296703577],[101.33876002447661,4.354519368076428],[101.33927823286717,4.354519368076428],[101.33927823286717,4.354912404062602],[101.3403146496483,4.354519368076428],[101.3403146496483,4.353733296703577],[101.33979644125775,4.353733296703577]]],[[[101.33772360769551,4.354912404062602],[101.33772360769551,4.355305440248629],[101.33824181608607,4.355305440248629],[101.33876002447661,4.354519368076428],[101.33772360769551,4.354126332290093],[101.33772360769551,4.354519368076428],[101.33720539930493,4.354519368076428],[101.33720539930493,4.354912404062602],[101.33772360769551,4.354912404062602]]],[[[101.33876002447661,4.355305440248629],[101.33824181608607,4.356091513220328],[101.33933257005526,4.356484550006034],[101.34015074852462,4.355698476634533],[101.33979644125775,4.355305440248629],[101.33876002447661,4.355305440248629]]],[[[101.33979644125775,4.356484550006034],[101.33979644125775,4.35623351713192],[101.33952960872439,4.356484550006034],[101.33979644125775,4.356484550006034]]],[[[101.3403146496483,4.356091513220328],[101.3403146496483,4.355924362457114],[101.34021470932298,4.356091513220328],[101.3403146496483,4.356091513220328]]],[[[101.33979644125775,4.3600218900764025],[101.33927823286717,4.360807967848159],[101.3403146496483,4.361201007034224],[101.34083285803887,4.360414928862223],[101.33979644125775,4.3600218900764025]]],[[[101.33616898252382,4.364738368717717],[101.33565077413327,4.365524451294808],[101.33668719091438,4.365917492883871],[101.33720539930493,4.3651314099060965],[101.33616898252382,4.364738368717717]]],[[[101.33305973218046,4.365917492883871],[101.3325415237899,4.36670357666312],[101.33357794057102,4.367096618853345],[101.33409614896156,4.366310534673303],[101.33305973218046,4.365917492883871]]],[[[101.33357794057102,4.367489661243992],[101.33357794057102,4.367882703835082],[101.33305973218046,4.367882703835082],[101.33305973218046,4.368668789618661],[101.33400113834757,4.3690618328111865],[101.33483990101941,4.367882703835082],[101.33461435735214,4.367489661243992],[101.33357794057102,4.367489661243992]]],[[[101.33616898252382,4.37024096359193],[101.33566308315497,4.370634007586627],[101.33616898252382,4.370634007586627],[101.33616898252382,4.37024096359193]]],[[[101.33565077413327,4.371027051781913],[101.33565077413327,4.370686573590864],[101.33557660817414,4.371027051781913],[101.33565077413327,4.371027051781913]]],[[[101.33357794057102,4.372599230569309],[101.33357794057102,4.372627151374792],[101.33359368598421,4.372599230569309],[101.33357794057102,4.372599230569309]]],[[[101.33305973218046,4.372992275767811],[101.33305973218046,4.373420602629781],[101.33337085629567,4.372992275767811],[101.33305973218046,4.372992275767811]]],[[[101.3351325657427,4.374957504771177],[101.3351325657427,4.374861892068559],[101.3349100407084,4.374957504771177],[101.3351325657427,4.374957504771177]]],[[[101.33461435735214,4.3753505511741455],[101.33461435735214,4.3752970936673785],[101.33456781139272,4.3753505511741455],[101.33461435735214,4.3753505511741455]]],[[[101.37088894469137,4.086514400711794],[101.3719253614725,4.0853356899985425],[101.36985252791027,4.084549883792959],[101.36985252791027,4.084942786802105],[101.36881611112914,4.0853356899985425],[101.36881611112914,4.08572859338229],[101.3693343195197,4.08572859338229],[101.3693343195197,4.086514400711794],[101.36985252791027,4.086514400711794],[101.3693343195197,4.087300208790759],[101.37037073630083,4.087693113111338],[101.37037073630083,4.087300208790759],[101.37140715308193,4.086907304657585],[101.37140715308193,4.086514400711794],[101.37088894469137,4.086514400711794]]],[[[101.3667432775669,4.089657637525895],[101.36622506917632,4.088871827197665],[101.36570686078576,4.088871827197665],[101.36570686078576,4.089264732268033],[101.36467044400466,4.088871827197665],[101.36363402722353,4.090050542971268],[101.36415223561409,4.090050542971268],[101.36415223561409,4.090443448604172],[101.36518865239522,4.090443448604172],[101.36518865239522,4.090836354424623],[101.36622506917632,4.090836354424623],[101.36622506917632,4.090443448604172],[101.3667432775669,4.090443448604172],[101.36622506917632,4.089657637525895],[101.3667432775669,4.089657637525895]]],[[[101.37555282020641,4.16824248243628],[101.37658923698754,4.167849539312582],[101.37607102859698,4.1670636536386105],[101.37555282020641,4.1670636536386105],[101.37503461181588,4.167849539312582],[101.37399819503474,4.167849539312582],[101.37399819503474,4.16824248243628],[101.37347998664417,4.16824248243628],[101.37347998664417,4.169028369257187],[101.3745164034253,4.169421312954435],[101.37555282020641,4.16824248243628]]],[[[101.37347998664417,4.169814256842904],[101.37399819503474,4.169814256842904],[101.37399819503474,4.169421312954435],[101.37296177825363,4.169028369257187],[101.37244356986307,4.169814256842904],[101.37296177825363,4.169814256842904],[101.37296177825363,4.1702072009226105],[101.37347998664417,4.1702072009226105],[101.37347998664417,4.169814256842904]]],[[[101.37918027894035,4.1702072009226105],[101.37866207054978,4.169421312954435],[101.37762565376867,4.169421312954435],[101.37762565376867,4.169814256842904],[101.37658923698754,4.169814256842904],[101.37607102859698,4.170600145193573],[101.37658923698754,4.170600145193573],[101.37658923698754,4.170993089655812],[101.37762565376867,4.170600145193573],[101.37762565376867,4.170993089655812],[101.37866207054978,4.171386034309343],[101.37866207054978,4.170993089655812],[101.37918027894035,4.170993089655812],[101.37866207054978,4.1702072009226105],[101.37918027894035,4.1702072009226105]]],[[[101.3864351964082,4.241726226795139],[101.38591698801763,4.242512185758025],[101.38695340479876,4.242905165531388],[101.38747161318932,4.242119206179281],[101.3864351964082,4.241726226795139]]],[[[101.40457249007783,4.264519353318105],[101.40457249007783,4.264126362812412],[101.4035360732967,4.263733372502345],[101.40198144812501,4.26530533491645],[101.40301786490613,4.265698326009136],[101.40301786490613,4.26530533491645],[101.40457249007783,4.264519353318105]]],[[[101.34290569160112,4.275130170985808],[101.34238748321054,4.275916163163336],[101.34342389999166,4.276309159546357],[101.34394210838222,4.275523166976492],[101.34290569160112,4.275130170985808]]],[[[101.36518865239522,4.3399771769193825],[101.36467044400466,4.340763234327318],[101.36570686078576,4.3411562633300695],[101.36622506917632,4.340370205523762],[101.36518865239522,4.3399771769193825]]],[[[101.36259761044242,4.342728381333417],[101.36207940205185,4.343514441530744],[101.36311581883295,4.343907471928387],[101.36363402722353,4.343121411332428],[101.36259761044242,4.342728381333417]]],[[[101.34308624994569,4.347444754479807],[101.3432639,4.3482748952402135],[101.34394210838222,4.348230819463128],[101.34394210838222,4.347837786871704],[101.34308624994569,4.347444754479807]]],[[[101.34549673355392,4.348230819463128],[101.34446031677278,4.348791607758107],[101.34549673355392,4.348589724804935],[101.34549673355392,4.348230819463128]]],[[[101.345803649202,4.3490168852446285],[101.34601494194446,4.348623852254096],[101.34555343363749,4.348623852254096],[101.345803649202,4.3490168852446285]]],[[[101.36829790273856,4.3753505511741455],[101.36777969434803,4.3761366445825285],[101.36881611112914,4.37652969158798],[101.3693343195197,4.375743597777925],[101.36829790273856,4.3753505511741455]]],[[[101.38021669572147,4.3891073019182425],[101.38021669572147,4.389500355561859],[101.37969848733091,4.389500355561859],[101.37969848733091,4.390286463453517],[101.38073490411202,4.390679517701594],[101.38073490411202,4.390286463453517],[101.38125311250259,4.390286463453517],[101.38125311250259,4.389500355561859],[101.38021669572147,4.3891073019182425]]],[[[101.389026238361,4.40561572862453],[101.389026238361,4.406008790745584],[101.38798982157986,4.406401853068875],[101.38798982157986,4.407187978322242],[101.38954444675157,4.407974104384781],[101.38954444675157,4.407581041252357],[101.39006265514212,4.407581041252357],[101.39006265514212,4.406008790745584],[101.389026238361,4.40561572862453]]],[[[101.38539877962708,4.407974104384781],[101.38488057123652,4.408021930749849],[101.38539877962708,4.40807893439896],[101.38539877962708,4.407974104384781]]],[[[101.38591698801763,4.408367167719535],[101.3858767,4.408541195177123],[101.38591698801763,4.408541809740094],[101.38591698801763,4.408367167719535]]],[[[101.35430627619344,4.409546358937958],[101.35430627619344,4.409668733852009],[101.35445706695685,4.409546358937958],[101.35430627619344,4.409546358937958]]],[[[101.35378806780287,4.409939423082214],[101.35378806780287,4.410119109360404],[101.35398891593647,4.409939423082214],[101.35378806780287,4.409939423082214]]],[[[101.35326985941231,4.410582718230476],[101.35354956002033,4.410332487428889],[101.35326985941231,4.410332487428889],[101.35326985941231,4.410582718230476]]],[[[101.35275165102176,4.410725551978005],[101.35275165102176,4.411022859691923],[101.35311020410415,4.410725551978005],[101.35275165102176,4.410725551978005]]]]},"properties":{"place_id":"276771a7-e1bd-591d-948d-2265e5894dc9","habitat":"disturbed_built_edge","habitat_label":"Disturbed, bare or built edge","resolution_m":50}},{"type":"Feature","geometry":{"type":"MultiPolygon","coordinates":[[[[101.44936395157501,4.104981089022107],[101.44913841166604,4.105374001794684],[101.44944294152332,4.105374001794684],[101.44936395157501,4.104981089022107]]],[[[101.32114093919756,4.260589457062192],[101.32010452241644,4.260779722644895],[101.32010452241644,4.2609824458079],[101.32114093919756,4.2609824458079],[101.32114093919756,4.260589457062192]]]]},"properties":{"place_id":"276771a7-e1bd-591d-948d-2265e5894dc9","habitat":"cropland","habitat_label":"Cropland","resolution_m":50}},{"type":"Feature","geometry":{"type":"MultiPolygon","coordinates":[[[[101.34186927481998,4.347444754479807],[101.34186927481998,4.34756842936645],[101.34205660924161,4.347444754479807],[101.34186927481998,4.347444754479807]]],[[[101.34135106642941,4.347837786871704],[101.34135106642941,4.347910541524384],[101.34146127024428,4.347837786871704],[101.34135106642941,4.347837786871704]]],[[[101.3409478339966,4.348623852254096],[101.34083285803887,4.348541262959772],[101.34083285803887,4.348623852254096],[101.3409478339966,4.348623852254096]]],[[[101.34083285803887,4.348230819463128],[101.34083285803887,4.348252653833495],[101.34086593124694,4.348230819463128],[101.34083285803887,4.348230819463128]]],[[[101.34083285803887,4.3490168852446285],[101.34083285803887,4.349426389524239],[101.34102529544036,4.3490168852446285],[101.34083285803887,4.3490168852446285]]],[[[101.34083285803887,4.3517681217676465],[101.34093059999996,4.351554295236789],[101.34083285803887,4.351449944620282],[101.34083285803887,4.3517681217676465]]],[[[101.34238748321054,4.351312358809426],[101.34232429999999,4.351396395236942],[101.34238748321054,4.351816530274829],[101.34238748321054,4.351312358809426]]],[[[101.34083285803887,4.352554191142764],[101.34099800729919,4.352161156355341],[101.34083285803887,4.352161156355341],[101.34083285803887,4.352554191142764]]],[[[101.34238748321054,4.35293130202773],[101.34237897698698,4.352947226129929],[101.34238748321054,4.352947226129929],[101.34238748321054,4.35293130202773]]],[[[101.34083285803887,4.353340261316863],[101.34083285803887,4.3533868140654],[101.34089900126801,4.353340261316863],[101.34083285803887,4.353340261316863]]],[[[101.34135106642941,4.355305440248629],[101.34135106642941,4.355103949882694],[101.3412631,4.355175895232972],[101.34135106642941,4.355305440248629]]],[[[101.34308624994569,4.347444754479807],[101.34342389999166,4.347051722287416],[101.34318720020543,4.347051722287416],[101.34308624994569,4.347444754479807]]],[[[101.34342389999166,4.347837786871704],[101.34310053170573,4.347837786871704],[101.34342389999166,4.3484009455264845],[101.34342389999166,4.347837786871704]]],[[[101.34394210838222,4.348623852254096],[101.3437068431533,4.348623852254096],[101.34394210838222,4.3488091976635115],[101.34394210838222,4.348623852254096]]],[[[101.34446031677278,4.348623852254096],[101.34446031677278,4.348791607758107],[101.34521008316966,4.348623852254096],[101.34446031677278,4.348623852254096]]],[[[101.34601494194446,4.3490168852446285],[101.3458032,4.349580395238862],[101.34601494194446,4.349735021081128],[101.34601494194446,4.3490168852446285]]],[[[101.34268505734234,4.350195985413783],[101.34297359999998,4.349969895238442],[101.34272019999999,4.350038295238383],[101.34268505734234,4.350195985413783]]],[[[101.34542139048258,4.350195985413783],[101.34527,4.350133095238292],[101.34505273899529,4.350195985413783],[101.34542139048258,4.350195985413783]]],[[[101.3470513587256,4.350195985413783],[101.34693440974948,4.349802951824453],[101.34688393658958,4.350195985413783],[101.3470513587256,4.350195985413783]]],[[[101.34653315033502,4.349802951824453],[101.34653315033502,4.350050037949143],[101.34663132056248,4.349802951824453],[101.34653315033502,4.349802951824453]]],[[[101.34631238610393,4.350195985413783],[101.34633109999997,4.350243595238137],[101.34639357048967,4.350195985413783],[101.34631238610393,4.350195985413783]]]]},"properties":{"place_id":"276771a7-e1bd-591d-948d-2265e5894dc9","habitat":"permanent_water","habitat_label":"Permanent water","resolution_m":50}},{"type":"Feature","geometry":{"type":"MultiPolygon","coordinates":[[[[101.34083285803887,4.348230819463128],[101.34135106642941,4.347910541524384],[101.34135106642941,4.347837786871704],[101.34083285803887,4.347837786871704],[101.34083285803887,4.348230819463128]]],[[[101.34342389999166,4.348230819463128],[101.34324742677914,4.348230819463128],[101.34342389999166,4.3484009455264845],[101.34342389999166,4.348230819463128]]],[[[101.34083285803887,4.3490168852446285],[101.3408936,4.349396095239061],[101.34102529544036,4.3490168852446285],[101.34083285803887,4.3490168852446285]]],[[[101.34290569160112,4.34998822568173],[101.3430972532433,4.350195985413783],[101.34297359999998,4.349969895238442],[101.34290569160112,4.34998822568173]]],[[[101.34342389999166,4.350589019202749],[101.34353505524109,4.350589019202749],[101.34342389999166,4.350556635391151],[101.34342389999166,4.350589019202749]]],[[[101.34631238610393,4.350195985413783],[101.34633109999997,4.350243595238137],[101.34639357048967,4.350195985413783],[101.34631238610393,4.350195985413783]]],[[[101.3403146496483,4.350589019202749],[101.34046372844841,4.35098205319137],[101.34040838025855,4.350589019202749],[101.3403146496483,4.350589019202749]]],[[[101.34083285803887,4.3517681217676465],[101.34100712204956,4.3517681217676465],[101.34083285803887,4.351449944620282],[101.34083285803887,4.3517681217676465]]],[[[101.34238748321054,4.3517681217676465],[101.34238020316033,4.3517681217676465],[101.34238748321054,4.351816530274829],[101.34238748321054,4.3517681217676465]]],[[[101.34083285803887,4.352554191142764],[101.34099800729919,4.352161156355341],[101.34083285803887,4.352161156355341],[101.34083285803887,4.352554191142764]]]]},"properties":{"place_id":"276771a7-e1bd-591d-948d-2265e5894dc9","habitat":"seasonal_water_wetland","habitat_label":"Seasonal water or wetland","resolution_m":50}},{"type":"Feature","geometry":{"type":"MultiPolygon","coordinates":[[[[101.34044970801058,4.355698476634533],[101.34083285803887,4.356091513220328],[101.34117307129272,4.356091513220328],[101.3406772,4.355317995232835],[101.34044970801058,4.355698476634533]]],[[[101.3470513587256,4.3490168852446285],[101.34653315033502,4.3490168852446285],[101.34549673355392,4.347837786871704],[101.34394210838222,4.347837786871704],[101.34446031677278,4.347051722287416],[101.34394210838222,4.347051722287416],[101.34342389999166,4.346265658501088],[101.34290569160112,4.346265658501088],[101.34290569160112,4.346658690294516],[101.34186927481998,4.346658690294516],[101.34186927481998,4.347051722287416],[101.34083285803887,4.347051722287416],[101.34083285803887,4.347444754479807],[101.33979644125775,4.347837786871704],[101.33979644125775,4.348623852254096],[101.3403146496483,4.348623852254096],[101.3403146496483,4.3490168852446285],[101.33979644125775,4.3490168852446285],[101.33979644125775,4.350589019202749],[101.33927823286717,4.350589019202749],[101.33927823286717,4.35098205319137],[101.33979644125775,4.35098205319137],[101.33979644125775,4.3517681217676465],[101.3403146496483,4.3517681217676465],[101.3403146496483,4.352161156355341],[101.33979644125775,4.352161156355341],[101.33979644125775,4.352554191142764],[101.3403146496483,4.352554191142764],[101.3403146496483,4.353340261316863],[101.33979644125775,4.353340261316863],[101.33979644125775,4.355305440248629],[101.3403146496483,4.355351555294806],[101.34050819999999,4.3538809952343405],[101.3411628,4.353154595235102],[101.34100712204956,4.3517681217676465],[101.3403146496483,4.35098205319137],[101.3410956,4.348729995239753],[101.34083285803887,4.347837786871704],[101.34234009999999,4.347369495241187],[101.3430158,4.346653595241926],[101.34342389999166,4.3484009455264845],[101.34401889999998,4.34886969523962],[101.3457346,4.348732895239727],[101.34631238610393,4.350195985413783],[101.3470513587256,4.3490168852446285]]],[[[101.34135106642941,4.355698476634533],[101.34238748321054,4.355305440248629],[101.34238748321054,4.353733296703577],[101.34290569160112,4.353733296703577],[101.34290569160112,4.352947226129929],[101.34342389999166,4.352947226129929],[101.34342389999166,4.3513750873796635],[101.34394210838222,4.3513750873796635],[101.34394210838222,4.35098205319137],[101.34601494194446,4.35098205319137],[101.34601494194446,4.3513750873796635],[101.34653315033502,4.3513750873796635],[101.34653315033502,4.35098205319137],[101.34808777550673,4.350195985413783],[101.34756956711615,4.34940991843474],[101.3470808,4.349480295238954],[101.3470513587256,4.350195985413783],[101.34624669999997,4.350775295237601],[101.34542139048258,4.350195985413783],[101.34381299999998,4.350669995237727],[101.34268505734234,4.350195985413783],[101.342451,4.352812395235477],[101.3415957,4.3540651952341385],[101.34135106642941,4.355698476634533]]]]},"properties":{"place_id":"276771a7-e1bd-591d-948d-2265e5894dc9","habitat":"water_edge","habitat_label":"Water edge","resolution_m":50}}]}