{"type":"FeatureCollection","metadata":{"schema_version":1,"place_id":"32c0ca60-ea03-5bea-8495-ccaa4a2adf29","place_name":"Hutan Simpan Gunung Inas","place_type":"wood","osm_reference":"relation/7922290","protection_context":"no protected status confirmed from included OSM tags","resolution_m":50,"raster_coverage":1.0,"interpretation":"Suggested search habitats, not predicted plant locations or probabilities of presence."},"features":[{"type":"Feature","geometry":{"type":"MultiPolygon","coordinates":[[[[100.78268620582234,5.313772705529711],[100.78264649999998,5.313742794244037],[100.78261426682607,5.313772705529711],[100.78268620582234,5.313772705529711]]],[[[100.78686808852953,5.322702970047154],[100.7868764,5.322668194234974],[100.78686808852953,5.322635885434922],[100.78686808852953,5.322702970047154]]],[[[100.76976721164102,5.328728845894085],[100.7693911,5.3288506942287],[100.76976721164102,5.32910393558141],[100.76976721164102,5.328728845894085]]],[[[100.77339467037497,5.330696785467915],[100.77296909999998,5.330816294226706],[100.77339467037497,5.33148396301638],[100.77339467037497,5.330696785467915]]],[[[100.77281360192227,5.333451911186175],[100.7726204,5.334036994223452],[100.7728764619844,5.334036994223452],[100.77281360192227,5.333451911186175]]],[[[100.77494929554663,5.3338455015571915],[100.77494929554663,5.334239092173934],[100.77546750393721,5.334239092173934],[100.77546750393721,5.3338455015571915],[100.77494929554663,5.3338455015571915]]],[[[100.78168600462392,5.3547061433192775],[100.78168600462392,5.3550997469862045],[100.78220421301448,5.3550997469862045],[100.78220421301448,5.3547061433192775],[100.78168600462392,5.3547061433192775]]],[[[100.78686808852953,5.357854979564199],[100.78686808852953,5.358248585205496],[100.78738629692009,5.358248585205496],[100.78738629692009,5.357854979564199],[100.78686808852953,5.357854979564199]]],[[[100.76976721164102,5.364939918895188],[100.76976721164102,5.36533352898315],[100.7702854200316,5.36533352898315],[100.7702854200316,5.364939918895188],[100.76976721164102,5.364939918895188]]],[[[100.73712008303572,5.391705968959265],[100.73712008303572,5.392099595900033],[100.73763829142628,5.392099595900033],[100.73763829142628,5.391705968959265],[100.73712008303572,5.391705968959265]]],[[[100.73608366625459,5.393280478213266],[100.73608366625459,5.393674106148048],[100.73660187464516,5.393674106148048],[100.73660187464516,5.393280478213266],[100.73608366625459,5.393280478213266]]],[[[100.77282241264398,5.4035148853447055],[100.7728764619844,5.40357723518886],[100.7728764619844,5.4035148853447055],[100.77282241264398,5.4035148853447055]]],[[[100.76821258646936,5.410206704078914],[100.76821258646936,5.409813065689033],[100.76924900325048,5.409813065689033],[100.7695697243419,5.409419427548464],[100.7680332,5.4080971941485005],[100.76821258646936,5.410206704078914]]],[[[100.83143401011775,5.5649260827005325],[100.83195221850832,5.5649260827005325],[100.83298863528944,5.566107297665746],[100.83247042689888,5.566107297665746],[100.83247042689888,5.566501036500846],[100.8312642,5.566216593989155],[100.83016989999999,5.5677435939876325],[100.83218689999998,5.5716197939837055],[100.83289499999998,5.570434493984901],[100.834322,5.571235393984117],[100.8341074,5.572367293982972],[100.83326543791213,5.572800892788016],[100.8336675,5.574118493981191],[100.8352017,5.573766093981545],[100.8367252,5.5743747939809385],[100.83713289999999,5.572666293982672],[100.8382487,5.571149993984191],[100.8407485,5.571715893983612],[100.84179817792896,5.572800892788016],[100.84179817792896,5.573194635989761],[100.8397829,5.574129193981202],[100.83972534436673,5.574769611367221],[100.83920713597617,5.574769611367221],[100.83920713597617,5.575163355854296],[100.83870957090987,5.575163355854296],[100.8367574,5.57704429397829],[100.83584549999999,5.577684993977615],[100.8351266,5.577663593977664],[100.83508369999998,5.5795962939757295],[100.83717579999997,5.579916693975379],[100.8380127,5.581123293974177],[100.8403194,5.5808669939744195],[100.84033009999999,5.582030893973281],[100.8418322,5.5817852939734856],[100.84231638631952,5.582250800607605],[100.84231638631952,5.581857051489481],[100.84283459471008,5.581857051489481],[100.84283459471008,5.582250800607605],[100.84335280310066,5.582250800607605],[100.84335280310066,5.582644549983188],[100.84283459471008,5.582644549983188],[100.84289429999998,5.583280193971995],[100.8444822,5.582863793972417],[100.8451044,5.581390193973913],[100.8467889,5.581262093974048],[100.8491385,5.578806193976479],[100.85007189999997,5.578475093976856],[100.85096239999999,5.5753464939799615],[100.85202450000001,5.575613393979681],[100.8541596,5.5744814939808345],[100.85388059999998,5.57340299398193],[100.8571529,5.574246593981067],[100.8571315,5.57340299398193],[100.85640189999998,5.573232193982077],[100.85612289999999,5.572463393982876],[100.85704559999999,5.571416893983914],[100.8592343,5.570626693984706],[100.8637619,5.566269993989113],[100.86366529999998,5.563835393991528],[100.86459934711363,5.56138245166134],[100.8658433,5.560428993994951],[100.86824649999998,5.561272593994111],[100.8689868,5.560738693994624],[100.8702636,5.56078139399459],[100.87059619999998,5.560247493995124],[100.87010259999998,5.560023193995368],[100.86950179999998,5.55850689399691],[100.8701563,5.558325393997094],[100.8707571,5.557342893998054],[100.87185426458147,5.5570513752682755],[100.87185426458147,5.556657642588691],[100.87257814503192,5.5570513752682755],[100.8735573,5.555196594000221],[100.87479109999998,5.555463593999969],[100.8750272,5.5545024940009196],[100.87348219999997,5.553156994002268],[100.8739114,5.550893194004548],[100.87532759999999,5.548736094006696],[100.875113,5.548084694007389],[100.8775699,5.546813894008654],[100.8796273904399,5.546814408831001],[100.8796273904399,5.547208135109991],[100.88014559883045,5.547208135109991],[100.8796273904399,5.547790236307042],[100.8805954,5.54815939400728],[100.8797264,5.545842194009603],[100.88108899999999,5.544870394010592],[100.8816039,5.543631694011864],[100.8834278,5.543567594011906],[100.88414669999999,5.542659894012825],[100.88479039999999,5.5404066940150765],[100.88475819999998,5.5375447940179905],[100.8924776,5.538943794016554],[100.8972359,5.536637094018871],[100.89848040000001,5.535206194020318],[100.89855549999999,5.534127594021389],[100.90070194853088,5.533034150076009],[100.90182780000002,5.53015509402541],[100.90242855962457,5.529993578220999],[100.90139214284343,5.527915847896014],[100.901910351234,5.527915847896014],[100.901910351234,5.527522134128447],[100.90294676801511,5.527522134128447],[100.90346497640567,5.526734707357907],[100.9045013931868,5.526734707357907],[100.90501960157737,5.525947281606697],[100.90605601835848,5.526340994354895],[100.90605601835848,5.525553569113294],[100.90553780996792,5.525553569113294],[100.90553780996792,5.52515985687467],[100.90657422674904,5.524766144890801],[100.90657422674904,5.523978721687269],[100.90605601835848,5.523978721687269],[100.90605601835848,5.5235850104675634],[100.90657422674904,5.5235850104675634],[100.90657422674904,5.523191299502543],[100.9070924351396,5.523191299502543],[100.9070924351396,5.5235850104675634],[100.90812885192074,5.5235850104675634],[100.90812885192074,5.523191299502543],[100.90864706031128,5.523191299502543],[100.90886621129592,5.5235850104675634],[100.90916526870186,5.522403878336483],[100.90812885192074,5.5220101681354015],[100.90864706031128,5.5212227484970535],[100.90968347709241,5.5212227484970535],[100.90968347709241,5.520829039059746],[100.91020168548297,5.520829039059746],[100.91071989387353,5.521848304246241],[100.91279272743577,5.5212227484970535],[100.91331093582633,5.5219710029949765],[100.91486556099802,5.5220101681354015],[100.91486556099802,5.521616458188932],[100.91434735260746,5.521616458188932],[100.91486556099802,5.520829039059746],[100.91538376938858,5.520829039059746],[100.91590197777913,5.521616458188932],[100.91745660295082,5.520829039059746],[100.91952943651307,5.520829039059746],[100.92004764490362,5.521616458188932],[100.92056585329419,5.521616458188932],[100.92108406168474,5.520829039059746],[100.92160227007531,5.520829039059746],[100.92160227007531,5.521152694034451],[100.92449779999998,5.521152694034451],[100.92471152041867,5.5235850104675634],[100.92419331202811,5.5235850104675634],[100.92419331202811,5.523978721687269],[100.92315689524699,5.523978721687269],[100.92315689524699,5.524372433161675],[100.92212047846587,5.524766144890801],[100.92212047846587,5.525553569113294],[100.92263868685643,5.525553569113294],[100.92263868685643,5.526340994354895],[100.92419331202811,5.526340994354895],[100.92471152041867,5.526734707357907],[100.92471152041867,5.528270131594596],[100.92565649999999,5.528232894027323],[100.9261072,5.527570794027979],[100.92782077076204,5.527371231418533],[100.92782077076204,5.526734707357907],[100.92730256237147,5.526734707357907],[100.92730256237147,5.525947281606697],[100.92782077076204,5.525947281606697],[100.92782077076204,5.5235850104675634],[100.92882325821992,5.523191299502543],[100.92885718754316,5.5212227484970535],[100.92937539593372,5.5212227484970535],[100.92937539593372,5.520829039059746],[100.93041181271484,5.520259314960106],[100.92833897915258,5.51846678778088],[100.9272337,5.516485994039145],[100.9281097371028,5.515317133657122],[100.92782077076204,5.514923428036167],[100.92833897915258,5.514923428036167],[100.92833897915258,5.514136017557063],[100.92782077076204,5.514136017557063],[100.92782077076204,5.513742312698875],[100.92937539593372,5.5129549037451415],[100.9290436,5.509967294045717],[100.9282132,5.507219294048488],[100.92337369999997,5.504013594051706],[100.9220601,5.501832494053918],[100.92050339999999,5.500973294054781],[100.91847509999998,5.496594894059183],[100.9172874,5.495307894060482],[100.9151722,5.494496394061291],[100.91356439999998,5.493175394062629],[100.91196529999999,5.493181694062638],[100.91074799999998,5.492195294063619],[100.91000341457533,5.492482627383768],[100.90922819999999,5.493968794061834],[100.90848179999998,5.494220694061585],[100.9034112,5.490750194065059],[100.9030434,5.491668094064151],[100.8998555,5.492646094063158],[100.89888049999999,5.492769194063047],[100.8972348,5.491665394064132],[100.89645980000002,5.491874894063941],[100.89500189999998,5.493808894062008],[100.89499149999999,5.4963983940593835],[100.89404419999998,5.497419694058363],[100.89283240000002,5.497745294058006],[100.89029699999999,5.4972162940585765],[100.8866727,5.495743094060031],[100.8839527,5.493893594061905],[100.8828308,5.491166294064637],[100.8830393,5.488409794067437],[100.88418954509842,5.486577290404289],[100.88325484917382,5.486577290404289],[100.88273664078326,5.487364665378687],[100.88170022400213,5.4869709777650115],[100.88170022400213,5.486577290404289],[100.88221843239269,5.486577290404289],[100.88221843239269,5.4861836032965],[100.88170022400213,5.4861836032965],[100.88170022400213,5.485396229839661],[100.88221843239269,5.485396229839661],[100.88221843239269,5.48500254349057],[100.88325484917382,5.48500254349057],[100.88325484917382,5.485396229839661],[100.88429126595493,5.485396229839661],[100.88455879329516,5.4857899164416315],[100.88373220000001,5.483954694071917],[100.88221843239269,5.483021890287805],[100.88221843239269,5.483427800622628],[100.88118201561156,5.4838214859603855],[100.88118201561156,5.483427800622628],[100.88066380722103,5.483427800622628],[100.88066380722103,5.482709175653578],[100.8750165,5.4800392940758815],[100.8726218,5.475358394080564],[100.8706057,5.473814294082166],[100.8693826,5.471356594084625],[100.8674934,5.469498794086514],[100.86723970000001,5.464308794091725],[100.86563699999999,5.461673794094369],[100.8661328,5.460407594095663],[100.8689591,5.459091794096983],[100.86788529999998,5.457593494098492],[100.86785415555006,5.453114787319527],[100.86719038906644,5.452721121643306],[100.86745907576768,5.452327456218426],[100.86703830705314,5.450752797031893],[100.86667218067586,5.450752797031893],[100.8674682,5.447753694108431],[100.86667218067586,5.4468161666500325],[100.86745725312707,5.446422504992974],[100.86778319999999,5.44486849411136],[100.8662309,5.443254894112991],[100.86597269999999,5.441747194114501],[100.86598919999999,5.440580294115674],[100.86701879999998,5.438387594117895],[100.86701420000001,5.433142394123172],[100.8664712,5.431598694124751],[100.866945,5.430121194126222],[100.86616529999999,5.428585494127768],[100.8663732,5.427034994129364],[100.86489879999999,5.423814494132612],[100.8647606,5.422393394134056],[100.8594678,5.416966294139542],[100.85476279999999,5.411321994145239],[100.8546966,5.408856394147741],[100.8536531,5.407271894149309],[100.8546018,5.402740994153924],[100.8579854,5.402240694154423],[100.86057789999997,5.398321894158365],[100.858445,5.393300494163462],[100.854401,5.389165394167627],[100.8538538,5.387889994168915],[100.85214729999998,5.386063494170795],[100.85202429999998,5.383812294173057],[100.85039299999998,5.381438994175442],[100.8491699,5.3806236941762755],[100.8485511,5.378618394178285],[100.8485525,5.377345594179602],[100.8498681,5.375013194181973],[100.84978489999999,5.36890059418816],[100.8510938,5.366737594190329],[100.8497393,5.365282194191791],[100.849345,5.363992294193107],[100.85061909999999,5.362590294194538],[100.85064319999998,5.361540794195579],[100.8482051,5.3579222941992635],[100.8489615,5.355476194201741],[100.8483593,5.3527802942044795],[100.8492002,5.352125994205127],[100.84393572960032,5.349589318093288],[100.8438710114912,5.349982918554403],[100.84335280310066,5.349982918554403],[100.84335280310066,5.349589318093288],[100.84283459471008,5.349589318093288],[100.84315828904573,5.349195717878645],[100.83904270000001,5.347112094210194],[100.83748699999997,5.3457233942116344],[100.83676010000002,5.343707194213657],[100.83409399999998,5.342000694215381],[100.83271,5.341557394215849],[100.8311677,5.3390630942183765],[100.82936529999999,5.338857394218588],[100.82936259999998,5.337271094220155],[100.8282173,5.3371642942202975],[100.82727574965286,5.335813457098575],[100.82625192621214,5.335419865498728],[100.82653359575546,5.335026274144685],[100.8259052,5.3343360942231435],[100.8242878,5.334077094223413],[100.82106984230654,5.330696785467915],[100.82055163391598,5.330696785467915],[100.8206919093816,5.3303031970620625],[100.81847817624747,5.3275480850957875],[100.81796059196319,5.3275480850957875],[100.81796059196319,5.3265738883028435],[100.8169292,5.325278694232336],[100.81744238357261,5.324425517050383],[100.81640596679149,5.324005815952223],[100.8166856191812,5.323612231718401],[100.8159918,5.32282839423484],[100.81506099999997,5.3240221942336],[100.8141839,5.324112994233545],[100.81329671644812,5.322825063986476],[100.8132854,5.321290094236401],[100.81263489999999,5.320930994236737],[100.81078289999999,5.322537294235132],[100.80931169999998,5.322903194234735],[100.8081543,5.321666694235979],[100.80898979999999,5.319395294238281],[100.80783910000001,5.318817194238907],[100.8062929,5.319791894237922],[100.8047359,5.320163094237518],[100.8043993,5.319157594238556],[100.8030836,5.318739694238971],[100.8026183,5.319166994238534],[100.80268799999999,5.321068494236588],[100.8020282,5.321826894235832],[100.79995219999999,5.322566694235093],[100.79724849999998,5.322477194235169],[100.7962413,5.320288594237403],[100.79564849999998,5.320002894237696],[100.79478619999999,5.320774694236903],[100.79301599999997,5.321276794236391],[100.79244729999999,5.323877994233753],[100.791704,5.32411919423354],[100.7925683808257,5.325186570125358],[100.792163,5.325636594231975],[100.7923762,5.326584694230995],[100.7947406,5.326885094230696],[100.79479019999997,5.328000094229573],[100.79754349999999,5.329510294228065],[100.7962775,5.331473194226065],[100.7965994,5.3324559942250795],[100.7974577,5.332391894225135],[100.79825877695745,5.3338455015571915],[100.79826867312188,5.333451911186175],[100.79930508990299,5.3338455015571915],[100.79930508990299,5.334239092173934],[100.79843960796013,5.334632683036428],[100.79791899999996,5.336355094221079],[100.8000111,5.3350731942223995],[100.79997899999998,5.336461894221022],[100.80072999999999,5.337636994219827],[100.80034150668412,5.338568605181539],[100.79982329829355,5.338568605181539],[100.7992387,5.339249994218192],[100.79939959999999,5.339869594217546],[100.80115909999999,5.339153894218283],[100.8033049,5.340136594217283],[100.8052253,5.342070094215307],[100.80271479999999,5.344847494212506],[100.80316540000001,5.3455524942117805],[100.80232860000001,5.346107994211208],[100.80181359999999,5.3493553942079295],[100.8006763,5.348244394209053],[100.8000755,5.348543494208752],[100.7981014,5.347432594209871],[100.79700709999999,5.347453894209868],[100.7959986,5.348735794208566],[100.79458230000002,5.348308494208996],[100.79554789999999,5.346300294211022],[100.794239,5.345039794212283],[100.79490420000002,5.34365109421369],[100.7942819,5.3430101942143455],[100.7954192,5.341920594215481],[100.7959771,5.340189994217209],[100.79614879999998,5.3381390942193],[100.7956981,5.33749809421996],[100.7943678,5.337049494220394],[100.79415319999998,5.33871589421871],[100.7934451,5.338694494218755],[100.7930589,5.336622194220828],[100.79247949999998,5.336280294221174],[100.7917499,5.337433994220027],[100.79104179999999,5.3375835942198755],[100.78990460000001,5.337198994220253],[100.79220050000002,5.333673794223819],[100.7914281,5.332691094224822],[100.79149240000001,5.331985994225543],[100.7902908,5.330704094226826],[100.78724379999998,5.330704094226826],[100.7868146,5.332968794224561],[100.7862997,5.333417494224088],[100.7848835,5.332926094224587],[100.78312389999999,5.331045994226477],[100.7816648,5.330191394227354],[100.78050610000001,5.328396694229155],[100.7819223,5.326388394231209],[100.78745839999999,5.328396694229155],[100.7885742,5.327328494230263],[100.78874579999999,5.325405594232212],[100.791192,5.325149194232457],[100.79150179999999,5.324064894233575],[100.7908675,5.323701694233935],[100.7900226,5.323952794233678],[100.7876006,5.323696394233927],[100.7867128,5.323450694234193],[100.78672934710185,5.322825063986476],[100.78634988013899,5.323218647729823],[100.78531346335785,5.322825063986476],[100.78531346335785,5.32164431422761],[100.78583167174843,5.32164431422761],[100.78583167174843,5.321250731464987],[100.78634988013899,5.321250731464987],[100.78634988013899,5.321629287984488],[100.7871366,5.320427494237245],[100.78442219999998,5.316966294240768],[100.78272242140505,5.313799987540875],[100.7823287175296,5.314166283637935],[100.78251239999999,5.3159033942418485],[100.7820135,5.316234594241528],[100.78313469999999,5.317601994240139],[100.7839608,5.317831594239875],[100.7848674,5.31922569423846],[100.78519999999999,5.319994894237681],[100.78491569999997,5.321063094236589],[100.78413249999998,5.320838794236852],[100.7845402,5.319733094237954],[100.78342969999999,5.319572894238124],[100.78287180000001,5.318696894239038],[100.78178289999998,5.319631694238053],[100.7804632,5.3201016942375725],[100.7806778,5.317970494239761],[100.77991069999999,5.3170143942407195],[100.77914800117706,5.317314917318141],[100.77961317106168,5.317314917318141],[100.77961317106168,5.317708497630247],[100.77909496267111,5.317708497630247],[100.77909496267111,5.318102078187319],[100.77857675428058,5.318102078187319],[100.77857675428058,5.317776551601852],[100.77828529999996,5.3184031942393],[100.77946539999999,5.318253594239471],[100.7793689,5.319380594238337],[100.77868759999998,5.319647694238024],[100.77839789999999,5.319145594238583],[100.77702212910887,5.319531652674603],[100.77754033749945,5.3200699846478585],[100.77546750393721,5.320989643148362],[100.77598571232777,5.321250731464987],[100.77584439999998,5.321997894235683],[100.77546750393721,5.3217619326520955],[100.7749271,5.3221366942355175],[100.77380599999998,5.32131419423637],[100.76958949999998,5.3221366942355175],[100.77061949999998,5.324214494233411],[100.76977189999998,5.324855394232743],[100.76954724322626,5.3255801553403534],[100.7702854200316,5.325186570125358],[100.77080362842216,5.325973740800688],[100.77195519999998,5.32565659423196],[100.77293689999999,5.32697589423061],[100.77378449999999,5.327355194230227],[100.7744926,5.327194894230388],[100.77508353142099,5.329122433317802],[100.77546750393721,5.328728845894085],[100.77650392071834,5.329122433317802],[100.77650392071834,5.3303031970620625],[100.77546750393721,5.330696785467915],[100.77494929554663,5.329715561200878],[100.7732052,5.329326094228256],[100.77111840000002,5.327942694229642],[100.77082920333638,5.32715449865391],[100.77080362842216,5.3275480850957875],[100.7702854200316,5.3275480850957875],[100.76961843154838,5.3267609124574475],[100.76949551155246,5.328335258715856],[100.76976721164102,5.327941671783097],[100.77080362842216,5.328335258715856],[100.77080362842216,5.328728845894085],[100.76979468429674,5.329122433317802],[100.7710808,5.329988394227566],[100.77126319999999,5.329197894228341],[100.77321126001702,5.3303031970620625],[100.77339467037497,5.329909608901771],[100.77443108715607,5.3303031970620625],[100.77443108715607,5.3310903741193485],[100.77494929554663,5.3310903741193485],[100.77443108715607,5.332664731181255],[100.77546750393721,5.332271141547316],[100.77546750393721,5.332664731181255],[100.77650392071834,5.33305832106087],[100.77650392071834,5.3338455015571915],[100.77598571232777,5.3338455015571915],[100.77650392071834,5.334632683036428],[100.77598571232777,5.334632683036428],[100.77598571232777,5.335026274144685],[100.77443108715607,5.334239092173934],[100.77443108715607,5.335078106766668],[100.7750666,5.335099894222374],[100.7751454577595,5.33738782595636],[100.77650392071834,5.336994233373114],[100.77650392071834,5.33738782595636],[100.77702212910887,5.33738782595636],[100.77702212910887,5.338175011860552],[100.77805854589,5.337781418785497],[100.77909496267111,5.338962198748478],[100.77857675428058,5.338962198748478],[100.77857675428058,5.339355792561385],[100.77805854589,5.339355792561385],[100.77754033749945,5.338568605181539],[100.77650392071834,5.338962198748478],[100.77650392071834,5.339355792561385],[100.77754033749945,5.339749386620281],[100.77650392071834,5.341323765316128],[100.77546750393721,5.340930170273092],[100.77546750393721,5.340142980925186],[100.77494929554663,5.340142980925186],[100.77494929554663,5.339749386620281],[100.7744336,5.340809594216569],[100.7750988,5.3418564942155475],[100.77654719999998,5.3418564942155475],[100.7766116,5.342358494215023],[100.7752383,5.342924694214469],[100.7749057,5.34374719421361],[100.7758284,5.34686639421047],[100.77571029999999,5.347987994209334],[100.7747877,5.348372594208917],[100.7744551,5.351908394205363],[100.7750559,5.352378394204888],[100.7753885,5.354151594203078],[100.7735217,5.354600294202629],[100.7730534,5.353819394203427],[100.7721037,5.353798494203443],[100.7714411,5.3552952942019],[100.77018319999999,5.354979294202219],[100.76964249999999,5.356079494201136],[100.76858439999998,5.356161394201056],[100.7676557,5.357507394199672],[100.76776149999999,5.358654394198505],[100.769619,5.359064094198091],[100.7690077,5.361030394196085],[100.7702854200316,5.361791047088944],[100.7702854200316,5.362184655199864],[100.77080362842216,5.362184655199864],[100.77080362842216,5.362578263557855],[100.7702854200316,5.362578263557855],[100.7702854200316,5.362971872162925],[100.77080362842216,5.362971872162925],[100.7702854200316,5.363759090114393],[100.77132183681273,5.364152699460828],[100.77132183681273,5.364939918895188],[100.77080362842216,5.364939918895188],[100.76976721164102,5.366120749900735],[100.76900630217601,5.365727139318327],[100.7673148,5.366636794190449],[100.76825529999999,5.370756594186257],[100.76690339999998,5.373542194183467],[100.76769437807879,5.3767483291472935],[100.76717616968823,5.3767483291472935],[100.76717616968823,5.377535564419948],[100.76665796129767,5.377535564419948],[100.76581746756911,5.378716419187391],[100.76613975290712,5.37911003793887],[100.76526280843183,5.379503656938213],[100.76304750000001,5.382647894174219],[100.76043946061094,5.382258996875337],[100.75629379348646,5.380290895680561],[100.7483063,5.375032494181946],[100.7474418,5.3733276941836525],[100.74232119999999,5.369470994187565],[100.73846419999997,5.369106894187932],[100.7386747082074,5.37084409618049],[100.73919291659796,5.37084409618049],[100.73919291659796,5.372024938317325],[100.73971112498852,5.372024938317325],[100.73971112498852,5.373205782681922],[100.74022933337908,5.373205782681922],[100.74022933337908,5.374386629274783],[100.73971112498852,5.374386629274783],[100.73854729999998,5.3772173941797226],[100.73556545786404,5.377535564419948],[100.73504724947347,5.377141946659735],[100.73504724947347,5.374780245300992],[100.73556545786404,5.374545672861839],[100.73476469999999,5.373866994183111],[100.73378899999999,5.374101094182889],[100.7303328,5.370613294186401],[100.7274644,5.372240194184787],[100.72863990000002,5.373480794183493],[100.7281462,5.374616094182372],[100.7255952,5.374885294182071],[100.72507799999998,5.373492494183494],[100.72436090000001,5.37305949418393],[100.7220567,5.373995794182982],[100.71984669999999,5.373106294183909],[100.71535533063216,5.374780245300992],[100.71535533063216,5.3751738615748605],[100.7143097,5.375095994181859],[100.71358089999998,5.376043994180923],[100.70837719999999,5.377720594179225],[100.70611620000001,5.378995094177932],[100.70563409999998,5.381875094174986],[100.7079449,5.381990994174893],[100.7114196,5.383530294173319],[100.7135975,5.383414394173436],[100.71522669999999,5.386128894170708],[100.7164903,5.3860295941708305],[100.7170555,5.387088894169739],[100.71841879999998,5.387105494169702],[100.7205135,5.388859894167943],[100.7205967,5.389836494166952],[100.72373879999999,5.391226794165557],[100.7250854,5.391342694165439],[100.7256341,5.390614394166171],[100.72698069999998,5.3915743941651915],[100.7292417,5.391342694165439],[100.72968712954925,5.392099595900033],[100.73038337395843,5.391705968959265],[100.73038337395843,5.392099595900033],[100.73090158234898,5.392099595900033],[100.73038337395843,5.393048653561354],[100.7309938254734,5.393280478213266],[100.73141979073955,5.393280478213266],[100.73141979073955,5.392493223089277],[100.73297441591123,5.391705968959265],[100.73297441591123,5.392099595900033],[100.73401083269235,5.392099595900033],[100.73401083269235,5.392493223089277],[100.73452904108291,5.392493223089277],[100.73452904108291,5.393280478213266],[100.73556545786404,5.393674106148048],[100.73556545786404,5.393280478213266],[100.73608366625459,5.393280478213266],[100.73608366625459,5.392493223089277],[100.73660187464516,5.392493223089277],[100.73608366625459,5.390918715823085],[100.73712008303572,5.3905250896276335],[100.73712008303572,5.390918715823085],[100.73763829142628,5.390918715823085],[100.73763829142628,5.391705968959265],[100.73768729999999,5.391094394165678],[100.73971112498852,5.390918715823085],[100.74074754176964,5.391312342266955],[100.7412657501602,5.392099595900033],[100.74230216694133,5.392493223089277],[100.74250817550205,5.393280478213266],[100.74333858372245,5.393280478213266],[100.74333858372245,5.393674106148048],[100.74437500050357,5.393674106148048],[100.74437500050357,5.39406773433138],[100.74541141728469,5.39406773433138],[100.74541141728469,5.393674106148048],[100.74592962567525,5.393674106148048],[100.74592962567525,5.39406773433138],[100.74748425084694,5.39406773433138],[100.74748425084694,5.393674106148048],[100.74800245923748,5.393674106148048],[100.74800245923748,5.39406773433138],[100.74852066762806,5.39406773433138],[100.74869309999998,5.395612994161109],[100.7557755850959,5.39721676874808],[100.75752642863264,5.398004029839053],[100.7583666270487,5.397610399169198],[100.7583666270487,5.398004029839053],[100.75888483543928,5.398004029839053],[100.75888483543928,5.3983976607576665],[100.75940304382982,5.3983976607576665],[100.75992125222038,5.399053038755081],[100.76043946061094,5.398004029839053],[100.76095766900151,5.398004029839053],[100.76147587739207,5.398728881005332],[100.7633564,5.396159194160554],[100.7648527,5.396324694160405],[100.76510333612599,5.397279987681527],[100.76613975290712,5.397610399169198],[100.76562154451655,5.39861035636729],[100.76867649999998,5.399717694156968],[100.77236719999999,5.40231629415434],[100.77259631616124,5.403121251190597],[100.77339467037497,5.4027276172854855],[100.77391287876553,5.4035148853447055],[100.77339467037497,5.4035148853447055],[100.77332849999999,5.404098694152508],[100.77662229999997,5.40453659415209],[100.77754033749945,5.406270331396908],[100.77621459999999,5.407068094149524],[100.7772197900561,5.409813065689033],[100.77805854589,5.410206704078914],[100.7782316,5.411158894145383],[100.77702212910887,5.410993981606682],[100.77678181739077,5.410600342718122],[100.7764184,5.411254994145275],[100.7770836,5.412130894144422],[100.7767081,5.412568794143963],[100.7752383,5.411746394144799],[100.7750666,5.41241929414412],[100.77385420000002,5.412216294144318],[100.7744014,5.413722294142781],[100.77341439999998,5.413647594142877],[100.77244499999999,5.411473194145052],[100.77261779999999,5.410658294145893],[100.76976721164102,5.409534950349959],[100.7702854200316,5.409813065689033],[100.7702854200316,5.411387620744607],[100.76976721164102,5.411387620744607],[100.76976721164102,5.41178126013192],[100.7702854200316,5.41178126013192],[100.7702854200316,5.412568539654776],[100.77132183681273,5.412962179790357],[100.77132183681273,5.41374946080992],[100.7702854200316,5.414143101693936],[100.7702854200316,5.41453674282747],[100.77080362842216,5.41453674282747],[100.7702854200316,5.415324025843158],[100.76873079485992,5.415324025843158],[100.76800365669075,5.41453674282747],[100.76685900000001,5.415794494140702],[100.76644059999998,5.415484694141029],[100.7647253,5.415923194140581],[100.7648981,5.418856794137632],[100.7665079,5.423465394132959],[100.7657985,5.424995594131407],[100.76510333612599,5.425165147817769],[100.7636975,5.424814494131573],[100.76288809999998,5.423845694132584],[100.76150570000001,5.424343694132063],[100.7607053,5.42645329412993],[100.76095766900151,5.428707989968991],[100.76147587739207,5.428707989968991],[100.76147587739207,5.429101640347673],[100.76095766900151,5.429101640347673],[100.76043946061094,5.430544378886525],[100.76095766900151,5.430676244364806],[100.76010416476527,5.431857200005699],[100.76043946061094,5.432250852386677],[100.7591319,5.43297229412333],[100.7596139,5.4338233941225],[100.75812627817632,5.43500642606493],[100.75888483543928,5.435793735084373],[100.7583666270487,5.435793735084373],[100.75850429999998,5.436974194119302],[100.75742199999998,5.438142194118133],[100.75810409999998,5.43893889411733],[100.75691269999999,5.439753794116484],[100.75607599999998,5.438920794117342],[100.7550937,5.4391471941171385],[100.75407509999998,5.4388392941174475],[100.7491001,5.440124994116137],[100.74781769999998,5.440858394115395],[100.74800245923748,5.44169858468401],[100.74852066762806,5.44169858468401],[100.74852066762806,5.442485902226471],[100.74800245923748,5.442485902226471],[100.74800245923748,5.443273220772348],[100.74852066762806,5.443273220772348],[100.74852066762806,5.443666880421614],[100.74757691175405,5.4440605403217885],[100.74752298034306,5.4448478608749395],[100.74800245923748,5.4448478608749395],[100.74800245923748,5.445241521527954],[100.74748425084694,5.4454618092186],[100.74801779999997,5.446163994110049],[100.74989139999997,5.445412494110806],[100.7514921,5.446815894109366],[100.75119200000002,5.4483821941077855],[100.7518377,5.4493509941068305],[100.75150120000002,5.45108929410508],[100.75021879999998,5.451170794105011],[100.75021879999998,5.4528275941033],[100.7515110187091,5.455476786655952],[100.75318454314309,5.4558704540920475],[100.75318454314309,5.456263635558743],[100.7551307,5.456098694100006],[100.7579683,5.4570040940991085],[100.7593325,5.458307794097781],[100.7600601,5.461440394094621],[100.76167739999998,5.461132294094941],[100.7626687,5.463196494092858],[100.7629871,5.4653964940906175],[100.76623399999998,5.463649194092385],[100.7681075,5.46449119409152],[100.76814610000001,5.4661044940899135],[100.7645715,5.4687916940872014],[100.7656356,5.46997769408602],[100.76665796129767,5.4688616206778145],[100.76769437807879,5.469255296674845],[100.76833679999999,5.470973594084986],[100.7684912,5.47384159408211],[100.77222119999999,5.472996594082982],[100.77252279999999,5.473706594082256],[100.7720534,5.474487594081473],[100.7701755,5.475114994080814],[100.769333,5.476984294078938],[100.76767769999998,5.4766401940792875],[100.76437605743384,5.477128869584848],[100.76517659999999,5.479329094076577],[100.7678972,5.483500094072406],[100.77088119999999,5.486227194069619],[100.77132183681273,5.491695245829419],[100.7696261,5.495773094060001],[100.76969889999998,5.498054494057702],[100.7704835,5.499321994056456],[100.7734465,5.5019193940538385],[100.77147239999998,5.503094094052626],[100.77160119999999,5.504995094050714],[100.78145029999999,5.505721294049974],[100.78258749999999,5.504845594050883],[100.7902479,5.504760094050964],[100.7926082,5.506276594049438],[100.79503299999999,5.506233894049467],[100.79640619999999,5.504781494050937],[100.7980156,5.503863094051868],[100.7989168,5.50678919404893],[100.8020282,5.5095230940461715],[100.80322980000001,5.512000694043693],[100.80303669999998,5.514862694040783],[100.8006763,5.516144194039492],[100.79936739999998,5.517596594038028],[100.78427704657672,5.518268775825803],[100.78427704657672,5.51925420385587],[100.78375883818619,5.519270896690127],[100.78375883818619,5.519647912275073],[100.78427704657672,5.519647912275073],[100.78427704657672,5.520435329876993],[100.78531346335785,5.520829039059746],[100.78552719999999,5.521398294034229],[100.78790450531066,5.521616458188932],[100.78790450531066,5.522006715098352],[100.78988309999997,5.521441094034162],[100.7909131,5.522402194033192],[100.7905483,5.522871994032723],[100.79132079999998,5.523171094032422],[100.79101375565403,5.523978721687269],[100.79153196404457,5.523978721687269],[100.79153196404457,5.5235850104675634],[100.7925683808257,5.523978721687269],[100.79241987043861,5.525553569113294],[100.79412300599738,5.525553569113294],[100.7947325,5.526588294028979],[100.79412300599738,5.526709681524105],[100.79425073613434,5.527128420615751],[100.79464121438794,5.527128420615751],[100.79464121438794,5.526734707357907],[100.79567763116907,5.527128420615751],[100.79567763116907,5.527915847896014],[100.79515942277851,5.527915847896014],[100.79515942277851,5.529096990728118],[100.79464121438794,5.529096990728118],[100.79464121438794,5.52949070551535],[100.79619583955964,5.52949070551535],[100.79619583955964,5.529096990728118],[100.79671404795018,5.529096990728118],[100.79671404795018,5.52949070551535],[100.79775046473131,5.52949070551535],[100.79775046473131,5.529096990728118],[100.79826867312188,5.529096990728118],[100.79826867312188,5.529392916316084],[100.79933519999999,5.52948229402606],[100.79982329829355,5.530278135854724],[100.79988239999999,5.530881294024685],[100.7978325020814,5.531459283276329],[100.79737096755176,5.532640432993441],[100.79775046473131,5.532640432993441],[100.79775046473131,5.53342786741371],[100.79725520542027,5.53342786741371],[100.79673889999998,5.534159694021383],[100.79723225634075,5.534215302854575],[100.79723225634075,5.535002739316186],[100.79621905741637,5.535396457929816],[100.7955372,5.537747694017748],[100.79413169999998,5.538260294017237],[100.7934558,5.539061194016428],[100.79412099999999,5.541666794013813],[100.7977152,5.542051294013415],[100.79936739999998,5.542691994012806],[100.79932449999998,5.54188039401361],[100.80177070000002,5.541944494013531],[100.8017063,5.542350294013113],[100.8006763,5.542414294013052],[100.80089090000001,5.542691994012806],[100.80241434024636,5.542483436639615],[100.80241434024636,5.542089713428776],[100.80400229999996,5.542627894012858],[100.80312250000001,5.544443294011019],[100.79657790000002,5.543225894012248],[100.79617019999999,5.543610394011873],[100.798831,5.545660694009799],[100.8003545,5.5452334940102475],[100.80226419999998,5.546493594008965],[100.8041739,5.548522494006921],[100.8043027,5.549184594006254],[100.80689899999999,5.549996194005446],[100.80760719999999,5.551597894003827],[100.8096692577142,5.551932870415629],[100.81168410000001,5.552772594002648],[100.81174209127644,5.553507790375348],[100.81086869999999,5.5540966940013305],[100.810976,5.554780094000619],[100.80876589999998,5.55544219399996],[100.81031079999998,5.556371193999034],[100.8113837,5.555506293999918],[100.81142659999998,5.554224794001195],[100.81369039999998,5.552324094003122],[100.81320759999998,5.5489068940065245],[100.81426979999998,5.5487787940066715],[100.816319,5.553028894002388],[100.81692417518205,5.553064993555686],[100.81692417518205,5.552326600021476],[100.81744238357261,5.552326600021476],[100.81744238357261,5.551932870415629],[100.82106984230654,5.551539141065805],[100.82106984230654,5.551932870415629],[100.8215880506971,5.551932870415629],[100.8215880506971,5.552326600021476],[100.82110305011797,5.552326600021476],[100.82240219999998,5.552526994002918],[100.8230996,5.554801494000601],[100.82500929999999,5.556136293999268],[100.82416179999998,5.558154493997232],[100.82445139999999,5.559638793995755],[100.8228421,5.560888193994522],[100.82614659999999,5.562735493992661],[100.82677013460271,5.564138607340279],[100.82728834299327,5.564138607340279],[100.82680109999998,5.565063393990295],[100.82828159999998,5.566942793988407],[100.8284747,5.566643793988698],[100.82900049999998,5.566803893988537],[100.82987938494608,5.565101980364644],[100.82870009999999,5.56173179399363],[100.83142519999998,5.559521293995852],[100.8321762,5.560546493994826],[100.83303449999998,5.560183393995207],[100.83336709999999,5.5608987939944665],[100.83457949999999,5.560151393995258],[100.83542699999998,5.56059979399478],[100.8364355,5.560247493995124],[100.8389032,5.560439693994947],[100.83806629999998,5.559660193995748],[100.8368003,5.559574693995838],[100.83332419999998,5.557577893997818],[100.8343863,5.551982394003451],[100.83685399999999,5.548394394007042],[100.83766939999998,5.548009994007424],[100.83758350000001,5.546963394008495],[100.83803409999999,5.546813894008654],[100.8385062,5.5455538940099025],[100.83921430000001,5.545938294009528],[100.839343,5.547134294008325],[100.84101669999997,5.549675794005767],[100.83745479999997,5.552815294002604],[100.83829159999999,5.554481094000945],[100.83919279999998,5.555079094000335],[100.8396435,5.5538617940015556],[100.84118839999998,5.55238819400304],[100.8424544,5.552281394003164],[100.84447140000002,5.554150094001287],[100.84603789999998,5.553979194001442],[100.84587690000001,5.5552605940001465],[100.84659579999999,5.55587999399954],[100.8464455,5.556937193998456],[100.847218,5.5582612939971225],[100.84637039999998,5.559563993995825],[100.84861279999998,5.56078139399459],[100.85050099999998,5.560642593994745],[100.85096239999999,5.561219193994144],[100.85039379999999,5.562329693993043],[100.85011479999999,5.56167839399372],[100.84894539999998,5.56166769399373],[100.8504689,5.563055893992323],[100.85067269999999,5.564198393991156],[100.8488488,5.565693393989666],[100.846231,5.566088493989265],[100.8450186,5.565138093990209],[100.84438559999998,5.565127493990224],[100.8436775,5.565800193989571],[100.8428836,5.565896293989465],[100.8418322,5.564742993990605],[100.8418214,5.56405959399129],[100.84058759999999,5.564219793991146],[100.8402014,5.564732393990646],[100.84042670000001,5.566088493989265],[100.8397078,5.566291393989082],[100.83891389999998,5.5674232939879404],[100.83884949999998,5.564956593990404],[100.83862419999998,5.5645400939908285],[100.83800199999999,5.564871193990474],[100.83792689999999,5.567668893987688],[100.83733810854207,5.569650956424865],[100.83765251080447,5.569257215535541],[100.8386889275856,5.569650956424865],[100.8386889275856,5.570832180634072],[100.83817071919505,5.570832180634072],[100.83817071919505,5.571225922550952],[100.83713430241393,5.570832180634072],[100.83713430241393,5.569779845408586],[100.83630679999999,5.569911293985435],[100.8361244,5.5684483939868965],[100.83397859999998,5.566003093989367],[100.83194020000002,5.564294493991088],[100.83143401011775,5.5649260827005325]],[[100.75784841865814,5.439730295216817],[100.7583666270487,5.440517610251393],[100.75733021026758,5.440911268144812],[100.75681200187702,5.440123952608735],[100.75784841865814,5.439730295216817]],[[100.84853488700627,5.572407149843281],[100.84905309539681,5.572407149843281],[100.84905309539681,5.572800892788016],[100.84801667861569,5.573194635989761],[100.84749847022513,5.572407149843281],[100.84801667861569,5.572407149843281],[100.84801667861569,5.57201340715554],[100.84853488700627,5.57201340715554],[100.84853488700627,5.572407149843281]],[[100.86615397228532,5.556263910165355],[100.86667218067586,5.556263910165355],[100.86667218067586,5.556657642588691],[100.86563576389476,5.5570513752682755],[100.8651175555042,5.556263910165355],[100.86563576389476,5.556263910165355],[100.86563576389476,5.555870177998244],[100.86615397228532,5.555870177998244],[100.86615397228532,5.556263910165355]],[[100.85578980447411,5.5546889830341035],[100.85630801286466,5.5546889830341035],[100.85682622125522,5.555476446087345],[100.85786263803635,5.555082714432638],[100.85838084642691,5.555870177998244],[100.85786263803635,5.555870177998244],[100.85786263803635,5.556263910165355],[100.85734442964578,5.556263910165355],[100.85734442964578,5.555870177998244],[100.85630801286466,5.555870177998244],[100.85630801286466,5.556263910165355],[100.85527159608354,5.556657642588691],[100.85527159608354,5.556263910165355],[100.85475338769298,5.556263910165355],[100.85475338769298,5.5546889830341035],[100.85527159608354,5.5546889830341035],[100.85527159608354,5.554295251891722],[100.85578980447411,5.554295251891722],[100.85578980447411,5.5546889830341035]],[[100.86304472194196,5.555476446087345],[100.8635629303325,5.555476446087345],[100.8635629303325,5.555870177998244],[100.86252651355139,5.556263910165355],[100.86200830516083,5.555476446087345],[100.86252651355139,5.555476446087345],[100.86252651355139,5.555082714432638],[100.86304472194196,5.555082714432638],[100.86304472194196,5.555476446087345]],[[100.86149009677027,5.553507790375348],[100.86200830516083,5.553507790375348],[100.86200830516083,5.554295251891722],[100.86097188837972,5.5546889830341035],[100.86097188837972,5.554295251891722],[100.86045367998915,5.554295251891722],[100.86045367998915,5.553507790375348],[100.86097188837972,5.553507790375348],[100.86097188837972,5.5531140600013185],[100.86149009677027,5.5531140600013185],[100.86149009677027,5.553507790375348]],[[100.85164413734962,5.552326600021476],[100.85112592895905,5.5531140600013185],[100.85164413734962,5.5531140600013185],[100.85216234574017,5.553901521005477],[100.85112592895905,5.554295251891722],[100.84957130378737,5.552720329883366],[100.85008951217793,5.552720329883366],[100.85008951217793,5.552326600021476],[100.85216234574017,5.551145411971988],[100.85268055413074,5.551932870415629],[100.85164413734962,5.552326600021476]],[[100.8506077205685,5.551145411971988],[100.8506077205685,5.550751683134155],[100.85008951217793,5.550751683134155],[100.85008951217793,5.551145411971988],[100.84905309539681,5.551145411971988],[100.84853488700627,5.550357954552291],[100.84905309539681,5.550357954552291],[100.84905309539681,5.5499642262263755],[100.85008951217793,5.5499642262263755],[100.85008951217793,5.549176770342321],[100.8506077205685,5.549176770342321],[100.8506077205685,5.548389315481838],[100.85008951217793,5.548389315481838],[100.85008951217793,5.547601861644783],[100.84957130378737,5.547601861644783],[100.84957130378737,5.547208135109991],[100.85164413734962,5.546420682807791],[100.85164413734962,5.546026957040348],[100.85008951217793,5.545239506272672],[100.85008951217793,5.544845781272404],[100.8506077205685,5.544845781272404],[100.8506077205685,5.544058332038918],[100.85112592895905,5.544058332038918],[100.85112592895905,5.543270883828038],[100.85008951217793,5.543270883828038],[100.85008951217793,5.544058332038918],[100.84957130378737,5.544058332038918],[100.84957130378737,5.544452056527827],[100.84853488700627,5.544058332038918],[100.84853488700627,5.543270883828038],[100.84749847022513,5.543664607805662],[100.84749847022513,5.544058332038918],[100.84905309539681,5.544845781272404],[100.84905309539681,5.545239506272672],[100.84853488700627,5.545239506272672],[100.84853488700627,5.546420682807791],[100.84905309539681,5.546420682807791],[100.84853488700627,5.547208135109991],[100.84801667861569,5.547208135109991],[100.84801667861569,5.546814408831001],[100.84749847022513,5.546814408831001],[100.84594384505345,5.545239506272672],[100.8454256366629,5.545239506272672],[100.84490742827232,5.546814408831001],[100.8438710114912,5.547208135109991],[100.8438710114912,5.546814408831001],[100.84335280310066,5.546814408831001],[100.84335280310066,5.545239506272672],[100.84283459471008,5.545239506272672],[100.84283459471008,5.544452056527827],[100.8412799695384,5.543664607805662],[100.84076176114785,5.542089713428776],[100.83972534436673,5.5416959904734995],[100.84076176114785,5.540514823140829],[100.84179817792896,5.540514823140829],[100.84179817792896,5.540908545329544],[100.84283459471008,5.5413022677737604],[100.84283459471008,5.540514823140829],[100.84231638631952,5.540514823140829],[100.84283459471008,5.539727379529833],[100.84335280310066,5.539727379529833],[100.84335280310066,5.5401211012076],[100.8454256366629,5.5401211012076],[100.8454256366629,5.540514823140829],[100.84594384505345,5.540514823140829],[100.84594384505345,5.5413022677737604],[100.84645580541857,5.5413022677737604],[100.8468747,5.540107794015375],[100.84773299999999,5.539381594016094],[100.84853488700627,5.539257750953745],[100.84853488700627,5.538546216029146],[100.84801667861569,5.538546216029146],[100.84801667861569,5.538152495373057],[100.84853488700627,5.538152495373057],[100.84853488700627,5.537360522191659],[100.8471322,5.5366264940188685],[100.84478539614298,5.534215302854575],[100.84438921988178,5.534215302854575],[100.84438921988178,5.534609020957777],[100.8438710114912,5.534609020957777],[100.8438710114912,5.534215302854575],[100.84283459471008,5.534215302854575],[100.84283459471008,5.535790176798691],[100.84335280310066,5.535790176798691],[100.84283459471008,5.536577615302239],[100.84231638631952,5.536577615302239],[100.84231638631952,5.536183895922823],[100.8412799695384,5.536183895922823],[100.8412799695384,5.536577615302239],[100.84076176114785,5.536577615302239],[100.84076176114785,5.536183895922823],[100.84024355275729,5.536183895922823],[100.84024355275729,5.534609020957777],[100.84076176114785,5.534609020957777],[100.8412799695384,5.533821585006558],[100.84231638631952,5.533821585006558],[100.84231638631952,5.53342786741371],[100.84283459471008,5.53342786741371],[100.84283459471008,5.533821585006558],[100.84335280310066,5.533821585006558],[100.8438710114912,5.533034150076009],[100.8447212214537,5.53342786741371],[100.8447718,5.531906394023645],[100.84541559999998,5.5317355940237904],[100.84691759999998,5.532461694023073],[100.8478188,5.5334868940220305],[100.84957130378737,5.534215302854575],[100.85008951217793,5.536183895922823],[100.85112592895905,5.536183895922823],[100.85164413734962,5.5369713349369505],[100.85302937056933,5.5369713349369505],[100.85396012203435,5.536183895922823],[100.85371697091186,5.535790176798691],[100.8531987625213,5.535790176798691],[100.8531987625213,5.536183895922823],[100.85216234574017,5.535790176798691],[100.85268055413074,5.535002739316186],[100.8531987625213,5.535002739316186],[100.8531987625213,5.535396457929816],[100.85371697091186,5.535396457929816],[100.85371697091186,5.535002739316186],[100.85423517930242,5.535002739316186],[100.85423517930242,5.535396457929816],[100.85658064419977,5.535002739316186],[100.8560157,5.534405294021109],[100.85423517930242,5.534215302854575],[100.85423517930242,5.533821585006558],[100.85371697091186,5.533821585006558],[100.85371697091186,5.53342786741371],[100.85423517930242,5.53342786741371],[100.85423517930242,5.532500340324476],[100.85371697091186,5.532246716165983],[100.85371697091186,5.532640432993441],[100.8531987625213,5.532640432993441],[100.8531987625213,5.532246716165983],[100.85164413734962,5.531459283276329],[100.8517335455698,5.530671851406901],[100.8506077205685,5.530671851406901],[100.8506077205685,5.530278135854724],[100.84905309539681,5.52949070551535],[100.85008951217793,5.5283095619184675],[100.84957130378737,5.5283095619184675],[100.84957130378737,5.527915847896014],[100.84853488700627,5.5283095619184675],[100.84853488700627,5.527915847896014],[100.84749847022513,5.527522134128447],[100.84749847022513,5.526734707357907],[100.84801667861569,5.526734707357907],[100.84853488700627,5.525947281606697],[100.84801667861569,5.525947281606697],[100.84749847022513,5.523978721687269],[100.84698026183457,5.523978721687269],[100.84698026183457,5.523191299502543],[100.84749847022513,5.523191299502543],[100.84749847022513,5.52279758879219],[100.84646205344401,5.522403878336483],[100.84594384505345,5.520435329876993],[100.8454256366629,5.520435329876993],[100.8454256366629,5.519647912275073],[100.84646205344401,5.51925420385587],[100.8454256366629,5.51807308012506],[100.84749847022513,5.5168919586840595],[100.84698026183457,5.51610454566193],[100.84749847022513,5.51610454566193],[100.84801667861569,5.515317133657122],[100.84853488700627,5.515317133657122],[100.84853488700627,5.515710839532371],[100.84957130378737,5.515710839532371],[100.84957130378737,5.51610454566193],[100.8506077205685,5.51610454566193],[100.8506077205685,5.515710839532371],[100.85164413734962,5.515317133657122],[100.85164413734962,5.5145297226694865],[100.85112592895905,5.5145297226694865],[100.85112592895905,5.514136017557063],[100.85164413734962,5.514136017557063],[100.85164413734962,5.513742312698875],[100.85268055413074,5.514136017557063],[100.85268055413074,5.5129549037451415],[100.85423517930242,5.512167495808132],[100.85423517930242,5.511773792220852],[100.85371697091186,5.511773792220852],[100.85371697091186,5.509805278095975],[100.85423517930242,5.509805278095975],[100.85423517930242,5.509411576033171],[100.85527159608354,5.509411576033171],[100.85682622125522,5.507836770321917],[100.85786263803635,5.507836770321917],[100.85941726320802,5.5062619686737],[100.86097188837972,5.5062619686737],[100.86097188837972,5.50665566870491],[100.86149009677027,5.50665566870491],[100.86149009677027,5.507443069529001],[100.86200830516083,5.507443069529001],[100.86200830516083,5.507836770321917],[100.86149009677027,5.507836770321917],[100.86149009677027,5.508230471368775],[100.86200830516083,5.508230471368775],[100.86200830516083,5.509411576033171],[100.86149009677027,5.509411576033171],[100.86149009677027,5.509805278095975],[100.86097188837972,5.509805278095975],[100.86097188837972,5.509411576033171],[100.85993547159859,5.509411576033171],[100.85993547159859,5.509805278095975],[100.86045367998915,5.509805278095975],[100.86045367998915,5.51019898041281],[100.86149009677027,5.51019898041281],[100.86149009677027,5.510592682983697],[100.86252651355139,5.510592682983697],[100.86252651355139,5.510986385808654],[100.86304472194196,5.510986385808654],[100.86304472194196,5.511380088887699],[100.86252651355139,5.511380088887699],[100.86304472194196,5.512167495808132],[100.86408113872307,5.512167495808132],[100.86408113872307,5.511773792220852],[100.8635629303325,5.511773792220852],[100.8635629303325,5.510986385808654],[100.86459934711363,5.510592682983697],[100.86459934711363,5.509805278095975],[100.8651175555042,5.509805278095975],[100.8651175555042,5.509411576033171],[100.86563576389476,5.509411576033171],[100.86615397228532,5.51019898041281],[100.86822680584757,5.51019898041281],[100.86822680584757,5.509411576033171],[100.8687450142381,5.509411576033171],[100.8687450142381,5.509017874224384],[100.86978143101923,5.509017874224384],[100.86978143101923,5.508624172669591],[100.87133605619091,5.509411576033171],[100.87133605619091,5.51019898041281],[100.87081784780037,5.51019898041281],[100.87081784780037,5.510592682983697],[100.87133605619091,5.510592682983697],[100.87081784780037,5.511380088887699],[100.87185426458147,5.511773792220852],[100.87185426458147,5.514136017557063],[100.87133605619091,5.514136017557063],[100.87133605619091,5.51610454566193],[100.87081784780037,5.51610454566193],[100.87081784780037,5.516498252045822],[100.87133605619091,5.516498252045822],[100.87133605619091,5.517285665576669],[100.87081784780037,5.517285665576669],[100.87081784780037,5.51807308012506],[100.87029963940981,5.51807308012506],[100.87029963940981,5.51846678778088],[100.86926322262867,5.51846678778088],[100.86926322262867,5.51807308012506],[100.867708597457,5.51807308012506],[100.867708597457,5.517679372723661],[100.86719038906644,5.517679372723661],[100.86719038906644,5.51807308012506],[100.86615397228532,5.51846678778088],[100.86615397228532,5.518860495691145],[100.86667218067586,5.518860495691145],[100.86667218067586,5.51925420385587],[100.86615397228532,5.51925420385587],[100.86615397228532,5.520435329876993],[100.86563576389476,5.520435329876993],[100.86563576389476,5.520829039059746],[100.86459934711363,5.520829039059746],[100.86563576389476,5.5220101681354015],[100.8651175555042,5.5220101681354015],[100.8651175555042,5.522403878336483],[100.86408113872307,5.522403878336483],[100.86408113872307,5.523191299502543],[100.86459934711363,5.523191299502543],[100.86459934711363,5.523978721687269],[100.8651175555042,5.523978721687269],[100.8651175555042,5.524372433161675],[100.86459934711363,5.524372433161675],[100.86459934711363,5.524766144890801],[100.86408113872307,5.524766144890801],[100.86408113872307,5.525553569113294],[100.8635629303325,5.525553569113294],[100.8635629303325,5.525947281606697],[100.86408113872307,5.525947281606697],[100.86408113872307,5.527522134128447],[100.86459934711363,5.527522134128447],[100.86459934711363,5.527915847896014],[100.8635629303325,5.5283095619184675],[100.86285427088339,5.530278135854724],[100.8635259,5.531970494023575],[100.86300010000001,5.535344994020189],[100.8635688,5.5375234940179645],[100.86303229999999,5.538270994017229],[100.86252651355139,5.538152495373057],[100.86252651355139,5.538546216029146],[100.86200830516083,5.538546216029146],[100.86200830516083,5.538152495373057],[100.86149009677027,5.538152495373057],[100.86173672509396,5.53775877497234],[100.86045367998915,5.535790176798691],[100.86045367998915,5.536183895922823],[100.85993547159859,5.536183895922823],[100.85993547159859,5.538546216029146],[100.85889905481747,5.5389399369406265],[100.85889905481747,5.538546216029146],[100.8577966,5.538356394017142],[100.8568525,5.537544894017984],[100.85659581229056,5.536577615302239],[100.85582249999999,5.536199294019322],[100.85578980447411,5.5369713349369505],[100.85630801286466,5.5369713349369505],[100.85630801286466,5.537365054826978],[100.85578980447411,5.537365054826978],[100.85578980447411,5.53775877497234],[100.85630801286466,5.53775877497234],[100.85630801286466,5.538152495373057],[100.85578980447411,5.538152495373057],[100.85630801286466,5.5401211012076],[100.85527159608354,5.540514823140829],[100.85349006048732,5.538546216029146],[100.8531987625213,5.5389399369406265],[100.85243938537636,5.538546216029146],[100.85164413734962,5.539523794398871],[100.85216234574017,5.5401211012076],[100.85164413734962,5.5401211012076],[100.85112592895905,5.540908545329544],[100.85216234574017,5.540908545329544],[100.85216234574017,5.5413022677737604],[100.85268055413074,5.5413022677737604],[100.85268055413074,5.542089713428776],[100.8531987625213,5.542089713428776],[100.8531987625213,5.542483436639615],[100.85268055413074,5.542483436639615],[100.85268055413074,5.543270883828038],[100.85371697091186,5.543270883828038],[100.85371697091186,5.543664607805662],[100.85527159608354,5.544452056527827],[100.85527159608354,5.545239506272672],[100.85423517930242,5.5456332315286465],[100.85423517930242,5.545239506272672],[100.85371697091186,5.545239506272672],[100.85371697091186,5.544452056527827],[100.85268055413074,5.544058332038918],[100.85268055413074,5.544452056527827],[100.85216234574017,5.544452056527827],[100.85216234574017,5.544845781272404],[100.85268055413074,5.544845781272404],[100.85268055413074,5.546026957040348],[100.85216234574017,5.546026957040348],[100.85268055413074,5.546814408831001],[100.85216234574017,5.546814408831001],[100.85112592895905,5.54799558843539],[100.85216234574017,5.548389315481838],[100.85216234574017,5.547601861644783],[100.85423517930242,5.546814408831001],[100.85475338769298,5.547601861644783],[100.85423517930242,5.547601861644783],[100.85423517930242,5.54799558843539],[100.8531987625213,5.54799558843539],[100.8531987625213,5.548389315481838],[100.85371697091186,5.548389315481838],[100.85475338769298,5.549570498156393],[100.85578980447411,5.549570498156393],[100.85578980447411,5.549176770342321],[100.85630801286466,5.549176770342321],[100.85682622125522,5.5499642262263755],[100.85630801286466,5.5499642262263755],[100.85630801286466,5.550357954552291],[100.85578980447411,5.550357954552291],[100.85578980447411,5.5499642262263755],[100.85475338769298,5.5499642262263755],[100.85475338769298,5.550357954552291],[100.85423517930242,5.550357954552291],[100.85423517930242,5.550751683134155],[100.85475338769298,5.550751683134155],[100.85423517930242,5.551539141065805],[100.8531987625213,5.551539141065805],[100.8531987625213,5.551145411971988],[100.85268055413074,5.551145411971988],[100.85268055413074,5.550357954552291],[100.85216234574017,5.550357954552291],[100.85164413734962,5.551145411971988],[100.8506077205685,5.551145411971988]],[[100.84076176114785,5.543270883828038],[100.83972534436673,5.543664607805662],[100.83920713597617,5.542877160106028],[100.84024355275729,5.542483436639615],[100.84076176114785,5.543270883828038]],[[100.8506077205685,5.531065567214098],[100.85112592895905,5.531065567214098],[100.85112592895905,5.531459283276329],[100.85008951217793,5.531852999593619],[100.84957130378737,5.531065567214098],[100.85008951217793,5.531065567214098],[100.85008951217793,5.530671851406901],[100.8506077205685,5.530671851406901],[100.8506077205685,5.531065567214098]],[[100.84905309539681,5.551932870415629],[100.84957130378737,5.551932870415629],[100.84957130378737,5.552326600021476],[100.84853488700627,5.552720329883366],[100.84801667861569,5.551932870415629],[100.84853488700627,5.551932870415629],[100.84853488700627,5.551539141065805],[100.84905309539681,5.551539141065805],[100.84905309539681,5.551932870415629]],[[100.81640596679149,5.549176770342321],[100.81796059196319,5.5499642262263755],[100.81796059196319,5.550751683134155],[100.81744238357261,5.550751683134155],[100.81744238357261,5.551145411971988],[100.81588775840093,5.550357954552291],[100.81588775840093,5.549570498156393],[100.81640596679149,5.549570498156393],[100.81640596679149,5.549176770342321]],[[100.85941726320802,5.549176770342321],[100.86045367998915,5.548783042784143],[100.86097188837972,5.549570498156393],[100.86200830516083,5.549570498156393],[100.86200830516083,5.5499642262263755],[100.86252651355139,5.5499642262263755],[100.86252651355139,5.550751683134155],[100.86200830516083,5.550751683134155],[100.86200830516083,5.551145411971988],[100.86149009677027,5.551145411971988],[100.86149009677027,5.550751683134155],[100.86045367998915,5.550751683134155],[100.85941726320802,5.549176770342321]],[[100.86615397228532,5.547601861644783],[100.86688047972017,5.546814408831001],[100.8669591,5.545703394009774],[100.8656716,5.544464694011007],[100.8664012,5.541175594014308],[100.8639765,5.539103994016405],[100.86532829999999,5.536498294019031],[100.8669162,5.536241994019264],[100.8683753,5.537160394018348],[100.86798899999998,5.537822494017694],[100.86865420000001,5.541923094013569],[100.8703279,5.543631694011864],[100.8692765,5.54506269401041],[100.86882589999999,5.5471556940083175],[100.86925500000001,5.548073994007366],[100.8683753,5.550530094004918],[100.86764569999998,5.550252394005208],[100.8670449,5.551576594003852],[100.86629389999999,5.550679594004744],[100.86678739999998,5.549312694006121],[100.86658306595825,5.547601861644783],[100.86615397228532,5.547601861644783]],[[100.86304472194196,5.548389315481838],[100.8635629303325,5.548389315481838],[100.8635629303325,5.548783042784143],[100.86252651355139,5.549176770342321],[100.86200830516083,5.548389315481838],[100.86252651355139,5.548389315481838],[100.86252651355139,5.54799558843539],[100.86304472194196,5.54799558843539],[100.86304472194196,5.548389315481838]],[[100.86304472194196,5.546420682807791],[100.8635629303325,5.546420682807791],[100.8635629303325,5.546814408831001],[100.86252651355139,5.547208135109991],[100.86200830516083,5.546420682807791],[100.86252651355139,5.546420682807791],[100.86252651355139,5.546026957040348],[100.86304472194196,5.546026957040348],[100.86304472194196,5.546420682807791]],[[100.8651175555042,5.546026957040348],[100.86563576389476,5.546026957040348],[100.86563576389476,5.546420682807791],[100.86459934711363,5.546814408831001],[100.86408113872307,5.546026957040348],[100.86459934711363,5.546026957040348],[100.86459934711363,5.5456332315286465],[100.8651175555042,5.5456332315286465],[100.8651175555042,5.546026957040348]],[[100.85527159608354,5.542483436639615],[100.85578980447411,5.542483436639615],[100.85578980447411,5.542877160106028],[100.85475338769298,5.543270883828038],[100.85423517930242,5.542483436639615],[100.85475338769298,5.542483436639615],[100.85475338769298,5.542089713428776],[100.85527159608354,5.542089713428776],[100.85527159608354,5.542483436639615]],[[100.88014559883045,5.5413022677737604],[100.88118201561156,5.540908545329544],[100.88118201561156,5.5413022677737604],[100.88170022400213,5.5413022677737604],[100.88170022400213,5.542089713428776],[100.8796273904399,5.543270883828038],[100.8796273904399,5.542877160106028],[100.87910918204932,5.542877160106028],[100.87910918204932,5.542089713428776],[100.8796273904399,5.542089713428776],[100.88014559883045,5.5413022677737604]],[[100.83454326046112,5.53775877497234],[100.83506146885168,5.53775877497234],[100.83506146885168,5.537365054826978],[100.83454326046112,5.537365054826978],[100.83454326046112,5.536577615302239],[100.83402505207056,5.536577615302239],[100.83402505207056,5.536183895922823],[100.83506146885168,5.535790176798691],[100.83454326046112,5.535002739316186],[100.83557967724224,5.534609020957777],[100.83557967724224,5.53342786741371],[100.83609788563281,5.53342786741371],[100.83609788563281,5.533034150076009],[100.83765251080447,5.533034150076009],[100.83765251080447,5.53342786741371],[100.8386889275856,5.53342786741371],[100.8386889275856,5.533034150076009],[100.83972534436673,5.53342786741371],[100.83972534436673,5.533034150076009],[100.84024355275729,5.533034150076009],[100.84024355275729,5.53342786741371],[100.84076176114785,5.53342786741371],[100.84024355275729,5.534215302854575],[100.83972534436673,5.534215302854575],[100.83972534436673,5.533821585006558],[100.83920713597617,5.533821585006558],[100.83920713597617,5.534215302854575],[100.8386889275856,5.534215302854575],[100.8386889275856,5.533821585006558],[100.83765251080447,5.534215302854575],[100.83765251080447,5.534609020957777],[100.83817071919505,5.534609020957777],[100.83817071919505,5.535002739316186],[100.83765251080447,5.535002739316186],[100.83765251080447,5.535790176798691],[100.83817071919505,5.535790176798691],[100.83817071919505,5.536183895922823],[100.83713430241393,5.536577615302239],[100.83713430241393,5.5369713349369505],[100.8386889275856,5.53775877497234],[100.83817071919505,5.538546216029146],[100.83713430241393,5.538152495373057],[100.83765251080447,5.539727379529833],[100.83817071919505,5.539727379529833],[100.83817071919505,5.5401211012076],[100.83765251080447,5.5401211012076],[100.83765251080447,5.540908545329544],[100.83713430241393,5.540908545329544],[100.8382487,5.5434394940120155],[100.8378196,5.5441442940113435],[100.8372402,5.54429379401118],[100.837326,5.543076394012419],[100.8367896,5.5429482940125165],[100.83648919999999,5.541773594013714],[100.8348584,5.54173089401376],[100.83418249999998,5.540310594015194],[100.83301299999998,5.540214494015264],[100.831275,5.538420494017071],[100.83159679999999,5.537865194017639],[100.83454326046112,5.538243978358691],[100.83454326046112,5.53775877497234]],[[100.87496351492484,5.542483436639615],[100.87392709814371,5.542877160106028],[100.87340888975318,5.541928429262782],[100.87110039999999,5.541645494013819],[100.87058539999998,5.539872794015641],[100.8695555,5.5390184940165055],[100.8703279,5.5375234940179645],[100.87030649999997,5.536071194019436],[100.8745765,5.536241994019264],[100.87532759999999,5.537779794017717],[100.87635749999998,5.537737094017766],[100.8764434,5.537139094018366],[100.87464089999999,5.535216894020317],[100.876143,5.534148994021391],[100.877881,5.534576094020969],[100.87826729999999,5.539787394015697],[100.87751619999997,5.5402572940152215],[100.8756494,5.540428094015061],[100.87496351492484,5.542483436639615]],[[100.79619583955964,5.540514823140829],[100.79671404795018,5.540514823140829],[100.79619583955964,5.5413022677737604],[100.79515942277851,5.5413022677737604],[100.79515942277851,5.540908545329544],[100.79464121438794,5.540908545329544],[100.79515942277851,5.5401211012076],[100.79619583955964,5.5401211012076],[100.79619583955964,5.540514823140829]],[[100.86200830516083,5.539333658107517],[100.86252651355139,5.539333658107517],[100.86252651355139,5.539727379529833],[100.86149009677027,5.5401211012076],[100.86097188837972,5.539333658107517],[100.86149009677027,5.539333658107517],[100.86149009677027,5.5389399369406265],[100.86200830516083,5.5389399369406265],[100.86200830516083,5.539333658107517]],[[100.8796273904399,5.539333658107517],[100.88014559883045,5.539333658107517],[100.88014559883045,5.539727379529833],[100.87910918204932,5.5401211012076],[100.87859097365876,5.539333658107517],[100.87910918204932,5.539333658107517],[100.87910918204932,5.5389399369406265],[100.8796273904399,5.5389399369406265],[100.8796273904399,5.539333658107517]],[[100.88377305756437,5.535790176798691],[100.88429126595493,5.535790176798691],[100.88429126595493,5.536183895922823],[100.88325484917382,5.536577615302239],[100.88273664078326,5.535790176798691],[100.88325484917382,5.535790176798691],[100.88325484917382,5.535396457929816],[100.88377305756437,5.535396457929816],[100.88377305756437,5.535790176798691]],[[100.8796273904399,5.535396457929816],[100.88014559883045,5.535396457929816],[100.88014559883045,5.535790176798691],[100.87910918204932,5.536183895922823],[100.87859097365876,5.535396457929816],[100.87910918204932,5.535396457929816],[100.87910918204932,5.535002739316186],[100.8796273904399,5.535002739316186],[100.8796273904399,5.535396457929816]],[[100.89621005893783,5.534609020957777],[100.89672826732838,5.534609020957777],[100.89672826732838,5.535002739316186],[100.89517364215672,5.535790176798691],[100.89517364215672,5.535396457929816],[100.89465543376615,5.535396457929816],[100.89465543376615,5.534609020957777],[100.89517364215672,5.534609020957777],[100.89517364215672,5.534215302854575],[100.89621005893783,5.534215302854575],[100.89621005893783,5.534609020957777]],[[100.85216234574017,5.534215302854575],[100.85268055413074,5.534215302854575],[100.85268055413074,5.534609020957777],[100.85164413734962,5.535002739316186],[100.85112592895905,5.534215302854575],[100.85164413734962,5.534215302854575],[100.85164413734962,5.533821585006558],[100.85216234574017,5.533821585006558],[100.85216234574017,5.534215302854575]],[[100.87910918204932,5.53342786741371],[100.8796273904399,5.53342786741371],[100.8796273904399,5.534215302854575],[100.87859097365876,5.534609020957777],[100.87859097365876,5.534215302854575],[100.87807276526821,5.534215302854575],[100.87807276526821,5.53342786741371],[100.87859097365876,5.53342786741371],[100.87859097365876,5.533034150076009],[100.87910918204932,5.533034150076009],[100.87910918204932,5.53342786741371]],[[100.84179817792896,5.532246716165983],[100.84231638631952,5.532246716165983],[100.84231638631952,5.533034150076009],[100.8412799695384,5.53342786741371],[100.8412799695384,5.533034150076009],[100.84076176114785,5.533034150076009],[100.84076176114785,5.532246716165983],[100.8412799695384,5.532246716165983],[100.8412799695384,5.531852999593619],[100.84179817792896,5.531852999593619],[100.84179817792896,5.532246716165983]],[[100.8438710114912,5.529096990728118],[100.84490742827232,5.529096990728118],[100.84490742827232,5.528703276195831],[100.8454256366629,5.528703276195831],[100.84594384505345,5.52949070551535],[100.8454256366629,5.52949070551535],[100.8454256366629,5.529884420557546],[100.84490742827232,5.529884420557546],[100.84490742827232,5.52949070551535],[100.8438710114912,5.52949070551535],[100.8438710114912,5.529884420557546],[100.84335280310066,5.529884420557546],[100.84283459471008,5.529096990728118],[100.84335280310066,5.529096990728118],[100.84335280310066,5.528703276195831],[100.8438710114912,5.528703276195831],[100.8438710114912,5.529096990728118]],[[100.84594384505345,5.526340994354895],[100.84646205344401,5.526340994354895],[100.84646205344401,5.526734707357907],[100.8454256366629,5.527128420615751],[100.84490742827232,5.526340994354895],[100.8454256366629,5.526340994354895],[100.8454256366629,5.525947281606697],[100.84594384505345,5.525947281606697],[100.84594384505345,5.526340994354895]],[[100.90398318479625,5.523191299502543],[100.9045013931868,5.523191299502543],[100.9045013931868,5.5235850104675634],[100.90346497640567,5.523978721687269],[100.90294676801511,5.523191299502543],[100.90346497640567,5.523191299502543],[100.90346497640567,5.52279758879219],[100.90398318479625,5.52279758879219],[100.90398318479625,5.523191299502543]],[[100.80604179898029,5.520829039059746],[100.80656000737083,5.520829039059746],[100.80656000737083,5.5212227484970535],[100.80552359058973,5.521616458188932],[100.80500538219916,5.520829039059746],[100.80552359058973,5.520829039059746],[100.80552359058973,5.520435329876993],[100.80604179898029,5.520435329876993],[100.80604179898029,5.520829039059746]],[[100.89310080859448,5.515317133657122],[100.89361901698503,5.515317133657122],[100.89361901698503,5.515710839532371],[100.89258260020391,5.51610454566193],[100.89206439181335,5.515317133657122],[100.89258260020391,5.515317133657122],[100.89258260020391,5.514923428036167],[100.89310080859448,5.514923428036167],[100.89310080859448,5.515317133657122]],[[100.83920713597617,5.513348608094908],[100.83972534436673,5.513348608094908],[100.83972534436673,5.513742312698875],[100.8386889275856,5.514136017557063],[100.83817071919505,5.513348608094908],[100.8386889275856,5.513348608094908],[100.8386889275856,5.5129549037451415],[100.83920713597617,5.5129549037451415],[100.83920713597617,5.513348608094908]],[[100.87910918204932,5.513348608094908],[100.8796273904399,5.513348608094908],[100.8796273904399,5.513742312698875],[100.87859097365876,5.514136017557063],[100.87807276526821,5.513348608094908],[100.87859097365876,5.513348608094908],[100.87859097365876,5.5129549037451415],[100.87910918204932,5.5129549037451415],[100.87910918204932,5.513348608094908]],[[100.82469730104046,5.509411576033171],[100.82521550943103,5.509411576033171],[100.82521550943103,5.509805278095975],[100.8241790926499,5.51019898041281],[100.82366088425934,5.509411576033171],[100.8241790926499,5.509411576033171],[100.8241790926499,5.509017874224384],[100.82469730104046,5.509017874224384],[100.82469730104046,5.509411576033171]],[[100.87081784780037,5.505474569372858],[100.87133605619091,5.505474569372858],[100.87133605619091,5.505868268896356],[100.87029963940981,5.5062619686737],[100.86978143101923,5.505474569372858],[100.87029963940981,5.505474569372858],[100.87029963940981,5.50508087010319],[100.87081784780037,5.50508087010319],[100.87081784780037,5.505474569372858]],[[100.82003342552542,5.503899773816963],[100.82055163391598,5.503899773816963],[100.82055163391598,5.504293472325261],[100.81951521713485,5.504687171087329],[100.81899700874429,5.503899773816963],[100.81951521713485,5.503899773816963],[100.81951521713485,5.503506075562421],[100.82003342552542,5.503506075562421],[100.82003342552542,5.503899773816963]],[[100.867708597457,5.503506075562421],[100.86822680584757,5.503506075562421],[100.86822680584757,5.503899773816963],[100.86719038906644,5.504293472325261],[100.86667218067586,5.503506075562421],[100.86719038906644,5.503506075562421],[100.86719038906644,5.503112377561613],[100.867708597457,5.503112377561613],[100.867708597457,5.503506075562421]],[[100.8241790926499,5.503112377561613],[100.82469730104046,5.503112377561613],[100.82469730104046,5.503506075562421],[100.82366088425934,5.503899773816963],[100.82314267586878,5.503112377561613],[100.82366088425934,5.503112377561613],[100.82366088425934,5.502718679814524],[100.8241790926499,5.502718679814524],[100.8241790926499,5.503112377561613]],[[100.9070924351396,5.502718679814524],[100.90761064353018,5.502718679814524],[100.90761064353018,5.503112377561613],[100.90657422674904,5.503506075562421],[100.90605601835848,5.502718679814524],[100.90657422674904,5.502718679814524],[100.90657422674904,5.50232498232113],[100.9070924351396,5.50232498232113],[100.9070924351396,5.502718679814524]],[[100.82573371782159,5.501537588095366],[100.82625192621214,5.501537588095366],[100.82625192621214,5.501931285081417],[100.82521550943103,5.50232498232113],[100.82469730104046,5.501537588095366],[100.82521550943103,5.501537588095366],[100.82521550943103,5.501143891362954],[100.82573371782159,5.501143891362954],[100.82573371782159,5.501537588095366]],[[100.8438710114912,5.501537588095366],[100.84438921988178,5.501537588095366],[100.84438921988178,5.501931285081417],[100.84335280310066,5.50232498232113],[100.84283459471008,5.501537588095366],[100.84335280310066,5.501537588095366],[100.84335280310066,5.501143891362954],[100.8438710114912,5.501143891362954],[100.8438710114912,5.501537588095366]],[[100.89154618342278,5.501537588095366],[100.89206439181335,5.501537588095366],[100.89206439181335,5.501931285081417],[100.89102797503222,5.50232498232113],[100.89050976664167,5.501537588095366],[100.89102797503222,5.501537588095366],[100.89102797503222,5.501143891362954],[100.89154618342278,5.501143891362954],[100.89154618342278,5.501537588095366]],[[100.88947334986054,5.501143891362954],[100.88999155825111,5.501143891362954],[100.88999155825111,5.501537588095366],[100.88895514146998,5.501931285081417],[100.8884369330794,5.501143891362954],[100.88895514146998,5.501143891362954],[100.88895514146998,5.500750194884168],[100.88947334986054,5.500750194884168],[100.88947334986054,5.501143891362954]],[[100.88791872468887,5.49799432663256],[100.8884369330794,5.49799432663256],[100.8884369330794,5.498781716293938],[100.8874005162983,5.499175411504886],[100.8874005162983,5.498781716293938],[100.88688230790774,5.498781716293938],[100.88688230790774,5.49799432663256],[100.8874005162983,5.49799432663256],[100.8874005162983,5.4976006321820945],[100.88791872468887,5.4976006321820945],[100.88791872468887,5.49799432663256]],[[100.87703634848708,5.488152041364978],[100.87755455687766,5.488152041364978],[100.87755455687766,5.488545729737627],[100.87651814009652,5.488939418363307],[100.87599993170595,5.488152041364978],[100.87651814009652,5.488152041364978],[100.87651814009652,5.487758353245336],[100.87703634848708,5.487758353245336],[100.87703634848708,5.488152041364978]],[[100.87755455687766,5.4861836032965],[100.87807276526821,5.4861836032965],[100.87807276526821,5.486577290404289],[100.87703634848708,5.4869709777650115],[100.87651814009652,5.4861836032965],[100.87703634848708,5.4861836032965],[100.87703634848708,5.4857899164416315],[100.87755455687766,5.4857899164416315],[100.87755455687766,5.4861836032965]],[[100.85941726320802,5.4822467461259965],[100.85993547159859,5.4822467461259965],[100.85993547159859,5.482640430705453],[100.85889905481747,5.483034115537654],[100.85838084642691,5.4822467461259965],[100.85889905481747,5.4822467461259965],[100.85889905481747,5.481853061799274],[100.85941726320802,5.481853061799274],[100.85941726320802,5.4822467461259965]],[[100.87185426458147,5.4822467461259965],[100.87237247297205,5.4822467461259965],[100.87237247297205,5.482640430705453],[100.87133605619091,5.483034115537654],[100.87081784780037,5.4822467461259965],[100.87133605619091,5.4822467461259965],[100.87133605619091,5.481853061799274],[100.87185426458147,5.481853061799274],[100.87185426458147,5.4822467461259965]],[[100.75784841865814,5.451146461451614],[100.7591772,5.449716194106455],[100.76168769999998,5.450955094105196],[100.76207399999998,5.452343494103813],[100.7611084,5.453048394103085],[100.75885530000001,5.453261994102866],[100.75827599999998,5.455739894100371],[100.75743909999998,5.456401994099699],[100.75434919999998,5.455739894100371],[100.753448,5.454821394101278],[100.7545209,5.452023094104099],[100.75598,5.45377469410236],[100.75666659999999,5.45371059410242],[100.75784841865814,5.451146461451614]],[[100.8506077205685,5.449965468946164],[100.85112592895905,5.449965468946164],[100.85112592895905,5.450359132863416],[100.85008951217793,5.450752797031893],[100.84957130378737,5.449965468946164],[100.85008951217793,5.449965468946164],[100.85008951217793,5.449571805280121],[100.8506077205685,5.449571805280121],[100.8506077205685,5.449965468946164]],[[100.79878688151244,5.4448478608749395],[100.79930508990299,5.4448478608749395],[100.79930508990299,5.445241521527954],[100.79826867312188,5.445635182431952],[100.79775046473131,5.4448478608749395],[100.79826867312188,5.4448478608749395],[100.79826867312188,5.444454200472891],[100.79878688151244,5.444454200472891],[100.79878688151244,5.4448478608749395]],[[100.76043946061094,5.4440605403217885],[100.76095766900151,5.4440605403217885],[100.76095766900151,5.444454200472891],[100.75992125222038,5.4448478608749395],[100.75940304382982,5.4440605403217885],[100.75992125222038,5.4440605403217885],[100.75992125222038,5.443666880421614],[100.76043946061094,5.443666880421614],[100.76043946061094,5.4440605403217885]],[[100.79153196404457,5.4428795613739736],[100.79205017243514,5.4428795613739736],[100.79205017243514,5.443273220772348],[100.79101375565403,5.443666880421614],[100.79049554726346,5.4428795613739736],[100.79101375565403,5.4428795613739736],[100.79101375565403,5.442485902226471],[100.79153196404457,5.442485902226471],[100.79153196404457,5.4428795613739736]],[[100.79878688151244,5.442485902226471],[100.79930508990299,5.442485902226471],[100.79930508990299,5.4428795613739736],[100.79826867312188,5.443273220772348],[100.79775046473131,5.442485902226471],[100.79826867312188,5.442485902226471],[100.79826867312188,5.4420922433298236],[100.79878688151244,5.4420922433298236],[100.79878688151244,5.442485902226471]],[[100.77494929554663,5.438942981185135],[100.7728764619844,5.4377620120177115],[100.77235825359384,5.436974700492614],[100.7749057,5.4361305941201525],[100.7757425,5.4366859941195935],[100.7767296,5.438758094117533],[100.77494929554663,5.438942981185135]],[[100.84335280310066,5.428707989968991],[100.8438710114912,5.428707989968991],[100.8438710114912,5.429101640347673],[100.84283459471008,5.429495290976577],[100.84231638631952,5.428707989968991],[100.84283459471008,5.428707989968991],[100.84283459471008,5.428314339840512],[100.84335280310066,5.428314339840512],[100.84335280310066,5.428707989968991]],[[100.8412799695384,5.412174899768636],[100.84179817792896,5.412174899768636],[100.84179817792896,5.412568539654776],[100.84076176114785,5.412962179790357],[100.84024355275729,5.412174899768636],[100.84076176114785,5.412174899768636],[100.84076176114785,5.41178126013192],[100.8412799695384,5.41178126013192],[100.8412799695384,5.412174899768636]],[[100.76095766900151,5.396823138575677],[100.76147587739207,5.396823138575677],[100.76147587739207,5.39721676874808],[100.76043946061094,5.397610399169198],[100.75992125222038,5.396823138575677],[100.76043946061094,5.396823138575677],[100.76043946061094,5.3964295086519725],[100.76095766900151,5.3964295086519725],[100.76095766900151,5.396823138575677]],[[100.79153196404457,5.388950587329658],[100.79298881588227,5.386588841332147],[100.7925683808257,5.386588841332147],[100.7925683808257,5.386195217868091],[100.79342012506169,5.385801594652233],[100.79723225634075,5.378843548714124],[100.79671404795018,5.378716419187391],[100.79671404795018,5.377929182427948],[100.79723225634075,5.377929182427948],[100.79723225634075,5.377535564419948],[100.79775046473131,5.377535564419948],[100.79775046473131,5.377897701176478],[100.7981645,5.37714199417979],[100.79723225634075,5.376151931069288],[100.79671404795018,5.3763547118826045],[100.79671404795018,5.375961094865648],[100.79567763116907,5.375567478096405],[100.79567763116907,5.3751738615748605],[100.79619583955964,5.3751738615748605],[100.79619583955964,5.374780245300992],[100.79723225634075,5.374780245300992],[100.79723225634075,5.374386629274783],[100.79775046473131,5.374386629274783],[100.79826867312188,5.3751738615748605],[100.79878688151244,5.3751738615748605],[100.79878688151244,5.374780245300992],[100.79982329829355,5.374780245300992],[100.79982329829355,5.375030624837352],[100.806311,5.373408494183552],[100.8173023,5.375940394181011],[100.8160523,5.379030094177877],[100.81721609999998,5.382849394174038],[100.81837989999998,5.384179694172694],[100.8191126,5.3891146941676915],[100.8239402,5.39087409416588],[100.82514709999997,5.392848094163921],[100.8246298,5.393920894162822],[100.82337979999998,5.394521694162196],[100.82225909999998,5.392719394164056],[100.8198023,5.39246189416429],[100.8180781,5.3909598941658095],[100.8157937,5.39087409416588],[100.8191126,5.39413549416261],[100.8180781,5.396409794160311],[100.815104,5.393019694163745],[100.8125178,5.392719394164056],[100.8110092,5.39400669416275],[100.8102765,5.393792194162955],[100.8101472,5.39164649416512],[100.80751789999998,5.390530794166244],[100.80730229999998,5.393019694163745],[100.80527649999999,5.39400669416275],[100.79898340000001,5.391989794164773],[100.79790589999999,5.390273294166507],[100.796699,5.390230394166536],[100.79687139999999,5.391818194164933],[100.7929921,5.391861094164914],[100.7921731,5.391474894165301],[100.79153196404457,5.388950587329658]],[[100.7386747082074,5.390131463680583],[100.73919291659796,5.390131463680583],[100.73919291659796,5.3905250896276335],[100.73815649981684,5.390918715823085],[100.73763829142628,5.390131463680583],[100.73815649981684,5.390131463680583],[100.73815649981684,5.389737837981916],[100.7386747082074,5.389737837981916],[100.7386747082074,5.390131463680583]],[[100.78790450531066,5.389737837981916],[100.78842271370122,5.389737837981916],[100.78842271370122,5.390131463680583],[100.78738629692009,5.3905250896276335],[100.78686808852953,5.389737837981916],[100.78738629692009,5.389737837981916],[100.78738629692009,5.389344212531615],[100.78790450531066,5.389344212531615],[100.78790450531066,5.389737837981916]],[[100.79567763116907,5.370450482629849],[100.79567763116907,5.37084409618049],[100.79412300599738,5.37084409618049],[100.79360479760683,5.370056869326664],[100.79412300599738,5.370056869326664],[100.79412300599738,5.369663256270913],[100.79567763116907,5.369663256270913],[100.79567763116907,5.370056869326664],[100.79619583955964,5.370056869326664],[100.79619583955964,5.370450482629849],[100.79567763116907,5.370450482629849]],[[100.79308658921627,5.370056869326664],[100.79308658921627,5.370450482629849],[100.79205017243514,5.370056869326664],[100.79205017243514,5.368876030901649],[100.7925683808257,5.368876030901649],[100.7925683808257,5.368482418588099],[100.79360479760683,5.368876030901649],[100.79360479760683,5.370056869326664],[100.79308658921627,5.370056869326664]],[[100.81381492483868,5.366907971807322],[100.81433313322924,5.366907971807322],[100.81433313322924,5.367301583131537],[100.81329671644812,5.367695194703061],[100.81277850805758,5.366907971807322],[100.81329671644812,5.366907971807322],[100.81329671644812,5.366514360730393],[100.81381492483868,5.366514360730393],[100.81381492483868,5.366907971807322]],[[100.78634988013899,5.36454630905442],[100.78686808852953,5.36454630905442],[100.78686808852953,5.363759090114393],[100.78738629692009,5.363759090114393],[100.78738629692009,5.363365481015101],[100.78790450531066,5.363365481015101],[100.78842271370122,5.364152699460828],[100.78894092209177,5.364152699460828],[100.78894092209177,5.363759090114393],[100.7899773388729,5.364152699460828],[100.7899773388729,5.364939918895188],[100.78945913048233,5.364939918895188],[100.78945913048233,5.36533352898315],[100.78894092209177,5.36533352898315],[100.78842271370122,5.36454630905442],[100.78790450531066,5.36454630905442],[100.78738629692009,5.36533352898315],[100.78686808852953,5.36533352898315],[100.78686808852953,5.364939918895188],[100.78583167174843,5.36533352898315],[100.78531346335785,5.36454630905442],[100.78583167174843,5.36454630905442],[100.78583167174843,5.364152699460828],[100.78634988013899,5.364152699460828],[100.78634988013899,5.36454630905442]],[[100.81951521713485,5.363365481015101],[100.82003342552542,5.363365481015101],[100.82003342552542,5.363759090114393],[100.81899700874429,5.364152699460828],[100.81847880035373,5.363365481015101],[100.81899700874429,5.363365481015101],[100.81899700874429,5.362971872162925],[100.81951521713485,5.362971872162925],[100.81951521713485,5.363365481015101]],[[100.78531346335785,5.359823010239651],[100.78634988013899,5.360216617115528],[100.78634988013899,5.361003831608217],[100.78479525496729,5.361791047088944],[100.78427704657672,5.361003831608217],[100.78479525496729,5.361003831608217],[100.78479525496729,5.360216617115528],[100.78531346335785,5.360216617115528],[100.78531346335785,5.359823010239651]],[[100.78738629692009,5.358642191093669],[100.78583167174843,5.357854979564199],[100.78634988013899,5.3570677690221755],[100.78842271370122,5.358248585205496],[100.78842271370122,5.358642191093669],[100.78790450531066,5.358642191093669],[100.78842271370122,5.359429403610729],[100.78686808852953,5.360216617115528],[100.78634988013899,5.359429403610729],[100.78686808852953,5.359429403610729],[100.78738629692009,5.358642191093669]],[[100.78324062979561,5.356280559467446],[100.78272242140505,5.356280559467446],[100.78168600462392,5.3550997469862045],[100.78064958784282,5.3550997469862045],[100.78064958784282,5.355493350899862],[100.78013137945224,5.355493350899862],[100.77961317106168,5.3547061433192775],[100.78168600462392,5.353918936725543],[100.78168600462392,5.3543125398990625],[100.78220421301448,5.3543125398990625],[100.78375883818619,5.35588695506027],[100.78479525496729,5.35588695506027],[100.78479525496729,5.355493350899862],[100.78583167174843,5.35588695506027],[100.78583167174843,5.356674164121409],[100.78531346335785,5.356674164121409],[100.78531346335785,5.3570677690221755],[100.78479525496729,5.3570677690221755],[100.78427704657672,5.356280559467446],[100.78375883818619,5.356280559467446],[100.78375883818619,5.356674164121409],[100.78324062979561,5.356674164121409],[100.78324062979561,5.356280559467446]],[[100.80241434024636,5.351557322863943],[100.80189613185578,5.351557322863943],[100.80189613185578,5.351163721416759],[100.80293254863692,5.3507701202161195],[100.80293254863692,5.351163721416759],[100.80345075702749,5.351163721416759],[100.80345075702749,5.351557322863943],[100.80293254863692,5.351557322863943],[100.80345075702749,5.3523445264980225],[100.80293254863692,5.3523445264980225],[100.80293254863692,5.353918936725543],[100.80189613185578,5.3543125398990625],[100.80189613185578,5.353918936725543],[100.80137792346522,5.353918936725543],[100.80137792346522,5.352738128684953],[100.80189613185578,5.352738128684953],[100.80189613185578,5.35195092455769],[100.80241434024636,5.35195092455769],[100.80241434024636,5.351557322863943]],[[100.77598571232777,5.351163721416759],[100.77650392071834,5.351163721416759],[100.77650392071834,5.351557322863943],[100.77546750393721,5.35195092455769],[100.77494929554663,5.351163721416759],[100.77546750393721,5.351163721416759],[100.77546750393721,5.3507701202161195],[100.77598571232777,5.3507701202161195],[100.77598571232777,5.351163721416759]],[[100.81329671644812,5.350376519262007],[100.81381492483868,5.350376519262007],[100.81381492483868,5.3507701202161195],[100.81277850805758,5.351163721416759],[100.812260299667,5.350376519262007],[100.81277850805758,5.350376519262007],[100.81277850805758,5.349982918554403],[100.81329671644812,5.349982918554403],[100.81329671644812,5.350376519262007]],[[100.80345075702749,5.349195717878645],[100.8044871738086,5.348802117910455],[100.80500538219916,5.349589318093288],[100.8044871738086,5.349589318093288],[100.8044871738086,5.349982918554403],[100.80396896541802,5.349982918554403],[100.80396896541802,5.349589318093288],[100.80293254863692,5.349982918554403],[100.80241434024636,5.349195717878645],[100.80293254863692,5.349195717878645],[100.80293254863692,5.348802117910455],[100.80345075702749,5.348802117910455],[100.80345075702749,5.349195717878645]],[[100.81018746610476,5.346440523275773],[100.81070567449534,5.346440523275773],[100.81070567449534,5.346834121765638],[100.8096692577142,5.347227720501845],[100.80915104932363,5.346440523275773],[100.8096692577142,5.346440523275773],[100.8096692577142,5.34604692503223],[100.81018746610476,5.34604692503223],[100.81018746610476,5.346440523275773]],[[100.8215880506971,5.3448661317793515],[100.82210625908766,5.3448661317793515],[100.82210625908766,5.345259729284038],[100.82106984230654,5.3456533270349915],[100.82055163391598,5.3448661317793515],[100.82106984230654,5.3448661317793515],[100.82106984230654,5.344472534520915],[100.8215880506971,5.344472534520915],[100.8215880506971,5.3448661317793515]],[[100.81381492483868,5.33738782595636],[100.81433313322924,5.33738782595636],[100.81433313322924,5.337781418785497],[100.81329671644812,5.338175011860552],[100.81277850805758,5.33738782595636],[100.81329671644812,5.33738782595636],[100.81329671644812,5.336994233373114],[100.81381492483868,5.336994233373114],[100.81381492483868,5.33738782595636]],[[100.78064958784282,5.33620704894424],[100.78116779623338,5.33620704894424],[100.78116779623338,5.33660064103575],[100.78013137945224,5.336994233373114],[100.77961317106168,5.33620704894424],[100.78013137945224,5.33620704894424],[100.78013137945224,5.335813457098575],[100.78064958784282,5.335813457098575],[100.78064958784282,5.33620704894424]],[[100.78220421301448,5.324399400431311],[100.78272242140505,5.324399400431311],[100.78272242140505,5.324792985155685],[100.78168600462392,5.325186570125358],[100.78116779623338,5.324399400431311],[100.78168600462392,5.324399400431311],[100.78168600462392,5.324005815952223],[100.78220421301448,5.324005815952223],[100.78220421301448,5.324399400431311]],[[100.77339467037497,5.322431480488334],[100.77443108715607,5.322431480488334],[100.77494929554663,5.323218647729823],[100.77443108715607,5.323218647729823],[100.77443108715607,5.323612231718401],[100.77339467037497,5.323612231718401],[100.77339467037497,5.324005815952223],[100.77235825359384,5.324005815952223],[100.77235825359384,5.323612231718401],[100.77184004520328,5.323612231718401],[100.77184004520328,5.322431480488334],[100.77235825359384,5.322431480488334],[100.77235825359384,5.322037897235387],[100.77339467037497,5.322037897235387],[100.77339467037497,5.322431480488334]],[[100.78013137945224,5.322037897235387],[100.78064958784282,5.322037897235387],[100.78064958784282,5.32164431422761],[100.78168600462392,5.322037897235387],[100.78168600462392,5.323218647729823],[100.78116779623338,5.323218647729823],[100.78116779623338,5.323612231718401],[100.77961317106168,5.322825063986476],[100.78013137945224,5.322037897235387]],[[100.77961317106168,5.320857148947501],[100.78013137945224,5.320857148947501],[100.78013137945224,5.32164431422761],[100.77909496267111,5.322037897235387],[100.77909496267111,5.32164431422761],[100.77857675428058,5.32164431422761],[100.77857675428058,5.320857148947501],[100.77909496267111,5.320857148947501],[100.77909496267111,5.320463566675129],[100.77961317106168,5.320463566675129],[100.77961317106168,5.320857148947501]],[[100.78272242140505,5.320857148947501],[100.78324062979561,5.320857148947501],[100.78324062979561,5.321250731464987],[100.78220421301448,5.32164431422761],[100.78168600462392,5.320857148947501],[100.78220421301448,5.320857148947501],[100.78220421301448,5.320463566675129],[100.78272242140505,5.320463566675129],[100.78272242140505,5.320857148947501]],[[100.8096242,5.519241194036368],[100.8115983,5.517447094038172],[100.8113622,5.516293694039342],[100.8104825,5.51528989404034],[100.8118343,5.512363794043319],[100.81370109999999,5.51153079404414],[100.8148384,5.511808494043873],[100.81734890000001,5.514008394041642],[100.81988090000002,5.512812294042844],[100.82297079999998,5.513538494042135],[100.8211469,5.514948194040683],[100.8243227,5.51511899404053],[100.82505219999999,5.516016094039637],[100.8219409,5.516336394039293],[100.8162546,5.517959694037672],[100.8148169,5.519710994035932],[100.8173704,5.520330394035298],[100.81930160000002,5.5194333940361915],[100.82335710000001,5.521376994034235],[100.82391499999997,5.522039094033588],[100.8229279,5.522359494033251],[100.8230352,5.523000194032588],[100.82376479999999,5.523042894032544],[100.8253097,5.52197499403363],[100.8253097,5.520095494035514],[100.8260393,5.518237294037395],[100.8269191,5.517425694038217],[100.83129639999999,5.516699494038952],[100.83288430000002,5.5183440940372925],[100.83367819999998,5.517617894038013],[100.83346359999999,5.516507294039145],[100.83530899999998,5.516784994038837],[100.8356094,5.517489794038153],[100.8396005,5.51652869403911],[100.8439779,5.518215994037415],[100.843699,5.520415894035186],[100.841639,5.5216332940339585],[100.8359098,5.523512794032092],[100.835588,5.525370894030213],[100.83494420000001,5.526139794029451],[100.8357811,5.526972794028594],[100.83700420000001,5.5266737940288975],[100.83758350000001,5.528553294027034],[100.83745479999997,5.531073494024473],[100.8366823,5.532397694023126],[100.83511589999998,5.533187894022357],[100.83339929999998,5.5321840940233535],[100.8356523,5.531158894024392],[100.83567379999998,5.5308171940247375],[100.83494420000001,5.530731794024831],[100.83457939999998,5.5294715940260755],[100.83393569999998,5.528980394026574],[100.8309531,5.528724094026856],[100.83159679999999,5.530240494025311],[100.83106039999998,5.530582294024976],[100.8301163,5.53015509402541],[100.8256745,5.530432794025123],[100.8240223,5.528425094027136],[100.8222627,5.527677594027904],[100.82245589999998,5.5252000940303905],[100.8155679,5.521248794034353],[100.8143234,5.521227494034377],[100.81402299999999,5.522252694033342],[100.8155679,5.523341894032255],[100.81657649999998,5.523534094032054],[100.8161902,5.525178694030411],[100.81348659999999,5.522850694032755],[100.8127355,5.52312829403249],[100.81016060000002,5.521868194033743],[100.80850839999998,5.519411994036195],[100.8096242,5.519241194036368]]],[[[100.85682622125522,5.533821585006558],[100.85786263803635,5.53342786741371],[100.85786263803635,5.533821585006558],[100.85838084642691,5.533821585006558],[100.85838084642691,5.534609020957777],[100.85786263803635,5.534609020957777],[100.85784175521644,5.535002739316186],[100.85838084642691,5.535591931713594],[100.85941726320802,5.535396457929816],[100.85941726320802,5.534609020957777],[100.85889905481747,5.534609020957777],[100.85941726320802,5.533886713903301],[100.85812024694098,5.532640432993441],[100.85786263803635,5.533034150076009],[100.85682622125522,5.532876082536425],[100.85536243449867,5.53342786741371],[100.85682622125522,5.53417251003083],[100.85682622125522,5.533821585006558]]],[[[100.79101375565403,5.524372433161675],[100.79101375565403,5.525006224255348],[100.79151124333583,5.524372433161675],[100.79101375565403,5.524372433161675]]],[[[100.7891536,5.525605894029973],[100.78945913048233,5.525867317722264],[100.78945913048233,5.525553569113294],[100.7891536,5.525605894029973]]],[[[100.79360479760683,5.529236694026321],[100.79412300599738,5.52949070551535],[100.79412300599738,5.529163429056236],[100.79360479760683,5.529236694026321]]],[[[100.79308658921627,5.52949070551535],[100.79308658921627,5.529884420557546],[100.79360479760683,5.529884420557546],[100.79360479760683,5.52949070551535],[100.79308658921627,5.52949070551535]]],[[[100.79301829766966,5.530278135854724],[100.79308658921627,5.529884420557546],[100.7925683808257,5.529884420557546],[100.7925683808257,5.530278135854724],[100.79301829766966,5.530278135854724]]],[[[100.83557967724224,5.535002739316186],[100.83609788563281,5.535002739316186],[100.83609788563281,5.534609020957777],[100.83557967724224,5.534609020957777],[100.83557967724224,5.535002739316186]]],[[[100.83661609402336,5.535002739316186],[100.83609788563281,5.535002739316186],[100.83609788563281,5.535396457929816],[100.83661609402336,5.535396457929816],[100.83661609402336,5.535002739316186]]],[[[100.83661609402336,5.535396457929816],[100.83661609402336,5.535790176798691],[100.83713430241393,5.535790176798691],[100.83713430241393,5.535396457929816],[100.83661609402336,5.535396457929816]]],[[[100.83506146885168,5.535790176798691],[100.83506146885168,5.536183895922823],[100.83557967724224,5.536183895922823],[100.83557967724224,5.535790176798691],[100.83506146885168,5.535790176798691]]],[[[100.83609788563281,5.535790176798691],[100.83557967724224,5.536577615302239],[100.83661609402336,5.5369713349369505],[100.83713430241393,5.536183895922823],[100.83609788563281,5.535790176798691]]],[[[100.85423517930242,5.512292303459793],[100.8543387496019,5.512167495808132],[100.85423517930242,5.512167495808132],[100.85423517930242,5.512292303459793]]],[[[100.84646205344401,5.519647912275073],[100.84698026183457,5.519647912275073],[100.84698026183457,5.51925420385587],[100.84646205344401,5.51925420385587],[100.84646205344401,5.519647912275073]]],[[[100.8506077205685,5.5212227484970535],[100.85112592895905,5.5212227484970535],[100.85112592895905,5.520829039059746],[100.8506077205685,5.520829039059746],[100.8506077205685,5.5212227484970535]]],[[[100.85112592895905,5.521616458188932],[100.85216234574017,5.521616458188932],[100.85216234574017,5.520829039059746],[100.85164413734962,5.520829039059746],[100.85112592895905,5.521616458188932]]],[[[100.84957130378737,5.5212227484970535],[100.84957130378737,5.521616458188932],[100.85008951217793,5.521616458188932],[100.85008951217793,5.5212227484970535],[100.84957130378737,5.5212227484970535]]],[[[100.85423517930242,5.5215881824644795],[100.85475338769298,5.521616458188932],[100.85475338769298,5.521403030520854],[100.85423517930242,5.5215881824644795]]],[[[100.84957130378737,5.527522134128447],[100.84957130378737,5.527915847896014],[100.85008951217793,5.527915847896014],[100.85008951217793,5.527522134128447],[100.84957130378737,5.527522134128447]]],[[[100.85578980447411,5.529884420557546],[100.85423517930242,5.529096990728118],[100.85423517930242,5.527522134128447],[100.85371697091186,5.527522134128447],[100.8531987625213,5.526734707357907],[100.85216234574017,5.526734707357907],[100.85164413734962,5.525947281606697],[100.85008951217793,5.525947281606697],[100.85008951217793,5.526340994354895],[100.84905309539681,5.525947281606697],[100.84905309539681,5.526340994354895],[100.84853488700627,5.526340994354895],[100.84905309539681,5.527128420615751],[100.85008951217793,5.527128420615751],[100.85008951217793,5.526734707357907],[100.8506077205685,5.526734707357907],[100.8506077205685,5.527128420615751],[100.85112592895905,5.527128420615751],[100.85112592895905,5.527915847896014],[100.85216234574017,5.527915847896014],[100.85216234574017,5.5283095619184675],[100.85371697091186,5.529096990728118],[100.85371697091186,5.529884420557546],[100.85423517930242,5.529884420557546],[100.85423517930242,5.530278135854724],[100.85698129999997,5.530881294024685],[100.85734442964578,5.5301328523618],[100.85650919999999,5.529685194025857],[100.85578980447411,5.529884420557546]]],[[[100.83713430241393,5.537365054826978],[100.83713430241393,5.53775877497234],[100.83765251080447,5.53775877497234],[100.83765251080447,5.537365054826978],[100.83713430241393,5.537365054826978]]],[[[100.85490251475471,5.53775877497234],[100.85527159608354,5.537365054826978],[100.85503869086743,5.537365054826978],[100.85490251475471,5.53775877497234]]],[[[100.83713430241393,5.538152495373057],[100.83713430241393,5.53775877497234],[100.83691716649582,5.53775877497234],[100.83681099999998,5.5380360940174596],[100.83713430241393,5.538152495373057]]],[[[100.8483467209098,5.540908545329544],[100.84811245240893,5.5413022677737604],[100.85008951217793,5.5413022677737604],[100.8506077205685,5.540514823140829],[100.8483467209098,5.540908545329544]]],[[[100.84801667861569,5.5416959904734995],[100.84801667861569,5.541463229700209],[100.84787818390808,5.5416959904734995],[100.84801667861569,5.5416959904734995]]],[[[100.84231638631952,5.5416959904734995],[100.84231638631952,5.542089713428776],[100.84283459471008,5.542089713428776],[100.84283459471008,5.5416959904734995],[100.84231638631952,5.5416959904734995]]],[[[100.84594384505345,5.5416959904734995],[100.84594384505345,5.543270883828038],[100.84646205344401,5.543270883828038],[100.84631772947634,5.5416959904734995],[100.84594384505345,5.5416959904734995]]],[[[100.84749847022513,5.542877160106028],[100.84749847022513,5.54233415575382],[100.8469764721907,5.542877160106028],[100.84749847022513,5.542877160106028]]],[[[100.84749847022513,5.542877160106028],[100.84749847022513,5.543270883828038],[100.84801667861569,5.543270883828038],[100.84801667861569,5.542877160106028],[100.84749847022513,5.542877160106028]]],[[[100.8454256366629,5.543270883828038],[100.8454256366629,5.543664607805662],[100.84594384505345,5.543664607805662],[100.84594384505345,5.543270883828038],[100.8454256366629,5.543270883828038]]],[[[100.8454256366629,5.544058332038918],[100.8454256366629,5.544452056527827],[100.84594384505345,5.544452056527827],[100.84594384505345,5.544058332038918],[100.8454256366629,5.544058332038918]]],[[[100.85371697091186,5.544058332038918],[100.85371697091186,5.544452056527827],[100.85423517930242,5.544452056527827],[100.85423517930242,5.544058332038918],[100.85371697091186,5.544058332038918]]],[[[100.84594384505345,5.544845781272404],[100.84594384505345,5.545239506272672],[100.84646205344401,5.545239506272672],[100.84646205344401,5.544845781272404],[100.84594384505345,5.544845781272404]]],[[[100.85112592895905,5.546814408831001],[100.85112592895905,5.547208135109991],[100.85164413734962,5.547208135109991],[100.85164413734962,5.546814408831001],[100.85112592895905,5.546814408831001]]],[[[100.85112592895905,5.549176770342321],[100.85164413734962,5.549176770342321],[100.85164413734962,5.5499642262263755],[100.85268055413074,5.5499642262263755],[100.85268055413074,5.549570498156393],[100.8531987625213,5.549570498156393],[100.8531987625213,5.549176770342321],[100.85216234574017,5.549176770342321],[100.85164413734962,5.548389315481838],[100.85112592895905,5.548389315481838],[100.85112592895905,5.549176770342321]]],[[[100.85371697091186,5.549570498156393],[100.8531987625213,5.549570498156393],[100.8531987625213,5.5499642262263755],[100.85371697091186,5.5499642262263755],[100.85371697091186,5.549570498156393]]],[[[100.85112592895905,5.551932870415629],[100.85112592895905,5.552326600021476],[100.85164413734962,5.552326600021476],[100.85164413734962,5.551932870415629],[100.85112592895905,5.551932870415629]]],[[[100.88429126595493,5.4861836032965],[100.88429126595493,5.486375696358663],[100.88438819281123,5.4861836032965],[100.88429126595493,5.4861836032965]]],[[[100.85838084642691,5.511773792220852],[100.85734442964578,5.511830470587789],[100.85838084642691,5.511892947288888],[100.85838084642691,5.511773792220852]]],[[[100.86149009677027,5.511773792220852],[100.85993547159859,5.511773792220852],[100.85993547159859,5.512167495808132],[100.86097188837972,5.512167495808132],[100.86149009677027,5.512561199649555],[100.86149009677027,5.511773792220852]]],[[[100.86459934711363,5.512167495808132],[100.8651175555042,5.512167495808132],[100.8651175555042,5.512561199649555],[100.86615397228532,5.5129549037451415],[100.86563576389476,5.511380088887699],[100.8651175555042,5.511380088887699],[100.86459934711363,5.512167495808132]]],[[[100.8635629303325,5.515317133657122],[100.8635629303325,5.515710839532371],[100.86408113872307,5.515710839532371],[100.86408113872307,5.515317133657122],[100.8635629303325,5.515317133657122]]],[[[100.8651175555042,5.51610454566193],[100.8651175555042,5.516498252045822],[100.86563576389476,5.516498252045822],[100.86563576389476,5.51610454566193],[100.8651175555042,5.51610454566193]]],[[[100.86563576389476,5.516498252045822],[100.86563576389476,5.5168919586840595],[100.86615397228532,5.5168919586840595],[100.86615397228532,5.516498252045822],[100.86563576389476,5.516498252045822]]],[[[100.86563576389476,5.51807308012506],[100.86563576389476,5.517679372723661],[100.86615397228532,5.517679372723661],[100.86615397228532,5.517285665576669],[100.8651175555042,5.517285665576669],[100.8651175555042,5.51807308012506],[100.86563576389476,5.51807308012506]]],[[[100.8651175555042,5.51846678778088],[100.8651175555042,5.51807308012506],[100.86459934711363,5.51807308012506],[100.86459934711363,5.51846678778088],[100.8635629303325,5.518860495691145],[100.8635629303325,5.51925420385587],[100.86408113872307,5.51925420385587],[100.86408113872307,5.520041620948776],[100.8651175555042,5.519647912275073],[100.8651175555042,5.518860495691145],[100.86563576389476,5.518860495691145],[100.86563576389476,5.51846678778088],[100.8651175555042,5.51846678778088]]],[[[100.85941726320802,5.519647912275073],[100.85941726320802,5.51925420385587],[100.85889905481747,5.51925420385587],[100.85889905481747,5.519647912275073],[100.85786263803635,5.519647912275073],[100.85682622125522,5.520829039059746],[100.85889905481747,5.520829039059746],[100.85889905481747,5.5212227484970535],[100.85941726320802,5.5212227484970535],[100.85941726320802,5.520435329876993],[100.86045367998915,5.520041620948776],[100.86045367998915,5.519647912275073],[100.85941726320802,5.519647912275073]]],[[[100.91538376938858,5.521616458188932],[100.91538376938858,5.5220101681354015],[100.91578238960948,5.5220101681354015],[100.91590197777913,5.521616458188932],[100.91538376938858,5.521616458188932]]],[[[100.90864706031128,5.523978721687269],[100.90882263208873,5.524372433161675],[100.90884811379455,5.523978721687269],[100.90864706031128,5.523978721687269]]],[[[100.90864706031128,5.524372433161675],[100.90812885192074,5.524372433161675],[100.90812885192074,5.524766144890801],[100.90864706031128,5.524766144890801],[100.90864706031128,5.524372433161675]]],[[[100.90864706031128,5.524766144890801],[100.90812885192074,5.525553569113294],[100.9070924351396,5.525553569113294],[100.90657422674904,5.526299884399971],[100.9082651,5.525851494029739],[100.90864706031128,5.524766144890801]]],[[[100.86200830516083,5.525553569113294],[100.86200830516083,5.525947281606697],[100.86304472194196,5.525947281606697],[100.86304472194196,5.525553569113294],[100.86200830516083,5.525553569113294]]],[[[100.85993547159859,5.527128420615751],[100.85993547159859,5.525947281606697],[100.85941726320802,5.525947281606697],[100.85941726320802,5.526734707357907],[100.85889905481747,5.526734707357907],[100.85889905481747,5.527128420615751],[100.85682622125522,5.527128420615751],[100.85682622125522,5.527522134128447],[100.85777325601617,5.527915847896014],[100.85786263803635,5.527522134128447],[100.85838084642691,5.527522134128447],[100.85838084642691,5.527915847896014],[100.85941726320802,5.5283095619184675],[100.85941726320802,5.527915847896014],[100.86045367998915,5.527522134128447],[100.86045367998915,5.527128420615751],[100.85993547159859,5.527128420615751]]],[[[100.90294676801511,5.527522134128447],[100.90294676801511,5.527915847896014],[100.90346497640567,5.527915847896014],[100.90346497640567,5.527522134128447],[100.90294676801511,5.527522134128447]]],[[[100.90501960157737,5.527915847896014],[100.90501960157737,5.528703276195831],[100.90518853508341,5.528703276195831],[100.90580468368793,5.527522134128447],[100.90501960157737,5.527915847896014]]],[[[100.86149009677027,5.527915847896014],[100.86149009677027,5.528703276195831],[100.86200830516083,5.528703276195831],[100.86200830516083,5.527915847896014],[100.86149009677027,5.527915847896014]]],[[[100.85993547159859,5.535002739316186],[100.86020931508847,5.535002739316186],[100.85993547159859,5.534616885200937],[100.85993547159859,5.535002739316186]]],[[[100.86045367998915,5.535396457929816],[100.86048873989112,5.535396457929816],[100.86045367998915,5.535347057376322],[100.86045367998915,5.535396457929816]]],[[[100.87910918204932,5.547601861644783],[100.87905685143016,5.547601861644783],[100.87910918204932,5.5476323580904],[100.87910918204932,5.547601861644783]]]]},"properties":{"place_id":"32c0ca60-ea03-5bea-8495-ccaa4a2adf29","habitat":"forest_interior","habitat_label":"Forest interior","resolution_m":50}},{"type":"Feature","geometry":{"type":"MultiPolygon","coordinates":[[[[100.7386747082074,5.37084409618049],[100.73849940110767,5.369663256270913],[100.73859719999999,5.371208994185796],[100.7396113,5.373178694183802],[100.73926240867198,5.3751738615748605],[100.73971112498852,5.3751738615748605],[100.74022933337908,5.373205782681922],[100.73971112498852,5.373205782681922],[100.73971112498852,5.372024938317325],[100.73919291659796,5.372024938317325],[100.73919291659796,5.37084409618049],[100.7386747082074,5.37084409618049]]],[[[100.7148371222416,5.3751738615748605],[100.71587353902274,5.374603348751367],[100.7148371222416,5.374929843944335],[100.7148371222416,5.3751738615748605]]],[[[100.73529824976414,5.375567478096405],[100.7356712,5.3746352941823465],[100.73556545786404,5.374545672861839],[100.73504724947347,5.374780245300992],[100.73529824976414,5.375567478096405]]],[[[100.73919291659796,5.375567478096405],[100.73919291659796,5.375372445531572],[100.73912466731244,5.375567478096405],[100.73919291659796,5.375567478096405]]],[[[100.76637212670643,5.377929182427948],[100.76665796129767,5.377535564419948],[100.76717616968823,5.377535564419948],[100.76717616968823,5.3767483291472935],[100.76769437807879,5.3767483291472935],[100.76769437807879,5.375567478096405],[100.76637212670643,5.377929182427948]]],[[[100.73528013283419,5.377141946659735],[100.73504724947347,5.376811681887081],[100.73504724947347,5.377141946659735],[100.73528013283419,5.377141946659735]]],[[[100.73556545786404,5.377535564419948],[100.73608366625459,5.377467303657661],[100.73556545786404,5.377386264026815],[100.73556545786404,5.377535564419948]]],[[[100.75473916831479,5.37911003793887],[100.75478678950736,5.37911003793887],[100.75473916831479,5.379081372987712],[100.75473916831479,5.37911003793887]]],[[[100.76613975290712,5.37911003793887],[100.76581746756911,5.378716419187391],[100.76526280843183,5.379503656938213],[100.76613975290712,5.37911003793887]]],[[[100.75525737670533,5.379503656938213],[100.75544071003013,5.379503656938213],[100.75525737670533,5.379393301790007],[100.75525737670533,5.379503656938213]]],[[[100.7557755850959,5.379897276185439],[100.7560946305529,5.379897276185439],[100.7557755850959,5.379705230747966],[100.7557755850959,5.379897276185439]]],[[[100.75681200187702,5.380290895680561],[100.7564643,5.380119794176767],[100.75629379348646,5.380017159861602],[100.75629379348646,5.380290895680561],[100.75681200187702,5.380290895680561]]],[[[100.76002087468072,5.381865376140435],[100.75992125222038,5.38181648094726],[100.75992125222038,5.381865376140435],[100.76002087468072,5.381865376140435]]],[[[100.76082286460282,5.382258996875337],[100.76043946061094,5.382070820214131],[100.76043946061094,5.382258996875337],[100.76082286460282,5.382258996875337]]],[[[100.73763829142628,5.390131463680583],[100.73815649981684,5.390918715823085],[100.73919291659796,5.3905250896276335],[100.7386747082074,5.389737837981916],[100.73763829142628,5.390131463680583]]],[[[100.73971112498852,5.3911782353536015],[100.73919291659796,5.390918715823085],[100.73919291659796,5.391032303303604],[100.73971112498852,5.3911782353536015]]],[[[100.7283105403962,5.391438116392948],[100.72727412361506,5.391312342266955],[100.72727412361506,5.391544325053059],[100.7283105403962,5.391438116392948]]],[[[100.74074754176964,5.391312342266955],[100.74018734191365,5.391312342266955],[100.74074754176964,5.391614545269343],[100.74074754176964,5.391312342266955]]],[[[100.72968712954925,5.392099595900033],[100.73020599999998,5.392981294163759],[100.73038337395843,5.393048653561354],[100.73090158234898,5.392099595900033],[100.73038337395843,5.392099595900033],[100.73038337395843,5.391705968959265],[100.72968712954925,5.392099595900033]]],[[[100.74230216694133,5.392493223089277],[100.74178395855076,5.392493223089277],[100.74178395855076,5.392099595900033],[100.74084416260678,5.391705968959265],[100.74230216694133,5.393085550190147],[100.74230216694133,5.392493223089277]]],[[[100.73245620752067,5.39184480864869],[100.73289919999999,5.391955094164821],[100.73341459999997,5.3932295941635315],[100.73504724947347,5.393468551349441],[100.73452904108291,5.393280478213266],[100.73452904108291,5.392493223089277],[100.73401083269235,5.392493223089277],[100.73401083269235,5.392099595900033],[100.73245620752067,5.39184480864869]]],[[[100.73222154506816,5.392099595900033],[100.73193799913011,5.392493223089277],[100.73141979073955,5.392493223089277],[100.73141979073955,5.393280478213266],[100.7309938254734,5.393280478213266],[100.7318186,5.393593694163152],[100.73222154506816,5.392099595900033]]],[[[100.73790340000001,5.3947025941620135],[100.73783254632892,5.39406773433138],[100.73763829142628,5.390918715823085],[100.73660187464516,5.3905250896276335],[100.73660187464516,5.390918715823085],[100.73608366625459,5.390918715823085],[100.73660187464516,5.392493223089277],[100.73608366625459,5.392493223089277],[100.73608366625459,5.393280478213266],[100.73520613673932,5.393674106148048],[100.7362243,5.395761894160975],[100.73790340000001,5.3947025941620135]],[[100.73763829142628,5.392099595900033],[100.73712008303572,5.392099595900033],[100.73712008303572,5.391705968959265],[100.73763829142628,5.391705968959265],[100.73763829142628,5.392099595900033]],[[100.73660187464516,5.393280478213266],[100.73660187464516,5.393674106148048],[100.73608366625459,5.393674106148048],[100.73608366625459,5.393280478213266],[100.73660187464516,5.393280478213266]]],[[[100.74748425084694,5.393674106148048],[100.74748425084694,5.39406773433138],[100.74592962567525,5.39406773433138],[100.74592962567525,5.393674106148048],[100.74541141728469,5.393674106148048],[100.74541141728469,5.39406773433138],[100.74437500050357,5.39406773433138],[100.74437500050357,5.393674106148048],[100.74250817550205,5.393280478213266],[100.74508539999998,5.394586794162123],[100.7466981,5.394222594162531],[100.7480946,5.394371594162357],[100.74852066762806,5.394854991443772],[100.74852066762806,5.39406773433138],[100.74748425084694,5.393674106148048]]],[[[100.75992125222038,5.396823138575677],[100.76043946061094,5.397610399169198],[100.76147587739207,5.39721676874808],[100.76095766900151,5.3964295086519725],[100.75992125222038,5.396823138575677]]],[[[100.7557755850959,5.39721676874808],[100.75501364209134,5.39721676874808],[100.7557755850959,5.397453347216507],[100.7557755850959,5.39721676874808]]],[[[100.75629379348646,5.397610399169198],[100.7562813986625,5.397610399169198],[100.75629379348646,5.397614247685106],[100.75629379348646,5.397610399169198]]],[[[100.76562154451655,5.398004029839053],[100.76613975290712,5.398004029839053],[100.76613975290712,5.397610399169198],[100.76510333612599,5.39721676874808],[100.76562154451655,5.39861035636729],[100.76562154451655,5.398004029839053]]],[[[100.75752642863264,5.398004029839053],[100.75940304382982,5.398826046844869],[100.7583666270487,5.397610399169198],[100.75752642863264,5.398004029839053]]],[[[100.76147587739207,5.3983976607576665],[100.76043946061094,5.398004029839053],[100.75992125222038,5.399053038755081],[100.76079619999999,5.399436294157261],[100.76147587739207,5.3983976607576665]]],[[[100.76613975290712,5.398791291925048],[100.76612071513154,5.398791291925048],[100.76613975290712,5.398798192593801],[100.76613975290712,5.398791291925048]]],[[[100.76458512773543,5.425165147817769],[100.76510333612599,5.425063078529705],[100.76458512773543,5.424809739392406],[100.76458512773543,5.425165147817769]]],[[[100.7608317953662,5.427527040334089],[100.76095766900151,5.426739741828259],[100.76073904571138,5.426739741828259],[100.7608317953662,5.427527040334089]]],[[[100.76095766900151,5.429101640347673],[100.76147587739207,5.429101640347673],[100.76147587739207,5.428707989968991],[100.76095766900151,5.428707989968991],[100.76090246264788,5.428314339840512],[100.76095766900151,5.429101640347673]]],[[[100.76043946061094,5.431463547875074],[100.76043946061094,5.431069895994783],[100.76095766900151,5.431069895994783],[100.76043946061094,5.430544378886525],[100.760196,5.430926094125439],[100.76043946061094,5.431463547875074]]],[[[100.76043946061094,5.432250852386677],[100.76010416476527,5.431857200005699],[100.7594177033145,5.4326445050180245],[100.76043946061094,5.432250852386677]]],[[[100.7583666270487,5.435793735084373],[100.75888483543928,5.435793735084373],[100.75888483543928,5.4354000804493925],[100.75812627817632,5.43500642606493],[100.7583299262466,5.4361873899698905],[100.7583666270487,5.435793735084373]]],[[[100.75649369118567,5.4393366380756225],[100.75629379348646,5.439137624383411],[100.75629379348646,5.4393366380756225],[100.75649369118567,5.4393366380756225]]],[[[100.75784841865814,5.4393366380756225],[100.75784841865814,5.439113776287372],[100.7575225902291,5.4393366380756225],[100.75784841865814,5.4393366380756225]]],[[[100.75733021026758,5.4394682231391585],[100.75694705583649,5.439730295216817],[100.75733021026758,5.439730295216817],[100.75733021026758,5.4394682231391585]]],[[[100.75681200187702,5.439730295216817],[100.75688909673887,5.439730295216817],[100.75681200187702,5.439653541234846],[100.75681200187702,5.439730295216817]]],[[[100.7583666270487,5.440123952608735],[100.75733021026758,5.439730295216817],[100.75681200187702,5.440517610251393],[100.75784841865814,5.440911268144812],[100.7583666270487,5.440123952608735]]],[[[100.74852066762806,5.44169858468401],[100.74777767061808,5.441304926289012],[100.74757691175405,5.4440605403217885],[100.74852066762806,5.443666880421614],[100.74852066762806,5.443273220772348],[100.74800245923748,5.443273220772348],[100.74852066762806,5.44169858468401]]],[[[100.75940304382982,5.4440605403217885],[100.75992125222038,5.4448478608749395],[100.76095766900151,5.444454200472891],[100.76043946061094,5.443666880421614],[100.75940304382982,5.4440605403217885]]],[[[100.74800245923748,5.445241521527954],[100.74800245923748,5.4448478608749395],[100.74752298034306,5.4448478608749395],[100.74749601463755,5.445241521527954],[100.74800245923748,5.445241521527954]]],[[[100.74748425084694,5.445413256089925],[100.7474812,5.445457794110752],[100.74748425084694,5.4454618092186],[100.74748425084694,5.445413256089925]]],[[[100.75784841865814,5.451146461451614],[100.75784841865814,5.451513491551248],[100.75799207986027,5.451146461451614],[100.75784841865814,5.451146461451614]]],[[[100.75162991797143,5.455476786655952],[100.7515110187091,5.455476786655952],[100.75162991797143,5.455546646066055],[100.75162991797143,5.455476786655952]]],[[[100.75228051937657,5.4558704540920475],[100.7530871,5.456271894099862],[100.75318454314309,5.456263635558743],[100.75318454314309,5.4558704540920475],[100.75228051937657,5.4558704540920475]]],[[[100.76665796129767,5.4688616206778145],[100.76613975290712,5.469758136937443],[100.7672363,5.469280594086701],[100.76769437807879,5.46998529700639],[100.76769437807879,5.469255296674845],[100.76665796129767,5.4688616206778145]]],[[[100.76437605743384,5.477128869584848],[100.76458512773543,5.4769923513825],[100.76433989999997,5.477029494078912],[100.76437605743384,5.477128869584848]]],[[[100.78272242140505,5.314166283637935],[100.78272242140505,5.313799987540875],[100.78261426682607,5.313772705529711],[100.78229249999997,5.314071294243721],[100.78272242140505,5.314166283637935]]],[[[100.77961317106168,5.317708497630247],[100.77961317106168,5.317314917318141],[100.77914800117706,5.317314917318141],[100.77857675428058,5.318102078187319],[100.77961317106168,5.317708497630247]]],[[[100.77754033749945,5.319676402865665],[100.77662229999997,5.319631694238053],[100.77754033749945,5.3200699846478585],[100.77754033749945,5.319676402865665]]],[[[100.78168600462392,5.321250731464987],[100.78272242140505,5.32164431422761],[100.78324062979561,5.320857148947501],[100.78220421301448,5.320463566675129],[100.78168600462392,5.321250731464987]]],[[[100.77857675428058,5.32164431422761],[100.77961317106168,5.322037897235387],[100.77961317106168,5.32164431422761],[100.78013137945224,5.32164431422761],[100.78013137945224,5.320857148947501],[100.77909496267111,5.320463566675129],[100.77909496267111,5.320857148947501],[100.77857675428058,5.320857148947501],[100.77857675428058,5.32164431422761]]],[[[100.77499829252525,5.322037897235387],[100.77546750393721,5.3217619326520955],[100.7752812,5.3216452942360135],[100.77499829252525,5.322037897235387]]],[[[100.77598571232777,5.32164431422761],[100.77598571232777,5.321250731464987],[100.7754046,5.321015094236665],[100.7754046,5.3213568942363025],[100.77598571232777,5.32164431422761]]],[[[100.78531346335785,5.32164431422761],[100.78531346335785,5.322825063986476],[100.78634988013899,5.323218647729823],[100.78634988013899,5.322825063986476],[100.78686808852953,5.322702970047154],[100.78622189999999,5.3220004942356445],[100.78634988013899,5.321250731464987],[100.78531346335785,5.32164431422761]]],[[[100.78013137945224,5.322037897235387],[100.77961317106168,5.322825063986476],[100.78116779623338,5.323612231718401],[100.78116779623338,5.323218647729823],[100.78168600462392,5.323218647729823],[100.78168600462392,5.322037897235387],[100.78116779623338,5.322037897235387],[100.78116779623338,5.32164431422761],[100.78013137945224,5.322037897235387]]],[[[100.77339467037497,5.322431480488334],[100.77339467037497,5.322037897235387],[100.77235825359384,5.322037897235387],[100.77235825359384,5.322431480488334],[100.77184004520328,5.322431480488334],[100.77184004520328,5.323612231718401],[100.77235825359384,5.323612231718401],[100.77235825359384,5.324005815952223],[100.77339467037497,5.324005815952223],[100.77339467037497,5.323612231718401],[100.77443108715607,5.323612231718401],[100.77443108715607,5.323218647729823],[100.77494929554663,5.323218647729823],[100.77443108715607,5.322431480488334],[100.77339467037497,5.322431480488334]],[[100.7728764619844,5.322825063986476],[100.77339467037497,5.322825063986476],[100.77339467037497,5.323218647729823],[100.7728764619844,5.323218647729823],[100.7728764619844,5.322825063986476]]],[[[100.78116779623338,5.324399400431311],[100.78168600462392,5.325186570125358],[100.78272242140505,5.324792985155685],[100.78220421301448,5.324005815952223],[100.78116779623338,5.324399400431311]]],[[[100.76976721164102,5.325186570125358],[100.76976721164102,5.32715449865391],[100.77080362842216,5.3275480850957875],[100.77080362842216,5.3255801553403534],[100.76976721164102,5.325186570125358]]],[[[100.76949551155246,5.328335258715856],[100.76979468429674,5.329122433317802],[100.77080362842216,5.328728845894085],[100.7702854200316,5.327941671783097],[100.76949551155246,5.328335258715856]]],[[[100.77494929554663,5.3303031970620625],[100.77546750393721,5.3303031970620625],[100.77546750393721,5.330696785467915],[100.77650392071834,5.3303031970620625],[100.77650392071834,5.329122433317802],[100.77598571232777,5.329122433317802],[100.77598571232777,5.328728845894085],[100.77508353142099,5.329122433317802],[100.77494929554663,5.3303031970620625]]],[[[100.77650392071834,5.3338455015571915],[100.77650392071834,5.33305832106087],[100.77598571232777,5.33305832106087],[100.77546750393721,5.332271141547316],[100.77443108715607,5.332664731181255],[100.77494929554663,5.3310903741193485],[100.77443108715607,5.3310903741193485],[100.77443108715607,5.3303031970620625],[100.77339467037497,5.329909608901771],[100.7728764619844,5.334036994223452],[100.7741332,5.335067894222396],[100.77443108715607,5.334239092173934],[100.77598571232777,5.335026274144685],[100.77598571232777,5.334632683036428],[100.77650392071834,5.334632683036428],[100.77598571232777,5.3338455015571915],[100.77650392071834,5.3338455015571915]],[[100.77494929554663,5.3338455015571915],[100.77546750393721,5.3338455015571915],[100.77546750393721,5.334239092173934],[100.77494929554663,5.334239092173934],[100.77494929554663,5.3338455015571915]]],[[[100.77961317106168,5.33620704894424],[100.78013137945224,5.336994233373114],[100.78116779623338,5.33660064103575],[100.78064958784282,5.335813457098575],[100.77961317106168,5.33620704894424]]],[[[100.77650392071834,5.339355792561385],[100.77702212910887,5.338568605181539],[100.77754033749945,5.338568605181539],[100.77805854589,5.339355792561385],[100.77857675428058,5.339355792561385],[100.77909496267111,5.338568605181539],[100.77857675428058,5.338568605181539],[100.77805854589,5.337781418785497],[100.77702212910887,5.338175011860552],[100.77702212910887,5.33738782595636],[100.77598571232777,5.336994233373114],[100.77598571232777,5.33738782595636],[100.7751454577595,5.33738782595636],[100.77527935182066,5.338175011860552],[100.77650392071834,5.338175011860552],[100.77650392071834,5.338568605181539],[100.77512729807357,5.338962198748478],[100.77483170832068,5.339749386620281],[100.77598571232777,5.341323765316128],[100.77650392071834,5.341323765316128],[100.77650392071834,5.340930170273092],[100.77702212910887,5.340930170273092],[100.77702212910887,5.340142980925186],[100.77754033749945,5.340142980925186],[100.77754033749945,5.339749386620281],[100.77650392071834,5.339355792561385]]],[[[100.77494929554663,5.351163721416759],[100.77546750393721,5.35195092455769],[100.77650392071834,5.351557322863943],[100.77598571232777,5.3507701202161195],[100.77494929554663,5.351163721416759]]],[[[100.78013137945224,5.3550997469862045],[100.78013137945224,5.355493350899862],[100.78064958784282,5.355493350899862],[100.78064958784282,5.3550997469862045],[100.78168600462392,5.3550997469862045],[100.78220421301448,5.3543125398990625],[100.78116779623338,5.353918936725543],[100.78116779623338,5.3543125398990625],[100.78013137945224,5.3543125398990625],[100.78013137945224,5.3547061433192775],[100.77961317106168,5.3547061433192775],[100.77961317106168,5.3550997469862045],[100.78013137945224,5.3550997469862045]]],[[[100.78427704657672,5.356280559467446],[100.78479525496729,5.3570677690221755],[100.78583167174843,5.356674164121409],[100.78583167174843,5.35588695506027],[100.78531346335785,5.35588695506027],[100.78531346335785,5.355493350899862],[100.78479525496729,5.355493350899862],[100.78479525496729,5.35588695506027],[100.78375883818619,5.35588695506027],[100.78272242140505,5.3547061433192775],[100.78168600462392,5.3550997469862045],[100.78324062979561,5.356674164121409],[100.78427704657672,5.356280559467446]]],[[[100.78634988013899,5.358248585205496],[100.78738629692009,5.357854979564199],[100.78686808852953,5.3570677690221755],[100.78583167174843,5.357461374169769],[100.78634988013899,5.358248585205496]]],[[[100.78686808852953,5.360216617115528],[100.78842271370122,5.359429403610729],[100.78842271370122,5.35903579722874],[100.78790450531066,5.35903579722874],[100.78790450531066,5.358642191093669],[100.78842271370122,5.358642191093669],[100.78790450531066,5.357854979564199],[100.78686808852953,5.358248585205496],[100.78686808852953,5.358642191093669],[100.78738629692009,5.358642191093669],[100.78738629692009,5.35903579722874],[100.78634988013899,5.359429403610729],[100.78686808852953,5.360216617115528]]],[[[100.78531346335785,5.359823010239651],[100.78531346335785,5.360216617115528],[100.78479525496729,5.360216617115528],[100.78479525496729,5.361003831608217],[100.78427704657672,5.361003831608217],[100.78479525496729,5.361791047088944],[100.78634988013899,5.361003831608217],[100.78634988013899,5.360216617115528],[100.78531346335785,5.359823010239651]]],[[[100.76947500900683,5.361397439225066],[100.76976721164102,5.361626948123424],[100.76976721164102,5.361397439225066],[100.76947500900683,5.361397439225066]]],[[[100.76912519999999,5.363757494193373],[100.76924900325048,5.366120749900735],[100.76976721164102,5.366120749900735],[100.76976721164102,5.365727139318327],[100.77132183681273,5.364939918895188],[100.77132183681273,5.364152699460828],[100.7702854200316,5.363759090114393],[100.7702854200316,5.363365481015101],[100.77080362842216,5.363365481015101],[100.77080362842216,5.362971872162925],[100.7702854200316,5.362971872162925],[100.7702854200316,5.362578263557855],[100.77080362842216,5.362578263557855],[100.7702854200316,5.361791047088944],[100.76912519999999,5.363757494193373]],[[100.76976721164102,5.36533352898315],[100.76976721164102,5.364939918895188],[100.7702854200316,5.364939918895188],[100.7702854200316,5.36533352898315],[100.76976721164102,5.36533352898315]]],[[[100.78842271370122,5.36454630905442],[100.78894092209177,5.36533352898315],[100.7899773388729,5.364939918895188],[100.7899773388729,5.364152699460828],[100.78945913048233,5.364152699460828],[100.78945913048233,5.363759090114393],[100.78842271370122,5.364152699460828],[100.78842271370122,5.363759090114393],[100.78738629692009,5.363365481015101],[100.78738629692009,5.363759090114393],[100.78686808852953,5.363759090114393],[100.78686808852953,5.36454630905442],[100.78583167174843,5.364152699460828],[100.78531346335785,5.364939918895188],[100.78583167174843,5.364939918895188],[100.78583167174843,5.36533352898315],[100.78634988013899,5.36533352898315],[100.78634988013899,5.364939918895188],[100.78738629692009,5.36533352898315],[100.78738629692009,5.364939918895188],[100.78842271370122,5.36454630905442]]],[[[100.76717616968823,5.374386629274783],[100.76712347908068,5.374386629274783],[100.76717616968823,5.374588801308015],[100.76717616968823,5.374386629274783]]],[[[100.78686808852953,5.389737837981916],[100.78738629692009,5.3905250896276335],[100.78842271370122,5.390131463680583],[100.78790450531066,5.389344212531615],[100.78686808852953,5.389737837981916]]],[[[100.77259631616124,5.403121251190597],[100.77316364323536,5.403908519747828],[100.77391287876553,5.4035148853447055],[100.77339467037497,5.4027276172854855],[100.77259631616124,5.403121251190597]]],[[[100.77702212910887,5.406663967543652],[100.77702212910887,5.406339732770384],[100.77666265219248,5.406663967543652],[100.77702212910887,5.406663967543652]]],[[[100.77754033749945,5.406270331396908],[100.77754033749945,5.405876695499311],[100.77702212910887,5.405876695499311],[100.77690153247411,5.405483059850836],[100.77709907397008,5.406270331396908],[100.77754033749945,5.406270331396908]]],[[[100.77702212910887,5.408632152015189],[100.77701474071935,5.408632152015189],[100.77702212910887,5.408649775288483],[100.77702212910887,5.408632152015189]]],[[[100.77686899999999,5.410443294146097],[100.77702212910887,5.410993981606682],[100.77754033749945,5.410993981606682],[100.77686899999999,5.410443294146097]]],[[[100.77805854589,5.410600342718122],[100.77805854589,5.410206704078914],[100.7772197900561,5.409813065689033],[100.77765229999999,5.41036849414621],[100.77805854589,5.410600342718122]]],[[[100.77132183681273,5.412962179790357],[100.77080362842216,5.412962179790357],[100.77080362842216,5.412568539654776],[100.7702854200316,5.412568539654776],[100.7702854200316,5.41178126013192],[100.76976721164102,5.41178126013192],[100.76976721164102,5.411387620744607],[100.7702854200316,5.411387620744607],[100.7702854200316,5.409813065689033],[100.7695697243419,5.409419427548464],[100.76924900325048,5.409813065689033],[100.76821258646936,5.409813065689033],[100.7677175,5.411241994145319],[100.76864,5.413594194142942],[100.76800365669075,5.41453674282747],[100.76821258646936,5.414930384210537],[100.76873079485992,5.414930384210537],[100.76873079485992,5.415324025843158],[100.7702854200316,5.415324025843158],[100.7702854200316,5.414930384210537],[100.77080362842216,5.414930384210537],[100.7702854200316,5.414143101693936],[100.77132183681273,5.41374946080992],[100.77132183681273,5.412962179790357]],[[100.76924900325048,5.414143101693936],[100.76924900325048,5.41453674282747],[100.76873079485992,5.41453674282747],[100.76873079485992,5.414143101693936],[100.76924900325048,5.414143101693936]],[[100.76924900325048,5.413355820175398],[100.76924900325048,5.41374946080992],[100.76873079485992,5.41374946080992],[100.76873079485992,5.413355820175398],[100.76924900325048,5.413355820175398]]],[[[100.77339467037497,5.436690294031281],[100.7728764619844,5.436581045105965],[100.7728764619844,5.436887865823351],[100.77339467037497,5.436690294031281]]],[[[100.77235825359384,5.436974700492614],[100.77235825359384,5.4373683561298565],[100.7724976348978,5.4373683561298565],[100.77278993200854,5.436974700492614],[100.77235825359384,5.436974700492614]]],[[[100.7728764619844,5.43753499232052],[100.77339467037497,5.4377620120177115],[100.77339467037497,5.437736443112159],[100.7728764619844,5.43753499232052]]],[[[100.77443108715607,5.438549324545331],[100.77449706469966,5.438549324545331],[100.77443108715607,5.438500674119504],[100.77443108715607,5.438549324545331]]],[[[100.77494929554663,5.438661598880864],[100.77546750393721,5.438942981185135],[100.77546750393721,5.43877708470293],[100.77494929554663,5.438661598880864]]],[[[100.79049554726346,5.4428795613739736],[100.79101375565403,5.443666880421614],[100.79205017243514,5.443273220772348],[100.79153196404457,5.442485902226471],[100.79049554726346,5.4428795613739736]]],[[[100.77113629139053,5.491695245829419],[100.77132183681273,5.491301555432019],[100.77126989896738,5.491301555432019],[100.77113629139053,5.491695245829419]]],[[[100.7728764619844,5.50232498232113],[100.7728764619844,5.502258598348652],[100.77276490273837,5.50232498232113],[100.7728764619844,5.50232498232113]]],[[[100.77235825359384,5.502566961299936],[100.77210328853616,5.502718679814524],[100.77235825359384,5.502718679814524],[100.77235825359384,5.502566961299936]]],[[[100.78427704657672,5.51925420385587],[100.78402519999999,5.518279994037357],[100.78377255861618,5.51925420385587],[100.78427704657672,5.51925420385587]]],[[[100.78531346335785,5.520829039059746],[100.78427704657672,5.520435329876993],[100.78427704657672,5.519647912275073],[100.78375883818619,5.519647912275073],[100.78375883818619,5.519270896690127],[100.78346729999998,5.519625594036013],[100.78398229999999,5.5204371940352],[100.78531346335785,5.521265325928693],[100.78531346335785,5.520829039059746]]],[[[100.78894092209177,5.521710434462649],[100.78842271370122,5.521616458188932],[100.78842271370122,5.5218585747624775],[100.78894092209177,5.521710434462649]]],[[[100.78635100418161,5.521616458188932],[100.78786610000002,5.522017694033598],[100.78790450531066,5.522006715098352],[100.78790450531066,5.521616458188932],[100.78635100418161,5.521616458188932]]],[[[100.79049554726346,5.5220101681354015],[100.79049297047504,5.5220101681354015],[100.79049554726346,5.522012572554531],[100.79049554726346,5.5220101681354015]]],[[[100.79153196404457,5.5235850104675634],[100.79153196404457,5.523978721687269],[100.79101375565403,5.523878114812049],[100.78924438631618,5.525553569113294],[100.78945913048233,5.525867317722264],[100.79101375565403,5.525006224255348],[100.79101375565403,5.524372433161675],[100.79205017243514,5.523959876289716],[100.79205017243514,5.5235850104675634],[100.79153196404457,5.5235850104675634]]],[[[100.7923959706509,5.524372433161675],[100.7925683808257,5.523978721687269],[100.79235476380298,5.523978721687269],[100.7923959706509,5.524372433161675]]],[[[100.78916915064906,5.525947281606697],[100.78917500000001,5.526075694029508],[100.78935009611202,5.525947281606697],[100.78916915064906,5.525947281606697]]],[[[100.7925683808257,5.529884420557546],[100.79360479760683,5.529236694026321],[100.79297299999999,5.52935419402619],[100.79223269999999,5.53002689402552],[100.79149240000001,5.529236694026321],[100.78988309999997,5.52891629402665],[100.78814509999998,5.529311494026226],[100.7906127,5.52959979402596],[100.7922649,5.530710394024847],[100.79301829766966,5.530278135854724],[100.7925683808257,5.530278135854724],[100.7925683808257,5.529884420557546]]],[[[100.8133580557234,5.32164431422761],[100.81329671644812,5.322037897235387],[100.81343679674104,5.322037897235387],[100.8133580557234,5.32164431422761]]],[[[100.81353836494917,5.322431480488334],[100.81329671644812,5.322825063986476],[100.81361692239471,5.322825063986476],[100.81353836494917,5.322431480488334]]],[[[100.81588775840093,5.323218647729823],[100.81588775840093,5.322961832950571],[100.81568752107175,5.323218647729823],[100.81588775840093,5.323218647729823]]],[[[100.8166856191812,5.323612231718401],[100.81640596679149,5.324005815952223],[100.81741687818653,5.324399400431311],[100.8166856191812,5.323612231718401]]],[[[100.81744238357261,5.324815952583225],[100.81779959999999,5.324791294232849],[100.81744238357261,5.324425517050383],[100.81744238357261,5.324815952583225]]],[[[100.7925683808257,5.3255801553403534],[100.7925683808257,5.325186570125358],[100.79221780010812,5.325186570125358],[100.79217650588073,5.3255801553403534],[100.7925683808257,5.3255801553403534]]],[[[100.81748226630262,5.325973740800688],[100.81744238357261,5.32636732650638],[100.81784002554572,5.32636732650638],[100.81748226630262,5.325973740800688]]],[[[100.81796059196319,5.3275480850957875],[100.81847817624747,5.3275480850957875],[100.81796059196319,5.3265738883028435],[100.81796059196319,5.3275480850957875]]],[[[100.81876545717418,5.327941671783097],[100.81847880035373,5.3275489401467775],[100.81847880035373,5.327941671783097],[100.81876545717418,5.327941671783097]]],[[[100.82055163391598,5.330696785467915],[100.82106984230654,5.330696785467915],[100.82142622151069,5.3310903741193485],[100.8210102,5.330581294226949],[100.8206919093816,5.3303031970620625],[100.82055163391598,5.330696785467915]]],[[[100.79843960796013,5.334632683036428],[100.79930508990299,5.3338455015571915],[100.79826867312188,5.333451911186175],[100.79843960796013,5.334632683036428]]],[[[100.81277850805758,5.33738782595636],[100.81329671644812,5.338175011860552],[100.81433313322924,5.337781418785497],[100.81381492483868,5.336994233373114],[100.81277850805758,5.33738782595636]]],[[[100.79954743713826,5.338962198748478],[100.80034150668412,5.338230595787207],[100.7997215,5.338427494219014],[100.79954743713826,5.338962198748478]]],[[[100.82055163391598,5.3448661317793515],[100.82106984230654,5.3456533270349915],[100.82210625908766,5.345259729284038],[100.8215880506971,5.344472534520915],[100.82055163391598,5.3448661317793515]]],[[[100.80915104932363,5.346440523275773],[100.8096692577142,5.347227720501845],[100.81070567449534,5.346834121765638],[100.81018746610476,5.34604692503223],[100.80915104932363,5.346440523275773]]],[[[100.8044871738086,5.349195717878645],[100.8044871738086,5.348802117910455],[100.80396896541802,5.348802117910455],[100.80396896541802,5.349195717878645],[100.80293254863692,5.348802117910455],[100.80241434024636,5.349589318093288],[100.80293254863692,5.349589318093288],[100.80293254863692,5.349982918554403],[100.80345075702749,5.349982918554403],[100.80345075702749,5.349589318093288],[100.8044871738086,5.349982918554403],[100.8044871738086,5.349589318093288],[100.80500538219916,5.349589318093288],[100.80500538219916,5.349195717878645],[100.8044871738086,5.349195717878645]]],[[[100.812260299667,5.350376519262007],[100.81277850805758,5.351163721416759],[100.81381492483868,5.3507701202161195],[100.81329671644812,5.349982918554403],[100.812260299667,5.350376519262007]]],[[[100.80345075702749,5.351557322863943],[100.80293254863692,5.3507701202161195],[100.80189613185578,5.351163721416759],[100.80189613185578,5.351557322863943],[100.80241434024636,5.351557322863943],[100.80241434024636,5.35195092455769],[100.80189613185578,5.35195092455769],[100.80189613185578,5.352738128684953],[100.80137792346522,5.352738128684953],[100.80137792346522,5.353918936725543],[100.80189613185578,5.353918936725543],[100.80189613185578,5.3543125398990625],[100.80293254863692,5.353918936725543],[100.80293254863692,5.3523445264980225],[100.80345075702749,5.3523445264980225],[100.80293254863692,5.351557322863943],[100.80345075702749,5.351557322863943]]],[[[100.81847880035373,5.363759090114393],[100.81951521713485,5.364152699460828],[100.82003342552542,5.363365481015101],[100.81899700874429,5.362971872162925],[100.81847880035373,5.363759090114393]]],[[[100.81277850805758,5.367301583131537],[100.81381492483868,5.367695194703061],[100.81433313322924,5.366907971807322],[100.81329671644812,5.366514360730393],[100.81277850805758,5.367301583131537]]],[[[100.7925683808257,5.370450482629849],[100.79360479760683,5.370056869326664],[100.79360479760683,5.368876030901649],[100.79308658921627,5.368876030901649],[100.79308658921627,5.368482418588099],[100.79205017243514,5.368876030901649],[100.79205017243514,5.370056869326664],[100.7925683808257,5.370056869326664],[100.7925683808257,5.370450482629849]]],[[[100.79567763116907,5.369663256270913],[100.79412300599738,5.369663256270913],[100.79360479760683,5.370450482629849],[100.79412300599738,5.370450482629849],[100.79412300599738,5.37084409618049],[100.79567763116907,5.37084409618049],[100.79567763116907,5.370450482629849],[100.79619583955964,5.370450482629849],[100.79567763116907,5.369663256270913]]],[[[100.79878688151244,5.374780245300992],[100.79878688151244,5.3751738615748605],[100.79826867312188,5.3751738615748605],[100.79826867312188,5.374780245300992],[100.79723225634075,5.374386629274783],[100.79723225634075,5.374780245300992],[100.79619583955964,5.374780245300992],[100.79567763116907,5.375567478096405],[100.79723225634075,5.3763547118826045],[100.79687139999999,5.3757686941811835],[100.79982329829355,5.375030624837352],[100.79982329829355,5.374780245300992],[100.79878688151244,5.374780245300992]]],[[[100.79779382508893,5.3767483291472935],[100.79775046473131,5.376702279495461],[100.79775046473131,5.3767483291472935],[100.79779382508893,5.3767483291472935]]],[[[100.79775046473131,5.377535564419948],[100.79671404795018,5.377929182427948],[100.79671404795018,5.378716419187391],[100.79723225634075,5.378843548714124],[100.79775046473131,5.377535564419948]]],[[[100.79342012506169,5.385801594652233],[100.79308658921627,5.386195217868091],[100.7925683808257,5.386195217868091],[100.7925683808257,5.386588841332147],[100.79298881588227,5.386588841332147],[100.79342012506169,5.385801594652233]]],[[[100.79205017243514,5.3881633376707105],[100.79205017243514,5.38830210284568],[100.79212619752347,5.3881633376707105],[100.79205017243514,5.3881633376707105]]],[[[100.79191054293376,5.388556962376031],[100.79153196404457,5.388950587329658],[100.79169488834405,5.388950587329658],[100.79191054293376,5.388556962376031]]],[[[100.79775046473131,5.4428795613739736],[100.79878688151244,5.443273220772348],[100.79930508990299,5.442485902226471],[100.79826867312188,5.4420922433298236],[100.79775046473131,5.4428795613739736]]],[[[100.79775046473131,5.4448478608749395],[100.79826867312188,5.445635182431952],[100.79930508990299,5.445241521527954],[100.79878688151244,5.444454200472891],[100.79775046473131,5.4448478608749395]]],[[[100.82314267586878,5.503112377561613],[100.82366088425934,5.503899773816963],[100.82469730104046,5.503506075562421],[100.8241790926499,5.502718679814524],[100.82314267586878,5.503112377561613]]],[[[100.81899700874429,5.503899773816963],[100.81951521713485,5.504687171087329],[100.82055163391598,5.504293472325261],[100.82003342552542,5.503506075562421],[100.81899700874429,5.503899773816963]]],[[[100.80500538219916,5.520829039059746],[100.80552359058973,5.521616458188932],[100.80656000737083,5.5212227484970535],[100.80604179898029,5.520435329876993],[100.80500538219916,5.520829039059746]]],[[[100.79412300599738,5.526709681524105],[100.7940888,5.526716494028844],[100.79412300599738,5.526803505837865],[100.79412300599738,5.526709681524105]]],[[[100.79464121438794,5.525947281606697],[100.79412300599738,5.525947281606697],[100.79412300599738,5.525553569113294],[100.79241987043861,5.525553569113294],[100.7928121,5.526032994029543],[100.79464121438794,5.525947281606697]]],[[[100.79308658921627,5.530192617449293],[100.797447,5.5297172940258355],[100.79826867312188,5.529392916316084],[100.79826867312188,5.529096990728118],[100.79775046473131,5.529096990728118],[100.79775046473131,5.52949070551535],[100.79671404795018,5.52949070551535],[100.79671404795018,5.529096990728118],[100.79619583955964,5.529096990728118],[100.79619583955964,5.52949070551535],[100.79464121438794,5.52949070551535],[100.79515942277851,5.528842475074028],[100.79360479760683,5.52949070551535],[100.79308658921627,5.530192617449293]]],[[[100.79515942277851,5.527915847896014],[100.79567763116907,5.527915847896014],[100.79567763116907,5.527128420615751],[100.79464121438794,5.526734707357907],[100.79464121438794,5.527128420615751],[100.79425073613434,5.527128420615751],[100.79522609999998,5.527592194028004],[100.79490420000002,5.52791249402764],[100.79515942277851,5.528682983052023],[100.79515942277851,5.527915847896014]]],[[[100.79980047942212,5.530671851406901],[100.79982329829355,5.530278135854724],[100.7996464829629,5.530278135854724],[100.79980047942212,5.530671851406901]]],[[[100.79930508990299,5.531065567214098],[100.79879879999999,5.530998694024533],[100.79860651524939,5.531065567214098],[100.79930508990299,5.531065567214098]]],[[[100.79826867312188,5.531459283276329],[100.79826867312188,5.531183062668061],[100.7978325020814,5.531459283276329],[100.79826867312188,5.531459283276329]]],[[[100.79775046473131,5.531852999593619],[100.79775046473131,5.531622593269978],[100.79763472216285,5.531852999593619],[100.79775046473131,5.531852999593619]]],[[[100.79775046473131,5.53342786741371],[100.79775046473131,5.532640432993441],[100.79737096755176,5.532640432993441],[100.79725520542027,5.53342786741371],[100.79775046473131,5.53342786741371]]],[[[100.79723225634075,5.533821585006558],[100.79723225634075,5.533583161900879],[100.79702823026913,5.533821585006558],[100.79723225634075,5.533821585006558]]],[[[100.79671404795018,5.535002739316186],[100.79723225634075,5.535002739316186],[100.79723225634075,5.534215302854575],[100.79674477423951,5.534215302854575],[100.79621905741637,5.535396457929816],[100.79671404795018,5.535396457929816],[100.79671404795018,5.535002739316186]]],[[[100.79464121438794,5.540908545329544],[100.79515942277851,5.540908545329544],[100.79515942277851,5.5413022677737604],[100.79619583955964,5.5413022677737604],[100.79671404795018,5.540514823140829],[100.79619583955964,5.540514823140829],[100.79619583955964,5.5401211012076],[100.79515942277851,5.5401211012076],[100.79464121438794,5.540908545329544]]],[[[100.80345075702749,5.542483436639615],[100.80327653456389,5.542483436639615],[100.80345075702749,5.5425181141206865],[100.80345075702749,5.542483436639615]]],[[[100.80293254863692,5.542483436639615],[100.80293254863692,5.542089713428776],[100.80241434024636,5.542089713428776],[100.80241434024636,5.542483436639615],[100.80189613185578,5.5426010235658705],[100.80293254863692,5.542483436639615]]],[[[100.81640596679149,5.549176770342321],[100.81640596679149,5.549570498156393],[100.81588775840093,5.549570498156393],[100.81588775840093,5.550357954552291],[100.81744238357261,5.551145411971988],[100.81744238357261,5.550751683134155],[100.81796059196319,5.550751683134155],[100.81796059196319,5.5499642262263755],[100.81640596679149,5.549176770342321]]],[[[100.8096692577142,5.551932870415629],[100.8092477743386,5.551932870415629],[100.8096692577142,5.552018929934268],[100.8096692577142,5.551932870415629]]],[[[100.81899700874429,5.551932870415629],[100.81744238357261,5.551932870415629],[100.81744238357261,5.552326600021476],[100.81692417518205,5.552326600021476],[100.81692417518205,5.553064993555686],[100.8189046,5.5523453940030905],[100.8215880506971,5.552326600021476],[100.82106984230654,5.551539141065805],[100.81899700874429,5.551539141065805],[100.81899700874429,5.551932870415629]]],[[[100.81174209127644,5.553507790375348],[100.81154934081466,5.5531140600013185],[100.81133862249354,5.553507790375348],[100.81174209127644,5.553507790375348]]],[[[100.81122388288588,5.553901521005477],[100.81122388288588,5.553651581206986],[100.81102444051001,5.553901521005477],[100.81122388288588,5.553901521005477]]],[[[100.82577670223844,5.334239092173934],[100.825468,5.334034294223456],[100.82521550943103,5.334133287341554],[100.82521550943103,5.334239092173934],[100.82577670223844,5.334239092173934]]],[[[100.82653359575546,5.335026274144685],[100.82625192621214,5.335419865498728],[100.82727574965286,5.335813457098575],[100.82653359575546,5.335026274144685]]],[[[100.82936117655551,5.33738782595636],[100.82913729999999,5.337185594220264],[100.82884296816495,5.337307834264963],[100.82884296816495,5.33738782595636],[100.82936117655551,5.33738782595636]]],[[[100.83195221850832,5.340536575476116],[100.83203139999999,5.340270094217145],[100.83195221850832,5.34014968379436],[100.83195221850832,5.340536575476116]]],[[[100.83672215212172,5.343685340742709],[100.83661609402336,5.3436242638782385],[100.83661609402336,5.343685340742709],[100.83672215212172,5.343685340742709]]],[[[100.8438710114912,5.349982918554403],[100.84393572960032,5.349589318093288],[100.84283459471008,5.349195717878645],[100.84283459471008,5.349589318093288],[100.8438710114912,5.349982918554403]]],[[[100.84024355275729,5.412568539654776],[100.8412799695384,5.412962179790357],[100.84179817792896,5.412174899768636],[100.84076176114785,5.41178126013192],[100.84024355275729,5.412568539654776]]],[[[100.84231638631952,5.429101640347673],[100.84335280310066,5.429495290976577],[100.8438710114912,5.428707989968991],[100.84283459471008,5.428314339840512],[100.84231638631952,5.429101640347673]]],[[[100.84957130378737,5.449965468946164],[100.85008951217793,5.450752797031893],[100.85112592895905,5.450359132863416],[100.8506077205685,5.449571805280121],[100.84957130378737,5.449965468946164]]],[[[100.82469730104046,5.501537588095366],[100.82521550943103,5.50232498232113],[100.82625192621214,5.501931285081417],[100.82573371782159,5.501143891362954],[100.82469730104046,5.501537588095366]]],[[[100.84283459471008,5.501537588095366],[100.84335280310066,5.50232498232113],[100.84438921988178,5.501931285081417],[100.8438710114912,5.501143891362954],[100.84283459471008,5.501537588095366]]],[[[100.82366088425934,5.509411576033171],[100.8241790926499,5.51019898041281],[100.82521550943103,5.509805278095975],[100.82469730104046,5.509017874224384],[100.82366088425934,5.509411576033171]]],[[[100.83817071919505,5.513348608094908],[100.8386889275856,5.514136017557063],[100.83972534436673,5.513742312698875],[100.83920713597617,5.5129549037451415],[100.83817071919505,5.513348608094908]]],[[[100.85022029703201,5.518860495691145],[100.85008951217793,5.51866889587388],[100.85008951217793,5.518860495691145],[100.85022029703201,5.518860495691145]]],[[[100.85008951217793,5.51846678778088],[100.85008951217793,5.5185841230566695],[100.85012455534739,5.51846678778088],[100.85008951217793,5.51846678778088]]],[[[100.84490742827232,5.526340994354895],[100.8454256366629,5.527128420615751],[100.84646205344401,5.526734707357907],[100.84594384505345,5.525947281606697],[100.84490742827232,5.526340994354895]]],[[[100.8454256366629,5.528703276195831],[100.84490742827232,5.528703276195831],[100.84490742827232,5.529096990728118],[100.8438710114912,5.529096990728118],[100.8438710114912,5.528703276195831],[100.84335280310066,5.528703276195831],[100.84283459471008,5.52949070551535],[100.84335280310066,5.52949070551535],[100.84335280310066,5.529884420557546],[100.8438710114912,5.529884420557546],[100.8438710114912,5.52949070551535],[100.84490742827232,5.52949070551535],[100.84490742827232,5.529884420557546],[100.8454256366629,5.529884420557546],[100.8454256366629,5.52949070551535],[100.84594384505345,5.52949070551535],[100.8454256366629,5.528703276195831]]],[[[100.84957130378737,5.531459283276329],[100.8506077205685,5.531852999593619],[100.85112592895905,5.531065567214098],[100.85008951217793,5.530671851406901],[100.84957130378737,5.531459283276329]]],[[[100.84076176114785,5.532246716165983],[100.84076176114785,5.533034150076009],[100.84179817792896,5.53342786741371],[100.84179817792896,5.533034150076009],[100.84231638631952,5.533034150076009],[100.84231638631952,5.532246716165983],[100.84179817792896,5.532246716165983],[100.84179817792896,5.531852999593619],[100.84076176114785,5.532246716165983]]],[[[100.85112592895905,5.534215302854575],[100.85164413734962,5.535002739316186],[100.85268055413074,5.534609020957777],[100.85216234574017,5.533821585006558],[100.85112592895905,5.534215302854575]]],[[[100.84957130378737,5.534215302854575],[100.84884448057059,5.533821585006558],[100.84957130378737,5.5350881367315425],[100.84957130378737,5.534215302854575]]],[[[100.84283459471008,5.535790176798691],[100.84283459471008,5.534215302854575],[100.8438710114912,5.534215302854575],[100.8438710114912,5.534609020957777],[100.84478539614298,5.534215302854575],[100.84438921988178,5.533034150076009],[100.8438710114912,5.533034150076009],[100.84335280310066,5.533821585006558],[100.84231638631952,5.53342786741371],[100.84231638631952,5.533821585006558],[100.8412799695384,5.533821585006558],[100.8412799695384,5.534215302854575],[100.84024355275729,5.534609020957777],[100.84024355275729,5.536183895922823],[100.84076176114785,5.536183895922823],[100.84076176114785,5.536577615302239],[100.8412799695384,5.536577615302239],[100.8412799695384,5.536183895922823],[100.84231638631952,5.536183895922823],[100.84231638631952,5.536577615302239],[100.84283459471008,5.536577615302239],[100.84283459471008,5.536183895922823],[100.84335280310066,5.536183895922823],[100.84335280310066,5.535790176798691],[100.84283459471008,5.535790176798691]],[[100.8412799695384,5.534609020957777],[100.84179817792896,5.534609020957777],[100.84179817792896,5.535002739316186],[100.8412799695384,5.535002739316186],[100.8412799695384,5.534609020957777]]],[[[100.83765251080447,5.535002739316186],[100.83817071919505,5.535002739316186],[100.83817071919505,5.534609020957777],[100.83765251080447,5.534609020957777],[100.83817071919505,5.533821585006558],[100.8386889275856,5.533821585006558],[100.8386889275856,5.534215302854575],[100.83920713597617,5.534215302854575],[100.83920713597617,5.533821585006558],[100.84024355275729,5.534215302854575],[100.84076176114785,5.53342786741371],[100.84024355275729,5.53342786741371],[100.84024355275729,5.533034150076009],[100.83972534436673,5.533034150076009],[100.83972534436673,5.53342786741371],[100.83920713597617,5.53342786741371],[100.83920713597617,5.533034150076009],[100.8386889275856,5.533034150076009],[100.8386889275856,5.53342786741371],[100.83609788563281,5.533034150076009],[100.83609788563281,5.53342786741371],[100.83557967724224,5.53342786741371],[100.83557967724224,5.534609020957777],[100.83713430241393,5.535396457929816],[100.83713430241393,5.535790176798691],[100.83661609402336,5.535790176798691],[100.83713430241393,5.536577615302239],[100.83817071919505,5.536183895922823],[100.83817071919505,5.535790176798691],[100.83765251080447,5.535790176798691],[100.83765251080447,5.535002739316186]]],[[[100.83609788563281,5.536183895922823],[100.83661609402336,5.535396457929816],[100.83506146885168,5.534609020957777],[100.83454326046112,5.535396457929816],[100.83609788563281,5.536183895922823]]],[[[100.84961539808634,5.535396457929816],[100.84955689999998,5.535964394019531],[100.8510589,5.537074994018424],[100.8526039,5.537331294018189],[100.85302937056933,5.5369713349369505],[100.85164413734962,5.5369713349369505],[100.85112592895905,5.536183895922823],[100.85008951217793,5.536183895922823],[100.85008951217793,5.535396457929816],[100.84961539808634,5.535396457929816]]],[[[100.83506146885168,5.536183895922823],[100.83506146885168,5.535790176798691],[100.83402505207056,5.536183895922823],[100.83402505207056,5.536577615302239],[100.83454326046112,5.536577615302239],[100.83454326046112,5.537365054826978],[100.83506146885168,5.537365054826978],[100.83506146885168,5.53775877497234],[100.83454326046112,5.53775877497234],[100.8347726,5.538399194017112],[100.83653209999997,5.537117694018403],[100.83691716649582,5.53775877497234],[100.83765251080447,5.537365054826978],[100.83713430241393,5.536577615302239],[100.83609788563281,5.5369713349369505],[100.83609788563281,5.536577615302239],[100.83506146885168,5.536183895922823]]],[[[100.83765251080447,5.537365054826978],[100.83713430241393,5.538152495373057],[100.83817071919505,5.538546216029146],[100.8386889275856,5.53775877497234],[100.83765251080447,5.537365054826978]]],[[[100.84853488700627,5.538152495373057],[100.84801667861569,5.538152495373057],[100.84801667861569,5.538546216029146],[100.84853488700627,5.538546216029146],[100.84853488700627,5.539257750953745],[100.84987879999997,5.538292394017198],[100.84853488700627,5.537360522191659],[100.84853488700627,5.538152495373057]]],[[[100.83713430241393,5.538152495373057],[100.83698389587812,5.538152495373057],[100.83713430241393,5.538253755900391],[100.83713430241393,5.538152495373057]]],[[[100.83730907308457,5.5389399369406265],[100.8366179,5.540171794015322],[100.83713430241393,5.541080240860101],[100.83765251080447,5.540908545329544],[100.83765251080447,5.5401211012076],[100.83817071919505,5.5401211012076],[100.83730907308457,5.5389399369406265]]],[[[100.84853488700627,5.540908545329544],[100.84853488700627,5.5406406857181745],[100.8483467209098,5.540908545329544],[100.84853488700627,5.540908545329544]]],[[[100.83920713597617,5.542877160106028],[100.83972534436673,5.543664607805662],[100.84076176114785,5.543270883828038],[100.84024355275729,5.542483436639615],[100.83920713597617,5.542877160106028]]],[[[100.85216234574017,5.544845781272404],[100.85268055413074,5.544058332038918],[100.85371697091186,5.544452056527827],[100.85423517930242,5.543664607805662],[100.85371697091186,5.543664607805662],[100.85371697091186,5.543270883828038],[100.85268055413074,5.543270883828038],[100.85268055413074,5.542483436639615],[100.8531987625213,5.542483436639615],[100.8531987625213,5.542089713428776],[100.85268055413074,5.542089713428776],[100.85268055413074,5.5413022677737604],[100.85216234574017,5.5413022677737604],[100.85216234574017,5.540908545329544],[100.85112592895905,5.540908545329544],[100.85112592895905,5.540514823140829],[100.85216234574017,5.5401211012076],[100.85164413734962,5.539523794398871],[100.8508873,5.540363994015124],[100.8501573511628,5.540514823140829],[100.8506077205685,5.540514823140829],[100.8506077205685,5.540908545329544],[100.85008951217793,5.540908545329544],[100.85008951217793,5.5413022677737604],[100.84811245240893,5.5413022677737604],[100.84749847022513,5.542877160106028],[100.84853488700627,5.543270883828038],[100.84853488700627,5.544058332038918],[100.84905309539681,5.544058332038918],[100.84905309539681,5.544452056527827],[100.85008951217793,5.544058332038918],[100.85008951217793,5.543270883828038],[100.85112592895905,5.543270883828038],[100.85112592895905,5.544058332038918],[100.8506077205685,5.544058332038918],[100.8506077205685,5.544845781272404],[100.85008951217793,5.544845781272404],[100.85008951217793,5.545239506272672],[100.85164413734962,5.546026957040348],[100.85164413734962,5.546420682807791],[100.85112592895905,5.546420682807791],[100.85164413734962,5.547208135109991],[100.85268055413074,5.546814408831001],[100.85268055413074,5.546420682807791],[100.85216234574017,5.546420682807791],[100.85216234574017,5.546026957040348],[100.85268055413074,5.546026957040348],[100.85268055413074,5.544845781272404],[100.85216234574017,5.544845781272404]],[[100.84957130378737,5.542877160106028],[100.84957130378737,5.543270883828038],[100.84905309539681,5.543270883828038],[100.84905309539681,5.542877160106028],[100.84957130378737,5.542877160106028]],[[100.84853488700627,5.542877160106028],[100.84853488700627,5.542483436639615],[100.84905309539681,5.542483436639615],[100.84905309539681,5.542877160106028],[100.84853488700627,5.542877160106028]],[[100.85164413734962,5.542483436639615],[100.8506077205685,5.542483436639615],[100.85008951217793,5.5416959904734995],[100.85112592895905,5.5413022677737604],[100.85112592895905,5.5416959904734995],[100.85164413734962,5.5416959904734995],[100.85164413734962,5.542483436639615]]],[[[100.84335280310066,5.539727379529833],[100.84231638631952,5.5401211012076],[100.84231638631952,5.540514823140829],[100.84283459471008,5.540514823140829],[100.84283459471008,5.5413022677737604],[100.84231638631952,5.5413022677737604],[100.84179817792896,5.540514823140829],[100.84076176114785,5.540514823140829],[100.83972534436673,5.5416959904734995],[100.84076176114785,5.542089713428776],[100.8412799695384,5.543664607805662],[100.84283459471008,5.544452056527827],[100.84283459471008,5.545239506272672],[100.84335280310066,5.545239506272672],[100.84335280310066,5.546814408831001],[100.8438710114912,5.546814408831001],[100.8438710114912,5.547208135109991],[100.84490742827232,5.546814408831001],[100.8454256366629,5.545239506272672],[100.84594384505345,5.545239506272672],[100.84594384505345,5.5456332315286465],[100.84646205344401,5.5456332315286465],[100.84646205344401,5.546026957040348],[100.84853488700627,5.547208135109991],[100.84853488700627,5.546814408831001],[100.84905309539681,5.546814408831001],[100.84905309539681,5.546420682807791],[100.84853488700627,5.546420682807791],[100.84853488700627,5.545239506272672],[100.84905309539681,5.545239506272672],[100.84905309539681,5.544845781272404],[100.84749847022513,5.544058332038918],[100.84801667861569,5.543270883828038],[100.84749847022513,5.543270883828038],[100.84749847022513,5.542877160106028],[100.84594384505345,5.543270883828038],[100.84594384505345,5.5416959904734995],[100.84645580541857,5.5413022677737604],[100.84594384505345,5.5413022677737604],[100.84594384505345,5.540514823140829],[100.8454256366629,5.540514823140829],[100.8454256366629,5.5401211012076],[100.84335280310066,5.5401211012076],[100.84335280310066,5.539727379529833]],[[100.84594384505345,5.544845781272404],[100.84646205344401,5.544845781272404],[100.84646205344401,5.545239506272672],[100.84594384505345,5.545239506272672],[100.84594384505345,5.544845781272404]],[[100.84594384505345,5.543664607805662],[100.8454256366629,5.543664607805662],[100.8454256366629,5.543270883828038],[100.84594384505345,5.543270883828038],[100.84594384505345,5.543664607805662]],[[100.84749847022513,5.5456332315286465],[100.84698026183457,5.5456332315286465],[100.84698026183457,5.545239506272672],[100.84749847022513,5.545239506272672],[100.84749847022513,5.5456332315286465]],[[100.84749847022513,5.544845781272404],[100.84801667861569,5.544845781272404],[100.84801667861569,5.545239506272672],[100.84749847022513,5.545239506272672],[100.84749847022513,5.544845781272404]],[[100.84698026183457,5.544845781272404],[100.84698026183457,5.544452056527827],[100.84749847022513,5.544452056527827],[100.84749847022513,5.544845781272404],[100.84698026183457,5.544845781272404]],[[100.8454256366629,5.544058332038918],[100.84594384505345,5.544058332038918],[100.84594384505345,5.544452056527827],[100.8454256366629,5.544452056527827],[100.8454256366629,5.544058332038918]],[[100.84438921988178,5.543664607805662],[100.84490742827232,5.543664607805662],[100.84490742827232,5.544058332038918],[100.84438921988178,5.544058332038918],[100.84438921988178,5.543664607805662]],[[100.84335280310066,5.543664607805662],[100.84283459471008,5.543664607805662],[100.84283459471008,5.543270883828038],[100.84335280310066,5.543270883828038],[100.84335280310066,5.543664607805662]],[[100.84231638631952,5.543270883828038],[100.84231638631952,5.542877160106028],[100.84283459471008,5.542877160106028],[100.84283459471008,5.543270883828038],[100.84231638631952,5.543270883828038]],[[100.84335280310066,5.542877160106028],[100.8438710114912,5.542877160106028],[100.8438710114912,5.543270883828038],[100.84335280310066,5.543270883828038],[100.84335280310066,5.542877160106028]],[[100.8438710114912,5.542483436639615],[100.84490742827232,5.542483436639615],[100.84490742827232,5.543270883828038],[100.84438921988178,5.543270883828038],[100.8438710114912,5.542483436639615]],[[100.84231638631952,5.5416959904734995],[100.84283459471008,5.5416959904734995],[100.84283459471008,5.542089713428776],[100.84231638631952,5.542089713428776],[100.84231638631952,5.5416959904734995]],[[100.8438710114912,5.540908545329544],[100.84438921988178,5.540908545329544],[100.84438921988178,5.5413022677737604],[100.8438710114912,5.5413022677737604],[100.8438710114912,5.540908545329544]]],[[[100.84801667861569,5.552326600021476],[100.84905309539681,5.552720329883366],[100.84957130378737,5.551932870415629],[100.84853488700627,5.551539141065805],[100.84801667861569,5.552326600021476]]],[[[100.85164413734962,5.552326600021476],[100.8506077205685,5.551932870415629],[100.8506077205685,5.552326600021476],[100.84957130378737,5.552720329883366],[100.85112592895905,5.554295251891722],[100.85216234574017,5.553901521005477],[100.85216234574017,5.553507790375348],[100.85112592895905,5.5531140600013185],[100.85164413734962,5.552326600021476]]],[[[100.82521550943103,5.562342337375292],[100.82469730104046,5.561776187417342],[100.82421298878097,5.561776187417342],[100.8247411,5.562222993993151],[100.82521550943103,5.562342337375292]]],[[[100.82677013460271,5.5649260827005325],[100.82728834299327,5.564138607340279],[100.82645211547758,5.563744870045063],[100.8266508,5.564401293990978],[100.82677013460271,5.5649260827005325]]],[[[100.82987938494608,5.565101980364644],[100.82991239999998,5.564999293990387],[100.82987938494608,5.564789977065212],[100.82987938494608,5.565101980364644]]],[[[100.83143401011775,5.5649260827005325],[100.83143401011775,5.564578282104777],[100.8312213,5.564860493990486],[100.83195221850832,5.565280145472402],[100.83195221850832,5.5649260827005325],[100.83143401011775,5.5649260827005325]]],[[[100.83212526406437,5.566501036500846],[100.83195221850832,5.566438428078709],[100.83195221850832,5.566501036500846],[100.83212526406437,5.566501036500846]]],[[[100.83218305809241,5.566501036500846],[100.83298863528944,5.565713559087338],[100.83202132202958,5.565319820765607],[100.83218305809241,5.566501036500846]]],[[[100.83733810854207,5.569650956424865],[100.83713430241393,5.570832180634072],[100.83817071919505,5.571225922550952],[100.83817071919505,5.570832180634072],[100.8386889275856,5.570832180634072],[100.8386889275856,5.569650956424865],[100.83817071919505,5.569650956424865],[100.83817071919505,5.569257215535541],[100.83733810854207,5.569650956424865]]],[[[100.83402505207056,5.572407149843281],[100.83402505207056,5.572396272060942],[100.83399414033019,5.572407149843281],[100.83402505207056,5.572407149843281]]],[[[100.83350684368,5.572800892788016],[100.8332276,5.572676893982648],[100.83326543791213,5.572800892788016],[100.83350684368,5.572800892788016]]],[[[100.84749847022513,5.572800892788016],[100.84853488700627,5.573194635989761],[100.84905309539681,5.572407149843281],[100.84801667861569,5.57201340715554],[100.84749847022513,5.572800892788016]]],[[[100.84179817792896,5.573194635989761],[100.84179817792896,5.572800892788016],[100.8414537357163,5.572800892788016],[100.84138029739496,5.573194635989761],[100.84179817792896,5.573194635989761]]],[[[100.8412799695384,5.573588379448536],[100.8412799695384,5.573394373170811],[100.84088471532846,5.573588379448536],[100.8412799695384,5.573588379448536]]],[[[100.83920713597617,5.575163355854296],[100.83920713597617,5.574769611367221],[100.83972534436673,5.574769611367221],[100.83972534436673,5.574184649287286],[100.83870957090987,5.575163355854296],[100.83920713597617,5.575163355854296]]],[[[100.83506146885168,5.579494562186298],[100.83501817536303,5.579494562186298],[100.83506146885168,5.57956177849071],[100.83506146885168,5.579494562186298]]],[[[100.84231638631952,5.581857051489481],[100.84272243851883,5.583038299616244],[100.84283459471008,5.582644549983188],[100.84335280310066,5.582644549983188],[100.84283459471008,5.581857051489481],[100.84231638631952,5.581857051489481]]],[[[100.86744612309904,5.447603490717346],[100.86745725312707,5.446422504992974],[100.86719038906644,5.446422504992974],[100.86667218067586,5.447209828558151],[100.86744612309904,5.447603490717346]]],[[[100.86719038906644,5.448390815789039],[100.86746318633911,5.447997153127637],[100.86719038906644,5.447997153127637],[100.86719038906644,5.448390815789039]]],[[[100.86667218067586,5.450359132863416],[100.86667218067586,5.450752797031893],[100.86703830705314,5.450752797031893],[100.86708117919562,5.450359132863416],[100.86667218067586,5.450359132863416]]],[[[100.86745907576768,5.452327456218426],[100.86719038906644,5.452721121643306],[100.86767929118582,5.452721121643306],[100.86745907576768,5.452327456218426]]],[[[100.867708597457,5.453114787319527],[100.8678675,5.452991994103137],[100.867708597457,5.452763299584476],[100.867708597457,5.453114787319527]]],[[[100.85838084642691,5.4822467461259965],[100.85889905481747,5.483034115537654],[100.85993547159859,5.482640430705453],[100.85941726320802,5.481853061799274],[100.85838084642691,5.4822467461259965]]],[[[100.86667218067586,5.503506075562421],[100.86719038906644,5.504293472325261],[100.86822680584757,5.503899773816963],[100.867708597457,5.503112377561613],[100.86667218067586,5.503506075562421]]],[[[100.86978143101923,5.505474569372858],[100.87029963940981,5.5062619686737],[100.87133605619091,5.505868268896356],[100.87081784780037,5.50508087010319],[100.86978143101923,5.505474569372858]]],[[[100.86926322262867,5.5129549037451415],[100.8687450142381,5.513742312698875],[100.86978143101923,5.514136017557063],[100.87029963940981,5.513348608094908],[100.86926322262867,5.5129549037451415]]],[[[100.84698026183457,5.522403878336483],[100.84698026183457,5.52279758879219],[100.84749847022513,5.52279758879219],[100.84749847022513,5.523191299502543],[100.84698026183457,5.523191299502543],[100.84698026183457,5.523978721687269],[100.84749847022513,5.523978721687269],[100.84749847022513,5.52515985687467],[100.84801667861569,5.52515985687467],[100.84801667861569,5.525947281606697],[100.84853488700627,5.525947281606697],[100.84853488700627,5.526340994354895],[100.84905309539681,5.526340994354895],[100.84905309539681,5.525947281606697],[100.84957130378737,5.525947281606697],[100.84957130378737,5.526340994354895],[100.85008951217793,5.526340994354895],[100.85008951217793,5.525947281606697],[100.85164413734962,5.525947281606697],[100.85216234574017,5.526734707357907],[100.8531987625213,5.526734707357907],[100.8531987625213,5.527128420615751],[100.85423517930242,5.527522134128447],[100.85423517930242,5.529096990728118],[100.85469465242583,5.529096990728118],[100.8543634,5.528809594026745],[100.8550501,5.528061994027507],[100.8566594,5.527613494027938],[100.85734442964578,5.527799443863753],[100.85682622125522,5.527128420615751],[100.85889905481747,5.527128420615751],[100.85889905481747,5.526734707357907],[100.85941726320802,5.526734707357907],[100.85941726320802,5.525947281606697],[100.85993547159859,5.525947281606697],[100.85993547159859,5.527128420615751],[100.86045367998915,5.527128420615751],[100.86045367998915,5.527522134128447],[100.85993547159859,5.527522134128447],[100.85922367728706,5.5283095619184675],[100.86252809999999,5.529183294026393],[100.86304472194196,5.530278135854724],[100.86304472194196,5.529096990728118],[100.8635629303325,5.529096990728118],[100.8635629303325,5.5283095619184675],[100.86459934711363,5.527915847896014],[100.86459934711363,5.527522134128447],[100.86408113872307,5.527522134128447],[100.86408113872307,5.525947281606697],[100.8635629303325,5.525947281606697],[100.8635629303325,5.525553569113294],[100.86408113872307,5.525553569113294],[100.86408113872307,5.524766144890801],[100.8651175555042,5.524372433161675],[100.8651175555042,5.523978721687269],[100.86459934711363,5.523978721687269],[100.86459934711363,5.523191299502543],[100.86408113872307,5.523191299502543],[100.86408113872307,5.522403878336483],[100.8651175555042,5.522403878336483],[100.8651175555042,5.5220101681354015],[100.86563576389476,5.5220101681354015],[100.86459934711363,5.520829039059746],[100.86563576389476,5.520829039059746],[100.86563576389476,5.520435329876993],[100.86615397228532,5.520435329876993],[100.86615397228532,5.51925420385587],[100.86667218067586,5.51925420385587],[100.86615397228532,5.51846678778088],[100.86667218067586,5.51846678778088],[100.86719038906644,5.517679372723661],[100.867708597457,5.517679372723661],[100.867708597457,5.51807308012506],[100.87029963940981,5.51846678778088],[100.87029963940981,5.51807308012506],[100.87081784780037,5.51807308012506],[100.87081784780037,5.517285665576669],[100.87133605619091,5.517285665576669],[100.87133605619091,5.516498252045822],[100.87081784780037,5.516498252045822],[100.87081784780037,5.51610454566193],[100.87133605619091,5.51610454566193],[100.87133605619091,5.514136017557063],[100.87185426458147,5.514136017557063],[100.87185426458147,5.511773792220852],[100.87081784780037,5.511380088887699],[100.87081784780037,5.510986385808654],[100.87133605619091,5.510986385808654],[100.87133605619091,5.510592682983697],[100.87081784780037,5.510592682983697],[100.87081784780037,5.51019898041281],[100.87133605619091,5.51019898041281],[100.87133605619091,5.509411576033171],[100.87081784780037,5.509411576033171],[100.87029963940981,5.508624172669591],[100.86978143101923,5.508624172669591],[100.86978143101923,5.509017874224384],[100.8687450142381,5.509017874224384],[100.8687450142381,5.509411576033171],[100.86822680584757,5.509411576033171],[100.86822680584757,5.51019898041281],[100.86615397228532,5.51019898041281],[100.86615397228532,5.509805278095975],[100.8651175555042,5.509411576033171],[100.8651175555042,5.509805278095975],[100.86459934711363,5.509805278095975],[100.86459934711363,5.510592682983697],[100.8635629303325,5.510986385808654],[100.8635629303325,5.511773792220852],[100.86408113872307,5.511773792220852],[100.86408113872307,5.512167495808132],[100.86304472194196,5.512167495808132],[100.86304472194196,5.511773792220852],[100.86252651355139,5.511773792220852],[100.86304472194196,5.510986385808654],[100.85993547159859,5.509805278095975],[100.85993547159859,5.509411576033171],[100.86097188837972,5.509411576033171],[100.86097188837972,5.509805278095975],[100.86200830516083,5.509411576033171],[100.86200830516083,5.508230471368775],[100.86149009677027,5.508230471368775],[100.86200830516083,5.507443069529001],[100.86149009677027,5.507443069529001],[100.86149009677027,5.50665566870491],[100.86097188837972,5.50665566870491],[100.86097188837972,5.5062619686737],[100.85941726320802,5.5062619686737],[100.85786263803635,5.507836770321917],[100.85682622125522,5.507836770321917],[100.85527159608354,5.509411576033171],[100.85423517930242,5.509411576033171],[100.85423517930242,5.509805278095975],[100.85371697091186,5.509805278095975],[100.85371697091186,5.511773792220852],[100.85423517930242,5.511773792220852],[100.85423517930242,5.512167495808132],[100.85268055413074,5.5129549037451415],[100.85268055413074,5.514136017557063],[100.85216234574017,5.514136017557063],[100.85216234574017,5.513742312698875],[100.85112592895905,5.514136017557063],[100.85112592895905,5.5145297226694865],[100.85164413734962,5.5145297226694865],[100.85164413734962,5.515317133657122],[100.85112592895905,5.515317133657122],[100.8506077205685,5.51610454566193],[100.84957130378737,5.51610454566193],[100.84957130378737,5.515710839532371],[100.84853488700627,5.515710839532371],[100.84853488700627,5.515317133657122],[100.84801667861569,5.515317133657122],[100.84801667861569,5.515710839532371],[100.84698026183457,5.51610454566193],[100.84749847022513,5.5168919586840595],[100.8454256366629,5.51807308012506],[100.8454256366629,5.51846678778088],[100.84646205344401,5.518860495691145],[100.84646205344401,5.51925420385587],[100.8454256366629,5.519647912275073],[100.8454256366629,5.520435329876993],[100.84594384505345,5.520435329876993],[100.84594384505345,5.521616458188932],[100.84646205344401,5.521616458188932],[100.84646205344401,5.522403878336483],[100.84698026183457,5.522403878336483]],[[100.8543387496019,5.512167495808132],[100.85578980447411,5.5118731244692],[100.85475338769298,5.511773792220852],[100.85475338769298,5.51019898041281],[100.85682622125522,5.509017874224384],[100.85734442964578,5.509805278095975],[100.85682622125522,5.509805278095975],[100.85630801286466,5.510592682983697],[100.85682622125522,5.510592682983697],[100.85734442964578,5.511380088887699],[100.85658921102961,5.511773792220852],[100.85838084642691,5.511773792220852],[100.86097188837972,5.512430327091775],[100.86097188837972,5.512167495808132],[100.85993547159859,5.512167495808132],[100.85993547159859,5.511773792220852],[100.86149009677027,5.511773792220852],[100.86165315360446,5.5129549037451415],[100.86200830516083,5.512561199649555],[100.86304472194196,5.512561199649555],[100.86304472194196,5.5129549037451415],[100.86459934711363,5.5129549037451415],[100.86459934711363,5.513348608094908],[100.8635629303325,5.513348608094908],[100.8635629303325,5.513742312698875],[100.86252651355139,5.513742312698875],[100.86252651355139,5.513348608094908],[100.86200830516083,5.513348608094908],[100.8616161,5.517297594038353],[100.85866635835369,5.517679372723661],[100.85846858292666,5.51846678778088],[100.85889905481747,5.51846678778088],[100.85889905481747,5.518860495691145],[100.85838084642691,5.518816098645604],[100.85754766142577,5.520041620948776],[100.85786263803635,5.519647912275073],[100.85889905481747,5.519647912275073],[100.85889905481747,5.51925420385587],[100.85941726320802,5.51925420385587],[100.85941726320802,5.519647912275073],[100.86045367998915,5.519647912275073],[100.86045367998915,5.520041620948776],[100.85941726320802,5.520435329876993],[100.85941726320802,5.5212227484970535],[100.85889905481747,5.5212227484970535],[100.85889905481747,5.520829039059746],[100.85682622125522,5.52066242330936],[100.85475338769298,5.521616458188932],[100.85371697091186,5.5216376773931835],[100.85423517930242,5.522403878336483],[100.85527159608354,5.522403878336483],[100.85630801286466,5.5212227484970535],[100.85682622125522,5.5212227484970535],[100.85682622125522,5.521616458188932],[100.85838084642691,5.521616458188932],[100.85838084642691,5.5220101681354015],[100.85734442964578,5.522403878336483],[100.85734442964578,5.523191299502543],[100.85786263803635,5.523191299502543],[100.85786263803635,5.5235850104675634],[100.85682622125522,5.523978721687269],[100.85734442964578,5.524766144890801],[100.85630801286466,5.524766144890801],[100.85630801286466,5.524372433161675],[100.85578980447411,5.524372433161675],[100.85578980447411,5.5235850104675634],[100.85630801286466,5.5235850104675634],[100.85630801286466,5.523191299502543],[100.85527159608354,5.52279758879219],[100.85527159608354,5.523191299502543],[100.85475338769298,5.523191299502543],[100.85475338769298,5.523978721687269],[100.85423517930242,5.523978721687269],[100.85423517930242,5.524766144890801],[100.85371697091186,5.524766144890801],[100.85423517930242,5.526340994354895],[100.8531987625213,5.526340994354895],[100.8531987625213,5.525947281606697],[100.85268055413074,5.525947281606697],[100.85268055413074,5.524766144890801],[100.8531987625213,5.524766144890801],[100.85268055413074,5.523978721687269],[100.85164413734962,5.524372433161675],[100.85164413734962,5.52515985687467],[100.85008951217793,5.52515985687467],[100.85008951217793,5.525553569113294],[100.84957130378737,5.525553569113294],[100.84957130378737,5.52515985687467],[100.84853488700627,5.52515985687467],[100.84853488700627,5.524372433161675],[100.84905309539681,5.524372433161675],[100.84905309539681,5.523978721687269],[100.84957130378737,5.523978721687269],[100.84957130378737,5.524372433161675],[100.8506077205685,5.523978721687269],[100.85008951217793,5.523191299502543],[100.84957130378737,5.523191299502543],[100.84957130378737,5.5235850104675634],[100.84853488700627,5.5235850104675634],[100.84853488700627,5.522403878336483],[100.85008951217793,5.522403878336483],[100.85008951217793,5.5220101681354015],[100.8506077205685,5.5220101681354015],[100.85112592895905,5.52279758879219],[100.85216234574017,5.52279758879219],[100.85216234574017,5.523191299502543],[100.85371697091186,5.523978721687269],[100.85423517930242,5.523191299502543],[100.85371697091186,5.523191299502543],[100.85371697091186,5.522403878336483],[100.85268055413074,5.5220101681354015],[100.85268055413074,5.521616458188932],[100.85367691699454,5.521616458188932],[100.85144738652232,5.520435329876993],[100.85112592895905,5.520435329876993],[100.85102652494291,5.520041620948776],[100.8506077205685,5.520041620948776],[100.8506077205685,5.520435329876993],[100.84957130378737,5.520041620948776],[100.84801667861569,5.521616458188932],[100.84698026183457,5.521616458188932],[100.84698026183457,5.5212227484970535],[100.84801667861569,5.520829039059746],[100.84801667861569,5.520435329876993],[100.84749847022513,5.520435329876993],[100.84749847022513,5.519647912275073],[100.84801667861569,5.519647912275073],[100.84801667861569,5.51925420385587],[100.84749847022513,5.51925420385587],[100.84749847022513,5.517285665576669],[100.84853488700627,5.517679372723661],[100.84905309539681,5.5168919586840595],[100.8506077205685,5.5168919586840595],[100.8506077205685,5.517679372723661],[100.85178849999998,5.517916994037702],[100.85204925877754,5.516498252045822],[100.85164413734962,5.516498252045822],[100.85164413734962,5.515710839532371],[100.85268055413074,5.51588181378677],[100.8538150761049,5.515317133657122],[100.8531987625213,5.515317133657122],[100.8531987625213,5.514923428036167],[100.85443603942072,5.5145297226694865],[100.85423517930242,5.513375848620079],[100.85423517930242,5.513742312698875],[100.85371697091186,5.513742312698875],[100.85371697091186,5.513348608094908],[100.85422710803505,5.513348608094908],[100.8543387496019,5.512167495808132]],[[100.85734442964578,5.510592682983697],[100.85838084642691,5.510592682983697],[100.85838084642691,5.510986385808654],[100.85734442964578,5.510986385808654],[100.85734442964578,5.510592682983697]],[[100.85578980447411,5.524766144890801],[100.85527159608354,5.524766144890801],[100.85527159608354,5.524372433161675],[100.85578980447411,5.524372433161675],[100.85578980447411,5.524766144890801]],[[100.84698026183457,5.51925420385587],[100.84698026183457,5.519647912275073],[100.84646205344401,5.519647912275073],[100.84646205344401,5.51925420385587],[100.84698026183457,5.51925420385587]],[[100.86149009677027,5.527915847896014],[100.86200830516083,5.527915847896014],[100.86200830516083,5.528703276195831],[100.86149009677027,5.528703276195831],[100.86149009677027,5.527915847896014]],[[100.85475338769298,5.526734707357907],[100.85527159608354,5.526734707357907],[100.85527159608354,5.527522134128447],[100.85475338769298,5.527522134128447],[100.85475338769298,5.526734707357907]],[[100.86200830516083,5.526734707357907],[100.86304472194196,5.526734707357907],[100.86304472194196,5.527128420615751],[100.86200830516083,5.527128420615751],[100.86200830516083,5.526734707357907]],[[100.85682622125522,5.525947281606697],[100.85734442964578,5.525947281606697],[100.85734442964578,5.526340994354895],[100.85630801286466,5.526734707357907],[100.85630801286466,5.525947281606697],[100.85578980447411,5.525947281606697],[100.85578980447411,5.525553569113294],[100.85630801286466,5.525553569113294],[100.85630801286466,5.52515985687467],[100.85734442964578,5.52515985687467],[100.85682622125522,5.525947281606697]],[[100.85475338769298,5.525553569113294],[100.85527159608354,5.525553569113294],[100.85527159608354,5.525947281606697],[100.85475338769298,5.525947281606697],[100.85475338769298,5.525553569113294]],[[100.86200830516083,5.525553569113294],[100.86304472194196,5.525553569113294],[100.86304472194196,5.525947281606697],[100.86200830516083,5.525947281606697],[100.86200830516083,5.525553569113294]],[[100.86149009677027,5.523978721687269],[100.86097188837972,5.523978721687269],[100.85993547159859,5.52279758879219],[100.86097188837972,5.52279758879219],[100.86097188837972,5.523191299502543],[100.86200830516083,5.52279758879219],[100.86200830516083,5.5235850104675634],[100.86149009677027,5.5235850104675634],[100.86149009677027,5.523978721687269]],[[100.85993547159859,5.5235850104675634],[100.85889905481747,5.5235850104675634],[100.85889905481747,5.523191299502543],[100.85993547159859,5.523191299502543],[100.85993547159859,5.5235850104675634]],[[100.86149009677027,5.521616458188932],[100.86200830516083,5.520829039059746],[100.86304472194196,5.520829039059746],[100.86304472194196,5.5212227484970535],[100.8635629303325,5.5212227484970535],[100.8635629303325,5.521616458188932],[100.86200830516083,5.521616458188932],[100.86200830516083,5.5220101681354015],[100.85993547159859,5.522403878336483],[100.85993547159859,5.5212227484970535],[100.86097188837972,5.5212227484970535],[100.86097188837972,5.521616458188932],[100.86149009677027,5.521616458188932]],[[100.86304472194196,5.520435329876993],[100.8635629303325,5.520435329876993],[100.8635629303325,5.520829039059746],[100.86304472194196,5.520829039059746],[100.86304472194196,5.520435329876993]],[[100.86408113872307,5.521616458188932],[100.86408113872307,5.5220101681354015],[100.8635629303325,5.5220101681354015],[100.8635629303325,5.521616458188932],[100.86408113872307,5.521616458188932]],[[100.84957130378737,5.5212227484970535],[100.85008951217793,5.5212227484970535],[100.85008951217793,5.521616458188932],[100.84957130378737,5.521616458188932],[100.84957130378737,5.5212227484970535]],[[100.85216234574017,5.520829039059746],[100.85216234574017,5.521616458188932],[100.85112592895905,5.521616458188932],[100.85112592895905,5.5212227484970535],[100.85216234574017,5.520829039059746]],[[100.8506077205685,5.5212227484970535],[100.8506077205685,5.520829039059746],[100.85112592895905,5.520829039059746],[100.85112592895905,5.5212227484970535],[100.8506077205685,5.5212227484970535]],[[100.86408113872307,5.51925420385587],[100.8635629303325,5.51925420385587],[100.8635629303325,5.518860495691145],[100.8651175555042,5.51807308012506],[100.86563576389476,5.518860495691145],[100.8651175555042,5.518860495691145],[100.8651175555042,5.519647912275073],[100.86459934711363,5.519647912275073],[100.86459934711363,5.520041620948776],[100.86408113872307,5.520041620948776],[100.86408113872307,5.51925420385587]],[[100.8651175555042,5.517285665576669],[100.86615397228532,5.517285665576669],[100.86615397228532,5.517679372723661],[100.8651175555042,5.51807308012506],[100.8651175555042,5.517285665576669]],[[100.86045367998915,5.518860495691145],[100.86097188837972,5.518860495691145],[100.86097188837972,5.51846678778088],[100.86200830516083,5.51846678778088],[100.86200830516083,5.51925420385587],[100.86045367998915,5.51925420385587],[100.86045367998915,5.518860495691145]],[[100.86200830516083,5.51807308012506],[100.86252651355139,5.51807308012506],[100.86252651355139,5.51846678778088],[100.86200830516083,5.51846678778088],[100.86200830516083,5.51807308012506]],[[100.86304472194196,5.517679372723661],[100.86200830516083,5.517679372723661],[100.86200830516083,5.5168919586840595],[100.86252651355139,5.5168919586840595],[100.86304472194196,5.517679372723661]],[[100.86252651355139,5.516498252045822],[100.86304472194196,5.516498252045822],[100.86304472194196,5.5168919586840595],[100.86252651355139,5.5168919586840595],[100.86252651355139,5.516498252045822]],[[100.86719038906644,5.517285665576669],[100.86667218067586,5.517285665576669],[100.86667218067586,5.5168919586840595],[100.86719038906644,5.5168919586840595],[100.86719038906644,5.517285665576669]],[[100.86719038906644,5.516498252045822],[100.867708597457,5.516498252045822],[100.867708597457,5.5168919586840595],[100.86719038906644,5.5168919586840595],[100.86719038906644,5.516498252045822]],[[100.86667218067586,5.516498252045822],[100.86667218067586,5.51610454566193],[100.86563576389476,5.515710839532371],[100.86563576389476,5.515317133657122],[100.86615397228532,5.515317133657122],[100.86615397228532,5.514923428036167],[100.86563576389476,5.514923428036167],[100.86563576389476,5.513742312698875],[100.86615397228532,5.513742312698875],[100.86615397228532,5.5145297226694865],[100.86719038906644,5.514923428036167],[100.86719038906644,5.515317133657122],[100.86667218067586,5.515317133657122],[100.86667218067586,5.515710839532371],[100.86719038906644,5.515710839532371],[100.86719038906644,5.516498252045822],[100.86667218067586,5.516498252045822]],[[100.86719038906644,5.5145297226694865],[100.86822680584757,5.5145297226694865],[100.86822680584757,5.514136017557063],[100.8687450142381,5.514136017557063],[100.8687450142381,5.513742312698875],[100.86822680584757,5.513742312698875],[100.86822680584757,5.5129549037451415],[100.867708597457,5.5129549037451415],[100.86822680584757,5.512167495808132],[100.86926322262867,5.512167495808132],[100.86926322262867,5.511773792220852],[100.86978143101923,5.511773792220852],[100.86978143101923,5.512167495808132],[100.87081784780037,5.512167495808132],[100.87029963940981,5.51610454566193],[100.86978143101923,5.51610454566193],[100.86978143101923,5.515710839532371],[100.8687450142381,5.51610454566193],[100.86719038906644,5.5145297226694865]],[[100.86719038906644,5.512561199649555],[100.86719038906644,5.512167495808132],[100.867708597457,5.512167495808132],[100.867708597457,5.512561199649555],[100.86719038906644,5.512561199649555]],[[100.86667218067586,5.512167495808132],[100.86667218067586,5.511380088887699],[100.86719038906644,5.511380088887699],[100.86719038906644,5.512167495808132],[100.86667218067586,5.512167495808132]],[[100.86615397228532,5.511380088887699],[100.86615397228532,5.510986385808654],[100.86667218067586,5.510986385808654],[100.86667218067586,5.511380088887699],[100.86615397228532,5.511380088887699]],[[100.86563576389476,5.510986385808654],[100.86563576389476,5.510592682983697],[100.86615397228532,5.510592682983697],[100.86615397228532,5.510986385808654],[100.86563576389476,5.510986385808654]],[[100.86822680584757,5.5168919586840595],[100.86822680584757,5.517285665576669],[100.867708597457,5.517285665576669],[100.867708597457,5.5168919586840595],[100.86822680584757,5.5168919586840595]],[[100.86408113872307,5.516498252045822],[100.86459934711363,5.516498252045822],[100.86459934711363,5.5168919586840595],[100.86408113872307,5.5168919586840595],[100.86408113872307,5.516498252045822]],[[100.86615397228532,5.516498252045822],[100.86615397228532,5.5168919586840595],[100.86563576389476,5.5168919586840595],[100.86563576389476,5.516498252045822],[100.86615397228532,5.516498252045822]],[[100.8651175555042,5.516498252045822],[100.8651175555042,5.51610454566193],[100.86563576389476,5.51610454566193],[100.86563576389476,5.516498252045822],[100.8651175555042,5.516498252045822]],[[100.8635629303325,5.515317133657122],[100.86408113872307,5.515317133657122],[100.86408113872307,5.515710839532371],[100.8635629303325,5.515710839532371],[100.8635629303325,5.515317133657122]],[[100.86252651355139,5.515317133657122],[100.86200830516083,5.515317133657122],[100.86200830516083,5.514923428036167],[100.86252651355139,5.514923428036167],[100.86252651355139,5.515317133657122]],[[100.86252651355139,5.514136017557063],[100.8635629303325,5.514136017557063],[100.8635629303325,5.5145297226694865],[100.86252651355139,5.514923428036167],[100.86252651355139,5.514136017557063]],[[100.86563576389476,5.512167495808132],[100.86615397228532,5.512167495808132],[100.86615397228532,5.5129549037451415],[100.86563576389476,5.5129549037451415],[100.86459934711363,5.511773792220852],[100.86563576389476,5.511380088887699],[100.86563576389476,5.512167495808132]],[[100.85993547159859,5.510592682983697],[100.86045367998915,5.510592682983697],[100.86045367998915,5.510986385808654],[100.85993547159859,5.510986385808654],[100.85993547159859,5.510592682983697]],[[100.86978143101923,5.510592682983697],[100.87029963940981,5.510592682983697],[100.87029963940981,5.510986385808654],[100.86978143101923,5.510986385808654],[100.86978143101923,5.510592682983697]],[[100.85993547159859,5.508230471368775],[100.86045367998915,5.508230471368775],[100.86045367998915,5.508624172669591],[100.85993547159859,5.508624172669591],[100.85993547159859,5.508230471368775]],[[100.85941726320802,5.507049368990003],[100.86045367998915,5.507049368990003],[100.86045367998915,5.507836770321917],[100.85941726320802,5.507836770321917],[100.85941726320802,5.507049368990003]]],[[[100.85630801286466,5.511773792220852],[100.85630801286466,5.51179335414972],[100.85643509216644,5.511773792220852],[100.85630801286466,5.511773792220852]]],[[[100.85734442964578,5.520435329876993],[100.85734442964578,5.520337567500509],[100.85727729449842,5.520435329876993],[100.85734442964578,5.520435329876993]]],[[[100.85889905481747,5.527915847896014],[100.85838084642691,5.527915847896014],[100.85838084642691,5.527522134128447],[100.85786263803635,5.527522134128447],[100.85777325601617,5.527915847896014],[100.85889905481747,5.528221443760691],[100.85889905481747,5.527915847896014]]],[[[100.85008951217793,5.529884420557546],[100.8506077205685,5.530671851406901],[100.8517335455698,5.530671851406901],[100.8516383,5.530197794025356],[100.8502435,5.529621194025927],[100.8502221,5.528446494027105],[100.852046,5.528403794027141],[100.8536768,5.530005594025534],[100.85412739999998,5.531094794024442],[100.85682622125522,5.53088627137149],[100.85423517930242,5.530278135854724],[100.85423517930242,5.529884420557546],[100.85371697091186,5.529884420557546],[100.85371697091186,5.529096990728118],[100.8531987625213,5.529096990728118],[100.85216234574017,5.527915847896014],[100.85112592895905,5.527915847896014],[100.85112592895905,5.527128420615751],[100.8506077205685,5.527128420615751],[100.8506077205685,5.526734707357907],[100.85008951217793,5.526734707357907],[100.85008951217793,5.527128420615751],[100.84905309539681,5.527128420615751],[100.84905309539681,5.526734707357907],[100.84801667861569,5.526340994354895],[100.84801667861569,5.526734707357907],[100.84749847022513,5.526734707357907],[100.84749847022513,5.527522134128447],[100.84801667861569,5.527522134128447],[100.84853488700627,5.5283095619184675],[100.84905309539681,5.5283095619184675],[100.84905309539681,5.527915847896014],[100.85008951217793,5.5283095619184675],[100.85008951217793,5.528703276195831],[100.84905309539681,5.529096990728118],[100.84905309539681,5.52949070551535],[100.85008951217793,5.529884420557546]],[[100.84957130378737,5.527522134128447],[100.85008951217793,5.527522134128447],[100.85008951217793,5.527915847896014],[100.84957130378737,5.527915847896014],[100.84957130378737,5.527522134128447]]],[[[100.8551484464488,5.52949070551535],[100.85475338769298,5.529147949831857],[100.85475338769298,5.52949070551535],[100.8551484464488,5.52949070551535]]],[[[100.85688091191983,5.529884420557546],[100.85682622125522,5.529855107984097],[100.85682622125522,5.529884420557546],[100.85688091191983,5.529884420557546]]],[[[100.85578980447411,5.529884420557546],[100.85630801286466,5.529662214822073],[100.85578980447411,5.529603026070347],[100.85578980447411,5.529884420557546]]],[[[100.85734442964578,5.530136913098895],[100.857346,5.530133694025429],[100.85734442964578,5.5301328523618],[100.85734442964578,5.530136913098895]]],[[[100.85164413734962,5.531459283276329],[100.85216234574017,5.531459283276329],[100.85216234574017,5.531852999593619],[100.8526284221364,5.531852999593619],[100.85181264919963,5.531065567214098],[100.85164413734962,5.531459283276329]]],[[[100.85371697091186,5.532640432993441],[100.85373433936107,5.532246716165983],[100.85268055413074,5.53189840000092],[100.8531987625213,5.532640432993441],[100.85371697091186,5.532640432993441]]],[[[100.85812024694098,5.532640432993441],[100.8580756,5.532611194022921],[100.85794210852421,5.532640432993441],[100.85812024694098,5.532640432993441]]],[[[100.85786263803635,5.533034150076009],[100.85786263803635,5.532657839613058],[100.85682622125522,5.532876082536425],[100.85682622125522,5.533034150076009],[100.85786263803635,5.533034150076009]]],[[[100.85630801286466,5.533034150076009],[100.85599420000001,5.533016994022532],[100.85593043505115,5.533034150076009],[100.85630801286466,5.533034150076009]]],[[[100.85475338769298,5.534057284518286],[100.8542776,5.533337394022198],[100.854578,5.532675294022848],[100.85423517930242,5.532500340324476],[100.85423517930242,5.53342786741371],[100.85371697091186,5.53342786741371],[100.85371697091186,5.533821585006558],[100.85423517930242,5.533821585006558],[100.85423517930242,5.534215302854575],[100.85475338769298,5.534057284518286]]],[[[100.85578980447411,5.53342786741371],[100.85578980447411,5.533071986941773],[100.85520029999999,5.533230594022304],[100.85536243449867,5.53342786741371],[100.85578980447411,5.53342786741371]]],[[[100.85682622125522,5.533821585006558],[100.85682622125522,5.53417251003083],[100.85786263803635,5.535002739316186],[100.85786263803635,5.534609020957777],[100.85838084642691,5.534609020957777],[100.85838084642691,5.533821585006558],[100.85786263803635,5.533821585006558],[100.85786263803635,5.53342786741371],[100.85682622125522,5.533821585006558]]],[[[100.85578980447411,5.535002739316186],[100.85578980447411,5.535311079808662],[100.85670229999998,5.535131394020396],[100.85658064419977,5.535002739316186],[100.85578980447411,5.535002739316186]]],[[[100.85423517930242,5.535396457929816],[100.85423517930242,5.535002739316186],[100.85371697091186,5.535002739316186],[100.85371697091186,5.535396457929816],[100.85268055413074,5.535002739316186],[100.85216234574017,5.535790176798691],[100.85268055413074,5.535790176798691],[100.85268055413074,5.536183895922823],[100.85371697091186,5.535790176798691],[100.85396012203435,5.536183895922823],[100.85535623019251,5.535396457929816],[100.85423517930242,5.535396457929816]]],[[[100.86045367998915,5.535396457929816],[100.85941726320802,5.533886713903301],[100.85941726320802,5.534215302854575],[100.85889905481747,5.534215302854575],[100.85889905481747,5.534609020957777],[100.85941726320802,5.534609020957777],[100.85941726320802,5.535396457929816],[100.85838084642691,5.535396457929816],[100.8582473,5.536605094018918],[100.85878369999999,5.537373994018123],[100.85838084642691,5.538546216029146],[100.85889905481747,5.538546216029146],[100.85889905481747,5.5389399369406265],[100.85993547159859,5.538546216029146],[100.85993547159859,5.536183895922823],[100.86045367998915,5.536183895922823],[100.86045367998915,5.535396457929816]]],[[[100.85630801286466,5.536577615302239],[100.8565521,5.536412894019104],[100.85630801286466,5.536341434290272],[100.85630801286466,5.536577615302239]]],[[[100.8531987625213,5.536577615302239],[100.8531987625213,5.5368280250336905],[100.85349474630183,5.536577615302239],[100.8531987625213,5.536577615302239]]],[[[100.86252651355139,5.538546216029146],[100.86257596699706,5.538152495373057],[100.86149009677027,5.53775877497234],[100.86149009677027,5.538152495373057],[100.86252651355139,5.538546216029146]]],[[[100.85578980447411,5.537365054826978],[100.85630801286466,5.537365054826978],[100.85630801286466,5.5369713349369505],[100.85578980447411,5.5369713349369505],[100.85578980447411,5.536229334743279],[100.85481399999998,5.53801469401751],[100.85586549999998,5.5400863940153835],[100.85475338769298,5.5397583781406565],[100.85527159608354,5.540514823140829],[100.85630801286466,5.5401211012076],[100.85630801286466,5.5389399369406265],[100.85578980447411,5.5389399369406265],[100.85578980447411,5.538152495373057],[100.85630801286466,5.538152495373057],[100.85630801286466,5.53775877497234],[100.85578980447411,5.53775877497234],[100.85578980447411,5.537365054826978]]],[[[100.8531987625213,5.5389399369406265],[100.85349006048732,5.538546216029146],[100.8525824,5.538356394017142],[100.85243938537636,5.538546216029146],[100.85268055413074,5.5389399369406265],[100.8531987625213,5.5389399369406265]]],[[[100.86097188837972,5.539333658107517],[100.86149009677027,5.5401211012076],[100.86252651355139,5.539727379529833],[100.86200830516083,5.5389399369406265],[100.86097188837972,5.539333658107517]]],[[[100.85423517930242,5.542483436639615],[100.85475338769298,5.543270883828038],[100.85578980447411,5.542877160106028],[100.85527159608354,5.542089713428776],[100.85423517930242,5.542483436639615]]],[[[100.85371697091186,5.544452056527827],[100.85371697091186,5.545239506272672],[100.85475338769298,5.5456332315286465],[100.85475338769298,5.545239506272672],[100.85527159608354,5.545239506272672],[100.85527159608354,5.544452056527827],[100.85475338769298,5.544452056527827],[100.85475338769298,5.544058332038918],[100.85371697091186,5.544452056527827]]],[[[100.86408113872307,5.546026957040348],[100.86459934711363,5.546814408831001],[100.86563576389476,5.546420682807791],[100.8651175555042,5.5456332315286465],[100.86408113872307,5.546026957040348]]],[[[100.86200830516083,5.546420682807791],[100.86252651355139,5.547208135109991],[100.8635629303325,5.546814408831001],[100.86304472194196,5.546026957040348],[100.86200830516083,5.546420682807791]]],[[[100.86667218067586,5.546814408831001],[100.86667218067586,5.547208135109991],[100.86615397228532,5.547208135109991],[100.86615397228532,5.547601861644783],[100.86685179999999,5.547219694008251],[100.86667218067586,5.546814408831001]]],[[[100.86200830516083,5.548389315481838],[100.86252651355139,5.549176770342321],[100.8635629303325,5.548783042784143],[100.86304472194196,5.54799558843539],[100.86200830516083,5.548389315481838]]],[[[100.84957130378737,5.547208135109991],[100.84957130378737,5.547601861644783],[100.85008951217793,5.547601861644783],[100.85008951217793,5.548389315481838],[100.8506077205685,5.548389315481838],[100.8506077205685,5.549176770342321],[100.85008951217793,5.549176770342321],[100.85008951217793,5.5499642262263755],[100.84905309539681,5.5499642262263755],[100.84905309539681,5.550357954552291],[100.84853488700627,5.550357954552291],[100.84905309539681,5.551145411971988],[100.85008951217793,5.551145411971988],[100.85008951217793,5.550751683134155],[100.8506077205685,5.550751683134155],[100.8506077205685,5.551145411971988],[100.85164413734962,5.551145411971988],[100.85164413734962,5.550751683134155],[100.85268055413074,5.550357954552291],[100.85268055413074,5.551145411971988],[100.8531987625213,5.551145411971988],[100.8531987625213,5.551539141065805],[100.85423517930242,5.551539141065805],[100.85423517930242,5.551145411971988],[100.85475338769298,5.551145411971988],[100.85475338769298,5.550751683134155],[100.85423517930242,5.550751683134155],[100.85475338769298,5.5499642262263755],[100.85578980447411,5.5499642262263755],[100.85578980447411,5.550357954552291],[100.85682622125522,5.5499642262263755],[100.85630801286466,5.549176770342321],[100.85578980447411,5.549176770342321],[100.85578980447411,5.549570498156393],[100.85475338769298,5.549570498156393],[100.85475338769298,5.549176770342321],[100.8531987625213,5.548389315481838],[100.8531987625213,5.54799558843539],[100.85423517930242,5.54799558843539],[100.85423517930242,5.547601861644783],[100.85475338769298,5.547601861644783],[100.85423517930242,5.546814408831001],[100.85371697091186,5.546814408831001],[100.85371697091186,5.547208135109991],[100.85268055413074,5.547208135109991],[100.85268055413074,5.547601861644783],[100.85216234574017,5.547601861644783],[100.85216234574017,5.548389315481838],[100.85112592895905,5.54799558843539],[100.85112592895905,5.547601861644783],[100.85164413734962,5.547601861644783],[100.85112592895905,5.546814408831001],[100.85008951217793,5.546814408831001],[100.85008951217793,5.547208135109991],[100.84957130378737,5.547208135109991]],[[100.85164413734962,5.548783042784143],[100.85216234574017,5.548783042784143],[100.85216234574017,5.549176770342321],[100.8531987625213,5.549176770342321],[100.8531987625213,5.549570498156393],[100.85268055413074,5.549570498156393],[100.85268055413074,5.5499642262263755],[100.85164413734962,5.5499642262263755],[100.85112592895905,5.548389315481838],[100.85164413734962,5.548389315481838],[100.85164413734962,5.548783042784143]],[[100.85371697091186,5.549570498156393],[100.85371697091186,5.5499642262263755],[100.8531987625213,5.5499642262263755],[100.8531987625213,5.549570498156393],[100.85371697091186,5.549570498156393]]],[[[100.86045367998915,5.548783042784143],[100.85993547159859,5.548783042784143],[100.85941726320802,5.549570498156393],[100.85993547159859,5.549570498156393],[100.85993547159859,5.550357954552291],[100.86045367998915,5.550357954552291],[100.86045367998915,5.550751683134155],[100.86149009677027,5.550751683134155],[100.86149009677027,5.551145411971988],[100.86200830516083,5.551145411971988],[100.86200830516083,5.550751683134155],[100.86252651355139,5.550751683134155],[100.86252651355139,5.5499642262263755],[100.86200830516083,5.5499642262263755],[100.86200830516083,5.549570498156393],[100.86097188837972,5.549570498156393],[100.86045367998915,5.548783042784143]]],[[[100.85112592895905,5.551539141065805],[100.85164413734962,5.552326600021476],[100.85268055413074,5.551932870415629],[100.85216234574017,5.551145411971988],[100.85112592895905,5.551539141065805]]],[[[100.86045367998915,5.553507790375348],[100.86045367998915,5.554295251891722],[100.86149009677027,5.5546889830341035],[100.86149009677027,5.554295251891722],[100.86200830516083,5.554295251891722],[100.86200830516083,5.553507790375348],[100.86149009677027,5.553507790375348],[100.86149009677027,5.5531140600013185],[100.86045367998915,5.553507790375348]]],[[[100.85838084642691,5.555870177998244],[100.85786263803635,5.555082714432638],[100.85682622125522,5.555476446087345],[100.85578980447411,5.554295251891722],[100.85475338769298,5.5546889830341035],[100.85475338769298,5.556263910165355],[100.85527159608354,5.556263910165355],[100.85527159608354,5.556657642588691],[100.85578980447411,5.556657642588691],[100.85630801286466,5.555870177998244],[100.85734442964578,5.555870177998244],[100.85734442964578,5.556263910165355],[100.85838084642691,5.555870177998244]]],[[[100.86200830516083,5.555476446087345],[100.86252651355139,5.556263910165355],[100.8635629303325,5.555870177998244],[100.86304472194196,5.555082714432638],[100.86200830516083,5.555476446087345]]],[[[100.8651175555042,5.556263910165355],[100.86563576389476,5.5570513752682755],[100.86667218067586,5.556657642588691],[100.86615397228532,5.555870177998244],[100.8651175555042,5.556263910165355]]],[[[100.8651175555042,5.560988716161808],[100.8651175555042,5.561125666058092],[100.86526022031404,5.560988716161808],[100.8651175555042,5.560988716161808]]],[[[100.86459934711363,5.56138245166134],[100.86459934711363,5.561623116148663],[100.86485005433535,5.56138245166134],[100.86459934711363,5.56138245166134]]],[[[100.86200830516083,5.5680759944085585],[100.86200830516083,5.568222720459623],[100.86214006844925,5.5680759944085585],[100.86200830516083,5.5680759944085585]]],[[[100.87081784780037,5.482640430705453],[100.87185426458147,5.483034115537654],[100.87237247297205,5.4822467461259965],[100.87133605619091,5.481853061799274],[100.87081784780037,5.482640430705453]]],[[[100.88170022400213,5.4838214859603855],[100.88221843239269,5.483021890287805],[100.88066380722103,5.482709175653578],[100.88066380722103,5.483427800622628],[100.88170022400213,5.4838214859603855]]],[[[100.88418954509842,5.486577290404289],[100.88429126595493,5.485396229839661],[100.88221843239269,5.48500254349057],[100.88221843239269,5.485396229839661],[100.88170022400213,5.485396229839661],[100.88170022400213,5.4861836032965],[100.88221843239269,5.4861836032965],[100.88170022400213,5.4869709777650115],[100.88273664078326,5.487364665378687],[100.88325484917382,5.486577290404289],[100.88418954509842,5.486577290404289]]],[[[100.87651814009652,5.4861836032965],[100.87703634848708,5.4869709777650115],[100.87807276526821,5.486577290404289],[100.87755455687766,5.4857899164416315],[100.87651814009652,5.4861836032965]]],[[[100.87599993170595,5.488152041364978],[100.87651814009652,5.488939418363307],[100.87755455687766,5.488545729737627],[100.87703634848708,5.487758353245336],[100.87599993170595,5.488152041364978]]],[[[100.91020168548297,5.492482627383768],[100.91020168548297,5.492352198398733],[100.91000341457533,5.492482627383768],[100.91020168548297,5.492482627383768]]],[[[100.88688230790774,5.49799432663256],[100.88688230790774,5.498781716293938],[100.88791872468887,5.499175411504886],[100.88791872468887,5.498781716293938],[100.8884369330794,5.498781716293938],[100.8884369330794,5.49799432663256],[100.88791872468887,5.49799432663256],[100.88791872468887,5.4976006321820945],[100.88688230790774,5.49799432663256]]],[[[100.8884369330794,5.501143891362954],[100.88895514146998,5.501931285081417],[100.88999155825111,5.501537588095366],[100.88947334986054,5.500750194884168],[100.8884369330794,5.501143891362954]]],[[[100.89050976664167,5.501931285081417],[100.89154618342278,5.50232498232113],[100.89206439181335,5.501537588095366],[100.89102797503222,5.501143891362954],[100.89050976664167,5.501931285081417]]],[[[100.90605601835848,5.503112377561613],[100.9070924351396,5.503506075562421],[100.90761064353018,5.502718679814524],[100.90657422674904,5.50232498232113],[100.90605601835848,5.503112377561613]]],[[[100.87807276526821,5.513348608094908],[100.87859097365876,5.514136017557063],[100.8796273904399,5.513742312698875],[100.87910918204932,5.5129549037451415],[100.87807276526821,5.513348608094908]]],[[[100.92954008768254,5.513348608094908],[100.92937539593372,5.512490555776722],[100.92937539593372,5.5129549037451415],[100.92782077076204,5.513742312698875],[100.92782077076204,5.514136017557063],[100.92833897915258,5.514136017557063],[100.92833897915258,5.514923428036167],[100.92782077076204,5.514923428036167],[100.92782077076204,5.515317133657122],[100.9289469,5.5145403940411235],[100.92885718754316,5.513742312698875],[100.92954008768254,5.513348608094908]]],[[[100.89206439181335,5.515317133657122],[100.89258260020391,5.51610454566193],[100.89361901698503,5.515710839532371],[100.89310080859448,5.514923428036167],[100.89206439181335,5.515317133657122]]],[[[100.92833897915258,5.51846678778088],[100.92856409999999,5.5183440940372925],[100.92833897915258,5.5180296791424945],[100.92833897915258,5.51846678778088]]],[[[100.92885718754316,5.518860495691145],[100.92912062218625,5.518860495691145],[100.92885718754316,5.518616052398313],[100.92885718754316,5.518860495691145]]],[[[100.92937539593372,5.51925420385587],[100.92954491820325,5.51925420385587],[100.92937539593372,5.519096902557028],[100.92937539593372,5.51925420385587]]],[[[100.92996921422022,5.519647912275073],[100.92989360432428,5.5195777530953265],[100.92989360432428,5.519647912275073],[100.92996921422022,5.519647912275073]]],[[[100.93041181271484,5.520259314960106],[100.9304631,5.52010619403552],[100.93041181271484,5.520058604013248],[100.93041181271484,5.520259314960106]]],[[[100.91952943651307,5.521062649245545],[100.91849301973194,5.520829039059746],[100.91849301973194,5.520978543086536],[100.91952943651307,5.521062649245545]]],[[[100.91797481134138,5.520941801039786],[100.91745660295082,5.520829039059746],[100.91745660295082,5.5209855171957365],[100.91797481134138,5.520941801039786]]],[[[100.92160227007531,5.520829039059746],[100.92108406168474,5.520829039059746],[100.92108406168474,5.521152694034451],[100.92160227007531,5.521152694034451],[100.92160227007531,5.520829039059746]]],[[[100.9164201861697,5.5212227484970535],[100.9164201861697,5.521368536209806],[100.91656510252771,5.5212227484970535],[100.9164201861697,5.5212227484970535]]],[[[100.91486556099802,5.520829039059746],[100.91486556099802,5.5212227484970535],[100.91434735260746,5.5212227484970535],[100.91486556099802,5.5220101681354015],[100.91442657198625,5.5220101681354015],[100.9157431,5.522049694033546],[100.91538376938858,5.521616458188932],[100.91590197777913,5.521616458188932],[100.91590197777913,5.5212227484970535],[100.91486556099802,5.520829039059746]]],[[[100.91331093582633,5.521616458188932],[100.91227451904521,5.5212227484970535],[100.91227451904521,5.521616458188932],[100.91175631065465,5.521702031874429],[100.91325399999998,5.52197499403363],[100.91331093582633,5.521616458188932]]],[[[100.91590197777913,5.521616458188932],[100.91590197777913,5.521889860775309],[100.91617374606858,5.521616458188932],[100.91590197777913,5.521616458188932]]],[[[100.90864706031128,5.5212227484970535],[100.90864706031128,5.521616458188932],[100.90812885192074,5.521616458188932],[100.90864706031128,5.522403878336483],[100.91071989387353,5.521848304246241],[100.91020168548297,5.520829039059746],[100.90968347709241,5.520829039059746],[100.90968347709241,5.5212227484970535],[100.90864706031128,5.5212227484970535]]],[[[100.92937539593372,5.5212227484970535],[100.92885718754316,5.5212227484970535],[100.92885718754316,5.522933364545727],[100.9290254,5.521654594033955],[100.9303528571879,5.520435329876993],[100.92937539593372,5.520829039059746],[100.92937539593372,5.5212227484970535]]],[[[100.92068134457813,5.5212227484970535],[100.92056585329419,5.521616458188932],[100.92004764490362,5.521616458188932],[100.9199862761509,5.5212227484970535],[100.92002390000002,5.522103094033525],[100.92054959999999,5.522412794033176],[100.92068134457813,5.5212227484970535]]],[[[100.90294676801511,5.523191299502543],[100.90346497640567,5.523978721687269],[100.9045013931868,5.5235850104675634],[100.90398318479625,5.52279758879219],[100.90294676801511,5.523191299502543]]],[[[100.90864706031128,5.524766144890801],[100.90882263208873,5.524372433161675],[100.90864706031128,5.524372433161675],[100.90864706031128,5.524766144890801]]],[[[100.92315689524699,5.524372433161675],[100.92315689524699,5.523978721687269],[100.92419331202811,5.523978721687269],[100.92419331202811,5.5235850104675634],[100.92471152041867,5.5235850104675634],[100.92471152041867,5.52279758879219],[100.92461579999997,5.523512794032092],[100.92354300000001,5.523683594031912],[100.92275979999998,5.523993294031592],[100.9217834,5.525061194030509],[100.92247009999998,5.526438794029147],[100.92310896624096,5.526340994354895],[100.92263868685643,5.526340994354895],[100.92263868685643,5.525553569113294],[100.92212047846587,5.525553569113294],[100.92212047846587,5.524766144890801],[100.92315689524699,5.524372433161675]]],[[[100.92419331202811,5.526340994354895],[100.92352403344289,5.526340994354895],[100.92419331202811,5.526434390198688],[100.92419331202811,5.526340994354895]]],[[[100.92730256237147,5.525947281606697],[100.92730256237147,5.526734707357907],[100.92782077076204,5.526734707357907],[100.92812419999998,5.527335894028237],[100.9278881,5.525210694030381],[100.92882325821992,5.523191299502543],[100.92782077076204,5.5235850104675634],[100.92782077076204,5.525947281606697],[100.92730256237147,5.525947281606697]]],[[[100.90501960157737,5.528703276195831],[100.90501960157737,5.527915847896014],[100.90553780996792,5.527915847896014],[100.90657422674904,5.525947281606697],[100.90864706031128,5.52515985687467],[100.90864706031128,5.524766144890801],[100.90812885192074,5.524766144890801],[100.90884811379455,5.523978721687269],[100.90864706031128,5.523191299502543],[100.90812885192074,5.523191299502543],[100.90812885192074,5.5235850104675634],[100.9070924351396,5.5235850104675634],[100.9070924351396,5.523191299502543],[100.90605601835848,5.5235850104675634],[100.90605601835848,5.523978721687269],[100.90657422674904,5.523978721687269],[100.90657422674904,5.524766144890801],[100.90553780996792,5.52515985687467],[100.90553780996792,5.525553569113294],[100.90605601835848,5.525553569113294],[100.90605601835848,5.526340994354895],[100.90501960157737,5.525947281606697],[100.9045013931868,5.526734707357907],[100.90346497640567,5.526734707357907],[100.90294676801511,5.527522134128447],[100.901910351234,5.527522134128447],[100.901910351234,5.527915847896014],[100.90139214284343,5.527915847896014],[100.90242855962457,5.529993578220999],[100.9038877,5.529759994025817],[100.90501960157737,5.528703276195831]],[[100.90346497640567,5.527522134128447],[100.90346497640567,5.527915847896014],[100.90294676801511,5.527915847896014],[100.90294676801511,5.527522134128447],[100.90346497640567,5.527522134128447]],[[100.90294676801511,5.528703276195831],[100.90398318479625,5.528703276195831],[100.90398318479625,5.529096990728118],[100.90294676801511,5.529096990728118],[100.90294676801511,5.528703276195831]]],[[[100.92449789230368,5.527128420615751],[100.92471152041867,5.526734707357907],[100.92447214941112,5.526734707357907],[100.92449789230368,5.527128420615751]]],[[[100.92471152041867,5.528270131594596],[100.92452363519624,5.527522134128447],[100.9245729,5.528275594027275],[100.92471152041867,5.528270131594596]]],[[[100.90035572606233,5.533034150076009],[100.90035572606233,5.533421682842058],[100.90070194853088,5.533034150076009],[100.90035572606233,5.533034150076009]]],[[[100.87807276526821,5.534215302854575],[100.87910918204932,5.534609020957777],[100.87910918204932,5.534215302854575],[100.8796273904399,5.534215302854575],[100.8796273904399,5.53342786741371],[100.87859097365876,5.533034150076009],[100.87859097365876,5.53342786741371],[100.87807276526821,5.53342786741371],[100.87807276526821,5.534215302854575]]],[[[100.89517364215672,5.534215302854575],[100.89517364215672,5.534609020957777],[100.89465543376615,5.534609020957777],[100.89465543376615,5.535396457929816],[100.89569185054728,5.535790176798691],[100.89672826732838,5.534609020957777],[100.89621005893783,5.534609020957777],[100.89621005893783,5.534215302854575],[100.89517364215672,5.534215302854575]]],[[[100.87859097365876,5.535396457929816],[100.87910918204932,5.536183895922823],[100.88014559883045,5.535790176798691],[100.8796273904399,5.535002739316186],[100.87859097365876,5.535396457929816]]],[[[100.88273664078326,5.535790176798691],[100.88325484917382,5.536577615302239],[100.88429126595493,5.536183895922823],[100.88377305756437,5.535396457929816],[100.88273664078326,5.535790176798691]]],[[[100.89569185054728,5.537473178323621],[100.89517364215672,5.537365054826978],[100.89517364215672,5.537610030800903],[100.89569185054728,5.537473178323621]]],[[[100.89465543376615,5.537837343838247],[100.89483454817612,5.53775877497234],[100.89465543376615,5.53775877497234],[100.89465543376615,5.537837343838247]]],[[[100.87859097365876,5.539333658107517],[100.87910918204932,5.5401211012076],[100.88014559883045,5.539727379529833],[100.8796273904399,5.5389399369406265],[100.87859097365876,5.539333658107517]]],[[[100.88118201561156,5.5413022677737604],[100.88118201561156,5.540908545329544],[100.88066380722103,5.540908545329544],[100.88066380722103,5.5413022677737604],[100.87910918204932,5.542089713428776],[100.87910918204932,5.542877160106028],[100.8796273904399,5.542877160106028],[100.8796273904399,5.543270883828038],[100.88170022400213,5.542089713428776],[100.88170022400213,5.5413022677737604],[100.88118201561156,5.5413022677737604]]],[[[100.87444530653428,5.542877160106028],[100.87444530653428,5.542483436639615],[100.87496351492484,5.542483436639615],[100.87496351492484,5.541709078289171],[100.87340888975318,5.541928429262782],[100.87340888975318,5.542483436639615],[100.87444530653428,5.542877160106028]]],[[[100.87910918204932,5.547601861644783],[100.88014559883045,5.547601861644783],[100.88014559883045,5.547208135109991],[100.87910918204932,5.546814408831001],[100.879426,5.547091594008346],[100.87910918204932,5.547601861644783]]],[[[100.87237247297205,5.5570513752682755],[100.87237247297205,5.556657642588691],[100.87185426458147,5.556657642588691],[100.87185426458147,5.5570513752682755],[100.87133605619091,5.5570513752682755],[100.87133605619091,5.557170055138678],[100.87237247297205,5.5570513752682755]]]]},"properties":{"place_id":"32c0ca60-ea03-5bea-8495-ccaa4a2adf29","habitat":"forest_edge_opening","habitat_label":"Forest edge or opening","resolution_m":50}},{"type":"Feature","geometry":{"type":"MultiPolygon","coordinates":[[[[100.77546750393721,5.321250731464987],[100.7754046,5.321250731464987],[100.77546750393721,5.321413702761687],[100.77546750393721,5.321250731464987]]],[[[100.77339467037497,5.323612231718401],[100.77339467037497,5.323218647729823],[100.77443108715607,5.323218647729823],[100.77443108715607,5.322825063986476],[100.77235825359384,5.322431480488334],[100.77235825359384,5.323612231718401],[100.77339467037497,5.323612231718401]]],[[[100.77080362842216,5.32715449865391],[100.77080362842216,5.325973740800688],[100.76976721164102,5.3255801553403534],[100.76976721164102,5.3267609124574475],[100.77080362842216,5.32715449865391]]],[[[100.7702854200316,5.328335258715856],[100.76976721164102,5.328335258715856],[100.76976721164102,5.328728845894085],[100.7702854200316,5.328728845894085],[100.7702854200316,5.328335258715856]]],[[[100.77598571232777,5.329122433317802],[100.77546750393721,5.329122433317802],[100.77546750393721,5.3303031970620625],[100.77598571232777,5.3303031970620625],[100.77598571232777,5.329122433317802]]],[[[100.77391287876553,5.330696785467915],[100.77391287876553,5.3303031970620625],[100.77339467037497,5.3303031970620625],[100.77339467037497,5.330696785467915],[100.77391287876553,5.330696785467915]]],[[[100.77339467037497,5.33305832106087],[100.77289655777327,5.33305832106087],[100.7728764619844,5.333451911186175],[100.77391287876553,5.333451911186175],[100.77391287876553,5.334239092173934],[100.77443108715607,5.334239092173934],[100.77443108715607,5.33305832106087],[100.77391287876553,5.33305832106087],[100.77443108715607,5.3310903741193485],[100.77339467037497,5.33148396301638],[100.77339467037497,5.33305832106087]]],[[[100.77546750393721,5.332664731181255],[100.77494929554663,5.332664731181255],[100.77494929554663,5.33305832106087],[100.77546750393721,5.33305832106087],[100.77546750393721,5.332664731181255]]],[[[100.77391287876553,5.334632683036428],[100.77367740215533,5.334632683036428],[100.77391287876553,5.334857524024352],[100.77391287876553,5.334632683036428]]],[[[100.77598571232777,5.351163721416759],[100.77546750393721,5.351163721416759],[100.77546750393721,5.351557322863943],[100.77598571232777,5.351557322863943],[100.77598571232777,5.351163721416759]]],[[[100.7702854200316,5.362578263557855],[100.76990535647569,5.362184655199864],[100.76971011945561,5.362578263557855],[100.7702854200316,5.362578263557855]]],[[[100.7702854200316,5.363365481015101],[100.7702854200316,5.362971872162925],[100.76951488243554,5.362971872162925],[100.76939546264252,5.364939918895188],[100.76976721164102,5.36454630905442],[100.77080362842216,5.364939918895188],[100.77080362842216,5.364152699460828],[100.76976721164102,5.364152699460828],[100.76976721164102,5.363365481015101],[100.7702854200316,5.363365481015101]]],[[[100.76976721164102,5.365727139318327],[100.76976721164102,5.36533352898315],[100.76948542859856,5.36533352898315],[100.76924900325048,5.365727139318327],[100.76976721164102,5.365727139318327]]],[[[100.7386747082074,5.37084409618049],[100.73857411291212,5.37084409618049],[100.7386747082074,5.371359539195285],[100.7386747082074,5.37084409618049]]],[[[100.73919291659796,5.372024938317325],[100.7390172892051,5.372024938317325],[100.73919291659796,5.372366061753174],[100.73919291659796,5.372024938317325]]],[[[100.73971112498852,5.374386629274783],[100.73960824378278,5.373205782681922],[100.73947501675048,5.374386629274783],[100.73971112498852,5.374386629274783]]],[[[100.71535533063216,5.374780245300992],[100.71535533063216,5.374766596326551],[100.71531200372782,5.374780245300992],[100.71535533063216,5.374780245300992]]],[[[100.73556545786404,5.374780245300992],[100.73556545786404,5.3748995950356075],[100.73561320759411,5.374780245300992],[100.73556545786404,5.374780245300992]]],[[[100.76717616968823,5.376311232875916],[100.76696514196288,5.3767483291472935],[100.76717616968823,5.3767483291472935],[100.76717616968823,5.376311232875916]]],[[[100.76665796129767,5.377535564419948],[100.76665796129767,5.377384585062958],[100.76658506938581,5.377535564419948],[100.76665796129767,5.377535564419948]]],[[[100.76562154451655,5.378994496208116],[100.76554013800046,5.37911003793887],[100.76562154451655,5.37911003793887],[100.76562154451655,5.378994496208116]]],[[[100.7386747082074,5.390131463680583],[100.73815649981684,5.390131463680583],[100.73815649981684,5.3905250896276335],[100.7386747082074,5.3905250896276335],[100.7386747082074,5.390131463680583]]],[[[100.73712008303572,5.391705968959265],[100.73712008303572,5.390918715823085],[100.73660187464516,5.390918715823085],[100.73660187464516,5.391705968959265],[100.73712008303572,5.391705968959265]]],[[[100.73297441591123,5.392099595900033],[100.73295763567035,5.392099595900033],[100.73297441591123,5.392141090662888],[100.73297441591123,5.392099595900033]]],[[[100.73038337395843,5.392493223089277],[100.73038337395843,5.392099595900033],[100.72986516556786,5.392099595900033],[100.72991877523287,5.392493223089277],[100.73038337395843,5.392493223089277]]],[[[100.7412657501602,5.392099595900033],[100.7412601658306,5.392099595900033],[100.7412657501602,5.3921048798573645],[100.7412657501602,5.392099595900033]]],[[[100.73401083269235,5.392493223089277],[100.73349262430179,5.392493223089277],[100.73349262430179,5.392886850527016],[100.73401083269235,5.392886850527016],[100.73401083269235,5.392493223089277]]],[[[100.74178395855076,5.392493223089277],[100.74167616905441,5.392493223089277],[100.74178395855076,5.392595214830955],[100.74178395855076,5.392493223089277]]],[[[100.73193799913011,5.392493223089277],[100.73193799913011,5.3931509683490555],[100.73211538720794,5.392493223089277],[100.73193799913011,5.392493223089277]]],[[[100.73763829142628,5.392493223089277],[100.73660187464516,5.392493223089277],[100.73660187464516,5.393280478213266],[100.73712008303572,5.393280478213266],[100.73763829142628,5.392493223089277]]],[[[100.73452904108291,5.393280478213266],[100.73376225989239,5.393280478213266],[100.73452904108291,5.393392705531382],[100.73452904108291,5.393280478213266]]],[[[100.74333858372245,5.393674106148048],[100.74326389151723,5.393674106148048],[100.74333858372245,5.393711531520054],[100.74333858372245,5.393674106148048]]],[[[100.73790340000001,5.3947025941620135],[100.73763829142628,5.393280478213266],[100.73712008303572,5.393280478213266],[100.73712008303572,5.394461362763283],[100.73763829142628,5.394461362763283],[100.73763829142628,5.394869844064275],[100.73790340000001,5.3947025941620135]]],[[[100.74800245923748,5.394361763174078],[100.74748425084694,5.39406773433138],[100.74748425084694,5.394306472766137],[100.74800245923748,5.394361763174078]]],[[[100.74592962567525,5.39406773433138],[100.74541141728469,5.39406773433138],[100.74541141728469,5.394461362763283],[100.74592962567525,5.3943961405790715],[100.74592962567525,5.39406773433138]]],[[[100.74437500050357,5.39406773433138],[100.74404948019864,5.39406773433138],[100.74437500050357,5.394230840071724],[100.74437500050357,5.39406773433138]]],[[[100.73539809985859,5.39406773433138],[100.73578202609711,5.394854991443772],[100.73608366625459,5.395473518138103],[100.73660187464516,5.3952486203728665],[100.73660187464516,5.39406773433138],[100.73556545786404,5.393674106148048],[100.73539809985859,5.39406773433138]]],[[[100.74489320889413,5.394461362763283],[100.74483506888004,5.394461362763283],[100.74489320889413,5.3944904945098004],[100.74489320889413,5.394461362763283]]],[[[100.73660187464516,5.3952486203728665],[100.73660187464516,5.395523692097546],[100.73703789165572,5.3952486203728665],[100.73660187464516,5.3952486203728665]]],[[[100.76095766900151,5.39721676874808],[100.76095766900151,5.396823138575677],[100.76043946061094,5.396823138575677],[100.76043946061094,5.39721676874808],[100.76095766900151,5.39721676874808]]],[[[100.76562154451655,5.397610399169198],[100.76519002463372,5.397610399169198],[100.76529329960091,5.398004029839053],[100.76562154451655,5.398004029839053],[100.76562154451655,5.397610399169198]]],[[[100.7583666270487,5.398004029839053],[100.75784841865814,5.398004029839053],[100.75784841865814,5.398145071610622],[100.7583666270487,5.398372063272644],[100.7583666270487,5.398004029839053]]],[[[100.76095766900151,5.398791291925048],[100.76095766900151,5.3983976607576665],[100.76043946061094,5.3983976607576665],[100.76043946061094,5.398791291925048],[100.76095766900151,5.398791291925048]]],[[[100.75888483543928,5.3983976607576665],[100.75842506456446,5.3983976607576665],[100.75888483543928,5.398599055017394],[100.75888483543928,5.3983976607576665]]],[[[100.76095766900151,5.399184923341223],[100.76095766900151,5.399268235978344],[100.76103771515655,5.399184923341223],[100.76095766900151,5.399184923341223]]],[[[100.77339467037497,5.4035148853447055],[100.77339467037497,5.403121251190597],[100.7728764619844,5.403121251190597],[100.7728764619844,5.4035148853447055],[100.77339467037497,5.4035148853447055]]],[[[100.76821258646936,5.410206704078914],[100.76821258646936,5.4122735609293],[100.76873079485992,5.412962179790357],[100.76873079485992,5.410600342718122],[100.76924900325048,5.410600342718122],[100.76924900325048,5.411387620744607],[100.76976721164102,5.411387620744607],[100.76976721164102,5.409813065689033],[100.76924900325048,5.409813065689033],[100.76924900325048,5.410206704078914],[100.76821258646936,5.410206704078914]]],[[[100.76976721164102,5.41178126013192],[100.76924900325048,5.41178126013192],[100.76924900325048,5.412962179790357],[100.76976721164102,5.412962179790357],[100.76976721164102,5.41178126013192]]],[[[100.77080362842216,5.412962179790357],[100.76976721164102,5.412962179790357],[100.76976721164102,5.41374946080992],[100.77080362842216,5.41374946080992],[100.77080362842216,5.412962179790357]]],[[[100.76821258646936,5.41453674282747],[100.76873079485992,5.41453674282747],[100.76873079485992,5.414930384210537],[100.7702854200316,5.414930384210537],[100.7702854200316,5.41453674282747],[100.76924900325048,5.414143101693936],[100.76924900325048,5.412962179790357],[100.76873079485992,5.412962179790357],[100.76821258646936,5.41453674282747]]],[[[100.76095111430384,5.429101640347673],[100.76095766900151,5.428707989968991],[100.76092678847586,5.428707989968991],[100.76095111430384,5.429101640347673]]],[[[100.76043946061094,5.430676244364806],[100.760196,5.430926094125439],[100.76021008189784,5.431069895994783],[100.76043946061094,5.431069895994783],[100.76043946061094,5.430676244364806]]],[[[100.75992125222038,5.432066982938241],[100.75976093403989,5.432250852386677],[100.75992125222038,5.432250852386677],[100.75992125222038,5.432066982938241]]],[[[100.758242683258,5.435793735084373],[100.7583666270487,5.4354000804493925],[100.7581554402694,5.4354000804493925],[100.758242683258,5.435793735084373]]],[[[100.75784841865814,5.440123952608735],[100.75733021026758,5.440123952608735],[100.75733021026758,5.440517610251393],[100.75784841865814,5.440517610251393],[100.75784841865814,5.440123952608735]]],[[[100.74800245923748,5.442485902226471],[100.74774238113066,5.44169858468401],[100.74768477457607,5.442485902226471],[100.74800245923748,5.442485902226471]]],[[[100.74800245923748,5.443666880421614],[100.74800245923748,5.443273220772348],[100.74763084316506,5.443273220772348],[100.74760387745955,5.443666880421614],[100.74800245923748,5.443666880421614]]],[[[100.76043946061094,5.444454200472891],[100.76043946061094,5.4440605403217885],[100.75992125222038,5.4440605403217885],[100.75992125222038,5.444454200472891],[100.76043946061094,5.444454200472891]]],[[[100.7530714837167,5.45626412177963],[100.7530871,5.456271894099862],[100.75317880618653,5.45626412177963],[100.7530714837167,5.45626412177963]]],[[[100.76717616968823,5.469306780640967],[100.76665796129767,5.469255296674845],[100.76665796129767,5.469532458747778],[100.76717616968823,5.469306780640967]]],[[[100.77909496267111,5.3173513294331585],[100.7787144,5.317612594240113],[100.77863388704405,5.317708497630247],[100.77909496267111,5.317708497630247],[100.77909496267111,5.3173513294331585]]],[[[100.77702212910887,5.319676402865665],[100.77670002894996,5.319676402865665],[100.77702212910887,5.319861670499944],[100.77702212910887,5.319676402865665]]],[[[100.78272242140505,5.320857148947501],[100.78220421301448,5.320857148947501],[100.78220421301448,5.321250731464987],[100.78272242140505,5.321250731464987],[100.78272242140505,5.320857148947501]]],[[[100.77961317106168,5.320857148947501],[100.77909496267111,5.320857148947501],[100.77909496267111,5.32164431422761],[100.77961317106168,5.32164431422761],[100.77961317106168,5.320857148947501]]],[[[100.78634988013899,5.322825063986476],[100.78633910474076,5.32164431422761],[100.78583167174843,5.32164431422761],[100.78583167174843,5.322825063986476],[100.78634988013899,5.322825063986476]]],[[[100.78116779623338,5.322037897235387],[100.78013137945224,5.322431480488334],[100.78064958784282,5.323218647729823],[100.78116779623338,5.323218647729823],[100.78116779623338,5.322037897235387]]],[[[100.78220421301448,5.324399400431311],[100.78168600462392,5.324399400431311],[100.78168600462392,5.324792985155685],[100.78220421301448,5.324792985155685],[100.78220421301448,5.324399400431311]]],[[[100.77598571232777,5.3338455015571915],[100.77598571232777,5.33305832106087],[100.77546750393721,5.33305832106087],[100.77546750393721,5.3338455015571915],[100.77598571232777,5.3338455015571915]]],[[[100.77598571232777,5.334632683036428],[100.77598571232777,5.334239092173934],[100.77546750393721,5.334239092173934],[100.77546750393721,5.334632683036428],[100.77598571232777,5.334632683036428]]],[[[100.78064958784282,5.33660064103575],[100.78064958784282,5.33620704894424],[100.78013137945224,5.33620704894424],[100.78013137945224,5.33660064103575],[100.78064958784282,5.33660064103575]]],[[[100.77521240479007,5.337781418785497],[100.77546750393721,5.338962198748478],[100.77598571232777,5.338962198748478],[100.77598571232777,5.338568605181539],[100.77702212910887,5.338568605181539],[100.77702212910887,5.338175011860552],[100.77650392071834,5.338175011860552],[100.77650392071834,5.33738782595636],[100.77521240479007,5.337781418785497]]],[[[100.77805854589,5.338175011860552],[100.77754033749945,5.338175011860552],[100.77754033749945,5.338568605181539],[100.77805854589,5.338568605181539],[100.77805854589,5.338175011860552]]],[[[100.77857675428058,5.338962198748478],[100.77857675428058,5.338568605181539],[100.77805854589,5.338568605181539],[100.77805854589,5.338962198748478],[100.77857675428058,5.338962198748478]]],[[[100.77650392071834,5.340142980925186],[100.77702212910887,5.340142980925186],[100.77702212910887,5.339749386620281],[100.77546750393721,5.339749386620281],[100.77546750393721,5.340142980925186],[100.77598571232777,5.340142980925186],[100.77598571232777,5.340930170273092],[100.77650392071834,5.340930170273092],[100.77650392071834,5.340142980925186]]],[[[100.78168600462392,5.3543125398990625],[100.78116779623338,5.3543125398990625],[100.78116779623338,5.3547061433192775],[100.78168600462392,5.3547061433192775],[100.78168600462392,5.3543125398990625]]],[[[100.78064958784282,5.3550997469862045],[100.78064958784282,5.3547061433192775],[100.78013137945224,5.3547061433192775],[100.78013137945224,5.3550997469862045],[100.78064958784282,5.3550997469862045]]],[[[100.78220421301448,5.3550997469862045],[100.78220421301448,5.355493350899862],[100.78272242140505,5.355493350899862],[100.78272242140505,5.3550997469862045],[100.78220421301448,5.3550997469862045]]],[[[100.78324062979561,5.35588695506027],[100.78324062979561,5.355493350899862],[100.78272242140505,5.355493350899862],[100.78272242140505,5.35588695506027],[100.78324062979561,5.35588695506027]]],[[[100.78375883818619,5.356280559467446],[100.78375883818619,5.35588695506027],[100.78324062979561,5.35588695506027],[100.78324062979561,5.356280559467446],[100.78375883818619,5.356280559467446]]],[[[100.78531346335785,5.35588695506027],[100.78479525496729,5.35588695506027],[100.78479525496729,5.356674164121409],[100.78531346335785,5.356674164121409],[100.78531346335785,5.35588695506027]]],[[[100.78686808852953,5.357461374169769],[100.78634988013899,5.357461374169769],[100.78634988013899,5.357854979564199],[100.78686808852953,5.357854979564199],[100.78686808852953,5.357461374169769]]],[[[100.78790450531066,5.358642191093669],[100.78790450531066,5.358248585205496],[100.78738629692009,5.358248585205496],[100.78738629692009,5.358642191093669],[100.78790450531066,5.358642191093669]]],[[[100.78790450531066,5.35903579722874],[100.78738629692009,5.35903579722874],[100.78738629692009,5.359429403610729],[100.78790450531066,5.359429403610729],[100.78790450531066,5.35903579722874]]],[[[100.78686808852953,5.359823010239651],[100.78738629692009,5.359823010239651],[100.78738629692009,5.359429403610729],[100.78686808852953,5.359429403610729],[100.78686808852953,5.359823010239651]]],[[[100.78583167174843,5.361003831608217],[100.78583167174843,5.360216617115528],[100.78531346335785,5.360216617115528],[100.78531346335785,5.361003831608217],[100.78583167174843,5.361003831608217]]],[[[100.78531346335785,5.361003831608217],[100.78479525496729,5.361003831608217],[100.78479525496729,5.361397439225066],[100.78531346335785,5.361397439225066],[100.78531346335785,5.361003831608217]]],[[[100.78790450531066,5.363759090114393],[100.78738629692009,5.363759090114393],[100.78738629692009,5.36454630905442],[100.78790450531066,5.36454630905442],[100.78790450531066,5.363759090114393]]],[[[100.78945913048233,5.364939918895188],[100.78945913048233,5.364152699460828],[100.78894092209177,5.364152699460828],[100.78894092209177,5.364939918895188],[100.78945913048233,5.364939918895188]]],[[[100.78738629692009,5.36454630905442],[100.78686808852953,5.36454630905442],[100.78686808852953,5.364939918895188],[100.78738629692009,5.364939918895188],[100.78738629692009,5.36454630905442]]],[[[100.78634988013899,5.36454630905442],[100.78583167174843,5.36454630905442],[100.78583167174843,5.364939918895188],[100.78634988013899,5.364939918895188],[100.78634988013899,5.36454630905442]]],[[[100.79308658921627,5.370056869326664],[100.79308658921627,5.368876030901649],[100.7925683808257,5.368876030901649],[100.7925683808257,5.370056869326664],[100.79308658921627,5.370056869326664]]],[[[100.79567763116907,5.370450482629849],[100.79567763116907,5.370056869326664],[100.79412300599738,5.370056869326664],[100.79412300599738,5.370450482629849],[100.79567763116907,5.370450482629849]]],[[[100.79671404795018,5.375567478096405],[100.79671404795018,5.3751738615748605],[100.79619583955964,5.3751738615748605],[100.79619583955964,5.375567478096405],[100.79671404795018,5.375567478096405]]],[[[100.79308658921627,5.386195217868091],[100.79308658921627,5.386410380557901],[100.79320447047199,5.386195217868091],[100.79308658921627,5.386195217868091]]],[[[100.78790450531066,5.389737837981916],[100.78738629692009,5.389737837981916],[100.78738629692009,5.390131463680583],[100.78790450531066,5.390131463680583],[100.78790450531066,5.389737837981916]]],[[[100.77702212910887,5.405876695499311],[100.77701766530153,5.405876695499311],[100.77702212910887,5.405891825711204],[100.77702212910887,5.405876695499311]]],[[[100.79153196404457,5.4428795613739736],[100.79101375565403,5.4428795613739736],[100.79101375565403,5.443273220772348],[100.79153196404457,5.443273220772348],[100.79153196404457,5.4428795613739736]]],[[[100.78375883818619,5.520041620948776],[100.78348146202633,5.519647912275073],[100.78373128956366,5.520041620948776],[100.78375883818619,5.520041620948776]]],[[[100.78427704657672,5.520435329876993],[100.78398111710099,5.520435329876993],[100.78427704657672,5.520620559142139],[100.78427704657672,5.520435329876993]]],[[[100.78479525496729,5.520829039059746],[100.78461216334615,5.520829039059746],[100.78479525496729,5.520942942450075],[100.78479525496729,5.520829039059746]]],[[[100.78783768166862,5.5220101681354015],[100.78786610000002,5.522017694033598],[100.78789242627397,5.5220101681354015],[100.78783768166862,5.5220101681354015]]],[[[100.79153196404457,5.523978721687269],[100.79153196404457,5.524331179530035],[100.79176674294304,5.523978721687269],[100.79153196404457,5.523978721687269]]],[[[100.79049554726346,5.524766144890801],[100.79049554726346,5.524314583937773],[100.79020358733118,5.524766144890801],[100.79049554726346,5.524766144890801]]],[[[100.7899773388729,5.52515985687467],[100.7899773388729,5.525122695013514],[100.78992749675669,5.52515985687467],[100.7899773388729,5.52515985687467]]],[[[100.79049554726346,5.52515985687467],[100.79049554726346,5.525356906855768],[100.79082849873336,5.52515985687467],[100.79049554726346,5.52515985687467]]],[[[100.7899773388729,5.525560853814246],[100.78999584855097,5.525553569113294],[100.7899773388729,5.525553569113294],[100.7899773388729,5.525560853814246]]],[[[100.79412300599738,5.525947281606697],[100.79275609587006,5.525947281606697],[100.7928121,5.526032994029543],[100.79412300599738,5.525947281606697]]],[[[100.79515942277851,5.527658539817243],[100.79490420000002,5.52791249402764],[100.79490434677021,5.527915847896014],[100.79515942277851,5.527915847896014],[100.79515942277851,5.527658539817243]]],[[[100.79515942277851,5.527128420615751],[100.79464121438794,5.527128420615751],[100.79464121438794,5.527207694028376],[100.79515942277851,5.527525827477812],[100.79515942277851,5.527128420615751]]],[[[100.7907377731864,5.529096990728118],[100.78988309999997,5.52891629402665],[100.78883986345399,5.529096990728118],[100.7907377731864,5.529096990728118]]],[[[100.79464121438794,5.529096990728118],[100.79464121438794,5.52908842694682],[100.79458204507122,5.529096990728118],[100.79464121438794,5.529096990728118]]],[[[100.78842271370122,5.529350956000344],[100.78814509999998,5.529311494026226],[100.7881933,5.529386194026175],[100.78842271370122,5.529350956000344]]],[[[100.79308658921627,5.52949070551535],[100.79297299999999,5.52935419402619],[100.79285790113875,5.52949070551535],[100.79308658921627,5.52949070551535]]],[[[100.79208958842992,5.529884420557546],[100.79205017243514,5.5298451803156174],[100.79205017243514,5.529884420557546],[100.79208958842992,5.529884420557546]]],[[[100.7925683808257,5.529884420557546],[100.7925683808257,5.52983408740674],[100.79252594275536,5.529884420557546],[100.7925683808257,5.529884420557546]]],[[[100.7899773388729,5.52949070551535],[100.78993706602073,5.52949070551535],[100.7899773388729,5.529497208008159],[100.7899773388729,5.52949070551535]]],[[[100.79671404795018,5.5296917842557045],[100.79619583955964,5.52949070551535],[100.79619583955964,5.529673748455884],[100.79671404795018,5.5296917842557045]]],[[[100.79153196404457,5.529884420557546],[100.79117241437122,5.529884420557546],[100.79153196404457,5.530200115625571],[100.79153196404457,5.529884420557546]]],[[[100.79360479760683,5.529884420557546],[100.79360479760683,5.530049265161827],[100.79421930448221,5.529884420557546],[100.79360479760683,5.529884420557546]]],[[[100.79205017243514,5.530278135854724],[100.79161976056311,5.530278135854724],[100.79205017243514,5.530628167763209],[100.79205017243514,5.530278135854724]]],[[[100.79216424891806,5.530671851406901],[100.7922649,5.530710394024847],[100.79244299719946,5.530671851406901],[100.79216424891806,5.530671851406901]]],[[[100.79619583955964,5.540514823140829],[100.79515942277851,5.540514823140829],[100.79515942277851,5.540908545329544],[100.79619583955964,5.540908545329544],[100.79619583955964,5.540514823140829]]],[[[100.81703400266893,5.324005815952223],[100.81692417518205,5.323881738956555],[100.81692417518205,5.324005815952223],[100.81703400266893,5.324005815952223]]],[[[100.82106984230654,5.330696785467915],[100.82110698039784,5.330696785467915],[100.82106984230654,5.330652467356101],[100.82106984230654,5.330696785467915]]],[[[100.79878688151244,5.3338455015571915],[100.79826867312188,5.3338455015571915],[100.798363035347,5.334239092173934],[100.79878688151244,5.334239092173934],[100.79878688151244,5.3338455015571915]]],[[[100.82691166096946,5.335419865498728],[100.82677013460271,5.335272526989013],[100.82677013460271,5.335419865498728],[100.82691166096946,5.335419865498728]]],[[[100.81381492483868,5.33738782595636],[100.81329671644812,5.33738782595636],[100.81329671644812,5.337781418785497],[100.81381492483868,5.337781418785497],[100.81381492483868,5.33738782595636]]],[[[100.79982329829355,5.338568605181539],[100.7997215,5.338427494219014],[100.79973006673791,5.338568605181539],[100.79982329829355,5.338568605181539]]],[[[100.8215880506971,5.345259729284038],[100.8215880506971,5.3448661317793515],[100.82106984230654,5.3448661317793515],[100.82106984230654,5.345259729284038],[100.8215880506971,5.345259729284038]]],[[[100.81018746610476,5.346440523275773],[100.8096692577142,5.346440523275773],[100.8096692577142,5.346834121765638],[100.81018746610476,5.346834121765638],[100.81018746610476,5.346440523275773]]],[[[100.8044871738086,5.349195717878645],[100.80396896541802,5.349195717878645],[100.80396896541802,5.349589318093288],[100.8044871738086,5.349589318093288],[100.8044871738086,5.349195717878645]]],[[[100.80345075702749,5.349589318093288],[100.80345075702749,5.349195717878645],[100.80293254863692,5.349195717878645],[100.80293254863692,5.349589318093288],[100.80345075702749,5.349589318093288]]],[[[100.81329671644812,5.350376519262007],[100.81277850805758,5.350376519262007],[100.81277850805758,5.3507701202161195],[100.81329671644812,5.3507701202161195],[100.81329671644812,5.350376519262007]]],[[[100.80293254863692,5.351163721416759],[100.80241434024636,5.351163721416759],[100.80241434024636,5.351557322863943],[100.80293254863692,5.351557322863943],[100.80293254863692,5.351163721416759]]],[[[100.80293254863692,5.3523445264980225],[100.80293254863692,5.35195092455769],[100.80241434024636,5.35195092455769],[100.80241434024636,5.3523445264980225],[100.80293254863692,5.3523445264980225]]],[[[100.80241434024636,5.352738128684953],[100.80189613185578,5.352738128684953],[100.80189613185578,5.353918936725543],[100.80241434024636,5.353918936725543],[100.80241434024636,5.352738128684953]]],[[[100.81951521713485,5.363365481015101],[100.81899700874429,5.363365481015101],[100.81899700874429,5.363759090114393],[100.81951521713485,5.363759090114393],[100.81951521713485,5.363365481015101]]],[[[100.81381492483868,5.367301583131537],[100.81381492483868,5.366907971807322],[100.81329671644812,5.366907971807322],[100.81329671644812,5.367301583131537],[100.81381492483868,5.367301583131537]]],[[[100.79775046473131,5.3751738615748605],[100.79775046473131,5.374780245300992],[100.79723225634075,5.374780245300992],[100.79723225634075,5.3751738615748605],[100.79775046473131,5.3751738615748605]]],[[[100.79878688151244,5.3751738615748605],[100.79878688151244,5.375289762207498],[100.79925042463933,5.3751738615748605],[100.79878688151244,5.3751738615748605]]],[[[100.79723225634075,5.375567478096405],[100.79671404795018,5.375567478096405],[100.79671404795018,5.375961094865648],[100.79705256475657,5.375961094865648],[100.79723225634075,5.375567478096405]]],[[[100.79723225634075,5.377929182427948],[100.79723225634075,5.378716419187391],[100.79730190767638,5.378716419187391],[100.7977332168558,5.377929182427948],[100.79723225634075,5.377929182427948]]],[[[100.8412799695384,5.412568539654776],[100.8412799695384,5.412174899768636],[100.84076176114785,5.412174899768636],[100.84076176114785,5.412568539654776],[100.8412799695384,5.412568539654776]]],[[[100.79878688151244,5.442485902226471],[100.79826867312188,5.442485902226471],[100.79826867312188,5.4428795613739736],[100.79878688151244,5.4428795613739736],[100.79878688151244,5.442485902226471]]],[[[100.79878688151244,5.4448478608749395],[100.79826867312188,5.4448478608749395],[100.79826867312188,5.445241521527954],[100.79878688151244,5.445241521527954],[100.79878688151244,5.4448478608749395]]],[[[100.82573371782159,5.501931285081417],[100.82573371782159,5.501537588095366],[100.82521550943103,5.501537588095366],[100.82521550943103,5.501931285081417],[100.82573371782159,5.501931285081417]]],[[[100.8241790926499,5.503112377561613],[100.82366088425934,5.503112377561613],[100.82366088425934,5.503506075562421],[100.8241790926499,5.503506075562421],[100.8241790926499,5.503112377561613]]],[[[100.82003342552542,5.503899773816963],[100.81951521713485,5.503899773816963],[100.81951521713485,5.504293472325261],[100.82003342552542,5.504293472325261],[100.82003342552542,5.503899773816963]]],[[[100.82469730104046,5.509805278095975],[100.82469730104046,5.509411576033171],[100.8241790926499,5.509411576033171],[100.8241790926499,5.509805278095975],[100.82469730104046,5.509805278095975]]],[[[100.83920713597617,5.513742312698875],[100.83920713597617,5.513348608094908],[100.8386889275856,5.513348608094908],[100.8386889275856,5.513742312698875],[100.83920713597617,5.513742312698875]]],[[[100.80604179898029,5.5212227484970535],[100.80604179898029,5.520829039059746],[100.80552359058973,5.520829039059746],[100.80552359058973,5.5212227484970535],[100.80604179898029,5.5212227484970535]]],[[[100.79775046473131,5.52949070551535],[100.79775046473131,5.529597493087395],[100.79802096568328,5.52949070551535],[100.79775046473131,5.52949070551535]]],[[[100.84179817792896,5.532246716165983],[100.8412799695384,5.532246716165983],[100.8412799695384,5.533034150076009],[100.84179817792896,5.533034150076009],[100.84179817792896,5.532246716165983]]],[[[100.83920713597617,5.533821585006558],[100.83920713597617,5.53342786741371],[100.8386889275856,5.53342786741371],[100.8386889275856,5.533821585006558],[100.83920713597617,5.533821585006558]]],[[[100.84024355275729,5.53342786741371],[100.83972534436673,5.53342786741371],[100.83972534436673,5.533821585006558],[100.84024355275729,5.533821585006558],[100.84024355275729,5.53342786741371]]],[[[100.83713430241393,5.534215302854575],[100.83765251080447,5.534215302854575],[100.83765251080447,5.53342786741371],[100.83609788563281,5.53342786741371],[100.83609788563281,5.534609020957777],[100.83661609402336,5.534609020957777],[100.83661609402336,5.535002739316186],[100.83765251080447,5.535002739316186],[100.83713430241393,5.534215302854575]],[[100.83661609402336,5.534215302854575],[100.83661609402336,5.533821585006558],[100.83713430241393,5.533821585006558],[100.83713430241393,5.534215302854575],[100.83661609402336,5.534215302854575]]],[[[100.79671404795018,5.535002739316186],[100.79671404795018,5.534830704958518],[100.79646790797514,5.535002739316186],[100.79671404795018,5.535002739316186]]],[[[100.83557967724224,5.535002739316186],[100.83506146885168,5.535002739316186],[100.83506146885168,5.535396457929816],[100.83557967724224,5.535396457929816],[100.83557967724224,5.535002739316186]]],[[[100.84076176114785,5.536183895922823],[100.8412799695384,5.536183895922823],[100.8412799695384,5.535396457929816],[100.84231638631952,5.535396457929816],[100.84231638631952,5.534609020957777],[100.84179817792896,5.534609020957777],[100.84179817792896,5.534215302854575],[100.84076176114785,5.534609020957777],[100.84076176114785,5.536183895922823]]],[[[100.83609788563281,5.535790176798691],[100.83609788563281,5.535396457929816],[100.83557967724224,5.535396457929816],[100.83557967724224,5.535790176798691],[100.83609788563281,5.535790176798691]]],[[[100.84283459471008,5.536183895922823],[100.84283459471008,5.535790176798691],[100.84231638631952,5.535790176798691],[100.84231638631952,5.536183895922823],[100.84283459471008,5.536183895922823]]],[[[100.83765251080447,5.536183895922823],[100.83765251080447,5.535790176798691],[100.83713430241393,5.535790176798691],[100.83713430241393,5.536183895922823],[100.83765251080447,5.536183895922823]]],[[[100.83454326046112,5.536183895922823],[100.83454326046112,5.536577615302239],[100.83506146885168,5.536577615302239],[100.83506146885168,5.536183895922823],[100.83454326046112,5.536183895922823]]],[[[100.83557967724224,5.5369713349369505],[100.83557967724224,5.536577615302239],[100.83506146885168,5.536577615302239],[100.83506146885168,5.537365054826978],[100.83609788563281,5.5373013864491],[100.83609788563281,5.5369713349369505],[100.83557967724224,5.5369713349369505]]],[[[100.83676930110849,5.537365054826978],[100.83713430241393,5.5369713349369505],[100.83661609402336,5.5369713349369505],[100.83676930110849,5.537365054826978]]],[[[100.83506146885168,5.53775877497234],[100.83506146885168,5.538104811760689],[100.83540102499082,5.53775877497234],[100.83506146885168,5.53775877497234]]],[[[100.83817071919505,5.53775877497234],[100.83765251080447,5.53775877497234],[100.83765251080447,5.538152495373057],[100.83817071919505,5.538152495373057],[100.83817071919505,5.53775877497234]]],[[[100.83713430241393,5.539727379529833],[100.83713430241393,5.5392514252329805],[100.83664634280467,5.5401211012076],[100.83765251080447,5.5401211012076],[100.83765251080447,5.539727379529833],[100.83713430241393,5.539727379529833]]],[[[100.83713430241393,5.540908545329544],[100.83681289341322,5.540514823140829],[100.83703670294167,5.540908545329544],[100.83713430241393,5.540908545329544]]],[[[100.84076176114785,5.5413022677737604],[100.84024355275729,5.5413022677737604],[100.84024355275729,5.5416959904734995],[100.84076176114785,5.5416959904734995],[100.84076176114785,5.5413022677737604]]],[[[100.84076176114785,5.540908545329544],[100.84076176114785,5.5413022677737604],[100.8412799695384,5.5413022677737604],[100.8412799695384,5.542877160106028],[100.84179817792896,5.542877160106028],[100.84179817792896,5.540908545329544],[100.84076176114785,5.540908545329544]]],[[[100.80293254863692,5.542507230991664],[100.80241434024636,5.542483436639615],[100.80241434024636,5.5425541272769525],[100.80293254863692,5.542507230991664]]],[[[100.84024355275729,5.542877160106028],[100.83972534436673,5.542877160106028],[100.83972534436673,5.543270883828038],[100.84024355275729,5.543270883828038],[100.84024355275729,5.542877160106028]]],[[[100.81744238357261,5.550751683134155],[100.81744238357261,5.5499642262263755],[100.81640596679149,5.549570498156393],[100.81640596679149,5.550357954552291],[100.81744238357261,5.550751683134155]]],[[[100.82106984230654,5.551932870415629],[100.81899700874429,5.551932870415629],[100.81899700874429,5.552326600021476],[100.82106984230654,5.552321477714567],[100.82106984230654,5.551932870415629]]],[[[100.8189046,5.5523453940030905],[100.81744238357261,5.552326600021476],[100.81744238357261,5.553067947553598],[100.8189046,5.5523453940030905]]],[[[100.82469730104046,5.562169923429835],[100.82467837229572,5.562169923429835],[100.82469730104046,5.562185938030197],[100.82469730104046,5.562169923429835]]],[[[100.82677013460271,5.564532344892098],[100.82657129078181,5.564138607340279],[100.82668054922082,5.564532344892098],[100.82677013460271,5.564532344892098]]],[[[100.83247042689888,5.566107297665746],[100.83216851898949,5.565713559087338],[100.83228510751277,5.566107297665746],[100.83247042689888,5.566107297665746]]],[[[100.83817071919505,5.570832180634072],[100.83817071919505,5.569650956424865],[100.83765251080447,5.569650956424865],[100.83765251080447,5.570832180634072],[100.83817071919505,5.570832180634072]]],[[[100.83920713597617,5.574683947383617],[100.83911822761887,5.574769611367221],[100.83920713597617,5.574769611367221],[100.83920713597617,5.574683947383617]]],[[[100.84283459471008,5.582250800607605],[100.84231638631952,5.582250800607605],[100.84244268651449,5.582644549983188],[100.84283459471008,5.582644549983188],[100.84283459471008,5.582250800607605]]],[[[100.84335280310066,5.349589318093288],[100.8438710114912,5.349556552798514],[100.84335280310066,5.34929419583344],[100.84335280310066,5.349589318093288]]],[[[100.84335280310066,5.429101640347673],[100.84335280310066,5.428707989968991],[100.84283459471008,5.428707989968991],[100.84283459471008,5.429101640347673],[100.84335280310066,5.429101640347673]]],[[[100.8506077205685,5.450359132863416],[100.8506077205685,5.449965468946164],[100.85008951217793,5.449965468946164],[100.85008951217793,5.450359132863416],[100.8506077205685,5.450359132863416]]],[[[100.8438710114912,5.501537588095366],[100.84335280310066,5.501537588095366],[100.84335280310066,5.501931285081417],[100.8438710114912,5.501931285081417],[100.8438710114912,5.501537588095366]]],[[[100.85216234574017,5.514136017557063],[100.85164413734962,5.514136017557063],[100.85164413734962,5.5145297226694865],[100.85216234574017,5.5145297226694865],[100.85216234574017,5.514136017557063]]],[[[100.85371697091186,5.512561199649555],[100.85371697091186,5.5129549037451415],[100.8531987625213,5.5129549037451415],[100.8531987625213,5.514136017557063],[100.85371697091186,5.514136017557063],[100.85371697091186,5.5145297226694865],[100.85268055413074,5.5145297226694865],[100.85268055413074,5.514923428036167],[100.85112592895905,5.515710839532371],[100.85112592895905,5.5168919586840595],[100.85197689710176,5.5168919586840595],[100.85211039999999,5.516165594039504],[100.85302406539631,5.515710839532371],[100.85268055413074,5.515317133657122],[100.8531987625213,5.515317133657122],[100.8531987625213,5.515623888368429],[100.8543205,5.51511899404053],[100.85449219999997,5.514243294041411],[100.85371697091186,5.512561199649555]]],[[[100.84853488700627,5.515710839532371],[100.84749847022513,5.51610454566193],[100.84801667861569,5.5168919586840595],[100.84853488700627,5.5168919586840595],[100.84853488700627,5.515710839532371]]],[[[100.84646205344401,5.51807308012506],[100.84594384505345,5.51807308012506],[100.84594384505345,5.51846678778088],[100.84646205344401,5.51846678778088],[100.84646205344401,5.51807308012506]]],[[[100.8521905633464,5.520829039059746],[100.85216234574017,5.520814090350671],[100.85216234574017,5.520829039059746],[100.8521905633464,5.520829039059746]]],[[[100.84594384505345,5.526340994354895],[100.8454256366629,5.526340994354895],[100.8454256366629,5.526734707357907],[100.84594384505345,5.526734707357907],[100.84594384505345,5.526340994354895]]],[[[100.8506077205685,5.527128420615751],[100.85008951217793,5.527128420615751],[100.85008951217793,5.527522134128447],[100.8506077205685,5.527522134128447],[100.8506077205685,5.527128420615751]]],[[[100.84905309539681,5.527915847896014],[100.84905309539681,5.527128420615751],[100.84801667861569,5.526734707357907],[100.84801667861569,5.527522134128447],[100.84905309539681,5.527915847896014]]],[[[100.85216234574017,5.5283095619184675],[100.85112592895905,5.5283095619184675],[100.85112592895905,5.527915847896014],[100.85008951217793,5.527915847896014],[100.85008951217793,5.5283095619184675],[100.8506077205685,5.528437466120576],[100.85216234574017,5.5283095619184675]]],[[[100.8438710114912,5.52949070551535],[100.8438710114912,5.529096990728118],[100.84335280310066,5.529096990728118],[100.84335280310066,5.52949070551535],[100.8438710114912,5.52949070551535]]],[[[100.8454256366629,5.529096990728118],[100.84490742827232,5.529096990728118],[100.84490742827232,5.52949070551535],[100.8454256366629,5.52949070551535],[100.8454256366629,5.529096990728118]]],[[[100.84957130378737,5.529096990728118],[100.84957130378737,5.52949070551535],[100.8502411228384,5.52949070551535],[100.85023395037491,5.529096990728118],[100.84957130378737,5.529096990728118]]],[[[100.8531987625213,5.529096990728118],[100.85275174730039,5.529096990728118],[100.8531987625213,5.529536056899208],[100.8531987625213,5.529096990728118]]],[[[100.8506077205685,5.530278135854724],[100.85164413734962,5.530278135854724],[100.85164413734962,5.530226847740618],[100.8506077205685,5.52985007140504],[100.8506077205685,5.530278135854724]]],[[[100.85216234574017,5.531459283276329],[100.85217632874209,5.531459283276329],[100.85216234574017,5.531447105849609],[100.85216234574017,5.531459283276329]]],[[[100.8506077205685,5.531459283276329],[100.8506077205685,5.531065567214098],[100.85008951217793,5.531065567214098],[100.85008951217793,5.531459283276329],[100.8506077205685,5.531459283276329]]],[[[100.84438921988178,5.53342786741371],[100.8438710114912,5.53342786741371],[100.8438710114912,5.534215302854575],[100.84438921988178,5.534215302854575],[100.84438921988178,5.53342786741371]]],[[[100.84283459471008,5.533821585006558],[100.84231638631952,5.533821585006558],[100.84231638631952,5.534215302854575],[100.84283459471008,5.534215302854575],[100.84283459471008,5.533821585006558]]],[[[100.84905309539681,5.534215302854575],[100.84896317118105,5.534215302854575],[100.84905309539681,5.5345135976291315],[100.84905309539681,5.534215302854575]]],[[[100.85216234574017,5.534609020957777],[100.85216234574017,5.534215302854575],[100.85164413734962,5.534215302854575],[100.85164413734962,5.534609020957777],[100.85216234574017,5.534609020957777]]],[[[100.8531987625213,5.535790176798691],[100.8531987625213,5.535396457929816],[100.85268055413074,5.535396457929816],[100.85268055413074,5.535790176798691],[100.8531987625213,5.535790176798691]]],[[[100.85008951217793,5.536183895922823],[100.84979584277383,5.536183895922823],[100.85008951217793,5.536397849180836],[100.85008951217793,5.536183895922823]]],[[[100.85112592895905,5.536577615302239],[100.8506077205685,5.536577615302239],[100.8506077205685,5.536759832318446],[100.85112592895905,5.5369713349369505],[100.85112592895905,5.536577615302239]]],[[[100.84905309539681,5.53775877497234],[100.84921359999998,5.5377156940178125],[100.84905309539681,5.5376317016288725],[100.84905309539681,5.53775877497234]]],[[[100.84957130378737,5.538152495373057],[100.84957130378737,5.538546216029146],[100.84962376109162,5.538546216029146],[100.84987879999997,5.538292394017198],[100.84957130378737,5.538152495373057]]],[[[100.8531987625213,5.538546216029146],[100.85268055413074,5.538370696538589],[100.85268055413074,5.538546216029146],[100.8531987625213,5.538546216029146]]],[[[100.84905309539681,5.538546216029146],[100.84905309539681,5.538152495373057],[100.84853488700627,5.538152495373057],[100.84853488700627,5.538546216029146],[100.84905309539681,5.538546216029146]]],[[[100.84905309539681,5.5389399369406265],[100.84905309539681,5.539114159225709],[100.84922815277882,5.5389399369406265],[100.84905309539681,5.5389399369406265]]],[[[100.85164413734962,5.5401211012076],[100.85146075127233,5.539727379529833],[100.85112592895905,5.5401211012076],[100.85164413734962,5.5401211012076]]],[[[100.84335280310066,5.540514823140829],[100.84335280310066,5.5401211012076],[100.84283459471008,5.5401211012076],[100.84283459471008,5.540514823140829],[100.84335280310066,5.540514823140829]]],[[[100.85112592895905,5.5401211012076],[100.8506077205685,5.540421763431056],[100.8506077205685,5.540514823140829],[100.85112592895905,5.540514823140829],[100.85112592895905,5.5401211012076]]],[[[100.84335280310066,5.5413022677737604],[100.84283459471008,5.5413022677737604],[100.84283459471008,5.5416959904734995],[100.84438921988178,5.5416959904734995],[100.8454256366629,5.540514823140829],[100.8438710114912,5.540514823140829],[100.84335280310066,5.5413022677737604]]],[[[100.84594384505345,5.5416959904734995],[100.84594384505345,5.5413022677737604],[100.8454256366629,5.5413022677737604],[100.8454256366629,5.5416959904734995],[100.84594384505345,5.5416959904734995]]],[[[100.85268055413074,5.542089713428776],[100.85216234574017,5.542089713428776],[100.85216234574017,5.5413022677737604],[100.85112592895905,5.5413022677737604],[100.85112592895905,5.540908545329544],[100.8506077205685,5.540908545329544],[100.85008951217793,5.5416959904734995],[100.84801667861569,5.5416959904734995],[100.84801667861569,5.542877160106028],[100.84853488700627,5.542877160106028],[100.84853488700627,5.543270883828038],[100.84905309539681,5.543270883828038],[100.84905309539681,5.544058332038918],[100.84957130378737,5.544058332038918],[100.84957130378737,5.543270883828038],[100.85008951217793,5.543270883828038],[100.85008951217793,5.542877160106028],[100.85112592895905,5.542877160106028],[100.85112592895905,5.543270883828038],[100.85164413734962,5.543270883828038],[100.85164413734962,5.542483436639615],[100.85268055413074,5.542483436639615],[100.85268055413074,5.542089713428776]],[[100.85008951217793,5.542089713428776],[100.85008951217793,5.542483436639615],[100.84905309539681,5.542483436639615],[100.84905309539681,5.542089713428776],[100.85008951217793,5.542089713428776]]],[[[100.85268055413074,5.543270883828038],[100.85216234574017,5.543270883828038],[100.85216234574017,5.544058332038918],[100.85268055413074,5.544058332038918],[100.85268055413074,5.543270883828038]]],[[[100.85371697091186,5.544058332038918],[100.85371697091186,5.543664607805662],[100.8531987625213,5.543664607805662],[100.8531987625213,5.544058332038918],[100.85371697091186,5.544058332038918]]],[[[100.84490742827232,5.544452056527827],[100.84490742827232,5.544058332038918],[100.8454256366629,5.544058332038918],[100.8454256366629,5.543664607805662],[100.84490742827232,5.543664607805662],[100.84490742827232,5.543270883828038],[100.8454256366629,5.543270883828038],[100.8454256366629,5.5416959904734995],[100.84490742827232,5.5416959904734995],[100.84490742827232,5.542089713428776],[100.84283459471008,5.542089713428776],[100.84283459471008,5.542483436639615],[100.84179817792896,5.542877160106028],[100.84179817792896,5.543664607805662],[100.84283459471008,5.543664607805662],[100.84283459471008,5.544452056527827],[100.84335280310066,5.544452056527827],[100.84335280310066,5.545239506272672],[100.8438710114912,5.545239506272672],[100.8438710114912,5.546814408831001],[100.84438921988178,5.546814408831001],[100.84438921988178,5.546026957040348],[100.84490742827232,5.546026957040348],[100.84490742827232,5.545239506272672],[100.8454256366629,5.545239506272672],[100.8454256366629,5.544452056527827],[100.84490742827232,5.544452056527827]],[[100.84335280310066,5.542483436639615],[100.84335280310066,5.542877160106028],[100.84283459471008,5.542877160106028],[100.84283459471008,5.542483436639615],[100.84335280310066,5.542483436639615]],[[100.84335280310066,5.544058332038918],[100.84438921988178,5.544058332038918],[100.84438921988178,5.544452056527827],[100.84335280310066,5.544452056527827],[100.84335280310066,5.544058332038918]],[[100.84438921988178,5.545239506272672],[100.84438921988178,5.544845781272404],[100.84490742827232,5.544845781272404],[100.84490742827232,5.545239506272672],[100.84438921988178,5.545239506272672]],[[100.84438921988178,5.543270883828038],[100.84438921988178,5.543664607805662],[100.8438710114912,5.543664607805662],[100.8438710114912,5.543270883828038],[100.84438921988178,5.543270883828038]]],[[[100.85164413734962,5.544058332038918],[100.85112592895905,5.544058332038918],[100.85112592895905,5.544452056527827],[100.85164413734962,5.544452056527827],[100.85164413734962,5.544058332038918]]],[[[100.84698026183457,5.544058332038918],[100.84749847022513,5.543270883828038],[100.84646205344401,5.543270883828038],[100.84646205344401,5.544845781272404],[100.84698026183457,5.544845781272404],[100.84646205344401,5.5456332315286465],[100.84801667861569,5.546420682807791],[100.84801667861569,5.545239506272672],[100.84853488700627,5.545239506272672],[100.84853488700627,5.544845781272404],[100.84698026183457,5.544058332038918]]],[[[100.85216234574017,5.544845781272404],[100.8506077205685,5.544845781272404],[100.8506077205685,5.545239506272672],[100.85216234574017,5.546026957040348],[100.85216234574017,5.544845781272404]]],[[[100.85216234574017,5.546420682807791],[100.85164413734962,5.546420682807791],[100.85164413734962,5.546814408831001],[100.85216234574017,5.546814408831001],[100.85216234574017,5.546420682807791]]],[[[100.84853488700627,5.546814408831001],[100.84853488700627,5.546420682807791],[100.84801667861569,5.546420682807791],[100.84801667861569,5.546814408831001],[100.84853488700627,5.546814408831001]]],[[[100.85112592895905,5.547601861644783],[100.85112592895905,5.547208135109991],[100.85008951217793,5.547208135109991],[100.85008951217793,5.547601861644783],[100.85112592895905,5.547601861644783]]],[[[100.8531987625213,5.54799558843539],[100.8531987625213,5.547601861644783],[100.85268055413074,5.547601861644783],[100.85268055413074,5.54799558843539],[100.8531987625213,5.54799558843539]]],[[[100.85112592895905,5.54799558843539],[100.8506077205685,5.54799558843539],[100.8506077205685,5.548389315481838],[100.85112592895905,5.548389315481838],[100.85112592895905,5.54799558843539]]],[[[100.85268055413074,5.548389315481838],[100.85216234574017,5.548389315481838],[100.85216234574017,5.548783042784143],[100.85268055413074,5.548783042784143],[100.85268055413074,5.548389315481838]]],[[[100.85112592895905,5.5499642262263755],[100.85112592895905,5.549176770342321],[100.8506077205685,5.549176770342321],[100.8506077205685,5.550751683134155],[100.85164413734962,5.550751683134155],[100.85164413734962,5.5499642262263755],[100.85112592895905,5.5499642262263755]]],[[[100.8531987625213,5.5499642262263755],[100.85268055413074,5.5499642262263755],[100.85268055413074,5.550357954552291],[100.8531987625213,5.550357954552291],[100.8531987625213,5.5499642262263755]]],[[[100.85008951217793,5.550357954552291],[100.84905309539681,5.550357954552291],[100.84905309539681,5.550751683134155],[100.85008951217793,5.550751683134155],[100.85008951217793,5.550357954552291]]],[[[100.85216234574017,5.551932870415629],[100.85216234574017,5.551539141065805],[100.85164413734962,5.551539141065805],[100.85164413734962,5.551932870415629],[100.85216234574017,5.551932870415629]]],[[[100.84905309539681,5.551932870415629],[100.84853488700627,5.551932870415629],[100.84853488700627,5.552326600021476],[100.84905309539681,5.552326600021476],[100.84905309539681,5.551932870415629]]],[[[100.85112592895905,5.552326600021476],[100.8506077205685,5.552326600021476],[100.8506077205685,5.552720329883366],[100.85112592895905,5.552720329883366],[100.85112592895905,5.552326600021476]]],[[[100.8506077205685,5.552720329883366],[100.85008951217793,5.552720329883366],[100.85008951217793,5.5531140600013185],[100.8506077205685,5.5531140600013185],[100.8506077205685,5.552720329883366]]],[[[100.8506077205685,5.553507790375348],[100.85112592895905,5.553507790375348],[100.85112592895905,5.5531140600013185],[100.8506077205685,5.5531140600013185],[100.8506077205685,5.553507790375348]]],[[[100.85164413734962,5.553901521005477],[100.85164413734962,5.553507790375348],[100.85112592895905,5.553507790375348],[100.85112592895905,5.553901521005477],[100.85164413734962,5.553901521005477]]],[[[100.84853488700627,5.572407149843281],[100.84801667861569,5.572407149843281],[100.84801667861569,5.572800892788016],[100.84853488700627,5.572800892788016],[100.84853488700627,5.572407149843281]]],[[[100.85941726320802,5.4822467461259965],[100.85889905481747,5.4822467461259965],[100.85889905481747,5.482640430705453],[100.85941726320802,5.482640430705453],[100.85941726320802,5.4822467461259965]]],[[[100.85423517930242,5.511773792220852],[100.85475338769298,5.512032665139456],[100.85734442964578,5.511773792220852],[100.85734442964578,5.511380088887699],[100.85889905481747,5.511380088887699],[100.85889905481747,5.510986385808654],[100.86097188837972,5.511380088887699],[100.86097188837972,5.510986385808654],[100.86149009677027,5.510986385808654],[100.86149009677027,5.510592682983697],[100.85941726320802,5.51019898041281],[100.85941726320802,5.509017874224384],[100.86045367998915,5.509017874224384],[100.86045367998915,5.508624172669591],[100.86097188837972,5.508624172669591],[100.86097188837972,5.509411576033171],[100.86149009677027,5.509411576033171],[100.86149009677027,5.508230471368775],[100.86045367998915,5.508230471368775],[100.86045367998915,5.507836770321917],[100.86149009677027,5.507836770321917],[100.86149009677027,5.507443069529001],[100.86097188837972,5.507443069529001],[100.86097188837972,5.50665566870491],[100.85941726320802,5.50665566870491],[100.85786263803635,5.508230471368775],[100.85682622125522,5.508230471368775],[100.85527159608354,5.509805278095975],[100.85423517930242,5.509805278095975],[100.85423517930242,5.511773792220852]],[[100.85889905481747,5.509017874224384],[100.85889905481747,5.510592682983697],[100.85838084642691,5.510592682983697],[100.85838084642691,5.51019898041281],[100.85734442964578,5.51019898041281],[100.85734442964578,5.509805278095975],[100.85786263803635,5.509805278095975],[100.85786263803635,5.509017874224384],[100.85838084642691,5.509017874224384],[100.85838084642691,5.508230471368775],[100.85941726320802,5.507836770321917],[100.85941726320802,5.509017874224384],[100.85889905481747,5.509017874224384]],[[100.85734442964578,5.510592682983697],[100.85682622125522,5.510592682983697],[100.85682622125522,5.51019898041281],[100.85734442964578,5.51019898041281],[100.85734442964578,5.510592682983697]],[[100.85734442964578,5.508624172669591],[100.85734442964578,5.509017874224384],[100.85682622125522,5.509017874224384],[100.85682622125522,5.508624172669591],[100.85734442964578,5.508624172669591]]],[[[100.86459934711363,5.510986385808654],[100.86408113872307,5.510986385808654],[100.86408113872307,5.511773792220852],[100.86459934711363,5.511773792220852],[100.86459934711363,5.510986385808654]]],[[[100.86252651355139,5.510986385808654],[100.86149009677027,5.510986385808654],[100.86149009677027,5.511773792220852],[100.86200830516083,5.511773792220852],[100.86252651355139,5.510986385808654]]],[[[100.85993547159859,5.511773792220852],[100.85993547159859,5.511380088887699],[100.85941726320802,5.511380088887699],[100.85941726320802,5.511773792220852],[100.85993547159859,5.511773792220852]]],[[[100.85941726320802,5.512037142757797],[100.85889905481747,5.511773792220852],[100.85889905481747,5.511928314472143],[100.85941726320802,5.512037142757797]]],[[[100.86408113872307,5.514136017557063],[100.8635629303325,5.514136017557063],[100.8635629303325,5.513742312698875],[100.86459934711363,5.513742312698875],[100.86459934711363,5.513348608094908],[100.8651175555042,5.513348608094908],[100.8651175555042,5.512561199649555],[100.86304472194196,5.512561199649555],[100.86304472194196,5.512167495808132],[100.86200830516083,5.512167495808132],[100.86200830516083,5.512561199649555],[100.86149009677027,5.512561388592763],[100.86202488450803,5.515710839532371],[100.86304472194196,5.515710839532371],[100.86304472194196,5.514923428036167],[100.86408113872307,5.514923428036167],[100.86408113872307,5.515317133657122],[100.86459934711363,5.515317133657122],[100.86459934711363,5.5145297226694865],[100.86408113872307,5.5145297226694865],[100.86408113872307,5.514136017557063]],[[100.86252651355139,5.513742312698875],[100.86252651355139,5.514136017557063],[100.86200830516083,5.514136017557063],[100.86200830516083,5.513742312698875],[100.86252651355139,5.513742312698875]]],[[[100.86200830516083,5.51610454566193],[100.86200830516083,5.51577519451771],[100.86192345664165,5.51610454566193],[100.86200830516083,5.51610454566193]]],[[[100.86045367998915,5.51846678778088],[100.86045367998915,5.51807308012506],[100.85993547159859,5.51807308012506],[100.85993547159859,5.51846678778088],[100.86045367998915,5.51846678778088]]],[[[100.8635629303325,5.518860495691145],[100.8635629303325,5.51846678778088],[100.86304472194196,5.51846678778088],[100.86304472194196,5.518860495691145],[100.8635629303325,5.518860495691145]]],[[[100.86615397228532,5.51925420385587],[100.86615397228532,5.518860495691145],[100.86563576389476,5.518860495691145],[100.86563576389476,5.51925420385587],[100.86615397228532,5.51925420385587]]],[[[100.85786263803635,5.519582951620452],[100.85781802835315,5.519647912275073],[100.85786263803635,5.519647912275073],[100.85786263803635,5.519582951620452]]],[[[100.8651175555042,5.520041620948776],[100.86459934711363,5.520041620948776],[100.86459934711363,5.520435329876993],[100.86563576389476,5.520435329876993],[100.86563576389476,5.519647912275073],[100.8651175555042,5.519647912275073],[100.8651175555042,5.520041620948776]]],[[[100.86149009677027,5.520435329876993],[100.86149009677027,5.520041620948776],[100.86097188837972,5.520041620948776],[100.86097188837972,5.520435329876993],[100.86149009677027,5.520435329876993]]],[[[100.85682622125522,5.527128420615751],[100.85682622125522,5.526734707357907],[100.85889905481747,5.526734707357907],[100.85889905481747,5.525553569113294],[100.85993547159859,5.525553569113294],[100.85993547159859,5.524766144890801],[100.85838084642691,5.524766144890801],[100.85838084642691,5.524372433161675],[100.85889905481747,5.524372433161675],[100.85889905481747,5.523978721687269],[100.85993547159859,5.523978721687269],[100.85993547159859,5.5235850104675634],[100.86045367998915,5.5235850104675634],[100.86045367998915,5.523978721687269],[100.86097188837972,5.523978721687269],[100.86097188837972,5.524766144890801],[100.86149009677027,5.524766144890801],[100.86149009677027,5.523978721687269],[100.86200830516083,5.523978721687269],[100.86200830516083,5.5235850104675634],[100.86252651355139,5.5235850104675634],[100.86252651355139,5.52279758879219],[100.86304472194196,5.52279758879219],[100.8635629303325,5.524766144890801],[100.86459934711363,5.524372433161675],[100.86459934711363,5.523978721687269],[100.86408113872307,5.523978721687269],[100.86408113872307,5.523191299502543],[100.8635629303325,5.523191299502543],[100.8635629303325,5.522403878336483],[100.86408113872307,5.522403878336483],[100.86408113872307,5.5220101681354015],[100.8651175555042,5.5220101681354015],[100.8651175555042,5.521616458188932],[100.86459934711363,5.521616458188932],[100.86459934711363,5.5212227484970535],[100.8635629303325,5.5212227484970535],[100.8635629303325,5.520829039059746],[100.86408113872307,5.520829039059746],[100.86408113872307,5.520435329876993],[100.8635629303325,5.520435329876993],[100.8635629303325,5.51925420385587],[100.86304472194196,5.51925420385587],[100.86304472194196,5.520435329876993],[100.86252651355139,5.520435329876993],[100.86252651355139,5.51846678778088],[100.86304472194196,5.51846678778088],[100.86304472194196,5.517679372723661],[100.8635629303325,5.517679372723661],[100.8635629303325,5.51846678778088],[100.86408113872307,5.51846678778088],[100.86408113872307,5.51807308012506],[100.86459934711363,5.51807308012506],[100.86459934711363,5.517285665576669],[100.8651175555042,5.517285665576669],[100.86459934711363,5.515710839532371],[100.86408113872307,5.515710839532371],[100.86408113872307,5.516498252045822],[100.8635629303325,5.516498252045822],[100.8635629303325,5.515710839532371],[100.86304472194196,5.515710839532371],[100.86252651355139,5.516498252045822],[100.86182202877526,5.516498252045822],[100.8616161,5.517297594038353],[100.85874079999999,5.517382994038252],[100.85838084642691,5.51925420385587],[100.85941726320802,5.518860495691145],[100.85941726320802,5.51925420385587],[100.86045367998915,5.51925420385587],[100.86045367998915,5.519647912275073],[100.86200830516083,5.519647912275073],[100.86200830516083,5.520829039059746],[100.86097188837972,5.5212227484970535],[100.86097188837972,5.520435329876993],[100.85993547159859,5.520435329876993],[100.85941726320802,5.5220101681354015],[100.85889905481747,5.5220101681354015],[100.85889905481747,5.5212227484970535],[100.85682622125522,5.5212227484970535],[100.85682622125522,5.520829039059746],[100.85635989190168,5.520829039059746],[100.85630801286466,5.5212227484970535],[100.85527159608354,5.5212227484970535],[100.85527159608354,5.5220101681354015],[100.85423517930242,5.5220101681354015],[100.85423517930242,5.521616458188932],[100.85268055413074,5.5212227484970535],[100.85268055413074,5.521616458188932],[100.85216234574017,5.521616458188932],[100.85216234574017,5.522403878336483],[100.85112592895905,5.522403878336483],[100.85112592895905,5.521616458188932],[100.85008951217793,5.521616458188932],[100.85008951217793,5.5220101681354015],[100.84853488700627,5.5220101681354015],[100.84853488700627,5.522403878336483],[100.84801667861569,5.522403878336483],[100.84801667861569,5.521616458188932],[100.84853488700627,5.521616458188932],[100.84853488700627,5.5212227484970535],[100.84957130378737,5.5212227484970535],[100.84905309539681,5.520435329876993],[100.85008951217793,5.520435329876993],[100.85008951217793,5.520829039059746],[100.85112592895905,5.520435329876993],[100.85112592895905,5.520829039059746],[100.85164413734962,5.520829039059746],[100.85007189999997,5.518643094036976],[100.8503079,5.517852894037791],[100.85183217375014,5.517679372723661],[100.85112592895905,5.517679372723661],[100.85112592895905,5.5168919586840595],[100.8506077205685,5.5168919586840595],[100.8506077205685,5.516498252045822],[100.84957130378737,5.516498252045822],[100.84957130378737,5.51610454566193],[100.84905309539681,5.51610454566193],[100.84905309539681,5.5168919586840595],[100.84853488700627,5.5168919586840595],[100.84853488700627,5.517285665576669],[100.84801667861569,5.517285665576669],[100.84801667861569,5.5168919586840595],[100.84698026183457,5.517285665576669],[100.84698026183457,5.51925420385587],[100.84749847022513,5.51925420385587],[100.84749847022513,5.519647912275073],[100.84698026183457,5.519647912275073],[100.84698026183457,5.520041620948776],[100.84594384505345,5.519647912275073],[100.84594384505345,5.520435329876993],[100.84646205344401,5.520435329876993],[100.84698026183457,5.522403878336483],[100.84801667861569,5.52279758879219],[100.84801667861569,5.523191299502543],[100.84749847022513,5.523191299502543],[100.84749847022513,5.523978721687269],[100.84853488700627,5.5235850104675634],[100.84853488700627,5.524372433161675],[100.84801667861569,5.524372433161675],[100.84853488700627,5.525947281606697],[100.84905309539681,5.525947281606697],[100.84905309539681,5.525553569113294],[100.85008951217793,5.525947281606697],[100.85008951217793,5.525553569113294],[100.85164413734962,5.525553569113294],[100.85164413734962,5.52515985687467],[100.85216234574017,5.52515985687467],[100.85216234574017,5.526340994354895],[100.85423517930242,5.526734707357907],[100.85475338769298,5.528385020156911],[100.85578980447411,5.527855843824055],[100.85578980447411,5.526734707357907],[100.85682622125522,5.527128420615751]],[[100.85838084642691,5.525553569113294],[100.85838084642691,5.525947281606697],[100.85734442964578,5.525947281606697],[100.85786263803635,5.52515985687467],[100.85889905481747,5.52515985687467],[100.85889905481747,5.525553569113294],[100.85838084642691,5.525553569113294]],[[100.85734442964578,5.52515985687467],[100.85734442964578,5.524766144890801],[100.85786263803635,5.524766144890801],[100.85786263803635,5.52515985687467],[100.85734442964578,5.52515985687467]],[[100.86200830516083,5.522403878336483],[100.86200830516083,5.5220101681354015],[100.8635629303325,5.5220101681354015],[100.8635629303325,5.522403878336483],[100.86200830516083,5.522403878336483]],[[100.85941726320802,5.517679372723661],[100.86045367998915,5.517679372723661],[100.86097188837972,5.51846678778088],[100.86045367998915,5.51846678778088],[100.86045367998915,5.518860495691145],[100.85941726320802,5.518860495691145],[100.85941726320802,5.517679372723661]],[[100.85889905481747,5.522403878336483],[100.85993547159859,5.522403878336483],[100.85993547159859,5.52279758879219],[100.85786263803635,5.523191299502543],[100.85786263803635,5.522403878336483],[100.85838084642691,5.522403878336483],[100.85838084642691,5.5220101681354015],[100.85889905481747,5.5220101681354015],[100.85889905481747,5.522403878336483]],[[100.84905309539681,5.524372433161675],[100.84905309539681,5.524766144890801],[100.84853488700627,5.524766144890801],[100.84853488700627,5.524372433161675],[100.84905309539681,5.524372433161675]],[[100.85423517930242,5.526340994354895],[100.85475338769298,5.526340994354895],[100.85475338769298,5.526734707357907],[100.85423517930242,5.526734707357907],[100.85423517930242,5.526340994354895]],[[100.85578980447411,5.525947281606697],[100.85578980447411,5.526340994354895],[100.85527159608354,5.526340994354895],[100.85527159608354,5.525947281606697],[100.85578980447411,5.525947281606697]],[[100.85423517930242,5.525553569113294],[100.85423517930242,5.524766144890801],[100.85475338769298,5.524766144890801],[100.85475338769298,5.525553569113294],[100.85423517930242,5.525553569113294]],[[100.85475338769298,5.523978721687269],[100.85527159608354,5.523978721687269],[100.85527159608354,5.524766144890801],[100.85475338769298,5.524766144890801],[100.85475338769298,5.523978721687269]],[[100.85527159608354,5.525553569113294],[100.85527159608354,5.52515985687467],[100.85578980447411,5.52515985687467],[100.85578980447411,5.525553569113294],[100.85527159608354,5.525553569113294]],[[100.85578980447411,5.524766144890801],[100.85630801286466,5.524766144890801],[100.85630801286466,5.52515985687467],[100.85578980447411,5.52515985687467],[100.85578980447411,5.524766144890801]],[[100.85268055413074,5.524372433161675],[100.85268055413074,5.524766144890801],[100.85216234574017,5.524766144890801],[100.85216234574017,5.524372433161675],[100.85268055413074,5.524372433161675]],[[100.85734442964578,5.524372433161675],[100.85734442964578,5.523978721687269],[100.85786263803635,5.523978721687269],[100.85786263803635,5.524372433161675],[100.85734442964578,5.524372433161675]],[[100.85786263803635,5.5235850104675634],[100.85838084642691,5.5235850104675634],[100.85838084642691,5.523978721687269],[100.85786263803635,5.523978721687269],[100.85786263803635,5.5235850104675634]],[[100.85008951217793,5.5235850104675634],[100.85008951217793,5.523978721687269],[100.84957130378737,5.523978721687269],[100.84957130378737,5.5235850104675634],[100.85008951217793,5.5235850104675634]],[[100.85371697091186,5.5235850104675634],[100.8531987625213,5.5235850104675634],[100.8531987625213,5.523191299502543],[100.85371697091186,5.523191299502543],[100.85371697091186,5.5235850104675634]],[[100.85268055413074,5.523191299502543],[100.85268055413074,5.522403878336483],[100.8531987625213,5.522403878336483],[100.8531987625213,5.523191299502543],[100.85268055413074,5.523191299502543]],[[100.85578980447411,5.523191299502543],[100.85578980447411,5.5235850104675634],[100.85527159608354,5.5235850104675634],[100.85527159608354,5.523191299502543],[100.85578980447411,5.523191299502543]],[[100.86149009677027,5.522403878336483],[100.86149009677027,5.52279758879219],[100.86097188837972,5.52279758879219],[100.86097188837972,5.522403878336483],[100.86149009677027,5.522403878336483]],[[100.84749847022513,5.520435329876993],[100.84749847022513,5.520829039059746],[100.84698026183457,5.520829039059746],[100.84698026183457,5.520435329876993],[100.84749847022513,5.520435329876993]],[[100.86200830516083,5.517679372723661],[100.86200830516083,5.51807308012506],[100.86149009677027,5.51807308012506],[100.86149009677027,5.517679372723661],[100.86200830516083,5.517679372723661]],[[100.86408113872307,5.5168919586840595],[100.86408113872307,5.517285665576669],[100.86304472194196,5.517285665576669],[100.86304472194196,5.5168919586840595],[100.86408113872307,5.5168919586840595]]],[[[100.85889905481747,5.52279758879219],[100.85889905481747,5.522403878336483],[100.85838084642691,5.522403878336483],[100.85838084642691,5.52279758879219],[100.85889905481747,5.52279758879219]]],[[[100.86045367998915,5.524372433161675],[100.86045367998915,5.523978721687269],[100.85993547159859,5.523978721687269],[100.85993547159859,5.524372433161675],[100.86045367998915,5.524372433161675]]],[[[100.86304472194196,5.5235850104675634],[100.86200830516083,5.523978721687269],[100.86252651355139,5.524766144890801],[100.86304472194196,5.524766144890801],[100.86304472194196,5.5235850104675634]]],[[[100.86097188837972,5.524766144890801],[100.86045367998915,5.524766144890801],[100.86045367998915,5.52515985687467],[100.86097188837972,5.52515985687467],[100.86097188837972,5.524766144890801]]],[[[100.8635629303325,5.525553569113294],[100.8635629303325,5.524766144890801],[100.86304472194196,5.524766144890801],[100.86304472194196,5.525553569113294],[100.8635629303325,5.525553569113294]]],[[[100.86200830516083,5.524766144890801],[100.86149009677027,5.524766144890801],[100.86149009677027,5.525553569113294],[100.86200830516083,5.525553569113294],[100.86200830516083,5.524766144890801]]],[[[100.86097188837972,5.526734707357907],[100.86149009677027,5.526734707357907],[100.86149009677027,5.525947281606697],[100.86045367998915,5.525553569113294],[100.86045367998915,5.527128420615751],[100.86097188837972,5.527128420615751],[100.86097188837972,5.526734707357907]]],[[[100.86304472194196,5.525947281606697],[100.86304472194196,5.526340994354895],[100.86200830516083,5.526340994354895],[100.86045367998915,5.527915847896014],[100.86149009677027,5.527915847896014],[100.86149009677027,5.527522134128447],[100.86408113872307,5.527915847896014],[100.86408113872307,5.527522134128447],[100.8635629303325,5.527522134128447],[100.8635629303325,5.525947281606697],[100.86304472194196,5.525947281606697]]],[[[100.85838084642691,5.528080777095841],[100.85786263803635,5.527915847896014],[100.85786263803635,5.527940110463529],[100.85838084642691,5.528080777095841]]],[[[100.85993547159859,5.5283095619184675],[100.85941726320802,5.528362110458079],[100.86045367998915,5.528639003436978],[100.86045367998915,5.527915847896014],[100.85993547159859,5.527915847896014],[100.85993547159859,5.5283095619184675]]],[[[100.86304472194196,5.529096990728118],[100.86304472194196,5.527915847896014],[100.86252651355139,5.527915847896014],[100.86252651355139,5.529096990728118],[100.86304472194196,5.529096990728118]]],[[[100.86149009677027,5.528910940542961],[100.86097188837972,5.528703276195831],[100.86097188837972,5.528774971974768],[100.86149009677027,5.528910940542961]]],[[[100.85423517930242,5.530278135854724],[100.85378955012013,5.530278135854724],[100.85395242952698,5.530671851406901],[100.85423517930242,5.530671851406901],[100.85423517930242,5.530278135854724]]],[[[100.85475338769298,5.530671851406901],[100.85475338769298,5.531065567214098],[100.85423517930242,5.531118118905288],[100.8546209,5.531201594024342],[100.85527159608354,5.53092399402464],[100.85475338769298,5.530671851406901]]],[[[100.85371697091186,5.532242919470187],[100.8531987625213,5.53212964053531],[100.8531987625213,5.532246716165983],[100.85371697091186,5.532242919470187]]],[[[100.8543373954116,5.53342786741371],[100.85423517930242,5.533821585006558],[100.85459760999785,5.533821585006558],[100.8543373954116,5.53342786741371]]],[[[100.85786263803635,5.534609020957777],[100.85786263803635,5.533821585006558],[100.85734442964578,5.533821585006558],[100.85734442964578,5.534499585669506],[100.85786263803635,5.534609020957777]]],[[[100.85992989028584,5.534609020957777],[100.8596504654832,5.534215302854575],[100.85941726320802,5.534215302854575],[100.85941726320802,5.534609020957777],[100.85992989028584,5.534609020957777]]],[[[100.85423517930242,5.535396457929816],[100.85371697091186,5.535396457929816],[100.85371697091186,5.535790176798691],[100.85423517930242,5.535790176798691],[100.85423517930242,5.535396457929816]]],[[[100.85423517930242,5.535790176798691],[100.85423517930242,5.535951190791341],[100.85442549776688,5.535790176798691],[100.85423517930242,5.535790176798691]]],[[[100.85527159608354,5.5369713349369505],[100.8552646,5.536711894018809],[100.85517486698014,5.5369713349369505],[100.85527159608354,5.5369713349369505]]],[[[100.85851334284861,5.535790176798691],[100.85838480685618,5.536183895922823],[100.85889905481747,5.536183895922823],[100.85852404908246,5.538152495373057],[100.85941726320802,5.538546216029146],[100.85941726320802,5.536183895922823],[100.85993547159859,5.536183895922823],[100.86045367998915,5.535396457929816],[100.85851334284861,5.535790176798691]]],[[[100.85578980447411,5.5369713349369505],[100.85527159608354,5.5369713349369505],[100.85527159608354,5.537365054826978],[100.85578980447411,5.537365054826978],[100.85578980447411,5.5369713349369505]]],[[[100.85578980447411,5.53775877497234],[100.85527159608354,5.53775877497234],[100.85527159608354,5.538152495373057],[100.85578980447411,5.538152495373057],[100.85578980447411,5.53775877497234]]],[[[100.86252651355139,5.538152495373057],[100.8620453,5.53801469401751],[100.86200830516083,5.537984012048595],[100.86200830516083,5.538152495373057],[100.86252651355139,5.538152495373057]]],[[[100.85578980447411,5.5401211012076],[100.85527159608354,5.5400863940153835],[100.85527159608354,5.5401211012076],[100.85578980447411,5.5401211012076]]],[[[100.85578980447411,5.5389399369406265],[100.85548046926569,5.5389399369406265],[100.85578980447411,5.539785118610855],[100.85578980447411,5.5389399369406265]]],[[[100.86200830516083,5.539333658107517],[100.86149009677027,5.539333658107517],[100.86149009677027,5.539727379529833],[100.86200830516083,5.539727379529833],[100.86200830516083,5.539333658107517]]],[[[100.85527159608354,5.542877160106028],[100.85527159608354,5.542483436639615],[100.85475338769298,5.542483436639615],[100.85475338769298,5.542877160106028],[100.85527159608354,5.542877160106028]]],[[[100.85475338769298,5.545239506272672],[100.85475338769298,5.544452056527827],[100.85423517930242,5.544452056527827],[100.85423517930242,5.545239506272672],[100.85475338769298,5.545239506272672]]],[[[100.8651175555042,5.546420682807791],[100.8651175555042,5.546026957040348],[100.86459934711363,5.546026957040348],[100.86459934711363,5.546420682807791],[100.8651175555042,5.546420682807791]]],[[[100.86304472194196,5.546420682807791],[100.86252651355139,5.546420682807791],[100.86252651355139,5.546814408831001],[100.86304472194196,5.546814408831001],[100.86304472194196,5.546420682807791]]],[[[100.85423517930242,5.547208135109991],[100.85371697091186,5.547208135109991],[100.85371697091186,5.547601861644783],[100.85423517930242,5.547601861644783],[100.85423517930242,5.547208135109991]]],[[[100.86304472194196,5.548783042784143],[100.86304472194196,5.548389315481838],[100.86252651355139,5.548389315481838],[100.86252651355139,5.548783042784143],[100.86304472194196,5.548783042784143]]],[[[100.85371697091186,5.548783042784143],[100.8531987625213,5.548783042784143],[100.8531987625213,5.549176770342321],[100.85371697091186,5.549176770342321],[100.85371697091186,5.548783042784143]]],[[[100.86045367998915,5.549176770342321],[100.85993547159859,5.549176770342321],[100.85993547159859,5.549570498156393],[100.86045367998915,5.549570498156393],[100.86045367998915,5.549176770342321]]],[[[100.85423517930242,5.549176770342321],[100.85371697091186,5.549176770342321],[100.85371697091186,5.549570498156393],[100.85423517930242,5.549570498156393],[100.85423517930242,5.549176770342321]]],[[[100.85630801286466,5.549570498156393],[100.85578980447411,5.549570498156393],[100.85578980447411,5.5499642262263755],[100.85630801286466,5.5499642262263755],[100.85630801286466,5.549570498156393]]],[[[100.85475338769298,5.549570498156393],[100.85423517930242,5.549570498156393],[100.85423517930242,5.5499642262263755],[100.85475338769298,5.5499642262263755],[100.85475338769298,5.549570498156393]]],[[[100.85423517930242,5.550357954552291],[100.85423517930242,5.5499642262263755],[100.85371697091186,5.5499642262263755],[100.85371697091186,5.550357954552291],[100.85423517930242,5.550357954552291]]],[[[100.86045367998915,5.5499642262263755],[100.86045367998915,5.550357954552291],[100.86149009677027,5.550357954552291],[100.86149009677027,5.550751683134155],[100.86200830516083,5.550751683134155],[100.86200830516083,5.5499642262263755],[100.86045367998915,5.5499642262263755]]],[[[100.85423517930242,5.551145411971988],[100.85423517930242,5.550751683134155],[100.8531987625213,5.550751683134155],[100.8531987625213,5.551145411971988],[100.85423517930242,5.551145411971988]]],[[[100.86149009677027,5.553507790375348],[100.86097188837972,5.553507790375348],[100.86097188837972,5.554295251891722],[100.86149009677027,5.554295251891722],[100.86149009677027,5.553507790375348]]],[[[100.85578980447411,5.555870177998244],[100.85630801286466,5.555870177998244],[100.85630801286466,5.555082714432638],[100.85527159608354,5.5546889830341035],[100.85527159608354,5.556263910165355],[100.85578980447411,5.556263910165355],[100.85578980447411,5.555870177998244]]],[[[100.86304472194196,5.555870177998244],[100.86304472194196,5.555476446087345],[100.86252651355139,5.555476446087345],[100.86252651355139,5.555870177998244],[100.86304472194196,5.555870177998244]]],[[[100.85786263803635,5.555476446087345],[100.85734442964578,5.555476446087345],[100.85734442964578,5.555870177998244],[100.85786263803635,5.555870177998244],[100.85786263803635,5.555476446087345]]],[[[100.86615397228532,5.556263910165355],[100.86563576389476,5.556263910165355],[100.86563576389476,5.556657642588691],[100.86615397228532,5.556657642588691],[100.86615397228532,5.556263910165355]]],[[[100.86719038906644,5.447209828558151],[100.86736312781997,5.4468161666500325],[100.86719038906644,5.4468161666500325],[100.86719038906644,5.447209828558151]]],[[[100.87185426458147,5.4822467461259965],[100.87133605619091,5.4822467461259965],[100.87133605619091,5.482640430705453],[100.87185426458147,5.482640430705453],[100.87185426458147,5.4822467461259965]]],[[[100.88170022400213,5.483036669242618],[100.88118201561156,5.482951296798498],[100.88118201561156,5.483427800622628],[100.88170022400213,5.483427800622628],[100.88170022400213,5.483036669242618]]],[[[100.88221843239269,5.485396229839661],[100.88221843239269,5.4861836032965],[100.88325484917382,5.486577290404289],[100.88325484917382,5.485396229839661],[100.88221843239269,5.485396229839661]]],[[[100.88429126595493,5.4857899164416315],[100.88377305756437,5.4857899164416315],[100.88377305756437,5.4861836032965],[100.88429126595493,5.4861836032965],[100.88429126595493,5.4857899164416315]]],[[[100.87755455687766,5.4861836032965],[100.87703634848708,5.4861836032965],[100.87703634848708,5.486577290404289],[100.87755455687766,5.486577290404289],[100.87755455687766,5.4861836032965]]],[[[100.88273664078326,5.4869709777650115],[100.88273664078326,5.486577290404289],[100.88221843239269,5.486577290404289],[100.88221843239269,5.4869709777650115],[100.88273664078326,5.4869709777650115]]],[[[100.87703634848708,5.488152041364978],[100.87651814009652,5.488152041364978],[100.87651814009652,5.488545729737627],[100.87703634848708,5.488545729737627],[100.87703634848708,5.488152041364978]]],[[[100.88791872468887,5.49799432663256],[100.8874005162983,5.49799432663256],[100.8874005162983,5.498781716293938],[100.88791872468887,5.498781716293938],[100.88791872468887,5.49799432663256]]],[[[100.88947334986054,5.501537588095366],[100.88947334986054,5.501143891362954],[100.88895514146998,5.501143891362954],[100.88895514146998,5.501537588095366],[100.88947334986054,5.501537588095366]]],[[[100.89154618342278,5.501537588095366],[100.89102797503222,5.501537588095366],[100.89102797503222,5.501931285081417],[100.89154618342278,5.501931285081417],[100.89154618342278,5.501537588095366]]],[[[100.9070924351396,5.502718679814524],[100.90657422674904,5.502718679814524],[100.90657422674904,5.503112377561613],[100.9070924351396,5.503112377561613],[100.9070924351396,5.502718679814524]]],[[[100.867708597457,5.503899773816963],[100.867708597457,5.503506075562421],[100.86719038906644,5.503506075562421],[100.86719038906644,5.503899773816963],[100.867708597457,5.503899773816963]]],[[[100.87081784780037,5.505474569372858],[100.87029963940981,5.505474569372858],[100.87029963940981,5.505868268896356],[100.87081784780037,5.505868268896356],[100.87081784780037,5.505474569372858]]],[[[100.87081784780037,5.509411576033171],[100.87029963940981,5.509411576033171],[100.87029963940981,5.509017874224384],[100.86978143101923,5.509017874224384],[100.86978143101923,5.509805278095975],[100.87029963940981,5.509805278095975],[100.87029963940981,5.51019898041281],[100.87081784780037,5.51019898041281],[100.87081784780037,5.509411576033171]]],[[[100.8687450142381,5.509411576033171],[100.8687450142381,5.51019898041281],[100.86822680584757,5.51019898041281],[100.86822680584757,5.510592682983697],[100.86926322262867,5.510592682983697],[100.86926322262867,5.509411576033171],[100.8687450142381,5.509411576033171]]],[[[100.87910918204932,5.513742312698875],[100.87910918204932,5.513348608094908],[100.87859097365876,5.513348608094908],[100.87859097365876,5.513742312698875],[100.87910918204932,5.513742312698875]]],[[[100.87133605619091,5.514136017557063],[100.87133605619091,5.511773792220852],[100.86978143101923,5.511773792220852],[100.86978143101923,5.511380088887699],[100.87081784780037,5.510986385808654],[100.87029963940981,5.51019898041281],[100.86926322262867,5.510592682983697],[100.86926322262867,5.511773792220852],[100.8687450142381,5.511773792220852],[100.8687450142381,5.510986385808654],[100.86822680584757,5.510986385808654],[100.86822680584757,5.510592682983697],[100.86615397228532,5.510592682983697],[100.86615397228532,5.51019898041281],[100.8651175555042,5.509805278095975],[100.8651175555042,5.510986385808654],[100.86563576389476,5.510986385808654],[100.86563576389476,5.511380088887699],[100.86615397228532,5.511380088887699],[100.86615397228532,5.512167495808132],[100.86667218067586,5.512167495808132],[100.86667218067586,5.513742312698875],[100.86615397228532,5.513742312698875],[100.86615397228532,5.513348608094908],[100.8651175555042,5.513742312698875],[100.8651175555042,5.514923428036167],[100.86563576389476,5.514923428036167],[100.8651175555042,5.515710839532371],[100.86667218067586,5.516498252045822],[100.86667218067586,5.5168919586840595],[100.86615397228532,5.5168919586840595],[100.86667218067586,5.517679372723661],[100.867708597457,5.517285665576669],[100.867708597457,5.517679372723661],[100.87029963940981,5.51807308012506],[100.87029963940981,5.517285665576669],[100.87081784780037,5.517285665576669],[100.87081784780037,5.516498252045822],[100.87029963940981,5.516498252045822],[100.87029963940981,5.51610454566193],[100.87081784780037,5.51610454566193],[100.87081784780037,5.514136017557063],[100.87133605619091,5.514136017557063]],[[100.86926322262867,5.51610454566193],[100.86978143101923,5.51610454566193],[100.86978143101923,5.517285665576669],[100.8687450142381,5.517285665576669],[100.8687450142381,5.5168919586840595],[100.86926322262867,5.5168919586840595],[100.86926322262867,5.51610454566193]],[[100.8687450142381,5.51610454566193],[100.8687450142381,5.516498252045822],[100.867708597457,5.516498252045822],[100.867708597457,5.515710839532371],[100.8687450142381,5.51610454566193]],[[100.86719038906644,5.515710839532371],[100.86719038906644,5.515317133657122],[100.867708597457,5.515317133657122],[100.867708597457,5.515710839532371],[100.86719038906644,5.515710839532371]],[[100.86667218067586,5.514136017557063],[100.86719038906644,5.514136017557063],[100.86719038906644,5.5145297226694865],[100.86667218067586,5.5145297226694865],[100.86667218067586,5.514136017557063]],[[100.8687450142381,5.514136017557063],[100.8687450142381,5.5145297226694865],[100.86822680584757,5.5145297226694865],[100.86822680584757,5.514136017557063],[100.8687450142381,5.514136017557063]],[[100.867708597457,5.514136017557063],[100.867708597457,5.513742312698875],[100.86822680584757,5.513742312698875],[100.86822680584757,5.514136017557063],[100.867708597457,5.514136017557063]],[[100.86926322262867,5.513348608094908],[100.86978143101923,5.513348608094908],[100.86978143101923,5.513742312698875],[100.86926322262867,5.513742312698875],[100.86926322262867,5.513348608094908]],[[100.86719038906644,5.5129549037451415],[100.867708597457,5.5129549037451415],[100.867708597457,5.513348608094908],[100.86719038906644,5.513348608094908],[100.86719038906644,5.5129549037451415]],[[100.867708597457,5.511773792220852],[100.86822680584757,5.511773792220852],[100.86822680584757,5.512167495808132],[100.867708597457,5.512167495808132],[100.867708597457,5.511773792220852]],[[100.86719038906644,5.510986385808654],[100.867708597457,5.510986385808654],[100.867708597457,5.511380088887699],[100.86719038906644,5.511380088887699],[100.86719038906644,5.510986385808654]]],[[[100.92833897915258,5.514136017557063],[100.92885718754316,5.514136017557063],[100.92885718754316,5.514616777538976],[100.92956309999998,5.513307294042369],[100.92946950198088,5.5129549037451415],[100.92833897915258,5.514136017557063]]],[[[100.92833897915258,5.51505799370537],[100.92849702649227,5.514923428036167],[100.92833897915258,5.514923428036167],[100.92833897915258,5.51505799370537]]],[[[100.89310080859448,5.515710839532371],[100.89310080859448,5.515317133657122],[100.89258260020391,5.515317133657122],[100.89258260020391,5.515710839532371],[100.89310080859448,5.515710839532371]]],[[[100.86667218067586,5.517679372723661],[100.86615397228532,5.517679372723661],[100.86615397228532,5.51807308012506],[100.86667218067586,5.51807308012506],[100.86667218067586,5.517679372723661]]],[[[100.86563576389476,5.51846678778088],[100.86615397228532,5.51846678778088],[100.86615397228532,5.51807308012506],[100.86563576389476,5.51807308012506],[100.86563576389476,5.51846678778088]]],[[[100.92989360432428,5.520829039059746],[100.92989360432428,5.521010272854335],[100.93013781183416,5.520829039059746],[100.92989360432428,5.520829039059746]]],[[[100.91538376938858,5.5212227484970535],[100.91486556099802,5.5212227484970535],[100.91486556099802,5.521616458188932],[100.91538376938858,5.521616458188932],[100.91538376938858,5.5212227484970535]]],[[[100.92937539593372,5.5212227484970535],[100.92937539593372,5.5213948511856525],[100.9296072993834,5.5212227484970535],[100.92937539593372,5.5212227484970535]]],[[[100.91020168548297,5.5212227484970535],[100.90968347709241,5.5212227484970535],[100.90968347709241,5.521994576653198],[100.91020168548297,5.521921440445325],[100.91020168548297,5.5212227484970535]]],[[[100.91279272743577,5.521616458188932],[100.91250278204829,5.521616458188932],[100.91279272743577,5.5217548411913455],[100.91279272743577,5.521616458188932]]],[[[100.91227451904521,5.521616458188932],[100.91227451904521,5.521628895701701],[100.91236264539482,5.521616458188932],[100.91227451904521,5.521616458188932]]],[[[100.90916526870186,5.5220101681354015],[100.90916526870186,5.521616458188932],[100.90864706031128,5.521616458188932],[100.90864706031128,5.5220101681354015],[100.90916526870186,5.5220101681354015]]],[[[100.92004764490362,5.521616458188932],[100.92000310236214,5.521616458188932],[100.92004764490362,5.522117082610386],[100.92004764490362,5.521616458188932]]],[[[100.91538376938858,5.522063839866822],[100.91486556099802,5.5220101681354015],[100.91486556099802,5.522076835887896],[100.91538376938858,5.522063839866822]]],[[[100.920534466062,5.522403878336483],[100.92054959999999,5.522412794033176],[100.92055058701564,5.522403878336483],[100.920534466062,5.522403878336483]]],[[[100.92419331202811,5.52358005814412],[100.92416220633295,5.5235850104675634],[100.92419331202811,5.5235850104675634],[100.92419331202811,5.52358005814412]]],[[[100.90398318479625,5.523191299502543],[100.90346497640567,5.523191299502543],[100.90346497640567,5.5235850104675634],[100.90398318479625,5.5235850104675634],[100.90398318479625,5.523191299502543]]],[[[100.90864706031128,5.523978721687269],[100.90864706031128,5.5235850104675634],[100.90812885192074,5.5235850104675634],[100.90812885192074,5.523978721687269],[100.90864706031128,5.523978721687269]]],[[[100.92315689524699,5.5238362710319855],[100.92279665197712,5.523978721687269],[100.92315689524699,5.523978721687269],[100.92315689524699,5.5238362710319855]]],[[[100.92833897915258,5.5235850104675634],[100.92833897915258,5.523711909187927],[100.92837715412094,5.5235850104675634],[100.92833897915258,5.5235850104675634]]],[[[100.9070924351396,5.523978721687269],[100.9070924351396,5.5235850104675634],[100.90657422674904,5.5235850104675634],[100.90657422674904,5.523978721687269],[100.9070924351396,5.523978721687269]]],[[[100.92263868685643,5.524372433161675],[100.92263868685643,5.5241257567789],[100.92241314614056,5.524372433161675],[100.92263868685643,5.524372433161675]]],[[[100.90761064353018,5.524372433161675],[100.90761064353018,5.523978721687269],[100.9070924351396,5.523978721687269],[100.9070924351396,5.524372433161675],[100.90761064353018,5.524372433161675]]],[[[100.9070924351396,5.52515985687467],[100.90812885192074,5.52515985687467],[100.90812885192074,5.524766144890801],[100.90657422674904,5.524766144890801],[100.90605601835848,5.525553569113294],[100.9070924351396,5.525553569113294],[100.9070924351396,5.52515985687467]]],[[[100.92212047846587,5.525553569113294],[100.92193325601104,5.525553569113294],[100.92212047846587,5.526083418218381],[100.92212047846587,5.525553569113294]]],[[[100.92782077076204,5.526734707357907],[100.9278238,5.526545594029016],[100.92782077076204,5.525947281606697],[100.92782077076204,5.526734707357907]]],[[[100.90605601835848,5.526340994354895],[100.90605601835848,5.526701946546655],[100.90646033444874,5.526340994354895],[100.90605601835848,5.526340994354895]]],[[[100.92263868685643,5.526340994354895],[100.9223738839271,5.526340994354895],[100.92247009999998,5.526438794029147],[100.92263868685643,5.526340994354895]]],[[[100.90501960157737,5.527915847896014],[100.90501960157737,5.527522134128447],[100.90553780996792,5.527522134128447],[100.90553780996792,5.526340994354895],[100.9045013931868,5.526734707357907],[100.9045013931868,5.527915847896014],[100.90501960157737,5.527915847896014]]],[[[100.90398318479625,5.527128420615751],[100.90346497640567,5.527128420615751],[100.90346497640567,5.527522134128447],[100.90398318479625,5.527522134128447],[100.90398318479625,5.527128420615751]]],[[[100.90294676801511,5.527915847896014],[100.901910351234,5.527915847896014],[100.901910351234,5.5283095619184675],[100.90294676801511,5.5283095619184675],[100.90294676801511,5.527915847896014]]],[[[100.90398318479625,5.52949070551535],[100.90398318479625,5.529096990728118],[100.9045013931868,5.529096990728118],[100.9045013931868,5.5283095619184675],[100.90294676801511,5.5283095619184675],[100.90294676801511,5.528703276195831],[100.90242855962457,5.528703276195831],[100.90242855962457,5.52949070551535],[100.90398318479625,5.52949070551535]]],[[[100.87910918204932,5.53342786741371],[100.87859097365876,5.53342786741371],[100.87859097365876,5.534215302854575],[100.87910918204932,5.534215302854575],[100.87910918204932,5.53342786741371]]],[[[100.89621005893783,5.534609020957777],[100.89517364215672,5.534609020957777],[100.89517364215672,5.535396457929816],[100.89569185054728,5.535396457929816],[100.89621005893783,5.534609020957777]]],[[[100.8796273904399,5.535790176798691],[100.8796273904399,5.535396457929816],[100.87910918204932,5.535396457929816],[100.87910918204932,5.535790176798691],[100.8796273904399,5.535790176798691]]],[[[100.88377305756437,5.535790176798691],[100.88325484917382,5.535790176798691],[100.88325484917382,5.536183895922823],[100.88377305756437,5.536183895922823],[100.88377305756437,5.535790176798691]]],[[[100.8796273904399,5.539333658107517],[100.87910918204932,5.539333658107517],[100.87910918204932,5.539727379529833],[100.8796273904399,5.539727379529833],[100.8796273904399,5.539333658107517]]],[[[100.88118201561156,5.542089713428776],[100.88118201561156,5.5413022677737604],[100.88066380722103,5.5413022677737604],[100.88066380722103,5.542089713428776],[100.88118201561156,5.542089713428776]]],[[[100.87444530653428,5.541782195271561],[100.87392709814371,5.541855312262766],[100.87392709814371,5.542483436639615],[100.87444530653428,5.542483436639615],[100.87444530653428,5.541782195271561]]],[[[100.88066380722103,5.542089713428776],[100.8796273904399,5.542089713428776],[100.8796273904399,5.542877160106028],[100.88014559883045,5.542877160106028],[100.88066380722103,5.542089713428776]]],[[[100.8796273904399,5.547601861644783],[100.8796273904399,5.547208135109991],[100.87910918204932,5.547376386743289],[100.87910918204932,5.547601861644783],[100.8796273904399,5.547601861644783]]],[[[100.86667218067586,5.547208135109991],[100.86667218067586,5.547475131261204],[100.86685261795702,5.547208135109991],[100.86667218067586,5.547208135109991]]],[[[100.87237247297205,5.557092386279803],[100.87185426458147,5.5570513752682755],[100.87185426458147,5.557108158268014],[100.87237247297205,5.557092386279803]]]]},"properties":{"place_id":"32c0ca60-ea03-5bea-8495-ccaa4a2adf29","habitat":"open_grassland","habitat_label":"Open grassland or shrubland","resolution_m":50}},{"type":"Feature","geometry":{"type":"MultiPolygon","coordinates":[[[[100.78272242140505,5.314166283637935],[100.78272242140505,5.313799987540875],[100.78261426682607,5.313772705529711],[100.78229249999997,5.314071294243721],[100.78272242140505,5.314166283637935]]],[[[100.77702212910887,5.338962198748478],[100.77650392071834,5.338175011860552],[100.77546750393721,5.338175011860552],[100.77521240479007,5.337781418785497],[100.77494929554663,5.339749386620281],[100.77546750393721,5.339749386620281],[100.77546750393721,5.340142980925186],[100.77598571232777,5.340142980925186],[100.77598571232777,5.339749386620281],[100.77650392071834,5.339749386620281],[100.77650392071834,5.338962198748478],[100.77702212910887,5.338962198748478]]],[[[100.76043946061094,5.398791291925048],[100.75992125222038,5.399053038755081],[100.76079619999999,5.399436294157261],[100.76043946061094,5.398791291925048]]],[[[100.77805854589,5.410600342718122],[100.7772231,5.409866494146691],[100.77765229999999,5.41036849414621],[100.77805854589,5.410600342718122]]],[[[100.77686899999999,5.410443294146097],[100.77702212910887,5.410993981606682],[100.77754033749945,5.410993981606682],[100.77686899999999,5.410443294146097]]],[[[100.76976721164102,5.412962179790357],[100.76873079485992,5.413355820175398],[100.76924900325048,5.414143101693936],[100.7702854200316,5.41374946080992],[100.76976721164102,5.412962179790357]]],[[[100.84957130378737,5.520435329876993],[100.84957130378737,5.520041620948776],[100.84905309539681,5.520041620948776],[100.84853488700627,5.520829039059746],[100.84957130378737,5.5212227484970535],[100.84957130378737,5.520829039059746],[100.85008951217793,5.520829039059746],[100.85008951217793,5.520435329876993],[100.84957130378737,5.520435329876993]]],[[[100.84905309539681,5.524372433161675],[100.84905309539681,5.523978721687269],[100.84853488700627,5.523978721687269],[100.84801667861569,5.524766144890801],[100.84905309539681,5.52515985687467],[100.84905309539681,5.524766144890801],[100.84957130378737,5.524766144890801],[100.84957130378737,5.524372433161675],[100.84905309539681,5.524372433161675]]],[[[100.82987938494608,5.565101980364644],[100.82991239999998,5.564999293990387],[100.82987938494608,5.564789977065212],[100.82987938494608,5.565101980364644]]],[[[100.83195221850832,5.5649260827005325],[100.83143401011775,5.5649260827005325],[100.83143401011775,5.564578282104777],[100.8312213,5.564860493990486],[100.83195221850832,5.565280145472402],[100.83195221850832,5.5649260827005325]]],[[[100.83402505207056,5.572396272060942],[100.83399414033019,5.572407149843281],[100.83402505207056,5.572407149843281],[100.83402505207056,5.572396272060942]]],[[[100.83326543791213,5.572800892788016],[100.83350684368,5.572578628628727],[100.8332276,5.572676893982648],[100.83326543791213,5.572800892788016]]],[[[100.92937539593372,5.513348608094908],[100.92937539593372,5.513644279552826],[100.92954008768254,5.513348608094908],[100.92937539593372,5.513348608094908]]],[[[100.92885718754316,5.514136017557063],[100.92885718754316,5.514616777538976],[100.92910913220017,5.514136017557063],[100.92885718754316,5.514136017557063]]],[[[100.92833897915258,5.514923428036167],[100.92833897915258,5.51505799370537],[100.92849702649227,5.514923428036167],[100.92833897915258,5.514923428036167]]],[[[100.92989360432428,5.520829039059746],[100.92989360432428,5.521010272854335],[100.93013781183416,5.520829039059746],[100.92989360432428,5.520829039059746]]],[[[100.8635629303325,5.5235850104675634],[100.8635629303325,5.523191299502543],[100.86304472194196,5.523191299502543],[100.86252651355139,5.523978721687269],[100.8635629303325,5.524372433161675],[100.8635629303325,5.523978721687269],[100.86408113872307,5.523978721687269],[100.86408113872307,5.5235850104675634],[100.8635629303325,5.5235850104675634]]],[[[100.92833897915258,5.5235850104675634],[100.92833897915258,5.523711909187927],[100.92837715412094,5.5235850104675634],[100.92833897915258,5.5235850104675634]]],[[[100.85527159608354,5.523978721687269],[100.85423517930242,5.524372433161675],[100.85475338769298,5.52515985687467],[100.85578980447411,5.524766144890801],[100.85527159608354,5.523978721687269]]],[[[100.92782077076204,5.525553569113294],[100.92790339331346,5.52515985687467],[100.92782077076204,5.52515985687467],[100.92782077076204,5.525553569113294]]],[[[100.92789568367976,5.526734707357907],[100.92782077076204,5.527128420615751],[100.9280453375638,5.527128420615751],[100.92789568367976,5.526734707357907]]],[[[100.85423517930242,5.530278135854724],[100.85378955012013,5.530278135854724],[100.85412739999998,5.531094794024442],[100.85475338769298,5.531065567214098],[100.85423517930242,5.530278135854724]]]]},"properties":{"place_id":"32c0ca60-ea03-5bea-8495-ccaa4a2adf29","habitat":"disturbed_built_edge","habitat_label":"Disturbed, bare or built edge","resolution_m":50}},{"type":"Feature","geometry":{"type":"MultiPolygon","coordinates":[[[[100.73616595233561,5.395642249550586],[100.7362243,5.395761894160975],[100.73641394893235,5.395642249550586],[100.73616595233561,5.395642249550586]]],[[[100.8687450142381,5.514136017557063],[100.86822680584757,5.514136017557063],[100.86822680584757,5.5145297226694865],[100.8687450142381,5.5145297226694865],[100.8687450142381,5.514136017557063]]]]},"properties":{"place_id":"32c0ca60-ea03-5bea-8495-ccaa4a2adf29","habitat":"cropland","habitat_label":"Cropland","resolution_m":50}},{"type":"Feature","geometry":{"type":"Polygon","coordinates":[[[100.78272242140505,5.31455986199096],[100.78308180637093,5.314166283637935],[100.78264649999998,5.313742794244037],[100.78229249999997,5.314071294243721],[100.78272242140505,5.31455986199096]]]},"properties":{"place_id":"32c0ca60-ea03-5bea-8495-ccaa4a2adf29","habitat":"water_edge","habitat_label":"Water edge","resolution_m":50}}]}