{"type":"FeatureCollection","metadata":{"schema_version":1,"place_id":"3761d393-3955-55f4-ae7b-ee16134e5c52","place_name":"Tabin Wildlife Reserve","place_type":"park","osm_reference":"way/1416922025","protection_context":"mapped protected boundary","resolution_m":50,"raster_coverage":1.0,"interpretation":"Suggested search habitats, not predicted plant locations or probabilities of presence."},"features":[{"type":"Feature","geometry":{"type":"MultiPolygon","coordinates":[[[[118.63603789300025,5.083922611825092],[118.63571048707705,5.0839642889168415],[118.63603789300025,5.0839642889168415],[118.63603789300025,5.083922611825092]]],[[[118.48886671008103,5.128030838217],[118.48884808334059,5.128030838217],[118.48886671008103,5.128078299435572],[118.48886671008103,5.128030838217]]],[[[118.48990312686213,5.133932832470843],[118.4898582,5.134281894426712],[118.48990312686213,5.134718817466941],[118.48990312686213,5.133932832470843]]],[[[118.49353058559606,5.141408768197506],[118.4930123772055,5.141408768197506],[118.4930123772055,5.141466449718292],[118.49353058559606,5.141802240864488],[118.49353058559606,5.141408768197506]]],[[[118.49404879398661,5.183118191632664],[118.49403150047256,5.183118191632664],[118.49404879398661,5.183224131855371],[118.49404879398661,5.183118191632664]]],[[[118.49508521076774,5.1858726816567335],[118.49475178963907,5.185479182365734],[118.49492199090932,5.1858726816567335],[118.49508521076774,5.1858726816567335]]],[[[118.7510801557047,5.341323765316128],[118.75056194731414,5.341323765316128],[118.75056194731414,5.341717360605247],[118.75159836409527,5.341717360605247],[118.75159836409527,5.3421109561404645],[118.75263478087638,5.3421109561404645],[118.75263478087638,5.342504551921803],[118.75315298926694,5.342504551921803],[118.75315298926694,5.344078937508707],[118.75263478087638,5.344078937508707],[118.75263478087638,5.3448661317793515],[118.75211657248583,5.3448661317793515],[118.75211657248583,5.345259729284038],[118.75263478087638,5.345259729284038],[118.75418940604807,5.346834121765638],[118.75574403121975,5.346834121765638],[118.75626223961031,5.347621319484411],[118.75781686478199,5.347621319484411],[118.75885328156312,5.348802117910455],[118.75988969834422,5.348802117910455],[118.75988969834422,5.348408518188697],[118.76040790673478,5.348408518188697],[118.76040790673478,5.348014918713357],[118.75988969834422,5.348014918713357],[118.76040790673478,5.347227720501845],[118.76196253190649,5.347227720501845],[118.76196253190649,5.347621319484411],[118.7629989486876,5.348014918713357],[118.7629989486876,5.351557322863943],[118.7655899906404,5.3523445264980225],[118.7655899906404,5.353525333798694],[118.76403536546873,5.3543125398990625],[118.76403536546873,5.3550997469862045],[118.76351715707816,5.3550997469862045],[118.76351715707816,5.355493350899862],[118.76092611512536,5.35588695506027],[118.76092611512536,5.3570677690221755],[118.76040790673478,5.3570677690221755],[118.76040790673478,5.357854979564199],[118.76092611512536,5.357854979564199],[118.76092611512536,5.361397439225066],[118.76144432351592,5.361397439225066],[118.76130923609328,5.362578263557855],[118.76144432351592,5.362971872162925],[118.76196253190649,5.362971872162925],[118.76144432351592,5.363759090114393],[118.76248074029704,5.364152699460828],[118.76351715707816,5.366907971807322],[118.76455357385929,5.367398731078801],[118.76836539999998,5.36762149418943],[118.77388132488937,5.366907971807322],[118.77388132488937,5.366514360730393],[118.77491774167049,5.366120749900735],[118.77491774167049,5.366514360730393],[118.77595415845161,5.366907971807322],[118.77543595006105,5.367663906105088],[118.77647236684219,5.36853847754891],[118.77647236684219,5.368088806521906],[118.77750878362329,5.367695194703061],[118.77750878362329,5.368088806521906],[118.77854520040442,5.368482418588099],[118.77802699201386,5.369115573996168],[118.77875090000002,5.369202394187821],[118.78432990000002,5.374094594182879],[118.78681900000001,5.374051894182944],[118.78787295143451,5.373554287535919],[118.78787295143451,5.373205782681922],[118.7889004,5.373069194183921],[118.79150041016845,5.3735993979652665],[118.79253682694956,5.374639589887671],[118.79305503534012,5.3739930134962135],[118.79357324373069,5.3739930134962135],[118.79357324373069,5.374386629274783],[118.79409145212125,5.374386629274783],[118.79409145212125,5.374780245300992],[118.79357324373069,5.374780245300992],[118.79357324373069,5.375961094865648],[118.79409145212125,5.375961094865648],[118.79409145212125,5.3767483291472935],[118.7946096605118,5.3767483291472935],[118.7946096605118,5.37911003793887],[118.79512786890236,5.37911003793887],[118.79512786890236,5.379503656938213],[118.79471139853189,5.379503656938213],[118.7972007024646,5.384227104270408],[118.79823711924573,5.384118279057921],[118.7987553276363,5.383439860568197],[118.8023827863702,5.383439860568197],[118.8023827863702,5.383046239089201],[118.80341920315134,5.383046239089201],[118.80341920315134,5.3826526178582546],[118.80393741154191,5.3826526178582546],[118.80393741154191,5.381865376140435],[118.80445561993244,5.381865376140435],[118.80393741154191,5.381078135414586],[118.80445561993244,5.381078135414586],[118.80445561993244,5.380684515423606],[118.80497382832301,5.380684515423606],[118.80497382832301,5.381078135414586],[118.80549203671357,5.381078135414586],[118.80549203671357,5.380684515423606],[118.80642077116649,5.380684515423606],[118.8065284534947,5.379897276185439],[118.8079548,5.379093594177817],[118.80808307866639,5.378322800683758],[118.80917805021276,5.377141946659735],[118.80935914204574,5.375567478096405],[118.80860128705694,5.374386629274783],[118.80911949544749,5.374386629274783],[118.80911949544749,5.3739930134962135],[118.81015591222862,5.3739930134962135],[118.81015591222862,5.3735993979652665],[118.81119232900976,5.373205782681922],[118.81119232900976,5.37163132402421],[118.81171053740029,5.37163132402421],[118.81222874579086,5.370056869326664],[118.813265162572,5.369663256270913],[118.813265162572,5.370056869326664],[118.81481978774366,5.370056869326664],[118.81481978774366,5.370450482629849],[118.81533799613423,5.370450482629849],[118.81533799613423,5.369269643462582],[118.81481978774366,5.369269643462582],[118.81533799613423,5.368482418588099],[118.81481978774366,5.368482418588099],[118.81481978774366,5.368088806521906],[118.81533799613423,5.368088806521906],[118.8168926213059,5.366514360730393],[118.81896545486813,5.366514360730393],[118.81948366325871,5.365727139318327],[118.82155649682095,5.3653082060503],[118.82155649682095,5.364939918895188],[118.8210382884304,5.364939918895188],[118.82155649682095,5.362971872162925],[118.8220747052115,5.362971872162925],[118.8220747052115,5.362578263557855],[118.82362933038318,5.362697431168166],[118.82414753877374,5.36224131275096],[118.82362933038318,5.362184655199864],[118.82362933038318,5.361791047088944],[118.82414753877374,5.361791047088944],[118.82414753877374,5.361397439225066],[118.82466574716432,5.361397439225066],[118.82622037233598,5.359823010239651],[118.82673858072656,5.359823010239651],[118.82673858072656,5.360216617115528],[118.82725678911711,5.360216617115528],[118.82725678911711,5.359823010239651],[118.82777499750769,5.359823010239651],[118.82777499750769,5.360216617115528],[118.8288114142888,5.360216617115528],[118.8288114142888,5.359823010239651],[118.82932962267935,5.359823010239651],[118.83004647441788,5.3606102242383775],[118.83254620896034,5.359429403610729],[118.83243887302272,5.358642191093669],[118.8329570814133,5.358642191093669],[118.8329570814133,5.358248585205496],[118.8339934981944,5.358248585205496],[118.8339934981944,5.357461374169769],[118.83451170658496,5.357461374169769],[118.83451170658496,5.3570677690221755],[118.83502991497554,5.3570677690221755],[118.83502991497554,5.357461374169769],[118.83606633175664,5.357461374169769],[118.83606633175664,5.356674164121409],[118.8365845401472,5.356674164121409],[118.8365845401472,5.356280559467446],[118.83710274853777,5.356280559467446],[118.83710274853777,5.356674164121409],[118.83865737370944,5.356674164121409],[118.83865737370944,5.356280559467446],[118.83969379049057,5.356674164121409],[118.83969379049057,5.35588695506027],[118.83917558210001,5.35588695506027],[118.83917558210001,5.355493350899862],[118.83969379049057,5.355493350899862],[118.83969379049057,5.3550997469862045],[118.84124841566225,5.3550997469862045],[118.84124841566225,5.355493350899862],[118.84176662405281,5.355493350899862],[118.84176662405281,5.3550997469862045],[118.84228483244338,5.3550997469862045],[118.84228483244338,5.3543125398990625],[118.84176662405281,5.3543125398990625],[118.84176662405281,5.353918936725543],[118.84228483244338,5.353918936725543],[118.84228483244338,5.353525333798694],[118.84383945761505,5.353525333798694],[118.84435766600562,5.352738128684953],[118.84487587439618,5.352738128684953],[118.84487587439618,5.353131731118505],[118.8459122911773,5.353131731118505],[118.8459122911773,5.353525333798694],[118.84746691634899,5.352738128684953],[118.84746691634899,5.353131731118505],[118.84798512473954,5.353131731118505],[118.84746691634899,5.353918936725543],[118.8485033331301,5.353918936725543],[118.84902154152066,5.353131731118505],[118.85057616669233,5.353131731118505],[118.85057616669233,5.352738128684953],[118.85524004220738,5.352738128684953],[118.85524004220738,5.3523445264980225],[118.85627645898852,5.3523445264980225],[118.85627645898852,5.35195092455769],[118.85679466737908,5.35195092455769],[118.85679466737908,5.351163721416759],[118.85731287576962,5.351163721416759],[118.85783108416018,5.348802117910455],[118.85886750094132,5.348408518188697],[118.85886750094132,5.347227720501845],[118.85938570933187,5.347227720501845],[118.85938570933187,5.346834121765638],[118.85990391772242,5.346834121765638],[118.85990391772242,5.34604692503223],[118.860422126113,5.34604692503223],[118.860422126113,5.3456533270349915],[118.85990391772242,5.3456533270349915],[118.85990391772242,5.344078937508707],[118.860422126113,5.344078937508707],[118.860422126113,5.343685340742709],[118.86145854289413,5.344078937508707],[118.86197675128469,5.34604692503223],[118.86404958484692,5.3448661317793515],[118.86404958484692,5.345259729284038],[118.86508600162803,5.3456533270349915],[118.86508600162803,5.34604692503223],[118.86456779323747,5.34604692503223],[118.86456779323747,5.346834121765638],[118.86508600162803,5.346834121765638],[118.86508600162803,5.347227720501845],[118.86612241840916,5.346834121765638],[118.86612241840916,5.3456533270349915],[118.86664062679974,5.3456533270349915],[118.86664062679974,5.345259729284038],[118.86767704358084,5.345259729284038],[118.86767704358084,5.3448661317793515],[118.86923166875253,5.3448661317793515],[118.86923166875253,5.344472534520915],[118.86974987714308,5.344472534520915],[118.86974987714308,5.3448661317793515],[118.87026808553364,5.3448661317793515],[118.87026808553364,5.346440523275773],[118.87078629392421,5.346440523275773],[118.87130450231477,5.347227720501845],[118.87234091909588,5.347227720501845],[118.87234091909588,5.347621319484411],[118.87441375265811,5.347621319484411],[118.87441375265811,5.347227720501845],[118.87493196104869,5.347227720501845],[118.87545016943925,5.348014918713357],[118.87493196104869,5.348014918713357],[118.87441375265811,5.348802117910455],[118.87337733587701,5.348802117910455],[118.87285912748645,5.349589318093288],[118.87078629392421,5.349982918554403],[118.87182271070532,5.351163721416759],[118.87130450231477,5.351163721416759],[118.87130450231477,5.351557322863943],[118.87026808553364,5.351557322863943],[118.87026808553364,5.351163721416759],[118.86974987714308,5.351163721416759],[118.86974987714308,5.35195092455769],[118.86923166875253,5.35195092455769],[118.86923166875253,5.3523445264980225],[118.86974987714308,5.3523445264980225],[118.86974987714308,5.353131731118505],[118.86923166875253,5.353131731118505],[118.86923166875253,5.353525333798694],[118.87026808553364,5.353918936725543],[118.87026808553364,5.3550997469862045],[118.86974987714308,5.3550997469862045],[118.86974987714308,5.355493350899862],[118.86923166875253,5.355493350899862],[118.86923166875253,5.356280559467446],[118.86871346036197,5.356280559467446],[118.86871346036197,5.356674164121409],[118.86923166875253,5.356674164121409],[118.86923166875253,5.3570677690221755],[118.86871346036197,5.3570677690221755],[118.86871346036197,5.358248585205496],[118.86923166875253,5.358248585205496],[118.86923166875253,5.358642191093669],[118.86871346036197,5.358642191093669],[118.86871346036197,5.35903579722874],[118.86923166875253,5.35903579722874],[118.86871346036197,5.359823010239651],[118.86612241840916,5.35903579722874],[118.86664062679974,5.358248585205496],[118.86456779323747,5.357461374169769],[118.86456779323747,5.356280559467446],[118.86404958484692,5.356280559467446],[118.86404958484692,5.35588695506027],[118.86301316806579,5.356280559467446],[118.86301316806579,5.3570677690221755],[118.86249495967523,5.3570677690221755],[118.86249495967523,5.357461374169769],[118.86145854289413,5.357461374169769],[118.86145854289413,5.358642191093669],[118.860422126113,5.35903579722874],[118.86094033450355,5.359823010239651],[118.860422126113,5.359823010239651],[118.860422126113,5.3606102242383775],[118.85990391772242,5.3606102242383775],[118.8606548,5.360656994196478],[118.86051761897016,5.362971872162925],[118.86094033450355,5.362971872162925],[118.86094033450355,5.363759090114393],[118.86145854289413,5.363759090114393],[118.86145854289413,5.364939918895188],[118.860422126113,5.36533352898315],[118.85979299886536,5.36454630905442],[118.85834929255076,5.365958497479168],[118.85938570933187,5.366514360730393],[118.85938570933187,5.366907971807322],[118.85990391772242,5.366907971807322],[118.85990391772242,5.367695194703061],[118.860422126113,5.367695194703061],[118.860422126113,5.368088806521906],[118.85938570933187,5.368482418588099],[118.85938570933187,5.369269643462582],[118.85990391772242,5.369269643462582],[118.85990391772242,5.369663256270913],[118.85886750094132,5.370056869326664],[118.85886750094132,5.369663256270913],[118.85834929255076,5.369663256270913],[118.85834929255076,5.369269643462582],[118.85886750094132,5.369269643462582],[118.85834929255076,5.368482418588099],[118.85783108416018,5.368482418588099],[118.85731287576962,5.369269643462582],[118.85679466737908,5.369269643462582],[118.85679466737908,5.368876030901649],[118.85524004220738,5.368876030901649],[118.85524004220738,5.369269643462582],[118.85420362542627,5.369767364839557],[118.85420362542627,5.370450482629849],[118.8536854170357,5.370450482629849],[118.8536854170357,5.37084409618049],[118.85316720864515,5.370635173486781],[118.85109437508291,5.372418552857971],[118.85161258347347,5.372418552857971],[118.85161258347347,5.373205782681922],[118.85213079186403,5.373205782681922],[118.85213079186403,5.3735993979652665],[118.85264900025457,5.3735993979652665],[118.85316720864515,5.372812167646165],[118.8536854170357,5.372812167646165],[118.85420362542627,5.3735993979652665],[118.85472183381684,5.3735993979652665],[118.85472183381684,5.373205782681922],[118.85575825059794,5.373205782681922],[118.85679466737908,5.374780245300992],[118.85834929255076,5.374780245300992],[118.85834929255076,5.3751738615748605],[118.85886750094132,5.3751738615748605],[118.85886750094132,5.374780245300992],[118.85938570933187,5.374780245300992],[118.85938570933187,5.3735993979652665],[118.860422126113,5.373205782681922],[118.85990391772242,5.37084409618049],[118.860422126113,5.37084409618049],[118.860422126113,5.370056869326664],[118.86094033450355,5.370056869326664],[118.86094033450355,5.369663256270913],[118.86404958484692,5.369663256270913],[118.86404958484692,5.369269643462582],[118.8656042100186,5.369269643462582],[118.8656042100186,5.369663256270913],[118.86612241840916,5.369663256270913],[118.86612241840916,5.37084409618049],[118.86715883519027,5.37084409618049],[118.86745555089148,5.371237709978604],[118.86871346036197,5.3703141108849035],[118.86923166875253,5.369269643462582],[118.86974987714308,5.369544921664451],[118.87285912748645,5.369093033145208],[118.87389554426758,5.368876030901649],[118.87389554426758,5.368482418588099],[118.87493196104869,5.368482418588099],[118.87493196104869,5.368876030901649],[118.87545016943925,5.368876030901649],[118.87545016943925,5.368088806521906],[118.87596837782982,5.368088806521906],[118.87596837782982,5.367695194703061],[118.87545016943925,5.367695194703061],[118.87545016943925,5.366907971807322],[118.87389554426758,5.367695194703061],[118.87389554426758,5.367301583131537],[118.87285912748645,5.367301583131537],[118.87285912748645,5.366907971807322],[118.87182271070532,5.366514360730393],[118.87182271070532,5.36533352898315],[118.87234091909588,5.36533352898315],[118.87234091909588,5.36454630905442],[118.87285912748645,5.36454630905442],[118.87285912748645,5.363365481015101],[118.87182271070532,5.362971872162925],[118.87182271070532,5.362578263557855],[118.87234091909588,5.362578263557855],[118.87182271070532,5.3606102242383775],[118.87234091909588,5.3606102242383775],[118.87234091909588,5.360216617115528],[118.87285912748645,5.360216617115528],[118.87337733587701,5.361003831608217],[118.87441375265811,5.3606102242383775],[118.87441375265811,5.359823010239651],[118.87389554426758,5.359823010239651],[118.87389554426758,5.35903579722874],[118.87337733587701,5.35903579722874],[118.87337733587701,5.357461374169769],[118.87389554426758,5.357461374169769],[118.87389554426758,5.3570677690221755],[118.87441375265811,5.3570677690221755],[118.87441375265811,5.356674164121409],[118.87493196104869,5.356674164121409],[118.87648658622038,5.3550997469862045],[118.87752300300149,5.3550997469862045],[118.87784305009694,5.355493350899862],[118.88166867012596,5.353555803783184],[118.88218687851653,5.352738128684953],[118.8827050869071,5.353030894776565],[118.88975139999998,5.349462194207824],[118.8924507998868,5.350376519262007],[118.89306925471831,5.349589318093288],[118.89358746310889,5.349589318093288],[118.89358746310889,5.349982918554403],[118.89462387988999,5.350376519262007],[118.89462387988999,5.350943362035083],[118.8998794,5.351470394205797],[118.90291521413897,5.350376519262007],[118.90291521413897,5.349589318093288],[118.9023970057484,5.349589318093288],[118.9023970057484,5.348802117910455],[118.90187879735784,5.348802117910455],[118.90187879735784,5.347738985992744],[118.90084238057673,5.347414674376219],[118.90032417218616,5.348014918713357],[118.8987695470145,5.348014918713357],[118.8987695470145,5.347621319484411],[118.89773313023336,5.347227720501845],[118.89773313023336,5.346834121765638],[118.8987695470145,5.346283954370737],[118.8971328,5.343907494213465],[118.8976478,5.339634594217787],[118.9008665,5.336558094220895],[118.90498804770121,5.337505103600927],[118.90498804770121,5.33620704894424],[118.90550625609177,5.33620704894424],[118.90550625609177,5.335813457098575],[118.90654267287287,5.33620704894424],[118.90654267287287,5.337781418785497],[118.907579089654,5.337781418785497],[118.90809729804458,5.338568605181539],[118.90913371482569,5.338568605181539],[118.90913371482569,5.338175011860552],[118.90965192321624,5.338175011860552],[118.90965192321624,5.338568605181539],[118.91068833999738,5.338568605181539],[118.91068833999738,5.338962198748478],[118.91276117355962,5.337781418785497],[118.91276117355962,5.33660064103575],[118.91224296516906,5.33660064103575],[118.91224296516906,5.335419865498728],[118.91276117355962,5.335419865498728],[118.91276117355962,5.335026274144685],[118.91327938195019,5.335026274144685],[118.91327938195019,5.335419865498728],[118.9143157987313,5.335419865498728],[118.9143157987313,5.335026274144685],[118.91483400712185,5.335026274144685],[118.91483400712185,5.335419865498728],[118.91587042390299,5.335419865498728],[118.91587042390299,5.335813457098575],[118.91638863229353,5.335813457098575],[118.91638863229353,5.336994233373114],[118.91742504907467,5.33738782595636],[118.91742504907467,5.338175011860552],[118.91690684068409,5.338175011860552],[118.91690684068409,5.338568605181539],[118.91535221551243,5.338568605181539],[118.91535221551243,5.338962198748478],[118.9143157987313,5.339355792561385],[118.9143157987313,5.340930170273092],[118.91379759034072,5.340930170273092],[118.91379759034072,5.341323765316128],[118.91276117355962,5.340930170273092],[118.91276117355962,5.3421109561404645],[118.91224296516906,5.3421109561404645],[118.91224296516906,5.342504551921803],[118.91379759034072,5.343291744222907],[118.91379759034072,5.344078937508707],[118.91327938195019,5.344078937508707],[118.91276117355962,5.3448661317793515],[118.91172475677848,5.3448661317793515],[118.91172475677848,5.345259729284038],[118.91120654838795,5.345259729284038],[118.91068833999738,5.344472534520915],[118.91017013160682,5.344472534520915],[118.91001896856643,5.3448661317793515],[118.91068833999738,5.346332589245562],[118.91120654838795,5.34604692503223],[118.91120654838795,5.346440523275773],[118.91224296516906,5.346440523275773],[118.91224296516906,5.346834121765638],[118.91276117355962,5.346834121765638],[118.91276117355962,5.346440523275773],[118.91379759034072,5.346440523275773],[118.91379759034072,5.346834121765638],[118.9143157987313,5.346834121765638],[118.9143157987313,5.347621319484411],[118.91379759034072,5.347621319484411],[118.91379759034072,5.348408518188697],[118.91327938195019,5.348408518188697],[118.91379759034072,5.349195717878645],[118.91276117355962,5.349589318093288],[118.91276117355962,5.350267038333632],[118.91477749263076,5.349982918554403],[118.9143157987313,5.349982918554403],[118.9143157987313,5.349589318093288],[118.91587042390299,5.348802117910455],[118.91587042390299,5.348014918713357],[118.91535221551243,5.348014918713357],[118.91587042390299,5.347227720501845],[118.91690684068409,5.347227720501845],[118.91690684068409,5.346834121765638],[118.91794325746523,5.346834121765638],[118.91794325746523,5.346440523275773],[118.92001609102746,5.346440523275773],[118.92053429941804,5.347227720501845],[118.92157071619914,5.346834121765638],[118.92157071619914,5.347227720501845],[118.92260713298027,5.347227720501845],[118.92260713298027,5.347621319484411],[118.92312534137083,5.347621319484411],[118.92312534137083,5.348408518188697],[118.92519817493307,5.348802117910455],[118.92519817493307,5.349195717878645],[118.92571638332365,5.349195717878645],[118.92571638332365,5.349589318093288],[118.92623459171419,5.349589318093288],[118.92623459171419,5.349982918554403],[118.92675280010475,5.349982918554403],[118.92675280010475,5.350376519262007],[118.92727100849531,5.350376519262007],[118.92727100849531,5.3507701202161195],[118.92934384205756,5.35195092455769],[118.92934384205756,5.3523445264980225],[118.92882563366699,5.352358078213129],[118.92951781486562,5.352738128684953],[118.9314166756198,5.35195092455769],[118.9314166756198,5.351163721416759],[118.93089846722926,5.351163721416759],[118.9314166756198,5.350376519262007],[118.93245309240092,5.3507701202161195],[118.93245309240092,5.351163721416759],[118.93193488401036,5.351163721416759],[118.93193488401036,5.35195092455769],[118.9340077175726,5.3507701202161195],[118.93452592596317,5.351557322863943],[118.9340077175726,5.351557322863943],[118.9329713007915,5.352738128684953],[118.93193488401036,5.352738128684953],[118.93193488401036,5.353131731118505],[118.9329713007915,5.353131731118505],[118.93348950918205,5.353918936725543],[118.93608055113486,5.353918936725543],[118.93608055113486,5.353525333798694],[118.93556234274429,5.353525333798694],[118.93608055113486,5.352738128684953],[118.93659875952541,5.352738128684953],[118.93711696791597,5.353525333798694],[118.94178084343102,5.353525333798694],[118.94178084343102,5.353867802052629],[118.94785879999999,5.353307694203926],[118.94910329999999,5.358584594198583],[118.95011476072405,5.359823010239651],[118.9506620682374,5.359823010239651],[118.95051585042783,5.356280559467446],[118.95007217768,5.356280559467446],[118.95007217768,5.3547061433192775],[118.9504508647347,5.3547061433192775],[118.95020716838542,5.348802117910455],[118.95007217768,5.349195717878645],[118.94903576089887,5.348802117910455],[118.94955396928943,5.348014918713357],[118.95007217768,5.348014918713357],[118.95019092196213,5.348408518188697],[118.9425372,5.163009994397389],[118.9215517,5.165061594395288],[118.9118099,5.166386494393952],[118.90254019999999,5.169121994391121],[118.9000511,5.168993694391285],[118.89824860000002,5.167284094393017],[118.89696119999999,5.165061594395288],[118.8944721,5.164420494395956],[118.8934421,5.160488294399939],[118.89254089999999,5.159590694400854],[118.8910067,5.160477494399945],[118.88766999999999,5.16400369439637],[118.88726230000002,5.165809494394536],[118.88862489999997,5.169912594390339],[118.8878871708127,5.170279233342935],[118.88840537920328,5.1709198762780195],[118.88892358759381,5.1709198762780195],[118.88840537920328,5.171706857455863],[118.88599629999997,5.170425494389812],[118.8818443,5.169795094390433],[118.88166867012596,5.170526386046193],[118.88116873053443,5.170526386046193],[118.87998820000001,5.1717718943884465],[118.879559,5.1738447943863255],[118.878293,5.174763694385382],[118.87763859999997,5.1747956943853435],[118.87648658622038,5.172696662856203],[118.87474179999997,5.172968594387204],[118.86930229999999,5.172370194387828],[118.8671243,5.171087994389112],[118.8656223,5.170949094389278],[118.86477469999997,5.170211794390036],[118.86255379999999,5.169656194390617],[118.8486707,5.1734814943866985],[118.84710429999998,5.173438694386727],[118.846128,5.173118194387077],[118.8446796,5.171237594388986],[118.8403129,5.163522894396863],[118.8324594,5.155658494404869],[118.83188010000002,5.153457194407113],[118.83207319999998,5.151426994409191],[118.83259248923814,5.15085217756822],[118.83211609999998,5.149824194410819],[118.8311076,5.149311294411344],[118.83005619999997,5.14950359441115],[118.82894039999996,5.150871394409738],[118.82864000000001,5.153157994407457],[118.82894039999996,5.15559429440494],[118.82997029999999,5.157645894402859],[118.8320088,5.1598470944006065],[118.83248090000001,5.161300294399126],[118.82653709999998,5.161556794398841],[118.82606499999997,5.160018094400402],[118.8208294,5.1600607944003904],[118.8082766,5.154974594405566],[118.8051867,5.156513294404001],[118.7996077,5.155487494405051],[118.7976551,5.156342294404185],[118.79460810000002,5.158457994402019],[118.79306309999998,5.15894949440154],[118.7913465,5.159120494401344],[118.789308,5.157731394402784],[118.78789180000001,5.157795494402705],[118.78570319999999,5.159077794401376],[118.78398649999998,5.158928194401544],[118.78351449999998,5.157624594402866],[118.78398649999998,5.156598794403907],[118.78327839999999,5.15420519440637],[118.78201239999997,5.152239094408371],[118.78123999999998,5.149674594410995],[118.77542489999999,5.1498027944108475],[118.7650823,5.154739494405822],[118.76220700000002,5.156513294404001],[118.76130579999999,5.1601462944003025],[118.7612629,5.163138194397262],[118.75821589999998,5.164976094395389],[118.75336639999999,5.1689082943913505],[118.7495899,5.173524294386664],[118.748002,5.17403709438615],[118.73804559999998,5.1728403943873715],[118.73302460000001,5.167027694393293],[118.72800349999997,5.168181694392084],[118.72654430000001,5.165189794395147],[118.72684469999997,5.16198419439842],[118.72396939999997,5.157197194403304],[118.72547149999997,5.153307694407287],[118.7220811,5.152837494407775],[118.71332639999999,5.157154394403372],[118.71100900000002,5.157410894403085],[118.70920649999998,5.156385094404132],[118.70748989999997,5.156726994403807],[118.70615950000001,5.15783829440267],[118.70457170000002,5.157154394403372],[118.7031126,5.155701194404857],[118.70131010000001,5.155701194404857],[118.70019430000002,5.1550600944054885],[118.69972219999998,5.150956894409676],[118.69646069999997,5.1495463944111135],[118.69304889999997,5.149524994411144],[118.69079589999997,5.151790294408809],[118.68652579999998,5.153457194407113],[118.68356459999998,5.153051194407532],[118.68022800000001,5.149663894411018],[118.67963789999999,5.148360194412338],[118.6799383,5.147056594413632],[118.75212190000002,5.100561994461157],[118.69252260757135,5.068226948208867],[118.68365100000001,5.06278399449979],[118.67699230000001,5.059414494503248],[118.67685460000001,5.0643050944982635],[118.6775262,5.065522094497001],[118.67804899999999,5.076893394485355],[118.67823260000002,5.089935194472029],[118.64945099999998,5.082215194479892],[118.64498277444594,5.082783975393196],[118.6458838524209,5.083177413000473],[118.64536564403033,5.0839642889168415],[118.6443292272492,5.083570850841682],[118.64484743563976,5.082801203297859],[118.63655610139081,5.083856646564996],[118.63707430978135,5.0839642889168415],[118.63655610139081,5.084751165769084],[118.63603789300025,5.084751165769084],[118.63551968460968,5.083988577091767],[118.63202529999998,5.084433394477631],[118.63253495280746,5.095767540050106],[118.63292864265688,5.095767540050106],[118.63292864265688,5.095374094947847],[118.63396505943801,5.095767540050106],[118.63344685104744,5.09655443095821],[118.63255264436958,5.096160985386885],[118.63308149999999,5.1079223944536105],[118.6336785,5.107991194453567],[118.63386219999997,5.1134788944479395],[118.5685615,5.095684194466152],[118.55705809999998,5.094926494466907],[118.5472745,5.080386694481772],[118.54638784143324,5.080816790865133],[118.54638784143324,5.081210227303029],[118.54535142465214,5.080816790865133],[118.54535142465214,5.081210227303029],[118.54483321626157,5.081210227303029],[118.54483321626157,5.080893987616254],[118.53706009040316,5.082509227844714],[118.53602367362203,5.0839642889168415],[118.53502461115353,5.0839642889168415],[118.53498725684092,5.08435772722597],[118.53446904845035,5.084428940203094],[118.53446904845035,5.085144604546205],[118.53395084005979,5.085144604546205],[118.53395084005979,5.085538043557349],[118.53343263166924,5.085295760225987],[118.53161519999998,5.086815794475212],[118.5311634,5.085880494476173],[118.5280624,5.088429494473576],[118.52194149999998,5.1015317944601435],[118.519019,5.116143994445248],[118.46053780000001,5.11807599444324],[118.45985590000001,5.123271494437961],[118.46212149999997,5.126721594434404],[118.46502912411522,5.126673897426338],[118.46451091572467,5.126456982054731],[118.46502912411522,5.125670055389465],[118.46606554089635,5.126063518604125],[118.46554733250578,5.126639489220622],[118.47528579999998,5.126422394434741],[118.47861169999997,5.124039494437165],[118.48190809999997,5.125188194435985],[118.4859797,5.125148094436032],[118.48596359999999,5.125733194435416],[118.487463,5.127103594434038],[118.48834850169045,5.12724390966386],[118.48834850169045,5.126850445741303],[118.48886671008103,5.126850445741303],[118.48886671008103,5.12724390966386],[118.48938491847156,5.12724390966386],[118.48886671008103,5.128030838217],[118.48938491847156,5.128030838217],[118.48938491847156,5.128424302847619],[118.48990312686213,5.128424302847619],[118.49042133525269,5.130391629541965],[118.49093954364326,5.130391629541965],[118.49093954364326,5.1311785618726296],[118.49050347883887,5.1311785618726296],[118.49100692585542,5.131572028392235],[118.4914577520338,5.131572028392235],[118.4914577520338,5.1311785618726296],[118.49249416881493,5.131572028392235],[118.49249416881493,5.131965495148045],[118.49197596042437,5.131965495148045],[118.49197596042437,5.1323589621400805],[118.49249416881493,5.1323589621400805],[118.49249416881493,5.133145896832901],[118.49197596042437,5.133145896832901],[118.49197596042437,5.133539364533722],[118.49042133525269,5.133342458960129],[118.49093954364326,5.133539364533722],[118.49093954364326,5.133932832470843],[118.49042133525269,5.133932832470843],[118.49042133525269,5.134719769054054],[118.49093954364326,5.134719769054054],[118.49093954364326,5.13550670658268],[118.49197596042437,5.135900175701573],[118.49197596042437,5.136687114648603],[118.4914577520338,5.136687114648603],[118.49156682717039,5.138260995380177],[118.49249416881493,5.138654466154325],[118.49249416881493,5.13944140841226],[118.4930123772055,5.13944140841226],[118.49227511922976,5.1402283516165],[118.4930123772055,5.1410152957671915],[118.49353058559606,5.1410152957671915],[118.49353058559606,5.141408768197506],[118.49404879398661,5.141408768197506],[118.49404879398661,5.141802240864488],[118.49456700237717,5.141802240864488],[118.49456700237717,5.1425891869085305],[118.49508521076774,5.1425891869085305],[118.49508521076774,5.143769607750075],[118.49456700237717,5.143769607750075],[118.49456700237717,5.14455655616164],[118.49508521076774,5.14455655616164],[118.49508521076774,5.1449500307226375],[118.49456700237717,5.1449500307226375],[118.49419000000002,5.146025394414733],[118.49462720000001,5.14702989441369],[118.49250819999997,5.148469794412238],[118.49369639999999,5.149153594411514],[118.49315200000001,5.150296994410342],[118.4943804,5.151961294408657],[118.49392709999996,5.158484694402009],[118.4957296,5.165112294395255],[118.49508849999997,5.166853994393457],[118.49657267611016,5.169345916778866],[118.4966398359394,5.168952427499081],[118.49715804432998,5.168952427499081],[118.49767625272054,5.169739406296635],[118.49715804432998,5.169739406296635],[118.49715804432998,5.170132896052403],[118.4966398359394,5.170078308090467],[118.49592540000002,5.170850294389364],[118.4943241,5.173906194386273],[118.49420374370891,5.1756417776336745],[118.49508521076774,5.175248284543943],[118.4956034191583,5.176035270961683],[118.49508521076774,5.176035270961683],[118.49508521076774,5.176428764527991],[118.49421294365352,5.176035270961683],[118.49390986206458,5.177609246656882],[118.49456700237717,5.1783962359346365],[118.493585302672,5.178789730931117],[118.49337460000001,5.179945894380106],[118.49351012444268,5.180363713301496],[118.49353058559606,5.1799702173511974],[118.49404879398661,5.1799702173511974],[118.49404879398661,5.180363713301496],[118.49456700237717,5.180363713301496],[118.49456700237717,5.181150705917618],[118.49508521076774,5.181150705917618],[118.49508521076774,5.183118191632664],[118.49415457313142,5.183511689491491],[118.4945102033045,5.184298685925111],[118.49456700237717,5.183905187588968],[118.4956034191583,5.184298685925111],[118.4956034191583,5.185085683313476],[118.49508521076774,5.185085683313476],[118.49508521076774,5.185479182365734],[118.49612162754887,5.1858726816567335],[118.4956034191583,5.186468315731282],[118.49640118516712,5.18705318096237],[118.49715804432998,5.186659680955033],[118.49715804432998,5.18705318096237],[118.49819446111111,5.187446681208523],[118.49819446111111,5.18784018169351],[118.49772745965662,5.18784018169351],[118.4980684,5.189132294370754],[118.49871266950166,5.1901436038652085],[118.49871266950166,5.189807687701605],[118.49923087789222,5.189807687701605],[118.49923087789222,5.190201189619983],[118.49974908628278,5.190201189619983],[118.49974908628278,5.1905946917773305],[118.49923087789222,5.1905946917773305],[118.4993774,5.191042194368793],[118.50130371145445,5.191381696808986],[118.50182191984501,5.192168702796721],[118.50130371145445,5.192168702796721],[118.50130371145445,5.192955709740681],[118.5004932,5.193985894365824],[118.5004502,5.198676494361004],[118.49916279999998,5.203099994356504],[118.49730955254118,5.237029629310534],[118.49767625272054,5.237029629310534],[118.49767625272054,5.237816691004283],[118.49726016549474,5.237816691004283],[118.49508050000001,5.278662394279661],[118.4941363,5.281482794276778],[118.49140579999998,5.282492394275738],[118.4911550598642,5.284255043740057],[118.49353058559606,5.284648603541035],[118.49353058559606,5.284255043740057],[118.49404879398661,5.284255043740057],[118.4956034191583,5.282680806969881],[118.49767625272054,5.282680806969881],[118.49767625272054,5.283074365797401],[118.49819446111111,5.283074365797401],[118.49819446111111,5.283861484182471],[118.49923087789222,5.284255043740057],[118.49923087789222,5.285042163585423],[118.49974908628278,5.285042163585423],[118.50026729467335,5.28661640619745],[118.50078550306391,5.28661640619745],[118.50078550306391,5.287797090713194],[118.50130371145445,5.287797090713194],[118.50130371145445,5.288977777420963],[118.50182191984501,5.288977777420963],[118.50234012823559,5.291732721599802],[118.50285833662615,5.291732721599802],[118.50285833662615,5.292519850701462],[118.50337654501672,5.292519850701462],[118.50337654501672,5.293306980778247],[118.50389475340727,5.293306980778247],[118.50389475340727,5.296061943728251],[118.50337654501672,5.296061943728251],[118.50234012823559,5.29724264579425],[118.50138666758997,5.29724264579425],[118.50078550306391,5.298423350056282],[118.49767625272054,5.298423350056282],[118.49715804432998,5.297636213637565],[118.49612162754887,5.297636213637565],[118.49612162754887,5.29724264579425],[118.49508521076774,5.29724264579425],[118.49482866441214,5.2968490781949376],[118.49249416881493,5.2968490781949376],[118.49249416881493,5.298423350056282],[118.4930123772055,5.298423350056282],[118.4930123772055,5.29881691863172],[118.49353058559606,5.29881691863172],[118.49353058559606,5.299210487451236],[118.49404879398661,5.299210487451236],[118.49404879398661,5.29960405651485],[118.49456700237717,5.29960405651485],[118.49456700237717,5.299997625822579],[118.49508521076774,5.299997625822579],[118.49508521076774,5.3003911953744405],[118.4956034191583,5.3003911953744405],[118.4956034191583,5.300784765170455],[118.49612162754887,5.300784765170455],[118.49612162754887,5.30117833521064],[118.4966398359394,5.30117833521064],[118.49819446111111,5.302752617813458],[118.49923087789222,5.302752617813458],[118.49923087789222,5.303146189074776],[118.49974908628278,5.303146189074776],[118.49974908628278,5.303539760580375],[118.50182191984501,5.304720476563052],[118.50182191984501,5.305507621773251],[118.50234012823559,5.305507621773251],[118.50234012823559,5.305901194744933],[118.50285833662615,5.305901194744933],[118.50285833662615,5.306294767961024],[118.50493117018839,5.3074754890759595],[118.50493117018839,5.3082626377083155],[118.50544937857896,5.3082626377083155],[118.50544937857896,5.310230513568687],[118.50596758696952,5.310230513568687],[118.50596758696952,5.311804818659956],[118.50700400375062,5.312198395544453],[118.50700400375062,5.311804818659956],[118.50804042053176,5.311804818659956],[118.50804042053176,5.31141124202015],[118.50907683731288,5.31141124202015],[118.50907683731288,5.311017665625014],[118.510113254094,5.311017665625014],[118.510113254094,5.310624089474534],[118.51166787926567,5.310624089474534],[118.51166787926567,5.310230513568687],[118.51218608765623,5.310230513568687],[118.51322250443737,5.311303702057823],[118.52106570000001,5.303954694253961],[118.53192329999997,5.313141994244648],[118.5356998,5.322329094235354],[118.53706009040316,5.323455104913423],[118.53757829879372,5.323218647729823],[118.53757829879372,5.323612231718401],[118.53809650718429,5.323612231718401],[118.5377253824482,5.324005815952223],[118.5466432,5.331387794226133],[118.55239390000001,5.324465594233164],[118.5651612,5.335308194222184],[118.56580489999999,5.335447094222007],[118.56656526840572,5.322431480488334],[118.56607976027455,5.322431480488334],[118.56607976027455,5.322037897235387],[118.5665882616702,5.322037897235387],[118.56771460000002,5.302758294255171],[118.5778856,5.309637994248185],[118.5777569,5.319722494238002],[118.58322725806505,5.325973740800688],[118.58369884555361,5.325973740800688],[118.5842605128209,5.32715449865391],[118.58515740149561,5.32715449865391],[118.58609551403046,5.325973740800688],[118.58577167911585,5.3255801553403534],[118.58628988750641,5.3255801553403534],[118.58732630428754,5.324424606697876],[118.58732630428754,5.323612231718401],[118.5882844432784,5.323218647729823],[118.5969186,5.312351394245453],[118.603785,5.317201394240522],[118.59929403225152,5.323218647729823],[118.599763305661,5.323218647729823],[118.599763305661,5.323612231718401],[118.59872688887987,5.323978542684224],[118.59518154197586,5.328728845894085],[118.59561763853652,5.328728845894085],[118.59561763853652,5.329122433317802],[118.59509943014596,5.329122433317802],[118.59458122175539,5.330696785467915],[118.59312529683801,5.33148396301638],[118.5916185,5.333502894224009],[118.59745499999998,5.3492912942080135],[118.60848419999998,5.35540139420182],[118.62363330000001,5.353606894203636],[118.63839620000002,5.338352694219083],[118.65406029999998,5.346855794210473],[118.65740769999996,5.366425094190647],[118.67596859999999,5.378474094178435],[118.68766299999997,5.359118794198045],[118.71753209999999,5.374500594182465],[118.7344408,5.358819694198359],[118.74516959999998,5.372663294184312],[118.75937148995368,5.363467901522971],[118.75988969834422,5.362578263557855],[118.76040790673478,5.362578263557855],[118.76040790673478,5.362184655199864],[118.75988969834422,5.362184655199864],[118.75988969834422,5.361397439225066],[118.75937148995368,5.361397439225066],[118.75937148995368,5.3606102242383775],[118.75885328156312,5.3606102242383775],[118.75885328156312,5.360216617115528],[118.75937148995368,5.360216617115528],[118.75937148995368,5.357461374169769],[118.75885328156312,5.357461374169769],[118.75885328156312,5.356674164121409],[118.75937148995368,5.356674164121409],[118.75937148995368,5.355493350899862],[118.75988969834422,5.355493350899862],[118.76040790673478,5.3547061433192775],[118.76196253190649,5.3547061433192775],[118.76196253190649,5.3543125398990625],[118.7629989486876,5.3543125398990625],[118.7629989486876,5.353918936725543],[118.76403536546873,5.353525333798694],[118.76403536546873,5.353131731118505],[118.76351715707816,5.353131731118505],[118.76351715707816,5.352738128684953],[118.76248074029704,5.352738128684953],[118.76248074029704,5.3523445264980225],[118.76196253190649,5.3523445264980225],[118.76196253190649,5.351557322863943],[118.76144432351592,5.351557322863943],[118.76144432351592,5.349195717878645],[118.76092611512536,5.349195717878645],[118.76092611512536,5.349589318093288],[118.75833507317255,5.349982918554403],[118.75833507317255,5.349589318093288],[118.75781686478199,5.349589318093288],[118.75781686478199,5.348802117910455],[118.75626223961031,5.348802117910455],[118.75626223961031,5.349195717878645],[118.75574403121975,5.349195717878645],[118.75574403121975,5.348802117910455],[118.75522582282917,5.348802117910455],[118.75522582282917,5.348014918713357],[118.75418940604807,5.348014918713357],[118.75367119765751,5.347227720501845],[118.75263478087638,5.347227720501845],[118.75263478087638,5.346834121765638],[118.7510801557047,5.34604692503223],[118.7510801557047,5.345259729284038],[118.75159836409527,5.345259729284038],[118.75159836409527,5.3448661317793515],[118.7510801557047,5.3448661317793515],[118.75159836409527,5.342898147949276],[118.74900732214246,5.342898147949276],[118.74900732214246,5.342504551921803],[118.7484891137519,5.342504551921803],[118.7484891137519,5.340930170273092],[118.74900732214246,5.340930170273092],[118.74900732214246,5.340536575476116],[118.75004373892357,5.340930170273092],[118.75004373892357,5.340536575476116],[118.7510801557047,5.340142980925186],[118.7510801557047,5.340536575476116],[118.75159836409527,5.340536575476116],[118.7510801557047,5.341323765316128]],[[118.74952553053303,5.340142980925186],[118.74952553053303,5.339749386620281],[118.7484891137519,5.339355792561385],[118.7484891137519,5.338175011860552],[118.74900732214246,5.338175011860552],[118.74900732214246,5.33738782595636],[118.7484891137519,5.33738782595636],[118.7484891137519,5.335813457098575],[118.74900732214246,5.335813457098575],[118.74900732214246,5.335419865498728],[118.75056194731414,5.335419865498728],[118.75004373892357,5.334632683036428],[118.7510801557047,5.334239092173934],[118.7510801557047,5.332664731181255],[118.75315298926694,5.33187755215903],[118.75367119765751,5.332664731181255],[118.75315298926694,5.332664731181255],[118.75263478087638,5.333451911186175],[118.75367119765751,5.3338455015571915],[118.75367119765751,5.334632683036428],[118.75211657248583,5.335419865498728],[118.75211657248583,5.33660064103575],[118.75159836409527,5.33660064103575],[118.75159836409527,5.336994233373114],[118.75004373892357,5.336994233373114],[118.75004373892357,5.33738782595636],[118.74952553053303,5.33738782595636],[118.75004373892357,5.338962198748478],[118.7510801557047,5.339355792561385],[118.75056194731414,5.340142980925186],[118.74952553053303,5.340142980925186]],[[118.85834929255076,5.37163132402421],[118.85886750094132,5.372418552857971],[118.85783108416018,5.372812167646165],[118.85731287576962,5.372024938317325],[118.85834929255076,5.37163132402421]],[[118.86767704358084,5.368482418588099],[118.8681952519714,5.369269643462582],[118.86715883519027,5.369663256270913],[118.86664062679974,5.368876030901649],[118.86767704358084,5.368482418588099]],[[118.77388132488937,5.363365481015101],[118.77439953327995,5.362578263557855],[118.77543595006105,5.362971872162925],[118.77491774167049,5.363759090114393],[118.77388132488937,5.363365481015101]],[[118.77543595006105,5.362578263557855],[118.77647236684219,5.362184655199864],[118.77750878362329,5.363365481015101],[118.77647236684219,5.363759090114393],[118.77543595006105,5.362578263557855]],[[118.77491774167049,5.360216617115528],[118.77439953327995,5.359429403610729],[118.77491774167049,5.359429403610729],[118.77491774167049,5.35903579722874],[118.77595415845161,5.35903579722874],[118.77595415845161,5.359429403610729],[118.77699057523274,5.359429403610729],[118.77699057523274,5.359823010239651],[118.77854520040442,5.359823010239651],[118.77854520040442,5.360216617115528],[118.77906340879498,5.360216617115528],[118.77906340879498,5.361003831608217],[118.77854520040442,5.361003831608217],[118.77854520040442,5.361397439225066],[118.77750878362329,5.361397439225066],[118.77647236684219,5.360216617115528],[118.77491774167049,5.360216617115528]],[[118.86456779323747,5.358248585205496],[118.86508600162803,5.35903579722874],[118.86404958484692,5.359429403610729],[118.86353137645636,5.358642191093669],[118.86456779323747,5.358248585205496]],[[118.67490352229228,5.353918936725543],[118.67542173068286,5.3547061433192775],[118.67438531390172,5.3550997469862045],[118.67386710551115,5.3543125398990625],[118.67490352229228,5.353918936725543]],[[118.93970800986878,5.351557322863943],[118.94022621825934,5.3523445264980225],[118.93918980147821,5.352738128684953],[118.93867159308765,5.35195092455769],[118.93970800986878,5.351557322863943]],[[118.85109437508291,5.349589318093288],[118.85109437508291,5.349195717878645],[118.85161258347347,5.349195717878645],[118.85161258347347,5.348014918713357],[118.85213079186403,5.348014918713357],[118.85213079186403,5.347227720501845],[118.85264900025457,5.347227720501845],[118.85264900025457,5.346834121765638],[118.85213079186403,5.346834121765638],[118.85161258347347,5.345259729284038],[118.84953974991123,5.344472534520915],[118.84953974991123,5.343291744222907],[118.85005795830178,5.343291744222907],[118.85109437508291,5.3421109561404645],[118.85213079186403,5.3421109561404645],[118.85213079186403,5.341717360605247],[118.85316720864515,5.3421109561404645],[118.85316720864515,5.341717360605247],[118.8536854170357,5.341717360605247],[118.8536854170357,5.3421109561404645],[118.85420362542627,5.3421109561404645],[118.85420362542627,5.342898147949276],[118.85575825059794,5.343685340742709],[118.85575825059794,5.344078937508707],[118.85524004220738,5.344078937508707],[118.85524004220738,5.344472534520915],[118.85575825059794,5.344472534520915],[118.85575825059794,5.3456533270349915],[118.85524004220738,5.3456533270349915],[118.85575825059794,5.346440523275773],[118.85472183381684,5.346834121765638],[118.85472183381684,5.348408518188697],[118.85420362542627,5.348408518188697],[118.85420362542627,5.349195717878645],[118.85472183381684,5.349195717878645],[118.85472183381684,5.349982918554403],[118.85524004220738,5.349982918554403],[118.85524004220738,5.350376519262007],[118.85472183381684,5.350376519262007],[118.85472183381684,5.3507701202161195],[118.8536854170357,5.350376519262007],[118.8536854170357,5.351163721416759],[118.85316720864515,5.351163721416759],[118.85316720864515,5.351557322863943],[118.85057616669233,5.35195092455769],[118.85057616669233,5.351557322863943],[118.85005795830178,5.351557322863943],[118.85005795830178,5.349982918554403],[118.85109437508291,5.349589318093288]],[[118.94229905182158,5.3507701202161195],[118.94281726021214,5.351557322863943],[118.94178084343102,5.35195092455769],[118.94126263504045,5.351163721416759],[118.94229905182158,5.3507701202161195]],[[118.8801140449543,5.344078937508707],[118.88063225334486,5.3448661317793515],[118.87959583656372,5.345259729284038],[118.87907762817316,5.344472534520915],[118.8801140449543,5.344078937508707]],[[118.91587042390299,5.343685340742709],[118.91638863229353,5.344472534520915],[118.91535221551243,5.3448661317793515],[118.91483400712185,5.344078937508707],[118.91587042390299,5.343685340742709]],[[118.68474948171294,5.339355792561385],[118.68526769010349,5.340142980925186],[118.68423127332238,5.340536575476116],[118.68371306493181,5.339749386620281],[118.68474948171294,5.339355792561385]],[[118.86404958484692,5.335813457098575],[118.86456779323747,5.33660064103575],[118.86353137645636,5.336994233373114],[118.86301316806579,5.33620704894424],[118.86404958484692,5.335813457098575]],[[118.8681952519714,5.3338455015571915],[118.8681952519714,5.334239092173934],[118.86871346036197,5.334239092173934],[118.86871346036197,5.335026274144685],[118.86767704358084,5.335419865498728],[118.86767704358084,5.335026274144685],[118.86715883519027,5.335026274144685],[118.86715883519027,5.334239092173934],[118.8681952519714,5.3338455015571915]],[[118.75470761443862,5.330696785467915],[118.75470761443862,5.3303031970620625],[118.75522582282917,5.3303031970620625],[118.75574403121975,5.3310903741193485],[118.75418940604807,5.33187755215903],[118.75367119765751,5.3310903741193485],[118.75470761443862,5.330696785467915]],[[118.75315298926694,5.32715449865391],[118.75367119765751,5.32715449865391],[118.75367119765751,5.3275480850957875],[118.75315298926694,5.3275480850957875],[118.75367119765751,5.328335258715856],[118.75263478087638,5.328728845894085],[118.75263478087638,5.328335258715856],[118.75211657248583,5.328335258715856],[118.75211657248583,5.3275480850957875],[118.75159836409527,5.3275480850957875],[118.75159836409527,5.32715449865391],[118.75211657248583,5.32715449865391],[118.75159836409527,5.32636732650638],[118.75263478087638,5.325973740800688],[118.75263478087638,5.32636732650638],[118.75315298926694,5.32636732650638],[118.75315298926694,5.32715449865391]],[[118.7510801557047,5.32636732650638],[118.7510801557047,5.3267609124574475],[118.75056194731414,5.3267609124574475],[118.74952553053303,5.3255801553403534],[118.75004373892357,5.3255801553403534],[118.75004373892357,5.325186570125358],[118.7510801557047,5.325186570125358],[118.7510801557047,5.3255801553403534],[118.75159836409527,5.3255801553403534],[118.75159836409527,5.32636732650638],[118.7510801557047,5.32636732650638]],[[118.74745269697077,5.324792985155685],[118.74745269697077,5.325186570125358],[118.74641628018966,5.3255801553403534],[118.74486165501796,5.324005815952223],[118.74537986340853,5.324005815952223],[118.74537986340853,5.323612231718401],[118.74589807179909,5.323612231718401],[118.74589807179909,5.324005815952223],[118.74693448858022,5.323612231718401],[118.74693448858022,5.324005815952223],[118.74745269697077,5.324005815952223],[118.74693448858022,5.324792985155685],[118.74745269697077,5.324792985155685]],[[118.74693448858022,5.323218647729823],[118.74641628018966,5.323218647729823],[118.74641628018966,5.322825063986476],[118.74745269697077,5.322431480488334],[118.74797090536133,5.323218647729823],[118.74745269697077,5.323218647729823],[118.74745269697077,5.323612231718401],[118.74693448858022,5.323612231718401],[118.74693448858022,5.323218647729823]],[[118.74537986340853,5.322037897235387],[118.74589807179909,5.322825063986476],[118.74486165501796,5.323218647729823],[118.74434344662743,5.322431480488334],[118.74537986340853,5.322037897235387]],[[118.74641628018966,5.318495658989378],[118.74641628018966,5.318102078187319],[118.74745269697077,5.318495658989378],[118.74745269697077,5.319676402865665],[118.74693448858022,5.319676402865665],[118.74693448858022,5.3200699846478585],[118.74589807179909,5.3200699846478585],[118.74589807179909,5.319676402865665],[118.74537986340853,5.319676402865665],[118.74537986340853,5.3192828213285335],[118.74589807179909,5.3192828213285335],[118.74589807179909,5.318495658989378],[118.74641628018966,5.318495658989378]],[[118.74589807179909,5.315347019431493],[118.74641628018966,5.316134177851451],[118.74537986340853,5.316527757428763],[118.74486165501796,5.315740598519034],[118.74589807179909,5.315347019431493]],[[118.73605211237845,5.305507621773251],[118.73605211237845,5.305901194744933],[118.736570320769,5.305901194744933],[118.736570320769,5.306688341421547],[118.73553390398787,5.307081915126521],[118.73553390398787,5.306688341421547],[118.73501569559731,5.306688341421547],[118.73501569559731,5.305901194744933],[118.73605211237845,5.305507621773251]],[[118.94540830216495,5.305507621773251],[118.94592651055551,5.306294767961024],[118.94489009377439,5.306688341421547],[118.94437188538382,5.305901194744933],[118.94540830216495,5.305507621773251]],[[118.73605211237845,5.303933332330275],[118.736570320769,5.304720476563052],[118.73553390398787,5.305114049045963],[118.73501569559731,5.304326904324495],[118.73605211237845,5.303933332330275]],[[118.7287971949106,5.295668376860841],[118.7287971949106,5.295274810237359],[118.72724256973892,5.294487677722111],[118.72724256973892,5.293306980778247],[118.72776077812946,5.293306980778247],[118.72776077812946,5.292913415617956],[118.72827898652002,5.292913415617956],[118.72827898652002,5.293306980778247],[118.7287971949106,5.293306980778247],[118.7287971949106,5.294094111830307],[118.72983361169173,5.294487677722111],[118.72983361169173,5.295274810237359],[118.72931540330116,5.295274810237359],[118.72931540330116,5.295668376860841],[118.72983361169173,5.295668376860841],[118.73087002847284,5.2968490781949376],[118.73035182008226,5.2968490781949376],[118.73035182008226,5.29724264579425],[118.72931540330116,5.29724264579425],[118.72931540330116,5.2968490781949376],[118.72827898652002,5.296455510839611],[118.72827898652002,5.295668376860841],[118.7287971949106,5.295668376860841]],[[118.72672436134836,5.291732721599802],[118.72672436134836,5.2913391574145985],[118.72724256973892,5.2913391574145985],[118.72776077812946,5.2921262860287515],[118.72724256973892,5.2921262860287515],[118.72724256973892,5.292913415617956],[118.72620615295779,5.293306980778247],[118.72568794456723,5.292519850701462],[118.72620615295779,5.292519850701462],[118.72620615295779,5.291732721599802],[118.72672436134836,5.291732721599802]],[[118.7168784019277,5.292519850701462],[118.7168784019277,5.292913415617956],[118.71636019353714,5.292913415617956],[118.71584198514657,5.2921262860287515],[118.7179148187088,5.2909455934731175],[118.7179148187088,5.2913391574145985],[118.71843302709938,5.2913391574145985],[118.71843302709938,5.2921262860287515],[118.7179148187088,5.2921262860287515],[118.7179148187088,5.292519850701462],[118.7168784019277,5.292519850701462]],[[118.71532377675601,5.2921262860287515],[118.71532377675601,5.292519850701462],[118.71480556836546,5.292519850701462],[118.7142873599749,5.291732721599802],[118.71532377675601,5.2913391574145985],[118.71532377675601,5.291732721599802],[118.71584198514657,5.291732721599802],[118.71584198514657,5.2921262860287515],[118.71532377675601,5.2921262860287515]],[[118.7179148187088,5.290552029775348],[118.71739661031827,5.290552029775348],[118.71739661031827,5.290158466321265],[118.71843302709938,5.289764903110853],[118.71895123548994,5.290552029775348],[118.71843302709938,5.290552029775348],[118.71843302709938,5.2909455934731175],[118.7179148187088,5.2909455934731175],[118.7179148187088,5.290552029775348]],[[118.7127327348032,5.2909455934731175],[118.71325094319377,5.291732721599802],[118.71221452641267,5.2921262860287515],[118.71169631802209,5.2913391574145985],[118.7127327348032,5.2909455934731175]],[[118.71117810963153,5.2909455934731175],[118.70962348445985,5.290158466321265],[118.7101416928504,5.288584214941451],[118.71065990124096,5.288584214941451],[118.71065990124096,5.288190652705532],[118.71117810963153,5.288190652705532],[118.71169631802209,5.288977777420963],[118.7127327348032,5.288977777420963],[118.7127327348032,5.288584214941451],[118.71325094319377,5.288584214941451],[118.71376915158433,5.289371340144093],[118.71325094319377,5.289371340144093],[118.71325094319377,5.289764903110853],[118.7127327348032,5.289764903110853],[118.7127327348032,5.289371340144093],[118.71169631802209,5.289371340144093],[118.71169631802209,5.290552029775348],[118.71117810963153,5.290552029775348],[118.71117810963153,5.2909455934731175]],[[118.71376915158433,5.289764903110853],[118.7142873599749,5.290552029775348],[118.71325094319377,5.2909455934731175],[118.7127327348032,5.290158466321265],[118.71376915158433,5.289764903110853]],[[118.72309690261442,5.288977777420963],[118.72361511100499,5.289764903110853],[118.72257869422386,5.290158466321265],[118.72206048583331,5.289371340144093],[118.72309690261442,5.288977777420963]],[[118.72102406905218,5.288190652705532],[118.72154227744275,5.288977777420963],[118.72050586066162,5.289371340144093],[118.71998765227104,5.288584214941451],[118.72102406905218,5.288190652705532]],[[118.72983361169173,5.287009967459172],[118.73035182008226,5.287797090713194],[118.72931540330116,5.288190652705532],[118.7287971949106,5.28740352896441],[118.72983361169173,5.287009967459172]],[[118.7101416928504,5.285829284404505],[118.70962348445985,5.285042163585423],[118.71065990124096,5.284648603541035],[118.71065990124096,5.285042163585423],[118.71169631802209,5.28543572387324],[118.71169631802209,5.285829284404505],[118.71117810963153,5.285829284404505],[118.71169631802209,5.28661640619745],[118.71065990124096,5.287009967459172],[118.71065990124096,5.28661640619745],[118.7101416928504,5.28661640619745],[118.71065990124096,5.285829284404505],[118.7101416928504,5.285829284404505]],[[118.69977752503921,5.285042163585423],[118.70029573342974,5.285829284404505],[118.69925931664864,5.2862228451792355],[118.69874110825808,5.28543572387324],[118.69977752503921,5.285042163585423]],[[118.70081394182031,5.283074365797401],[118.70133215021087,5.283861484182471],[118.70081394182031,5.283861484182471],[118.70081394182031,5.284255043740057],[118.69977752503921,5.284255043740057],[118.69925931664864,5.28346792486826],[118.69977752503921,5.28346792486826],[118.69977752503921,5.283074365797401],[118.70081394182031,5.283074365797401]],[[118.6629847293094,5.282680806969881],[118.66350293769996,5.28346792486826],[118.66246652091883,5.283861484182471],[118.66194831252827,5.283074365797401],[118.6629847293094,5.282680806969881]],[[118.70755065089759,5.2822872483856775],[118.70755065089759,5.281893690044774],[118.70806885928816,5.281893690044774],[118.7091052760693,5.283074365797401],[118.70806885928816,5.28346792486826],[118.70806885928816,5.283074365797401],[118.70703244250706,5.282680806969881],[118.70703244250706,5.2822872483856775],[118.70755065089759,5.2822872483856775]],[[118.69874110825808,5.281106574092791],[118.69925931664864,5.281893690044774],[118.6982228998675,5.2822872483856775],[118.69770469147694,5.281500131947151],[118.69874110825808,5.281106574092791]],[[118.70340498377311,5.280713016481673],[118.70392319216369,5.281500131947151],[118.70288677538255,5.281893690044774],[118.702368566992,5.281106574092791],[118.70340498377311,5.280713016481673]],[[118.72776077812946,5.279138788469273],[118.72827898652002,5.279925901989097],[118.72724256973892,5.280319459113782],[118.72672436134836,5.2795323451076],[118.72776077812946,5.279138788469273]],[[118.71065990124096,5.275990344114532],[118.71117810963153,5.276777453744828],[118.7101416928504,5.27717100892453],[118.70962348445985,5.276383898808171],[118.71065990124096,5.275990344114532]],[[118.69148619079023,5.275596789663896],[118.69200439918079,5.276383898808171],[118.69096798239966,5.276777453744828],[118.6904497740091,5.275990344114532],[118.69148619079023,5.275596789663896]],[[118.68993156561855,5.274416127769818],[118.6904497740091,5.275203235456244],[118.68941335722799,5.275596789663896],[118.68889514883742,5.274809681491558],[118.68993156561855,5.274416127769818]],[[118.68474948171294,5.270087052859895],[118.68474948171294,5.269693502052076],[118.68630410688462,5.269693502052076],[118.68630410688462,5.270087052859895],[118.68682231527518,5.270087052859895],[118.68682231527518,5.27048060391044],[118.68578589849405,5.270874155203728],[118.68578589849405,5.271267706739779],[118.68630410688462,5.271267706739779],[118.68578589849405,5.272054810540236],[118.68526769010349,5.272054810540236],[118.68526769010349,5.2716612585186065],[118.68474948171294,5.2716612585186065],[118.68474948171294,5.270874155203728],[118.68423127332238,5.270874155203728],[118.68423127332238,5.270087052859895],[118.68474948171294,5.270087052859895]],[[118.68319485654125,5.266545104325379],[118.68319485654125,5.265758007319654],[118.68371306493181,5.265758007319654],[118.68371306493181,5.265364459180583],[118.68423127332238,5.265364459180583],[118.68423127332238,5.265758007319654],[118.68526769010349,5.265758007319654],[118.68474948171294,5.264970911284013],[118.68526769010349,5.264970911284013],[118.68526769010349,5.264577363629926],[118.68630410688462,5.264970911284013],[118.68630410688462,5.265364459180583],[118.68578589849405,5.265364459180583],[118.68630410688462,5.266151555701248],[118.68578589849405,5.266151555701248],[118.68578589849405,5.266545104325379],[118.68526769010349,5.266545104325379],[118.68526769010349,5.266151555701248],[118.68423127332238,5.266545104325379],[118.68423127332238,5.267332202301336],[118.68474948171294,5.267332202301336],[118.68474948171294,5.268906401164536],[118.68423127332238,5.268906401164536],[118.68423127332238,5.269299951486963],[118.68319485654125,5.268906401164536],[118.68319485654125,5.266938653192071],[118.6826766481507,5.266938653192071],[118.6826766481507,5.266545104325379],[118.68319485654125,5.266545104325379]],[[118.72672436134836,5.265364459180583],[118.72724256973892,5.266151555701248],[118.72620615295779,5.266545104325379],[118.72568794456723,5.265758007319654],[118.72672436134836,5.265364459180583]],[[118.6826766481507,5.261035445651857],[118.68319485654125,5.2618225368393094],[118.68215843976013,5.262216082796528],[118.68164023136957,5.261428991124425],[118.6826766481507,5.261035445651857]],[[118.5665979686651,5.260248355433601],[118.56711617705568,5.261035445651857],[118.56607976027455,5.261428991124425],[118.565561551884,5.260641900421588],[118.5665979686651,5.260248355433601]],[[118.68474948171294,5.258280634127203],[118.68526769010349,5.2590677219231265],[118.68423127332238,5.259461266184388],[118.68371306493181,5.258674177904072],[118.68474948171294,5.258280634127203]],[[118.68578589849405,5.255919376550888],[118.68630410688462,5.256706461441233],[118.68526769010349,5.257100004249537],[118.68474948171294,5.256312918875022],[118.68578589849405,5.255919376550888]],[[118.67023964677725,5.252377506524038],[118.67075785516779,5.253164587058517],[118.66972143838667,5.253558127688639],[118.66920322999611,5.252771046670323],[118.67023964677725,5.252377506524038]],[[118.68474948171294,5.252771046670323],[118.68423127332238,5.251983966619644],[118.68526769010349,5.251590426957123],[118.68630410688462,5.252771046670323],[118.68578589849405,5.252771046670323],[118.68578589849405,5.253164587058517],[118.68474948171294,5.252771046670323]],[[118.68630410688462,5.251983966619644],[118.68682231527518,5.251983966619644],[118.68682231527518,5.251196887536453],[118.68630410688462,5.251196887536453],[118.68630410688462,5.25080334835762],[118.68734052366574,5.250409809420603],[118.68734052366574,5.25080334835762],[118.68785873205628,5.25080334835762],[118.68785873205628,5.251196887536453],[118.68734052366574,5.251196887536453],[118.68734052366574,5.251983966619644],[118.68785873205628,5.251983966619644],[118.68785873205628,5.252377506524038],[118.68682231527518,5.252771046670323],[118.68630410688462,5.251983966619644]],[[118.69148619079023,5.251590426957123],[118.69148619079023,5.251983966619644],[118.69200439918079,5.251983966619644],[118.69200439918079,5.252771046670323],[118.69096798239966,5.253164587058517],[118.69096798239966,5.252771046670323],[118.6904497740091,5.252771046670323],[118.6904497740091,5.251983966619644],[118.69148619079023,5.251590426957123]],[[118.70962348445985,5.25080334835762],[118.7101416928504,5.251590426957123],[118.7091052760693,5.251983966619644],[118.70858706767872,5.251196887536453],[118.70962348445985,5.25080334835762]],[[118.68319485654125,5.246080897068005],[118.68371306493181,5.246867969866136],[118.6826766481507,5.247261506627637],[118.68215843976013,5.246474433346263],[118.68319485654125,5.246080897068005]],[[118.69511364952413,5.246080897068005],[118.6956318579147,5.246867969866136],[118.6945954411336,5.247261506627637],[118.69407723274303,5.246474433346263],[118.69511364952413,5.246080897068005]],[[118.67438531390172,5.243719684471282],[118.67438531390172,5.243326149883793],[118.67542173068286,5.243719684471282],[118.67542173068286,5.24490028968272],[118.6759399390734,5.24490028968272],[118.67542173068286,5.24568736103134],[118.67386710551115,5.24490028968272],[118.67386710551115,5.243719684471282],[118.67438531390172,5.243719684471282]],[[118.69252260757135,5.242539081433191],[118.6930408159619,5.243326149883793],[118.69200439918079,5.243719684471282],[118.69148619079023,5.242932615537767],[118.69252260757135,5.242539081433191]],[[118.67490352229228,5.240177881875046],[118.67490352229228,5.2405714145313365],[118.67542173068286,5.2405714145313365],[118.67542173068286,5.241752013948298],[118.67438531390172,5.242145547570039],[118.67438531390172,5.241752013948298],[118.67386710551115,5.241752013948298],[118.67386710551115,5.2405714145313365],[118.67490352229228,5.240177881875046]],[[118.67127606355835,5.238210222212957],[118.67127606355835,5.237816691004283],[118.67179427194891,5.237816691004283],[118.67179427194891,5.238210222212957],[118.67231248033949,5.238210222212957],[118.67231248033949,5.238603753662854],[118.67334889712059,5.238603753662854],[118.67386710551115,5.23939081728639],[118.67334889712059,5.23939081728639],[118.67334889712059,5.239784349460068],[118.67179427194891,5.239784349460068],[118.67179427194891,5.23939081728639],[118.67075785516779,5.2389972853539915],[118.67075785516779,5.238210222212957],[118.67127606355835,5.238210222212957]],[[118.67231248033949,5.235849038578623],[118.67283068873004,5.236636098825421],[118.67179427194891,5.237029629310534],[118.67127606355835,5.2362425685814555],[118.67231248033949,5.235849038578623]],[[118.67904918941677,5.235061979296275],[118.67956739780733,5.235849038578623],[118.6785309810262,5.2362425685814555],[118.67801277263564,5.235455508816902],[118.67904918941677,5.235061979296275]],[[118.66609397965274,5.233094335308902],[118.66609397965274,5.2327008072344485],[118.6666121880433,5.2327008072344485],[118.66713039643388,5.233487863624337],[118.6666121880433,5.233487863624337],[118.6666121880433,5.23427492097823],[118.6655757712622,5.234668450016725],[118.66505756287164,5.233881392180773],[118.6655757712622,5.233881392180773],[118.6655757712622,5.233094335308902],[118.66609397965274,5.233094335308902]],[[118.67697635585452,5.233094335308902],[118.6774945642451,5.233881392180773],[118.67645814746396,5.23427492097823],[118.6759399390734,5.233487863624337],[118.67697635585452,5.233094335308902]],[[118.72309690261442,5.23230727940096],[118.72361511100499,5.233094335308902],[118.72257869422386,5.233487863624337],[118.72206048583331,5.2327008072344485],[118.72309690261442,5.23230727940096]],[[118.56452513510287,5.226797915022986],[118.56504334349344,5.22758496418756],[118.56400692671231,5.227978489130924],[118.56348871832174,5.22719143948492],[118.56452513510287,5.226797915022986]],[[118.69096798239966,5.223649727990653],[118.69148619079023,5.224436773305135],[118.6904497740091,5.2248302963232325],[118.68993156561855,5.224043250527616],[118.69096798239966,5.223649727990653]],[[118.72361511100499,5.221682118913536],[118.72413331939555,5.220895076965937],[118.72516973617665,5.221288597819523],[118.72465152778612,5.222075640247994],[118.72361511100499,5.221682118913536]],[[118.72516973617665,5.220501556352759],[118.72620615295779,5.2201080359799725],[118.72620615295779,5.220501556352759],[118.72672436134836,5.220501556352759],[118.72672436134836,5.221288597819523],[118.72568794456723,5.221682118913536],[118.72568794456723,5.221288597819523],[118.72516973617665,5.221288597819523],[118.72516973617665,5.220501556352759]],[[118.54638784143324,5.219320995955493],[118.5469060498238,5.2201080359799725],[118.5458696330427,5.220501556352759],[118.54535142465214,5.2197145158475555],[118.54638784143324,5.219320995955493]],[[118.66609397965274,5.217353400099821],[118.6666121880433,5.218140437721236],[118.6655757712622,5.21853395689235],[118.66505756287164,5.2177469187903975],[118.66609397965274,5.217353400099821]],[[118.50804042053176,5.208696049655487],[118.50907683731288,5.209876590603675],[118.5075222121412,5.210663619101886],[118.5075222121412,5.210270104732825],[118.50700400375062,5.210270104732825],[118.50700400375062,5.209089563065024],[118.50804042053176,5.208696049655487]],[[118.65780264540379,5.202793377282169],[118.65832085379435,5.20358039714968],[118.65728443701322,5.2039739074428155],[118.65676622862266,5.203186887096135],[118.65780264540379,5.202793377282169]],[[118.6655757712622,5.202793377282169],[118.66609397965274,5.20358039714968],[118.66505756287164,5.2039739074428155],[118.66453935448106,5.203186887096135],[118.6655757712622,5.202793377282169]],[[118.65676622862266,5.2008258318053056],[118.65728443701322,5.201612849277531],[118.65624802023211,5.202006358372883],[118.65572981184155,5.201219340421677],[118.65676622862266,5.2008258318053056]],[[118.6629847293094,5.200038815290939],[118.66350293769996,5.2008258318053056],[118.66246652091883,5.201219340421677],[118.66194831252827,5.2004323234284],[118.6629847293094,5.200038815290939]],[[118.53757829879372,5.194923231285043],[118.53809650718429,5.195710241576962],[118.53706009040316,5.196103747081744],[118.53654188201259,5.195316736311399],[118.53757829879372,5.194923231285043]],[[118.6666121880433,5.194136221949869],[118.66713039643388,5.194923231285043],[118.66609397965274,5.195316736311399],[118.6655757712622,5.194529726497873],[118.6666121880433,5.194136221949869]],[[118.66920322999611,5.193349213571293],[118.66972143838667,5.194136221949869],[118.66868502160554,5.194529726497873],[118.66816681321501,5.193742717641015],[118.66920322999611,5.193349213571293]],[[118.50234012823559,5.192562206149163],[118.50234012823559,5.192168702796721],[118.50285833662615,5.192168702796721],[118.50337654501672,5.192955709740681],[118.50285833662615,5.192955709740681],[118.50285833662615,5.193742717641015],[118.50182191984501,5.194136221949869],[118.50130371145445,5.193349213571293],[118.50182191984501,5.193349213571293],[118.50182191984501,5.192562206149163],[118.50234012823559,5.192562206149163]],[[118.51788637995242,5.190988194173657],[118.51840458834297,5.191775199683335],[118.51736817156186,5.192168702796721],[118.51684996317128,5.191381696808986],[118.51788637995242,5.190988194173657]],[[118.83813916531888,5.190988194173657],[118.83865737370944,5.191775199683335],[118.83762095692833,5.192168702796721],[118.83710274853777,5.191381696808986],[118.83813916531888,5.190988194173657]],[[118.52306846385802,5.1905946917773305],[118.52358667224857,5.191381696808986],[118.52255025546746,5.191775199683335],[118.52203204707689,5.190988194173657],[118.52306846385802,5.1905946917773305]],[[118.78217265913834,5.184298685925111],[118.7826908675289,5.185085683313476],[118.7816544507478,5.185479182365734],[118.78113624235722,5.184692184499941],[118.78217265913834,5.184298685925111]],[[118.49819446111111,5.176035270961683],[118.49819446111111,5.176428764527991],[118.49871266950166,5.176428764527991],[118.49871266950166,5.177215752375571],[118.49767625272054,5.177609246656882],[118.49767625272054,5.177215752375571],[118.49715804432998,5.177215752375571],[118.49715804432998,5.176428764527991],[118.49819446111111,5.176035270961683]],[[118.50026729467335,5.168952427499081],[118.50078550306391,5.169739406296635],[118.49974908628278,5.170132896052403],[118.49923087789222,5.169345916778866],[118.50026729467335,5.168952427499081]],[[118.54068754913709,5.142195713768156],[118.54120575752764,5.14298266028563],[118.54016934074653,5.143376133899471],[118.53965113235596,5.1425891869085305],[118.54068754913709,5.142195713768156]],[[118.59820868048931,5.133539364533722],[118.59872688887987,5.13432630064428],[118.59769047209876,5.134719769054054],[118.5971722637082,5.133932832470843],[118.59820868048931,5.133539364533722]],[[118.5614158847595,5.128424302847619],[118.56193409315007,5.1292112328170525],[118.56089767636894,5.129604698155903],[118.5603794679784,5.128817767714299],[118.5614158847595,5.128424302847619]],[[118.65469339506042,5.12724390966386],[118.65521160345098,5.128030838217],[118.65417518666985,5.128424302847619],[118.65365697827932,5.127637373822418],[118.65469339506042,5.12724390966386]],[[118.65676622862266,5.125276592410737],[118.65728443701322,5.126063518604125],[118.65624802023211,5.126456982054731],[118.65572981184155,5.125670055389465],[118.65676622862266,5.125276592410737]],[[118.62774655875127,5.124489667160989],[118.62774655875127,5.124096204889934],[118.62826476714183,5.124096204889934],[118.62930118392296,5.125276592410737],[118.62826476714183,5.125670055389465],[118.62826476714183,5.125276592410737],[118.62722835036072,5.124883129667915],[118.62722835036072,5.124489667160989],[118.62774655875127,5.124489667160989]],[[118.64173818529642,5.122915819491826],[118.64225639368696,5.123702742854735],[118.64121997690586,5.124096204889934],[118.64070176851529,5.12330928105537],[118.64173818529642,5.122915819491826]],[[118.68319485654125,5.120161595148353],[118.68371306493181,5.120948515210718],[118.6826766481507,5.121341975595452],[118.68215843976013,5.120555055061691],[118.68319485654125,5.120161595148353]],[[118.64277460207752,5.1193746760286665],[118.64277460207752,5.119768135470682],[118.64381101885866,5.119768135470682],[118.64381101885866,5.1193746760286665],[118.6443292272492,5.1193746760286665],[118.64484743563976,5.120161595148353],[118.6443292272492,5.120161595148353],[118.6443292272492,5.120555055061691],[118.64381101885866,5.120555055061691],[118.64381101885866,5.120161595148353],[118.64277460207752,5.120161595148353],[118.64277460207752,5.120555055061691],[118.64225639368696,5.120555055061691],[118.64173818529642,5.119768135470682],[118.64277460207752,5.1193746760286665]],[[118.5811078036008,5.117407382352702],[118.58162601199137,5.118194299116337],[118.58058959521027,5.118587757851511],[118.5800713868197,5.117800840616739],[118.5811078036008,5.117407382352702]],[[118.6443292272492,5.116227008973755],[118.6443292272492,5.116620466531228],[118.64484743563976,5.116620466531228],[118.64484743563976,5.117407382352702],[118.64381101885866,5.117800840616739],[118.64381101885866,5.117407382352702],[118.6432928104681,5.117407382352702],[118.6432928104681,5.116620466531228],[118.6443292272492,5.116227008973755]],[[118.59147197141202,5.115833551651769],[118.5919901798026,5.116620466531228],[118.59095376302146,5.117013924324205],[118.59043555463091,5.116227008973755],[118.59147197141202,5.115833551651769]],[[118.67697635585452,5.110718627886639],[118.6774945642451,5.111505536646618],[118.67645814746396,5.111898991379491],[118.6759399390734,5.111112082149006],[118.67697635585452,5.110718627886639]],[[118.56607976027455,5.109931720067563],[118.56607976027455,5.110325173859498],[118.5665979686651,5.110325173859498],[118.5665979686651,5.111112082149006],[118.565561551884,5.111505536646618],[118.565561551884,5.111112082149006],[118.56504334349344,5.111112082149006],[118.56504334349344,5.110325173859498],[118.56607976027455,5.109931720067563]],[[118.64743847759257,5.107177550108283],[118.64795668598313,5.10796445463536],[118.646920269202,5.108357907251533],[118.64640206081147,5.107571002254282],[118.64743847759257,5.107177550108283]],[[118.5971722637082,5.103636491369748],[118.59769047209876,5.10442339166692],[118.59665405531763,5.104816842167889],[118.59613584692707,5.104029941400876],[118.5971722637082,5.103636491369748]],[[118.63396505943801,5.102456142685643],[118.63396505943801,5.1028495920121495],[118.63448326782857,5.1028495920121495],[118.63448326782857,5.103636491369748],[118.63344685104744,5.104029941400876],[118.63344685104744,5.103636491369748],[118.63292864265688,5.103636491369748],[118.63292864265688,5.1028495920121495],[118.63396505943801,5.102456142685643]],[[118.63707430978135,5.0989151093125615],[118.63707430978135,5.099308556526196],[118.63759251817191,5.099308556526196],[118.63759251817191,5.10009545165755],[118.63655610139081,5.100488899575307],[118.63655610139081,5.10009545165755],[118.63603789300025,5.10009545165755],[118.63603789300025,5.099308556526196],[118.63707430978135,5.0989151093125615]],[[118.52514129742026,5.0981282155892895],[118.52565950581082,5.0989151093125615],[118.52514129742026,5.0989151093125615],[118.52514129742026,5.099308556526196],[118.52410488063913,5.099308556526196],[118.52358667224857,5.098521662333601],[118.52410488063913,5.098521662333601],[118.52410488063913,5.0981282155892895],[118.52514129742026,5.0981282155892895]],[[118.63292864265688,5.093013429258248],[118.63344685104744,5.092226542570395],[118.63603789300025,5.092226542570395],[118.63603789300025,5.092619985797133],[118.63655610139081,5.092619985797133],[118.63500147621912,5.094193761048024],[118.63292864265688,5.093013429258248]],[[118.65572981184155,5.091833099578014],[118.65624802023211,5.092619985797133],[118.65521160345098,5.093013429258248],[118.65469339506042,5.092226542570395],[118.65572981184155,5.091833099578014]],[[118.63862893495305,5.089865888130811],[118.63914714334362,5.090652772006825],[118.63811072656249,5.091046214296247],[118.63759251817191,5.090259329951686],[118.63862893495305,5.089865888130811]],[[118.6458838524209,5.085538043557349],[118.6458838524209,5.085931482802535],[118.64640206081147,5.085931482802535],[118.64640206081147,5.086718361995112],[118.64536564403033,5.087111801942537],[118.64536564403033,5.086718361995112],[118.64484743563976,5.086718361995112],[118.64484743563976,5.085931482802535],[118.6458838524209,5.085538043557349]],[[118.65469339506042,5.085538043557349],[118.65521160345098,5.086324922281784],[118.65417518666985,5.086718361995112],[118.65365697827932,5.085931482802535],[118.65469339506042,5.085538043557349]],[[118.67956739780733,5.0776693077779465],[118.67956739780733,5.078062742345795],[118.68008560619789,5.078062742345795],[118.68008560619789,5.0788496121825855],[118.67904918941677,5.079243047451565],[118.67904918941677,5.0788496121825855],[118.6785309810262,5.0788496121825855],[118.6785309810262,5.078062742345795],[118.67956739780733,5.0776693077779465]],[[118.68993156561855,5.075702138443419],[118.6904497740091,5.076489005476359],[118.68941335722799,5.076882439343247],[118.68889514883742,5.07609557184309],[118.68993156561855,5.075702138443419]],[[118.68215843976013,5.066653234681751],[118.68215843976013,5.067046662713751],[118.68319485654125,5.067046662713751],[118.68319485654125,5.067440090978925],[118.68371306493181,5.067440090978925],[118.6826766481507,5.06862037717367],[118.68164023136957,5.06862037717367],[118.68164023136957,5.068226948208867],[118.68112202297901,5.068226948208867],[118.68112202297901,5.067046662713751],[118.68215843976013,5.066653234681751]],[[118.68215843976013,5.065079524885119],[118.6826766481507,5.065866379317199],[118.68164023136957,5.066259806882907],[118.68112202297901,5.06547295198461],[118.68215843976013,5.065079524885119]]],[[[118.76092611512536,5.362184655199864],[118.76092611512536,5.362461326161026],[118.76135342548572,5.362184655199864],[118.76092611512536,5.362184655199864]]],[[[118.8878871708127,5.169739406296635],[118.88801883477859,5.169739406296635],[118.8878871708127,5.169641761409687],[118.8878871708127,5.169739406296635]]],[[[118.74641628018966,5.324399400431311],[118.74589807179909,5.324399400431311],[118.74589807179909,5.324792985155685],[118.74641628018966,5.324792985155685],[118.74641628018966,5.324399400431311]]],[[[118.75418940604807,5.346834121765638],[118.75367119765751,5.346834121765638],[118.75367119765751,5.347227720501845],[118.75418940604807,5.347227720501845],[118.75418940604807,5.346834121765638]]],[[[118.84694870795842,5.353525333798694],[118.84643049956786,5.353525333798694],[118.84643049956786,5.353918936725543],[118.84694870795842,5.353918936725543],[118.84694870795842,5.353525333798694]]],[[[118.84643049956786,5.353918936725543],[118.8459122911773,5.353918936725543],[118.8459122911773,5.3543125398990625],[118.84643049956786,5.3543125398990625],[118.84643049956786,5.353918936725543]]],[[[118.860422126113,5.358642191093669],[118.85990391772242,5.358642191093669],[118.85990391772242,5.357854979564199],[118.85902453902769,5.357854979564199],[118.85820860000001,5.358819694198359],[118.85804064439725,5.359823010239651],[118.85886750094132,5.359823010239651],[118.85886750094132,5.359429403610729],[118.85938570933187,5.359429403610729],[118.85938570933187,5.35903579722874],[118.860422126113,5.35903579722874],[118.860422126113,5.358642191093669]]],[[[118.77491774167049,5.367301583131537],[118.77444580342242,5.367301583131537],[118.77491774167049,5.36747427880794],[118.77491774167049,5.367301583131537]]],[[[118.77699057523274,5.368876030901649],[118.77684531331148,5.368876030901649],[118.77699057523274,5.368991273822494],[118.77699057523274,5.368876030901649]]],[[[118.81533799613423,5.37084409618049],[118.81481978774366,5.37084409618049],[118.81481978774366,5.3709011148359105],[118.81533799613423,5.371147347479023],[118.81533799613423,5.37084409618049]]],[[[118.85264900025457,5.3735993979652665],[118.85264900025457,5.374386629274783],[118.85316720864515,5.374386629274783],[118.85316720864515,5.3735993979652665],[118.85264900025457,5.3735993979652665]]],[[[118.85938570933187,5.3763547118826045],[118.85938570933187,5.3751738615748605],[118.85886750094132,5.3751738615748605],[118.85886750094132,5.375961094865648],[118.85834929255076,5.375961094865648],[118.85834929255076,5.3763547118826045],[118.85938570933187,5.3763547118826045]]],[[[118.85057616669233,5.377929182427948],[118.85109437508291,5.377929182427948],[118.85109437508291,5.377535564419948],[118.85316720864515,5.37784706365218],[118.85264900025457,5.375961094865648],[118.85161258347347,5.375961094865648],[118.85161258347347,5.3763547118826045],[118.85109437508291,5.3763547118826045],[118.85109437508291,5.375961094865648],[118.85005795830178,5.375961094865648],[118.85005795830178,5.3763547118826045],[118.84953974991123,5.3763547118826045],[118.84902154152066,5.3780528028928565],[118.84953974991123,5.378284070876494],[118.85005795830178,5.377535564419948],[118.85057616669233,5.377535564419948],[118.85057616669233,5.377929182427948]]],[[[118.91276117355962,5.338175011860552],[118.91224296516906,5.338175011860552],[118.91224296516906,5.338568605181539],[118.91276117355962,5.338568605181539],[118.91276117355962,5.338175011860552]]],[[[118.91017013160682,5.339355792561385],[118.90965192321624,5.339355792561385],[118.90965192321624,5.339749386620281],[118.91017013160682,5.339749386620281],[118.91017013160682,5.339355792561385]]],[[[118.91172475677848,5.338962198748478],[118.91068833999738,5.339355792561385],[118.91068833999738,5.340142980925186],[118.91172475677848,5.340142980925186],[118.91172475677848,5.339749386620281],[118.91224296516906,5.339749386620281],[118.91172475677848,5.338962198748478]]],[[[118.91224296516906,5.348014918713357],[118.91213725867468,5.347621319484411],[118.91222240118867,5.348014918713357],[118.91224296516906,5.348014918713357]]],[[[118.86145854289413,5.348408518188697],[118.86249495967523,5.348408518188697],[118.86249495967523,5.348014918713357],[118.86145854289413,5.347621319484411],[118.86145854289413,5.348408518188697]]],[[[118.92157071619914,5.348408518188697],[118.92053429941804,5.348408518188697],[118.92053429941804,5.348802117910455],[118.92157071619914,5.349123219267509],[118.92157071619914,5.348802117910455],[118.9220889245897,5.348802117910455],[118.9220889245897,5.348014918713357],[118.92157071619914,5.348014918713357],[118.92157071619914,5.348408518188697]]],[[[118.91535221551243,5.349195717878645],[118.91535221551243,5.349589318093288],[118.91587042390299,5.349589318093288],[118.91587042390299,5.349195717878645],[118.91535221551243,5.349195717878645]]],[[[118.91794325746523,5.349195717878645],[118.91794325746523,5.34955228789725],[118.9184614658558,5.349490992360785],[118.9184614658558,5.349195717878645],[118.91794325746523,5.349195717878645]]],[[[118.91587042390299,5.349828913522172],[118.91742504907467,5.349613583439694],[118.91742504907467,5.349195717878645],[118.91638863229353,5.349195717878645],[118.91587042390299,5.349828913522172]]],[[[118.93348950918205,5.351557322863943],[118.9329713007915,5.351557322863943],[118.9329713007915,5.35195092455769],[118.93348950918205,5.35195092455769],[118.93348950918205,5.351557322863943]]],[[[118.86871346036197,5.35195092455769],[118.8681952519714,5.35195092455769],[118.8681952519714,5.3523445264980225],[118.86871346036197,5.3523445264980225],[118.86871346036197,5.35195092455769]]],[[[118.86767704358084,5.353131731118505],[118.8681952519714,5.353131731118505],[118.8681952519714,5.3523445264980225],[118.86767704358084,5.3523445264980225],[118.86767704358084,5.353131731118505]]],[[[118.93711696791597,5.353525333798694],[118.93659875952541,5.353525333798694],[118.93659875952541,5.353918936725543],[118.93711696791597,5.353918936725543],[118.93711696791597,5.353525333798694]]],[[[118.87596837782982,5.358248585205496],[118.87545016943925,5.358248585205496],[118.87545016943925,5.358642191093669],[118.87596837782982,5.358642191093669],[118.87596837782982,5.358248585205496]]],[[[118.87545016943925,5.358642191093669],[118.87493196104869,5.358642191093669],[118.87493196104869,5.35903579722874],[118.87545016943925,5.35903579722874],[118.87545016943925,5.358642191093669]]],[[[118.87907762817316,5.36454630905442],[118.87907762817316,5.363870392826108],[118.87804121139206,5.363759090114393],[118.87735840586627,5.362578263557855],[118.87648658622038,5.362578263557855],[118.87648658622038,5.363759090114393],[118.87596837782982,5.363759090114393],[118.87596837782982,5.36533352898315],[118.87648658622038,5.36533352898315],[118.87648658622038,5.366120749900735],[118.87752300300149,5.366120749900735],[118.87752300300149,5.366514360730393],[118.87804121139206,5.366514360730393],[118.87804121139206,5.365727139318327],[118.87855941978262,5.365727139318327],[118.87855941978262,5.36533352898315],[118.87959583656372,5.36533352898315],[118.87959583656372,5.36454630905442],[118.87907762817316,5.36454630905442]]],[[[118.87389554426758,5.36533352898315],[118.87389554426758,5.365727139318327],[118.87441375265811,5.365727139318327],[118.87441375265811,5.36533352898315],[118.87389554426758,5.36533352898315]]]]},"properties":{"place_id":"3761d393-3955-55f4-ae7b-ee16134e5c52","habitat":"forest_interior","habitat_label":"Forest interior","resolution_m":50}},{"type":"Feature","geometry":{"type":"MultiPolygon","coordinates":[[[[118.5469060498238,5.080463257554321],[118.54483321626157,5.080893987616254],[118.54483321626157,5.081210227303029],[118.54535142465214,5.081210227303029],[118.54535142465214,5.080816790865133],[118.54638784143324,5.081210227303029],[118.5469060498238,5.080463257554321]]],[[[118.53809650718429,5.08239053801983],[118.53809650718429,5.082293862253167],[118.53763126853978,5.08239053801983],[118.53809650718429,5.08239053801983]]],[[[118.53602367362203,5.0839642889168415],[118.53602367362203,5.083570850841682],[118.53654188201259,5.083570850841682],[118.53654188201259,5.082783975393196],[118.53706009040316,5.082509227844714],[118.53666660000002,5.082590994479539],[118.53502461115353,5.0839642889168415],[118.53602367362203,5.0839642889168415]]],[[[118.53498725684092,5.08435772722597],[118.53498725684092,5.083995530617587],[118.53455419458786,5.08435772722597],[118.53498725684092,5.08435772722597]]],[[[118.53343263166924,5.085538043557349],[118.53446904845035,5.085144604546205],[118.53446904845035,5.084428940203094],[118.53343263166924,5.085295760225987],[118.53343263166924,5.085538043557349]]],[[[118.53291442327868,5.085931482802535],[118.53291442327868,5.08572917066342],[118.53267252832515,5.085931482802535],[118.53291442327868,5.085931482802535]]],[[[118.53239621488811,5.086324922281784],[118.53239621488811,5.086162581384877],[118.53220211175949,5.086324922281784],[118.53239621488811,5.086324922281784]]],[[[118.56886735500652,5.095767540050106],[118.56867080222735,5.095713979355734],[118.56867080222735,5.095767540050106],[118.56886735500652,5.095767540050106]]],[[[118.57319885681629,5.096947876764094],[118.57281646935185,5.0968436758769515],[118.57281646935185,5.096947876764094],[118.57319885681629,5.096947876764094]]],[[[118.52358667224857,5.098521662333601],[118.52410488063913,5.099308556526196],[118.52514129742026,5.099308556526196],[118.52514129742026,5.0989151093125615],[118.52565950581082,5.0989151093125615],[118.52514129742026,5.0981282155892895],[118.52410488063913,5.0981282155892895],[118.52410488063913,5.098521662333601],[118.52358667224857,5.098521662333601]]],[[[118.56504334349344,5.110325173859498],[118.56504334349344,5.111112082149006],[118.56607976027455,5.111505536646618],[118.56607976027455,5.111112082149006],[118.5665979686651,5.111112082149006],[118.5665979686651,5.110325173859498],[118.56607976027455,5.110325173859498],[118.56607976027455,5.109931720067563],[118.56504334349344,5.110325173859498]]],[[[118.48161179261318,5.117407382352702],[118.48161179261318,5.117310632990173],[118.47864077202232,5.117407382352702],[118.48161179261318,5.117407382352702]]],[[[118.46451091572467,5.126063518604125],[118.46502912411522,5.126673897426338],[118.46606554089635,5.126456982054731],[118.46554733250578,5.125670055389465],[118.46451091572467,5.126063518604125]]],[[[118.4878302932999,5.12724390966386],[118.48884808334059,5.128030838217],[118.48886671008103,5.127637373822418],[118.48938491847156,5.127637373822418],[118.48886671008103,5.126850445741303],[118.4878302932999,5.12724390966386]]],[[[118.5603794679784,5.128817767714299],[118.56089767636894,5.129604698155903],[118.56193409315007,5.1292112328170525],[118.5614158847595,5.128424302847619],[118.5603794679784,5.128817767714299]]],[[[118.48938491847156,5.128030838217],[118.48886671008103,5.128078299435572],[118.48980190000002,5.130287994430775],[118.49050347883887,5.1311785618726296],[118.49093954364326,5.1311785618726296],[118.49042133525269,5.1292112328170525],[118.48990312686213,5.1292112328170525],[118.48990312686213,5.128424302847619],[118.48938491847156,5.128424302847619],[118.48938491847156,5.128030838217]]],[[[118.49197596042437,5.131572028392235],[118.49197596042437,5.1311785618726296],[118.49100692585542,5.131572028392235],[118.4917358,5.132123294428891],[118.4914577520338,5.133539364533722],[118.49249416881493,5.133145896832901],[118.49249416881493,5.1323589621400805],[118.49197596042437,5.1323589621400805],[118.49249416881493,5.131572028392235],[118.49197596042437,5.131572028392235]]],[[[118.49042133525269,5.134719769054054],[118.49042133525269,5.133932832470843],[118.49093954364326,5.133932832470843],[118.49042133525269,5.133342458960129],[118.48988229999999,5.133728894427291],[118.48990312686213,5.134718817466941],[118.4914577520338,5.137080584476781],[118.4914577520338,5.136687114648603],[118.49197596042437,5.136687114648603],[118.49197596042437,5.135900175701573],[118.4914577520338,5.135900175701573],[118.4914577520338,5.13550670658268],[118.49093954364326,5.13550670658268],[118.49093954364326,5.134719769054054],[118.49042133525269,5.134719769054054]]],[[[118.49156682717039,5.138260995380177],[118.4920093,5.139902594420945],[118.49249416881493,5.1402283516165],[118.4930123772055,5.13944140841226],[118.49249416881493,5.13944140841226],[118.49249416881493,5.138654466154325],[118.49156682717039,5.138260995380177]]],[[[118.4930123772055,5.141408768197506],[118.49353058559606,5.141408768197506],[118.49353058559606,5.1410152957671915],[118.49252245789475,5.14062182357353],[118.4930123772055,5.141408768197506]]],[[[118.53965113235596,5.1425891869085305],[118.54016934074653,5.143376133899471],[118.54120575752764,5.14298266028563],[118.54068754913709,5.142195713768156],[118.53965113235596,5.1425891869085305]]],[[[118.49456700237717,5.1425891869085305],[118.49456700237717,5.141802240864488],[118.49353058559606,5.141408768197506],[118.4942946,5.143145694417643],[118.49434027188946,5.145343505520472],[118.49508521076774,5.1449500307226375],[118.49508521076774,5.14455655616164],[118.49456700237717,5.14455655616164],[118.49508521076774,5.1425891869085305],[118.49456700237717,5.1425891869085305]]],[[[118.49353058559606,5.147704359282053],[118.49353058559606,5.147580633354284],[118.49325836285901,5.147704359282053],[118.49353058559606,5.147704359282053]]],[[[118.49923087789222,5.169345916778866],[118.49974908628278,5.170132896052403],[118.50078550306391,5.169739406296635],[118.50026729467335,5.168952427499081],[118.49923087789222,5.169345916778866]]],[[[118.4966398359394,5.168952427499081],[118.4966398359394,5.170132896052403],[118.49767625272054,5.169739406296635],[118.49715804432998,5.168952427499081],[118.4966398359394,5.168952427499081]]],[[[118.49420374370891,5.1756417776336745],[118.49456700237717,5.176428764527991],[118.4956034191583,5.176035270961683],[118.49508521076774,5.175248284543943],[118.49420374370891,5.1756417776336745]]],[[[118.49715804432998,5.176428764527991],[118.49715804432998,5.177215752375571],[118.49819446111111,5.177609246656882],[118.49819446111111,5.177215752375571],[118.49871266950166,5.177215752375571],[118.49871266950166,5.176428764527991],[118.49819446111111,5.176428764527991],[118.49819446111111,5.176035270961683],[118.49715804432998,5.176428764527991]]],[[[118.49404879398661,5.178789730931117],[118.49456700237717,5.178002741176566],[118.49404879398661,5.178002741176566],[118.49390986206458,5.177609246656882],[118.493585302672,5.178789730931117],[118.49404879398661,5.178789730931117]]],[[[118.49353058559606,5.1799702173511974],[118.49415509999997,5.181570094378431],[118.49404879398661,5.183224131855371],[118.49456700237717,5.183511689491491],[118.49456700237717,5.183118191632664],[118.49508521076774,5.183118191632664],[118.49508521076774,5.181150705917618],[118.49456700237717,5.181150705917618],[118.49456700237717,5.180363713301496],[118.49353058559606,5.1799702173511974]]],[[[118.49456700237717,5.183905187588968],[118.49475178963907,5.185479182365734],[118.49508521076774,5.185479182365734],[118.49508521076774,5.185085683313476],[118.4956034191583,5.185085683313476],[118.4956034191583,5.184298685925111],[118.49508521076774,5.184298685925111],[118.49508521076774,5.183905187588968],[118.49456700237717,5.183905187588968]]],[[[118.49508521076774,5.185479182365734],[118.4956034191583,5.186468315731282],[118.49612162754887,5.186266181186495],[118.4956034191583,5.185479182365734],[118.49508521076774,5.185479182365734]]],[[[118.49640118516712,5.18705318096237],[118.49772745965662,5.18784018169351],[118.49819446111111,5.18784018169351],[118.49715804432998,5.186659680955033],[118.49640118516712,5.18705318096237]]],[[[118.49923087789222,5.19084412395362],[118.49974908628278,5.1905946917773305],[118.49974908628278,5.190201189619983],[118.49871266950166,5.189807687701605],[118.49923087789222,5.19084412395362]]],[[[118.52203204707689,5.190988194173657],[118.52255025546746,5.191775199683335],[118.52358667224857,5.191381696808986],[118.52306846385802,5.1905946917773305],[118.52203204707689,5.190988194173657]]],[[[118.51684996317128,5.191381696808986],[118.51736817156186,5.192168702796721],[118.51840458834297,5.191775199683335],[118.51788637995242,5.190988194173657],[118.51684996317128,5.191381696808986]]],[[[118.50130371145445,5.192955709740681],[118.50130371145445,5.192168702796721],[118.50182191984501,5.192168702796721],[118.50182191984501,5.191775199683335],[118.50078550306391,5.191381696808986],[118.50130371145445,5.192955709740681]]],[[[118.50234012823559,5.192168702796721],[118.50234012823559,5.192562206149163],[118.50182191984501,5.192562206149163],[118.50182191984501,5.193349213571293],[118.50130371145445,5.193349213571293],[118.50182191984501,5.194136221949869],[118.50234012823559,5.194136221949869],[118.50234012823559,5.193742717641015],[118.50285833662615,5.193742717641015],[118.50285833662615,5.192955709740681],[118.50337654501672,5.192955709740681],[118.50337654501672,5.192562206149163],[118.50234012823559,5.192168702796721]]],[[[118.53654188201259,5.195316736311399],[118.53706009040316,5.196103747081744],[118.53809650718429,5.195710241576962],[118.53757829879372,5.194923231285043],[118.53654188201259,5.195316736311399]]],[[[118.50804042053176,5.209089563065024],[118.50804042053176,5.208696049655487],[118.50700400375062,5.209089563065024],[118.50700400375062,5.210270104732825],[118.5075222121412,5.210270104732825],[118.5075222121412,5.210663619101886],[118.50907683731288,5.209876590603675],[118.50907683731288,5.209483076714414],[118.50804042053176,5.209089563065024]]],[[[118.54535142465214,5.2197145158475555],[118.5458696330427,5.220501556352759],[118.5469060498238,5.2201080359799725],[118.54638784143324,5.219320995955493],[118.54535142465214,5.2197145158475555]]],[[[118.56348871832174,5.22719143948492],[118.56400692671231,5.227978489130924],[118.56504334349344,5.22758496418756],[118.56452513510287,5.226797915022986],[118.56348871832174,5.22719143948492]]],[[[118.49767625272054,5.237816691004283],[118.49767625272054,5.237029629310534],[118.49730955254118,5.237029629310534],[118.49726016549474,5.237816691004283],[118.49767625272054,5.237816691004283]]],[[[118.565561551884,5.260641900421588],[118.56607976027455,5.261428991124425],[118.56711617705568,5.261035445651857],[118.5665979686651,5.260248355433601],[118.565561551884,5.260641900421588]]],[[[118.50337654501672,5.293306980778247],[118.50337654501672,5.292519850701462],[118.50285833662615,5.292519850701462],[118.50285833662615,5.291732721599802],[118.50234012823559,5.291732721599802],[118.50234012823559,5.290552029775348],[118.50182191984501,5.290552029775348],[118.50182191984501,5.288977777420963],[118.50130371145445,5.288977777420963],[118.50078550306391,5.28661640619745],[118.50026729467335,5.28661640619745],[118.50026729467335,5.285829284404505],[118.49974908628278,5.285829284404505],[118.49974908628278,5.285042163585423],[118.49923087789222,5.285042163585423],[118.49923087789222,5.284255043740057],[118.49819446111111,5.283861484182471],[118.49819446111111,5.283074365797401],[118.49767625272054,5.283074365797401],[118.49767625272054,5.282680806969881],[118.4956034191583,5.282680806969881],[118.4956034191583,5.283074365797401],[118.49508521076774,5.283074365797401],[118.49353058559606,5.284648603541035],[118.4911550598642,5.284255043740057],[118.49117519999997,5.284639694273597],[118.4926879,5.284896094273314],[118.49369639999999,5.284682494273555],[118.4963786,5.282941094275294],[118.4973228,5.282951794275282],[118.49787,5.283379094274846],[118.4998655,5.286391794271791],[118.50185039999998,5.2915196942665945],[118.50322359999998,5.2935814942645045],[118.50334169999998,5.296059994261968],[118.50138666758997,5.29724264579425],[118.50234012823559,5.29724264579425],[118.50234012823559,5.2968490781949376],[118.50389475340727,5.296061943728251],[118.50389475340727,5.293306980778247],[118.50337654501672,5.293306980778247]]],[[[118.49508521076774,5.29724264579425],[118.49715804432998,5.297636213637565],[118.49767625272054,5.298423350056282],[118.50078550306391,5.298423350056282],[118.50078550306391,5.298029781724902],[118.50130371145445,5.298029781724902],[118.50130371145445,5.2973288374674885],[118.5007667,5.297886794260139],[118.49885699999999,5.298185894259807],[118.49585289999997,5.297074894260966],[118.49508521076774,5.296905639675265],[118.49508521076774,5.29724264579425]]],[[[118.51322250443737,5.311017665625014],[118.5127042960468,5.311017665625014],[118.5127042960468,5.310624089474534],[118.51166787926567,5.310230513568687],[118.511543616171,5.310624089474534],[118.51306199999998,5.311454094246354],[118.51322250443737,5.311017665625014]]],[[[118.510113254094,5.310624089474534],[118.510113254094,5.311017665625014],[118.50907683731288,5.311017665625014],[118.50907683731288,5.31141124202015],[118.50804042053176,5.31141124202015],[118.50804042053176,5.311804818659956],[118.50700400375062,5.311804818659956],[118.50700400375062,5.312198395544453],[118.50596758696952,5.311804818659956],[118.50596758696952,5.310230513568687],[118.50544937857896,5.310230513568687],[118.50544937857896,5.3082626377083155],[118.50493117018839,5.3082626377083155],[118.50493117018839,5.3074754890759595],[118.50441296179783,5.3074754890759595],[118.50441296179783,5.307081915126521],[118.50389475340727,5.307081915126521],[118.50389475340727,5.306688341421547],[118.50182191984501,5.305507621773251],[118.50182191984501,5.304720476563052],[118.50130371145445,5.304720476563052],[118.50130371145445,5.304326904324495],[118.50078550306391,5.304326904324495],[118.49923087789222,5.302752617813458],[118.49819446111111,5.302752617813458],[118.49819446111111,5.302359046796404],[118.49767625272054,5.302359046796404],[118.49767625272054,5.301965476023597],[118.49715804432998,5.301965476023597],[118.49715804432998,5.301571905495014],[118.4966398359394,5.301571905495014],[118.4966398359394,5.30117833521064],[118.49612162754887,5.30117833521064],[118.49612162754887,5.300784765170455],[118.4956034191583,5.300784765170455],[118.4956034191583,5.3003911953744405],[118.49508521076774,5.3003911953744405],[118.49508521076774,5.299997625822579],[118.49456700237717,5.299997625822579],[118.49456700237717,5.29960405651485],[118.49249416881493,5.298423350056282],[118.49249416881493,5.2968490781949376],[118.49482866441214,5.2968490781949376],[118.4928489,5.296412594261626],[118.49216220000001,5.296668894261369],[118.49179740000001,5.297032194260994],[118.49196909999998,5.298185894259807],[118.50447889999998,5.307715094250129],[118.5057664,5.31194549424587],[118.50694650000001,5.3123727942454515],[118.51148704387026,5.310624089474534],[118.510113254094,5.310624089474534]]],[[[118.5665979686651,5.32164431422761],[118.5665979686651,5.321871739491706],[118.56661125493467,5.32164431422761],[118.5665979686651,5.32164431422761]]],[[[118.56607976027455,5.322037897235387],[118.56607976027455,5.322431480488334],[118.56656526840572,5.322431480488334],[118.5665882616702,5.322037897235387],[118.56607976027455,5.322037897235387]]],[[[118.53757829879372,5.323612231718401],[118.53757829879372,5.323218647729823],[118.53706009040316,5.323218647729823],[118.5377253824482,5.324005815952223],[118.53809650718429,5.324005815952223],[118.53809650718429,5.323612231718401],[118.53757829879372,5.323612231718401]]],[[[118.6443292272492,5.083177413000473],[118.64484743563976,5.0839642889168415],[118.6458838524209,5.083570850841682],[118.64536564403033,5.082783975393196],[118.6443292272492,5.083177413000473]]],[[[118.63292864265688,5.08435772722597],[118.63292864265688,5.084318403523794],[118.63261972462074,5.08435772722597],[118.63292864265688,5.08435772722597]]],[[[118.63571048707705,5.0839642889168415],[118.63551968460968,5.08435772722597],[118.63603789300025,5.08435772722597],[118.63603789300025,5.084751165769084],[118.63707430978135,5.08435772722597],[118.63707430978135,5.0839642889168415],[118.63571048707705,5.0839642889168415]]],[[[118.65365697827932,5.085931482802535],[118.65417518666985,5.086718361995112],[118.65521160345098,5.086324922281784],[118.65469339506042,5.085538043557349],[118.65365697827932,5.085931482802535]]],[[[118.64484743563976,5.085931482802535],[118.64484743563976,5.086718361995112],[118.6458838524209,5.087111801942537],[118.6458838524209,5.086718361995112],[118.64640206081147,5.086718361995112],[118.64640206081147,5.085931482802535],[118.6458838524209,5.085931482802535],[118.6458838524209,5.085538043557349],[118.64484743563976,5.085931482802535]]],[[[118.63759251817191,5.090259329951686],[118.63811072656249,5.091046214296247],[118.63914714334362,5.090652772006825],[118.63862893495305,5.089865888130811],[118.63759251817191,5.090259329951686]]],[[[118.65469339506042,5.092226542570395],[118.65521160345098,5.093013429258248],[118.65624802023211,5.092619985797133],[118.65572981184155,5.091833099578014],[118.65469339506042,5.092226542570395]]],[[[118.63603789300025,5.092619985797133],[118.63603789300025,5.092226542570395],[118.63344685104744,5.092226542570395],[118.63292864265688,5.093013429258248],[118.63500147621912,5.094193761048024],[118.63500147621912,5.093800316883675],[118.63655610139081,5.093013429258248],[118.63655610139081,5.092619985797133],[118.63603789300025,5.092619985797133]]],[[[118.63253495280746,5.095767540050106],[118.63292864265688,5.09655443095821],[118.63396505943801,5.096160985386885],[118.63344685104744,5.095374094947847],[118.63253495280746,5.095767540050106]]],[[[118.58041802649926,5.0989151093125615],[118.5800713868197,5.0988206494427875],[118.5800713868197,5.0989151093125615],[118.58041802649926,5.0989151093125615]]],[[[118.58330569437246,5.099702003974518],[118.58318063716307,5.099667925641758],[118.58318063716307,5.099702003974518],[118.58330569437246,5.099702003974518]]],[[[118.63655610139081,5.099308556526196],[118.63603789300025,5.099308556526196],[118.63603789300025,5.10009545165755],[118.63707430978135,5.100488899575307],[118.63707430978135,5.10009545165755],[118.63759251817191,5.10009545165755],[118.63759251817191,5.099308556526196],[118.63707430978135,5.099308556526196],[118.63707430978135,5.0989151093125615],[118.63655610139081,5.0989151093125615],[118.63655610139081,5.099308556526196]]],[[[118.63292864265688,5.1028495920121495],[118.63292864265688,5.103636491369748],[118.63396505943801,5.104029941400876],[118.63396505943801,5.103636491369748],[118.63448326782857,5.103636491369748],[118.63448326782857,5.1028495920121495],[118.63396505943801,5.1028495920121495],[118.63396505943801,5.102456142685643],[118.63292864265688,5.1028495920121495]]],[[[118.59613584692707,5.104029941400876],[118.59665405531763,5.104816842167889],[118.59769047209876,5.10442339166692],[118.5971722637082,5.103636491369748],[118.59613584692707,5.104029941400876]]],[[[118.64640206081147,5.107571002254282],[118.646920269202,5.108357907251533],[118.64795668598313,5.10796445463536],[118.64743847759257,5.107177550108283],[118.64640206081147,5.107571002254282]]],[[[118.6759399390734,5.111112082149006],[118.67645814746396,5.111898991379491],[118.6774945642451,5.111505536646618],[118.67697635585452,5.110718627886639],[118.6759399390734,5.111112082149006]]],[[[118.59043555463091,5.116227008973755],[118.59095376302146,5.117013924324205],[118.5919901798026,5.116620466531228],[118.59147197141202,5.115833551651769],[118.59043555463091,5.116227008973755]]],[[[118.6432928104681,5.116620466531228],[118.6432928104681,5.117407382352702],[118.6443292272492,5.117800840616739],[118.6443292272492,5.117407382352702],[118.64484743563976,5.117407382352702],[118.64484743563976,5.116620466531228],[118.6443292272492,5.116620466531228],[118.6443292272492,5.116227008973755],[118.6432928104681,5.116620466531228]]],[[[118.5800713868197,5.117800840616739],[118.58058959521027,5.118587757851511],[118.58162601199137,5.118194299116337],[118.5811078036008,5.117407382352702],[118.5800713868197,5.117800840616739]]],[[[118.6443292272492,5.119768135470682],[118.6443292272492,5.1193746760286665],[118.64381101885866,5.1193746760286665],[118.64381101885866,5.119768135470682],[118.64277460207752,5.119768135470682],[118.64277460207752,5.1193746760286665],[118.64225639368696,5.1193746760286665],[118.64173818529642,5.120161595148353],[118.64225639368696,5.120161595148353],[118.64225639368696,5.120555055061691],[118.64277460207752,5.120555055061691],[118.64277460207752,5.120161595148353],[118.64381101885866,5.120161595148353],[118.64381101885866,5.120555055061691],[118.6443292272492,5.120555055061691],[118.6443292272492,5.120161595148353],[118.64484743563976,5.120161595148353],[118.64484743563976,5.119768135470682],[118.6443292272492,5.119768135470682]]],[[[118.64070176851529,5.12330928105537],[118.64121997690586,5.124096204889934],[118.64225639368696,5.123702742854735],[118.64173818529642,5.122915819491826],[118.64070176851529,5.12330928105537]]],[[[118.62774655875127,5.124096204889934],[118.62722835036072,5.124883129667915],[118.6287829755324,5.125670055389465],[118.62930118392296,5.124883129667915],[118.62774655875127,5.124096204889934]]],[[[118.65572981184155,5.125670055389465],[118.65624802023211,5.126456982054731],[118.65728443701322,5.126063518604125],[118.65676622862266,5.125276592410737],[118.65572981184155,5.125670055389465]]],[[[118.65365697827932,5.127637373822418],[118.65417518666985,5.128424302847619],[118.65521160345098,5.128030838217],[118.65469339506042,5.12724390966386],[118.65365697827932,5.127637373822418]]],[[[118.5971722637082,5.133932832470843],[118.59769047209876,5.134719769054054],[118.59872688887987,5.13432630064428],[118.59820868048931,5.133539364533722],[118.5971722637082,5.133932832470843]]],[[[118.66816681321501,5.193742717641015],[118.66868502160554,5.194529726497873],[118.66972143838667,5.194136221949869],[118.66920322999611,5.193349213571293],[118.66816681321501,5.193742717641015]]],[[[118.66609397965274,5.194529726497873],[118.6655757712622,5.194529726497873],[118.6655757712622,5.194923231285043],[118.6666121880433,5.195316736311399],[118.66713039643388,5.194529726497873],[118.6666121880433,5.194529726497873],[118.6666121880433,5.194136221949869],[118.66609397965274,5.194136221949869],[118.66609397965274,5.194529726497873]]],[[[118.66194831252827,5.2004323234284],[118.66246652091883,5.201219340421677],[118.66350293769996,5.2008258318053056],[118.6629847293094,5.200038815290939],[118.66194831252827,5.2004323234284]]],[[[118.65572981184155,5.201219340421677],[118.65624802023211,5.202006358372883],[118.65728443701322,5.201612849277531],[118.65676622862266,5.2008258318053056],[118.65572981184155,5.201219340421677]]],[[[118.66453935448106,5.203186887096135],[118.66505756287164,5.2039739074428155],[118.66609397965274,5.20358039714968],[118.6655757712622,5.202793377282169],[118.66453935448106,5.203186887096135]]],[[[118.65676622862266,5.203186887096135],[118.65728443701322,5.2039739074428155],[118.65832085379435,5.20358039714968],[118.65780264540379,5.202793377282169],[118.65676622862266,5.203186887096135]]],[[[118.66505756287164,5.2177469187903975],[118.6655757712622,5.21853395689235],[118.6666121880433,5.218140437721236],[118.66609397965274,5.217353400099821],[118.66505756287164,5.2177469187903975]]],[[[118.66609397965274,5.2327008072344485],[118.66609397965274,5.233094335308902],[118.6655757712622,5.233094335308902],[118.6655757712622,5.233881392180773],[118.66505756287164,5.233881392180773],[118.6655757712622,5.234668450016725],[118.66609397965274,5.234668450016725],[118.66609397965274,5.23427492097823],[118.6666121880433,5.23427492097823],[118.6666121880433,5.233487863624337],[118.66713039643388,5.233487863624337],[118.66713039643388,5.233094335308902],[118.66609397965274,5.2327008072344485]]],[[[118.67127606355835,5.2362425685814555],[118.67179427194891,5.237029629310534],[118.67283068873004,5.236636098825421],[118.67231248033949,5.235849038578623],[118.67127606355835,5.2362425685814555]]],[[[118.67179427194891,5.238210222212957],[118.67179427194891,5.237816691004283],[118.67127606355835,5.237816691004283],[118.67127606355835,5.238210222212957],[118.67075785516779,5.238210222212957],[118.67075785516779,5.2389972853539915],[118.67127606355835,5.2389972853539915],[118.67179427194891,5.239784349460068],[118.67334889712059,5.239784349460068],[118.67386710551115,5.2389972853539915],[118.67179427194891,5.238210222212957]]],[[[118.67386710551115,5.2405714145313365],[118.67386710551115,5.241752013948298],[118.67490352229228,5.242145547570039],[118.67490352229228,5.241752013948298],[118.67542173068286,5.241752013948298],[118.67542173068286,5.2405714145313365],[118.67490352229228,5.2405714145313365],[118.67490352229228,5.240177881875046],[118.67386710551115,5.2405714145313365]]],[[[118.67438531390172,5.243326149883793],[118.67438531390172,5.243719684471282],[118.67386710551115,5.243719684471282],[118.67386710551115,5.24490028968272],[118.67542173068286,5.24568736103134],[118.6759399390734,5.24490028968272],[118.67542173068286,5.24490028968272],[118.67542173068286,5.243719684471282],[118.67438531390172,5.243326149883793]]],[[[118.66920322999611,5.252771046670323],[118.66972143838667,5.253558127688639],[118.67075785516779,5.253164587058517],[118.67023964677725,5.252377506524038],[118.66920322999611,5.252771046670323]]],[[[118.66194831252827,5.283074365797401],[118.66246652091883,5.283861484182471],[118.66350293769996,5.28346792486826],[118.6629847293094,5.282680806969881],[118.66194831252827,5.283074365797401]]],[[[118.599763305661,5.323612231718401],[118.599763305661,5.323218647729823],[118.59929403225152,5.323218647729823],[118.59872688887987,5.324005815952223],[118.599763305661,5.323612231718401]]],[[[118.58784451267812,5.323218647729823],[118.58784451267812,5.323612231718401],[118.58732630428754,5.323612231718401],[118.58732630428754,5.324424606697876],[118.5882844432784,5.323218647729823],[118.58784451267812,5.323218647729823]]],[[[118.58266242877251,5.325186570125358],[118.58253842156117,5.325186570125358],[118.58266242877251,5.325328279790636],[118.58266242877251,5.325186570125358]]],[[[118.58628988750641,5.325186570125358],[118.58628988750641,5.3255801553403534],[118.58577167911585,5.3255801553403534],[118.58577167911585,5.325973740800688],[118.58609551403046,5.325973740800688],[118.586720922387,5.325186570125358],[118.58628988750641,5.325186570125358]]],[[[118.58318063716307,5.3255801553403534],[118.5828828398131,5.3255801553403534],[118.58318063716307,5.3259204645471305],[118.58318063716307,5.3255801553403534]]],[[[118.58369884555361,5.325973740800688],[118.58322725806505,5.325973740800688],[118.58369884555361,5.326512649859059],[118.58369884555361,5.325973740800688]]],[[[118.58421705394417,5.3267609124574475],[118.58391609456892,5.3267609124574475],[118.58421705394417,5.327104835726484],[118.58421705394417,5.3267609124574475]]],[[[118.5842605128209,5.32715449865391],[118.58473059999997,5.327691694229903],[118.58515740149561,5.32715449865391],[118.5842605128209,5.32715449865391]]],[[[118.59561763853652,5.329122433317802],[118.59561763853652,5.328728845894085],[118.59518154197586,5.328728845894085],[118.59312529683801,5.33148396301638],[118.59458122175539,5.330696785467915],[118.59458122175539,5.329909608901771],[118.59509943014596,5.329909608901771],[118.59509943014596,5.329122433317802],[118.59561763853652,5.329122433317802]]],[[[118.67386710551115,5.3543125398990625],[118.67438531390172,5.3550997469862045],[118.67542173068286,5.3547061433192775],[118.67490352229228,5.353918936725543],[118.67386710551115,5.3543125398990625]]],[[[118.67688818167822,5.06311239288352],[118.67697635585452,5.060358417866292],[118.67696572276346,5.060358417866292],[118.67688818167822,5.06311239288352]]],[[[118.67686602708244,5.0638992449850635],[118.67697635585452,5.063505818817788],[118.67687710438035,5.063505818817788],[118.67686602708244,5.0638992449850635]]],[[[118.68112202297901,5.06547295198461],[118.68164023136957,5.066259806882907],[118.6826766481507,5.065866379317199],[118.68215843976013,5.065079524885119],[118.68112202297901,5.06547295198461]]],[[[118.68215843976013,5.067046662713751],[118.68215843976013,5.066653234681751],[118.68112202297901,5.067046662713751],[118.68112202297901,5.068226948208867],[118.68164023136957,5.068226948208867],[118.68164023136957,5.06862037717367],[118.6826766481507,5.06862037717367],[118.6826766481507,5.068226948208867],[118.68371306493181,5.067833519477291],[118.68319485654125,5.067046662713751],[118.68215843976013,5.067046662713751]]],[[[118.69216601717879,5.067833519477291],[118.69200439918079,5.067745298283483],[118.69200439918079,5.067833519477291],[118.69216601717879,5.067833519477291]]],[[[118.69288676395341,5.068226948208867],[118.69252260757135,5.068028168818453],[118.69252260757135,5.068226948208867],[118.69288676395341,5.068226948208867]]],[[[118.68889514883742,5.07609557184309],[118.68941335722799,5.076882439343247],[118.6904497740091,5.076489005476359],[118.68993156561855,5.075702138443419],[118.68889514883742,5.07609557184309]]],[[[118.6785309810262,5.078062742345795],[118.6785309810262,5.0788496121825855],[118.67956739780733,5.079243047451565],[118.67956739780733,5.0788496121825855],[118.68008560619789,5.0788496121825855],[118.68008560619789,5.078062742345795],[118.67956739780733,5.078062742345795],[118.67956739780733,5.0776693077779465],[118.6785309810262,5.078062742345795]]],[[[118.68215843976013,5.120555055061691],[118.6826766481507,5.121341975595452],[118.68371306493181,5.120948515210718],[118.68319485654125,5.120161595148353],[118.68215843976013,5.120555055061691]]],[[[118.70651423411648,5.1299981637308685],[118.70651423411648,5.13007411500355],[118.70663237550306,5.1299981637308685],[118.70651423411648,5.1299981637308685]]],[[[118.70599602572592,5.130391629541965],[118.70599602572592,5.130407263277816],[118.70602034382019,5.130391629541965],[118.70599602572592,5.130391629541965]]],[[[118.72568794456723,5.2201080359799725],[118.72568794456723,5.220501556352759],[118.72516973617665,5.220501556352759],[118.72516973617665,5.221288597819523],[118.72620615295779,5.221682118913536],[118.72620615295779,5.221288597819523],[118.72672436134836,5.221288597819523],[118.72672436134836,5.220501556352759],[118.72568794456723,5.2201080359799725]]],[[[118.72465152778612,5.222075640247994],[118.72516973617665,5.221288597819523],[118.72413331939555,5.220895076965937],[118.72361511100499,5.221682118913536],[118.72465152778612,5.222075640247994]]],[[[118.68993156561855,5.224043250527616],[118.6904497740091,5.2248302963232325],[118.69148619079023,5.224436773305135],[118.69096798239966,5.223649727990653],[118.68993156561855,5.224043250527616]]],[[[118.72206048583331,5.2327008072344485],[118.72257869422386,5.233487863624337],[118.72361511100499,5.233094335308902],[118.72309690261442,5.23230727940096],[118.72206048583331,5.2327008072344485]]],[[[118.6759399390734,5.233487863624337],[118.67645814746396,5.23427492097823],[118.6774945642451,5.233881392180773],[118.67697635585452,5.233094335308902],[118.6759399390734,5.233487863624337]]],[[[118.67801277263564,5.235455508816902],[118.6785309810262,5.2362425685814555],[118.67956739780733,5.235849038578623],[118.67904918941677,5.235061979296275],[118.67801277263564,5.235455508816902]]],[[[118.69148619079023,5.242932615537767],[118.69200439918079,5.243719684471282],[118.6930408159619,5.243326149883793],[118.69252260757135,5.242539081433191],[118.69148619079023,5.242932615537767]]],[[[118.68215843976013,5.246474433346263],[118.6826766481507,5.247261506627637],[118.68371306493181,5.246867969866136],[118.68319485654125,5.246080897068005],[118.68215843976013,5.246474433346263]]],[[[118.69407723274303,5.246474433346263],[118.6945954411336,5.247261506627637],[118.6956318579147,5.246867969866136],[118.69511364952413,5.246080897068005],[118.69407723274303,5.246474433346263]]],[[[118.70858706767872,5.251196887536453],[118.7091052760693,5.251983966619644],[118.7101416928504,5.251590426957123],[118.70962348445985,5.25080334835762],[118.70858706767872,5.251196887536453]]],[[[118.68785873205628,5.251196887536453],[118.68734052366574,5.250409809420603],[118.68630410688462,5.25080334835762],[118.68630410688462,5.251196887536453],[118.68682231527518,5.251196887536453],[118.68682231527518,5.251983966619644],[118.68630410688462,5.251983966619644],[118.68682231527518,5.252771046670323],[118.68785873205628,5.252377506524038],[118.68785873205628,5.251983966619644],[118.68734052366574,5.251983966619644],[118.68734052366574,5.251196887536453],[118.68785873205628,5.251196887536453]]],[[[118.68474948171294,5.252377506524038],[118.68526769010349,5.253164587058517],[118.68630410688462,5.252771046670323],[118.68526769010349,5.251590426957123],[118.68423127332238,5.251983966619644],[118.68423127332238,5.252377506524038],[118.68474948171294,5.252377506524038]]],[[[118.69096798239966,5.251983966619644],[118.6904497740091,5.251983966619644],[118.6904497740091,5.252771046670323],[118.69148619079023,5.253164587058517],[118.69148619079023,5.252771046670323],[118.69200439918079,5.252771046670323],[118.69200439918079,5.251983966619644],[118.69148619079023,5.251983966619644],[118.69148619079023,5.251590426957123],[118.69096798239966,5.251590426957123],[118.69096798239966,5.251983966619644]]],[[[118.68474948171294,5.256312918875022],[118.68526769010349,5.257100004249537],[118.68630410688462,5.256706461441233],[118.68578589849405,5.255919376550888],[118.68474948171294,5.256312918875022]]],[[[118.68371306493181,5.258674177904072],[118.68423127332238,5.259461266184388],[118.68526769010349,5.2590677219231265],[118.68474948171294,5.258280634127203],[118.68371306493181,5.258674177904072]]],[[[118.68164023136957,5.261428991124425],[118.68215843976013,5.262216082796528],[118.68319485654125,5.2618225368393094],[118.6826766481507,5.261035445651857],[118.68164023136957,5.261428991124425]]],[[[118.72568794456723,5.265758007319654],[118.72620615295779,5.266545104325379],[118.72724256973892,5.266151555701248],[118.72672436134836,5.265364459180583],[118.72568794456723,5.265758007319654]]],[[[118.68526769010349,5.266151555701248],[118.68526769010349,5.266545104325379],[118.68630410688462,5.266151555701248],[118.68630410688462,5.265758007319654],[118.68578589849405,5.265758007319654],[118.68578589849405,5.265364459180583],[118.68630410688462,5.265364459180583],[118.68578589849405,5.264577363629926],[118.68474948171294,5.264970911284013],[118.68526769010349,5.265758007319654],[118.68423127332238,5.265758007319654],[118.68423127332238,5.265364459180583],[118.68371306493181,5.265364459180583],[118.68371306493181,5.265758007319654],[118.68319485654125,5.265758007319654],[118.68319485654125,5.266545104325379],[118.6826766481507,5.266545104325379],[118.6826766481507,5.266938653192071],[118.68319485654125,5.266938653192071],[118.68319485654125,5.268906401164536],[118.68371306493181,5.268906401164536],[118.68371306493181,5.269299951486963],[118.68474948171294,5.268906401164536],[118.68474948171294,5.267332202301336],[118.68423127332238,5.267332202301336],[118.68423127332238,5.266545104325379],[118.68526769010349,5.266151555701248]]],[[[118.68682231527518,5.27048060391044],[118.68630410688462,5.269693502052076],[118.68474948171294,5.269693502052076],[118.68474948171294,5.270087052859895],[118.68423127332238,5.270087052859895],[118.68423127332238,5.270874155203728],[118.68474948171294,5.270874155203728],[118.68474948171294,5.2716612585186065],[118.68526769010349,5.2716612585186065],[118.68526769010349,5.272054810540236],[118.68630410688462,5.2716612585186065],[118.68578589849405,5.270874155203728],[118.68682231527518,5.27048060391044]]],[[[118.68889514883742,5.274809681491558],[118.68941335722799,5.275596789663896],[118.6904497740091,5.275203235456244],[118.68993156561855,5.274416127769818],[118.68889514883742,5.274809681491558]]],[[[118.6904497740091,5.275990344114532],[118.69096798239966,5.276777453744828],[118.69200439918079,5.276383898808171],[118.69148619079023,5.275596789663896],[118.6904497740091,5.275990344114532]]],[[[118.70962348445985,5.276383898808171],[118.7101416928504,5.27717100892453],[118.71117810963153,5.276777453744828],[118.71065990124096,5.275990344114532],[118.70962348445985,5.276383898808171]]],[[[118.702368566992,5.281106574092791],[118.70288677538255,5.281893690044774],[118.70392319216369,5.281500131947151],[118.70340498377311,5.280713016481673],[118.702368566992,5.281106574092791]]],[[[118.69770469147694,5.281500131947151],[118.6982228998675,5.2822872483856775],[118.69925931664864,5.281893690044774],[118.69874110825808,5.281106574092791],[118.69770469147694,5.281500131947151]]],[[[118.70755065089759,5.281893690044774],[118.70703244250706,5.282680806969881],[118.70858706767872,5.28346792486826],[118.7091052760693,5.282680806969881],[118.70755065089759,5.281893690044774]]],[[[118.69925931664864,5.28346792486826],[118.69977752503921,5.284255043740057],[118.70081394182031,5.284255043740057],[118.70081394182031,5.283861484182471],[118.70133215021087,5.283861484182471],[118.70081394182031,5.283074365797401],[118.69977752503921,5.283074365797401],[118.69977752503921,5.28346792486826],[118.69925931664864,5.28346792486826]]],[[[118.69874110825808,5.28543572387324],[118.69925931664864,5.2862228451792355],[118.70029573342974,5.285829284404505],[118.69977752503921,5.285042163585423],[118.69874110825808,5.28543572387324]]],[[[118.71169631802209,5.28543572387324],[118.71117810963153,5.28543572387324],[118.71065990124096,5.284648603541035],[118.70962348445985,5.285042163585423],[118.70962348445985,5.28543572387324],[118.71065990124096,5.285829284404505],[118.71065990124096,5.2862228451792355],[118.7101416928504,5.2862228451792355],[118.71065990124096,5.287009967459172],[118.71169631802209,5.28661640619745],[118.71169631802209,5.2862228451792355],[118.71117810963153,5.2862228451792355],[118.71169631802209,5.28543572387324]]],[[[118.71998765227104,5.288584214941451],[118.72050586066162,5.289371340144093],[118.72154227744275,5.288977777420963],[118.72102406905218,5.288190652705532],[118.71998765227104,5.288584214941451]]],[[[118.71376915158433,5.289371340144093],[118.71325094319377,5.288584214941451],[118.7127327348032,5.288584214941451],[118.7127327348032,5.288977777420963],[118.71169631802209,5.288977777420963],[118.71169631802209,5.288584214941451],[118.71065990124096,5.288190652705532],[118.71065990124096,5.288584214941451],[118.7101416928504,5.288584214941451],[118.7101416928504,5.289371340144093],[118.70962348445985,5.289371340144093],[118.70962348445985,5.290158466321265],[118.71117810963153,5.2909455934731175],[118.71117810963153,5.290552029775348],[118.71169631802209,5.290552029775348],[118.71169631802209,5.289371340144093],[118.7127327348032,5.289371340144093],[118.7127327348032,5.289764903110853],[118.71376915158433,5.289371340144093]]],[[[118.72206048583331,5.289371340144093],[118.72257869422386,5.290158466321265],[118.72361511100499,5.289764903110853],[118.72309690261442,5.288977777420963],[118.72206048583331,5.289371340144093]]],[[[118.7127327348032,5.290158466321265],[118.71325094319377,5.2909455934731175],[118.7142873599749,5.290552029775348],[118.71376915158433,5.289764903110853],[118.7127327348032,5.290158466321265]]],[[[118.71739661031827,5.290158466321265],[118.7179148187088,5.2909455934731175],[118.71895123548994,5.290552029775348],[118.71843302709938,5.289764903110853],[118.71739661031827,5.290158466321265]]],[[[118.71169631802209,5.2913391574145985],[118.71221452641267,5.2921262860287515],[118.71325094319377,5.291732721599802],[118.7127327348032,5.2909455934731175],[118.71169631802209,5.2913391574145985]]],[[[118.71480556836546,5.292519850701462],[118.71584198514657,5.2921262860287515],[118.71532377675601,5.2913391574145985],[118.7142873599749,5.291732721599802],[118.71480556836546,5.292519850701462]]],[[[118.71843302709938,5.2913391574145985],[118.71739661031827,5.2909455934731175],[118.71584198514657,5.292519850701462],[118.71636019353714,5.292519850701462],[118.71636019353714,5.292913415617956],[118.7168784019277,5.292913415617956],[118.7168784019277,5.292519850701462],[118.7179148187088,5.292519850701462],[118.7179148187088,5.2921262860287515],[118.71843302709938,5.2921262860287515],[118.71843302709938,5.2913391574145985]]],[[[118.72672436134836,5.2913391574145985],[118.72672436134836,5.291732721599802],[118.72620615295779,5.291732721599802],[118.72620615295779,5.292519850701462],[118.72568794456723,5.292519850701462],[118.72620615295779,5.293306980778247],[118.72672436134836,5.293306980778247],[118.72672436134836,5.292913415617956],[118.72724256973892,5.292913415617956],[118.72724256973892,5.2921262860287515],[118.72776077812946,5.2921262860287515],[118.72776077812946,5.291732721599802],[118.72672436134836,5.2913391574145985]]],[[[118.68371306493181,5.339749386620281],[118.68423127332238,5.340536575476116],[118.68526769010349,5.340142980925186],[118.68474948171294,5.339355792561385],[118.68371306493181,5.339749386620281]]],[[[118.7397353043022,5.093800316883675],[118.73967957111238,5.093769893034359],[118.73967957111238,5.093800316883675],[118.7397353043022,5.093800316883675]]],[[[118.83243887302272,5.15085217756822],[118.83243887302272,5.15110484292363],[118.83263109999999,5.150935494409703],[118.83243887302272,5.15085217756822]]],[[[118.78113624235722,5.184692184499941],[118.7816544507478,5.185479182365734],[118.7826908675289,5.185085683313476],[118.78217265913834,5.184298685925111],[118.78113624235722,5.184692184499941]]],[[[118.83710274853777,5.191381696808986],[118.83762095692833,5.192168702796721],[118.83865737370944,5.191775199683335],[118.83813916531888,5.190988194173657],[118.83710274853777,5.191381696808986]]],[[[118.72724256973892,5.2795323451076],[118.72672436134836,5.2795323451076],[118.72672436134836,5.279925901989097],[118.72776077812946,5.280319459113782],[118.72827898652002,5.2795323451076],[118.72776077812946,5.2795323451076],[118.72776077812946,5.279138788469273],[118.72724256973892,5.279138788469273],[118.72724256973892,5.2795323451076]]],[[[118.7287971949106,5.28740352896441],[118.72931540330116,5.288190652705532],[118.73035182008226,5.287797090713194],[118.72983361169173,5.287009967459172],[118.7287971949106,5.28740352896441]]],[[[118.72931540330116,5.295668376860841],[118.72931540330116,5.295274810237359],[118.72983361169173,5.295274810237359],[118.72983361169173,5.294487677722111],[118.72931540330116,5.294487677722111],[118.72931540330116,5.294094111830307],[118.7287971949106,5.294094111830307],[118.7287971949106,5.293306980778247],[118.72776077812946,5.292913415617956],[118.72776077812946,5.293306980778247],[118.72724256973892,5.293306980778247],[118.72724256973892,5.294487677722111],[118.7287971949106,5.295274810237359],[118.7287971949106,5.295668376860841],[118.72827898652002,5.295668376860841],[118.72827898652002,5.296455510839611],[118.7287971949106,5.296455510839611],[118.72931540330116,5.29724264579425],[118.73035182008226,5.29724264579425],[118.73087002847284,5.296455510839611],[118.72931540330116,5.295668376860841]]],[[[118.73501569559731,5.304326904324495],[118.73553390398787,5.305114049045963],[118.736570320769,5.304720476563052],[118.73605211237845,5.303933332330275],[118.73501569559731,5.304326904324495]]],[[[118.73501569559731,5.305901194744933],[118.73501569559731,5.306688341421547],[118.73605211237845,5.307081915126521],[118.73605211237845,5.306688341421547],[118.736570320769,5.306688341421547],[118.736570320769,5.305901194744933],[118.73605211237845,5.305901194744933],[118.73605211237845,5.305507621773251],[118.73501569559731,5.305901194744933]]],[[[118.74486165501796,5.315740598519034],[118.74537986340853,5.316527757428763],[118.74641628018966,5.316134177851451],[118.74589807179909,5.315347019431493],[118.74486165501796,5.315740598519034]]],[[[118.74589807179909,5.318495658989378],[118.74589807179909,5.3192828213285335],[118.74537986340853,5.3192828213285335],[118.74537986340853,5.319676402865665],[118.74589807179909,5.319676402865665],[118.74589807179909,5.3200699846478585],[118.74693448858022,5.3200699846478585],[118.74693448858022,5.319676402865665],[118.74745269697077,5.319676402865665],[118.74745269697077,5.318495658989378],[118.74693448858022,5.318495658989378],[118.74693448858022,5.318102078187319],[118.74589807179909,5.318495658989378]]],[[[118.74434344662743,5.322431480488334],[118.74486165501796,5.323218647729823],[118.74589807179909,5.322825063986476],[118.74537986340853,5.322037897235387],[118.74434344662743,5.322431480488334]]],[[[118.74641628018966,5.322825063986476],[118.74693448858022,5.323612231718401],[118.74797090536133,5.323218647729823],[118.74745269697077,5.322431480488334],[118.74641628018966,5.322825063986476]]],[[[118.74693448858022,5.324399400431311],[118.74745269697077,5.324399400431311],[118.74693448858022,5.323612231718401],[118.74641628018966,5.323612231718401],[118.74641628018966,5.324005815952223],[118.74589807179909,5.324005815952223],[118.74589807179909,5.323612231718401],[118.74486165501796,5.324005815952223],[118.74641628018966,5.3255801553403534],[118.74745269697077,5.325186570125358],[118.74693448858022,5.324399400431311]],[[118.74589807179909,5.324399400431311],[118.74641628018966,5.324399400431311],[118.74641628018966,5.324792985155685],[118.74589807179909,5.324792985155685],[118.74589807179909,5.324399400431311]]],[[[118.74952553053303,5.3255801553403534],[118.75056194731414,5.3267609124574475],[118.75159836409527,5.32636732650638],[118.75159836409527,5.3255801553403534],[118.7510801557047,5.3255801553403534],[118.7510801557047,5.325186570125358],[118.75004373892357,5.325186570125358],[118.75004373892357,5.3255801553403534],[118.74952553053303,5.3255801553403534]]],[[[118.75315298926694,5.32715449865391],[118.75315298926694,5.32636732650638],[118.75211657248583,5.325973740800688],[118.75211657248583,5.32636732650638],[118.75159836409527,5.32636732650638],[118.75159836409527,5.3267609124574475],[118.75211657248583,5.3267609124574475],[118.75159836409527,5.3275480850957875],[118.75211657248583,5.3275480850957875],[118.75211657248583,5.328335258715856],[118.75263478087638,5.328335258715856],[118.75263478087638,5.328728845894085],[118.75367119765751,5.328335258715856],[118.75367119765751,5.327941671783097],[118.75315298926694,5.327941671783097],[118.75367119765751,5.32715449865391],[118.75315298926694,5.32715449865391]]],[[[118.75470761443862,5.3303031970620625],[118.75470761443862,5.330696785467915],[118.75367119765751,5.3310903741193485],[118.75418940604807,5.33187755215903],[118.75574403121975,5.3310903741193485],[118.75574403121975,5.330696785467915],[118.75470761443862,5.3303031970620625]]],[[[118.74952553053303,5.33738782595636],[118.75004373892357,5.33738782595636],[118.75004373892357,5.336994233373114],[118.75159836409527,5.336994233373114],[118.75159836409527,5.33660064103575],[118.75211657248583,5.33660064103575],[118.75211657248583,5.335419865498728],[118.75367119765751,5.334632683036428],[118.75367119765751,5.3338455015571915],[118.75263478087638,5.333451911186175],[118.75263478087638,5.33305832106087],[118.75367119765751,5.332664731181255],[118.75315298926694,5.33187755215903],[118.7510801557047,5.332664731181255],[118.7510801557047,5.334239092173934],[118.75004373892357,5.334632683036428],[118.75056194731414,5.335419865498728],[118.74900732214246,5.335419865498728],[118.74900732214246,5.335813457098575],[118.7484891137519,5.335813457098575],[118.7484891137519,5.33738782595636],[118.74900732214246,5.33738782595636],[118.7484891137519,5.339355792561385],[118.74900732214246,5.339355792561385],[118.74952553053303,5.340142980925186],[118.75056194731414,5.340142980925186],[118.7510801557047,5.339355792561385],[118.75004373892357,5.338962198748478],[118.74952553053303,5.33738782595636]],[[118.75056194731414,5.335813457098575],[118.7510801557047,5.335813457098575],[118.7510801557047,5.33620704894424],[118.75056194731414,5.33620704894424],[118.75056194731414,5.335813457098575]],[[118.75211657248583,5.334239092173934],[118.75263478087638,5.334239092173934],[118.75263478087638,5.334632683036428],[118.75211657248583,5.334632683036428],[118.75211657248583,5.334239092173934]]],[[[118.7484891137519,5.342504551921803],[118.74900732214246,5.342504551921803],[118.74900732214246,5.342898147949276],[118.75159836409527,5.342898147949276],[118.75159836409527,5.344078937508707],[118.7510801557047,5.344078937508707],[118.7510801557047,5.3448661317793515],[118.75159836409527,5.3448661317793515],[118.75159836409527,5.345259729284038],[118.7510801557047,5.345259729284038],[118.7510801557047,5.34604692503223],[118.75159836409527,5.34604692503223],[118.75263478087638,5.347227720501845],[118.75367119765751,5.347227720501845],[118.75418940604807,5.346440523275773],[118.75211657248583,5.345259729284038],[118.75211657248583,5.3448661317793515],[118.75263478087638,5.3448661317793515],[118.75263478087638,5.344078937508707],[118.75315298926694,5.344078937508707],[118.75315298926694,5.342504551921803],[118.75263478087638,5.342504551921803],[118.75263478087638,5.3421109561404645],[118.75159836409527,5.3421109561404645],[118.75159836409527,5.341717360605247],[118.75056194731414,5.341717360605247],[118.75159836409527,5.340536575476116],[118.7510801557047,5.340536575476116],[118.7510801557047,5.340142980925186],[118.75056194731414,5.340142980925186],[118.75004373892357,5.340930170273092],[118.74900732214246,5.340536575476116],[118.74900732214246,5.340930170273092],[118.7484891137519,5.340930170273092],[118.7484891137519,5.342504551921803]]],[[[118.7629989486876,5.364939918895188],[118.76248074029704,5.364939918895188],[118.76248074029704,5.364152699460828],[118.76144432351592,5.363759090114393],[118.76196253190649,5.362971872162925],[118.76144432351592,5.362971872162925],[118.76130923609328,5.362578263557855],[118.76117709999998,5.363893494193217],[118.7622714,5.364737394192343],[118.76309750000001,5.366873794190185],[118.76379489999997,5.367354394189713],[118.76455357385929,5.367398731078801],[118.76351715707816,5.366907971807322],[118.76351715707816,5.366120749900735],[118.7629989486876,5.366120749900735],[118.7629989486876,5.364939918895188]]],[[[118.76092611512536,5.362184655199864],[118.76144432351592,5.362184655199864],[118.76144432351592,5.361397439225066],[118.76092611512536,5.361397439225066],[118.76092611512536,5.357854979564199],[118.76040790673478,5.357854979564199],[118.76092611512536,5.35588695506027],[118.76351715707816,5.355493350899862],[118.76351715707816,5.3550997469862045],[118.76403536546873,5.3550997469862045],[118.76403536546873,5.3543125398990625],[118.7655899906404,5.353525333798694],[118.7655899906404,5.3523445264980225],[118.7629989486876,5.351557322863943],[118.7629989486876,5.348014918713357],[118.76248074029704,5.348014918713357],[118.76196253190649,5.347227720501845],[118.76040790673478,5.347227720501845],[118.76040790673478,5.347621319484411],[118.75988969834422,5.347621319484411],[118.76040790673478,5.348408518188697],[118.75988969834422,5.348408518188697],[118.75988969834422,5.348802117910455],[118.75885328156312,5.348802117910455],[118.75781686478199,5.347621319484411],[118.75626223961031,5.347621319484411],[118.75574403121975,5.346834121765638],[118.75418940604807,5.346834121765638],[118.75367119765751,5.347621319484411],[118.75418940604807,5.347621319484411],[118.75418940604807,5.348014918713357],[118.75522582282917,5.348014918713357],[118.75522582282917,5.348802117910455],[118.75574403121975,5.348802117910455],[118.75574403121975,5.349195717878645],[118.75626223961031,5.349195717878645],[118.75626223961031,5.348802117910455],[118.75781686478199,5.348802117910455],[118.75781686478199,5.349589318093288],[118.75833507317255,5.349589318093288],[118.75833507317255,5.349982918554403],[118.75937148995368,5.349982918554403],[118.75937148995368,5.349589318093288],[118.76092611512536,5.349589318093288],[118.76092611512536,5.349195717878645],[118.76144432351592,5.349195717878645],[118.76144432351592,5.351557322863943],[118.76196253190649,5.351557322863943],[118.76196253190649,5.3523445264980225],[118.76248074029704,5.3523445264980225],[118.76248074029704,5.352738128684953],[118.76351715707816,5.352738128684953],[118.76351715707816,5.353131731118505],[118.76403536546873,5.353131731118505],[118.7629989486876,5.3543125398990625],[118.76040790673478,5.3547061433192775],[118.76040790673478,5.3550997469862045],[118.75937148995368,5.355493350899862],[118.75937148995368,5.356674164121409],[118.75885328156312,5.356674164121409],[118.75885328156312,5.357461374169769],[118.75937148995368,5.357461374169769],[118.75937148995368,5.360216617115528],[118.75885328156312,5.360216617115528],[118.75885328156312,5.3606102242383775],[118.75937148995368,5.3606102242383775],[118.75937148995368,5.361397439225066],[118.75988969834422,5.361397439225066],[118.75988969834422,5.362184655199864],[118.76040790673478,5.362184655199864],[118.76040790673478,5.362578263557855],[118.75937148995368,5.362971872162925],[118.75937148995368,5.363467901522971],[118.76092611512536,5.362184655199864]],[[118.76144432351592,5.348408518188697],[118.76144432351592,5.348014918713357],[118.76196253190649,5.348014918713357],[118.76196253190649,5.348408518188697],[118.76144432351592,5.348408518188697]]],[[[118.77595415845161,5.359429403610729],[118.77595415845161,5.35903579722874],[118.77491774167049,5.35903579722874],[118.77439953327995,5.359823010239651],[118.77491774167049,5.359823010239651],[118.77491774167049,5.360216617115528],[118.77647236684219,5.360216617115528],[118.77750878362329,5.361397439225066],[118.77854520040442,5.361397439225066],[118.77854520040442,5.361003831608217],[118.77906340879498,5.361003831608217],[118.77906340879498,5.360216617115528],[118.77854520040442,5.360216617115528],[118.77854520040442,5.359823010239651],[118.77595415845161,5.359429403610729]]],[[[118.82777499750769,5.360216617115528],[118.82777499750769,5.359823010239651],[118.82725678911711,5.359823010239651],[118.82725678911711,5.360216617115528],[118.82622037233598,5.359823010239651],[118.82622037233598,5.360216617115528],[118.82570216394545,5.360216617115528],[118.82570216394545,5.3606102242383775],[118.82518395555488,5.3606102242383775],[118.82362933038318,5.362184655199864],[118.82570216394545,5.361397439225066],[118.83004647441788,5.3606102242383775],[118.82932962267935,5.359823010239651],[118.8288114142888,5.359823010239651],[118.8288114142888,5.360216617115528],[118.82777499750769,5.360216617115528]],[[118.82725678911711,5.361003831608217],[118.82725678911711,5.3606102242383775],[118.82777499750769,5.3606102242383775],[118.82777499750769,5.361003831608217],[118.82725678911711,5.361003831608217]],[[118.82622037233598,5.3606102242383775],[118.82673858072656,5.3606102242383775],[118.82673858072656,5.361003831608217],[118.82622037233598,5.361003831608217],[118.82622037233598,5.3606102242383775]]],[[[118.77699057523274,5.362971872162925],[118.77647236684219,5.362184655199864],[118.77543595006105,5.362578263557855],[118.77647236684219,5.363759090114393],[118.77750878362329,5.363365481015101],[118.77750878362329,5.362971872162925],[118.77699057523274,5.362971872162925]]],[[[118.77491774167049,5.363759090114393],[118.77543595006105,5.362971872162925],[118.77439953327995,5.362578263557855],[118.77388132488937,5.363365481015101],[118.77491774167049,5.363759090114393]]],[[[118.82362933038318,5.362578263557855],[118.8220747052115,5.362578263557855],[118.8220747052115,5.362971872162925],[118.82155649682095,5.362971872162925],[118.82155649682095,5.363759090114393],[118.8210382884304,5.363759090114393],[118.8210382884304,5.364939918895188],[118.82155649682095,5.364939918895188],[118.82155649682095,5.3653082060503],[118.8220747052115,5.364152699460828],[118.82362933038318,5.362578263557855]]],[[[118.75522582282917,5.366120749900735],[118.75522582282917,5.366152110390156],[118.75527425791056,5.366120749900735],[118.75522582282917,5.366120749900735]]],[[[118.77439953327995,5.366120749900735],[118.77439953327995,5.366514360730393],[118.77337015215767,5.366907971807322],[118.77543595006105,5.367663906105088],[118.77595415845161,5.366907971807322],[118.77439953327995,5.366120749900735]]],[[[118.77699057523274,5.367695194703061],[118.77699057523274,5.368088806521906],[118.77647236684219,5.368088806521906],[118.77699057523274,5.368991273822494],[118.77854520040442,5.368876030901649],[118.77854520040442,5.368482418588099],[118.77699057523274,5.367695194703061]]],[[[118.74227061306516,5.368876030901649],[118.7422344917728,5.368876030901649],[118.74227061306516,5.368922639212166],[118.74227061306516,5.368876030901649]]],[[[118.81194589999997,5.372770094184215],[118.81274695418142,5.37084409618049],[118.8143921,5.370697894186325],[118.81533799613423,5.37084409618049],[118.81628029999997,5.3715950941854125],[118.8168926213059,5.371290276328445],[118.81673524580536,5.369663256270913],[118.81585620452479,5.369269643462582],[118.81637441291534,5.368482418588099],[118.81585620452479,5.368482418588099],[118.81585620452479,5.368088806521906],[118.81637441291534,5.368088806521906],[118.8168926213059,5.367301583131537],[118.8185441125552,5.367301583131537],[118.82151822883593,5.36533352898315],[118.81948366325871,5.365727139318327],[118.81896545486813,5.366514360730393],[118.8168926213059,5.366514360730393],[118.8168926213059,5.366907971807322],[118.81481978774366,5.368088806521906],[118.81481978774366,5.368482418588099],[118.81533799613423,5.368482418588099],[118.81533799613423,5.368876030901649],[118.81481978774366,5.368876030901649],[118.81481978774366,5.369269643462582],[118.81533799613423,5.369269643462582],[118.81533799613423,5.370450482629849],[118.81481978774366,5.370450482629849],[118.81481978774366,5.370056869326664],[118.813265162572,5.370056869326664],[118.813265162572,5.369663256270913],[118.81222874579086,5.370056869326664],[118.81222874579086,5.37084409618049],[118.81171053740029,5.37084409618049],[118.81171053740029,5.37163132402421],[118.81119232900976,5.37163132402421],[118.81119232900976,5.373205782681922],[118.81067412061918,5.373205782681922],[118.81015591222862,5.3739930134962135],[118.80911949544749,5.3739930134962135],[118.80911949544749,5.374386629274783],[118.80860128705694,5.374386629274783],[118.80860128705694,5.374780245300992],[118.80911949544749,5.374780245300992],[118.80911949544749,5.375567478096405],[118.81194589999997,5.372770094184215]]],[[[118.78061803396666,5.37084409618049],[118.780568850522,5.37084409618049],[118.78061803396666,5.370889407075436],[118.78061803396666,5.37084409618049]]],[[[118.78787295143451,5.373205782681922],[118.78787295143451,5.373554287535919],[118.78861109961105,5.373205782681922],[118.78787295143451,5.373205782681922]]],[[[118.78735474304395,5.3735993979652665],[118.78735474304395,5.373798951454126],[118.78777740564708,5.3735993979652665],[118.78735474304395,5.3735993979652665]]],[[[118.79150041016845,5.3735993979652665],[118.79111476208077,5.3735993979652665],[118.79150041016845,5.373881486209939],[118.79150041016845,5.3735993979652665]]],[[[118.79201861855898,5.3739930134962135],[118.79165288114856,5.3739930134962135],[118.79201861855898,5.3742605379339805],[118.79201861855898,5.3739930134962135]]],[[[118.84929783181052,5.3751738615748605],[118.84953974991123,5.374780245300992],[118.85005795830178,5.374780245300992],[118.85005795830178,5.374386629274783],[118.84977915333597,5.374386629274783],[118.84929783181052,5.3751738615748605]]],[[[118.84902154152066,5.377141946659735],[118.84953974991123,5.377141946659735],[118.84953974991123,5.3763547118826045],[118.85005795830178,5.3763547118826045],[118.85005795830178,5.375961094865648],[118.85109437508291,5.375961094865648],[118.85109437508291,5.3763547118826045],[118.85161258347347,5.3763547118826045],[118.85161258347347,5.375961094865648],[118.85264900025457,5.375961094865648],[118.85316720864515,5.37784706365218],[118.85575825059794,5.377487617486953],[118.85524004220738,5.3767483291472935],[118.85420362542627,5.377141946659735],[118.85420362542627,5.3767483291472935],[118.8536854170357,5.3767483291472935],[118.8536854170357,5.375961094865648],[118.85316720864515,5.375961094865648],[118.85264900025457,5.3751738615748605],[118.85161258347347,5.3751738615748605],[118.85161258347347,5.374780245300992],[118.85005795830178,5.374780245300992],[118.85005795830178,5.3751738615748605],[118.84953974991123,5.3751738615748605],[118.8483381,5.377747794179167],[118.84902154152066,5.3780528028928565],[118.84902154152066,5.377141946659735]]],[[[118.79409145212125,5.374780245300992],[118.79357324373069,5.3739930134962135],[118.79253682694956,5.374386629274783],[118.79471139853189,5.379503656938213],[118.79512786890236,5.379503656938213],[118.79512786890236,5.37911003793887],[118.7946096605118,5.37911003793887],[118.7946096605118,5.3767483291472935],[118.79409145212125,5.3767483291472935],[118.79409145212125,5.375961094865648],[118.79357324373069,5.375961094865648],[118.79357324373069,5.374780245300992],[118.79409145212125,5.374780245300992]]],[[[118.80911949544749,5.377141946659735],[118.80911949544749,5.377242422470103],[118.80917805021276,5.377141946659735],[118.80911949544749,5.377141946659735]]],[[[118.80860128705694,5.377535564419948],[118.80860128705694,5.3780660643286335],[118.80893506008775,5.377535564419948],[118.80860128705694,5.377535564419948]]],[[[118.85005795830178,5.377535564419948],[118.8495826,5.378303194178619],[118.85252185880658,5.377929182427948],[118.85213079186403,5.377929182427948],[118.85213079186403,5.377535564419948],[118.85109437508291,5.377535564419948],[118.85109437508291,5.377929182427948],[118.85005795830178,5.377535564419948]]],[[[118.80808307866639,5.378322800683758],[118.80808307866639,5.3788897072722195],[118.8084397571188,5.378322800683758],[118.80808307866639,5.378322800683758]]],[[[118.80756487027581,5.37911003793887],[118.80756487027581,5.379497984812578],[118.80793894425894,5.37911003793887],[118.80756487027581,5.37911003793887]]],[[[118.80704666188525,5.379503656938213],[118.80704666188525,5.379897276185439],[118.8065284534947,5.379897276185439],[118.8065284534947,5.380572839356795],[118.8075594009858,5.379503656938213],[118.80704666188525,5.379503656938213]]],[[[118.79564607729293,5.381471755653522],[118.79558552430665,5.381471755653522],[118.79564607729293,5.38160809124575],[118.79564607729293,5.381471755653522]]],[[[118.79616428568349,5.381865376140435],[118.79576034946157,5.381865376140435],[118.79616428568349,5.38261001456655],[118.79616428568349,5.381865376140435]]],[[[118.80323409999997,5.383387594173478],[118.80642077116649,5.380684515423606],[118.80549203671357,5.380684515423606],[118.80549203671357,5.381078135414586],[118.80445561993244,5.380684515423606],[118.80445561993244,5.381078135414586],[118.80393741154191,5.381078135414586],[118.80445561993244,5.381865376140435],[118.80393741154191,5.381865376140435],[118.80393741154191,5.3826526178582546],[118.80341920315134,5.3826526178582546],[118.80341920315134,5.383046239089201],[118.8023827863702,5.383046239089201],[118.8023827863702,5.383439860568197],[118.7987553276363,5.383439860568197],[118.79823711924573,5.384118279057921],[118.80323409999997,5.383387594173478]]],[[[118.79668249407406,5.383046239089201],[118.79643059282121,5.383046239089201],[118.79668249407406,5.383458866326214],[118.79668249407406,5.383046239089201]]],[[[118.7972007024646,5.384227104270408],[118.7972007024646,5.383833482295259],[118.7969111900107,5.383833482295259],[118.79722590000002,5.384348994172511],[118.79776014069915,5.384227104270408],[118.7972007024646,5.384227104270408]]],[[[118.89203283793718,5.159902239704697],[118.89203283793718,5.159681009027288],[118.8916950880112,5.159902239704697],[118.89203283793718,5.159902239704697]]],[[[118.89151462954662,5.160295723515986],[118.89151462954662,5.160053040624465],[118.8912242190582,5.160295723515986],[118.89151462954662,5.160295723515986]]],[[[118.8878871708127,5.170279233342935],[118.88840537920328,5.169951690137606],[118.88782019999998,5.1695920943906675],[118.8878871708127,5.170279233342935]]],[[[118.88166867012596,5.170526386046193],[118.88166867012596,5.169879030072973],[118.88116873053443,5.170526386046193],[118.88166867012596,5.170526386046193]]],[[[118.88115046173543,5.1709198762780195],[118.88115046173543,5.170577851105702],[118.8809690307316,5.1709198762780195],[118.88115046173543,5.1709198762780195]]],[[[118.88736896242214,5.1713133667479045],[118.88840537920328,5.171706857455863],[118.88892358759381,5.1709198762780195],[118.88800271357789,5.170526386046193],[118.88833519999999,5.171237594388986],[118.88736896242214,5.1713133667479045]]],[[[118.87648658622038,5.172887331008378],[118.876394,5.172658694387555],[118.87598869783986,5.172887331008378],[118.87648658622038,5.172887331008378]]],[[[118.94437188538382,5.305901194744933],[118.94489009377439,5.306688341421547],[118.94592651055551,5.306294767961024],[118.94540830216495,5.305507621773251],[118.94437188538382,5.305901194744933]]],[[[118.86715883519027,5.334239092173934],[118.86715883519027,5.335026274144685],[118.8681952519714,5.335419865498728],[118.8681952519714,5.335026274144685],[118.86871346036197,5.335026274144685],[118.86871346036197,5.334239092173934],[118.8681952519714,5.334239092173934],[118.8681952519714,5.3338455015571915],[118.86715883519027,5.334239092173934]]],[[[118.86301316806579,5.33620704894424],[118.86353137645636,5.336994233373114],[118.86456779323747,5.33660064103575],[118.86404958484692,5.335813457098575],[118.86301316806579,5.33620704894424]]],[[[118.89825133862392,5.338962198748478],[118.89825133862392,5.339057718380069],[118.89835127315752,5.338962198748478],[118.89825133862392,5.338962198748478]]],[[[118.89773313023336,5.339355792561385],[118.89773313023336,5.339553033622891],[118.89793948759936,5.339355792561385],[118.89773313023336,5.339355792561385]]],[[[118.907579089654,5.338175011860552],[118.907579089654,5.337781418785497],[118.90654267287287,5.337781418785497],[118.90654267287287,5.33620704894424],[118.90550625609177,5.335813457098575],[118.90550625609177,5.33620704894424],[118.90498804770121,5.33620704894424],[118.90498804770121,5.337505103600927],[118.90861550643514,5.339355792561385],[118.90861550643514,5.340536575476116],[118.90913371482569,5.340536575476116],[118.90913371482569,5.340930170273092],[118.90965192321624,5.340930170273092],[118.90965192321624,5.340536575476116],[118.91068833999738,5.340536575476116],[118.91017013160682,5.341323765316128],[118.91068833999738,5.341323765316128],[118.91068833999738,5.341717360605247],[118.91172475677848,5.341323765316128],[118.91172475677848,5.3421109561404645],[118.91120654838795,5.3421109561404645],[118.91068833999738,5.342898147949276],[118.91017013160682,5.342898147949276],[118.91017013160682,5.342504551921803],[118.90932837555165,5.3421109561404645],[118.91001896856643,5.3448661317793515],[118.91017013160682,5.344472534520915],[118.91068833999738,5.344472534520915],[118.91120654838795,5.345259729284038],[118.91172475677848,5.345259729284038],[118.91172475677848,5.3448661317793515],[118.91276117355962,5.3448661317793515],[118.91276117355962,5.344472534520915],[118.91379759034072,5.344078937508707],[118.91379759034072,5.343291744222907],[118.91224296516906,5.342504551921803],[118.91224296516906,5.3421109561404645],[118.91276117355962,5.3421109561404645],[118.91276117355962,5.340930170273092],[118.91379759034072,5.341323765316128],[118.91379759034072,5.340930170273092],[118.9143157987313,5.340930170273092],[118.9143157987313,5.339355792561385],[118.91483400712185,5.339355792561385],[118.91535221551243,5.338568605181539],[118.91690684068409,5.338568605181539],[118.91690684068409,5.338175011860552],[118.91742504907467,5.338175011860552],[118.91742504907467,5.33738782595636],[118.91638863229353,5.336994233373114],[118.91638863229353,5.335813457098575],[118.91587042390299,5.335813457098575],[118.91587042390299,5.335419865498728],[118.91483400712185,5.335419865498728],[118.91483400712185,5.335026274144685],[118.9143157987313,5.335026274144685],[118.9143157987313,5.335419865498728],[118.91327938195019,5.335419865498728],[118.91327938195019,5.335026274144685],[118.91276117355962,5.335026274144685],[118.91276117355962,5.335419865498728],[118.91224296516906,5.335419865498728],[118.91276117355962,5.337781418785497],[118.91224296516906,5.337781418785497],[118.91120654838795,5.338962198748478],[118.91068833999738,5.338962198748478],[118.91068833999738,5.338568605181539],[118.90965192321624,5.338568605181539],[118.90965192321624,5.338175011860552],[118.90913371482569,5.338175011860552],[118.90913371482569,5.338568605181539],[118.90809729804458,5.338568605181539],[118.90809729804458,5.338175011860552],[118.907579089654,5.338175011860552]],[[118.91276117355962,5.338175011860552],[118.91276117355962,5.338568605181539],[118.91224296516906,5.338568605181539],[118.91224296516906,5.338175011860552],[118.91276117355962,5.338175011860552]],[[118.91172475677848,5.338962198748478],[118.91224296516906,5.339749386620281],[118.91172475677848,5.339749386620281],[118.91172475677848,5.340142980925186],[118.91068833999738,5.340142980925186],[118.91068833999738,5.339355792561385],[118.91172475677848,5.338962198748478]],[[118.91224296516906,5.343685340742709],[118.91276117355962,5.343685340742709],[118.91276117355962,5.344078937508707],[118.91224296516906,5.344078937508707],[118.91224296516906,5.343685340742709]],[[118.91276117355962,5.339749386620281],[118.91327938195019,5.339749386620281],[118.91327938195019,5.340142980925186],[118.91276117355962,5.340142980925186],[118.91276117355962,5.339749386620281]],[[118.90965192321624,5.339355792561385],[118.91017013160682,5.339355792561385],[118.91017013160682,5.339749386620281],[118.90965192321624,5.339749386620281],[118.90965192321624,5.339355792561385]],[[118.91327938195019,5.338962198748478],[118.91379759034072,5.338962198748478],[118.91379759034072,5.339355792561385],[118.91327938195019,5.339355792561385],[118.91327938195019,5.338962198748478]],[[118.91327938195019,5.337781418785497],[118.9143157987313,5.337781418785497],[118.9143157987313,5.338568605181539],[118.91379759034072,5.338568605181539],[118.91327938195019,5.337781418785497]],[[118.91535221551243,5.338175011860552],[118.91483400712185,5.338175011860552],[118.91483400712185,5.337781418785497],[118.91535221551243,5.337781418785497],[118.91535221551243,5.338175011860552]],[[118.91535221551243,5.33738782595636],[118.91587042390299,5.33738782595636],[118.91587042390299,5.337781418785497],[118.91535221551243,5.337781418785497],[118.91535221551243,5.33738782595636]],[[118.91483400712185,5.33738782595636],[118.91483400712185,5.336994233373114],[118.91379759034072,5.33738782595636],[118.9143157987313,5.335813457098575],[118.91535221551243,5.33620704894424],[118.91535221551243,5.33738782595636],[118.91483400712185,5.33738782595636]]],[[[118.91483400712185,5.344078937508707],[118.91535221551243,5.3448661317793515],[118.91638863229353,5.344472534520915],[118.91587042390299,5.343685340742709],[118.91483400712185,5.344078937508707]]],[[[118.87907762817316,5.344472534520915],[118.87959583656372,5.345259729284038],[118.88063225334486,5.3448661317793515],[118.8801140449543,5.344078937508707],[118.87907762817316,5.344472534520915]]],[[[118.85420362542627,5.3507701202161195],[118.85524004220738,5.350376519262007],[118.85524004220738,5.349982918554403],[118.85472183381684,5.349982918554403],[118.85472183381684,5.349195717878645],[118.85420362542627,5.349195717878645],[118.85420362542627,5.348408518188697],[118.85472183381684,5.348408518188697],[118.85472183381684,5.346834121765638],[118.85575825059794,5.346440523275773],[118.85575825059794,5.34604692503223],[118.85524004220738,5.34604692503223],[118.85524004220738,5.3456533270349915],[118.85575825059794,5.3456533270349915],[118.85575825059794,5.344472534520915],[118.85524004220738,5.344472534520915],[118.85575825059794,5.343685340742709],[118.85420362542627,5.342898147949276],[118.85420362542627,5.3421109561404645],[118.8536854170357,5.3421109561404645],[118.8536854170357,5.341717360605247],[118.85316720864515,5.341717360605247],[118.85316720864515,5.3421109561404645],[118.85213079186403,5.341717360605247],[118.85213079186403,5.3421109561404645],[118.85109437508291,5.3421109561404645],[118.85109437508291,5.342504551921803],[118.84953974991123,5.343291744222907],[118.84953974991123,5.344472534520915],[118.85005795830178,5.344472534520915],[118.85005795830178,5.3448661317793515],[118.85109437508291,5.3448661317793515],[118.85109437508291,5.345259729284038],[118.85161258347347,5.345259729284038],[118.85161258347347,5.34604692503223],[118.85213079186403,5.34604692503223],[118.85213079186403,5.346834121765638],[118.85264900025457,5.346834121765638],[118.85264900025457,5.347227720501845],[118.85213079186403,5.347227720501845],[118.85213079186403,5.348014918713357],[118.85161258347347,5.348014918713357],[118.85161258347347,5.349195717878645],[118.85005795830178,5.349982918554403],[118.85005795830178,5.351557322863943],[118.85057616669233,5.351557322863943],[118.85057616669233,5.35195092455769],[118.85213079186403,5.35195092455769],[118.85213079186403,5.351557322863943],[118.85316720864515,5.351557322863943],[118.85316720864515,5.351163721416759],[118.8536854170357,5.351163721416759],[118.8536854170357,5.350376519262007],[118.85420362542627,5.350376519262007],[118.85420362542627,5.3507701202161195]],[[118.85213079186403,5.3507701202161195],[118.85213079186403,5.351163721416759],[118.85109437508291,5.351163721416759],[118.85109437508291,5.349982918554403],[118.85264900025457,5.349195717878645],[118.85264900025457,5.3507701202161195],[118.85213079186403,5.3507701202161195]],[[118.85264900025457,5.348802117910455],[118.85264900025457,5.348014918713357],[118.85316720864515,5.348014918713357],[118.85316720864515,5.347227720501845],[118.8536854170357,5.347227720501845],[118.8536854170357,5.348408518188697],[118.85264900025457,5.348802117910455]],[[118.85057616669233,5.344078937508707],[118.85057616669233,5.343291744222907],[118.85109437508291,5.343291744222907],[118.85109437508291,5.342898147949276],[118.85161258347347,5.342898147949276],[118.85213079186403,5.343685340742709],[118.85420362542627,5.343291744222907],[118.85420362542627,5.343685340742709],[118.85472183381684,5.343685340742709],[118.85472183381684,5.344078937508707],[118.85420362542627,5.344078937508707],[118.85420362542627,5.344472534520915],[118.85472183381684,5.344472534520915],[118.85472183381684,5.3456533270349915],[118.85420362542627,5.3456533270349915],[118.85472183381684,5.346440523275773],[118.85420362542627,5.346440523275773],[118.85420362542627,5.346834121765638],[118.85316720864515,5.346834121765638],[118.85316720864515,5.34604692503223],[118.85264900025457,5.34604692503223],[118.85213079186403,5.344472534520915],[118.85161258347347,5.344472534520915],[118.85161258347347,5.344078937508707],[118.85057616669233,5.344078937508707]]],[[[118.90084238057673,5.347414674376219],[118.89825133862392,5.346440523275773],[118.89773313023336,5.347227720501845],[118.89825133862392,5.347227720501845],[118.8987695470145,5.348014918713357],[118.90032417218616,5.348014918713357],[118.90084238057673,5.347414674376219]]],[[[118.91379759034072,5.348408518188697],[118.9143157987313,5.346834121765638],[118.91379759034072,5.346834121765638],[118.91379759034072,5.346440523275773],[118.91276117355962,5.346440523275773],[118.91276117355962,5.346834121765638],[118.91224296516906,5.346834121765638],[118.91224296516906,5.346440523275773],[118.91120654838795,5.346440523275773],[118.91120654838795,5.34604692503223],[118.91068833999738,5.34604692503223],[118.91224296516906,5.347621319484411],[118.91271109999998,5.350274094206987],[118.91276117355962,5.349589318093288],[118.91379759034072,5.349195717878645],[118.91327938195019,5.348408518188697],[118.91379759034072,5.348408518188697]]],[[[118.94903576089887,5.348408518188697],[118.94903576089887,5.348802117910455],[118.95007217768,5.349195717878645],[118.95007217768,5.348014918713357],[118.94903576089887,5.348408518188697]]],[[[118.90187879735784,5.348802117910455],[118.9023970057484,5.348802117910455],[118.9023970057484,5.349589318093288],[118.90291521413897,5.349589318093288],[118.90291521413897,5.350376519262007],[118.9023970057484,5.350605025899495],[118.90348429999999,5.3502312942070285],[118.90187879735784,5.347738985992744],[118.90187879735784,5.348802117910455]]],[[[118.9210525078086,5.348802117910455],[118.92053429941804,5.348802117910455],[118.92053429941804,5.348408518188697],[118.92157071619914,5.348408518188697],[118.92157071619914,5.348014918713357],[118.9220889245897,5.348014918713357],[118.9220889245897,5.348802117910455],[118.92157071619914,5.348802117910455],[118.92157071619914,5.349123219267509],[118.9220889245897,5.349307422966925],[118.92312534137083,5.348802117910455],[118.92312534137083,5.349195717878645],[118.92416175815195,5.349195717878645],[118.92364354976141,5.349895619066297],[118.92934384205756,5.3523445264980225],[118.92934384205756,5.35195092455769],[118.92882563366699,5.35195092455769],[118.92882563366699,5.351557322863943],[118.92830742527644,5.351557322863943],[118.92830742527644,5.351163721416759],[118.92778921688588,5.351163721416759],[118.92778921688588,5.3507701202161195],[118.92727100849531,5.3507701202161195],[118.92727100849531,5.350376519262007],[118.92675280010475,5.350376519262007],[118.92519817493307,5.348802117910455],[118.92312534137083,5.348408518188697],[118.92312534137083,5.347621319484411],[118.92260713298027,5.347621319484411],[118.92260713298027,5.347227720501845],[118.92157071619914,5.347227720501845],[118.92157071619914,5.346834121765638],[118.92053429941804,5.347227720501845],[118.92001609102746,5.346440523275773],[118.91794325746523,5.346440523275773],[118.91794325746523,5.346834121765638],[118.91690684068409,5.346834121765638],[118.91690684068409,5.347227720501845],[118.91587042390299,5.347227720501845],[118.91587042390299,5.347621319484411],[118.91535221551243,5.347621319484411],[118.91535221551243,5.348014918713357],[118.91587042390299,5.348014918713357],[118.91587042390299,5.348802117910455],[118.91535221551243,5.348802117910455],[118.91587042390299,5.349589318093288],[118.91638863229353,5.349589318093288],[118.91638863229353,5.349195717878645],[118.91742504907467,5.349195717878645],[118.91742504907467,5.349613583439694],[118.91794325746523,5.34955228789725],[118.91794325746523,5.349195717878645],[118.9184614658558,5.349195717878645],[118.9184614658558,5.349490992360785],[118.9210525078086,5.349184514768113],[118.9210525078086,5.348802117910455]],[[118.91897967424633,5.348014918713357],[118.9194978826369,5.348014918713357],[118.9194978826369,5.348408518188697],[118.91897967424633,5.348408518188697],[118.91897967424633,5.348014918713357]],[[118.91690684068409,5.347621319484411],[118.91742504907467,5.347621319484411],[118.91742504907467,5.348014918713357],[118.91690684068409,5.348014918713357],[118.91690684068409,5.347621319484411]],[[118.9184614658558,5.347227720501845],[118.9194978826369,5.347227720501845],[118.9194978826369,5.347621319484411],[118.9184614658558,5.347621319484411],[118.9184614658558,5.347227720501845]]],[[[118.91483400712185,5.349195717878645],[118.9143157987313,5.349982918554403],[118.91587042390299,5.349828913522172],[118.91535221551243,5.349195717878645],[118.91483400712185,5.349195717878645]]],[[[118.89255104632775,5.349982918554403],[118.8924507998868,5.350376519262007],[118.89358746310889,5.350376519262007],[118.89358746310889,5.350761523625945],[118.89462387988999,5.350943362035083],[118.89462387988999,5.350376519262007],[118.89410567149942,5.350376519262007],[118.89358746310889,5.349589318093288],[118.89255104632775,5.349982918554403]]],[[[118.94126263504045,5.351163721416759],[118.94178084343102,5.35195092455769],[118.94281726021214,5.351557322863943],[118.94229905182158,5.3507701202161195],[118.94126263504045,5.351163721416759]]],[[[118.9329713007915,5.351163721416759],[118.93348950918205,5.35195092455769],[118.93452592596317,5.351557322863943],[118.9340077175726,5.3507701202161195],[118.9329713007915,5.351163721416759]]],[[[118.86508600162803,5.356280559467446],[118.86508600162803,5.355493350899862],[118.86456779323747,5.355493350899862],[118.86456779323747,5.3550997469862045],[118.86353137645636,5.3550997469862045],[118.86353137645636,5.355493350899862],[118.86301316806579,5.355493350899862],[118.86145854289413,5.3570677690221755],[118.8596903490797,5.3570677690221755],[118.85902453902769,5.357854979564199],[118.85990391772242,5.357854979564199],[118.85990391772242,5.358642191093669],[118.86094033450355,5.35903579722874],[118.86094033450355,5.358642191093669],[118.86145854289413,5.358642191093669],[118.86145854289413,5.357461374169769],[118.86249495967523,5.357461374169769],[118.86249495967523,5.3570677690221755],[118.86301316806579,5.3570677690221755],[118.86301316806579,5.356280559467446],[118.86404958484692,5.35588695506027],[118.86404958484692,5.356280559467446],[118.86456779323747,5.356280559467446],[118.86456779323747,5.357461374169769],[118.86664062679974,5.358248585205496],[118.86612241840916,5.35903579722874],[118.86871346036197,5.359823010239651],[118.86871346036197,5.359429403610729],[118.86923166875253,5.359429403610729],[118.86923166875253,5.35903579722874],[118.86871346036197,5.35903579722874],[118.86871346036197,5.358642191093669],[118.86923166875253,5.358642191093669],[118.86923166875253,5.358248585205496],[118.86871346036197,5.358248585205496],[118.86871346036197,5.3570677690221755],[118.86923166875253,5.3570677690221755],[118.86871346036197,5.356280559467446],[118.86923166875253,5.356280559467446],[118.86923166875253,5.355493350899862],[118.87026808553364,5.3550997469862045],[118.87026808553364,5.353918936725543],[118.86923166875253,5.353525333798694],[118.86923166875253,5.353131731118505],[118.86974987714308,5.353131731118505],[118.86974987714308,5.3523445264980225],[118.86923166875253,5.3523445264980225],[118.86923166875253,5.35195092455769],[118.86974987714308,5.35195092455769],[118.86974987714308,5.351163721416759],[118.87026808553364,5.351163721416759],[118.87026808553364,5.351557322863943],[118.87130450231477,5.351557322863943],[118.87182271070532,5.3507701202161195],[118.87130450231477,5.3507701202161195],[118.87078629392421,5.349982918554403],[118.87285912748645,5.349589318093288],[118.87285912748645,5.349195717878645],[118.87337733587701,5.349195717878645],[118.87337733587701,5.348802117910455],[118.87441375265811,5.348802117910455],[118.87545016943925,5.347621319484411],[118.87493196104869,5.347621319484411],[118.87493196104869,5.347227720501845],[118.87441375265811,5.347227720501845],[118.87441375265811,5.347621319484411],[118.87234091909588,5.347621319484411],[118.87234091909588,5.347227720501845],[118.87130450231477,5.347227720501845],[118.87130450231477,5.346834121765638],[118.87026808553364,5.346440523275773],[118.87026808553364,5.3448661317793515],[118.86974987714308,5.3448661317793515],[118.86974987714308,5.344472534520915],[118.86923166875253,5.344472534520915],[118.86923166875253,5.3448661317793515],[118.86664062679974,5.345259729284038],[118.86664062679974,5.3456533270349915],[118.86612241840916,5.3456533270349915],[118.86612241840916,5.346834121765638],[118.86508600162803,5.347227720501845],[118.86508600162803,5.346834121765638],[118.86456779323747,5.346834121765638],[118.86456779323747,5.34604692503223],[118.86508600162803,5.34604692503223],[118.86508600162803,5.3456533270349915],[118.86353137645636,5.3448661317793515],[118.86353137645636,5.345259729284038],[118.86197675128469,5.34604692503223],[118.86197675128469,5.3448661317793515],[118.86145854289413,5.3448661317793515],[118.86145854289413,5.344078937508707],[118.860422126113,5.343685340742709],[118.860422126113,5.344078937508707],[118.85990391772242,5.344078937508707],[118.85990391772242,5.3456533270349915],[118.860422126113,5.3456533270349915],[118.860422126113,5.34604692503223],[118.85990391772242,5.34604692503223],[118.85990391772242,5.346834121765638],[118.85886750094132,5.347227720501845],[118.85886750094132,5.348408518188697],[118.85783108416018,5.348802117910455],[118.85783108416018,5.349982918554403],[118.85731287576962,5.349982918554403],[118.85731287576962,5.351163721416759],[118.85679466737908,5.351163721416759],[118.85679466737908,5.35195092455769],[118.85627645898852,5.35195092455769],[118.85627645898852,5.3523445264980225],[118.85524004220738,5.3523445264980225],[118.85524004220738,5.352738128684953],[118.85057616669233,5.352738128684953],[118.85057616669233,5.353131731118505],[118.84902154152066,5.353131731118505],[118.8485033331301,5.353918936725543],[118.84746691634899,5.353918936725543],[118.84746691634899,5.353525333798694],[118.84798512473954,5.353525333798694],[118.84746691634899,5.352738128684953],[118.84694870795842,5.352738128684953],[118.84643049956786,5.353525333798694],[118.84435766600562,5.352738128684953],[118.84383945761505,5.353525333798694],[118.84228483244338,5.353525333798694],[118.84228483244338,5.353918936725543],[118.84176662405281,5.353918936725543],[118.84176662405281,5.3543125398990625],[118.84228483244338,5.3543125398990625],[118.84228483244338,5.3550997469862045],[118.84176662405281,5.3550997469862045],[118.84176662405281,5.355493350899862],[118.84124841566225,5.355493350899862],[118.84124841566225,5.3550997469862045],[118.83969379049057,5.3550997469862045],[118.83969379049057,5.355493350899862],[118.83917558210001,5.355493350899862],[118.83917558210001,5.35588695506027],[118.83969379049057,5.35588695506027],[118.83969379049057,5.356674164121409],[118.83917558210001,5.356674164121409],[118.83917558210001,5.356280559467446],[118.83865737370944,5.356280559467446],[118.83865737370944,5.356674164121409],[118.83710274853777,5.356674164121409],[118.83710274853777,5.356280559467446],[118.8365845401472,5.356280559467446],[118.8365845401472,5.356674164121409],[118.83606633175664,5.356674164121409],[118.83606633175664,5.357461374169769],[118.83502991497554,5.357461374169769],[118.83502991497554,5.3570677690221755],[118.83451170658496,5.3570677690221755],[118.83451170658496,5.357461374169769],[118.8339934981944,5.357461374169769],[118.8339934981944,5.358248585205496],[118.8329570814133,5.358248585205496],[118.8329570814133,5.358642191093669],[118.83243887302272,5.358642191093669],[118.83243887302272,5.359429403610729],[118.8350129,5.358264194198914],[118.83606633175664,5.3581638952736075],[118.8365845401472,5.357461374169769],[118.83762095692833,5.357461374169769],[118.83762095692833,5.358015876949559],[118.84073020727169,5.357634789575276],[118.84021199888114,5.357461374169769],[118.84021199888114,5.356674164121409],[118.84124841566225,5.356674164121409],[118.84176662405281,5.35588695506027],[118.84228483244338,5.35588695506027],[118.84228483244338,5.356280559467446],[118.84332124922449,5.356280559467446],[118.84332124922449,5.35588695506027],[118.84383945761505,5.35588695506027],[118.84383945761505,5.355493350899862],[118.84332124922449,5.355493350899862],[118.84332124922449,5.3543125398990625],[118.84383945761505,5.3543125398990625],[118.84435766600562,5.353525333798694],[118.84487587439618,5.353525333798694],[118.84487587439618,5.3543125398990625],[118.84539408278673,5.3543125398990625],[118.84539408278673,5.355493350899862],[118.84623446084763,5.35588695506027],[118.84694870795842,5.355493350899862],[118.84694870795842,5.3547061433192775],[118.8485033331301,5.3547061433192775],[118.84902154152066,5.353918936725543],[118.85057616669233,5.353918936725543],[118.85057616669233,5.353525333798694],[118.85524004220738,5.353525333798694],[118.85524004220738,5.353131731118505],[118.85627645898852,5.353131731118505],[118.85627645898852,5.352738128684953],[118.85679466737908,5.352996092890795],[118.85783108416018,5.352738128684953],[118.85783108416018,5.351163721416759],[118.85834929255076,5.351163721416759],[118.85834929255076,5.349982918554403],[118.85886750094132,5.349982918554403],[118.85886750094132,5.348802117910455],[118.85938570933187,5.348802117910455],[118.85938570933187,5.348408518188697],[118.86094033450355,5.349195717878645],[118.860422126113,5.349982918554403],[118.86094033450355,5.349982918554403],[118.86094033450355,5.350376519262007],[118.86197675128469,5.350376519262007],[118.86197675128469,5.349982918554403],[118.86353137645636,5.349195717878645],[118.86301316806579,5.348408518188697],[118.8656042100186,5.348014918713357],[118.8656042100186,5.347621319484411],[118.86612241840916,5.347621319484411],[118.86612241840916,5.347227720501845],[118.86664062679974,5.347227720501845],[118.8681952519714,5.3456533270349915],[118.86923166875253,5.3456533270349915],[118.86923166875253,5.347621319484411],[118.86871346036197,5.347621319484411],[118.86871346036197,5.348408518188697],[118.86923166875253,5.348408518188697],[118.86923166875253,5.349195717878645],[118.86974987714308,5.349195717878645],[118.87026808553364,5.349982918554403],[118.86974987714308,5.349982918554403],[118.86974987714308,5.3507701202161195],[118.86923166875253,5.3507701202161195],[118.86923166875253,5.351163721416759],[118.8681952519714,5.351163721416759],[118.8681952519714,5.350376519262007],[118.86767704358084,5.350376519262007],[118.86767704358084,5.349982918554403],[118.86664062679974,5.350376519262007],[118.86664062679974,5.351557322863943],[118.86715883519027,5.351557322863943],[118.86715883519027,5.3523445264980225],[118.86664062679974,5.3523445264980225],[118.86664062679974,5.353918936725543],[118.86715883519027,5.353918936725543],[118.86715883519027,5.3543125398990625],[118.86767704358084,5.3543125398990625],[118.86767704358084,5.353918936725543],[118.86871346036197,5.3543125398990625],[118.8681952519714,5.356280559467446],[118.86767704358084,5.356280559467446],[118.86767704358084,5.356674164121409],[118.8681952519714,5.356674164121409],[118.8681952519714,5.3570677690221755],[118.86767704358084,5.3570677690221755],[118.86767704358084,5.358248585205496],[118.86715883519027,5.358248585205496],[118.86715883519027,5.357854979564199],[118.8656042100186,5.3570677690221755],[118.8656042100186,5.356280559467446],[118.86508600162803,5.356280559467446]],[[118.84694870795842,5.353525333798694],[118.84694870795842,5.353918936725543],[118.84643049956786,5.353918936725543],[118.84643049956786,5.353525333798694],[118.84694870795842,5.353525333798694]],[[118.84643049956786,5.3543125398990625],[118.8459122911773,5.3543125398990625],[118.8459122911773,5.353918936725543],[118.84643049956786,5.353918936725543],[118.84643049956786,5.3543125398990625]],[[118.85990391772242,5.347227720501845],[118.860422126113,5.347227720501845],[118.860422126113,5.348408518188697],[118.85990391772242,5.348408518188697],[118.85990391772242,5.347227720501845]],[[118.860422126113,5.346834121765638],[118.86094033450355,5.346834121765638],[118.86094033450355,5.347227720501845],[118.860422126113,5.347227720501845],[118.860422126113,5.346834121765638]],[[118.86094033450355,5.346440523275773],[118.86145854289413,5.346440523275773],[118.86145854289413,5.346834121765638],[118.86094033450355,5.346834121765638],[118.86094033450355,5.346440523275773]],[[118.87026808553364,5.349195717878645],[118.87078629392421,5.349195717878645],[118.87078629392421,5.349589318093288],[118.87026808553364,5.349589318093288],[118.87026808553364,5.349195717878645]],[[118.87078629392421,5.347621319484411],[118.87130450231477,5.347621319484411],[118.87130450231477,5.348014918713357],[118.87234091909588,5.348014918713357],[118.87285912748645,5.348802117910455],[118.87078629392421,5.349195717878645],[118.87078629392421,5.347621319484411]],[[118.8681952519714,5.358248585205496],[118.8681952519714,5.358642191093669],[118.86767704358084,5.358642191093669],[118.86767704358084,5.358248585205496],[118.8681952519714,5.358248585205496]],[[118.83865737370944,5.3570677690221755],[118.83917558210001,5.3570677690221755],[118.83917558210001,5.357461374169769],[118.83865737370944,5.357461374169769],[118.83865737370944,5.3570677690221755]],[[118.8681952519714,5.353131731118505],[118.86767704358084,5.353131731118505],[118.86767704358084,5.3523445264980225],[118.8681952519714,5.3523445264980225],[118.8681952519714,5.353131731118505]],[[118.8681952519714,5.35195092455769],[118.86871346036197,5.35195092455769],[118.86871346036197,5.3523445264980225],[118.8681952519714,5.3523445264980225],[118.8681952519714,5.35195092455769]],[[118.86197675128469,5.348014918713357],[118.86249495967523,5.348014918713357],[118.86249495967523,5.348408518188697],[118.86145854289413,5.348408518188697],[118.86145854289413,5.347621319484411],[118.86197675128469,5.347621319484411],[118.86197675128469,5.348014918713357]],[[118.86353137645636,5.347621319484411],[118.86249495967523,5.347621319484411],[118.86197675128469,5.346834121765638],[118.86301316806579,5.346440523275773],[118.86301316806579,5.346834121765638],[118.86353137645636,5.346834121765638],[118.86353137645636,5.347621319484411]]],[[[118.93867159308765,5.35195092455769],[118.93918980147821,5.352738128684953],[118.94022621825934,5.3523445264980225],[118.93970800986878,5.351557322863943],[118.93867159308765,5.35195092455769]]],[[[118.93608055113486,5.353918936725543],[118.93348950918205,5.353918936725543],[118.9329713007915,5.353131731118505],[118.93193488401036,5.353131731118505],[118.93193488401036,5.352738128684953],[118.9329713007915,5.352738128684953],[118.9329713007915,5.3523445264980225],[118.93348950918205,5.3523445264980225],[118.9329713007915,5.351557322863943],[118.93193488401036,5.35195092455769],[118.93193488401036,5.351163721416759],[118.93245309240092,5.351163721416759],[118.93193488401036,5.350376519262007],[118.93089846722926,5.3507701202161195],[118.93089846722926,5.351163721416759],[118.9314166756198,5.351163721416759],[118.9314166756198,5.35195092455769],[118.92951781486562,5.352738128684953],[118.93166840319536,5.353918936725543],[118.93811699999999,5.354204994203017],[118.94178084343102,5.353867802052629],[118.94178084343102,5.353525333798694],[118.93711696791597,5.353525333798694],[118.93711696791597,5.353131731118505],[118.93608055113486,5.352738128684953],[118.93608055113486,5.353131731118505],[118.93556234274429,5.353131731118505],[118.93608055113486,5.353918936725543]],[[118.93711696791597,5.353918936725543],[118.93659875952541,5.353918936725543],[118.93659875952541,5.353525333798694],[118.93711696791597,5.353525333798694],[118.93711696791597,5.353918936725543]]],[[[118.86456779323747,5.352738128684953],[118.86508600162803,5.353525333798694],[118.86612241840916,5.353131731118505],[118.8656042100186,5.3523445264980225],[118.86456779323747,5.352738128684953]]],[[[118.8827050869071,5.352738128684953],[118.88166867012596,5.353131731118505],[118.88166867012596,5.353555803783184],[118.8827050869071,5.353030894776565],[118.8827050869071,5.352738128684953]]],[[[118.95051585042783,5.356280559467446],[118.9504508647347,5.3547061433192775],[118.95007217768,5.3547061433192775],[118.95007217768,5.356280559467446],[118.95051585042783,5.356280559467446]]],[[[118.9506295753908,5.35903579722874],[118.95059038607056,5.358086348246159],[118.95059038607056,5.35903579722874],[118.9506295753908,5.35903579722874]]],[[[118.86353137645636,5.358642191093669],[118.86404958484692,5.359429403610729],[118.86508600162803,5.35903579722874],[118.86456779323747,5.358248585205496],[118.86353137645636,5.358642191093669]]],[[[118.85938570933187,5.35903579722874],[118.85886750094132,5.359823010239651],[118.85804064439725,5.359823010239651],[118.85790886457161,5.3606102242383775],[118.860422126113,5.3606102242383775],[118.860422126113,5.359823010239651],[118.86094033450355,5.359823010239651],[118.86094033450355,5.359429403610729],[118.860422126113,5.359429403610729],[118.860422126113,5.35903579722874],[118.85938570933187,5.35903579722874]]],[[[118.95011476072405,5.359823010239651],[118.95069119999998,5.360528794196617],[118.9506620682374,5.359823010239651],[118.95011476072405,5.359823010239651]]],[[[118.87752300300149,5.366907971807322],[118.87752300300149,5.367301583131537],[118.87907762817316,5.368088806521906],[118.87907762817316,5.367695194703061],[118.87959583656372,5.367695194703061],[118.87959583656372,5.366514360730393],[118.87907762817316,5.366514360730393],[118.87907762817316,5.366120749900735],[118.87959583656372,5.366120749900735],[118.88063225334486,5.364963638892705],[118.87907762817316,5.363870392826108],[118.87959583656372,5.36533352898315],[118.87855941978262,5.36533352898315],[118.87855941978262,5.365727139318327],[118.87804121139206,5.365727139318327],[118.87804121139206,5.366514360730393],[118.87752300300149,5.366514360730393],[118.87752300300149,5.366120749900735],[118.87648658622038,5.366120749900735],[118.87648658622038,5.36533352898315],[118.87596837782982,5.36533352898315],[118.87648658622038,5.362578263557855],[118.87735840586627,5.362578263557855],[118.876791,5.362130994194971],[118.87700479461093,5.361003831608217],[118.87493196104869,5.361791047088944],[118.87493196104869,5.361003831608217],[118.87545016943925,5.361003831608217],[118.87596837782982,5.360216617115528],[118.87700479461093,5.360216617115528],[118.87706996600292,5.359823010239651],[118.87677470089429,5.357461374169769],[118.87648658622038,5.3570677690221755],[118.87545016943925,5.357461374169769],[118.87545016943925,5.356674164121409],[118.87784305009694,5.355493350899862],[118.87752300300149,5.3550997469862045],[118.87648658622038,5.3550997469862045],[118.87648658622038,5.355493350899862],[118.87596837782982,5.355493350899862],[118.87596837782982,5.35588695506027],[118.87545016943925,5.35588695506027],[118.87545016943925,5.356280559467446],[118.87337733587701,5.357461374169769],[118.87337733587701,5.35903579722874],[118.87389554426758,5.35903579722874],[118.87441375265811,5.3606102242383775],[118.87389554426758,5.3606102242383775],[118.87389554426758,5.361003831608217],[118.87337733587701,5.361003831608217],[118.87285912748645,5.360216617115528],[118.87182271070532,5.3606102242383775],[118.87182271070532,5.361791047088944],[118.87234091909588,5.361791047088944],[118.87234091909588,5.362578263557855],[118.87182271070532,5.362578263557855],[118.87182271070532,5.362971872162925],[118.87285912748645,5.363365481015101],[118.87285912748645,5.36454630905442],[118.87234091909588,5.36454630905442],[118.87234091909588,5.36533352898315],[118.87182271070532,5.36533352898315],[118.87182271070532,5.366514360730393],[118.87234091909588,5.366514360730393],[118.87285912748645,5.367301583131537],[118.87389554426758,5.367301583131537],[118.87389554426758,5.367695194703061],[118.87545016943925,5.366907971807322],[118.87545016943925,5.367695194703061],[118.87596837782982,5.367695194703061],[118.87596837782982,5.368088806521906],[118.87545016943925,5.368088806521906],[118.87545016943925,5.368876030901649],[118.87493196104869,5.368876030901649],[118.87493196104869,5.368482418588099],[118.87389554426758,5.368482418588099],[118.87389554426758,5.368876030901649],[118.87285912748645,5.369093033145208],[118.87524599999999,5.368924694188125],[118.87596837782982,5.369269643462582],[118.87596837782982,5.368876030901649],[118.87648658622038,5.368876030901649],[118.87648658622038,5.368088806521906],[118.87700479461093,5.368088806521906],[118.87700479461093,5.367695194703061],[118.87648658622038,5.367695194703061],[118.87648658622038,5.366907971807322],[118.87752300300149,5.366907971807322]],[[118.87389554426758,5.36533352898315],[118.87441375265811,5.36533352898315],[118.87441375265811,5.365727139318327],[118.87389554426758,5.365727139318327],[118.87389554426758,5.36533352898315]],[[118.87389554426758,5.363759090114393],[118.87441375265811,5.363759090114393],[118.87441375265811,5.364152699460828],[118.87389554426758,5.364152699460828],[118.87389554426758,5.363759090114393]],[[118.87337733587701,5.362184655199864],[118.87389554426758,5.362184655199864],[118.87389554426758,5.362971872162925],[118.87337733587701,5.362971872162925],[118.87337733587701,5.362184655199864]],[[118.87545016943925,5.35903579722874],[118.87493196104869,5.35903579722874],[118.87493196104869,5.358642191093669],[118.87545016943925,5.358642191093669],[118.87545016943925,5.35903579722874]],[[118.87545016943925,5.358248585205496],[118.87596837782982,5.358248585205496],[118.87596837782982,5.358642191093669],[118.87545016943925,5.358642191093669],[118.87545016943925,5.358248585205496]]],[[[118.87804121139206,5.363365481015101],[118.87804121139206,5.363759090114393],[118.87891935258558,5.363759090114393],[118.87752300300149,5.3627080107001515],[118.87752300300149,5.363365481015101],[118.87804121139206,5.363365481015101]]],[[[118.85990391772242,5.36454630905442],[118.860422126113,5.36533352898315],[118.86145854289413,5.364939918895188],[118.86094033450355,5.362971872162925],[118.86051761897016,5.362971872162925],[118.85990391772242,5.36454630905442]]],[[[118.8852961288599,5.366907971807322],[118.8852961288599,5.366514360730393],[118.88581433725047,5.366514360730393],[118.88561010000001,5.366125994190944],[118.88425971207877,5.3663660800798185],[118.8852961288599,5.366907971807322]]],[[[118.860422126113,5.368088806521906],[118.860422126113,5.367695194703061],[118.85990391772242,5.367695194703061],[118.85990391772242,5.366907971807322],[118.85938570933187,5.366907971807322],[118.85938570933187,5.366514360730393],[118.85834929255076,5.365958497479168],[118.85783108416018,5.366514360730393],[118.85886750094132,5.366907971807322],[118.85886750094132,5.367695194703061],[118.8560625441931,5.368088806521906],[118.85475482625519,5.369269643462582],[118.85524004220738,5.369269643462582],[118.85524004220738,5.368876030901649],[118.85679466737908,5.368876030901649],[118.85679466737908,5.369269643462582],[118.85731287576962,5.369269643462582],[118.85731287576962,5.368876030901649],[118.85834929255076,5.368482418588099],[118.85834929255076,5.368876030901649],[118.85886750094132,5.368876030901649],[118.85834929255076,5.369663256270913],[118.85938570933187,5.370056869326664],[118.85938570933187,5.369663256270913],[118.85990391772242,5.369663256270913],[118.85990391772242,5.369269643462582],[118.85938570933187,5.369269643462582],[118.85938570933187,5.368482418588099],[118.860422126113,5.368088806521906]]],[[[118.86664062679974,5.368876030901649],[118.86715883519027,5.369663256270913],[118.8681952519714,5.369269643462582],[118.86767704358084,5.368482418588099],[118.86664062679974,5.368876030901649]]],[[[118.85472183381684,5.369663256270913],[118.85472183381684,5.369299434846855],[118.85431892027584,5.369663256270913],[118.85472183381684,5.369663256270913]]],[[[118.86974987714308,5.369269643462582],[118.86871346036197,5.369663256270913],[118.86871346036197,5.3703141108849035],[118.86974987714308,5.369544921664451],[118.86974987714308,5.369269643462582]]],[[[118.8536854170357,5.37084409618049],[118.8536854170357,5.370450482629849],[118.85420362542627,5.370450482629849],[118.85420362542627,5.369767364839557],[118.85316720864515,5.370635173486781],[118.8536854170357,5.37084409618049]]],[[[118.85731287576962,5.372024938317325],[118.85783108416018,5.372812167646165],[118.85886750094132,5.372418552857971],[118.85834929255076,5.37163132402421],[118.85731287576962,5.372024938317325]]],[[[118.85109437508291,5.3739930134962135],[118.85109437508291,5.374386629274783],[118.85161258347347,5.374386629274783],[118.85161258347347,5.374780245300992],[118.85264900025457,5.374780245300992],[118.85264900025457,5.3751738615748605],[118.85420362542627,5.374386629274783],[118.85524004220738,5.375567478096405],[118.85783108416018,5.375567478096405],[118.85783108416018,5.375961094865648],[118.85731287576962,5.375961094865648],[118.85731287576962,5.3767483291472935],[118.85783108416018,5.3767483291472935],[118.85783108416018,5.377092073154152],[118.86072960123437,5.3763547118826045],[118.85990391772242,5.374780245300992],[118.860422126113,5.374780245300992],[118.860422126113,5.3735993979652665],[118.86145854289413,5.373205782681922],[118.86094033450355,5.371237709978604],[118.86145854289413,5.371237709978604],[118.86197675128469,5.370450482629849],[118.86404958484692,5.370450482629849],[118.86404958484692,5.370056869326664],[118.86508600162803,5.370056869326664],[118.86508600162803,5.370450482629849],[118.86456779323747,5.370450482629849],[118.86456779323747,5.371237709978604],[118.86508600162803,5.371237709978604],[118.86456779323747,5.372024938317325],[118.8656042100186,5.372545814662012],[118.86745555089148,5.371237709978604],[118.86715883519027,5.37084409618049],[118.86612241840916,5.37084409618049],[118.86612241840916,5.369663256270913],[118.8656042100186,5.369663256270913],[118.8656042100186,5.369269643462582],[118.86404958484692,5.369269643462582],[118.86404958484692,5.369663256270913],[118.86094033450355,5.369663256270913],[118.86094033450355,5.370056869326664],[118.860422126113,5.370056869326664],[118.860422126113,5.37084409618049],[118.85990391772242,5.37084409618049],[118.860422126113,5.373205782681922],[118.85938570933187,5.3735993979652665],[118.85938570933187,5.374780245300992],[118.85886750094132,5.374780245300992],[118.85886750094132,5.3751738615748605],[118.85834929255076,5.3751738615748605],[118.85834929255076,5.374780245300992],[118.85679466737908,5.374780245300992],[118.85575825059794,5.373205782681922],[118.85472183381684,5.373205782681922],[118.85472183381684,5.3735993979652665],[118.85420362542627,5.3735993979652665],[118.85420362542627,5.373205782681922],[118.85316720864515,5.372812167646165],[118.85316720864515,5.373205782681922],[118.85213079186403,5.3735993979652665],[118.85213079186403,5.373205782681922],[118.85161258347347,5.373205782681922],[118.85161258347347,5.372418552857971],[118.85109437508291,5.372279780527781],[118.85057616669233,5.373083064866789],[118.85057616669233,5.3739930134962135],[118.85109437508291,5.3739930134962135]],[[118.85938570933187,5.3751738615748605],[118.85938570933187,5.3763547118826045],[118.85834929255076,5.3763547118826045],[118.85834929255076,5.375961094865648],[118.85886750094132,5.375961094865648],[118.85886750094132,5.3751738615748605],[118.85938570933187,5.3751738615748605]],[[118.85316720864515,5.3735993979652665],[118.85316720864515,5.374386629274783],[118.85264900025457,5.374386629274783],[118.85264900025457,5.3735993979652665],[118.85316720864515,5.3735993979652665]]]]},"properties":{"place_id":"3761d393-3955-55f4-ae7b-ee16134e5c52","habitat":"forest_edge_opening","habitat_label":"Forest edge or opening","resolution_m":50}},{"type":"Feature","geometry":{"type":"MultiPolygon","coordinates":[[[[118.52410488063913,5.0989151093125615],[118.52514129742026,5.0989151093125615],[118.52514129742026,5.098521662333601],[118.52410488063913,5.098521662333601],[118.52410488063913,5.0989151093125615]]],[[[118.46502912411522,5.126456982054731],[118.46554733250578,5.126456982054731],[118.46554733250578,5.126063518604125],[118.46502912411522,5.126063518604125],[118.46502912411522,5.126456982054731]]],[[[118.48834850169045,5.127361956737971],[118.48861512655809,5.127637373822418],[118.48886671008103,5.127637373822418],[118.48886671008103,5.12724390966386],[118.48834850169045,5.127361956737971]]],[[[118.48915692335027,5.128817767714299],[118.48938491847156,5.128424302847619],[118.48900250334543,5.128424302847619],[118.48915692335027,5.128817767714299]]],[[[118.48990312686213,5.130391629541965],[118.48990312686213,5.1292112328170525],[118.48938491847156,5.1292112328170525],[118.48968119999999,5.130020894431071],[118.48990312686213,5.130391629541965]]],[[[118.48990312686213,5.130391629541965],[118.4902444,5.130897094430177],[118.49042133525269,5.131089319738439],[118.49042133525269,5.130391629541965],[118.48990312686213,5.130391629541965]]],[[[118.4914577520338,5.1317283873217825],[118.49167204203253,5.131965495148045],[118.49197596042437,5.131965495148045],[118.49197596042437,5.131572028392235],[118.4914577520338,5.1317283873217825]]],[[[118.49178949616338,5.133145896832901],[118.49197596042437,5.1323589621400805],[118.49174077441603,5.1323589621400805],[118.49178949616338,5.133145896832901]]],[[[118.49042133525269,5.133932832470843],[118.49042133525269,5.133539364533722],[118.49000651817704,5.133539364533722],[118.48990312686213,5.133932832470843],[118.49042133525269,5.133932832470843]]],[[[118.49010913692057,5.13511323770018],[118.49042133525269,5.134719769054054],[118.489903470797,5.134719769054054],[118.49010913692057,5.13511323770018]]],[[[118.49064634012551,5.135900175701573],[118.49093954364326,5.13550670658268],[118.49046431528919,5.13550670658268],[118.49064634012551,5.135900175701573]]],[[[118.49093954364326,5.135900175701573],[118.49127772880115,5.136687114648603],[118.4914577520338,5.136687114648603],[118.4914577520338,5.135900175701573],[118.49093954364326,5.135900175701573]]],[[[118.49177939174696,5.139047937165014],[118.49197596042437,5.138654466154325],[118.4916949820987,5.138654466154325],[118.49177939174696,5.139047937165014]]],[[[118.49249416881493,5.139834879896081],[118.49249416881493,5.13944140841226],[118.49197596042437,5.13944140841226],[118.49198270337891,5.139834879896081],[118.49249416881493,5.139834879896081]]],[[[118.4930123772055,5.141408768197506],[118.4930123772055,5.1410152957671915],[118.4926029798134,5.1410152957671915],[118.49274689999999,5.141267694419564],[118.4930123772055,5.141408768197506]]],[[[118.49353058559606,5.141875408229087],[118.49373695319579,5.142195713768156],[118.49404879398661,5.142195713768156],[118.49404879398661,5.141802240864488],[118.49353058559606,5.141875408229087]]],[[[118.49456700237717,5.143769607750075],[118.49456700237717,5.1425891869085305],[118.49404879398661,5.1425891869085305],[118.49424054890532,5.143769607750075],[118.49456700237717,5.143769607750075]]],[[[118.49423369068725,5.1449500307226375],[118.49456700237717,5.14455655616164],[118.49418569906281,5.14455655616164],[118.49423369068725,5.1449500307226375]]],[[[118.49715804432998,5.169345916778866],[118.49673408005992,5.169739406296635],[118.49715804432998,5.169739406296635],[118.49715804432998,5.169345916778866]]],[[[118.50026729467335,5.169739406296635],[118.50026729467335,5.169345916778866],[118.49974908628278,5.169345916778866],[118.49974908628278,5.169739406296635],[118.50026729467335,5.169739406296635]]],[[[118.49508521076774,5.176035270961683],[118.49508521076774,5.1756417776336745],[118.49456700237717,5.1756417776336745],[118.49456700237717,5.176035270961683],[118.49508521076774,5.176035270961683]]],[[[118.49767625272054,5.177215752375571],[118.49819446111111,5.177215752375571],[118.49819446111111,5.176428764527991],[118.49767625272054,5.176428764527991],[118.49767625272054,5.177215752375571]]],[[[118.49370341408574,5.1783962359346365],[118.49404879398661,5.178002741176566],[118.49381004448117,5.178002741176566],[118.49370341408574,5.1783962359346365]]],[[[118.49353058559606,5.180410223467244],[118.49378278207917,5.180757209490299],[118.49404879398661,5.180757209490299],[118.49404879398661,5.180363713301496],[118.49353058559606,5.180410223467244]]],[[[118.49456700237717,5.183118191632664],[118.49456700237717,5.181150705917618],[118.49404879398661,5.181150705917618],[118.49404879398661,5.183118191632664],[118.49456700237717,5.183118191632664]]],[[[118.49508521076774,5.185085683313476],[118.49508521076774,5.184298685925111],[118.49456700237717,5.184298685925111],[118.49467957245545,5.185085683313476],[118.49508521076774,5.185085683313476]]],[[[118.49508521076774,5.1858726816567335],[118.4956034191583,5.186266181186495],[118.4956034191583,5.1858726816567335],[118.49508521076774,5.1858726816567335]]],[[[118.49715804432998,5.18705318096237],[118.4966398359394,5.18705318096237],[118.4966398359394,5.187224131599765],[118.49715804432998,5.187423298406183],[118.49715804432998,5.18705318096237]]],[[[118.49767625272054,5.187446681208523],[118.49725243989744,5.187446681208523],[118.49767625272054,5.1877650817271],[118.49767625272054,5.187446681208523]]],[[[118.49904636098289,5.1905946917773305],[118.49923087789222,5.190201189619983],[118.49875526847435,5.190201189619983],[118.49904636098289,5.1905946917773305]]],[[[118.52306846385802,5.191381696808986],[118.52306846385802,5.190988194173657],[118.52255025546746,5.190988194173657],[118.52255025546746,5.191381696808986],[118.52306846385802,5.191381696808986]]],[[[118.51788637995242,5.191775199683335],[118.51788637995242,5.191381696808986],[118.51736817156186,5.191381696808986],[118.51736817156186,5.191775199683335],[118.51788637995242,5.191775199683335]]],[[[118.50117055225543,5.192168702796721],[118.50130371145445,5.191775199683335],[118.50092695348401,5.191775199683335],[118.50117055225543,5.192168702796721]]],[[[118.50182191984501,5.193742717641015],[118.50234012823559,5.193742717641015],[118.50234012823559,5.193349213571293],[118.50182191984501,5.193349213571293],[118.50182191984501,5.193742717641015]]],[[[118.5075222121412,5.210270104732825],[118.50804042053176,5.210270104732825],[118.50804042053176,5.209876590603675],[118.5075222121412,5.209876590603675],[118.5075222121412,5.210270104732825]]],[[[118.54535142465214,5.080816790865133],[118.54535142465214,5.080786305074498],[118.54520471569485,5.080816790865133],[118.54535142465214,5.080816790865133]]],[[[118.5458696330427,5.080816790865133],[118.54638784143324,5.080570940043531],[118.5458696330427,5.0806786225502565],[118.5458696330427,5.080816790865133]]],[[[118.53654188201259,5.082783975393196],[118.53654188201259,5.0826953035645115],[118.53643586085056,5.082783975393196],[118.53654188201259,5.082783975393196]]],[[[118.53602367362203,5.083570850841682],[118.53602367362203,5.083128712298319],[118.5354950277192,5.083570850841682],[118.53602367362203,5.083570850841682]]],[[[118.63655610139081,5.08435772722597],[118.63655610139081,5.0839642889168415],[118.63603789300025,5.0839642889168415],[118.63603789300025,5.08435772722597],[118.63655610139081,5.08435772722597]]],[[[118.53395084005979,5.085144604546205],[118.53395084005979,5.0848623500725525],[118.53361336145649,5.085144604546205],[118.53395084005979,5.085144604546205]]],[[[118.63862893495305,5.090652772006825],[118.63862893495305,5.090259329951686],[118.63811072656249,5.090259329951686],[118.63811072656249,5.090652772006825],[118.63862893495305,5.090652772006825]]],[[[118.63448326782857,5.093406872953755],[118.63448326782857,5.093800316883675],[118.63500147621912,5.093800316883675],[118.63500147621912,5.093013429258248],[118.63603789300025,5.093013429258248],[118.63603789300025,5.092619985797133],[118.63344685104744,5.092619985797133],[118.63344685104744,5.093013429258248],[118.63448326782857,5.093406872953755]]],[[[118.63292864265688,5.096160985386885],[118.63344685104744,5.096160985386885],[118.63344685104744,5.095767540050106],[118.63292864265688,5.095767540050106],[118.63292864265688,5.096160985386885]]],[[[118.63655610139081,5.10009545165755],[118.63707430978135,5.10009545165755],[118.63707430978135,5.099308556526196],[118.63655610139081,5.099308556526196],[118.63655610139081,5.10009545165755]]],[[[118.63344685104744,5.103636491369748],[118.63396505943801,5.103636491369748],[118.63396505943801,5.1028495920121495],[118.63344685104744,5.1028495920121495],[118.63344685104744,5.103636491369748]]],[[[118.5971722637082,5.10442339166692],[118.5971722637082,5.104029941400876],[118.59665405531763,5.104029941400876],[118.59665405531763,5.10442339166692],[118.5971722637082,5.10442339166692]]],[[[118.56607976027455,5.111112082149006],[118.56607976027455,5.110325173859498],[118.565561551884,5.110325173859498],[118.565561551884,5.111112082149006],[118.56607976027455,5.111112082149006]]],[[[118.59095376302146,5.116620466531228],[118.59147197141202,5.116620466531228],[118.59147197141202,5.116227008973755],[118.59095376302146,5.116227008973755],[118.59095376302146,5.116620466531228]]],[[[118.5811078036008,5.118194299116337],[118.5811078036008,5.117800840616739],[118.58058959521027,5.117800840616739],[118.58058959521027,5.118194299116337],[118.5811078036008,5.118194299116337]]],[[[118.64277460207752,5.120161595148353],[118.64277460207752,5.119768135470682],[118.64225639368696,5.119768135470682],[118.64225639368696,5.120161595148353],[118.64277460207752,5.120161595148353]]],[[[118.64121997690586,5.123702742854735],[118.64173818529642,5.123702742854735],[118.64173818529642,5.12330928105537],[118.64121997690586,5.12330928105537],[118.64121997690586,5.123702742854735]]],[[[118.62826476714183,5.124489667160989],[118.62774655875127,5.124489667160989],[118.62774655875127,5.124883129667915],[118.62826476714183,5.124883129667915],[118.62826476714183,5.124489667160989]]],[[[118.62826476714183,5.125276592410737],[118.6287829755324,5.125276592410737],[118.6287829755324,5.124883129667915],[118.62826476714183,5.124883129667915],[118.62826476714183,5.125276592410737]]],[[[118.56089767636894,5.1292112328170525],[118.5614158847595,5.1292112328170525],[118.5614158847595,5.128817767714299],[118.56089767636894,5.128817767714299],[118.56089767636894,5.1292112328170525]]],[[[118.59769047209876,5.13432630064428],[118.59820868048931,5.13432630064428],[118.59820868048931,5.133932832470843],[118.59769047209876,5.133932832470843],[118.59769047209876,5.13432630064428]]],[[[118.54016934074653,5.14298266028563],[118.54068754913709,5.14298266028563],[118.54068754913709,5.1425891869085305],[118.54016934074653,5.1425891869085305],[118.54016934074653,5.14298266028563]]],[[[118.53757829879372,5.195710241576962],[118.53757829879372,5.195316736311399],[118.53706009040316,5.195316736311399],[118.53706009040316,5.195710241576962],[118.53757829879372,5.195710241576962]]],[[[118.54638784143324,5.2201080359799725],[118.54638784143324,5.2197145158475555],[118.5458696330427,5.2197145158475555],[118.5458696330427,5.2201080359799725],[118.54638784143324,5.2201080359799725]]],[[[118.56400692671231,5.22758496418756],[118.56452513510287,5.22758496418756],[118.56452513510287,5.22719143948492],[118.56400692671231,5.22719143948492],[118.56400692671231,5.22758496418756]]],[[[118.5665979686651,5.261035445651857],[118.5665979686651,5.260641900421588],[118.56607976027455,5.260641900421588],[118.56607976027455,5.261035445651857],[118.5665979686651,5.261035445651857]]],[[[118.59924509727044,5.323612231718401],[118.59924509727044,5.323284213910526],[118.59900028294614,5.323612231718401],[118.59924509727044,5.323612231718401]]],[[[118.53757829879372,5.323612231718401],[118.5372499090896,5.323612231718401],[118.53757829879372,5.323884063978383],[118.53757829879372,5.323612231718401]]],[[[118.58784451267812,5.323612231718401],[118.58784451267812,5.323772364866774],[118.58797173910011,5.323612231718401],[118.58784451267812,5.323612231718401]]],[[[118.58628988750641,5.3255801553403534],[118.58628988750641,5.325729092381019],[118.58640821820875,5.3255801553403534],[118.58628988750641,5.3255801553403534]]],[[[118.58473526233475,5.327685825959326],[118.58484469731732,5.3275480850957875],[118.58473526233475,5.3275480850957875],[118.58473526233475,5.327685825959326]]],[[[118.59509943014596,5.329122433317802],[118.59509943014596,5.328838865477902],[118.59488779267048,5.329122433317802],[118.59509943014596,5.329122433317802]]],[[[118.59458122175539,5.329909608901771],[118.59458122175539,5.329533200360761],[118.59430029405964,5.329909608901771],[118.59458122175539,5.329909608901771]]],[[[118.59406301336483,5.330696785467915],[118.59406301336483,5.330227536007723],[118.59371279544884,5.330696785467915],[118.59406301336483,5.330696785467915]]],[[[118.59354480497426,5.3310903741193485],[118.59354480497426,5.330921872418888],[118.59341904614342,5.3310903741193485],[118.59354480497426,5.3310903741193485]]],[[[118.68164023136957,5.065866379317199],[118.68215843976013,5.065866379317199],[118.68215843976013,5.06547295198461],[118.68164023136957,5.06547295198461],[118.68164023136957,5.065866379317199]]],[[[118.6826766481507,5.068226948208867],[118.68319485654125,5.067440090978925],[118.68215843976013,5.067440090978925],[118.68215843976013,5.067046662713751],[118.68164023136957,5.067046662713751],[118.68164023136957,5.068226948208867],[118.6826766481507,5.068226948208867]]],[[[118.67956739780733,5.0788496121825855],[118.67956739780733,5.078062742345795],[118.67904918941677,5.078062742345795],[118.67904918941677,5.0788496121825855],[118.67956739780733,5.0788496121825855]]],[[[118.64484743563976,5.083570850841682],[118.64536564403033,5.083570850841682],[118.64536564403033,5.083177413000473],[118.64484743563976,5.083177413000473],[118.64484743563976,5.083570850841682]]],[[[118.65469339506042,5.086324922281784],[118.65469339506042,5.085931482802535],[118.65417518666985,5.085931482802535],[118.65417518666985,5.086324922281784],[118.65469339506042,5.086324922281784]]],[[[118.6458838524209,5.086718361995112],[118.6458838524209,5.085931482802535],[118.64536564403033,5.085931482802535],[118.64536564403033,5.086718361995112],[118.6458838524209,5.086718361995112]]],[[[118.65521160345098,5.092619985797133],[118.65572981184155,5.092619985797133],[118.65572981184155,5.092226542570395],[118.65521160345098,5.092226542570395],[118.65521160345098,5.092619985797133]]],[[[118.646920269202,5.10796445463536],[118.64743847759257,5.10796445463536],[118.64743847759257,5.107571002254282],[118.646920269202,5.107571002254282],[118.646920269202,5.10796445463536]]],[[[118.67645814746396,5.111505536646618],[118.67697635585452,5.111505536646618],[118.67697635585452,5.111112082149006],[118.67645814746396,5.111112082149006],[118.67645814746396,5.111505536646618]]],[[[118.6443292272492,5.117407382352702],[118.6443292272492,5.116620466531228],[118.64381101885866,5.116620466531228],[118.64381101885866,5.117407382352702],[118.6443292272492,5.117407382352702]]],[[[118.6443292272492,5.120161595148353],[118.6443292272492,5.119768135470682],[118.64381101885866,5.119768135470682],[118.64381101885866,5.120161595148353],[118.6443292272492,5.120161595148353]]],[[[118.6826766481507,5.120948515210718],[118.68319485654125,5.120948515210718],[118.68319485654125,5.120555055061691],[118.6826766481507,5.120555055061691],[118.6826766481507,5.120948515210718]]],[[[118.65676622862266,5.126063518604125],[118.65676622862266,5.125670055389465],[118.65624802023211,5.125670055389465],[118.65624802023211,5.126063518604125],[118.65676622862266,5.126063518604125]]],[[[118.65469339506042,5.128030838217],[118.65469339506042,5.127637373822418],[118.65417518666985,5.127637373822418],[118.65417518666985,5.128030838217],[118.65469339506042,5.128030838217]]],[[[118.66868502160554,5.194136221949869],[118.66920322999611,5.194136221949869],[118.66920322999611,5.193742717641015],[118.66868502160554,5.193742717641015],[118.66868502160554,5.194136221949869]]],[[[118.6666121880433,5.194923231285043],[118.6666121880433,5.194529726497873],[118.66609397965274,5.194529726497873],[118.66609397965274,5.194923231285043],[118.6666121880433,5.194923231285043]]],[[[118.6629847293094,5.2008258318053056],[118.6629847293094,5.2004323234284],[118.66246652091883,5.2004323234284],[118.66246652091883,5.2008258318053056],[118.6629847293094,5.2008258318053056]]],[[[118.65624802023211,5.201612849277531],[118.65676622862266,5.201612849277531],[118.65676622862266,5.201219340421677],[118.65624802023211,5.201219340421677],[118.65624802023211,5.201612849277531]]],[[[118.65728443701322,5.20358039714968],[118.65780264540379,5.20358039714968],[118.65780264540379,5.203186887096135],[118.65728443701322,5.203186887096135],[118.65728443701322,5.20358039714968]]],[[[118.6655757712622,5.218140437721236],[118.66609397965274,5.218140437721236],[118.66609397965274,5.2177469187903975],[118.6655757712622,5.2177469187903975],[118.6655757712622,5.218140437721236]]],[[[118.6666121880433,5.233487863624337],[118.6666121880433,5.233094335308902],[118.66609397965274,5.233094335308902],[118.66609397965274,5.233487863624337],[118.6666121880433,5.233487863624337]]],[[[118.67697635585452,5.233881392180773],[118.67697635585452,5.233487863624337],[118.67645814746396,5.233487863624337],[118.67645814746396,5.233881392180773],[118.67697635585452,5.233881392180773]]],[[[118.6785309810262,5.235849038578623],[118.67904918941677,5.235849038578623],[118.67904918941677,5.235455508816902],[118.6785309810262,5.235455508816902],[118.6785309810262,5.235849038578623]]],[[[118.67490352229228,5.241752013948298],[118.67490352229228,5.2405714145313365],[118.67438531390172,5.2405714145313365],[118.67438531390172,5.241752013948298],[118.67490352229228,5.241752013948298]]],[[[118.68526769010349,5.252377506524038],[118.68526769010349,5.251983966619644],[118.68474948171294,5.251983966619644],[118.68474948171294,5.252377506524038],[118.68526769010349,5.252377506524038]]],[[[118.66972143838667,5.253164587058517],[118.67023964677725,5.253164587058517],[118.67023964677725,5.252771046670323],[118.66972143838667,5.252771046670323],[118.66972143838667,5.253164587058517]]],[[[118.6826766481507,5.2618225368393094],[118.6826766481507,5.261428991124425],[118.68215843976013,5.261428991124425],[118.68215843976013,5.2618225368393094],[118.6826766481507,5.2618225368393094]]],[[[118.68423127332238,5.266545104325379],[118.68423127332238,5.265758007319654],[118.68371306493181,5.265758007319654],[118.68371306493181,5.266545104325379],[118.68423127332238,5.266545104325379]]],[[[118.68319485654125,5.266938653192071],[118.68371306493181,5.266938653192071],[118.68371306493181,5.266545104325379],[118.68319485654125,5.266545104325379],[118.68319485654125,5.266938653192071]]],[[[118.68371306493181,5.268906401164536],[118.68423127332238,5.268906401164536],[118.68423127332238,5.267332202301336],[118.68371306493181,5.267332202301336],[118.68371306493181,5.268906401164536]]],[[[118.68526769010349,5.27048060391044],[118.68630410688462,5.27048060391044],[118.68630410688462,5.270087052859895],[118.68474948171294,5.270087052859895],[118.68474948171294,5.270874155203728],[118.68526769010349,5.270874155203728],[118.68526769010349,5.27048060391044]]],[[[118.68578589849405,5.2716612585186065],[118.68578589849405,5.271267706739779],[118.68526769010349,5.271267706739779],[118.68526769010349,5.2716612585186065],[118.68578589849405,5.2716612585186065]]],[[[118.6629847293094,5.28346792486826],[118.6629847293094,5.283074365797401],[118.66246652091883,5.283074365797401],[118.66246652091883,5.28346792486826],[118.6629847293094,5.28346792486826]]],[[[118.68423127332238,5.340142980925186],[118.68474948171294,5.340142980925186],[118.68474948171294,5.339749386620281],[118.68423127332238,5.339749386620281],[118.68423127332238,5.340142980925186]]],[[[118.67490352229228,5.3547061433192775],[118.67490352229228,5.3543125398990625],[118.67438531390172,5.3543125398990625],[118.67438531390172,5.3547061433192775],[118.67490352229228,5.3547061433192775]]],[[[118.68993156561855,5.076489005476359],[118.68993156561855,5.07609557184309],[118.68941335722799,5.07609557184309],[118.68941335722799,5.076489005476359],[118.68993156561855,5.076489005476359]]],[[[118.72568794456723,5.221288597819523],[118.72620615295779,5.221288597819523],[118.72620615295779,5.220501556352759],[118.72568794456723,5.220501556352759],[118.72568794456723,5.221288597819523]]],[[[118.72465152778612,5.221682118913536],[118.72465152778612,5.221288597819523],[118.72413331939555,5.221288597819523],[118.72413331939555,5.221682118913536],[118.72465152778612,5.221682118913536]]],[[[118.69096798239966,5.224436773305135],[118.69096798239966,5.224043250527616],[118.6904497740091,5.224043250527616],[118.6904497740091,5.224436773305135],[118.69096798239966,5.224436773305135]]],[[[118.72257869422386,5.233094335308902],[118.72309690261442,5.233094335308902],[118.72309690261442,5.2327008072344485],[118.72257869422386,5.2327008072344485],[118.72257869422386,5.233094335308902]]],[[[118.69200439918079,5.243326149883793],[118.69252260757135,5.243326149883793],[118.69252260757135,5.242932615537767],[118.69200439918079,5.242932615537767],[118.69200439918079,5.243326149883793]]],[[[118.6945954411336,5.246867969866136],[118.69511364952413,5.246867969866136],[118.69511364952413,5.246474433346263],[118.6945954411336,5.246474433346263],[118.6945954411336,5.246867969866136]]],[[[118.68734052366574,5.251196887536453],[118.68734052366574,5.25080334835762],[118.68682231527518,5.25080334835762],[118.68682231527518,5.251196887536453],[118.68734052366574,5.251196887536453]]],[[[118.70962348445985,5.251590426957123],[118.70962348445985,5.251196887536453],[118.7091052760693,5.251196887536453],[118.7091052760693,5.251590426957123],[118.70962348445985,5.251590426957123]]],[[[118.68682231527518,5.252377506524038],[118.68734052366574,5.252377506524038],[118.68734052366574,5.251983966619644],[118.68682231527518,5.251983966619644],[118.68682231527518,5.252377506524038]]],[[[118.69148619079023,5.252771046670323],[118.69148619079023,5.251983966619644],[118.69096798239966,5.251983966619644],[118.69096798239966,5.252771046670323],[118.69148619079023,5.252771046670323]]],[[[118.68578589849405,5.256706461441233],[118.68578589849405,5.256312918875022],[118.68526769010349,5.256312918875022],[118.68526769010349,5.256706461441233],[118.68578589849405,5.256706461441233]]],[[[118.72620615295779,5.266151555701248],[118.72672436134836,5.266151555701248],[118.72672436134836,5.265758007319654],[118.72620615295779,5.265758007319654],[118.72620615295779,5.266151555701248]]],[[[118.68993156561855,5.275203235456244],[118.68993156561855,5.274809681491558],[118.68941335722799,5.274809681491558],[118.68941335722799,5.275203235456244],[118.68993156561855,5.275203235456244]]],[[[118.71065990124096,5.276777453744828],[118.71065990124096,5.276383898808171],[118.7101416928504,5.276383898808171],[118.7101416928504,5.276777453744828],[118.71065990124096,5.276777453744828]]],[[[118.72724256973892,5.279925901989097],[118.72776077812946,5.279925901989097],[118.72776077812946,5.2795323451076],[118.72724256973892,5.2795323451076],[118.72724256973892,5.279925901989097]]],[[[118.6982228998675,5.281893690044774],[118.69874110825808,5.281893690044774],[118.69874110825808,5.281500131947151],[118.6982228998675,5.281500131947151],[118.6982228998675,5.281893690044774]]],[[[118.70806885928816,5.282680806969881],[118.70806885928816,5.2822872483856775],[118.70755065089759,5.2822872483856775],[118.70755065089759,5.282680806969881],[118.70806885928816,5.282680806969881]]],[[[118.70858706767872,5.283074365797401],[118.70858706767872,5.282680806969881],[118.70806885928816,5.282680806969881],[118.70806885928816,5.283074365797401],[118.70858706767872,5.283074365797401]]],[[[118.70081394182031,5.283861484182471],[118.70081394182031,5.28346792486826],[118.69977752503921,5.28346792486826],[118.69977752503921,5.283861484182471],[118.70081394182031,5.283861484182471]]],[[[118.69925931664864,5.285829284404505],[118.69977752503921,5.285829284404505],[118.69977752503921,5.28543572387324],[118.69925931664864,5.28543572387324],[118.69925931664864,5.285829284404505]]],[[[118.71117810963153,5.28661640619745],[118.71117810963153,5.2862228451792355],[118.71065990124096,5.2862228451792355],[118.71065990124096,5.28661640619745],[118.71117810963153,5.28661640619745]]],[[[118.72983361169173,5.287797090713194],[118.72983361169173,5.28740352896441],[118.72931540330116,5.28740352896441],[118.72931540330116,5.287797090713194],[118.72983361169173,5.287797090713194]]],[[[118.71117810963153,5.288977777420963],[118.71117810963153,5.288584214941451],[118.71065990124096,5.288584214941451],[118.71065990124096,5.288977777420963],[118.71117810963153,5.288977777420963]]],[[[118.71169631802209,5.289371340144093],[118.71169631802209,5.288977777420963],[118.71117810963153,5.288977777420963],[118.71117810963153,5.289371340144093],[118.71169631802209,5.289371340144093]]],[[[118.71325094319377,5.289371340144093],[118.71325094319377,5.288977777420963],[118.7127327348032,5.288977777420963],[118.7127327348032,5.289371340144093],[118.71325094319377,5.289371340144093]]],[[[118.71065990124096,5.290552029775348],[118.71117810963153,5.290552029775348],[118.71117810963153,5.289764903110853],[118.7101416928504,5.289371340144093],[118.7101416928504,5.290158466321265],[118.71065990124096,5.290158466321265],[118.71065990124096,5.290552029775348]]],[[[118.7179148187088,5.290552029775348],[118.71843302709938,5.290552029775348],[118.71843302709938,5.290158466321265],[118.7179148187088,5.290158466321265],[118.7179148187088,5.290552029775348]]],[[[118.71325094319377,5.290552029775348],[118.71376915158433,5.290552029775348],[118.71376915158433,5.290158466321265],[118.71325094319377,5.290158466321265],[118.71325094319377,5.290552029775348]]],[[[118.71532377675601,5.2921262860287515],[118.71532377675601,5.291732721599802],[118.71480556836546,5.291732721599802],[118.71480556836546,5.2921262860287515],[118.71532377675601,5.2921262860287515]]],[[[118.7168784019277,5.292519850701462],[118.7168784019277,5.2921262860287515],[118.71636019353714,5.2921262860287515],[118.71636019353714,5.292519850701462],[118.7168784019277,5.292519850701462]]],[[[118.7287971949106,5.2948812438577875],[118.72931540330116,5.2948812438577875],[118.72931540330116,5.294487677722111],[118.7287971949106,5.294487677722111],[118.7287971949106,5.2948812438577875]]],[[[118.72983361169173,5.296455510839611],[118.72983361169173,5.296061943728251],[118.72931540330116,5.296061943728251],[118.72931540330116,5.296455510839611],[118.72983361169173,5.296455510839611]]],[[[118.73605211237845,5.306688341421547],[118.73605211237845,5.305901194744933],[118.73553390398787,5.305901194744933],[118.73553390398787,5.306688341421547],[118.73605211237845,5.306688341421547]]],[[[118.74537986340853,5.324399400431311],[118.74589807179909,5.324399400431311],[118.74589807179909,5.324005815952223],[118.74537986340853,5.324005815952223],[118.74537986340853,5.324399400431311]]],[[[118.8878871708127,5.170132896052403],[118.8878871708127,5.169739406296635],[118.88773662132165,5.169739406296635],[118.8876808,5.169837794390409],[118.8878871708127,5.170132896052403]]],[[[118.88840537920328,5.1713133667479045],[118.88840537920328,5.1709198762780195],[118.88818666838185,5.1709198762780195],[118.88833519999999,5.171237594388986],[118.8878871708127,5.1713133667479045],[118.88840537920328,5.1713133667479045]]],[[[118.7816544507478,5.185085683313476],[118.78217265913834,5.185085683313476],[118.78217265913834,5.184692184499941],[118.7816544507478,5.184692184499941],[118.7816544507478,5.185085683313476]]],[[[118.83762095692833,5.191775199683335],[118.83813916531888,5.191775199683335],[118.83813916531888,5.191381696808986],[118.83762095692833,5.191381696808986],[118.83762095692833,5.191775199683335]]],[[[118.94489009377439,5.306294767961024],[118.94540830216495,5.306294767961024],[118.94540830216495,5.305901194744933],[118.94489009377439,5.305901194744933],[118.94489009377439,5.306294767961024]]],[[[118.74693448858022,5.324399400431311],[118.74693448858022,5.324005815952223],[118.74641628018966,5.324005815952223],[118.74641628018966,5.324399400431311],[118.74693448858022,5.324399400431311]]],[[[118.75056194731414,5.325973740800688],[118.75056194731414,5.3255801553403534],[118.75004373892357,5.3255801553403534],[118.75004373892357,5.325973740800688],[118.75056194731414,5.325973740800688]]],[[[118.75056194731414,5.32636732650638],[118.7510801557047,5.32636732650638],[118.7510801557047,5.325973740800688],[118.75056194731414,5.325973740800688],[118.75056194731414,5.32636732650638]]],[[[118.75263478087638,5.3275480850957875],[118.75263478087638,5.32715449865391],[118.75211657248583,5.32715449865391],[118.75211657248583,5.3275480850957875],[118.75263478087638,5.3275480850957875]]],[[[118.75211657248583,5.33305832106087],[118.75211657248583,5.332664731181255],[118.75159836409527,5.332664731181255],[118.75159836409527,5.33305832106087],[118.75211657248583,5.33305832106087]]],[[[118.75159836409527,5.334632683036428],[118.75263478087638,5.334632683036428],[118.75263478087638,5.334239092173934],[118.75159836409527,5.334239092173934],[118.75159836409527,5.334632683036428]]],[[[118.8681952519714,5.335026274144685],[118.8681952519714,5.334239092173934],[118.86767704358084,5.334239092173934],[118.86767704358084,5.335026274144685],[118.8681952519714,5.335026274144685]]],[[[118.7510801557047,5.33660064103575],[118.7510801557047,5.335419865498728],[118.75056194731414,5.335419865498728],[118.75004373892357,5.33620704894424],[118.7510801557047,5.33660064103575]]],[[[118.86353137645636,5.33660064103575],[118.86404958484692,5.33660064103575],[118.86404958484692,5.33620704894424],[118.86353137645636,5.33620704894424],[118.86353137645636,5.33660064103575]]],[[[118.74900732214246,5.341323765316128],[118.74952553053303,5.341323765316128],[118.74952553053303,5.340930170273092],[118.74900732214246,5.340930170273092],[118.74900732214246,5.341323765316128]]],[[[118.85264900025457,5.342504551921803],[118.85264900025457,5.3421109561404645],[118.85213079186403,5.3421109561404645],[118.85213079186403,5.342504551921803],[118.85264900025457,5.342504551921803]]],[[[118.8801140449543,5.3448661317793515],[118.8801140449543,5.344472534520915],[118.87959583656372,5.344472534520915],[118.87959583656372,5.3448661317793515],[118.8801140449543,5.3448661317793515]]],[[[118.85472183381684,5.346834121765638],[118.85472183381684,5.346440523275773],[118.85524004220738,5.346440523275773],[118.85524004220738,5.34604692503223],[118.85472183381684,5.34604692503223],[118.85472183381684,5.3456533270349915],[118.85524004220738,5.3456533270349915],[118.85524004220738,5.344472534520915],[118.85472183381684,5.344472534520915],[118.85524004220738,5.343685340742709],[118.8536854170357,5.342898147949276],[118.8536854170357,5.3421109561404645],[118.85264900025457,5.342504551921803],[118.85316720864515,5.343291744222907],[118.85213079186403,5.343291744222907],[118.85213079186403,5.342898147949276],[118.85109437508291,5.342504551921803],[118.85109437508291,5.342898147949276],[118.85005795830178,5.343291744222907],[118.85005795830178,5.344472534520915],[118.85161258347347,5.344472534520915],[118.85161258347347,5.345259729284038],[118.85213079186403,5.345259729284038],[118.85213079186403,5.34604692503223],[118.85264900025457,5.34604692503223],[118.85264900025457,5.346834121765638],[118.85316720864515,5.346834121765638],[118.85316720864515,5.347227720501845],[118.85264900025457,5.347227720501845],[118.85264900025457,5.348014918713357],[118.85213079186403,5.348014918713357],[118.85213079186403,5.349195717878645],[118.85057616669233,5.349982918554403],[118.85057616669233,5.351557322863943],[118.85316720864515,5.351163721416759],[118.85316720864515,5.348802117910455],[118.85420362542627,5.348408518188697],[118.85420362542627,5.346834121765638],[118.85472183381684,5.346834121765638]]],[[[118.76092611512536,5.348408518188697],[118.76144432351592,5.348408518188697],[118.76196253190649,5.347621319484411],[118.76040790673478,5.347621319484411],[118.76092611512536,5.348408518188697]]],[[[118.75626223961031,5.348802117910455],[118.75626223961031,5.348014918713357],[118.75574403121975,5.348014918713357],[118.75574403121975,5.348802117910455],[118.75626223961031,5.348802117910455]]],[[[118.85420362542627,5.349589318093288],[118.85420362542627,5.349195717878645],[118.8536854170357,5.349195717878645],[118.8536854170357,5.349589318093288],[118.85420362542627,5.349589318093288]]],[[[118.76455357385929,5.352738128684953],[118.76507178224983,5.352738128684953],[118.76507178224983,5.3523445264980225],[118.76455357385929,5.3523445264980225],[118.76455357385929,5.352738128684953]]],[[[118.77595415845161,5.359823010239651],[118.77595415845161,5.359429403610729],[118.77491774167049,5.359429403610729],[118.77491774167049,5.359823010239651],[118.77595415845161,5.359823010239651]]],[[[118.77699057523274,5.360216617115528],[118.77699057523274,5.359823010239651],[118.77647236684219,5.359823010239651],[118.77647236684219,5.360216617115528],[118.77699057523274,5.360216617115528]]],[[[118.75937148995368,5.3606102242383775],[118.75988969834422,5.3606102242383775],[118.75988969834422,5.360216617115528],[118.75937148995368,5.360216617115528],[118.75937148995368,5.3606102242383775]]],[[[118.77750878362329,5.361003831608217],[118.77854520040442,5.361003831608217],[118.77854520040442,5.360216617115528],[118.77750878362329,5.360216617115528],[118.77750878362329,5.361003831608217]]],[[[118.77595415845161,5.362971872162925],[118.77647236684219,5.362971872162925],[118.77647236684219,5.362578263557855],[118.77595415845161,5.362578263557855],[118.77595415845161,5.362971872162925]]],[[[118.75988969834422,5.362971872162925],[118.75988969834422,5.363132376222766],[118.76013759197069,5.362971872162925],[118.75988969834422,5.362971872162925]]],[[[118.76119058234482,5.363365481015101],[118.76144432351592,5.362971872162925],[118.76124990921903,5.362971872162925],[118.76119058234482,5.363365481015101]]],[[[118.77647236684219,5.363365481015101],[118.77699057523274,5.363365481015101],[118.77699057523274,5.362971872162925],[118.77647236684219,5.362971872162925],[118.77647236684219,5.363365481015101]]],[[[118.77491774167049,5.363365481015101],[118.77491774167049,5.362971872162925],[118.77439953327995,5.362971872162925],[118.77439953327995,5.363365481015101],[118.77491774167049,5.363365481015101]]],[[[118.77491774167049,5.366907971807322],[118.77491774167049,5.366514360730393],[118.77439953327995,5.366514360730393],[118.77439953327995,5.366907971807322],[118.77491774167049,5.366907971807322]]],[[[118.77388132488937,5.367095024385844],[118.77439953327995,5.367284651568193],[118.77439953327995,5.366907971807322],[118.77388132488937,5.367095024385844]]],[[[118.77543595006105,5.367301583131537],[118.77543595006105,5.366907971807322],[118.77491774167049,5.366907971807322],[118.77491774167049,5.367301583131537],[118.77543595006105,5.367301583131537]]],[[[118.77750878362329,5.368482418588099],[118.77750878362329,5.368088806521906],[118.77699057523274,5.368088806521906],[118.77699057523274,5.368876030901649],[118.77802699201386,5.368876030901649],[118.77802699201386,5.368482418588099],[118.77750878362329,5.368482418588099]]]]},"properties":{"place_id":"3761d393-3955-55f4-ae7b-ee16134e5c52","habitat":"open_grassland","habitat_label":"Open grassland or shrubland","resolution_m":50}},{"type":"Feature","geometry":{"type":"MultiPolygon","coordinates":[[[[118.50337654501672,5.192562206149163],[118.50234012823559,5.192168702796721],[118.50182191984501,5.192955709740681],[118.50285833662615,5.193349213571293],[118.50337654501672,5.192562206149163]]],[[[118.6655757712622,5.203186887096135],[118.6655757712622,5.202793377282169],[118.66505756287164,5.202793377282169],[118.66453935448106,5.20358039714968],[118.6655757712622,5.2039739074428155],[118.6655757712622,5.20358039714968],[118.66609397965274,5.20358039714968],[118.66609397965274,5.203186887096135],[118.6655757712622,5.203186887096135]]],[[[118.50855862892233,5.209483076714414],[118.50804042053176,5.208696049655487],[118.50700400375062,5.209089563065024],[118.50700400375062,5.209876590603675],[118.5075222121412,5.209876590603675],[118.5075222121412,5.210270104732825],[118.50855862892233,5.210270104732825],[118.50855862892233,5.209876590603675],[118.50907683731288,5.209876590603675],[118.50907683731288,5.209483076714414],[118.50855862892233,5.209483076714414]]],[[[118.67334889712059,5.2389972853539915],[118.67231248033949,5.238603753662854],[118.67179427194891,5.23939081728639],[118.67283068873004,5.239784349460068],[118.67334889712059,5.2389972853539915]]],[[[118.7127327348032,5.2913391574145985],[118.7127327348032,5.2909455934731175],[118.71221452641267,5.2909455934731175],[118.71169631802209,5.291732721599802],[118.7127327348032,5.2921262860287515],[118.7127327348032,5.291732721599802],[118.71325094319377,5.291732721599802],[118.71325094319377,5.2913391574145985],[118.7127327348032,5.2913391574145985]]],[[[118.71739661031827,5.291732721599802],[118.71739661031827,5.2913391574145985],[118.7168784019277,5.2913391574145985],[118.71636019353714,5.2921262860287515],[118.71739661031827,5.292519850701462],[118.71739661031827,5.2921262860287515],[118.7179148187088,5.2921262860287515],[118.7179148187088,5.291732721599802],[118.71739661031827,5.291732721599802]]],[[[118.72776077812946,5.291732721599802],[118.72672436134836,5.2913391574145985],[118.72620615295779,5.2921262860287515],[118.72724256973892,5.292519850701462],[118.72776077812946,5.291732721599802]]],[[[118.89203283793718,5.159902239704697],[118.89203283793718,5.159681009027288],[118.8916950880112,5.159902239704697],[118.89203283793718,5.159902239704697]]],[[[118.89151462954662,5.160295723515986],[118.89151462954662,5.160053040624465],[118.8912242190582,5.160295723515986],[118.89151462954662,5.160295723515986]]],[[[118.72827898652002,5.293306980778247],[118.72827898652002,5.292913415617956],[118.72776077812946,5.292913415617956],[118.72724256973892,5.293700546182358],[118.72827898652002,5.294094111830307],[118.72827898652002,5.293700546182358],[118.7287971949106,5.293700546182358],[118.7287971949106,5.293306980778247],[118.72827898652002,5.293306980778247]]],[[[118.74745269697077,5.322825063986476],[118.74745269697077,5.322431480488334],[118.74693448858022,5.322431480488334],[118.74641628018966,5.323218647729823],[118.74745269697077,5.323612231718401],[118.74745269697077,5.323218647729823],[118.74797090536133,5.323218647729823],[118.74797090536133,5.322825063986476],[118.74745269697077,5.322825063986476]]],[[[118.95007217768,5.349195717878645],[118.95007217768,5.348014918713357],[118.94955396928943,5.348014918713357],[118.94903576089887,5.348802117910455],[118.95007217768,5.349195717878645]]],[[[118.82932962267935,5.360216617115528],[118.82932962267935,5.359823010239651],[118.8288114142888,5.359823010239651],[118.82829320589825,5.3606102242383775],[118.82921322957043,5.361003831608217],[118.82932962267935,5.3606102242383775],[118.82984783106993,5.3606102242383775],[118.82984783106993,5.360216617115528],[118.82932962267935,5.360216617115528]]]]},"properties":{"place_id":"3761d393-3955-55f4-ae7b-ee16134e5c52","habitat":"disturbed_built_edge","habitat_label":"Disturbed, bare or built edge","resolution_m":50}},{"type":"Feature","geometry":{"type":"MultiPolygon","coordinates":[[[[118.4956034191583,5.28322269416609],[118.49601173358388,5.283074365797401],[118.4956034191583,5.283074365797401],[118.4956034191583,5.28322269416609]]],[[[118.49767625272054,5.283074365797401],[118.49747976501997,5.283074365797401],[118.49767625272054,5.283227799994184],[118.49767625272054,5.283074365797401]]],[[[118.49508521076774,5.283588747775469],[118.49525319724461,5.28346792486826],[118.49508521076774,5.28346792486826],[118.49508521076774,5.283588747775469]]],[[[118.49456700237717,5.283861484182471],[118.49456700237717,5.283966820788452],[118.49470601103631,5.283861484182471],[118.49456700237717,5.283861484182471]]],[[[118.49819446111111,5.283861484182471],[118.49815661203108,5.283861484182471],[118.49819446111111,5.283925187098189],[118.49819446111111,5.283861484182471]]],[[[118.49404879398661,5.284392810804313],[118.49421638484512,5.284255043740057],[118.49404879398661,5.284255043740057],[118.49404879398661,5.284392810804313]]],[[[118.49871266950166,5.284255043740057],[118.49839044533631,5.284255043740057],[118.49871266950166,5.284774673247763],[118.49871266950166,5.284255043740057]]],[[[118.49249416881493,5.284648603541035],[118.4912277626033,5.284648603541035],[118.49249416881493,5.2848632571711],[118.49249416881493,5.284648603541035]]],[[[118.49353058559606,5.284648603541035],[118.49369639999999,5.284682494273555],[118.49373762737129,5.284648603541035],[118.49353058559606,5.284648603541035]]],[[[118.49923087789222,5.285042163585423],[118.49890336107127,5.285042163585423],[118.49923087789222,5.28550158418406],[118.49923087789222,5.285042163585423]]],[[[118.49974908628278,5.285829284404505],[118.4994644922934,5.285829284404505],[118.49974908628278,5.286228495950877],[118.49974908628278,5.285829284404505]]],[[[118.49996418586744,5.28661640619745],[118.50026729467335,5.2873062912163125],[118.50026729467335,5.28661640619745],[118.49996418586744,5.28661640619745]]],[[[118.50078550306391,5.287797090713194],[118.50048293279751,5.287797090713194],[118.50078550306391,5.288565827185356],[118.50078550306391,5.287797090713194]]],[[[118.49304355719957,5.296455510839611],[118.4928489,5.296412594261626],[118.49273391436176,5.296455510839611],[118.49304355719957,5.296455510839611]]],[[[118.49612162754887,5.29724264579425],[118.49625817771756,5.29724264579425],[118.49612162754887,5.297186125286998],[118.49612162754887,5.29724264579425]]],[[[118.49715804432998,5.297636213637565],[118.49720901377611,5.297636213637565],[118.49715804432998,5.297615116477128],[118.49715804432998,5.297636213637565]]],[[[118.49197596042437,5.296854368023091],[118.49179740000001,5.297032194260994],[118.49197596042437,5.298190944698463],[118.49197596042437,5.296854368023091]]],[[[118.49767625272054,5.298029781724902],[118.49832397683302,5.298029781724902],[118.49767625272054,5.2978296121809105],[118.49767625272054,5.298029781724902]]],[[[118.50078550306391,5.298029781724902],[118.50078550306391,5.29786725780221],[118.5002586775275,5.298029781724902],[118.50078550306391,5.298029781724902]]],[[[118.49249416881493,5.298423350056282],[118.49229165559397,5.298423350056282],[118.49249416881493,5.2985727540920955],[118.49249416881493,5.298423350056282]]],[[[118.4930123772055,5.29881691863172],[118.49282133512617,5.29881691863172],[118.4930123772055,5.298959493566718],[118.4930123772055,5.29881691863172]]],[[[118.49334869423573,5.299210487451236],[118.49353058559606,5.29934623327703],[118.49353058559606,5.299210487451236],[118.49334869423573,5.299210487451236]]],[[[118.49404879398661,5.29960405651485],[118.4938760533453,5.29960405651485],[118.49404879398661,5.299732973223045],[118.49404879398661,5.29960405651485]]],[[[118.49440341245489,5.299997625822579],[118.49456700237717,5.300119713404786],[118.49456700237717,5.299997625822579],[118.49440341245489,5.299997625822579]]],[[[118.49508521076774,5.3003911953744405],[118.49493077156441,5.3003911953744405],[118.49508521076774,5.3005064538222655],[118.49508521076774,5.3003911953744405]]],[[[118.495458130674,5.300784765170455],[118.4956034191583,5.300893194475504],[118.4956034191583,5.300784765170455],[118.495458130674,5.300784765170455]]],[[[118.49612162754887,5.30117833521064],[118.49598548978355,5.30117833521064],[118.49612162754887,5.301279935364517],[118.49612162754887,5.30117833521064]]],[[[118.4965128488931,5.301571905495014],[118.4966398359394,5.301666676489323],[118.4966398359394,5.301571905495014],[118.4965128488931,5.301571905495014]]],[[[118.49715804432998,5.301965476023597],[118.49704020800266,5.301965476023597],[118.49715804432998,5.302053417849939],[118.49715804432998,5.301965476023597]]],[[[118.49756756711224,5.302359046796404],[118.49767625272054,5.302440159446387],[118.49767625272054,5.302359046796404],[118.49756756711224,5.302359046796404]]],[[[118.49819446111111,5.302752617813458],[118.4980949262218,5.302752617813458],[118.49819446111111,5.302826901278678],[118.49819446111111,5.302752617813458]]],[[[118.50130371145445,5.304720476563052],[118.50078550306391,5.304720476563052],[118.49923087789222,5.303146189074776],[118.49862228533135,5.303146189074776],[118.50130371145445,5.305147357226176],[118.50130371145445,5.304720476563052]]],[[[118.6655757712622,5.23427492097823],[118.66609397965274,5.23427492097823],[118.66609397965274,5.233881392180773],[118.6655757712622,5.233881392180773],[118.6655757712622,5.23427492097823]]],[[[118.67179427194891,5.236636098825421],[118.67231248033949,5.236636098825421],[118.67231248033949,5.2362425685814555],[118.67179427194891,5.2362425685814555],[118.67179427194891,5.236636098825421]]],[[[118.67179427194891,5.2389972853539915],[118.67179427194891,5.238210222212957],[118.67127606355835,5.238210222212957],[118.67127606355835,5.2389972853539915],[118.67179427194891,5.2389972853539915]]],[[[118.67179427194891,5.2389972853539915],[118.67179427194891,5.23939081728639],[118.67231248033949,5.23939081728639],[118.67231248033949,5.2389972853539915],[118.67179427194891,5.2389972853539915]]],[[[118.67283068873004,5.23939081728639],[118.67334889712059,5.23939081728639],[118.67334889712059,5.2389972853539915],[118.67283068873004,5.2389972853539915],[118.67283068873004,5.23939081728639]]],[[[118.67438531390172,5.24490028968272],[118.67490352229228,5.24490028968272],[118.67490352229228,5.243719684471282],[118.67438531390172,5.243719684471282],[118.67438531390172,5.24490028968272]]],[[[118.67490352229228,5.245293825236252],[118.67542173068286,5.245293825236252],[118.67542173068286,5.24490028968272],[118.67490352229228,5.24490028968272],[118.67490352229228,5.245293825236252]]],[[[118.6826766481507,5.246867969866136],[118.68319485654125,5.246867969866136],[118.68319485654125,5.246474433346263],[118.6826766481507,5.246474433346263],[118.6826766481507,5.246867969866136]]],[[[118.68423127332238,5.2590677219231265],[118.68474948171294,5.2590677219231265],[118.68474948171294,5.258674177904072],[118.68423127332238,5.258674177904072],[118.68423127332238,5.2590677219231265]]],[[[118.50130371145445,5.288977777420963],[118.50093531126922,5.288977777420963],[118.50130371145445,5.2899913376710685],[118.50130371145445,5.288977777420963]]],[[[118.50182191984501,5.290552029775348],[118.50150426948208,5.290552029775348],[118.50182191984501,5.291440073278338],[118.50182191984501,5.290552029775348]]],[[[118.50199228066728,5.291732721599802],[118.50234012823559,5.292254999117425],[118.50234012823559,5.291732721599802],[118.50199228066728,5.291732721599802]]],[[[118.50285833662615,5.292519850701462],[118.50251652472845,5.292519850701462],[118.50285833662615,5.293033066562551],[118.50285833662615,5.292519850701462]]],[[[118.50337654501672,5.293306980778247],[118.50322359999998,5.2935814942645045],[118.50337654501672,5.294231592539252],[118.50337654501672,5.293306980778247]]],[[[118.50337654501672,5.296061943728251],[118.50337654501672,5.295955865286964],[118.50333713122258,5.296061943728251],[118.50337654501672,5.296061943728251]]],[[[118.50234012823559,5.2968490781949376],[118.50234012823559,5.29653755527631],[118.5017757503531,5.2968490781949376],[118.50234012823559,5.2968490781949376]]],[[[118.50182191984501,5.305507621773251],[118.50178643998872,5.305507621773251],[118.50182191984501,5.305534100709879],[118.50182191984501,5.305507621773251]]],[[[118.50231379909827,5.305901194744933],[118.50234012823559,5.305920844429573],[118.50234012823559,5.305901194744933],[118.50231379909827,5.305901194744933]]],[[[118.50285833662615,5.306294767961024],[118.50284115820783,5.306294767961024],[118.50285833662615,5.3063075883852715],[118.50285833662615,5.306294767961024]]],[[[118.50336851731738,5.306688341421547],[118.50337654501672,5.3066943325769875],[118.50337654501672,5.306688341421547],[118.50336851731738,5.306688341421547]]],[[[118.50389475340727,5.307081915126521],[118.50381339697981,5.307081915126521],[118.50389475340727,5.307159319987639],[118.50389475340727,5.307081915126521]]],[[[118.50422706302116,5.3074754890759595],[118.50441296179783,5.307652358679332],[118.50441296179783,5.3074754890759595],[118.50422706302116,5.3074754890759595]]],[[[118.50493117018839,5.3082626377083155],[118.50473045294359,5.3082626377083155],[118.50493117018839,5.308699529831898],[118.50493117018839,5.3082626377083155]]],[[[118.50544937857896,5.310230513568687],[118.505418289283,5.310230513568687],[118.50544937857896,5.311040717661808],[118.50544937857896,5.310230513568687]]],[[[118.51166787926567,5.31063261733378],[118.51211779999998,5.310663494247181],[118.51218608765623,5.310720673011975],[118.51218608765623,5.310624089474534],[118.51166787926567,5.31063261733378]]],[[[118.510113254094,5.311153178167579],[118.51046511511487,5.311017665625014],[118.510113254094,5.311017665625014],[118.510113254094,5.311153178167579]]],[[[118.5127042960468,5.311017665625014],[118.51254078093922,5.311017665625014],[118.5127042960468,5.311154580525999],[118.5127042960468,5.311017665625014]]],[[[118.50907683731288,5.311552334437064],[118.50944318635948,5.31141124202015],[118.50907683731288,5.31141124202015],[118.50907683731288,5.311552334437064]]],[[[118.51301082235247,5.31141124202015],[118.51306199999998,5.311454094246354],[118.51310773357125,5.31141124202015],[118.51301082235247,5.31141124202015]]],[[[118.50596758696952,5.311804818659956],[118.50571710921594,5.311804818659956],[118.50596758696952,5.312088582083244],[118.50596758696952,5.311804818659956]]],[[[118.50804042053176,5.311951490958214],[118.50842125760411,5.311804818659956],[118.50804042053176,5.311804818659956],[118.50804042053176,5.311951490958214]]],[[[118.50700400375062,5.312350647731048],[118.50739932884875,5.312198395544453],[118.50700400375062,5.312198395544453],[118.50700400375062,5.312350647731048]]],[[[118.68526769010349,5.252771046670323],[118.68578589849405,5.252771046670323],[118.68578589849405,5.252377506524038],[118.68526769010349,5.252377506524038],[118.68526769010349,5.252771046670323]]],[[[118.68526769010349,5.265364459180583],[118.68578589849405,5.265364459180583],[118.68578589849405,5.264970911284013],[118.68526769010349,5.264970911284013],[118.68526769010349,5.265364459180583]]],[[[118.68526769010349,5.266151555701248],[118.68578589849405,5.266151555701248],[118.68578589849405,5.265758007319654],[118.68526769010349,5.265758007319654],[118.68526769010349,5.266151555701248]]],[[[118.69096798239966,5.276383898808171],[118.69148619079023,5.276383898808171],[118.69148619079023,5.275990344114532],[118.69096798239966,5.275990344114532],[118.69096798239966,5.276383898808171]]],[[[118.70288677538255,5.281500131947151],[118.70340498377311,5.281500131947151],[118.70340498377311,5.281106574092791],[118.70288677538255,5.281106574092791],[118.70288677538255,5.281500131947151]]],[[[118.7101416928504,5.28543572387324],[118.71065990124096,5.28543572387324],[118.71065990124096,5.285042163585423],[118.7101416928504,5.285042163585423],[118.7101416928504,5.28543572387324]]],[[[118.71065990124096,5.285829284404505],[118.71117810963153,5.285829284404505],[118.71117810963153,5.28543572387324],[118.71065990124096,5.28543572387324],[118.71065990124096,5.285829284404505]]],[[[118.72050586066162,5.288977777420963],[118.72102406905218,5.288977777420963],[118.72102406905218,5.288584214941451],[118.72050586066162,5.288584214941451],[118.72050586066162,5.288977777420963]]],[[[118.72257869422386,5.289764903110853],[118.72309690261442,5.289764903110853],[118.72309690261442,5.289371340144093],[118.72257869422386,5.289371340144093],[118.72257869422386,5.289764903110853]]],[[[118.71739661031827,5.2921262860287515],[118.7179148187088,5.2921262860287515],[118.7179148187088,5.2913391574145985],[118.71739661031827,5.2913391574145985],[118.71739661031827,5.2921262860287515]]],[[[118.72620615295779,5.292913415617956],[118.72672436134836,5.292913415617956],[118.72672436134836,5.292519850701462],[118.72620615295779,5.292519850701462],[118.72620615295779,5.292913415617956]]],[[[118.72776077812946,5.294487677722111],[118.72827898652002,5.294487677722111],[118.72827898652002,5.293700546182358],[118.72776077812946,5.293700546182358],[118.72776077812946,5.294487677722111]]],[[[118.7287971949106,5.295274810237359],[118.72931540330116,5.295274810237359],[118.72931540330116,5.2948812438577875],[118.7287971949106,5.2948812438577875],[118.7287971949106,5.295274810237359]]],[[[118.7287971949106,5.296455510839611],[118.72931540330116,5.296455510839611],[118.72931540330116,5.295668376860841],[118.7287971949106,5.295668376860841],[118.7287971949106,5.296455510839611]]],[[[118.72931540330116,5.2968490781949376],[118.73035182008226,5.2968490781949376],[118.73035182008226,5.296455510839611],[118.72931540330116,5.296455510839611],[118.72931540330116,5.2968490781949376]]],[[[118.73553390398787,5.304720476563052],[118.73605211237845,5.304720476563052],[118.73605211237845,5.304326904324495],[118.73553390398787,5.304326904324495],[118.73553390398787,5.304720476563052]]],[[[118.74537986340853,5.316134177851451],[118.74589807179909,5.316134177851451],[118.74589807179909,5.315740598519034],[118.74537986340853,5.315740598519034],[118.74537986340853,5.316134177851451]]],[[[118.74693448858022,5.318495658989378],[118.74641628018966,5.318495658989378],[118.74641628018966,5.3192828213285335],[118.74589807179909,5.3192828213285335],[118.74589807179909,5.319676402865665],[118.74693448858022,5.319676402865665],[118.74693448858022,5.318495658989378]]],[[[118.74486165501796,5.322825063986476],[118.74537986340853,5.322825063986476],[118.74537986340853,5.322431480488334],[118.74486165501796,5.322431480488334],[118.74486165501796,5.322825063986476]]],[[[118.74641628018966,5.325186570125358],[118.74693448858022,5.325186570125358],[118.74693448858022,5.324792985155685],[118.74641628018966,5.324792985155685],[118.74641628018966,5.325186570125358]]],[[[118.75056194731414,5.325973740800688],[118.7510801557047,5.325973740800688],[118.7510801557047,5.3255801553403534],[118.75056194731414,5.3255801553403534],[118.75056194731414,5.325973740800688]]],[[[118.75159836409527,5.3338455015571915],[118.75211657248583,5.3338455015571915],[118.75211657248583,5.33305832106087],[118.75159836409527,5.33305832106087],[118.75159836409527,5.3338455015571915]]],[[[118.7510801557047,5.334632683036428],[118.75159836409527,5.334632683036428],[118.75159836409527,5.334239092173934],[118.7510801557047,5.334239092173934],[118.7510801557047,5.334632683036428]]],[[[118.7510801557047,5.334632683036428],[118.75056194731414,5.334632683036428],[118.75056194731414,5.335026274144685],[118.7510801557047,5.335026274144685],[118.7510801557047,5.334632683036428]]],[[[118.7510801557047,5.33660064103575],[118.75159836409527,5.33660064103575],[118.75159836409527,5.335419865498728],[118.7510801557047,5.335419865498728],[118.7510801557047,5.33660064103575]]],[[[118.74900732214246,5.33738782595636],[118.74952553053303,5.33738782595636],[118.74952553053303,5.33660064103575],[118.75056194731414,5.33660064103575],[118.75004373892357,5.335813457098575],[118.74900732214246,5.335813457098575],[118.74900732214246,5.33738782595636]]],[[[118.74952553053303,5.339355792561385],[118.74952553053303,5.338175011860552],[118.74900732214246,5.338175011860552],[118.74900732214246,5.339355792561385],[118.74952553053303,5.339355792561385]]],[[[118.74952553053303,5.339355792561385],[118.74952553053303,5.339749386620281],[118.75056194731414,5.339749386620281],[118.75056194731414,5.339355792561385],[118.74952553053303,5.339355792561385]]],[[[118.75056194731414,5.340930170273092],[118.7510801557047,5.340930170273092],[118.7510801557047,5.340536575476116],[118.75056194731414,5.340536575476116],[118.75056194731414,5.340930170273092]]],[[[118.75056194731414,5.340930170273092],[118.75004373892357,5.340930170273092],[118.75004373892357,5.341323765316128],[118.75056194731414,5.341323765316128],[118.75056194731414,5.340930170273092]]],[[[118.74900732214246,5.342504551921803],[118.75159836409527,5.342504551921803],[118.75159836409527,5.3421109561404645],[118.74952553053303,5.3421109561404645],[118.75004373892357,5.341323765316128],[118.74900732214246,5.341323765316128],[118.74900732214246,5.342504551921803]]],[[[118.75159836409527,5.3448661317793515],[118.75211657248583,5.3448661317793515],[118.75211657248583,5.344078937508707],[118.75159836409527,5.344078937508707],[118.75159836409527,5.3448661317793515]]],[[[118.75211657248583,5.3267609124574475],[118.75263478087638,5.3267609124574475],[118.75263478087638,5.32636732650638],[118.75211657248583,5.32636732650638],[118.75211657248583,5.3267609124574475]]],[[[118.75263478087638,5.3275480850957875],[118.75315298926694,5.3275480850957875],[118.75315298926694,5.32715449865391],[118.75263478087638,5.32715449865391],[118.75263478087638,5.3275480850957875]]],[[[118.75263478087638,5.328335258715856],[118.75315298926694,5.328335258715856],[118.75315298926694,5.327941671783097],[118.75263478087638,5.327941671783097],[118.75263478087638,5.328335258715856]]],[[[118.75470761443862,5.3310903741193485],[118.75522582282917,5.3310903741193485],[118.75522582282917,5.330696785467915],[118.75470761443862,5.330696785467915],[118.75470761443862,5.3310903741193485]]],[[[118.75418940604807,5.33148396301638],[118.75470761443862,5.33148396301638],[118.75470761443862,5.3310903741193485],[118.75418940604807,5.3310903741193485],[118.75418940604807,5.33148396301638]]],[[[118.75263478087638,5.332664731181255],[118.75315298926694,5.332664731181255],[118.75315298926694,5.332271141547316],[118.75263478087638,5.332271141547316],[118.75263478087638,5.332664731181255]]],[[[118.75211657248583,5.33305832106087],[118.75263478087638,5.33305832106087],[118.75263478087638,5.332664731181255],[118.75211657248583,5.332664731181255],[118.75211657248583,5.33305832106087]]],[[[118.75315298926694,5.3338455015571915],[118.75211657248583,5.3338455015571915],[118.75211657248583,5.334239092173934],[118.75315298926694,5.334632683036428],[118.75315298926694,5.3338455015571915]]],[[[118.75159836409527,5.335026274144685],[118.75263478087638,5.335026274144685],[118.75263478087638,5.334632683036428],[118.75159836409527,5.334632683036428],[118.75159836409527,5.335026274144685]]],[[[118.75211657248583,5.344078937508707],[118.75263478087638,5.344078937508707],[118.75263478087638,5.342504551921803],[118.75211657248583,5.342504551921803],[118.75211657248583,5.344078937508707]]],[[[118.75263478087638,5.346440523275773],[118.75263478087638,5.3456533270349915],[118.75159836409527,5.345259729284038],[118.75159836409527,5.34604692503223],[118.75263478087638,5.346440523275773]]],[[[118.75263478087638,5.346440523275773],[118.75263478087638,5.346834121765638],[118.75367119765751,5.346834121765638],[118.75367119765751,5.346440523275773],[118.75263478087638,5.346440523275773]]],[[[118.75626223961031,5.348014918713357],[118.75574403121975,5.347227720501845],[118.75418940604807,5.347227720501845],[118.75418940604807,5.347621319484411],[118.75626223961031,5.348014918713357]]],[[[118.75626223961031,5.348014918713357],[118.75626223961031,5.348408518188697],[118.75781686478199,5.348408518188697],[118.75781686478199,5.348014918713357],[118.75626223961031,5.348014918713357]]],[[[118.75781686478199,5.348802117910455],[118.75833507317255,5.348802117910455],[118.75833507317255,5.348408518188697],[118.75781686478199,5.348408518188697],[118.75781686478199,5.348802117910455]]],[[[118.75988969834422,5.349195717878645],[118.76092611512536,5.349195717878645],[118.76092611512536,5.348802117910455],[118.75988969834422,5.348802117910455],[118.75988969834422,5.349195717878645]]],[[[118.75937148995368,5.349195717878645],[118.75885328156312,5.349195717878645],[118.75885328156312,5.348802117910455],[118.75833507317255,5.348802117910455],[118.75833507317255,5.349589318093288],[118.75937148995368,5.349589318093288],[118.75937148995368,5.349195717878645]]],[[[118.76196253190649,5.351557322863943],[118.76248074029704,5.351557322863943],[118.76248074029704,5.348014918713357],[118.76144432351592,5.348014918713357],[118.76144432351592,5.348408518188697],[118.76092611512536,5.348408518188697],[118.76092611512536,5.348802117910455],[118.76196253190649,5.348802117910455],[118.76196253190649,5.351557322863943]]],[[[118.7629989486876,5.35195092455769],[118.7629989486876,5.351557322863943],[118.76248074029704,5.351557322863943],[118.76248074029704,5.3523445264980225],[118.76351715707816,5.3523445264980225],[118.76351715707816,5.35195092455769],[118.7629989486876,5.35195092455769]]],[[[118.76351715707816,5.3523445264980225],[118.76351715707816,5.352738128684953],[118.76455357385929,5.352738128684953],[118.76455357385929,5.3523445264980225],[118.76351715707816,5.3523445264980225]]],[[[118.76455357385929,5.353525333798694],[118.76507178224983,5.353525333798694],[118.76507178224983,5.352738128684953],[118.76455357385929,5.352738128684953],[118.76455357385929,5.353525333798694]]],[[[118.76455357385929,5.353525333798694],[118.76403536546873,5.353525333798694],[118.76403536546873,5.353918936725543],[118.76455357385929,5.353918936725543],[118.76455357385929,5.353525333798694]]],[[[118.76351715707816,5.3543125398990625],[118.76403536546873,5.3543125398990625],[118.76403536546873,5.353918936725543],[118.76351715707816,5.353918936725543],[118.76351715707816,5.3543125398990625]]],[[[118.7629989486876,5.3547061433192775],[118.76196253190649,5.3547061433192775],[118.76196253190649,5.3550997469862045],[118.76351715707816,5.3550997469862045],[118.76351715707816,5.3543125398990625],[118.7629989486876,5.3543125398990625],[118.7629989486876,5.3547061433192775]]],[[[118.76196253190649,5.3550997469862045],[118.76040790673478,5.3550997469862045],[118.76040790673478,5.355493350899862],[118.75988969834422,5.355493350899862],[118.75937148995368,5.357461374169769],[118.76040790673478,5.3570677690221755],[118.76040790673478,5.35588695506027],[118.76092611512536,5.35588695506027],[118.76092611512536,5.355493350899862],[118.76196253190649,5.355493350899862],[118.76196253190649,5.3550997469862045]]],[[[118.75988969834422,5.361397439225066],[118.76040790673478,5.361397439225066],[118.76040790673478,5.357854979564199],[118.75988969834422,5.357854979564199],[118.75988969834422,5.361397439225066]]],[[[118.76040790673478,5.362184655199864],[118.76092611512536,5.362184655199864],[118.76092611512536,5.361397439225066],[118.76040790673478,5.361397439225066],[118.76040790673478,5.362184655199864]]],[[[118.76196253190649,5.364152699460828],[118.76150726127753,5.364152699460828],[118.76196253190649,5.364503670150127],[118.76196253190649,5.364152699460828]]],[[[118.76248074029704,5.364939918895188],[118.7623912059612,5.364939918895188],[118.76248074029704,5.365091271296189],[118.76248074029704,5.364939918895188]]],[[[118.7629989486876,5.366120749900735],[118.76276112963004,5.366120749900735],[118.7629989486876,5.366674380304916],[118.7629989486876,5.366120749900735]]],[[[118.76351715707816,5.366907971807322],[118.76314709525323,5.366907971807322],[118.76351715707816,5.3671629928720925],[118.76351715707816,5.366907971807322]]],[[[118.76403536546873,5.367301583131537],[118.76379489999997,5.367354394189713],[118.76403536546873,5.3673684469878],[118.76403536546873,5.367301583131537]]]]},"properties":{"place_id":"3761d393-3955-55f4-ae7b-ee16134e5c52","habitat":"permanent_water","habitat_label":"Permanent water","resolution_m":50}},{"type":"Feature","geometry":{"type":"MultiPolygon","coordinates":[[[[118.49819446111111,5.283861484182471],[118.49815661203108,5.283861484182471],[118.49819446111111,5.283925187098189],[118.49819446111111,5.283861484182471]]],[[[118.49404879398661,5.284255043740057],[118.49404879398661,5.284392810804313],[118.49421638484512,5.284255043740057],[118.49404879398661,5.284255043740057]]],[[[118.49353058559606,5.284648603541035],[118.49353058559606,5.284717613710016],[118.49373762737129,5.284648603541035],[118.49353058559606,5.284648603541035]]],[[[118.49923087789222,5.284648603541035],[118.49871266950166,5.284648603541035],[118.49918392668235,5.28543572387324],[118.49923087789222,5.28543572387324],[118.49923087789222,5.284648603541035]]],[[[118.49974908628278,5.2862228451792355],[118.4994644922934,5.285829284404505],[118.49974505790446,5.2862228451792355],[118.49974908628278,5.2862228451792355]]],[[[118.50182191984501,5.2913391574145985],[118.5017858225809,5.2913391574145985],[118.50182191984501,5.291440073278338],[118.50182191984501,5.2913391574145985]]],[[[118.50234012823559,5.2921262860287515],[118.50225440269789,5.2921262860287515],[118.50234012823559,5.292254999117425],[118.50234012823559,5.2921262860287515]]],[[[118.50277864675905,5.292913415617956],[118.50285833662615,5.293033066562551],[118.50285833662615,5.292913415617956],[118.50277864675905,5.292913415617956]]],[[[118.50334420070563,5.294094111830307],[118.50337654501672,5.294231592539252],[118.50337654501672,5.294094111830307],[118.50334420070563,5.294094111830307]]],[[[118.49197596042437,5.298029781724902],[118.49179740000001,5.297636213637565],[118.49191206911566,5.298029781724902],[118.49197596042437,5.298029781724902]]],[[[118.50026729467335,5.298027356351925],[118.5002586775275,5.298029781724902],[118.50026729467335,5.298029781724902],[118.50026729467335,5.298027356351925]]],[[[118.49249416881493,5.298423350056282],[118.49246260000001,5.298549194259457],[118.49249416881493,5.2985727540920955],[118.49249416881493,5.298423350056282]]],[[[118.4930123772055,5.29881691863172],[118.49282133512617,5.29881691863172],[118.4930123772055,5.298959493566718],[118.4930123772055,5.29881691863172]]],[[[118.4965128488931,5.301571905495014],[118.4966398359394,5.301666676489323],[118.4966398359394,5.301571905495014],[118.4965128488931,5.301571905495014]]],[[[118.49715804432998,5.301965476023597],[118.49704020800266,5.301965476023597],[118.49715804432998,5.302053417849939],[118.49715804432998,5.301965476023597]]],[[[118.49767625272054,5.302359046796404],[118.49756756711224,5.302359046796404],[118.49767625272054,5.302440159446387],[118.49767625272054,5.302359046796404]]],[[[118.49967700355047,5.303933332330275],[118.49974908628278,5.303987128190803],[118.49974908628278,5.303933332330275],[118.49967700355047,5.303933332330275]]],[[[118.50125908087914,5.305114049045963],[118.50130371145445,5.305147357226176],[118.50130371145445,5.305114049045963],[118.50125908087914,5.305114049045963]]],[[[118.67438531390172,5.23939081728639],[118.67386710551115,5.23939081728639],[118.67386710551115,5.239784349460068],[118.67438531390172,5.239784349460068],[118.67438531390172,5.23939081728639]]],[[[118.67490352229228,5.244113219300252],[118.67438531390172,5.244113219300252],[118.67438531390172,5.24490028968272],[118.67490352229228,5.24490028968272],[118.67490352229228,5.244113219300252]]],[[[118.68371306493181,5.261428991124425],[118.68319485654125,5.261428991124425],[118.68319485654125,5.2618225368393094],[118.68371306493181,5.2618225368393094],[118.68371306493181,5.261428991124425]]],[[[118.68423127332238,5.262216082796528],[118.68371306493181,5.262216082796528],[118.68371306493181,5.262609628996103],[118.68423127332238,5.262609628996103],[118.68423127332238,5.262216082796528]]],[[[118.50337654501672,5.296061943728251],[118.50334169999998,5.296059994261968],[118.50333713122258,5.296061943728251],[118.50337654501672,5.296061943728251]]],[[[118.50804042053176,5.311804818659956],[118.50804042053176,5.311951490958214],[118.50842125760411,5.311804818659956],[118.50804042053176,5.311804818659956]]],[[[118.75211657248583,5.33305832106087],[118.75159836409527,5.33305832106087],[118.75159836409527,5.333451911186175],[118.75211657248583,5.333451911186175],[118.75211657248583,5.33305832106087]]],[[[118.75004373892357,5.3421109561404645],[118.75004373892357,5.342504551921803],[118.75056194731414,5.342504551921803],[118.75056194731414,5.3421109561404645],[118.75004373892357,5.3421109561404645]]],[[[118.75211657248583,5.34604692503223],[118.75211657248583,5.346440523275773],[118.75263478087638,5.346440523275773],[118.75263478087638,5.34604692503223],[118.75211657248583,5.34604692503223]]],[[[118.75678044800088,5.348014918713357],[118.75626223961031,5.348014918713357],[118.75626223961031,5.348408518188697],[118.75678044800088,5.348408518188697],[118.75678044800088,5.348014918713357]]],[[[118.76248074029704,5.350376519262007],[118.76196253190649,5.350376519262007],[118.76196253190649,5.3507701202161195],[118.76248074029704,5.3507701202161195],[118.76248074029704,5.350376519262007]]],[[[118.7629989486876,5.351557322863943],[118.76248074029704,5.351557322863943],[118.76248074029704,5.35195092455769],[118.7629989486876,5.35195092455769],[118.7629989486876,5.351557322863943]]],[[[118.76455357385929,5.3523445264980225],[118.76403536546873,5.3523445264980225],[118.76403536546873,5.352738128684953],[118.76455357385929,5.352738128684953],[118.76455357385929,5.3523445264980225]]],[[[118.76351715707816,5.3543125398990625],[118.7629989486876,5.3543125398990625],[118.7629989486876,5.3547061433192775],[118.76351715707816,5.3547061433192775],[118.76351715707816,5.3543125398990625]]],[[[118.76040790673478,5.355493350899862],[118.75988969834422,5.355493350899862],[118.75988969834422,5.356280559467446],[118.76040790673478,5.356280559467446],[118.76040790673478,5.355493350899862]]],[[[118.76040790673478,5.358642191093669],[118.75988969834422,5.358642191093669],[118.75988969834422,5.359429403610729],[118.76040790673478,5.359429403610729],[118.76040790673478,5.358642191093669]]],[[[118.75988969834422,5.3606102242383775],[118.75988969834422,5.361003831608217],[118.76040790673478,5.361003831608217],[118.76040790673478,5.3606102242383775],[118.75988969834422,5.3606102242383775]]],[[[118.76040790673478,5.361791047088944],[118.76040790673478,5.362184655199864],[118.76092611512536,5.362184655199864],[118.76092611512536,5.361791047088944],[118.76040790673478,5.361791047088944]]]]},"properties":{"place_id":"3761d393-3955-55f4-ae7b-ee16134e5c52","habitat":"seasonal_water_wetland","habitat_label":"Seasonal water or wetland","resolution_m":50}},{"type":"Feature","geometry":{"type":"MultiPolygon","coordinates":[[[[118.66713039643388,5.233881392180773],[118.6655757712622,5.233094335308902],[118.66453935448106,5.23427492097823],[118.66609397965274,5.235061979296275],[118.66713039643388,5.233881392180773]],[[118.66609397965274,5.233881392180773],[118.66609397965274,5.23427492097823],[118.6655757712622,5.23427492097823],[118.6655757712622,5.233881392180773],[118.66609397965274,5.233881392180773]]],[[[118.67334889712059,5.2362425685814555],[118.67179427194891,5.235455508816902],[118.67075785516779,5.236636098825421],[118.67231248033949,5.237423160036816],[118.67334889712059,5.2362425685814555]],[[118.67231248033949,5.2362425685814555],[118.67231248033949,5.236636098825421],[118.67179427194891,5.236636098825421],[118.67179427194891,5.2362425685814555],[118.67231248033949,5.2362425685814555]]],[[[118.67542173068286,5.23939081728639],[118.67490352229228,5.23939081728639],[118.67438531390172,5.238603753662854],[118.67231248033949,5.238210222212957],[118.67179427194891,5.237423160036816],[118.67023964677725,5.238210222212957],[118.67023964677725,5.2389972853539915],[118.67075785516779,5.2389972853539915],[118.67179427194891,5.240177881875046],[118.67283068873004,5.239784349460068],[118.67283068873004,5.240177881875046],[118.67386710551115,5.240177881875046],[118.67386710551115,5.2405714145313365],[118.67438531390172,5.2405714145313365],[118.67542173068286,5.23939081728639]],[[118.67438531390172,5.23939081728639],[118.67438531390172,5.239784349460068],[118.67386710551115,5.239784349460068],[118.67386710551115,5.23939081728639],[118.67438531390172,5.23939081728639]],[[118.67231248033949,5.23939081728639],[118.67179427194891,5.23939081728639],[118.67179427194891,5.2389972853539915],[118.67231248033949,5.2389972853539915],[118.67231248033949,5.23939081728639]],[[118.67127606355835,5.2389972853539915],[118.67127606355835,5.238210222212957],[118.67179427194891,5.238210222212957],[118.67179427194891,5.2389972853539915],[118.67127606355835,5.2389972853539915]],[[118.67334889712059,5.2389972853539915],[118.67334889712059,5.23939081728639],[118.67283068873004,5.23939081728639],[118.67283068873004,5.2389972853539915],[118.67334889712059,5.2389972853539915]]],[[[118.67645814746396,5.24490028968272],[118.6759399390734,5.24490028968272],[118.6759399390734,5.243719684471282],[118.67542173068286,5.243719684471282],[118.67490352229228,5.242932615537767],[118.67334889712059,5.243719684471282],[118.67334889712059,5.24490028968272],[118.67386710551115,5.24490028968272],[118.67490352229228,5.246080897068005],[118.67542173068286,5.246080897068005],[118.67645814746396,5.24490028968272]],[[118.67542173068286,5.245293825236252],[118.67490352229228,5.245293825236252],[118.67490352229228,5.24490028968272],[118.67542173068286,5.24490028968272],[118.67542173068286,5.245293825236252]],[[118.67438531390172,5.24490028968272],[118.67438531390172,5.243719684471282],[118.67490352229228,5.243719684471282],[118.67490352229228,5.24490028968272],[118.67438531390172,5.24490028968272]]],[[[118.68423127332238,5.246474433346263],[118.6826766481507,5.24568736103134],[118.68164023136957,5.246867969866136],[118.68319485654125,5.24765504363079],[118.68423127332238,5.246474433346263]],[[118.68319485654125,5.246474433346263],[118.68319485654125,5.246867969866136],[118.6826766481507,5.246867969866136],[118.6826766481507,5.246474433346263],[118.68319485654125,5.246474433346263]]],[[[118.68682231527518,5.252377506524038],[118.68526769010349,5.251590426957123],[118.68423127332238,5.252771046670323],[118.68578589849405,5.253558127688639],[118.68682231527518,5.252377506524038]],[[118.68578589849405,5.252377506524038],[118.68578589849405,5.252771046670323],[118.68526769010349,5.252771046670323],[118.68526769010349,5.252377506524038],[118.68578589849405,5.252377506524038]]],[[[118.68578589849405,5.258674177904072],[118.68423127332238,5.2578870905925035],[118.68319485654125,5.2590677219231265],[118.68474948171294,5.259854810687873],[118.68578589849405,5.258674177904072]],[[118.68474948171294,5.258674177904072],[118.68474948171294,5.2590677219231265],[118.68423127332238,5.2590677219231265],[118.68423127332238,5.258674177904072],[118.68474948171294,5.258674177904072]]],[[[118.68526769010349,5.262216082796528],[118.68474948171294,5.262216082796528],[118.68474948171294,5.261428991124425],[118.68423127332238,5.261428991124425],[118.68371306493181,5.260641900421588],[118.68215843976013,5.261428991124425],[118.68215843976013,5.2618225368393094],[118.6826766481507,5.2618225368393094],[118.6826766481507,5.262609628996103],[118.68319485654125,5.262609628996103],[118.68371306493181,5.263396722122385],[118.68423127332238,5.263396722122385],[118.68526769010349,5.262216082796528]],[[118.68423127332238,5.262216082796528],[118.68423127332238,5.262609628996103],[118.68371306493181,5.262609628996103],[118.68371306493181,5.262216082796528],[118.68423127332238,5.262216082796528]],[[118.68371306493181,5.261428991124425],[118.68371306493181,5.2618225368393094],[118.68319485654125,5.2618225368393094],[118.68319485654125,5.261428991124425],[118.68371306493181,5.261428991124425]]],[[[118.68682231527518,5.265758007319654],[118.68630410688462,5.265758007319654],[118.68682231527518,5.264970911284013],[118.68630410688462,5.264970911284013],[118.68578589849405,5.2641838162183054],[118.68423127332238,5.264970911284013],[118.68423127332238,5.265364459180583],[118.68474948171294,5.265364459180583],[118.68423127332238,5.266151555701248],[118.68474948171294,5.266151555701248],[118.68526769010349,5.266938653192071],[118.68578589849405,5.266938653192071],[118.68682231527518,5.265758007319654]],[[118.68578589849405,5.265758007319654],[118.68578589849405,5.266151555701248],[118.68526769010349,5.266151555701248],[118.68526769010349,5.265758007319654],[118.68578589849405,5.265758007319654]],[[118.68578589849405,5.264970911284013],[118.68578589849405,5.265364459180583],[118.68526769010349,5.265364459180583],[118.68526769010349,5.264970911284013],[118.68578589849405,5.264970911284013]]],[[[118.69252260757135,5.275990344114532],[118.69096798239966,5.275203235456244],[118.68993156561855,5.276383898808171],[118.69148619079023,5.27717100892453],[118.69252260757135,5.275990344114532]],[[118.69148619079023,5.275990344114532],[118.69148619079023,5.276383898808171],[118.69096798239966,5.276383898808171],[118.69096798239966,5.275990344114532],[118.69148619079023,5.275990344114532]]],[[[118.70444140055424,5.281106574092791],[118.70288677538255,5.280319459113782],[118.70185035860145,5.281500131947151],[118.70340498377311,5.2822872483856775],[118.70444140055424,5.281106574092791]],[[118.70340498377311,5.281106574092791],[118.70340498377311,5.281500131947151],[118.70288677538255,5.281500131947151],[118.70288677538255,5.281106574092791],[118.70340498377311,5.281106574092791]]],[[[118.71221452641267,5.28543572387324],[118.71169631802209,5.28543572387324],[118.71065990124096,5.284255043740057],[118.7091052760693,5.285042163585423],[118.71065990124096,5.28661640619745],[118.71117810963153,5.28661640619745],[118.71221452641267,5.28543572387324]],[[118.71117810963153,5.285829284404505],[118.71065990124096,5.285829284404505],[118.71065990124096,5.28543572387324],[118.71117810963153,5.28543572387324],[118.71117810963153,5.285829284404505]],[[118.7101416928504,5.28543572387324],[118.7101416928504,5.285042163585423],[118.71065990124096,5.285042163585423],[118.71065990124096,5.28543572387324],[118.7101416928504,5.28543572387324]]],[[[118.72206048583331,5.288584214941451],[118.72050586066162,5.287797090713194],[118.71946944388051,5.288977777420963],[118.72102406905218,5.289764903110853],[118.72206048583331,5.288584214941451]],[[118.72102406905218,5.288584214941451],[118.72102406905218,5.288977777420963],[118.72050586066162,5.288977777420963],[118.72050586066162,5.288584214941451],[118.72102406905218,5.288584214941451]]],[[[118.71895123548994,5.2913391574145985],[118.71739661031827,5.290552029775348],[118.71739661031827,5.2909455934731175],[118.71636019353714,5.2913391574145985],[118.71636019353714,5.2921262860287515],[118.7179148187088,5.292913415617956],[118.7179148187088,5.292519850701462],[118.71895123548994,5.2921262860287515],[118.71895123548994,5.2913391574145985]],[[118.7179148187088,5.2913391574145985],[118.7179148187088,5.2921262860287515],[118.71739661031827,5.2921262860287515],[118.71739661031827,5.2913391574145985],[118.7179148187088,5.2913391574145985]]],[[[118.50694650000001,5.3123727942454515],[118.5114956,5.310620794247218],[118.51218608765623,5.310624089474534],[118.51301082235247,5.31141124202015],[118.51352777383329,5.311017665625014],[118.5127042960468,5.310624089474534],[118.5127042960468,5.310230513568687],[118.51218608765623,5.310230513568687],[118.51218608765623,5.309836937907455],[118.51166787926567,5.309836937907455],[118.51166787926567,5.310230513568687],[118.510113254094,5.310230513568687],[118.510113254094,5.310624089474534],[118.50907683731288,5.310624089474534],[118.50907683731288,5.311017665625014],[118.50804042053176,5.311017665625014],[118.50804042053176,5.31141124202015],[118.50700400375062,5.31141124202015],[118.50700400375062,5.311804818659956],[118.50648579536006,5.311804818659956],[118.50648579536006,5.310230513568687],[118.50596758696952,5.310230513568687],[118.50596758696952,5.3082626377083155],[118.50544937857896,5.3082626377083155],[118.50544937857896,5.3074754890759595],[118.50493117018839,5.3074754890759595],[118.50493117018839,5.307081915126521],[118.50441296179783,5.307081915126521],[118.50441296179783,5.306688341421547],[118.50234012823559,5.305507621773251],[118.50234012823559,5.304720476563052],[118.50182191984501,5.304720476563052],[118.50182191984501,5.304326904324495],[118.50130371145445,5.304326904324495],[118.50130371145445,5.303933332330275],[118.50078550306391,5.303933332330275],[118.49923087789222,5.302359046796404],[118.49819446111111,5.302359046796404],[118.49819446111111,5.301965476023597],[118.49767625272054,5.301965476023597],[118.49767625272054,5.301571905495014],[118.49715804432998,5.301571905495014],[118.49715804432998,5.30117833521064],[118.4966398359394,5.30117833521064],[118.4966398359394,5.300784765170455],[118.49612162754887,5.300784765170455],[118.49612162754887,5.3003911953744405],[118.4956034191583,5.3003911953744405],[118.4956034191583,5.299997625822579],[118.49508521076774,5.299997625822579],[118.49508521076774,5.29960405651485],[118.4930123772055,5.298423350056282],[118.4930123772055,5.29724264579425],[118.49508521076774,5.29724264579425],[118.49508521076774,5.297636213637565],[118.49715804432998,5.298029781724902],[118.49767625272054,5.29881691863172],[118.50078550306391,5.29881691863172],[118.50078550306391,5.298423350056282],[118.50130371145445,5.298423350056282],[118.50130371145445,5.298029781724902],[118.50182191984501,5.298029781724902],[118.50182191984501,5.297636213637565],[118.50234012823559,5.297636213637565],[118.50234012823559,5.29724264579425],[118.50441296179783,5.296061943728251],[118.50441296179783,5.293306980778247],[118.50389475340727,5.293306980778247],[118.50389475340727,5.292519850701462],[118.50337654501672,5.292519850701462],[118.50337654501672,5.291732721599802],[118.50285833662615,5.291732721599802],[118.50234012823559,5.288977777420963],[118.50182191984501,5.288977777420963],[118.50130371145445,5.28661640619745],[118.50078550306391,5.28661640619745],[118.50078550306391,5.285829284404505],[118.50026729467335,5.285829284404505],[118.50026729467335,5.284648603541035],[118.49871266950166,5.283861484182471],[118.49871266950166,5.283074365797401],[118.49819446111111,5.283074365797401],[118.49767625272054,5.2822872483856775],[118.4956034191583,5.2822872483856775],[118.4956034191583,5.282680806969881],[118.49508521076774,5.282680806969881],[118.49353058559606,5.284255043740057],[118.49113445324315,5.283861484182471],[118.49117519999997,5.284639694273597],[118.49353058559606,5.284717613710016],[118.4956034191583,5.283074365797401],[118.49767625272054,5.283074365797401],[118.49871266950166,5.284648603541035],[118.49923087789222,5.284648603541035],[118.49923087789222,5.28550158418406],[118.50026729467335,5.28661640619745],[118.50185039999998,5.2915196942665945],[118.50337654501672,5.293306980778247],[118.50355619999999,5.2954189942626435],[118.50337654501672,5.296061943728251],[118.5017538,5.296861194261183],[118.50078550306391,5.298029781724902],[118.49767625272054,5.298029781724902],[118.49585289999997,5.297074894260966],[118.49273391436176,5.296455510839611],[118.49197596042437,5.296854368023091],[118.49197596042437,5.298190944698463],[118.49862228533135,5.303146189074776],[118.49923087789222,5.303146189074776],[118.49923087789222,5.303539760580375],[118.49974908628278,5.303539760580375],[118.49974908628278,5.303933332330275],[118.50026729467335,5.303933332330275],[118.50026729467335,5.304326904324495],[118.50078550306391,5.304326904324495],[118.50078550306391,5.304720476563052],[118.50130371145445,5.304720476563052],[118.50130371145445,5.305147357226176],[118.50441296179783,5.3074754890759595],[118.50596758696952,5.312088582083244],[118.50694650000001,5.3123727942454515]]],[[[118.7091052760693,5.370056869326664],[118.70890314218134,5.370056869326664],[118.7091052760693,5.370160963504364],[118.7091052760693,5.370056869326664]]],[[[118.72413331939555,5.289371340144093],[118.72257869422386,5.288584214941451],[118.72154227744275,5.289764903110853],[118.72309690261442,5.290552029775348],[118.72413331939555,5.289371340144093]],[[118.72309690261442,5.289371340144093],[118.72309690261442,5.289764903110853],[118.72257869422386,5.289764903110853],[118.72257869422386,5.289371340144093],[118.72309690261442,5.289371340144093]]],[[[118.72776077812946,5.292519850701462],[118.72620615295779,5.291732721599802],[118.72516973617665,5.292913415617956],[118.72672436134836,5.293700546182358],[118.72776077812946,5.292519850701462]],[[118.72672436134836,5.292519850701462],[118.72672436134836,5.292913415617956],[118.72620615295779,5.292913415617956],[118.72620615295779,5.292519850701462],[118.72672436134836,5.292519850701462]]],[[[118.7313882368634,5.296455510839611],[118.72983361169173,5.295668376860841],[118.73035182008226,5.2948812438577875],[118.72983361169173,5.2948812438577875],[118.72983361169173,5.294487677722111],[118.72931540330116,5.294487677722111],[118.72931540330116,5.293700546182358],[118.72776077812946,5.292913415617956],[118.72776077812946,5.293306980778247],[118.72672436134836,5.293700546182358],[118.72672436134836,5.294487677722111],[118.72827898652002,5.295274810237359],[118.72827898652002,5.295668376860841],[118.72776077812946,5.295668376860841],[118.72776077812946,5.296455510839611],[118.72827898652002,5.296455510839611],[118.72931540330116,5.297636213637565],[118.73035182008226,5.297636213637565],[118.7313882368634,5.296455510839611]],[[118.73035182008226,5.2968490781949376],[118.72931540330116,5.2968490781949376],[118.72931540330116,5.296455510839611],[118.73035182008226,5.296455510839611],[118.73035182008226,5.2968490781949376]],[[118.7287971949106,5.296455510839611],[118.7287971949106,5.295668376860841],[118.72931540330116,5.295668376860841],[118.72931540330116,5.296455510839611],[118.7287971949106,5.296455510839611]],[[118.72931540330116,5.2948812438577875],[118.72931540330116,5.295274810237359],[118.7287971949106,5.295274810237359],[118.7287971949106,5.2948812438577875],[118.72931540330116,5.2948812438577875]],[[118.72827898652002,5.293700546182358],[118.72827898652002,5.294487677722111],[118.72776077812946,5.294487677722111],[118.72776077812946,5.293700546182358],[118.72827898652002,5.293700546182358]]],[[[118.73708852915958,5.304326904324495],[118.73553390398787,5.303539760580375],[118.73449748720677,5.304720476563052],[118.73605211237845,5.305507621773251],[118.73708852915958,5.304326904324495]],[[118.73605211237845,5.304326904324495],[118.73605211237845,5.304720476563052],[118.73553390398787,5.304720476563052],[118.73553390398787,5.304326904324495],[118.73605211237845,5.304326904324495]]],[[[118.74693448858022,5.315740598519034],[118.74537986340853,5.314953440588807],[118.74434344662743,5.316134177851451],[118.74589807179909,5.316921337250985],[118.74693448858022,5.315740598519034]],[[118.74589807179909,5.315740598519034],[118.74589807179909,5.316134177851451],[118.74537986340853,5.316134177851451],[118.74537986340853,5.315740598519034],[118.74589807179909,5.315740598519034]]],[[[118.74797090536133,5.318495658989378],[118.74641628018966,5.317708497630247],[118.74641628018966,5.318102078187319],[118.74537986340853,5.318495658989378],[118.74537986340853,5.3192828213285335],[118.74486165501796,5.3192828213285335],[118.74486165501796,5.319676402865665],[118.74537986340853,5.319676402865665],[118.74589807179909,5.320463566675129],[118.74693448858022,5.320463566675129],[118.74693448858022,5.3200699846478585],[118.74797090536133,5.319676402865665],[118.74797090536133,5.318495658989378]],[[118.74589807179909,5.319676402865665],[118.74589807179909,5.3192828213285335],[118.74641628018966,5.3192828213285335],[118.74641628018966,5.318495658989378],[118.74693448858022,5.318495658989378],[118.74693448858022,5.319676402865665],[118.74589807179909,5.319676402865665]]],[[[118.74641628018966,5.322431480488334],[118.74486165501796,5.32164431422761],[118.74382523823685,5.322825063986476],[118.74537986340853,5.323612231718401],[118.74641628018966,5.322431480488334]],[[118.74537986340853,5.322431480488334],[118.74537986340853,5.322825063986476],[118.74486165501796,5.322825063986476],[118.74486165501796,5.322431480488334],[118.74537986340853,5.322431480488334]]],[[[118.74797090536133,5.324792985155685],[118.74641628018966,5.324005815952223],[118.74537986340853,5.325186570125358],[118.74693448858022,5.325973740800688],[118.74797090536133,5.324792985155685]],[[118.74693448858022,5.324792985155685],[118.74693448858022,5.325186570125358],[118.74641628018966,5.325186570125358],[118.74641628018966,5.324792985155685],[118.74693448858022,5.324792985155685]]],[[[118.75418940604807,5.327941671783097],[118.75367119765751,5.327941671783097],[118.75418940604807,5.32715449865391],[118.75367119765751,5.32715449865391],[118.75367119765751,5.32636732650638],[118.75315298926694,5.32636732650638],[118.75263478087638,5.3255801553403534],[118.75159836409527,5.3255801553403534],[118.7510801557047,5.324792985155685],[118.74952553053303,5.3255801553403534],[118.75056194731414,5.3267609124574475],[118.75159836409527,5.3267609124574475],[118.75159836409527,5.3275480850957875],[118.75211657248583,5.3275480850957875],[118.75159836409527,5.328335258715856],[118.75211657248583,5.328335258715856],[118.75263478087638,5.329122433317802],[118.75315298926694,5.329122433317802],[118.75418940604807,5.327941671783097]],[[118.75315298926694,5.327941671783097],[118.75315298926694,5.328335258715856],[118.75263478087638,5.328335258715856],[118.75263478087638,5.327941671783097],[118.75315298926694,5.327941671783097]],[[118.75315298926694,5.32715449865391],[118.75315298926694,5.3275480850957875],[118.75263478087638,5.3275480850957875],[118.75263478087638,5.32715449865391],[118.75315298926694,5.32715449865391]],[[118.75263478087638,5.32636732650638],[118.75263478087638,5.3267609124574475],[118.75211657248583,5.3267609124574475],[118.75211657248583,5.32636732650638],[118.75263478087638,5.32636732650638]],[[118.7510801557047,5.3255801553403534],[118.7510801557047,5.325973740800688],[118.75056194731414,5.325973740800688],[118.75056194731414,5.3255801553403534],[118.7510801557047,5.3255801553403534]]],[[[118.75574403121975,5.3310903741193485],[118.75626223961031,5.3310903741193485],[118.75626223961031,5.330696785467915],[118.75470761443862,5.329909608901771],[118.75315298926694,5.33148396301638],[118.75470761443862,5.332271141547316],[118.75574403121975,5.3310903741193485]],[[118.75418940604807,5.33148396301638],[118.75418940604807,5.3310903741193485],[118.75470761443862,5.3310903741193485],[118.75470761443862,5.33148396301638],[118.75418940604807,5.33148396301638]],[[118.75470761443862,5.330696785467915],[118.75522582282917,5.330696785467915],[118.75522582282917,5.3310903741193485],[118.75470761443862,5.3310903741193485],[118.75470761443862,5.330696785467915]]],[[[118.91017013160682,5.343291744222907],[118.90977876421611,5.343291744222907],[118.910079019654,5.345259729284038],[118.91017013160682,5.3448661317793515],[118.91068833999738,5.3448661317793515],[118.91068833999738,5.343685340742709],[118.91017013160682,5.343685340742709],[118.91017013160682,5.343291744222907]]],[[[118.76196253190649,5.361397439225066],[118.76144432351592,5.361397439225066],[118.76144432351592,5.357854979564199],[118.76092611512536,5.357854979564199],[118.76092611512536,5.3570677690221755],[118.76144432351592,5.3570677690221755],[118.76144432351592,5.356280559467446],[118.76196253190649,5.356280559467446],[118.76196253190649,5.35588695506027],[118.76351715707816,5.35588695506027],[118.76351715707816,5.355493350899862],[118.76455357385929,5.3550997469862045],[118.76455357385929,5.3543125398990625],[118.76610819903097,5.353525333798694],[118.76610819903097,5.352738128684953],[118.7655899906404,5.352738128684953],[118.76455357385929,5.351557322863943],[118.76351715707816,5.351557322863943],[118.76351715707816,5.348014918713357],[118.7629989486876,5.348014918713357],[118.76248074029704,5.347227720501845],[118.76144432351592,5.347227720501845],[118.76092611512536,5.348014918713357],[118.75885328156312,5.348408518188697],[118.75781686478199,5.347227720501845],[118.75626223961031,5.347227720501845],[118.75574403121975,5.346440523275773],[118.75418940604807,5.346440523275773],[118.75418940604807,5.34604692503223],[118.75263478087638,5.345259729284038],[118.75263478087638,5.3448661317793515],[118.75315298926694,5.3448661317793515],[118.75315298926694,5.344078937508707],[118.75367119765751,5.344078937508707],[118.75367119765751,5.342504551921803],[118.75315298926694,5.342504551921803],[118.75263478087638,5.341717360605247],[118.75159836409527,5.341717360605247],[118.75159836409527,5.340930170273092],[118.75211657248583,5.340930170273092],[118.75211657248583,5.340536575476116],[118.7510801557047,5.340142980925186],[118.75159836409527,5.339355792561385],[118.7510801557047,5.339355792561385],[118.7510801557047,5.338962198748478],[118.75056194731414,5.338962198748478],[118.75056194731414,5.338175011860552],[118.75004373892357,5.338175011860552],[118.75004373892357,5.33738782595636],[118.75056194731414,5.33738782595636],[118.75056194731414,5.336994233373114],[118.75159836409527,5.33738782595636],[118.75159836409527,5.336994233373114],[118.75263478087638,5.33660064103575],[118.75263478087638,5.335419865498728],[118.75418940604807,5.334632683036428],[118.75418940604807,5.3338455015571915],[118.75315298926694,5.333451911186175],[118.75418940604807,5.332271141547316],[118.75263478087638,5.33148396301638],[118.75263478087638,5.33187755215903],[118.75056194731414,5.33305832106087],[118.75056194731414,5.334239092173934],[118.75004373892357,5.334239092173934],[118.75004373892357,5.334632683036428],[118.74797090536133,5.335813457098575],[118.74797090536133,5.33738782595636],[118.7484891137519,5.33738782595636],[118.74797090536133,5.339355792561385],[118.74952553053303,5.340142980925186],[118.74952553053303,5.340536575476116],[118.74797090536133,5.341323765316128],[118.74797090536133,5.342504551921803],[118.7484891137519,5.342504551921803],[118.74900732214246,5.343291744222907],[118.7510801557047,5.343291744222907],[118.7510801557047,5.344078937508707],[118.75056194731414,5.344078937508707],[118.75056194731414,5.3448661317793515],[118.7510801557047,5.3448661317793515],[118.7510801557047,5.345259729284038],[118.75056194731414,5.345259729284038],[118.75056194731414,5.34604692503223],[118.7510801557047,5.34604692503223],[118.75263478087638,5.347621319484411],[118.75367119765751,5.347621319484411],[118.75418940604807,5.348408518188697],[118.75522582282917,5.348408518188697],[118.75522582282917,5.348802117910455],[118.75729865639143,5.349195717878645],[118.75833507317255,5.350376519262007],[118.76092611512536,5.349982918554403],[118.76092611512536,5.351557322863943],[118.76144432351592,5.351557322863943],[118.76144432351592,5.3523445264980225],[118.76196253190649,5.3523445264980225],[118.76248074029704,5.353131731118505],[118.76351715707816,5.353131731118505],[118.7629989486876,5.353918936725543],[118.76040790673478,5.3543125398990625],[118.76040790673478,5.3547061433192775],[118.75885328156312,5.355493350899862],[118.75885328156312,5.356674164121409],[118.75833507317255,5.356674164121409],[118.75833507317255,5.357461374169769],[118.75885328156312,5.357461374169769],[118.75885328156312,5.361397439225066],[118.75937148995368,5.361397439225066],[118.75937148995368,5.362184655199864],[118.75988969834422,5.362184655199864],[118.76040790673478,5.3627968511021225],[118.76137020000002,5.36217379419494],[118.76144432351592,5.362578263557855],[118.76144432351592,5.362184655199864],[118.76196253190649,5.362184655199864],[118.76196253190649,5.361397439225066]],[[118.76092611512536,5.362184655199864],[118.76040790673478,5.362184655199864],[118.76040790673478,5.361397439225066],[118.76092611512536,5.361397439225066],[118.76092611512536,5.362184655199864]],[[118.75988969834422,5.361397439225066],[118.75988969834422,5.357854979564199],[118.76040790673478,5.357854979564199],[118.76040790673478,5.361397439225066],[118.75988969834422,5.361397439225066]],[[118.75988969834422,5.3570677690221755],[118.75988969834422,5.357461374169769],[118.75937148995368,5.357461374169769],[118.75988969834422,5.355493350899862],[118.76040790673478,5.355493350899862],[118.76040790673478,5.3550997469862045],[118.76196253190649,5.3550997469862045],[118.76196253190649,5.355493350899862],[118.76092611512536,5.355493350899862],[118.76092611512536,5.35588695506027],[118.76040790673478,5.35588695506027],[118.76040790673478,5.3570677690221755],[118.75988969834422,5.3570677690221755]],[[118.76196253190649,5.3547061433192775],[118.7629989486876,5.3547061433192775],[118.7629989486876,5.3543125398990625],[118.76351715707816,5.3543125398990625],[118.76351715707816,5.3550997469862045],[118.76196253190649,5.3550997469862045],[118.76196253190649,5.3547061433192775]],[[118.76351715707816,5.353918936725543],[118.76403536546873,5.353918936725543],[118.76403536546873,5.3543125398990625],[118.76351715707816,5.3543125398990625],[118.76351715707816,5.353918936725543]],[[118.76403536546873,5.353525333798694],[118.76455357385929,5.353525333798694],[118.76455357385929,5.353918936725543],[118.76403536546873,5.353918936725543],[118.76403536546873,5.353525333798694]],[[118.76455357385929,5.352738128684953],[118.76507178224983,5.352738128684953],[118.76507178224983,5.353525333798694],[118.76455357385929,5.353525333798694],[118.76455357385929,5.352738128684953]],[[118.76351715707816,5.352738128684953],[118.76351715707816,5.3523445264980225],[118.76455357385929,5.3523445264980225],[118.76455357385929,5.352738128684953],[118.76351715707816,5.352738128684953]],[[118.76248074029704,5.3523445264980225],[118.76248074029704,5.351557322863943],[118.7629989486876,5.351557322863943],[118.76351715707816,5.3523445264980225],[118.76248074029704,5.3523445264980225]],[[118.76196253190649,5.351557322863943],[118.76196253190649,5.348802117910455],[118.76092611512536,5.348802117910455],[118.76144432351592,5.348014918713357],[118.76248074029704,5.348014918713357],[118.76248074029704,5.351557322863943],[118.76196253190649,5.351557322863943]],[[118.76092611512536,5.349195717878645],[118.75988969834422,5.349195717878645],[118.75988969834422,5.348802117910455],[118.76092611512536,5.348802117910455],[118.76092611512536,5.349195717878645]],[[118.75833507317255,5.348802117910455],[118.75885328156312,5.348802117910455],[118.75937148995368,5.349589318093288],[118.75833507317255,5.349589318093288],[118.75833507317255,5.348802117910455]],[[118.75781686478199,5.348802117910455],[118.75781686478199,5.348408518188697],[118.75833507317255,5.348408518188697],[118.75833507317255,5.348802117910455],[118.75781686478199,5.348802117910455]],[[118.75626223961031,5.348408518188697],[118.75626223961031,5.348014918713357],[118.75781686478199,5.348014918713357],[118.75781686478199,5.348408518188697],[118.75626223961031,5.348408518188697]],[[118.75522582282917,5.348014918713357],[118.75522582282917,5.347621319484411],[118.75418940604807,5.347621319484411],[118.75418940604807,5.347227720501845],[118.75574403121975,5.347227720501845],[118.75574403121975,5.347621319484411],[118.75626223961031,5.347621319484411],[118.75626223961031,5.348014918713357],[118.75522582282917,5.348014918713357]],[[118.75367119765751,5.346834121765638],[118.75263478087638,5.346834121765638],[118.75263478087638,5.346440523275773],[118.75367119765751,5.346440523275773],[118.75367119765751,5.346834121765638]],[[118.75211657248583,5.346440523275773],[118.75211657248583,5.34604692503223],[118.75159836409527,5.34604692503223],[118.75159836409527,5.345259729284038],[118.75263478087638,5.3456533270349915],[118.75263478087638,5.346440523275773],[118.75211657248583,5.346440523275773]],[[118.75159836409527,5.3448661317793515],[118.75159836409527,5.344078937508707],[118.75211657248583,5.344078937508707],[118.75211657248583,5.3448661317793515],[118.75159836409527,5.3448661317793515]],[[118.75211657248583,5.342504551921803],[118.75263478087638,5.342504551921803],[118.75263478087638,5.344078937508707],[118.75211657248583,5.344078937508707],[118.75211657248583,5.342504551921803]],[[118.74900732214246,5.342504551921803],[118.74900732214246,5.341323765316128],[118.75004373892357,5.341323765316128],[118.74952553053303,5.3421109561404645],[118.75159836409527,5.3421109561404645],[118.75159836409527,5.342504551921803],[118.74900732214246,5.342504551921803]],[[118.75004373892357,5.340930170273092],[118.75056194731414,5.340930170273092],[118.75056194731414,5.341323765316128],[118.75004373892357,5.341323765316128],[118.75004373892357,5.340930170273092]],[[118.75056194731414,5.340536575476116],[118.7510801557047,5.340536575476116],[118.7510801557047,5.340930170273092],[118.75056194731414,5.340930170273092],[118.75056194731414,5.340536575476116]],[[118.75056194731414,5.339749386620281],[118.74952553053303,5.339749386620281],[118.74952553053303,5.339355792561385],[118.75056194731414,5.339355792561385],[118.75056194731414,5.339749386620281]],[[118.74900732214246,5.339355792561385],[118.74900732214246,5.338175011860552],[118.74952553053303,5.338175011860552],[118.74952553053303,5.339355792561385],[118.74900732214246,5.339355792561385]],[[118.74952553053303,5.33660064103575],[118.74952553053303,5.33738782595636],[118.74900732214246,5.33738782595636],[118.74900732214246,5.335813457098575],[118.75004373892357,5.335813457098575],[118.75004373892357,5.33620704894424],[118.75056194731414,5.33620704894424],[118.75056194731414,5.33660064103575],[118.74952553053303,5.33660064103575]],[[118.75159836409527,5.335419865498728],[118.75159836409527,5.33660064103575],[118.7510801557047,5.33660064103575],[118.7510801557047,5.335419865498728],[118.75159836409527,5.335419865498728]],[[118.75056194731414,5.335026274144685],[118.75056194731414,5.334632683036428],[118.7510801557047,5.334632683036428],[118.7510801557047,5.335026274144685],[118.75056194731414,5.335026274144685]],[[118.7510801557047,5.334239092173934],[118.75159836409527,5.334239092173934],[118.75159836409527,5.334632683036428],[118.7510801557047,5.334632683036428],[118.7510801557047,5.334239092173934]],[[118.75263478087638,5.334632683036428],[118.75263478087638,5.335026274144685],[118.75159836409527,5.335026274144685],[118.75159836409527,5.334632683036428],[118.75263478087638,5.334632683036428]],[[118.75263478087638,5.334239092173934],[118.75211657248583,5.334239092173934],[118.75211657248583,5.3338455015571915],[118.75315298926694,5.3338455015571915],[118.75315298926694,5.334632683036428],[118.75263478087638,5.334632683036428],[118.75263478087638,5.334239092173934]],[[118.75159836409527,5.3338455015571915],[118.75159836409527,5.33305832106087],[118.75211657248583,5.33305832106087],[118.75211657248583,5.3338455015571915],[118.75159836409527,5.3338455015571915]],[[118.75211657248583,5.332664731181255],[118.75263478087638,5.332664731181255],[118.75263478087638,5.33305832106087],[118.75211657248583,5.33305832106087],[118.75211657248583,5.332664731181255]],[[118.75263478087638,5.332271141547316],[118.75315298926694,5.332271141547316],[118.75315298926694,5.332664731181255],[118.75263478087638,5.332664731181255],[118.75263478087638,5.332271141547316]]],[[[118.91327938195019,5.348802117910455],[118.91276117355962,5.348802117910455],[118.91276117355962,5.348014918713357],[118.91224296516906,5.348014918713357],[118.91213725867468,5.347621319484411],[118.91271109999998,5.350274094206987],[118.91327938195019,5.350194017510515],[118.91276117355962,5.349982918554403],[118.91276117355962,5.349589318093288],[118.91327938195019,5.349589318093288],[118.91327938195019,5.348802117910455]]],[[[118.85990391772242,5.3606452932708875],[118.85938570933187,5.3606102242383775],[118.85938570933187,5.360637218080002],[118.85990391772242,5.3606452932708875]]],[[[118.86094033450355,5.362578263557855],[118.86071198978912,5.361397439225066],[118.86067897665595,5.362578263557855],[118.86094033450355,5.362578263557855]]],[[[118.76403536546873,5.366120749900735],[118.76351715707816,5.366120749900735],[118.7629989486876,5.364152699460828],[118.76248074029704,5.364152699460828],[118.76196253190649,5.363365481015101],[118.76119058234482,5.363365481015101],[118.76117709999998,5.363893494193217],[118.76196253190649,5.364152699460828],[118.76248074029704,5.364939918895188],[118.76309750000001,5.366873794190185],[118.7637182657523,5.367301583131537],[118.76507178224983,5.367429015171264],[118.76403536546873,5.366907971807322],[118.76403536546873,5.366120749900735]]]]},"properties":{"place_id":"3761d393-3955-55f4-ae7b-ee16134e5c52","habitat":"water_edge","habitat_label":"Water edge","resolution_m":50}},{"type":"Feature","geometry":{"type":"MultiPolygon","coordinates":[[[[118.84694870795842,5.353131731118505],[118.84694870795842,5.353525333798694],[118.84746691634899,5.353525333798694],[118.84746691634899,5.353131731118505],[118.84694870795842,5.353131731118505]]],[[[118.83917558210001,5.357867858660422],[118.83931085031489,5.357854979564199],[118.83917558210001,5.357854979564199],[118.83917558210001,5.357867858660422]]],[[[118.8329570814133,5.359235316547519],[118.83451170658496,5.3585009465294124],[118.83451170658496,5.358248585205496],[118.8339934981944,5.358248585205496],[118.8339934981944,5.358642191093669],[118.8329570814133,5.358642191093669],[118.8329570814133,5.359235316547519]]],[[[118.82932962267935,5.3606102242383775],[118.82777499750769,5.3606102242383775],[118.82777499750769,5.360216617115528],[118.82673858072656,5.3606102242383775],[118.82673858072656,5.360216617115528],[118.82622037233598,5.360216617115528],[118.82622037233598,5.3606102242383775],[118.82570216394545,5.3606102242383775],[118.82570216394545,5.361397439225066],[118.82466574716432,5.361397439225066],[118.82414753877374,5.362184655199864],[118.82673858072656,5.36139039217418],[118.82673858072656,5.361003831608217],[118.82725678911711,5.361003831608217],[118.82725678911711,5.361314898231192],[118.82913349999998,5.361041494196108],[118.82932962267935,5.3606102242383775]]],[[[118.8220747052115,5.363759090114393],[118.82155649682095,5.363759090114393],[118.82155649682095,5.364939918895188],[118.82194585946552,5.364939918895188],[118.82331753077592,5.362971872162925],[118.8220747052115,5.362971872162925],[118.8220747052115,5.363759090114393]]],[[[118.82052008003984,5.365994030673015],[118.8209234055798,5.365727139318327],[118.82052008003984,5.365727139318327],[118.82052008003984,5.365994030673015]]],[[[118.81948366325871,5.366120749900735],[118.81948366325871,5.366679856046349],[118.82000187164927,5.366336943265847],[118.81948366325871,5.366120749900735]]],[[[118.8168926213059,5.366907971807322],[118.8168926213059,5.367301583131537],[118.81533799613423,5.368088806521906],[118.81533799613423,5.368482418588099],[118.81585620452479,5.368482418588099],[118.81585620452479,5.368876030901649],[118.81533799613423,5.368876030901649],[118.81533799613423,5.369269643462582],[118.81585620452479,5.369269643462582],[118.81585620452479,5.370450482629849],[118.81533799613423,5.370450482629849],[118.81533799613423,5.37084409618049],[118.81585620452479,5.37084409618049],[118.81637441291534,5.371548244103921],[118.8170099,5.371231894185788],[118.8168926213059,5.370648076986587],[118.81637441291534,5.37084409618049],[118.81637441291534,5.370056869326664],[118.81677385788569,5.370056869326664],[118.81716009999998,5.3684546941886],[118.81913893581134,5.366907971807322],[118.8168926213059,5.366907971807322]]],[[[118.81481978774366,5.370450482629849],[118.813265162572,5.370450482629849],[118.813265162572,5.370056869326664],[118.81274695418142,5.370056869326664],[118.81274695418142,5.37084409618049],[118.81222874579086,5.37084409618049],[118.81222874579086,5.37163132402421],[118.81171053740029,5.37163132402421],[118.81171053740029,5.372987368691419],[118.8127184,5.371167794185846],[118.81481978774366,5.37084409618049],[118.81481978774366,5.370450482629849]]],[[[118.81119232900976,5.373465751983478],[118.81147394053774,5.373205782681922],[118.81119232900976,5.373205782681922],[118.81119232900976,5.373465751983478]]],[[[118.81067412061918,5.3735993979652665],[118.81067412061918,5.373926222698086],[118.81104755715751,5.3735993979652665],[118.81067412061918,5.3735993979652665]]],[[[118.79305503534012,5.374780245300992],[118.79357324373069,5.374780245300992],[118.79357324373069,5.374386629274783],[118.79305503534012,5.374386629274783],[118.79305503534012,5.374780245300992]]],[[[118.80911949544749,5.374780245300992],[118.80961458037423,5.374780245300992],[118.81004130250098,5.374386629274783],[118.80911949544749,5.374386629274783],[118.80911949544749,5.374780245300992]]],[[[118.85109437508291,5.375567478096405],[118.85109437508291,5.375961094865648],[118.85161258347347,5.375961094865648],[118.85161258347347,5.375567478096405],[118.85109437508291,5.375567478096405]]],[[[118.79357324373069,5.375961094865648],[118.79344420452811,5.375961094865648],[118.79357324373069,5.376306531195207],[118.79357324373069,5.375961094865648]]],[[[118.79409145212125,5.3767483291472935],[118.79373827912117,5.3767483291472935],[118.79409145212125,5.377704813467237],[118.79409145212125,5.3767483291472935]]],[[[118.8485033331301,5.377293420671415],[118.8483381,5.377747794179167],[118.8485033331301,5.3778215349947684],[118.8485033331301,5.377293420671415]]],[[[118.85005795830178,5.378242706264173],[118.85057616669233,5.378176765811455],[118.85057616669233,5.377929182427948],[118.85005795830178,5.377929182427948],[118.85005795830178,5.378242706264173]]],[[[118.85109437508291,5.377929182427948],[118.85213079186403,5.377978944495027],[118.85213079186403,5.377929182427948],[118.85109437508291,5.377929182427948]]],[[[118.79453657337693,5.37911003793887],[118.7946096605118,5.379274593661016],[118.7946096605118,5.37911003793887],[118.79453657337693,5.37911003793887]]],[[[118.80704666188525,5.3800354118536164],[118.80717985771268,5.379897276185439],[118.80704666188525,5.379897276185439],[118.80704666188525,5.3800354118536164]]],[[[118.80445561993244,5.381471755653522],[118.80497382832301,5.381471755653522],[118.80497382832301,5.381078135414586],[118.80445561993244,5.381078135414586],[118.80445561993244,5.381471755653522]]],[[[118.80549203671357,5.381078135414586],[118.80549203671357,5.381471755653522],[118.80445561993244,5.381865376140435],[118.80445561993244,5.382397045120437],[118.80604122789337,5.381078135414586],[118.80549203671357,5.381078135414586]]],[[[118.80393741154191,5.3826526178582546],[118.80393741154191,5.382817267977691],[118.80414045393826,5.3826526178582546],[118.80393741154191,5.3826526178582546]]],[[[118.80341920315134,5.383237491117641],[118.80365505020082,5.383046239089201],[118.80341920315134,5.383046239089201],[118.80341920315134,5.383237491117641]]],[[[118.8023827863702,5.383493550150422],[118.80281416053646,5.383439860568197],[118.8023827863702,5.383439860568197],[118.8023827863702,5.383493550150422]]],[[[118.7987553276363,5.383833482295259],[118.7987553276363,5.384000047056982],[118.79965156937662,5.383833482295259],[118.7987553276363,5.383833482295259]]],[[[118.87441375265811,5.348014918713357],[118.87493196104869,5.348014918713357],[118.87493196104869,5.347621319484411],[118.87441375265811,5.347621319484411],[118.87441375265811,5.348014918713357]]],[[[118.85420362542627,5.350376519262007],[118.85472183381684,5.350376519262007],[118.85472183381684,5.349982918554403],[118.85420362542627,5.349982918554403],[118.85420362542627,5.350376519262007]]],[[[118.83969379049057,5.3570677690221755],[118.83917558210001,5.3570677690221755],[118.83917558210001,5.356674164121409],[118.83865737370944,5.356674164121409],[118.83865737370944,5.3570677690221755],[118.83710274853777,5.3570677690221755],[118.83710274853777,5.356674164121409],[118.8365845401472,5.356674164121409],[118.8365845401472,5.357461374169769],[118.83606633175664,5.357461374169769],[118.83606633175664,5.357854979564199],[118.83502991497554,5.357854979564199],[118.83502991497554,5.357461374169769],[118.83451170658496,5.357461374169769],[118.83451170658496,5.358248585205496],[118.83813916531888,5.357966537515969],[118.83813916531888,5.357461374169769],[118.83865737370944,5.357461374169769],[118.83865737370944,5.357854979564199],[118.83917558210001,5.357854979564199],[118.83917558210001,5.357461374169769],[118.84039879999999,5.3577513941994415],[118.84850969999998,5.355230494201971],[118.8531446,5.354333194202899],[118.85769359999999,5.352666794204588],[118.86095520000002,5.355572294201625],[118.85935744405369,5.357461374169769],[118.86145854289413,5.357461374169769],[118.86145854289413,5.3570677690221755],[118.86249495967523,5.3570677690221755],[118.86249495967523,5.356280559467446],[118.86301316806579,5.356280559467446],[118.86353137645636,5.355493350899862],[118.86456779323747,5.355493350899862],[118.86508600162803,5.357461374169769],[118.86612241840916,5.357461374169769],[118.86612241840916,5.357854979564199],[118.86715883519027,5.358248585205496],[118.86664062679974,5.35903579722874],[118.8681952519714,5.35903579722874],[118.8681952519714,5.358642191093669],[118.86871346036197,5.358642191093669],[118.86871346036197,5.358248585205496],[118.8681952519714,5.358248585205496],[118.8681952519714,5.3570677690221755],[118.86871346036197,5.3570677690221755],[118.8681952519714,5.356280559467446],[118.86871346036197,5.356280559467446],[118.86871346036197,5.3550997469862045],[118.86974987714308,5.3550997469862045],[118.86974987714308,5.353918936725543],[118.86923166875253,5.353918936725543],[118.86923166875253,5.353525333798694],[118.86767704358084,5.353525333798694],[118.86767704358084,5.353918936725543],[118.86715883519027,5.353918936725543],[118.86715883519027,5.3523445264980225],[118.86767704358084,5.3523445264980225],[118.8681952519714,5.351557322863943],[118.86923166875253,5.35195092455769],[118.86923166875253,5.351163721416759],[118.86974987714308,5.351163721416759],[118.86974987714308,5.3507701202161195],[118.87026808553364,5.3507701202161195],[118.87026808553364,5.351163721416759],[118.87130450231477,5.351163721416759],[118.87026808553364,5.349982918554403],[118.87078629392421,5.349982918554403],[118.87078629392421,5.349589318093288],[118.87182271070532,5.349589318093288],[118.87182271070532,5.349195717878645],[118.87285912748645,5.349195717878645],[118.87285912748645,5.348802117910455],[118.87337733587701,5.348802117910455],[118.87337733587701,5.348408518188697],[118.87441375265811,5.348408518188697],[118.87441375265811,5.348014918713357],[118.87234091909588,5.348014918713357],[118.87234091909588,5.347621319484411],[118.87130450231477,5.347621319484411],[118.87130450231477,5.347227720501845],[118.87026808553364,5.346834121765638],[118.87026808553364,5.349195717878645],[118.86974987714308,5.349195717878645],[118.86974987714308,5.348408518188697],[118.86923166875253,5.348408518188697],[118.86923166875253,5.347621319484411],[118.86974987714308,5.347621319484411],[118.86974987714308,5.3448661317793515],[118.86923166875253,5.3448661317793515],[118.86923166875253,5.345259729284038],[118.86767704358084,5.345259729284038],[118.86767704358084,5.34604692503223],[118.86664062679974,5.3456533270349915],[118.86664062679974,5.346834121765638],[118.86612241840916,5.346834121765638],[118.8656042100186,5.347621319484411],[118.86456779323747,5.347621319484411],[118.86456779323747,5.346834121765638],[118.86353137645636,5.346834121765638],[118.86353137645636,5.34604692503223],[118.86456779323747,5.34604692503223],[118.86456779323747,5.3456533270349915],[118.86353137645636,5.345259729284038],[118.86249495967523,5.346440523275773],[118.86145854289413,5.346440523275773],[118.86145854289413,5.3448661317793515],[118.86094033450355,5.3448661317793515],[118.86094033450355,5.344078937508707],[118.860422126113,5.344078937508707],[118.860422126113,5.3456533270349915],[118.86094033450355,5.3456533270349915],[118.86094033450355,5.34604692503223],[118.860422126113,5.34604692503223],[118.860422126113,5.346834121765638],[118.85938570933187,5.347227720501845],[118.85938570933187,5.348408518188697],[118.85834929255076,5.348802117910455],[118.85834929255076,5.349982918554403],[118.85783108416018,5.349982918554403],[118.85783108416018,5.351163721416759],[118.85731287576962,5.351163721416759],[118.85731287576962,5.352738128684953],[118.85627645898852,5.3523445264980225],[118.85627645898852,5.352738128684953],[118.85524004220738,5.352738128684953],[118.85524004220738,5.353131731118505],[118.85057616669233,5.353131731118505],[118.85057616669233,5.353525333798694],[118.84902154152066,5.353525333798694],[118.8485033331301,5.3543125398990625],[118.84746691634899,5.3543125398990625],[118.84746691634899,5.353918936725543],[118.84694870795842,5.353918936725543],[118.84643049956786,5.355493350899862],[118.8459122911773,5.355493350899862],[118.8459122911773,5.3543125398990625],[118.84539408278673,5.3543125398990625],[118.8459122911773,5.353525333798694],[118.84487587439618,5.353525333798694],[118.84487587439618,5.353131731118505],[118.84435766600562,5.353131731118505],[118.84383945761505,5.353918936725543],[118.84228483244338,5.353918936725543],[118.84332124922449,5.35588695506027],[118.84228483244338,5.35588695506027],[118.84228483244338,5.355493350899862],[118.84176662405281,5.355493350899862],[118.84176662405281,5.35588695506027],[118.84124841566225,5.35588695506027],[118.84124841566225,5.355493350899862],[118.83969379049057,5.355493350899862],[118.83969379049057,5.35588695506027],[118.84021199888114,5.35588695506027],[118.84021199888114,5.356674164121409],[118.83969379049057,5.356674164121409],[118.83969379049057,5.3570677690221755]],[[118.86923166875253,5.3543125398990625],[118.86871346036197,5.3543125398990625],[118.86871346036197,5.353918936725543],[118.86923166875253,5.353918936725543],[118.86923166875253,5.3543125398990625]],[[118.86715883519027,5.351557322863943],[118.86715883519027,5.350376519262007],[118.86767704358084,5.350376519262007],[118.86767704358084,5.351163721416759],[118.8681952519714,5.351163721416759],[118.8681952519714,5.351557322863943],[118.86715883519027,5.351557322863943]],[[118.84124841566225,5.356280559467446],[118.84073020727169,5.356280559467446],[118.84073020727169,5.35588695506027],[118.84124841566225,5.35588695506027],[118.84124841566225,5.356280559467446]],[[118.8656042100186,5.353131731118505],[118.86508600162803,5.353131731118505],[118.86508600162803,5.352738128684953],[118.8656042100186,5.352738128684953],[118.8656042100186,5.353131731118505]],[[118.86145854289413,5.349195717878645],[118.86249495967523,5.349195717878645],[118.86249495967523,5.349589318093288],[118.86197675128469,5.349589318093288],[118.86197675128469,5.349982918554403],[118.86094033450355,5.349982918554403],[118.86145854289413,5.349195717878645]],[[118.86249495967523,5.348802117910455],[118.86301316806579,5.348802117910455],[118.86301316806579,5.349195717878645],[118.86249495967523,5.349195717878645],[118.86249495967523,5.348802117910455]],[[118.860422126113,5.348802117910455],[118.860422126113,5.348408518188697],[118.86094033450355,5.348408518188697],[118.86094033450355,5.347227720501845],[118.86197675128469,5.347227720501845],[118.86197675128469,5.347621319484411],[118.86301316806579,5.348014918713357],[118.86249495967523,5.348802117910455],[118.860422126113,5.348802117910455]],[[118.86404958484692,5.348014918713357],[118.86353137645636,5.348014918713357],[118.86353137645636,5.347621319484411],[118.86404958484692,5.347621319484411],[118.86404958484692,5.348014918713357]]],[[[118.86871346036197,5.353131731118505],[118.86923166875253,5.353131731118505],[118.86923166875253,5.3523445264980225],[118.86871346036197,5.3523445264980225],[118.86871346036197,5.353131731118505]]],[[[118.860422126113,5.358642191093669],[118.86094033450355,5.358642191093669],[118.86094033450355,5.357854979564199],[118.860422126113,5.357854979564199],[118.860422126113,5.358642191093669]]],[[[118.86404958484692,5.358642191093669],[118.86404958484692,5.35903579722874],[118.86456779323747,5.35903579722874],[118.86456779323747,5.358642191093669],[118.86404958484692,5.358642191093669]]],[[[118.8681952519714,5.359429403610729],[118.86871346036197,5.359429403610729],[118.86871346036197,5.35903579722874],[118.8681952519714,5.35903579722874],[118.8681952519714,5.359429403610729]]],[[[118.85990391772242,5.359823010239651],[118.860422126113,5.359823010239651],[118.860422126113,5.359429403610729],[118.85938570933187,5.359429403610729],[118.85938570933187,5.3606102242383775],[118.85990391772242,5.3606102242383775],[118.85990391772242,5.359823010239651]]],[[[118.85938570933187,5.3606102242383775],[118.85886750094132,5.3606102242383775],[118.85886750094132,5.360216617115528],[118.8579747544844,5.360216617115528],[118.85790820000001,5.36061419419654],[118.85938570933187,5.3606102242383775]]],[[[118.860422126113,5.364939918895188],[118.86094033450355,5.364939918895188],[118.86094033450355,5.363759090114393],[118.860422126113,5.363759090114393],[118.860422126113,5.363204813214938],[118.85990391772242,5.364437811824449],[118.860422126113,5.36454630905442],[118.860422126113,5.364939918895188]]],[[[118.87545016943925,5.366514360730393],[118.87493196104869,5.365727139318327],[118.87441375265811,5.365727139318327],[118.87441375265811,5.366514360730393],[118.87389554426758,5.366514360730393],[118.87337733587701,5.36454630905442],[118.87285912748645,5.36454630905442],[118.87234091909588,5.366514360730393],[118.87285912748645,5.366514360730393],[118.87285912748645,5.366907971807322],[118.87389554426758,5.366907971807322],[118.87389554426758,5.367301583131537],[118.87545016943925,5.366514360730393]],[[118.87285912748645,5.366120749900735],[118.87337733587701,5.366120749900735],[118.87337733587701,5.366514360730393],[118.87285912748645,5.366514360730393],[118.87285912748645,5.366120749900735]]],[[[118.85886750094132,5.367695194703061],[118.85938570933187,5.367695194703061],[118.85938570933187,5.366907971807322],[118.85886750094132,5.366907971807322],[118.85818341911119,5.366120749900735],[118.85562663821378,5.368482418588099],[118.85679466737908,5.368482418588099],[118.85679466737908,5.368876030901649],[118.85731287576962,5.368876030901649],[118.85731287576962,5.368088806521906],[118.85938570933187,5.368482418588099],[118.85886750094132,5.367695194703061]]],[[[118.85938570933187,5.367695194703061],[118.85938570933187,5.368088806521906],[118.85990391772242,5.368088806521906],[118.85990391772242,5.367695194703061],[118.85938570933187,5.367695194703061]]],[[[118.86715883519027,5.369269643462582],[118.86767704358084,5.369269643462582],[118.86767704358084,5.368876030901649],[118.86715883519027,5.368876030901649],[118.86715883519027,5.369269643462582]]],[[[118.87389554426758,5.368876030901649],[118.87493196104869,5.36894684241057],[118.87493196104869,5.368876030901649],[118.87389554426758,5.368876030901649]]],[[[118.85886750094132,5.369269643462582],[118.85886750094132,5.369663256270913],[118.85938570933187,5.369663256270913],[118.85938570933187,5.369269643462582],[118.85886750094132,5.369269643462582]]],[[[118.86923166875253,5.369929516156565],[118.86959043128451,5.369663256270913],[118.86923166875253,5.369663256270913],[118.86923166875253,5.369929516156565]]],[[[118.8536854170357,5.370450482629849],[118.8536854170357,5.3702240224016],[118.8533999900675,5.370450482629849],[118.8536854170357,5.370450482629849]]],[[[118.8656042100186,5.37084409618049],[118.8656042100186,5.371237709978604],[118.86612241840916,5.371237709978604],[118.86612241840916,5.37084409618049],[118.8656042100186,5.37084409618049]]],[[[118.86612241840916,5.37217966311063],[118.86715883519027,5.371447360650448],[118.86715883519027,5.371237709978604],[118.86612241840916,5.37163132402421],[118.86612241840916,5.37217966311063]]],[[[118.85783108416018,5.372418552857971],[118.85834929255076,5.372418552857971],[118.85834929255076,5.372024938317325],[118.85783108416018,5.372024938317325],[118.85783108416018,5.372418552857971]]],[[[118.8656042100186,5.372418552857971],[118.8656042100186,5.372024938317325],[118.86508600162803,5.372024938317325],[118.86508600162803,5.37163132402421],[118.8656042100186,5.37163132402421],[118.8656042100186,5.371237709978604],[118.86508600162803,5.371237709978604],[118.8656042100186,5.369663256270913],[118.86404958484692,5.369663256270913],[118.86404958484692,5.370056869326664],[118.86094033450355,5.370056869326664],[118.86094033450355,5.370450482629849],[118.86145854289413,5.370450482629849],[118.86145854289413,5.37084409618049],[118.860422126113,5.37084409618049],[118.86094033450355,5.373205782681922],[118.85990391772242,5.3735993979652665],[118.85990391772242,5.374780245300992],[118.85938570933187,5.374780245300992],[118.85938570933187,5.3751738615748605],[118.85990391772242,5.3751738615748605],[118.85990391772242,5.3763547118826045],[118.86044019999999,5.376594194180362],[118.8656042100186,5.372418552857971]]],[[[118.85316720864515,5.3735993979652665],[118.8536854170357,5.3735993979652665],[118.8536854170357,5.373205782681922],[118.85316720864515,5.373205782681922],[118.85316720864515,5.3735993979652665]]],[[[118.85161258347347,5.3739930134962135],[118.85213079186403,5.3739930134962135],[118.85213079186403,5.3735993979652665],[118.85161258347347,5.3735993979652665],[118.85161258347347,5.3739930134962135]]],[[[118.85472183381684,5.3739930134962135],[118.85575825059794,5.3739930134962135],[118.85575825059794,5.3735993979652665],[118.85472183381684,5.3735993979652665],[118.85472183381684,5.3739930134962135]]],[[[118.85575825059794,5.374386629274783],[118.85575825059794,5.374780245300992],[118.85627645898852,5.374780245300992],[118.85627645898852,5.374386629274783],[118.85575825059794,5.374386629274783]]],[[[118.85783108416018,5.375961094865648],[118.85834929255076,5.375961094865648],[118.85834929255076,5.3751738615748605],[118.85524004220738,5.3751738615748605],[118.85524004220738,5.374780245300992],[118.85472183381684,5.374780245300992],[118.85472183381684,5.3739930134962135],[118.8536854170357,5.3739930134962135],[118.85316720864515,5.374780245300992],[118.85264900025457,5.374780245300992],[118.85264900025457,5.374386629274783],[118.85161258347347,5.374386629274783],[118.85161258347347,5.3739930134962135],[118.85109437508291,5.3739930134962135],[118.85098245714957,5.372418552857971],[118.8492393,5.375269594181703],[118.84855841674913,5.377141946659735],[118.84902154152066,5.377141946659735],[118.84902154152066,5.375961094865648],[118.85005795830178,5.375961094865648],[118.85005795830178,5.3751738615748605],[118.85264900025457,5.375567478096405],[118.85264900025457,5.375961094865648],[118.85316720864515,5.375961094865648],[118.85316720864515,5.3767483291472935],[118.8536854170357,5.3767483291472935],[118.8536854170357,5.377535564419948],[118.85420362542627,5.377715182837153],[118.8552904,5.377576894179366],[118.85963246134183,5.3767483291472935],[118.85783108416018,5.3767483291472935],[118.85783108416018,5.375961094865648]],[[118.85472183381684,5.377535564419948],[118.85472183381684,5.377141946659735],[118.85524004220738,5.377141946659735],[118.85524004220738,5.377535564419948],[118.85472183381684,5.377535564419948]]],[[[118.90550625609177,5.337624172615155],[118.90602446448234,5.337886780059645],[118.90602446448234,5.33620704894424],[118.90550625609177,5.33620704894424],[118.90550625609177,5.337624172615155]]],[[[118.90913371482569,5.338568605181539],[118.90913371482569,5.338962198748478],[118.90965192321624,5.338962198748478],[118.90965192321624,5.338568605181539],[118.90913371482569,5.338568605181539]]],[[[118.91172475677848,5.338962198748478],[118.91224296516906,5.338962198748478],[118.91224296516906,5.338568605181539],[118.91172475677848,5.338568605181539],[118.91172475677848,5.338962198748478]]],[[[118.91017013160682,5.339355792561385],[118.91068833999738,5.339355792561385],[118.91068833999738,5.338962198748478],[118.91017013160682,5.338962198748478],[118.91017013160682,5.339355792561385]]],[[[118.90913371482569,5.339355792561385],[118.90861550643514,5.339355792561385],[118.907579089654,5.338175011860552],[118.90624990376216,5.338175011860552],[118.90965192321624,5.342504551921803],[118.91017013160682,5.344078937508707],[118.91276117355962,5.344472534520915],[118.91276117355962,5.344078937508707],[118.91327938195019,5.344078937508707],[118.91327938195019,5.343291744222907],[118.91172475677848,5.342504551921803],[118.91172475677848,5.3421109561404645],[118.91224296516906,5.3421109561404645],[118.91224296516906,5.340536575476116],[118.91327938195019,5.340536575476116],[118.91327938195019,5.340930170273092],[118.91379759034072,5.340930170273092],[118.91379759034072,5.339355792561385],[118.9143157987313,5.339355792561385],[118.9143157987313,5.338568605181539],[118.91690684068409,5.338175011860552],[118.91690684068409,5.33738782595636],[118.91587042390299,5.33738782595636],[118.91587042390299,5.335813457098575],[118.91483400712185,5.335813457098575],[118.91483400712185,5.335419865498728],[118.9143157987313,5.335419865498728],[118.9143157987313,5.335813457098575],[118.91327938195019,5.335813457098575],[118.91327938195019,5.335419865498728],[118.91276117355962,5.335419865498728],[118.91276117355962,5.33660064103575],[118.91327938195019,5.33660064103575],[118.91327938195019,5.337781418785497],[118.91276117355962,5.337781418785497],[118.91276117355962,5.338175011860552],[118.91327938195019,5.338175011860552],[118.91327938195019,5.338962198748478],[118.91224296516906,5.338962198748478],[118.91276117355962,5.339749386620281],[118.91172475677848,5.340142980925186],[118.91172475677848,5.340930170273092],[118.91120654838795,5.340930170273092],[118.91068833999738,5.340142980925186],[118.90965192321624,5.340142980925186],[118.90965192321624,5.340536575476116],[118.90913371482569,5.340536575476116],[118.90913371482569,5.339355792561385]],[[118.91224296516906,5.343685340742709],[118.91068833999738,5.343685340742709],[118.91068833999738,5.342898147949276],[118.91224296516906,5.342898147949276],[118.91224296516906,5.343685340742709]],[[118.91327938195019,5.33620704894424],[118.91379759034072,5.33620704894424],[118.91379759034072,5.33660064103575],[118.91327938195019,5.33660064103575],[118.91327938195019,5.33620704894424]],[[118.91120654838795,5.341323765316128],[118.91068833999738,5.341323765316128],[118.91068833999738,5.340930170273092],[118.91120654838795,5.340930170273092],[118.91120654838795,5.341323765316128]],[[118.91483400712185,5.337781418785497],[118.9143157987313,5.337781418785497],[118.9143157987313,5.33738782595636],[118.91483400712185,5.33738782595636],[118.91483400712185,5.337781418785497]]],[[[118.91120654838795,5.3448661317793515],[118.91172475677848,5.3448661317793515],[118.91172475677848,5.344472534520915],[118.91120654838795,5.344472534520915],[118.91120654838795,5.3448661317793515]]],[[[118.8987695470145,5.346440523275773],[118.89914846468474,5.346834121765638],[118.89887738100073,5.346440523275773],[118.8987695470145,5.346440523275773]]],[[[118.91120654838795,5.346440523275773],[118.91082018206274,5.346440523275773],[118.91120654838795,5.346756826639018],[118.91120654838795,5.346440523275773]]],[[[118.89825133862392,5.347227720501845],[118.8987695470145,5.347227720501845],[118.8987695470145,5.346834121765638],[118.89825133862392,5.346834121765638],[118.89825133862392,5.347227720501845]]],[[[118.91224296516906,5.347227720501845],[118.91224296516906,5.346834121765638],[118.91130096478736,5.346834121765638],[118.91178174751202,5.347227720501845],[118.91224296516906,5.347227720501845]]],[[[118.91379759034072,5.347621319484411],[118.91379759034072,5.346834121765638],[118.91276117355962,5.346834121765638],[118.91276117355962,5.347227720501845],[118.91224296516906,5.347227720501845],[118.91224296516906,5.347621319484411],[118.91379759034072,5.347621319484411]]],[[[118.8987695470145,5.347227720501845],[118.8987695470145,5.347621319484411],[118.90032417218616,5.347621319484411],[118.90024492368158,5.347227720501845],[118.8987695470145,5.347227720501845]]],[[[118.91276117355962,5.348408518188697],[118.91327938195019,5.348408518188697],[118.91327938195019,5.348014918713357],[118.91276117355962,5.348014918713357],[118.91276117355962,5.348408518188697]]],[[[118.9023970057484,5.348802117910455],[118.9027153000529,5.348802117910455],[118.9023970057484,5.34821057307892],[118.9023970057484,5.348802117910455]]],[[[118.91276117355962,5.348802117910455],[118.91276117355962,5.349195717878645],[118.91327938195019,5.349195717878645],[118.91327938195019,5.348802117910455],[118.91276117355962,5.348802117910455]]],[[[118.90291521413897,5.349589318093288],[118.9031388707555,5.349589318093288],[118.90291521413897,5.349173655299867],[118.90291521413897,5.349589318093288]]],[[[118.91483400712185,5.349974955092058],[118.91535221551243,5.349901934302873],[118.91535221551243,5.349589318093288],[118.91483400712185,5.349589318093288],[118.91483400712185,5.349974955092058]]],[[[118.89255104632775,5.350376519262007],[118.89391420000001,5.350872194206388],[118.89410567149942,5.350891395272248],[118.89358746310889,5.349982918554403],[118.89255104632775,5.350376519262007]]],[[[118.90291521413897,5.350426903989338],[118.90306179797687,5.350376519262007],[118.90291521413897,5.350376519262007],[118.90291521413897,5.350426903989338]]],[[[118.88218687851653,5.353293349225042],[118.88250598856644,5.353131731118505],[118.88218687851653,5.353131731118505],[118.88218687851653,5.353293349225042]]],[[[118.87545016943925,5.35903579722874],[118.87545016943925,5.359429403610729],[118.87441375265811,5.35903579722874],[118.87441375265811,5.359823010239651],[118.87493196104869,5.359823010239651],[118.87493196104869,5.360216617115528],[118.87596837782982,5.359823010239651],[118.87596837782982,5.35903579722874],[118.87545016943925,5.35903579722874]]],[[[118.87285912748645,5.361003831608217],[118.87285912748645,5.3606102242383775],[118.87234091909588,5.3606102242383775],[118.87234091909588,5.361791047088944],[118.87337733587701,5.361791047088944],[118.87337733587701,5.362184655199864],[118.87285912748645,5.362184655199864],[118.87234091909588,5.362971872162925],[118.87337733587701,5.362971872162925],[118.87337733587701,5.36454630905442],[118.87441375265811,5.36454630905442],[118.87441375265811,5.364152699460828],[118.87493196104869,5.364152699460828],[118.87493196104869,5.364939918895188],[118.87545016943925,5.364939918895188],[118.87545016943925,5.363759090114393],[118.87596837782982,5.363759090114393],[118.87596837782982,5.362578263557855],[118.87648658622038,5.362578263557855],[118.87648658622038,5.361397439225066],[118.87693361254509,5.361397439225066],[118.87709139999997,5.358840994198331],[118.87674809999997,5.357345494199848],[118.87752300300149,5.355493350899862],[118.87648658622038,5.355493350899862],[118.87648658622038,5.35588695506027],[118.87493196104869,5.356674164121409],[118.87493196104869,5.357461374169769],[118.87389554426758,5.357461374169769],[118.87389554426758,5.35903579722874],[118.87493196104869,5.358642191093669],[118.87493196104869,5.357854979564199],[118.87596837782982,5.357854979564199],[118.87596837782982,5.357461374169769],[118.87648658622038,5.357461374169769],[118.87648658622038,5.35903579722874],[118.87700479461093,5.35903579722874],[118.87700479461093,5.359823010239651],[118.87596837782982,5.359823010239651],[118.87545016943925,5.3606102242383775],[118.87441375265811,5.3606102242383775],[118.87441375265811,5.362184655199864],[118.87389554426758,5.362184655199864],[118.87389554426758,5.361397439225066],[118.87285912748645,5.361003831608217]],[[118.87493196104869,5.362578263557855],[118.87493196104869,5.363759090114393],[118.87441375265811,5.363759090114393],[118.87441375265811,5.362578263557855],[118.87493196104869,5.362578263557855]],[[118.87493196104869,5.362184655199864],[118.87545016943925,5.362184655199864],[118.87545016943925,5.362578263557855],[118.87493196104869,5.362578263557855],[118.87493196104869,5.362184655199864]],[[118.87545016943925,5.361791047088944],[118.87596837782982,5.361791047088944],[118.87596837782982,5.362184655199864],[118.87545016943925,5.362184655199864],[118.87545016943925,5.361791047088944]]],[[[118.87804121139206,5.363365481015101],[118.87835962914673,5.363365481015101],[118.87804121139206,5.36311649950258],[118.87804121139206,5.363365481015101]]],[[[118.87959583656372,5.36454630905442],[118.88003879946334,5.36454630905442],[118.87959583656372,5.364234807969779],[118.87959583656372,5.36454630905442]]],[[[118.87441375265811,5.36533352898315],[118.87493196104869,5.36533352898315],[118.87493196104869,5.364939918895188],[118.87441375265811,5.364939918895188],[118.87441375265811,5.36533352898315]]],[[[118.87493196104869,5.36533352898315],[118.87493196104869,5.365727139318327],[118.87596837782982,5.366120749900735],[118.87596837782982,5.36533352898315],[118.87493196104869,5.36533352898315]]],[[[118.8852961288599,5.366514360730393],[118.88477792046933,5.366273947637869],[118.88260600000001,5.366660094190401],[118.8801140449543,5.364599223325305],[118.8801140449543,5.36533352898315],[118.87959583656372,5.36533352898315],[118.87959583656372,5.365727139318327],[118.87855941978262,5.365727139318327],[118.87907762817316,5.367695194703061],[118.87855941978262,5.367695194703061],[118.87855941978262,5.366907971807322],[118.87752300300149,5.366907971807322],[118.87752300300149,5.366514360730393],[118.87648658622038,5.366514360730393],[118.87648658622038,5.366120749900735],[118.87596837782982,5.366120749900735],[118.87596837782982,5.367695194703061],[118.87648658622038,5.367695194703061],[118.87648658622038,5.368088806521906],[118.87596837782982,5.368088806521906],[118.87596837782982,5.368876030901649],[118.87545016943925,5.3690334642638415],[118.87769219999998,5.3702278941867885],[118.87825009999999,5.371509694185496],[118.8802242,5.371765994185234],[118.8859319,5.368283794188782],[118.8866186,5.367023294190036],[118.88561010000001,5.366125994190944],[118.8852961288599,5.366514360730393]]],[[[118.91535221551243,5.344078937508707],[118.91535221551243,5.344472534520915],[118.91587042390299,5.344472534520915],[118.91587042390299,5.344078937508707],[118.91535221551243,5.344078937508707]]],[[[118.92157071619914,5.347227720501845],[118.9210525078086,5.347227720501845],[118.92053429941804,5.348014918713357],[118.92157071619914,5.348014918713357],[118.92157071619914,5.347227720501845]]],[[[118.9220889245897,5.348014918713357],[118.92260713298027,5.348014918713357],[118.92260713298027,5.347621319484411],[118.9220889245897,5.347621319484411],[118.9220889245897,5.348014918713357]]],[[[118.91897967424633,5.348802117910455],[118.92001609102746,5.348802117910455],[118.92001609102746,5.348014918713357],[118.9194978826369,5.348014918713357],[118.9194978826369,5.347621319484411],[118.92001609102746,5.347621319484411],[118.92001609102746,5.346834121765638],[118.91794325746523,5.346834121765638],[118.91794325746523,5.347227720501845],[118.91587042390299,5.347621319484411],[118.91638863229353,5.348408518188697],[118.91742504907467,5.348408518188697],[118.91742504907467,5.348014918713357],[118.9184614658558,5.347621319484411],[118.9184614658558,5.349195717878645],[118.91897967424633,5.349195717878645],[118.91897967424633,5.348802117910455]]],[[[118.91742504907467,5.349195717878645],[118.91794325746523,5.349195717878645],[118.91794325746523,5.348408518188697],[118.91742504907467,5.348408518188697],[118.91742504907467,5.349195717878645]]],[[[118.91587042390299,5.349195717878645],[118.91638863229353,5.349195717878645],[118.91638863229353,5.348802117910455],[118.91587042390299,5.348802117910455],[118.91587042390299,5.349195717878645]]],[[[118.92312534137083,5.348408518188697],[118.92260713298027,5.348408518188697],[118.92260713298027,5.348802117910455],[118.92179368353163,5.349195717878645],[118.92387428558047,5.349982918554403],[118.92571638332365,5.349982918554403],[118.92519817493307,5.349195717878645],[118.92416175815195,5.349195717878645],[118.92416175815195,5.348802117910455],[118.92312534137083,5.348802117910455],[118.92312534137083,5.348408518188697]]],[[[118.92001609102746,5.349307105787249],[118.92095779375148,5.349195717878645],[118.92001609102746,5.349195717878645],[118.92001609102746,5.349307105787249]]],[[[118.92675280010475,5.3507701202161195],[118.92675280010475,5.350376519262007],[118.92571638332365,5.349982918554403],[118.92571638332365,5.350679881388407],[118.92675280010475,5.3507701202161195]]],[[[118.92675280010475,5.3507701202161195],[118.92675280010475,5.351163721416759],[118.92727100849531,5.351163721416759],[118.92727100849531,5.3507701202161195],[118.92675280010475,5.3507701202161195]]],[[[118.9314166756198,5.3507701202161195],[118.9314166756198,5.351163721416759],[118.93193488401036,5.351163721416759],[118.93193488401036,5.3507701202161195],[118.9314166756198,5.3507701202161195]]],[[[118.92675280010475,5.351163721416759],[118.92665036375932,5.351163721416759],[118.92675280010475,5.35121996521167],[118.92675280010475,5.351163721416759]]],[[[118.92727100849531,5.351504493268763],[118.92778921688588,5.351557322863943],[118.92778921688588,5.351163721416759],[118.92727100849531,5.351163721416759],[118.92727100849531,5.351504493268763]]],[[[118.93348950918205,5.351557322863943],[118.9340077175726,5.351557322863943],[118.9340077175726,5.351163721416759],[118.93348950918205,5.351163721416759],[118.93348950918205,5.351557322863943]]],[[[118.94178084343102,5.351557322863943],[118.94229905182158,5.351557322863943],[118.94229905182158,5.351163721416759],[118.94178084343102,5.351163721416759],[118.94178084343102,5.351557322863943]]],[[[118.92880095208903,5.3523445264980225],[118.92882563366699,5.35195092455769],[118.92808408931248,5.35195092455769],[118.92880095208903,5.3523445264980225]]],[[[118.93245309240092,5.3523445264980225],[118.9329713007915,5.3523445264980225],[118.9329713007915,5.35195092455769],[118.93245309240092,5.35195092455769],[118.93245309240092,5.3523445264980225]]],[[[118.93918980147821,5.35195092455769],[118.93918980147821,5.3523445264980225],[118.93970800986878,5.3523445264980225],[118.93970800986878,5.35195092455769],[118.93918980147821,5.35195092455769]]],[[[118.9314166756198,5.352738128684953],[118.93193488401036,5.352738128684953],[118.93193488401036,5.35195092455769],[118.9314166756198,5.35195092455769],[118.9314166756198,5.352738128684953]]],[[[118.92986205044812,5.352738128684953],[118.93089846722926,5.353131731118505],[118.93089846722926,5.352738128684953],[118.92986205044812,5.352738128684953]]],[[[118.93608055113486,5.353525333798694],[118.93659875952541,5.353525333798694],[118.93659875952541,5.353131731118505],[118.93608055113486,5.353131731118505],[118.93608055113486,5.353525333798694]]],[[[118.93348950918205,5.353918936725543],[118.9329713007915,5.353918936725543],[118.9329713007915,5.353525333798694],[118.93095154041879,5.353525333798694],[118.93172260000001,5.353948694203289],[118.93348950918205,5.353918936725543]]],[[[118.93711696791597,5.353918936725543],[118.93811699999999,5.354204994203017],[118.94122522706243,5.353918936725543],[118.93711696791597,5.353918936725543]]],[[[118.95059038607056,5.360216617115528],[118.95043623377079,5.360216617115528],[118.95059038607056,5.360405359014408],[118.95059038607056,5.360216617115528]]]]},"properties":{"place_id":"3761d393-3955-55f4-ae7b-ee16134e5c52","habitat":"mangrove","habitat_label":"Mangrove","resolution_m":50}}]}