{"type":"FeatureCollection","metadata":{"schema_version":1,"place_id":"3c62490b-9d22-53cd-8666-3eefd06fc836","place_name":"Taman Negara Malaysia","place_type":"park","osm_reference":"relation/2790347","protection_context":"mapped protected boundary","resolution_m":75,"raster_coverage":1.0,"interpretation":"Suggested search habitats, not predicted plant locations or probabilities of presence."},"features":[{"type":"Feature","geometry":{"type":"MultiPolygon","coordinates":[[[[102.3829499314563,4.29538992748819],[102.38288922699645,4.295566223011219],[102.3829499314563,4.295566223011219],[102.3829499314563,4.29538992748819]]],[[[102.40898947185323,4.3887142484760755],[102.40860124678905,4.389303828714869],[102.4093694335719,4.389303828714869],[102.40898947185323,4.3887142484760755]]],[[[102.452908064182,4.428217129645755],[102.45338089234397,4.428217129645755],[102.452908064182,4.427690787242686],[102.452908064182,4.428217129645755]]],[[[102.45524000193953,4.42998596325452],[102.45538445790872,4.42998596325452],[102.45524000193953,4.429878925562964],[102.45524000193953,4.42998596325452]]],[[[102.46379044038378,4.438830193101094],[102.46379044038378,4.438931971637254],[102.46383191881145,4.438830193101094],[102.46379044038378,4.438830193101094]]],[[[101.99507095112168,4.4670193754772445],[101.99584826370752,4.4671324228592],[101.99584826370752,4.466853556285711],[101.99507095112168,4.4670193754772445]]],[[[102.48322325502978,4.5042807139569865],[102.48327924624535,4.5042807139569865],[102.48322325502978,4.504224143188083],[102.48322325502978,4.5042807139569865]]],[[[102.48633250537316,4.518432928883928],[102.48633250537316,4.518406162964892],[102.48627532307651,4.518432928883928],[102.48633250537316,4.518432928883928]]],[[[102.75761459783165,4.890027324136892],[102.75761459783165,4.890923705881685],[102.75972091240267,4.892977268640398],[102.75994653558917,4.892387278727425],[102.76227847334671,4.892387278727425],[102.76150116076086,4.894712936167692],[102.763123,4.896294194670764],[102.7800697,4.909355594657286],[102.79216289999998,4.916816194649632],[102.8069533,4.922720094643571],[102.8611297,4.935708994630196],[102.8826415,4.946091194619532],[102.89338309999998,4.946359794619257],[102.97460939999999,4.855721994712581],[102.94645429999998,4.847173394721398],[102.9477735221442,4.8357505947642405],[102.94727886877683,4.835160653662751],[102.9478416551844,4.835160653662751],[102.95083950895311,4.809203739476344],[102.9503881191202,4.8086138208206375],[102.95090764199331,4.8086138208206375],[102.95791769999998,4.763503494807831],[102.9723,4.722712394850045],[102.9294634,4.697941294875701],[102.91716739999998,4.694626094879129],[102.8465366,4.682593394891621],[102.844153,4.679741994894557],[102.84457099999999,4.6715119949031125],[102.85235900000002,4.666824994907966],[102.855376,4.664362994910532],[102.85982,4.657869994917253],[102.863651,4.656174994919054],[102.864126,4.65237699492297],[102.86569399999999,4.651636994923736],[102.869977,4.645152994930465],[102.87312199999998,4.637122994938821],[102.870857,4.634501994941542],[102.869663,4.6316509949444935],[102.8687702976069,4.631660400565259],[102.8691948712123,4.631070628811836],[102.867343,4.627350994948947],[102.87063099999997,4.624788994951616],[102.874691,4.62274999495375],[102.877908,4.618260994958429],[102.880486,4.61616499496057],[102.884275,4.609521994967501],[102.88430699999999,4.607676994969407],[102.88011299999998,4.605228994971949],[102.87502399999998,4.6036589949735855],[102.87322,4.603866994973371],[102.868617,4.602882994974405],[102.864926,4.603781994973462],[102.86261399999998,4.603677994973584],[102.860106,4.601796994975526],[102.86117600000001,4.5961699949813895],[102.864792,4.5940699949835775],[102.866748,4.591106994986661],[102.87181,4.587285994990616],[102.873539,4.58296999499511],[102.87353799999998,4.581327994996814],[102.869081,4.575872995002507],[102.871103,4.572377995006146],[102.867549,4.568022995010648],[102.867288,4.566028995012756],[102.86511999999999,4.561850995017092],[102.860624,4.561294995017676],[102.85880799999998,4.562242995016674],[102.85549799999998,4.562639995016276],[102.85246100000002,4.562070995016869],[102.84985499999999,4.5602459950187795],[102.845257,4.559574995019476],[102.843684,4.558390995020695],[102.842425,4.558345995020737],[102.83974799999999,4.560066995018963],[102.83546449999999,4.559270595019766],[102.8304326,4.560906895018081],[102.82681879999998,4.560452795018526],[102.8248854,4.562856595016063],[102.82358919999999,4.563160595015712],[102.8222739,4.562951595015968],[102.8159594,4.558971095020104],[102.81087399999998,4.55725989502189],[102.80724759999998,4.560126195018896],[102.7995014,4.5577518950213705],[102.7937293,4.559195695019848],[102.79139039999998,4.554318795024958],[102.78905229999998,4.552188595027178],[102.78439460000001,4.552388395026958],[102.7824855,4.550372395029054],[102.77945970000002,4.5491515950303185],[102.77812959999999,4.549260095030213],[102.77643440000001,4.550479295028922],[102.7755546,4.546864395032694],[102.77617689999997,4.544126395035534],[102.77572629999999,4.542842995036912],[102.773838,4.538864395041046],[102.77079869999999,4.536124095043888],[102.77164929999999,4.534618395045477],[102.77144449999999,4.5299450950503415],[102.76822689999999,4.527955195052391],[102.76735779999998,4.525634395054823],[102.7652395,4.523703195056838],[102.7675502,4.519868595060832],[102.7604108,4.517335195063485],[102.751844,4.521070595059598],[102.7487647,4.5216166950590075],[102.7463953,4.52401689505651],[102.74440949999997,4.524037095056501],[102.7400687,4.530032695050244],[102.73850309999997,4.531156395049045],[102.73621209999999,4.531492695048731],[102.73627549999998,4.532588695047574],[102.73302129999999,4.534621895045462],[102.73146459999998,4.53478939504529],[102.72922519999999,4.533467395046662],[102.72749049999999,4.534272195045807],[102.7262711,4.533268195046882],[102.7240764,4.534644695045439],[102.7215693,4.533303195046833],[102.72108090629713,4.532445643833368],[102.71952628112544,4.5319957205027706],[102.72010531643782,4.531406028765229],[102.71923729999999,4.530757095049497],[102.72140924146726,4.529636956361545],[102.72108090629713,4.529047266496426],[102.72185821888297,4.529047266496426],[102.723429,4.52702079505337],[102.72263553146881,4.526252743733307],[102.72263553146881,4.526688511714846],[102.72020360000002,4.526887495053532],[102.71983139999999,4.522812795057766],[102.71719434336792,4.520995851746348],[102.71641703078208,4.521381340810898],[102.7169107391179,4.52079165749146],[102.71563971819623,4.51973096523516],[102.71563971819623,4.5202019746391064],[102.7148624056104,4.5202019746391064],[102.7159313,4.517062895063765],[102.7148624056104,4.515574550709729],[102.7148624056104,4.516074207745776],[102.71408509302456,4.516074207745776],[102.71408509302456,4.515484528627865],[102.71478455391372,4.515484528627865],[102.71485475082369,4.513715494073041],[102.71408509302456,4.513715494073041],[102.71408509302456,4.513125816820863],[102.7148624056104,4.513125816820863],[102.7148624056104,4.513705953779838],[102.7155046,4.512215795068801],[102.71330778043873,4.511356787861758],[102.71320919999998,4.507793995073417],[102.7109758426812,4.506753810435231],[102.7109758426812,4.50722906993421],[102.71019853009535,4.50722906993421],[102.71019853009535,4.506639397807693],[102.70786659233782,4.505460054951393],[102.70786659233782,4.5048703842214834],[102.70845984298096,4.5048703842214834],[102.70786659233782,4.503691044157839],[102.70851173612884,4.503691044157839],[102.70864390492369,4.502511705955347],[102.70942121750952,4.502696296906662],[102.71018540000001,4.501793595079662],[102.7099316,4.501161295080362],[102.70902709999997,4.500744995080787],[102.70591650000001,4.501397295080096],[102.70475734199448,4.50081088491433],[102.70475734199448,4.501332369613511],[102.70398002940863,4.501332369613511],[102.70398002940863,4.500153035131834],[102.70454786348398,4.500153035131834],[102.7055948,4.498237095083402],[102.70440350000001,4.493900395087946],[102.70009346647943,4.491897745803005],[102.70009346647943,4.4913080857619025],[102.69931615389358,4.4913080857619025],[102.69931615389358,4.490128767071594],[102.69853884130774,4.490128767071594],[102.6977615287219,4.489030136129715],[102.69650013391526,4.489539108422267],[102.6956491,4.490852295091108],[102.69387496579269,4.49838403689604],[102.6905363,4.500757395080779],[102.68921109027765,4.502003092019549],[102.68921109027765,4.50310137482398],[102.68865075627353,4.50310137482398],[102.69154302803518,4.506639397807693],[102.69154302803518,4.5078187425263865],[102.6887657,4.5106504950704585],[102.68532452734844,4.511356787861758],[102.68463058809253,4.513125816820863],[102.68532452734844,4.513125816820863],[102.68532452734844,4.513715494073041],[102.68467508808371,4.513715494073041],[102.68532452734844,4.514894849976479],[102.68268623545077,4.519022610335401],[102.68299258959091,4.521381340810898],[102.68221527700507,4.521381340810898],[102.68221527700507,4.5243297644165175],[102.68066065183339,4.5267204400709975],[102.68066065183339,4.527867888169982],[102.67988333924757,4.527867888169982],[102.67988333924757,4.52845757709926],[102.67910602666173,4.52845757709926],[102.67910602666173,4.529636956361545],[102.67832871407586,4.529636956361545],[102.67832871407586,4.5319957205027706],[102.6767740889042,4.5319957205027706],[102.6767740889042,4.532585412708573],[102.67535719999998,4.532848895047295],[102.67261450668644,4.5308163374958825],[102.67055558821747,4.5308163374958825],[102.67055558821747,4.531406028765229],[102.66822365045994,4.532585412708573],[102.6654998,4.532250795047943],[102.5860884,4.560370895018649],[102.587106,4.558651395020421],[102.58732999999998,4.553519295025756],[102.58775849999999,4.5527476950265555],[102.58943419999999,4.552434495026878],[102.5886388,4.551141095028232],[102.58696109999998,4.550651095028763],[102.5884112,4.548671095030809],[102.58901099999999,4.545852695033762],[102.5881549,4.544215395035456],[102.58675699999999,4.543640495036062],[102.585119,4.541650895038114],[102.58336299999999,4.541407895038395],[102.5831391,4.540443095039376],[102.58412529999998,4.5387727950411545],[102.5875913,4.538456795041459],[102.58864649999998,4.53519299504486],[102.58991559999998,4.535062495044978],[102.5914022,4.536063995043939],[102.59185919999999,4.534725595045354],[102.58903159999998,4.531838795048365],[102.5888264,4.528642595051696],[102.58816045411834,4.527867888169982],[102.58876509167102,4.526688511714846],[102.58738314153247,4.526098824188863],[102.58729082593142,4.525509137130522],[102.58582851636079,4.525509137130522],[102.58582851636079,4.524919450539762],[102.58349657860329,4.524919450539762],[102.58349657860329,4.5243297644165175],[102.5819419534316,4.5243297644165175],[102.5819419534316,4.523740078760732],[102.57883270308822,4.523150393572337],[102.57883270308822,4.522560708851275],[102.57805539050239,4.522560708851275],[102.57805539050239,4.521381340810898],[102.57727807791655,4.521381340810898],[102.57727807791655,4.5202019746391064],[102.5765007653307,4.5202019746391064],[102.5765007653307,4.519022610335401],[102.57572345274488,4.519022610335401],[102.57572345274488,4.5178432478992905],[102.57494614015903,4.5178432478992905],[102.57494614015903,4.514933419234215],[102.57416882757317,4.514894849976479],[102.57416882757317,4.513634136426008],[102.57261420240151,4.511946463715284],[102.57233893743793,4.509587763097489],[102.57183688981567,4.509587763097489],[102.57183688981567,4.506639397807693],[102.57261420240151,4.506639397807693],[102.57261420240151,4.505460054951393],[102.57338226980654,4.505460054951393],[102.57339151498734,4.5042807139569865],[102.57416882757317,4.50408989603816],[102.57416882757317,4.502511705955347],[102.57339151498734,4.502511705955347],[102.57339151498734,4.501922037551877],[102.57205618826231,4.501922037551877],[102.57105957722983,4.5048703842214834],[102.56795032688646,4.506142001675339],[102.56795032688646,4.506639397807693],[102.56250913878557,4.506049726146776],[102.56250913878557,4.505460054951393],[102.56173182619973,4.505460054951393],[102.56173182619973,4.5048703842214834],[102.56095451361388,4.5048703842214834],[102.55966468428552,4.503691044157839],[102.55518395020498,4.503691044157839],[102.55473601292717,4.5042807139569865],[102.55395870034131,4.5042807139569865],[102.55395870034131,4.503691044157839],[102.5516267625838,4.503691044157839],[102.5516267625838,4.502719805269193],[102.55084944999795,4.502511705955347],[102.55070070716052,4.501332369613511],[102.55007213741212,4.501332369613511],[102.55004352595333,4.494256390608536],[102.54929482482628,4.494256390608536],[102.54915630482776,4.4936667287108625],[102.54463094931123,4.4936667287108625],[102.54463094931123,4.494256390608536],[102.54385363672539,4.494256390608536],[102.54385363672539,4.495435715796837],[102.54307632413955,4.495651544348839],[102.54327574891325,4.49838403689604],[102.54385363672539,4.49838403689604],[102.54402213355885,4.500153035131834],[102.54463094931123,4.500153035131834],[102.54463094931123,4.5048703842214834],[102.54385363672539,4.5048703842214834],[102.54385363672539,4.505460054951393],[102.54307632413955,4.505460054951393],[102.54307632413955,4.506049726146776],[102.53996707379619,4.5078187425263865],[102.53918976121034,4.510767112474324],[102.53608051086698,4.511356787861758],[102.53521277156663,4.5101774375529216],[102.5345258856953,4.5101774375529216],[102.5345258856953,4.508863343972702],[102.53374857310946,4.508408415584283],[102.53372755603375,4.50722906993421],[102.53297126052361,4.50722906993421],[102.53297126052361,4.506049726146776],[102.53077954293445,4.506049726146776],[102.53063932276609,4.50722906993421],[102.52986201018025,4.507722378413239],[102.52986201018025,4.509587763097489],[102.52921334684328,4.509587763097489],[102.5290846975944,4.511946463715284],[102.52830738500857,4.511946463715284],[102.52830738500857,4.512536140034965],[102.52753007242273,4.512536140034965],[102.52753007242273,4.5120096327112105],[102.5251981346652,4.512536140034965],[102.5251981346652,4.513125816820863],[102.51509307104928,4.513125816820863],[102.51431575846344,4.512680272930159],[102.5135384458776,4.513715494073041],[102.51276113329175,4.513715494073041],[102.5135384458776,4.516663887330277],[102.51431575846344,4.516663887330277],[102.51509307104928,4.521971024597483],[102.51587038363512,4.521971024597483],[102.51587038363512,4.5243297644165175],[102.51431575846344,4.525509137130522],[102.51276113329175,4.525509137130522],[102.51120650812007,4.5243297644165175],[102.50887457036256,4.518432928883928],[102.50343338226165,4.518432928883928],[102.50343338226165,4.5178432478992905],[102.50187875708998,4.5178432478992905],[102.50187875708998,4.517384115213965],[102.49721488157493,4.516074207745776],[102.49721488157493,4.5155074507377595],[102.49598699999999,4.514930595065991],[102.49410563123156,4.514894849976479],[102.49410563123156,4.514404224686323],[102.49099638088819,4.514894849976479],[102.49099638088819,4.515484528627865],[102.48788713054483,4.517253567381428],[102.48788713054483,4.518432928883928],[102.487109817959,4.518432928883928],[102.487109817959,4.519022610335401],[102.47622744175723,4.519022610335401],[102.47467281658554,4.5178432478992905],[102.47545012917138,4.515484528627865],[102.48011400468644,4.514190876721767],[102.4816686298581,4.508408415584283],[102.48400056761564,4.507584179827668],[102.4846316,4.506310495074981],[102.4816277,4.502654195078804],[102.47964558895576,4.501332369613511],[102.47855937951473,4.501332369613511],[102.47855937951473,4.5007657073515315],[102.47622744175723,4.500153035131834],[102.47545012917138,4.498973702509827],[102.47545012917138,4.497794371746987],[102.47762380000002,4.496395295085315],[102.4768753,4.493145995088707],[102.47700475434307,4.487180478462359],[102.47933669210059,4.483803134269355],[102.47933669210059,4.48246324078918],[102.48005260000001,4.482428495099899],[102.48011400468644,4.480694284303913],[102.48078223094659,4.480694284303913],[102.48244594244395,4.476566735369293],[102.48322325502978,4.476566735369293],[102.48322325502978,4.475977087371745],[102.48477788020148,4.475100290222091],[102.48477788020148,4.47420814615312],[102.48633250537316,4.473897806624605],[102.48633250537316,4.473028854318434],[102.48788713054483,4.472439209094223],[102.48866444313069,4.470670276193386],[102.48944175571653,4.470580012392929],[102.4899228,4.468191195114748],[102.48927795498157,4.46654278225227],[102.48866444313069,4.46654278225227],[102.48862071622028,4.461825674001577],[102.48788713054483,4.461825674001577],[102.48788713054483,4.461236037544905],[102.48633250537316,4.461236037544905],[102.48477788020148,4.463004948297659],[102.48244594244395,4.463004948297659],[102.48089131727228,4.461236037544905],[102.48070865078746,4.458877496325904],[102.48011400468644,4.458877496325904],[102.48011400468644,4.451801916869009],[102.48089131727228,4.451801916869009],[102.48089131727228,4.4476982773064195],[102.48011400468644,4.447674526105381],[102.48011400468644,4.446840507842842],[102.47778206692891,4.444849610230429],[102.4762751841985,4.444136780511374],[102.4738955039997,4.444136780511374],[102.4738955039997,4.443547157852692],[102.47000894107049,4.443547157852692],[102.47000894107049,4.444136780511374],[102.46845431589881,4.444136780511374],[102.46612237814129,4.446495275737077],[102.46301312779792,4.446495275737077],[102.46223581521208,4.4459056512418815],[102.46301312779792,4.438830193101094],[102.46379044038378,4.438830193101094],[102.46445719999998,4.435899495148504],[102.46423611073804,4.432934028420968],[102.46301312779792,4.4323444144722055],[102.46301312779792,4.431754800981243],[102.4606811900404,4.4323444144722055],[102.4606811900404,4.431776825282068],[102.45757193969705,4.431754800981243],[102.45757193969705,4.431168757570824],[102.45601731452535,4.4311651879480145],[102.45601731452535,4.430575575372462],[102.45446268935368,4.430575575372462],[102.45446268935368,4.42998596325452],[102.45213075159616,4.428806740391229],[102.45213075159616,4.427037909526838],[102.45135343901032,4.427037909526838],[102.44979881383863,4.425269082777619],[102.44824418866695,4.426150525036379],[102.44746687608111,4.427627519357643],[102.44591225090943,4.427627519357643],[102.44591225090943,4.428217129645755],[102.44445040401936,4.428217129645755],[102.44435762573775,4.428806740391229],[102.44280300056607,4.429095282853769],[102.44202568798022,4.429817306825087],[102.44202568798022,4.4311651879480145],[102.44047106280854,4.4311651879480145],[102.44047106280854,4.431754800981243],[102.4358071872935,4.431754800981243],[102.4358071872935,4.42998596325452],[102.43658449987933,4.429808162471005],[102.43732379999997,4.428122595156621],[102.43502987470765,4.421731441618011],[102.43502987470765,4.418193816899044],[102.4358071872935,4.417530671786764],[102.4358071872935,4.415245808849085],[102.43644484446237,4.415245808849085],[102.43648870000001,4.411954995173552],[102.4358071872935,4.4108028360786244],[102.43347524953597,4.409939423082214],[102.43334134149214,4.408170636026866],[102.43269793695013,4.408170636026866],[102.43269793695013,4.404274813482487],[102.4319206243643,4.403453890572919],[102.43135918021612,4.399326762177055],[102.42803406143508,4.398737174224047],[102.42725674884925,4.3966475530294975],[102.42337018592005,4.396378826954119],[102.42337018592005,4.395789241271854],[102.42181556074836,4.39519965604355],[102.42181556074836,4.39353069527287],[102.418706310405,4.3928413196687295],[102.418706310405,4.392272007947648],[102.41744602118506,4.391662154203488],[102.41536608272371,4.391662154203488],[102.41382869999998,4.392356495194046],[102.41015587196075,4.392251736709313],[102.41015587196075,4.391719245548656],[102.40937855937491,4.391662154203488],[102.40937855937491,4.3898934094069455],[102.40782393420322,4.389303828714869],[102.40704662161738,4.386930003986272],[102.4054919964457,4.385766354079178],[102.40546663013201,4.384587199491234],[102.39927349575896,4.384587199491234],[102.39927349575896,4.383296894002405],[102.3977188705873,4.382228895748303],[102.3977188705873,4.376363355600475],[102.39616424541559,4.375154027947562],[102.39460962024393,4.368327976166945],[102.39240779999999,4.3670308952205685],[102.39083420676947,4.367489661243992],[102.39072305731472,4.368079225205799],[102.38839111955721,4.368079225205799],[102.3868364943855,4.365720972064295],[102.38605918179967,4.365720972064295],[102.38605918179967,4.3651314099060965],[102.3868364943855,4.3651314099060965],[102.3868364943855,4.36218360587508],[102.38760402060937,4.36218360587508],[102.38761380697134,4.361004487416174],[102.38994574472888,4.361004487416174],[102.38994574472888,4.361594046420439],[102.39072305731472,4.361594046420439],[102.39072305731472,4.361004487416174],[102.3922776824864,4.361004487416174],[102.3922776824864,4.361594046420439],[102.39460962024393,4.361594046420439],[102.39460962024393,4.361004487416174],[102.39538693282977,4.361004487416174],[102.39460962024393,4.359825370758527],[102.39538693282977,4.359825370758527],[102.39538693282977,4.35746714284503],[102.39694155800146,4.356877586991669],[102.39694155800146,4.355137360347409],[102.3922776824864,4.35098205319137],[102.3922776824864,4.346265658501088],[102.39383230765809,4.343907471928387],[102.39460962024393,4.3437140279081925],[102.39460962024393,4.342728381333417],[102.39538693282977,4.342728381333417],[102.39694155800146,4.340959748803795],[102.39849618317314,4.340959748803795],[102.39849618317314,4.340370205523762],[102.39991738703505,4.339780662691879],[102.4000508083448,4.338012036884524],[102.40082812093067,4.338012036884524],[102.40082812093067,4.3374224958446295],[102.4000508083448,4.3374224958446295],[102.4000508083448,4.336832955252578],[102.39460962024393,4.336243415108306],[102.39460962024393,4.335653875411752],[102.39305499507225,4.335064336162856],[102.39150036990056,4.3327061836426015],[102.3913360726903,4.330937573949777],[102.39072305731472,4.330937573949777],[102.39072305731472,4.323352945290711],[102.38994574472888,4.321776143824165],[102.3883251686982,4.320915528325686],[102.38528186921384,4.32150505684936],[102.38528186921384,4.320915528325686],[102.38372724404215,4.320915528325686],[102.38275433939772,4.319146945431088],[102.38217261887047,4.319146945431088],[102.38217261887047,4.315609791680239],[102.3829499314563,4.315463168437897],[102.3829499314563,4.313841220820651],[102.38370061136521,4.313841220820651],[102.38372724404215,4.3126621758078825],[102.38528186921384,4.311014097029486],[102.38528186921384,4.309714571066695],[102.3867689226406,4.309125051453518],[102.38761380697134,4.306766977448954],[102.38839111955721,4.306766977448954],[102.38839111955721,4.305587943114694],[102.38916843214304,4.305587943114694],[102.38916843214304,4.293543656214534],[102.3868364943855,4.293208189858531],[102.3868364943855,4.293797697481735],[102.38528186921384,4.293797697481735],[102.38528186921384,4.294387205548212],[102.3829499314563,4.295566223011219],[102.38217261887047,4.298513774430289],[102.38139530628463,4.298513774430289],[102.38139530628463,4.299103286045147],[102.3790633685271,4.299103286045147],[102.37885841306228,4.2973347525318015],[102.37828605594126,4.2973347525318015],[102.3790633685271,4.292618682678532],[102.37828605594126,4.292618682678532],[102.37811717493014,4.291439669647914],[102.37595411818376,4.290260658389387],[102.37673143076958,4.284955129642397],[102.37750874335542,4.284955129642397],[102.37750874335542,4.2837761281215405],[102.3790633685271,4.283186628024471],[102.3790633685271,4.282007629156748],[102.37984068111294,4.282007629156748],[102.38029509959044,4.280828632057163],[102.37984068111294,4.274465202521689],[102.37828605594126,4.27262407683001],[102.37595411818376,4.271986210119809],[102.37595411818376,4.271396718854167],[102.37439949301205,4.271396718854167],[102.37439949301205,4.27080722802945],[102.3725947,4.270030895322325],[102.3706204,4.270690595321616],[102.36886229999999,4.272576395319642],[102.36725630000001,4.2731354953190515],[102.36565019999999,4.2722352953199945],[102.3628753,4.272784895319437],[102.36137379999997,4.274888695317197],[102.3596063,4.275343595316754],[102.35770569999998,4.272614295319631],[102.35707839999999,4.2699797953223815],[102.3557765,4.269316395323092],[102.35475969999999,4.270245195322099],[102.352479,4.270804295321513],[102.35213679999998,4.2727090953195095],[102.3504073,4.273628295318523],[102.3473568,4.27359039531857],[102.34565570000001,4.2762533953158],[102.34224249999998,4.2774674953144975],[102.34143279999999,4.282577095309129],[102.33653069999998,4.2867997953047325],[102.33537189999998,4.2910150953002795],[102.32970709999996,4.2933901952977855],[102.3279476,4.293561395297588],[102.32614519999998,4.2955513952954965],[102.3228836,4.297669695293311],[102.32038379999999,4.297124095293879],[102.31882809999999,4.29777669529317],[102.31631749999998,4.296749595294285],[102.3108888,4.298183295292771],[102.30395789999997,4.297305995293687],[102.2985506,4.298054895292879],[102.2978961,4.299434995291429],[102.29650139999998,4.299905695290972],[102.2960615,4.301906395288858],[102.2942698,4.30341489528726],[102.29299729999998,4.303476395287198],[102.29240299999998,4.302548295288186],[102.291255,4.302205895288538],[102.28816510000001,4.30188499528888],[102.2854185,4.299424295291447],[102.2846031,4.298161895292768],[102.28524679999998,4.294888095296211],[102.2823272,4.288534995302868],[102.2777581,4.291828195299436],[102.27594110000001,4.291756995299511],[102.2761199,4.294096395297058],[102.27468669999999,4.2943534952967894],[102.2740405,4.295452795295603],[102.2727185,4.295478495295616],[102.2710505,4.297852695293116],[102.2685044,4.298379895292551],[102.264541,4.29767069529331],[102.26280210000002,4.300087595290783],[102.25705009999999,4.301859595288905],[102.2516639,4.299239795291641],[102.24677239999998,4.30450939528613],[102.23873729999998,4.3000233952908085],[102.23874,4.2934109952977755],[102.23524600000002,4.293774995297381],[102.22856099999997,4.30304299528767],[102.22927400000002,4.303523995287144],[102.22842099999998,4.308600995281829],[102.23358099999999,4.313621995276548],[102.23484200000001,4.316653995273367],[102.23409599999998,4.319243995270668],[102.229367,4.320607995269219],[102.22996899999997,4.324846995264783],[102.229531,4.326354995263179],[102.23156699999997,4.3283269952611265],[102.23185499999998,4.329993995259392],[102.23189199999999,4.331298995258017],[102.23082199999999,4.332067995257203],[102.22710200000002,4.332835995256394],[102.224843,4.332259995256991],[102.2183904,4.328373095261089],[102.2170056,4.330391595258973],[102.2098946,4.330988395258351],[102.20426879999998,4.330021895259353],[102.2019881,4.331500095257815],[102.20173149999998,4.328373095261089],[102.20077169999999,4.326686295262844],[102.1959441,4.326572595262992],[102.1939294,4.323312895266411],[102.19078389999999,4.321483995268291],[102.18891180000001,4.321607195268175],[102.1877714,4.322497995267251],[102.18488249999999,4.323104395266622],[102.1828298,4.3228579952668635],[102.1751703,4.325018595264623],[102.1730416,4.328126695261354],[102.16745379999999,4.329813395259564],[102.1656672,4.336294995252789],[102.1658573,4.339649395249247],[102.16475489999999,4.340881295247988],[102.16403989999999,4.344353095244313],[102.15916709999999,4.351133995237216],[102.15918609999999,4.354734795233436],[102.15781769999998,4.357691195230372],[102.1547981,4.395055295191208],[102.1076546,4.443002995141065],[102.0051760147376,4.46486372883326],[102.0051760147376,4.465953142106728],[102.00595332732344,4.465953142106728],[102.00595332732344,4.467722063927581],[102.00750795249513,4.467722063927581],[102.00750795249513,4.46654278225227],[102.01139451542434,4.465953142106728],[102.00983989025264,4.467722063927581],[102.00828526508097,4.467722063927581],[102.00828526508097,4.4694909899020345],[102.00673063990929,4.4694909899020345],[102.00595332732344,4.468311705457472],[102.00439870215176,4.468901347448936],[102.00439870215176,4.465363502422511],[101.99662557629334,4.466687737130671],[101.99662557629334,4.4671324228592],[101.99584826370752,4.4671324228592],[101.99584826370752,4.468311705457472],[101.99507095112168,4.468311705457472],[101.99507095112168,4.4671324228592],[101.99454101766995,4.4671324228592],[101.98689549999999,4.468763395114155],[101.9881228,4.470785795112033],[101.98800779999999,4.472341295110406],[101.985235,4.4737001951090125],[101.9862853,4.476603595105971],[101.98836939999998,4.478253995104236],[101.98876689999999,4.4799207951025135],[101.9881632,4.480559495101834],[101.9867198,4.479417095103018],[101.9856098,4.481221795101149],[101.98303189999999,4.480381095102024],[101.98301349999998,4.48207969510025],[101.9850493,4.486377395095754],[101.98801689999999,4.485324495096853],[101.9900948,4.487681195094414],[101.99168479999999,4.488090695093979],[101.9919406,4.49090559509105],[101.9957382,4.494183195087634],[101.9981348,4.498101195083526],[102.00096669999999,4.500438095081092],[102.01714149999998,4.561184695017794],[102.01671459999999,4.561934895016994],[102.01585940000001,4.561844395017109],[102.01472320000002,4.5587929950202755],[102.0113594,4.55861449502044],[102.0083213,4.562010095016905],[102.00704929999999,4.565473395013332],[102.00581099999998,4.565601695013165],[102.00401380000001,4.5680716950106435],[102.0071663,4.57058809500801],[102.01240540000002,4.567957095010747],[102.01322539999998,4.569082695009567],[102.01301799999999,4.570281395008313],[102.011101,4.571286595007272],[102.0096257,4.574214395004238],[102.00611129999999,4.574468295003939],[102.0059814,4.575419795002957],[102.00799729999999,4.575997695002346],[102.01047029999998,4.577985595000305],[102.01041679999999,4.578545794999696],[102.0072471,4.579822194998368],[102.00733499999998,4.580792894997385],[102.00820469999998,4.581088494997086],[102.009051,4.579864594998342],[102.0116214,4.579594994998624],[102.0133368,4.580016094998204],[102.01361399999998,4.581689494996441],[102.0173811,4.581502594996635],[102.0183768,4.5823902949957205],[102.01814399999999,4.583175294994889],[102.014845,4.583811594994246],[102.013987,4.58492419499306],[102.01452239999999,4.587473594990428],[102.015829,4.587881194989994],[102.01434789999999,4.592082094985635],[102.0142143,4.5967477949808035],[102.0151547,4.598513494978926],[102.015397,4.602290194975035],[102.01020099999998,4.609118494967921],[102.01142479999999,4.611400394965555],[102.0139311,4.612327094964567],[102.01247909999996,4.613110294963758],[102.010911,4.61525349496153],[102.010575,4.618684394957977],[102.00883939999997,4.6194238949571975],[102.00992129999999,4.620389894956189],[102.00990879999999,4.621555194955002],[102.0091546,4.622063094954478],[102.01108259999998,4.622639994953868],[102.0092863,4.624735394951672],[102.00933629999999,4.6255706949507935],[102.0105316,4.626781994949568],[102.0132638,4.6249050949515205],[102.01307799999998,4.628498294947785],[102.01649899999998,4.628499694947781],[102.01605219999999,4.630787294945399],[102.0167486,4.633007394943096],[102.01619699999999,4.634539594941473],[102.0199741,4.633724594942341],[102.02227689162609,4.634609266514669],[102.02303909999998,4.635938094940043],[102.024457,4.636442394939512],[102.0269272,4.635256794940776],[102.02822560000001,4.637223194938693],[102.03021539999999,4.6361941949397885],[102.0306731,4.636446894939528],[102.02928589999999,4.638861294937012],[102.02981429999998,4.639615494936207],[102.0320258,4.641018794934775],[102.03299770000001,4.640211494935629],[102.03381049999999,4.640684594935118],[102.03248270000002,4.645017994930613],[102.0309887,4.644245594931417],[102.0304012,4.645331694930286],[102.03052109999999,4.653024194922323],[102.03299259999999,4.659591094915491],[102.0345398,4.6599804949150645],[102.03939649999998,4.665241494909621],[102.04350499999997,4.6630484949119],[102.04541479999997,4.662980694911977],[102.04568660000001,4.665425894909432],[102.04836989999997,4.666254494908557],[102.04623160000001,4.6724565949021075],[102.04640119999999,4.674757294899739],[102.0504867,4.672419394902153],[102.0511809,4.673441794901123],[102.0501227,4.673841894900716],[102.05059669999999,4.675001894899482],[102.05108729999999,4.675302794899188],[102.05293309999999,4.674565694899961],[102.0537095,4.674856694899631],[102.05381139999999,4.676040094898411],[102.05474109999999,4.6753901948990775],[102.05545709999997,4.6757846948987085],[102.05620569999999,4.678064994896293],[102.05843629999998,4.679420894894886],[102.0554464,4.682649394891563],[102.05734799999999,4.683785994890372],[102.0575098,4.686257694887825],[102.0559545,4.687254394886802],[102.05486199999999,4.685864994888235],[102.0538881,4.687689194886321],[102.05453769999998,4.688436494885539],[102.0532305,4.6893519948846],[102.053759,4.690177594883739],[102.05242279999999,4.692448094881407],[102.05049280000001,4.693525294880288],[102.0499628,4.694861694878887],[102.0487538,4.694958094878792],[102.0470107,4.696654194877048],[102.045146,4.697097294876571],[102.0424805,4.700567394872979],[102.03893509999999,4.701877594871602],[102.038738,4.7036350948697745],[102.0365299,4.703933394869476],[102.0325998,4.705917394867435],[102.0326182,4.709236994864003],[102.0335633,4.710336194862876],[102.0328669,4.712005894861108],[102.0314079,4.7116843948614715],[102.0311332,4.712595994860527],[102.03023569999999,4.712567694860572],[102.029485,4.713835394859207],[102.028619,4.713831194859225],[102.02902099999999,4.7149228948581],[102.02812559999998,4.7158418948571486],[102.02840529999997,4.717827394855088],[102.02783759999998,4.718654294854219],[102.02841079999999,4.719700894853162],[102.0272399,4.720796794852016],[102.0254672,4.720832194851959],[102.02551079999999,4.7243379948483435],[102.02444039999999,4.727605794844947],[102.02534860000002,4.729286794843236],[102.0243698,4.7315757948408566],[102.02567609999998,4.731032094841429],[102.02647069999999,4.73161959484082],[102.02619659999999,4.732017494840382],[102.02805329999998,4.734226394838104],[102.0279542,4.73598669483629],[102.0301231,4.738380694833807],[102.02992869999999,4.739459994832679],[102.02874209999997,4.740527494831586],[102.02685,4.740843994831279],[102.02506599999998,4.740109494832028],[102.0227458,4.740498894831622],[102.0229943,4.741817794830251],[102.02390199999999,4.742045694830021],[102.0269278,4.741818594830263],[102.0276843,4.742349994829674],[102.0285416,4.741867494830195],[102.0301989277867,4.746675117818351],[102.0316046426562,4.746675117818351],[102.0316046426562,4.747854851852639],[102.03060561478063,4.747854851852639],[102.05449099999998,4.8171412947523935],[102.06336969999998,4.845929594722673],[102.22796486119807,4.790326588878577],[102.22748741428812,4.7897366861077275],[102.22826472687396,4.7897366861077275],[102.22826472687396,4.790225284420005],[102.22971100008574,4.7897366861077275],[102.2290420394598,4.7897366861077275],[102.2290420394598,4.789146783832255],[102.22981935204564,4.789146783832255],[102.22981935204564,4.78970008129163],[102.29910450000001,4.76629369480493],[102.31998761200319,4.781478099302039],[102.3740933,4.822791694746552],[102.43903,4.870782994697034],[102.4415479,4.868359894699541],[102.44297519999999,4.868575694699304],[102.44476839999999,4.869912094697929],[102.4462214,4.869978894697846],[102.45171159999998,4.866747894701205],[102.45482979999998,4.869644094698237],[102.45538529999999,4.869544394698315],[102.45726889999999,4.863416394704648],[102.45646439999997,4.862274694705808],[102.45368537676784,4.860483536280191],[102.452908064182,4.860528573497894],[102.452908064182,4.859348649671657],[102.4560023,4.858170694710054],[102.45727429999998,4.858533594709662],[102.4593292,4.860311794707831],[102.4608857,4.863795694704229],[102.46110089999998,4.86083069470728],[102.4624771,4.860236194707916],[102.4644661,4.867730794700175],[102.46230549999999,4.869987694697852],[102.46356109999999,4.871206894696606],[102.462789,4.873714194694028],[102.4671712,4.873620094694142],[102.47002219999999,4.872434394695342],[102.470639,4.874818994692872],[102.473083,4.874897494692789],[102.4739234,4.878107694689478],[102.47706040000001,4.87982389468774],[102.47735829999999,4.881058294686471],[102.4792948,4.8810536946864636],[102.47864259999997,4.88377869468366],[102.4774004,4.884952794682448],[102.47780579999998,4.8865923946807595],[102.47701769999999,4.887280594680059],[102.47881859999998,4.889959694677266],[102.4783797,4.891337894675851],[102.4788809,4.89264949467453],[102.48146950000002,4.8927802946743775],[102.48394879999998,4.891232794675976],[102.48515439999998,4.891915194675254],[102.48596319999999,4.890303694676935],[102.48765210000002,4.889536594677697],[102.48834909999998,4.8913399946758505],[102.49148509999999,4.8901832946770725],[102.492414,4.890828194676371],[102.4896563,4.893466894673658],[102.48942649999998,4.895180394671913],[102.48814989999998,4.896543994670504],[102.4889661,4.897856694669171],[102.4882004,4.89899219466797],[102.49188379999998,4.90036359466658],[102.492911,4.904377294662425],[102.49217419999998,4.904373794662442],[102.4926996,4.905407994661367],[102.491875,4.905926494660847],[102.4915588,4.9085324946581625],[102.4928379,4.908014994658683],[102.49331149999999,4.909120194657563],[102.49524359999998,4.909347794657305],[102.49582430000001,4.911227794655389],[102.4991694,4.913767994652755],[102.5001513,4.915898494650597],[102.5057722,4.915313594651187],[102.5073439,4.9164566946500265],[102.5134714,4.916445994649995],[102.5149457,4.915838494650615],[102.51911170000001,4.918985494647388],[102.52163629999997,4.919029594647336],[102.52349609999997,4.920436694645886],[102.52289539999998,4.921817894644479],[102.52429269999999,4.924618294641579],[102.523054,4.927058194639089],[102.5240199,4.930015194636051],[102.5259848,4.930080894635984],[102.5261882,4.929204094636866],[102.5282873,4.9293044946368045],[102.53072559999998,4.9300295946360615],[102.5313771,4.931522494634501],[102.5357597,4.932056994633937],[102.5369571,4.931640594634389],[102.53804969999999,4.932532894633437],[102.5387719,4.932052694633958],[102.53984529999998,4.932288094633698],[102.5409166,4.9328277946331385],[102.54084249999998,4.933877894632098],[102.5432057,4.93436479463157],[102.54210409999999,4.93576619463012],[102.54422429999998,4.93701549462888],[102.5444773,4.935388194630544],[102.54559439999998,4.9356933946301975],[102.5460508,4.937102394628772],[102.54672259999998,4.935493594630398],[102.5483888,4.934887094631028],[102.5486257,4.936487794629405],[102.5500274,4.936059094629842],[102.5514814,4.93635469462951],[102.55245769999999,4.937995694627866],[102.55527539999999,4.937619394628211],[102.5551671,4.938661694627153],[102.5568492,4.939023994626811],[102.55784526327052,4.939031587478876],[102.55784526327052,4.938408016973065],[102.55862257585638,4.938408016973065],[102.55862257585638,4.938998046561239],[102.55939988844221,4.938998046561239],[102.55939988844221,4.938408016973065],[102.56095451361388,4.938408016973065],[102.56095451361388,4.937227959329812],[102.56406376395725,4.937817987895942],[102.56406376395725,4.936637931274612],[102.56328645137141,4.936637931274612],[102.56250913878557,4.935457876696747],[102.56095451361388,4.935457876696747],[102.56095451361388,4.933687798660361],[102.56017720102805,4.933687798660361],[102.56017720102805,4.932507749188983],[102.56095451361388,4.932507749188983],[102.56328645137141,4.934867850173959],[102.56561838912893,4.934867850173959],[102.56561838912893,4.936047903730277],[102.56484107654309,4.936047903730277],[102.56484107654309,4.936637931274612],[102.56639570171478,4.937227959329812],[102.56639570171478,4.938998046561239],[102.56717301430062,4.938998046561239],[102.56717301430062,4.939588076660527],[102.56795032688646,4.939588076660527],[102.56795032688646,4.937227959329812],[102.56950495205814,4.937227959329812],[102.56950495205814,4.937817987895942],[102.57105957722983,4.938408016973065],[102.57105957722983,4.940178107270996],[102.57183688981567,4.940178107270996],[102.57183688981567,4.940768138392706],[102.57105957722983,4.940768138392706],[102.57105957722983,4.943128267993187],[102.57261420240151,4.942538234825894],[102.57261420240151,4.944898370564624],[102.57416882757317,4.944308335862489],[102.57416882757317,4.941948202170092],[102.57494614015903,4.941948202170092],[102.57494614015903,4.941358170025717],[102.57416882757317,4.941358170025717],[102.57416882757317,4.940178107270996],[102.57572345274488,4.940768138392706],[102.57572345274488,4.944308335862489],[102.57805539050239,4.944308335862489],[102.57805539050239,4.942538234825894],[102.57961001567408,4.941948202170092],[102.57961001567408,4.940178107270996],[102.57727807791655,4.940178107270996],[102.57727807791655,4.938998046561239],[102.5765007653307,4.938998046561239],[102.5765007653307,4.938408016973065],[102.57727807791655,4.938408016973065],[102.5765007653307,4.937227959329812],[102.57805539050239,4.937227959329812],[102.57805539050239,4.936047903730277],[102.57727807791655,4.936047903730277],[102.57727807791655,4.9330977736694255],[102.57805539050239,4.9330977736694255],[102.57805539050239,4.932507749188983],[102.5765007653307,4.932507749188983],[102.5765007653307,4.931327701759328],[102.57494614015903,4.931327701759328],[102.57494614015903,4.930737678809994],[102.5765007653307,4.930737678809994],[102.5765007653307,4.929557634441989],[102.57805539050239,4.929557634441989],[102.57805539050239,4.931327701759328],[102.57961001567408,4.931824247517449],[102.57961001567408,4.927787571715723],[102.57805539050239,4.927787571715723],[102.57805539050239,4.927197551826916],[102.57883270308822,4.927197551826916],[102.57883270308822,4.9260175135788495],[102.57805539050239,4.9260175135788495],[102.57805539050239,4.92660753244798],[102.57727807791655,4.92660753244798],[102.57727807791655,4.9260175135788495],[102.57494614015903,4.9260175135788495],[102.57494614015903,4.924837477369769],[102.57727807791655,4.924837477369769],[102.5765007653307,4.923657443199172],[102.57805539050239,4.923657443199172],[102.57805539050239,4.923067426878149],[102.57883270308822,4.923067426878149],[102.57805539050239,4.921887395764347],[102.57961001567408,4.921887395764347],[102.57961001567408,4.924837477369769],[102.5819419534316,4.924837477369769],[102.5819419534316,4.924247460029691],[102.58271926601742,4.924247460029691],[102.58271926601742,4.923067426878149],[102.58349657860329,4.923067426878149],[102.58349657860329,4.924837477369769],[102.5819419534316,4.925427495219468],[102.5819419534316,4.92660753244798],[102.58349657860329,4.92660753244798],[102.58349657860329,4.9260175135788495],[102.58427389118913,4.9260175135788495],[102.58427389118913,4.92660753244798],[102.58505120377497,4.92660753244798],[102.58505120377497,4.9260175135788495],[102.58660582894663,4.9260175135788495],[102.58660582894663,4.92660753244798],[102.58738314153247,4.92660753244798],[102.58738314153247,4.9260175135788495],[102.58816045411834,4.9260175135788495],[102.58816045411834,4.920117352913311],[102.58971507929,4.919527339647963],[102.58971507929,4.917167291676556],[102.58893776670416,4.917167291676556],[102.58893776670416,4.914807251846138],[102.58816045411834,4.914807251846138],[102.5886584,4.913118094653429],[102.58660582894663,4.9118572135003165],[102.5868736,4.909193294657471],[102.58485029999999,4.906701094660045],[102.5867385,4.905528294661236],[102.5870275,4.903973894662838],[102.5856595,4.902987694663845],[102.58711419999999,4.900385794666565],[102.5889453,4.900493294666448],[102.5895364,4.898904094668059],[102.59072929999998,4.898158694668831],[102.59090859999999,4.895473394671609],[102.59206249999998,4.894504194672581],[102.59203219999999,4.893547594673583],[102.59040349999998,4.891809294675366],[102.5909863,4.888527494678755],[102.5929034,4.8891192946781326],[102.59744779999998,4.888241094679055],[102.59850949999999,4.8887719946784856],[102.59853880000001,4.889861794677368],[102.600325,4.889606994677633],[102.6011678,4.8905911946766265],[102.60204879999999,4.8899248946773],[102.6052442,4.889369394677889],[102.60557829999999,4.8887622946785285],[102.60928369999999,4.8879967946793075],[102.6112804,4.888144994679159],[102.6125182,4.889443794677829],[102.61299649999998,4.8880647946792415],[102.61451700000002,4.887805494679496],[102.6137268,4.886496194680851],[102.61505340000001,4.886037894681309],[102.61549829999998,4.884692194682701],[102.6165036,4.8857567946815985],[102.61732019999998,4.88461809468278],[102.6184474,4.8847905946826105],[102.6198362,4.883828394683579],[102.6234192,4.88643619468091],[102.63059800000002,4.8867806946805645],[102.631778,4.885064294682325],[102.6356383,4.8839569946834525],[102.6367197,4.884259294683163],[102.63869660000002,4.887317294680021],[102.64098699999998,4.889255994677996],[102.64400870000001,4.8896749946775895],[102.65442239999999,4.888369794678927],[102.6561963,4.888536294678763],[102.65962069999999,4.8900455946771775],[102.66407399999999,4.889612594677649],[102.6651112,4.888944594678339],[102.6656842,4.887165794680171],[102.66812029999998,4.885839794681538],[102.6705031,4.8857032946816625],[102.674953,4.886960394680386],[102.67868689999999,4.8856624946817115],[102.6802303,4.882870994684579],[102.6808107,4.878682094688921],[102.68503159999999,4.875107894692597],[102.686209,4.872903094694848],[102.6877645,4.875012994692672],[102.6911803,4.8759629946916805],[102.6938971,4.877915094689698],[102.698977,4.877857294689774],[102.6995221,4.876694294690949],[102.70244939999999,4.875440194692261],[102.70288391819403,4.874687816440439],[102.70164809165111,4.874097842190658],[102.70164809165111,4.873507868445145],[102.70242540423695,4.873507868445145],[102.70242540423695,4.87055800727943],[102.70320271682277,4.87055800727943],[102.70398002940863,4.869378066340849],[102.70553465458032,4.869378066340849],[102.70553465458032,4.868198127417349],[102.70708927975198,4.868198127417349],[102.70786659233782,4.871147978504534],[102.70942121750952,4.871737950233596],[102.71019853009535,4.874097842190658],[102.7109758426812,4.874097842190658],[102.7109758426812,4.874687816440439],[102.71408509302456,4.874687816440439],[102.71408509302456,4.875277791194552],[102.7148624056104,4.875277791194552],[102.7148624056104,4.876457742216018],[102.71563971819623,4.876457742216018],[102.71563971819623,4.877637695255555],[102.71719434336792,4.8782276725322555],[102.71719434336792,4.877637695255555],[102.71797165595378,4.877637695255555],[102.71797165595378,4.876457742216018],[102.7187489685396,4.876457742216018],[102.7187489685396,4.875277791194552],[102.71641703078208,4.875277791194552],[102.71641703078208,4.872917895203838],[102.71408509302456,4.872917895203838],[102.71408509302456,4.872327922466676],[102.71253046785287,4.872327922466676],[102.71253046785287,4.871737950233596],[102.71175315526703,4.871737950233596],[102.71175315526703,4.87055800727943],[102.71330778043873,4.87055800727943],[102.71408509302456,4.869378066340849],[102.71019853009535,4.868788096627244],[102.71019853009535,4.868198127417349],[102.7109758426812,4.868198127417349],[102.71019853009535,4.867018190508436],[102.71175315526703,4.866428222809294],[102.71175315526703,4.865248288921326],[102.71019853009535,4.865248288921326],[102.71019853009535,4.865838255613611],[102.70942121750952,4.865838255613611],[102.70942121750952,4.864658322732376],[102.71019853009535,4.864658322732376],[102.71019853009535,4.863478391864234],[102.7109758426812,4.863478391864234],[102.71019853009535,4.861118536165238],[102.7109758426812,4.861118536165238],[102.7109758426812,4.8617084993354815],[102.71175315526703,4.8617084993354815],[102.71175315526703,4.8628884271849175],[102.71253046785287,4.8628884271849175],[102.71253046785287,4.863478391864234],[102.71175315526703,4.863478391864234],[102.71253046785287,4.865838255613611],[102.71563971819623,4.865248288921326],[102.71563971819623,4.8640683570467],[102.71719434336792,4.864658322732376],[102.71719434336792,4.866428222809294],[102.71797165595378,4.866428222809294],[102.71797165595378,4.871147978504534],[102.72030359371128,4.871147978504534],[102.72030359371128,4.872327922466676],[102.72263553146881,4.873507868445145],[102.72263553146881,4.872327922466676],[102.72185821888297,4.872327922466676],[102.72185821888297,4.869378066340849],[102.72030359371128,4.869378066340849],[102.72030359371128,4.868788096627244],[102.72419015664049,4.869378066340849],[102.72419015664049,4.87055800727943],[102.72263553146881,4.87055800727943],[102.72263553146881,4.871737950233596],[102.72419015664049,4.872327922466676],[102.72419015664049,4.874687816440439],[102.72496746922633,4.874687816440439],[102.72496746922633,4.875277791194552],[102.72652209439802,4.875277791194552],[102.72652209439802,4.873507868445145],[102.72729940698386,4.873507868445145],[102.72729940698386,4.875277791194552],[102.72885403215554,4.875867766453057],[102.72885403215554,4.871147978504534],[102.72963134474138,4.871147978504534],[102.72963134474138,4.869378066340849],[102.73118596991307,4.869378066340849],[102.73040865732722,4.867018190508436],[102.72885403215554,4.867018190508436],[102.72885403215554,4.866428222809294],[102.73040865732722,4.866428222809294],[102.73118596991307,4.8628884271849175],[102.72963134474138,4.863478391864234],[102.72963134474138,4.864658322732376],[102.7280767195697,4.8640683570467],[102.7280767195697,4.864658322732376],[102.72496746922633,4.865248288921326],[102.72496746922633,4.866428222809294],[102.72419015664049,4.866428222809294],[102.72419015664049,4.864658322732376],[102.72341284405465,4.864658322732376],[102.72341284405465,4.865248288921326],[102.71952628112544,4.864658322732376],[102.71952628112544,4.863478391864234],[102.7187489685396,4.863478391864234],[102.7187489685396,4.8628884271849175],[102.71719434336792,4.8628884271849175],[102.71719434336792,4.860528573497894],[102.71641703078208,4.860528573497894],[102.71563971819623,4.8628884271849175],[102.71408509302456,4.863478391864234],[102.71408509302456,4.8628884271849175],[102.71330778043873,4.8628884271849175],[102.71408509302456,4.860528573497894],[102.71253046785287,4.859938611333387],[102.71253046785287,4.859348649671657],[102.71330778043873,4.859348649671657],[102.71330778043873,4.858168727856273],[102.71253046785287,4.858168727856273],[102.71253046785287,4.8575787677024955],[102.7109758426812,4.8575787677024955],[102.7109758426812,4.856988808051245],[102.70942121750952,4.856988808051245],[102.70942121750952,4.856398848902457],[102.70864390492369,4.856398848902457],[102.70864390492369,4.855808890256074],[102.70942121750952,4.855808890256074],[102.70942121750952,4.855218932112031],[102.70864390492369,4.855218932112031],[102.70864390492369,4.853449060693316],[102.70708927975198,4.853449060693316],[102.70708927975198,4.852859104558009],[102.70864390492369,4.852859104558009],[102.70864390492369,4.851679193793423],[102.70708927975198,4.851679193793423],[102.70708927975198,4.8499093314106725],[102.70631196716614,4.8499093314106725],[102.70631196716614,4.849319378286607],[102.70708927975198,4.849319378286607],[102.70708927975198,4.848139473543384],[102.70553465458032,4.848139473543384],[102.70553465458032,4.847549521924099],[102.70631196716614,4.847549521924099],[102.70631196716614,4.846959570806284],[102.70553465458032,4.846959570806284],[102.70553465458032,4.8451897204610335],[102.70475734199448,4.8451897204610335],[102.70475734199448,4.844599771348474],[102.70320271682277,4.844599771348474],[102.70320271682277,4.846959570806284],[102.70164809165111,4.846959570806284],[102.70242540423695,4.845779670074815],[102.70009346647943,4.845779670074815],[102.70009346647943,4.847549521924099],[102.69931615389358,4.847549521924099],[102.69931615389358,4.8451897204610335],[102.69853884130774,4.8451897204610335],[102.69853884130774,4.844599771348474],[102.6977615287219,4.844599771348474],[102.6977615287219,4.8451897204610335],[102.69620690355022,4.8451897204610335],[102.69620690355022,4.844599771348474],[102.69465227837853,4.844009822737073],[102.69465227837853,4.842829927017496],[102.69387496579269,4.842829927017496],[102.69387496579269,4.842239979909197],[102.69154302803518,4.842239979909197],[102.69154302803518,4.841650033301806],[102.69620690355022,4.841650033301806],[102.69620690355022,4.842829927017496],[102.6977615287219,4.843419874626768],[102.6977615287219,4.842829927017496],[102.69931615389358,4.842829927017496],[102.69931615389358,4.841060087195263],[102.70009346647943,4.841060087195263],[102.70009346647943,4.841650033301806],[102.70087077906527,4.841650033301806],[102.70087077906527,4.842829927017496],[102.70398002940863,4.842829927017496],[102.70398002940863,4.841650033301806],[102.70242540423695,4.841650033301806],[102.70242540423695,4.841060087195263],[102.70087077906527,4.841060087195263],[102.70087077906527,4.840470141589504],[102.70009346647943,4.840470141589504],[102.70009346647943,4.836340536365958],[102.69853884130774,4.836340536365958],[102.69853884130774,4.835160653662751],[102.69698421613606,4.8345707130614235],[102.69698421613606,4.833390833359008],[102.69931615389358,4.8345707130614235],[102.69931615389358,4.832800894257798],[102.70009346647943,4.832800894257798],[102.70009346647943,4.835160653662751],[102.70087077906527,4.835160653662751],[102.70087077906527,4.836340536365958],[102.70242540423695,4.836930478467962],[102.70242540423695,4.839290251880095],[102.70475734199448,4.839290251880095],[102.70475734199448,4.838700307776318],[102.70553465458032,4.838700307776318],[102.70553465458032,4.840470141589504],[102.70631196716614,4.840470141589504],[102.70631196716614,4.841650033301806],[102.70708927975198,4.841650033301806],[102.70708927975198,4.842829927017496],[102.70786659233782,4.842829927017496],[102.70786659233782,4.846369620189877],[102.70864390492369,4.846369620189877],[102.70864390492369,4.847549521924099],[102.71019853009535,4.847549521924099],[102.71019853009535,4.848729425664199],[102.71253046785287,4.8499093314106725],[102.71253046785287,4.850499285036454],[102.71175315526703,4.850499285036454],[102.71175315526703,4.852269148924732],[102.71330778043873,4.852269148924732],[102.71330778043873,4.854628974470263],[102.7148624056104,4.854628974470263],[102.71563971819623,4.858168727856273],[102.71641703078208,4.858168727856273],[102.71641703078208,4.858758688512639],[102.71797165595378,4.858168727856273],[102.71797165595378,4.860528573497894],[102.7187489685396,4.860528573497894],[102.7187489685396,4.861118536165238],[102.72030359371128,4.861118536165238],[102.72030359371128,4.859938611333387],[102.71952628112544,4.859938611333387],[102.71952628112544,4.8575787677024955],[102.72108090629713,4.8575787677024955],[102.72108090629713,4.856398848902457],[102.72341284405465,4.856398848902457],[102.72341284405465,4.855808890256074],[102.72419015664049,4.855808890256074],[102.72419015664049,4.852859104558009],[102.72341284405465,4.852859104558009],[102.72341284405465,4.854039017330712],[102.72185821888297,4.853449060693316],[102.72185821888297,4.851679193793423],[102.72341284405465,4.851679193793423],[102.72341284405465,4.8510892391640175],[102.72263553146881,4.8510892391640175],[102.72263553146881,4.848139473543384],[102.72108090629713,4.847549521924099],[102.72108090629713,4.846369620189877],[102.72185821888297,4.846369620189877],[102.72185821888297,4.845779670074815],[102.72030359371128,4.8451897204610335],[102.72030359371128,4.842829927017496],[102.72263553146881,4.844009822737073],[102.72341284405465,4.846959570806284],[102.72496746922633,4.846959570806284],[102.72574478181217,4.848139473543384],[102.7280767195697,4.848139473543384],[102.7280767195697,4.849319378286607],[102.72885403215554,4.849319378286607],[102.72885403215554,4.852269148924732],[102.73118596991307,4.852269148924732],[102.73118596991307,4.848139473543384],[102.73274059508473,4.848139473543384],[102.73274059508473,4.848729425664199],[102.73351790767059,4.848729425664199],[102.73274059508473,4.845779670074815],[102.73429522025643,4.845779670074815],[102.73429522025643,4.846369620189877],[102.73507253284227,4.846369620189877],[102.73507253284227,4.844599771348474],[102.7358498454281,4.844599771348474],[102.7358498454281,4.846369620189877],[102.73662715801395,4.846369620189877],[102.73662715801395,4.8451897204610335],[102.7374044705998,4.8451897204610335],[102.7374044705998,4.850499285036454],[102.73818178318562,4.850499285036454],[102.73818178318562,4.849319378286607],[102.73973640835732,4.848729425664199],[102.73973640835732,4.8451897204610335],[102.74051372094316,4.8451897204610335],[102.74051372094316,4.844599771348474],[102.74440028387235,4.844009822737073],[102.74440028387235,4.842239979909197],[102.74284565870067,4.842239979909197],[102.74362297128653,4.841060087195263],[102.74595490904404,4.842239979909197],[102.74595490904404,4.842829927017496],[102.74517759645819,4.842829927017496],[102.74517759645819,4.844009822737073],[102.74750953421571,4.844009822737073],[102.74750953421571,4.843419874626768],[102.7490641593874,4.842829927017496],[102.74984147197326,4.83988019648447],[102.75139609714492,4.83988019648447],[102.75061878455908,4.841060087195263],[102.75217340973076,4.841650033301806],[102.75217340973076,4.838700307776318],[102.75450534748829,4.838700307776318],[102.75450534748829,4.835160653662751],[102.75372803490245,4.835160653662751],[102.75372803490245,4.8345707130614235],[102.75217340973076,4.835160653662751],[102.75217340973076,4.833980772960196],[102.75372803490245,4.833980772960196],[102.75372803490245,4.832800894257798],[102.75295072231661,4.832800894257798],[102.75139609714492,4.831031079953402],[102.74828684680156,4.831031079953402],[102.74828684680156,4.830441142851476],[102.74673222162988,4.829851206249215],[102.74673222162988,4.825721664018806],[102.74828684680156,4.825721664018806],[102.74828684680156,4.826901530730719],[102.7490641593874,4.826901530730719],[102.7490641593874,4.824541799303565],[102.74828684680156,4.824541799303565],[102.74828684680156,4.82218207586111],[102.74750953421571,4.82218207586111],[102.74750953421571,4.821002217132903],[102.74595490904404,4.820412288516837],[102.74517759645819,4.822772005973375],[102.74440028387235,4.822772005973375],[102.74362297128653,4.821592146247639],[102.73973640835732,4.821002217132903],[102.73973640835732,4.81982236039938],[102.74051372094316,4.81982236039938],[102.74051372094316,4.820412288516837],[102.74206834611483,4.820412288516837],[102.74206834611483,4.81982236039938],[102.74517759645819,4.820412288516837],[102.74517759645819,4.81982236039938],[102.74595490904404,4.81982236039938],[102.74595490904404,4.8186425056600415],[102.74517759645819,4.8186425056600415],[102.74440028387235,4.817462652914392],[102.741291033529,4.817462652914392],[102.741291033529,4.816872727289046],[102.74517759645819,4.8162828021619335],[102.74517759645819,4.815692877532995],[102.74673222162988,4.81510295340217],[102.74673222162988,4.813923106634601],[102.74750953421571,4.813923106634601],[102.74750953421571,4.815692877532995],[102.74673222162988,4.815692877532995],[102.74673222162988,4.8186425056600415],[102.74828684680156,4.8186425056600415],[102.74828684680156,4.820412288516837],[102.7490641593874,4.820412288516837],[102.7490641593874,4.821592146247639],[102.75061878455908,4.82218207586111],[102.75061878455908,4.82395186769454],[102.75372803490245,4.8251317314116315],[102.75372803490245,4.825721664018806],[102.75217340973076,4.826311597125148],[102.75217340973076,4.827491464835585],[102.75139609714492,4.827491464835585],[102.75139609714492,4.828081399439805],[102.75217340973076,4.828081399439805],[102.75217340973076,4.828671334543441],[102.75295072231661,4.828671334543441],[102.75295072231661,4.828081399439805],[102.75372803490245,4.828081399439805],[102.75372803490245,4.828671334543441],[102.75528266007413,4.828081399439805],[102.75528266007413,4.828671334543441],[102.75683728524581,4.829261270146557],[102.75683728524581,4.830441142851476],[102.75761459783165,4.830441142851476],[102.75683728524581,4.833390833359008],[102.7583919104175,4.833390833359008],[102.7583919104175,4.832800894257798],[102.75916922300334,4.832800894257798],[102.75916922300334,4.8345707130614235],[102.75994653558917,4.8345707130614235],[102.75994653558917,4.836340536365958],[102.760723848175,4.836340536365958],[102.760723848175,4.838700307776318],[102.75761459783165,4.83811036417308],[102.75761459783165,4.839290251880095],[102.760723848175,4.839290251880095],[102.76227847334671,4.841060087195263],[102.76305578593254,4.841060087195263],[102.76305578593254,4.83988019648447],[102.76383309851838,4.83988019648447],[102.76383309851838,4.841650033301806],[102.76227847334671,4.842239979909197],[102.76305578593254,4.843419874626768],[102.760723848175,4.843419874626768],[102.760723848175,4.842829927017496],[102.75994653558917,4.842829927017496],[102.75994653558917,4.844599771348474],[102.760723848175,4.844599771348474],[102.75994653558917,4.845779670074815],[102.7583919104175,4.8451897204610335],[102.7583919104175,4.844009822737073],[102.75683728524581,4.844009822737073],[102.75683728524581,4.8451897204610335],[102.75605997265997,4.8451897204610335],[102.75605997265997,4.848729425664199],[102.75450534748829,4.849319378286607],[102.75450534748829,4.848139473543384],[102.75372803490245,4.848139473543384],[102.75372803490245,4.848729425664199],[102.75295072231661,4.848729425664199],[102.75295072231661,4.8499093314106725],[102.75217340973076,4.8499093314106725],[102.75217340973076,4.849319378286607],[102.75139609714492,4.849319378286607],[102.75139609714492,4.8499093314106725],[102.74984147197326,4.8499093314106725],[102.75139609714492,4.847549521924099],[102.74828684680156,4.846959570806284],[102.74828684680156,4.845779670074815],[102.74362297128653,4.8451897204610335],[102.74362297128653,4.845779670074815],[102.74284565870067,4.845779670074815],[102.74284565870067,4.846959570806284],[102.741291033529,4.846959570806284],[102.741291033529,4.848729425664199],[102.74206834611483,4.848729425664199],[102.74206834611483,4.851679193793423],[102.74284565870067,4.851679193793423],[102.74284565870067,4.852859104558009],[102.74440028387235,4.852859104558009],[102.74440028387235,4.854039017330712],[102.74284565870067,4.854039017330712],[102.74284565870067,4.854628974470263],[102.74440028387235,4.854628974470263],[102.74440028387235,4.855218932112031],[102.74362297128653,4.855218932112031],[102.74362297128653,4.8575787677024955],[102.74517759645819,4.8575787677024955],[102.74517759645819,4.858168727856273],[102.74595490904404,4.858168727856273],[102.74595490904404,4.860528573497894],[102.74828684680156,4.8617084993354815],[102.74828684680156,4.8622984630086865],[102.74673222162988,4.8622984630086865],[102.74673222162988,4.863478391864234],[102.74750953421571,4.863478391864234],[102.74750953421571,4.864658322732376],[102.74673222162988,4.864658322732376],[102.74673222162988,4.865248288921326],[102.7490641593874,4.865248288921326],[102.7490641593874,4.8676081587111],[102.74984147197326,4.8676081587111],[102.75061878455908,4.87055800727943],[102.75139609714492,4.87055800727943],[102.75217340973076,4.871737950233596],[102.75450534748829,4.871737950233596],[102.75450534748829,4.871147978504534],[102.75605997265997,4.871147978504534],[102.75605997265997,4.87055800727943],[102.75683728524581,4.87055800727943],[102.75683728524581,4.871737950233596],[102.75528266007413,4.872327922466676],[102.75528266007413,4.873507868445145],[102.75061878455908,4.872917895203838],[102.75061878455908,4.871147978504534],[102.7490641593874,4.87055800727943],[102.7490641593874,4.869378066340849],[102.74673222162988,4.87055800727943],[102.74673222162988,4.871147978504534],[102.74828684680156,4.871737950233596],[102.74828684680156,4.873507868445145],[102.74595490904404,4.873507868445145],[102.74517759645819,4.872327922466676],[102.74362297128653,4.872327922466676],[102.74362297128653,4.871737950233596],[102.74284565870067,4.871737950233596],[102.74284565870067,4.868198127417349],[102.74440028387235,4.868198127417349],[102.74440028387235,4.867018190508436],[102.74284565870067,4.866428222809294],[102.74284565870067,4.865248288921326],[102.741291033529,4.865248288921326],[102.741291033529,4.8676081587111],[102.74051372094316,4.8676081587111],[102.74051372094316,4.868788096627244],[102.73818178318562,4.868788096627244],[102.7374044705998,4.871147978504534],[102.73895909577146,4.871737950233596],[102.73895909577146,4.875277791194552],[102.73973640835732,4.875277791194552],[102.73973640835732,4.877047718483497],[102.741291033529,4.877047718483497],[102.741291033529,4.877637695255555],[102.74284565870067,4.8782276725322555],[102.74284565870067,4.880001096773383],[102.74440028387235,4.88093303674646],[102.74517759645819,4.88058758668672],[102.74480819830602,4.881177566487563],[102.7505135,4.884597694682797],[102.75669518790802,4.890027324136892],[102.75761459783165,4.890027324136892]],[[102.9503881191202,4.809793658629477],[102.94961080653438,4.809793658629477],[102.94961080653438,4.809203739476344],[102.9503881191202,4.809203739476344],[102.9503881191202,4.809793658629477]],[[102.01139451542434,4.465363502422511],[102.01217182801017,4.465363502422511],[102.01217182801017,4.465953142106728],[102.01139451542434,4.465953142106728],[102.01139451542434,4.465363502422511]],[[102.01061720283849,4.467722063927581],[102.01061720283849,4.468311705457472],[102.00983989025264,4.468311705457472],[102.00983989025264,4.467722063927581],[102.01061720283849,4.467722063927581]],[[102.56250913878557,4.9330977736694255],[102.56328645137141,4.9330977736694255],[102.56328645137141,4.933687798660361],[102.56250913878557,4.933687798660361],[102.56250913878557,4.9330977736694255]],[[102.56561838912893,4.934277824161851],[102.56639570171478,4.934277824161851],[102.56639570171478,4.934867850173959],[102.56561838912893,4.934867850173959],[102.56561838912893,4.934277824161851]],[[102.57727807791655,4.921887395764347],[102.57727807791655,4.921297380971441],[102.57805539050239,4.921297380971441],[102.57805539050239,4.921887395764347],[102.57727807791655,4.921887395764347]],[[102.70242540423695,4.875277791194552],[102.70164809165111,4.875277791194552],[102.70164809165111,4.874687816440439],[102.70242540423695,4.874687816440439],[102.70242540423695,4.875277791194552]],[[102.70786659233782,4.863478391864234],[102.70786659233782,4.8628884271849175],[102.71019853009535,4.8628884271849175],[102.71019853009535,4.863478391864234],[102.70786659233782,4.863478391864234]],[[102.72263553146881,4.868198127417349],[102.72341284405465,4.868198127417349],[102.72341284405465,4.868788096627244],[102.72263553146881,4.868788096627244],[102.72263553146881,4.868198127417349]],[[102.71952628112544,4.865248288921326],[102.7187489685396,4.865248288921326],[102.7187489685396,4.864658322732376],[102.71952628112544,4.864658322732376],[102.71952628112544,4.865248288921326]],[[102.7109758426812,4.858168727856273],[102.71019853009535,4.858168727856273],[102.71019853009535,4.8575787677024955],[102.7109758426812,4.8575787677024955],[102.7109758426812,4.858168727856273]],[[102.70864390492369,4.8575787677024955],[102.70786659233782,4.8575787677024955],[102.70708927975198,4.859938611333387],[102.70475734199448,4.859938611333387],[102.70475734199448,4.860528573497894],[102.70320271682277,4.859938611333387],[102.70320271682277,4.859348649671657],[102.70631196716614,4.858758688512639],[102.70553465458032,4.856398848902457],[102.70708927975198,4.856398848902457],[102.70708927975198,4.856988808051245],[102.70864390492369,4.856398848902457],[102.70864390492369,4.8575787677024955]],[[102.70320271682277,4.861118536165238],[102.70164809165111,4.861118536165238],[102.70164809165111,4.860528573497894],[102.70320271682277,4.859938611333387],[102.70320271682277,4.861118536165238]],[[102.70398002940863,4.846959570806284],[102.70398002940863,4.848729425664199],[102.70242540423695,4.848729425664199],[102.70242540423695,4.848139473543384],[102.70320271682277,4.848139473543384],[102.70320271682277,4.846959570806284],[102.70398002940863,4.846959570806284]],[[102.70242540423695,4.836340536365958],[102.70320271682277,4.836340536365958],[102.70320271682277,4.836930478467962],[102.70242540423695,4.836930478467962],[102.70242540423695,4.836340536365958]],[[102.74284565870067,4.842829927017496],[102.74206834611483,4.842829927017496],[102.74206834611483,4.842239979909197],[102.74284565870067,4.842239979909197],[102.74284565870067,4.842829927017496]],[[102.74750953421571,4.811563419074064],[102.74828684680156,4.811563419074064],[102.74828684680156,4.8103835782801],[102.75061878455908,4.809203739476344],[102.75061878455908,4.807433985001259],[102.75139609714492,4.807433985001259],[102.75139609714492,4.80448440415344],[102.75061878455908,4.80448440415344],[102.75061878455908,4.803894489474915],[102.75295072231661,4.803894489474915],[102.75295072231661,4.80448440415344],[102.75217340973076,4.80448440415344],[102.75295072231661,4.807433985001259],[102.75217340973076,4.807433985001259],[102.75139609714492,4.8103835782801],[102.74984147197326,4.8103835782801],[102.74984147197326,4.812153340217528],[102.75061878455908,4.812153340217528],[102.75061878455908,4.8127432618587305],[102.74984147197326,4.8127432618587305],[102.74984147197326,4.813923106634601],[102.74750953421571,4.813923106634601],[102.74750953421571,4.811563419074064]],[[102.74984147197326,4.807433985001259],[102.74984147197326,4.806844067837462],[102.75061878455908,4.806844067837462],[102.75061878455908,4.807433985001259],[102.74984147197326,4.807433985001259]],[[102.74984147197326,4.803894489474915],[102.74984147197326,4.8021247484203],[102.7490641593874,4.8021247484203],[102.7490641593874,4.801534835728873],[102.75061878455908,4.801534835728873],[102.75139609714492,4.79917518992874],[102.75295072231661,4.79917518992874],[102.75295072231661,4.795635736118415],[102.75372803490245,4.795635736118415],[102.75372803490245,4.794455922150286],[102.75450534748829,4.794455922150286],[102.75372803490245,4.797995370007147],[102.75450534748829,4.797995370007147],[102.75528266007413,4.79917518992874],[102.75761459783165,4.79917518992874],[102.75761459783165,4.799765100634063],[102.75450534748829,4.799765100634063],[102.75450534748829,4.79917518992874],[102.75372803490245,4.79917518992874],[102.75295072231661,4.8021247484203],[102.75061878455908,4.8021247484203],[102.75061878455908,4.803894489474915],[102.74984147197326,4.803894489474915]],[[102.75450534748829,4.793866015910061],[102.75528266007413,4.793866015910061],[102.75528266007413,4.794455922150286],[102.75450534748829,4.794455922150286],[102.75450534748829,4.793866015910061]],[[102.74517759645819,4.879997607390829],[102.74595490904404,4.879997607390829],[102.74595490904404,4.88058758668672],[102.74517759645819,4.88058758668672],[102.74517759645819,4.879997607390829]],[[102.57727807791655,4.928377592114462],[102.5765007653307,4.928377592114462],[102.5765007653307,4.927787571715723],[102.57727807791655,4.927787571715723],[102.57727807791655,4.928377592114462]],[[102.57416882757317,4.927197551826916],[102.57339151498734,4.927197551826916],[102.57339151498734,4.9260175135788495],[102.57416882757317,4.9260175135788495],[102.57416882757317,4.927197551826916]],[[102.58038732825992,4.921297380971441],[102.57961001567408,4.921297380971441],[102.57961001567408,4.920707366687784],[102.58038732825992,4.920707366687784],[102.58038732825992,4.921297380971441]],[[102.58582851636079,4.914807251846138],[102.58505120377497,4.914807251846138],[102.58505120377497,4.914217243160097],[102.58582851636079,4.914217243160097],[102.58582851636079,4.914807251846138]],[[102.81824497952725,4.908317184256952],[102.81746766694141,4.908317184256952],[102.81746766694141,4.907727181160994],[102.81824497952725,4.907727181160994],[102.81824497952725,4.908317184256952]],[[102.49954681933245,4.9059571749197675],[102.49876950674661,4.9059571749197675],[102.49876950674661,4.905367173854701],[102.49954681933245,4.905367173854701],[102.49954681933245,4.9059571749197675]],[[102.54774019965458,4.878817650313659],[102.54696288706876,4.878817650313659],[102.54696288706876,4.8782276725322555],[102.54774019965458,4.8782276725322555],[102.54774019965458,4.878817650313659]],[[102.63246727151126,4.869378066340849],[102.63168995892542,4.869378066340849],[102.63168995892542,4.868788096627244],[102.63246727151126,4.868788096627244],[102.63246727151126,4.869378066340849]],[[102.70786659233782,4.8676081587111],[102.70708927975198,4.8676081587111],[102.70708927975198,4.867018190508436],[102.70786659233782,4.867018190508436],[102.70786659233782,4.8676081587111]],[[102.70942121750952,4.861118536165238],[102.70864390492369,4.861118536165238],[102.70864390492369,4.860528573497894],[102.70942121750952,4.860528573497894],[102.70942121750952,4.861118536165238]],[[102.70553465458032,4.853449060693316],[102.70475734199448,4.853449060693316],[102.70475734199448,4.852269148924732],[102.70631196716614,4.851679193793423],[102.70631196716614,4.852859104558009],[102.70553465458032,4.852859104558009],[102.70553465458032,4.853449060693316]],[[102.89830817586886,4.850499285036454],[102.89753086328302,4.850499285036454],[102.89753086328302,4.8499093314106725],[102.89830817586886,4.8499093314106725],[102.89830817586886,4.850499285036454]],[[102.72185821888297,4.841060087195263],[102.72108090629713,4.841060087195263],[102.72108090629713,4.840470141589504],[102.72185821888297,4.840470141589504],[102.72185821888297,4.841060087195263]],[[102.74051372094316,4.840470141589504],[102.73973640835732,4.840470141589504],[102.73973640835732,4.83988019648447],[102.741291033529,4.83988019648447],[102.741291033529,4.841060087195263],[102.74051372094316,4.841060087195263],[102.74051372094316,4.840470141589504]],[[102.74284565870067,4.838700307776318],[102.74362297128653,4.838700307776318],[102.74362297128653,4.840470141589504],[102.74284565870067,4.840470141589504],[102.74284565870067,4.838700307776318]],[[102.74362297128653,4.83811036417308],[102.74284565870067,4.83811036417308],[102.74284565870067,4.837520421070315],[102.74362297128653,4.837520421070315],[102.74362297128653,4.836340536365958],[102.74517759645819,4.836340536365958],[102.74517759645819,4.8357505947642405],[102.74673222162988,4.8357505947642405],[102.74673222162988,4.836340536365958],[102.74828684680156,4.836930478467962],[102.74828684680156,4.837520421070315],[102.74440028387235,4.836930478467962],[102.74440028387235,4.838700307776318],[102.74362297128653,4.838700307776318],[102.74362297128653,4.83811036417308]],[[102.72185821888297,4.839290251880095],[102.72108090629713,4.839290251880095],[102.72108090629713,4.838700307776318],[102.72185821888297,4.838700307776318],[102.72185821888297,4.839290251880095]],[[102.73895909577146,4.83811036417308],[102.73895909577146,4.837520421070315],[102.73973640835732,4.837520421070315],[102.73973640835732,4.838700307776318],[102.73818178318562,4.838700307776318],[102.73818178318562,4.83811036417308],[102.73895909577146,4.83811036417308]],[[102.7374044705998,4.83811036417308],[102.7374044705998,4.837520421070315],[102.73818178318562,4.837520421070315],[102.73818178318562,4.83811036417308],[102.7374044705998,4.83811036417308]],[[102.8742114857078,4.837520421070315],[102.87343417312195,4.837520421070315],[102.87343417312195,4.836930478467962],[102.8742114857078,4.836930478467962],[102.8742114857078,4.837520421070315]],[[102.73507253284227,4.836340536365958],[102.7358498454281,4.836340536365958],[102.7358498454281,4.836930478467962],[102.73507253284227,4.836930478467962],[102.73507253284227,4.836340536365958]],[[102.7358498454281,4.8357505947642405],[102.7374044705998,4.835160653662751],[102.7374044705998,4.836930478467962],[102.73662715801395,4.836930478467962],[102.7358498454281,4.8357505947642405]],[[102.73429522025643,4.836340536365958],[102.72963134474138,4.836340536365958],[102.72963134474138,4.8357505947642405],[102.73040865732722,4.8357505947642405],[102.73040865732722,4.835160653662751],[102.7319632824989,4.835160653662751],[102.7319632824989,4.8357505947642405],[102.73429522025643,4.8357505947642405],[102.73429522025643,4.836340536365958]],[[102.6371311470263,4.835160653662751],[102.63635383444046,4.835160653662751],[102.63635383444046,4.8345707130614235],[102.6371311470263,4.8345707130614235],[102.6371311470263,4.835160653662751]],[[102.7280767195697,4.835160653662751],[102.72652209439802,4.835160653662751],[102.72574478181217,4.833980772960196],[102.72729940698386,4.833980772960196],[102.7280767195697,4.835160653662751]],[[102.72574478181217,4.833390833359008],[102.72496746922633,4.833390833359008],[102.72496746922633,4.8322109556565005],[102.72574478181217,4.8322109556565005],[102.72574478181217,4.833390833359008]],[[102.73118596991307,4.833390833359008],[102.73040865732722,4.833390833359008],[102.73040865732722,4.832800894257798],[102.73118596991307,4.832800894257798],[102.73118596991307,4.833390833359008]],[[102.73507253284227,4.833390833359008],[102.73429522025643,4.833390833359008],[102.73429522025643,4.832800894257798],[102.73507253284227,4.832800894257798],[102.73507253284227,4.833390833359008]],[[102.72885403215554,4.8322109556565005],[102.72885403215554,4.831621017555056],[102.72963134474138,4.831621017555056],[102.72963134474138,4.8322109556565005],[102.72885403215554,4.8322109556565005]],[[102.7280767195697,4.831621017555056],[102.7280767195697,4.830441142851476],[102.72885403215554,4.830441142851476],[102.72885403215554,4.831621017555056],[102.7280767195697,4.831621017555056]],[[102.87265686053611,4.830441142851476],[102.87187954795027,4.830441142851476],[102.87187954795027,4.829851206249215],[102.87265686053611,4.829851206249215],[102.87265686053611,4.830441142851476]],[[102.7280767195697,4.829851206249215],[102.72729940698386,4.829851206249215],[102.72729940698386,4.828081399439805],[102.7280767195697,4.828081399439805],[102.7280767195697,4.829851206249215]],[[102.74750953421571,4.8251317314116315],[102.74673222162988,4.8251317314116315],[102.74673222162988,4.824541799303565],[102.74750953421571,4.824541799303565],[102.74750953421571,4.8251317314116315]],[[102.74673222162988,4.82395186769454],[102.74595490904404,4.82395186769454],[102.74595490904404,4.823361936584498],[102.74673222162988,4.823361936584498],[102.74673222162988,4.82395186769454]],[[102.75528266007413,4.821002217132903],[102.75450534748829,4.821002217132903],[102.75450534748829,4.820412288516837],[102.75528266007413,4.820412288516837],[102.75528266007413,4.821002217132903]],[[102.88664848708126,4.821002217132903],[102.8858711744954,4.821002217132903],[102.8858711744954,4.820412288516837],[102.88664848708126,4.820412288516837],[102.88664848708126,4.821002217132903]],[[102.47855937951473,4.81982236039938],[102.47778206692891,4.81982236039938],[102.47778206692891,4.819232432780468],[102.47855937951473,4.819232432780468],[102.47855937951473,4.81982236039938]],[[102.88276192415206,4.816872727289046],[102.8819846115662,4.816872727289046],[102.8819846115662,4.8162828021619335],[102.88276192415206,4.8162828021619335],[102.88276192415206,4.816872727289046]],[[102.88431654932373,4.815692877532995],[102.88353923673789,4.815692877532995],[102.88353923673789,4.81510295340217],[102.88431654932373,4.81510295340217],[102.88431654932373,4.815692877532995]],[[102.66666902528827,4.813923106634601],[102.66589171270242,4.813923106634601],[102.66589171270242,4.813333183997735],[102.66666902528827,4.813333183997735],[102.66666902528827,4.813923106634601]],[[102.79648022712371,4.813333183997735],[102.79570291453787,4.813333183997735],[102.79570291453787,4.8127432618587305],[102.79648022712371,4.8127432618587305],[102.79648022712371,4.813333183997735]],[[102.79181635160866,4.8127432618587305],[102.79103903902283,4.8127432618587305],[102.79103903902283,4.812153340217528],[102.79181635160866,4.812153340217528],[102.79181635160866,4.8127432618587305]],[[102.78870710126529,4.811563419074064],[102.78792978867946,4.811563419074064],[102.78792978867946,4.810973498428275],[102.78870710126529,4.810973498428275],[102.78870710126529,4.811563419074064]],[[102.75994653558917,4.809203739476344],[102.75994653558917,4.809793658629477],[102.76227847334671,4.809793658629477],[102.76227847334671,4.807433985001259],[102.76305578593254,4.807433985001259],[102.76305578593254,4.806844067837462],[102.76461041110421,4.806844067837462],[102.76461041110421,4.807433985001259],[102.76305578593254,4.808023902662297],[102.76305578593254,4.8103835782801],[102.760723848175,4.8103835782801],[102.760723848175,4.810973498428275],[102.75994653558917,4.810973498428275],[102.75994653558917,4.8103835782801],[102.75605997265997,4.809793658629477],[102.75450534748829,4.808023902662297],[102.75605997265997,4.808023902662297],[102.75605997265997,4.807433985001259],[102.75761459783165,4.806844067837462],[102.75761459783165,4.807433985001259],[102.75916922300334,4.808023902662297],[102.75916922300334,4.809203739476344],[102.75994653558917,4.809203739476344]],[[102.75372803490245,4.808023902662297],[102.75372803490245,4.807433985001259],[102.75450534748829,4.807433985001259],[102.75450534748829,4.808023902662297],[102.75372803490245,4.808023902662297]],[[102.75605997265997,4.806844067837462],[102.75605997265997,4.806254151170844],[102.75683728524581,4.806254151170844],[102.75683728524581,4.806844067837462],[102.75605997265997,4.806844067837462]],[[102.94883349394854,4.809793658629477],[102.94805618136269,4.809793658629477],[102.94805618136269,4.809203739476344],[102.94883349394854,4.809203739476344],[102.94883349394854,4.809793658629477]],[[102.77860203764936,4.806844067837462],[102.77782472506351,4.806844067837462],[102.77782472506351,4.806254151170844],[102.77860203764936,4.806254151170844],[102.77860203764936,4.806844067837462]],[[102.7583919104175,4.806254151170844],[102.75761459783165,4.806254151170844],[102.75761459783165,4.805664235001342],[102.7583919104175,4.805664235001342],[102.7583919104175,4.806254151170844]],[[102.79803485229537,4.806254151170844],[102.79725753970955,4.806254151170844],[102.79725753970955,4.805664235001342],[102.79803485229537,4.805664235001342],[102.79803485229537,4.806254151170844]],[[102.7490641593874,4.805074319328896],[102.74828684680156,4.805074319328896],[102.74828684680156,4.80448440415344],[102.7490641593874,4.80448440415344],[102.7490641593874,4.805074319328896]],[[102.77238353696264,4.805074319328896],[102.7716062243768,4.805074319328896],[102.7716062243768,4.80448440415344],[102.77238353696264,4.80448440415344],[102.77238353696264,4.805074319328896]],[[102.79881216488121,4.805074319328896],[102.79803485229537,4.805074319328896],[102.79803485229537,4.80448440415344],[102.79881216488121,4.80448440415344],[102.79881216488121,4.805074319328896]],[[102.7700515992051,4.80448440415344],[102.76927428661926,4.80448440415344],[102.76927428661926,4.803894489474915],[102.76694234886175,4.803894489474915],[102.76694234886175,4.802714661608407],[102.7700515992051,4.80330457529326],[102.7700515992051,4.80448440415344]],[[102.79803485229537,4.803894489474915],[102.79725753970955,4.803894489474915],[102.79725753970955,4.80330457529326],[102.79803485229537,4.80330457529326],[102.79803485229537,4.803894489474915]],[[102.8664383598494,4.803894489474915],[102.86566104726354,4.803894489474915],[102.86566104726354,4.80330457529326],[102.8664383598494,4.80330457529326],[102.8664383598494,4.803894489474915]],[[102.77471547472017,4.80330457529326],[102.7739381621343,4.80330457529326],[102.7739381621343,4.802714661608407],[102.77471547472017,4.802714661608407],[102.77471547472017,4.80330457529326]],[[102.49721488157493,4.800355011835818],[102.49643756898911,4.800355011835818],[102.49643756898911,4.799765100634063],[102.49721488157493,4.799765100634063],[102.49721488157493,4.800355011835818]],[[102.49876950674661,4.79740546079075],[102.49799219416077,4.79740546079075],[102.49799219416077,4.796815552070537],[102.49876950674661,4.796815552070537],[102.49876950674661,4.79740546079075]],[[102.74517759645819,4.796225643846447],[102.74517759645819,4.795045828886384],[102.74595490904404,4.795045828886384],[102.74595490904404,4.794455922150286],[102.74440028387235,4.793866015910061],[102.74440028387235,4.792686204916985],[102.74517759645819,4.792686204916985],[102.74750953421571,4.795045828886384],[102.7490641593874,4.794455922150286],[102.7490641593874,4.793866015910061],[102.74828684680156,4.793866015910061],[102.74828684680156,4.7897366861077275],[102.74750953421571,4.7897366861077275],[102.74750953421571,4.789146783832255],[102.7490641593874,4.788556882052093],[102.7490641593874,4.7897366861077275],[102.74984147197326,4.7897366861077275],[102.74984147197326,4.790326588878577],[102.75217340973076,4.790326588878577],[102.75217340973076,4.790916492144868],[102.74984147197326,4.790916492144868],[102.74984147197326,4.796225643846447],[102.74828684680156,4.796225643846447],[102.74828684680156,4.796815552070537],[102.74595490904404,4.796815552070537],[102.74595490904404,4.796225643846447],[102.74517759645819,4.796225643846447]],[[102.75372803490245,4.790916492144868],[102.75372803490245,4.790326588878577],[102.75605997265997,4.790326588878577],[102.75605997265997,4.792686204916985],[102.75528266007413,4.792686204916985],[102.75528266007413,4.791506395906657],[102.75217340973076,4.791506395906657],[102.75217340973076,4.790916492144868],[102.75372803490245,4.790916492144868]],[[102.05026014471638,4.792686204916985],[102.05103745730221,4.792686204916985],[102.05103745730221,4.7932761101656505],[102.05026014471638,4.7932761101656505],[102.05026014471638,4.795635736118415],[102.0487055195447,4.795635736118415],[102.04792820695884,4.792686204916985],[102.047150894373,4.792686204916985],[102.047150894373,4.7897366861077275],[102.04637358178718,4.7897366861077275],[102.04559626920134,4.785607380578827],[102.047150894373,4.785607380578827],[102.047150894373,4.786197279883349],[102.0487055195447,4.786197279883349],[102.0487055195447,4.786787179682874],[102.04948283213055,4.786787179682874],[102.05026014471638,4.792686204916985]],[[102.047150894373,4.783837685634656],[102.0487055195447,4.7844275834545416],[102.0487055195447,4.785607380578827],[102.047150894373,4.785607380578827],[102.047150894373,4.783837685634656]],[[102.92706874154499,4.794455922150286],[102.92629142895915,4.794455922150286],[102.92629142895915,4.793866015910061],[102.92706874154499,4.793866015910061],[102.92706874154499,4.794455922150286]],[[102.74440028387235,4.791506395906657],[102.74362297128653,4.791506395906657],[102.74362297128653,4.790916492144868],[102.74440028387235,4.790916492144868],[102.74440028387235,4.791506395906657]],[[102.75061878455908,4.7832477883095255],[102.75295072231661,4.7832477883095255],[102.75372803490245,4.7844275834545416],[102.75217340973076,4.7844275834545416],[102.75217340973076,4.785017481769244],[102.75061878455908,4.785607380578827],[102.75061878455908,4.786787179682874],[102.74984147197326,4.786787179682874],[102.74984147197326,4.787377079977466],[102.75061878455908,4.787377079977466],[102.75061878455908,4.788556882052093],[102.74984147197326,4.788556882052093],[102.74984147197326,4.787966980767185],[102.7490641593874,4.787966980767185],[102.7490641593874,4.785607380578827],[102.74984147197326,4.785607380578827],[102.75061878455908,4.7832477883095255]],[[102.50498800743335,4.787377079977466],[102.50421069484749,4.787377079977466],[102.50421069484749,4.786787179682874],[102.50498800743335,4.786787179682874],[102.50498800743335,4.787377079977466]],[[102.2290420394598,4.786197279883349],[102.22826472687396,4.786197279883349],[102.22826472687396,4.785607380578827],[102.2290420394598,4.785607380578827],[102.2290420394598,4.786197279883349]],[[102.5057653200192,4.786197279883349],[102.50498800743335,4.786197279883349],[102.50498800743335,4.785607380578827],[102.5057653200192,4.785607380578827],[102.5057653200192,4.786197279883349]],[[102.50421069484749,4.782657891479086],[102.50343338226165,4.782657891479086],[102.50343338226165,4.7820679951432785],[102.50421069484749,4.7820679951432785],[102.50421069484749,4.782657891479086]],[[102.75217340973076,4.7820679951432785],[102.75139609714492,4.7820679951432785],[102.75139609714492,4.781478099302039],[102.75217340973076,4.781478099302039],[102.75217340973076,4.7820679951432785]],[[102.04326433144381,4.780888203955305],[102.04404164402965,4.780888203955305],[102.04404164402965,4.781478099302039],[102.04326433144381,4.781478099302039],[102.04326433144381,4.780888203955305]],[[102.04404164402965,4.779708414745107],[102.0448189566155,4.779708414745107],[102.0448189566155,4.780888203955305],[102.04404164402965,4.780888203955305],[102.04404164402965,4.779708414745107]],[[102.75139609714492,4.780888203955305],[102.75061878455908,4.780888203955305],[102.75061878455908,4.779708414745107],[102.75139609714492,4.779708414745107],[102.75139609714492,4.780888203955305]],[[102.5080972577767,4.780298309103016],[102.50731994519086,4.780298309103016],[102.50731994519086,4.779708414745107],[102.5080972577767,4.779708414745107],[102.5080972577767,4.780298309103016]],[[102.60681595617851,4.780298309103016],[102.60603864359267,4.780298309103016],[102.60603864359267,4.779708414745107],[102.60681595617851,4.779708414745107],[102.60681595617851,4.780298309103016]],[[102.94727886877683,4.776758950369119],[102.94650155619101,4.776758950369119],[102.94650155619101,4.776169058976198],[102.94727886877683,4.776169058976198],[102.94727886877683,4.776758950369119]],[[102.75139609714492,4.772039833052774],[102.75061878455908,4.772039833052774],[102.75061878455908,4.771449945609687],[102.75139609714492,4.771449945609687],[102.75139609714492,4.772039833052774]],[[102.94494693101933,4.770860058660049],[102.94416961843348,4.770860058660049],[102.94416961843348,4.770270172203799],[102.94494693101933,4.770270172203799],[102.94494693101933,4.770860058660049]],[[102.89519892552552,4.760832055953807],[102.89442161293965,4.760832055953807],[102.89442161293965,4.760242177875639],[102.89519892552552,4.760242177875639],[102.89519892552552,4.760832055953807]],[[102.0393777685146,4.7596523002897415],[102.03860045592876,4.7596523002897415],[102.03860045592876,4.75906242319605],[102.0393777685146,4.75906242319605],[102.0393777685146,4.7596523002897415]],[[102.04015508110047,4.756113045108526],[102.04093239368629,4.756113045108526],[102.04093239368629,4.7567029197421125],[102.04015508110047,4.7567029197421125],[102.04015508110047,4.756113045108526]],[[102.04093239368629,4.7555231709667725],[102.04248701885797,4.7555231709667725],[102.04248701885797,4.756113045108526],[102.04093239368629,4.756113045108526],[102.04093239368629,4.7555231709667725]],[[102.04248701885797,4.754933297316789],[102.04170970627213,4.754933297316789],[102.04170970627213,4.75434342415852],[102.04248701885797,4.75434342415852],[102.04248701885797,4.754933297316789]],[[102.80658529073963,4.751394065740643],[102.8058079781538,4.751394065740643],[102.8058079781538,4.750804195531328],[102.80658529073963,4.750804195531328],[102.80658529073963,4.751394065740643]],[[102.81202647884052,4.7484447196062],[102.81124916625467,4.7484447196062],[102.81124916625467,4.747854851852639],[102.81202647884052,4.747854851852639],[102.81202647884052,4.7484447196062]],[[102.69232034062102,4.745495385747424],[102.69154302803518,4.745495385747424],[102.69154302803518,4.744905520448067],[102.69232034062102,4.744905520448067],[102.69232034062102,4.745495385747424]],[[102.85788792140514,4.744315655639362],[102.8571106088193,4.744315655639362],[102.8571106088193,4.743725791321251],[102.85788792140514,4.743725791321251],[102.85788792140514,4.744315655639362]],[[102.89830817586886,4.743725791321251],[102.89753086328302,4.743725791321251],[102.89753086328302,4.743135927493669],[102.89830817586886,4.743135927493669],[102.89830817586886,4.743725791321251]],[[102.87732073605115,4.741956201309846],[102.87654342346532,4.741956201309846],[102.87654342346532,4.7413663389534815],[102.87732073605115,4.7413663389534815],[102.87732073605115,4.741956201309846]],[[102.8571106088193,4.739596754825827],[102.85633329623344,4.739596754825827],[102.85633329623344,4.739006894430213],[102.8571106088193,4.739006894430213],[102.8571106088193,4.739596754825827]],[[102.86410642209187,4.739006894430213],[102.86332910950603,4.739006894430213],[102.86332910950603,4.738417034524635],[102.86410642209187,4.738417034524635],[102.86410642209187,4.739006894430213]],[[102.95272005687774,4.738417034524635],[102.95194274429188,4.738417034524635],[102.95194274429188,4.737237316183327],[102.95272005687774,4.737237316183327],[102.95272005687774,4.738417034524635]],[[102.82057691728477,4.7360575998014065],[102.81979960469893,4.7360575998014065],[102.81979960469893,4.73546774234506],[102.82057691728477,4.73546774234506],[102.82057691728477,4.7360575998014065]],[[102.13887377950225,4.730748900316847],[102.13809646691641,4.730748900316847],[102.13809646691641,4.730159047265208],[102.13887377950225,4.730159047265208],[102.13887377950225,4.730748900316847]],[[102.69076571544932,4.730159047265208],[102.68998840286349,4.730159047265208],[102.68998840286349,4.729569194702669],[102.69076571544932,4.729569194702669],[102.69076571544932,4.730159047265208]],[[102.9426149932618,4.72720978934229],[102.94183768067596,4.72720978934229],[102.94183768067596,4.726619939224328],[102.9426149932618,4.726619939224328],[102.9426149932618,4.72720978934229]],[[102.85244673330425,4.722491002079518],[102.85166942071841,4.722491002079518],[102.85166942071841,4.721901155869646],[102.85244673330425,4.721901155869646],[102.85244673330425,4.722491002079518]],[[102.70708927975198,4.716592561943791],[102.70631196716614,4.716592561943791],[102.70631196716614,4.716002720613446],[102.70708927975198,4.716002720613446],[102.70708927975198,4.716592561943791]],[[102.6845472147626,4.713643360167552],[102.68376990217676,4.713643360167552],[102.68376990217676,4.713053521274641],[102.6845472147626,4.713053521274641],[102.6845472147626,4.713643360167552]],[[102.88431654932373,4.711873844950656],[102.88353923673789,4.711873844950656],[102.88353923673789,4.71128400751946],[102.88431654932373,4.71128400751946],[102.88431654932373,4.711873844950656]],[[102.86099717174851,4.707744993159509],[102.86021985916265,4.707744993159509],[102.86021985916265,4.70715515913681],[102.86099717174851,4.70715515913681],[102.86099717174851,4.707744993159509]],[[102.86954761019274,4.705975492551388],[102.8687702976069,4.705975492551388],[102.8687702976069,4.705385659988542],[102.86954761019274,4.705385659988542],[102.86954761019274,4.705975492551388]],[[102.84234166968831,4.704795827912187],[102.84156435710248,4.704795827912187],[102.84156435710248,4.704205996322265],[102.84234166968831,4.704205996322265],[102.84234166968831,4.704795827912187]],[[102.89597623811134,4.700667016994314],[102.89442161293965,4.700667016994314],[102.89442161293965,4.700077188807672],[102.89597623811134,4.700077188807672],[102.89597623811134,4.700667016994314]],[[102.89986280104056,4.6971280551622465],[102.89908548845472,4.6971280551622465],[102.89908548845472,4.696538229890283],[102.89986280104056,4.696538229890283],[102.89986280104056,4.6971280551622465]],[[102.6371311470263,4.692999288453135],[102.63635383444046,4.692999288453135],[102.63635383444046,4.692409466578804],[102.6371311470263,4.692409466578804],[102.6371311470263,4.692999288453135]],[[102.48244594244395,4.6794335079708995],[102.4816686298581,4.6794335079708995],[102.4816686298581,4.678843697238802],[102.48244594244395,4.678843697238802],[102.48244594244395,4.6794335079708995]],[[102.66900096304578,4.674125228790017],[102.66822365045994,4.674125228790017],[102.66822365045994,4.673535422408989],[102.66900096304578,4.673535422408989],[102.66900096304578,4.674125228790017]],[[102.47622744175723,4.668227186713648],[102.47545012917138,4.668227186713648],[102.47545012917138,4.667637385161242],[102.47622744175723,4.667637385161242],[102.47622744175723,4.668227186713648]],[[102.84000973193079,4.6534822925171095],[102.83923241934495,4.6534822925171095],[102.83923241934495,4.652892503009115],[102.84000973193079,4.652892503009115],[102.84000973193079,4.6534822925171095]],[[102.86255179692019,4.652302713982091],[102.86177448433435,4.652302713982091],[102.86177448433435,4.651712925435977],[102.86255179692019,4.651712925435977],[102.86255179692019,4.652302713982091]],[[102.61381176945109,4.644635500370814],[102.61303445686524,4.644635500370814],[102.61303445686524,4.6440457180708545],[102.61381176945109,4.6440457180708545],[102.61381176945109,4.644635500370814]],[[102.78404322575025,4.6440457180708545],[102.78326591316441,4.6440457180708545],[102.78326591316441,4.643455936250935],[102.78404322575025,4.643455936250935],[102.78404322575025,4.6440457180708545]],[[102.61769833238029,4.639917255408766],[102.61692101979445,4.639917255408766],[102.61692101979445,4.6393274769473845],[102.61769833238029,4.6393274769473845],[102.61769833238029,4.639917255408766]],[[102.68221527700507,4.639917255408766],[102.68143796441923,4.639917255408766],[102.68143796441923,4.6393274769473845],[102.68221527700507,4.6393274769473845],[102.68221527700507,4.639917255408766]],[[102.809694541083,4.637558144440248],[102.80891722849717,4.637558144440248],[102.80891722849717,4.636968367896666],[102.809694541083,4.636968367896666],[102.809694541083,4.637558144440248]],[[102.21893697584387,4.636968367896666],[102.21815966325802,4.636968367896666],[102.21815966325802,4.63637859183238],[102.21893697584387,4.63637859183238],[102.21893697584387,4.636968367896666]],[[102.8687702976069,4.63637859183238],[102.86799298502106,4.63637859183238],[102.86799298502106,4.635788816247326],[102.8687702976069,4.635788816247326],[102.8687702976069,4.63637859183238]],[[102.86799298502106,4.633429718698199],[102.86721567243524,4.633429718698199],[102.86721567243524,4.63225017279742],[102.86799298502106,4.63225017279742],[102.86799298502106,4.633429718698199]],[[102.22826472687396,4.631660400565259],[102.22593278911643,4.631660400565259],[102.22593278911643,4.630480857537087],[102.22748741428812,4.630480857537087],[102.22748741428812,4.62989108674095],[102.22826472687396,4.62989108674095],[102.22826472687396,4.628711546584268],[102.22981935204564,4.628711546584268],[102.22981935204564,4.62989108674095],[102.23059666463148,4.62989108674095],[102.23059666463148,4.630480857537087],[102.22981935204564,4.630480857537087],[102.22981935204564,4.631070628811836],[102.22826472687396,4.631070628811836],[102.22826472687396,4.631660400565259]],[[102.22981935204564,4.628121777223596],[102.22748741428812,4.6269422399372875],[102.22748741428812,4.6251729375944715],[102.22671010170228,4.6251729375944715],[102.22671010170228,4.6269422399372875],[102.22593278911643,4.6269422399372875],[102.22593278911643,4.627532008341292],[102.22671010170228,4.627532008341292],[102.22671010170228,4.62989108674095],[102.22360085135892,4.62989108674095],[102.22360085135892,4.628711546584268],[102.22282353877308,4.628711546584268],[102.22282353877308,4.628121777223596],[102.22437816394475,4.627532008341292],[102.22437816394475,4.626352472011524],[102.22515547653059,4.626352472011524],[102.22515547653059,4.6251729375944715],[102.22593278911643,4.6251729375944715],[102.22593278911643,4.622813874496524],[102.2290420394598,4.624583171103058],[102.22826472687396,4.62576270456394],[102.23059666463148,4.62576270456394],[102.23059666463148,4.626352472011524],[102.23215128980317,4.626352472011524],[102.23215128980317,4.62576270456394],[102.23137397721733,4.62576270456394],[102.23215128980317,4.624583171103058],[102.22981935204564,4.624583171103058],[102.22981935204564,4.622813874496524],[102.23059666463148,4.622813874496524],[102.23137397721733,4.623993405089637],[102.23215128980317,4.623993405089637],[102.23215128980317,4.623403639554145],[102.23370591497485,4.623993405089637],[102.23370591497485,4.624583171103058],[102.23292860238901,4.624583171103058],[102.23292860238901,4.626352472011524],[102.23370591497485,4.626352472011524],[102.23370591497485,4.6269422399372875],[102.23137397721733,4.6269422399372875],[102.23137397721733,4.627532008341292],[102.23059666463148,4.627532008341292],[102.23059666463148,4.628711546584268],[102.22981935204564,4.628711546584268],[102.22981935204564,4.628121777223596]],[[102.22360085135892,4.626352472011524],[102.22360085135892,4.62576270456394],[102.22437816394475,4.62576270456394],[102.22437816394475,4.626352472011524],[102.22360085135892,4.626352472011524]],[[102.22515547653059,4.622813874496524],[102.22515547653059,4.624583171103058],[102.22437816394475,4.624583171103058],[102.22437816394475,4.621044582190247],[102.22515547653059,4.621044582190247],[102.22515547653059,4.619865056374267],[102.22671010170228,4.619275294182552],[102.22671010170228,4.617506010471766],[102.22826472687396,4.6169162501894165],[102.22826472687396,4.615146972205237],[102.23137397721733,4.615146972205237],[102.23137397721733,4.615736731056215],[102.23215128980317,4.615736731056215],[102.23215128980317,4.617506010471766],[102.22981935204564,4.617506010471766],[102.22981935204564,4.618095771231364],[102.23059666463148,4.618095771231364],[102.23059666463148,4.619275294182552],[102.23137397721733,4.619275294182552],[102.23137397721733,4.618095771231364],[102.23215128980317,4.618095771231364],[102.23137397721733,4.621044582190247],[102.23215128980317,4.621044582190247],[102.23292860238901,4.622224109916708],[102.2290420394598,4.622224109916708],[102.2290420394598,4.621044582190247],[102.22826472687396,4.621044582190247],[102.22826472687396,4.621634345814637],[102.22593278911643,4.621634345814637],[102.22593278911643,4.622813874496524],[102.22515547653059,4.622813874496524]],[[102.23526054014653,4.631070628811836],[102.23603785273238,4.631070628811836],[102.23603785273238,4.631660400565259],[102.23526054014653,4.631660400565259],[102.23526054014653,4.631070628811836]],[[102.23603785273238,4.630480857537087],[102.23681516531822,4.630480857537087],[102.23681516531822,4.631070628811836],[102.23603785273238,4.631070628811836],[102.23603785273238,4.630480857537087]],[[102.80036679005292,4.631660400565259],[102.79958947746707,4.631660400565259],[102.79958947746707,4.631070628811836],[102.80036679005292,4.631070628811836],[102.80036679005292,4.631660400565259]],[[102.22282353877308,4.631070628811836],[102.22282353877308,4.630480857537087],[102.22360085135892,4.630480857537087],[102.22360085135892,4.631070628811836],[102.22282353877308,4.631070628811836]],[[102.22204622618722,4.630480857537087],[102.22204622618722,4.62989108674095],[102.22282353877308,4.62989108674095],[102.22282353877308,4.630480857537087],[102.22204622618722,4.630480857537087]],[[102.23914710307574,4.630480857537087],[102.23836979048988,4.630480857537087],[102.23836979048988,4.62989108674095],[102.23914710307574,4.62989108674095],[102.23914710307574,4.630480857537087]],[[102.78948441385113,4.628711546584268],[102.78870710126529,4.628711546584268],[102.78870710126529,4.628121777223596],[102.78948441385113,4.628121777223596],[102.78948441385113,4.628711546584268]],[[102.22204622618722,4.628121777223596],[102.22126891360138,4.628121777223596],[102.22126891360138,4.6269422399372875],[102.22204622618722,4.6269422399372875],[102.22204622618722,4.628121777223596]],[[102.86410642209187,4.628121777223596],[102.86332910950603,4.628121777223596],[102.86332910950603,4.627532008341292],[102.86410642209187,4.627532008341292],[102.86410642209187,4.628121777223596]],[[102.57805539050239,4.6269422399372875],[102.57727807791655,4.6269422399372875],[102.57727807791655,4.626352472011524],[102.57805539050239,4.626352472011524],[102.57805539050239,4.6269422399372875]],[[102.60215208066346,4.62576270456394],[102.60137476807762,4.62576270456394],[102.60137476807762,4.6251729375944715],[102.60215208066346,4.6251729375944715],[102.60215208066346,4.62576270456394]],[[102.76461041110421,4.619865056374267],[102.76383309851838,4.619865056374267],[102.76383309851838,4.619275294182552],[102.76461041110421,4.619275294182552],[102.76461041110421,4.619865056374267]],[[102.17851672138013,4.619275294182552],[102.1777394087943,4.619275294182552],[102.1777394087943,4.618685532468272],[102.17851672138013,4.618685532468272],[102.17851672138013,4.619275294182552]],[[102.58660582894663,4.618685532468272],[102.58582851636079,4.618685532468272],[102.58582851636079,4.618095771231364],[102.58660582894663,4.618095771231364],[102.58660582894663,4.618685532468272]],[[102.87654342346532,4.618095771231364],[102.87576611087948,4.618095771231364],[102.87576611087948,4.617506010471766],[102.87654342346532,4.617506010471766],[102.87654342346532,4.618095771231364]],[[102.23215128980317,4.613967455934222],[102.23137397721733,4.613967455934222],[102.23137397721733,4.613377698514061],[102.23215128980317,4.613377698514061],[102.23215128980317,4.613967455934222]],[[102.23603785273238,4.613967455934222],[102.23370591497485,4.613967455934222],[102.23370591497485,4.612787941570712],[102.23603785273238,4.612787941570712],[102.23603785273238,4.613967455934222]],[[102.2290420394598,4.612198185104115],[102.23059666463148,4.612198185104115],[102.23059666463148,4.612787941570712],[102.2290420394598,4.613377698514061],[102.2290420394598,4.612198185104115]],[[102.24070172824742,4.6116084291142085],[102.24070172824742,4.613377698514061],[102.23992441566158,4.613377698514061],[102.23992441566158,4.612787941570712],[102.23914710307574,4.612787941570712],[102.23914710307574,4.6116084291142085],[102.24070172824742,4.6116084291142085]],[[102.23836979048988,4.6116084291142085],[102.23836979048988,4.611018673600931],[102.23914710307574,4.611018673600931],[102.23914710307574,4.6116084291142085],[102.23836979048988,4.6116084291142085]],[[102.0829072733217,4.612198185104115],[102.08212996073586,4.612198185104115],[102.08212996073586,4.6116084291142085],[102.0829072733217,4.6116084291142085],[102.0829072733217,4.612198185104115]],[[102.22981935204564,4.611018673600931],[102.2290420394598,4.611018673600931],[102.2290420394598,4.609839164004011],[102.22981935204564,4.609839164004011],[102.22981935204564,4.611018673600931]],[[102.23448322756067,4.610428918564219],[102.23370591497485,4.610428918564219],[102.23370591497485,4.609839164004011],[102.23526054014653,4.609839164004011],[102.23526054014653,4.611018673600931],[102.23448322756067,4.611018673600931],[102.23448322756067,4.610428918564219]],[[102.23681516531822,4.611018673600931],[102.23603785273238,4.611018673600931],[102.23603785273238,4.610428918564219],[102.23681516531822,4.610428918564219],[102.23681516531822,4.611018673600931]],[[102.24070172824742,4.611018673600931],[102.23992441566158,4.611018673600931],[102.23992441566158,4.610428918564219],[102.24070172824742,4.610428918564219],[102.24070172824742,4.611018673600931]],[[102.57105957722983,4.610428918564219],[102.57028226464398,4.610428918564219],[102.57028226464398,4.609839164004011],[102.57105957722983,4.609839164004011],[102.57105957722983,4.610428918564219]],[[102.73895909577146,4.610428918564219],[102.73818178318562,4.610428918564219],[102.73818178318562,4.609839164004011],[102.73895909577146,4.609839164004011],[102.73895909577146,4.610428918564219]],[[102.23603785273238,4.609249409920246],[102.23526054014653,4.609249409920246],[102.23526054014653,4.6086596563128595],[102.23603785273238,4.6086596563128595],[102.23603785273238,4.609249409920246]],[[102.73507253284227,4.609249409920246],[102.73429522025643,4.609249409920246],[102.73429522025643,4.6086596563128595],[102.73507253284227,4.6086596563128595],[102.73507253284227,4.609249409920246]],[[102.84156435710248,4.609249409920246],[102.84078704451663,4.609249409920246],[102.84078704451663,4.6086596563128595],[102.84156435710248,4.6086596563128595],[102.84156435710248,4.609249409920246]],[[102.23836979048988,4.608069903181792],[102.23914710307574,4.608069903181792],[102.23914710307574,4.6086596563128595],[102.23759247790404,4.6086596563128595],[102.23759247790404,4.6063006466458765],[102.23681516531822,4.6063006466458765],[102.23681516531822,4.605121144669054],[102.23836979048988,4.605710895419462],[102.23836979048988,4.608069903181792]],[[102.72574478181217,4.608069903181792],[102.72496746922633,4.608069903181792],[102.72496746922633,4.606890398348362],[102.72574478181217,4.606890398348362],[102.72574478181217,4.608069903181792]],[[102.23292860238901,4.607480150526982],[102.23215128980317,4.607480150526982],[102.23215128980317,4.606890398348362],[102.23292860238901,4.606890398348362],[102.23292860238901,4.607480150526982]],[[102.73662715801395,4.607480150526982],[102.73507253284227,4.607480150526982],[102.73507253284227,4.606890398348362],[102.73662715801395,4.606890398348362],[102.73662715801395,4.607480150526982]],[[102.25236141703503,4.606890398348362],[102.2515841044492,4.606890398348362],[102.2515841044492,4.6063006466458765],[102.25236141703503,4.6063006466458765],[102.25236141703503,4.606890398348362]],[[102.73274059508473,4.606890398348362],[102.7319632824989,4.606890398348362],[102.7319632824989,4.605710895419462],[102.73274059508473,4.605710895419462],[102.73274059508473,4.606890398348362]],[[102.23370591497485,4.605710895419462],[102.23292860238901,4.605710895419462],[102.23292860238901,4.604531394394593],[102.23370591497485,4.604531394394593],[102.23370591497485,4.605710895419462]],[[102.71641703078208,4.605710895419462],[102.71563971819623,4.605710895419462],[102.71563971819623,4.605121144669054],[102.71641703078208,4.605121144669054],[102.71641703078208,4.605710895419462]],[[102.73274059508473,4.605121144669054],[102.7319632824989,4.605121144669054],[102.7319632824989,4.604531394394593],[102.73274059508473,4.604531394394593],[102.73274059508473,4.605121144669054]],[[102.8345685438299,4.604531394394593],[102.83534585641576,4.604531394394593],[102.83534585641576,4.605121144669054],[102.8345685438299,4.605121144669054],[102.8345685438299,4.604531394394593]],[[102.83534585641576,4.603941644596015],[102.83612316900158,4.603941644596015],[102.83612316900158,4.604531394394593],[102.83534585641576,4.604531394394593],[102.83534585641576,4.603941644596015]],[[102.23836979048988,4.60335189527326],[102.23914710307574,4.60335189527326],[102.23914710307574,4.602172398054967],[102.24070172824742,4.602172398054967],[102.24070172824742,4.602762146426264],[102.24147904083325,4.602762146426264],[102.24147904083325,4.60335189527326],[102.23992441566158,4.60335189527326],[102.23914710307574,4.604531394394593],[102.23836979048988,4.604531394394593],[102.23836979048988,4.60335189527326]],[[102.24147904083325,4.602172398054967],[102.24303366600493,4.602172398054967],[102.24303366600493,4.60335189527326],[102.2422563534191,4.60335189527326],[102.24147904083325,4.602172398054967]],[[102.25313872962087,4.603941644596015],[102.25236141703503,4.603941644596015],[102.25236141703503,4.60335189527326],[102.25313872962087,4.60335189527326],[102.25313872962087,4.603941644596015]],[[102.7280767195697,4.603941644596015],[102.72729940698386,4.603941644596015],[102.72729940698386,4.602762146426264],[102.7280767195697,4.602762146426264],[102.7280767195697,4.603941644596015]],[[102.73274059508473,4.603941644596015],[102.7319632824989,4.603941644596015],[102.7319632824989,4.60335189527326],[102.73274059508473,4.60335189527326],[102.73274059508473,4.603941644596015]],[[102.23448322756067,4.602762146426264],[102.23370591497485,4.602762146426264],[102.23370591497485,4.602172398054967],[102.23448322756067,4.602172398054967],[102.23448322756067,4.602762146426264]],[[102.23759247790404,4.6015826501593065],[102.23836979048988,4.6015826501593065],[102.23836979048988,4.602762146426264],[102.23759247790404,4.602762146426264],[102.23759247790404,4.6015826501593065]],[[102.23836979048988,4.600992902739218],[102.23914710307574,4.600992902739218],[102.23992441566158,4.599813409325518],[102.23836979048988,4.599813409325518],[102.23836979048988,4.600403155794643],[102.23759247790404,4.600403155794643],[102.23759247790404,4.599813409325518],[102.23603785273238,4.599813409325518],[102.23603785273238,4.599223663331782],[102.23992441566158,4.599223663331782],[102.23992441566158,4.598633917813369],[102.24070172824742,4.598633917813369],[102.24070172824742,4.599223663331782],[102.2422563534191,4.599223663331782],[102.2422563534191,4.599813409325518],[102.24147904083325,4.599813409325518],[102.24147904083325,4.600403155794643],[102.2422563534191,4.600403155794643],[102.2422563534191,4.6015826501593065],[102.24147904083325,4.6015826501593065],[102.24147904083325,4.600992902739218],[102.23836979048988,4.6015826501593065],[102.23836979048988,4.600992902739218]],[[102.71952628112544,4.602762146426264],[102.7187489685396,4.602762146426264],[102.7187489685396,4.602172398054967],[102.71952628112544,4.602172398054967],[102.71952628112544,4.602762146426264]],[[102.24536560376247,4.600992902739218],[102.24536560376247,4.600403155794643],[102.2461429163483,4.600403155794643],[102.2461429163483,4.600992902739218],[102.24536560376247,4.600992902739218]],[[102.24458829117663,4.600403155794643],[102.24458829117663,4.599813409325518],[102.24381097859077,4.599813409325518],[102.24381097859077,4.598633917813369],[102.24458829117663,4.598633917813369],[102.24458829117663,4.597454428202276],[102.2461429163483,4.5968646841094705],[102.24769754151998,4.598633917813369],[102.24536560376247,4.598633917813369],[102.24536560376247,4.600403155794643],[102.24458829117663,4.600403155794643]],[[102.21738235067218,4.600403155794643],[102.21660503808634,4.600403155794643],[102.21660503808634,4.599813409325518],[102.21738235067218,4.599813409325518],[102.21738235067218,4.600403155794643]],[[102.77471547472017,4.600403155794643],[102.7739381621343,4.600403155794643],[102.7739381621343,4.599813409325518],[102.77471547472017,4.599813409325518],[102.77471547472017,4.600403155794643]],[[102.21815966325802,4.599223663331782],[102.21738235067218,4.599223663331782],[102.21738235067218,4.598633917813369],[102.21815966325802,4.598633917813369],[102.21815966325802,4.599223663331782]],[[102.24925216669168,4.599223663331782],[102.24847485410582,4.599223663331782],[102.24847485410582,4.598633917813369],[102.24925216669168,4.598633917813369],[102.24925216669168,4.599223663331782]],[[102.24381097859077,4.598044172770222],[102.2422563534191,4.598044172770222],[102.2422563534191,4.598633917813369],[102.24147904083325,4.598633917813369],[102.24147904083325,4.5968646841094705],[102.2422563534191,4.5968646841094705],[102.24147904083325,4.595685197349033],[102.24381097859077,4.595685197349033],[102.24381097859077,4.598044172770222]],[[102.25469335479255,4.598633917813369],[102.25391604220671,4.598633917813369],[102.25391604220671,4.598044172770222],[102.25469335479255,4.598044172770222],[102.25469335479255,4.598633917813369]],[[102.56328645137141,4.598633917813369],[102.56250913878557,4.598633917813369],[102.56250913878557,4.598044172770222],[102.56328645137141,4.598044172770222],[102.56328645137141,4.598633917813369]],[[102.25080679186334,4.598044172770222],[102.2500294792775,4.598044172770222],[102.2500294792775,4.597454428202276],[102.25080679186334,4.597454428202276],[102.25080679186334,4.598044172770222]],[[102.24925216669168,4.5968646841094705],[102.24847485410582,4.5968646841094705],[102.24847485410582,4.596274940491744],[102.24925216669168,4.596274940491744],[102.24925216669168,4.5968646841094705]],[[102.2515841044492,4.596274940491744],[102.25080679186334,4.596274940491744],[102.25080679186334,4.595685197349033],[102.2515841044492,4.595685197349033],[102.2515841044492,4.596274940491744]],[[102.70786659233782,4.595685197349033],[102.70708927975198,4.595685197349033],[102.70708927975198,4.594505712488409],[102.70786659233782,4.594505712488409],[102.70786659233782,4.595685197349033]],[[102.23759247790404,4.5921467484646294],[102.23836979048988,4.5921467484646294],[102.23836979048988,4.590967269300478],[102.23992441566158,4.590377530430121],[102.23992441566158,4.589198054112534],[102.24147904083325,4.589198054112534],[102.24147904083325,4.58978779203416],[102.24070172824742,4.58978779203416],[102.24070172824742,4.590967269300478],[102.23914710307574,4.591557008645294],[102.23992441566158,4.592736488758546],[102.23914710307574,4.592736488758546],[102.23914710307574,4.593326229527107],[102.23759247790404,4.593915970770375],[102.23759247790404,4.5950954546812754],[102.23681516531822,4.5950954546812754],[102.23603785273238,4.593915970770375],[102.23681516531822,4.593915970770375],[102.23681516531822,4.592736488758546],[102.23759247790404,4.592736488758546],[102.23759247790404,4.5921467484646294]],[[102.86255179692019,4.594505712488409],[102.86177448433435,4.594505712488409],[102.86177448433435,4.593915970770375],[102.86255179692019,4.593915970770375],[102.86255179692019,4.594505712488409]],[[102.70942121750952,4.593326229527107],[102.71019853009535,4.593326229527107],[102.71019853009535,4.593915970770375],[102.70942121750952,4.593915970770375],[102.70942121750952,4.593326229527107]],[[102.71019853009535,4.592736488758546],[102.7109758426812,4.592736488758546],[102.7109758426812,4.593326229527107],[102.71019853009535,4.593326229527107],[102.71019853009535,4.592736488758546]],[[102.21194116257129,4.592736488758546],[102.21194116257129,4.5921467484646294],[102.21349578774297,4.5921467484646294],[102.21349578774297,4.592736488758546],[102.21194116257129,4.592736488758546]],[[102.21116384998547,4.5921467484646294],[102.21116384998547,4.591557008645294],[102.21194116257129,4.591557008645294],[102.21194116257129,4.5921467484646294],[102.21116384998547,4.5921467484646294]],[[102.70708927975198,4.592736488758546],[102.70631196716614,4.592736488758546],[102.70631196716614,4.5921467484646294],[102.70708927975198,4.5921467484646294],[102.70708927975198,4.592736488758546]],[[102.24070172824742,4.588608316665179],[102.23992441566158,4.588608316665179],[102.23992441566158,4.588018579692033],[102.24070172824742,4.588018579692033],[102.24070172824742,4.588608316665179]],[[102.84156435710248,4.585659636540314],[102.84078704451663,4.585659636540314],[102.84078704451663,4.58506990193729],[102.84156435710248,4.58506990193729],[102.84156435710248,4.585659636540314]],[[102.71019853009535,4.578582852563703],[102.70942121750952,4.578582852563703],[102.70942121750952,4.577993123642646],[102.71019853009535,4.577993123642646],[102.71019853009535,4.578582852563703]],[[102.24536560376247,4.566198644488855],[102.24692022893413,4.566198644488855],[102.24536560376247,4.567967804317512],[102.24303366600493,4.567967804317512],[102.24303366600493,4.5673780839026685],[102.2422563534191,4.5673780839026685],[102.2422563534191,4.566198644488855],[102.24381097859077,4.566198644488855],[102.24381097859077,4.564429488906891],[102.24536560376247,4.564429488906891],[102.24536560376247,4.563839771322991],[102.2461429163483,4.563839771322991],[102.2461429163483,4.564429488906891],[102.24769754151998,4.564429488906891],[102.24769754151998,4.565608925489762],[102.2461429163483,4.565019206962462],[102.24536560376247,4.566198644488855]],[[102.24769754151998,4.563839771322991],[102.24847485410582,4.563839771322991],[102.24847485410582,4.564429488906891],[102.24769754151998,4.564429488906891],[102.24769754151998,4.563839771322991]],[[102.24692022893413,4.563839771322991],[102.2461429163483,4.562660337569946],[102.24692022893413,4.562660337569946],[102.24692022893413,4.560891190476348],[102.24847485410582,4.560301475721158],[102.24847485410582,4.561480905702834],[102.24769754151998,4.561480905702834],[102.24847485410582,4.562660337569946],[102.24769754151998,4.562660337569946],[102.24769754151998,4.563839771322991],[102.24692022893413,4.563839771322991]],[[102.24536560376247,4.562660337569946],[102.24536560376247,4.563250054210696],[102.24458829117663,4.563250054210696],[102.24458829117663,4.562070621400679],[102.24381097859077,4.562070621400679],[102.24303366600493,4.559711761437203],[102.24381097859077,4.559711761437203],[102.24381097859077,4.560301475721158],[102.24536560376247,4.560301475721158],[102.24536560376247,4.560891190476348],[102.24458829117663,4.560891190476348],[102.24458829117663,4.561480905702834],[102.2461429163483,4.562070621400679],[102.2461429163483,4.562660337569946],[102.24536560376247,4.562660337569946]],[[102.24536560376247,4.559711761437203],[102.2461429163483,4.559711761437203],[102.2461429163483,4.560301475721158],[102.24536560376247,4.560301475721158],[102.24536560376247,4.559711761437203]],[[102.83534585641576,4.567967804317512],[102.8345685438299,4.567967804317512],[102.8345685438299,4.5673780839026685],[102.83534585641576,4.5673780839026685],[102.83534585641576,4.567967804317512]],[[102.71253046785287,4.566788363959804],[102.71175315526703,4.566788363959804],[102.71175315526703,4.566198644488855],[102.71253046785287,4.566198644488855],[102.71253046785287,4.566788363959804]],[[102.84234166968831,4.566198644488855],[102.84156435710248,4.566198644488855],[102.84156435710248,4.565608925489762],[102.84234166968831,4.565608925489762],[102.84234166968831,4.566198644488855]],[[102.8229088550423,4.564429488906891],[102.82213154245646,4.564429488906891],[102.82213154245646,4.563839771322991],[102.8229088550423,4.563839771322991],[102.8229088550423,4.564429488906891]],[[102.01916764128275,4.562070621400679],[102.0183903286969,4.562070621400679],[102.0183903286969,4.561480905702834],[102.01916764128275,4.561480905702834],[102.01916764128275,4.562070621400679]],[[102.70864390492369,4.560301475721158],[102.70786659233782,4.560301475721158],[102.70786659233782,4.559711761437203],[102.70864390492369,4.559711761437203],[102.70864390492369,4.560301475721158]],[[102.2461429163483,4.557942621412129],[102.24536560376247,4.557942621412129],[102.24536560376247,4.5573529090124945],[102.2461429163483,4.5573529090124945],[102.2461429163483,4.557942621412129]],[[102.24458829117663,4.5573529090124945],[102.24381097859077,4.5573529090124945],[102.24381097859077,4.556763197083785],[102.24458829117663,4.556763197083785],[102.24458829117663,4.5573529090124945]],[[102.24381097859077,4.555583774638893],[102.24458829117663,4.555583774638893],[102.24458829117663,4.556173485625938],[102.24381097859077,4.556173485625938],[102.24381097859077,4.555583774638893]],[[102.24458829117663,4.554994064122589],[102.24536560376247,4.554994064122589],[102.24536560376247,4.555583774638893],[102.24458829117663,4.555583774638893],[102.24458829117663,4.554994064122589]],[[102.24536560376247,4.554404354076959],[102.24458829117663,4.554404354076959],[102.24458829117663,4.553814644501946],[102.2461429163483,4.553814644501946],[102.2461429163483,4.554994064122589],[102.24536560376247,4.554994064122589],[102.24536560376247,4.554404354076959]],[[102.2461429163483,4.555583774638893],[102.2461429163483,4.556173485625938],[102.24536560376247,4.556173485625938],[102.24536560376247,4.555583774638893],[102.2461429163483,4.555583774638893]],[[102.24692022893413,4.549096984836558],[102.24692022893413,4.548507279494294],[102.24769754151998,4.548507279494294],[102.24769754151998,4.549096984836558],[102.24692022893413,4.549096984836558]],[[102.2461429163483,4.548507279494294],[102.2461429163483,4.547327870219692],[102.24692022893413,4.547327870219692],[102.24692022893413,4.548507279494294],[102.2461429163483,4.548507279494294]],[[102.66200514977321,4.549096984836558],[102.66122783718737,4.549096984836558],[102.66122783718737,4.548507279494294],[102.66200514977321,4.548507279494294],[102.66200514977321,4.549096984836558]],[[102.70864390492369,4.548507279494294],[102.70786659233782,4.548507279494294],[102.70786659233782,4.5479175746220255],[102.70864390492369,4.5479175746220255],[102.70864390492369,4.548507279494294]],[[102.65112277357144,4.547327870219692],[102.6503454609856,4.547327870219692],[102.6503454609856,4.54673816628723],[102.65112277357144,4.54673816628723],[102.65112277357144,4.547327870219692]],[[102.23759247790404,4.542610251911198],[102.23681516531822,4.542610251911198],[102.23681516531822,4.542020551735479],[102.23759247790404,4.542020551735479],[102.23759247790404,4.542610251911198]],[[102.66433708753074,4.542610251911198],[102.6635597749449,4.542610251911198],[102.6635597749449,4.542020551735479],[102.66433708753074,4.542020551735479],[102.66433708753074,4.542610251911198]],[[102.70942121750952,4.542610251911198],[102.70864390492369,4.542610251911198],[102.70864390492369,4.542020551735479],[102.70942121750952,4.542020551735479],[102.70942121750952,4.542610251911198]],[[102.23836979048988,4.541430852029075],[102.23759247790404,4.541430852029075],[102.23759247790404,4.540841152791923],[102.23836979048988,4.540841152791923],[102.23836979048988,4.541430852029075]],[[102.71019853009535,4.541430852029075],[102.70942121750952,4.541430852029075],[102.70942121750952,4.540841152791923],[102.71019853009535,4.540841152791923],[102.71019853009535,4.541430852029075]],[[102.7109758426812,4.54025145402396],[102.71019853009535,4.54025145402396],[102.71019853009535,4.539661755725125],[102.7109758426812,4.539661755725125],[102.7109758426812,4.54025145402396]],[[102.71253046785287,4.538482360534595],[102.71175315526703,4.538482360534595],[102.71175315526703,4.537892663642774],[102.71253046785287,4.537892663642774],[102.71253046785287,4.538482360534595]],[[102.71563971819623,4.536713271265713],[102.7148624056104,4.536713271265713],[102.7148624056104,4.536123575780347],[102.71563971819623,4.536123575780347],[102.71563971819623,4.536713271265713]],[[102.71641703078208,4.535533880763675],[102.71797165595378,4.535533880763675],[102.71797165595378,4.536123575780347],[102.71641703078208,4.536123575780347],[102.71641703078208,4.535533880763675]],[[102.71797165595378,4.534944186215639],[102.71952628112544,4.534944186215639],[102.71952628112544,4.535533880763675],[102.71797165595378,4.535533880763675],[102.71797165595378,4.534944186215639]],[[102.72108090629713,4.534944186215639],[102.72030359371128,4.534944186215639],[102.72030359371128,4.534354492136171],[102.72108090629713,4.534354492136171],[102.72108090629713,4.534944186215639]],[[102.2461429163483,4.533175105382701],[102.24536560376247,4.533175105382701],[102.24536560376247,4.532585412708573],[102.2461429163483,4.532585412708573],[102.2461429163483,4.533175105382701]],[[102.24925216669168,4.52845757709926],[102.24847485410582,4.52845757709926],[102.24847485410582,4.527867888169982],[102.24925216669168,4.527867888169982],[102.24925216669168,4.52845757709926]],[[102.71563971819623,4.517253567381428],[102.7148624056104,4.517253567381428],[102.7148624056104,4.516663887330277],[102.71563971819623,4.516663887330277],[102.71563971819623,4.517253567381428]],[[101.99351632594998,4.490128767071594],[101.99273901336414,4.490128767071594],[101.99273901336414,4.488359792514958],[101.99351632594998,4.488359792514958],[101.99351632594998,4.490128767071594]],[[101.99273901336414,4.487180478462359],[101.99351632594998,4.487180478462359],[101.99351632594998,4.48777013525685],[101.99273901336414,4.48777013525685],[101.99273901336414,4.487180478462359]],[[101.9919617007783,4.487180478462359],[101.9919617007783,4.486001166263977],[101.99273901336414,4.486001166263977],[101.99273901336414,4.487180478462359],[101.9919617007783,4.487180478462359]],[[101.99351632594998,4.484821855919316],[101.99429363853584,4.484821855919316],[101.99429363853584,4.487180478462359],[101.99351632594998,4.487180478462359],[101.99351632594998,4.484821855919316]],[[101.99429363853584,4.484232201441978],[101.99351632594998,4.484232201441978],[101.99351632594998,4.483642547427883],[101.99429363853584,4.483642547427883],[101.99429363853584,4.484232201441978]],[[101.99507095112168,4.483052893876971],[101.99429363853584,4.483052893876971],[101.99429363853584,4.481873588164448],[101.99351632594998,4.481873588164448],[101.99351632594998,4.481283936002711],[101.99429363853584,4.481283936002711],[101.99507095112168,4.475387439836574],[101.99584826370752,4.475387439836574],[101.99584826370752,4.476566735369293],[101.99662557629334,4.476566735369293],[101.99662557629334,4.4801046330679855],[101.99507095112168,4.480694284303913],[101.99507095112168,4.483052893876971]],[[101.99584826370752,4.4736185000047115],[101.99507095112168,4.4736185000047115],[101.99507095112168,4.473028854318434],[101.99584826370752,4.473028854318434],[101.99584826370752,4.470670276193386],[101.99662557629334,4.470670276193386],[101.99662557629334,4.475387439836574],[101.99584826370752,4.475387439836574],[101.99584826370752,4.4736185000047115]],[[101.9974028888792,4.470080632816831],[101.99662557629334,4.470080632816831],[101.99662557629334,4.4694909899020345],[101.9974028888792,4.4694909899020345],[101.9974028888792,4.470080632816831]],[[102.00284407698008,4.470080632816831],[102.00206676439424,4.470080632816831],[102.00206676439424,4.4694909899020345],[102.00284407698008,4.4694909899020345],[102.00284407698008,4.470080632816831]],[[102.00051213922255,4.4671324228592],[101.99973482663671,4.4671324228592],[101.99973482663671,4.46654278225227],[102.00051213922255,4.46654278225227],[102.00051213922255,4.4671324228592]],[[102.012949140596,4.465953142106728],[102.01450376576769,4.465953142106728],[102.01450376576769,4.464773863199556],[102.01528107835354,4.464773863199556],[102.01528107835354,4.46654278225227],[102.012949140596,4.46654278225227],[102.012949140596,4.465953142106728]],[[102.0261634545553,4.464773863199556],[102.02538614196946,4.464773863199556],[102.02538614196946,4.463594586137192],[102.0261634545553,4.463594586137192],[102.0261634545553,4.464773863199556]],[[102.03626851817125,4.464773863199556],[102.03393658041372,4.464773863199556],[102.03393658041372,4.463594586137192],[102.03471389299955,4.463594586137192],[102.03471389299955,4.464184224437805],[102.03626851817125,4.463594586137192],[102.03626851817125,4.464773863199556]],[[102.01683570352522,4.464184224437805],[102.01605839093938,4.464184224437805],[102.01605839093938,4.463594586137192],[102.01683570352522,4.463594586137192],[102.01683570352522,4.464184224437805]],[[102.02849539231283,4.460646401549064],[102.027718079727,4.460646401549064],[102.027718079727,4.4600567660139925],[102.02849539231283,4.4600567660139925],[102.02849539231283,4.460646401549064]],[[102.2290420394598,4.440009431536885],[102.22826472687396,4.440009431536885],[102.22826472687396,4.439419812089719],[102.2290420394598,4.439419812089719],[102.2290420394598,4.440009431536885]],[[102.3829499314563,4.431754800981243],[102.38217261887047,4.431754800981243],[102.38217261887047,4.4311651879480145],[102.3829499314563,4.4311651879480145],[102.3829499314563,4.431754800981243]],[[102.39616424541559,4.413477009491654],[102.39538693282977,4.413477009491654],[102.39538693282977,4.412887410617562],[102.39616424541559,4.412887410617562],[102.39616424541559,4.413477009491654]]],[[[102.23137397721733,4.6169162501894165],[102.23137397721733,4.615736731056215],[102.2290420394598,4.615736731056215],[102.2290420394598,4.616326490384254],[102.23059666463148,4.616326490384254],[102.23059666463148,4.6169162501894165],[102.23137397721733,4.6169162501894165]]],[[[102.22671010170228,4.619275294182552],[102.22671010170228,4.619865056374267],[102.22748741428812,4.619865056374267],[102.22748741428812,4.619275294182552],[102.22671010170228,4.619275294182552]]],[[[102.22981935204564,4.619275294182552],[102.22981935204564,4.621634345814637],[102.23059666463148,4.621634345814637],[102.23059666463148,4.619275294182552],[102.22981935204564,4.619275294182552]]],[[[102.22671010170228,4.620454819043479],[102.22671010170228,4.621044582190247],[102.22748741428812,4.621044582190247],[102.22748741428812,4.620454819043479],[102.22671010170228,4.620454819043479]]],[[[102.23292860238901,4.623993405089637],[102.23215128980317,4.623993405089637],[102.23215128980317,4.624583171103058],[102.23292860238901,4.624583171103058],[102.23292860238901,4.623993405089637]]],[[[102.04637358178718,4.786197279883349],[102.04637358178718,4.786787179682874],[102.047150894373,4.786787179682874],[102.047150894373,4.786197279883349],[102.04637358178718,4.786197279883349]]],[[[102.57883270308822,4.938408016973065],[102.57883270308822,4.937817987895942],[102.57961001567408,4.937817987895942],[102.57961001567408,4.937227959329812],[102.57805539050239,4.937227959329812],[102.57805539050239,4.938408016973065],[102.57883270308822,4.938408016973065]]],[[[102.56406376395725,4.937817987895942],[102.56406376395725,4.938408016973065],[102.56484107654309,4.938408016973065],[102.56484107654309,4.937817987895942],[102.56406376395725,4.937817987895942]]],[[[102.57494614015903,4.946668477741707],[102.57416882757317,4.947848551752618],[102.5765007653307,4.947848551752618],[102.57727807791655,4.944898370564624],[102.57572345274488,4.944898370564624],[102.57572345274488,4.946668477741707],[102.57494614015903,4.946668477741707]]],[[[102.69853884130774,4.489539108422267],[102.69864192489149,4.489539108422267],[102.69853884130774,4.489460007276376],[102.69853884130774,4.489539108422267]]],[[[102.70009346647943,4.4913080857619025],[102.7004110717151,4.4913080857619025],[102.70009346647943,4.490904875963857],[102.70009346647943,4.4913080857619025]]],[[[102.70864390492369,4.505460054951393],[102.70906117571154,4.505460054951393],[102.70864390492369,4.505099750546212],[102.70864390492369,4.505460054951393]]],[[[102.70942121750952,4.506049726146776],[102.70984977281586,4.506049726146776],[102.70942121750952,4.505729275102842],[102.70942121750952,4.506049726146776]]],[[[102.71019853009535,4.506639397807693],[102.71063836992016,4.506639397807693],[102.71019853009535,4.506310508538512],[102.71019853009535,4.506639397807693]]],[[[102.68532452734844,4.511356787861758],[102.68532452734844,4.511211385838624],[102.68495489241093,4.511356787861758],[102.68532452734844,4.511356787861758]]],[[[102.68221527700507,4.52079165749146],[102.68221527700507,4.519921734244883],[102.68199661896156,4.52079165749146],[102.68221527700507,4.52079165749146]]],[[[102.67910602666173,4.52845757709926],[102.67910602666173,4.5278811683489595],[102.67877970293681,4.52845757709926],[102.67910602666173,4.52845757709926]]],[[[102.66977827563161,4.5308163374958825],[102.66977827563161,4.530665015321367],[102.66965525387307,4.5308163374958825],[102.66977827563161,4.5308163374958825]]],[[[102.67755140149004,4.530513122927782],[102.67738925773132,4.5308163374958825],[102.67755140149004,4.5308163374958825],[102.67755140149004,4.530513122927782]]],[[[102.71019853009535,4.8510892391640175],[102.71019853009535,4.851679193793423],[102.7109758426812,4.851679193793423],[102.7109758426812,4.8510892391640175],[102.71019853009535,4.8510892391640175]]],[[[102.71019853009535,4.852269148924732],[102.71019853009535,4.853449060693316],[102.7109758426812,4.853449060693316],[102.7109758426812,4.852269148924732],[102.71019853009535,4.852269148924732]]],[[[102.71175315526703,4.854628974470263],[102.7109758426812,4.854628974470263],[102.7109758426812,4.855218932112031],[102.71175315526703,4.855218932112031],[102.71175315526703,4.854628974470263]]],[[[102.7109758426812,4.867018190508436],[102.7109758426812,4.8676081587111],[102.71175315526703,4.8676081587111],[102.71175315526703,4.867018190508436],[102.7109758426812,4.867018190508436]]],[[[102.71408509302456,4.871737950233596],[102.71408509302456,4.872327922466676],[102.7148624056104,4.872327922466676],[102.7148624056104,4.871737950233596],[102.71408509302456,4.871737950233596]]],[[[102.71408509302456,4.877047718483497],[102.71388245092103,4.877047718483497],[102.71408509302456,4.8773229365946875],[102.71408509302456,4.877047718483497]]],[[[102.58893776670416,4.922477411066562],[102.58921359999998,4.9224197946438775],[102.58893776670416,4.921237877119525],[102.58893776670416,4.922477411066562]]],[[[102.57961001567408,4.9260175135788495],[102.57961001567408,4.92660753244798],[102.58038732825992,4.92660753244798],[102.58038732825992,4.9260175135788495],[102.57961001567408,4.9260175135788495]]],[[[102.71408509302456,4.511356787861758],[102.71420602044815,4.511356787861758],[102.71408509302456,4.511290269518276],[102.71408509302456,4.511356787861758]]],[[[102.72185821888297,4.529047266496426],[102.72185821888297,4.5291744154605045],[102.72196664293473,4.529047266496426],[102.72185821888297,4.529047266496426]]],[[[102.72030359371128,4.5319957205027706],[102.72074991157396,4.5319957205027706],[102.72030359371128,4.531554261991283],[102.72030359371128,4.5319957205027706]]],[[[102.75139609714492,4.783837685634656],[102.75139609714492,4.7844275834545416],[102.75217340973076,4.7844275834545416],[102.75217340973076,4.783837685634656],[102.75139609714492,4.783837685634656]]],[[[102.76227847334671,4.841060087195263],[102.760723848175,4.841060087195263],[102.760723848175,4.840470141589504],[102.75916922300334,4.840470141589504],[102.75916922300334,4.841650033301806],[102.75994653558917,4.841650033301806],[102.75994653558917,4.842239979909197],[102.760723848175,4.842239979909197],[102.760723848175,4.841650033301806],[102.76227847334671,4.842239979909197],[102.76227847334671,4.841060087195263]]],[[[102.72652209439802,4.8499093314106725],[102.72652209439802,4.8510892391640175],[102.72729940698386,4.8510892391640175],[102.72729940698386,4.8499093314106725],[102.72652209439802,4.8499093314106725]]],[[[102.73429522025643,4.8510892391640175],[102.73429522025643,4.8499093314106725],[102.73351790767059,4.8499093314106725],[102.73274059508473,4.8510892391640175],[102.73429522025643,4.8510892391640175]]],[[[102.73818178318562,4.8510892391640175],[102.73662715801395,4.852859104558009],[102.7374044705998,4.852859104558009],[102.7374044705998,4.854039017330712],[102.73895909577146,4.854628974470263],[102.73895909577146,4.854039017330712],[102.73973640835732,4.854039017330712],[102.74051372094316,4.8510892391640175],[102.73818178318562,4.8510892391640175]]],[[[102.73429522025643,4.852859104558009],[102.73429522025643,4.851679193793423],[102.73274059508473,4.851679193793423],[102.73274059508473,4.852269148924732],[102.7319632824989,4.852269148924732],[102.73118596991307,4.855808890256074],[102.73274059508473,4.855218932112031],[102.73274059508473,4.853449060693316],[102.73429522025643,4.852859104558009]]],[[[102.73662715801395,4.854039017330712],[102.73662715801395,4.855218932112031],[102.7374044705998,4.855218932112031],[102.7374044705998,4.854039017330712],[102.73662715801395,4.854039017330712]]],[[[102.73895909577146,4.855218932112031],[102.73895909577146,4.855808890256074],[102.73973640835732,4.855808890256074],[102.73973640835732,4.855218932112031],[102.73895909577146,4.855218932112031]]],[[[102.72729940698386,4.858168727856273],[102.72885403215554,4.8575787677024955],[102.72885403215554,4.858168727856273],[102.73040865732722,4.858758688512639],[102.73040865732722,4.856988808051245],[102.72963134474138,4.856988808051245],[102.72963134474138,4.856398848902457],[102.72729940698386,4.856398848902457],[102.72729940698386,4.858168727856273]]],[[[102.72185821888297,4.8617084993354815],[102.72185821888297,4.8628884271849175],[102.72263553146881,4.8628884271849175],[102.72263553146881,4.858758688512639],[102.72185821888297,4.858758688512639],[102.72185821888297,4.859938611333387],[102.72108090629713,4.859938611333387],[102.72108090629713,4.8617084993354815],[102.72185821888297,4.8617084993354815]]],[[[102.74362297128653,4.859938611333387],[102.74362297128653,4.860528573497894],[102.74284565870067,4.860528573497894],[102.74284565870067,4.8622984630086865],[102.74440028387235,4.8628884271849175],[102.74517759645819,4.860528573497894],[102.74362297128653,4.859938611333387]]],[[[102.72574478181217,4.861118536165238],[102.72574478181217,4.859348649671657],[102.72496746922633,4.859348649671657],[102.72496746922633,4.860528573497894],[102.72419015664049,4.860528573497894],[102.72419015664049,4.8617084993354815],[102.72496746922633,4.8617084993354815],[102.72496746922633,4.8622984630086865],[102.72419015664049,4.8622984630086865],[102.72419015664049,4.863478391864234],[102.72496746922633,4.863478391864234],[102.72496746922633,4.8640683570467],[102.72574478181217,4.8640683570467],[102.72574478181217,4.863478391864234],[102.72652209439802,4.863478391864234],[102.72652209439802,4.8622984630086865],[102.72729940698386,4.8622984630086865],[102.72729940698386,4.861118536165238],[102.72574478181217,4.861118536165238]]],[[[102.73429522025643,4.872327922466676],[102.73429522025643,4.871147978504534],[102.73351790767059,4.871147978504534],[102.73351790767059,4.872327922466676],[102.73274059508473,4.872327922466676],[102.73274059508473,4.873507868445145],[102.73351790767059,4.873507868445145],[102.73351790767059,4.874097842190658],[102.73274059508473,4.874097842190658],[102.73274059508473,4.876457742216018],[102.73507253284227,4.876457742216018],[102.73507253284227,4.875867766453057],[102.7358498454281,4.875867766453057],[102.7358498454281,4.874687816440439],[102.73507253284227,4.874687816440439],[102.73507253284227,4.872327922466676],[102.73429522025643,4.872327922466676]]],[[[102.7379189367016,4.877047718483497],[102.73818178318562,4.877205284411946],[102.73818178318562,4.877047718483497],[102.7379189367016,4.877047718483497]]],[[[102.7358498454281,4.877047718483497],[102.7358498454281,4.877321878580936],[102.73672088339566,4.877047718483497],[102.7358498454281,4.877047718483497]]],[[[102.73429522025643,4.877637695255555],[102.73429522025643,4.8777601300203415],[102.73474052203647,4.877637695255555],[102.73429522025643,4.877637695255555]]]]},"properties":{"place_id":"3c62490b-9d22-53cd-8666-3eefd06fc836","habitat":"forest_interior","habitat_label":"Forest interior","resolution_m":75}},{"type":"Feature","geometry":{"type":"MultiPolygon","coordinates":[[[[102.02849539231283,4.460646401549064],[102.02849539231283,4.4600567660139925],[102.027718079727,4.4600567660139925],[102.027718079727,4.460646401549064],[102.02849539231283,4.460646401549064]]],[[[102.01683570352522,4.464184224437805],[102.01683570352522,4.463594586137192],[102.01605839093938,4.463594586137192],[102.01605839093938,4.464184224437805],[102.01683570352522,4.464184224437805]]],[[[102.03626851817125,4.464773863199556],[102.03626851817125,4.463594586137192],[102.03549120558539,4.463594586137192],[102.03549120558539,4.464184224437805],[102.03393658041372,4.463594586137192],[102.03393658041372,4.464773863199556],[102.03626851817125,4.464773863199556]]],[[[102.0261634545553,4.464773863199556],[102.0261634545553,4.463594586137192],[102.02538614196946,4.463594586137192],[102.02538614196946,4.464773863199556],[102.0261634545553,4.464773863199556]]],[[[102.01528107835354,4.465363502422511],[102.01528107835354,4.464773863199556],[102.01450376576769,4.464773863199556],[102.01450376576769,4.465363502422511],[102.01528107835354,4.465363502422511]]],[[[102.01217182801017,4.465953142106728],[102.01217182801017,4.465363502422511],[102.01139451542434,4.465363502422511],[102.01139451542434,4.465953142106728],[102.01217182801017,4.465953142106728]]],[[[102.01528107835354,4.46654278225227],[102.01528107835354,4.465953142106728],[102.012949140596,4.465953142106728],[102.012949140596,4.46654278225227],[102.01528107835354,4.46654278225227]]],[[[102.00439870215176,4.468901347448936],[102.0051760147376,4.468901347448936],[102.0051760147376,4.467722063927581],[102.00595332732344,4.467722063927581],[102.00595332732344,4.465953142106728],[102.0051760147376,4.465953142106728],[102.0051760147376,4.46486372883326],[102.00283321450415,4.465363502422511],[102.00439870215176,4.465363502422511],[102.00439870215176,4.468901347448936]]],[[[101.99507095112168,4.4670193754772445],[101.99454101766995,4.4671324228592],[101.99507095112168,4.4671324228592],[101.99507095112168,4.4670193754772445]]],[[[102.0090625776668,4.4671324228592],[102.0090625776668,4.467722063927581],[102.00983989025264,4.467722063927581],[102.00983989025264,4.4671324228592],[102.01061720283849,4.4671324228592],[102.01061720283849,4.465953142106728],[102.00983989025264,4.465953142106728],[102.00983989025264,4.46654278225227],[102.00750795249513,4.46654278225227],[102.00750795249513,4.4671324228592],[102.0090625776668,4.4671324228592]]],[[[102.00051213922255,4.4671324228592],[102.00051213922255,4.46654278225227],[101.99973482663671,4.46654278225227],[101.99973482663671,4.4671324228592],[102.00051213922255,4.4671324228592]]],[[[102.00673063990929,4.468311705457472],[102.00673063990929,4.467722063927581],[102.00595332732344,4.467722063927581],[102.00595332732344,4.468311705457472],[102.00673063990929,4.468311705457472]]],[[[102.01061720283849,4.468311705457472],[102.01061720283849,4.467722063927581],[102.00983989025264,4.467722063927581],[102.00983989025264,4.468311705457472],[102.01061720283849,4.468311705457472]]],[[[102.00750795249513,4.467722063927581],[102.00750795249513,4.468311705457472],[102.00673063990929,4.468311705457472],[102.00673063990929,4.4694909899020345],[102.00828526508097,4.4694909899020345],[102.00828526508097,4.467722063927581],[102.00750795249513,4.467722063927581]]],[[[102.00284407698008,4.470080632816831],[102.00284407698008,4.4694909899020345],[102.00206676439424,4.4694909899020345],[102.00206676439424,4.470080632816831],[102.00284407698008,4.470080632816831]]],[[[101.9974028888792,4.470080632816831],[101.9974028888792,4.4694909899020345],[101.99662557629334,4.4694909899020345],[101.99662557629334,4.470080632816831],[101.9974028888792,4.470080632816831]]],[[[101.99584826370752,4.473028854318434],[101.99507095112168,4.473028854318434],[101.99507095112168,4.4736185000047115],[101.99584826370752,4.4736185000047115],[101.99584826370752,4.473028854318434]]],[[[101.99584826370752,4.475387439836574],[101.99507095112168,4.475387439836574],[101.99507095112168,4.47715638382928],[101.99662557629334,4.47715638382928],[101.99662557629334,4.476566735369293],[101.99584826370752,4.476566735369293],[101.99584826370752,4.475387439836574]]],[[[101.99584826370752,4.479514982294869],[101.99584826370752,4.4801046330679855],[101.99662557629334,4.4801046330679855],[101.99662557629334,4.478335682136824],[101.99507095112168,4.478925331984502],[101.99507095112168,4.479514982294869],[101.99584826370752,4.479514982294869]]],[[[101.99584826370752,4.480694284303913],[101.99584826370752,4.4801046330679855],[101.99429363853584,4.479514982294869],[101.99429363853584,4.480694284303913],[101.99584826370752,4.480694284303913]]],[[[101.99429363853584,4.481873588164448],[101.99429363853584,4.481283936002711],[101.99351632594998,4.481283936002711],[101.99351632594998,4.481873588164448],[101.99429363853584,4.481873588164448]]],[[[101.99507095112168,4.483052893876971],[101.99507095112168,4.48246324078918],[101.99429363853584,4.48246324078918],[101.99429363853584,4.483052893876971],[101.99507095112168,4.483052893876971]]],[[[101.99351632594998,4.48777013525685],[101.99351632594998,4.487180478462359],[101.99273901336414,4.487180478462359],[101.99273901336414,4.48777013525685],[101.99351632594998,4.48777013525685]]],[[[102.21194116257129,4.5921467484646294],[102.21194116257129,4.591557008645294],[102.21116384998547,4.591557008645294],[102.21116384998547,4.5921467484646294],[102.21194116257129,4.5921467484646294]]],[[[102.21349578774297,4.592736488758546],[102.21349578774297,4.5921467484646294],[102.21194116257129,4.5921467484646294],[102.21194116257129,4.592736488758546],[102.21349578774297,4.592736488758546]]],[[[102.21815966325802,4.598633917813369],[102.21738235067218,4.598633917813369],[102.21738235067218,4.599223663331782],[102.21815966325802,4.599223663331782],[102.21815966325802,4.598633917813369]]],[[[102.21738235067218,4.599813409325518],[102.21660503808634,4.599813409325518],[102.21660503808634,4.600403155794643],[102.21738235067218,4.600403155794643],[102.21738235067218,4.599813409325518]]],[[[102.0829072733217,4.612198185104115],[102.0829072733217,4.6116084291142085],[102.08212996073586,4.6116084291142085],[102.08212996073586,4.612198185104115],[102.0829072733217,4.612198185104115]]],[[[102.17851672138013,4.619275294182552],[102.17851672138013,4.618685532468272],[102.1777394087943,4.618685532468272],[102.1777394087943,4.619275294182552],[102.17851672138013,4.619275294182552]]],[[[102.22437816394475,4.626352472011524],[102.22437816394475,4.62576270456394],[102.22360085135892,4.62576270456394],[102.22360085135892,4.626352472011524],[102.22437816394475,4.626352472011524]]],[[[102.22204622618722,4.628121777223596],[102.22204622618722,4.6269422399372875],[102.22126891360138,4.6269422399372875],[102.22126891360138,4.628121777223596],[102.22204622618722,4.628121777223596]]],[[[102.22826472687396,4.628711546584268],[102.22826472687396,4.62989108674095],[102.22748741428812,4.62989108674095],[102.22748741428812,4.630480857537087],[102.22593278911643,4.630480857537087],[102.22593278911643,4.631660400565259],[102.22826472687396,4.631660400565259],[102.22826472687396,4.631070628811836],[102.22981935204564,4.631070628811836],[102.22981935204564,4.630480857537087],[102.23059666463148,4.630480857537087],[102.23059666463148,4.62989108674095],[102.22981935204564,4.62989108674095],[102.22981935204564,4.628711546584268],[102.22826472687396,4.628711546584268]]],[[[102.22282353877308,4.630480857537087],[102.22282353877308,4.62989108674095],[102.22204622618722,4.62989108674095],[102.22204622618722,4.630480857537087],[102.22282353877308,4.630480857537087]]],[[[102.22360085135892,4.631070628811836],[102.22360085135892,4.630480857537087],[102.22282353877308,4.630480857537087],[102.22282353877308,4.631070628811836],[102.22360085135892,4.631070628811836]]],[[[102.02227689162609,4.634609266514669],[102.02220709156194,4.634609266514669],[102.02227689162609,4.6346792779011],[102.02227689162609,4.634609266514669]]],[[[102.21893697584387,4.63637859183238],[102.21815966325802,4.63637859183238],[102.21815966325802,4.636968367896666],[102.21893697584387,4.636968367896666],[102.21893697584387,4.63637859183238]]],[[[102.03315926782788,4.643455936250935],[102.03315926782788,4.643142467889096],[102.03307167003888,4.643455936250935],[102.03315926782788,4.643455936250935]]],[[[102.13887377950225,4.730748900316847],[102.13887377950225,4.730159047265208],[102.13809646691641,4.730159047265208],[102.13809646691641,4.730748900316847],[102.13887377950225,4.730748900316847]]],[[[102.02849539231283,4.736647457747474],[102.0283889690907,4.736647457747474],[102.02849539231283,4.73683603963066],[102.02849539231283,4.736647457747474]]],[[[102.0316046426562,4.747854851852639],[102.0316046426562,4.746675117818351],[102.0301989277867,4.746675117818351],[102.03060561478063,4.747854851852639],[102.0316046426562,4.747854851852639]]],[[[102.04248701885797,4.754933297316789],[102.04248701885797,4.75434342415852],[102.04170970627213,4.75434342415852],[102.04170970627213,4.754933297316789],[102.04248701885797,4.754933297316789]]],[[[102.04248701885797,4.756113045108526],[102.04248701885797,4.7555231709667725],[102.04093239368629,4.7555231709667725],[102.04093239368629,4.756113045108526],[102.04248701885797,4.756113045108526]]],[[[102.04093239368629,4.7567029197421125],[102.04093239368629,4.756113045108526],[102.04015508110047,4.756113045108526],[102.04015508110047,4.7567029197421125],[102.04093239368629,4.7567029197421125]]],[[[102.0393777685146,4.75906242319605],[102.03860045592876,4.75906242319605],[102.03860045592876,4.7596523002897415],[102.0393777685146,4.7596523002897415],[102.0393777685146,4.75906242319605]]],[[[102.0448189566155,4.779708414745107],[102.04404164402965,4.779708414745107],[102.04404164402965,4.780888203955305],[102.0448189566155,4.780888203955305],[102.0448189566155,4.779708414745107]]],[[[102.04404164402965,4.781478099302039],[102.04404164402965,4.780888203955305],[102.04326433144381,4.780888203955305],[102.04326433144381,4.781478099302039],[102.04404164402965,4.781478099302039]]],[[[102.04792820695884,4.7844275834545416],[102.04792820695884,4.783837685634656],[102.047150894373,4.783837685634656],[102.047150894373,4.785607380578827],[102.0487055195447,4.785607380578827],[102.0487055195447,4.7844275834545416],[102.04792820695884,4.7844275834545416]]],[[[102.22748741428812,4.790326588878577],[102.22826472687396,4.7897366861077275],[102.22748741428812,4.7897366861077275],[102.22748741428812,4.790326588878577]]],[[[102.04792820695884,4.794455922150286],[102.0487055195447,4.794455922150286],[102.0487055195447,4.795635736118415],[102.05026014471638,4.795635736118415],[102.05026014471638,4.7932761101656505],[102.05103745730221,4.7932761101656505],[102.05103745730221,4.792686204916985],[102.05026014471638,4.792686204916985],[102.05026014471638,4.790326588878577],[102.04948283213055,4.790326588878577],[102.04948283213055,4.786787179682874],[102.0487055195447,4.786787179682874],[102.0487055195447,4.786197279883349],[102.047150894373,4.786197279883349],[102.047150894373,4.785607380578827],[102.04559626920134,4.785607380578827],[102.04792820695884,4.794455922150286]],[[102.047150894373,4.786787179682874],[102.04637358178718,4.786787179682874],[102.04637358178718,4.786197279883349],[102.047150894373,4.786197279883349],[102.047150894373,4.786787179682874]]],[[[102.2290420394598,4.440009431536885],[102.2290420394598,4.439419812089719],[102.22826472687396,4.439419812089719],[102.22826472687396,4.440009431536885],[102.2290420394598,4.440009431536885]]],[[[102.2461429163483,4.533175105382701],[102.2461429163483,4.532585412708573],[102.24536560376247,4.532585412708573],[102.24536560376247,4.533175105382701],[102.2461429163483,4.533175105382701]]],[[[102.23836979048988,4.541430852029075],[102.23836979048988,4.540841152791923],[102.23759247790404,4.540841152791923],[102.23759247790404,4.541430852029075],[102.23836979048988,4.541430852029075]]],[[[102.23759247790404,4.542020551735479],[102.23681516531822,4.542020551735479],[102.23681516531822,4.542610251911198],[102.23759247790404,4.542610251911198],[102.23759247790404,4.542020551735479]]],[[[102.24692022893413,4.547327870219692],[102.2461429163483,4.547327870219692],[102.2461429163483,4.548507279494294],[102.24692022893413,4.548507279494294],[102.24692022893413,4.547327870219692]]],[[[102.24769754151998,4.549096984836558],[102.24769754151998,4.548507279494294],[102.24692022893413,4.548507279494294],[102.24692022893413,4.549096984836558],[102.24769754151998,4.549096984836558]]],[[[102.24458829117663,4.553814644501946],[102.24458829117663,4.554404354076959],[102.2461429163483,4.554994064122589],[102.2461429163483,4.553814644501946],[102.24458829117663,4.553814644501946]]],[[[102.24536560376247,4.555583774638893],[102.24536560376247,4.554994064122589],[102.24458829117663,4.554994064122589],[102.24458829117663,4.555583774638893],[102.24536560376247,4.555583774638893]]],[[[102.24381097859077,4.555583774638893],[102.24381097859077,4.556173485625938],[102.24458829117663,4.556173485625938],[102.24458829117663,4.555583774638893],[102.24381097859077,4.555583774638893]]],[[[102.2461429163483,4.556173485625938],[102.2461429163483,4.555583774638893],[102.24536560376247,4.555583774638893],[102.24536560376247,4.556173485625938],[102.2461429163483,4.556173485625938]]],[[[102.24458829117663,4.5573529090124945],[102.24458829117663,4.556763197083785],[102.24381097859077,4.556763197083785],[102.24381097859077,4.5573529090124945],[102.24458829117663,4.5573529090124945]]],[[[102.2461429163483,4.557942621412129],[102.2461429163483,4.5573529090124945],[102.24536560376247,4.5573529090124945],[102.24536560376247,4.557942621412129],[102.2461429163483,4.557942621412129]]],[[[102.2461429163483,4.559711761437203],[102.24536560376247,4.559711761437203],[102.24536560376247,4.560301475721158],[102.2461429163483,4.560301475721158],[102.2461429163483,4.559711761437203]]],[[[102.24536560376247,4.562660337569946],[102.2461429163483,4.562660337569946],[102.2461429163483,4.562070621400679],[102.24458829117663,4.561480905702834],[102.24536560376247,4.560301475721158],[102.24381097859077,4.560301475721158],[102.24381097859077,4.559711761437203],[102.24303366600493,4.559711761437203],[102.24303366600493,4.560891190476348],[102.24381097859077,4.560891190476348],[102.24458829117663,4.563250054210696],[102.24536560376247,4.563250054210696],[102.24536560376247,4.562660337569946]]],[[[102.24769754151998,4.560301475721158],[102.24769754151998,4.560891190476348],[102.24692022893413,4.560891190476348],[102.24692022893413,4.562660337569946],[102.2461429163483,4.562660337569946],[102.24692022893413,4.563839771322991],[102.24769754151998,4.563839771322991],[102.24769754151998,4.562660337569946],[102.24847485410582,4.562660337569946],[102.24847485410582,4.562070621400679],[102.24769754151998,4.562070621400679],[102.24769754151998,4.561480905702834],[102.24847485410582,4.561480905702834],[102.24847485410582,4.560301475721158],[102.24769754151998,4.560301475721158]]],[[[102.2461429163483,4.565608925489762],[102.2461429163483,4.565019206962462],[102.24769754151998,4.565608925489762],[102.24769754151998,4.564429488906891],[102.2461429163483,4.564429488906891],[102.2461429163483,4.563839771322991],[102.24536560376247,4.563839771322991],[102.24536560376247,4.564429488906891],[102.24381097859077,4.564429488906891],[102.24381097859077,4.566198644488855],[102.2422563534191,4.566198644488855],[102.2422563534191,4.5673780839026685],[102.24303366600493,4.5673780839026685],[102.24303366600493,4.567967804317512],[102.24536560376247,4.567967804317512],[102.24536560376247,4.5673780839026685],[102.24692022893413,4.566788363959804],[102.24692022893413,4.566198644488855],[102.24536560376247,4.566198644488855],[102.24536560376247,4.565608925489762],[102.2461429163483,4.565608925489762]]],[[[102.24070172824742,4.588608316665179],[102.24070172824742,4.588018579692033],[102.23992441566158,4.588018579692033],[102.23992441566158,4.588608316665179],[102.24070172824742,4.588608316665179]]],[[[102.23914710307574,4.5921467484646294],[102.23914710307574,4.591557008645294],[102.24070172824742,4.590967269300478],[102.24070172824742,4.58978779203416],[102.24147904083325,4.58978779203416],[102.24147904083325,4.589198054112534],[102.23992441566158,4.589198054112534],[102.23992441566158,4.590377530430121],[102.23914710307574,4.590377530430121],[102.23914710307574,4.590967269300478],[102.23836979048988,4.590967269300478],[102.23836979048988,4.5921467484646294],[102.23681516531822,4.592736488758546],[102.23681516531822,4.593915970770375],[102.23603785273238,4.593915970770375],[102.23681516531822,4.5950954546812754],[102.23759247790404,4.5950954546812754],[102.23759247790404,4.593915970770375],[102.23992441566158,4.592736488758546],[102.23992441566158,4.5921467484646294],[102.23914710307574,4.5921467484646294]]],[[[102.24147904083325,4.5968646841094705],[102.24147904083325,4.598633917813369],[102.2422563534191,4.598633917813369],[102.2422563534191,4.598044172770222],[102.24381097859077,4.598044172770222],[102.24381097859077,4.595685197349033],[102.24147904083325,4.595685197349033],[102.24147904083325,4.596274940491744],[102.2422563534191,4.596274940491744],[102.2422563534191,4.5968646841094705],[102.24147904083325,4.5968646841094705]]],[[[102.24536560376247,4.5968646841094705],[102.24536560376247,4.597454428202276],[102.24458829117663,4.597454428202276],[102.24458829117663,4.598633917813369],[102.24381097859077,4.598633917813369],[102.24381097859077,4.599813409325518],[102.24458829117663,4.599813409325518],[102.24458829117663,4.600403155794643],[102.24536560376247,4.600403155794643],[102.24536560376247,4.598633917813369],[102.24769754151998,4.598633917813369],[102.24769754151998,4.598044172770222],[102.24536560376247,4.5968646841094705]]],[[[102.2422563534191,4.599813409325518],[102.2422563534191,4.599223663331782],[102.24070172824742,4.599223663331782],[102.24070172824742,4.598633917813369],[102.23992441566158,4.598633917813369],[102.23992441566158,4.599223663331782],[102.23603785273238,4.599223663331782],[102.23603785273238,4.599813409325518],[102.23759247790404,4.599813409325518],[102.23759247790404,4.600403155794643],[102.23836979048988,4.600403155794643],[102.23836979048988,4.599813409325518],[102.23992441566158,4.599813409325518],[102.23836979048988,4.6015826501593065],[102.23992441566158,4.6015826501593065],[102.23992441566158,4.600992902739218],[102.24147904083325,4.600992902739218],[102.24147904083325,4.6015826501593065],[102.2422563534191,4.6015826501593065],[102.2422563534191,4.600403155794643],[102.24147904083325,4.600403155794643],[102.24147904083325,4.599813409325518],[102.2422563534191,4.599813409325518]]],[[[102.2461429163483,4.600403155794643],[102.24536560376247,4.600403155794643],[102.24536560376247,4.600992902739218],[102.2461429163483,4.600992902739218],[102.2461429163483,4.600403155794643]]],[[[102.23836979048988,4.6015826501593065],[102.23759247790404,4.6015826501593065],[102.23759247790404,4.602762146426264],[102.23836979048988,4.602762146426264],[102.23836979048988,4.6015826501593065]]],[[[102.23448322756067,4.602762146426264],[102.23448322756067,4.602172398054967],[102.23370591497485,4.602172398054967],[102.23370591497485,4.602762146426264],[102.23448322756067,4.602762146426264]]],[[[102.24147904083325,4.602172398054967],[102.24147904083325,4.602762146426264],[102.24303366600493,4.60335189527326],[102.24303366600493,4.602172398054967],[102.24147904083325,4.602172398054967]]],[[[102.23914710307574,4.602172398054967],[102.23914710307574,4.60335189527326],[102.23836979048988,4.60335189527326],[102.23836979048988,4.604531394394593],[102.23914710307574,4.604531394394593],[102.23992441566158,4.60335189527326],[102.24147904083325,4.60335189527326],[102.24070172824742,4.602172398054967],[102.23914710307574,4.602172398054967]]],[[[102.23370591497485,4.605710895419462],[102.23370591497485,4.604531394394593],[102.23292860238901,4.604531394394593],[102.23292860238901,4.605710895419462],[102.23370591497485,4.605710895419462]]],[[[102.23759247790404,4.6063006466458765],[102.23759247790404,4.6086596563128595],[102.23914710307574,4.6086596563128595],[102.23914710307574,4.608069903181792],[102.23836979048988,4.608069903181792],[102.23836979048988,4.605710895419462],[102.23681516531822,4.605121144669054],[102.23681516531822,4.6063006466458765],[102.23759247790404,4.6063006466458765]]],[[[102.23292860238901,4.607480150526982],[102.23292860238901,4.606890398348362],[102.23215128980317,4.606890398348362],[102.23215128980317,4.607480150526982],[102.23292860238901,4.607480150526982]]],[[[102.23603785273238,4.609249409920246],[102.23603785273238,4.6086596563128595],[102.23526054014653,4.6086596563128595],[102.23526054014653,4.609249409920246],[102.23603785273238,4.609249409920246]]],[[[102.22981935204564,4.609839164004011],[102.2290420394598,4.609839164004011],[102.2290420394598,4.611018673600931],[102.22981935204564,4.611018673600931],[102.22981935204564,4.609839164004011]]],[[[102.23370591497485,4.610428918564219],[102.23448322756067,4.610428918564219],[102.23448322756067,4.611018673600931],[102.23526054014653,4.611018673600931],[102.23526054014653,4.609839164004011],[102.23370591497485,4.609839164004011],[102.23370591497485,4.610428918564219]]],[[[102.23681516531822,4.611018673600931],[102.23681516531822,4.610428918564219],[102.23603785273238,4.610428918564219],[102.23603785273238,4.611018673600931],[102.23681516531822,4.611018673600931]]],[[[102.24070172824742,4.611018673600931],[102.24070172824742,4.610428918564219],[102.23992441566158,4.610428918564219],[102.23992441566158,4.611018673600931],[102.24070172824742,4.611018673600931]]],[[[102.23914710307574,4.611018673600931],[102.23836979048988,4.611018673600931],[102.23836979048988,4.6116084291142085],[102.23914710307574,4.6116084291142085],[102.23914710307574,4.611018673600931]]],[[[102.23992441566158,4.613377698514061],[102.24070172824742,4.613377698514061],[102.24070172824742,4.6116084291142085],[102.23914710307574,4.6116084291142085],[102.23914710307574,4.612787941570712],[102.23992441566158,4.612787941570712],[102.23992441566158,4.613377698514061]]],[[[102.23059666463148,4.612787941570712],[102.23059666463148,4.612198185104115],[102.2290420394598,4.612198185104115],[102.2290420394598,4.613377698514061],[102.23059666463148,4.612787941570712]]],[[[102.23603785273238,4.613967455934222],[102.23603785273238,4.612787941570712],[102.23370591497485,4.612787941570712],[102.23370591497485,4.613967455934222],[102.23603785273238,4.613967455934222]]],[[[102.23215128980317,4.613967455934222],[102.23215128980317,4.613377698514061],[102.23137397721733,4.613377698514061],[102.23137397721733,4.613967455934222],[102.23215128980317,4.613967455934222]]],[[[102.22593278911643,4.621634345814637],[102.22826472687396,4.621634345814637],[102.22826472687396,4.621044582190247],[102.2290420394598,4.621044582190247],[102.2290420394598,4.622224109916708],[102.23292860238901,4.622224109916708],[102.23292860238901,4.621634345814637],[102.23137397721733,4.621044582190247],[102.23215128980317,4.618095771231364],[102.23137397721733,4.618095771231364],[102.23137397721733,4.619275294182552],[102.23059666463148,4.619275294182552],[102.23059666463148,4.618095771231364],[102.22981935204564,4.618095771231364],[102.22981935204564,4.617506010471766],[102.23215128980317,4.617506010471766],[102.23215128980317,4.615736731056215],[102.23137397721733,4.615736731056215],[102.23137397721733,4.615146972205237],[102.22826472687396,4.615146972205237],[102.22826472687396,4.6169162501894165],[102.22671010170228,4.617506010471766],[102.22671010170228,4.619275294182552],[102.22593278911643,4.619275294182552],[102.22593278911643,4.619865056374267],[102.22515547653059,4.619865056374267],[102.22515547653059,4.621044582190247],[102.22437816394475,4.621044582190247],[102.22437816394475,4.624583171103058],[102.22515547653059,4.624583171103058],[102.22593278911643,4.621634345814637]],[[102.23059666463148,4.621634345814637],[102.22981935204564,4.621634345814637],[102.22981935204564,4.619275294182552],[102.23059666463148,4.619275294182552],[102.23059666463148,4.621634345814637]],[[102.23137397721733,4.6169162501894165],[102.23059666463148,4.6169162501894165],[102.23059666463148,4.616326490384254],[102.2290420394598,4.616326490384254],[102.2290420394598,4.615736731056215],[102.23137397721733,4.615736731056215],[102.23137397721733,4.6169162501894165]],[[102.22748741428812,4.619275294182552],[102.22748741428812,4.619865056374267],[102.22671010170228,4.619865056374267],[102.22671010170228,4.619275294182552],[102.22748741428812,4.619275294182552]],[[102.22748741428812,4.620454819043479],[102.22748741428812,4.621044582190247],[102.22671010170228,4.621044582190247],[102.22671010170228,4.620454819043479],[102.22748741428812,4.620454819043479]]],[[[102.23292860238901,4.623403639554145],[102.23215128980317,4.623403639554145],[102.23215128980317,4.623993405089637],[102.23292860238901,4.623993405089637],[102.23292860238901,4.623403639554145]]],[[[102.23215128980317,4.624583171103058],[102.23215128980317,4.623993405089637],[102.22981935204564,4.622813874496524],[102.22981935204564,4.624583171103058],[102.23215128980317,4.624583171103058]]],[[[102.23370591497485,4.624583171103058],[102.23370591497485,4.623993405089637],[102.23292860238901,4.623993405089637],[102.23292860238901,4.624583171103058],[102.23370591497485,4.624583171103058]]],[[[102.22826472687396,4.6269422399372875],[102.22826472687396,4.627532008341292],[102.23059666463148,4.628711546584268],[102.23059666463148,4.627532008341292],[102.23137397721733,4.627532008341292],[102.23137397721733,4.6269422399372875],[102.23370591497485,4.6269422399372875],[102.23370591497485,4.626352472011524],[102.23292860238901,4.626352472011524],[102.23292860238901,4.624583171103058],[102.23215128980317,4.624583171103058],[102.23215128980317,4.6251729375944715],[102.23137397721733,4.6251729375944715],[102.23215128980317,4.626352472011524],[102.23059666463148,4.626352472011524],[102.23059666463148,4.62576270456394],[102.22826472687396,4.62576270456394],[102.2290420394598,4.624583171103058],[102.22593278911643,4.622813874496524],[102.22593278911643,4.6251729375944715],[102.22515547653059,4.6251729375944715],[102.22515547653059,4.626352472011524],[102.22437816394475,4.626352472011524],[102.22437816394475,4.627532008341292],[102.22282353877308,4.628121777223596],[102.22282353877308,4.628711546584268],[102.22360085135892,4.628711546584268],[102.22360085135892,4.62989108674095],[102.22671010170228,4.62989108674095],[102.22671010170228,4.627532008341292],[102.22593278911643,4.627532008341292],[102.22593278911643,4.6269422399372875],[102.22671010170228,4.6269422399372875],[102.22671010170228,4.6251729375944715],[102.22748741428812,4.6251729375944715],[102.22748741428812,4.6269422399372875],[102.22826472687396,4.6269422399372875]]],[[[102.23914710307574,4.630480857537087],[102.23914710307574,4.62989108674095],[102.23836979048988,4.62989108674095],[102.23836979048988,4.630480857537087],[102.23914710307574,4.630480857537087]]],[[[102.23681516531822,4.631070628811836],[102.23681516531822,4.630480857537087],[102.23603785273238,4.630480857537087],[102.23603785273238,4.631070628811836],[102.23681516531822,4.631070628811836]]],[[[102.23526054014653,4.631070628811836],[102.23526054014653,4.631660400565259],[102.23603785273238,4.631660400565259],[102.23603785273238,4.631070628811836],[102.23526054014653,4.631070628811836]]],[[[102.2290420394598,4.786197279883349],[102.2290420394598,4.785607380578827],[102.22826472687396,4.785607380578827],[102.22826472687396,4.786197279883349],[102.2290420394598,4.786197279883349]]],[[[102.22981935204564,4.789146783832255],[102.2290420394598,4.789146783832255],[102.2290420394598,4.7897366861077275],[102.22981935204564,4.78970008129163],[102.22981935204564,4.789146783832255]]],[[[102.37951572217537,4.293208189858531],[102.3790633685271,4.294387205548212],[102.37964668933719,4.294387205548212],[102.37951572217537,4.293208189858531]]],[[[102.38372724404215,4.29497671405802],[102.38372724404215,4.294387205548212],[102.38332906653908,4.294387205548212],[102.38309221474907,4.29497671405802],[102.38372724404215,4.29497671405802]]],[[[102.39305499507225,4.345676111184914],[102.39305499507225,4.345752052820095],[102.39310398967794,4.345676111184914],[102.39305499507225,4.345676111184914]]],[[[102.39538693282977,4.360414928862223],[102.39538693282977,4.359825370758527],[102.39460962024393,4.359825370758527],[102.39460962024393,4.360414928862223],[102.39538693282977,4.360414928862223]]],[[[102.3922776824864,4.361594046420439],[102.3922776824864,4.361004487416174],[102.39072305731472,4.361004487416174],[102.39072305731472,4.361594046420439],[102.3922776824864,4.361594046420439]]],[[[102.39072305731472,4.36277316578016],[102.39072305731472,4.361594046420439],[102.38994574472888,4.361594046420439],[102.38994574472888,4.3624724854426695],[102.39072305731472,4.36277316578016]]],[[[102.40782393420322,4.388124668690502],[102.40770129398045,4.387535089358088],[102.40704662161738,4.387535089358088],[102.40704662161738,4.388124668690502],[102.40782393420322,4.388124668690502]]],[[[102.40860124678905,4.3887142484760755],[102.40782393420322,4.3887142484760755],[102.40782393420322,4.389303828714869],[102.40860124678905,4.389303828714869],[102.40860124678905,4.3887142484760755]]],[[[102.40937855937491,4.389317989076226],[102.40860124678905,4.389303828714869],[102.40860124678905,4.3898934094069455],[102.40937855937491,4.3898934094069455],[102.40937855937491,4.389317989076226]]],[[[102.46379044038378,4.4323444144722055],[102.46301312779792,4.431754800981243],[102.46301312779792,4.4323444144722055],[102.46379044038378,4.4323444144722055]]],[[[102.48788713054483,4.461236037544905],[102.48788713054483,4.460646401549064],[102.487109817959,4.460646401549064],[102.487109817959,4.461236037544905],[102.48788713054483,4.461236037544905]]],[[[102.57416882757317,4.502511705955347],[102.57413669925673,4.501922037551877],[102.57339151498734,4.501922037551877],[102.57339151498734,4.502511705955347],[102.57416882757317,4.502511705955347]]],[[[102.5135384458776,4.513715494073041],[102.5135384458776,4.513125816820863],[102.51277511649094,4.513125816820863],[102.51276113329175,4.513715494073041],[102.5135384458776,4.513715494073041]]],[[[102.48788713054483,4.5178432478992905],[102.48788713054483,4.517253567381428],[102.48772985300138,4.517253567381428],[102.487118909424,4.5178432478992905],[102.48788713054483,4.5178432478992905]]],[[[102.24925216669168,4.52845757709926],[102.24925216669168,4.527867888169982],[102.24847485410582,4.527867888169982],[102.24847485410582,4.52845757709926],[102.24925216669168,4.52845757709926]]],[[[102.66433708753074,4.542610251911198],[102.66433708753074,4.542020551735479],[102.6635597749449,4.542020551735479],[102.6635597749449,4.542610251911198],[102.66433708753074,4.542610251911198]]],[[[102.65112277357144,4.547327870219692],[102.65112277357144,4.54673816628723],[102.6503454609856,4.54673816628723],[102.6503454609856,4.547327870219692],[102.65112277357144,4.547327870219692]]],[[[102.66200514977321,4.548507279494294],[102.66122783718737,4.548507279494294],[102.66122783718737,4.549096984836558],[102.66200514977321,4.549096984836558],[102.66200514977321,4.548507279494294]]],[[[102.24847485410582,4.563839771322991],[102.24769754151998,4.563839771322991],[102.24769754151998,4.564429488906891],[102.24847485410582,4.564429488906891],[102.24847485410582,4.563839771322991]]],[[[102.2515841044492,4.596274940491744],[102.2515841044492,4.595685197349033],[102.25080679186334,4.595685197349033],[102.25080679186334,4.596274940491744],[102.2515841044492,4.596274940491744]]],[[[102.24925216669168,4.5968646841094705],[102.24925216669168,4.596274940491744],[102.24847485410582,4.596274940491744],[102.24847485410582,4.5968646841094705],[102.24925216669168,4.5968646841094705]]],[[[102.25080679186334,4.598044172770222],[102.25080679186334,4.597454428202276],[102.2500294792775,4.597454428202276],[102.2500294792775,4.598044172770222],[102.25080679186334,4.598044172770222]]],[[[102.25469335479255,4.598633917813369],[102.25469335479255,4.598044172770222],[102.25391604220671,4.598044172770222],[102.25391604220671,4.598633917813369],[102.25469335479255,4.598633917813369]]],[[[102.24925216669168,4.599223663331782],[102.24925216669168,4.598633917813369],[102.24847485410582,4.598633917813369],[102.24847485410582,4.599223663331782],[102.24925216669168,4.599223663331782]]],[[[102.25313872962087,4.603941644596015],[102.25313872962087,4.60335189527326],[102.25236141703503,4.60335189527326],[102.25236141703503,4.603941644596015],[102.25313872962087,4.603941644596015]]],[[[102.25236141703503,4.606890398348362],[102.25236141703503,4.6063006466458765],[102.2515841044492,4.6063006466458765],[102.2515841044492,4.606890398348362],[102.25236141703503,4.606890398348362]]],[[[102.61381176945109,4.6440457180708545],[102.61303445686524,4.6440457180708545],[102.61303445686524,4.644635500370814],[102.61381176945109,4.644635500370814],[102.61381176945109,4.6440457180708545]]],[[[102.47622744175723,4.667637385161242],[102.47545012917138,4.667637385161242],[102.47545012917138,4.668227186713648],[102.47622744175723,4.668227186713648],[102.47622744175723,4.667637385161242]]],[[[102.48244594244395,4.6794335079708995],[102.48244594244395,4.678843697238802],[102.4816686298581,4.678843697238802],[102.4816686298581,4.6794335079708995],[102.48244594244395,4.6794335079708995]]],[[[102.6371311470263,4.692999288453135],[102.6371311470263,4.692409466578804],[102.63635383444046,4.692409466578804],[102.63635383444046,4.692999288453135],[102.6371311470263,4.692999288453135]]],[[[102.60681595617851,4.780298309103016],[102.60681595617851,4.779708414745107],[102.60603864359267,4.779708414745107],[102.60603864359267,4.780298309103016],[102.60681595617851,4.780298309103016]]],[[[102.31998761200319,4.781478099302039],[102.3194374814353,4.781478099302039],[102.31998761200319,4.781888934159956],[102.31998761200319,4.781478099302039]]],[[[102.32076492458903,4.7820679951432785],[102.32022738445009,4.7820679951432785],[102.32076492458903,4.7824694278633855],[102.32076492458903,4.7820679951432785]]],[[[102.6371311470263,4.835160653662751],[102.6371311470263,4.8345707130614235],[102.63635383444046,4.8345707130614235],[102.63635383444046,4.835160653662751],[102.6371311470263,4.835160653662751]]],[[[102.63246727151126,4.869378066340849],[102.63246727151126,4.868788096627244],[102.63168995892542,4.868788096627244],[102.63168995892542,4.869378066340849],[102.63246727151126,4.869378066340849]]],[[[102.54774019965458,4.8782276725322555],[102.54696288706876,4.8782276725322555],[102.54696288706876,4.878817650313659],[102.54774019965458,4.878817650313659],[102.54774019965458,4.8782276725322555]]],[[[102.49954681933245,4.905367173854701],[102.49876950674661,4.905367173854701],[102.49876950674661,4.9059571749197675],[102.49954681933245,4.9059571749197675],[102.49954681933245,4.905367173854701]]],[[[102.58716188721185,4.9118572135003165],[102.58689406008452,4.911267207356156],[102.58660582894663,4.911267207356156],[102.58660582894663,4.9118572135003165],[102.58716188721185,4.9118572135003165]]],[[[102.58934009351627,4.914807251846138],[102.58893776670416,4.914351563929555],[102.58893776670416,4.914807251846138],[102.58934009351627,4.914807251846138]]],[[[102.58971507929,4.916577280955888],[102.58983506260651,4.9159872707439725],[102.58971507929,4.9159872707439725],[102.58971507929,4.916577280955888]]],[[[102.57961001567408,4.924247460029691],[102.57961001567408,4.923657443199172],[102.57883270308822,4.923657443199172],[102.57883270308822,4.924247460029691],[102.57961001567408,4.924247460029691]]],[[[102.58893776670416,4.925427495219468],[102.58893776670416,4.926228583575749],[102.58907289999998,4.925867794640324],[102.58893776670416,4.925427495219468]]],[[[102.56173182619973,4.938408016973065],[102.56173182619973,4.937817987895942],[102.56095451361388,4.937817987895942],[102.56095451361388,4.938408016973065],[102.56173182619973,4.938408016973065]]],[[[102.57961001567408,4.938408016973065],[102.57961001567408,4.937817987895942],[102.57883270308822,4.937817987895942],[102.57883270308822,4.938408016973065],[102.57961001567408,4.938408016973065]]],[[[102.55862257585638,4.938408016973065],[102.55784526327052,4.938408016973065],[102.55784526327052,4.939031587478876],[102.55862257585638,4.939168202001127],[102.55862257585638,4.938408016973065]]],[[[102.56795032688646,4.939588076660527],[102.56717301430062,4.939588076660527],[102.56717301430062,4.940178107270996],[102.56795032688646,4.940178107270996],[102.56795032688646,4.939588076660527]]],[[[102.57961001567408,4.942538234825894],[102.57961001567408,4.941948202170092],[102.57883270308822,4.941948202170092],[102.57883270308822,4.942538234825894],[102.57961001567408,4.942538234825894]]],[[[102.57883270308822,4.943718301672032],[102.57883270308822,4.943128267993187],[102.57805539050239,4.943128267993187],[102.57805539050239,4.943718301672032],[102.57883270308822,4.943718301672032]]],[[[102.57416882757317,4.944898370564624],[102.57416882757317,4.944308335862489],[102.57339151498734,4.944308335862489],[102.57339151498734,4.944898370564624],[102.57416882757317,4.944898370564624]]],[[[102.69931615389358,4.490128767071594],[102.69864192489149,4.489539108422267],[102.69853884130774,4.489539108422267],[102.69853884130774,4.490128767071594],[102.69931615389358,4.490128767071594]]],[[[102.70009346647943,4.4913080857619025],[102.69994660137444,4.4907184261847855],[102.69931615389358,4.4907184261847855],[102.69931615389358,4.4913080857619025],[102.70009346647943,4.4913080857619025]]],[[[102.69076571544932,4.508998089107964],[102.69076571544932,4.508919189081769],[102.6906791991162,4.508998089107964],[102.69076571544932,4.508998089107964]]],[[[102.71408509302456,4.511356787861758],[102.7133765,4.510900495070176],[102.71330778043873,4.510767112474324],[102.71330778043873,4.511356787861758],[102.71408509302456,4.511356787861758]]],[[[102.68532452734844,4.512536140034965],[102.68479818262612,4.511946463715284],[102.68471438535933,4.512536140034965],[102.68532452734844,4.512536140034965]]],[[[102.68299258959091,4.52079165749146],[102.68221527700507,4.52079165749146],[102.68221527700507,4.521381340810898],[102.68299258959091,4.521381340810898],[102.68299258959091,4.52079165749146]]],[[[102.67211021338915,4.5308163374958825],[102.67211021338915,4.530414628781655],[102.67055558821747,4.530226646694676],[102.67055558821747,4.5308163374958825],[102.67211021338915,4.5308163374958825]]],[[[102.66977827563161,4.5308163374958825],[102.66977827563161,4.531406028765229],[102.67055558821747,4.531406028765229],[102.67055558821747,4.5308163374958825],[102.66977827563161,4.5308163374958825]]],[[[102.67832871407586,4.5319957205027706],[102.67832871407586,4.5308163374958825],[102.67755140149004,4.5308163374958825],[102.67755140149004,4.5319957205027706],[102.67832871407586,4.5319957205027706]]],[[[102.70786659233782,4.595685197349033],[102.70786659233782,4.5950954546812754],[102.70708927975198,4.5950954546812754],[102.70708927975198,4.595685197349033],[102.70786659233782,4.595685197349033]]],[[[102.72574478181217,4.608069903181792],[102.72574478181217,4.606890398348362],[102.72496746922633,4.606890398348362],[102.72496746922633,4.608069903181792],[102.72574478181217,4.608069903181792]]],[[[102.68221527700507,4.639917255408766],[102.68221527700507,4.6393274769473845],[102.68143796441923,4.6393274769473845],[102.68143796441923,4.639917255408766],[102.68221527700507,4.639917255408766]]],[[[102.66900096304578,4.674125228790017],[102.66900096304578,4.673535422408989],[102.66822365045994,4.673535422408989],[102.66822365045994,4.674125228790017],[102.66900096304578,4.674125228790017]]],[[[102.6845472147626,4.713053521274641],[102.68376990217676,4.713053521274641],[102.68376990217676,4.713643360167552],[102.6845472147626,4.713643360167552],[102.6845472147626,4.713053521274641]]],[[[102.70708927975198,4.716002720613446],[102.70631196716614,4.716002720613446],[102.70631196716614,4.716592561943791],[102.70708927975198,4.716592561943791],[102.70708927975198,4.716002720613446]]],[[[102.69076571544932,4.730159047265208],[102.69076571544932,4.729569194702669],[102.68998840286349,4.729569194702669],[102.68998840286349,4.730159047265208],[102.69076571544932,4.730159047265208]]],[[[102.69232034062102,4.745495385747424],[102.69232034062102,4.744905520448067],[102.69154302803518,4.744905520448067],[102.69154302803518,4.745495385747424],[102.69232034062102,4.745495385747424]]],[[[102.74440028387235,4.791506395906657],[102.74440028387235,4.790916492144868],[102.74362297128653,4.790916492144868],[102.74362297128653,4.791506395906657],[102.74440028387235,4.791506395906657]]],[[[102.74517759645819,4.793866015910061],[102.74517759645819,4.794455922150286],[102.74673222162988,4.794455922150286],[102.74673222162988,4.793866015910061],[102.74440028387235,4.792686204916985],[102.74440028387235,4.793866015910061],[102.74517759645819,4.793866015910061]]],[[[102.74828684680156,4.796815552070537],[102.74828684680156,4.796225643846447],[102.74673222162988,4.796225643846447],[102.74673222162988,4.795045828886384],[102.74517759645819,4.795045828886384],[102.74517759645819,4.796225643846447],[102.74595490904404,4.796225643846447],[102.74595490904404,4.796815552070537],[102.74828684680156,4.796815552070537]]],[[[102.66666902528827,4.813923106634601],[102.66666902528827,4.813333183997735],[102.66589171270242,4.813333183997735],[102.66589171270242,4.813923106634601],[102.66666902528827,4.813923106634601]]],[[[102.74206834611483,4.817462652914392],[102.74206834611483,4.816872727289046],[102.741291033529,4.816872727289046],[102.741291033529,4.817462652914392],[102.74206834611483,4.817462652914392]]],[[[102.73973640835732,4.81982236039938],[102.73973640835732,4.821002217132903],[102.741291033529,4.821002217132903],[102.741291033529,4.820412288516837],[102.73973640835732,4.81982236039938]]],[[[102.74206834611483,4.821592146247639],[102.74206834611483,4.821002217132903],[102.741291033529,4.821002217132903],[102.741291033529,4.821592146247639],[102.74206834611483,4.821592146247639]]],[[[102.74517759645819,4.822772005973375],[102.74517759645819,4.821592146247639],[102.74440028387235,4.821592146247639],[102.74440028387235,4.822772005973375],[102.74517759645819,4.822772005973375]]],[[[102.7280767195697,4.829851206249215],[102.7280767195697,4.828081399439805],[102.72729940698386,4.828081399439805],[102.72729940698386,4.829851206249215],[102.7280767195697,4.829851206249215]]],[[[102.72885403215554,4.830441142851476],[102.7280767195697,4.830441142851476],[102.7280767195697,4.831621017555056],[102.72885403215554,4.831621017555056],[102.72885403215554,4.830441142851476]]],[[[102.72885403215554,4.8322109556565005],[102.72963134474138,4.8322109556565005],[102.72963134474138,4.831621017555056],[102.72885403215554,4.831621017555056],[102.72885403215554,4.8322109556565005]]],[[[102.72574478181217,4.833390833359008],[102.72574478181217,4.8322109556565005],[102.72496746922633,4.8322109556565005],[102.72496746922633,4.833390833359008],[102.72574478181217,4.833390833359008]]],[[[102.73118596991307,4.833390833359008],[102.73118596991307,4.832800894257798],[102.73040865732722,4.832800894257798],[102.73040865732722,4.833390833359008],[102.73118596991307,4.833390833359008]]],[[[102.73507253284227,4.833390833359008],[102.73507253284227,4.832800894257798],[102.73429522025643,4.832800894257798],[102.73429522025643,4.833390833359008],[102.73507253284227,4.833390833359008]]],[[[102.70009346647943,4.832800894257798],[102.69931615389358,4.832800894257798],[102.69931615389358,4.833390833359008],[102.70009346647943,4.833390833359008],[102.70009346647943,4.832800894257798]]],[[[102.6977615287219,4.833390833359008],[102.69698421613606,4.833390833359008],[102.69698421613606,4.833980772960196],[102.6977615287219,4.833980772960196],[102.6977615287219,4.833390833359008]]],[[[102.7280767195697,4.835160653662751],[102.72729940698386,4.833980772960196],[102.72574478181217,4.833980772960196],[102.72652209439802,4.835160653662751],[102.7280767195697,4.835160653662751]]],[[[102.73118596991307,4.836340536365958],[102.73118596991307,4.8357505947642405],[102.7319632824989,4.8357505947642405],[102.7319632824989,4.835160653662751],[102.73040865732722,4.835160653662751],[102.73040865732722,4.8357505947642405],[102.72963134474138,4.8357505947642405],[102.72963134474138,4.836340536365958],[102.73118596991307,4.836340536365958]]],[[[102.72185821888297,4.839290251880095],[102.72185821888297,4.838700307776318],[102.72108090629713,4.838700307776318],[102.72108090629713,4.839290251880095],[102.72185821888297,4.839290251880095]]],[[[102.72185821888297,4.841060087195263],[102.72185821888297,4.840470141589504],[102.72108090629713,4.840470141589504],[102.72108090629713,4.841060087195263],[102.72185821888297,4.841060087195263]]],[[[102.69387496579269,4.841650033301806],[102.69154302803518,4.841650033301806],[102.69154302803518,4.842239979909197],[102.69387496579269,4.842239979909197],[102.69387496579269,4.841650033301806]]],[[[102.69387496579269,4.842829927017496],[102.69465227837853,4.842829927017496],[102.69465227837853,4.842239979909197],[102.69387496579269,4.842239979909197],[102.69387496579269,4.842829927017496]]],[[[102.7358498454281,4.845779670074815],[102.7358498454281,4.8451897204610335],[102.73507253284227,4.8451897204610335],[102.73507253284227,4.845779670074815],[102.7358498454281,4.845779670074815]]],[[[102.71175315526703,4.851679193793423],[102.7109758426812,4.851679193793423],[102.7109758426812,4.852269148924732],[102.71175315526703,4.852269148924732],[102.71175315526703,4.851679193793423]]],[[[102.72185821888297,4.853449060693316],[102.72341284405465,4.854039017330712],[102.72341284405465,4.851679193793423],[102.72185821888297,4.851679193793423],[102.72185821888297,4.853449060693316]]],[[[102.72030359371128,4.859938611333387],[102.72030359371128,4.8575787677024955],[102.71952628112544,4.8575787677024955],[102.71952628112544,4.859938611333387],[102.72030359371128,4.859938611333387]]],[[[102.72574478181217,4.859348649671657],[102.72574478181217,4.858758688512639],[102.72496746922633,4.858758688512639],[102.72496746922633,4.859348649671657],[102.72574478181217,4.859348649671657]]],[[[102.70320271682277,4.861118536165238],[102.70320271682277,4.860528573497894],[102.70164809165111,4.860528573497894],[102.70164809165111,4.861118536165238],[102.70320271682277,4.861118536165238]]],[[[102.73351790767059,4.864658322732376],[102.73351790767059,4.8640683570467],[102.73274059508473,4.8640683570467],[102.73274059508473,4.864658322732376],[102.73351790767059,4.864658322732376]]],[[[102.70320271682277,4.873507868445145],[102.70320271682277,4.872327922466676],[102.70242540423695,4.872327922466676],[102.70242540423695,4.873507868445145],[102.70320271682277,4.873507868445145]]],[[[102.70164809165111,4.873507868445145],[102.70164809165111,4.874097842190658],[102.70242540423695,4.874097842190658],[102.70242540423695,4.873507868445145],[102.70164809165111,4.873507868445145]]],[[[102.70242540423695,4.875277791194552],[102.70242540423695,4.874687816440439],[102.70164809165111,4.874687816440439],[102.70164809165111,4.875277791194552],[102.70242540423695,4.875277791194552]]],[[[102.77471547472017,4.599813409325518],[102.7739381621343,4.599813409325518],[102.7739381621343,4.600403155794643],[102.77471547472017,4.600403155794643],[102.77471547472017,4.599813409325518]]],[[[102.80036679005292,4.631070628811836],[102.79958947746707,4.631070628811836],[102.79958947746707,4.631660400565259],[102.80036679005292,4.631660400565259],[102.80036679005292,4.631070628811836]]],[[[102.809694541083,4.637558144440248],[102.809694541083,4.636968367896666],[102.80891722849717,4.636968367896666],[102.80891722849717,4.637558144440248],[102.809694541083,4.637558144440248]]],[[[102.78404322575025,4.6440457180708545],[102.78404322575025,4.643455936250935],[102.78326591316441,4.643455936250935],[102.78326591316441,4.6440457180708545],[102.78404322575025,4.6440457180708545]]],[[[102.82057691728477,4.7360575998014065],[102.82057691728477,4.73546774234506],[102.81979960469893,4.73546774234506],[102.81979960469893,4.7360575998014065],[102.82057691728477,4.7360575998014065]]],[[[102.81202647884052,4.7484447196062],[102.81202647884052,4.747854851852639],[102.81124916625467,4.747854851852639],[102.81124916625467,4.7484447196062],[102.81202647884052,4.7484447196062]]],[[[102.80658529073963,4.751394065740643],[102.80658529073963,4.750804195531328],[102.8058079781538,4.750804195531328],[102.8058079781538,4.751394065740643],[102.80658529073963,4.751394065740643]]],[[[102.75139609714492,4.780298309103016],[102.75139609714492,4.779708414745107],[102.75061878455908,4.779708414745107],[102.75061878455908,4.780298309103016],[102.75139609714492,4.780298309103016]]],[[[102.75061878455908,4.7832477883095255],[102.75061878455908,4.783837685634656],[102.75217340973076,4.783837685634656],[102.75217340973076,4.7844275834545416],[102.75295072231661,4.7844275834545416],[102.75295072231661,4.7832477883095255],[102.75061878455908,4.7832477883095255]]],[[[102.74984147197326,4.7844275834545416],[102.74984147197326,4.785017481769244],[102.75061878455908,4.785017481769244],[102.75061878455908,4.7844275834545416],[102.74984147197326,4.7844275834545416]]],[[[102.75139609714492,4.785607380578827],[102.75139609714492,4.785017481769244],[102.75061878455908,4.785017481769244],[102.75061878455908,4.785607380578827],[102.75139609714492,4.785607380578827]]],[[[102.74984147197326,4.785607380578827],[102.74984147197326,4.786197279883349],[102.7490641593874,4.786197279883349],[102.7490641593874,4.786787179682874],[102.75061878455908,4.786787179682874],[102.75061878455908,4.785607380578827],[102.74984147197326,4.785607380578827]]],[[[102.75061878455908,4.788556882052093],[102.75061878455908,4.787377079977466],[102.74984147197326,4.787377079977466],[102.74984147197326,4.788556882052093],[102.75061878455908,4.788556882052093]]],[[[102.74828684680156,4.7897366861077275],[102.74828684680156,4.789146783832255],[102.74750953421571,4.789146783832255],[102.74750953421571,4.7897366861077275],[102.74828684680156,4.7897366861077275]]],[[[102.74984147197326,4.790326588878577],[102.74984147197326,4.7897366861077275],[102.7490641593874,4.7897366861077275],[102.7490641593874,4.790326588878577],[102.74984147197326,4.790326588878577]]],[[[102.75139609714492,4.790916492144868],[102.75139609714492,4.790326588878577],[102.75061878455908,4.790326588878577],[102.75061878455908,4.790916492144868],[102.75139609714492,4.790916492144868]]],[[[102.75605997265997,4.790916492144868],[102.75605997265997,4.790326588878577],[102.75372803490245,4.790326588878577],[102.75372803490245,4.790916492144868],[102.75605997265997,4.790916492144868]]],[[[102.7490641593874,4.793866015910061],[102.7490641593874,4.792096300164008],[102.74828684680156,4.792096300164008],[102.74828684680156,4.793866015910061],[102.7490641593874,4.793866015910061]]],[[[102.74750953421571,4.794455922150286],[102.74673222162988,4.794455922150286],[102.74673222162988,4.795045828886384],[102.74750953421571,4.795045828886384],[102.74750953421571,4.794455922150286]]],[[[102.7490641593874,4.794455922150286],[102.74828684680156,4.794455922150286],[102.74828684680156,4.795045828886384],[102.7490641593874,4.795045828886384],[102.7490641593874,4.794455922150286]]],[[[102.75450534748829,4.795045828886384],[102.75450534748829,4.794455922150286],[102.75372803490245,4.794455922150286],[102.75372803490245,4.795045828886384],[102.75450534748829,4.795045828886384]]],[[[102.7490641593874,4.796225643846447],[102.7490641593874,4.795635736118415],[102.74828684680156,4.795635736118415],[102.74828684680156,4.796225643846447],[102.7490641593874,4.796225643846447]]],[[[102.75372803490245,4.800355011835818],[102.75372803490245,4.799765100634063],[102.75295072231661,4.799765100634063],[102.75295072231661,4.800355011835818],[102.75372803490245,4.800355011835818]]],[[[102.76849697403343,4.80330457529326],[102.76849697403343,4.802714661608407],[102.76771966144759,4.802714661608407],[102.76771966144759,4.803894489474915],[102.76927428661926,4.803894489474915],[102.76927428661926,4.80330457529326],[102.76849697403343,4.80330457529326]]],[[[102.79803485229537,4.803894489474915],[102.79803485229537,4.80330457529326],[102.79725753970955,4.80330457529326],[102.79725753970955,4.803894489474915],[102.79803485229537,4.803894489474915]]],[[[102.7700515992051,4.80448440415344],[102.7700515992051,4.803894489474915],[102.76927428661926,4.803894489474915],[102.76927428661926,4.80448440415344],[102.7700515992051,4.80448440415344]]],[[[102.7490641593874,4.805074319328896],[102.7490641593874,4.80448440415344],[102.74828684680156,4.80448440415344],[102.74828684680156,4.805074319328896],[102.7490641593874,4.805074319328896]]],[[[102.79881216488121,4.80448440415344],[102.79803485229537,4.80448440415344],[102.79803485229537,4.805074319328896],[102.79881216488121,4.805074319328896],[102.79881216488121,4.80448440415344]]],[[[102.7583919104175,4.805664235001342],[102.75761459783165,4.805664235001342],[102.75761459783165,4.806254151170844],[102.7583919104175,4.806254151170844],[102.7583919104175,4.805664235001342]]],[[[102.79803485229537,4.806254151170844],[102.79803485229537,4.805664235001342],[102.79725753970955,4.805664235001342],[102.79725753970955,4.806254151170844],[102.79803485229537,4.806254151170844]]],[[[102.75683728524581,4.806844067837462],[102.75683728524581,4.806254151170844],[102.75605997265997,4.806254151170844],[102.75605997265997,4.806844067837462],[102.75683728524581,4.806844067837462]]],[[[102.75217340973076,4.806844067837462],[102.75217340973076,4.806254151170844],[102.75139609714492,4.806254151170844],[102.75139609714492,4.806844067837462],[102.75217340973076,4.806844067837462]]],[[[102.75916922300334,4.8086138208206375],[102.75916922300334,4.808023902662297],[102.7583919104175,4.808023902662297],[102.7583919104175,4.807433985001259],[102.75761459783165,4.807433985001259],[102.75761459783165,4.806844067837462],[102.75683728524581,4.806844067837462],[102.75683728524581,4.8086138208206375],[102.75916922300334,4.8086138208206375]]],[[[102.76305578593254,4.8103835782801],[102.76305578593254,4.809793658629477],[102.76227847334671,4.809793658629477],[102.76227847334671,4.8103835782801],[102.76305578593254,4.8103835782801]]],[[[102.76150116076086,4.8103835782801],[102.76150116076086,4.809793658629477],[102.760723848175,4.809793658629477],[102.760723848175,4.8103835782801],[102.76150116076086,4.8103835782801]]],[[[102.78870710126529,4.811563419074064],[102.78870710126529,4.810973498428275],[102.78792978867946,4.810973498428275],[102.78792978867946,4.811563419074064],[102.78870710126529,4.811563419074064]]],[[[102.7490641593874,4.810973498428275],[102.7490641593874,4.812153340217528],[102.74984147197326,4.812153340217528],[102.74984147197326,4.810973498428275],[102.7490641593874,4.810973498428275]]],[[[102.75061878455908,4.8127432618587305],[102.75061878455908,4.812153340217528],[102.74984147197326,4.812153340217528],[102.74984147197326,4.8127432618587305],[102.75061878455908,4.8127432618587305]]],[[[102.74984147197326,4.813923106634601],[102.74984147197326,4.813333183997735],[102.7490641593874,4.813333183997735],[102.7490641593874,4.813923106634601],[102.74984147197326,4.813923106634601]]],[[[102.75528266007413,4.821002217132903],[102.75528266007413,4.820412288516837],[102.75450534748829,4.820412288516837],[102.75450534748829,4.821002217132903],[102.75528266007413,4.821002217132903]]],[[[102.75061878455908,4.822772005973375],[102.75061878455908,4.82218207586111],[102.74984147197326,4.82218207586111],[102.74984147197326,4.822772005973375],[102.75061878455908,4.822772005973375]]],[[[102.75372803490245,4.825721664018806],[102.75372803490245,4.8251317314116315],[102.75295072231661,4.8251317314116315],[102.75295072231661,4.825721664018806],[102.75372803490245,4.825721664018806]]],[[[102.760723848175,4.839290251880095],[102.75994653558917,4.839290251880095],[102.75994653558917,4.83988019648447],[102.760723848175,4.83988019648447],[102.760723848175,4.839290251880095]]],[[[102.760723848175,4.840470141589504],[102.76150116076086,4.840470141589504],[102.76150116076086,4.83988019648447],[102.760723848175,4.83988019648447],[102.760723848175,4.840470141589504]]],[[[102.76227847334671,4.841060087195263],[102.76227847334671,4.840470141589504],[102.76150116076086,4.840470141589504],[102.76150116076086,4.841060087195263],[102.76227847334671,4.841060087195263]]],[[[102.75916922300334,4.840470141589504],[102.7583919104175,4.840470141589504],[102.7583919104175,4.841060087195263],[102.75916922300334,4.841060087195263],[102.75916922300334,4.840470141589504]]],[[[102.76227847334671,4.892387278727425],[102.76150116076086,4.892387278727425],[102.76150116076086,4.892977268640398],[102.76227847334671,4.892977268640398],[102.76227847334671,4.892387278727425]]],[[[102.760723848175,4.892977268640398],[102.760723848175,4.892387278727425],[102.75994653558917,4.892387278727425],[102.75994653558917,4.892977268640398],[102.760723848175,4.892977268640398]]],[[[102.81824497952725,4.908317184256952],[102.81824497952725,4.907727181160994],[102.81746766694141,4.907727181160994],[102.81746766694141,4.908317184256952],[102.81824497952725,4.908317184256952]]],[[[102.8229088550423,4.564429488906891],[102.8229088550423,4.563839771322991],[102.82213154245646,4.563839771322991],[102.82213154245646,4.564429488906891],[102.8229088550423,4.564429488906891]]],[[[102.84234166968831,4.566198644488855],[102.84234166968831,4.565608925489762],[102.84156435710248,4.565608925489762],[102.84156435710248,4.566198644488855],[102.84234166968831,4.566198644488855]]],[[[102.83534585641576,4.567967804317512],[102.83534585641576,4.5673780839026685],[102.8345685438299,4.5673780839026685],[102.8345685438299,4.567967804317512],[102.83534585641576,4.567967804317512]]],[[[102.84156435710248,4.585659636540314],[102.84156435710248,4.58506990193729],[102.84078704451663,4.58506990193729],[102.84078704451663,4.585659636540314],[102.84156435710248,4.585659636540314]]],[[[102.86255179692019,4.594505712488409],[102.86255179692019,4.593915970770375],[102.86177448433435,4.593915970770375],[102.86177448433435,4.594505712488409],[102.86255179692019,4.594505712488409]]],[[[102.83612316900158,4.603941644596015],[102.83534585641576,4.603941644596015],[102.83534585641576,4.604531394394593],[102.83612316900158,4.604531394394593],[102.83612316900158,4.603941644596015]]],[[[102.8345685438299,4.605121144669054],[102.83534585641576,4.605121144669054],[102.83534585641576,4.604531394394593],[102.8345685438299,4.604531394394593],[102.8345685438299,4.605121144669054]]],[[[102.84156435710248,4.609249409920246],[102.84156435710248,4.6086596563128595],[102.84078704451663,4.6086596563128595],[102.84078704451663,4.609249409920246],[102.84156435710248,4.609249409920246]]],[[[102.87654342346532,4.618095771231364],[102.87654342346532,4.617506010471766],[102.87576611087948,4.617506010471766],[102.87576611087948,4.618095771231364],[102.87654342346532,4.618095771231364]]],[[[102.86410642209187,4.628121777223596],[102.86410642209187,4.627532008341292],[102.86332910950603,4.627532008341292],[102.86332910950603,4.628121777223596],[102.86410642209187,4.628121777223596]]],[[[102.86954761019274,4.631660400565259],[102.8691948712123,4.631070628811836],[102.8687702976069,4.631070628811836],[102.8687702976069,4.631660400565259],[102.86954761019274,4.631660400565259]]],[[[102.86799298502106,4.633429718698199],[102.86799298502106,4.63225017279742],[102.86721567243524,4.63225017279742],[102.86721567243524,4.633429718698199],[102.86799298502106,4.633429718698199]]],[[[102.8687702976069,4.63637859183238],[102.8687702976069,4.635788816247326],[102.86799298502106,4.635788816247326],[102.86799298502106,4.63637859183238],[102.8687702976069,4.63637859183238]]],[[[102.86255179692019,4.652302713982091],[102.86255179692019,4.651712925435977],[102.86177448433435,4.651712925435977],[102.86177448433435,4.652302713982091],[102.86255179692019,4.652302713982091]]],[[[102.84000973193079,4.652892503009115],[102.83923241934495,4.652892503009115],[102.83923241934495,4.6534822925171095],[102.84000973193079,4.6534822925171095],[102.84000973193079,4.652892503009115]]],[[[102.89986280104056,4.696538229890283],[102.89908548845472,4.696538229890283],[102.89908548845472,4.6971280551622465],[102.89986280104056,4.6971280551622465],[102.89986280104056,4.696538229890283]]],[[[102.89597623811134,4.700667016994314],[102.89597623811134,4.700077188807672],[102.89442161293965,4.700077188807672],[102.89442161293965,4.700667016994314],[102.89597623811134,4.700667016994314]]],[[[102.84234166968831,4.704795827912187],[102.84234166968831,4.704205996322265],[102.84156435710248,4.704205996322265],[102.84156435710248,4.704795827912187],[102.84234166968831,4.704795827912187]]],[[[102.86954761019274,4.705975492551388],[102.86954761019274,4.705385659988542],[102.8687702976069,4.705385659988542],[102.8687702976069,4.705975492551388],[102.86954761019274,4.705975492551388]]],[[[102.86099717174851,4.707744993159509],[102.86099717174851,4.70715515913681],[102.86021985916265,4.70715515913681],[102.86021985916265,4.707744993159509],[102.86099717174851,4.707744993159509]]],[[[102.88431654932373,4.711873844950656],[102.88431654932373,4.71128400751946],[102.88353923673789,4.71128400751946],[102.88353923673789,4.711873844950656],[102.88431654932373,4.711873844950656]]],[[[102.85244673330425,4.722491002079518],[102.85244673330425,4.721901155869646],[102.85166942071841,4.721901155869646],[102.85166942071841,4.722491002079518],[102.85244673330425,4.722491002079518]]],[[[102.9426149932618,4.72720978934229],[102.9426149932618,4.726619939224328],[102.94183768067596,4.726619939224328],[102.94183768067596,4.72720978934229],[102.9426149932618,4.72720978934229]]],[[[102.95272005687774,4.737237316183327],[102.95194274429188,4.737237316183327],[102.95194274429188,4.738417034524635],[102.95272005687774,4.738417034524635],[102.95272005687774,4.737237316183327]]],[[[102.86410642209187,4.738417034524635],[102.86332910950603,4.738417034524635],[102.86332910950603,4.739006894430213],[102.86410642209187,4.739006894430213],[102.86410642209187,4.738417034524635]]],[[[102.8571106088193,4.739596754825827],[102.8571106088193,4.739006894430213],[102.85633329623344,4.739006894430213],[102.85633329623344,4.739596754825827],[102.8571106088193,4.739596754825827]]],[[[102.87732073605115,4.741956201309846],[102.87732073605115,4.7413663389534815],[102.87654342346532,4.7413663389534815],[102.87654342346532,4.741956201309846],[102.87732073605115,4.741956201309846]]],[[[102.89830817586886,4.743725791321251],[102.89830817586886,4.743135927493669],[102.89753086328302,4.743135927493669],[102.89753086328302,4.743725791321251],[102.89830817586886,4.743725791321251]]],[[[102.85788792140514,4.744315655639362],[102.85788792140514,4.743725791321251],[102.8571106088193,4.743725791321251],[102.8571106088193,4.744315655639362],[102.85788792140514,4.744315655639362]]],[[[102.89519892552552,4.760832055953807],[102.89519892552552,4.760242177875639],[102.89442161293965,4.760242177875639],[102.89442161293965,4.760832055953807],[102.89519892552552,4.760832055953807]]],[[[102.94494693101933,4.770860058660049],[102.94494693101933,4.770270172203799],[102.94416961843348,4.770270172203799],[102.94416961843348,4.770860058660049],[102.94494693101933,4.770860058660049]]],[[[102.94727886877683,4.776758950369119],[102.94727886877683,4.776169058976198],[102.94650155619101,4.776169058976198],[102.94650155619101,4.776758950369119],[102.94727886877683,4.776758950369119]]],[[[102.92706874154499,4.793866015910061],[102.92629142895915,4.793866015910061],[102.92629142895915,4.794455922150286],[102.92706874154499,4.794455922150286],[102.92706874154499,4.793866015910061]]],[[[102.8664383598494,4.80330457529326],[102.86566104726354,4.80330457529326],[102.86566104726354,4.803894489474915],[102.8664383598494,4.803894489474915],[102.8664383598494,4.80330457529326]]],[[[102.9503881191202,4.809203739476344],[102.95090764199331,4.8086138208206375],[102.9503881191202,4.8086138208206375],[102.9503881191202,4.809203739476344]]],[[[102.94883349394854,4.809793658629477],[102.94883349394854,4.809203739476344],[102.94805618136269,4.809203739476344],[102.94805618136269,4.809793658629477],[102.94883349394854,4.809793658629477]]],[[[102.9503881191202,4.809793658629477],[102.9503881191202,4.809203739476344],[102.94961080653438,4.809203739476344],[102.94961080653438,4.809793658629477],[102.9503881191202,4.809793658629477]]],[[[102.88431654932373,4.81510295340217],[102.88353923673789,4.81510295340217],[102.88353923673789,4.815692877532995],[102.88431654932373,4.815692877532995],[102.88431654932373,4.81510295340217]]],[[[102.88276192415206,4.8162828021619335],[102.8819846115662,4.8162828021619335],[102.8819846115662,4.816872727289046],[102.88276192415206,4.816872727289046],[102.88276192415206,4.8162828021619335]]],[[[102.88664848708126,4.821002217132903],[102.88664848708126,4.820412288516837],[102.8858711744954,4.820412288516837],[102.8858711744954,4.821002217132903],[102.88664848708126,4.821002217132903]]],[[[102.87265686053611,4.830441142851476],[102.87265686053611,4.829851206249215],[102.87187954795027,4.829851206249215],[102.87187954795027,4.830441142851476],[102.87265686053611,4.830441142851476]]],[[[102.94727886877683,4.8357505947642405],[102.9478416551844,4.835160653662751],[102.94727886877683,4.835160653662751],[102.94727886877683,4.8357505947642405]]],[[[102.8742114857078,4.836930478467962],[102.87343417312195,4.836930478467962],[102.87343417312195,4.837520421070315],[102.8742114857078,4.837520421070315],[102.8742114857078,4.836930478467962]]],[[[102.89830817586886,4.8499093314106725],[102.89753086328302,4.8499093314106725],[102.89753086328302,4.850499285036454],[102.89830817586886,4.850499285036454],[102.89830817586886,4.8499093314106725]]]]},"properties":{"place_id":"3c62490b-9d22-53cd-8666-3eefd06fc836","habitat":"open_grassland","habitat_label":"Open grassland or shrubland","resolution_m":75}},{"type":"Feature","geometry":{"type":"MultiPolygon","coordinates":[[[[102.38367773374004,4.293797697481735],[102.38372724404215,4.29497671405802],[102.384504556628,4.29497671405802],[102.38528186921384,4.293797697481735],[102.38367773374004,4.293797697481735]]],[[[102.37828605594126,4.29497671405802],[102.37828605594126,4.295566223011219],[102.3790633685271,4.295566223011219],[102.3790633685271,4.29497671405802],[102.37828605594126,4.29497671405802]]],[[[102.38372724404215,4.29497671405802],[102.3829499314563,4.295566223011219],[102.38372724404215,4.295566223011219],[102.38372724404215,4.29497671405802]]],[[[102.39849618317314,4.336832955252578],[102.39927349575896,4.336832955252578],[102.39927349575896,4.336243415108306],[102.39849618317314,4.336243415108306],[102.39849618317314,4.336832955252578]]],[[[102.39305499507225,4.36218360587508],[102.39421767394605,4.36218360587508],[102.39460962024393,4.361594046420439],[102.39072305731472,4.361594046420439],[102.39072305731472,4.36277316578016],[102.39300360834379,4.36277316578016],[102.39305499507225,4.36218360587508]]],[[[102.39616424541559,4.374564458568996],[102.39625168459744,4.374564458568996],[102.39616424541559,4.374297729370067],[102.39616424541559,4.374564458568996]]],[[[102.01450376576769,4.465953142106728],[102.01528107835354,4.465953142106728],[102.01528107835354,4.465363502422511],[102.01450376576769,4.465363502422511],[102.01450376576769,4.465953142106728]]],[[[102.01061720283849,4.46654278225227],[102.01139451542434,4.46654278225227],[102.01139451542434,4.465953142106728],[102.01061720283849,4.465953142106728],[102.01061720283849,4.46654278225227]]],[[[101.99584826370752,4.466853556285711],[101.99662557629334,4.4671324228592],[101.99662557629334,4.466687737130671],[101.99584826370752,4.466853556285711]]],[[[102.00750795249513,4.467722063927581],[102.0090625776668,4.467722063927581],[102.0090625776668,4.4671324228592],[102.00750795249513,4.4671324228592],[102.00750795249513,4.467722063927581]]],[[[101.99507095112168,4.468311705457472],[101.99584826370752,4.468311705457472],[101.99584826370752,4.4671324228592],[101.99507095112168,4.4671324228592],[101.99507095112168,4.468311705457472]]],[[[102.0051760147376,4.468311705457472],[102.00595332732344,4.468311705457472],[102.00595332732344,4.467722063927581],[102.0051760147376,4.467722063927581],[102.0051760147376,4.468311705457472]]],[[[102.00673063990929,4.468311705457472],[102.00750795249513,4.468311705457472],[102.00750795249513,4.467722063927581],[102.00673063990929,4.467722063927581],[102.00673063990929,4.468311705457472]]],[[[102.00673063990929,4.468311705457472],[102.00595332732344,4.468311705457472],[102.00595332732344,4.468901347448936],[102.00673063990929,4.468901347448936],[102.00673063990929,4.468311705457472]]],[[[101.99584826370752,4.470670276193386],[101.99584826370752,4.475387439836574],[101.99662557629334,4.475387439836574],[101.99662557629334,4.470670276193386],[101.99584826370752,4.470670276193386]]],[[[101.99584826370752,4.478335682136824],[101.99662557629334,4.478335682136824],[101.99662557629334,4.47715638382928],[101.99507095112168,4.47715638382928],[101.99507095112168,4.478925331984502],[101.99584826370752,4.478925331984502],[101.99584826370752,4.478335682136824]]],[[[101.99507095112168,4.478925331984502],[101.99429363853584,4.478925331984502],[101.99429363853584,4.479514982294869],[101.99507095112168,4.479514982294869],[101.99507095112168,4.478925331984502]]],[[[101.99507095112168,4.479514982294869],[101.99507095112168,4.4801046330679855],[101.99584826370752,4.4801046330679855],[101.99584826370752,4.479514982294869],[101.99507095112168,4.479514982294869]]],[[[101.99429363853584,4.48246324078918],[101.99507095112168,4.48246324078918],[101.99507095112168,4.480694284303913],[101.99429363853584,4.480694284303913],[101.99429363853584,4.48246324078918]]],[[[101.99351632594998,4.484232201441978],[101.99429363853584,4.484232201441978],[101.99429363853584,4.483642547427883],[101.99351632594998,4.483642547427883],[101.99351632594998,4.484232201441978]]],[[[101.99351632594998,4.484821855919316],[101.99351632594998,4.487180478462359],[101.99429363853584,4.487180478462359],[101.99429363853584,4.484821855919316],[101.99351632594998,4.484821855919316]]],[[[101.9919617007783,4.487180478462359],[101.99273901336414,4.487180478462359],[101.99273901336414,4.486001166263977],[101.9919617007783,4.486001166263977],[101.9919617007783,4.487180478462359]]],[[[101.99273901336414,4.490128767071594],[101.99351632594998,4.490128767071594],[101.99351632594998,4.488359792514958],[101.99273901336414,4.488359792514958],[101.99273901336414,4.490128767071594]]],[[[102.29044973374124,4.769090400771215],[102.29044973374124,4.769217465132664],[102.290825861154,4.769090400771215],[102.29044973374124,4.769090400771215]]],[[[102.40704662161738,4.387535089358088],[102.40770129398045,4.387535089358088],[102.40706287544323,4.38694551047877],[102.40704662161738,4.38694551047877],[102.40704662161738,4.387535089358088]]],[[[102.40782393420322,4.3887142484760755],[102.40860124678905,4.3887142484760755],[102.40854128900968,4.388124668690502],[102.40782393420322,4.388124668690502],[102.40782393420322,4.3887142484760755]]],[[[102.42492481109171,4.396378826954119],[102.42533931841807,4.396378826954119],[102.42492481109171,4.396206471397379],[102.42492481109171,4.396378826954119]]],[[[102.42881137402092,4.398737174224047],[102.42893770930044,4.398737174224047],[102.42881137402092,4.398710371203382],[102.42881137402092,4.398737174224047]]],[[[102.45446268935368,4.429254692352775],[102.45338089234397,4.428217129645755],[102.452908064182,4.428217129645755],[102.45368537676784,4.4293963515941295],[102.45446268935368,4.429254692352775]]],[[[102.44037183131125,4.4311651879480145],[102.4396937502227,4.431404742376703],[102.4396937502227,4.431754800981243],[102.44047106280854,4.431754800981243],[102.44037183131125,4.4311651879480145]]],[[[102.46379044038378,4.446495275737077],[102.46389488709424,4.446495275737077],[102.46379044038378,4.446470957279063],[102.46379044038378,4.446495275737077]]],[[[102.48633250537316,4.461236037544905],[102.487109817959,4.461236037544905],[102.487109817959,4.460646401549064],[102.4864411,4.460816895122444],[102.48633250537316,4.461236037544905]]],[[[102.47622744175723,4.497204707062601],[102.47622744175723,4.497342333963938],[102.47640365881479,4.497204707062601],[102.47622744175723,4.497204707062601]]],[[[102.57339151498734,4.501922037551877],[102.57339151498734,4.501332369613511],[102.57232944887959,4.501332369613511],[102.57205618826231,4.501922037551877],[102.57339151498734,4.501922037551877]]],[[[102.53141663535195,4.505654466191204],[102.53219394793777,4.506049726146776],[102.53219394793777,4.505554945565268],[102.53141663535195,4.505654466191204]]],[[[102.53341744504459,4.506639397807693],[102.53297126052361,4.50722906993421],[102.53372755603375,4.50722906993421],[102.53341744504459,4.506639397807693]]],[[[102.52364350949352,4.513125816820863],[102.52442082207936,4.513125816820863],[102.52442082207936,4.512536140034965],[102.52364350949352,4.512619044306499],[102.52364350949352,4.513125816820863]]],[[[102.47545012917138,4.51622027892466],[102.47561998797269,4.516074207745776],[102.47545012917138,4.516074207745776],[102.47545012917138,4.51622027892466]]],[[[102.66589171270242,4.532585412708573],[102.66659276618134,4.532585412708573],[102.66589171270242,4.532370781278934],[102.66589171270242,4.532585412708573]]],[[[102.57028226464398,4.610428918564219],[102.57105957722983,4.610428918564219],[102.57105957722983,4.609839164004011],[102.57028226464398,4.609839164004011],[102.57028226464398,4.610428918564219]]],[[[102.58582851636079,4.618685532468272],[102.58660582894663,4.618685532468272],[102.58660582894663,4.618095771231364],[102.58582851636079,4.618095771231364],[102.58582851636079,4.618685532468272]]],[[[102.57727807791655,4.626352472011524],[102.57727807791655,4.6269422399372875],[102.57805539050239,4.6269422399372875],[102.57805539050239,4.626352472011524],[102.57727807791655,4.626352472011524]]],[[[102.61692101979445,4.639917255408766],[102.61769833238029,4.639917255408766],[102.61769833238029,4.6393274769473845],[102.61692101979445,4.6393274769473845],[102.61692101979445,4.639917255408766]]],[[[102.50343338226165,4.782657891479086],[102.50421069484749,4.782657891479086],[102.50421069484749,4.7820679951432785],[102.50343338226165,4.7820679951432785],[102.50343338226165,4.782657891479086]]],[[[102.50498800743335,4.785607380578827],[102.50498800743335,4.786197279883349],[102.5057653200192,4.786197279883349],[102.5057653200192,4.785607380578827],[102.50498800743335,4.785607380578827]]],[[[102.50421069484749,4.787377079977466],[102.50498800743335,4.787377079977466],[102.50498800743335,4.786787179682874],[102.50421069484749,4.786787179682874],[102.50421069484749,4.787377079977466]]],[[[102.49799219416077,4.79740546079075],[102.49876950674661,4.79740546079075],[102.49876950674661,4.796815552070537],[102.49799219416077,4.796815552070537],[102.49799219416077,4.79740546079075]]],[[[102.49643756898911,4.799765100634063],[102.49643756898911,4.800355011835818],[102.49721488157493,4.800355011835818],[102.49721488157493,4.799765100634063],[102.49643756898911,4.799765100634063]]],[[[102.69698421613606,4.489539108422267],[102.69698421613606,4.4891778116887435],[102.69650013391526,4.489539108422267],[102.69698421613606,4.489539108422267]]],[[[102.6977615287219,4.489539108422267],[102.69853884130774,4.489539108422267],[102.69853884130774,4.489460007276376],[102.6977615287219,4.489030136129715],[102.6977615287219,4.489539108422267]]],[[[102.69931615389358,4.490128767071594],[102.69941036002552,4.490128767071594],[102.69931615389358,4.49005647797752],[102.69931615389358,4.490128767071594]]],[[[102.69465227837853,4.494846052970508],[102.69465227837853,4.4947892426857665],[102.69463186400903,4.494846052970508],[102.69465227837853,4.494846052970508]]],[[[102.69387496579269,4.497204707062601],[102.69387496579269,4.496952396018344],[102.69378516636479,4.497204707062601],[102.69387496579269,4.497204707062601]]],[[[102.68998840286349,4.501332369613511],[102.68998840286349,4.501297733482267],[102.68995328222468,4.501332369613511],[102.68998840286349,4.501332369613511]]],[[[102.68865075627353,4.50310137482398],[102.68921109027765,4.502511705955347],[102.68870048571853,4.502511705955347],[102.68865075627353,4.50310137482398]]],[[[102.69154302803518,4.506639397807693],[102.69136401759627,4.5078187425263865],[102.69154302803518,4.5078187425263865],[102.69154302803518,4.506639397807693]]],[[[102.68843377769181,4.510767112474324],[102.68843377769181,4.510700908479089],[102.68799789006212,4.510767112474324],[102.68843377769181,4.510767112474324]]],[[[102.68532452734844,4.511211385838624],[102.68610183993428,4.511356787861758],[102.68610183993428,4.511064537712492],[102.68532452734844,4.511211385838624]]],[[[102.68532452734844,4.511356787861758],[102.68479818262612,4.511946463715284],[102.68532452734844,4.511946463715284],[102.68532452734844,4.511356787861758]]],[[[102.68532452734844,4.513715494073041],[102.68532452734844,4.513125816820863],[102.68463058809253,4.513125816820863],[102.68467508808371,4.513715494073041],[102.68532452734844,4.513715494073041]]],[[[102.68502816030964,4.514894849976479],[102.68532452734844,4.514305171791558],[102.68494138032007,4.514305171791558],[102.68502816030964,4.514894849976479]]],[[[102.6845472147626,4.516074207745776],[102.6845472147626,4.515999619656767],[102.68451335285081,4.516074207745776],[102.6845472147626,4.516074207745776]]],[[[102.68376990217676,4.5178432478992905],[102.68376990217676,4.517550385806239],[102.68352850733908,4.5178432478992905],[102.68376990217676,4.5178432478992905]]],[[[102.68221527700507,4.52079165749146],[102.68299258959091,4.52079165749146],[102.68299258959091,4.519022610335401],[102.68221527700507,4.519921734244883],[102.68221527700507,4.52079165749146]]],[[[102.68221527700507,4.52079165749146],[102.68198750066227,4.521381340810898],[102.68221527700507,4.521381340810898],[102.68221527700507,4.52079165749146]]],[[[102.67988333924757,4.527867888169982],[102.68066065183339,4.527867888169982],[102.68066065183339,4.5267204400709975],[102.67910602666173,4.52845757709926],[102.67988333924757,4.52845757709926],[102.67988333924757,4.527867888169982]]],[[[102.67832871407586,4.529636956361545],[102.67910602666173,4.529636956361545],[102.67910602666173,4.529047266496426],[102.67848831031084,4.529047266496426],[102.67832871407586,4.529636956361545]]],[[[102.67055558821747,4.5308163374958825],[102.67055558821747,4.530226646694676],[102.67146736761757,4.530226646694676],[102.67130919999998,4.530180395050074],[102.6704603,4.53022809505004],[102.66977827563161,4.530665015321367],[102.67055558821747,4.5308163374958825]]],[[[102.67755140149004,4.5308163374958825],[102.67832871407586,4.5308163374958825],[102.67832871407586,4.530226646694676],[102.67774863232209,4.530226646694676],[102.67755140149004,4.5308163374958825]]],[[[102.67288752597499,4.531406028765229],[102.67308256148048,4.531406028765229],[102.67288752597499,4.531138260818965],[102.67288752597499,4.531406028765229]]],[[[102.66977827563161,4.531406028765229],[102.66863282010283,4.5319957205027706],[102.66977827563161,4.5319957205027706],[102.66977827563161,4.531406028765229]]],[[[102.6767740889042,4.5319957205027706],[102.67755140149004,4.5319957205027706],[102.67755140149004,4.531406028765229],[102.67707392096499,4.531406028765229],[102.67604458737051,4.532585412708573],[102.6767740889042,4.532585412708573],[102.6767740889042,4.5319957205027706]]],[[[102.70398002940863,4.501332369613511],[102.70475734199448,4.501332369613511],[102.70454786348398,4.500153035131834],[102.70398002940863,4.500153035131834],[102.70398002940863,4.501332369613511]]],[[[102.70864390492369,4.502511705955347],[102.70864390492369,4.50339730030429],[102.70942121750952,4.502696296906662],[102.70864390492369,4.502511705955347]]],[[[102.70786659233782,4.503691044157839],[102.70830694880551,4.5042807139569865],[102.70851173612884,4.503691044157839],[102.70786659233782,4.503691044157839]]],[[[102.70864390492369,4.506049726146776],[102.70942121750952,4.506049726146776],[102.70942121750952,4.505729275102842],[102.70864390492369,4.505460054951393],[102.70864390492369,4.506049726146776]]],[[[102.71019853009535,4.506639397807693],[102.71019853009535,4.50722906993421],[102.7109758426812,4.50722906993421],[102.7109758426812,4.506753810435231],[102.71019853009535,4.506639397807693]]],[[[102.71408509302456,4.511946463715284],[102.7148624056104,4.511946463715284],[102.7148624056104,4.511765311463298],[102.71408509302456,4.511356787861758],[102.71408509302456,4.511946463715284]]],[[[102.71408509302456,4.516074207745776],[102.7148624056104,4.516074207745776],[102.71478455391372,4.515484528627865],[102.71408509302456,4.515484528627865],[102.71408509302456,4.516074207745776]]],[[[102.72185821888297,4.526542558775338],[102.72263553146881,4.526688511714846],[102.72263553146881,4.526252743733307],[102.72185821888297,4.526542558775338]]],[[[102.72185821888297,4.52845757709926],[102.72196664293473,4.529047266496426],[102.72244397955097,4.52845757709926],[102.72185821888297,4.52845757709926]]],[[[102.70786659233782,4.560301475721158],[102.70864390492369,4.560301475721158],[102.70864390492369,4.559711761437203],[102.70786659233782,4.559711761437203],[102.70786659233782,4.560301475721158]]],[[[102.71175315526703,4.566198644488855],[102.71175315526703,4.566788363959804],[102.71253046785287,4.566788363959804],[102.71253046785287,4.566198644488855],[102.71175315526703,4.566198644488855]]],[[[102.70942121750952,4.578582852563703],[102.71019853009535,4.578582852563703],[102.71019853009535,4.577993123642646],[102.70942121750952,4.577993123642646],[102.70942121750952,4.578582852563703]]],[[[102.7187489685396,4.602762146426264],[102.71952628112544,4.602762146426264],[102.71952628112544,4.602172398054967],[102.7187489685396,4.602172398054967],[102.7187489685396,4.602762146426264]]],[[[102.7319632824989,4.60335189527326],[102.7319632824989,4.603941644596015],[102.73274059508473,4.603941644596015],[102.73274059508473,4.60335189527326],[102.7319632824989,4.60335189527326]]],[[[102.7319632824989,4.605121144669054],[102.73274059508473,4.605121144669054],[102.73274059508473,4.604531394394593],[102.7319632824989,4.604531394394593],[102.7319632824989,4.605121144669054]]],[[[102.7319632824989,4.606890398348362],[102.73274059508473,4.606890398348362],[102.73274059508473,4.605710895419462],[102.7319632824989,4.605710895419462],[102.7319632824989,4.606890398348362]]],[[[102.73507253284227,4.606890398348362],[102.73507253284227,4.607480150526982],[102.73662715801395,4.607480150526982],[102.73662715801395,4.606890398348362],[102.73507253284227,4.606890398348362]]],[[[102.73818178318562,4.610428918564219],[102.73895909577146,4.610428918564219],[102.73895909577146,4.609839164004011],[102.73818178318562,4.609839164004011],[102.73818178318562,4.610428918564219]]],[[[102.76383309851838,4.619865056374267],[102.76461041110421,4.619865056374267],[102.76461041110421,4.619275294182552],[102.76383309851838,4.619275294182552],[102.76383309851838,4.619865056374267]]],[[[102.78870710126529,4.628121777223596],[102.78870710126529,4.628711546584268],[102.78948441385113,4.628711546584268],[102.78948441385113,4.628121777223596],[102.78870710126529,4.628121777223596]]],[[[102.77782472506351,4.806844067837462],[102.77860203764936,4.806844067837462],[102.77860203764936,4.806254151170844],[102.77782472506351,4.806254151170844],[102.77782472506351,4.806844067837462]]],[[[102.79103903902283,4.8127432618587305],[102.79181635160866,4.8127432618587305],[102.79181635160866,4.812153340217528],[102.79103903902283,4.812153340217528],[102.79103903902283,4.8127432618587305]]]]},"properties":{"place_id":"3c62490b-9d22-53cd-8666-3eefd06fc836","habitat":"disturbed_built_edge","habitat_label":"Disturbed, bare or built edge","resolution_m":75}},{"type":"Feature","geometry":{"type":"MultiPolygon","coordinates":[[[[102.38916843214304,4.303229879779744],[102.38972218602927,4.303819394946939],[102.38969739210029,4.303229879779744],[102.38916843214304,4.303229879779744]]],[[[102.3913360726903,4.330937573949777],[102.39124681419375,4.33034803827991],[102.39072305731472,4.33034803827991],[102.39072305731472,4.330937573949777],[102.3913360726903,4.330937573949777]]],[[[102.39849618317314,4.336832955252578],[102.39849618317314,4.336243415108306],[102.39694155800146,4.336243415108306],[102.39694155800146,4.336832955252578],[102.39849618317314,4.336832955252578]]],[[[102.4358071872935,4.415245808849085],[102.43632789478252,4.415835409546821],[102.43644484446237,4.415245808849085],[102.4358071872935,4.415245808849085]]],[[[102.45368537676784,4.4293963515941295],[102.45368537676784,4.428806740391229],[102.452908064182,4.428806740391229],[102.452908064182,4.4293963515941295],[102.45368537676784,4.4293963515941295]]],[[[102.48400056761564,4.50722906993421],[102.48457374017335,4.506639397807693],[102.48400056761564,4.506639397807693],[102.48400056761564,4.50722906993421]]],[[[102.60137476807762,4.62576270456394],[102.60215208066346,4.62576270456394],[102.60215208066346,4.6251729375944715],[102.60137476807762,4.6251729375944715],[102.60137476807762,4.62576270456394]]],[[[102.74828684680156,4.796225643846447],[102.74828684680156,4.795635736118415],[102.74673222162988,4.795635736118415],[102.74673222162988,4.796225643846447],[102.74828684680156,4.796225643846447]]],[[[102.79648022712371,4.813333183997735],[102.79648022712371,4.8127432618587305],[102.79570291453787,4.8127432618587305],[102.79570291453787,4.813333183997735],[102.79648022712371,4.813333183997735]]],[[[102.7319632824989,4.856398848902457],[102.73274059508473,4.856398848902457],[102.73274059508473,4.855218932112031],[102.7319632824989,4.855218932112031],[102.7319632824989,4.856398848902457]]],[[[102.7319632824989,4.864658322732376],[102.7319632824989,4.8640683570467],[102.73118596991307,4.8640683570467],[102.73118596991307,4.864658322732376],[102.7319632824989,4.864658322732376]]],[[[102.71797165595378,4.874687816440439],[102.71797165595378,4.874097842190658],[102.71719434336792,4.874097842190658],[102.71719434336792,4.874687816440439],[102.71797165595378,4.874687816440439]]]]},"properties":{"place_id":"3c62490b-9d22-53cd-8666-3eefd06fc836","habitat":"cropland","habitat_label":"Cropland","resolution_m":75}},{"type":"Feature","geometry":{"type":"MultiPolygon","coordinates":[[[[102.37284486784039,4.270217737645593],[102.37344450513707,4.270217737645593],[102.37284486784039,4.27008589844546],[102.37284486784039,4.270217737645593]]],[[[102.37362218042621,4.27080722802945],[102.37439949301205,4.27080722802945],[102.37439949301205,4.271396718854167],[102.37595411818376,4.271396718854167],[102.37595411818376,4.271986210119809],[102.37711776328767,4.271986210119809],[102.3749265,4.270844295321461],[102.37362218042621,4.270256802211244],[102.37362218042621,4.27080722802945]]],[[[102.37750874335542,4.272575701826435],[102.37819745413896,4.272575701826435],[102.37750874335542,4.2721996781251415],[102.37750874335542,4.272575701826435]]],[[[102.37828605594126,4.273165193974106],[102.37902524820122,4.273165193974106],[102.37828605594126,4.27262407683001],[102.37828605594126,4.273165193974106]]],[[[102.3790633685271,4.273754686562886],[102.37956239999998,4.273734795318449],[102.3790633685271,4.273205617149891],[102.3790633685271,4.273754686562886]]],[[[102.38041387792533,4.279060139721963],[102.38011909999999,4.275886395316165],[102.37984068111294,4.274465202521689],[102.37984068111294,4.279060139721963],[102.38041387792533,4.279060139721963]]],[[[102.37984068111294,4.280828632057163],[102.3790633685271,4.283186628024471],[102.37828605594126,4.283186628024471],[102.37828605594126,4.2837761281215405],[102.37750874335542,4.2837761281215405],[102.37750874335542,4.284955129642397],[102.37673143076958,4.284955129642397],[102.37673143076958,4.2868273508390615],[102.37990789999999,4.281975995309776],[102.37984068111294,4.280828632057163]]],[[[102.37750874335542,4.29085016379717],[102.37750874335542,4.291439669647914],[102.37811717493014,4.291439669647914],[102.37656819999998,4.289590495301773],[102.37654710983239,4.287313137992727],[102.37595411818376,4.287313137992727],[102.37595411818376,4.290260658389387],[102.37750874335542,4.29085016379717]]],[[[102.37828605594126,4.292618682678532],[102.37951572217537,4.293208189858531],[102.37877449999999,4.292122695299134],[102.37828605594126,4.29161515363685],[102.37828605594126,4.292618682678532]]],[[[102.3868364943855,4.293797697481735],[102.3868364943855,4.293208189858531],[102.38858373187232,4.293208189858531],[102.38698509999999,4.293073395298117],[102.38461739999998,4.293315895297856],[102.38367773374004,4.293797697481735],[102.3868364943855,4.293797697481735]]],[[[102.37885841306228,4.2973347525318015],[102.37944869999998,4.295235995295846],[102.37964668933719,4.294387205548212],[102.3790633685271,4.294387205548212],[102.3790633685271,4.295566223011219],[102.37828605594126,4.295566223011219],[102.37828605594126,4.2973347525318015],[102.37885841306228,4.2973347525318015]]],[[[102.3829499314563,4.2973347525318015],[102.3829499314563,4.29538992748819],[102.38220810713506,4.2973347525318015],[102.3829499314563,4.2973347525318015]]],[[[102.38916843214304,4.303229879779744],[102.38969739210029,4.303229879779744],[102.38916843214304,4.293543656214534],[102.38916843214304,4.303229879779744]]],[[[102.3790633685271,4.299103286045147],[102.38139530628463,4.299103286045147],[102.38139530628463,4.298513774430289],[102.38217261887047,4.298513774430289],[102.38217261887047,4.297418484785504],[102.3813601,4.298441395292494],[102.3799183,4.2990064952918905],[102.3790633685271,4.298657424982113],[102.3790633685271,4.299103286045147]]],[[[102.38916843214304,4.303819394946939],[102.38916843214304,4.305587943114694],[102.38839111955721,4.305587943114694],[102.38839111955721,4.306766977448954],[102.38761380697134,4.306766977448954],[102.3868364943855,4.309039213283781],[102.3893319,4.305398495285204],[102.38972218602927,4.303819394946939],[102.38916843214304,4.303819394946939]]],[[[102.38605918179967,4.309125051453518],[102.38605918179967,4.309714571066695],[102.38528186921384,4.309714571066695],[102.38528186921384,4.311014097029486],[102.3867689226406,4.309125051453518],[102.38605918179967,4.309125051453518]]],[[[102.384504556628,4.3114831325760985],[102.384504556628,4.312315749686108],[102.3849957682378,4.3114831325760985],[102.384504556628,4.3114831325760985]]],[[[102.38372724404215,4.3126621758078825],[102.38372724404215,4.313783804449724],[102.38430017888652,4.3126621758078825],[102.38372724404215,4.3126621758078825]]],[[[102.3829499314563,4.315463168437897],[102.3831344,4.315061895275028],[102.38370061136521,4.313841220820651],[102.3829499314563,4.313841220820651],[102.3829499314563,4.315463168437897]]],[[[102.38217261887047,4.315609791680239],[102.38217261887047,4.319146945431088],[102.38275433939772,4.319146945431088],[102.3823069,4.317326095272681],[102.38288252758036,4.315609791680239],[102.38217261887047,4.315609791680239]]],[[[102.3829499314563,4.320326000248124],[102.38372724404215,4.320326000248124],[102.38372724404215,4.320915528325686],[102.38528186921384,4.320915528325686],[102.38528186921384,4.32150505684936],[102.3883251686982,4.320915528325686],[102.3843357,4.320639095269205],[102.3829499314563,4.319404261278054],[102.3829499314563,4.320326000248124]]],[[[102.38839111955721,4.32150505684936],[102.38966006636656,4.32150505684936],[102.38839111955721,4.320926136294494],[102.38839111955721,4.32150505684936]]],[[[102.38994574472888,4.32268411523529],[102.39048095175552,4.32268411523529],[102.38994574472888,4.321776143824165],[102.38994574472888,4.32268411523529]]],[[[102.39072305731472,4.33034803827991],[102.39124681419375,4.33034803827991],[102.39072305731472,4.323352945290711],[102.39072305731472,4.33034803827991]]],[[[102.39150036990056,4.3327061836426015],[102.39194820921773,4.3327061836426015],[102.39150036990056,4.331453686655626],[102.39150036990056,4.3327061836426015]]],[[[102.3922776824864,4.3338852590077845],[102.39263146832353,4.3338852590077845],[102.3922776824864,4.333274743444623],[102.3922776824864,4.3338852590077845]]],[[[102.39305499507225,4.335064336162856],[102.39383230765809,4.335064336162856],[102.39460962024393,4.336243415108306],[102.39927349575896,4.336243415108306],[102.39927349575896,4.336832955252578],[102.40082812093067,4.3374224958446295],[102.40082812093067,4.338012036884524],[102.4000508083448,4.338012036884524],[102.4000508083448,4.339598411791476],[102.4009073,4.337924895251079],[102.4008515,4.337284295251732],[102.3999248,4.336417095252635],[102.3990505,4.336141095252949],[102.3950355,4.335571295253539],[102.39305499507225,4.334372540802499],[102.39305499507225,4.335064336162856]]],[[[102.39927349575896,4.339780662691879],[102.39849618317314,4.340959748803795],[102.39694155800146,4.340959748803795],[102.39694155800146,4.341549292532038],[102.39460962024393,4.342728381333417],[102.39460962024393,4.3437140279081925],[102.3988587,4.340784295248077],[102.39991738703505,4.339780662691879],[102.39927349575896,4.339780662691879]]],[[[102.39383230765809,4.344618666514883],[102.3942316,4.344049095244645],[102.39439137825366,4.343907471928387],[102.39383230765809,4.343907471928387],[102.39383230765809,4.344618666514883]]],[[[102.39305499507225,4.345086564317446],[102.39325399999998,4.345443595243178],[102.39350429272115,4.345086564317446],[102.39305499507225,4.345086564317446]]],[[[102.3922776824864,4.35098205319137],[102.39279004510341,4.346265658501088],[102.3922776824864,4.346265658501088],[102.3922776824864,4.35098205319137]]],[[[102.39383230765809,4.352750708611378],[102.39535028655047,4.353340261316863],[102.39305499507225,4.351443616324153],[102.39305499507225,4.352161156355341],[102.39383230765809,4.352161156355341],[102.39383230765809,4.352750708611378]]],[[[102.39538693282977,4.353929814471859],[102.3959277050028,4.353929814471859],[102.39538693282977,4.353377677720478],[102.39538693282977,4.353929814471859]]],[[[102.39616424541559,4.354519368076428],[102.3961697,4.35417689523403],[102.39616424541559,4.35417132601526],[102.39616424541559,4.354519368076428]]],[[[102.39694155800146,4.356877586991669],[102.39538693282977,4.35746714284503],[102.39538693282977,4.361004487416174],[102.39460962024393,4.361004487416174],[102.39460962024393,4.361864680247211],[102.39550110000002,4.360882495227015],[102.3957964,4.360362195227537],[102.39591909999997,4.358443795229552],[102.3971315,4.356818895231249],[102.39694155800146,4.355137360347409],[102.39694155800146,4.356877586991669]]],[[[102.38994574472888,4.361004487416174],[102.38761380697134,4.361004487416174],[102.38761380697134,4.362166094186312],[102.3887622,4.361466495226405],[102.38994574472888,4.3624724854426695],[102.38994574472888,4.361004487416174]]],[[[102.39305499507225,4.36218360587508],[102.39305499507225,4.362756341765869],[102.39421767394605,4.36218360587508],[102.39305499507225,4.36218360587508]]],[[[102.39042752249458,4.36277316578016],[102.39250810000001,4.362935395224867],[102.39300360834379,4.36277316578016],[102.39042752249458,4.36277316578016]]],[[[102.3868364943855,4.36218360587508],[102.3868364943855,4.3651314099060965],[102.38605918179967,4.3651314099060965],[102.38605918179967,4.365720972064295],[102.38728885501503,4.366310534673303],[102.38684790000002,4.364318595223408],[102.38760402060937,4.36218360587508],[102.3868364943855,4.36218360587508]]],[[[102.38761380697134,4.366900097733181],[102.3876271,4.366787695220829],[102.38761380697134,4.3667689428046925],[102.38761380697134,4.366900097733181]]],[[[102.39150036990056,4.367489661243992],[102.39150036990056,4.36715330559424],[102.39083420676947,4.367489661243992],[102.39150036990056,4.367489661243992]]],[[[102.39305499507225,4.367489661243992],[102.3933311,4.367283895220286],[102.39305499507225,4.36720823773661],[102.39305499507225,4.367489661243992]]],[[[102.38839111955721,4.368079225205799],[102.39072305731472,4.368079225205799],[102.39072305731472,4.367562888895094],[102.3895258,4.368053395219506],[102.38839111955721,4.367484819910107],[102.38839111955721,4.368079225205799]]],[[[102.39383230765809,4.368079225205799],[102.39438092193602,4.368079225205799],[102.39383230765809,4.36761068206827],[102.39383230765809,4.368079225205799]]],[[[102.39460962024393,4.368668789618661],[102.39480993758514,4.368668789618661],[102.39460962024393,4.368327976166945],[102.39460962024393,4.368668789618661]]],[[[102.39538693282977,4.371616618450985],[102.39579569999997,4.371414695215995],[102.39538693282977,4.369961764279818],[102.39538693282977,4.371616618450985]]],[[[102.39625168459744,4.374564458568996],[102.39616424541559,4.375154027947562],[102.39666087773655,4.375154027947562],[102.39625168459744,4.374564458568996]]],[[[102.39694155800146,4.375743597777925],[102.3972838,4.3757219952114745],[102.39694155800146,4.375420167125142],[102.39694155800146,4.375743597777925]]],[[[102.3977188705873,4.382228895748303],[102.39840756570827,4.382228895748303],[102.3977188705873,4.376363355600475],[102.3977188705873,4.382228895748303]]],[[[102.39849618317314,4.38281847100507],[102.39886887695428,4.38281847100507],[102.39849618317314,4.3823731958184755],[102.39849618317314,4.38281847100507]]],[[[102.39616424541559,4.413477009491654],[102.39616424541559,4.412887410617562],[102.39538693282977,4.412887410617562],[102.39538693282977,4.413477009491654],[102.39616424541559,4.413477009491654]]],[[[102.3829499314563,4.4311651879480145],[102.38217261887047,4.4311651879480145],[102.38217261887047,4.431754800981243],[102.3829499314563,4.431754800981243],[102.3829499314563,4.4311651879480145]]],[[[102.01916764128275,4.561480905702834],[102.0183903286969,4.561480905702834],[102.0183903286969,4.562070621400679],[102.01916764128275,4.562070621400679],[102.01916764128275,4.561480905702834]]],[[[102.39927349575896,4.384587199491234],[102.40089526023175,4.384587199491234],[102.39927349575896,4.383296894002405],[102.39927349575896,4.384587199491234]]],[[[102.40546663013201,4.384587199491234],[102.40440849999999,4.384350295202434],[102.40371732791701,4.384587199491234],[102.40546663013201,4.384587199491234]]],[[[102.4054919964457,4.385766354079178],[102.40601317946201,4.385766354079178],[102.4054919964457,4.384600603474003],[102.4054919964457,4.385766354079178]]],[[[102.40626930903154,4.386355932052488],[102.40645175933338,4.386355932052488],[102.40626930903154,4.386179053778272],[102.40626930903154,4.386355932052488]]],[[[102.40706287544323,4.38694551047877],[102.40704662161738,4.386930003986272],[102.40704662161738,4.38694551047877],[102.40706287544323,4.38694551047877]]],[[[102.40782393420322,4.388124668690502],[102.40854128900968,4.388124668690502],[102.40782393420322,4.387636858992685],[102.40782393420322,4.388124668690502]]],[[[102.40860124678905,4.3887142484760755],[102.40898947185323,4.3887142484760755],[102.40860124678905,4.388196005814546],[102.40860124678905,4.3887142484760755]]],[[[102.40937855937491,4.391662154203488],[102.41006046822191,4.391662154203488],[102.40937855937491,4.389317989076226],[102.40937855937491,4.391662154203488]]],[[[102.41015587196075,4.392251736709313],[102.41326526214556,4.392251736709313],[102.41015587196075,4.391719245548656],[102.41015587196075,4.392251736709313]]],[[[102.41559706006163,4.392251736709313],[102.41559706006163,4.391662154203488],[102.41744602118506,4.391662154203488],[102.41578899999998,4.39149099519494],[102.4142503401728,4.392251736709313],[102.41559706006163,4.392251736709313]]],[[[102.41866812844819,4.392251736709313],[102.4180817,4.39194039519448],[102.41792899781916,4.3918735563900615],[102.41792899781916,4.392251736709313],[102.41866812844819,4.392251736709313]]],[[[102.41967668044438,4.3928413196687295],[102.41902309999998,4.392440195193951],[102.418706310405,4.392272007947648],[102.418706310405,4.3928413196687295],[102.41967668044438,4.3928413196687295]]],[[[102.4210382481625,4.393430903081801],[102.4214278,4.393357195192982],[102.4210382481625,4.393146419480587],[102.4210382481625,4.393430903081801]]],[[[102.42181556074836,4.39519965604355],[102.42259287333421,4.39519965604355],[102.42337018592005,4.396378826954119],[102.42533931841807,4.396378826954119],[102.42181556074836,4.39353069527287],[102.42181556074836,4.39519965604355]]],[[[102.4264794362634,4.396968413090409],[102.42757644846009,4.396968413090409],[102.4264794362634,4.396540336690791],[102.4264794362634,4.396968413090409]]],[[[102.42881137402092,4.398710371203382],[102.42810409999998,4.3985102951876],[102.42803406143508,4.398427326410232],[102.42803406143508,4.398737174224047],[102.42881137402092,4.398710371203382]]],[[[102.43114331177846,4.399326762177055],[102.4312272,4.399246295186842],[102.43114331177846,4.399243034985477],[102.43114331177846,4.399326762177055]]],[[[102.43252929411024,4.404043482162329],[102.43223629999999,4.403428895182469],[102.4319206243643,4.400282071257767],[102.4319206243643,4.404043482162329],[102.43252929411024,4.404043482162329]]],[[[102.43269793695013,4.408170636026866],[102.43334134149214,4.408170636026866],[102.43269793695013,4.404274813482487],[102.43269793695013,4.408170636026866]]],[[[102.435160195986,4.410529019678142],[102.43410840000001,4.40970949517589],[102.43347524953597,4.408589122086874],[102.43347524953597,4.409939423082214],[102.435160195986,4.410529019678142]]],[[[102.4358071872935,4.411118616729579],[102.4361045,4.410987795174547],[102.4358071872935,4.4108028360786244],[102.4358071872935,4.411118616729579]]],[[[102.43658449987933,4.414478471637779],[102.4365913,4.413363795172069],[102.43658449987933,4.413270422674562],[102.43658449987933,4.414478471637779]]],[[[102.4358071872935,4.415835409546821],[102.4358071872935,4.417530671786764],[102.43632789478252,4.415835409546821],[102.4358071872935,4.415835409546821]]],[[[102.43502987470765,4.421731441618011],[102.43556963691196,4.418193816899044],[102.43502987470765,4.418193816899044],[102.43502987470765,4.421731441618011]]],[[[102.4358071872935,4.425269082777619],[102.43654330743814,4.425269082777619],[102.4358071872935,4.423050225877382],[102.4358071872935,4.425269082777619]]],[[[102.4490215012528,4.425858691236887],[102.44900529999998,4.425403695159463],[102.44854809737639,4.425858691236887],[102.4490215012528,4.425858691236887]]],[[[102.43719499559525,4.427037909526838],[102.4369584,4.426340795158497],[102.43658449987933,4.4253749633210795],[102.43658449987933,4.427037909526838],[102.43719499559525,4.427037909526838]]],[[[102.44931273534598,4.425269082777619],[102.44979881383863,4.425858691236887],[102.45213075159616,4.427037909526838],[102.45213075159616,4.428806740391229],[102.452908064182,4.428806740391229],[102.452908064182,4.427690787242686],[102.45051939999999,4.425389795159504],[102.45000209999999,4.425185395159683],[102.44931273534598,4.425269082777619]]],[[[102.44591225090943,4.428217129645755],[102.44591225090943,4.427627519357643],[102.44746687608111,4.427627519357643],[102.44746687608111,4.427037909526838],[102.44824418866695,4.427037909526838],[102.44824418866695,4.426150525036379],[102.44445040401936,4.428217129645755],[102.44591225090943,4.428217129645755]]],[[[102.44435762573775,4.428806740391229],[102.44435762573775,4.428257416581911],[102.44323983270577,4.428806740391229],[102.44435762573775,4.428806740391229]]],[[[102.44280300056607,4.4293963515941295],[102.44280300056607,4.429095282853769],[102.44245781840051,4.4293963515941295],[102.44280300056607,4.4293963515941295]]],[[[102.43658449987933,4.428806740391229],[102.43658449987933,4.429808162471005],[102.43712633346962,4.428806740391229],[102.43658449987933,4.428806740391229]]],[[[102.45368537676784,4.4293963515941295],[102.45446268935368,4.430575575372462],[102.45756237283886,4.4311651879480145],[102.45446268935368,4.429254692352775],[102.45368537676784,4.4293963515941295]]],[[[102.44202568798022,4.4311651879480145],[102.44202568798022,4.429817306825087],[102.44037183131125,4.4311651879480145],[102.44202568798022,4.4311651879480145]]],[[[102.4358071872935,4.42998596325452],[102.4358071872935,4.431754800981243],[102.43703711911625,4.431754800981243],[102.43642442065862,4.42998596325452],[102.4358071872935,4.42998596325452]]],[[[102.4396937502227,4.431754800981243],[102.4396937502227,4.431404742376703],[102.43851708462739,4.431754800981243],[102.4396937502227,4.431754800981243]]],[[[102.46035630106405,4.431754800981243],[102.4584168,4.431483995153112],[102.45757193969705,4.431168757570824],[102.45757193969705,4.431754800981243],[102.46035630106405,4.431754800981243]]],[[[102.46332906844123,4.431754800981243],[102.46327219999999,4.431738795152823],[102.4629708713827,4.431754800981243],[102.46332906844123,4.431754800981243]]],[[[102.46145850262624,4.431829519489363],[102.4606811900404,4.431776825282068],[102.4606811900404,4.4323444144722055],[102.46145850262624,4.4323444144722055],[102.46145850262624,4.431829519489363]]],[[[102.46379044038378,4.432934028420968],[102.46423611073804,4.432934028420968],[102.46379044038378,4.431935096846951],[102.46379044038378,4.432934028420968]]],[[[102.46379044038378,4.438240574570948],[102.46386880000001,4.438739695145539],[102.46406024785394,4.438240574570948],[102.46379044038378,4.438240574570948]]],[[[102.46301312779792,4.438830193101094],[102.46301312779792,4.441771427299836],[102.46379044038378,4.438931971637254],[102.46301312779792,4.438830193101094]]],[[[102.46278366720546,4.4459056512418815],[102.46277658202163,4.442957535652985],[102.46223581521208,4.442957535652985],[102.46223581521208,4.4459056512418815],[102.46278366720546,4.4459056512418815]]],[[[102.47756576484103,4.444726403629092],[102.4771351,4.444481095139544],[102.47700475434307,4.444427463233345],[102.47700475434307,4.444726403629092],[102.47756576484103,4.444726403629092]]],[[[102.46612237814129,4.446495275737077],[102.46612237814129,4.4459056512418815],[102.46689969072713,4.4459056512418815],[102.46845431589881,4.444136780511374],[102.47000894107049,4.444136780511374],[102.47000894107049,4.443547157852692],[102.4738955039997,4.443547157852692],[102.4738955039997,4.444136780511374],[102.4762751841985,4.444136780511374],[102.47333490000001,4.443400095140657],[102.47009539999999,4.4434797951405685],[102.4686947,4.443874495140149],[102.46505887359723,4.446495275737077],[102.46612237814129,4.446495275737077]]],[[[102.46301312779792,4.446495275737077],[102.463444,4.446390295137515],[102.46301312779792,4.44608795676425],[102.46301312779792,4.446495275737077]]],[[[102.47622744175723,4.497204707062601],[102.47622744175723,4.497342333963938],[102.47640365881479,4.497204707062601],[102.47622744175723,4.497204707062601]]],[[[102.47545012917138,4.498973702509827],[102.4759248752568,4.497794371746987],[102.47545012917138,4.497794371746987],[102.47545012917138,4.498973702509827]]],[[[102.47622744175723,4.500153035131834],[102.47711348103218,4.500153035131834],[102.47622744175723,4.4995819589725485],[102.47622744175723,4.500153035131834]]],[[[102.47622744175723,4.514894849976479],[102.47545012917138,4.516074207745776],[102.47799094665659,4.514894849976479],[102.47622744175723,4.514894849976479]]],[[[102.47467281658554,4.516663887330277],[102.47467281658554,4.5178432478992905],[102.4753034610674,4.5178432478992905],[102.4752594371814,4.516663887330277],[102.47467281658554,4.516663887330277]]],[[[102.47545012917138,4.518432928883928],[102.47584815068758,4.518432928883928],[102.47545012917138,4.518106912245748],[102.47545012917138,4.518432928883928]]],[[[102.45368537676784,4.860528573497894],[102.45336734991176,4.859348649671657],[102.452908064182,4.859348649671657],[102.452908064182,4.860528573497894],[102.45368537676784,4.860528573497894]]],[[[102.45135343901032,4.867018190508436],[102.45057612642447,4.867018190508436],[102.45057612642447,4.8676081587111],[102.45106040000002,4.8674054947005425],[102.45135343901032,4.867018190508436]]],[[[102.47778206692891,4.445316027205907],[102.47842256037822,4.445316027205907],[102.47778206692891,4.444849610230429],[102.47778206692891,4.445316027205907]]],[[[102.47855937951473,4.4459056512418815],[102.4791524556016,4.4459056512418815],[102.47855937951473,4.445421951244097],[102.47855937951473,4.4459056512418815]]],[[[102.47933669210059,4.446495275737077],[102.4797801776404,4.446495275737077],[102.47933669210059,4.446064691038944],[102.47933669210059,4.446495275737077]]],[[[102.48011400468644,4.447674526105381],[102.48087597470546,4.447674526105381],[102.48011400468644,4.446840507842842],[102.48011400468644,4.447674526105381]]],[[[102.48089131727228,4.451801916869009],[102.48011400468644,4.451801916869009],[102.48011400468644,4.459467130939625],[102.48076616220949,4.459467130939625],[102.48131239999998,4.449413295134368],[102.48089131727228,4.4476982773064195],[102.48089131727228,4.451801916869009]]],[[[102.48089131727228,4.461236037544905],[102.4812547888982,4.461236037544905],[102.48089131727228,4.460069400218541],[102.48089131727228,4.461236037544905]]],[[[102.487109817959,4.460646401549064],[102.48788713054483,4.460646401549064],[102.48788713054483,4.461825674001577],[102.48862071622028,4.461825674001577],[102.4882107,4.460842595122437],[102.48790069999998,4.460630395122671],[102.4868904,4.460633195122646],[102.48467840000002,4.462360995120849],[102.48244594244395,4.463004948297659],[102.48477788020148,4.463004948297659],[102.487109817959,4.460646401549064]]],[[[102.4816686298581,4.46241531091914],[102.48207006801168,4.46241531091914],[102.4816686298581,4.461947388184894],[102.4816686298581,4.46241531091914]]],[[[102.48866444313069,4.46654278225227],[102.48927795498157,4.46654278225227],[102.48866444313069,4.461978025145493],[102.48866444313069,4.46654278225227]]],[[[102.48944175571653,4.467722063927581],[102.48979472201167,4.467722063927581],[102.48944175571653,4.466861718025213],[102.48944175571653,4.467722063927581]]],[[[102.48944175571653,4.468901347448936],[102.48944175571653,4.470580012392929],[102.48993412044645,4.468901347448936],[102.48944175571653,4.468901347448936]]],[[[102.48866444313069,4.470670276193386],[102.48866444313069,4.471620851882266],[102.48937876485209,4.470670276193386],[102.48866444313069,4.470670276193386]]],[[[102.48788713054483,4.471849564332021],[102.48788713054483,4.472439209094223],[102.48633250537316,4.473028854318434],[102.48633250537316,4.473897806624605],[102.48681349999997,4.473540595109184],[102.48847366012072,4.471849564332021],[102.48788713054483,4.471849564332021]]],[[[102.48477788020148,4.47420814615312],[102.48477788020148,4.475100290222091],[102.48591462528522,4.47420814615312],[102.48477788020148,4.47420814615312]]],[[[102.48400056761564,4.475387439836574],[102.48400056761564,4.475798268328695],[102.48442355856132,4.475387439836574],[102.48400056761564,4.475387439836574]]],[[[102.48322325502978,4.476566735369293],[102.48244594244395,4.476566735369293],[102.48244594244395,4.477647749779633],[102.48381645476094,4.475977087371745],[102.48322325502978,4.475977087371745],[102.48322325502978,4.476566735369293]]],[[[102.4816686298581,4.477746032751771],[102.4816686298581,4.478919579626167],[102.48238410881376,4.477746032751771],[102.4816686298581,4.477746032751771]]],[[[102.48089131727228,4.479514982294869],[102.48089131727228,4.480420030651019],[102.48134097643008,4.479514982294869],[102.48089131727228,4.479514982294869]]],[[[102.48011400468644,4.480694284303913],[102.48011400468644,4.482287872654471],[102.48078223094659,4.480694284303913],[102.48011400468644,4.480694284303913]]],[[[102.47933669210059,4.48246324078918],[102.47933669210059,4.483803134269355],[102.48003450453453,4.48246324078918],[102.47933669210059,4.48246324078918]]],[[[102.47855937951473,4.485073188522287],[102.47909597439288,4.484232201441978],[102.47855937951473,4.484232201441978],[102.47855937951473,4.485073188522287]]],[[[102.47778206692891,4.485411510859963],[102.47778206692891,4.48639887538268],[102.47834351188116,4.485411510859963],[102.47778206692891,4.485411510859963]]],[[[102.47700475434307,4.487180478462359],[102.47700475434307,4.491611109832908],[102.47748020063192,4.487180478462359],[102.47700475434307,4.487180478462359]]],[[[102.47700475434307,4.494846052970508],[102.477043,4.493915595087925],[102.47700475434307,4.493740080065743],[102.47700475434307,4.494846052970508]]],[[[102.47700475434307,4.496615042842822],[102.47700475434307,4.4968460897687645],[102.47749761666094,4.496615042842822],[102.47700475434307,4.496615042842822]]],[[[102.47778206692891,4.500742702140183],[102.47850024640981,4.500742702140183],[102.47778206692891,4.500463300823074],[102.47778206692891,4.500742702140183]]],[[[102.47855937951473,4.501332369613511],[102.47964558895576,4.501332369613511],[102.47855937951473,4.5007657073515315],[102.47855937951473,4.501332369613511]]],[[[102.48011400468644,4.501922037551877],[102.48058760757172,4.501922037551877],[102.48011400468644,4.501605207263756],[102.48011400468644,4.501922037551877]]],[[[102.48089131727228,4.502511705955347],[102.48142528208511,4.502511705955347],[102.48089131727228,4.50213582938433],[102.48089131727228,4.502511705955347]]],[[[102.4816686298581,4.50310137482398],[102.48209063802521,4.50310137482398],[102.4816686298581,4.502693731685291],[102.4816686298581,4.50310137482398]]],[[[102.48244594244395,4.5042807139569865],[102.48322325502978,4.504224143188083],[102.48244594244395,4.503444584961828],[102.48244594244395,4.5042807139569865]]],[[[102.48327924624535,4.5042807139569865],[102.48322325502978,4.5048703842214834],[102.48392726313948,4.5048703842214834],[102.48327924624535,4.5042807139569865]]],[[[102.48400056761564,4.505460054951393],[102.48440546266474,4.505460054951393],[102.48400056761564,4.504954380634644],[102.48400056761564,4.505460054951393]]],[[[102.48400056761564,4.50722906993421],[102.48400056761564,4.507584179827668],[102.48436030434868,4.50722906993421],[102.48400056761564,4.50722906993421]]],[[[102.48322325502978,4.5078187425263865],[102.48322325502978,4.508062918883966],[102.48361971594854,4.5078187425263865],[102.48322325502978,4.5078187425263865]]],[[[102.4816686298581,4.508408415584283],[102.4816686298581,4.509682018028636],[102.48262352198155,4.508408415584283],[102.4816686298581,4.508408415584283]]],[[[102.48089131727228,4.5101774375529216],[102.48089131727228,4.5119849920234465],[102.48145235890306,4.5101774375529216],[102.48089131727228,4.5101774375529216]]],[[[102.48011400468644,4.513125816820863],[102.48011400468644,4.514190876721767],[102.48065187251352,4.513125816820863],[102.48011400468644,4.513125816820863]]],[[[102.51276113329175,4.513163397457118],[102.51258239999999,4.514088595066867],[102.51276113329175,4.514760553977153],[102.51276113329175,4.513163397457118]]],[[[102.47855937951473,4.514305171791558],[102.47855937951473,4.514758515885907],[102.47993148342344,4.514305171791558],[102.47855937951473,4.514305171791558]]],[[[102.49410563123156,4.514894849976479],[102.49587941662097,4.514894849976479],[102.49410563123156,4.514404224686323],[102.49410563123156,4.514894849976479]]],[[[102.49643756898911,4.515484528627865],[102.49716609012272,4.515484528627865],[102.49643756898911,4.515142271190564],[102.49643756898911,4.515484528627865]]],[[[102.49721488157493,4.516074207745776],[102.49842126644343,4.516074207745776],[102.49721488157493,4.5155074507377595],[102.49721488157493,4.516074207745776]]],[[[102.4925510060599,4.514894849976479],[102.49240129999998,4.514380395066561],[102.49160219999999,4.514556795066358],[102.4900837,4.5152705950656085],[102.48772985300138,4.517253567381428],[102.48866444313069,4.517253567381428],[102.49099638088819,4.514894849976479],[102.4925510060599,4.514894849976479]]],[[[102.49876950674661,4.516663887330277],[102.49983764536456,4.516663887330277],[102.49876950674661,4.5162378103689305],[102.49876950674661,4.516663887330277]]],[[[102.50134503672038,4.517253567381428],[102.50032413191828,4.516854197124675],[102.50032413191828,4.517253567381428],[102.50134503672038,4.517253567381428]]],[[[102.50887457036256,4.518432928883928],[102.50887457036256,4.519022610335401],[102.5095096377788,4.519022610335401],[102.50895000000001,4.518405595062372],[102.5078566,4.518161095062611],[102.50187875708998,4.517384115213965],[102.50187875708998,4.5178432478992905],[102.50343338226165,4.5178432478992905],[102.50343338226165,4.518432928883928],[102.50887457036256,4.518432928883928]]],[[[102.487109817959,4.519022610335401],[102.48788713054483,4.5178432478992905],[102.48468779999999,4.518840795061913],[102.47622744175723,4.518637057380273],[102.47622744175723,4.519022610335401],[102.487109817959,4.519022610335401]]],[[[102.50965188294839,4.521381340810898],[102.5103236257117,4.521381340810898],[102.50965188294839,4.519367004859713],[102.50965188294839,4.521381340810898]]],[[[102.51042919553423,4.523740078760732],[102.5116338279591,4.5243297644165175],[102.51042919553423,4.521805024732432],[102.51042919553423,4.523740078760732]]],[[[102.51218562303181,4.524919450539762],[102.51198382070591,4.524761839392357],[102.51198382070591,4.524919450539762],[102.51218562303181,4.524919450539762]]],[[[102.5080972577767,4.780298309103016],[102.5080972577767,4.779708414745107],[102.50731994519086,4.779708414745107],[102.50731994519086,4.780298309103016],[102.5080972577767,4.780298309103016]]],[[[102.47855937951473,4.81982236039938],[102.47855937951473,4.819232432780468],[102.47778206692891,4.819232432780468],[102.47778206692891,4.81982236039938],[102.47855937951473,4.81982236039938]]],[[[102.54929482482628,4.494256390608536],[102.55004352595333,4.494256390608536],[102.54929482482628,4.493722627535108],[102.54929482482628,4.494256390608536]]],[[[102.54463094931123,4.4936667287108625],[102.54915630482776,4.4936667287108625],[102.5470635,4.4932308950886295],[102.54472929999999,4.493567295088273],[102.5437468,4.494314495087482],[102.54318455330504,4.495435715796837],[102.54385363672539,4.495435715796837],[102.54385363672539,4.494256390608536],[102.54463094931123,4.494256390608536],[102.54463094931123,4.4936667287108625]]],[[[102.54307632413955,4.495651544348839],[102.54289529999998,4.497237295084423],[102.54307632413955,4.497782934351962],[102.54307632413955,4.495651544348839]]],[[[102.55070070716052,4.501332369613511],[102.5505647,4.495729395086024],[102.55007213741212,4.494306482247471],[102.55007213741212,4.501332369613511],[102.55070070716052,4.501332369613511]]],[[[102.54385363672539,4.49838403689604],[102.54327574891325,4.49838403689604],[102.54385363672539,4.499762613215513],[102.54385363672539,4.49838403689604]]],[[[102.57205618826231,4.501922037551877],[102.57339151498734,4.501332369613511],[102.57339151498734,4.501922037551877],[102.57413669925673,4.501922037551877],[102.573011,4.500967495080543],[102.5725462,4.5010180950805045],[102.57205618826231,4.501922037551877]]],[[[102.55084944999795,4.502511705955347],[102.55141804751958,4.502511705955347],[102.55084944999795,4.501653303245781],[102.55084944999795,4.502511705955347]]],[[[102.57183688981567,4.503691044157839],[102.57183688981567,4.502460497271056],[102.5711373150159,4.503691044157839],[102.57183688981567,4.503691044157839]]],[[[102.57416882757317,4.50408989603816],[102.5743954,4.5025344950789155],[102.57416882757317,4.501998099266793],[102.57416882757317,4.50408989603816]]],[[[102.5516267625838,4.503691044157839],[102.55318138775549,4.503691044157839],[102.55318138775549,4.5042807139569865],[102.555513325513,4.5042807139569865],[102.555513325513,4.503691044157839],[102.55939988844221,4.503691044157839],[102.55939988844221,4.5042807139569865],[102.56088147307153,4.5042807139569865],[102.55915189999999,4.503462995077939],[102.5529097,4.503525095077883],[102.5516267625838,4.502719805269193],[102.5516267625838,4.503691044157839]]],[[[102.57105957722983,4.50389488285708],[102.5708449,4.50445779507693],[102.57046040927683,4.5048703842214834],[102.57105957722983,4.5048703842214834],[102.57105957722983,4.50389488285708]]],[[[102.54307632413955,4.505460054951393],[102.54463094931123,4.5048703842214834],[102.54463094931123,4.500153035131834],[102.54402213355885,4.500153035131834],[102.5445359,4.501880995079576],[102.5440121,4.50423769507714],[102.53999629999997,4.50766549507354],[102.53940580297588,4.508998089107964],[102.53996707379619,4.508998089107964],[102.53996707379619,4.5078187425263865],[102.54074438638203,4.5078187425263865],[102.54307632413955,4.505460054951393]]],[[[102.57339151498734,4.5042807139569865],[102.57339151498734,4.505445619443901],[102.57408162741304,4.5042807139569865],[102.57339151498734,4.5042807139569865]]],[[[102.57028226464398,4.505460054951393],[102.57028226464398,4.504992367529521],[102.56941286364243,4.505460054951393],[102.57028226464398,4.505460054951393]]],[[[102.56173182619973,4.5048703842214834],[102.56250913878557,4.506049726146776],[102.56456485056115,4.506049726146776],[102.56095451361388,4.504326046114906],[102.56095451361388,4.5048703842214834],[102.56173182619973,4.5048703842214834]]],[[[102.53141663535195,4.505654466191204],[102.5308256,4.50598949507528],[102.53077954293445,4.506049726146776],[102.53141663535195,4.506049726146776],[102.53141663535195,4.505654466191204]]],[[[102.5687276394723,4.505797552505905],[102.56815856346816,4.506049726146776],[102.5687276394723,4.506049726146776],[102.5687276394723,4.505797552505905]]],[[[102.53219394793777,4.506049726146776],[102.53297126052361,4.506049726146776],[102.53341744504459,4.506639397807693],[102.53300599999999,4.505932895075359],[102.53219394793777,4.505554945565268],[102.53219394793777,4.506049726146776]]],[[[102.56795032688646,4.506639397807693],[102.56795032688646,4.506142001675339],[102.56484107654309,4.506114915159715],[102.56484107654309,4.506639397807693],[102.56795032688646,4.506639397807693]]],[[[102.53063932276609,4.50722906993421],[102.53063932276609,4.506233098931487],[102.53006566930745,4.50722906993421],[102.53063932276609,4.50722906993421]]],[[[102.57261420240151,4.505460054951393],[102.57261420240151,4.506639397807693],[102.57183688981567,4.506639397807693],[102.57183688981567,4.509587763097489],[102.57233893743793,4.509587763097489],[102.57338226980654,4.505460054951393],[102.57261420240151,4.505460054951393]]],[[[102.53374857310946,4.508408415584283],[102.53430365702927,4.508408415584283],[102.53374857310946,4.50727209429652],[102.53374857310946,4.508408415584283]]],[[[102.52986201018025,4.509587763097489],[102.52986201018025,4.507722378413239],[102.52921334684328,4.509587763097489],[102.52986201018025,4.509587763097489]]],[[[102.53521277156663,4.5101774375529216],[102.53480649999999,4.509437795071702],[102.5345258856953,4.508863343972702],[102.5345258856953,4.5101774375529216],[102.53521277156663,4.5101774375529216]]],[[[102.53918976121034,4.510767112474324],[102.53918976121034,4.509542762819388],[102.5380030873396,4.510767112474324],[102.53918976121034,4.510767112474324]]],[[[102.53530319828114,4.510767112474324],[102.53572096752306,4.510767112474324],[102.53530319828114,4.510342065071795],[102.53530319828114,4.510767112474324]]],[[[102.57261420240151,4.511946463715284],[102.57312277763911,4.511946463715284],[102.57261420240151,4.510670550406949],[102.57261420240151,4.511946463715284]]],[[[102.53763513603866,4.511356787861758],[102.53763513603866,4.510960233921861],[102.53608051086698,4.511008498135105],[102.53608051086698,4.511356787861758],[102.53763513603866,4.511356787861758]]],[[[102.52830738500857,4.512536140034965],[102.52830738500857,4.511946463715284],[102.5290846975944,4.511946463715284],[102.5290846975944,4.5103761830691695],[102.52878339999998,4.51130379506976],[102.52753007242273,4.5120096327112105],[102.52753007242273,4.512536140034965],[102.52830738500857,4.512536140034965]]],[[[102.52442082207936,4.512536140034965],[102.52442082207936,4.513125816820863],[102.5251981346652,4.513125816820863],[102.5251981346652,4.512536140034965],[102.5267527598369,4.512536140034965],[102.5267527598369,4.512191596485611],[102.52442082207936,4.512536140034965]]],[[[102.52364350949352,4.512619044306499],[102.51509307104928,4.5127344592720045],[102.51509307104928,4.513125816820863],[102.52364350949352,4.513125816820863],[102.52364350949352,4.512619044306499]]],[[[102.51431575846344,4.512680272930159],[102.51332289999999,4.512696095068307],[102.51277511649094,4.513125816820863],[102.51431575846344,4.513125816820863],[102.51431575846344,4.512680272930159]]],[[[102.51431575846344,4.516663887330277],[102.5135384458776,4.516663887330277],[102.5135384458776,4.514894849976479],[102.51279685445368,4.514894849976479],[102.51431575846344,4.519098014362801],[102.51431575846344,4.516663887330277]]],[[[102.57339151498734,4.513715494073041],[102.57416882757317,4.513715494073041],[102.57494614015903,4.5178432478992905],[102.57572345274488,4.5178432478992905],[102.57572345274488,4.519022610335401],[102.5765007653307,4.519022610335401],[102.5765007653307,4.5202019746391064],[102.57727807791655,4.5202019746391064],[102.57805539050239,4.522560708851275],[102.57883270308822,4.522560708851275],[102.57883270308822,4.523150393572337],[102.58038732825992,4.523150393572337],[102.58038732825992,4.523740078760732],[102.5819419534316,4.523740078760732],[102.5819419534316,4.5243297644165175],[102.58349657860329,4.5243297644165175],[102.58349657860329,4.524919450539762],[102.58582851636079,4.524919450539762],[102.58582851636079,4.525509137130522],[102.58729082593142,4.525509137130522],[102.57885849999998,4.521952795058674],[102.5770082,4.519748895060971],[102.574886,4.514792695066127],[102.57339151498734,4.512492265405014],[102.57339151498734,4.513715494073041]]],[[[102.51587038363512,4.524919450539762],[102.51587038363512,4.521971024597483],[102.51509307104928,4.521971024597483],[102.51509307104928,4.5196122922537745],[102.51446924561077,4.5196122922537745],[102.51495454531903,4.524919450539762],[102.51587038363512,4.524919450539762]]],[[[102.51431575846344,4.525509137130522],[102.51276113329175,4.525298660152749],[102.51276113329175,4.525509137130522],[102.51431575846344,4.525509137130522]]],[[[102.58738314153247,4.526098824188863],[102.58816045411834,4.526098824188863],[102.58816045411834,4.526688511714846],[102.58876509167102,4.526688511714846],[102.588764,4.526199695054244],[102.58738314153247,4.525547935243753],[102.58738314153247,4.526098824188863]]],[[[102.58816045411834,4.527867888169982],[102.58842524967312,4.52727819970853],[102.58816045411834,4.52727819970853],[102.58816045411834,4.527867888169982]]],[[[102.66822365045994,4.532585412708573],[102.66822365045994,4.532244293678232],[102.66752478072917,4.532585412708573],[102.66822365045994,4.532585412708573]]],[[[102.56328645137141,4.598633917813369],[102.56328645137141,4.598044172770222],[102.56250913878557,4.598044172770222],[102.56250913878557,4.598633917813369],[102.56328645137141,4.598633917813369]]],[[[102.58687717524835,4.910677201720186],[102.58660582894663,4.911267207356156],[102.58689406008452,4.911267207356156],[102.58687717524835,4.910677201720186]]],[[[102.58893776670416,4.914807251846138],[102.58865650029284,4.913627234982557],[102.58816045411834,4.913627234982557],[102.58816045411834,4.914807251846138],[102.58893776670416,4.914807251846138]]],[[[102.58582851636079,4.914807251846138],[102.58582851636079,4.914217243160097],[102.58505120377497,4.914217243160097],[102.58505120377497,4.914807251846138],[102.58582851636079,4.914807251846138]]],[[[102.58971507929,4.9159872707439725],[102.58988849999999,4.915428394651049],[102.58971507929,4.915397261040743],[102.58971507929,4.9159872707439725]]],[[[102.58971507929,4.916577280955888],[102.58971507929,4.9159872707439725],[102.58893776670416,4.9159872707439725],[102.58893776670416,4.916577280955888],[102.58971507929,4.916577280955888]]],[[[102.58038732825992,4.920707366687784],[102.57961001567408,4.920707366687784],[102.57961001567408,4.921297380971441],[102.58038732825992,4.921297380971441],[102.58038732825992,4.920707366687784]]],[[[102.57805539050239,4.921297380971441],[102.57727807791655,4.921297380971441],[102.57727807791655,4.921887395764347],[102.57805539050239,4.921887395764347],[102.57805539050239,4.921297380971441]]],[[[102.5887924,4.92661669463957],[102.58877899999999,4.920731594645615],[102.58990059999999,4.919787594646583],[102.59027877101171,4.917757302906034],[102.58971507929,4.917757302906034],[102.58971507929,4.919527339647963],[102.58816045411834,4.920117352913311],[102.58816045411834,4.9260175135788495],[102.58738314153247,4.9260175135788495],[102.58738314153247,4.92660753244798],[102.58660582894663,4.92660753244798],[102.58660582894663,4.9260175135788495],[102.58505120377497,4.9260175135788495],[102.58505120377497,4.92660753244798],[102.58427389118913,4.92660753244798],[102.58427389118913,4.9260175135788495],[102.58349657860329,4.9260175135788495],[102.58349657860329,4.92660753244798],[102.5819419534316,4.92660753244798],[102.5819419534316,4.925427495219468],[102.58349657860329,4.924837477369769],[102.58349657860329,4.923067426878149],[102.58271926601742,4.923067426878149],[102.58271926601742,4.924247460029691],[102.5819419534316,4.924247460029691],[102.5819419534316,4.924837477369769],[102.57961001567408,4.924837477369769],[102.57961001567408,4.924247460029691],[102.57883270308822,4.924247460029691],[102.57883270308822,4.923657443199172],[102.57961001567408,4.923657443199172],[102.57961001567408,4.921887395764347],[102.57805539050239,4.921887395764347],[102.57883270308822,4.923067426878149],[102.57805539050239,4.923067426878149],[102.57805539050239,4.923657443199172],[102.5765007653307,4.923657443199172],[102.57727807791655,4.924837477369769],[102.57416882757317,4.924837477369769],[102.57494614015903,4.9260175135788495],[102.57727807791655,4.9260175135788495],[102.57727807791655,4.92660753244798],[102.57883270308822,4.9260175135788495],[102.57883270308822,4.927197551826916],[102.57805539050239,4.927197551826916],[102.57805539050239,4.927787571715723],[102.57961001567408,4.927787571715723],[102.57961001567408,4.931824247517449],[102.58201029999998,4.928789094637316],[102.5847793,4.9269404946392275],[102.5887924,4.92661669463957]],[[102.57961001567408,4.9260175135788495],[102.58038732825992,4.9260175135788495],[102.58038732825992,4.92660753244798],[102.57961001567408,4.92660753244798],[102.57961001567408,4.9260175135788495]]],[[[102.57416882757317,4.927197551826916],[102.57416882757317,4.9260175135788495],[102.57339151498734,4.9260175135788495],[102.57339151498734,4.927197551826916],[102.57416882757317,4.927197551826916]]],[[[102.57727807791655,4.928377592114462],[102.57727807791655,4.927787571715723],[102.5765007653307,4.927787571715723],[102.5765007653307,4.928377592114462],[102.57727807791655,4.928377592114462]]],[[[102.56328645137141,4.9330977736694255],[102.56250913878557,4.9330977736694255],[102.56250913878557,4.933687798660361],[102.56328645137141,4.933687798660361],[102.56328645137141,4.9330977736694255]]],[[[102.56639570171478,4.934277824161851],[102.56561838912893,4.934277824161851],[102.56561838912893,4.934867850173959],[102.56639570171478,4.934867850173959],[102.56639570171478,4.934277824161851]]],[[[102.55862257585638,4.938998046561239],[102.5602547,4.939193994626618],[102.5631409,4.9386047946272065],[102.56792369999998,4.9412051946245485],[102.5690922,4.942131294623591],[102.5698706,4.944270594621407],[102.5724047,4.946206994619391],[102.5728825,4.9490101946165295],[102.5754928,4.951954594613483],[102.57795829999999,4.952235094613228],[102.577054,4.948992994616533],[102.5794464,4.947181794618392],[102.5810374,4.940307194625448],[102.5800248,4.9360890946298035],[102.57829749999998,4.936074994629837],[102.57809750000001,4.935556894630353],[102.578161,4.934070094631884],[102.57947477062609,4.931917725218971],[102.57805539050239,4.931327701759328],[102.57805539050239,4.929557634441989],[102.5765007653307,4.929557634441989],[102.5765007653307,4.930737678809994],[102.57494614015903,4.930737678809994],[102.57494614015903,4.931327701759328],[102.5765007653307,4.931327701759328],[102.5765007653307,4.932507749188983],[102.57805539050239,4.932507749188983],[102.57805539050239,4.9330977736694255],[102.57727807791655,4.9330977736694255],[102.57727807791655,4.936047903730277],[102.57805539050239,4.936047903730277],[102.57805539050239,4.937227959329812],[102.5765007653307,4.937227959329812],[102.5765007653307,4.937817987895942],[102.57727807791655,4.937817987895942],[102.57727807791655,4.938408016973065],[102.5765007653307,4.938408016973065],[102.5765007653307,4.938998046561239],[102.57727807791655,4.938998046561239],[102.57727807791655,4.940178107270996],[102.57961001567408,4.940178107270996],[102.57961001567408,4.942538234825894],[102.57805539050239,4.942538234825894],[102.57805539050239,4.943128267993187],[102.57883270308822,4.943128267993187],[102.57805539050239,4.944308335862489],[102.57572345274488,4.944308335862489],[102.57572345274488,4.940768138392706],[102.57416882757317,4.940178107270996],[102.57416882757317,4.944898370564624],[102.57261420240151,4.944898370564624],[102.57261420240151,4.942538234825894],[102.57105957722983,4.943128267993187],[102.57105957722983,4.940768138392706],[102.57183688981567,4.940768138392706],[102.57183688981567,4.940178107270996],[102.57105957722983,4.940178107270996],[102.57105957722983,4.938408016973065],[102.57028226464398,4.938408016973065],[102.56950495205814,4.937227959329812],[102.56795032688646,4.937227959329812],[102.56795032688646,4.940178107270996],[102.56717301430062,4.940178107270996],[102.56639570171478,4.937227959329812],[102.56484107654309,4.936637931274612],[102.56484107654309,4.936047903730277],[102.56561838912893,4.936047903730277],[102.56561838912893,4.934867850173959],[102.56328645137141,4.934867850173959],[102.56095451361388,4.932507749188983],[102.55939988844221,4.932507749188983],[102.55939988844221,4.9330977736694255],[102.56095451361388,4.933687798660361],[102.56095451361388,4.935457876696747],[102.56250913878557,4.935457876696747],[102.56250913878557,4.936047903730277],[102.56406376395725,4.936637931274612],[102.56406376395725,4.937817987895942],[102.56095451361388,4.937227959329812],[102.56173182619973,4.938408016973065],[102.55939988844221,4.938408016973065],[102.55939988844221,4.938998046561239],[102.55862257585638,4.938998046561239]],[[102.57961001567408,4.937227959329812],[102.57961001567408,4.938408016973065],[102.57805539050239,4.938408016973065],[102.57805539050239,4.937227959329812],[102.57961001567408,4.937227959329812]],[[102.56484107654309,4.937817987895942],[102.56484107654309,4.938408016973065],[102.56406376395725,4.938408016973065],[102.56406376395725,4.937817987895942],[102.56484107654309,4.937817987895942]],[[102.5765007653307,4.947848551752618],[102.57416882757317,4.947848551752618],[102.57416882757317,4.947258514491168],[102.57572345274488,4.946668477741707],[102.57572345274488,4.944898370564624],[102.57727807791655,4.944898370564624],[102.5765007653307,4.947848551752618]]],[[[102.69620690355022,4.4907184261847855],[102.69620690355022,4.489991576858939],[102.6957358560512,4.4907184261847855],[102.69620690355022,4.4907184261847855]]],[[[102.69994660137444,4.4907184261847855],[102.6995918,4.490267995091696],[102.69931615389358,4.490128767071594],[102.69931615389358,4.4907184261847855],[102.69994660137444,4.4907184261847855]]],[[[102.70087077906527,4.491891699030992],[102.7004110717151,4.4913080857619025],[102.70009346647943,4.4913080857619025],[102.70009346647943,4.491897745803005],[102.70087077906527,4.491891699030992]]],[[[102.69542959096437,4.491566745373017],[102.6951561,4.492456895089433],[102.69502233774125,4.493077067277424],[102.69542959096437,4.493077067277424],[102.69542959096437,4.491566745373017]]],[[[102.69441997298108,4.495435715796837],[102.69465227837853,4.494846052970508],[102.69463186400903,4.494846052970508],[102.69441997298108,4.495435715796837]]],[[[102.69387496579269,4.49838403689604],[102.69387496579269,4.497204707062601],[102.69378516636479,4.497204707062601],[102.69337426824093,4.49838403689604],[102.69387496579269,4.49838403689604]]],[[[102.68921109027765,4.502511705955347],[102.68921109027765,4.502003092019549],[102.68870048571853,4.502511705955347],[102.68921109027765,4.502511705955347]]],[[[102.70864390492369,4.505460054951393],[102.70786659233782,4.5048703842214834],[102.70786659233782,4.505460054951393],[102.70864390492369,4.505460054951393]]],[[[102.69076571544932,4.505460054951393],[102.69034225222062,4.505460054951393],[102.69076571544932,4.505788089029366],[102.69076571544932,4.505460054951393]]],[[[102.70942121750952,4.506639397807693],[102.71019853009535,4.506310508538512],[102.70942121750952,4.506049726146776],[102.70942121750952,4.506639397807693]]],[[[102.68610183993428,4.511356787861758],[102.68687915252012,4.510937029906189],[102.68610183993428,4.511064537712492],[102.68610183993428,4.511356787861758]]],[[[102.71485475082369,4.513715494073041],[102.7148624056104,4.513125816820863],[102.71408509302456,4.513125816820863],[102.71408509302456,4.513715494073041],[102.71485475082369,4.513715494073041]]],[[[102.6845472147626,4.516663887330277],[102.68451335285081,4.516074207745776],[102.68424008676115,4.516663887330277],[102.6845472147626,4.516663887330277]]],[[[102.71563971819623,4.516663887330277],[102.7148624056104,4.516663887330277],[102.7148624056104,4.517253567381428],[102.71563971819623,4.517253567381428],[102.71563971819623,4.516663887330277]]],[[[102.71563971819623,4.5202019746391064],[102.71551113938891,4.5196122922537745],[102.7148624056104,4.5196122922537745],[102.7148624056104,4.5202019746391064],[102.71563971819623,4.5202019746391064]]],[[[102.71641703078208,4.521381340810898],[102.71719434336792,4.520995851746348],[102.71641703078208,4.52079165749146],[102.71641703078208,4.521381340810898]]],[[[102.68179424600352,4.5243297644165175],[102.68221527700507,4.521381340810898],[102.68198750066227,4.521381340810898],[102.68179424600352,4.5243297644165175]]],[[[102.68143796441923,4.525091944282367],[102.68096729816617,4.526098824188863],[102.68143796441923,4.526098824188863],[102.68143796441923,4.525091944282367]]],[[[102.67910602666173,4.529047266496426],[102.67877970293681,4.52845757709926],[102.67848831031084,4.529047266496426],[102.67910602666173,4.529047266496426]]],[[[102.67832871407586,4.530226646694676],[102.67832871407586,4.529370240576769],[102.67774863232209,4.530226646694676],[102.67832871407586,4.530226646694676]]],[[[102.67261450668644,4.5308163374958825],[102.672159,4.53042889504983],[102.67211021338915,4.530414628781655],[102.67211021338915,4.5308163374958825],[102.67261450668644,4.5308163374958825]]],[[[102.66977827563161,4.531406028765229],[102.66977827563161,4.530665015321367],[102.66917584746079,4.531406028765229],[102.66977827563161,4.531406028765229]]],[[[102.67755140149004,4.531406028765229],[102.67738925773132,4.5308163374958825],[102.67707392096499,4.531406028765229],[102.67755140149004,4.531406028765229]]],[[[102.67308256148048,4.531406028765229],[102.67288752597499,4.5319957205027706],[102.67372869702879,4.5319957205027706],[102.67308256148048,4.531406028765229]]],[[[102.71952628112544,4.5319957205027706],[102.72030359371128,4.531554261991283],[102.71952628112544,4.531406028765229],[102.71952628112544,4.5319957205027706]]],[[[102.67452211442055,4.532585412708573],[102.67444215114666,4.532525981523073],[102.67444215114666,4.532585412708573],[102.67452211442055,4.532585412708573]]],[[[102.72108090629713,4.534944186215639],[102.72108090629713,4.534354492136171],[102.72030359371128,4.534354492136171],[102.72030359371128,4.534944186215639],[102.72108090629713,4.534944186215639]]],[[[102.71952628112544,4.535533880763675],[102.71952628112544,4.534944186215639],[102.71797165595378,4.534944186215639],[102.71797165595378,4.535533880763675],[102.71952628112544,4.535533880763675]]],[[[102.71797165595378,4.536123575780347],[102.71797165595378,4.535533880763675],[102.71641703078208,4.535533880763675],[102.71641703078208,4.536123575780347],[102.71797165595378,4.536123575780347]]],[[[102.71563971819623,4.536713271265713],[102.71563971819623,4.536123575780347],[102.7148624056104,4.536123575780347],[102.7148624056104,4.536713271265713],[102.71563971819623,4.536713271265713]]],[[[102.71253046785287,4.538482360534595],[102.71253046785287,4.537892663642774],[102.71175315526703,4.537892663642774],[102.71175315526703,4.538482360534595],[102.71253046785287,4.538482360534595]]],[[[102.7109758426812,4.539661755725125],[102.71019853009535,4.539661755725125],[102.71019853009535,4.54025145402396],[102.7109758426812,4.54025145402396],[102.7109758426812,4.539661755725125]]],[[[102.71019853009535,4.540841152791923],[102.70942121750952,4.540841152791923],[102.70942121750952,4.541430852029075],[102.71019853009535,4.541430852029075],[102.71019853009535,4.540841152791923]]],[[[102.70942121750952,4.542610251911198],[102.70942121750952,4.542020551735479],[102.70864390492369,4.542020551735479],[102.70864390492369,4.542610251911198],[102.70942121750952,4.542610251911198]]],[[[102.70864390492369,4.548507279494294],[102.70864390492369,4.5479175746220255],[102.70786659233782,4.5479175746220255],[102.70786659233782,4.548507279494294],[102.70864390492369,4.548507279494294]]],[[[102.70708927975198,4.592736488758546],[102.70708927975198,4.5921467484646294],[102.70631196716614,4.5921467484646294],[102.70631196716614,4.592736488758546],[102.70708927975198,4.592736488758546]]],[[[102.7109758426812,4.592736488758546],[102.71019853009535,4.592736488758546],[102.71019853009535,4.593326229527107],[102.7109758426812,4.593326229527107],[102.7109758426812,4.592736488758546]]],[[[102.70942121750952,4.593915970770375],[102.71019853009535,4.593915970770375],[102.71019853009535,4.593326229527107],[102.70942121750952,4.593326229527107],[102.70942121750952,4.593915970770375]]],[[[102.70786659233782,4.5950954546812754],[102.70786659233782,4.594505712488409],[102.70708927975198,4.594505712488409],[102.70708927975198,4.5950954546812754],[102.70786659233782,4.5950954546812754]]],[[[102.71641703078208,4.605710895419462],[102.71641703078208,4.605121144669054],[102.71563971819623,4.605121144669054],[102.71563971819623,4.605710895419462],[102.71641703078208,4.605710895419462]]],[[[102.70320271682277,4.836930478467962],[102.70320271682277,4.836340536365958],[102.70242540423695,4.836340536365958],[102.70242540423695,4.836930478467962],[102.70320271682277,4.836930478467962]]],[[[102.69853884130774,4.841060087195263],[102.6977615287219,4.841060087195263],[102.6977615287219,4.841650033301806],[102.69853884130774,4.841650033301806],[102.69853884130774,4.841060087195263]]],[[[102.70320271682277,4.848139473543384],[102.70242540423695,4.848139473543384],[102.70242540423695,4.848729425664199],[102.70398002940863,4.848729425664199],[102.70398002940863,4.846959570806284],[102.70320271682277,4.846959570806284],[102.70320271682277,4.848139473543384]]],[[[102.70631196716614,4.850499285036454],[102.70631196716614,4.8499093314106725],[102.70553465458032,4.8499093314106725],[102.70553465458032,4.850499285036454],[102.70631196716614,4.850499285036454]]],[[[102.70553465458032,4.853449060693316],[102.70553465458032,4.852859104558009],[102.70631196716614,4.852859104558009],[102.70631196716614,4.851679193793423],[102.70475734199448,4.852269148924732],[102.70475734199448,4.853449060693316],[102.70553465458032,4.853449060693316]]],[[[102.7109758426812,4.858168727856273],[102.7109758426812,4.8575787677024955],[102.71019853009535,4.8575787677024955],[102.71019853009535,4.858168727856273],[102.7109758426812,4.858168727856273]]],[[[102.70320271682277,4.859938611333387],[102.70242540423695,4.859938611333387],[102.70242540423695,4.860528573497894],[102.70320271682277,4.860528573497894],[102.70320271682277,4.859938611333387]]],[[[102.70942121750952,4.860528573497894],[102.70864390492369,4.860528573497894],[102.70864390492369,4.861118536165238],[102.70942121750952,4.861118536165238],[102.70942121750952,4.860528573497894]]],[[[102.71019853009535,4.863478391864234],[102.71019853009535,4.8628884271849175],[102.70786659233782,4.8628884271849175],[102.70786659233782,4.863478391864234],[102.71019853009535,4.863478391864234]]],[[[102.71952628112544,4.865248288921326],[102.71952628112544,4.864658322732376],[102.7187489685396,4.864658322732376],[102.7187489685396,4.865248288921326],[102.71952628112544,4.865248288921326]]],[[[102.70786659233782,4.8676081587111],[102.70786659233782,4.867018190508436],[102.70708927975198,4.867018190508436],[102.70708927975198,4.8676081587111],[102.70786659233782,4.8676081587111]]],[[[102.7109758426812,4.867018190508436],[102.71019853009535,4.867018190508436],[102.71019853009535,4.8676081587111],[102.7109758426812,4.8676081587111],[102.7109758426812,4.867018190508436]]],[[[102.71175315526703,4.869378066340849],[102.7109758426812,4.869378066340849],[102.7109758426812,4.869968036558225],[102.71175315526703,4.869968036558225],[102.71175315526703,4.869378066340849]]],[[[102.72185821888297,4.526688511714846],[102.72185821888297,4.526542558775338],[102.72155681524605,4.526688511714846],[102.72185821888297,4.526688511714846]]],[[[102.72140924146726,4.529636956361545],[102.72185821888297,4.5291744154605045],[102.72185821888297,4.529047266496426],[102.72108090629713,4.529047266496426],[102.72140924146726,4.529636956361545]]],[[[102.72108090629713,4.532585412708573],[102.72074991157396,4.5319957205027706],[102.72030359371128,4.5319957205027706],[102.72030359371128,4.532585412708573],[102.72108090629713,4.532585412708573]]],[[[102.7280767195697,4.602762146426264],[102.72729940698386,4.602762146426264],[102.72729940698386,4.603941644596015],[102.7280767195697,4.603941644596015],[102.7280767195697,4.602762146426264]]],[[[102.73507253284227,4.6086596563128595],[102.73429522025643,4.6086596563128595],[102.73429522025643,4.609249409920246],[102.73507253284227,4.609249409920246],[102.73507253284227,4.6086596563128595]]],[[[102.75139609714492,4.772039833052774],[102.75139609714492,4.771449945609687],[102.75061878455908,4.771449945609687],[102.75061878455908,4.772039833052774],[102.75139609714492,4.772039833052774]]],[[[102.75139609714492,4.780888203955305],[102.75139609714492,4.780298309103016],[102.75061878455908,4.780298309103016],[102.75061878455908,4.780888203955305],[102.75139609714492,4.780888203955305]]],[[[102.75217340973076,4.7820679951432785],[102.75217340973076,4.781478099302039],[102.75139609714492,4.781478099302039],[102.75139609714492,4.7820679951432785],[102.75217340973076,4.7820679951432785]]],[[[102.75372803490245,4.783837685634656],[102.75295072231661,4.783837685634656],[102.75295072231661,4.7844275834545416],[102.75372803490245,4.7844275834545416],[102.75372803490245,4.783837685634656]]],[[[102.75139609714492,4.783837685634656],[102.75061878455908,4.783837685634656],[102.75061878455908,4.785017481769244],[102.75217340973076,4.785017481769244],[102.75139609714492,4.783837685634656]]],[[[102.75061878455908,4.785607380578827],[102.75061878455908,4.785017481769244],[102.74984147197326,4.785017481769244],[102.74984147197326,4.785607380578827],[102.75061878455908,4.785607380578827]]],[[[102.7490641593874,4.785607380578827],[102.7490641593874,4.786197279883349],[102.74984147197326,4.786197279883349],[102.74984147197326,4.785607380578827],[102.7490641593874,4.785607380578827]]],[[[102.74984147197326,4.787966980767185],[102.74984147197326,4.786787179682874],[102.7490641593874,4.786787179682874],[102.7490641593874,4.787966980767185],[102.74984147197326,4.787966980767185]]],[[[102.7490641593874,4.788556882052093],[102.74828684680156,4.788556882052093],[102.74828684680156,4.7897366861077275],[102.7490641593874,4.7897366861077275],[102.7490641593874,4.788556882052093]]],[[[102.75217340973076,4.790326588878577],[102.75139609714492,4.790326588878577],[102.75139609714492,4.790916492144868],[102.75217340973076,4.790916492144868],[102.75217340973076,4.790326588878577]]],[[[102.75217340973076,4.790916492144868],[102.75217340973076,4.791506395906657],[102.75528266007413,4.791506395906657],[102.75528266007413,4.792686204916985],[102.75605997265997,4.792686204916985],[102.75605997265997,4.790916492144868],[102.75217340973076,4.790916492144868]]],[[[102.7490641593874,4.792096300164008],[102.7490641593874,4.793866015910061],[102.74984147197326,4.793866015910061],[102.74984147197326,4.790916492144868],[102.75061878455908,4.790916492144868],[102.75061878455908,4.790326588878577],[102.7490641593874,4.790326588878577],[102.7490641593874,4.790916492144868],[102.74828684680156,4.790916492144868],[102.74828684680156,4.792096300164008],[102.7490641593874,4.792096300164008]]],[[[102.75528266007413,4.794455922150286],[102.75528266007413,4.793866015910061],[102.75450534748829,4.793866015910061],[102.75450534748829,4.794455922150286],[102.75528266007413,4.794455922150286]]],[[[102.74595490904404,4.794455922150286],[102.74595490904404,4.795045828886384],[102.74673222162988,4.795045828886384],[102.74673222162988,4.794455922150286],[102.74595490904404,4.794455922150286]]],[[[102.7490641593874,4.795635736118415],[102.7490641593874,4.796225643846447],[102.74984147197326,4.796225643846447],[102.74984147197326,4.794455922150286],[102.7490641593874,4.794455922150286],[102.7490641593874,4.795045828886384],[102.74673222162988,4.795045828886384],[102.74673222162988,4.795635736118415],[102.7490641593874,4.795635736118415]]],[[[102.75450534748829,4.799765100634063],[102.75761459783165,4.799765100634063],[102.75761459783165,4.79917518992874],[102.75450534748829,4.79917518992874],[102.75450534748829,4.799765100634063]]],[[[102.75295072231661,4.79858527971979],[102.75139609714492,4.79917518992874],[102.75061878455908,4.801534835728873],[102.7490641593874,4.801534835728873],[102.7490641593874,4.8021247484203],[102.74984147197326,4.8021247484203],[102.74984147197326,4.803894489474915],[102.75061878455908,4.803894489474915],[102.75061878455908,4.8021247484203],[102.75295072231661,4.8021247484203],[102.75295072231661,4.799765100634063],[102.75450534748829,4.79917518992874],[102.75450534748829,4.797995370007147],[102.75372803490245,4.797995370007147],[102.75450534748829,4.795045828886384],[102.75295072231661,4.795635736118415],[102.75295072231661,4.79858527971979]]],[[[102.77471547472017,4.80330457529326],[102.77471547472017,4.802714661608407],[102.7739381621343,4.802714661608407],[102.7739381621343,4.80330457529326],[102.77471547472017,4.80330457529326]]],[[[102.76771966144759,4.802714661608407],[102.76694234886175,4.802714661608407],[102.76694234886175,4.80330457529326],[102.76771966144759,4.80330457529326],[102.76771966144759,4.802714661608407]]],[[[102.7700515992051,4.80330457529326],[102.76927428661926,4.80330457529326],[102.76927428661926,4.803894489474915],[102.7700515992051,4.803894489474915],[102.7700515992051,4.80330457529326]]],[[[102.75061878455908,4.807433985001259],[102.75061878455908,4.806844067837462],[102.74984147197326,4.806844067837462],[102.74984147197326,4.807433985001259],[102.75061878455908,4.807433985001259]]],[[[102.76227847334671,4.807433985001259],[102.76227847334671,4.809793658629477],[102.76305578593254,4.809793658629477],[102.76305578593254,4.808023902662297],[102.76383309851838,4.808023902662297],[102.76461041110421,4.806844067837462],[102.76305578593254,4.806844067837462],[102.76305578593254,4.807433985001259],[102.76227847334671,4.807433985001259]]],[[[102.75061878455908,4.80448440415344],[102.75139609714492,4.80448440415344],[102.75139609714492,4.806254151170844],[102.75217340973076,4.806254151170844],[102.75217340973076,4.806844067837462],[102.75061878455908,4.807433985001259],[102.75061878455908,4.809203739476344],[102.74828684680156,4.8103835782801],[102.74828684680156,4.811563419074064],[102.74750953421571,4.811563419074064],[102.74750953421571,4.813923106634601],[102.7490641593874,4.813923106634601],[102.7490641593874,4.813333183997735],[102.74984147197326,4.813333183997735],[102.7490641593874,4.810973498428275],[102.74984147197326,4.810973498428275],[102.74984147197326,4.8103835782801],[102.75139609714492,4.8103835782801],[102.75217340973076,4.808023902662297],[102.75450534748829,4.808023902662297],[102.75450534748829,4.807433985001259],[102.75295072231661,4.807433985001259],[102.75295072231661,4.805664235001342],[102.75217340973076,4.805664235001342],[102.75217340973076,4.80448440415344],[102.75295072231661,4.80448440415344],[102.75295072231661,4.803894489474915],[102.75061878455908,4.803894489474915],[102.75061878455908,4.80448440415344]]],[[[102.75605997265997,4.808023902662297],[102.75450534748829,4.808023902662297],[102.75605997265997,4.809793658629477],[102.75761459783165,4.809793658629477],[102.75761459783165,4.8103835782801],[102.760723848175,4.810973498428275],[102.760723848175,4.809793658629477],[102.75994653558917,4.809793658629477],[102.75916922300334,4.8086138208206375],[102.75683728524581,4.8086138208206375],[102.75683728524581,4.807433985001259],[102.75605997265997,4.807433985001259],[102.75605997265997,4.808023902662297]]],[[[102.76227847334671,4.809793658629477],[102.76150116076086,4.809793658629477],[102.76150116076086,4.810973498428275],[102.76227847334671,4.810973498428275],[102.76227847334671,4.809793658629477]]],[[[102.74673222162988,4.82395186769454],[102.74673222162988,4.823361936584498],[102.74595490904404,4.823361936584498],[102.74595490904404,4.82395186769454],[102.74673222162988,4.82395186769454]]],[[[102.74750953421571,4.8251317314116315],[102.74750953421571,4.824541799303565],[102.74673222162988,4.824541799303565],[102.74673222162988,4.8251317314116315],[102.74750953421571,4.8251317314116315]]],[[[102.73429522025643,4.836340536365958],[102.73429522025643,4.8357505947642405],[102.73118596991307,4.8357505947642405],[102.73118596991307,4.836340536365958],[102.73429522025643,4.836340536365958]]],[[[102.73662715801395,4.837520421070315],[102.7374044705998,4.837520421070315],[102.7374044705998,4.835160653662751],[102.7358498454281,4.8357505947642405],[102.7358498454281,4.836340536365958],[102.73662715801395,4.836340536365958],[102.73662715801395,4.837520421070315]]],[[[102.73507253284227,4.836930478467962],[102.7358498454281,4.836930478467962],[102.7358498454281,4.836340536365958],[102.73507253284227,4.836340536365958],[102.73507253284227,4.836930478467962]]],[[[102.74750953421571,4.836930478467962],[102.74673222162988,4.8357505947642405],[102.74517759645819,4.8357505947642405],[102.74517759645819,4.836340536365958],[102.74362297128653,4.836340536365958],[102.74362297128653,4.837520421070315],[102.74284565870067,4.837520421070315],[102.74284565870067,4.83811036417308],[102.74440028387235,4.838700307776318],[102.74440028387235,4.837520421070315],[102.74517759645819,4.837520421070315],[102.74517759645819,4.836930478467962],[102.74595490904404,4.836930478467962],[102.74595490904404,4.837520421070315],[102.74828684680156,4.837520421070315],[102.74828684680156,4.836930478467962],[102.74750953421571,4.836930478467962]]],[[[102.7374044705998,4.837520421070315],[102.7374044705998,4.838700307776318],[102.73973640835732,4.838700307776318],[102.73973640835732,4.83811036417308],[102.74051372094316,4.83811036417308],[102.74051372094316,4.837520421070315],[102.73895909577146,4.837520421070315],[102.73895909577146,4.83811036417308],[102.7374044705998,4.837520421070315]]],[[[102.74362297128653,4.840470141589504],[102.74362297128653,4.838700307776318],[102.74284565870067,4.838700307776318],[102.74284565870067,4.840470141589504],[102.74362297128653,4.840470141589504]]],[[[102.73973640835732,4.840470141589504],[102.74051372094316,4.840470141589504],[102.74051372094316,4.841060087195263],[102.741291033529,4.841060087195263],[102.741291033529,4.83988019648447],[102.73973640835732,4.83988019648447],[102.73973640835732,4.840470141589504]]],[[[102.76150116076086,4.840470141589504],[102.760723848175,4.840470141589504],[102.760723848175,4.841060087195263],[102.76150116076086,4.841060087195263],[102.76150116076086,4.840470141589504]]],[[[102.76305578593254,4.842239979909197],[102.76305578593254,4.841650033301806],[102.76383309851838,4.841650033301806],[102.76383309851838,4.83988019648447],[102.76305578593254,4.83988019648447],[102.76305578593254,4.841060087195263],[102.76227847334671,4.841060087195263],[102.76227847334671,4.842239979909197],[102.76305578593254,4.842239979909197]]],[[[102.74284565870067,4.842829927017496],[102.74284565870067,4.842239979909197],[102.74206834611483,4.842239979909197],[102.74206834611483,4.842829927017496],[102.74284565870067,4.842829927017496]]],[[[102.7358498454281,4.844009822737073],[102.73507253284227,4.844009822737073],[102.73507253284227,4.8451897204610335],[102.7358498454281,4.8451897204610335],[102.7358498454281,4.844009822737073]]],[[[102.71719434336792,4.875277791194552],[102.71719434336792,4.875867766453057],[102.7187489685396,4.875277791194552],[102.7187489685396,4.876457742216018],[102.71797165595378,4.876457742216018],[102.71797165595378,4.877637695255555],[102.71641703078208,4.8782276725322555],[102.71408509302456,4.874687816440439],[102.7109758426812,4.874687816440439],[102.7109758426812,4.874097842190658],[102.71019853009535,4.874097842190658],[102.70942121750952,4.871737950233596],[102.70786659233782,4.871147978504534],[102.70708927975198,4.868198127417349],[102.70553465458032,4.868198127417349],[102.70553465458032,4.869378066340849],[102.70398002940863,4.869378066340849],[102.70398002940863,4.869968036558225],[102.70242540423695,4.87055800727943],[102.70242540423695,4.872327922466676],[102.70320271682277,4.872327922466676],[102.70320271682277,4.872917895203838],[102.70242540423695,4.872917895203838],[102.70242540423695,4.874687816440439],[102.7040288,4.871691894696078],[102.7060484,4.87027839469756],[102.70963619999999,4.875235294692441],[102.7122119,4.875512994692154],[102.71565919999999,4.878559394689025],[102.71894769999999,4.878559694689029],[102.7222009,4.876255794691404],[102.72717289999999,4.878773794688812],[102.7289304,4.878015394689582],[102.73429522025643,4.8777601300203415],[102.73747799999998,4.876783394690856],[102.74284565870067,4.880001096773383],[102.74284565870067,4.8782276725322555],[102.74206834611483,4.8782276725322555],[102.741291033529,4.877047718483497],[102.73973640835732,4.877047718483497],[102.73973640835732,4.875277791194552],[102.73895909577146,4.875277791194552],[102.73895909577146,4.871737950233596],[102.7374044705998,4.871147978504534],[102.73818178318562,4.868788096627244],[102.74051372094316,4.868788096627244],[102.74051372094316,4.8676081587111],[102.741291033529,4.8676081587111],[102.741291033529,4.865248288921326],[102.74284565870067,4.865248288921326],[102.74284565870067,4.866428222809294],[102.74440028387235,4.867018190508436],[102.74440028387235,4.868198127417349],[102.74284565870067,4.868198127417349],[102.74284565870067,4.871737950233596],[102.74362297128653,4.871737950233596],[102.74440028387235,4.872917895203838],[102.74828684680156,4.873507868445145],[102.74828684680156,4.871737950233596],[102.74673222162988,4.871147978504534],[102.74828684680156,4.869378066340849],[102.7490641593874,4.869378066340849],[102.7490641593874,4.87055800727943],[102.75061878455908,4.871147978504534],[102.75061878455908,4.872917895203838],[102.75528266007413,4.873507868445145],[102.75528266007413,4.872327922466676],[102.75683728524581,4.871737950233596],[102.75683728524581,4.87055800727943],[102.75605997265997,4.87055800727943],[102.75605997265997,4.871147978504534],[102.75450534748829,4.871147978504534],[102.75450534748829,4.871737950233596],[102.75217340973076,4.871737950233596],[102.75217340973076,4.871147978504534],[102.75061878455908,4.87055800727943],[102.75061878455908,4.868788096627244],[102.74984147197326,4.868788096627244],[102.7490641593874,4.865248288921326],[102.74673222162988,4.865248288921326],[102.74673222162988,4.864658322732376],[102.74750953421571,4.864658322732376],[102.74673222162988,4.8622984630086865],[102.74828684680156,4.8622984630086865],[102.74828684680156,4.8617084993354815],[102.74595490904404,4.860528573497894],[102.74595490904404,4.858168727856273],[102.74517759645819,4.858168727856273],[102.74517759645819,4.8575787677024955],[102.74362297128653,4.8575787677024955],[102.74362297128653,4.855218932112031],[102.74440028387235,4.855218932112031],[102.74440028387235,4.854628974470263],[102.74284565870067,4.854628974470263],[102.74284565870067,4.854039017330712],[102.74440028387235,4.854039017330712],[102.74440028387235,4.852859104558009],[102.74284565870067,4.852859104558009],[102.74284565870067,4.851679193793423],[102.74206834611483,4.851679193793423],[102.74206834611483,4.848729425664199],[102.741291033529,4.848729425664199],[102.741291033529,4.846959570806284],[102.74284565870067,4.846959570806284],[102.74284565870067,4.845779670074815],[102.74595490904404,4.8451897204610335],[102.74595490904404,4.845779670074815],[102.74828684680156,4.845779670074815],[102.74828684680156,4.846959570806284],[102.74984147197326,4.846959570806284],[102.74984147197326,4.847549521924099],[102.75061878455908,4.847549521924099],[102.75061878455908,4.849319378286607],[102.74984147197326,4.849319378286607],[102.74984147197326,4.8499093314106725],[102.75139609714492,4.8499093314106725],[102.75139609714492,4.849319378286607],[102.75295072231661,4.8499093314106725],[102.75295072231661,4.848729425664199],[102.75450534748829,4.848729425664199],[102.75450534748829,4.849319378286607],[102.75605997265997,4.848729425664199],[102.75605997265997,4.8451897204610335],[102.75683728524581,4.8451897204610335],[102.75683728524581,4.844009822737073],[102.75994653558917,4.845779670074815],[102.75994653558917,4.8451897204610335],[102.760723848175,4.8451897204610335],[102.760723848175,4.844599771348474],[102.75994653558917,4.844599771348474],[102.75994653558917,4.842829927017496],[102.760723848175,4.842829927017496],[102.760723848175,4.843419874626768],[102.76305578593254,4.843419874626768],[102.76150116076086,4.841650033301806],[102.75994653558917,4.842239979909197],[102.75994653558917,4.841650033301806],[102.7583919104175,4.841060087195263],[102.7583919104175,4.840470141589504],[102.760723848175,4.840470141589504],[102.760723848175,4.83988019648447],[102.75994653558917,4.83988019648447],[102.75994653558917,4.839290251880095],[102.75761459783165,4.839290251880095],[102.75761459783165,4.83811036417308],[102.760723848175,4.838700307776318],[102.760723848175,4.836340536365958],[102.75994653558917,4.836340536365958],[102.75916922300334,4.832800894257798],[102.7583919104175,4.832800894257798],[102.7583919104175,4.833390833359008],[102.75683728524581,4.833390833359008],[102.75683728524581,4.8322109556565005],[102.75761459783165,4.8322109556565005],[102.75683728524581,4.829261270146557],[102.75605997265997,4.829261270146557],[102.75528266007413,4.828081399439805],[102.75450534748829,4.828081399439805],[102.75450534748829,4.828671334543441],[102.75372803490245,4.828671334543441],[102.75372803490245,4.828081399439805],[102.75295072231661,4.828081399439805],[102.75295072231661,4.828671334543441],[102.75139609714492,4.828081399439805],[102.75139609714492,4.827491464835585],[102.75217340973076,4.827491464835585],[102.75217340973076,4.826311597125148],[102.75295072231661,4.826311597125148],[102.75295072231661,4.824541799303565],[102.75139609714492,4.824541799303565],[102.75139609714492,4.82395186769454],[102.75061878455908,4.82395186769454],[102.75061878455908,4.822772005973375],[102.74984147197326,4.822772005973375],[102.74984147197326,4.821592146247639],[102.7490641593874,4.821592146247639],[102.7490641593874,4.820412288516837],[102.74828684680156,4.820412288516837],[102.74828684680156,4.8186425056600415],[102.74673222162988,4.8186425056600415],[102.74673222162988,4.815692877532995],[102.74750953421571,4.815692877532995],[102.74750953421571,4.813923106634601],[102.74673222162988,4.813923106634601],[102.74673222162988,4.81510295340217],[102.74595490904404,4.81510295340217],[102.74440028387235,4.816872727289046],[102.74362297128653,4.816872727289046],[102.74362297128653,4.8162828021619335],[102.74206834611483,4.816872727289046],[102.74206834611483,4.817462652914392],[102.74440028387235,4.817462652914392],[102.74440028387235,4.818052579038038],[102.74595490904404,4.8186425056600415],[102.74595490904404,4.81982236039938],[102.74517759645819,4.81982236039938],[102.74517759645819,4.820412288516837],[102.74206834611483,4.81982236039938],[102.741291033529,4.821002217132903],[102.74206834611483,4.821002217132903],[102.74206834611483,4.821592146247639],[102.74362297128653,4.821592146247639],[102.74362297128653,4.82218207586111],[102.74440028387235,4.82218207586111],[102.74440028387235,4.821592146247639],[102.74595490904404,4.821592146247639],[102.74595490904404,4.820412288516837],[102.74750953421571,4.821002217132903],[102.74750953421571,4.82218207586111],[102.74828684680156,4.82218207586111],[102.74828684680156,4.824541799303565],[102.7490641593874,4.824541799303565],[102.7490641593874,4.826901530730719],[102.74828684680156,4.826901530730719],[102.74828684680156,4.8251317314116315],[102.74750953421571,4.8251317314116315],[102.74750953421571,4.825721664018806],[102.74673222162988,4.825721664018806],[102.74673222162988,4.829851206249215],[102.74750953421571,4.829851206249215],[102.74828684680156,4.831031079953402],[102.75139609714492,4.831031079953402],[102.75139609714492,4.831621017555056],[102.75372803490245,4.832800894257798],[102.75372803490245,4.833980772960196],[102.75217340973076,4.833980772960196],[102.75217340973076,4.835160653662751],[102.75372803490245,4.835160653662751],[102.75372803490245,4.8357505947642405],[102.75450534748829,4.8357505947642405],[102.75450534748829,4.838700307776318],[102.75217340973076,4.838700307776318],[102.75217340973076,4.841650033301806],[102.75061878455908,4.841060087195263],[102.75139609714492,4.83988019648447],[102.74984147197326,4.83988019648447],[102.7490641593874,4.842829927017496],[102.74828684680156,4.842829927017496],[102.74750953421571,4.844009822737073],[102.74517759645819,4.844009822737073],[102.74517759645819,4.842829927017496],[102.74595490904404,4.842829927017496],[102.74595490904404,4.842239979909197],[102.74362297128653,4.841060087195263],[102.74284565870067,4.842239979909197],[102.74440028387235,4.842239979909197],[102.74440028387235,4.844009822737073],[102.74284565870067,4.844009822737073],[102.74284565870067,4.844599771348474],[102.74051372094316,4.844599771348474],[102.74051372094316,4.8451897204610335],[102.73973640835732,4.8451897204610335],[102.73973640835732,4.848729425664199],[102.73818178318562,4.849319378286607],[102.73818178318562,4.850499285036454],[102.7374044705998,4.850499285036454],[102.7374044705998,4.8451897204610335],[102.7358498454281,4.8451897204610335],[102.73507253284227,4.846369620189877],[102.73429522025643,4.846369620189877],[102.73429522025643,4.845779670074815],[102.73274059508473,4.845779670074815],[102.73351790767059,4.848729425664199],[102.73274059508473,4.848729425664199],[102.73274059508473,4.848139473543384],[102.73118596991307,4.848139473543384],[102.73118596991307,4.852269148924732],[102.72885403215554,4.852269148924732],[102.72885403215554,4.849319378286607],[102.7280767195697,4.849319378286607],[102.7280767195697,4.848139473543384],[102.72574478181217,4.848139473543384],[102.72496746922633,4.846959570806284],[102.72341284405465,4.846959570806284],[102.72263553146881,4.844009822737073],[102.72030359371128,4.842829927017496],[102.72030359371128,4.8451897204610335],[102.72185821888297,4.845779670074815],[102.72185821888297,4.846369620189877],[102.72108090629713,4.846369620189877],[102.72108090629713,4.847549521924099],[102.72263553146881,4.848139473543384],[102.72263553146881,4.851679193793423],[102.72341284405465,4.851679193793423],[102.72341284405465,4.853449060693316],[102.72419015664049,4.853449060693316],[102.72419015664049,4.855808890256074],[102.72341284405465,4.855808890256074],[102.72341284405465,4.856398848902457],[102.72108090629713,4.856398848902457],[102.72108090629713,4.8575787677024955],[102.72030359371128,4.8575787677024955],[102.72030359371128,4.861118536165238],[102.7187489685396,4.861118536165238],[102.7187489685396,4.860528573497894],[102.71797165595378,4.860528573497894],[102.71797165595378,4.858168727856273],[102.71719434336792,4.858168727856273],[102.71719434336792,4.858758688512639],[102.71563971819623,4.858168727856273],[102.7148624056104,4.854628974470263],[102.71330778043873,4.854628974470263],[102.71330778043873,4.852269148924732],[102.7109758426812,4.852269148924732],[102.71253046785287,4.8499093314106725],[102.71175315526703,4.8499093314106725],[102.71175315526703,4.849319378286607],[102.71019853009535,4.848729425664199],[102.71019853009535,4.847549521924099],[102.70864390492369,4.847549521924099],[102.70864390492369,4.846369620189877],[102.70786659233782,4.846369620189877],[102.70786659233782,4.842829927017496],[102.70708927975198,4.842829927017496],[102.70708927975198,4.841650033301806],[102.70631196716614,4.841650033301806],[102.70631196716614,4.840470141589504],[102.70553465458032,4.840470141589504],[102.70553465458032,4.838700307776318],[102.70475734199448,4.838700307776318],[102.70475734199448,4.839290251880095],[102.70242540423695,4.839290251880095],[102.70242540423695,4.836930478467962],[102.70087077906527,4.836340536365958],[102.70009346647943,4.833390833359008],[102.69931615389358,4.833390833359008],[102.69931615389358,4.8345707130614235],[102.69853884130774,4.8345707130614235],[102.69853884130774,4.833980772960196],[102.69698421613606,4.833980772960196],[102.69698421613606,4.8345707130614235],[102.69853884130774,4.835160653662751],[102.69853884130774,4.836340536365958],[102.70009346647943,4.836340536365958],[102.70009346647943,4.840470141589504],[102.70087077906527,4.840470141589504],[102.70087077906527,4.841060087195263],[102.70242540423695,4.841060087195263],[102.70242540423695,4.842239979909197],[102.70398002940863,4.841650033301806],[102.70398002940863,4.842829927017496],[102.70087077906527,4.842829927017496],[102.70087077906527,4.841650033301806],[102.69931615389358,4.841060087195263],[102.69931615389358,4.841650033301806],[102.69853884130774,4.841650033301806],[102.69931615389358,4.842829927017496],[102.6977615287219,4.842829927017496],[102.6977615287219,4.843419874626768],[102.69698421613606,4.843419874626768],[102.69698421613606,4.842829927017496],[102.69620690355022,4.842829927017496],[102.69620690355022,4.841650033301806],[102.69387496579269,4.841650033301806],[102.69387496579269,4.842239979909197],[102.69465227837853,4.842239979909197],[102.69465227837853,4.844009822737073],[102.69542959096437,4.844009822737073],[102.69620690355022,4.8451897204610335],[102.6977615287219,4.8451897204610335],[102.6977615287219,4.844599771348474],[102.69853884130774,4.844599771348474],[102.69853884130774,4.8451897204610335],[102.69931615389358,4.8451897204610335],[102.69931615389358,4.847549521924099],[102.70009346647943,4.847549521924099],[102.70009346647943,4.845779670074815],[102.70242540423695,4.845779670074815],[102.70164809165111,4.846959570806284],[102.70320271682277,4.846959570806284],[102.70320271682277,4.844599771348474],[102.70475734199448,4.844599771348474],[102.70475734199448,4.8451897204610335],[102.70553465458032,4.8451897204610335],[102.70553465458032,4.846959570806284],[102.70631196716614,4.846959570806284],[102.70553465458032,4.848139473543384],[102.70708927975198,4.848139473543384],[102.70708927975198,4.849319378286607],[102.70631196716614,4.849319378286607],[102.70631196716614,4.8499093314106725],[102.70708927975198,4.8499093314106725],[102.70708927975198,4.851679193793423],[102.70864390492369,4.851679193793423],[102.70864390492369,4.852859104558009],[102.70708927975198,4.852859104558009],[102.70708927975198,4.853449060693316],[102.70864390492369,4.853449060693316],[102.70864390492369,4.855218932112031],[102.70942121750952,4.855218932112031],[102.70942121750952,4.855808890256074],[102.70864390492369,4.855808890256074],[102.70786659233782,4.856988808051245],[102.70708927975198,4.856988808051245],[102.70708927975198,4.856398848902457],[102.70553465458032,4.856398848902457],[102.70631196716614,4.858758688512639],[102.70475734199448,4.858758688512639],[102.70475734199448,4.859348649671657],[102.70320271682277,4.859348649671657],[102.70320271682277,4.859938611333387],[102.70398002940863,4.859938611333387],[102.70398002940863,4.860528573497894],[102.70475734199448,4.860528573497894],[102.70475734199448,4.859938611333387],[102.70631196716614,4.860528573497894],[102.70631196716614,4.859938611333387],[102.70708927975198,4.859938611333387],[102.70708927975198,4.858758688512639],[102.70786659233782,4.858758688512639],[102.70786659233782,4.8575787677024955],[102.70864390492369,4.8575787677024955],[102.70864390492369,4.856988808051245],[102.7109758426812,4.856988808051245],[102.7109758426812,4.8575787677024955],[102.71253046785287,4.8575787677024955],[102.71253046785287,4.858168727856273],[102.71330778043873,4.858168727856273],[102.71330778043873,4.859348649671657],[102.71253046785287,4.859348649671657],[102.71253046785287,4.859938611333387],[102.71408509302456,4.860528573497894],[102.71408509302456,4.8617084993354815],[102.71330778043873,4.8617084993354815],[102.71330778043873,4.8628884271849175],[102.71408509302456,4.8628884271849175],[102.71408509302456,4.863478391864234],[102.71563971819623,4.863478391864234],[102.71563971819623,4.8617084993354815],[102.71641703078208,4.8617084993354815],[102.71641703078208,4.860528573497894],[102.71719434336792,4.860528573497894],[102.71719434336792,4.8628884271849175],[102.7187489685396,4.8628884271849175],[102.7187489685396,4.863478391864234],[102.71952628112544,4.863478391864234],[102.71952628112544,4.864658322732376],[102.72419015664049,4.865248288921326],[102.72419015664049,4.866428222809294],[102.72496746922633,4.866428222809294],[102.72496746922633,4.865248288921326],[102.72729940698386,4.865248288921326],[102.72729940698386,4.864658322732376],[102.72885403215554,4.864658322732376],[102.72885403215554,4.865248288921326],[102.72963134474138,4.865248288921326],[102.72963134474138,4.863478391864234],[102.73040865732722,4.863478391864234],[102.73040865732722,4.8628884271849175],[102.73118596991307,4.8628884271849175],[102.73118596991307,4.8640683570467],[102.7319632824989,4.8640683570467],[102.7319632824989,4.864658322732376],[102.73040865732722,4.864658322732376],[102.73040865732722,4.866428222809294],[102.72885403215554,4.866428222809294],[102.72885403215554,4.867018190508436],[102.73040865732722,4.867018190508436],[102.73118596991307,4.869378066340849],[102.72885403215554,4.869378066340849],[102.72885403215554,4.869968036558225],[102.72963134474138,4.869968036558225],[102.72963134474138,4.871147978504534],[102.72885403215554,4.871147978504534],[102.72885403215554,4.875867766453057],[102.7280767195697,4.875867766453057],[102.7280767195697,4.875277791194552],[102.72729940698386,4.875277791194552],[102.72729940698386,4.872917895203838],[102.72652209439802,4.872917895203838],[102.72652209439802,4.875277791194552],[102.72496746922633,4.875277791194552],[102.72496746922633,4.874687816440439],[102.72419015664049,4.874687816440439],[102.72419015664049,4.872327922466676],[102.72263553146881,4.871737950233596],[102.72263553146881,4.87055800727943],[102.72419015664049,4.87055800727943],[102.72419015664049,4.869378066340849],[102.72030359371128,4.868788096627244],[102.72030359371128,4.869378066340849],[102.72185821888297,4.869968036558225],[102.72185821888297,4.872327922466676],[102.72263553146881,4.872327922466676],[102.72263553146881,4.873507868445145],[102.72030359371128,4.872327922466676],[102.72030359371128,4.871147978504534],[102.71797165595378,4.871147978504534],[102.71797165595378,4.869968036558225],[102.7187489685396,4.869968036558225],[102.7187489685396,4.869378066340849],[102.71797165595378,4.869378066340849],[102.71797165595378,4.866428222809294],[102.71719434336792,4.866428222809294],[102.71719434336792,4.864658322732376],[102.71641703078208,4.864658322732376],[102.71641703078208,4.8640683570467],[102.7148624056104,4.8640683570467],[102.71563971819623,4.865248288921326],[102.71253046785287,4.865838255613611],[102.71253046785287,4.864658322732376],[102.71175315526703,4.864658322732376],[102.71175315526703,4.863478391864234],[102.71253046785287,4.863478391864234],[102.71253046785287,4.8628884271849175],[102.71175315526703,4.8628884271849175],[102.71175315526703,4.8617084993354815],[102.71019853009535,4.861118536165238],[102.7109758426812,4.863478391864234],[102.71019853009535,4.863478391864234],[102.70942121750952,4.865838255613611],[102.71019853009535,4.865838255613611],[102.71019853009535,4.865248288921326],[102.71175315526703,4.865248288921326],[102.71175315526703,4.866428222809294],[102.7109758426812,4.866428222809294],[102.71175315526703,4.8676081587111],[102.7109758426812,4.8676081587111],[102.71019853009535,4.868788096627244],[102.71408509302456,4.869378066340849],[102.71330778043873,4.87055800727943],[102.71175315526703,4.87055800727943],[102.71175315526703,4.871737950233596],[102.71253046785287,4.871737950233596],[102.71253046785287,4.872327922466676],[102.71408509302456,4.872327922466676],[102.71408509302456,4.872917895203838],[102.71563971819623,4.872917895203838],[102.71563971819623,4.873507868445145],[102.71641703078208,4.873507868445145],[102.71563971819623,4.874687816440439],[102.71719434336792,4.875277791194552]],[[102.73662715801395,4.845779670074815],[102.73662715801395,4.846369620189877],[102.7358498454281,4.846369620189877],[102.7358498454281,4.845779670074815],[102.73662715801395,4.845779670074815]],[[102.7109758426812,4.853449060693316],[102.71019853009535,4.853449060693316],[102.71019853009535,4.852269148924732],[102.7109758426812,4.852269148924732],[102.7109758426812,4.853449060693316]],[[102.71019853009535,4.851679193793423],[102.71019853009535,4.8510892391640175],[102.7109758426812,4.8510892391640175],[102.7109758426812,4.851679193793423],[102.71019853009535,4.851679193793423]],[[102.71408509302456,4.871737950233596],[102.7148624056104,4.871737950233596],[102.7148624056104,4.872327922466676],[102.71408509302456,4.872327922466676],[102.71408509302456,4.871737950233596]],[[102.73507253284227,4.872327922466676],[102.73507253284227,4.874687816440439],[102.7358498454281,4.874687816440439],[102.7358498454281,4.875867766453057],[102.73507253284227,4.875867766453057],[102.73507253284227,4.876457742216018],[102.73274059508473,4.876457742216018],[102.73274059508473,4.874097842190658],[102.73351790767059,4.874097842190658],[102.73351790767059,4.873507868445145],[102.73274059508473,4.873507868445145],[102.73274059508473,4.872327922466676],[102.73351790767059,4.872327922466676],[102.73351790767059,4.871737950233596],[102.73507253284227,4.872327922466676]],[[102.71797165595378,4.874097842190658],[102.71797165595378,4.874687816440439],[102.71719434336792,4.874687816440439],[102.71719434336792,4.874097842190658],[102.71797165595378,4.874097842190658]],[[102.73351790767059,4.8640683570467],[102.73351790767059,4.864658322732376],[102.73274059508473,4.864658322732376],[102.73274059508473,4.8640683570467],[102.73351790767059,4.8640683570467]],[[102.72574478181217,4.858758688512639],[102.72574478181217,4.861118536165238],[102.72729940698386,4.861118536165238],[102.72729940698386,4.8622984630086865],[102.72652209439802,4.8622984630086865],[102.72652209439802,4.863478391864234],[102.72496746922633,4.8640683570467],[102.72496746922633,4.863478391864234],[102.72419015664049,4.863478391864234],[102.72419015664049,4.8622984630086865],[102.72496746922633,4.8622984630086865],[102.72496746922633,4.8617084993354815],[102.72419015664049,4.8617084993354815],[102.72419015664049,4.860528573497894],[102.72496746922633,4.860528573497894],[102.72496746922633,4.858758688512639],[102.72574478181217,4.858758688512639]],[[102.72108090629713,4.8617084993354815],[102.72108090629713,4.859938611333387],[102.72185821888297,4.859938611333387],[102.72185821888297,4.858758688512639],[102.72263553146881,4.858758688512639],[102.72263553146881,4.8628884271849175],[102.72185821888297,4.8628884271849175],[102.72185821888297,4.8617084993354815],[102.72108090629713,4.8617084993354815]],[[102.74440028387235,4.859938611333387],[102.74440028387235,4.860528573497894],[102.74517759645819,4.860528573497894],[102.74517759645819,4.8617084993354815],[102.74440028387235,4.8617084993354815],[102.74440028387235,4.8628884271849175],[102.74362297128653,4.8628884271849175],[102.74362297128653,4.859938611333387],[102.74440028387235,4.859938611333387]],[[102.73040865732722,4.856988808051245],[102.73040865732722,4.858758688512639],[102.72963134474138,4.858758688512639],[102.72885403215554,4.8575787677024955],[102.72729940698386,4.858168727856273],[102.72729940698386,4.856398848902457],[102.72963134474138,4.856398848902457],[102.72963134474138,4.856988808051245],[102.73040865732722,4.856988808051245]],[[102.73351790767059,4.852859104558009],[102.73351790767059,4.853449060693316],[102.73274059508473,4.853449060693316],[102.73274059508473,4.856398848902457],[102.7319632824989,4.856398848902457],[102.7319632824989,4.855808890256074],[102.73118596991307,4.855808890256074],[102.7319632824989,4.852269148924732],[102.73274059508473,4.852269148924732],[102.73274059508473,4.851679193793423],[102.73429522025643,4.851679193793423],[102.73429522025643,4.852859104558009],[102.73351790767059,4.852859104558009]],[[102.73973640835732,4.855218932112031],[102.73973640835732,4.855808890256074],[102.73895909577146,4.855808890256074],[102.73895909577146,4.855218932112031],[102.73973640835732,4.855218932112031]],[[102.71175315526703,4.854628974470263],[102.71175315526703,4.855218932112031],[102.7109758426812,4.855218932112031],[102.7109758426812,4.854628974470263],[102.71175315526703,4.854628974470263]],[[102.73662715801395,4.855218932112031],[102.73662715801395,4.854039017330712],[102.7374044705998,4.854039017330712],[102.7374044705998,4.855218932112031],[102.73662715801395,4.855218932112031]],[[102.7374044705998,4.852859104558009],[102.73662715801395,4.852859104558009],[102.73662715801395,4.852269148924732],[102.7374044705998,4.852269148924732],[102.73818178318562,4.8510892391640175],[102.73973640835732,4.8510892391640175],[102.73973640835732,4.851679193793423],[102.74051372094316,4.851679193793423],[102.73895909577146,4.854628974470263],[102.7374044705998,4.854039017330712],[102.7374044705998,4.852859104558009]],[[102.72729940698386,4.8499093314106725],[102.72729940698386,4.8510892391640175],[102.72652209439802,4.8510892391640175],[102.72652209439802,4.8499093314106725],[102.72729940698386,4.8499093314106725]],[[102.73429522025643,4.8499093314106725],[102.73429522025643,4.8510892391640175],[102.73274059508473,4.8510892391640175],[102.73274059508473,4.850499285036454],[102.73429522025643,4.8499093314106725]]],[[[102.74362297128653,4.849319378286607],[102.74284565870067,4.849319378286607],[102.74284565870067,4.8499093314106725],[102.74362297128653,4.8499093314106725],[102.74362297128653,4.849319378286607]]],[[[102.72341284405465,4.868788096627244],[102.72341284405465,4.868198127417349],[102.72263553146881,4.868198127417349],[102.72263553146881,4.868788096627244],[102.72341284405465,4.868788096627244]]],[[[102.74595490904404,4.88058758668672],[102.74595490904404,4.879997607390829],[102.74517759645819,4.879997607390829],[102.74517759645819,4.88058758668672],[102.74595490904404,4.88058758668672]]],[[[102.74517759645819,4.881177566487563],[102.74517759645819,4.88058758668672],[102.74440028387235,4.88058758668672],[102.74440028387235,4.88093303674646],[102.74517759645819,4.881177566487563]]],[[[102.75761459783165,4.890027324136892],[102.75669518790802,4.890027324136892],[102.75761459783165,4.890923705881685],[102.75761459783165,4.890027324136892]]],[[[102.76150116076086,4.893567259059631],[102.76227847334671,4.893567259059631],[102.76150116076086,4.892387278727425],[102.75972091240267,4.892977268640398],[102.76150116076086,4.894712936167692],[102.76150116076086,4.893567259059631]]]]},"properties":{"place_id":"3c62490b-9d22-53cd-8666-3eefd06fc836","habitat":"permanent_water","habitat_label":"Permanent water","resolution_m":75}},{"type":"Feature","geometry":{"type":"MultiPolygon","coordinates":[[[[102.37439949301205,4.271396718854167],[102.37439949301205,4.27080722802945],[102.37362218042621,4.27080722802945],[102.37362218042621,4.271396718854167],[102.37439949301205,4.271396718854167]]],[[[102.37595411818376,4.271396718854167],[102.3751768055979,4.271396718854167],[102.3751768055979,4.271986210119809],[102.37595411818376,4.271986210119809],[102.37595411818376,4.271396718854167]]],[[[102.37984068111294,4.282007629156748],[102.37984068111294,4.28209006450871],[102.37988925875314,4.282007629156748],[102.37984068111294,4.282007629156748]]],[[[102.3790633685271,4.282597128369561],[102.3790633685271,4.2832119449195645],[102.37954187779667,4.282597128369561],[102.3790633685271,4.282597128369561]]],[[[102.37673143076958,4.286723635241413],[102.37673143076958,4.2868273508390615],[102.37677078331976,4.286723635241413],[102.37673143076958,4.286723635241413]]],[[[102.3790633685271,4.292519307550986],[102.3786844995806,4.29202917594168],[102.37828605594126,4.29202917594168],[102.37828605594126,4.292618682678532],[102.3790633685271,4.292519307550986]]],[[[102.38858373187232,4.293208189858531],[102.38839111955721,4.293155812049496],[102.38839111955721,4.293208189858531],[102.38858373187232,4.293208189858531]]],[[[102.3868364943855,4.293208189858531],[102.38761380697134,4.293084532758366],[102.38566900473008,4.293208189858531],[102.38605918179967,4.293797697481735],[102.3868364943855,4.293797697481735],[102.3868364943855,4.293208189858531]]],[[[102.37951572217537,4.293208189858531],[102.3790633685271,4.293797697481735],[102.37965063124255,4.293797697481735],[102.37951572217537,4.293208189858531]]],[[[102.38528186921384,4.293797697481735],[102.38367773374004,4.293797697481735],[102.3829499314563,4.295566223011219],[102.38372724404215,4.295566223011219],[102.38372724404215,4.294387205548212],[102.38528186921384,4.294387205548212],[102.38528186921384,4.293797697481735]]],[[[102.37885841306228,4.2973347525318015],[102.3790633685271,4.29497671405802],[102.37828605594126,4.29497671405802],[102.37828605594126,4.2973347525318015],[102.37885841306228,4.2973347525318015]]],[[[102.3829499314563,4.2973347525318015],[102.3824579595514,4.29674524224805],[102.38220810713506,4.2973347525318015],[102.3829499314563,4.2973347525318015]]],[[[102.38139530628463,4.298513774430289],[102.38061799369879,4.298798955786666],[102.38061799369879,4.299103286045147],[102.38139530628463,4.299103286045147],[102.38139530628463,4.298513774430289]]],[[[102.38969739210029,4.303229879779744],[102.38964163181677,4.302050850778065],[102.38916843214304,4.302050850778065],[102.38916843214304,4.303229879779744],[102.38969739210029,4.303229879779744]]],[[[102.38972218602927,4.303819394946939],[102.38916843214304,4.304408910558455],[102.389668248931,4.304408910558455],[102.38972218602927,4.303819394946939]]],[[[102.38916843214304,4.305587943114694],[102.38839111955721,4.305587943114694],[102.38839111955721,4.306177460059541],[102.38884312953117,4.306177460059541],[102.38916843214304,4.305587943114694]]],[[[102.38217261887047,4.315609791680239],[102.38217261887047,4.316199316191132],[102.38261151858063,4.316199316191132],[102.38288252758036,4.315609791680239],[102.38217261887047,4.315609791680239]]],[[[102.3829499314563,4.319736472616612],[102.38320245331141,4.319736472616612],[102.3829499314563,4.319404261278054],[102.3829499314563,4.319736472616612]]],[[[102.38605918179967,4.320954702980417],[102.384504556628,4.320915528325686],[102.384504556628,4.32150505684936],[102.38605918179967,4.32150505684936],[102.38605918179967,4.320954702980417]]],[[[102.39025473053536,4.322094585819208],[102.38994574472888,4.32268411523529],[102.39048095175552,4.32268411523529],[102.39025473053536,4.322094585819208]]],[[[102.3913360726903,4.330937573949777],[102.39124681419375,4.33034803827991],[102.39072305731472,4.33034803827991],[102.39072305731472,4.330937573949777],[102.3913360726903,4.330937573949777]]],[[[102.3922776824864,4.333295721101489],[102.39228983877064,4.333295721101489],[102.3922776824864,4.333274743444623],[102.3922776824864,4.333295721101489]]],[[[102.39263146832353,4.3338852590077845],[102.3922776824864,4.334474797361554],[102.39316542700985,4.334474797361554],[102.39263146832353,4.3338852590077845]]],[[[102.39538693282977,4.335653875411752],[102.39548144454773,4.335653875411752],[102.39538693282977,4.335636373699961],[102.39538693282977,4.335653875411752]]],[[[102.39383230765809,4.336243415108306],[102.39538693282977,4.336243415108306],[102.39538693282977,4.335653875411752],[102.39383230765809,4.335653875411752],[102.39383230765809,4.336243415108306]]],[[[102.4000508083448,4.336832955252578],[102.39927349575896,4.336243415108306],[102.39927349575896,4.336832955252578],[102.4000508083448,4.336832955252578]]],[[[102.39927349575896,4.340370205523762],[102.39849618317314,4.340370205523762],[102.39849618317314,4.340985333599023],[102.3988587,4.340784295248077],[102.39927349575896,4.340370205523762]]],[[[102.39572161964095,4.342728381333417],[102.39616424541559,4.342403005267345],[102.39616424541559,4.34213883670856],[102.39538693282977,4.34213883670856],[102.39572161964095,4.342728381333417]]],[[[102.39538693282977,4.342728381333417],[102.39460962024393,4.342728381333417],[102.39460962024393,4.343317926406671],[102.3950564989473,4.343317926406671],[102.39538693282977,4.342728381333417]]],[[[102.39305499507225,4.345676111184914],[102.39305499507225,4.345752052820095],[102.39310398967794,4.345676111184914],[102.39305499507225,4.345676111184914]]],[[[102.39234080476204,4.349802951824453],[102.3922776824864,4.35039250228331],[102.39236362322804,4.35039250228331],[102.39234080476204,4.349802951824453]]],[[[102.39383230765809,4.352074910102426],[102.39319523455956,4.351571604548693],[102.39305499507225,4.351571604548693],[102.39305499507225,4.352161156355341],[102.39383230765809,4.352074910102426]]],[[[102.39644829977206,4.354519368076428],[102.39616424541559,4.355108922130632],[102.39692789846066,4.355108922130632],[102.39644829977206,4.354519368076428]]],[[[102.39616424541559,4.35628803158819],[102.39616424541559,4.356877586991669],[102.39707115598561,4.356877586991669],[102.39720492529959,4.35628803158819],[102.39616424541559,4.35628803158819]]],[[[102.39538693282977,4.359825370758527],[102.39580206648523,4.359235813105021],[102.39538693282977,4.359235813105021],[102.39538693282977,4.359825370758527]]],[[[102.39538693282977,4.361004487416174],[102.39538693282977,4.361021604915321],[102.39540098114162,4.361004487416174],[102.39538693282977,4.361004487416174]]],[[[102.39072305731472,4.361594046420439],[102.38994574472888,4.361594046420439],[102.39042752249458,4.36277316578016],[102.39072305731472,4.36277316578016],[102.39072305731472,4.361594046420439]]],[[[102.3922776824864,4.36277316578016],[102.39250810000001,4.362935395224867],[102.39300360834379,4.36277316578016],[102.3922776824864,4.36277316578016]]],[[[102.38700256736311,4.365720972064295],[102.3868364943855,4.366310534673303],[102.38728885501503,4.366310534673303],[102.38700256736311,4.365720972064295]]],[[[102.38839111955721,4.368079225205799],[102.3888473,4.367835995219715],[102.38761380697134,4.3667689428046925],[102.38839111955721,4.368079225205799]]],[[[102.39383230765809,4.368079225205799],[102.39438092193602,4.368079225205799],[102.39383230765809,4.36761068206827],[102.39383230765809,4.368079225205799]]],[[[102.39460962024393,4.369258354482642],[102.39480993758514,4.368668789618661],[102.39460962024393,4.368668789618661],[102.39460962024393,4.369258354482642]]],[[[102.39625168459744,4.374564458568996],[102.39616424541559,4.375154027947562],[102.39666087773655,4.375154027947562],[102.39625168459744,4.374564458568996]]],[[[102.3981519345562,4.379870599246018],[102.3977188705873,4.380460172692995],[102.39811180109423,4.380460172692995],[102.3981519345562,4.379870599246018]]],[[[102.40316005868817,4.385176776558784],[102.4016054335165,4.38485181492978],[102.4016054335165,4.385176776558784],[102.40316005868817,4.385176776558784]]],[[[102.40706287544323,4.38694551047877],[102.40704662161738,4.387535089358088],[102.40770129398045,4.387535089358088],[102.40706287544323,4.38694551047877]]],[[[102.42492481109171,4.396206471397379],[102.42421863039517,4.395789241271854],[102.42414749850587,4.395789241271854],[102.42414749850587,4.396378826954119],[102.42492481109171,4.396206471397379]]],[[[102.42725674884925,4.396968413090409],[102.42757644846009,4.396968413090409],[102.42725674884925,4.3966475530294975],[102.42725674884925,4.396968413090409]]],[[[102.42893770930044,4.398737174224047],[102.42881137402092,4.398710371203382],[102.42881137402092,4.398737174224047],[102.42893770930044,4.398737174224047]]],[[[102.4319206243643,4.400505939446132],[102.432008655768,4.400505939446132],[102.4319206243643,4.400282071257767],[102.4319206243643,4.400505939446132]]],[[[102.43316184226296,4.407581041252357],[102.43269793695013,4.408170636026866],[102.43334134149214,4.408170636026866],[102.43316184226296,4.407581041252357]]],[[[102.43502987470765,4.410463252076607],[102.4343475201759,4.409939423082214],[102.43425256212181,4.409939423082214],[102.43425256212181,4.410529019678142],[102.43502987470765,4.410463252076607]]],[[[102.43556963691196,4.418193816899044],[102.43502987470765,4.418783419877728],[102.43537671599728,4.418783419877728],[102.43556963691196,4.418193816899044]]],[[[102.43537944494422,4.421141836356833],[102.43502987470765,4.421731441618011],[102.43549642580828,4.421731441618011],[102.43537944494422,4.421141836356833]]],[[[102.45057612642447,4.425858691236887],[102.44979881383863,4.425269082777619],[102.44979881383863,4.425858691236887],[102.45057612642447,4.425858691236887]]],[[[102.4490215012528,4.426448300153272],[102.4490215012528,4.425858691236887],[102.44854809737639,4.425858691236887],[102.44824418866695,4.426448300153272],[102.4490215012528,4.426448300153272]]],[[[102.45057612642447,4.426448300153272],[102.4511153962268,4.425858691236887],[102.45057612642447,4.425858691236887],[102.45057612642447,4.426448300153272]]],[[[102.43677176434547,4.425858691236887],[102.43658449987933,4.427037909526838],[102.43719499559525,4.427037909526838],[102.43677176434547,4.425858691236887]]],[[[102.452908064182,4.428217129645755],[102.452908064182,4.427690787242686],[102.45213075159616,4.427037909526838],[102.45213075159616,4.428217129645755],[102.452908064182,4.428217129645755]]],[[[102.44280300056607,4.42998596325452],[102.44245781840051,4.4293963515941295],[102.44202568798022,4.42998596325452],[102.44280300056607,4.42998596325452]]],[[[102.45524000193953,4.430575575372462],[102.45446268935368,4.4293963515941295],[102.45446268935368,4.430575575372462],[102.45524000193953,4.430575575372462]]],[[[102.4364129678005,4.4311651879480145],[102.43631422976443,4.430575575372462],[102.4358071872935,4.430575575372462],[102.4358071872935,4.4311651879480145],[102.4364129678005,4.4311651879480145]]],[[[102.44047106280854,4.4311651879480145],[102.4396937502227,4.431404742376703],[102.4396937502227,4.431754800981243],[102.44047106280854,4.431754800981243],[102.44047106280854,4.4311651879480145]]],[[[102.44202568798022,4.4311651879480145],[102.44124837539438,4.4311651879480145],[102.44124837539438,4.431754800981243],[102.44202568798022,4.431754800981243],[102.44202568798022,4.4311651879480145]]],[[[102.45601731452535,4.430575575372462],[102.45629132896114,4.430575575372462],[102.45601731452535,4.43042815692483],[102.45601731452535,4.430575575372462]]],[[[102.45834925228289,4.431754800981243],[102.45757193969705,4.431168757570824],[102.45757193969705,4.431754800981243],[102.45834925228289,4.431754800981243]]],[[[102.45990387745456,4.431754800981243],[102.46035630106405,4.431754800981243],[102.45990387745456,4.43172173491579],[102.45990387745456,4.431754800981243]]],[[[102.46408523563137,4.4323444144722055],[102.46379044038378,4.432934028420968],[102.46423611073804,4.432934028420968],[102.46408523563137,4.4323444144722055]]],[[[102.46379044038378,4.438830193101094],[102.46379044038378,4.438931971637254],[102.46383191881145,4.438830193101094],[102.46379044038378,4.438830193101094]]],[[[102.47000894107049,4.443547157852692],[102.46923162848465,4.443723195285278],[102.46923162848465,4.444136780511374],[102.47000894107049,4.444136780511374],[102.47000894107049,4.443547157852692]]],[[[102.46845431589881,4.444136780511374],[102.46767700331299,4.44451738231335],[102.46767700331299,4.444726403629092],[102.46845431589881,4.444726403629092],[102.46845431589881,4.444136780511374]]],[[[102.47700475434307,4.444726403629092],[102.47622744175723,4.444136780511374],[102.47622744175723,4.444726403629092],[102.47700475434307,4.444726403629092]]],[[[102.46246537196687,4.444726403629092],[102.46223581521208,4.445316027205907],[102.46250744321483,4.445316027205907],[102.46246537196687,4.444726403629092]]],[[[102.46767700331299,4.445316027205907],[102.46745018839304,4.444726403629092],[102.46689969072713,4.445316027205907],[102.46767700331299,4.445316027205907]]],[[[102.47778206692891,4.445316027205907],[102.47842256037822,4.445316027205907],[102.47778206692891,4.444849610230429],[102.47778206692891,4.445316027205907]]],[[[102.46534506555544,4.447084900691557],[102.46534506555544,4.446375182211349],[102.46456775296961,4.446590238495736],[102.46456775296961,4.447084900691557],[102.46534506555544,4.447084900691557]]],[[[102.48081618969107,4.453570805521212],[102.48089131727228,4.451212288238038],[102.48011400468644,4.451212288238038],[102.48011400468644,4.453570805521212],[102.48081618969107,4.453570805521212]]],[[[102.48089131727228,4.460646401549064],[102.48104654758782,4.460646401549064],[102.48089131727228,4.460069400218541],[102.48089131727228,4.460646401549064]]],[[[102.48633250537316,4.461236037544905],[102.4860053,4.461173495122099],[102.48594186069752,4.461236037544905],[102.48633250537316,4.461236037544905]]],[[[102.48788713054483,4.460646401549064],[102.487109817959,4.460646401549064],[102.487109817959,4.461236037544905],[102.48788713054483,4.461236037544905],[102.48788713054483,4.460646401549064]]],[[[102.4812547888982,4.461236037544905],[102.48089131727228,4.461825674001577],[102.4815847817961,4.461825674001577],[102.4812547888982,4.461236037544905]]],[[[102.48866444313069,4.461978025145493],[102.48843288730339,4.461236037544905],[102.48788713054483,4.461236037544905],[102.48788713054483,4.46241531091914],[102.48866444313069,4.461978025145493]]],[[[102.48477788020148,4.463004948297659],[102.48477788020148,4.46241531091914],[102.48400056761564,4.46269833125601],[102.48400056761564,4.463004948297659],[102.48477788020148,4.463004948297659]]],[[[102.48866444313069,4.470670276193386],[102.48866444313069,4.471259920031763],[102.4889655185285,4.471259920031763],[102.48937876485209,4.470670276193386],[102.48866444313069,4.470670276193386]]],[[[102.48788713054483,4.471849564332021],[102.48788713054483,4.472439209094223],[102.48795637987374,4.472439209094223],[102.48847366012072,4.471849564332021],[102.48788713054483,4.471849564332021]]],[[[102.48322325502978,4.476566735369293],[102.48244594244395,4.476566735369293],[102.48244594244395,4.47715638382928],[102.48275931513913,4.47715638382928],[102.48322325502978,4.476566735369293]]],[[[102.48011400468644,4.481873588164448],[102.48011400468644,4.482287872654471],[102.48029490766054,4.481873588164448],[102.48011400468644,4.481873588164448]]],[[[102.47748020063192,4.487180478462359],[102.47700475434307,4.48777013525685],[102.47736215148612,4.48777013525685],[102.47748020063192,4.487180478462359]]],[[[102.47716043054763,4.494256390608536],[102.47700475434307,4.494846052970508],[102.47736361494087,4.494846052970508],[102.47716043054763,4.494256390608536]]],[[[102.54351316131908,4.498973702509827],[102.54385363672539,4.49838403689604],[102.54327574891325,4.49838403689604],[102.54351316131908,4.498973702509827]]],[[[102.47778206692891,4.500463300823074],[102.47711348103218,4.500153035131834],[102.47700475434307,4.500153035131834],[102.47700475434307,4.500742702140183],[102.47778206692891,4.500463300823074]]],[[[102.48089131727228,4.502511705955347],[102.48011400468644,4.501922037551877],[102.48011400468644,4.502511705955347],[102.48089131727228,4.502511705955347]]],[[[102.48244594244395,4.503444584961828],[102.48209063802521,4.50310137482398],[102.4816686298581,4.50310137482398],[102.4816686298581,4.503691044157839],[102.48244594244395,4.503444584961828]]],[[[102.48327924624535,4.5042807139569865],[102.48322325502978,4.5048703842214834],[102.48392726313948,4.5048703842214834],[102.48327924624535,4.5042807139569865]]],[[[102.48400056761564,4.505460054951393],[102.48440546266474,4.505460054951393],[102.48400056761564,4.504954380634644],[102.48400056761564,4.505460054951393]]],[[[102.54307632413955,4.505460054951393],[102.54292829999999,4.5053181950760015],[102.54273136942344,4.505460054951393],[102.54307632413955,4.505460054951393]]],[[[102.53219394793777,4.506049726146776],[102.53297126052361,4.505916726442995],[102.53219394793777,4.505554945565268],[102.53219394793777,4.506049726146776]]],[[[102.54229901155371,4.505771506089188],[102.54191278537138,4.506049726146776],[102.54229901155371,4.506049726146776],[102.54229901155371,4.505771506089188]]],[[[102.54152169896786,4.506639397807693],[102.54152169896786,4.506331447395794],[102.54112859452961,4.506639397807693],[102.54152169896786,4.506639397807693]]],[[[102.53307403878054,4.506049726146776],[102.53297126052361,4.50722906993421],[102.53372755603375,4.50722906993421],[102.53307403878054,4.506049726146776]]],[[[102.54074438638203,4.506987571132284],[102.54047789333346,4.50722906993421],[102.54074438638203,4.50722906993421],[102.54074438638203,4.506987571132284]]],[[[102.54229901155371,4.506639397807693],[102.54152169896786,4.506639397807693],[102.54152169896786,4.50722906993421],[102.54229901155371,4.50722906993421],[102.54229901155371,4.506639397807693]]],[[[102.53430365702927,4.508408415584283],[102.53374857310946,4.508998089107964],[102.53459170752701,4.508998089107964],[102.53430365702927,4.508408415584283]]],[[[102.53940580297588,4.508998089107964],[102.53996707379619,4.508408415584283],[102.53963797579729,4.508408415584283],[102.53940580297588,4.508998089107964]]],[[[102.52986201018025,4.509587763097489],[102.52937064899177,4.508998089107964],[102.52921334684328,4.509587763097489],[102.52986201018025,4.509587763097489]]],[[[102.5348888746207,4.509587763097489],[102.5345258856953,4.5101774375529216],[102.53521277156663,4.5101774375529216],[102.5348888746207,4.509587763097489]]],[[[102.5290846975944,4.510767112474324],[102.52906969999998,4.510468095070648],[102.52896726047197,4.510767112474324],[102.5290846975944,4.510767112474324]]],[[[102.53763513603866,4.510960233921861],[102.53685782345282,4.5111596468640975],[102.53685782345282,4.511356787861758],[102.53763513603866,4.511356787861758],[102.53763513603866,4.510960233921861]]],[[[102.52753007242273,4.5120096327112105],[102.5267527598369,4.512191596485611],[102.5267527598369,4.512536140034965],[102.52753007242273,4.512536140034965],[102.52753007242273,4.5120096327112105]]],[[[102.51431575846344,4.512680272930159],[102.51332289999999,4.512696095068307],[102.51277511649094,4.513125816820863],[102.51431575846344,4.513125816820863],[102.51431575846344,4.512680272930159]]],[[[102.52442082207936,4.513125816820863],[102.52442082207936,4.512536140034965],[102.52286619690769,4.512687079554493],[102.52286619690769,4.513125816820863],[102.52442082207936,4.513125816820863]]],[[[102.51587038363512,4.513125816820863],[102.51509307104928,4.5127344592720045],[102.51509307104928,4.513125816820863],[102.51587038363512,4.513125816820863]]],[[[102.4948829438174,4.514894849976479],[102.49410563123156,4.514404224686323],[102.49410563123156,4.514894849976479],[102.4948829438174,4.514894849976479]]],[[[102.51300920248087,4.515484528627865],[102.5135384458776,4.514894849976479],[102.51279685445368,4.514894849976479],[102.51300920248087,4.515484528627865]]],[[[102.49099638088819,4.514894849976479],[102.49021906830237,4.515206962575476],[102.49021906830237,4.515484528627865],[102.49099638088819,4.515484528627865],[102.49099638088819,4.514894849976479]]],[[[102.47622744175723,4.515484528627865],[102.47622744175723,4.515561599802488],[102.47640742934037,4.515484528627865],[102.47622744175723,4.515484528627865]]],[[[102.49721488157493,4.516074207745776],[102.49799219416077,4.515872630463878],[102.49721488157493,4.5155074507377595],[102.49721488157493,4.516074207745776]]],[[[102.49021906830237,4.516074207745776],[102.48981184446863,4.515484528627865],[102.48906251162992,4.516074207745776],[102.49021906830237,4.516074207745776]]],[[[102.47545012917138,4.516074207745776],[102.47545012917138,4.51622027892466],[102.47561998797269,4.516074207745776],[102.47545012917138,4.516074207745776]]],[[[102.49876950674661,4.516663887330277],[102.49799219416077,4.516074207745776],[102.49799219416077,4.516663887330277],[102.49876950674661,4.516663887330277]]],[[[102.50032413191828,4.517253567381428],[102.49954681933245,4.516663887330277],[102.49954681933245,4.517253567381428],[102.50032413191828,4.517253567381428]]],[[[102.50265606967582,4.5178432478992905],[102.50187875708998,4.517384115213965],[102.50187875708998,4.5178432478992905],[102.50265606967582,4.5178432478992905]]],[[[102.50421069484749,4.5178432478992905],[102.50429370525377,4.5178432478992905],[102.50421069484749,4.5178337141197815],[102.50421069484749,4.5178432478992905]]],[[[102.50498800743335,4.518432928883928],[102.5057653200192,4.518012263484288],[102.50498800743335,4.517922988796686],[102.50498800743335,4.518432928883928]]],[[[102.51509307104928,4.519022610335401],[102.51431575846344,4.519022610335401],[102.51464523723249,4.5202019746391064],[102.51509307104928,4.5202019746391064],[102.51509307104928,4.519022610335401]]],[[[102.51016249689937,4.52079165749146],[102.50965188294839,4.521381340810898],[102.5103236257117,4.521381340810898],[102.51016249689937,4.52079165749146]]],[[[102.5135384458776,4.525509137130522],[102.5133456,4.525495895054961],[102.51276113329175,4.525298660152749],[102.51276113329175,4.525509137130522],[102.5135384458776,4.525509137130522]]],[[[102.51509307104928,4.524919450539762],[102.51431575846344,4.525348756335403],[102.51431575846344,4.525509137130522],[102.51509307104928,4.525509137130522],[102.51509307104928,4.524919450539762]]],[[[102.54463094931123,4.493642091629315],[102.5445985537787,4.4936667287108625],[102.54463094931123,4.4936667287108625],[102.54463094931123,4.493642091629315]]],[[[102.54618557448292,4.4936667287108625],[102.54915630482776,4.4936667287108625],[102.5470635,4.4932308950886295],[102.54618557448292,4.4936667287108625]]],[[[102.54929482482628,4.494256390608536],[102.5499771,4.494140095087691],[102.54929482482628,4.493722627535108],[102.54929482482628,4.494256390608536]]],[[[102.55031227265069,4.497794371746987],[102.55007213741212,4.49838403689604],[102.55024967467754,4.49838403689604],[102.55031227265069,4.497794371746987]]],[[[102.57339151498734,4.50112697219804],[102.5725462,4.5010180950805045],[102.57205618826231,4.501922037551877],[102.57261420240151,4.501922037551877],[102.57339151498734,4.50112697219804]]],[[[102.55097400000899,4.501922037551877],[102.55084944999795,4.502511705955347],[102.55141804751958,4.502511705955347],[102.55097400000899,4.501922037551877]]],[[[102.55240407516963,4.503691044157839],[102.5516267625838,4.50310137482398],[102.5516267625838,4.503691044157839],[102.55240407516963,4.503691044157839]]],[[[102.57439010695441,4.50310137482398],[102.57416882757317,4.503691044157839],[102.57435109536948,4.503691044157839],[102.57439010695441,4.50310137482398]]],[[[102.57183688981567,4.503691044157839],[102.57143336693474,4.50310137482398],[102.5711373150159,4.503691044157839],[102.57183688981567,4.503691044157839]]],[[[102.54463094931123,4.5048703842214834],[102.54463094931123,4.5042807139569865],[102.5439689497044,4.5042807139569865],[102.54385363672539,4.5048703842214834],[102.54463094931123,4.5048703842214834]]],[[[102.56173182619973,4.504808480502783],[102.56095451361388,4.504326046114906],[102.56095451361388,4.5048703842214834],[102.56173182619973,4.504808480502783]]],[[[102.57028226464398,4.504992367529521],[102.56989679999998,4.505207495076105],[102.56941286364243,4.505460054951393],[102.57028226464398,4.505460054951393],[102.57028226464398,4.504992367529521]]],[[[102.56406376395725,4.505883905196525],[102.56328645137141,4.505618085231755],[102.56328645137141,4.506049726146776],[102.56406376395725,4.505883905196525]]],[[[102.5687276394723,4.505797552505905],[102.56815856346816,4.506049726146776],[102.5687276394723,4.506049726146776],[102.5687276394723,4.505797552505905]]],[[[102.57261420240151,4.505460054951393],[102.57261420240151,4.506049726146776],[102.57300461667454,4.506049726146776],[102.57338226980654,4.505460054951393],[102.57261420240151,4.505460054951393]]],[[[102.56561838912893,4.506639397807693],[102.56484107654309,4.506114915159715],[102.56484107654309,4.506639397807693],[102.56561838912893,4.506639397807693]]],[[[102.56795032688646,4.506639397807693],[102.56795032688646,4.506142001675339],[102.56717301430062,4.506349785263545],[102.56717301430062,4.506639397807693],[102.56795032688646,4.506639397807693]]],[[[102.57183688981567,4.5078187425263865],[102.57183688981567,4.508998089107964],[102.57226111242781,4.508998089107964],[102.57237351785702,4.5078187425263865],[102.57183688981567,4.5078187425263865]]],[[[102.57264864383967,4.510767112474324],[102.57261420240151,4.511356787861758],[102.57285896720585,4.511356787861758],[102.57264864383967,4.510767112474324]]],[[[102.57572345274488,4.517253567381428],[102.57586722314002,4.517253567381428],[102.57572345274488,4.516865782848952],[102.57572345274488,4.517253567381428]]],[[[102.57727807791655,4.5202019746391064],[102.57732065982783,4.5202019746391064],[102.57727807791655,4.520140229103366],[102.57727807791655,4.5202019746391064]]],[[[102.57883270308822,4.522560708851275],[102.5788872364276,4.521971024597483],[102.57805539050239,4.521128855856908],[102.57805539050239,4.522560708851275],[102.57883270308822,4.522560708851275]]],[[[102.58349657860329,4.524170335358835],[102.58271926601742,4.5238738612747555],[102.58271926601742,4.5243297644165175],[102.58349657860329,4.524170335358835]]],[[[102.58427389118913,4.524919450539762],[102.58427389118913,4.524377569239965],[102.58349657860329,4.5243297644165175],[102.58349657860329,4.524919450539762],[102.58427389118913,4.524919450539762]]],[[[102.58116464084576,4.920117352913311],[102.58038732825992,4.920117352913311],[102.58038732825992,4.920707366687784],[102.58116464084576,4.920707366687784],[102.58116464084576,4.920117352913311]]],[[[102.57805539050239,4.920707366687784],[102.57727807791655,4.920707366687784],[102.57727807791655,4.921887395764347],[102.57883270308822,4.921887395764347],[102.57805539050239,4.920707366687784]]],[[[102.58038732825992,4.921297380971441],[102.57961001567408,4.921297380971441],[102.57961001567408,4.922477411066562],[102.58038732825992,4.922477411066562],[102.58038732825992,4.921297380971441]]],[[[102.57494614015903,4.922477411066562],[102.57416882757317,4.922477411066562],[102.57416882757317,4.923657443199172],[102.57494614015903,4.923657443199172],[102.57494614015903,4.922477411066562]]],[[[102.57883270308822,4.923067426878149],[102.57805539050239,4.923067426878149],[102.57805539050239,4.923657443199172],[102.57883270308822,4.923657443199172],[102.57883270308822,4.923067426878149]]],[[[102.5765007653307,4.924247460029691],[102.57805539050239,4.924247460029691],[102.57805539050239,4.923657443199172],[102.5765007653307,4.923657443199172],[102.5765007653307,4.924247460029691]]],[[[102.57883270308822,4.923657443199172],[102.57883270308822,4.924247460029691],[102.58038732825992,4.924837477369769],[102.58038732825992,4.923657443199172],[102.57883270308822,4.923657443199172]]],[[[102.58427389118913,4.924247460029691],[102.58349657860329,4.924247460029691],[102.58349657860329,4.924837477369769],[102.58427389118913,4.924837477369769],[102.58427389118913,4.924247460029691]]],[[[102.5819419534316,4.924837477369769],[102.58116464084576,4.924837477369769],[102.58116464084576,4.925427495219468],[102.5819419534316,4.925427495219468],[102.5819419534316,4.924837477369769]]],[[[102.58271926601742,4.9260175135788495],[102.5819419534316,4.9260175135788495],[102.5819419534316,4.92660753244798],[102.58271926601742,4.92660753244798],[102.58271926601742,4.9260175135788495]]],[[[102.57572345274488,4.9260175135788495],[102.57494614015903,4.9260175135788495],[102.57494614015903,4.92660753244798],[102.57572345274488,4.92660753244798],[102.57572345274488,4.9260175135788495]]],[[[102.58038732825992,4.9260175135788495],[102.57961001567408,4.9260175135788495],[102.57961001567408,4.92660753244798],[102.58038732825992,4.92660753244798],[102.58038732825992,4.9260175135788495]]],[[[102.57416882757317,4.9260175135788495],[102.57339151498734,4.9260175135788495],[102.57339151498734,4.927197551826916],[102.57416882757317,4.927197551826916],[102.57416882757317,4.9260175135788495]]],[[[102.57961001567408,4.928967613023197],[102.57961001567408,4.928377592114462],[102.57883270308822,4.928377592114462],[102.57883270308822,4.928967613023197],[102.57961001567408,4.928967613023197]]],[[[102.57727807791655,4.929557634441989],[102.5765007653307,4.929557634441989],[102.5765007653307,4.930147656370899],[102.57727807791655,4.930147656370899],[102.57727807791655,4.929557634441989]]],[[[102.57572345274488,4.930737678809994],[102.57494614015903,4.930737678809994],[102.57494614015903,4.931327701759328],[102.57572345274488,4.931327701759328],[102.57572345274488,4.930737678809994]]],[[[102.56017720102805,4.932507749188983],[102.56017720102805,4.9330977736694255],[102.56095451361388,4.9330977736694255],[102.56095451361388,4.932507749188983],[102.56017720102805,4.932507749188983]]],[[[102.56328645137141,4.933687798660361],[102.56328645137141,4.9330977736694255],[102.56095451361388,4.9330977736694255],[102.56095451361388,4.933687798660361],[102.56328645137141,4.933687798660361]]],[[[102.57805539050239,4.933687798660361],[102.57727807791655,4.933687798660361],[102.57727807791655,4.934277824161851],[102.57805539050239,4.934277824161851],[102.57805539050239,4.933687798660361]]],[[[102.56717301430062,4.9330977736694255],[102.56639570171478,4.9330977736694255],[102.56639570171478,4.935457876696747],[102.56717301430062,4.935457876696747],[102.56717301430062,4.9330977736694255]]],[[[102.56173182619973,4.934867850173959],[102.56173182619973,4.934277824161851],[102.56095451361388,4.934277824161851],[102.56095451361388,4.934867850173959],[102.56173182619973,4.934867850173959]]],[[[102.56328645137141,4.935457876696747],[102.56250913878557,4.935457876696747],[102.56250913878557,4.936047903730277],[102.56328645137141,4.936047903730277],[102.56328645137141,4.935457876696747]]],[[[102.56561838912893,4.936047903730277],[102.56484107654309,4.936047903730277],[102.56484107654309,4.937227959329812],[102.56561838912893,4.937227959329812],[102.56561838912893,4.936047903730277]]],[[[102.56406376395725,4.936637931274612],[102.56328645137141,4.936637931274612],[102.56328645137141,4.937227959329812],[102.56406376395725,4.937227959329812],[102.56406376395725,4.936637931274612]]],[[[102.57883270308822,4.937817987895942],[102.57805539050239,4.937817987895942],[102.57805539050239,4.938408016973065],[102.57883270308822,4.938408016973065],[102.57883270308822,4.937817987895942]]],[[[102.57028226464398,4.937817987895942],[102.56950495205814,4.937817987895942],[102.56950495205814,4.938408016973065],[102.57028226464398,4.938408016973065],[102.57028226464398,4.937817987895942]]],[[[102.56173182619973,4.937817987895942],[102.56017720102805,4.937817987895942],[102.56017720102805,4.938408016973065],[102.56173182619973,4.938408016973065],[102.56173182619973,4.937817987895942]]],[[[102.56017720102805,4.938998046561239],[102.56017720102805,4.938408016973065],[102.55939988844221,4.938408016973065],[102.55939988844221,4.938998046561239],[102.56017720102805,4.938998046561239]]],[[[102.5765007653307,4.938408016973065],[102.57572345274488,4.938408016973065],[102.57572345274488,4.938998046561239],[102.5765007653307,4.938998046561239],[102.5765007653307,4.938408016973065]]],[[[102.55928419999998,4.939253294626531],[102.55784526327052,4.938998046561239],[102.55784526327052,4.939031587478876],[102.55928419999998,4.939253294626531]]],[[[102.57961001567408,4.939588076660527],[102.57883270308822,4.939588076660527],[102.57883270308822,4.940178107270996],[102.57961001567408,4.940178107270996],[102.57961001567408,4.939588076660527]]],[[[102.57494614015903,4.940178107270996],[102.57416882757317,4.940178107270996],[102.57416882757317,4.940768138392706],[102.57494614015903,4.940768138392706],[102.57494614015903,4.940178107270996]]],[[[102.57883270308822,4.940178107270996],[102.57805539050239,4.940178107270996],[102.57805539050239,4.940768138392706],[102.57883270308822,4.940768138392706],[102.57883270308822,4.940178107270996]]],[[[102.56795032688646,4.940178107270996],[102.56717301430062,4.940178107270996],[102.56717301430062,4.940768138392706],[102.56795032688646,4.940768138392706],[102.56795032688646,4.940178107270996]]],[[[102.57572345274488,4.941948202170092],[102.57572345274488,4.941358170025717],[102.57494614015903,4.941358170025717],[102.57494614015903,4.941948202170092],[102.57572345274488,4.941948202170092]]],[[[102.57961001567408,4.941358170025717],[102.57883270308822,4.941358170025717],[102.57883270308822,4.942538234825894],[102.57961001567408,4.942538234825894],[102.57961001567408,4.941358170025717]]],[[[102.57727807791655,4.944308335862489],[102.57572345274488,4.944308335862489],[102.57572345274488,4.944898370564624],[102.57727807791655,4.944898370564624],[102.57727807791655,4.944308335862489]]],[[[102.57572345274488,4.946668477741707],[102.57494614015903,4.946668477741707],[102.57494614015903,4.947258514491168],[102.57572345274488,4.947258514491168],[102.57572345274488,4.946668477741707]]],[[[102.57494614015903,4.947848551752618],[102.57416882757317,4.947848551752618],[102.57416882757317,4.948438589526116],[102.57494614015903,4.948438589526116],[102.57494614015903,4.947848551752618]]],[[[102.57572345274488,4.948438589526116],[102.57494614015903,4.948438589526116],[102.57494614015903,4.949028627811729],[102.57572345274488,4.949028627811729],[102.57572345274488,4.948438589526116]]],[[[102.69853884130774,4.489460007276376],[102.69817679999998,4.489182195092844],[102.6977615287219,4.489030136129715],[102.6977615287219,4.489539108422267],[102.69853884130774,4.489460007276376]]],[[[102.69620690355022,4.490128767071594],[102.69620690355022,4.489991576858939],[102.69611799498323,4.490128767071594],[102.69620690355022,4.490128767071594]]],[[[102.6995918,4.490267995091696],[102.69931615389358,4.4907184261847855],[102.69994660137444,4.4907184261847855],[102.6995918,4.490267995091696]]],[[[102.70087077906527,4.491891699030992],[102.7004110717151,4.4913080857619025],[102.70009346647943,4.4913080857619025],[102.70009346647943,4.491897745803005],[102.70087077906527,4.491891699030992]]],[[[102.69542959096437,4.492487406308158],[102.69532789384655,4.491897745803005],[102.69514951916453,4.492487406308158],[102.69542959096437,4.492487406308158]]],[[[102.69465227837853,4.4947892426857665],[102.69441997298108,4.495435715796837],[102.69465227837853,4.495435715796837],[102.69465227837853,4.4947892426857665]]],[[[102.69387496579269,4.49838403689604],[102.69378516636479,4.497204707062601],[102.69337426824093,4.49838403689604],[102.69387496579269,4.49838403689604]]],[[[102.68998840286349,4.501922037551877],[102.68995328222468,4.501332369613511],[102.68933658830227,4.501922037551877],[102.68998840286349,4.501922037551877]]],[[[102.68921109027765,4.503691044157839],[102.68885525592965,4.503691044157839],[102.68921109027765,4.504250749521229],[102.68921109027765,4.503691044157839]]],[[[102.68998840286349,4.5048703842214834],[102.68960502456875,4.5048703842214834],[102.68998840286349,4.505185947088026],[102.68998840286349,4.5048703842214834]]],[[[102.69154302803518,4.50722906993421],[102.6911425329332,4.506639397807693],[102.6913086826853,4.50722906993421],[102.69154302803518,4.50722906993421]]],[[[102.68687915252012,4.510937029906189],[102.68610183993428,4.511064537712492],[102.68610183993428,4.511356787861758],[102.68687915252012,4.511356787861758],[102.68687915252012,4.510937029906189]]],[[[102.68532452734844,4.511946463715284],[102.68495489241093,4.511356787861758],[102.68479818262612,4.511946463715284],[102.68532452734844,4.511946463715284]]],[[[102.6845472147626,4.516663887330277],[102.68451335285081,4.516074207745776],[102.68424008676115,4.516663887330277],[102.6845472147626,4.516663887330277]]],[[[102.68299258959091,4.5196122922537745],[102.68236714347782,4.5196122922537745],[102.68221527700507,4.5202019746391064],[102.68299258959091,4.5202019746391064],[102.68299258959091,4.5196122922537745]]],[[[102.68196926406365,4.522560708851275],[102.68221527700507,4.521971024597483],[102.68197838236296,4.521971024597483],[102.68196926406365,4.522560708851275]]],[[[102.58660582894663,4.525509137130522],[102.58729082593142,4.525509137130522],[102.58660582894663,4.525221248794926],[102.58660582894663,4.525509137130522]]],[[[102.68066065183339,4.5267204400709975],[102.67988333924757,4.527113562585168],[102.67988333924757,4.52727819970853],[102.68066065183339,4.52727819970853],[102.68066065183339,4.5267204400709975]]],[[[102.67988333924757,4.52727819970853],[102.67910602666173,4.5278811683489595],[102.67910602666173,4.52845757709926],[102.67988333924757,4.52845757709926],[102.67988333924757,4.52727819970853]]],[[[102.67832871407586,4.529636956361545],[102.67910602666173,4.529636956361545],[102.67910602666173,4.52845757709926],[102.67877970293681,4.52845757709926],[102.67832871407586,4.529636956361545]]],[[[102.6713329008033,4.530226646694676],[102.67146736761757,4.530226646694676],[102.6713329008033,4.530187325679237],[102.6713329008033,4.530226646694676]]],[[[102.67832871407586,4.529636956361545],[102.6775704,4.53047759504978],[102.67755140149004,4.5308163374958825],[102.67832871407586,4.5308163374958825],[102.67832871407586,4.529636956361545]]],[[[102.67308256148048,4.531406028765229],[102.67288752597499,4.531138260818965],[102.67288752597499,4.531406028765229],[102.67308256148048,4.531406028765229]]],[[[102.67755140149004,4.5308163374958825],[102.6767740889042,4.531701578728396],[102.6767740889042,4.5319957205027706],[102.67755140149004,4.5319957205027706],[102.67755140149004,4.5308163374958825]]],[[[102.66977827563161,4.5308163374958825],[102.66900096304578,4.531600417394073],[102.66900096304578,4.5319957205027706],[102.66977827563161,4.5319957205027706],[102.66977827563161,4.5308163374958825]]],[[[102.67444215114666,4.532585412708573],[102.67452211442055,4.532585412708573],[102.67444215114666,4.532525981523073],[102.67444215114666,4.532585412708573]]],[[[102.6767740889042,4.532585412708573],[102.67650844127435,4.5319957205027706],[102.67604458737051,4.532585412708573],[102.6767740889042,4.532585412708573]]],[[[102.66822365045994,4.532244293678232],[102.66752478072917,4.532585412708573],[102.66822365045994,4.532585412708573],[102.66822365045994,4.532244293678232]]],[[[102.66589171270242,4.532585412708573],[102.66659276618134,4.532585412708573],[102.66589171270242,4.532370781278934],[102.66589171270242,4.532585412708573]]],[[[102.70009346647943,4.833390833359008],[102.70009346647943,4.832800894257798],[102.69931615389358,4.832800894257798],[102.69931615389358,4.833390833359008],[102.70009346647943,4.833390833359008]]],[[[102.69698421613606,4.833980772960196],[102.69698421613606,4.8345707130614235],[102.6977615287219,4.8345707130614235],[102.6977615287219,4.833980772960196],[102.69698421613606,4.833980772960196]]],[[[102.69931615389358,4.835160653662751],[102.69931615389358,4.8345707130614235],[102.6977615287219,4.8345707130614235],[102.6977615287219,4.835160653662751],[102.69931615389358,4.835160653662751]]],[[[102.70009346647943,4.8357505947642405],[102.70009346647943,4.835160653662751],[102.69931615389358,4.835160653662751],[102.69931615389358,4.8357505947642405],[102.70009346647943,4.8357505947642405]]],[[[102.70164809165111,4.836340536365958],[102.70087077906527,4.836340536365958],[102.70087077906527,4.836930478467962],[102.70164809165111,4.836930478467962],[102.70164809165111,4.836340536365958]]],[[[102.70087077906527,4.837520421070315],[102.70009346647943,4.837520421070315],[102.70009346647943,4.83811036417308],[102.70087077906527,4.83811036417308],[102.70087077906527,4.837520421070315]]],[[[102.70242540423695,4.839290251880095],[102.70242540423695,4.838700307776318],[102.70164809165111,4.838700307776318],[102.70164809165111,4.839290251880095],[102.70242540423695,4.839290251880095]]],[[[102.70164809165111,4.839290251880095],[102.70087077906527,4.839290251880095],[102.70087077906527,4.83988019648447],[102.70164809165111,4.83988019648447],[102.70164809165111,4.839290251880095]]],[[[102.70631196716614,4.839290251880095],[102.70475734199448,4.839290251880095],[102.70475734199448,4.83988019648447],[102.70631196716614,4.83988019648447],[102.70631196716614,4.839290251880095]]],[[[102.69931615389358,4.841060087195263],[102.69853884130774,4.841060087195263],[102.69853884130774,4.841650033301806],[102.69931615389358,4.841650033301806],[102.69931615389358,4.841060087195263]]],[[[102.70320271682277,4.841060087195263],[102.70242540423695,4.841060087195263],[102.70242540423695,4.841650033301806],[102.70320271682277,4.841650033301806],[102.70320271682277,4.841060087195263]]],[[[102.70009346647943,4.841650033301806],[102.69931615389358,4.841650033301806],[102.69931615389358,4.842239979909197],[102.70009346647943,4.842239979909197],[102.70009346647943,4.841650033301806]]],[[[102.69154302803518,4.842239979909197],[102.69387496579269,4.842239979909197],[102.69387496579269,4.842829927017496],[102.69465227837853,4.842829927017496],[102.69465227837853,4.841650033301806],[102.69154302803518,4.841650033301806],[102.69154302803518,4.842239979909197]]],[[[102.69698421613606,4.843419874626768],[102.69698421613606,4.842829927017496],[102.69620690355022,4.842829927017496],[102.69620690355022,4.843419874626768],[102.69698421613606,4.843419874626768]]],[[[102.69853884130774,4.844009822737073],[102.6977615287219,4.844009822737073],[102.6977615287219,4.844599771348474],[102.69853884130774,4.844599771348474],[102.69853884130774,4.844009822737073]]],[[[102.70475734199448,4.844009822737073],[102.70398002940863,4.844009822737073],[102.70398002940863,4.844599771348474],[102.70475734199448,4.844599771348474],[102.70475734199448,4.844009822737073]]],[[[102.70009346647943,4.846369620189877],[102.69931615389358,4.846369620189877],[102.69931615389358,4.847549521924099],[102.70009346647943,4.847549521924099],[102.70009346647943,4.846369620189877]]],[[[102.70864390492369,4.846959570806284],[102.70786659233782,4.846959570806284],[102.70786659233782,4.847549521924099],[102.70864390492369,4.847549521924099],[102.70864390492369,4.846959570806284]]],[[[102.70553465458032,4.852269148924732],[102.70475734199448,4.852269148924732],[102.70475734199448,4.853449060693316],[102.70553465458032,4.853449060693316],[102.70553465458032,4.852269148924732]]],[[[102.70398002940863,4.854039017330712],[102.70475734199448,4.854039017330712],[102.70475734199448,4.853449060693316],[102.70398002940863,4.853449060693316],[102.70398002940863,4.854039017330712]]],[[[102.70631196716614,4.8575787677024955],[102.70631196716614,4.856988808051245],[102.70553465458032,4.856988808051245],[102.70553465458032,4.8575787677024955],[102.70631196716614,4.8575787677024955]]],[[[102.70786659233782,4.858758688512639],[102.70708927975198,4.858758688512639],[102.70708927975198,4.859348649671657],[102.70786659233782,4.859348649671657],[102.70786659233782,4.858758688512639]]],[[[102.70708927975198,4.859938611333387],[102.70631196716614,4.859938611333387],[102.70631196716614,4.860528573497894],[102.70708927975198,4.860528573497894],[102.70708927975198,4.859938611333387]]],[[[102.70320271682277,4.860528573497894],[102.70164809165111,4.860528573497894],[102.70164809165111,4.861118536165238],[102.70320271682277,4.861118536165238],[102.70320271682277,4.860528573497894]]],[[[102.70398002940863,4.869968036558225],[102.70320271682277,4.869968036558225],[102.70320271682277,4.87055800727943],[102.70398002940863,4.87055800727943],[102.70398002940863,4.869968036558225]]],[[[102.70864390492369,4.871147978504534],[102.70786659233782,4.871147978504534],[102.70786659233782,4.871737950233596],[102.70864390492369,4.871737950233596],[102.70864390492369,4.871147978504534]]],[[[102.70242540423695,4.874097842190658],[102.70164809165111,4.874097842190658],[102.70164809165111,4.874687816440439],[102.70288391819403,4.874687816440439],[102.70364206788209,4.872327922466676],[102.70242540423695,4.872327922466676],[102.70242540423695,4.874097842190658]]],[[[102.58716188721185,4.9118572135003165],[102.58687717524835,4.910677201720186],[102.58660582894663,4.910677201720186],[102.58660582894663,4.9118572135003165],[102.58716188721185,4.9118572135003165]]],[[[102.58816045411834,4.913037227313455],[102.58738314153247,4.912447220152729],[102.58738314153247,4.913037227313455],[102.58816045411834,4.913037227313455]]],[[[102.58582851636079,4.914217243160097],[102.58505120377497,4.914217243160097],[102.58505120377497,4.914807251846138],[102.58582851636079,4.914807251846138],[102.58582851636079,4.914217243160097]]],[[[102.58893776670416,4.917757302906034],[102.58971507929,4.917757302906034],[102.58971507929,4.919527339647963],[102.58816045411834,4.919527339647963],[102.58816045411834,4.920707366687784],[102.58990059999999,4.919787594646583],[102.59034989999999,4.918663194647721],[102.58988849999999,4.915428394651049],[102.58816045411834,4.914217243160097],[102.58816045411834,4.915397261040743],[102.58893776670416,4.915397261040743],[102.58893776670416,4.917757302906034]]],[[[102.58893776670416,4.921297380971441],[102.58816045411834,4.921297380971441],[102.58816045411834,4.923067426878149],[102.5891097,4.922765094643503],[102.58893776670416,4.921297380971441]]],[[[102.58893776670416,4.925427495219468],[102.58816045411834,4.925427495219468],[102.58816045411834,4.9260175135788495],[102.58907289999998,4.925867794640324],[102.5890509,4.924850994641346],[102.588659906004,4.923657443199172],[102.58816045411834,4.923657443199172],[102.58738314153247,4.924837477369769],[102.58893776670416,4.924837477369769],[102.58893776670416,4.925427495219468]]],[[[102.58505120377497,4.9260175135788495],[102.58427389118913,4.9260175135788495],[102.58427389118913,4.92660753244798],[102.58505120377497,4.92660753244798],[102.58505120377497,4.9260175135788495]]],[[[102.58816045411834,4.9260175135788495],[102.58660582894663,4.9260175135788495],[102.58660582894663,4.926961032329984],[102.58816045411834,4.92678410801846],[102.58816045411834,4.9260175135788495]]],[[[102.71019853009535,4.506639397807693],[102.70942121750952,4.506049726146776],[102.70942121750952,4.506639397807693],[102.71019853009535,4.506639397807693]]],[[[102.72030359371128,4.5319957205027706],[102.71952628112544,4.531406028765229],[102.71952628112544,4.5319957205027706],[102.72030359371128,4.5319957205027706]]],[[[102.71641703078208,4.536123575780347],[102.71563971819623,4.536123575780347],[102.71563971819623,4.536713271265713],[102.71641703078208,4.536713271265713],[102.71641703078208,4.536123575780347]]],[[[102.72885403215554,4.830441142851476],[102.7280767195697,4.830441142851476],[102.7280767195697,4.831031079953402],[102.72885403215554,4.831031079953402],[102.72885403215554,4.830441142851476]]],[[[102.72574478181217,4.832800894257798],[102.72496746922633,4.832800894257798],[102.72496746922633,4.833390833359008],[102.72574478181217,4.833390833359008],[102.72574478181217,4.832800894257798]]],[[[102.73118596991307,4.832800894257798],[102.73040865732722,4.832800894257798],[102.73040865732722,4.833390833359008],[102.73118596991307,4.833390833359008],[102.73118596991307,4.832800894257798]]],[[[102.72729940698386,4.835160653662751],[102.72729940698386,4.836340536365958],[102.7280767195697,4.836340536365958],[102.7280767195697,4.8345707130614235],[102.72729940698386,4.8345707130614235],[102.72729940698386,4.833980772960196],[102.72574478181217,4.833980772960196],[102.72574478181217,4.8345707130614235],[102.72729940698386,4.835160653662751]]],[[[102.7319632824989,4.8357505947642405],[102.73118596991307,4.8357505947642405],[102.73118596991307,4.8345707130614235],[102.73040865732722,4.8345707130614235],[102.73040865732722,4.8357505947642405],[102.72963134474138,4.8357505947642405],[102.72963134474138,4.836340536365958],[102.7319632824989,4.836340536365958],[102.7319632824989,4.8357505947642405]]],[[[102.72108090629713,4.842829927017496],[102.72030359371128,4.842829927017496],[102.72030359371128,4.843419874626768],[102.72108090629713,4.843419874626768],[102.72108090629713,4.842829927017496]]],[[[102.70864390492369,4.844599771348474],[102.70786659233782,4.844599771348474],[102.70786659233782,4.8451897204610335],[102.70864390492369,4.8451897204610335],[102.70864390492369,4.844599771348474]]],[[[102.72185821888297,4.846369620189877],[102.72108090629713,4.846369620189877],[102.72108090629713,4.847549521924099],[102.72185821888297,4.847549521924099],[102.72185821888297,4.846369620189877]]],[[[102.70942121750952,4.847549521924099],[102.70864390492369,4.847549521924099],[102.70864390492369,4.848139473543384],[102.70942121750952,4.848139473543384],[102.70942121750952,4.847549521924099]]],[[[102.73118596991307,4.847549521924099],[102.73040865732722,4.847549521924099],[102.73040865732722,4.848139473543384],[102.73118596991307,4.848139473543384],[102.73118596991307,4.847549521924099]]],[[[102.71175315526703,4.849319378286607],[102.71175315526703,4.848729425664199],[102.7109758426812,4.848729425664199],[102.7109758426812,4.849319378286607],[102.71175315526703,4.849319378286607]]],[[[102.73118596991307,4.848729425664199],[102.73040865732722,4.848729425664199],[102.73040865732722,4.849319378286607],[102.73118596991307,4.849319378286607],[102.73118596991307,4.848729425664199]]],[[[102.72885403215554,4.849319378286607],[102.7280767195697,4.849319378286607],[102.7280767195697,4.8499093314106725],[102.72885403215554,4.8499093314106725],[102.72885403215554,4.849319378286607]]],[[[102.72963134474138,4.8499093314106725],[102.72885403215554,4.8499093314106725],[102.72885403215554,4.850499285036454],[102.72963134474138,4.850499285036454],[102.72963134474138,4.8499093314106725]]],[[[102.7109758426812,4.850499285036454],[102.71019853009535,4.850499285036454],[102.71019853009535,4.8510892391640175],[102.7109758426812,4.8510892391640175],[102.7109758426812,4.850499285036454]]],[[[102.72341284405465,4.8510892391640175],[102.72263553146881,4.8510892391640175],[102.72263553146881,4.851679193793423],[102.72341284405465,4.851679193793423],[102.72341284405465,4.8510892391640175]]],[[[102.71175315526703,4.851679193793423],[102.7109758426812,4.851679193793423],[102.7109758426812,4.852269148924732],[102.71175315526703,4.852269148924732],[102.71175315526703,4.851679193793423]]],[[[102.73040865732722,4.854628974470263],[102.73040865732722,4.855218932112031],[102.72963134474138,4.855218932112031],[102.72963134474138,4.855808890256074],[102.73118596991307,4.855808890256074],[102.73118596991307,4.854628974470263],[102.73040865732722,4.854628974470263]]],[[[102.71175315526703,4.855218932112031],[102.7109758426812,4.855218932112031],[102.7109758426812,4.855808890256074],[102.71175315526703,4.855808890256074],[102.71175315526703,4.855218932112031]]],[[[102.72574478181217,4.855218932112031],[102.72496746922633,4.855218932112031],[102.72496746922633,4.855808890256074],[102.72574478181217,4.855808890256074],[102.72574478181217,4.855218932112031]]],[[[102.70942121750952,4.855808890256074],[102.70864390492369,4.855808890256074],[102.70864390492369,4.856398848902457],[102.70942121750952,4.856398848902457],[102.70942121750952,4.855808890256074]]],[[[102.71330778043873,4.855808890256074],[102.71253046785287,4.855808890256074],[102.71253046785287,4.856988808051245],[102.71330778043873,4.856988808051245],[102.71330778043873,4.855808890256074]]],[[[102.71563971819623,4.856398848902457],[102.7148624056104,4.856398848902457],[102.7148624056104,4.8575787677024955],[102.71563971819623,4.8575787677024955],[102.71563971819623,4.856398848902457]]],[[[102.71797165595378,4.858168727856273],[102.71719434336792,4.858168727856273],[102.71719434336792,4.858758688512639],[102.71797165595378,4.858758688512639],[102.71797165595378,4.858168727856273]]],[[[102.72574478181217,4.859348649671657],[102.72574478181217,4.858758688512639],[102.72496746922633,4.858758688512639],[102.72496746922633,4.859348649671657],[102.72574478181217,4.859348649671657]]],[[[102.72496746922633,4.859348649671657],[102.72419015664049,4.859348649671657],[102.72419015664049,4.859938611333387],[102.72496746922633,4.859938611333387],[102.72496746922633,4.859348649671657]]],[[[102.71408509302456,4.859938611333387],[102.71330778043873,4.859938611333387],[102.71330778043873,4.860528573497894],[102.71408509302456,4.860528573497894],[102.71408509302456,4.859938611333387]]],[[[102.73118596991307,4.860528573497894],[102.73040865732722,4.860528573497894],[102.73040865732722,4.8617084993354815],[102.73118596991307,4.8617084993354815],[102.73118596991307,4.860528573497894]]],[[[102.71641703078208,4.861118536165238],[102.71563971819623,4.861118536165238],[102.71563971819623,4.8617084993354815],[102.71641703078208,4.8617084993354815],[102.71641703078208,4.861118536165238]]],[[[102.71563971819623,4.8617084993354815],[102.7148624056104,4.8617084993354815],[102.7148624056104,4.8622984630086865],[102.71563971819623,4.8622984630086865],[102.71563971819623,4.8617084993354815]]],[[[102.72185821888297,4.8617084993354815],[102.72108090629713,4.8617084993354815],[102.72108090629713,4.8622984630086865],[102.72185821888297,4.8622984630086865],[102.72185821888297,4.8617084993354815]]],[[[102.72341284405465,4.8628884271849175],[102.72341284405465,4.8622984630086865],[102.72263553146881,4.8622984630086865],[102.72263553146881,4.8628884271849175],[102.72341284405465,4.8628884271849175]]],[[[102.71019853009535,4.8628884271849175],[102.70942121750952,4.8628884271849175],[102.70942121750952,4.863478391864234],[102.71019853009535,4.863478391864234],[102.71019853009535,4.8628884271849175]]],[[[102.71330778043873,4.8628884271849175],[102.71253046785287,4.8628884271849175],[102.71253046785287,4.863478391864234],[102.71330778043873,4.863478391864234],[102.71330778043873,4.8628884271849175]]],[[[102.71563971819623,4.8628884271849175],[102.7148624056104,4.8628884271849175],[102.7148624056104,4.863478391864234],[102.71563971819623,4.863478391864234],[102.71563971819623,4.8628884271849175]]],[[[102.71797165595378,4.8628884271849175],[102.71719434336792,4.8628884271849175],[102.71719434336792,4.863478391864234],[102.71797165595378,4.863478391864234],[102.71797165595378,4.8628884271849175]]],[[[102.73118596991307,4.8628884271849175],[102.73040865732722,4.8628884271849175],[102.73040865732722,4.863478391864234],[102.73118596991307,4.863478391864234],[102.73118596991307,4.8628884271849175]]],[[[102.7109758426812,4.8640683570467],[102.71019853009535,4.8640683570467],[102.71019853009535,4.864658322732376],[102.7109758426812,4.864658322732376],[102.7109758426812,4.8640683570467]]],[[[102.7280767195697,4.865248288921326],[102.7280767195697,4.864658322732376],[102.72729940698386,4.864658322732376],[102.72729940698386,4.865248288921326],[102.7280767195697,4.865248288921326]]],[[[102.71719434336792,4.865838255613611],[102.71641703078208,4.865838255613611],[102.71641703078208,4.866428222809294],[102.71719434336792,4.866428222809294],[102.71719434336792,4.865838255613611]]],[[[102.72341284405465,4.868198127417349],[102.72263553146881,4.868198127417349],[102.72263553146881,4.868788096627244],[102.72341284405465,4.868788096627244],[102.72341284405465,4.868198127417349]]],[[[102.71408509302456,4.868198127417349],[102.71175315526703,4.868198127417349],[102.71175315526703,4.869968036558225],[102.71253046785287,4.869968036558225],[102.71253046785287,4.868788096627244],[102.71408509302456,4.868788096627244],[102.71408509302456,4.868198127417349]]],[[[102.72108090629713,4.868788096627244],[102.72030359371128,4.868788096627244],[102.72030359371128,4.869378066340849],[102.72108090629713,4.869378066340849],[102.72108090629713,4.868788096627244]]],[[[102.73118596991307,4.868788096627244],[102.73040865732722,4.868788096627244],[102.73040865732722,4.869378066340849],[102.73118596991307,4.869378066340849],[102.73118596991307,4.868788096627244]]],[[[102.7187489685396,4.869378066340849],[102.71797165595378,4.869378066340849],[102.71797165595378,4.869968036558225],[102.7187489685396,4.869968036558225],[102.7187489685396,4.869378066340849]]],[[[102.7148624056104,4.87055800727943],[102.7148624056104,4.869968036558225],[102.71408509302456,4.869968036558225],[102.71408509302456,4.87055800727943],[102.7148624056104,4.87055800727943]]],[[[102.72030359371128,4.87055800727943],[102.71952628112544,4.87055800727943],[102.71952628112544,4.871147978504534],[102.72030359371128,4.871147978504534],[102.72030359371128,4.87055800727943]]],[[[102.71175315526703,4.871147978504534],[102.7109758426812,4.871147978504534],[102.7109758426812,4.871737950233596],[102.71175315526703,4.871737950233596],[102.71175315526703,4.871147978504534]]],[[[102.71253046785287,4.871737950233596],[102.71175315526703,4.871737950233596],[102.71175315526703,4.872327922466676],[102.71253046785287,4.872327922466676],[102.71253046785287,4.871737950233596]]],[[[102.72108090629713,4.871737950233596],[102.72030359371128,4.871737950233596],[102.72030359371128,4.872917895203838],[102.72108090629713,4.872917895203838],[102.72108090629713,4.871737950233596]]],[[[102.73118596991307,4.872917895203838],[102.73040865732722,4.872917895203838],[102.73040865732722,4.873507868445145],[102.73118596991307,4.873507868445145],[102.73118596991307,4.872917895203838]]],[[[102.71719434336792,4.872917895203838],[102.71563971819623,4.872917895203838],[102.71563971819623,4.873507868445145],[102.71719434336792,4.873507868445145],[102.71719434336792,4.872917895203838]]],[[[102.71719434336792,4.874097842190658],[102.71641703078208,4.874097842190658],[102.71641703078208,4.874687816440439],[102.71719434336792,4.874687816440439],[102.71719434336792,4.874097842190658]]],[[[102.71797165595378,4.874687816440439],[102.71719434336792,4.874687816440439],[102.71719434336792,4.875277791194552],[102.71797165595378,4.875277791194552],[102.71797165595378,4.874687816440439]]],[[[102.71408509302456,4.874687816440439],[102.71330778043873,4.874687816440439],[102.71330778043873,4.875277791194552],[102.71408509302456,4.875277791194552],[102.71408509302456,4.874687816440439]]],[[[102.71175315526703,4.874687816440439],[102.7109758426812,4.874687816440439],[102.7109758426812,4.875277791194552],[102.71175315526703,4.875277791194552],[102.71175315526703,4.874687816440439]]],[[[102.7187489685396,4.875277791194552],[102.71797165595378,4.875277791194552],[102.71797165595378,4.875867766453057],[102.7187489685396,4.875867766453057],[102.7187489685396,4.875277791194552]]],[[[102.72574478181217,4.875867766453057],[102.72574478181217,4.876457742216018],[102.72652209439802,4.876457742216018],[102.72652209439802,4.875867766453057],[102.72574478181217,4.875867766453057]]],[[[102.72729940698386,4.877047718483497],[102.72729940698386,4.876457742216018],[102.72652209439802,4.876457742216018],[102.72652209439802,4.877047718483497],[102.72729940698386,4.877047718483497]]],[[[102.71797165595378,4.877637695255555],[102.71797165595378,4.877047718483497],[102.71719434336792,4.877047718483497],[102.71719434336792,4.877637695255555],[102.71797165595378,4.877637695255555]]],[[[102.71641703078208,4.877637695255555],[102.71563971819623,4.877637695255555],[102.71563971819623,4.8782276725322555],[102.71641703078208,4.8782276725322555],[102.71641703078208,4.877637695255555]]],[[[102.73507253284227,4.6086596563128595],[102.73429522025643,4.6086596563128595],[102.73429522025643,4.609249409920246],[102.73507253284227,4.609249409920246],[102.73507253284227,4.6086596563128595]]],[[[102.74440028387235,4.791506395906657],[102.74362297128653,4.791506395906657],[102.74362297128653,4.792096300164008],[102.74440028387235,4.792096300164008],[102.74440028387235,4.791506395906657]]],[[[102.74828684680156,4.7932761101656505],[102.7490641593874,4.7932761101656505],[102.7490641593874,4.795045828886384],[102.74750953421571,4.795045828886384],[102.74750953421571,4.794455922150286],[102.74440028387235,4.792686204916985],[102.74440028387235,4.793866015910061],[102.74595490904404,4.794455922150286],[102.74595490904404,4.796225643846447],[102.74517759645819,4.796225643846447],[102.74517759645819,4.796815552070537],[102.74673222162988,4.796815552070537],[102.74673222162988,4.79740546079075],[102.74750953421571,4.79740546079075],[102.74750953421571,4.796815552070537],[102.74984147197326,4.796815552070537],[102.74984147197326,4.795045828886384],[102.75061878455908,4.795045828886384],[102.74984147197326,4.792096300164008],[102.74828684680156,4.792096300164008],[102.74828684680156,4.7932761101656505]]],[[[102.74206834611483,4.795045828886384],[102.741291033529,4.795045828886384],[102.741291033529,4.795635736118415],[102.74206834611483,4.795635736118415],[102.74206834611483,4.795045828886384]]],[[[102.74440028387235,4.796225643846447],[102.74362297128653,4.796225643846447],[102.74362297128653,4.796815552070537],[102.74440028387235,4.796815552070537],[102.74440028387235,4.796225643846447]]],[[[102.74984147197326,4.806844067837462],[102.74984147197326,4.805664235001342],[102.7490641593874,4.805664235001342],[102.7490641593874,4.806844067837462],[102.74984147197326,4.806844067837462]]],[[[102.74828684680156,4.813923106634601],[102.74984147197326,4.813923106634601],[102.74984147197326,4.8127432618587305],[102.7490641593874,4.8127432618587305],[102.7490641593874,4.812153340217528],[102.74984147197326,4.812153340217528],[102.74984147197326,4.810973498428275],[102.74828684680156,4.811563419074064],[102.74828684680156,4.813923106634601]]],[[[102.74750953421571,4.814513029769391],[102.74673222162988,4.814513029769391],[102.74673222162988,4.815692877532995],[102.74750953421571,4.815692877532995],[102.74750953421571,4.814513029769391]]],[[[102.74440028387235,4.8162828021619335],[102.74284565870067,4.8162828021619335],[102.74284565870067,4.816872727289046],[102.74440028387235,4.816872727289046],[102.74440028387235,4.8162828021619335]]],[[[102.74206834611483,4.816872727289046],[102.741291033529,4.816872727289046],[102.741291033529,4.817462652914392],[102.74206834611483,4.817462652914392],[102.74206834611483,4.816872727289046]]],[[[102.74517759645819,4.817462652914392],[102.74440028387235,4.817462652914392],[102.74440028387235,4.818052579038038],[102.74517759645819,4.818052579038038],[102.74517759645819,4.817462652914392]]],[[[102.74750953421571,4.818052579038038],[102.74673222162988,4.818052579038038],[102.74673222162988,4.8186425056600415],[102.74750953421571,4.8186425056600415],[102.74750953421571,4.818052579038038]]],[[[102.7490641593874,4.820412288516837],[102.7490641593874,4.81982236039938],[102.74828684680156,4.81982236039938],[102.74828684680156,4.820412288516837],[102.7490641593874,4.820412288516837]]],[[[102.74362297128653,4.81982236039938],[102.74284565870067,4.81982236039938],[102.74284565870067,4.820412288516837],[102.74362297128653,4.820412288516837],[102.74362297128653,4.81982236039938]]],[[[102.74673222162988,4.820412288516837],[102.74595490904404,4.820412288516837],[102.74595490904404,4.821002217132903],[102.74673222162988,4.821002217132903],[102.74673222162988,4.820412288516837]]],[[[102.74440028387235,4.821002217132903],[102.74440028387235,4.820412288516837],[102.74362297128653,4.820412288516837],[102.74362297128653,4.821002217132903],[102.74440028387235,4.821002217132903]]],[[[102.74362297128653,4.821002217132903],[102.74206834611483,4.821002217132903],[102.74206834611483,4.820412288516837],[102.73973640835732,4.820412288516837],[102.73973640835732,4.821002217132903],[102.741291033529,4.821002217132903],[102.741291033529,4.821592146247639],[102.74362297128653,4.821592146247639],[102.74362297128653,4.821002217132903]]],[[[102.74984147197326,4.821002217132903],[102.7490641593874,4.821002217132903],[102.7490641593874,4.821592146247639],[102.74984147197326,4.821592146247639],[102.74984147197326,4.821002217132903]]],[[[102.74362297128653,4.821592146247639],[102.74362297128653,4.82218207586111],[102.74517759645819,4.822772005973375],[102.74517759645819,4.821592146247639],[102.74362297128653,4.821592146247639]]],[[[102.74750953421571,4.8251317314116315],[102.74673222162988,4.8251317314116315],[102.74673222162988,4.825721664018806],[102.74750953421571,4.825721664018806],[102.74750953421571,4.8251317314116315]]],[[[102.74750953421571,4.826901530730719],[102.74673222162988,4.826901530730719],[102.74673222162988,4.827491464835585],[102.74750953421571,4.827491464835585],[102.74750953421571,4.826901530730719]]],[[[102.73507253284227,4.832800894257798],[102.73429522025643,4.832800894257798],[102.73429522025643,4.833390833359008],[102.73507253284227,4.833390833359008],[102.73507253284227,4.832800894257798]]],[[[102.73662715801395,4.8357505947642405],[102.7358498454281,4.8357505947642405],[102.7358498454281,4.836340536365958],[102.7374044705998,4.836340536365958],[102.7374044705998,4.835160653662751],[102.73662715801395,4.835160653662751],[102.73662715801395,4.8357505947642405]]],[[[102.74673222162988,4.8357505947642405],[102.74595490904404,4.8357505947642405],[102.74595490904404,4.836340536365958],[102.74673222162988,4.836340536365958],[102.74673222162988,4.8357505947642405]]],[[[102.74595490904404,4.836930478467962],[102.74440028387235,4.836930478467962],[102.74440028387235,4.837520421070315],[102.74595490904404,4.837520421070315],[102.74595490904404,4.836930478467962]]],[[[102.74362297128653,4.83811036417308],[102.74362297128653,4.837520421070315],[102.74284565870067,4.837520421070315],[102.74284565870067,4.83811036417308],[102.74362297128653,4.83811036417308]]],[[[102.741291033529,4.83988019648447],[102.74051372094316,4.83988019648447],[102.74051372094316,4.840470141589504],[102.741291033529,4.840470141589504],[102.741291033529,4.83988019648447]]],[[[102.74362297128653,4.83988019648447],[102.74284565870067,4.83988019648447],[102.74284565870067,4.840470141589504],[102.74362297128653,4.840470141589504],[102.74362297128653,4.83988019648447]]],[[[102.74517759645819,4.841650033301806],[102.74440028387235,4.841650033301806],[102.74440028387235,4.842239979909197],[102.74517759645819,4.842239979909197],[102.74517759645819,4.841650033301806]]],[[[102.73662715801395,4.844599771348474],[102.73507253284227,4.844599771348474],[102.73507253284227,4.8451897204610335],[102.73662715801395,4.8451897204610335],[102.73662715801395,4.844599771348474]]],[[[102.73818178318562,4.8451897204610335],[102.7374044705998,4.8451897204610335],[102.7374044705998,4.845779670074815],[102.73818178318562,4.845779670074815],[102.73818178318562,4.8451897204610335]]],[[[102.73429522025643,4.845779670074815],[102.73351790767059,4.845779670074815],[102.73351790767059,4.846369620189877],[102.73429522025643,4.846369620189877],[102.73429522025643,4.845779670074815]]],[[[102.74206834611483,4.849319378286607],[102.74206834611483,4.848729425664199],[102.741291033529,4.848729425664199],[102.741291033529,4.849319378286607],[102.74206834611483,4.849319378286607]]],[[[102.7374044705998,4.848729425664199],[102.73662715801395,4.848729425664199],[102.73662715801395,4.849319378286607],[102.7374044705998,4.849319378286607],[102.7374044705998,4.848729425664199]]],[[[102.75061878455908,4.849319378286607],[102.74984147197326,4.849319378286607],[102.74984147197326,4.8499093314106725],[102.75061878455908,4.8499093314106725],[102.75061878455908,4.849319378286607]]],[[[102.7319632824989,4.849319378286607],[102.73118596991307,4.849319378286607],[102.73118596991307,4.8499093314106725],[102.7319632824989,4.8499093314106725],[102.7319632824989,4.849319378286607]]],[[[102.73429522025643,4.8499093314106725],[102.73351790767059,4.8499093314106725],[102.73351790767059,4.850499285036454],[102.73507253284227,4.850499285036454],[102.73507253284227,4.849319378286607],[102.73429522025643,4.849319378286607],[102.73429522025643,4.8499093314106725]]],[[[102.74362297128653,4.8499093314106725],[102.74284565870067,4.8499093314106725],[102.74284565870067,4.850499285036454],[102.74362297128653,4.850499285036454],[102.74362297128653,4.8499093314106725]]],[[[102.73429522025643,4.851679193793423],[102.73274059508473,4.851679193793423],[102.73274059508473,4.852269148924732],[102.73429522025643,4.852269148924732],[102.73429522025643,4.851679193793423]]],[[[102.74362297128653,4.852859104558009],[102.74362297128653,4.852269148924732],[102.74284565870067,4.852269148924732],[102.74284565870067,4.852859104558009],[102.74362297128653,4.852859104558009]]],[[[102.73818178318562,4.854039017330712],[102.7358498454281,4.854039017330712],[102.7358498454281,4.855218932112031],[102.73662715801395,4.855218932112031],[102.73662715801395,4.854628974470263],[102.73818178318562,4.854628974470263],[102.73818178318562,4.854039017330712]]],[[[102.74362297128653,4.854628974470263],[102.74284565870067,4.854628974470263],[102.74284565870067,4.855218932112031],[102.74362297128653,4.855218932112031],[102.74362297128653,4.854628974470263]]],[[[102.7374044705998,4.855218932112031],[102.73662715801395,4.855218932112031],[102.73662715801395,4.855808890256074],[102.7374044705998,4.855808890256074],[102.7374044705998,4.855218932112031]]],[[[102.73274059508473,4.855808890256074],[102.7319632824989,4.855808890256074],[102.7319632824989,4.856988808051245],[102.73274059508473,4.856988808051245],[102.73274059508473,4.855808890256074]]],[[[102.73818178318562,4.856398848902457],[102.73662715801395,4.856398848902457],[102.73662715801395,4.856988808051245],[102.73818178318562,4.856988808051245],[102.73818178318562,4.856398848902457]]],[[[102.74595490904404,4.858168727856273],[102.74517759645819,4.858168727856273],[102.74517759645819,4.858758688512639],[102.74595490904404,4.858758688512639],[102.74595490904404,4.858168727856273]]],[[[102.7319632824989,4.865248288921326],[102.7319632824989,4.864658322732376],[102.73351790767059,4.864658322732376],[102.73351790767059,4.8640683570467],[102.7319632824989,4.8640683570467],[102.7319632824989,4.863478391864234],[102.73118596991307,4.863478391864234],[102.73118596991307,4.865248288921326],[102.7319632824989,4.865248288921326]]],[[[102.74828684680156,4.8640683570467],[102.74750953421571,4.8640683570467],[102.74750953421571,4.864658322732376],[102.74828684680156,4.864658322732376],[102.74828684680156,4.8640683570467]]],[[[102.74673222162988,4.865248288921326],[102.74750953421571,4.865248288921326],[102.74750953421571,4.864658322732376],[102.74673222162988,4.864658322732376],[102.74673222162988,4.865248288921326]]],[[[102.74828684680156,4.865248288921326],[102.74750953421571,4.865248288921326],[102.74750953421571,4.865838255613611],[102.74828684680156,4.865838255613611],[102.74828684680156,4.865248288921326]]],[[[102.74984147197326,4.867018190508436],[102.7490641593874,4.867018190508436],[102.7490641593874,4.8676081587111],[102.74984147197326,4.8676081587111],[102.74984147197326,4.867018190508436]]],[[[102.74440028387235,4.868198127417349],[102.74362297128653,4.868198127417349],[102.74362297128653,4.868788096627244],[102.74440028387235,4.868788096627244],[102.74440028387235,4.868198127417349]]],[[[102.74828684680156,4.869378066340849],[102.74750953421571,4.869378066340849],[102.74750953421571,4.869968036558225],[102.74828684680156,4.869968036558225],[102.74828684680156,4.869378066340849]]],[[[102.74673222162988,4.871147978504534],[102.74673222162988,4.87055800727943],[102.74595490904404,4.87055800727943],[102.74595490904404,4.871147978504534],[102.74673222162988,4.871147978504534]]],[[[102.74440028387235,4.871737950233596],[102.74362297128653,4.871737950233596],[102.74362297128653,4.872327922466676],[102.74440028387235,4.872327922466676],[102.74440028387235,4.871737950233596]]],[[[102.73351790767059,4.871737950233596],[102.73274059508473,4.871737950233596],[102.73274059508473,4.872327922466676],[102.73351790767059,4.872327922466676],[102.73351790767059,4.871737950233596]]],[[[102.73351790767059,4.872917895203838],[102.73274059508473,4.872917895203838],[102.73274059508473,4.874097842190658],[102.73351790767059,4.874097842190658],[102.73351790767059,4.872917895203838]]],[[[102.73274059508473,4.875867766453057],[102.73118596991307,4.875867766453057],[102.73118596991307,4.876457742216018],[102.73274059508473,4.876457742216018],[102.73274059508473,4.875867766453057]]],[[[102.74051372094316,4.876457742216018],[102.73973640835732,4.876457742216018],[102.73973640835732,4.877047718483497],[102.74051372094316,4.877047718483497],[102.74051372094316,4.876457742216018]]],[[[102.73662715801395,4.876457742216018],[102.7358498454281,4.876457742216018],[102.7358498454281,4.877047718483497],[102.73662715801395,4.877047718483497],[102.73662715801395,4.876457742216018]]],[[[102.741291033529,4.877047718483497],[102.74051372094316,4.877047718483497],[102.74051372094316,4.877637695255555],[102.741291033529,4.877637695255555],[102.741291033529,4.877047718483497]]],[[[102.74206834611483,4.877637695255555],[102.741291033529,4.877637695255555],[102.741291033529,4.8782276725322555],[102.74206834611483,4.8782276725322555],[102.74206834611483,4.877637695255555]]],[[[102.74750953421571,4.87940762859983],[102.74673222162988,4.87940762859983],[102.74673222162988,4.879997607390829],[102.74750953421571,4.879997607390829],[102.74750953421571,4.87940762859983]]],[[[102.74595490904404,4.88058758668672],[102.74517759645819,4.88058758668672],[102.74517759645819,4.881177566487563],[102.74595490904404,4.881177566487563],[102.74595490904404,4.88058758668672]]],[[[102.75217340973076,4.779708414745107],[102.75061878455908,4.779708414745107],[102.75061878455908,4.781478099302039],[102.75139609714492,4.781478099302039],[102.75139609714492,4.780298309103016],[102.75217340973076,4.780298309103016],[102.75217340973076,4.779708414745107]]],[[[102.75139609714492,4.7820679951432785],[102.75217340973076,4.7820679951432785],[102.75217340973076,4.782657891479086],[102.75295072231661,4.782657891479086],[102.75295072231661,4.781478099302039],[102.75139609714492,4.781478099302039],[102.75139609714492,4.7820679951432785]]],[[[102.75372803490245,4.7844275834545416],[102.75372803490245,4.7832477883095255],[102.75217340973076,4.7832477883095255],[102.75217340973076,4.783837685634656],[102.75061878455908,4.7832477883095255],[102.75061878455908,4.785017481769244],[102.7490641593874,4.785607380578827],[102.74828684680156,4.791506395906657],[102.75295072231661,4.791506395906657],[102.75295072231661,4.790916492144868],[102.75139609714492,4.790916492144868],[102.75139609714492,4.790326588878577],[102.75061878455908,4.790326588878577],[102.75061878455908,4.7897366861077275],[102.7490641593874,4.7897366861077275],[102.7490641593874,4.789146783832255],[102.75061878455908,4.788556882052093],[102.75061878455908,4.785607380578827],[102.75139609714492,4.785607380578827],[102.75139609714492,4.7844275834545416],[102.75372803490245,4.7844275834545416]],[[102.75061878455908,4.790916492144868],[102.74984147197326,4.790916492144868],[102.74984147197326,4.790326588878577],[102.75061878455908,4.790326588878577],[102.75061878455908,4.790916492144868]]],[[[102.75528266007413,4.791506395906657],[102.75528266007413,4.792096300164008],[102.75683728524581,4.792096300164008],[102.75683728524581,4.790916492144868],[102.75605997265997,4.790916492144868],[102.75605997265997,4.790326588878577],[102.75450534748829,4.790326588878577],[102.75450534748829,4.790916492144868],[102.75372803490245,4.790916492144868],[102.75372803490245,4.791506395906657],[102.75528266007413,4.791506395906657]]],[[[102.75450534748829,4.795045828886384],[102.75528266007413,4.795045828886384],[102.75528266007413,4.794455922150286],[102.75295072231661,4.794455922150286],[102.75372803490245,4.795635736118415],[102.75450534748829,4.795635736118415],[102.75450534748829,4.795045828886384]]],[[[102.7583919104175,4.797995370007147],[102.75761459783165,4.797995370007147],[102.75761459783165,4.79858527971979],[102.7583919104175,4.79858527971979],[102.7583919104175,4.797995370007147]]],[[[102.75450534748829,4.800355011835818],[102.75605997265997,4.800355011835818],[102.75605997265997,4.799765100634063],[102.75528266007413,4.799765100634063],[102.75528266007413,4.797995370007147],[102.75372803490245,4.797995370007147],[102.75372803490245,4.79740546079075],[102.75295072231661,4.79740546079075],[102.75295072231661,4.800355011835818],[102.75372803490245,4.800355011835818],[102.75372803490245,4.799765100634063],[102.75450534748829,4.799765100634063],[102.75450534748829,4.800355011835818]],[[102.75450534748829,4.79858527971979],[102.75450534748829,4.79917518992874],[102.75372803490245,4.79917518992874],[102.75372803490245,4.79858527971979],[102.75450534748829,4.79858527971979]]],[[[102.75761459783165,4.79917518992874],[102.75605997265997,4.79917518992874],[102.75605997265997,4.799765100634063],[102.75761459783165,4.799765100634063],[102.75761459783165,4.79917518992874]]],[[[102.75061878455908,4.799765100634063],[102.75061878455908,4.801534835728873],[102.75217340973076,4.801534835728873],[102.75217340973076,4.79917518992874],[102.75061878455908,4.799765100634063]]],[[[102.75295072231661,4.8021247484203],[102.75295072231661,4.801534835728873],[102.75217340973076,4.801534835728873],[102.75217340973076,4.8021247484203],[102.75295072231661,4.8021247484203]]],[[[102.75061878455908,4.80330457529326],[102.75061878455908,4.802714661608407],[102.74984147197326,4.802714661608407],[102.74984147197326,4.80330457529326],[102.75061878455908,4.80330457529326]]],[[[102.7739381621343,4.802714661608407],[102.7739381621343,4.80330457529326],[102.77471547472017,4.80330457529326],[102.77471547472017,4.802714661608407],[102.7739381621343,4.802714661608407]]],[[[102.775492787306,4.803894489474915],[102.775492787306,4.80330457529326],[102.77471547472017,4.80330457529326],[102.77471547472017,4.803894489474915],[102.775492787306,4.803894489474915]]],[[[102.7700515992051,4.80330457529326],[102.76927428661926,4.80330457529326],[102.76927428661926,4.802714661608407],[102.76694234886175,4.802714661608407],[102.76694234886175,4.803894489474915],[102.76927428661926,4.803894489474915],[102.76927428661926,4.80448440415344],[102.7700515992051,4.80448440415344],[102.7700515992051,4.80330457529326]]],[[[102.75139609714492,4.80330457529326],[102.75061878455908,4.80330457529326],[102.75061878455908,4.80448440415344],[102.75139609714492,4.80448440415344],[102.75139609714492,4.80330457529326]]],[[[102.75217340973076,4.80448440415344],[102.75139609714492,4.80448440415344],[102.75139609714492,4.805074319328896],[102.75217340973076,4.805074319328896],[102.75217340973076,4.80448440415344]]],[[[102.77238353696264,4.80448440415344],[102.7716062243768,4.80448440415344],[102.7716062243768,4.806254151170844],[102.77238353696264,4.806254151170844],[102.77238353696264,4.80448440415344]]],[[[102.75217340973076,4.807433985001259],[102.75217340973076,4.805664235001342],[102.75139609714492,4.805664235001342],[102.75139609714492,4.807433985001259],[102.75217340973076,4.807433985001259]]],[[[102.77860203764936,4.806254151170844],[102.77782472506351,4.806254151170844],[102.77782472506351,4.806844067837462],[102.77860203764936,4.806844067837462],[102.77860203764936,4.806254151170844]]],[[[102.76538772369005,4.806844067837462],[102.76383309851838,4.806844067837462],[102.76383309851838,4.807433985001259],[102.76538772369005,4.807433985001259],[102.76538772369005,4.806844067837462]]],[[[102.75139609714492,4.807433985001259],[102.75061878455908,4.807433985001259],[102.75061878455908,4.808023902662297],[102.75139609714492,4.808023902662297],[102.75139609714492,4.807433985001259]]],[[[102.75295072231661,4.807433985001259],[102.75217340973076,4.807433985001259],[102.75217340973076,4.808023902662297],[102.75295072231661,4.808023902662297],[102.75295072231661,4.807433985001259]]],[[[102.75450534748829,4.808023902662297],[102.75450534748829,4.8086138208206375],[102.75528266007413,4.8086138208206375],[102.75528266007413,4.808023902662297],[102.75450534748829,4.808023902662297]]],[[[102.75605997265997,4.809203739476344],[102.75605997265997,4.8086138208206375],[102.75528266007413,4.8086138208206375],[102.75528266007413,4.809203739476344],[102.75605997265997,4.809203739476344]]],[[[102.7583919104175,4.809203739476344],[102.7583919104175,4.808023902662297],[102.75605997265997,4.808023902662297],[102.75605997265997,4.8086138208206375],[102.75761459783165,4.8086138208206375],[102.75761459783165,4.809793658629477],[102.7583919104175,4.809793658629477],[102.7583919104175,4.8103835782801],[102.76150116076086,4.810973498428275],[102.76150116076086,4.8103835782801],[102.76305578593254,4.8103835782801],[102.76305578593254,4.807433985001259],[102.76227847334671,4.807433985001259],[102.76227847334671,4.809793658629477],[102.75916922300334,4.809793658629477],[102.75916922300334,4.809203739476344],[102.7583919104175,4.809203739476344]]],[[[102.78637516350776,4.809203739476344],[102.78559785092192,4.809203739476344],[102.78559785092192,4.809793658629477],[102.78637516350776,4.809793658629477],[102.78637516350776,4.809203739476344]]],[[[102.76461041110421,4.809203739476344],[102.76383309851838,4.809203739476344],[102.76383309851838,4.809793658629477],[102.76461041110421,4.809793658629477],[102.76461041110421,4.809203739476344]]],[[[102.75139609714492,4.8103835782801],[102.74984147197326,4.8103835782801],[102.74984147197326,4.810973498428275],[102.75139609714492,4.810973498428275],[102.75139609714492,4.8103835782801]]],[[[102.75061878455908,4.812153340217528],[102.74984147197326,4.812153340217528],[102.74984147197326,4.8127432618587305],[102.75061878455908,4.8127432618587305],[102.75061878455908,4.812153340217528]]],[[[102.75139609714492,4.824541799303565],[102.75061878455908,4.824541799303565],[102.75061878455908,4.8251317314116315],[102.75139609714492,4.8251317314116315],[102.75139609714492,4.824541799303565]]],[[[102.75372803490245,4.8251317314116315],[102.75295072231661,4.8251317314116315],[102.75295072231661,4.825721664018806],[102.75372803490245,4.825721664018806],[102.75372803490245,4.8251317314116315]]],[[[102.75372803490245,4.828081399439805],[102.75372803490245,4.827491464835585],[102.75295072231661,4.827491464835585],[102.75295072231661,4.828081399439805],[102.75372803490245,4.828081399439805]]],[[[102.75139609714492,4.828671334543441],[102.74984147197326,4.828671334543441],[102.74984147197326,4.829261270146557],[102.75139609714492,4.829261270146557],[102.75139609714492,4.828671334543441]]],[[[102.75761459783165,4.8322109556565005],[102.75683728524581,4.8322109556565005],[102.75683728524581,4.832800894257798],[102.75761459783165,4.832800894257798],[102.75761459783165,4.8322109556565005]]],[[[102.75683728524581,4.832800894257798],[102.75605997265997,4.832800894257798],[102.75605997265997,4.833390833359008],[102.75683728524581,4.833390833359008],[102.75683728524581,4.832800894257798]]],[[[102.75994653558917,4.8345707130614235],[102.75916922300334,4.8345707130614235],[102.75916922300334,4.835160653662751],[102.75994653558917,4.835160653662751],[102.75994653558917,4.8345707130614235]]],[[[102.75295072231661,4.8345707130614235],[102.75217340973076,4.8345707130614235],[102.75217340973076,4.835160653662751],[102.75295072231661,4.835160653662751],[102.75295072231661,4.8345707130614235]]],[[[102.760723848175,4.836340536365958],[102.75994653558917,4.836340536365958],[102.75994653558917,4.836930478467962],[102.760723848175,4.836930478467962],[102.760723848175,4.836340536365958]]],[[[102.7583919104175,4.838700307776318],[102.7583919104175,4.83811036417308],[102.75761459783165,4.83811036417308],[102.75761459783165,4.838700307776318],[102.7583919104175,4.838700307776318]]],[[[102.76150116076086,4.83811036417308],[102.760723848175,4.83811036417308],[102.760723848175,4.838700307776318],[102.76150116076086,4.838700307776318],[102.76150116076086,4.83811036417308]]],[[[102.75994653558917,4.838700307776318],[102.75916922300334,4.838700307776318],[102.7583919104175,4.83988019648447],[102.75994653558917,4.83988019648447],[102.75994653558917,4.840470141589504],[102.760723848175,4.840470141589504],[102.760723848175,4.841650033301806],[102.76150116076086,4.841650033301806],[102.76227847334671,4.840470141589504],[102.76150116076086,4.840470141589504],[102.75994653558917,4.838700307776318]]],[[[102.75916922300334,4.840470141589504],[102.7583919104175,4.840470141589504],[102.7583919104175,4.841060087195263],[102.75916922300334,4.841060087195263],[102.75916922300334,4.840470141589504]]],[[[102.76383309851838,4.840470141589504],[102.76305578593254,4.840470141589504],[102.76305578593254,4.841060087195263],[102.76383309851838,4.841060087195263],[102.76383309851838,4.840470141589504]]],[[[102.76227847334671,4.841060087195263],[102.76227847334671,4.841650033301806],[102.76305578593254,4.841650033301806],[102.76305578593254,4.841060087195263],[102.76227847334671,4.841060087195263]]],[[[102.76383309851838,4.842239979909197],[102.76383309851838,4.841650033301806],[102.76305578593254,4.841650033301806],[102.76305578593254,4.842239979909197],[102.76383309851838,4.842239979909197]]],[[[102.75139609714492,4.842239979909197],[102.75139609714492,4.841650033301806],[102.75061878455908,4.841650033301806],[102.75061878455908,4.842239979909197],[102.75139609714492,4.842239979909197]]],[[[102.76305578593254,4.842829927017496],[102.76227847334671,4.842829927017496],[102.76227847334671,4.844009822737073],[102.76305578593254,4.844009822737073],[102.76305578593254,4.842829927017496]]],[[[102.760723848175,4.844599771348474],[102.75994653558917,4.844599771348474],[102.75994653558917,4.845779670074815],[102.760723848175,4.845779670074815],[102.760723848175,4.844599771348474]]],[[[102.75683728524581,4.8451897204610335],[102.75605997265997,4.8451897204610335],[102.75605997265997,4.845779670074815],[102.75683728524581,4.845779670074815],[102.75683728524581,4.8451897204610335]]],[[[102.75450534748829,4.846959570806284],[102.75372803490245,4.846959570806284],[102.75372803490245,4.848139473543384],[102.75450534748829,4.848139473543384],[102.75450534748829,4.846959570806284]]],[[[102.75683728524581,4.847549521924099],[102.75605997265997,4.847549521924099],[102.75605997265997,4.848139473543384],[102.75683728524581,4.848139473543384],[102.75683728524581,4.847549521924099]]],[[[102.75061878455908,4.868198127417349],[102.74984147197326,4.868198127417349],[102.74984147197326,4.868788096627244],[102.75061878455908,4.868788096627244],[102.75061878455908,4.868198127417349]]],[[[102.75683728524581,4.871147978504534],[102.75683728524581,4.87055800727943],[102.75605997265997,4.87055800727943],[102.75605997265997,4.871147978504534],[102.75683728524581,4.871147978504534]]],[[[102.75217340973076,4.871147978504534],[102.75139609714492,4.871147978504534],[102.75139609714492,4.871737950233596],[102.75217340973076,4.871737950233596],[102.75217340973076,4.871147978504534]]],[[[102.75605997265997,4.871737950233596],[102.75528266007413,4.871737950233596],[102.75528266007413,4.872327922466676],[102.75605997265997,4.872327922466676],[102.75605997265997,4.871737950233596]]],[[[102.75605997265997,4.872917895203838],[102.75528266007413,4.872917895203838],[102.75528266007413,4.873507868445145],[102.75605997265997,4.873507868445145],[102.75605997265997,4.872917895203838]]],[[[102.75450534748829,4.874097842190658],[102.75528266007413,4.874097842190658],[102.75528266007413,4.873507868445145],[102.75450534748829,4.873507868445145],[102.75450534748829,4.874097842190658]]],[[[102.7583919104175,4.890617312025445],[102.75761459783165,4.890617312025445],[102.7579054777059,4.891207300420012],[102.7583919104175,4.891207300420012],[102.7583919104175,4.890617312025445]]],[[[102.76227847334671,4.892977268640398],[102.760723848175,4.892977268640398],[102.76093120220054,4.894157249985185],[102.76227847334671,4.893567259059631],[102.76227847334671,4.892977268640398]]]]},"properties":{"place_id":"3c62490b-9d22-53cd-8666-3eefd06fc836","habitat":"seasonal_water_wetland","habitat_label":"Seasonal water or wetland","resolution_m":75}},{"type":"Feature","geometry":{"type":"MultiPolygon","coordinates":[[[[102.37206755525455,4.270217737645593],[102.37284486784039,4.270217737645593],[102.37284486784039,4.27008589844546],[102.3725947,4.270030895322325],[102.37206755525455,4.270217737645593]]],[[[102.37362218042621,4.270256802211244],[102.37284486784039,4.270217737645593],[102.37284486784039,4.271396718854167],[102.37362218042621,4.271396718854167],[102.37362218042621,4.270256802211244]]],[[[102.37362218042621,4.271986210119809],[102.3751768055979,4.271986210119809],[102.3751768055979,4.271396718854167],[102.37362218042621,4.271396718854167],[102.37362218042621,4.271986210119809]]],[[[102.37750874335542,4.2721996781251415],[102.3751768055979,4.271986210119809],[102.3751768055979,4.272575701826435],[102.37750874335542,4.272575701826435],[102.37750874335542,4.2721996781251415]]],[[[102.37750874335542,4.273165193974106],[102.37828605594126,4.273165193974106],[102.37828605594126,4.27262407683001],[102.37750874335542,4.272575701826435],[102.37750874335542,4.273165193974106]]],[[[102.3790633685271,4.273205617149891],[102.37828605594126,4.273165193974106],[102.37828605594126,4.273754686562886],[102.3790633685271,4.273754686562886],[102.3790633685271,4.273205617149891]]],[[[102.3790633685271,4.279060139721963],[102.37984068111294,4.279060139721963],[102.37956997845775,4.273754686562886],[102.3790633685271,4.273754686562886],[102.3790633685271,4.279060139721963]]],[[[102.37984068111294,4.279060139721963],[102.38029509959044,4.280828632057163],[102.38041387792533,4.279060139721963],[102.37984068111294,4.279060139721963]]],[[[102.37984068111294,4.280828632057163],[102.3790633685271,4.280828632057163],[102.3790633685271,4.282007629156748],[102.37984068111294,4.282007629156748],[102.37984068111294,4.280828632057163]]],[[[102.37828605594126,4.282007629156748],[102.37828605594126,4.283186628024471],[102.3790633685271,4.283186628024471],[102.3790633685271,4.282007629156748],[102.37828605594126,4.282007629156748]]],[[[102.37828605594126,4.2837761281215405],[102.37828605594126,4.283186628024471],[102.37750874335542,4.283186628024471],[102.37750874335542,4.2837761281215405],[102.37828605594126,4.2837761281215405]]],[[[102.37673143076958,4.2837761281215405],[102.37673143076958,4.284955129642397],[102.37750874335542,4.284955129642397],[102.37750874335542,4.2837761281215405],[102.37673143076958,4.2837761281215405]]],[[[102.37654710983239,4.287313137992727],[102.37673143076958,4.284955129642397],[102.37595411818376,4.284955129642397],[102.37595411818376,4.287313137992727],[102.37654710983239,4.287313137992727]]],[[[102.3751768055979,4.290260658389387],[102.37595411818376,4.290260658389387],[102.37595411818376,4.287313137992727],[102.3751768055979,4.287313137992727],[102.3751768055979,4.290260658389387]]],[[[102.37673143076958,4.290260658389387],[102.37595411818376,4.290260658389387],[102.37595411818376,4.29085016379717],[102.37673143076958,4.29085016379717],[102.37673143076958,4.290260658389387]]],[[[102.37673143076958,4.291439669647914],[102.37750874335542,4.291439669647914],[102.37750874335542,4.29085016379717],[102.37673143076958,4.29085016379717],[102.37673143076958,4.291439669647914]]],[[[102.37828605594126,4.292618682678532],[102.37828605594126,4.29161515363685],[102.37750874335542,4.291439669647914],[102.37750874335542,4.292618682678532],[102.37828605594126,4.292618682678532]]],[[[102.37828605594126,4.292618682678532],[102.37828605594126,4.293797697481735],[102.3790633685271,4.293797697481735],[102.3790633685271,4.292618682678532],[102.37828605594126,4.292618682678532]]],[[[102.3790633685271,4.293797697481735],[102.3790633685271,4.294387205548212],[102.37964668933719,4.294387205548212],[102.37965063124255,4.293797697481735],[102.3790633685271,4.293797697481735]]],[[[102.38528186921384,4.293797697481735],[102.38528186921384,4.294387205548212],[102.3868364943855,4.294387205548212],[102.3868364943855,4.293797697481735],[102.38528186921384,4.293797697481735]]],[[[102.37828605594126,4.294387205548212],[102.37828605594126,4.29497671405802],[102.3790633685271,4.29497671405802],[102.3790633685271,4.294387205548212],[102.37828605594126,4.294387205548212]]],[[[102.38372724404215,4.294387205548212],[102.38372724404215,4.295566223011219],[102.384504556628,4.295566223011219],[102.38528186921384,4.294387205548212],[102.38372724404215,4.294387205548212]]],[[[102.37750874335542,4.29497671405802],[102.37750874335542,4.2973347525318015],[102.37828605594126,4.2973347525318015],[102.37828605594126,4.29497671405802],[102.37750874335542,4.29497671405802]]],[[[102.3829499314563,4.295566223011219],[102.3829499314563,4.2973347525318015],[102.38372724404215,4.2973347525318015],[102.38372724404215,4.295566223011219],[102.3829499314563,4.295566223011219]]],[[[102.38220810713506,4.2973347525318015],[102.38217261887047,4.298513774430289],[102.3829499314563,4.298513774430289],[102.3829499314563,4.2973347525318015],[102.38220810713506,4.2973347525318015]]],[[[102.37828605594126,4.299103286045147],[102.3790633685271,4.299103286045147],[102.37885841306228,4.2973347525318015],[102.37828605594126,4.2973347525318015],[102.37828605594126,4.299103286045147]]],[[[102.38839111955721,4.303229879779744],[102.38916843214304,4.303229879779744],[102.38916843214304,4.293543656214534],[102.3868364943855,4.293208189858531],[102.3868364943855,4.293797697481735],[102.38839111955721,4.293797697481735],[102.38839111955721,4.303229879779744]]],[[[102.38139530628463,4.298513774430289],[102.38139530628463,4.299103286045147],[102.38217261887047,4.299103286045147],[102.38217261887047,4.298513774430289],[102.38139530628463,4.298513774430289]]],[[[102.38139530628463,4.299692798103831],[102.38139530628463,4.299103286045147],[102.3790633685271,4.299103286045147],[102.3790633685271,4.299692798103831],[102.38139530628463,4.299692798103831]]],[[[102.38969739210029,4.303229879779744],[102.38916843214304,4.303819394946939],[102.38972218602927,4.303819394946939],[102.38969739210029,4.303229879779744]]],[[[102.38916843214304,4.305587943114694],[102.38916843214304,4.303819394946939],[102.38839111955721,4.303819394946939],[102.38839111955721,4.305587943114694],[102.38916843214304,4.305587943114694]]],[[[102.38761380697134,4.305587943114694],[102.38761380697134,4.306766977448954],[102.38839111955721,4.306766977448954],[102.38839111955721,4.305587943114694],[102.38761380697134,4.305587943114694]]],[[[102.38761380697134,4.307946013561732],[102.38761380697134,4.306766977448954],[102.3868364943855,4.306766977448954],[102.3868364943855,4.307946013561732],[102.38761380697134,4.307946013561732]]],[[[102.38605918179967,4.307946013561732],[102.38605918179967,4.309125051453518],[102.3867689226406,4.309125051453518],[102.3868364943855,4.307946013561732],[102.38605918179967,4.307946013561732]]],[[[102.38528186921384,4.309714571066695],[102.38605918179967,4.309714571066695],[102.38605918179967,4.309125051453518],[102.38528186921384,4.309125051453518],[102.38528186921384,4.309714571066695]]],[[[102.38528186921384,4.309714571066695],[102.384504556628,4.309714571066695],[102.384504556628,4.3114831325760985],[102.38528186921384,4.311014097029486],[102.38528186921384,4.309714571066695]]],[[[102.38372724404215,4.3114831325760985],[102.38372724404215,4.3126621758078825],[102.38430017888652,4.3126621758078825],[102.384504556628,4.3114831325760985],[102.38372724404215,4.3114831325760985]]],[[[102.38370061136521,4.313841220820651],[102.38372724404215,4.3126621758078825],[102.3829499314563,4.3126621758078825],[102.3829499314563,4.313841220820651],[102.38370061136521,4.313841220820651]]],[[[102.38217261887047,4.313841220820651],[102.38217261887047,4.315609791680239],[102.38288252758036,4.315609791680239],[102.3829499314563,4.313841220820651],[102.38217261887047,4.313841220820651]]],[[[102.38217261887047,4.319146945431088],[102.38217261887047,4.315609791680239],[102.38139530628463,4.315609791680239],[102.38139530628463,4.319146945431088],[102.38217261887047,4.319146945431088]]],[[[102.38217261887047,4.320326000248124],[102.3829499314563,4.320326000248124],[102.38275433939772,4.319146945431088],[102.38217261887047,4.319146945431088],[102.38217261887047,4.320326000248124]]],[[[102.38372724404215,4.320326000248124],[102.3829499314563,4.320326000248124],[102.3829499314563,4.320915528325686],[102.38372724404215,4.320915528325686],[102.38372724404215,4.320326000248124]]],[[[102.38372724404215,4.32150505684936],[102.384504556628,4.32150505684936],[102.384504556628,4.320915528325686],[102.38372724404215,4.320915528325686],[102.38372724404215,4.32150505684936]]],[[[102.3868364943855,4.32150505684936],[102.38839111955721,4.32150505684936],[102.38839111955721,4.320926136294494],[102.3868364943855,4.320915528325686],[102.3868364943855,4.32150505684936]]],[[[102.3868364943855,4.32150505684936],[102.384504556628,4.32150505684936],[102.384504556628,4.322094585819208],[102.3868364943855,4.322094585819208],[102.3868364943855,4.32150505684936]]],[[[102.38916843214304,4.32268411523529],[102.38994574472888,4.32268411523529],[102.38994574472888,4.321776143824165],[102.38839111955721,4.32150505684936],[102.38916843214304,4.32268411523529]]],[[[102.39072305731472,4.323352945290711],[102.38994574472888,4.32268411523529],[102.38994574472888,4.330937573949777],[102.39072305731472,4.330937573949777],[102.39072305731472,4.323352945290711]]],[[[102.39072305731472,4.3327061836426015],[102.39150036990056,4.3327061836426015],[102.3913360726903,4.330937573949777],[102.39072305731472,4.330937573949777],[102.39072305731472,4.3327061836426015]]],[[[102.3922776824864,4.333274743444623],[102.39150036990056,4.3327061836426015],[102.39150036990056,4.334474797361554],[102.3922776824864,4.334474797361554],[102.3922776824864,4.333274743444623]]],[[[102.3922776824864,4.335064336162856],[102.39305499507225,4.335064336162856],[102.39305499507225,4.334474797361554],[102.3922776824864,4.334474797361554],[102.3922776824864,4.335064336162856]]],[[[102.39383230765809,4.335064336162856],[102.39305499507225,4.335064336162856],[102.39305499507225,4.336243415108306],[102.39383230765809,4.336243415108306],[102.39383230765809,4.335064336162856]]],[[[102.39383230765809,4.336832955252578],[102.39927349575896,4.336832955252578],[102.39927349575896,4.336243415108306],[102.39383230765809,4.336243415108306],[102.39383230765809,4.336832955252578]]],[[[102.39927349575896,4.3374224958446295],[102.4000508083448,4.3374224958446295],[102.4000508083448,4.336832955252578],[102.39927349575896,4.336832955252578],[102.39927349575896,4.3374224958446295]]],[[[102.39927349575896,4.339780662691879],[102.4000508083448,4.339598411791476],[102.4000508083448,4.338012036884524],[102.39927349575896,4.338012036884524],[102.39927349575896,4.339780662691879]]],[[[102.39849618317314,4.339780662691879],[102.39849618317314,4.340370205523762],[102.39927349575896,4.340370205523762],[102.39927349575896,4.339780662691879],[102.39849618317314,4.339780662691879]]],[[[102.39849618317314,4.340959748803795],[102.39849618317314,4.340370205523762],[102.39694155800146,4.340370205523762],[102.39694155800146,4.340959748803795],[102.39849618317314,4.340959748803795]]],[[[102.39616424541559,4.340959748803795],[102.39616424541559,4.341549292532038],[102.39694155800146,4.341549292532038],[102.39694155800146,4.340959748803795],[102.39616424541559,4.340959748803795]]],[[[102.39616424541559,4.34213883670856],[102.39616424541559,4.341549292532038],[102.39538693282977,4.341549292532038],[102.39538693282977,4.34213883670856],[102.39616424541559,4.34213883670856]]],[[[102.39460962024393,4.34213883670856],[102.39460962024393,4.342728381333417],[102.39538693282977,4.342728381333417],[102.39538693282977,4.34213883670856],[102.39460962024393,4.34213883670856]]],[[[102.39439137825366,4.343907471928387],[102.39460962024393,4.342728381333417],[102.39383230765809,4.342728381333417],[102.39383230765809,4.343907471928387],[102.39439137825366,4.343907471928387]]],[[[102.39305499507225,4.343907471928387],[102.39305499507225,4.345086564317446],[102.39350429272115,4.345086564317446],[102.39383230765809,4.343907471928387],[102.39305499507225,4.343907471928387]]],[[[102.3922776824864,4.346265658501088],[102.39279004510341,4.346265658501088],[102.39305499507225,4.345086564317446],[102.3922776824864,4.345086564317446],[102.3922776824864,4.346265658501088]]],[[[102.3922776824864,4.346265658501088],[102.39150036990056,4.346265658501088],[102.39150036990056,4.35098205319137],[102.3922776824864,4.35098205319137],[102.3922776824864,4.346265658501088]]],[[[102.3922776824864,4.352161156355341],[102.39305499507225,4.352161156355341],[102.39259619236188,4.35098205319137],[102.3922776824864,4.35098205319137],[102.3922776824864,4.352161156355341]]],[[[102.39383230765809,4.352161156355341],[102.39305499507225,4.352161156355341],[102.39305499507225,4.352750708611378],[102.39383230765809,4.352750708611378],[102.39383230765809,4.352161156355341]]],[[[102.39383230765809,4.353340261316863],[102.39460962024393,4.353340261316863],[102.39460962024393,4.352750708611378],[102.39383230765809,4.352750708611378],[102.39383230765809,4.353340261316863]]],[[[102.39538693282977,4.353929814471859],[102.39535028655047,4.353340261316863],[102.39460962024393,4.353340261316863],[102.39460962024393,4.353929814471859],[102.39538693282977,4.353929814471859]]],[[[102.39538693282977,4.353929814471859],[102.39538693282977,4.355108922130632],[102.39616424541559,4.355108922130632],[102.39616424541559,4.35417132601526],[102.3959277050028,4.353929814471859],[102.39538693282977,4.353929814471859]]],[[[102.39616424541559,4.355108922130632],[102.39616424541559,4.35628803158819],[102.39694155800146,4.35628803158819],[102.3969317,4.3551135952330275],[102.39616424541559,4.355108922130632]]],[[[102.39616424541559,4.35746714284503],[102.39616424541559,4.35628803158819],[102.39538693282977,4.35628803158819],[102.39538693282977,4.35746714284503],[102.39616424541559,4.35746714284503]]],[[[102.39460962024393,4.35746714284503],[102.39460962024393,4.361004487416174],[102.39538693282977,4.361004487416174],[102.39538693282977,4.35746714284503],[102.39460962024393,4.35746714284503]]],[[[102.38994574472888,4.361004487416174],[102.38994574472888,4.360414928862223],[102.38761380697134,4.360414928862223],[102.38761380697134,4.361004487416174],[102.38994574472888,4.361004487416174]]],[[[102.38994574472888,4.361004487416174],[102.38994574472888,4.361594046420439],[102.39072305731472,4.361594046420439],[102.39072305731472,4.361004487416174],[102.38994574472888,4.361004487416174]]],[[[102.3868364943855,4.361004487416174],[102.3868364943855,4.36218360587508],[102.38760402060937,4.36218360587508],[102.38761380697134,4.361004487416174],[102.3868364943855,4.361004487416174]]],[[[102.39305499507225,4.361594046420439],[102.39305499507225,4.36218360587508],[102.39421767394605,4.36218360587508],[102.39460962024393,4.361004487416174],[102.39305499507225,4.361594046420439]]],[[[102.39072305731472,4.361594046420439],[102.39072305731472,4.36277316578016],[102.39305499507225,4.362756341765869],[102.39305499507225,4.36218360587508],[102.39150036990056,4.36218360587508],[102.39150036990056,4.361594046420439],[102.39072305731472,4.361594046420439]]],[[[102.38605918179967,4.36218360587508],[102.38605918179967,4.3651314099060965],[102.3868364943855,4.3651314099060965],[102.3868364943855,4.36218360587508],[102.38605918179967,4.36218360587508]]],[[[102.38528186921384,4.365720972064295],[102.38605918179967,4.365720972064295],[102.38605918179967,4.3651314099060965],[102.38528186921384,4.3651314099060965],[102.38528186921384,4.365720972064295]]],[[[102.3868364943855,4.365720972064295],[102.38605918179967,4.365720972064295],[102.38605918179967,4.366310534673303],[102.3868364943855,4.366310534673303],[102.3868364943855,4.365720972064295]]],[[[102.3868364943855,4.367489661243992],[102.38761380697134,4.367489661243992],[102.38728885501503,4.366310534673303],[102.3868364943855,4.366310534673303],[102.3868364943855,4.367489661243992]]],[[[102.39150036990056,4.367489661243992],[102.39305499507225,4.367489661243992],[102.39305499507225,4.36720823773661],[102.39168909999998,4.367060395220544],[102.39150036990056,4.367489661243992]]],[[[102.38761380697134,4.368079225205799],[102.38839111955721,4.368079225205799],[102.38839111955721,4.367489661243992],[102.38761380697134,4.367489661243992],[102.38761380697134,4.368079225205799]]],[[[102.39305499507225,4.367489661243992],[102.39305499507225,4.368079225205799],[102.39383230765809,4.368079225205799],[102.39383230765809,4.36761068206827],[102.39305499507225,4.367489661243992]]],[[[102.39083420676947,4.367489661243992],[102.39072305731472,4.368079225205799],[102.39150036990056,4.368079225205799],[102.39150036990056,4.367489661243992],[102.39083420676947,4.367489661243992]]],[[[102.38839111955721,4.368079225205799],[102.38839111955721,4.368668789618661],[102.39072305731472,4.368668789618661],[102.39072305731472,4.368079225205799],[102.38839111955721,4.368079225205799]]],[[[102.39383230765809,4.368079225205799],[102.39383230765809,4.369258354482642],[102.39460962024393,4.369258354482642],[102.39460962024393,4.368327976166945],[102.39383230765809,4.368079225205799]]],[[[102.39460962024393,4.371616618450985],[102.39538693282977,4.371616618450985],[102.39508274607006,4.369258354482642],[102.39460962024393,4.369258354482642],[102.39460962024393,4.371616618450985]]],[[[102.39582102782892,4.371616618450985],[102.39538693282977,4.373385321167015],[102.39600406958473,4.373385321167015],[102.39582102782892,4.371616618450985]]],[[[102.39616424541559,4.374564458568996],[102.39625168459744,4.374564458568996],[102.39616424541559,4.374297729370067],[102.39616424541559,4.374564458568996]]],[[[102.39616424541559,4.375154027947562],[102.39616424541559,4.374564458568996],[102.39538693282977,4.374564458568996],[102.39538693282977,4.375154027947562],[102.39616424541559,4.375154027947562]]],[[[102.39616424541559,4.375154027947562],[102.39616424541559,4.375743597777925],[102.39694155800146,4.375743597777925],[102.39666087773655,4.375154027947562],[102.39616424541559,4.375154027947562]]],[[[102.39694155800146,4.382228895748303],[102.3977188705873,4.382228895748303],[102.39729845423373,4.375743597777925],[102.39694155800146,4.375743597777925],[102.39694155800146,4.382228895748303]]],[[[102.39849618317314,4.38281847100507],[102.3977188705873,4.382228895748303],[102.3977188705873,4.38281847100507],[102.39849618317314,4.38281847100507]]],[[[102.39849618317314,4.384587199491234],[102.39927349575896,4.384587199491234],[102.39886887695428,4.38281847100507],[102.39849618317314,4.38281847100507],[102.39849618317314,4.384587199491234]]],[[[102.4016054335165,4.385176776558784],[102.39927349575896,4.384587199491234],[102.39927349575896,4.385176776558784],[102.4016054335165,4.385176776558784]]],[[[102.39538693282977,4.412887410617562],[102.39616424541559,4.412887410617562],[102.39616424541559,4.412297812199227],[102.39538693282977,4.412297812199227],[102.39538693282977,4.412887410617562]]],[[[102.39694155800146,4.412887410617562],[102.39616424541559,4.412887410617562],[102.39616424541559,4.413477009491654],[102.39694155800146,4.413477009491654],[102.39694155800146,4.412887410617562]]],[[[102.39460962024393,4.413477009491654],[102.39538693282977,4.413477009491654],[102.39538693282977,4.412887410617562],[102.39460962024393,4.412887410617562],[102.39460962024393,4.413477009491654]]],[[[102.39538693282977,4.414066608821564],[102.39616424541559,4.414066608821564],[102.39616424541559,4.413477009491654],[102.39538693282977,4.413477009491654],[102.39538693282977,4.414066608821564]]],[[[102.38217261887047,4.4311651879480145],[102.3829499314563,4.4311651879480145],[102.3829499314563,4.430575575372462],[102.38217261887047,4.430575575372462],[102.38217261887047,4.4311651879480145]]],[[[102.38139530628463,4.4311651879480145],[102.38139530628463,4.431754800981243],[102.38217261887047,4.431754800981243],[102.38217261887047,4.4311651879480145],[102.38139530628463,4.4311651879480145]]],[[[102.3829499314563,4.4311651879480145],[102.3829499314563,4.431754800981243],[102.38372724404215,4.431754800981243],[102.38372724404215,4.4311651879480145],[102.3829499314563,4.4311651879480145]]],[[[102.38217261887047,4.431754800981243],[102.38217261887047,4.4323444144722055],[102.3829499314563,4.4323444144722055],[102.3829499314563,4.431754800981243],[102.38217261887047,4.431754800981243]]],[[[102.0183903286969,4.560891190476348],[102.0183903286969,4.561480905702834],[102.01916764128275,4.561480905702834],[102.01916764128275,4.560891190476348],[102.0183903286969,4.560891190476348]]],[[[102.01916764128275,4.561480905702834],[102.01916764128275,4.562070621400679],[102.01994495386859,4.562070621400679],[102.01994495386859,4.561480905702834],[102.01916764128275,4.561480905702834]]],[[[102.01761301611106,4.561480905702834],[102.01761301611106,4.562070621400679],[102.0183903286969,4.562070621400679],[102.0183903286969,4.561480905702834],[102.01761301611106,4.561480905702834]]],[[[102.0183903286969,4.562070621400679],[102.0183903286969,4.562660337569946],[102.01916764128275,4.562660337569946],[102.01916764128275,4.562070621400679],[102.0183903286969,4.562070621400679]]],[[[102.4000508083448,4.338012036884524],[102.40082812093067,4.338012036884524],[102.40082812093067,4.3374224958446295],[102.4000508083448,4.3374224958446295],[102.4000508083448,4.338012036884524]]],[[[102.40471468385985,4.385766354079178],[102.4054919964457,4.385766354079178],[102.4054919964457,4.384600603474003],[102.40316005868817,4.384813989608735],[102.40471468385985,4.385176776558784],[102.40471468385985,4.385766354079178]]],[[[102.4016054335165,4.385176776558784],[102.4016054335165,4.385766354079178],[102.40316005868817,4.385766354079178],[102.40316005868817,4.385176776558784],[102.4016054335165,4.385176776558784]]],[[[102.40601317946201,4.385766354079178],[102.4054919964457,4.386355932052488],[102.40626930903154,4.386355932052488],[102.40601317946201,4.385766354079178]]],[[[102.40626930903154,4.387535089358088],[102.40704662161738,4.387535089358088],[102.40645175933338,4.386355932052488],[102.40626930903154,4.386355932052488],[102.40626930903154,4.387535089358088]]],[[[102.40782393420322,4.388124668690502],[102.40704662161738,4.387535089358088],[102.40704662161738,4.388124668690502],[102.40782393420322,4.388124668690502]]],[[[102.40782393420322,4.3887142484760755],[102.40860124678905,4.3887142484760755],[102.40854128900968,4.388124668690502],[102.40782393420322,4.388124668690502],[102.40782393420322,4.3887142484760755]]],[[[102.40937855937491,4.389317989076226],[102.40860124678905,4.3887142484760755],[102.40860124678905,4.391662154203488],[102.40937855937491,4.391662154203488],[102.40937855937491,4.389317989076226]]],[[[102.40937855937491,4.392251736709313],[102.41015587196075,4.392251736709313],[102.41015587196075,4.391719245548656],[102.40937855937491,4.391662154203488],[102.40937855937491,4.392251736709313]]],[[[102.41559706006163,4.392251736709313],[102.41792899781916,4.392251736709313],[102.41792899781916,4.3918735563900615],[102.41559706006163,4.391662154203488],[102.41559706006163,4.392251736709313]]],[[[102.41559706006163,4.392251736709313],[102.41015587196075,4.392251736709313],[102.41015587196075,4.3928413196687295],[102.41559706006163,4.3928413196687295],[102.41559706006163,4.392251736709313]]],[[[102.41792899781916,4.3928413196687295],[102.418706310405,4.3928413196687295],[102.418706310405,4.392272007947648],[102.41792899781916,4.392251736709313],[102.41792899781916,4.3928413196687295]]],[[[102.4210382481625,4.393146419480587],[102.42048789999998,4.3929287951934235],[102.418706310405,4.3928413196687295],[102.418706310405,4.393430903081801],[102.4210382481625,4.393146419480587]]],[[[102.4210382481625,4.39519965604355],[102.42181556074836,4.39519965604355],[102.42159253207394,4.393430903081801],[102.4210382481625,4.393430903081801],[102.4210382481625,4.39519965604355]]],[[[102.42259287333421,4.39519965604355],[102.42181556074836,4.39519965604355],[102.42181556074836,4.395789241271854],[102.42259287333421,4.395789241271854],[102.42259287333421,4.39519965604355]]],[[[102.42259287333421,4.396378826954119],[102.42337018592005,4.396378826954119],[102.42337018592005,4.395789241271854],[102.42259287333421,4.395789241271854],[102.42259287333421,4.396378826954119]]],[[[102.4264794362634,4.396540336690791],[102.42337018592005,4.396378826954119],[102.42337018592005,4.396968413090409],[102.4264794362634,4.396968413090409],[102.4264794362634,4.396540336690791]]],[[[102.42725674884925,4.398737174224047],[102.42803406143508,4.398737174224047],[102.42764799999999,4.397123195189065],[102.4264794362634,4.396968413090409],[102.4264794362634,4.397557999680786],[102.42725674884925,4.397557999680786],[102.42725674884925,4.398737174224047]]],[[[102.42803406143508,4.399326762177055],[102.42958868660676,4.399326762177055],[102.42958868660676,4.398901678041966],[102.42803406143508,4.398737174224047],[102.42803406143508,4.399326762177055]]],[[[102.4303659991926,4.399198018199985],[102.43114331177846,4.399326762177055],[102.43114331177846,4.399243034985477],[102.4303659991926,4.399198018199985]]],[[[102.43114331177846,4.404043482162329],[102.4319206243643,4.404043482162329],[102.43135918021612,4.399326762177055],[102.43114331177846,4.399326762177055],[102.43114331177846,4.404043482162329]]],[[[102.43269793695013,4.404274813482487],[102.4319206243643,4.404043482162329],[102.4319206243643,4.408170636026866],[102.43269793695013,4.408170636026866],[102.43269793695013,4.404274813482487]]],[[[102.43269793695013,4.409939423082214],[102.43347524953597,4.409939423082214],[102.43334134149214,4.408170636026866],[102.43269793695013,4.408170636026866],[102.43269793695013,4.409939423082214]]],[[[102.43425256212181,4.409939423082214],[102.43347524953597,4.409939423082214],[102.43347524953597,4.410529019678142],[102.43425256212181,4.410529019678142],[102.43425256212181,4.409939423082214]]],[[[102.43425256212181,4.411118616729579],[102.4358071872935,4.411118616729579],[102.4358071872935,4.4108028360786244],[102.43425256212181,4.410529019678142],[102.43425256212181,4.411118616729579]]],[[[102.43658449987933,4.413270422674562],[102.4358071872935,4.411118616729579],[102.4358071872935,4.415835409546821],[102.43632789478252,4.415835409546821],[102.43658449987933,4.413270422674562]]],[[[102.43502987470765,4.415835409546821],[102.43502987470765,4.418193816899044],[102.43556963691196,4.418193816899044],[102.4358071872935,4.415835409546821],[102.43502987470765,4.415835409546821]]],[[[102.43502987470765,4.421731441618011],[102.43502987470765,4.418193816899044],[102.43425256212181,4.418193816899044],[102.43425256212181,4.421731441618011],[102.43502987470765,4.421731441618011]]],[[[102.43502987470765,4.421731441618011],[102.43502987470765,4.425269082777619],[102.4358071872935,4.425269082777619],[102.4358071872935,4.423050225877382],[102.43549642580828,4.421731441618011],[102.43502987470765,4.421731441618011]]],[[[102.44931273534598,4.425269082777619],[102.4490215012528,4.426448300153272],[102.45057612642447,4.426448300153272],[102.45057612642447,4.425858691236887],[102.44931273534598,4.425269082777619]]],[[[102.4358071872935,4.425269082777619],[102.4358071872935,4.427037909526838],[102.43658449987933,4.427037909526838],[102.43654330743814,4.425269082777619],[102.4358071872935,4.425269082777619]]],[[[102.45057612642447,4.426448300153272],[102.45057612642447,4.427037909526838],[102.45135343901032,4.427037909526838],[102.45135343901032,4.426448300153272],[102.45057612642447,4.426448300153272]]],[[[102.44824418866695,4.427037909526838],[102.4490215012528,4.427037909526838],[102.4490215012528,4.426448300153272],[102.44824418866695,4.426448300153272],[102.44824418866695,4.427037909526838]]],[[[102.44824418866695,4.427037909526838],[102.44746687608111,4.427037909526838],[102.44746687608111,4.427627519357643],[102.44824418866695,4.427627519357643],[102.44824418866695,4.427037909526838]]],[[[102.43658449987933,4.427037909526838],[102.43658449987933,4.428806740391229],[102.43712633346962,4.428806740391229],[102.43729819999997,4.427341995157463],[102.43658449987933,4.427037909526838]]],[[[102.44591225090943,4.427627519357643],[102.44591225090943,4.428217129645755],[102.44746687608111,4.428217129645755],[102.44746687608111,4.427627519357643],[102.44591225090943,4.427627519357643]]],[[[102.45135343901032,4.427037909526838],[102.45135343901032,4.428806740391229],[102.45213075159616,4.428806740391229],[102.45213075159616,4.427037909526838],[102.45135343901032,4.427037909526838]]],[[[102.452908064182,4.428806740391229],[102.45368537676784,4.428537118195641],[102.452908064182,4.427690787242686],[102.452908064182,4.428806740391229]]],[[[102.44435762573775,4.428806740391229],[102.44591225090943,4.428806740391229],[102.44591225090943,4.428217129645755],[102.44445040401936,4.428217129645755],[102.44435762573775,4.428806740391229]]],[[[102.45396935707568,4.428806740391229],[102.45368537676784,4.4293963515941295],[102.45446268935368,4.4293963515941295],[102.45396935707568,4.428806740391229]]],[[[102.45213075159616,4.428806740391229],[102.45213075159616,4.4293963515941295],[102.452908064182,4.4293963515941295],[102.452908064182,4.428806740391229],[102.45213075159616,4.428806740391229]]],[[[102.4358071872935,4.428806740391229],[102.4358071872935,4.42998596325452],[102.43642442065862,4.42998596325452],[102.43658449987933,4.428806740391229],[102.4358071872935,4.428806740391229]]],[[[102.44435762573775,4.428806740391229],[102.44280300056607,4.429095282853769],[102.44280300056607,4.42998596325452],[102.44435762573775,4.4293963515941295],[102.44435762573775,4.428806740391229]]],[[[102.45524000193953,4.42998596325452],[102.45538445790872,4.42998596325452],[102.45524000193953,4.429878925562964],[102.45524000193953,4.42998596325452]]],[[[102.452908064182,4.4293963515941295],[102.452908064182,4.42998596325452],[102.45368537676784,4.42998596325452],[102.45368537676784,4.4293963515941295],[102.452908064182,4.4293963515941295]]],[[[102.45368537676784,4.42998596325452],[102.45368537676784,4.430575575372462],[102.45446268935368,4.430575575372462],[102.45446268935368,4.42998596325452],[102.45368537676784,4.42998596325452]]],[[[102.43502987470765,4.431754800981243],[102.4358071872935,4.431754800981243],[102.4358071872935,4.42998596325452],[102.43502987470765,4.42998596325452],[102.43502987470765,4.431754800981243]]],[[[102.44202568798022,4.431754800981243],[102.44280300056607,4.431754800981243],[102.44280300056607,4.42998596325452],[102.44202568798022,4.42998596325452],[102.44202568798022,4.431754800981243]]],[[[102.45446268935368,4.4311651879480145],[102.45601731452535,4.4311651879480145],[102.45601731452535,4.430575575372462],[102.45446268935368,4.430575575372462],[102.45446268935368,4.4311651879480145]]],[[[102.45757193969705,4.431168757570824],[102.45601731452535,4.4311651879480145],[102.45601731452535,4.431754800981243],[102.45757193969705,4.431754800981243],[102.45757193969705,4.431168757570824]]],[[[102.44047106280854,4.4311651879480145],[102.44047106280854,4.431754800981243],[102.44124837539438,4.431754800981243],[102.44124837539438,4.4311651879480145],[102.44047106280854,4.4311651879480145]]],[[[102.44047106280854,4.4323444144722055],[102.44047106280854,4.431754800981243],[102.4358071872935,4.431754800981243],[102.4358071872935,4.4323444144722055],[102.44047106280854,4.4323444144722055]]],[[[102.44124837539438,4.431754800981243],[102.44124837539438,4.4323444144722055],[102.44202568798022,4.4323444144722055],[102.44202568798022,4.431754800981243],[102.44124837539438,4.431754800981243]]],[[[102.45757193969705,4.431754800981243],[102.45757193969705,4.4323444144722055],[102.4606811900404,4.4323444144722055],[102.4606811900404,4.431776825282068],[102.45757193969705,4.431754800981243]]],[[[102.46379044038378,4.431935096846951],[102.46145850262624,4.431829519489363],[102.46145850262624,4.4323444144722055],[102.46301312779792,4.4323444144722055],[102.46301312779792,4.432934028420968],[102.46379044038378,4.432934028420968],[102.46379044038378,4.431935096846951]]],[[[102.4606811900404,4.432934028420968],[102.46145850262624,4.432934028420968],[102.46145850262624,4.4323444144722055],[102.4606811900404,4.4323444144722055],[102.4606811900404,4.432934028420968]]],[[[102.46379044038378,4.432934028420968],[102.4643459546918,4.4335236428275895],[102.46423611073804,4.432934028420968],[102.46379044038378,4.432934028420968]]],[[[102.46379044038378,4.434702873014661],[102.46379044038378,4.436471721730765],[102.4644072686125,4.436471721730765],[102.46443097739946,4.434702873014661],[102.46379044038378,4.434702873014661]]],[[[102.46422585114489,4.437650956499219],[102.46379044038378,4.438240574570948],[102.46406024785394,4.438240574570948],[102.46422585114489,4.437650956499219]]],[[[102.46301312779792,4.438240574570948],[102.46301312779792,4.438830193101094],[102.46379044038378,4.438830193101094],[102.46379044038378,4.438240574570948],[102.46301312779792,4.438240574570948]]],[[[102.46277658202163,4.442957535652985],[102.46301312779792,4.438830193101094],[102.46223581521208,4.438830193101094],[102.46223581521208,4.442957535652985],[102.46277658202163,4.442957535652985]]],[[[102.47000894107049,4.443547157852692],[102.47000894107049,4.444136780511374],[102.4738955039997,4.444136780511374],[102.4738955039997,4.443547157852692],[102.47000894107049,4.443547157852692]]],[[[102.46145850262624,4.442957535652985],[102.46145850262624,4.4459056512418815],[102.46223581521208,4.4459056512418815],[102.46223581521208,4.442957535652985],[102.46145850262624,4.442957535652985]]],[[[102.46845431589881,4.444136780511374],[102.46845431589881,4.444726403629092],[102.47000894107049,4.444726403629092],[102.47000894107049,4.444136780511374],[102.46845431589881,4.444136780511374]]],[[[102.47622744175723,4.444726403629092],[102.47622744175723,4.444136780511374],[102.4738955039997,4.444136780511374],[102.4738955039997,4.444726403629092],[102.47622744175723,4.444726403629092]]],[[[102.47622744175723,4.444726403629092],[102.47622744175723,4.445316027205907],[102.47778206692891,4.445316027205907],[102.47756576484103,4.444726403629092],[102.47622744175723,4.444726403629092]]],[[[102.46767700331299,4.444726403629092],[102.46767700331299,4.445316027205907],[102.46845431589881,4.445316027205907],[102.46845431589881,4.444726403629092],[102.46767700331299,4.444726403629092]]],[[[102.47778206692891,4.445316027205907],[102.47778206692891,4.4459056512418815],[102.47855937951473,4.4459056512418815],[102.47842256037822,4.445316027205907],[102.47778206692891,4.445316027205907]]],[[[102.46689969072713,4.445316027205907],[102.46689969072713,4.4459056512418815],[102.46767700331299,4.4459056512418815],[102.46767700331299,4.445316027205907],[102.46689969072713,4.445316027205907]]],[[[102.47855937951473,4.4459056512418815],[102.47855937951473,4.446495275737077],[102.47933669210059,4.446495275737077],[102.4791524556016,4.4459056512418815],[102.47855937951473,4.4459056512418815]]],[[[102.46278366720546,4.4459056512418815],[102.46223581521208,4.446495275737077],[102.46301312779792,4.446495275737077],[102.46278366720546,4.4459056512418815]]],[[[102.46612237814129,4.4459056512418815],[102.46612237814129,4.446495275737077],[102.46689969072713,4.446495275737077],[102.46689969072713,4.4459056512418815],[102.46612237814129,4.4459056512418815]]],[[[102.46301312779792,4.446495275737077],[102.46301312779792,4.447084900691557],[102.46456775296961,4.447084900691557],[102.46456775296961,4.446590238495736],[102.46301312779792,4.446495275737077]]],[[[102.46534506555544,4.447084900691557],[102.46612237814129,4.447084900691557],[102.46612237814129,4.446495275737077],[102.46534506555544,4.446495275737077],[102.46534506555544,4.447084900691557]]],[[[102.47933669210059,4.447674526105381],[102.48011400468644,4.447674526105381],[102.4797801776404,4.446495275737077],[102.47933669210059,4.446495275737077],[102.47933669210059,4.447674526105381]]],[[[102.46456775296961,4.447084900691557],[102.46456775296961,4.447674526105381],[102.46534506555544,4.447674526105381],[102.46534506555544,4.447084900691557],[102.46456775296961,4.447084900691557]]],[[[102.47855937951473,4.48246324078918],[102.47855937951473,4.484232201441978],[102.47909597439288,4.484232201441978],[102.47933669210059,4.48246324078918],[102.47855937951473,4.48246324078918]]],[[[102.47778206692891,4.484232201441978],[102.47778206692891,4.485411510859963],[102.47834351188116,4.485411510859963],[102.47855937951473,4.484232201441978],[102.47778206692891,4.484232201441978]]],[[[102.47700475434307,4.487180478462359],[102.47778206692891,4.485411510859963],[102.47700475434307,4.485411510859963],[102.47700475434307,4.487180478462359]]],[[[102.47622744175723,4.494846052970508],[102.47700475434307,4.494846052970508],[102.47700475434307,4.487180478462359],[102.47622744175723,4.487180478462359],[102.47622744175723,4.494846052970508]]],[[[102.47700475434307,4.494846052970508],[102.47700475434307,4.496615042842822],[102.47749761666094,4.496615042842822],[102.47746589999998,4.495142895086631],[102.47700475434307,4.494846052970508]]],[[[102.47622744175723,4.496615042842822],[102.47622744175723,4.497204707062601],[102.47700475434307,4.4968460897687645],[102.47700475434307,4.496615042842822],[102.47622744175723,4.496615042842822]]],[[[102.47545012917138,4.497204707062601],[102.4759248752568,4.497794371746987],[102.47622744175723,4.497204707062601],[102.47545012917138,4.497204707062601]]],[[[102.47545012917138,4.497794371746987],[102.47467281658554,4.497794371746987],[102.47467281658554,4.498973702509827],[102.47545012917138,4.498973702509827],[102.47545012917138,4.497794371746987]]],[[[102.47545012917138,4.500153035131834],[102.47622744175723,4.500153035131834],[102.47586960918925,4.498973702509827],[102.47545012917138,4.498973702509827],[102.47545012917138,4.500153035131834]]],[[[102.47700475434307,4.500153035131834],[102.47622744175723,4.500153035131834],[102.47622744175723,4.500742702140183],[102.47700475434307,4.500742702140183],[102.47700475434307,4.500153035131834]]],[[[102.47700475434307,4.501332369613511],[102.47855937951473,4.501332369613511],[102.47855937951473,4.5007657073515315],[102.47700475434307,4.500742702140183],[102.47700475434307,4.501332369613511]]],[[[102.48011400468644,4.501605207263756],[102.47855937951473,4.501332369613511],[102.47855937951473,4.501922037551877],[102.48011400468644,4.502511705955347],[102.48011400468644,4.501605207263756]]],[[[102.47855937951473,4.513715494073041],[102.47855937951473,4.514305171791558],[102.47993148342344,4.514305171791558],[102.48011400468644,4.513125816820863],[102.47855937951473,4.513715494073041]]],[[[102.47799094665659,4.514894849976479],[102.47855937951473,4.514305171791558],[102.47622744175723,4.514305171791558],[102.47622744175723,4.514894849976479],[102.47799094665659,4.514894849976479]]],[[[102.47545012917138,4.514894849976479],[102.47545012917138,4.515484528627865],[102.47622744175723,4.515484528627865],[102.47622744175723,4.514894849976479],[102.47545012917138,4.514894849976479]]],[[[102.47467281658554,4.516663887330277],[102.4752594371814,4.516663887330277],[102.47545012917138,4.515484528627865],[102.47467281658554,4.515484528627865],[102.47467281658554,4.516663887330277]]],[[[102.47467281658554,4.516663887330277],[102.4738955039997,4.516663887330277],[102.4738955039997,4.5178432478992905],[102.47467281658554,4.5178432478992905],[102.47467281658554,4.516663887330277]]],[[[102.47467281658554,4.518432928883928],[102.47545012917138,4.518432928883928],[102.4753034610674,4.5178432478992905],[102.47467281658554,4.5178432478992905],[102.47467281658554,4.518432928883928]]],[[[102.47622744175723,4.519022610335401],[102.47545012917138,4.518432928883928],[102.47545012917138,4.519022610335401],[102.47622744175723,4.519022610335401]]],[[[102.47778206692891,4.8186425056600415],[102.47778206692891,4.819232432780468],[102.47855937951473,4.819232432780468],[102.47855937951473,4.8186425056600415],[102.47778206692891,4.8186425056600415]]],[[[102.47778206692891,4.81982236039938],[102.47778206692891,4.819232432780468],[102.47700475434307,4.819232432780468],[102.47700475434307,4.81982236039938],[102.47778206692891,4.81982236039938]]],[[[102.47855937951473,4.819232432780468],[102.47855937951473,4.81982236039938],[102.47933669210059,4.81982236039938],[102.47933669210059,4.819232432780468],[102.47855937951473,4.819232432780468]]],[[[102.47855937951473,4.820412288516837],[102.47855937951473,4.81982236039938],[102.47778206692891,4.81982236039938],[102.47778206692891,4.820412288516837],[102.47855937951473,4.820412288516837]]],[[[102.452908064182,4.858758688512639],[102.452908064182,4.859348649671657],[102.45368537676784,4.859129951429353],[102.45368537676784,4.858758688512639],[102.452908064182,4.858758688512639]]],[[[102.45213075159616,4.860528573497894],[102.452908064182,4.860528573497894],[102.452908064182,4.859348649671657],[102.45213075159616,4.859348649671657],[102.45213075159616,4.860528573497894]]],[[[102.45368537676784,4.860528573497894],[102.45373941586864,4.860528573497894],[102.45368537676784,4.860483536280191],[102.45368537676784,4.860528573497894]]],[[[102.452908064182,4.860528573497894],[102.452908064182,4.861118536165238],[102.45368537676784,4.861118536165238],[102.45368537676784,4.860528573497894],[102.452908064182,4.860528573497894]]],[[[102.45057612642447,4.866428222809294],[102.45057612642447,4.867018190508436],[102.45135343901032,4.867018190508436],[102.45135343901032,4.866428222809294],[102.45057612642447,4.866428222809294]]],[[[102.44979881383863,4.8676081587111],[102.45057612642447,4.8676081587111],[102.45057612642447,4.867018190508436],[102.44979881383863,4.867018190508436],[102.44979881383863,4.8676081587111]]],[[[102.45135343901032,4.867068885589321],[102.45139757221999,4.867018190508436],[102.45135343901032,4.867018190508436],[102.45135343901032,4.867068885589321]]],[[[102.45057612642447,4.8676081587111],[102.45057612642447,4.86771501557101],[102.4507433136838,4.8676081587111],[102.45057612642447,4.8676081587111]]],[[[102.48011400468644,4.447674526105381],[102.48011400468644,4.451212288238038],[102.48089131727228,4.451212288238038],[102.48089131727228,4.4476982773064195],[102.48011400468644,4.447674526105381]]],[[[102.48011400468644,4.459467130939625],[102.48011400468644,4.451212288238038],[102.47933669210059,4.451212288238038],[102.47933669210059,4.459467130939625],[102.48011400468644,4.459467130939625]]],[[[102.48011400468644,4.459467130939625],[102.48011400468644,4.461825674001577],[102.48089131727228,4.461825674001577],[102.48076616220949,4.459467130939625],[102.48011400468644,4.459467130939625]]],[[[102.48633250537316,4.461825674001577],[102.487109817959,4.461825674001577],[102.487109817959,4.46241531091914],[102.48788713054483,4.46241531091914],[102.48788713054483,4.461236037544905],[102.48633250537316,4.461236037544905],[102.48633250537316,4.461825674001577]]],[[[102.48633250537316,4.461825674001577],[102.48555519278732,4.461825674001577],[102.48555519278732,4.46241531091914],[102.48633250537316,4.46241531091914],[102.48633250537316,4.461825674001577]]],[[[102.48089131727228,4.46241531091914],[102.4816686298581,4.46241531091914],[102.4815847817961,4.461825674001577],[102.48089131727228,4.461825674001577],[102.48089131727228,4.46241531091914]]],[[[102.48244594244395,4.463004948297659],[102.4816686298581,4.46241531091914],[102.4816686298581,4.463004948297659],[102.48244594244395,4.463004948297659]]],[[[102.48477788020148,4.46241531091914],[102.48477788020148,4.463004948297659],[102.48555519278732,4.463004948297659],[102.48555519278732,4.46241531091914],[102.48477788020148,4.46241531091914]]],[[[102.48477788020148,4.463594586137192],[102.48477788020148,4.463004948297659],[102.48244594244395,4.463004948297659],[102.48244594244395,4.463594586137192],[102.48477788020148,4.463594586137192]]],[[[102.48788713054483,4.46654278225227],[102.48866444313069,4.46654278225227],[102.48866444313069,4.46241531091914],[102.48788713054483,4.46241531091914],[102.48788713054483,4.46654278225227]]],[[[102.48944175571653,4.466861718025213],[102.48866444313069,4.46654278225227],[102.48866444313069,4.467722063927581],[102.48944175571653,4.467722063927581],[102.48944175571653,4.466861718025213]]],[[[102.48979472201167,4.467722063927581],[102.48944175571653,4.468901347448936],[102.48993412044645,4.468901347448936],[102.48979472201167,4.467722063927581]]],[[[102.48866444313069,4.470670276193386],[102.48944175571653,4.470580012392929],[102.48944175571653,4.468901347448936],[102.48866444313069,4.468901347448936],[102.48866444313069,4.470670276193386]]],[[[102.48866444313069,4.470670276193386],[102.48788713054483,4.470670276193386],[102.48788713054483,4.471849564332021],[102.48866444313069,4.471620851882266],[102.48866444313069,4.470670276193386]]],[[[102.487109817959,4.471849564332021],[102.487109817959,4.472439209094223],[102.48788713054483,4.472439209094223],[102.48788713054483,4.471849564332021],[102.487109817959,4.471849564332021]]],[[[102.487109817959,4.473028854318434],[102.487109817959,4.472439209094223],[102.48633250537316,4.472439209094223],[102.48633250537316,4.473028854318434],[102.487109817959,4.473028854318434]]],[[[102.48477788020148,4.4736185000047115],[102.48477788020148,4.47420814615312],[102.48591462528522,4.47420814615312],[102.48633250537316,4.473028854318434],[102.48477788020148,4.4736185000047115]]],[[[102.48400056761564,4.475387439836574],[102.48477788020148,4.47420814615312],[102.48400056761564,4.47420814615312],[102.48400056761564,4.475387439836574]]],[[[102.48322325502978,4.475387439836574],[102.48322325502978,4.475977087371745],[102.48381645476094,4.475977087371745],[102.48400056761564,4.475387439836574],[102.48322325502978,4.475387439836574]]],[[[102.48322325502978,4.476566735369293],[102.48322325502978,4.475977087371745],[102.48244594244395,4.475977087371745],[102.48244594244395,4.476566735369293],[102.48322325502978,4.476566735369293]]],[[[102.4816686298581,4.476566735369293],[102.4816686298581,4.477746032751771],[102.48238410881376,4.477746032751771],[102.48244594244395,4.476566735369293],[102.4816686298581,4.476566735369293]]],[[[102.48089131727228,4.479514982294869],[102.4816686298581,4.478919579626167],[102.4816686298581,4.477746032751771],[102.48089131727228,4.477746032751771],[102.48089131727228,4.479514982294869]]],[[[102.48089131727228,4.479514982294869],[102.48011400468644,4.479514982294869],[102.48011400468644,4.480694284303913],[102.48078223094659,4.480694284303913],[102.48089131727228,4.479514982294869]]],[[[102.47933669210059,4.480694284303913],[102.47933669210059,4.48246324078918],[102.48003450453453,4.48246324078918],[102.48011400468644,4.480694284303913],[102.47933669210059,4.480694284303913]]],[[[102.54463094931123,4.4936667287108625],[102.54463094931123,4.494256390608536],[102.54929482482628,4.494256390608536],[102.54915630482776,4.4936667287108625],[102.54463094931123,4.4936667287108625]]],[[[102.54385363672539,4.494256390608536],[102.54385363672539,4.495435715796837],[102.54463094931123,4.495435715796837],[102.54463094931123,4.494256390608536],[102.54385363672539,4.494256390608536]]],[[[102.54385363672539,4.49838403689604],[102.54385363672539,4.495435715796837],[102.54318455330504,4.495435715796837],[102.54307632413955,4.497782934351962],[102.54385363672539,4.49838403689604]]],[[[102.54929482482628,4.494256390608536],[102.54929482482628,4.501332369613511],[102.55007213741212,4.501332369613511],[102.55007213741212,4.494306482247471],[102.54929482482628,4.494256390608536]]],[[[102.54385363672539,4.49838403689604],[102.54402213355885,4.500153035131834],[102.54463094931123,4.500153035131834],[102.54463094931123,4.49838403689604],[102.54385363672539,4.49838403689604]]],[[[102.55007213741212,4.501332369613511],[102.55007213741212,4.502511705955347],[102.55084944999795,4.502511705955347],[102.55070070716052,4.501332369613511],[102.55007213741212,4.501332369613511]]],[[[102.54463094931123,4.5048703842214834],[102.54540826189707,4.5048703842214834],[102.54540826189707,4.500153035131834],[102.54463094931123,4.500153035131834],[102.54463094931123,4.5048703842214834]]],[[[102.48089131727228,4.503691044157839],[102.4816686298581,4.503691044157839],[102.4816686298581,4.502693731685291],[102.48011400468644,4.502511705955347],[102.48089131727228,4.503691044157839]]],[[[102.55084944999795,4.502511705955347],[102.55084944999795,4.503691044157839],[102.5516267625838,4.503691044157839],[102.5516267625838,4.502719805269193],[102.55084944999795,4.502511705955347]]],[[[102.4816686298581,4.503691044157839],[102.4816686298581,4.5042807139569865],[102.48244594244395,4.5042807139569865],[102.48244594244395,4.503691044157839],[102.4816686298581,4.503691044157839]]],[[[102.48322325502978,4.5042807139569865],[102.48327924624535,4.5042807139569865],[102.48322325502978,4.504224143188083],[102.48322325502978,4.5042807139569865]]],[[[102.5516267625838,4.503691044157839],[102.5516267625838,4.5042807139569865],[102.55318138775549,4.5042807139569865],[102.55318138775549,4.503691044157839],[102.5516267625838,4.503691044157839]]],[[[102.555513325513,4.503691044157839],[102.555513325513,4.5042807139569865],[102.55939988844221,4.5042807139569865],[102.55939988844221,4.503691044157839],[102.555513325513,4.503691044157839]]],[[[102.48244594244395,4.5042807139569865],[102.48244594244395,4.5048703842214834],[102.48322325502978,4.5048703842214834],[102.48322325502978,4.5042807139569865],[102.48244594244395,4.5042807139569865]]],[[[102.55939988844221,4.5042807139569865],[102.55939988844221,4.5048703842214834],[102.56095451361388,4.5048703842214834],[102.56088147307153,4.5042807139569865],[102.55939988844221,4.5042807139569865]]],[[[102.55318138775549,4.5048703842214834],[102.555513325513,4.5048703842214834],[102.555513325513,4.5042807139569865],[102.55318138775549,4.5042807139569865],[102.55318138775549,4.5048703842214834]]],[[[102.48322325502978,4.505460054951393],[102.48400056761564,4.505460054951393],[102.48392726313948,4.5048703842214834],[102.48322325502978,4.5048703842214834],[102.48322325502978,4.505460054951393]]],[[[102.54385363672539,4.5048703842214834],[102.54385363672539,4.505460054951393],[102.54463094931123,4.505460054951393],[102.54463094931123,4.5048703842214834],[102.54385363672539,4.5048703842214834]]],[[[102.54385363672539,4.506049726146776],[102.54385363672539,4.505460054951393],[102.54307632413955,4.505460054951393],[102.54307632413955,4.506049726146776],[102.54385363672539,4.506049726146776]]],[[[102.53141663535195,4.505654466191204],[102.53219394793777,4.506049726146776],[102.53219394793777,4.505554945565268],[102.53141663535195,4.505654466191204]]],[[[102.48400056761564,4.505460054951393],[102.48400056761564,4.50722906993421],[102.48436030434868,4.50722906993421],[102.48459320000002,4.5058663950754205],[102.48400056761564,4.505460054951393]]],[[[102.54229901155371,4.506049726146776],[102.54229901155371,4.50722906993421],[102.54307632413955,4.50722906993421],[102.54307632413955,4.506049726146776],[102.54229901155371,4.506049726146776]]],[[[102.53219394793777,4.506049726146776],[102.53219394793777,4.50722906993421],[102.53297126052361,4.50722906993421],[102.53297126052361,4.506049726146776],[102.53219394793777,4.506049726146776]]],[[[102.53077954293445,4.506049726146776],[102.53063932276609,4.50722906993421],[102.53141663535195,4.50722906993421],[102.53141663535195,4.506049726146776],[102.53077954293445,4.506049726146776]]],[[[102.48322325502978,4.5078187425263865],[102.48400056761564,4.507584179827668],[102.48400056761564,4.50722906993421],[102.48322325502978,4.50722906993421],[102.48322325502978,4.5078187425263865]]],[[[102.54074438638203,4.5078187425263865],[102.54229901155371,4.5078187425263865],[102.54229901155371,4.50722906993421],[102.54074438638203,4.50722906993421],[102.54074438638203,4.5078187425263865]]],[[[102.4816686298581,4.5078187425263865],[102.4816686298581,4.508408415584283],[102.48322325502978,4.508062918883966],[102.48322325502978,4.5078187425263865],[102.4816686298581,4.5078187425263865]]],[[[102.53297126052361,4.50722906993421],[102.53297126052361,4.508998089107964],[102.53374857310946,4.508998089107964],[102.53374857310946,4.50727209429652],[102.53297126052361,4.50722906993421]]],[[[102.53996707379619,4.5078187425263865],[102.53996707379619,4.508998089107964],[102.54074438638203,4.508998089107964],[102.54074438638203,4.5078187425263865],[102.53996707379619,4.5078187425263865]]],[[[102.53006566930745,4.50722906993421],[102.52986201018025,4.509587763097489],[102.53063932276609,4.509587763097489],[102.53063932276609,4.50722906993421],[102.53006566930745,4.50722906993421]]],[[[102.48089131727228,4.508408415584283],[102.48089131727228,4.5101774375529216],[102.48145235890306,4.5101774375529216],[102.4816686298581,4.508408415584283],[102.48089131727228,4.508408415584283]]],[[[102.53374857310946,4.508998089107964],[102.53374857310946,4.5101774375529216],[102.5345258856953,4.5101774375529216],[102.5345258856953,4.508998089107964],[102.53374857310946,4.508998089107964]]],[[[102.53940580297588,4.508998089107964],[102.53918976121034,4.510767112474324],[102.53996707379619,4.510767112474324],[102.53996707379619,4.508998089107964],[102.53940580297588,4.508998089107964]]],[[[102.5345258856953,4.510767112474324],[102.53530319828114,4.510767112474324],[102.53521277156663,4.5101774375529216],[102.5345258856953,4.5101774375529216],[102.5345258856953,4.510767112474324]]],[[[102.5290846975944,4.511946463715284],[102.52986201018025,4.511946463715284],[102.52986201018025,4.509587763097489],[102.52921334684328,4.509587763097489],[102.5290846975944,4.511946463715284]]],[[[102.5380030873396,4.510767112474324],[102.53763513603866,4.511356787861758],[102.53918976121034,4.511356787861758],[102.53918976121034,4.510767112474324],[102.5380030873396,4.510767112474324]]],[[[102.53530319828114,4.510767112474324],[102.53530319828114,4.511356787861758],[102.53608051086698,4.511356787861758],[102.53608051086698,4.511008498135105],[102.53530319828114,4.510767112474324]]],[[[102.53608051086698,4.511356787861758],[102.53608051086698,4.511946463715284],[102.53763513603866,4.511946463715284],[102.53763513603866,4.511356787861758],[102.53608051086698,4.511356787861758]]],[[[102.48011400468644,4.5101774375529216],[102.48011400468644,4.513125816820863],[102.48065187251352,4.513125816820863],[102.48089131727228,4.5101774375529216],[102.48011400468644,4.5101774375529216]]],[[[102.52830738500857,4.511946463715284],[102.52830738500857,4.512536140034965],[102.5290846975944,4.512536140034965],[102.5290846975944,4.511946463715284],[102.52830738500857,4.511946463715284]]],[[[102.51431575846344,4.513125816820863],[102.51509307104928,4.513125816820863],[102.51509307104928,4.5127344592720045],[102.51431575846344,4.512680272930159],[102.51431575846344,4.513125816820863]]],[[[102.5251981346652,4.512536140034965],[102.5251981346652,4.513125816820863],[102.52830738500857,4.513125816820863],[102.52830738500857,4.512536140034965],[102.5251981346652,4.512536140034965]]],[[[102.51509307104928,4.513715494073041],[102.5251981346652,4.513715494073041],[102.5251981346652,4.513125816820863],[102.51509307104928,4.513125816820863],[102.51509307104928,4.513715494073041]]],[[[102.51276113329175,4.514760553977153],[102.5135384458776,4.514894849976479],[102.5135384458776,4.513715494073041],[102.51431575846344,4.513715494073041],[102.51431575846344,4.513125816820863],[102.51277511649094,4.513125816820863],[102.51276113329175,4.514760553977153]]],[[[102.4925510060599,4.514894849976479],[102.49410563123156,4.514894849976479],[102.49410563123156,4.514404224686323],[102.4925510060599,4.514373046836108],[102.4925510060599,4.514894849976479]]],[[[102.49643756898911,4.515484528627865],[102.49410563123156,4.514894849976479],[102.49410563123156,4.515484528627865],[102.49643756898911,4.515484528627865]]],[[[102.49099638088819,4.514894849976479],[102.49099638088819,4.515484528627865],[102.4925510060599,4.515484528627865],[102.4925510060599,4.514894849976479],[102.49099638088819,4.514894849976479]]],[[[102.5135384458776,4.516663887330277],[102.51431575846344,4.516663887330277],[102.51431575846344,4.514894849976479],[102.5135384458776,4.514894849976479],[102.5135384458776,4.516663887330277]]],[[[102.49643756898911,4.516074207745776],[102.49721488157493,4.516074207745776],[102.49721488157493,4.5155074507377595],[102.49716609012272,4.515484528627865],[102.49643756898911,4.515484528627865],[102.49643756898911,4.516074207745776]]],[[[102.49021906830237,4.515484528627865],[102.49021906830237,4.516074207745776],[102.49099638088819,4.516074207745776],[102.49099638088819,4.515484528627865],[102.49021906830237,4.515484528627865]]],[[[102.49021906830237,4.516663887330277],[102.49021906830237,4.516074207745776],[102.48944175571653,4.516074207745776],[102.48944175571653,4.516663887330277],[102.49021906830237,4.516663887330277]]],[[[102.49721488157493,4.516663887330277],[102.49799219416077,4.516663887330277],[102.49799219416077,4.516074207745776],[102.49721488157493,4.516074207745776],[102.49721488157493,4.516663887330277]]],[[[102.49799219416077,4.517253567381428],[102.49954681933245,4.517253567381428],[102.49954681933245,4.516663887330277],[102.49799219416077,4.516663887330277],[102.49799219416077,4.517253567381428]]],[[[102.48866444313069,4.517253567381428],[102.48944175571653,4.517253567381428],[102.48944175571653,4.516663887330277],[102.48866444313069,4.516663887330277],[102.48866444313069,4.517253567381428]]],[[[102.49954681933245,4.517253567381428],[102.49954681933245,4.5178432478992905],[102.50187875708998,4.5178432478992905],[102.50187875708998,4.517384115213965],[102.49954681933245,4.517253567381428]]],[[[102.51431575846344,4.516663887330277],[102.51431575846344,4.519022610335401],[102.51509307104928,4.519022610335401],[102.51509307104928,4.516663887330277],[102.51431575846344,4.516663887330277]]],[[[102.48788713054483,4.5178432478992905],[102.48788713054483,4.518432928883928],[102.48866444313069,4.518432928883928],[102.48866444313069,4.517253567381428],[102.487118909424,4.5178432478992905],[102.48788713054483,4.5178432478992905]]],[[[102.50187875708998,4.5178432478992905],[102.50187875708998,4.518432928883928],[102.50343338226165,4.518432928883928],[102.50343338226165,4.5178432478992905],[102.50187875708998,4.5178432478992905]]],[[[102.48633250537316,4.518432928883928],[102.48633250537316,4.518406162964892],[102.48627532307651,4.518432928883928],[102.48633250537316,4.518432928883928]]],[[[102.50343338226165,4.518432928883928],[102.50343338226165,4.519022610335401],[102.50887457036256,4.519022610335401],[102.50887457036256,4.518432928883928],[102.50343338226165,4.518432928883928]]],[[[102.487109817959,4.518432928883928],[102.487109817959,4.519022610335401],[102.48788713054483,4.519022610335401],[102.48788713054483,4.518432928883928],[102.487109817959,4.518432928883928]]],[[[102.47622744175723,4.5196122922537745],[102.487109817959,4.5196122922537745],[102.487109817959,4.519022610335401],[102.47622744175723,4.519022610335401],[102.47622744175723,4.5196122922537745]]],[[[102.50887457036256,4.521381340810898],[102.50965188294839,4.521381340810898],[102.5095096377788,4.519022610335401],[102.50887457036256,4.519022610335401],[102.50887457036256,4.521381340810898]]],[[[102.51509307104928,4.519022610335401],[102.51509307104928,4.521971024597483],[102.51587038363512,4.521971024597483],[102.51587038363512,4.519022610335401],[102.51509307104928,4.519022610335401]]],[[[102.50965188294839,4.521381340810898],[102.50965188294839,4.523740078760732],[102.51042919553423,4.523740078760732],[102.5103236257117,4.521381340810898],[102.50965188294839,4.521381340810898]]],[[[102.51587038363512,4.521971024597483],[102.51587038363512,4.524919450539762],[102.51664769622094,4.524919450539762],[102.51664769622094,4.521971024597483],[102.51587038363512,4.521971024597483]]],[[[102.51042919553423,4.523740078760732],[102.51042919553423,4.5243297644165175],[102.51120650812007,4.5243297644165175],[102.51120650812007,4.523740078760732],[102.51042919553423,4.523740078760732]]],[[[102.5116338279591,4.5243297644165175],[102.51120650812007,4.524919450539762],[102.51198382070591,4.524919450539762],[102.5116338279591,4.5243297644165175]]],[[[102.51509307104928,4.524919450539762],[102.51509307104928,4.525509137130522],[102.51587038363512,4.525509137130522],[102.51587038363512,4.524919450539762],[102.51509307104928,4.524919450539762]]],[[[102.51198382070591,4.525509137130522],[102.51276113329175,4.525509137130522],[102.51276113329175,4.525298660152749],[102.51198382070591,4.524919450539762],[102.51198382070591,4.525509137130522]]],[[[102.51276113329175,4.526098824188863],[102.51509307104928,4.526098824188863],[102.51509307104928,4.525509137130522],[102.51276113329175,4.525509137130522],[102.51276113329175,4.526098824188863]]],[[[102.50731994519086,4.779708414745107],[102.5080972577767,4.779708414745107],[102.5080972577767,4.779118520881519],[102.50731994519086,4.779118520881519],[102.50731994519086,4.779708414745107]]],[[[102.5080972577767,4.779708414745107],[102.5080972577767,4.780298309103016],[102.50887457036256,4.780298309103016],[102.50887457036256,4.779708414745107],[102.5080972577767,4.779708414745107]]],[[[102.50654263260502,4.779708414745107],[102.50654263260502,4.780298309103016],[102.50731994519086,4.780298309103016],[102.50731994519086,4.779708414745107],[102.50654263260502,4.779708414745107]]],[[[102.50731994519086,4.780298309103016],[102.50731994519086,4.780888203955305],[102.5080972577767,4.780888203955305],[102.5080972577767,4.780298309103016],[102.50731994519086,4.780298309103016]]],[[[102.55939988844221,4.931917725218971],[102.55939988844221,4.932507749188983],[102.56095451361388,4.932507749188983],[102.56095451361388,4.931917725218971],[102.55939988844221,4.931917725218971]]],[[[102.55862257585638,4.9330977736694255],[102.55939988844221,4.9330977736694255],[102.55939988844221,4.932507749188983],[102.55862257585638,4.932507749188983],[102.55862257585638,4.9330977736694255]]],[[[102.56017720102805,4.9330977736694255],[102.55939988844221,4.9330977736694255],[102.55939988844221,4.933687798660361],[102.56017720102805,4.933687798660361],[102.56017720102805,4.9330977736694255]]],[[[102.56017720102805,4.933687798660361],[102.56017720102805,4.935457876696747],[102.56095451361388,4.935457876696747],[102.56095451361388,4.933687798660361],[102.56017720102805,4.933687798660361]]],[[[102.56017720102805,4.937817987895942],[102.56095451361388,4.937817987895942],[102.56095451361388,4.937227959329812],[102.56017720102805,4.937227959329812],[102.56017720102805,4.937817987895942]]],[[[102.56017720102805,4.937817987895942],[102.55939988844221,4.937817987895942],[102.55939988844221,4.938408016973065],[102.56017720102805,4.938408016973065],[102.56017720102805,4.937817987895942]]],[[[102.55784526327052,4.938408016973065],[102.55784526327052,4.938998046561239],[102.55939988844221,4.938998046561239],[102.55939988844221,4.938408016973065],[102.55784526327052,4.938408016973065]]],[[[102.55784526327052,4.938998046561239],[102.55760125949351,4.938998046561239],[102.55784526327052,4.939031587478876],[102.55784526327052,4.938998046561239]]],[[[102.55706795068468,4.938998046561239],[102.55706795068468,4.938998217053261],[102.55706939749456,4.938998046561239],[102.55706795068468,4.938998046561239]]],[[[102.57261420240151,4.501332369613511],[102.57261420240151,4.501922037551877],[102.57339151498734,4.501922037551877],[102.57339151498734,4.501332369613511],[102.57261420240151,4.501332369613511]]],[[[102.57261420240151,4.503691044157839],[102.57261420240151,4.501922037551877],[102.57205618826231,4.501922037551877],[102.57183688981567,4.503691044157839],[102.57261420240151,4.503691044157839]]],[[[102.57339151498734,4.501922037551877],[102.57339151498734,4.5042807139569865],[102.57408162741304,4.5042807139569865],[102.57416882757317,4.501998099266793],[102.57339151498734,4.501922037551877]]],[[[102.5711373150159,4.503691044157839],[102.57105957722983,4.5048703842214834],[102.57183688981567,4.5048703842214834],[102.57183688981567,4.503691044157839],[102.5711373150159,4.503691044157839]]],[[[102.57261420240151,4.5042807139569865],[102.57261420240151,4.505460054951393],[102.57338226980654,4.505460054951393],[102.57339151498734,4.5042807139569865],[102.57261420240151,4.5042807139569865]]],[[[102.56095451361388,4.505460054951393],[102.56173182619973,4.505460054951393],[102.56173182619973,4.5048703842214834],[102.56095451361388,4.5048703842214834],[102.56095451361388,4.505460054951393]]],[[[102.57028226464398,4.505460054951393],[102.57105957722983,4.505460054951393],[102.57105957722983,4.5048703842214834],[102.57028226464398,4.504992367529521],[102.57028226464398,4.505460054951393]]],[[[102.56173182619973,4.505460054951393],[102.56173182619973,4.506049726146776],[102.56250913878557,4.506049726146776],[102.56250913878557,4.505460054951393],[102.56173182619973,4.505460054951393]]],[[[102.57028226464398,4.505460054951393],[102.5687276394723,4.506049726146776],[102.57028226464398,4.506049726146776],[102.57028226464398,4.505460054951393]]],[[[102.57183688981567,4.505460054951393],[102.57183688981567,4.506639397807693],[102.57261420240151,4.506639397807693],[102.57261420240151,4.505460054951393],[102.57183688981567,4.505460054951393]]],[[[102.56250913878557,4.506049726146776],[102.56250913878557,4.506639397807693],[102.56484107654309,4.506639397807693],[102.56484107654309,4.506114915159715],[102.56250913878557,4.506049726146776]]],[[[102.5687276394723,4.506049726146776],[102.56795032688646,4.506639397807693],[102.5687276394723,4.506639397807693],[102.5687276394723,4.506049726146776]]],[[[102.56795032688646,4.50722906993421],[102.56795032688646,4.506639397807693],[102.56484107654309,4.506639397807693],[102.56484107654309,4.50722906993421],[102.56795032688646,4.50722906993421]]],[[[102.57105957722983,4.509587763097489],[102.57183688981567,4.509587763097489],[102.57183688981567,4.506639397807693],[102.57105957722983,4.506639397807693],[102.57105957722983,4.509587763097489]]],[[[102.57261420240151,4.511946463715284],[102.57233893743793,4.509587763097489],[102.57183688981567,4.509587763097489],[102.57183688981567,4.511946463715284],[102.57261420240151,4.511946463715284]]],[[[102.57261420240151,4.511946463715284],[102.57261420240151,4.513715494073041],[102.57339151498734,4.513715494073041],[102.57339151498734,4.512492265405014],[102.57312277763911,4.511946463715284],[102.57261420240151,4.511946463715284]]],[[[102.57339151498734,4.515484528627865],[102.57416882757317,4.515484528627865],[102.57416882757317,4.513715494073041],[102.57339151498734,4.513715494073041],[102.57339151498734,4.515484528627865]]],[[[102.57494614015903,4.515484528627865],[102.57416882757317,4.515484528627865],[102.57416882757317,4.5178432478992905],[102.57494614015903,4.5178432478992905],[102.57494614015903,4.515484528627865]]],[[[102.57494614015903,4.519022610335401],[102.57572345274488,4.519022610335401],[102.57572345274488,4.5178432478992905],[102.57494614015903,4.5178432478992905],[102.57494614015903,4.519022610335401]]],[[[102.5765007653307,4.519022610335401],[102.57572345274488,4.519022610335401],[102.57572345274488,4.5202019746391064],[102.5765007653307,4.5202019746391064],[102.5765007653307,4.519022610335401]]],[[[102.5765007653307,4.521381340810898],[102.57727807791655,4.521381340810898],[102.57727807791655,4.5202019746391064],[102.5765007653307,4.5202019746391064],[102.5765007653307,4.521381340810898]]],[[[102.57805539050239,4.521381340810898],[102.57727807791655,4.521381340810898],[102.57727807791655,4.522560708851275],[102.57805539050239,4.522560708851275],[102.57805539050239,4.521381340810898]]],[[[102.57805539050239,4.523150393572337],[102.57883270308822,4.523150393572337],[102.57883270308822,4.522560708851275],[102.57805539050239,4.522560708851275],[102.57805539050239,4.523150393572337]]],[[[102.58038732825992,4.523740078760732],[102.58038732825992,4.523150393572337],[102.57883270308822,4.523150393572337],[102.57883270308822,4.523740078760732],[102.58038732825992,4.523740078760732]]],[[[102.58038732825992,4.523740078760732],[102.58038732825992,4.5243297644165175],[102.5819419534316,4.5243297644165175],[102.5819419534316,4.523740078760732],[102.58038732825992,4.523740078760732]]],[[[102.5819419534316,4.524919450539762],[102.58349657860329,4.524919450539762],[102.58349657860329,4.5243297644165175],[102.5819419534316,4.5243297644165175],[102.5819419534316,4.524919450539762]]],[[[102.58582851636079,4.524919450539762],[102.58349657860329,4.524919450539762],[102.58349657860329,4.525509137130522],[102.58582851636079,4.525509137130522],[102.58582851636079,4.524919450539762]]],[[[102.58582851636079,4.525509137130522],[102.58582851636079,4.526098824188863],[102.58738314153247,4.526098824188863],[102.58729082593142,4.525509137130522],[102.58582851636079,4.525509137130522]]],[[[102.56250913878557,4.597454428202276],[102.56250913878557,4.598044172770222],[102.56328645137141,4.598044172770222],[102.56328645137141,4.597454428202276],[102.56250913878557,4.597454428202276]]],[[[102.56173182619973,4.598044172770222],[102.56173182619973,4.598633917813369],[102.56250913878557,4.598633917813369],[102.56250913878557,4.598044172770222],[102.56173182619973,4.598044172770222]]],[[[102.56328645137141,4.598044172770222],[102.56328645137141,4.598633917813369],[102.56406376395725,4.598633917813369],[102.56406376395725,4.598044172770222],[102.56328645137141,4.598044172770222]]],[[[102.56250913878557,4.598633917813369],[102.56250913878557,4.599223663331782],[102.56328645137141,4.599223663331782],[102.56328645137141,4.598633917813369],[102.56250913878557,4.598633917813369]]],[[[102.58660582894663,4.910087196592342],[102.58687717524835,4.910677201720186],[102.58700131899795,4.910087196592342],[102.58660582894663,4.910087196592342]]],[[[102.58660582894663,4.910677201720186],[102.58582851636079,4.910677201720186],[102.58582851636079,4.9118572135003165],[102.58660582894663,4.9118572135003165],[102.58660582894663,4.910677201720186]]],[[[102.58660582894663,4.9118572135003165],[102.58660582894663,4.913037227313455],[102.58738314153247,4.913037227313455],[102.58779464061642,4.912447220152729],[102.58660582894663,4.9118572135003165]]],[[[102.58505120377497,4.913627234982557],[102.58505120377497,4.914217243160097],[102.58582851636079,4.914217243160097],[102.58582851636079,4.913627234982557],[102.58505120377497,4.913627234982557]]],[[[102.58427389118913,4.914807251846138],[102.58505120377497,4.914807251846138],[102.58505120377497,4.914217243160097],[102.58427389118913,4.914217243160097],[102.58427389118913,4.914807251846138]]],[[[102.58582851636079,4.914807251846138],[102.58660582894663,4.914807251846138],[102.58660582894663,4.914217243160097],[102.58582851636079,4.914217243160097],[102.58582851636079,4.914807251846138]]],[[[102.58582851636079,4.914807251846138],[102.58505120377497,4.914807251846138],[102.58505120377497,4.915397261040743],[102.58582851636079,4.915397261040743],[102.58582851636079,4.914807251846138]]],[[[102.58038732825992,4.919527339647963],[102.58038732825992,4.920117352913311],[102.58116464084576,4.920117352913311],[102.58116464084576,4.919527339647963],[102.58038732825992,4.919527339647963]]],[[[102.58038732825992,4.920707366687784],[102.58038732825992,4.920117352913311],[102.57961001567408,4.920117352913311],[102.57961001567408,4.920707366687784],[102.58038732825992,4.920707366687784]]],[[[102.57727807791655,4.920707366687784],[102.57805539050239,4.920707366687784],[102.57805539050239,4.920117352913311],[102.57727807791655,4.920117352913311],[102.57727807791655,4.920707366687784]]],[[[102.58116464084576,4.920707366687784],[102.5819419534316,4.920707366687784],[102.5819419534316,4.920117352913311],[102.58116464084576,4.920117352913311],[102.58116464084576,4.920707366687784]]],[[[102.57883270308822,4.921887395764347],[102.57961001567408,4.921887395764347],[102.57961001567408,4.920707366687784],[102.57805539050239,4.920707366687784],[102.57883270308822,4.921887395764347]]],[[[102.5765007653307,4.920707366687784],[102.5765007653307,4.921887395764347],[102.57727807791655,4.921887395764347],[102.57727807791655,4.920707366687784],[102.5765007653307,4.920707366687784]]],[[[102.58038732825992,4.920707366687784],[102.58038732825992,4.922477411066562],[102.58116464084576,4.922477411066562],[102.58116464084576,4.920707366687784],[102.58038732825992,4.920707366687784]]],[[[102.57416882757317,4.921887395764347],[102.57416882757317,4.922477411066562],[102.57494614015903,4.922477411066562],[102.57494614015903,4.921887395764347],[102.57416882757317,4.921887395764347]]],[[[102.57727807791655,4.921887395764347],[102.57727807791655,4.922477411066562],[102.57805539050239,4.922477411066562],[102.57805539050239,4.921887395764347],[102.57727807791655,4.921887395764347]]],[[[102.57805539050239,4.922477411066562],[102.57805539050239,4.923067426878149],[102.57883270308822,4.923067426878149],[102.57883270308822,4.922477411066562],[102.57805539050239,4.922477411066562]]],[[[102.58271926601742,4.922477411066562],[102.58271926601742,4.923067426878149],[102.58349657860329,4.923067426878149],[102.58349657860329,4.922477411066562],[102.58271926601742,4.922477411066562]]],[[[102.57494614015903,4.922477411066562],[102.57494614015903,4.923657443199172],[102.57572345274488,4.923657443199172],[102.57572345274488,4.922477411066562],[102.57494614015903,4.922477411066562]]],[[[102.57339151498734,4.923657443199172],[102.57416882757317,4.923657443199172],[102.57416882757317,4.922477411066562],[102.57339151498734,4.922477411066562],[102.57339151498734,4.923657443199172]]],[[[102.57961001567408,4.923657443199172],[102.58038732825992,4.923657443199172],[102.58038732825992,4.922477411066562],[102.57961001567408,4.922477411066562],[102.57961001567408,4.923657443199172]]],[[[102.5765007653307,4.923067426878149],[102.5765007653307,4.923657443199172],[102.57805539050239,4.923657443199172],[102.57805539050239,4.923067426878149],[102.5765007653307,4.923067426878149]]],[[[102.58349657860329,4.923067426878149],[102.58349657860329,4.924247460029691],[102.58427389118913,4.924247460029691],[102.58427389118913,4.923067426878149],[102.58349657860329,4.923067426878149]]],[[[102.5819419534316,4.923067426878149],[102.5819419534316,4.924247460029691],[102.58271926601742,4.924247460029691],[102.58271926601742,4.923067426878149],[102.5819419534316,4.923067426878149]]],[[[102.5819419534316,4.924837477369769],[102.5819419534316,4.924247460029691],[102.58038732825992,4.923657443199172],[102.58038732825992,4.924837477369769],[102.5819419534316,4.924837477369769]]],[[[102.57727807791655,4.924837477369769],[102.5765007653307,4.923657443199172],[102.57572345274488,4.923657443199172],[102.57572345274488,4.924247460029691],[102.57416882757317,4.923657443199172],[102.57416882757317,4.924837477369769],[102.57727807791655,4.924837477369769]]],[[[102.58427389118913,4.924247460029691],[102.58427389118913,4.924837477369769],[102.58505120377497,4.924837477369769],[102.58505120377497,4.924247460029691],[102.58427389118913,4.924247460029691]]],[[[102.58660582894663,4.924837477369769],[102.58738314153247,4.924837477369769],[102.58738314153247,4.924247460029691],[102.58660582894663,4.924247460029691],[102.58660582894663,4.924837477369769]]],[[[102.58349657860329,4.9260175135788495],[102.58816045411834,4.9260175135788495],[102.58816045411834,4.924837477369769],[102.58738314153247,4.924837477369769],[102.58738314153247,4.925427495219468],[102.58427389118913,4.925427495219468],[102.58427389118913,4.924837477369769],[102.58271926601742,4.924837477369769],[102.58349657860329,4.9260175135788495]]],[[[102.58271926601742,4.925427495219468],[102.5819419534316,4.925427495219468],[102.5819419534316,4.9260175135788495],[102.58271926601742,4.9260175135788495],[102.58271926601742,4.925427495219468]]],[[[102.57572345274488,4.927197551826916],[102.57572345274488,4.92660753244798],[102.57494614015903,4.92660753244798],[102.57494614015903,4.925427495219468],[102.57339151498734,4.924837477369769],[102.57416882757317,4.927197551826916],[102.57572345274488,4.927197551826916]]],[[[102.58271926601742,4.9260175135788495],[102.58271926601742,4.92660753244798],[102.58349657860329,4.92660753244798],[102.58349657860329,4.9260175135788495],[102.58271926601742,4.9260175135788495]]],[[[102.57572345274488,4.9260175135788495],[102.57572345274488,4.92660753244798],[102.57727807791655,4.92660753244798],[102.57727807791655,4.9260175135788495],[102.57572345274488,4.9260175135788495]]],[[[102.57261420240151,4.9260175135788495],[102.57261420240151,4.927197551826916],[102.57339151498734,4.927197551826916],[102.57339151498734,4.9260175135788495],[102.57261420240151,4.9260175135788495]]],[[[102.57339151498734,4.927197551826916],[102.57339151498734,4.927787571715723],[102.57416882757317,4.927787571715723],[102.57416882757317,4.927197551826916],[102.57339151498734,4.927197551826916]]],[[[102.57727807791655,4.92660753244798],[102.5765007653307,4.927787571715723],[102.57883270308822,4.928967613023197],[102.57883270308822,4.928377592114462],[102.57961001567408,4.928377592114462],[102.57961001567408,4.927787571715723],[102.57805539050239,4.927787571715723],[102.57805539050239,4.927197551826916],[102.57883270308822,4.927197551826916],[102.57883270308822,4.9260175135788495],[102.57727807791655,4.92660753244798]]],[[[102.57572345274488,4.928377592114462],[102.5765007653307,4.928377592114462],[102.5765007653307,4.927787571715723],[102.57572345274488,4.927787571715723],[102.57572345274488,4.928377592114462]]],[[[102.5765007653307,4.929557634441989],[102.57805539050239,4.929557634441989],[102.57805539050239,4.928967613023197],[102.5765007653307,4.928377592114462],[102.5765007653307,4.929557634441989]]],[[[102.5765007653307,4.929557634441989],[102.57572345274488,4.929557634441989],[102.57494614015903,4.930737678809994],[102.5765007653307,4.930737678809994],[102.5765007653307,4.929557634441989]]],[[[102.57883270308822,4.928967613023197],[102.57883270308822,4.929557634441989],[102.57805539050239,4.929557634441989],[102.57805539050239,4.931327701759328],[102.57947477062609,4.931917725218971],[102.57961001567408,4.928967613023197],[102.57883270308822,4.928967613023197]]],[[[102.57416882757317,4.930737678809994],[102.57416882757317,4.931327701759328],[102.57494614015903,4.931327701759328],[102.57494614015903,4.930737678809994],[102.57416882757317,4.930737678809994]]],[[[102.57572345274488,4.931917725218971],[102.57572345274488,4.932507749188983],[102.5765007653307,4.932507749188983],[102.5765007653307,4.931327701759328],[102.57494614015903,4.931327701759328],[102.57494614015903,4.931917725218971],[102.57572345274488,4.931917725218971]]],[[[102.56095451361388,4.932507749188983],[102.56095451361388,4.9330977736694255],[102.56328645137141,4.9330977736694255],[102.56328645137141,4.932507749188983],[102.56095451361388,4.932507749188983]]],[[[102.56639570171478,4.932507749188983],[102.56639570171478,4.9330977736694255],[102.56717301430062,4.9330977736694255],[102.56717301430062,4.932507749188983],[102.56639570171478,4.932507749188983]]],[[[102.56328645137141,4.9330977736694255],[102.56328645137141,4.933687798660361],[102.56406376395725,4.933687798660361],[102.56406376395725,4.9330977736694255],[102.56328645137141,4.9330977736694255]]],[[[102.56561838912893,4.9330977736694255],[102.56561838912893,4.934277824161851],[102.56639570171478,4.934277824161851],[102.56639570171478,4.9330977736694255],[102.56561838912893,4.9330977736694255]]],[[[102.56250913878557,4.934277824161851],[102.56328645137141,4.934277824161851],[102.56328645137141,4.933687798660361],[102.56250913878557,4.933687798660361],[102.56250913878557,4.934277824161851]]],[[[102.5765007653307,4.936047903730277],[102.57727807791655,4.936047903730277],[102.57727807791655,4.9330977736694255],[102.57805539050239,4.9330977736694255],[102.57805539050239,4.932507749188983],[102.5765007653307,4.932507749188983],[102.5765007653307,4.936047903730277]]],[[[102.56717301430062,4.9330977736694255],[102.56717301430062,4.935457876696747],[102.56795032688646,4.935457876696747],[102.56795032688646,4.9330977736694255],[102.56717301430062,4.9330977736694255]]],[[[102.56328645137141,4.934277824161851],[102.56328645137141,4.934867850173959],[102.56561838912893,4.934867850173959],[102.56561838912893,4.934277824161851],[102.56328645137141,4.934277824161851]]],[[[102.56095451361388,4.935457876696747],[102.56095451361388,4.936047903730277],[102.56250913878557,4.936047903730277],[102.56250913878557,4.935457876696747],[102.56095451361388,4.935457876696747]]],[[[102.56717301430062,4.936047903730277],[102.56717301430062,4.935457876696747],[102.56561838912893,4.934867850173959],[102.56561838912893,4.937227959329812],[102.56639570171478,4.937227959329812],[102.56639570171478,4.936047903730277],[102.56717301430062,4.936047903730277]]],[[[102.5765007653307,4.936637931274612],[102.5765007653307,4.937227959329812],[102.57805539050239,4.937227959329812],[102.57805539050239,4.936047903730277],[102.5765007653307,4.936637931274612]]],[[[102.56406376395725,4.937817987895942],[102.56406376395725,4.937227959329812],[102.56328645137141,4.937227959329812],[102.56328645137141,4.936047903730277],[102.56250913878557,4.936047903730277],[102.56250913878557,4.936637931274612],[102.56095451361388,4.936637931274612],[102.56095451361388,4.937227959329812],[102.56406376395725,4.937817987895942]]],[[[102.56795032688646,4.937227959329812],[102.56950495205814,4.937227959329812],[102.56950495205814,4.936637931274612],[102.56795032688646,4.936637931274612],[102.56795032688646,4.937227959329812]]],[[[102.56950495205814,4.937817987895942],[102.57028226464398,4.937817987895942],[102.57028226464398,4.937227959329812],[102.56950495205814,4.937227959329812],[102.56950495205814,4.937817987895942]]],[[[102.57883270308822,4.938408016973065],[102.57961001567408,4.938408016973065],[102.57961001567408,4.937227959329812],[102.57805539050239,4.937227959329812],[102.57883270308822,4.938408016973065]]],[[[102.57572345274488,4.937227959329812],[102.57572345274488,4.938408016973065],[102.57727807791655,4.938408016973065],[102.57727807791655,4.937817987895942],[102.57572345274488,4.937227959329812]]],[[[102.57028226464398,4.937817987895942],[102.57028226464398,4.938408016973065],[102.57105957722983,4.938408016973065],[102.57105957722983,4.937817987895942],[102.57028226464398,4.937817987895942]]],[[[102.56406376395725,4.937817987895942],[102.56406376395725,4.938408016973065],[102.56484107654309,4.938408016973065],[102.56484107654309,4.937817987895942],[102.56406376395725,4.937817987895942]]],[[[102.56717301430062,4.938998046561239],[102.56717301430062,4.940178107270996],[102.56795032688646,4.940178107270996],[102.56795032688646,4.937227959329812],[102.56639570171478,4.937227959329812],[102.56639570171478,4.938998046561239],[102.56717301430062,4.938998046561239]]],[[[102.57494614015903,4.938408016973065],[102.57494614015903,4.938998046561239],[102.57572345274488,4.938998046561239],[102.57572345274488,4.938408016973065],[102.57494614015903,4.938408016973065]]],[[[102.57105957722983,4.938408016973065],[102.57105957722983,4.940178107270996],[102.57183688981567,4.940178107270996],[102.57183688981567,4.938408016973065],[102.57105957722983,4.938408016973065]]],[[[102.5765007653307,4.939588076660527],[102.5765007653307,4.940178107270996],[102.57727807791655,4.940178107270996],[102.57727807791655,4.938998046561239],[102.57572345274488,4.938998046561239],[102.57572345274488,4.939588076660527],[102.5765007653307,4.939588076660527]]],[[[102.57416882757317,4.940178107270996],[102.57494614015903,4.940178107270996],[102.57494614015903,4.939588076660527],[102.57416882757317,4.939588076660527],[102.57416882757317,4.940178107270996]]],[[[102.57183688981567,4.940768138392706],[102.57261420240151,4.940768138392706],[102.57261420240151,4.940178107270996],[102.57183688981567,4.940178107270996],[102.57183688981567,4.940768138392706]]],[[[102.57727807791655,4.940178107270996],[102.57727807791655,4.940768138392706],[102.57805539050239,4.940768138392706],[102.57805539050239,4.940178107270996],[102.57727807791655,4.940178107270996]]],[[[102.57494614015903,4.940178107270996],[102.57494614015903,4.940768138392706],[102.57572345274488,4.940768138392706],[102.57572345274488,4.940178107270996],[102.57494614015903,4.940178107270996]]],[[[102.57961001567408,4.941358170025717],[102.57961001567408,4.940178107270996],[102.57883270308822,4.940178107270996],[102.57883270308822,4.940768138392706],[102.57805539050239,4.940768138392706],[102.57805539050239,4.942538234825894],[102.57883270308822,4.942538234825894],[102.57883270308822,4.941358170025717],[102.57961001567408,4.941358170025717]]],[[[102.57261420240151,4.942538234825894],[102.57261420240151,4.941948202170092],[102.57183688981567,4.941948202170092],[102.57183688981567,4.940768138392706],[102.57105957722983,4.940768138392706],[102.57105957722983,4.943128267993187],[102.57261420240151,4.942538234825894]]],[[[102.57261420240151,4.942538234825894],[102.57261420240151,4.944898370564624],[102.57416882757317,4.944898370564624],[102.57416882757317,4.940178107270996],[102.57339151498734,4.940178107270996],[102.57339151498734,4.942538234825894],[102.57261420240151,4.942538234825894]]],[[[102.57572345274488,4.940768138392706],[102.57572345274488,4.944308335862489],[102.57805539050239,4.944308335862489],[102.57805539050239,4.943718301672032],[102.5765007653307,4.943718301672032],[102.5765007653307,4.940768138392706],[102.57572345274488,4.940768138392706]]],[[[102.57727807791655,4.943128267993187],[102.57805539050239,4.943128267993187],[102.57805539050239,4.942538234825894],[102.57727807791655,4.942538234825894],[102.57727807791655,4.943128267993187]]],[[[102.57805539050239,4.943718301672032],[102.57883270308822,4.943718301672032],[102.57883270308822,4.943128267993187],[102.57805539050239,4.943128267993187],[102.57805539050239,4.943718301672032]]],[[[102.57727807791655,4.944898370564624],[102.57572345274488,4.944898370564624],[102.57572345274488,4.947258514491168],[102.57416882757317,4.947258514491168],[102.57416882757317,4.947848551752618],[102.5765007653307,4.947848551752618],[102.57727807791655,4.944898370564624]]],[[[102.69853884130774,4.489539108422267],[102.69864192489149,4.489539108422267],[102.69853884130774,4.489460007276376],[102.69853884130774,4.489539108422267]]],[[[102.69698421613606,4.4891778116887435],[102.6977615287219,4.489539108422267],[102.6977615287219,4.489030136129715],[102.69698421613606,4.4891778116887435]]],[[[102.69931615389358,4.490128767071594],[102.69941036002552,4.490128767071594],[102.69931615389358,4.49005647797752],[102.69931615389358,4.490128767071594]]],[[[102.6977615287219,4.490128767071594],[102.69853884130774,4.490128767071594],[102.69853884130774,4.489539108422267],[102.6977615287219,4.489539108422267],[102.6977615287219,4.490128767071594]]],[[[102.69620690355022,4.4907184261847855],[102.69698421613606,4.4907184261847855],[102.69698421613606,4.489539108422267],[102.69650013391526,4.489539108422267],[102.69620690355022,4.4907184261847855]]],[[[102.69853884130774,4.4907184261847855],[102.69931615389358,4.4907184261847855],[102.69931615389358,4.490128767071594],[102.69853884130774,4.490128767071594],[102.69853884130774,4.4907184261847855]]],[[[102.69931615389358,4.4907184261847855],[102.69931615389358,4.491897745803005],[102.70009346647943,4.491897745803005],[102.7004110717151,4.4913080857619025],[102.69931615389358,4.4907184261847855]]],[[[102.70087077906527,4.491897745803005],[102.70087554205575,4.491897745803005],[102.70087077906527,4.491891699030992],[102.70087077906527,4.491897745803005]]],[[[102.69542959096437,4.493077067277424],[102.69620690355022,4.493077067277424],[102.69620690355022,4.4907184261847855],[102.6956491,4.490852295091108],[102.69542959096437,4.493077067277424]]],[[[102.70009346647943,4.492487406308158],[102.70087077906527,4.492487406308158],[102.70087077906527,4.491897745803005],[102.70009346647943,4.491897745803005],[102.70009346647943,4.492487406308158]]],[[[102.69542959096437,4.493077067277424],[102.69489515631795,4.4936667287108625],[102.69542959096437,4.4936667287108625],[102.69542959096437,4.493077067277424]]],[[[102.6947679748947,4.494256390608536],[102.69465227837853,4.495435715796837],[102.69542959096437,4.495435715796837],[102.69542959096437,4.494256390608536],[102.6947679748947,4.494256390608536]]],[[[102.69465227837853,4.495435715796837],[102.69420808195315,4.4960253790875875],[102.69465227837853,4.4960253790875875],[102.69465227837853,4.495435715796837]]],[[[102.69387496579269,4.497204707062601],[102.69387496579269,4.496952396018344],[102.69378516636479,4.497204707062601],[102.69387496579269,4.497204707062601]]],[[[102.69387496579269,4.497204707062601],[102.69387496579269,4.49838403689604],[102.69465227837853,4.49838403689604],[102.69465227837853,4.497204707062601],[102.69387496579269,4.497204707062601]]],[[[102.69387496579269,4.498973702509827],[102.69387496579269,4.49838403689604],[102.69337426824093,4.49838403689604],[102.69309765320686,4.498973702509827],[102.69387496579269,4.498973702509827]]],[[[102.68998840286349,4.501332369613511],[102.68998840286349,4.501297733482267],[102.68995328222468,4.501332369613511],[102.68998840286349,4.501332369613511]]],[[[102.68998840286349,4.501922037551877],[102.69076571544932,4.501922037551877],[102.69076571544932,4.501332369613511],[102.68998840286349,4.501332369613511],[102.68998840286349,4.501922037551877]]],[[[102.68998840286349,4.501922037551877],[102.68921109027765,4.502003092019549],[102.68921109027765,4.502511705955347],[102.68998840286349,4.502511705955347],[102.68998840286349,4.501922037551877]]],[[[102.68921109027765,4.503691044157839],[102.68921109027765,4.502511705955347],[102.68870048571853,4.502511705955347],[102.68871999999999,4.503478295077904],[102.68921109027765,4.503691044157839]]],[[[102.68998840286349,4.503691044157839],[102.68921109027765,4.503691044157839],[102.68960502456875,4.5048703842214834],[102.68998840286349,4.5048703842214834],[102.68998840286349,4.503691044157839]]],[[[102.68998840286349,4.5048703842214834],[102.69076571544932,4.505460054951393],[102.69076571544932,4.5048703842214834],[102.68998840286349,4.5048703842214834]]],[[[102.69154302803518,4.505460054951393],[102.69076571544932,4.505460054951393],[102.6911425329332,4.506639397807693],[102.69154302803518,4.506639397807693],[102.69154302803518,4.505460054951393]]],[[[102.69154302803518,4.506639397807693],[102.69154302803518,4.50722906993421],[102.69232034062102,4.50722906993421],[102.69232034062102,4.506639397807693],[102.69154302803518,4.506639397807693]]],[[[102.69136401759627,4.5078187425263865],[102.69154302803518,4.50722906993421],[102.6913086826853,4.50722906993421],[102.69136401759627,4.5078187425263865]]],[[[102.6906791991162,4.508998089107964],[102.69003260353284,4.509587763097489],[102.69076571544932,4.509587763097489],[102.6906791991162,4.508998089107964]]],[[[102.68998840286349,4.5101774375529216],[102.68998840286349,4.509628072676937],[102.6893607011712,4.5101774375529216],[102.68998840286349,4.5101774375529216]]],[[[102.68921109027765,4.510296386127364],[102.6887657,4.5106504950704585],[102.68843377769181,4.510767112474324],[102.68921109027765,4.510767112474324],[102.68921109027765,4.510296386127364]]],[[[102.68687915252012,4.510937029906189],[102.68765646510597,4.511356787861758],[102.68765646510597,4.510818969183298],[102.68687915252012,4.510937029906189]]],[[[102.68532452734844,4.511356787861758],[102.68532452734844,4.511946463715284],[102.68687915252012,4.511946463715284],[102.68687915252012,4.511356787861758],[102.68532452734844,4.511356787861758]]],[[[102.68532452734844,4.511946463715284],[102.68471438535933,4.512536140034965],[102.68532452734844,4.512536140034965],[102.68532452734844,4.511946463715284]]],[[[102.6845472147626,4.516074207745776],[102.6845472147626,4.515999619656767],[102.68451335285081,4.516074207745776],[102.6845472147626,4.516074207745776]]],[[[102.6845472147626,4.516074207745776],[102.6845472147626,4.516663887330277],[102.68532452734844,4.516663887330277],[102.68532452734844,4.516074207745776],[102.6845472147626,4.516074207745776]]],[[[102.6845472147626,4.517253567381428],[102.6845472147626,4.516663887330277],[102.68424008676115,4.516663887330277],[102.68395657148115,4.517253567381428],[102.6845472147626,4.517253567381428]]],[[[102.68299258959091,4.5196122922537745],[102.68299258959091,4.519022610335401],[102.68268623545077,4.519022610335401],[102.68236714347782,4.5196122922537745],[102.68299258959091,4.5196122922537745]]],[[[102.68221527700507,4.5202019746391064],[102.68221527700507,4.519921734244883],[102.68209029783827,4.5202019746391064],[102.68221527700507,4.5202019746391064]]],[[[102.68299258959091,4.5202019746391064],[102.68376990217676,4.5202019746391064],[102.68376990217676,4.5196122922537745],[102.68299258959091,4.5196122922537745],[102.68299258959091,4.5202019746391064]]],[[[102.68221527700507,4.5202019746391064],[102.68221527700507,4.52079165749146],[102.68299258959091,4.52079165749146],[102.68299258959091,4.5202019746391064],[102.68221527700507,4.5202019746391064]]],[[[102.68198750066227,4.521381340810898],[102.68221527700507,4.52079165749146],[102.68199661896156,4.52079165749146],[102.68198750066227,4.521381340810898]]],[[[102.68221527700507,4.521381340810898],[102.68221527700507,4.5243297644165175],[102.68299258959091,4.5243297644165175],[102.68299258959091,4.521381340810898],[102.68221527700507,4.521381340810898]]],[[[102.68221527700507,4.526098824188863],[102.68221527700507,4.5243297644165175],[102.68179424600352,4.5243297644165175],[102.68143796441923,4.526098824188863],[102.68221527700507,4.526098824188863]]],[[[102.58738314153247,4.526098824188863],[102.58738314153247,4.526688511714846],[102.58816045411834,4.526688511714846],[102.58816045411834,4.526098824188863],[102.58738314153247,4.526098824188863]]],[[[102.68143796441923,4.526098824188863],[102.68066065183339,4.52727819970853],[102.68143796441923,4.52727819970853],[102.68143796441923,4.526098824188863]]],[[[102.67988333924757,4.52727819970853],[102.67988333924757,4.527113562585168],[102.6797089952733,4.52727819970853],[102.67988333924757,4.52727819970853]]],[[[102.58816045411834,4.526688511714846],[102.58842524967312,4.52727819970853],[102.58876509167102,4.526688511714846],[102.58816045411834,4.526688511714846]]],[[[102.58816045411834,4.52727819970853],[102.58738314153247,4.52727819970853],[102.58738314153247,4.527867888169982],[102.58816045411834,4.527867888169982],[102.58816045411834,4.52727819970853]]],[[[102.67988333924757,4.52727819970853],[102.67988333924757,4.52845757709926],[102.68066065183339,4.52845757709926],[102.68066065183339,4.52727819970853],[102.67988333924757,4.52727819970853]]],[[[102.67910602666173,4.52845757709926],[102.67910602666173,4.5278811683489595],[102.67877970293681,4.52845757709926],[102.67910602666173,4.52845757709926]]],[[[102.58841817722193,4.527867888169982],[102.58816045411834,4.52845757709926],[102.58872890698122,4.52845757709926],[102.58841817722193,4.527867888169982]]],[[[102.67910602666173,4.52845757709926],[102.67910602666173,4.529636956361545],[102.67988333924757,4.529636956361545],[102.67988333924757,4.52845757709926],[102.67910602666173,4.52845757709926]]],[[[102.67055558821747,4.530226646694676],[102.6713329008033,4.530226646694676],[102.6713329008033,4.530187325679237],[102.67130919999998,4.530180395050074],[102.67055558821747,4.530226646694676]]],[[[102.67832871407586,4.529636956361545],[102.67832871407586,4.5308163374958825],[102.67910602666173,4.5308163374958825],[102.67910602666173,4.529636956361545],[102.67832871407586,4.529636956361545]]],[[[102.67755140149004,4.5308163374958825],[102.67755140149004,4.530513122927782],[102.67738925773132,4.5308163374958825],[102.67755140149004,4.5308163374958825]]],[[[102.6713329008033,4.5308163374958825],[102.67211021338915,4.5308163374958825],[102.67211021338915,4.530414628781655],[102.6713329008033,4.530226646694676],[102.6713329008033,4.5308163374958825]]],[[[102.66977827563161,4.5319957205027706],[102.67055558821747,4.5319957205027706],[102.67055558821747,4.530226646694676],[102.66977827563161,4.530665015321367],[102.66977827563161,4.5319957205027706]]],[[[102.67755140149004,4.5308163374958825],[102.67755140149004,4.5319957205027706],[102.67832871407586,4.5319957205027706],[102.67832871407586,4.5308163374958825],[102.67755140149004,4.5308163374958825]]],[[[102.67211021338915,4.5308163374958825],[102.67211021338915,4.5319957205027706],[102.67288752597499,4.5319957205027706],[102.67288752597499,4.531138260818965],[102.67211021338915,4.5308163374958825]]],[[[102.6767740889042,4.5319957205027706],[102.6767740889042,4.531701578728396],[102.67650844127435,4.5319957205027706],[102.6767740889042,4.5319957205027706]]],[[[102.66822365045994,4.532585412708573],[102.66977827563161,4.532585412708573],[102.66977827563161,4.5319957205027706],[102.66900096304578,4.531600417394073],[102.66822365045994,4.532585412708573]]],[[[102.66589171270242,4.532585412708573],[102.6654998,4.532250795047943],[102.66455481918149,4.532585412708573],[102.66589171270242,4.532585412708573]]],[[[102.6767740889042,4.5319957205027706],[102.6767740889042,4.532585412708573],[102.67755140149004,4.532585412708573],[102.67755140149004,4.5319957205027706],[102.6767740889042,4.5319957205027706]]],[[[102.67288752597499,4.532585412708573],[102.67444215114666,4.532585412708573],[102.67444215114666,4.532525981523073],[102.67288752597499,4.5319957205027706],[102.67288752597499,4.532585412708573]]],[[[102.66589171270242,4.533175105382701],[102.66822365045994,4.533175105382701],[102.66822365045994,4.532585412708573],[102.66589171270242,4.532585412708573],[102.66589171270242,4.533175105382701]]],[[[102.67444215114666,4.533175105382701],[102.6767740889042,4.533175105382701],[102.6767740889042,4.532585412708573],[102.67444215114666,4.532585412708573],[102.67444215114666,4.533175105382701]]],[[[102.69931615389358,4.8322109556565005],[102.69931615389358,4.832800894257798],[102.70009346647943,4.832800894257798],[102.70009346647943,4.8322109556565005],[102.69931615389358,4.8322109556565005]]],[[[102.69698421613606,4.833390833359008],[102.69698421613606,4.833980772960196],[102.69853884130774,4.833980772960196],[102.69853884130774,4.8345707130614235],[102.69931615389358,4.8345707130614235],[102.69931615389358,4.832800894257798],[102.69853884130774,4.832800894257798],[102.69853884130774,4.833390833359008],[102.69698421613606,4.833390833359008]]],[[[102.70009346647943,4.832800894257798],[102.70009346647943,4.835160653662751],[102.70087077906527,4.835160653662751],[102.70087077906527,4.832800894257798],[102.70009346647943,4.832800894257798]]],[[[102.69620690355022,4.833980772960196],[102.69620690355022,4.8345707130614235],[102.69698421613606,4.8345707130614235],[102.69698421613606,4.833980772960196],[102.69620690355022,4.833980772960196]]],[[[102.69698421613606,4.8345707130614235],[102.69698421613606,4.835160653662751],[102.6977615287219,4.835160653662751],[102.6977615287219,4.8345707130614235],[102.69698421613606,4.8345707130614235]]],[[[102.70087077906527,4.835160653662751],[102.70087077906527,4.836340536365958],[102.70164809165111,4.836340536365958],[102.70164809165111,4.835160653662751],[102.70087077906527,4.835160653662751]]],[[[102.6977615287219,4.835160653662751],[102.6977615287219,4.836340536365958],[102.69853884130774,4.836340536365958],[102.69853884130774,4.835160653662751],[102.6977615287219,4.835160653662751]]],[[[102.70242540423695,4.836340536365958],[102.70320271682277,4.836340536365958],[102.70320271682277,4.8357505947642405],[102.70242540423695,4.8357505947642405],[102.70242540423695,4.836340536365958]]],[[[102.70242540423695,4.836340536365958],[102.70164809165111,4.836340536365958],[102.70164809165111,4.836930478467962],[102.70242540423695,4.836930478467962],[102.70242540423695,4.836340536365958]]],[[[102.70242540423695,4.836930478467962],[102.70242540423695,4.839290251880095],[102.70475734199448,4.839290251880095],[102.70475734199448,4.838700307776318],[102.70320271682277,4.838700307776318],[102.70320271682277,4.836930478467962],[102.70242540423695,4.836930478467962]]],[[[102.69853884130774,4.836340536365958],[102.69853884130774,4.836930478467962],[102.69931615389358,4.836930478467962],[102.69931615389358,4.840470141589504],[102.6977615287219,4.840470141589504],[102.6977615287219,4.841060087195263],[102.70009346647943,4.841060087195263],[102.70009346647943,4.841650033301806],[102.70087077906527,4.841650033301806],[102.70087077906527,4.842829927017496],[102.70398002940863,4.842829927017496],[102.70398002940863,4.841650033301806],[102.70242540423695,4.842239979909197],[102.70242540423695,4.841060087195263],[102.70087077906527,4.841060087195263],[102.70087077906527,4.840470141589504],[102.70009346647943,4.840470141589504],[102.70009346647943,4.836340536365958],[102.69853884130774,4.836340536365958]]],[[[102.69154302803518,4.841060087195263],[102.69154302803518,4.841650033301806],[102.69620690355022,4.841650033301806],[102.69620690355022,4.841060087195263],[102.69154302803518,4.841060087195263]]],[[[102.69698421613606,4.841650033301806],[102.6977615287219,4.841650033301806],[102.6977615287219,4.841060087195263],[102.69698421613606,4.841060087195263],[102.69698421613606,4.841650033301806]]],[[[102.69076571544932,4.842239979909197],[102.69154302803518,4.842239979909197],[102.69154302803518,4.841650033301806],[102.69076571544932,4.841650033301806],[102.69076571544932,4.842239979909197]]],[[[102.69620690355022,4.841650033301806],[102.69620690355022,4.842829927017496],[102.69698421613606,4.842829927017496],[102.69698421613606,4.841650033301806],[102.69620690355022,4.841650033301806]]],[[[102.6977615287219,4.841650033301806],[102.6977615287219,4.842829927017496],[102.69931615389358,4.842829927017496],[102.69931615389358,4.842239979909197],[102.6977615287219,4.841650033301806]]],[[[102.69154302803518,4.842829927017496],[102.69387496579269,4.842829927017496],[102.69387496579269,4.842239979909197],[102.69154302803518,4.842239979909197],[102.69154302803518,4.842829927017496]]],[[[102.69698421613606,4.843419874626768],[102.6977615287219,4.843419874626768],[102.6977615287219,4.842829927017496],[102.69698421613606,4.842829927017496],[102.69698421613606,4.843419874626768]]],[[[102.69387496579269,4.844009822737073],[102.69465227837853,4.844009822737073],[102.69465227837853,4.842829927017496],[102.69387496579269,4.842829927017496],[102.69387496579269,4.844009822737073]]],[[[102.69465227837853,4.844599771348474],[102.69542959096437,4.844599771348474],[102.69542959096437,4.844009822737073],[102.69465227837853,4.844009822737073],[102.69465227837853,4.844599771348474]]],[[[102.69620690355022,4.844599771348474],[102.69542959096437,4.844599771348474],[102.69542959096437,4.8451897204610335],[102.69620690355022,4.8451897204610335],[102.69620690355022,4.844599771348474]]],[[[102.6977615287219,4.844599771348474],[102.6977615287219,4.8451897204610335],[102.69853884130774,4.8451897204610335],[102.69853884130774,4.844599771348474],[102.6977615287219,4.844599771348474]]],[[[102.6977615287219,4.845779670074815],[102.6977615287219,4.8451897204610335],[102.69620690355022,4.8451897204610335],[102.69620690355022,4.845779670074815],[102.6977615287219,4.845779670074815]]],[[[102.69853884130774,4.8451897204610335],[102.69853884130774,4.847549521924099],[102.69931615389358,4.847549521924099],[102.69931615389358,4.8451897204610335],[102.69853884130774,4.8451897204610335]]],[[[102.70164809165111,4.846959570806284],[102.70242540423695,4.845779670074815],[102.70009346647943,4.845779670074815],[102.70009346647943,4.847549521924099],[102.70164809165111,4.846959570806284]]],[[[102.70242540423695,4.847549521924099],[102.70242540423695,4.848139473543384],[102.70320271682277,4.848139473543384],[102.70320271682277,4.846959570806284],[102.70164809165111,4.846959570806284],[102.70164809165111,4.847549521924099],[102.70242540423695,4.847549521924099]]],[[[102.69931615389358,4.848139473543384],[102.70009346647943,4.848139473543384],[102.70009346647943,4.847549521924099],[102.69931615389358,4.847549521924099],[102.69931615389358,4.848139473543384]]],[[[102.70164809165111,4.848729425664199],[102.70242540423695,4.848729425664199],[102.70242540423695,4.848139473543384],[102.70164809165111,4.848139473543384],[102.70164809165111,4.848729425664199]]],[[[102.70242540423695,4.848729425664199],[102.70242540423695,4.849319378286607],[102.70398002940863,4.849319378286607],[102.70398002940863,4.848729425664199],[102.70242540423695,4.848729425664199]]],[[[102.70242540423695,4.859348649671657],[102.70242540423695,4.859938611333387],[102.70320271682277,4.859938611333387],[102.70320271682277,4.859348649671657],[102.70242540423695,4.859348649671657]]],[[[102.70164809165111,4.859938611333387],[102.70164809165111,4.860528573497894],[102.70242540423695,4.860528573497894],[102.70242540423695,4.859938611333387],[102.70164809165111,4.859938611333387]]],[[[102.70164809165111,4.861118536165238],[102.70164809165111,4.860528573497894],[102.70087077906527,4.860528573497894],[102.70087077906527,4.861118536165238],[102.70164809165111,4.861118536165238]]],[[[102.70164809165111,4.861118536165238],[102.70164809165111,4.8617084993354815],[102.70320271682277,4.8617084993354815],[102.70320271682277,4.861118536165238],[102.70164809165111,4.861118536165238]]],[[[102.70320271682277,4.869378066340849],[102.70320271682277,4.869968036558225],[102.70398002940863,4.869968036558225],[102.70398002940863,4.869378066340849],[102.70320271682277,4.869378066340849]]],[[[102.70242540423695,4.869968036558225],[102.70242540423695,4.87055800727943],[102.70320271682277,4.87055800727943],[102.70320271682277,4.869968036558225],[102.70242540423695,4.869968036558225]]],[[[102.70164809165111,4.874097842190658],[102.70242540423695,4.874097842190658],[102.70242540423695,4.87055800727943],[102.70164809165111,4.87055800727943],[102.70164809165111,4.874097842190658]]],[[[102.70164809165111,4.874097842190658],[102.70087077906527,4.874097842190658],[102.70087077906527,4.874687816440439],[102.70164809165111,4.874687816440439],[102.70164809165111,4.874097842190658]]],[[[102.70164809165111,4.874687816440439],[102.70164809165111,4.875277791194552],[102.70254319224372,4.875277791194552],[102.70288391819403,4.874687816440439],[102.70164809165111,4.874687816440439]]],[[[102.58865650029284,4.913627234982557],[102.58816045411834,4.912705757406421],[102.58738314153247,4.913037227313455],[102.58738314153247,4.915397261040743],[102.58816045411834,4.915397261040743],[102.58816045411834,4.913627234982557],[102.58865650029284,4.913627234982557]]],[[[102.58816045411834,4.917757302906034],[102.58893776670416,4.917757302906034],[102.58893776670416,4.915397261040743],[102.58816045411834,4.915397261040743],[102.58816045411834,4.917757302906034]]],[[[102.58971507929,4.917757302906034],[102.58893776670416,4.917757302906034],[102.58893776670416,4.918937326891676],[102.58816045411834,4.918937326891676],[102.58816045411834,4.919527339647963],[102.58971507929,4.919527339647963],[102.58971507929,4.917757302906034]]],[[[102.58893776670416,4.922477411066562],[102.58921359999998,4.9224197946438775],[102.58893776670416,4.921237877119525],[102.58893776670416,4.922477411066562]]],[[[102.58738314153247,4.919527339647963],[102.58738314153247,4.924247460029691],[102.58816045411834,4.924247460029691],[102.58816045411834,4.919527339647963],[102.58738314153247,4.919527339647963]]],[[[102.70786659233782,4.5048703842214834],[102.70845984298096,4.5048703842214834],[102.70830694880551,4.5042807139569865],[102.70786659233782,4.5042807139569865],[102.70786659233782,4.5048703842214834]]],[[[102.70708927975198,4.505460054951393],[102.70786659233782,4.505460054951393],[102.70786659233782,4.5048703842214834],[102.70708927975198,4.5048703842214834],[102.70708927975198,4.505460054951393]]],[[[102.70864390492369,4.505460054951393],[102.70906117571154,4.505460054951393],[102.70864390492369,4.505099750546212],[102.70864390492369,4.505460054951393]]],[[[102.70942121750952,4.506049726146776],[102.70984977281586,4.506049726146776],[102.70942121750952,4.505729275102842],[102.70942121750952,4.506049726146776]]],[[[102.70786659233782,4.505460054951393],[102.70786659233782,4.506049726146776],[102.70864390492369,4.506049726146776],[102.70864390492369,4.505460054951393],[102.70786659233782,4.505460054951393]]],[[[102.71019853009535,4.506639397807693],[102.71063836992016,4.506639397807693],[102.71019853009535,4.506310508538512],[102.71019853009535,4.506639397807693]]],[[[102.70942121750952,4.506639397807693],[102.70942121750952,4.506049726146776],[102.70864390492369,4.506049726146776],[102.70864390492369,4.506639397807693],[102.70942121750952,4.506639397807693]]],[[[102.70942121750952,4.506639397807693],[102.70942121750952,4.50722906993421],[102.71019853009535,4.50722906993421],[102.71019853009535,4.506639397807693],[102.70942121750952,4.506639397807693]]],[[[102.71175315526703,4.537302967219834],[102.71175315526703,4.537892663642774],[102.71253046785287,4.537892663642774],[102.71253046785287,4.537302967219834],[102.71175315526703,4.537302967219834]]],[[[102.71175315526703,4.538482360534595],[102.71175315526703,4.537892663642774],[102.7109758426812,4.537892663642774],[102.7109758426812,4.538482360534595],[102.71175315526703,4.538482360534595]]],[[[102.71175315526703,4.538482360534595],[102.71175315526703,4.539072057895358],[102.71253046785287,4.539072057895358],[102.71253046785287,4.538482360534595],[102.71175315526703,4.538482360534595]]],[[[102.7109758426812,4.539661755725125],[102.7109758426812,4.539072057895358],[102.71019853009535,4.539072057895358],[102.71019853009535,4.539661755725125],[102.7109758426812,4.539661755725125]]],[[[102.7109758426812,4.539661755725125],[102.7109758426812,4.54025145402396],[102.71175315526703,4.54025145402396],[102.71175315526703,4.539661755725125],[102.7109758426812,4.539661755725125]]],[[[102.7109758426812,4.541430852029075],[102.7109758426812,4.54025145402396],[102.70942121750952,4.539661755725125],[102.70942121750952,4.540841152791923],[102.7109758426812,4.541430852029075]]],[[[102.70942121750952,4.542020551735479],[102.70942121750952,4.542610251911198],[102.71019853009535,4.542610251911198],[102.71019853009535,4.541430852029075],[102.70864390492369,4.540841152791923],[102.70864390492369,4.542020551735479],[102.70942121750952,4.542020551735479]]],[[[102.70786659233782,4.542610251911198],[102.70864390492369,4.542610251911198],[102.70864390492369,4.542020551735479],[102.70786659233782,4.542020551735479],[102.70786659233782,4.542610251911198]]],[[[102.70942121750952,4.542610251911198],[102.70864390492369,4.542610251911198],[102.70864390492369,4.543199952556294],[102.70942121750952,4.543199952556294],[102.70942121750952,4.542610251911198]]],[[[102.70786659233782,4.5479175746220255],[102.70864390492369,4.5479175746220255],[102.70864390492369,4.547327870219692],[102.70786659233782,4.547327870219692],[102.70786659233782,4.5479175746220255]]],[[[102.70942121750952,4.5479175746220255],[102.70864390492369,4.5479175746220255],[102.70864390492369,4.548507279494294],[102.70942121750952,4.548507279494294],[102.70942121750952,4.5479175746220255]]],[[[102.70708927975198,4.548507279494294],[102.70786659233782,4.548507279494294],[102.70786659233782,4.5479175746220255],[102.70708927975198,4.5479175746220255],[102.70708927975198,4.548507279494294]]],[[[102.70786659233782,4.549096984836558],[102.70864390492369,4.549096984836558],[102.70864390492369,4.548507279494294],[102.70786659233782,4.548507279494294],[102.70786659233782,4.549096984836558]]],[[[102.70631196716614,4.5921467484646294],[102.70708927975198,4.5921467484646294],[102.70708927975198,4.591557008645294],[102.70631196716614,4.591557008645294],[102.70631196716614,4.5921467484646294]]],[[[102.70708927975198,4.5921467484646294],[102.70708927975198,4.592736488758546],[102.70786659233782,4.592736488758546],[102.70786659233782,4.5921467484646294],[102.70708927975198,4.5921467484646294]]],[[[102.70553465458032,4.5921467484646294],[102.70553465458032,4.592736488758546],[102.70631196716614,4.592736488758546],[102.70631196716614,4.5921467484646294],[102.70553465458032,4.5921467484646294]]],[[[102.71019853009535,4.5921467484646294],[102.71019853009535,4.592736488758546],[102.7109758426812,4.592736488758546],[102.7109758426812,4.5921467484646294],[102.71019853009535,4.5921467484646294]]],[[[102.70631196716614,4.592736488758546],[102.70631196716614,4.593326229527107],[102.70708927975198,4.593326229527107],[102.70708927975198,4.592736488758546],[102.70631196716614,4.592736488758546]]],[[[102.7109758426812,4.592736488758546],[102.7109758426812,4.593326229527107],[102.71175315526703,4.593326229527107],[102.71175315526703,4.592736488758546],[102.7109758426812,4.592736488758546]]],[[[102.70942121750952,4.592736488758546],[102.70942121750952,4.593326229527107],[102.71019853009535,4.593326229527107],[102.71019853009535,4.592736488758546],[102.70942121750952,4.592736488758546]]],[[[102.70864390492369,4.593326229527107],[102.70864390492369,4.593915970770375],[102.70942121750952,4.593915970770375],[102.70942121750952,4.593326229527107],[102.70864390492369,4.593326229527107]]],[[[102.71019853009535,4.593915970770375],[102.7109758426812,4.593915970770375],[102.7109758426812,4.593326229527107],[102.71019853009535,4.593326229527107],[102.71019853009535,4.593915970770375]]],[[[102.70708927975198,4.594505712488409],[102.70786659233782,4.594505712488409],[102.70786659233782,4.593915970770375],[102.70708927975198,4.593915970770375],[102.70708927975198,4.594505712488409]]],[[[102.70942121750952,4.593915970770375],[102.70942121750952,4.594505712488409],[102.71019853009535,4.594505712488409],[102.71019853009535,4.593915970770375],[102.70942121750952,4.593915970770375]]],[[[102.70786659233782,4.594505712488409],[102.70786659233782,4.5950954546812754],[102.70864390492369,4.5950954546812754],[102.70864390492369,4.594505712488409],[102.70786659233782,4.594505712488409]]],[[[102.70631196716614,4.5950954546812754],[102.70708927975198,4.5950954546812754],[102.70708927975198,4.594505712488409],[102.70631196716614,4.594505712488409],[102.70631196716614,4.5950954546812754]]],[[[102.70786659233782,4.5950954546812754],[102.70708927975198,4.5950954546812754],[102.70708927975198,4.595685197349033],[102.70786659233782,4.595685197349033],[102.70786659233782,4.5950954546812754]]],[[[102.70320271682277,4.836340536365958],[102.70320271682277,4.836930478467962],[102.70398002940863,4.836930478467962],[102.70398002940863,4.836340536365958],[102.70320271682277,4.836340536365958]]],[[[102.70475734199448,4.83811036417308],[102.70475734199448,4.838700307776318],[102.70553465458032,4.838700307776318],[102.70553465458032,4.83811036417308],[102.70475734199448,4.83811036417308]]],[[[102.70553465458032,4.839290251880095],[102.70631196716614,4.839290251880095],[102.70631196716614,4.838700307776318],[102.70553465458032,4.838700307776318],[102.70553465458032,4.839290251880095]]],[[[102.70631196716614,4.83988019648447],[102.70708927975198,4.83988019648447],[102.70708927975198,4.839290251880095],[102.70631196716614,4.839290251880095],[102.70631196716614,4.83988019648447]]],[[[102.70631196716614,4.83988019648447],[102.70553465458032,4.83988019648447],[102.70553465458032,4.840470141589504],[102.70631196716614,4.840470141589504],[102.70631196716614,4.83988019648447]]],[[[102.70631196716614,4.841650033301806],[102.70708927975198,4.841650033301806],[102.70708927975198,4.840470141589504],[102.70631196716614,4.840470141589504],[102.70631196716614,4.841650033301806]]],[[[102.70786659233782,4.841650033301806],[102.70708927975198,4.841650033301806],[102.70708927975198,4.842829927017496],[102.70786659233782,4.842829927017496],[102.70786659233782,4.841650033301806]]],[[[102.70786659233782,4.844599771348474],[102.70864390492369,4.844599771348474],[102.70864390492369,4.842829927017496],[102.70786659233782,4.842829927017496],[102.70786659233782,4.844599771348474]]],[[[102.70864390492369,4.8451897204610335],[102.70942121750952,4.8451897204610335],[102.70942121750952,4.844599771348474],[102.70864390492369,4.844599771348474],[102.70864390492369,4.8451897204610335]]],[[[102.70320271682277,4.846959570806284],[102.70398002940863,4.846959570806284],[102.70398002940863,4.8451897204610335],[102.70475734199448,4.8451897204610335],[102.70475734199448,4.844599771348474],[102.70320271682277,4.844599771348474],[102.70320271682277,4.846959570806284]]],[[[102.70786659233782,4.8451897204610335],[102.70786659233782,4.846369620189877],[102.70864390492369,4.846369620189877],[102.70864390492369,4.8451897204610335],[102.70786659233782,4.8451897204610335]]],[[[102.70475734199448,4.8451897204610335],[102.70475734199448,4.846959570806284],[102.70553465458032,4.846959570806284],[102.70553465458032,4.8451897204610335],[102.70475734199448,4.8451897204610335]]],[[[102.70864390492369,4.846369620189877],[102.70864390492369,4.847549521924099],[102.71019853009535,4.847549521924099],[102.71019853009535,4.846959570806284],[102.70864390492369,4.846369620189877]]],[[[102.70553465458032,4.847549521924099],[102.70631196716614,4.847549521924099],[102.70631196716614,4.846959570806284],[102.70553465458032,4.846959570806284],[102.70553465458032,4.847549521924099]]],[[[102.70398002940863,4.848729425664199],[102.70553465458032,4.848139473543384],[102.70475734199448,4.846959570806284],[102.70398002940863,4.846959570806284],[102.70398002940863,4.848729425664199]]],[[[102.71019853009535,4.847549521924099],[102.71019853009535,4.848729425664199],[102.71175315526703,4.848729425664199],[102.71175315526703,4.848139473543384],[102.71019853009535,4.847549521924099]]],[[[102.70631196716614,4.848729425664199],[102.70631196716614,4.849319378286607],[102.70708927975198,4.849319378286607],[102.70708927975198,4.848139473543384],[102.70553465458032,4.848139473543384],[102.70553465458032,4.848729425664199],[102.70631196716614,4.848729425664199]]],[[[102.71175315526703,4.848729425664199],[102.71175315526703,4.8499093314106725],[102.71253046785287,4.8499093314106725],[102.71253046785287,4.848729425664199],[102.71175315526703,4.848729425664199]]],[[[102.70553465458032,4.849319378286607],[102.70553465458032,4.8499093314106725],[102.70631196716614,4.8499093314106725],[102.70631196716614,4.849319378286607],[102.70553465458032,4.849319378286607]]],[[[102.70475734199448,4.8499093314106725],[102.70475734199448,4.850499285036454],[102.70553465458032,4.850499285036454],[102.70553465458032,4.8499093314106725],[102.70475734199448,4.8499093314106725]]],[[[102.71019853009535,4.8510892391640175],[102.71019853009535,4.851679193793423],[102.7109758426812,4.851679193793423],[102.7109758426812,4.8510892391640175],[102.71019853009535,4.8510892391640175]]],[[[102.70631196716614,4.8499093314106725],[102.70631196716614,4.850499285036454],[102.70553465458032,4.850499285036454],[102.70553465458032,4.851679193793423],[102.70631196716614,4.851679193793423],[102.70631196716614,4.852859104558009],[102.70553465458032,4.852859104558009],[102.70553465458032,4.853449060693316],[102.70864390492369,4.852859104558009],[102.70864390492369,4.851679193793423],[102.70708927975198,4.851679193793423],[102.70708927975198,4.8499093314106725],[102.70631196716614,4.8499093314106725]]],[[[102.70475734199448,4.852269148924732],[102.70553465458032,4.852269148924732],[102.70553465458032,4.851679193793423],[102.70475734199448,4.851679193793423],[102.70475734199448,4.852269148924732]]],[[[102.70475734199448,4.852269148924732],[102.70398002940863,4.852269148924732],[102.70398002940863,4.853449060693316],[102.70475734199448,4.853449060693316],[102.70475734199448,4.852269148924732]]],[[[102.71019853009535,4.852269148924732],[102.71019853009535,4.853449060693316],[102.7109758426812,4.853449060693316],[102.7109758426812,4.852269148924732],[102.71019853009535,4.852269148924732]]],[[[102.70475734199448,4.853449060693316],[102.70475734199448,4.854039017330712],[102.70553465458032,4.854039017330712],[102.70553465458032,4.853449060693316],[102.70475734199448,4.853449060693316]]],[[[102.70320271682277,4.853449060693316],[102.70320271682277,4.854039017330712],[102.70398002940863,4.854039017330712],[102.70398002940863,4.853449060693316],[102.70320271682277,4.853449060693316]]],[[[102.70786659233782,4.854039017330712],[102.70786659233782,4.855218932112031],[102.70864390492369,4.855218932112031],[102.70864390492369,4.853449060693316],[102.70708927975198,4.853449060693316],[102.70708927975198,4.854039017330712],[102.70786659233782,4.854039017330712]]],[[[102.70398002940863,4.854039017330712],[102.70398002940863,4.854628974470263],[102.70475734199448,4.854628974470263],[102.70475734199448,4.854039017330712],[102.70398002940863,4.854039017330712]]],[[[102.7109758426812,4.854628974470263],[102.7109758426812,4.855218932112031],[102.71175315526703,4.855218932112031],[102.71175315526703,4.854628974470263],[102.7109758426812,4.854628974470263]]],[[[102.70864390492369,4.855218932112031],[102.70864390492369,4.855808890256074],[102.70942121750952,4.855808890256074],[102.70942121750952,4.855218932112031],[102.70864390492369,4.855218932112031]]],[[[102.70553465458032,4.856398848902457],[102.70708927975198,4.856398848902457],[102.70708927975198,4.855808890256074],[102.70553465458032,4.855808890256074],[102.70553465458032,4.856398848902457]]],[[[102.70786659233782,4.856398848902457],[102.70864390492369,4.856398848902457],[102.70864390492369,4.855808890256074],[102.70786659233782,4.855808890256074],[102.70786659233782,4.856398848902457]]],[[[102.70708927975198,4.856398848902457],[102.70708927975198,4.856988808051245],[102.70786659233782,4.856988808051245],[102.70786659233782,4.856398848902457],[102.70708927975198,4.856398848902457]]],[[[102.70475734199448,4.856398848902457],[102.70475734199448,4.8575787677024955],[102.70553465458032,4.8575787677024955],[102.70553465458032,4.856398848902457],[102.70475734199448,4.856398848902457]]],[[[102.70864390492369,4.8575787677024955],[102.71019853009535,4.858168727856273],[102.7109758426812,4.856988808051245],[102.70864390492369,4.856988808051245],[102.70864390492369,4.8575787677024955]]],[[[102.71253046785287,4.8575787677024955],[102.7109758426812,4.8575787677024955],[102.7109758426812,4.858168727856273],[102.71253046785287,4.858168727856273],[102.71253046785287,4.8575787677024955]]],[[[102.70475734199448,4.858168727856273],[102.70475734199448,4.858758688512639],[102.70631196716614,4.858758688512639],[102.70631196716614,4.8575787677024955],[102.70475734199448,4.858168727856273]]],[[[102.70786659233782,4.8575787677024955],[102.70786659233782,4.859348649671657],[102.70864390492369,4.859348649671657],[102.70864390492369,4.8575787677024955],[102.70786659233782,4.8575787677024955]]],[[[102.71019853009535,4.858168727856273],[102.71019853009535,4.858758688512639],[102.7109758426812,4.858758688512639],[102.7109758426812,4.858168727856273],[102.71019853009535,4.858168727856273]]],[[[102.70320271682277,4.859348649671657],[102.70475734199448,4.859348649671657],[102.70475734199448,4.858758688512639],[102.70320271682277,4.858758688512639],[102.70320271682277,4.859348649671657]]],[[[102.71175315526703,4.859938611333387],[102.71253046785287,4.859938611333387],[102.71253046785287,4.859348649671657],[102.71175315526703,4.859348649671657],[102.71175315526703,4.859938611333387]]],[[[102.70708927975198,4.859348649671657],[102.70708927975198,4.860528573497894],[102.70786659233782,4.860528573497894],[102.70786659233782,4.859348649671657],[102.70708927975198,4.859348649671657]]],[[[102.70864390492369,4.859938611333387],[102.70864390492369,4.860528573497894],[102.70942121750952,4.860528573497894],[102.70942121750952,4.859938611333387],[102.70864390492369,4.859938611333387]]],[[[102.70475734199448,4.859938611333387],[102.70475734199448,4.860528573497894],[102.70553465458032,4.860528573497894],[102.70553465458032,4.859938611333387],[102.70475734199448,4.859938611333387]]],[[[102.70475734199448,4.861118536165238],[102.70475734199448,4.860528573497894],[102.70320271682277,4.859938611333387],[102.70320271682277,4.861118536165238],[102.70475734199448,4.861118536165238]]],[[[102.70553465458032,4.860528573497894],[102.70553465458032,4.861118536165238],[102.70708927975198,4.861118536165238],[102.70708927975198,4.860528573497894],[102.70553465458032,4.860528573497894]]],[[[102.70786659233782,4.860528573497894],[102.70786659233782,4.861118536165238],[102.70864390492369,4.861118536165238],[102.70864390492369,4.860528573497894],[102.70786659233782,4.860528573497894]]],[[[102.71175315526703,4.861118536165238],[102.7109758426812,4.861118536165238],[102.7109758426812,4.8617084993354815],[102.71175315526703,4.8617084993354815],[102.71175315526703,4.861118536165238]]],[[[102.70864390492369,4.8617084993354815],[102.70942121750952,4.8617084993354815],[102.70942121750952,4.8622984630086865],[102.70786659233782,4.8622984630086865],[102.70786659233782,4.8628884271849175],[102.71019853009535,4.8628884271849175],[102.71019853009535,4.863478391864234],[102.7109758426812,4.863478391864234],[102.7109758426812,4.8622984630086865],[102.71019853009535,4.8622984630086865],[102.71019853009535,4.861118536165238],[102.7109758426812,4.861118536165238],[102.7109758426812,4.860528573497894],[102.70942121750952,4.860528573497894],[102.70864390492369,4.8617084993354815]]],[[[102.70786659233782,4.8628884271849175],[102.70708927975198,4.8628884271849175],[102.70708927975198,4.863478391864234],[102.70786659233782,4.863478391864234],[102.70786659233782,4.8628884271849175]]],[[[102.70942121750952,4.8640683570467],[102.70942121750952,4.864658322732376],[102.71019853009535,4.864658322732376],[102.71019853009535,4.863478391864234],[102.70786659233782,4.863478391864234],[102.70786659233782,4.8640683570467],[102.70942121750952,4.8640683570467]]],[[[102.71175315526703,4.863478391864234],[102.71175315526703,4.864658322732376],[102.71253046785287,4.864658322732376],[102.71330778043873,4.863478391864234],[102.71175315526703,4.863478391864234]]],[[[102.70864390492369,4.864658322732376],[102.70864390492369,4.865838255613611],[102.70942121750952,4.865838255613611],[102.70942121750952,4.864658322732376],[102.70864390492369,4.864658322732376]]],[[[102.7109758426812,4.865838255613611],[102.7109758426812,4.866428222809294],[102.71175315526703,4.866428222809294],[102.71175315526703,4.865248288921326],[102.71019853009535,4.865248288921326],[102.71019853009535,4.865838255613611],[102.7109758426812,4.865838255613611]]],[[[102.70942121750952,4.866428222809294],[102.71019853009535,4.866428222809294],[102.71019853009535,4.865838255613611],[102.70942121750952,4.865838255613611],[102.70942121750952,4.866428222809294]]],[[[102.7109758426812,4.866428222809294],[102.71019853009535,4.866428222809294],[102.71019853009535,4.867018190508436],[102.7109758426812,4.867018190508436],[102.7109758426812,4.866428222809294]]],[[[102.70708927975198,4.867018190508436],[102.70786659233782,4.867018190508436],[102.70786659233782,4.866428222809294],[102.70708927975198,4.866428222809294],[102.70708927975198,4.867018190508436]]],[[[102.70942121750952,4.8676081587111],[102.71019853009535,4.8676081587111],[102.71019853009535,4.867018190508436],[102.70942121750952,4.867018190508436],[102.70942121750952,4.8676081587111]]],[[[102.70786659233782,4.8676081587111],[102.70864390492369,4.8676081587111],[102.70864390492369,4.867018190508436],[102.70786659233782,4.867018190508436],[102.70786659233782,4.8676081587111]]],[[[102.7109758426812,4.867018190508436],[102.7109758426812,4.8676081587111],[102.71175315526703,4.8676081587111],[102.71175315526703,4.867018190508436],[102.7109758426812,4.867018190508436]]],[[[102.7109758426812,4.868198127417349],[102.7109758426812,4.8676081587111],[102.71019853009535,4.8676081587111],[102.71019853009535,4.868198127417349],[102.7109758426812,4.868198127417349]]],[[[102.70786659233782,4.869378066340849],[102.70786659233782,4.8676081587111],[102.70631196716614,4.867018190508436],[102.70553465458032,4.868198127417349],[102.70708927975198,4.868198127417349],[102.70708927975198,4.869378066340849],[102.70786659233782,4.869378066340849]]],[[[102.70942121750952,4.868198127417349],[102.70942121750952,4.868788096627244],[102.71019853009535,4.868788096627244],[102.71019853009535,4.868198127417349],[102.70942121750952,4.868198127417349]]],[[[102.70398002940863,4.868788096627244],[102.70398002940863,4.869378066340849],[102.70553465458032,4.869378066340849],[102.70553465458032,4.868198127417349],[102.70398002940863,4.868788096627244]]],[[[102.71019853009535,4.868788096627244],[102.71019853009535,4.869968036558225],[102.7109758426812,4.869968036558225],[102.71175315526703,4.868788096627244],[102.71019853009535,4.868788096627244]]],[[[102.70786659233782,4.871147978504534],[102.70864390492369,4.871147978504534],[102.70864390492369,4.869378066340849],[102.70786659233782,4.869378066340849],[102.70786659233782,4.871147978504534]]],[[[102.71019853009535,4.871737950233596],[102.7109758426812,4.871737950233596],[102.7109758426812,4.871147978504534],[102.71019853009535,4.871147978504534],[102.71019853009535,4.871737950233596]]],[[[102.70864390492369,4.871737950233596],[102.70942121750952,4.871737950233596],[102.70942121750952,4.871147978504534],[102.70864390492369,4.871147978504534],[102.70864390492369,4.871737950233596]]],[[[102.7109758426812,4.871737950233596],[102.7109758426812,4.872327922466676],[102.71175315526703,4.872327922466676],[102.71175315526703,4.871737950233596],[102.7109758426812,4.871737950233596]]],[[[102.70942121750952,4.871737950233596],[102.70942121750952,4.872917895203838],[102.71019853009535,4.872917895203838],[102.71019853009535,4.871737950233596],[102.70942121750952,4.871737950233596]]],[[[102.71019853009535,4.872917895203838],[102.71019853009535,4.874097842190658],[102.7109758426812,4.874097842190658],[102.7109758426812,4.872917895203838],[102.71019853009535,4.872917895203838]]],[[[102.71408509302456,4.512536140034965],[102.71408509302456,4.513125816820863],[102.7148624056104,4.513125816820863],[102.7148624056104,4.512536140034965],[102.71408509302456,4.512536140034965]]],[[[102.71330778043873,4.513125816820863],[102.71330778043873,4.513715494073041],[102.71408509302456,4.513715494073041],[102.71408509302456,4.513125816820863],[102.71330778043873,4.513125816820863]]],[[[102.7148624056104,4.513125816820863],[102.7148624056104,4.513705953779838],[102.71528425663055,4.513125816820863],[102.7148624056104,4.513125816820863]]],[[[102.71408509302456,4.513715494073041],[102.71408509302456,4.514305171791558],[102.71462355134005,4.514305171791558],[102.71485475082369,4.513715494073041],[102.71408509302456,4.513715494073041]]],[[[102.7148624056104,4.516663887330277],[102.71563971819623,4.516663887330277],[102.71529451217602,4.516074207745776],[102.7148624056104,4.516074207745776],[102.7148624056104,4.516663887330277]]],[[[102.7148624056104,4.516663887330277],[102.71408509302456,4.516663887330277],[102.71408509302456,4.517253567381428],[102.7148624056104,4.517253567381428],[102.7148624056104,4.516663887330277]]],[[[102.71563971819623,4.516663887330277],[102.71563971819623,4.517253567381428],[102.7158283213918,4.517253567381428],[102.7159313,4.517062895063765],[102.71563971819623,4.516663887330277]]],[[[102.7148624056104,4.5178432478992905],[102.71563971819623,4.517253567381428],[102.7148624056104,4.517253567381428],[102.7148624056104,4.5178432478992905]]],[[[102.7148624056104,4.5196122922537745],[102.71551113938891,4.5196122922537745],[102.71528762701219,4.519022610335401],[102.7148624056104,4.519022610335401],[102.7148624056104,4.5196122922537745]]],[[[102.71563971819623,4.5202019746391064],[102.71615004331588,4.5202019746391064],[102.71563971819623,4.51973096523516],[102.71563971819623,4.5202019746391064]]],[[[102.71408509302456,4.5202019746391064],[102.7148624056104,4.5202019746391064],[102.7148624056104,4.5196122922537745],[102.71408509302456,4.5196122922537745],[102.71408509302456,4.5202019746391064]]],[[[102.7148624056104,4.5202019746391064],[102.7148624056104,4.52079165749146],[102.71563971819623,4.52079165749146],[102.71563971819623,4.5202019746391064],[102.7148624056104,4.5202019746391064]]],[[[102.71641703078208,4.52079165749146],[102.7169107391179,4.52079165749146],[102.71641703078208,4.520436189024842],[102.71641703078208,4.52079165749146]]],[[[102.71563971819623,4.521381340810898],[102.71641703078208,4.521381340810898],[102.71641703078208,4.52079165749146],[102.71563971819623,4.52079165749146],[102.71563971819623,4.521381340810898]]],[[[102.71719434336792,4.521381340810898],[102.71772974674543,4.521381340810898],[102.71719434336792,4.520995851746348],[102.71719434336792,4.521381340810898]]],[[[102.71719434336792,4.521381340810898],[102.71641703078208,4.521381340810898],[102.71641703078208,4.521971024597483],[102.71719434336792,4.521971024597483],[102.71719434336792,4.521381340810898]]],[[[102.72185821888297,4.526542558775338],[102.72263553146881,4.526688511714846],[102.72263553146881,4.526252743733307],[102.72185821888297,4.526542558775338]]],[[[102.72185821888297,4.52727819970853],[102.72185821888297,4.526688511714846],[102.72108090629713,4.526887495053532],[102.72108090629713,4.52727819970853],[102.72185821888297,4.52727819970853]]],[[[102.72108090629713,4.529047266496426],[102.72185821888297,4.529047266496426],[102.72185821888297,4.52845757709926],[102.72108090629713,4.52845757709926],[102.72108090629713,4.529047266496426]]],[[[102.72185821888297,4.529047266496426],[102.72185821888297,4.5291744154605045],[102.72196664293473,4.529047266496426],[102.72185821888297,4.529047266496426]]],[[[102.72030359371128,4.529636956361545],[102.72108090629713,4.529636956361545],[102.72108090629713,4.529047266496426],[102.72030359371128,4.529047266496426],[102.72030359371128,4.529636956361545]]],[[[102.72108090629713,4.529636956361545],[102.72108090629713,4.529923359494368],[102.72140924146726,4.529636956361545],[102.72108090629713,4.529636956361545]]],[[[102.71952628112544,4.531406028765229],[102.72010531643782,4.531406028765229],[102.71952628112544,4.53097313881629],[102.71952628112544,4.531406028765229]]],[[[102.7187489685396,4.5319957205027706],[102.71952628112544,4.5319957205027706],[102.71952628112544,4.531406028765229],[102.7187489685396,4.531406028765229],[102.7187489685396,4.5319957205027706]]],[[[102.72030359371128,4.5319957205027706],[102.72074991157396,4.5319957205027706],[102.72030359371128,4.531554261991283],[102.72030359371128,4.5319957205027706]]],[[[102.72108090629713,4.532585412708573],[102.72118372990872,4.532585412708573],[102.72108090629713,4.532445643833368],[102.72108090629713,4.532585412708573]]],[[[102.71952628112544,4.5319957205027706],[102.71952628112544,4.532585412708573],[102.72030359371128,4.532585412708573],[102.72030359371128,4.5319957205027706],[102.71952628112544,4.5319957205027706]]],[[[102.72030359371128,4.532585412708573],[102.72030359371128,4.533175105382701],[102.72108090629713,4.533175105382701],[102.72108090629713,4.532585412708573],[102.72030359371128,4.532585412708573]]],[[[102.72030359371128,4.533764798525213],[102.72030359371128,4.534354492136171],[102.72108090629713,4.534354492136171],[102.72108090629713,4.533764798525213],[102.72030359371128,4.533764798525213]]],[[[102.72108090629713,4.534354492136171],[102.72108090629713,4.534944186215639],[102.72185821888297,4.534944186215639],[102.72185821888297,4.534354492136171],[102.72108090629713,4.534354492136171]]],[[[102.71797165595378,4.534354492136171],[102.71797165595378,4.534944186215639],[102.72108090629713,4.535533880763675],[102.72030359371128,4.534354492136171],[102.71797165595378,4.534354492136171]]],[[[102.71641703078208,4.535533880763675],[102.71797165595378,4.535533880763675],[102.71797165595378,4.534944186215639],[102.71641703078208,4.534944186215639],[102.71641703078208,4.535533880763675]]],[[[102.71797165595378,4.536123575780347],[102.71952628112544,4.536123575780347],[102.71952628112544,4.535533880763675],[102.71797165595378,4.535533880763675],[102.71797165595378,4.536123575780347]]],[[[102.7148624056104,4.536123575780347],[102.71641703078208,4.536123575780347],[102.71641703078208,4.535533880763675],[102.7148624056104,4.535533880763675],[102.7148624056104,4.536123575780347]]],[[[102.71408509302456,4.536123575780347],[102.71408509302456,4.536713271265713],[102.7148624056104,4.536713271265713],[102.7148624056104,4.536123575780347],[102.71408509302456,4.536123575780347]]],[[[102.71641703078208,4.536123575780347],[102.71641703078208,4.536713271265713],[102.71797165595378,4.536713271265713],[102.71797165595378,4.536123575780347],[102.71641703078208,4.536123575780347]]],[[[102.7148624056104,4.536713271265713],[102.7148624056104,4.537302967219834],[102.71641703078208,4.537302967219834],[102.71641703078208,4.536713271265713],[102.7148624056104,4.536713271265713]]],[[[102.71253046785287,4.537892663642774],[102.71253046785287,4.538482360534595],[102.71330778043873,4.538482360534595],[102.71330778043873,4.537892663642774],[102.71253046785287,4.537892663642774]]],[[[102.71563971819623,4.604531394394593],[102.71563971819623,4.605121144669054],[102.71641703078208,4.605121144669054],[102.71641703078208,4.604531394394593],[102.71563971819623,4.604531394394593]]],[[[102.71563971819623,4.605710895419462],[102.71563971819623,4.605121144669054],[102.7148624056104,4.605121144669054],[102.7148624056104,4.605710895419462],[102.71563971819623,4.605710895419462]]],[[[102.71641703078208,4.605121144669054],[102.71641703078208,4.605710895419462],[102.71719434336792,4.605710895419462],[102.71719434336792,4.605121144669054],[102.71641703078208,4.605121144669054]]],[[[102.71563971819623,4.6063006466458765],[102.71641703078208,4.6063006466458765],[102.71641703078208,4.605710895419462],[102.71563971819623,4.605710895419462],[102.71563971819623,4.6063006466458765]]],[[[102.72030359371128,4.842829927017496],[102.72108090629713,4.842829927017496],[102.72108090629713,4.842239979909197],[102.72030359371128,4.842239979909197],[102.72030359371128,4.842829927017496]]],[[[102.72108090629713,4.843419874626768],[102.72185821888297,4.843419874626768],[102.72185821888297,4.842829927017496],[102.72108090629713,4.842829927017496],[102.72108090629713,4.843419874626768]]],[[[102.72263553146881,4.843419874626768],[102.72185821888297,4.843419874626768],[102.72185821888297,4.844009822737073],[102.72263553146881,4.844009822737073],[102.72263553146881,4.843419874626768]]],[[[102.71952628112544,4.842829927017496],[102.71952628112544,4.8451897204610335],[102.72030359371128,4.8451897204610335],[102.72030359371128,4.842829927017496],[102.71952628112544,4.842829927017496]]],[[[102.72263553146881,4.844009822737073],[102.72263553146881,4.8451897204610335],[102.72341284405465,4.8451897204610335],[102.72341284405465,4.844009822737073],[102.72263553146881,4.844009822737073]]],[[[102.72030359371128,4.845779670074815],[102.72108090629713,4.845779670074815],[102.72108090629713,4.8451897204610335],[102.72030359371128,4.8451897204610335],[102.72030359371128,4.845779670074815]]],[[[102.72185821888297,4.845779670074815],[102.72108090629713,4.845779670074815],[102.72108090629713,4.846369620189877],[102.72185821888297,4.846369620189877],[102.72185821888297,4.845779670074815]]],[[[102.72030359371128,4.847549521924099],[102.72108090629713,4.847549521924099],[102.72108090629713,4.846369620189877],[102.72030359371128,4.846369620189877],[102.72030359371128,4.847549521924099]]],[[[102.72185821888297,4.848139473543384],[102.72185821888297,4.847549521924099],[102.72108090629713,4.847549521924099],[102.72108090629713,4.848139473543384],[102.72185821888297,4.848139473543384]]],[[[102.72185821888297,4.848139473543384],[102.72185821888297,4.851679193793423],[102.72263553146881,4.851679193793423],[102.72263553146881,4.848139473543384],[102.72185821888297,4.848139473543384]]],[[[102.71253046785287,4.8499093314106725],[102.71253046785287,4.850499285036454],[102.71330778043873,4.850499285036454],[102.71330778043873,4.8499093314106725],[102.71253046785287,4.8499093314106725]]],[[[102.71253046785287,4.851679193793423],[102.71253046785287,4.850499285036454],[102.71175315526703,4.850499285036454],[102.71175315526703,4.852269148924732],[102.71330778043873,4.852269148924732],[102.71330778043873,4.851679193793423],[102.71253046785287,4.851679193793423]]],[[[102.72263553146881,4.851679193793423],[102.72263553146881,4.853449060693316],[102.72341284405465,4.853449060693316],[102.72341284405465,4.851679193793423],[102.72263553146881,4.851679193793423]]],[[[102.71330778043873,4.852269148924732],[102.71330778043873,4.854628974470263],[102.7148624056104,4.854628974470263],[102.7148624056104,4.854039017330712],[102.71408509302456,4.854039017330712],[102.71408509302456,4.852269148924732],[102.71330778043873,4.852269148924732]]],[[[102.7148624056104,4.854628974470263],[102.7148624056104,4.856398848902457],[102.71563971819623,4.856398848902457],[102.71563971819623,4.854628974470263],[102.7148624056104,4.854628974470263]]],[[[102.72108090629713,4.855808890256074],[102.72108090629713,4.856398848902457],[102.72341284405465,4.856398848902457],[102.72341284405465,4.855808890256074],[102.72108090629713,4.855808890256074]]],[[[102.72030359371128,4.856398848902457],[102.72030359371128,4.8575787677024955],[102.72108090629713,4.8575787677024955],[102.72108090629713,4.856398848902457],[102.72030359371128,4.856398848902457]]],[[[102.71563971819623,4.858168727856273],[102.71641703078208,4.858168727856273],[102.71641703078208,4.856398848902457],[102.71563971819623,4.856398848902457],[102.71563971819623,4.858168727856273]]],[[[102.71719434336792,4.858168727856273],[102.71797165595378,4.858168727856273],[102.71797165595378,4.8575787677024955],[102.71719434336792,4.8575787677024955],[102.71719434336792,4.858168727856273]]],[[[102.71641703078208,4.858168727856273],[102.71641703078208,4.858758688512639],[102.71719434336792,4.858758688512639],[102.71719434336792,4.858168727856273],[102.71641703078208,4.858168727856273]]],[[[102.71253046785287,4.858168727856273],[102.71253046785287,4.859348649671657],[102.71330778043873,4.859348649671657],[102.71330778043873,4.858168727856273],[102.71253046785287,4.858168727856273]]],[[[102.71952628112544,4.860528573497894],[102.7187489685396,4.860528573497894],[102.7187489685396,4.861118536165238],[102.72030359371128,4.861118536165238],[102.72030359371128,4.8575787677024955],[102.71952628112544,4.8575787677024955],[102.71952628112544,4.860528573497894]]],[[[102.71797165595378,4.860528573497894],[102.7187489685396,4.860528573497894],[102.7187489685396,4.858168727856273],[102.71797165595378,4.858168727856273],[102.71797165595378,4.860528573497894]]],[[[102.71253046785287,4.859938611333387],[102.71253046785287,4.860528573497894],[102.71330778043873,4.860528573497894],[102.71330778043873,4.859938611333387],[102.71253046785287,4.859938611333387]]],[[[102.72185821888297,4.858758688512639],[102.72108090629713,4.8617084993354815],[102.72185821888297,4.8617084993354815],[102.72185821888297,4.8628884271849175],[102.72263553146881,4.8628884271849175],[102.72263553146881,4.858758688512639],[102.72185821888297,4.858758688512639]]],[[[102.71330778043873,4.860528573497894],[102.71330778043873,4.8617084993354815],[102.71408509302456,4.8617084993354815],[102.71408509302456,4.860528573497894],[102.71330778043873,4.860528573497894]]],[[[102.71175315526703,4.8628884271849175],[102.71330778043873,4.8628884271849175],[102.71330778043873,4.8617084993354815],[102.71175315526703,4.8617084993354815],[102.71175315526703,4.8628884271849175]]],[[[102.71563971819623,4.863478391864234],[102.71408509302456,4.863478391864234],[102.71408509302456,4.865248288921326],[102.71563971819623,4.865248288921326],[102.7148624056104,4.8640683570467],[102.71641703078208,4.8640683570467],[102.71641703078208,4.863478391864234],[102.71719434336792,4.863478391864234],[102.71719434336792,4.860528573497894],[102.71641703078208,4.860528573497894],[102.71641703078208,4.8617084993354815],[102.71563971819623,4.8617084993354815],[102.71563971819623,4.863478391864234]]],[[[102.71330778043873,4.8628884271849175],[102.71330778043873,4.863478391864234],[102.71408509302456,4.863478391864234],[102.71408509302456,4.8628884271849175],[102.71330778043873,4.8628884271849175]]],[[[102.71797165595378,4.8628884271849175],[102.71797165595378,4.863478391864234],[102.7187489685396,4.863478391864234],[102.7187489685396,4.8628884271849175],[102.71797165595378,4.8628884271849175]]],[[[102.71719434336792,4.863478391864234],[102.71719434336792,4.8640683570467],[102.71797165595378,4.8640683570467],[102.71797165595378,4.863478391864234],[102.71719434336792,4.863478391864234]]],[[[102.7187489685396,4.863478391864234],[102.7187489685396,4.864658322732376],[102.71952628112544,4.864658322732376],[102.71952628112544,4.863478391864234],[102.7187489685396,4.863478391864234]]],[[[102.71641703078208,4.8640683570467],[102.71641703078208,4.864658322732376],[102.71719434336792,4.864658322732376],[102.71719434336792,4.8640683570467],[102.71641703078208,4.8640683570467]]],[[[102.71952628112544,4.864658322732376],[102.71952628112544,4.865248288921326],[102.72185821888297,4.865248288921326],[102.72185821888297,4.864658322732376],[102.71952628112544,4.864658322732376]]],[[[102.71253046785287,4.864658322732376],[102.71253046785287,4.865838255613611],[102.71408509302456,4.865838255613611],[102.71408509302456,4.865248288921326],[102.71253046785287,4.864658322732376]]],[[[102.7187489685396,4.865248288921326],[102.7187489685396,4.864658322732376],[102.71719434336792,4.864658322732376],[102.71719434336792,4.866428222809294],[102.71797165595378,4.866428222809294],[102.71797165595378,4.865248288921326],[102.7187489685396,4.865248288921326]]],[[[102.7187489685396,4.865248288921326],[102.7187489685396,4.865838255613611],[102.71952628112544,4.865838255613611],[102.71952628112544,4.865248288921326],[102.7187489685396,4.865248288921326]]],[[[102.72341284405465,4.865838255613611],[102.72341284405465,4.866428222809294],[102.72419015664049,4.866428222809294],[102.72419015664049,4.865248288921326],[102.72185821888297,4.865248288921326],[102.72185821888297,4.865838255613611],[102.72341284405465,4.865838255613611]]],[[[102.71797165595378,4.866428222809294],[102.71797165595378,4.869378066340849],[102.7187489685396,4.869378066340849],[102.7187489685396,4.866428222809294],[102.71797165595378,4.866428222809294]]],[[[102.72263553146881,4.868198127417349],[102.72341284405465,4.868198127417349],[102.72341284405465,4.8676081587111],[102.72263553146881,4.8676081587111],[102.72263553146881,4.868198127417349]]],[[[102.72263553146881,4.868788096627244],[102.72263553146881,4.868198127417349],[102.72030359371128,4.868198127417349],[102.72030359371128,4.868788096627244],[102.72263553146881,4.868788096627244]]],[[[102.72263553146881,4.868788096627244],[102.72263553146881,4.869378066340849],[102.72419015664049,4.869378066340849],[102.72419015664049,4.868198127417349],[102.72263553146881,4.868788096627244]]],[[[102.71952628112544,4.868788096627244],[102.71952628112544,4.869378066340849],[102.72030359371128,4.869378066340849],[102.72030359371128,4.868788096627244],[102.71952628112544,4.868788096627244]]],[[[102.71952628112544,4.869968036558225],[102.71952628112544,4.869378066340849],[102.7187489685396,4.869378066340849],[102.7187489685396,4.869968036558225],[102.71952628112544,4.869968036558225]]],[[[102.72030359371128,4.869378066340849],[102.72030359371128,4.869968036558225],[102.72108090629713,4.869968036558225],[102.72108090629713,4.869378066340849],[102.72030359371128,4.869378066340849]]],[[[102.71952628112544,4.87055800727943],[102.72030359371128,4.87055800727943],[102.72030359371128,4.869968036558225],[102.71952628112544,4.869968036558225],[102.71952628112544,4.87055800727943]]],[[[102.71175315526703,4.87055800727943],[102.71330778043873,4.87055800727943],[102.71408509302456,4.869378066340849],[102.7109758426812,4.869968036558225],[102.7109758426812,4.871147978504534],[102.71175315526703,4.871147978504534],[102.71175315526703,4.87055800727943]]],[[[102.71797165595378,4.869968036558225],[102.71797165595378,4.871147978504534],[102.71952628112544,4.871147978504534],[102.71952628112544,4.87055800727943],[102.71797165595378,4.869968036558225]]],[[[102.72263553146881,4.87055800727943],[102.72263553146881,4.871737950233596],[102.72341284405465,4.871737950233596],[102.72419015664049,4.87055800727943],[102.72263553146881,4.87055800727943]]],[[[102.72185821888297,4.872917895203838],[102.72185821888297,4.873507868445145],[102.72263553146881,4.873507868445145],[102.72263553146881,4.872327922466676],[102.72185821888297,4.872327922466676],[102.72185821888297,4.869968036558225],[102.72108090629713,4.869968036558225],[102.72108090629713,4.87055800727943],[102.72030359371128,4.87055800727943],[102.72030359371128,4.871737950233596],[102.72108090629713,4.871737950233596],[102.72108090629713,4.872917895203838],[102.72185821888297,4.872917895203838]]],[[[102.71408509302456,4.871737950233596],[102.71408509302456,4.872327922466676],[102.7148624056104,4.872327922466676],[102.7148624056104,4.871737950233596],[102.71408509302456,4.871737950233596]]],[[[102.72341284405465,4.871737950233596],[102.72341284405465,4.872327922466676],[102.72419015664049,4.872327922466676],[102.72419015664049,4.871737950233596],[102.72341284405465,4.871737950233596]]],[[[102.71175315526703,4.872327922466676],[102.71175315526703,4.872917895203838],[102.71408509302456,4.872917895203838],[102.71408509302456,4.872327922466676],[102.71175315526703,4.872327922466676]]],[[[102.71408509302456,4.873507868445145],[102.71563971819623,4.873507868445145],[102.71563971819623,4.872917895203838],[102.71408509302456,4.872917895203838],[102.71408509302456,4.873507868445145]]],[[[102.71563971819623,4.874097842190658],[102.71641703078208,4.874097842190658],[102.71641703078208,4.873507868445145],[102.71563971819623,4.873507868445145],[102.71563971819623,4.874097842190658]]],[[[102.7109758426812,4.874687816440439],[102.71408509302456,4.874687816440439],[102.71408509302456,4.874097842190658],[102.7109758426812,4.874097842190658],[102.7109758426812,4.874687816440439]]],[[[102.7148624056104,4.874097842190658],[102.7148624056104,4.874687816440439],[102.71563971819623,4.874687816440439],[102.71563971819623,4.874097842190658],[102.7148624056104,4.874097842190658]]],[[[102.71719434336792,4.874097842190658],[102.71719434336792,4.874687816440439],[102.71797165595378,4.874687816440439],[102.71797165595378,4.874097842190658],[102.71719434336792,4.874097842190658]]],[[[102.71408509302456,4.874687816440439],[102.71408509302456,4.875277791194552],[102.7148624056104,4.875277791194552],[102.7148624056104,4.874687816440439],[102.71408509302456,4.874687816440439]]],[[[102.71563971819623,4.874687816440439],[102.71563971819623,4.875277791194552],[102.71641703078208,4.875277791194552],[102.71641703078208,4.874687816440439],[102.71563971819623,4.874687816440439]]],[[[102.71641703078208,4.875277791194552],[102.71641703078208,4.875867766453057],[102.71719434336792,4.875867766453057],[102.71719434336792,4.875277791194552],[102.71641703078208,4.875277791194552]]],[[[102.7148624056104,4.875277791194552],[102.7148624056104,4.876457742216018],[102.71563971819623,4.876457742216018],[102.71563971819623,4.875277791194552],[102.7148624056104,4.875277791194552]]],[[[102.71719434336792,4.875867766453057],[102.71719434336792,4.877047718483497],[102.71797165595378,4.877047718483497],[102.7187489685396,4.875867766453057],[102.71719434336792,4.875867766453057]]],[[[102.71641703078208,4.876457742216018],[102.71563971819623,4.876457742216018],[102.71563971819623,4.877637695255555],[102.71719434336792,4.8782276725322555],[102.71719434336792,4.877047718483497],[102.71641703078208,4.877047718483497],[102.71641703078208,4.876457742216018]]],[[[102.71408509302456,4.877047718483497],[102.71388245092103,4.877047718483497],[102.71408509302456,4.8773229365946875],[102.71408509302456,4.877047718483497]]],[[[102.72729940698386,4.602762146426264],[102.7280767195697,4.602762146426264],[102.7280767195697,4.602172398054967],[102.72729940698386,4.602172398054967],[102.72729940698386,4.602762146426264]]],[[[102.72885403215554,4.602762146426264],[102.7280767195697,4.602762146426264],[102.7280767195697,4.603941644596015],[102.72885403215554,4.603941644596015],[102.72885403215554,4.602762146426264]]],[[[102.72652209439802,4.603941644596015],[102.72729940698386,4.603941644596015],[102.72729940698386,4.602762146426264],[102.72652209439802,4.602762146426264],[102.72652209439802,4.603941644596015]]],[[[102.7280767195697,4.603941644596015],[102.72729940698386,4.603941644596015],[102.72729940698386,4.604531394394593],[102.7280767195697,4.604531394394593],[102.7280767195697,4.603941644596015]]],[[[102.73429522025643,4.6086596563128595],[102.73507253284227,4.6086596563128595],[102.73507253284227,4.608069903181792],[102.73429522025643,4.608069903181792],[102.73429522025643,4.6086596563128595]]],[[[102.7358498454281,4.6086596563128595],[102.73507253284227,4.6086596563128595],[102.73507253284227,4.609249409920246],[102.7358498454281,4.609249409920246],[102.7358498454281,4.6086596563128595]]],[[[102.73351790767059,4.609249409920246],[102.73429522025643,4.609249409920246],[102.73429522025643,4.6086596563128595],[102.73351790767059,4.6086596563128595],[102.73351790767059,4.609249409920246]]],[[[102.73429522025643,4.609839164004011],[102.73507253284227,4.609839164004011],[102.73507253284227,4.609249409920246],[102.73429522025643,4.609249409920246],[102.73429522025643,4.609839164004011]]],[[[102.7280767195697,4.830441142851476],[102.72885403215554,4.830441142851476],[102.72885403215554,4.829851206249215],[102.7280767195697,4.829851206249215],[102.7280767195697,4.830441142851476]]],[[[102.72885403215554,4.830441142851476],[102.72885403215554,4.831031079953402],[102.72963134474138,4.831031079953402],[102.72963134474138,4.830441142851476],[102.72885403215554,4.830441142851476]]],[[[102.72729940698386,4.830441142851476],[102.72729940698386,4.831031079953402],[102.7280767195697,4.831031079953402],[102.7280767195697,4.830441142851476],[102.72729940698386,4.830441142851476]]],[[[102.7280767195697,4.831031079953402],[102.7280767195697,4.831621017555056],[102.72885403215554,4.831621017555056],[102.72885403215554,4.831031079953402],[102.7280767195697,4.831031079953402]]],[[[102.73040865732722,4.8322109556565005],[102.73040865732722,4.832800894257798],[102.73118596991307,4.832800894257798],[102.73118596991307,4.8322109556565005],[102.73040865732722,4.8322109556565005]]],[[[102.72496746922633,4.8322109556565005],[102.72496746922633,4.832800894257798],[102.72574478181217,4.832800894257798],[102.72574478181217,4.8322109556565005],[102.72496746922633,4.8322109556565005]]],[[[102.73429522025643,4.8322109556565005],[102.73429522025643,4.832800894257798],[102.73507253284227,4.832800894257798],[102.73507253284227,4.8322109556565005],[102.73429522025643,4.8322109556565005]]],[[[102.72419015664049,4.832800894257798],[102.72419015664049,4.833390833359008],[102.72496746922633,4.833390833359008],[102.72496746922633,4.832800894257798],[102.72419015664049,4.832800894257798]]],[[[102.73507253284227,4.833390833359008],[102.7358498454281,4.833390833359008],[102.7358498454281,4.832800894257798],[102.73507253284227,4.832800894257798],[102.73507253284227,4.833390833359008]]],[[[102.73351790767059,4.833390833359008],[102.73429522025643,4.833390833359008],[102.73429522025643,4.832800894257798],[102.73351790767059,4.832800894257798],[102.73351790767059,4.833390833359008]]],[[[102.72963134474138,4.832800894257798],[102.72963134474138,4.833390833359008],[102.73040865732722,4.833390833359008],[102.73040865732722,4.832800894257798],[102.72963134474138,4.832800894257798]]],[[[102.73118596991307,4.832800894257798],[102.73118596991307,4.833390833359008],[102.7319632824989,4.833390833359008],[102.7319632824989,4.832800894257798],[102.73118596991307,4.832800894257798]]],[[[102.72574478181217,4.8345707130614235],[102.72574478181217,4.833980772960196],[102.72729940698386,4.833980772960196],[102.72652209439802,4.832800894257798],[102.72496746922633,4.833390833359008],[102.72496746922633,4.8345707130614235],[102.72574478181217,4.8345707130614235]]],[[[102.73429522025643,4.833390833359008],[102.73429522025643,4.833980772960196],[102.73507253284227,4.833980772960196],[102.73507253284227,4.833390833359008],[102.73429522025643,4.833390833359008]]],[[[102.73040865732722,4.833390833359008],[102.73040865732722,4.8345707130614235],[102.73118596991307,4.8345707130614235],[102.73118596991307,4.833390833359008],[102.73040865732722,4.833390833359008]]],[[[102.72729940698386,4.833980772960196],[102.72729940698386,4.8345707130614235],[102.7280767195697,4.8345707130614235],[102.7280767195697,4.833980772960196],[102.72729940698386,4.833980772960196]]],[[[102.73662715801395,4.8345707130614235],[102.73662715801395,4.835160653662751],[102.7374044705998,4.835160653662751],[102.7374044705998,4.8345707130614235],[102.73662715801395,4.8345707130614235]]],[[[102.72574478181217,4.835160653662751],[102.72652209439802,4.835160653662751],[102.72652209439802,4.8345707130614235],[102.72574478181217,4.8345707130614235],[102.72574478181217,4.835160653662751]]],[[[102.72963134474138,4.8357505947642405],[102.73040865732722,4.8357505947642405],[102.73040865732722,4.8345707130614235],[102.72963134474138,4.8345707130614235],[102.72963134474138,4.8357505947642405]]],[[[102.73118596991307,4.8345707130614235],[102.73118596991307,4.8357505947642405],[102.73429522025643,4.8357505947642405],[102.73429522025643,4.835160653662751],[102.7319632824989,4.835160653662751],[102.7319632824989,4.8345707130614235],[102.73118596991307,4.8345707130614235]]],[[[102.7358498454281,4.835160653662751],[102.7358498454281,4.8357505947642405],[102.73662715801395,4.8357505947642405],[102.73662715801395,4.835160653662751],[102.7358498454281,4.835160653662751]]],[[[102.7280767195697,4.8345707130614235],[102.7280767195697,4.836340536365958],[102.72963134474138,4.836340536365958],[102.72963134474138,4.8357505947642405],[102.72885403215554,4.8357505947642405],[102.72885403215554,4.8345707130614235],[102.7280767195697,4.8345707130614235]]],[[[102.72652209439802,4.835160653662751],[102.72652209439802,4.836340536365958],[102.72729940698386,4.836340536365958],[102.72729940698386,4.835160653662751],[102.72652209439802,4.835160653662751]]],[[[102.7374044705998,4.835160653662751],[102.7374044705998,4.837520421070315],[102.73818178318562,4.837520421070315],[102.73818178318562,4.835160653662751],[102.7374044705998,4.835160653662751]]],[[[102.7358498454281,4.836340536365958],[102.7358498454281,4.8357505947642405],[102.73429522025643,4.8357505947642405],[102.73429522025643,4.836340536365958],[102.72963134474138,4.836340536365958],[102.72963134474138,4.836930478467962],[102.73507253284227,4.836930478467962],[102.73507253284227,4.836340536365958],[102.7358498454281,4.836340536365958]]],[[[102.72729940698386,4.836340536365958],[102.72729940698386,4.836930478467962],[102.7280767195697,4.836930478467962],[102.7280767195697,4.836340536365958],[102.72729940698386,4.836340536365958]]],[[[102.73507253284227,4.837520421070315],[102.73662715801395,4.837520421070315],[102.73662715801395,4.836340536365958],[102.7358498454281,4.836340536365958],[102.73507253284227,4.837520421070315]]],[[[102.73818178318562,4.83811036417308],[102.73895909577146,4.83811036417308],[102.73895909577146,4.837520421070315],[102.73818178318562,4.837520421070315],[102.73818178318562,4.83811036417308]]],[[[102.73662715801395,4.838700307776318],[102.7374044705998,4.838700307776318],[102.7374044705998,4.837520421070315],[102.73662715801395,4.837520421070315],[102.73662715801395,4.838700307776318]]],[[[102.73973640835732,4.838700307776318],[102.7374044705998,4.838700307776318],[102.7374044705998,4.839290251880095],[102.73973640835732,4.839290251880095],[102.73973640835732,4.838700307776318]]],[[[102.73895909577146,4.83988019648447],[102.73895909577146,4.840470141589504],[102.73973640835732,4.840470141589504],[102.73973640835732,4.83988019648447],[102.73895909577146,4.83988019648447]]],[[[102.73507253284227,4.843419874626768],[102.73507253284227,4.844009822737073],[102.7358498454281,4.844009822737073],[102.7358498454281,4.843419874626768],[102.73507253284227,4.843419874626768]]],[[[102.7358498454281,4.844009822737073],[102.7358498454281,4.844599771348474],[102.73662715801395,4.844599771348474],[102.73662715801395,4.844009822737073],[102.7358498454281,4.844009822737073]]],[[[102.73429522025643,4.844009822737073],[102.73429522025643,4.8451897204610335],[102.73507253284227,4.8451897204610335],[102.73507253284227,4.844009822737073],[102.73429522025643,4.844009822737073]]],[[[102.73662715801395,4.844599771348474],[102.73662715801395,4.8451897204610335],[102.73818178318562,4.8451897204610335],[102.73818178318562,4.844599771348474],[102.73662715801395,4.844599771348474]]],[[[102.73274059508473,4.845779670074815],[102.73429522025643,4.845779670074815],[102.73429522025643,4.8451897204610335],[102.73274059508473,4.8451897204610335],[102.73274059508473,4.845779670074815]]],[[[102.73507253284227,4.845779670074815],[102.7358498454281,4.845779670074815],[102.7358498454281,4.8451897204610335],[102.73507253284227,4.8451897204610335],[102.73507253284227,4.845779670074815]]],[[[102.72341284405465,4.8451897204610335],[102.72341284405465,4.846959570806284],[102.72496746922633,4.846959570806284],[102.72496746922633,4.846369620189877],[102.72419015664049,4.846369620189877],[102.72419015664049,4.8451897204610335],[102.72341284405465,4.8451897204610335]]],[[[102.7358498454281,4.845779670074815],[102.7358498454281,4.846369620189877],[102.73662715801395,4.846369620189877],[102.73662715801395,4.845779670074815],[102.7358498454281,4.845779670074815]]],[[[102.73429522025643,4.845779670074815],[102.73429522025643,4.846369620189877],[102.73507253284227,4.846369620189877],[102.73507253284227,4.845779670074815],[102.73429522025643,4.845779670074815]]],[[[102.7319632824989,4.846959570806284],[102.73274059508473,4.846959570806284],[102.73274059508473,4.845779670074815],[102.7319632824989,4.845779670074815],[102.7319632824989,4.846959570806284]]],[[[102.73895909577146,4.848729425664199],[102.73973640835732,4.848729425664199],[102.73973640835732,4.8451897204610335],[102.73818178318562,4.8451897204610335],[102.73818178318562,4.845779670074815],[102.73895909577146,4.845779670074815],[102.73895909577146,4.848729425664199]]],[[[102.72496746922633,4.846959570806284],[102.72496746922633,4.847549521924099],[102.72574478181217,4.847549521924099],[102.72574478181217,4.846959570806284],[102.72496746922633,4.846959570806284]]],[[[102.73040865732722,4.846959570806284],[102.73040865732722,4.847549521924099],[102.73118596991307,4.847549521924099],[102.73118596991307,4.846959570806284],[102.73040865732722,4.846959570806284]]],[[[102.73274059508473,4.846959570806284],[102.73274059508473,4.847549521924099],[102.73118596991307,4.847549521924099],[102.73118596991307,4.848139473543384],[102.73274059508473,4.848139473543384],[102.73274059508473,4.848729425664199],[102.73351790767059,4.848729425664199],[102.73351790767059,4.846959570806284],[102.73274059508473,4.846959570806284]]],[[[102.72963134474138,4.848139473543384],[102.73040865732722,4.848139473543384],[102.73040865732722,4.847549521924099],[102.72963134474138,4.847549521924099],[102.72963134474138,4.848139473543384]]],[[[102.72574478181217,4.848139473543384],[102.7280767195697,4.848139473543384],[102.7280767195697,4.847549521924099],[102.72574478181217,4.847549521924099],[102.72574478181217,4.848139473543384]]],[[[102.73895909577146,4.849319378286607],[102.73895909577146,4.848729425664199],[102.73818178318562,4.848729425664199],[102.73818178318562,4.845779670074815],[102.7374044705998,4.845779670074815],[102.7374044705998,4.850499285036454],[102.73818178318562,4.850499285036454],[102.73818178318562,4.849319378286607],[102.73895909577146,4.849319378286607]]],[[[102.73040865732722,4.848139473543384],[102.73040865732722,4.848729425664199],[102.73118596991307,4.848729425664199],[102.73118596991307,4.848139473543384],[102.73040865732722,4.848139473543384]]],[[[102.7280767195697,4.848139473543384],[102.7280767195697,4.849319378286607],[102.72885403215554,4.849319378286607],[102.72885403215554,4.848139473543384],[102.7280767195697,4.848139473543384]]],[[[102.72963134474138,4.848729425664199],[102.72963134474138,4.849319378286607],[102.73040865732722,4.849319378286607],[102.73040865732722,4.848729425664199],[102.72963134474138,4.848729425664199]]],[[[102.72885403215554,4.849319378286607],[102.72885403215554,4.8499093314106725],[102.72963134474138,4.8499093314106725],[102.72963134474138,4.849319378286607],[102.72885403215554,4.849319378286607]]],[[[102.72652209439802,4.8499093314106725],[102.72652209439802,4.8510892391640175],[102.72729940698386,4.8510892391640175],[102.72729940698386,4.8499093314106725],[102.72652209439802,4.8499093314106725]]],[[[102.73274059508473,4.850499285036454],[102.73274059508473,4.8510892391640175],[102.73429522025643,4.8510892391640175],[102.73429522025643,4.850499285036454],[102.73274059508473,4.850499285036454]]],[[[102.73118596991307,4.849319378286607],[102.72885403215554,4.850499285036454],[102.72885403215554,4.852269148924732],[102.73118596991307,4.852269148924732],[102.73118596991307,4.849319378286607]],[[102.73040865732722,4.850499285036454],[102.73040865732722,4.851679193793423],[102.72963134474138,4.851679193793423],[102.72963134474138,4.850499285036454],[102.73040865732722,4.850499285036454]]],[[[102.73818178318562,4.851679193793423],[102.73973640835732,4.851679193793423],[102.73973640835732,4.8510892391640175],[102.73818178318562,4.8510892391640175],[102.73818178318562,4.851679193793423]]],[[[102.7374044705998,4.851679193793423],[102.7374044705998,4.852269148924732],[102.73818178318562,4.852269148924732],[102.73818178318562,4.851679193793423],[102.7374044705998,4.851679193793423]]],[[[102.7374044705998,4.852859104558009],[102.7374044705998,4.852269148924732],[102.73662715801395,4.852269148924732],[102.73662715801395,4.852859104558009],[102.7374044705998,4.852859104558009]]],[[[102.73895909577146,4.852269148924732],[102.73895909577146,4.854039017330712],[102.73973640835732,4.854039017330712],[102.73973640835732,4.852269148924732],[102.73895909577146,4.852269148924732]]],[[[102.7374044705998,4.852859104558009],[102.7374044705998,4.854039017330712],[102.73818178318562,4.854039017330712],[102.73818178318562,4.852859104558009],[102.7374044705998,4.852859104558009]]],[[[102.73274059508473,4.855808890256074],[102.73274059508473,4.853449060693316],[102.73351790767059,4.853449060693316],[102.73429522025643,4.852269148924732],[102.7319632824989,4.852269148924732],[102.73118596991307,4.855808890256074],[102.73274059508473,4.855808890256074]]],[[[102.73818178318562,4.854039017330712],[102.73818178318562,4.854628974470263],[102.73895909577146,4.854628974470263],[102.73895909577146,4.854039017330712],[102.73818178318562,4.854039017330712]]],[[[102.72341284405465,4.853449060693316],[102.72341284405465,4.855808890256074],[102.72419015664049,4.855808890256074],[102.72419015664049,4.853449060693316],[102.72341284405465,4.853449060693316]]],[[[102.73662715801395,4.855218932112031],[102.7374044705998,4.855218932112031],[102.7374044705998,4.854628974470263],[102.73662715801395,4.854628974470263],[102.73662715801395,4.855218932112031]]],[[[102.73895909577146,4.855808890256074],[102.73973640835732,4.855808890256074],[102.73973640835732,4.855218932112031],[102.73895909577146,4.855218932112031],[102.73895909577146,4.855808890256074]]],[[[102.72729940698386,4.858168727856273],[102.7280767195697,4.858168727856273],[102.72963134474138,4.856398848902457],[102.72729940698386,4.856398848902457],[102.72729940698386,4.858168727856273]]],[[[102.72963134474138,4.858758688512639],[102.73040865732722,4.858758688512639],[102.73040865732722,4.856988808051245],[102.72885403215554,4.8575787677024955],[102.72963134474138,4.858758688512639]]],[[[102.72496746922633,4.860528573497894],[102.72419015664049,4.860528573497894],[102.72419015664049,4.8617084993354815],[102.72574478181217,4.861118536165238],[102.72574478181217,4.859348649671657],[102.72496746922633,4.859348649671657],[102.72496746922633,4.860528573497894]]],[[[102.72729940698386,4.861118536165238],[102.72574478181217,4.861118536165238],[102.72574478181217,4.8617084993354815],[102.72729940698386,4.8622984630086865],[102.72729940698386,4.861118536165238]]],[[[102.72496746922633,4.8617084993354815],[102.72496746922633,4.8622984630086865],[102.72574478181217,4.8622984630086865],[102.72574478181217,4.8617084993354815],[102.72496746922633,4.8617084993354815]]],[[[102.72496746922633,4.863478391864234],[102.72496746922633,4.8622984630086865],[102.72419015664049,4.8622984630086865],[102.72419015664049,4.863478391864234],[102.72496746922633,4.863478391864234]]],[[[102.72574478181217,4.8622984630086865],[102.72574478181217,4.863478391864234],[102.72652209439802,4.863478391864234],[102.72652209439802,4.8622984630086865],[102.72574478181217,4.8622984630086865]]],[[[102.72496746922633,4.8640683570467],[102.72574478181217,4.8640683570467],[102.72574478181217,4.863478391864234],[102.72496746922633,4.863478391864234],[102.72496746922633,4.8640683570467]]],[[[102.73118596991307,4.863478391864234],[102.72963134474138,4.863478391864234],[102.72885403215554,4.866428222809294],[102.73040865732722,4.866428222809294],[102.73118596991307,4.863478391864234]]],[[[102.7280767195697,4.864658322732376],[102.7280767195697,4.865248288921326],[102.72885403215554,4.865248288921326],[102.72885403215554,4.864658322732376],[102.7280767195697,4.864658322732376]]],[[[102.7280767195697,4.865838255613611],[102.7280767195697,4.865248288921326],[102.72496746922633,4.865248288921326],[102.72496746922633,4.866428222809294],[102.72574478181217,4.866428222809294],[102.72574478181217,4.865838255613611],[102.7280767195697,4.865838255613611]]],[[[102.72419015664049,4.866428222809294],[102.72419015664049,4.867018190508436],[102.72496746922633,4.867018190508436],[102.72496746922633,4.866428222809294],[102.72419015664049,4.866428222809294]]],[[[102.7280767195697,4.866428222809294],[102.7280767195697,4.867018190508436],[102.72885403215554,4.867018190508436],[102.72885403215554,4.866428222809294],[102.7280767195697,4.866428222809294]]],[[[102.72963134474138,4.868198127417349],[102.73040865732722,4.868198127417349],[102.73040865732722,4.867018190508436],[102.72885403215554,4.867018190508436],[102.72963134474138,4.868198127417349]]],[[[102.73118596991307,4.868198127417349],[102.73040865732722,4.868198127417349],[102.73040865732722,4.868788096627244],[102.73118596991307,4.868788096627244],[102.73118596991307,4.868198127417349]]],[[[102.72885403215554,4.868788096627244],[102.72885403215554,4.869378066340849],[102.73040865732722,4.869378066340849],[102.73040865732722,4.868788096627244],[102.72885403215554,4.868788096627244]]],[[[102.73818178318562,4.869968036558225],[102.73895909577146,4.869968036558225],[102.73895909577146,4.869378066340849],[102.74051372094316,4.869378066340849],[102.74051372094316,4.868788096627244],[102.73818178318562,4.868788096627244],[102.73818178318562,4.869968036558225]]],[[[102.7280767195697,4.869968036558225],[102.72885403215554,4.869968036558225],[102.72885403215554,4.869378066340849],[102.7280767195697,4.869378066340849],[102.7280767195697,4.869968036558225]]],[[[102.72419015664049,4.869378066340849],[102.72419015664049,4.87055800727943],[102.72496746922633,4.87055800727943],[102.72496746922633,4.869378066340849],[102.72419015664049,4.869378066340849]]],[[[102.7374044705998,4.869968036558225],[102.7374044705998,4.871147978504534],[102.73818178318562,4.871147978504534],[102.73818178318562,4.869968036558225],[102.7374044705998,4.869968036558225]]],[[[102.72885403215554,4.869968036558225],[102.72885403215554,4.871147978504534],[102.72963134474138,4.871147978504534],[102.72963134474138,4.869968036558225],[102.72885403215554,4.869968036558225]]],[[[102.73818178318562,4.871147978504534],[102.73818178318562,4.871737950233596],[102.73895909577146,4.871737950233596],[102.73895909577146,4.871147978504534],[102.73818178318562,4.871147978504534]]],[[[102.73351790767059,4.871737950233596],[102.73351790767059,4.872327922466676],[102.73429522025643,4.872327922466676],[102.73429522025643,4.871737950233596],[102.73351790767059,4.871737950233596]]],[[[102.72652209439802,4.872327922466676],[102.72652209439802,4.872917895203838],[102.72729940698386,4.872917895203838],[102.72729940698386,4.872327922466676],[102.72652209439802,4.872327922466676]]],[[[102.73274059508473,4.872327922466676],[102.73274059508473,4.872917895203838],[102.73351790767059,4.872917895203838],[102.73351790767059,4.872327922466676],[102.73274059508473,4.872327922466676]]],[[[102.72419015664049,4.874687816440439],[102.72496746922633,4.874687816440439],[102.72496746922633,4.872327922466676],[102.72419015664049,4.872327922466676],[102.72419015664049,4.874687816440439]]],[[[102.7280767195697,4.872917895203838],[102.72729940698386,4.872917895203838],[102.72729940698386,4.875277791194552],[102.72885403215554,4.875867766453057],[102.72885403215554,4.871147978504534],[102.7280767195697,4.871147978504534],[102.7280767195697,4.872917895203838]]],[[[102.73429522025643,4.872327922466676],[102.73429522025643,4.872917895203838],[102.73351790767059,4.872917895203838],[102.73351790767059,4.874097842190658],[102.73507253284227,4.874687816440439],[102.73507253284227,4.872327922466676],[102.73429522025643,4.872327922466676]]],[[[102.73895909577146,4.871737950233596],[102.73895909577146,4.875277791194552],[102.73973640835732,4.875277791194552],[102.73973640835732,4.871737950233596],[102.73895909577146,4.871737950233596]]],[[[102.72496746922633,4.874687816440439],[102.72496746922633,4.875277791194552],[102.72652209439802,4.875277791194552],[102.72652209439802,4.872917895203838],[102.72574478181217,4.872917895203838],[102.72574478181217,4.874687816440439],[102.72496746922633,4.874687816440439]]],[[[102.73507253284227,4.874687816440439],[102.73507253284227,4.875867766453057],[102.7358498454281,4.875867766453057],[102.7358498454281,4.874687816440439],[102.73507253284227,4.874687816440439]]],[[[102.73274059508473,4.874097842190658],[102.73274059508473,4.876457742216018],[102.73507253284227,4.876457742216018],[102.73507253284227,4.875867766453057],[102.73351790767059,4.875867766453057],[102.73351790767059,4.874097842190658],[102.73274059508473,4.874097842190658]]],[[[102.7379189367016,4.877047718483497],[102.73818178318562,4.877205284411946],[102.73818178318562,4.877047718483497],[102.7379189367016,4.877047718483497]]],[[[102.7358498454281,4.877047718483497],[102.7358498454281,4.877321878580936],[102.73672088339566,4.877047718483497],[102.7358498454281,4.877047718483497]]],[[[102.73429522025643,4.877637695255555],[102.73429522025643,4.8777601300203415],[102.73474052203647,4.877637695255555],[102.73429522025643,4.877637695255555]]],[[[102.74750953421571,4.7932761101656505],[102.74828684680156,4.7932761101656505],[102.74828684680156,4.788556882052093],[102.74750953421571,4.788556882052093],[102.74750953421571,4.7932761101656505]]],[[[102.74362297128653,4.791506395906657],[102.74440028387235,4.791506395906657],[102.74440028387235,4.790916492144868],[102.74362297128653,4.790916492144868],[102.74362297128653,4.791506395906657]]],[[[102.74284565870067,4.792096300164008],[102.74362297128653,4.792096300164008],[102.74362297128653,4.791506395906657],[102.74284565870067,4.791506395906657],[102.74284565870067,4.792096300164008]]],[[[102.74440028387235,4.792686204916985],[102.74517759645819,4.792686204916985],[102.74517759645819,4.791506395906657],[102.74362297128653,4.792096300164008],[102.74362297128653,4.793866015910061],[102.74440028387235,4.793866015910061],[102.74440028387235,4.792686204916985]]],[[[102.74517759645819,4.7932761101656505],[102.74595490904404,4.7932761101656505],[102.74595490904404,4.792686204916985],[102.74517759645819,4.792686204916985],[102.74517759645819,4.7932761101656505]]],[[[102.74673222162988,4.7932761101656505],[102.74595490904404,4.7932761101656505],[102.74595490904404,4.793866015910061],[102.74673222162988,4.793866015910061],[102.74673222162988,4.7932761101656505]]],[[[102.74440028387235,4.793866015910061],[102.74440028387235,4.794455922150286],[102.74517759645819,4.794455922150286],[102.74517759645819,4.793866015910061],[102.74440028387235,4.793866015910061]]],[[[102.74673222162988,4.793866015910061],[102.74673222162988,4.794455922150286],[102.74750953421571,4.794455922150286],[102.74750953421571,4.793866015910061],[102.74673222162988,4.793866015910061]]],[[[102.741291033529,4.795045828886384],[102.74206834611483,4.795045828886384],[102.74206834611483,4.794455922150286],[102.741291033529,4.794455922150286],[102.741291033529,4.795045828886384]]],[[[102.74206834611483,4.795635736118415],[102.74284565870067,4.795635736118415],[102.74284565870067,4.795045828886384],[102.74206834611483,4.795045828886384],[102.74206834611483,4.795635736118415]]],[[[102.74517759645819,4.796225643846447],[102.74595490904404,4.796225643846447],[102.74595490904404,4.794455922150286],[102.74517759645819,4.794455922150286],[102.74517759645819,4.796225643846447]]],[[[102.74051372094316,4.795635736118415],[102.741291033529,4.795635736118415],[102.741291033529,4.795045828886384],[102.74051372094316,4.795045828886384],[102.74051372094316,4.795635736118415]]],[[[102.74206834611483,4.795635736118415],[102.741291033529,4.795635736118415],[102.741291033529,4.796225643846447],[102.74206834611483,4.796225643846447],[102.74206834611483,4.795635736118415]]],[[[102.74362297128653,4.796225643846447],[102.74440028387235,4.796225643846447],[102.74440028387235,4.795635736118415],[102.74362297128653,4.795635736118415],[102.74362297128653,4.796225643846447]]],[[[102.74440028387235,4.796815552070537],[102.74517759645819,4.796815552070537],[102.74517759645819,4.796225643846447],[102.74440028387235,4.796225643846447],[102.74440028387235,4.796815552070537]]],[[[102.74284565870067,4.796815552070537],[102.74362297128653,4.796815552070537],[102.74362297128653,4.796225643846447],[102.74284565870067,4.796225643846447],[102.74284565870067,4.796815552070537]]],[[[102.74517759645819,4.796815552070537],[102.74517759645819,4.79740546079075],[102.74673222162988,4.79740546079075],[102.74673222162988,4.796815552070537],[102.74517759645819,4.796815552070537]]],[[[102.74362297128653,4.796815552070537],[102.74362297128653,4.79740546079075],[102.74440028387235,4.79740546079075],[102.74440028387235,4.796815552070537],[102.74362297128653,4.796815552070537]]],[[[102.74673222162988,4.79740546079075],[102.74673222162988,4.797995370007147],[102.74750953421571,4.797995370007147],[102.74750953421571,4.79740546079075],[102.74673222162988,4.79740546079075]]],[[[102.74673222162988,4.813923106634601],[102.74750953421571,4.813923106634601],[102.74750953421571,4.811563419074064],[102.74673222162988,4.811563419074064],[102.74673222162988,4.813923106634601]]],[[[102.74673222162988,4.813923106634601],[102.74595490904404,4.813923106634601],[102.74595490904404,4.81510295340217],[102.74673222162988,4.81510295340217],[102.74673222162988,4.813923106634601]]],[[[102.74517759645819,4.81510295340217],[102.74517759645819,4.815692877532995],[102.74595490904404,4.815692877532995],[102.74595490904404,4.81510295340217],[102.74517759645819,4.81510295340217]]],[[[102.74517759645819,4.8162828021619335],[102.74517759645819,4.815692877532995],[102.74284565870067,4.815692877532995],[102.74284565870067,4.8162828021619335],[102.74517759645819,4.8162828021619335]]],[[[102.741291033529,4.8162828021619335],[102.741291033529,4.816872727289046],[102.74284565870067,4.816872727289046],[102.74284565870067,4.8162828021619335],[102.741291033529,4.8162828021619335]]],[[[102.74673222162988,4.815692877532995],[102.74673222162988,4.818052579038038],[102.74750953421571,4.818052579038038],[102.74750953421571,4.815692877532995],[102.74673222162988,4.815692877532995]]],[[[102.74051372094316,4.817462652914392],[102.741291033529,4.817462652914392],[102.741291033529,4.816872727289046],[102.74051372094316,4.816872727289046],[102.74051372094316,4.817462652914392]]],[[[102.74440028387235,4.817462652914392],[102.741291033529,4.817462652914392],[102.741291033529,4.818052579038038],[102.74440028387235,4.818052579038038],[102.74440028387235,4.817462652914392]]],[[[102.74440028387235,4.8186425056600415],[102.74517759645819,4.8186425056600415],[102.74517759645819,4.818052579038038],[102.74440028387235,4.818052579038038],[102.74440028387235,4.8186425056600415]]],[[[102.74517759645819,4.81982236039938],[102.74595490904404,4.81982236039938],[102.74595490904404,4.8186425056600415],[102.74517759645819,4.8186425056600415],[102.74517759645819,4.81982236039938]]],[[[102.74206834611483,4.81982236039938],[102.74362297128653,4.81982236039938],[102.74362297128653,4.819232432780468],[102.74206834611483,4.819232432780468],[102.74206834611483,4.81982236039938]]],[[[102.73973640835732,4.81982236039938],[102.73973640835732,4.820412288516837],[102.74206834611483,4.820412288516837],[102.74206834611483,4.81982236039938],[102.73973640835732,4.81982236039938]]],[[[102.74362297128653,4.81982236039938],[102.74362297128653,4.820412288516837],[102.74517759645819,4.820412288516837],[102.74517759645819,4.81982236039938],[102.74362297128653,4.81982236039938]]],[[[102.73895909577146,4.821002217132903],[102.73973640835732,4.821002217132903],[102.73973640835732,4.820412288516837],[102.73895909577146,4.820412288516837],[102.73895909577146,4.821002217132903]]],[[[102.741291033529,4.821002217132903],[102.73973640835732,4.821002217132903],[102.73973640835732,4.821592146247639],[102.741291033529,4.821592146247639],[102.741291033529,4.821002217132903]]],[[[102.74673222162988,4.821592146247639],[102.74673222162988,4.82218207586111],[102.74750953421571,4.82218207586111],[102.74750953421571,4.821002217132903],[102.74595490904404,4.821002217132903],[102.74595490904404,4.821592146247639],[102.74673222162988,4.821592146247639]]],[[[102.741291033529,4.821592146247639],[102.741291033529,4.82218207586111],[102.74362297128653,4.82218207586111],[102.74362297128653,4.821592146247639],[102.741291033529,4.821592146247639]]],[[[102.74517759645819,4.822772005973375],[102.74595490904404,4.822772005973375],[102.74595490904404,4.821592146247639],[102.74517759645819,4.821592146247639],[102.74517759645819,4.822772005973375]]],[[[102.74362297128653,4.822772005973375],[102.74440028387235,4.822772005973375],[102.74440028387235,4.82218207586111],[102.74362297128653,4.82218207586111],[102.74362297128653,4.822772005973375]]],[[[102.74595490904404,4.823361936584498],[102.74673222162988,4.823361936584498],[102.74673222162988,4.822772005973375],[102.74595490904404,4.822772005973375],[102.74595490904404,4.823361936584498]]],[[[102.74440028387235,4.823361936584498],[102.74517759645819,4.823361936584498],[102.74517759645819,4.822772005973375],[102.74440028387235,4.822772005973375],[102.74440028387235,4.823361936584498]]],[[[102.74595490904404,4.823361936584498],[102.74517759645819,4.823361936584498],[102.74517759645819,4.82395186769454],[102.74595490904404,4.82395186769454],[102.74595490904404,4.823361936584498]]],[[[102.74750953421571,4.823361936584498],[102.74595490904404,4.82395186769454],[102.74595490904404,4.829851206249215],[102.74673222162988,4.829851206249215],[102.74673222162988,4.824541799303565],[102.74828684680156,4.8251317314116315],[102.74828684680156,4.826901530730719],[102.7490641593874,4.826901530730719],[102.74828684680156,4.82218207586111],[102.74750953421571,4.82218207586111],[102.74750953421571,4.823361936584498]]],[[[102.74750953421571,4.829851206249215],[102.74673222162988,4.829851206249215],[102.74673222162988,4.830441142851476],[102.74750953421571,4.830441142851476],[102.74750953421571,4.829851206249215]]],[[[102.74517759645819,4.835160653662751],[102.74517759645819,4.8357505947642405],[102.74673222162988,4.8357505947642405],[102.74673222162988,4.835160653662751],[102.74517759645819,4.835160653662751]]],[[[102.74517759645819,4.836340536365958],[102.74517759645819,4.8357505947642405],[102.74362297128653,4.8357505947642405],[102.74362297128653,4.836340536365958],[102.74517759645819,4.836340536365958]]],[[[102.74673222162988,4.8357505947642405],[102.74673222162988,4.836340536365958],[102.74750953421571,4.836340536365958],[102.74750953421571,4.8357505947642405],[102.74673222162988,4.8357505947642405]]],[[[102.74284565870067,4.837520421070315],[102.74362297128653,4.837520421070315],[102.74362297128653,4.836340536365958],[102.74284565870067,4.836340536365958],[102.74284565870067,4.837520421070315]]],[[[102.73895909577146,4.837520421070315],[102.74051372094316,4.837520421070315],[102.74051372094316,4.836930478467962],[102.73895909577146,4.836930478467962],[102.73895909577146,4.837520421070315]]],[[[102.74051372094316,4.837520421070315],[102.74051372094316,4.83811036417308],[102.741291033529,4.83811036417308],[102.741291033529,4.837520421070315],[102.74051372094316,4.837520421070315]]],[[[102.74206834611483,4.837520421070315],[102.74206834611483,4.83811036417308],[102.74284565870067,4.83811036417308],[102.74284565870067,4.837520421070315],[102.74206834611483,4.837520421070315]]],[[[102.74440028387235,4.837520421070315],[102.74440028387235,4.838700307776318],[102.74517759645819,4.838700307776318],[102.74517759645819,4.83811036417308],[102.74828684680156,4.83811036417308],[102.74828684680156,4.837520421070315],[102.74440028387235,4.837520421070315]]],[[[102.73973640835732,4.83811036417308],[102.73973640835732,4.838700307776318],[102.74051372094316,4.838700307776318],[102.74051372094316,4.83811036417308],[102.73973640835732,4.83811036417308]]],[[[102.74284565870067,4.83811036417308],[102.74284565870067,4.838700307776318],[102.74362297128653,4.838700307776318],[102.74362297128653,4.83811036417308],[102.74284565870067,4.83811036417308]]],[[[102.73973640835732,4.839290251880095],[102.73973640835732,4.83988019648447],[102.741291033529,4.83988019648447],[102.741291033529,4.839290251880095],[102.73973640835732,4.839290251880095]]],[[[102.74206834611483,4.83988019648447],[102.741291033529,4.83988019648447],[102.741291033529,4.841060087195263],[102.74284565870067,4.840470141589504],[102.74284565870067,4.838700307776318],[102.74206834611483,4.838700307776318],[102.74206834611483,4.83988019648447]]],[[[102.74440028387235,4.838700307776318],[102.74362297128653,4.838700307776318],[102.74284565870067,4.841650033301806],[102.74440028387235,4.841060087195263],[102.74440028387235,4.838700307776318]]],[[[102.73973640835732,4.841060087195263],[102.74051372094316,4.841060087195263],[102.74051372094316,4.840470141589504],[102.73973640835732,4.840470141589504],[102.73973640835732,4.841060087195263]]],[[[102.74440028387235,4.841060087195263],[102.74440028387235,4.841650033301806],[102.74517759645819,4.841650033301806],[102.74517759645819,4.841060087195263],[102.74440028387235,4.841060087195263]]],[[[102.74051372094316,4.841060087195263],[102.74051372094316,4.841650033301806],[102.741291033529,4.841650033301806],[102.741291033529,4.841060087195263],[102.74051372094316,4.841060087195263]]],[[[102.74206834611483,4.841650033301806],[102.74206834611483,4.842239979909197],[102.74284565870067,4.842239979909197],[102.74284565870067,4.841650033301806],[102.74206834611483,4.841650033301806]]],[[[102.74517759645819,4.841650033301806],[102.74517759645819,4.842239979909197],[102.74595490904404,4.842239979909197],[102.74595490904404,4.841650033301806],[102.74517759645819,4.841650033301806]]],[[[102.741291033529,4.842239979909197],[102.741291033529,4.842829927017496],[102.74206834611483,4.842829927017496],[102.74206834611483,4.842239979909197],[102.741291033529,4.842239979909197]]],[[[102.74595490904404,4.842239979909197],[102.74595490904404,4.842829927017496],[102.74673222162988,4.842829927017496],[102.74673222162988,4.842239979909197],[102.74595490904404,4.842239979909197]]],[[[102.74750953421571,4.842829927017496],[102.74750953421571,4.843419874626768],[102.74828684680156,4.843419874626768],[102.74828684680156,4.842829927017496],[102.74750953421571,4.842829927017496]]],[[[102.74284565870067,4.842239979909197],[102.74284565870067,4.842829927017496],[102.74362297128653,4.842829927017496],[102.74284565870067,4.844009822737073],[102.74440028387235,4.844009822737073],[102.74440028387235,4.842239979909197],[102.74284565870067,4.842239979909197]]],[[[102.74284565870067,4.842829927017496],[102.74206834611483,4.842829927017496],[102.74206834611483,4.843419874626768],[102.74284565870067,4.843419874626768],[102.74284565870067,4.842829927017496]]],[[[102.74517759645819,4.842829927017496],[102.74517759645819,4.844009822737073],[102.74750953421571,4.844009822737073],[102.74750953421571,4.843419874626768],[102.74595490904404,4.843419874626768],[102.74595490904404,4.842829927017496],[102.74517759645819,4.842829927017496]]],[[[102.74051372094316,4.844009822737073],[102.74051372094316,4.844599771348474],[102.74284565870067,4.844599771348474],[102.74284565870067,4.844009822737073],[102.74051372094316,4.844009822737073]]],[[[102.73973640835732,4.844599771348474],[102.73973640835732,4.8451897204610335],[102.74051372094316,4.8451897204610335],[102.74051372094316,4.844599771348474],[102.73973640835732,4.844599771348474]]],[[[102.74440028387235,4.8451897204610335],[102.74440028387235,4.845779670074815],[102.74595490904404,4.845779670074815],[102.74595490904404,4.8451897204610335],[102.74440028387235,4.8451897204610335]]],[[[102.74284565870067,4.845779670074815],[102.74284565870067,4.846959570806284],[102.74362297128653,4.846959570806284],[102.74440028387235,4.845779670074815],[102.74284565870067,4.845779670074815]]],[[[102.74750953421571,4.846369620189877],[102.74750953421571,4.846959570806284],[102.74828684680156,4.846959570806284],[102.74828684680156,4.845779670074815],[102.74595490904404,4.845779670074815],[102.74595490904404,4.846369620189877],[102.74750953421571,4.846369620189877]]],[[[102.741291033529,4.848729425664199],[102.74206834611483,4.848729425664199],[102.74206834611483,4.847549521924099],[102.74284565870067,4.847549521924099],[102.74284565870067,4.846959570806284],[102.741291033529,4.846959570806284],[102.741291033529,4.848729425664199]]],[[[102.74362297128653,4.849319378286607],[102.74362297128653,4.850499285036454],[102.74440028387235,4.850499285036454],[102.74440028387235,4.849319378286607],[102.74362297128653,4.849319378286607]]],[[[102.74206834611483,4.848729425664199],[102.74206834611483,4.851679193793423],[102.74284565870067,4.851679193793423],[102.74284565870067,4.8510892391640175],[102.74362297128653,4.8510892391640175],[102.74362297128653,4.850499285036454],[102.74284565870067,4.850499285036454],[102.74284565870067,4.849319378286607],[102.74362297128653,4.849319378286607],[102.74362297128653,4.848729425664199],[102.74206834611483,4.848729425664199]]],[[[102.73973640835732,4.851679193793423],[102.73973640835732,4.852269148924732],[102.74051372094316,4.852269148924732],[102.74051372094316,4.851679193793423],[102.73973640835732,4.851679193793423]]],[[[102.74284565870067,4.851679193793423],[102.74284565870067,4.852269148924732],[102.74362297128653,4.852269148924732],[102.74362297128653,4.851679193793423],[102.74284565870067,4.851679193793423]]],[[[102.74362297128653,4.852859104558009],[102.74440028387235,4.852859104558009],[102.74440028387235,4.852269148924732],[102.74362297128653,4.852269148924732],[102.74362297128653,4.852859104558009]]],[[[102.74517759645819,4.852859104558009],[102.74440028387235,4.852859104558009],[102.74440028387235,4.854039017330712],[102.74517759645819,4.854039017330712],[102.74517759645819,4.852859104558009]]],[[[102.74284565870067,4.854628974470263],[102.74440028387235,4.854628974470263],[102.74440028387235,4.854039017330712],[102.74284565870067,4.854039017330712],[102.74284565870067,4.854628974470263]]],[[[102.74517759645819,4.854628974470263],[102.74440028387235,4.854628974470263],[102.74440028387235,4.855218932112031],[102.74517759645819,4.855218932112031],[102.74517759645819,4.854628974470263]]],[[[102.74362297128653,4.8575787677024955],[102.74517759645819,4.8575787677024955],[102.74517759645819,4.856988808051245],[102.74440028387235,4.856988808051245],[102.74440028387235,4.855218932112031],[102.74362297128653,4.855218932112031],[102.74362297128653,4.8575787677024955]]],[[[102.74595490904404,4.858168727856273],[102.74595490904404,4.8575787677024955],[102.74517759645819,4.8575787677024955],[102.74517759645819,4.858168727856273],[102.74595490904404,4.858168727856273]]],[[[102.74595490904404,4.858168727856273],[102.74595490904404,4.860528573497894],[102.74673222162988,4.860528573497894],[102.74673222162988,4.858168727856273],[102.74595490904404,4.858168727856273]]],[[[102.74673222162988,4.860528573497894],[102.74673222162988,4.861118536165238],[102.74750953421571,4.861118536165238],[102.74750953421571,4.860528573497894],[102.74673222162988,4.860528573497894]]],[[[102.74517759645819,4.8617084993354815],[102.74517759645819,4.860528573497894],[102.74362297128653,4.859938611333387],[102.74362297128653,4.8628884271849175],[102.74440028387235,4.8628884271849175],[102.74440028387235,4.8617084993354815],[102.74517759645819,4.8617084993354815]]],[[[102.74673222162988,4.8622984630086865],[102.74673222162988,4.863478391864234],[102.74750953421571,4.863478391864234],[102.74828684680156,4.8622984630086865],[102.74673222162988,4.8622984630086865]]],[[[102.74284565870067,4.866428222809294],[102.74284565870067,4.865248288921326],[102.741291033529,4.865248288921326],[102.741291033529,4.8676081587111],[102.74206834611483,4.8676081587111],[102.74206834611483,4.866428222809294],[102.74284565870067,4.866428222809294]]],[[[102.74284565870067,4.866428222809294],[102.74284565870067,4.867018190508436],[102.74362297128653,4.867018190508436],[102.74362297128653,4.866428222809294],[102.74284565870067,4.866428222809294]]],[[[102.74284565870067,4.8676081587111],[102.74284565870067,4.868198127417349],[102.74440028387235,4.868198127417349],[102.74440028387235,4.867018190508436],[102.74284565870067,4.8676081587111]]],[[[102.74051372094316,4.8676081587111],[102.74051372094316,4.868788096627244],[102.741291033529,4.868788096627244],[102.741291033529,4.8676081587111],[102.74051372094316,4.8676081587111]]],[[[102.74206834611483,4.871737950233596],[102.74284565870067,4.871737950233596],[102.74284565870067,4.868198127417349],[102.74206834611483,4.868198127417349],[102.74206834611483,4.871737950233596]]],[[[102.74673222162988,4.871147978504534],[102.74750953421571,4.871147978504534],[102.74750953421571,4.87055800727943],[102.74673222162988,4.87055800727943],[102.74673222162988,4.871147978504534]]],[[[102.74284565870067,4.872327922466676],[102.74362297128653,4.872327922466676],[102.74362297128653,4.871737950233596],[102.74284565870067,4.871737950233596],[102.74284565870067,4.872327922466676]]],[[[102.74362297128653,4.872917895203838],[102.74440028387235,4.872917895203838],[102.74440028387235,4.872327922466676],[102.74362297128653,4.872327922466676],[102.74362297128653,4.872917895203838]]],[[[102.74595490904404,4.872917895203838],[102.74440028387235,4.872917895203838],[102.74440028387235,4.873507868445145],[102.74595490904404,4.873507868445145],[102.74595490904404,4.872917895203838]]],[[[102.74595490904404,4.873507868445145],[102.74595490904404,4.874097842190658],[102.74828684680156,4.874097842190658],[102.74828684680156,4.873507868445145],[102.74595490904404,4.873507868445145]]],[[[102.73973640835732,4.875277791194552],[102.73973640835732,4.876457742216018],[102.74051372094316,4.876457742216018],[102.74051372094316,4.875277791194552],[102.73973640835732,4.875277791194552]]],[[[102.74051372094316,4.877047718483497],[102.741291033529,4.877047718483497],[102.741291033529,4.876457742216018],[102.74051372094316,4.876457742216018],[102.74051372094316,4.877047718483497]]],[[[102.74206834611483,4.877047718483497],[102.741291033529,4.877047718483497],[102.741291033529,4.877637695255555],[102.74206834611483,4.877637695255555],[102.74206834611483,4.877047718483497]]],[[[102.74206834611483,4.8782276725322555],[102.74284565870067,4.8782276725322555],[102.74284565870067,4.877637695255555],[102.74206834611483,4.877637695255555],[102.74206834611483,4.8782276725322555]]],[[[102.74673222162988,4.87940762859983],[102.74750953421571,4.87940762859983],[102.74750953421571,4.878817650313659],[102.74673222162988,4.878817650313659],[102.74673222162988,4.87940762859983]]],[[[102.74284565870067,4.880001096773383],[102.74362297128653,4.880467066602432],[102.74362297128653,4.8782276725322555],[102.74284565870067,4.8782276725322555],[102.74284565870067,4.880001096773383]]],[[[102.74595490904404,4.879997607390829],[102.74595490904404,4.881177566487563],[102.74673222162988,4.881177566487563],[102.74750953421571,4.879997607390829],[102.74673222162988,4.879997607390829],[102.74673222162988,4.87940762859983],[102.74517759645819,4.87940762859983],[102.74517759645819,4.879997607390829],[102.74595490904404,4.879997607390829]]],[[[102.74517759645819,4.88058758668672],[102.74517759645819,4.879997607390829],[102.74440028387235,4.879997607390829],[102.74440028387235,4.88058758668672],[102.74517759645819,4.88058758668672]]],[[[102.74440028387235,4.88058758668672],[102.74382401807684,4.88058758668672],[102.74440028387235,4.88093303674646],[102.74440028387235,4.88058758668672]]],[[[102.74595490904404,4.881177566487563],[102.74480819830602,4.881177566487563],[102.74579237853523,4.881767546793419],[102.74595490904404,4.881177566487563]]],[[[102.75061878455908,4.771449945609687],[102.75139609714492,4.771449945609687],[102.75139609714492,4.770860058660049],[102.75061878455908,4.770860058660049],[102.75061878455908,4.771449945609687]]],[[[102.75217340973076,4.771449945609687],[102.75139609714492,4.771449945609687],[102.75139609714492,4.772039833052774],[102.75217340973076,4.772039833052774],[102.75217340973076,4.771449945609687]]],[[[102.74984147197326,4.772039833052774],[102.75061878455908,4.772039833052774],[102.75061878455908,4.771449945609687],[102.74984147197326,4.771449945609687],[102.74984147197326,4.772039833052774]]],[[[102.75061878455908,4.772629720989372],[102.75139609714492,4.772629720989372],[102.75139609714492,4.772039833052774],[102.75061878455908,4.772039833052774],[102.75061878455908,4.772629720989372]]],[[[102.75061878455908,4.779708414745107],[102.75217340973076,4.779708414745107],[102.75217340973076,4.779118520881519],[102.75061878455908,4.779118520881519],[102.75061878455908,4.779708414745107]]],[[[102.75217340973076,4.779708414745107],[102.75217340973076,4.780298309103016],[102.75295072231661,4.780298309103016],[102.75295072231661,4.779708414745107],[102.75217340973076,4.779708414745107]]],[[[102.74984147197326,4.779708414745107],[102.74984147197326,4.781478099302039],[102.75061878455908,4.781478099302039],[102.75061878455908,4.779708414745107],[102.74984147197326,4.779708414745107]]],[[[102.75139609714492,4.780298309103016],[102.75139609714492,4.781478099302039],[102.75295072231661,4.781478099302039],[102.75295072231661,4.780888203955305],[102.75139609714492,4.780298309103016]]],[[[102.75139609714492,4.7820679951432785],[102.75139609714492,4.781478099302039],[102.75061878455908,4.781478099302039],[102.75061878455908,4.7820679951432785],[102.75139609714492,4.7820679951432785]]],[[[102.75139609714492,4.782657891479086],[102.75217340973076,4.782657891479086],[102.75217340973076,4.7820679951432785],[102.75139609714492,4.7820679951432785],[102.75139609714492,4.782657891479086]]],[[[102.75295072231661,4.782657891479086],[102.75217340973076,4.782657891479086],[102.75217340973076,4.7832477883095255],[102.75372803490245,4.7832477883095255],[102.75372803490245,4.781478099302039],[102.75295072231661,4.781478099302039],[102.75295072231661,4.782657891479086]]],[[[102.75061878455908,4.7832477883095255],[102.75139609714492,4.7832477883095255],[102.75139609714492,4.782657891479086],[102.75061878455908,4.782657891479086],[102.75061878455908,4.7832477883095255]]],[[[102.75139609714492,4.783837685634656],[102.75217340973076,4.783837685634656],[102.75217340973076,4.7832477883095255],[102.75139609714492,4.7832477883095255],[102.75139609714492,4.783837685634656]]],[[[102.75372803490245,4.7844275834545416],[102.75450534748829,4.7844275834545416],[102.75450534748829,4.7832477883095255],[102.75372803490245,4.7832477883095255],[102.75372803490245,4.7844275834545416]]],[[[102.74984147197326,4.7832477883095255],[102.74984147197326,4.785017481769244],[102.75061878455908,4.785017481769244],[102.75061878455908,4.7832477883095255],[102.74984147197326,4.7832477883095255]]],[[[102.75217340973076,4.7844275834545416],[102.75217340973076,4.785017481769244],[102.75372803490245,4.785017481769244],[102.75372803490245,4.7844275834545416],[102.75217340973076,4.7844275834545416]]],[[[102.75139609714492,4.785017481769244],[102.75139609714492,4.785607380578827],[102.75217340973076,4.785607380578827],[102.75217340973076,4.785017481769244],[102.75139609714492,4.785017481769244]]],[[[102.7490641593874,4.785017481769244],[102.7490641593874,4.785607380578827],[102.74984147197326,4.785607380578827],[102.74984147197326,4.785017481769244],[102.7490641593874,4.785017481769244]]],[[[102.75061878455908,4.785607380578827],[102.75061878455908,4.788556882052093],[102.75139609714492,4.788556882052093],[102.75139609714492,4.785607380578827],[102.75061878455908,4.785607380578827]]],[[[102.74828684680156,4.785607380578827],[102.74828684680156,4.788556882052093],[102.7490641593874,4.788556882052093],[102.7490641593874,4.785607380578827],[102.74828684680156,4.785607380578827]]],[[[102.7490641593874,4.7897366861077275],[102.75061878455908,4.7897366861077275],[102.75061878455908,4.788556882052093],[102.74984147197326,4.788556882052093],[102.7490641593874,4.7897366861077275]]],[[[102.75217340973076,4.790326588878577],[102.75217340973076,4.7897366861077275],[102.75061878455908,4.7897366861077275],[102.75061878455908,4.790326588878577],[102.75217340973076,4.790326588878577]]],[[[102.75217340973076,4.790326588878577],[102.75217340973076,4.790916492144868],[102.75450534748829,4.790916492144868],[102.75450534748829,4.790326588878577],[102.75217340973076,4.790326588878577]]],[[[102.75450534748829,4.792096300164008],[102.75450534748829,4.792686204916985],[102.75528266007413,4.792686204916985],[102.75528266007413,4.791506395906657],[102.74984147197326,4.791506395906657],[102.74984147197326,4.7932761101656505],[102.75061878455908,4.7932761101656505],[102.75061878455908,4.792096300164008],[102.75450534748829,4.792096300164008]]],[[[102.75295072231661,4.793866015910061],[102.75295072231661,4.794455922150286],[102.75450534748829,4.794455922150286],[102.75450534748829,4.793866015910061],[102.75295072231661,4.793866015910061]]],[[[102.74750953421571,4.794455922150286],[102.74750953421571,4.795045828886384],[102.7490641593874,4.795045828886384],[102.7490641593874,4.7932761101656505],[102.74828684680156,4.7932761101656505],[102.74828684680156,4.794455922150286],[102.74750953421571,4.794455922150286]]],[[[102.75061878455908,4.7932761101656505],[102.75061878455908,4.795045828886384],[102.75139609714492,4.795045828886384],[102.75139609714492,4.7932761101656505],[102.75061878455908,4.7932761101656505]]],[[[102.75217340973076,4.795045828886384],[102.75295072231661,4.795045828886384],[102.75295072231661,4.794455922150286],[102.75217340973076,4.794455922150286],[102.75217340973076,4.795045828886384]]],[[[102.75372803490245,4.795045828886384],[102.75295072231661,4.795045828886384],[102.75295072231661,4.795635736118415],[102.75372803490245,4.795635736118415],[102.75372803490245,4.795045828886384]]],[[[102.74984147197326,4.795045828886384],[102.74984147197326,4.796815552070537],[102.75061878455908,4.796815552070537],[102.75061878455908,4.795045828886384],[102.74984147197326,4.795045828886384]]],[[[102.75217340973076,4.79858527971979],[102.75295072231661,4.79858527971979],[102.75295072231661,4.795635736118415],[102.75217340973076,4.795635736118415],[102.75217340973076,4.79858527971979]]],[[[102.74750953421571,4.79740546079075],[102.74984147197326,4.79740546079075],[102.74984147197326,4.796815552070537],[102.74750953421571,4.796815552070537],[102.74750953421571,4.79740546079075]]],[[[102.75372803490245,4.796225643846447],[102.75372803490245,4.797995370007147],[102.75528266007413,4.797995370007147],[102.75528266007413,4.79740546079075],[102.75450534748829,4.79740546079075],[102.75450534748829,4.796225643846447],[102.75372803490245,4.796225643846447]]],[[[102.75139609714492,4.79858527971979],[102.75139609714492,4.79917518992874],[102.75217340973076,4.79917518992874],[102.75217340973076,4.79858527971979],[102.75139609714492,4.79858527971979]]],[[[102.75061878455908,4.79917518992874],[102.75061878455908,4.799765100634063],[102.75139609714492,4.799765100634063],[102.75139609714492,4.79917518992874],[102.75061878455908,4.79917518992874]]],[[[102.75372803490245,4.799765100634063],[102.75372803490245,4.800355011835818],[102.75450534748829,4.800355011835818],[102.75450534748829,4.799765100634063],[102.75372803490245,4.799765100634063]]],[[[102.7490641593874,4.800944923534068],[102.7490641593874,4.801534835728873],[102.75061878455908,4.801534835728873],[102.75061878455908,4.799765100634063],[102.74984147197326,4.799765100634063],[102.74984147197326,4.800944923534068],[102.7490641593874,4.800944923534068]]],[[[102.75295072231661,4.800355011835818],[102.75295072231661,4.8021247484203],[102.75372803490245,4.8021247484203],[102.75372803490245,4.800355011835818],[102.75295072231661,4.800355011835818]]],[[[102.74828684680156,4.8021247484203],[102.7490641593874,4.8021247484203],[102.7490641593874,4.801534835728873],[102.74828684680156,4.801534835728873],[102.74828684680156,4.8021247484203]]],[[[102.75061878455908,4.80330457529326],[102.75139609714492,4.80330457529326],[102.75139609714492,4.802714661608407],[102.75295072231661,4.802714661608407],[102.75295072231661,4.8021247484203],[102.75061878455908,4.8021247484203],[102.75061878455908,4.80330457529326]]],[[[102.7490641593874,4.803894489474915],[102.74984147197326,4.803894489474915],[102.74984147197326,4.8021247484203],[102.7490641593874,4.8021247484203],[102.7490641593874,4.803894489474915]]],[[[102.75139609714492,4.80330457529326],[102.75139609714492,4.803894489474915],[102.75295072231661,4.803894489474915],[102.75295072231661,4.80330457529326],[102.75139609714492,4.80330457529326]]],[[[102.74984147197326,4.803894489474915],[102.74984147197326,4.80448440415344],[102.75061878455908,4.80448440415344],[102.75061878455908,4.803894489474915],[102.74984147197326,4.803894489474915]]],[[[102.75295072231661,4.803894489474915],[102.75295072231661,4.80448440415344],[102.75372803490245,4.80448440415344],[102.75372803490245,4.803894489474915],[102.75295072231661,4.803894489474915]]],[[[102.75295072231661,4.805664235001342],[102.75295072231661,4.80448440415344],[102.75217340973076,4.80448440415344],[102.75217340973076,4.805664235001342],[102.75295072231661,4.805664235001342]]],[[[102.7490641593874,4.805664235001342],[102.74984147197326,4.805664235001342],[102.74984147197326,4.805074319328896],[102.7490641593874,4.805074319328896],[102.7490641593874,4.805664235001342]]],[[[102.75061878455908,4.807433985001259],[102.75139609714492,4.807433985001259],[102.75139609714492,4.80448440415344],[102.75061878455908,4.80448440415344],[102.75061878455908,4.805664235001342],[102.74984147197326,4.805664235001342],[102.74984147197326,4.806844067837462],[102.75061878455908,4.806844067837462],[102.75061878455908,4.807433985001259]]],[[[102.74828684680156,4.806844067837462],[102.7490641593874,4.806844067837462],[102.7490641593874,4.805664235001342],[102.74828684680156,4.805664235001342],[102.74828684680156,4.806844067837462]]],[[[102.75295072231661,4.807433985001259],[102.75450534748829,4.807433985001259],[102.75450534748829,4.806844067837462],[102.75372803490245,4.806844067837462],[102.75372803490245,4.805664235001342],[102.75295072231661,4.805664235001342],[102.75295072231661,4.807433985001259]]],[[[102.7490641593874,4.807433985001259],[102.74984147197326,4.807433985001259],[102.74984147197326,4.806844067837462],[102.7490641593874,4.806844067837462],[102.7490641593874,4.807433985001259]]],[[[102.74984147197326,4.807433985001259],[102.74984147197326,4.809203739476344],[102.75061878455908,4.809203739476344],[102.75061878455908,4.807433985001259],[102.74984147197326,4.807433985001259]]],[[[102.75217340973076,4.808023902662297],[102.75217340973076,4.809203739476344],[102.75295072231661,4.809203739476344],[102.75295072231661,4.8086138208206375],[102.75450534748829,4.8086138208206375],[102.75450534748829,4.808023902662297],[102.75217340973076,4.808023902662297]]],[[[102.7490641593874,4.809203739476344],[102.7490641593874,4.809793658629477],[102.74984147197326,4.809793658629477],[102.74984147197326,4.809203739476344],[102.7490641593874,4.809203739476344]]],[[[102.75139609714492,4.810973498428275],[102.75217340973076,4.810973498428275],[102.75217340973076,4.809203739476344],[102.75139609714492,4.809203739476344],[102.75139609714492,4.810973498428275]]],[[[102.74828684680156,4.8103835782801],[102.7490641593874,4.8103835782801],[102.7490641593874,4.809793658629477],[102.74828684680156,4.809793658629477],[102.74828684680156,4.8103835782801]]],[[[102.74750953421571,4.8103835782801],[102.74750953421571,4.811563419074064],[102.74828684680156,4.811563419074064],[102.74828684680156,4.8103835782801],[102.74750953421571,4.8103835782801]]],[[[102.74984147197326,4.810973498428275],[102.74984147197326,4.812153340217528],[102.75061878455908,4.812153340217528],[102.75139609714492,4.810973498428275],[102.74984147197326,4.810973498428275]]],[[[102.75061878455908,4.812153340217528],[102.75061878455908,4.8127432618587305],[102.75139609714492,4.8127432618587305],[102.75139609714492,4.812153340217528],[102.75061878455908,4.812153340217528]]],[[[102.74984147197326,4.813923106634601],[102.75061878455908,4.813923106634601],[102.75061878455908,4.8127432618587305],[102.74984147197326,4.8127432618587305],[102.74984147197326,4.813923106634601]]],[[[102.74984147197326,4.813923106634601],[102.74750953421571,4.813923106634601],[102.74750953421571,4.815692877532995],[102.74828684680156,4.815692877532995],[102.74828684680156,4.814513029769391],[102.74984147197326,4.814513029769391],[102.74984147197326,4.813923106634601]]],[[[102.74750953421571,4.8186425056600415],[102.74828684680156,4.8186425056600415],[102.74828684680156,4.818052579038038],[102.74750953421571,4.818052579038038],[102.74750953421571,4.8186425056600415]]],[[[102.7490641593874,4.8186425056600415],[102.74828684680156,4.8186425056600415],[102.74828684680156,4.81982236039938],[102.7490641593874,4.81982236039938],[102.7490641593874,4.8186425056600415]]],[[[102.7490641593874,4.821002217132903],[102.74984147197326,4.821002217132903],[102.74984147197326,4.81982236039938],[102.7490641593874,4.81982236039938],[102.7490641593874,4.821002217132903]]],[[[102.75061878455908,4.821002217132903],[102.74984147197326,4.821002217132903],[102.74984147197326,4.822772005973375],[102.75061878455908,4.822772005973375],[102.75061878455908,4.821002217132903]]],[[[102.75061878455908,4.82395186769454],[102.75139609714492,4.82395186769454],[102.75139609714492,4.822772005973375],[102.75061878455908,4.822772005973375],[102.75061878455908,4.82395186769454]]],[[[102.75295072231661,4.82395186769454],[102.75139609714492,4.82395186769454],[102.75139609714492,4.824541799303565],[102.75295072231661,4.824541799303565],[102.75295072231661,4.82395186769454]]],[[[102.75295072231661,4.8251317314116315],[102.75372803490245,4.8251317314116315],[102.75372803490245,4.824541799303565],[102.75295072231661,4.824541799303565],[102.75295072231661,4.8251317314116315]]],[[[102.75372803490245,4.825721664018806],[102.75450534748829,4.825721664018806],[102.75450534748829,4.8251317314116315],[102.75372803490245,4.8251317314116315],[102.75372803490245,4.825721664018806]]],[[[102.75372803490245,4.825721664018806],[102.75295072231661,4.825721664018806],[102.75295072231661,4.826311597125148],[102.75372803490245,4.826311597125148],[102.75372803490245,4.825721664018806]]],[[[102.75217340973076,4.828081399439805],[102.75217340973076,4.828671334543441],[102.75295072231661,4.828671334543441],[102.75295072231661,4.827491464835585],[102.75372803490245,4.827491464835585],[102.75295072231661,4.826311597125148],[102.75217340973076,4.826311597125148],[102.75217340973076,4.827491464835585],[102.75139609714492,4.827491464835585],[102.75139609714492,4.828081399439805],[102.75217340973076,4.828081399439805]]],[[[102.74750953421571,4.830441142851476],[102.74750953421571,4.831031079953402],[102.74828684680156,4.831031079953402],[102.74828684680156,4.830441142851476],[102.74750953421571,4.830441142851476]]],[[[102.74828684680156,4.831621017555056],[102.75139609714492,4.831621017555056],[102.75139609714492,4.831031079953402],[102.74828684680156,4.831031079953402],[102.74828684680156,4.831621017555056]]],[[[102.75217340973076,4.831621017555056],[102.75139609714492,4.831621017555056],[102.75139609714492,4.8322109556565005],[102.75217340973076,4.8322109556565005],[102.75217340973076,4.831621017555056]]],[[[102.75217340973076,4.832800894257798],[102.75295072231661,4.832800894257798],[102.75295072231661,4.8322109556565005],[102.75217340973076,4.8322109556565005],[102.75217340973076,4.832800894257798]]],[[[102.75372803490245,4.832800894257798],[102.75295072231661,4.832800894257798],[102.75217340973076,4.833980772960196],[102.75372803490245,4.833980772960196],[102.75372803490245,4.832800894257798]]],[[[102.75139609714492,4.835160653662751],[102.75217340973076,4.835160653662751],[102.75217340973076,4.833980772960196],[102.75139609714492,4.833980772960196],[102.75139609714492,4.835160653662751]]],[[[102.75217340973076,4.8357505947642405],[102.75372803490245,4.8357505947642405],[102.75372803490245,4.835160653662751],[102.75217340973076,4.835160653662751],[102.75217340973076,4.8357505947642405]]],[[[102.74750953421571,4.836930478467962],[102.74828684680156,4.836930478467962],[102.74828684680156,4.836340536365958],[102.74750953421571,4.836340536365958],[102.74750953421571,4.836930478467962]]],[[[102.74828684680156,4.836930478467962],[102.74828684680156,4.837520421070315],[102.7490641593874,4.837520421070315],[102.7490641593874,4.836930478467962],[102.74828684680156,4.836930478467962]]],[[[102.75217340973076,4.83811036417308],[102.75217340973076,4.838700307776318],[102.75450534748829,4.838700307776318],[102.75450534748829,4.8357505947642405],[102.75372803490245,4.8357505947642405],[102.75372803490245,4.83811036417308],[102.75217340973076,4.83811036417308]]],[[[102.74984147197326,4.839290251880095],[102.74984147197326,4.83988019648447],[102.75139609714492,4.83988019648447],[102.75061878455908,4.841060087195263],[102.75217340973076,4.841650033301806],[102.75217340973076,4.838700307776318],[102.75139609714492,4.838700307776318],[102.75139609714492,4.839290251880095],[102.74984147197326,4.839290251880095]]],[[[102.74984147197326,4.841060087195263],[102.74984147197326,4.83988019648447],[102.7490641593874,4.83988019648447],[102.7490641593874,4.841060087195263],[102.74984147197326,4.841060087195263]]],[[[102.74828684680156,4.841060087195263],[102.74828684680156,4.842829927017496],[102.7490641593874,4.842829927017496],[102.7490641593874,4.841060087195263],[102.74828684680156,4.841060087195263]]],[[[102.74828684680156,4.846959570806284],[102.74828684680156,4.847549521924099],[102.74984147197326,4.847549521924099],[102.74984147197326,4.846959570806284],[102.74828684680156,4.846959570806284]]],[[[102.74984147197326,4.847549521924099],[102.74984147197326,4.849319378286607],[102.75061878455908,4.849319378286607],[102.75061878455908,4.847549521924099],[102.74984147197326,4.847549521924099]]],[[[102.75295072231661,4.8499093314106725],[102.75372803490245,4.8499093314106725],[102.75450534748829,4.848729425664199],[102.75295072231661,4.848729425664199],[102.75295072231661,4.8499093314106725]]],[[[102.75139609714492,4.8499093314106725],[102.75217340973076,4.8499093314106725],[102.75217340973076,4.849319378286607],[102.75139609714492,4.849319378286607],[102.75139609714492,4.8499093314106725]]],[[[102.7490641593874,4.8499093314106725],[102.74984147197326,4.8499093314106725],[102.74984147197326,4.849319378286607],[102.7490641593874,4.849319378286607],[102.7490641593874,4.8499093314106725]]],[[[102.75139609714492,4.8499093314106725],[102.74984147197326,4.8499093314106725],[102.74984147197326,4.850499285036454],[102.75139609714492,4.850499285036454],[102.75139609714492,4.8499093314106725]]],[[[102.75217340973076,4.8499093314106725],[102.75217340973076,4.850499285036454],[102.75295072231661,4.850499285036454],[102.75295072231661,4.8499093314106725],[102.75217340973076,4.8499093314106725]]],[[[102.74750953421571,4.861118536165238],[102.74750953421571,4.8617084993354815],[102.74828684680156,4.8617084993354815],[102.74828684680156,4.861118536165238],[102.74750953421571,4.861118536165238]]],[[[102.74828684680156,4.8617084993354815],[102.74828684680156,4.8622984630086865],[102.7490641593874,4.8622984630086865],[102.7490641593874,4.8617084993354815],[102.74828684680156,4.8617084993354815]]],[[[102.74750953421571,4.863478391864234],[102.74750953421571,4.8640683570467],[102.74828684680156,4.8640683570467],[102.74828684680156,4.863478391864234],[102.74750953421571,4.863478391864234]]],[[[102.74750953421571,4.865248288921326],[102.7490641593874,4.865248288921326],[102.7490641593874,4.8640683570467],[102.74828684680156,4.8640683570467],[102.74750953421571,4.865248288921326]]],[[[102.74984147197326,4.867018190508436],[102.74984147197326,4.865248288921326],[102.7490641593874,4.865248288921326],[102.7490641593874,4.867018190508436],[102.74984147197326,4.867018190508436]]],[[[102.74984147197326,4.867018190508436],[102.74984147197326,4.868198127417349],[102.75061878455908,4.868198127417349],[102.75061878455908,4.867018190508436],[102.74984147197326,4.867018190508436]]],[[[102.75061878455908,4.868198127417349],[102.75061878455908,4.87055800727943],[102.75139609714492,4.87055800727943],[102.75139609714492,4.868198127417349],[102.75061878455908,4.868198127417349]]],[[[102.74750953421571,4.869968036558225],[102.74750953421571,4.87055800727943],[102.7490641593874,4.87055800727943],[102.7490641593874,4.869378066340849],[102.74750953421571,4.869968036558225]]],[[[102.7490641593874,4.87055800727943],[102.7490641593874,4.871147978504534],[102.74984147197326,4.871147978504534],[102.74984147197326,4.87055800727943],[102.7490641593874,4.87055800727943]]],[[[102.75139609714492,4.87055800727943],[102.75139609714492,4.871147978504534],[102.75217340973076,4.871147978504534],[102.75217340973076,4.87055800727943],[102.75139609714492,4.87055800727943]]],[[[102.74750953421571,4.871147978504534],[102.74750953421571,4.871737950233596],[102.74828684680156,4.871737950233596],[102.74828684680156,4.871147978504534],[102.74750953421571,4.871147978504534]]],[[[102.75217340973076,4.871147978504534],[102.75217340973076,4.871737950233596],[102.75450534748829,4.871737950233596],[102.75450534748829,4.871147978504534],[102.75217340973076,4.871147978504534]]],[[[102.74984147197326,4.872917895203838],[102.75061878455908,4.872917895203838],[102.75061878455908,4.871147978504534],[102.74984147197326,4.871147978504534],[102.74984147197326,4.872917895203838]]],[[[102.74828684680156,4.873507868445145],[102.7490641593874,4.873507868445145],[102.7490641593874,4.871737950233596],[102.74828684680156,4.871737950233596],[102.74828684680156,4.873507868445145]]],[[[102.75061878455908,4.873507868445145],[102.75295072231661,4.873507868445145],[102.75295072231661,4.872917895203838],[102.75061878455908,4.872917895203838],[102.75061878455908,4.873507868445145]]],[[[102.75295072231661,4.873507868445145],[102.75295072231661,4.874097842190658],[102.75450534748829,4.874097842190658],[102.75450534748829,4.873507868445145],[102.75295072231661,4.873507868445145]]],[[[102.74750953421571,4.87940762859983],[102.74750953421571,4.879997607390829],[102.74828684680156,4.879997607390829],[102.74828684680156,4.87940762859983],[102.74750953421571,4.87940762859983]]],[[[102.75450534748829,4.790326588878577],[102.75605997265997,4.790326588878577],[102.75605997265997,4.7897366861077275],[102.75450534748829,4.7897366861077275],[102.75450534748829,4.790326588878577]]],[[[102.75683728524581,4.790326588878577],[102.75605997265997,4.790326588878577],[102.75605997265997,4.790916492144868],[102.75683728524581,4.790916492144868],[102.75683728524581,4.790326588878577]]],[[[102.75683728524581,4.790916492144868],[102.75683728524581,4.792096300164008],[102.75761459783165,4.792096300164008],[102.75761459783165,4.790916492144868],[102.75683728524581,4.790916492144868]]],[[[102.75683728524581,4.792686204916985],[102.75683728524581,4.792096300164008],[102.75605997265997,4.792096300164008],[102.75605997265997,4.792686204916985],[102.75683728524581,4.792686204916985]]],[[[102.75528266007413,4.792686204916985],[102.75528266007413,4.7932761101656505],[102.75605997265997,4.7932761101656505],[102.75605997265997,4.792686204916985],[102.75528266007413,4.792686204916985]]],[[[102.75528266007413,4.793866015910061],[102.75528266007413,4.7932761101656505],[102.75450534748829,4.7932761101656505],[102.75450534748829,4.793866015910061],[102.75528266007413,4.793866015910061]]],[[[102.75528266007413,4.793866015910061],[102.75528266007413,4.795045828886384],[102.75605997265997,4.795045828886384],[102.75605997265997,4.793866015910061],[102.75528266007413,4.793866015910061]]],[[[102.75450534748829,4.795045828886384],[102.75450534748829,4.796225643846447],[102.75528266007413,4.796225643846447],[102.75528266007413,4.795045828886384],[102.75450534748829,4.795045828886384]]],[[[102.75761459783165,4.79740546079075],[102.75761459783165,4.797995370007147],[102.7583919104175,4.797995370007147],[102.7583919104175,4.79740546079075],[102.75761459783165,4.79740546079075]]],[[[102.7583919104175,4.797995370007147],[102.7583919104175,4.79858527971979],[102.75916922300334,4.79858527971979],[102.75916922300334,4.797995370007147],[102.7583919104175,4.797995370007147]]],[[[102.7583919104175,4.799765100634063],[102.7583919104175,4.79858527971979],[102.75761459783165,4.79858527971979],[102.75761459783165,4.797995370007147],[102.75683728524581,4.797995370007147],[102.75683728524581,4.79858527971979],[102.75528266007413,4.797995370007147],[102.75528266007413,4.79917518992874],[102.75761459783165,4.79917518992874],[102.75761459783165,4.799765100634063],[102.7583919104175,4.799765100634063]]],[[[102.75605997265997,4.799765100634063],[102.75605997265997,4.800355011835818],[102.75761459783165,4.800355011835818],[102.75761459783165,4.799765100634063],[102.75605997265997,4.799765100634063]]],[[[102.75605997265997,4.800944923534068],[102.75605997265997,4.800355011835818],[102.75450534748829,4.800355011835818],[102.75450534748829,4.800944923534068],[102.75605997265997,4.800944923534068]]],[[[102.76694234886175,4.8021247484203],[102.76694234886175,4.802714661608407],[102.76927428661926,4.802714661608407],[102.76927428661926,4.8021247484203],[102.76694234886175,4.8021247484203]]],[[[102.77471547472017,4.802714661608407],[102.77471547472017,4.8021247484203],[102.7739381621343,4.8021247484203],[102.7739381621343,4.802714661608407],[102.77471547472017,4.802714661608407]]],[[[102.77471547472017,4.802714661608407],[102.77471547472017,4.80330457529326],[102.775492787306,4.80330457529326],[102.775492787306,4.802714661608407],[102.77471547472017,4.802714661608407]]],[[[102.77316084954846,4.802714661608407],[102.77316084954846,4.80330457529326],[102.7739381621343,4.80330457529326],[102.7739381621343,4.802714661608407],[102.77316084954846,4.802714661608407]]],[[[102.76927428661926,4.802714661608407],[102.76927428661926,4.80330457529326],[102.7700515992051,4.80330457529326],[102.7700515992051,4.802714661608407],[102.76927428661926,4.802714661608407]]],[[[102.76616503627591,4.802714661608407],[102.76616503627591,4.803894489474915],[102.76694234886175,4.803894489474915],[102.76694234886175,4.802714661608407],[102.76616503627591,4.802714661608407]]],[[[102.7739381621343,4.803894489474915],[102.77471547472017,4.803894489474915],[102.77471547472017,4.80330457529326],[102.7739381621343,4.80330457529326],[102.7739381621343,4.803894489474915]]],[[[102.775492787306,4.803894489474915],[102.77627009989183,4.803894489474915],[102.77627009989183,4.80330457529326],[102.775492787306,4.80330457529326],[102.775492787306,4.803894489474915]]],[[[102.7700515992051,4.80330457529326],[102.7700515992051,4.80448440415344],[102.77082891179096,4.80448440415344],[102.77082891179096,4.80330457529326],[102.7700515992051,4.80330457529326]]],[[[102.77471547472017,4.803894489474915],[102.77471547472017,4.80448440415344],[102.775492787306,4.80448440415344],[102.775492787306,4.803894489474915],[102.77471547472017,4.803894489474915]]],[[[102.76694234886175,4.80448440415344],[102.76927428661926,4.80448440415344],[102.76927428661926,4.803894489474915],[102.76694234886175,4.803894489474915],[102.76694234886175,4.80448440415344]]],[[[102.7716062243768,4.80448440415344],[102.77238353696264,4.80448440415344],[102.77238353696264,4.803894489474915],[102.7716062243768,4.803894489474915],[102.7716062243768,4.80448440415344]]],[[[102.76927428661926,4.805074319328896],[102.7700515992051,4.805074319328896],[102.7700515992051,4.80448440415344],[102.76927428661926,4.80448440415344],[102.76927428661926,4.805074319328896]]],[[[102.77082891179096,4.80448440415344],[102.77082891179096,4.806254151170844],[102.7716062243768,4.806254151170844],[102.7716062243768,4.80448440415344],[102.77082891179096,4.80448440415344]]],[[[102.77238353696264,4.80448440415344],[102.77238353696264,4.806254151170844],[102.77316084954846,4.806254151170844],[102.77316084954846,4.80448440415344],[102.77238353696264,4.80448440415344]]],[[[102.77782472506351,4.805664235001342],[102.77782472506351,4.806254151170844],[102.77860203764936,4.806254151170844],[102.77860203764936,4.805664235001342],[102.77782472506351,4.805664235001342]]],[[[102.7716062243768,4.806254151170844],[102.7716062243768,4.806844067837462],[102.77238353696264,4.806844067837462],[102.77238353696264,4.806254151170844],[102.7716062243768,4.806254151170844]]],[[[102.77860203764936,4.806254151170844],[102.77860203764936,4.806844067837462],[102.7793793502352,4.806844067837462],[102.7793793502352,4.806254151170844],[102.77860203764936,4.806254151170844]]],[[[102.76305578593254,4.806254151170844],[102.76305578593254,4.806844067837462],[102.76538772369005,4.806844067837462],[102.76538772369005,4.806254151170844],[102.76305578593254,4.806254151170844]]],[[[102.77704741247767,4.806254151170844],[102.77704741247767,4.806844067837462],[102.77782472506351,4.806844067837462],[102.77782472506351,4.806254151170844],[102.77704741247767,4.806254151170844]]],[[[102.75605997265997,4.807433985001259],[102.75683728524581,4.807433985001259],[102.75683728524581,4.806844067837462],[102.75605997265997,4.806844067837462],[102.75605997265997,4.807433985001259]]],[[[102.76227847334671,4.807433985001259],[102.76305578593254,4.807433985001259],[102.76305578593254,4.806844067837462],[102.76227847334671,4.806844067837462],[102.76227847334671,4.807433985001259]]],[[[102.76538772369005,4.806844067837462],[102.76538772369005,4.807433985001259],[102.76616503627591,4.807433985001259],[102.76616503627591,4.806844067837462],[102.76538772369005,4.806844067837462]]],[[[102.77782472506351,4.806844067837462],[102.77782472506351,4.807433985001259],[102.77860203764936,4.807433985001259],[102.77860203764936,4.806844067837462],[102.77782472506351,4.806844067837462]]],[[[102.75450534748829,4.807433985001259],[102.75450534748829,4.808023902662297],[102.75605997265997,4.808023902662297],[102.75605997265997,4.807433985001259],[102.75450534748829,4.807433985001259]]],[[[102.75683728524581,4.807433985001259],[102.75683728524581,4.808023902662297],[102.7583919104175,4.808023902662297],[102.7583919104175,4.807433985001259],[102.75683728524581,4.807433985001259]]],[[[102.76383309851838,4.807433985001259],[102.76383309851838,4.808023902662297],[102.76538772369005,4.808023902662297],[102.76538772369005,4.807433985001259],[102.76383309851838,4.807433985001259]]],[[[102.7583919104175,4.808023902662297],[102.7583919104175,4.8086138208206375],[102.75916922300334,4.8086138208206375],[102.75916922300334,4.808023902662297],[102.7583919104175,4.808023902662297]]],[[[102.76150116076086,4.809203739476344],[102.75994653558917,4.809203739476344],[102.75994653558917,4.809793658629477],[102.76227847334671,4.809793658629477],[102.76227847334671,4.807433985001259],[102.76150116076086,4.807433985001259],[102.76150116076086,4.809203739476344]]],[[[102.75916922300334,4.809203739476344],[102.75994653558917,4.809203739476344],[102.75994653558917,4.8086138208206375],[102.75916922300334,4.8086138208206375],[102.75916922300334,4.809203739476344]]],[[[102.75450534748829,4.809203739476344],[102.75528266007413,4.809203739476344],[102.75528266007413,4.8086138208206375],[102.75450534748829,4.8086138208206375],[102.75450534748829,4.809203739476344]]],[[[102.78559785092192,4.8086138208206375],[102.78559785092192,4.809203739476344],[102.78637516350776,4.809203739476344],[102.78637516350776,4.8086138208206375],[102.78559785092192,4.8086138208206375]]],[[[102.76461041110421,4.8103835782801],[102.76461041110421,4.809793658629477],[102.76383309851838,4.809793658629477],[102.76461041110421,4.8086138208206375],[102.76305578593254,4.808023902662297],[102.76305578593254,4.8103835782801],[102.76461041110421,4.8103835782801]]],[[[102.76461041110421,4.809203739476344],[102.76461041110421,4.809793658629477],[102.76538772369005,4.809793658629477],[102.76538772369005,4.809203739476344],[102.76461041110421,4.809203739476344]]],[[[102.75528266007413,4.809203739476344],[102.75528266007413,4.809793658629477],[102.75605997265997,4.809793658629477],[102.75605997265997,4.809203739476344],[102.75528266007413,4.809203739476344]]],[[[102.78482053833609,4.809203739476344],[102.78482053833609,4.809793658629477],[102.78559785092192,4.809793658629477],[102.78559785092192,4.809203739476344],[102.78482053833609,4.809203739476344]]],[[[102.78637516350776,4.809203739476344],[102.78637516350776,4.809793658629477],[102.78715247609362,4.809793658629477],[102.78715247609362,4.809203739476344],[102.78637516350776,4.809203739476344]]],[[[102.75605997265997,4.809793658629477],[102.75605997265997,4.8103835782801],[102.75761459783165,4.8103835782801],[102.75761459783165,4.809793658629477],[102.75605997265997,4.809793658629477]]],[[[102.78559785092192,4.8103835782801],[102.78637516350776,4.8103835782801],[102.78637516350776,4.809793658629477],[102.78559785092192,4.809793658629477],[102.78559785092192,4.8103835782801]]],[[[102.76227847334671,4.810973498428275],[102.76305578593254,4.810973498428275],[102.76305578593254,4.8103835782801],[102.76227847334671,4.8103835782801],[102.76227847334671,4.810973498428275]]],[[[102.75761459783165,4.810973498428275],[102.75916922300334,4.810973498428275],[102.75916922300334,4.8103835782801],[102.75761459783165,4.8103835782801],[102.75761459783165,4.810973498428275]]],[[[102.76227847334671,4.810973498428275],[102.75916922300334,4.810973498428275],[102.75916922300334,4.811563419074064],[102.76227847334671,4.811563419074064],[102.76227847334671,4.810973498428275]]],[[[102.75450534748829,4.828081399439805],[102.75528266007413,4.828081399439805],[102.75528266007413,4.827491464835585],[102.75372803490245,4.827491464835585],[102.75372803490245,4.828671334543441],[102.75450534748829,4.828671334543441],[102.75450534748829,4.828081399439805]]],[[[102.75605997265997,4.828671334543441],[102.75605997265997,4.828081399439805],[102.75528266007413,4.828081399439805],[102.75528266007413,4.828671334543441],[102.75605997265997,4.828671334543441]]],[[[102.75605997265997,4.828671334543441],[102.75605997265997,4.829261270146557],[102.75683728524581,4.829261270146557],[102.75683728524581,4.828671334543441],[102.75605997265997,4.828671334543441]]],[[[102.75683728524581,4.830441142851476],[102.75761459783165,4.830441142851476],[102.75761459783165,4.829261270146557],[102.75683728524581,4.829261270146557],[102.75683728524581,4.830441142851476]]],[[[102.75761459783165,4.832800894257798],[102.75683728524581,4.832800894257798],[102.75683728524581,4.833390833359008],[102.7583919104175,4.833390833359008],[102.7583919104175,4.832800894257798],[102.75916922300334,4.832800894257798],[102.75916922300334,4.8322109556565005],[102.7583919104175,4.8322109556565005],[102.7583919104175,4.830441142851476],[102.75761459783165,4.830441142851476],[102.75761459783165,4.832800894257798]]],[[[102.75916922300334,4.8345707130614235],[102.75994653558917,4.8345707130614235],[102.75994653558917,4.832800894257798],[102.75916922300334,4.832800894257798],[102.75916922300334,4.8345707130614235]]],[[[102.760723848175,4.836340536365958],[102.760723848175,4.8345707130614235],[102.75994653558917,4.8345707130614235],[102.75994653558917,4.836340536365958],[102.760723848175,4.836340536365958]]],[[[102.760723848175,4.836340536365958],[102.760723848175,4.83811036417308],[102.76150116076086,4.83811036417308],[102.76150116076086,4.836340536365958],[102.760723848175,4.836340536365958]]],[[[102.76150116076086,4.83811036417308],[102.76150116076086,4.838700307776318],[102.76227847334671,4.838700307776318],[102.76227847334671,4.83811036417308],[102.76150116076086,4.83811036417308]]],[[[102.75761459783165,4.838700307776318],[102.75761459783165,4.839290251880095],[102.75916922300334,4.839290251880095],[102.75916922300334,4.83811036417308],[102.75761459783165,4.838700307776318]]],[[[102.760723848175,4.839290251880095],[102.760723848175,4.83988019648447],[102.76150116076086,4.83988019648447],[102.76150116076086,4.838700307776318],[102.75994653558917,4.838700307776318],[102.75994653558917,4.839290251880095],[102.760723848175,4.839290251880095]]],[[[102.76305578593254,4.839290251880095],[102.76305578593254,4.83988019648447],[102.76383309851838,4.83988019648447],[102.76383309851838,4.839290251880095],[102.76305578593254,4.839290251880095]]],[[[102.76227847334671,4.840470141589504],[102.76227847334671,4.841060087195263],[102.76305578593254,4.841060087195263],[102.76305578593254,4.83988019648447],[102.76150116076086,4.83988019648447],[102.76150116076086,4.840470141589504],[102.76227847334671,4.840470141589504]]],[[[102.76383309851838,4.83988019648447],[102.76383309851838,4.842239979909197],[102.76461041110421,4.842239979909197],[102.76461041110421,4.83988019648447],[102.76383309851838,4.83988019648447]]],[[[102.75994653558917,4.841650033301806],[102.75994653558917,4.842239979909197],[102.760723848175,4.842239979909197],[102.760723848175,4.840470141589504],[102.75916922300334,4.840470141589504],[102.75916922300334,4.841650033301806],[102.75994653558917,4.841650033301806]]],[[[102.76227847334671,4.842239979909197],[102.76227847334671,4.841060087195263],[102.76150116076086,4.841060087195263],[102.76150116076086,4.842239979909197],[102.76227847334671,4.842239979909197]]],[[[102.76227847334671,4.842239979909197],[102.76227847334671,4.842829927017496],[102.76305578593254,4.842829927017496],[102.76305578593254,4.844009822737073],[102.76383309851838,4.844009822737073],[102.76383309851838,4.842239979909197],[102.76227847334671,4.842239979909197]]],[[[102.760723848175,4.842829927017496],[102.75994653558917,4.842829927017496],[102.75994653558917,4.844599771348474],[102.760723848175,4.844599771348474],[102.760723848175,4.844009822737073],[102.76227847334671,4.844009822737073],[102.76227847334671,4.843419874626768],[102.760723848175,4.843419874626768],[102.760723848175,4.842829927017496]]],[[[102.76305578593254,4.844009822737073],[102.76227847334671,4.844009822737073],[102.76227847334671,4.844599771348474],[102.76305578593254,4.844599771348474],[102.76305578593254,4.844009822737073]]],[[[102.7583919104175,4.8451897204610335],[102.7583919104175,4.844599771348474],[102.75683728524581,4.844009822737073],[102.75683728524581,4.845779670074815],[102.7583919104175,4.8451897204610335]]],[[[102.760723848175,4.844599771348474],[102.760723848175,4.845779670074815],[102.76150116076086,4.845779670074815],[102.76150116076086,4.844599771348474],[102.760723848175,4.844599771348474]]],[[[102.7583919104175,4.845779670074815],[102.75916922300334,4.845779670074815],[102.75916922300334,4.8451897204610335],[102.7583919104175,4.8451897204610335],[102.7583919104175,4.845779670074815]]],[[[102.760723848175,4.845779670074815],[102.75916922300334,4.845779670074815],[102.75916922300334,4.846369620189877],[102.760723848175,4.846369620189877],[102.760723848175,4.845779670074815]]],[[[102.75605997265997,4.847549521924099],[102.75683728524581,4.847549521924099],[102.75683728524581,4.845779670074815],[102.75605997265997,4.845779670074815],[102.75605997265997,4.847549521924099]]],[[[102.75683728524581,4.848139473543384],[102.75761459783165,4.848139473543384],[102.75761459783165,4.847549521924099],[102.75683728524581,4.847549521924099],[102.75683728524581,4.848139473543384]]],[[[102.75683728524581,4.848139473543384],[102.75605997265997,4.848139473543384],[102.75605997265997,4.848729425664199],[102.75683728524581,4.848729425664199],[102.75683728524581,4.848139473543384]]],[[[102.75528266007413,4.848729425664199],[102.75528266007413,4.849319378286607],[102.75605997265997,4.849319378286607],[102.75605997265997,4.848729425664199],[102.75528266007413,4.848729425664199]]],[[[102.75528266007413,4.8499093314106725],[102.75528266007413,4.849319378286607],[102.75450534748829,4.849319378286607],[102.75450534748829,4.8499093314106725],[102.75528266007413,4.8499093314106725]]],[[[102.75605997265997,4.869968036558225],[102.75605997265997,4.87055800727943],[102.75683728524581,4.87055800727943],[102.75683728524581,4.869968036558225],[102.75605997265997,4.869968036558225]]],[[[102.75605997265997,4.871147978504534],[102.75605997265997,4.87055800727943],[102.75450534748829,4.87055800727943],[102.75450534748829,4.871147978504534],[102.75605997265997,4.871147978504534]]],[[[102.75683728524581,4.87055800727943],[102.75683728524581,4.871737950233596],[102.75761459783165,4.871737950233596],[102.75761459783165,4.87055800727943],[102.75683728524581,4.87055800727943]]],[[[102.75683728524581,4.872327922466676],[102.75683728524581,4.871737950233596],[102.75605997265997,4.871737950233596],[102.75605997265997,4.872327922466676],[102.75683728524581,4.872327922466676]]],[[[102.75528266007413,4.872917895203838],[102.75605997265997,4.872917895203838],[102.75605997265997,4.872327922466676],[102.75528266007413,4.872327922466676],[102.75528266007413,4.872917895203838]]],[[[102.75605997265997,4.873507868445145],[102.75683728524581,4.873507868445145],[102.75683728524581,4.872917895203838],[102.75605997265997,4.872917895203838],[102.75605997265997,4.873507868445145]]],[[[102.75605997265997,4.873507868445145],[102.75528266007413,4.873507868445145],[102.75528266007413,4.874097842190658],[102.75605997265997,4.874097842190658],[102.75605997265997,4.873507868445145]]],[[[102.75450534748829,4.874097842190658],[102.75450534748829,4.874687816440439],[102.75528266007413,4.874687816440439],[102.75528266007413,4.874097842190658],[102.75450534748829,4.874097842190658]]],[[[102.7560900430091,4.889437336754285],[102.75669518790802,4.890027324136892],[102.75761459783165,4.890027324136892],[102.75761459783165,4.889437336754285],[102.7560900430091,4.889437336754285]]],[[[102.75761459783165,4.890617312025445],[102.7583919104175,4.890617312025445],[102.7583919104175,4.890027324136892],[102.75761459783165,4.890027324136892],[102.75761459783165,4.890617312025445]]],[[[102.7583919104175,4.891207300420012],[102.75916922300334,4.891207300420012],[102.75916922300334,4.890617312025445],[102.7583919104175,4.890617312025445],[102.7583919104175,4.891207300420012]]],[[[102.7583919104175,4.891207300420012],[102.7579054777059,4.891207300420012],[102.7583919104175,4.89168155026846],[102.7583919104175,4.891207300420012]]],[[[102.760723848175,4.892387278727425],[102.76150116076086,4.892387278727425],[102.76150116076086,4.891797289320651],[102.760723848175,4.891797289320651],[102.760723848175,4.892387278727425]]],[[[102.76227847334671,4.892387278727425],[102.76150116076086,4.892387278727425],[102.76150116076086,4.892977268640398],[102.76227847334671,4.892977268640398],[102.76227847334671,4.892387278727425]]],[[[102.75911576750376,4.892387278727425],[102.75972091240267,4.892977268640398],[102.760723848175,4.892977268640398],[102.760723848175,4.892387278727425],[102.75911576750376,4.892387278727425]]],[[[102.76227847334671,4.893567259059631],[102.76305578593254,4.893567259059631],[102.76305578593254,4.892977268640398],[102.76227847334671,4.892977268640398],[102.76227847334671,4.893567259059631]]],[[[102.76227847334671,4.893567259059631],[102.76150116076086,4.893567259059631],[102.76153634709948,4.894747241417124],[102.76227847334671,4.894747241417124],[102.76227847334671,4.893567259059631]]]]},"properties":{"place_id":"3c62490b-9d22-53cd-8666-3eefd06fc836","habitat":"water_edge","habitat_label":"Water edge","resolution_m":75}}]}