{"type":"FeatureCollection","metadata":{"schema_version":1,"place_id":"43c82e7a-6cf9-5d1b-8355-8d527620f5f1","place_name":"Tawau Hills Park","place_type":"park","osm_reference":"way/1507907985","protection_context":"mapped protected boundary","resolution_m":50,"raster_coverage":1.0,"interpretation":"Suggested search habitats, not predicted plant locations or probabilities of presence."},"features":[{"type":"Feature","geometry":{"type":"MultiPolygon","coordinates":[[[[117.95770310975635,4.401685118533043],[117.95770310975635,4.402078178632725],[117.95822131814693,4.402078178632725],[117.95822131814693,4.401685118533043],[117.95770310975635,4.401685118533043]]],[[[117.95925773492806,4.401685118533043],[117.95925773492806,4.402078178632725],[117.95977594331859,4.402078178632725],[117.95977594331859,4.401685118533043],[117.95925773492806,4.401685118533043]]],[[[117.9794678621599,4.414263142032837],[117.97894965376936,4.414263142032837],[117.97894965376936,4.414656208607352],[117.9794678621599,4.414656208607352],[117.9794678621599,4.414263142032837]]],[[[118.06445403821186,4.4803011834285345],[118.06445403821186,4.480694284303913],[118.06393582982129,4.480694284303913],[118.06341762143073,4.47990808275886],[118.06393582982129,4.47990808275886],[118.06393582982129,4.479514982294869],[118.06495838909511,4.47990808275886],[118.06658620000002,4.474326995108376],[118.0633501,4.472613795110161],[118.06011399999997,4.472518695110243],[118.06373079999999,4.46994879511292],[118.07353420000001,4.471376495111443],[118.07643710000002,4.4685686951143655],[118.0704409,4.46181109512141],[118.0640639,4.462334495120888],[118.06277899999998,4.459066795124317],[118.0660151,4.458495695124871],[118.06515849999998,4.455164395128367],[118.06020919999999,4.454878895128667],[118.0584008,4.457353495126062],[118.0582105,4.459161895124202],[118.0562117,4.459828195123496],[118.0571635,4.463064295120105],[118.0552599,4.46449189511864],[118.05512628718178,4.465363502422511],[118.05564449557234,4.465363502422511],[118.05564449557234,4.465756595494066],[118.05512628718178,4.465756595494066],[118.051548,4.469658195113226],[118.0490924,4.469658195113226],[118.04846419999998,4.466460195116558],[118.04949209999995,4.461377695121864],[118.04578019999998,4.461149295122092],[118.0458373,4.457323095126088],[118.0503487,4.456694895126754],[118.05039159999997,4.453531195130078],[118.0481073,4.453388395130199],[118.0451092,4.448034595135804],[118.03946979999998,4.452960095130672],[118.03590059999999,4.451746595131937],[118.03747109999999,4.449319495134462],[118.03597200000002,4.447963195135895],[118.03404470000001,4.450318895133449],[118.02869089999997,4.449961995133826],[118.02811292225626,4.442564454441468],[118.02766124248205,4.442564454441468],[118.02766124248205,4.442957535652985],[118.02662482570092,4.442564454441468],[118.0271430340915,4.441778292630243],[118.02808221025994,4.442171373433894],[118.027977,4.440824795143328],[118.0217666,4.442038395142069],[118.02069589999999,4.440967595143188],[118.01941099999998,4.435470995148947],[118.0176978,4.436398995147982],[118.01634149999998,4.435470995148947],[118.0154849,4.433971995150524],[118.01434269999997,4.4341860951503005],[118.01427129999998,4.435827995148573],[118.0129864,4.436184895148222],[118.01055939999998,4.435114095149305],[118.0083465,4.436541795147817],[118.0074185,4.4406106951435955],[118.00670469999997,4.440824795143328],[117.98942980000001,4.3813976952055],[117.9478221,4.365982695221667],[117.945633,4.368171795219359],[117.9419211,4.370075395217382],[117.93735249999997,4.373311395213995],[117.93449709999999,4.373692195213569],[117.92393229999999,4.373501795213793],[117.92126730000001,4.373787295213491],[117.9190782,4.372740395214602],[117.91631810000001,4.373025895214299],[117.9098459,4.364079095223666],[117.8988052,4.36750549522006],[117.89652089999998,4.36712479522045],[117.89442699999996,4.371407895215985],[117.89614019999999,4.373311395213995],[117.895474,4.375881295211308],[117.8946174,4.3779751952091],[117.89344526932683,4.378715457369316],[117.89344526932683,4.379674074864205],[117.89292706093629,4.379674074864205],[117.89294973365786,4.380853221908951],[117.89396347771739,4.3812462713259706],[117.89396347771739,4.382425420783606],[117.89499989449853,4.38281847100507],[117.89499989449853,4.383997622876474],[117.89448168610797,4.383997622876474],[117.89448168610797,4.384390673902675],[117.89355116635735,4.384390673902675],[117.89396347771739,4.385176776558784],[117.892961605879,4.385569828188725],[117.89292706093629,4.386355932052488],[117.89204760000001,4.387397895199219],[117.89233309999999,4.388920695197623],[117.89090539999998,4.390348395196142],[117.89090539999998,4.392632695193748],[117.89033601898349,4.394217015005017],[117.8893826,4.395202495191057],[117.88919667278383,4.396968413090409],[117.88929960220236,4.396575355615766],[117.88981781059292,4.396575355615766],[117.89033601898349,4.39736147076687],[117.88981781059292,4.39736147076687],[117.88981781059292,4.397754528645164],[117.88911129238242,4.39736147076687],[117.88862109999998,4.399485495186606],[117.88690790000001,4.399580695186463],[117.88664514834248,4.39854064500733],[117.88567214346844,4.398147586725312],[117.88567214346844,4.39736147076687],[117.88619035185899,4.39736147076687],[117.88624794900008,4.396968413090409],[117.8846236,4.390538795195972],[117.88329110000001,4.380354695206625],[117.8784172260006,4.380460172692995],[117.87789901761003,4.3812462713259706],[117.87700673752022,4.380853221908951],[117.87396369999998,4.384637695202123],[117.8752724,4.390262695196245],[117.88198240000001,4.394974095191299],[117.87984089999998,4.40111309518487],[117.88055480000001,4.40453949518132],[117.88255349999997,4.409250895176377],[117.88298180000001,4.4156039951697075],[117.88376699999998,4.416888895168366],[117.88405259999998,4.42024399516487],[117.8824821,4.422599695162416],[117.87948400000002,4.422670995162314],[117.87755660000002,4.423384895161581],[117.87134619999999,4.423456295161525],[117.87148900000001,4.426240195158577],[117.87284529999997,4.428595895156154],[117.86984719999997,4.429024195155682],[117.8680626,4.431022995153591],[117.864422,4.432165095152414],[117.86556420000001,4.436519495147843],[117.8678484,4.43916069514508],[117.86683269999997,4.441340095142791],[117.86892659999997,4.442196695141931],[117.8674989,4.444956895139028],[117.86721340000001,4.448954295134856],[117.86987839999999,4.455236095128275],[117.86959289999997,4.45599759512752],[117.8662616,4.456663795126791],[117.8634063,4.459614295123727],[117.8616931,4.465420195117652],[117.85424929999998,4.468124895114824],[117.85339270000001,4.4702187951126255],[117.8548204,4.4772619951053],[117.85577220000002,4.478594495103895],[117.85206019999997,4.479641495102796],[117.8483482,4.480117395102303],[117.84520740000002,4.477928295104589],[117.84187609999998,4.477928295104589],[117.8391159,4.481830595100524],[117.82912220000001,4.488588295093475],[117.8265524,4.491253295090677],[117.82626689999998,4.495060395086703],[117.82284549999999,4.4921961950896865],[117.81692059999997,4.491625095090297],[117.8134228,4.492267595089622],[117.80864010000002,4.490340195091645],[117.8030722,4.489055295092981],[117.80024849999998,4.487237995094893],[117.7962034,4.483002595099315],[117.7944426,4.482716995099574],[117.78958849999997,4.486238595095904],[117.7841634,4.486000695096168],[117.7840206,4.487809095094271],[117.78617613248079,4.490128767071594],[117.78513971569967,4.490521873095511],[117.78513971569967,4.490128767071594],[117.78462150730911,4.490065060716643],[117.78306688213742,4.490693527789864],[117.78306688213742,4.490760625013268],[117.78358509052798,4.490914979325606],[117.78358509052798,4.490521873095511],[117.78410329891855,4.490521873095511],[117.78410329891855,4.490914979325606],[117.78462150730911,4.490914979325606],[117.78462150730911,4.4913080857619025],[117.78410329891855,4.4913080857619025],[117.78410329891855,4.4918639207166695],[117.78462150730911,4.49209429925316],[117.7845917,4.493948095087867],[117.78544830000001,4.494661895087117],[117.78590279468676,4.4960253790875875],[117.7872567,4.494804695086961],[117.79077829999997,4.49742209508425],[117.79125419999997,4.500515395081003],[117.79343104994864,4.501922037551877],[117.79345081476181,4.502315149769176],[117.7939492583392,4.502315149769176],[117.7939492583392,4.5027235406739265],[117.79876139999998,4.506666295074602],[117.80042700000001,4.506594995074681],[117.82226569999999,4.535690395044344],[117.8527809,4.505018195076343],[118.0383003,4.506402195074859],[118.04250599999997,4.500596295080923],[118.0490733,4.496693995085019],[118.04669389999997,4.487366495094748],[118.0507866,4.4833689950989175],[118.0576394,4.490316995091668],[118.06392119999997,4.48346419509882],[118.06484373563444,4.4803011834285345],[118.06445403821186,4.4803011834285345]],[[117.96703086078644,4.502708262193203],[117.96703086078644,4.501922037551877],[117.9665126523959,4.501922037551877],[117.9665126523959,4.501528925541293],[117.96754906917701,4.501135813737401],[117.96754906917701,4.501528925541293],[117.96806727756757,4.501528925541293],[117.96806727756757,4.501922037551877],[117.96754906917701,4.501922037551877],[117.96754906917701,4.502708262193203],[117.96806727756757,4.502708262193203],[117.96806727756757,4.50310137482398],[117.96703086078644,4.503494487661525],[117.96703086078644,4.50310137482398],[117.9665126523959,4.50310137482398],[117.9665126523959,4.502708262193203],[117.96703086078644,4.502708262193203]],[[118.0349161599499,4.502708262193203],[118.0349161599499,4.502315149769176],[118.03543436834046,4.502315149769176],[118.03595257673103,4.50310137482398],[118.0349161599499,4.503494487661525],[118.0349161599499,4.50310137482398],[118.03439795155934,4.50310137482398],[118.03439795155934,4.502708262193203],[118.0349161599499,4.502708262193203]],[[118.0323251179971,4.499956479565703],[118.0323251179971,4.4995633685884036],[118.03284332638766,4.4995633685884036],[118.03336153477822,4.500349590749624],[118.0323251179971,4.500742702140183],[118.0323251179971,4.500349590749624],[118.03180690960653,4.500349590749624],[118.03180690960653,4.499956479565703],[118.0323251179971,4.499956479565703]],[[117.91417360494927,4.497204707062601],[117.91417360494927,4.496811597531129],[117.91469181333983,4.496811597531129],[117.91521002173037,4.497597816800565],[117.91417360494927,4.497990926745038],[117.91417360494927,4.497597816800565],[117.9136553965587,4.497597816800565],[117.9136553965587,4.497204707062601],[117.91417360494927,4.497204707062601]],[[117.90018197840413,4.47990808275886],[117.90018197840413,4.479514982294869],[117.90070018679468,4.479514982294869],[117.90121839518524,4.4803011834285345],[117.90018197840413,4.480694284303913],[117.90018197840413,4.4803011834285345],[117.89966377001358,4.4803011834285345],[117.89966377001358,4.47990808275886],[117.90018197840413,4.47990808275886]],[[117.93438373218113,4.474404694971962],[117.93438373218113,4.474011597385632],[117.93490194057168,4.474011597385632],[117.93542014896225,4.474797792763719],[117.93438373218113,4.475190890760924],[117.93438373218113,4.474797792763719],[117.93386552379057,4.474797792763719],[117.93386552379057,4.474404694971962],[117.93438373218113,4.474404694971962]],[[117.94474789999234,4.471259920031763],[117.94474789999234,4.470866824088194],[117.9452661083829,4.470866824088194],[117.94578431677347,4.47165301618061],[117.94474789999234,4.472046112534757],[117.94474789999234,4.47165301618061],[117.94422969160179,4.47165301618061],[117.94422969160179,4.471259920031763],[117.94474789999234,4.471259920031763]],[[117.93852939930561,4.469294442366371],[117.93852939930561,4.468901347448936],[117.93904760769618,4.468901347448936],[117.93956581608673,4.469687537488997],[117.93852939930561,4.470080632816831],[117.93852939930561,4.469687537488997],[117.93801119091505,4.469687537488997],[117.93801119091505,4.469294442366371],[117.93852939930561,4.469294442366371]],[[117.91987389724542,4.464577316894398],[117.91987389724542,4.464184224437805],[117.92091031402654,4.464184224437805],[117.92091031402654,4.463791132186164],[117.92194673080768,4.464184224437805],[117.92039210563598,4.465756595494066],[117.91935568885488,4.465363502422511],[117.91935568885488,4.464577316894398],[117.91987389724542,4.464577316894398]],[[117.92920164827552,4.464184224437805],[117.92920164827552,4.463791132186164],[117.92971985666607,4.463791132186164],[117.93023806505664,4.464577316894398],[117.92920164827552,4.464970409555961],[117.92920164827552,4.464577316894398],[117.92868343988496,4.464577316894398],[117.92868343988496,4.464184224437805],[117.92920164827552,4.464184224437805]],[[117.92505598115103,4.462611856660761],[117.92505598115103,4.462218765228739],[117.92557418954159,4.462218765228739],[117.92609239793215,4.463004948297659],[117.92505598115103,4.463398040139454],[117.92505598115103,4.463004948297659],[117.92453777276049,4.463004948297659],[117.92453777276049,4.462611856660761],[117.92505598115103,4.462611856660761]],[[117.91831927207375,4.462218765228739],[117.91831927207375,4.461825674001577],[117.9188374804643,4.461825674001577],[117.91935568885488,4.462611856660761],[117.91831927207375,4.463004948297659],[117.91831927207375,4.462611856660761],[117.91780106368317,4.462611856660761],[117.91780106368317,4.462218765228739],[117.91831927207375,4.462218765228739]],[[117.93179269022833,4.462218765228739],[117.93179269022833,4.461825674001577],[117.93231089861888,4.461825674001577],[117.93282910700944,4.462611856660761],[117.93179269022833,4.463004948297659],[117.93179269022833,4.462611856660761],[117.93127448183776,4.462611856660761],[117.93127448183776,4.462218765228739],[117.93179269022833,4.462218765228739]],[[118.05719912074402,4.460646401549064],[118.05719912074402,4.460253311141157],[118.05771732913458,4.460253311141157],[118.05823553752512,4.461039492161759],[118.05719912074402,4.461432582979257],[118.05719912074402,4.461039492161759],[118.05668091235344,4.461039492161759],[118.05668091235344,4.460646401549064],[118.05719912074402,4.460646401549064]],[[117.93749298252449,4.4582878621727655],[117.93749298252449,4.45789477299319],[117.93852939930561,4.4582878621727655],[117.93852939930561,4.459074041145966],[117.93801119091505,4.459074041145966],[117.93801119091505,4.459467130939625],[117.93697477413392,4.459074041145966],[117.93697477413392,4.4582878621727655],[117.93749298252449,4.4582878621727655]],[[117.97324936147318,4.450426117445273],[117.97324936147318,4.450033032355365],[117.97376756986375,4.450033032355365],[117.97428577825428,4.45081920273949],[117.97324936147318,4.451212288238038],[117.97324936147318,4.45081920273949],[117.97273115308262,4.45081920273949],[117.97273115308262,4.450426117445273],[117.97324936147318,4.450426117445273]],[[117.97221294469205,4.4461021926892546],[117.97221294469205,4.445709109845535],[117.97273115308262,4.445709109845535],[117.97324936147318,4.446495275737077],[117.97221294469205,4.446888358989029],[117.97221294469205,4.446495275737077],[117.97169473630152,4.446495275737077],[117.97169473630152,4.4461021926892546],[117.97221294469205,4.4461021926892546]],[[117.97014011112981,4.445316027205907],[117.97014011112981,4.444922944770351],[117.97065831952038,4.444922944770351],[117.97117652791094,4.445709109845535],[117.97014011112981,4.4461021926892546],[117.97014011112981,4.445709109845535],[117.96962190273925,4.445709109845535],[117.96962190273925,4.445316027205907],[117.97014011112981,4.445316027205907]],[[117.9820589041127,4.444922944770351],[117.9820589041127,4.444529862538846],[117.98257711250326,4.444529862538846],[117.98309532089384,4.445316027205907],[117.9820589041127,4.445709109845535],[117.9820589041127,4.445316027205907],[117.98154069572216,4.445316027205907],[117.98154069572216,4.444922944770351],[117.9820589041127,4.444922944770351]],[[117.93956581608673,4.444136780511374],[117.93956581608673,4.44374369868792],[117.94008402447729,4.44374369868792],[117.94060223286786,4.444529862538846],[117.93956581608673,4.444922944770351],[117.93956581608673,4.444529862538846],[117.93904760769618,4.444529862538846],[117.93904760769618,4.444136780511374],[117.93956581608673,4.444136780511374]],[[117.97169473630152,4.44374369868792],[117.97169473630152,4.4433506170684645],[117.97221294469205,4.4433506170684645],[117.97273115308262,4.444136780511374],[117.97169473630152,4.444529862538846],[117.97169473630152,4.444136780511374],[117.97117652791094,4.444136780511374],[117.97117652791094,4.44374369868792],[117.97169473630152,4.44374369868792]],[[117.94682073355459,4.442171373433894],[117.94682073355459,4.441778292630243],[117.94733894194513,4.441778292630243],[117.94785715033571,4.442564454441468],[117.94682073355459,4.442957535652985],[117.94682073355459,4.442564454441468],[117.94630252516403,4.442564454441468],[117.94630252516403,4.442171373433894],[117.94682073355459,4.442171373433894]],[[117.95148460906964,4.435095950150812],[117.95148460906964,4.434702873014661],[117.95200281746018,4.434702873014661],[117.95252102585074,4.435489027490556],[117.95148460906964,4.435882105033914],[117.95148460906964,4.435489027490556],[117.95096640067908,4.435489027490556],[117.95096640067908,4.435095950150812],[117.95148460906964,4.435095950150812]],[[117.96029415170916,4.434309796082085],[117.96029415170916,4.4339167193530695],[117.96081236009972,4.4339167193530695],[117.9613305684903,4.434702873014661],[117.96029415170916,4.435095950150812],[117.96029415170916,4.434702873014661],[117.95977594331859,4.434702873014661],[117.95977594331859,4.434309796082085],[117.96029415170916,4.434309796082085]],[[117.94733894194513,4.4335236428275895],[117.94733894194513,4.433130566505633],[117.94785715033571,4.433130566505633],[117.94837535872627,4.4339167193530695],[117.94733894194513,4.434309796082085],[117.94733894194513,4.4339167193530695],[117.94682073355459,4.4339167193530695],[117.94682073355459,4.4335236428275895],[117.94733894194513,4.4335236428275895]],[[117.94941177550737,4.429592888763428],[117.94941177550737,4.429199814475668],[117.9504481922885,4.429592888763428],[117.9504481922885,4.430379037948973],[117.94992998389795,4.430379037948973],[117.94992998389795,4.430772112846798],[117.94889356711684,4.430379037948973],[117.94889356711684,4.429592888763428],[117.94941177550737,4.429592888763428]],[[117.94371148321122,4.428806740391229],[117.94371148321122,4.428413666510091],[117.94474789999234,4.428806740391229],[117.94474789999234,4.429592888763428],[117.94422969160179,4.429592888763428],[117.94422969160179,4.42998596325452],[117.94319327482066,4.429592888763428],[117.94319327482066,4.428806740391229],[117.94371148321122,4.428806740391229]],[[117.96599444400533,4.428020592832236],[117.96599444400533,4.427627519357643],[117.9665126523959,4.427627519357643],[117.9665126523959,4.428020592832236],[117.96754906917701,4.427627519357643],[117.96806727756757,4.428413666510091],[117.96754906917701,4.428413666510091],[117.96703086078644,4.429199814475668],[117.96599444400533,4.429199814475668],[117.96599444400533,4.428806740391229],[117.96547623561477,4.428806740391229],[117.96547623561477,4.428020592832236],[117.96599444400533,4.428020592832236]],[[117.95096640067908,4.426055227491556],[117.95096640067908,4.425662155033009],[117.95148460906964,4.425662155033009],[117.95200281746018,4.426448300153272],[117.95096640067908,4.426841373018181],[117.95096640067908,4.426448300153272],[117.9504481922885,4.426448300153272],[117.9504481922885,4.426055227491556],[117.95096640067908,4.426055227491556]],[[117.94474789999234,4.423303724547334],[117.9452661083829,4.422517582676657],[117.94630252516403,4.422910653510482],[117.94630252516403,4.42369679578723],[117.94578431677347,4.42369679578723],[117.94578431677347,4.424089867230186],[117.94474789999234,4.424089867230186],[117.94474789999234,4.42369679578723],[117.94422969160179,4.42369679578723],[117.94422969160179,4.423303724547334],[117.94474789999234,4.423303724547334]],[[117.94837535872627,4.419766092523064],[117.94837535872627,4.419373023312787],[117.94889356711684,4.419373023312787],[117.94941177550737,4.420159161936223],[117.94837535872627,4.420552231552277],[117.94837535872627,4.420159161936223],[117.94785715033571,4.420159161936223],[117.94785715033571,4.419766092523064],[117.94837535872627,4.419766092523064]],[[117.95148460906964,4.419373023312787],[117.95148460906964,4.418979954305369],[117.95200281746018,4.418979954305369],[117.95252102585074,4.419766092523064],[117.95148460906964,4.420159161936223],[117.95148460906964,4.419766092523064],[117.95096640067908,4.419766092523064],[117.95096640067908,4.419373023312787],[117.95148460906964,4.419373023312787]],[[117.96962190273925,4.419373023312787],[117.97014011112981,4.418586885500794],[117.97117652791094,4.418979954305369],[117.97117652791094,4.419766092523064],[117.97065831952038,4.419766092523064],[117.97065831952038,4.420159161936223],[117.96962190273925,4.420159161936223],[117.96962190273925,4.419766092523064],[117.9691036943487,4.419766092523064],[117.9691036943487,4.419373023312787],[117.96962190273925,4.419373023312787]],[[117.97791323698823,4.418193816899044],[117.97843144537879,4.4166215445199155],[117.9794678621599,4.4162284769320115],[117.9794678621599,4.4166215445199155],[117.97998607055047,4.4166215445199155],[117.97998607055047,4.417014612310554],[117.9794678621599,4.417014612310554],[117.97998607055047,4.418979954305369],[117.97894965376936,4.419373023312787],[117.97894965376936,4.418979954305369],[117.97843144537879,4.418979954305369],[117.97843144537879,4.418193816899044],[117.97791323698823,4.418193816899044]],[[117.97169473630152,4.4178007485001],[117.97169473630152,4.417407680303941],[117.97273115308262,4.4178007485001],[117.97273115308262,4.418586885500794],[117.97221294469205,4.418586885500794],[117.97221294469205,4.418979954305369],[117.97117652791094,4.418586885500794],[117.97117652791094,4.4178007485001],[117.97169473630152,4.4178007485001]],[[117.94008402447729,4.4162284769320115],[117.94008402447729,4.415835409546821],[117.94112044125842,4.415835409546821],[117.94163864964898,4.4166215445199155],[117.94112044125842,4.4166215445199155],[117.94112044125842,4.417014612310554],[117.94008402447729,4.417014612310554],[117.94008402447729,4.4166215445199155],[117.93956581608673,4.4166215445199155],[117.93956581608673,4.4162284769320115],[117.94008402447729,4.4162284769320115]],[[117.95925773492806,4.4162284769320115],[117.95925773492806,4.415835409546821],[117.95977594331859,4.415835409546821],[117.96029415170916,4.4166215445199155],[117.95925773492806,4.417014612310554],[117.95925773492806,4.4166215445199155],[117.95873952653749,4.4166215445199155],[117.95873952653749,4.4162284769320115],[117.95925773492806,4.4162284769320115]],[[117.93749298252449,4.415835409546821],[117.93749298252449,4.415442342364327],[117.93801119091505,4.415442342364327],[117.93852939930561,4.4162284769320115],[117.93749298252449,4.4166215445199155],[117.93749298252449,4.4162284769320115],[117.93697477413392,4.4162284769320115],[117.93697477413392,4.415835409546821],[117.93749298252449,4.415835409546821]],[[117.97843144537879,4.414656208607352],[117.97843144537879,4.414263142032837],[117.97894965376936,4.414263142032837],[117.97894965376936,4.413477009491654],[117.97998607055047,4.41308394352495],[117.97998607055047,4.413477009491654],[117.98050427894103,4.413477009491654],[117.98050427894103,4.414263142032837],[117.97998607055047,4.414263142032837],[117.97894965376936,4.415442342364327],[117.97791323698823,4.4150492753845105],[117.97791323698823,4.414656208607352],[117.97843144537879,4.414656208607352]],[[117.9623669852714,4.413477009491654],[117.9623669852714,4.41308394352495],[117.96288519366196,4.41308394352495],[117.96340340205253,4.413870075660942],[117.9623669852714,4.414263142032837],[117.9623669852714,4.413870075660942],[117.96184877688083,4.413870075660942],[117.96184877688083,4.413477009491654],[117.9623669852714,4.413477009491654]],[[117.9623669852714,4.411904746840171],[117.9623669852714,4.411511681683627],[117.96288519366196,4.411511681683627],[117.96340340205253,4.412297812199227],[117.9623669852714,4.412690877760813],[117.9623669852714,4.412297812199227],[117.96184877688083,4.412297812199227],[117.96184877688083,4.411904746840171],[117.9623669852714,4.411904746840171]],[[117.94371148321122,4.411118616729579],[117.94371148321122,4.410725551978005],[117.94422969160179,4.410725551978005],[117.94474789999234,4.411511681683627],[117.94371148321122,4.411904746840171],[117.94371148321122,4.411511681683627],[117.94319327482066,4.411511681683627],[117.94319327482066,4.411118616729579],[117.94371148321122,4.411118616729579]],[[117.96547623561477,4.411118616729579],[117.9665126523959,4.409939423082214],[117.96806727756757,4.409939423082214],[117.96806727756757,4.409546358937958],[117.9691036943487,4.409939423082214],[117.9691036943487,4.410725551978005],[117.96858548595814,4.410725551978005],[117.96858548595814,4.411511681683627],[117.96806727756757,4.411511681683627],[117.96806727756757,4.411904746840171],[117.9665126523959,4.411904746840171],[117.9665126523959,4.411511681683627],[117.96547623561477,4.411904746840171],[117.96547623561477,4.411511681683627],[117.9649580272242,4.411511681683627],[117.9649580272242,4.411118616729579],[117.96547623561477,4.411118616729579]],[[117.8835993099062,4.410332487428889],[117.8835993099062,4.409939423082214],[117.8846357266873,4.410332487428889],[117.8846357266873,4.411118616729579],[117.88411751829675,4.411118616729579],[117.88411751829675,4.411511681683627],[117.88308110151564,4.411118616729579],[117.88308110151564,4.410332487428889],[117.8835993099062,4.410332487428889]],[[117.94733894194513,4.409939423082214],[117.94733894194513,4.409153294996106],[117.94837535872627,4.408760231256638],[117.94941177550737,4.410332487428889],[117.94837535872627,4.410725551978005],[117.94837535872627,4.410332487428889],[117.94733894194513,4.409939423082214]],[[117.93386552379057,4.408760231256638],[117.93386552379057,4.408367167719535],[117.93438373218113,4.408367167719535],[117.93490194057168,4.409153294996106],[117.93386552379057,4.409546358937958],[117.93386552379057,4.409153294996106],[117.9333473154,4.409153294996106],[117.9333473154,4.408760231256638],[117.93386552379057,4.408760231256638]],[[117.95148460906964,4.408760231256638],[117.95148460906964,4.408367167719535],[117.95200281746018,4.408367167719535],[117.95252102585074,4.409153294996106],[117.95148460906964,4.409546358937958],[117.95148460906964,4.409153294996106],[117.95096640067908,4.409153294996106],[117.95096640067908,4.408760231256638],[117.95148460906964,4.408760231256638]],[[117.95355744263188,4.408760231256638],[117.95355744263188,4.408367167719535],[117.95407565102245,4.408367167719535],[117.95459385941298,4.409153294996106],[117.95355744263188,4.409546358937958],[117.95355744263188,4.409153294996106],[117.95303923424132,4.409153294996106],[117.95303923424132,4.408760231256638],[117.95355744263188,4.408760231256638]],[[117.94060223286786,4.407974104384781],[117.94060223286786,4.407581041252357],[117.94163864964898,4.407187978322242],[117.9426750664301,4.408760231256638],[117.94163864964898,4.409153294996106],[117.94163864964898,4.408760231256638],[117.94112044125842,4.408760231256638],[117.94112044125842,4.407974104384781],[117.94060223286786,4.407974104384781]],[[117.94733894194513,4.407581041252357],[117.94733894194513,4.407187978322242],[117.94785715033571,4.407187978322242],[117.94837535872627,4.407974104384781],[117.94733894194513,4.408367167719535],[117.94733894194513,4.407974104384781],[117.94682073355459,4.407974104384781],[117.94682073355459,4.407581041252357],[117.94733894194513,4.407581041252357]],[[117.95252102585074,4.407581041252357],[117.95252102585074,4.407187978322242],[117.95303923424132,4.407187978322242],[117.95355744263188,4.407974104384781],[117.95252102585074,4.408367167719535],[117.95252102585074,4.407974104384781],[117.95200281746018,4.407974104384781],[117.95200281746018,4.407581041252357],[117.95252102585074,4.407581041252357]],[[117.98413173767497,4.407581041252357],[117.98413173767497,4.407187978322242],[117.9846499460655,4.407187978322242],[117.98516815445608,4.407974104384781],[117.98413173767497,4.408367167719535],[117.98413173767497,4.407974104384781],[117.9836135292844,4.407974104384781],[117.9836135292844,4.407581041252357],[117.98413173767497,4.407581041252357]],[[117.94992998389795,4.406794915594421],[117.94941177550737,4.406008790745584],[117.9504481922885,4.40561572862453],[117.95148460906964,4.406794915594421],[117.95096640067908,4.406794915594421],[117.9504481922885,4.407581041252357],[117.94941177550737,4.407187978322242],[117.94941177550737,4.406794915594421],[117.94992998389795,4.406794915594421]],[[117.94422969160179,4.406401853068875],[117.94422969160179,4.406008790745584],[117.94474789999234,4.406008790745584],[117.9452661083829,4.406794915594421],[117.94422969160179,4.407187978322242],[117.94422969160179,4.406794915594421],[117.94371148321122,4.406794915594421],[117.94371148321122,4.406401853068875],[117.94422969160179,4.406401853068875]],[[117.95355744263188,4.406401853068875],[117.95355744263188,4.406794915594421],[117.95303923424132,4.406794915594421],[117.95252102585074,4.406008790745584],[117.95407565102245,4.405222666705698],[117.95459385941298,4.406008790745584],[117.95355744263188,4.406401853068875]],[[117.95459385941298,4.405222666705698],[117.95563027619411,4.404829604989064],[117.95614848458469,4.40561572862453],[117.95511206780355,4.406008790745584],[117.95459385941298,4.405222666705698]],[[117.98154069572216,4.406008790745584],[117.98154069572216,4.40561572862453],[117.98257711250326,4.40561572862453],[117.98309532089384,4.406401853068875],[117.98257711250326,4.406401853068875],[117.98257711250326,4.406794915594421],[117.98154069572216,4.406794915594421],[117.98154069572216,4.406401853068875],[117.9810224873316,4.406401853068875],[117.9810224873316,4.406008790745584],[117.98154069572216,4.406008790745584]],[[117.96184877688083,4.40561572862453],[117.96184877688083,4.405222666705698],[117.9623669852714,4.405222666705698],[117.96288519366196,4.406008790745584],[117.96184877688083,4.406401853068875],[117.96184877688083,4.406008790745584],[117.9613305684903,4.406008790745584],[117.9613305684903,4.40561572862453],[117.96184877688083,4.40561572862453]],[[117.95718490136579,4.405222666705698],[117.95718490136579,4.404436543474613],[117.95666669297525,4.404436543474613],[117.95666669297525,4.404829604989064],[117.95563027619411,4.404436543474613],[117.95563027619411,4.404043482162329],[117.95614848458469,4.404043482162329],[117.95666669297525,4.402078178632725],[117.95770310975635,4.401685118533043],[117.95770310975635,4.401292058635393],[117.95718490136579,4.401292058635393],[117.95718490136579,4.400112880154484],[117.95666669297525,4.400112880154484],[117.95666669297525,4.399719821064796],[117.95718490136579,4.399719821064796],[117.95718490136579,4.399326762177055],[117.95666669297525,4.399326762177055],[117.95666669297525,4.39854064500733],[117.95718490136579,4.39854064500733],[117.95718490136579,4.398147586725312],[117.95770310975635,4.398147586725312],[117.95770310975635,4.39854064500733],[117.95925773492806,4.39854064500733],[117.95925773492806,4.398147586725312],[117.95977594331859,4.398147586725312],[117.96029415170916,4.398933703491238],[117.95977594331859,4.398933703491238],[117.95977594331859,4.400505939446132],[117.95925773492806,4.400505939446132],[117.95925773492806,4.401292058635393],[117.95977594331859,4.401292058635393],[117.95977594331859,4.401685118533043],[117.96029415170916,4.401685118533043],[117.96029415170916,4.401292058635393],[117.9613305684903,4.401292058635393],[117.9613305684903,4.401685118533043],[117.96184877688083,4.401685118533043],[117.96184877688083,4.403257360144177],[117.9623669852714,4.403257360144177],[117.9623669852714,4.404043482162329],[117.96184877688083,4.404043482162329],[117.96184877688083,4.404436543474613],[117.96081236009972,4.404436543474613],[117.96081236009972,4.404043482162329],[117.95925773492806,4.403257360144177],[117.95925773492806,4.402078178632725],[117.95822131814693,4.402078178632725],[117.95822131814693,4.402471238934464],[117.95770310975635,4.402471238934464],[117.95770310975635,4.403257360144177],[117.95873952653749,4.403650421052189],[117.95873952653749,4.404829604989064],[117.95977594331859,4.404436543474613],[117.96029415170916,4.405222666705698],[117.95977594331859,4.405222666705698],[117.95977594331859,4.40561572862453],[117.95925773492806,4.40561572862453],[117.95925773492806,4.405222666705698],[117.95822131814693,4.405222666705698],[117.95770310975635,4.406008790745584],[117.95666669297525,4.40561572862453],[117.95666669297525,4.405222666705698],[117.95718490136579,4.405222666705698]],[[117.96962190273925,4.404043482162329],[117.96962190273925,4.403650421052189],[117.97065831952038,4.404043482162329],[117.97065831952038,4.404829604989064],[117.97014011112981,4.404829604989064],[117.97014011112981,4.405222666705698],[117.9691036943487,4.404829604989064],[117.9691036943487,4.404043482162329],[117.96962190273925,4.404043482162329]],[[117.97065831952038,4.401292058635393],[117.97065831952038,4.4008989989397636],[117.97117652791094,4.4008989989397636],[117.97169473630152,4.401685118533043],[117.97065831952038,4.402078178632725],[117.97065831952038,4.401685118533043],[117.97014011112981,4.401685118533043],[117.97014011112981,4.401292058635393],[117.97065831952038,4.401292058635393]],[[117.96081236009972,4.399326762177055],[117.96081236009972,4.398933703491238],[117.96184877688083,4.39854064500733],[117.96288519366196,4.400112880154484],[117.96184877688083,4.400505939446132],[117.96184877688083,4.400112880154484],[117.9613305684903,4.400112880154484],[117.9613305684903,4.399326762177055],[117.96081236009972,4.399326762177055]],[[117.9836135292844,4.39736147076687],[117.9836135292844,4.396968413090409],[117.98413173767497,4.396968413090409],[117.9846499460655,4.397754528645164],[117.9836135292844,4.398147586725312],[117.9836135292844,4.397754528645164],[117.98309532089384,4.397754528645164],[117.98309532089384,4.39736147076687],[117.9836135292844,4.39736147076687]],[[117.9649580272242,4.39618229834292],[117.9649580272242,4.395789241271854],[117.96547623561477,4.395789241271854],[117.96599444400533,4.396575355615766],[117.9649580272242,4.396968413090409],[117.9649580272242,4.396575355615766],[117.96443981883364,4.396575355615766],[117.96443981883364,4.39618229834292],[117.9649580272242,4.39618229834292]],[[117.9836135292844,4.392251736709313],[117.9836135292844,4.391858681655035],[117.9846499460655,4.392251736709313],[117.9846499460655,4.393430903081801],[117.98413173767497,4.393430903081801],[117.98413173767497,4.393823958942573],[117.98309532089384,4.393430903081801],[117.98309532089384,4.392251736709313],[117.9836135292844,4.392251736709313]],[[117.97739502859766,4.391465626802335],[117.97739502859766,4.391072572151193],[117.97791323698823,4.391072572151193],[117.97843144537879,4.391858681655035],[117.97739502859766,4.392251736709313],[117.97739502859766,4.391858681655035],[117.9768768202071,4.391858681655035],[117.9768768202071,4.391465626802335],[117.97739502859766,4.391465626802335]],[[117.97480398664486,4.390286463453517],[117.97480398664486,4.3898934094069455],[117.97532219503542,4.3898934094069455],[117.97584040342599,4.390679517701594],[117.97480398664486,4.391072572151193],[117.97480398664486,4.390679517701594],[117.97428577825428,4.390679517701594],[117.97428577825428,4.390286463453517],[117.97480398664486,4.390286463453517]],[[117.96443981883364,4.3898934094069455],[117.96443981883364,4.389500355561859],[117.9649580272242,4.389500355561859],[117.96547623561477,4.390286463453517],[117.96443981883364,4.390679517701594],[117.96443981883364,4.390286463453517],[117.9639216104431,4.390286463453517],[117.9639216104431,4.3898934094069455],[117.96443981883364,4.3898934094069455]],[[117.9613305684903,4.388321195235339],[117.9613305684903,4.387535089358088],[117.96184877688083,4.387535089358088],[117.96288519366196,4.386355932052488],[117.9639216104431,4.386355932052488],[117.96443981883364,4.385569828188725],[117.96547623561477,4.385962880019956],[117.96547623561477,4.386355932052488],[117.9649580272242,4.386355932052488],[117.9649580272242,4.387142036721536],[117.96340340205253,4.387928142196016],[117.96340340205253,4.3887142484760755],[117.96288519366196,4.3887142484760755],[117.96288519366196,4.3891073019182425],[117.9613305684903,4.388321195235339]],[[117.98775919640887,4.385962880019956],[117.98775919640887,4.385569828188725],[117.98827740479945,4.385569828188725],[117.98879561319,4.386355932052488],[117.98775919640887,4.386748984286342],[117.98775919640887,4.386355932052488],[117.98724098801831,4.386355932052488],[117.98724098801831,4.385962880019956],[117.98775919640887,4.385962880019956]],[[117.8794536427817,4.385569828188725],[117.8794536427817,4.385176776558784],[117.87997185117227,4.385176776558784],[117.88049005956283,4.385962880019956],[117.8794536427817,4.386355932052488],[117.8794536427817,4.385962880019956],[117.87893543439114,4.385962880019956],[117.87893543439114,4.385569828188725],[117.8794536427817,4.385569828188725]],[[117.97376756986375,4.384783725130103],[117.97376756986375,4.384390673902675],[117.97428577825428,4.384390673902675],[117.97480398664486,4.385176776558784],[117.97376756986375,4.385569828188725],[117.97376756986375,4.385176776558784],[117.97324936147318,4.385176776558784],[117.97324936147318,4.384783725130103],[117.97376756986375,4.384783725130103]],[[117.97635861181655,4.384783725130103],[117.97635861181655,4.384390673902675],[117.9768768202071,4.384390673902675],[117.97739502859766,4.385176776558784],[117.97635861181655,4.385569828188725],[117.97635861181655,4.385176776558784],[117.97584040342599,4.385176776558784],[117.97584040342599,4.384783725130103],[117.97635861181655,4.384783725130103]],[[117.97117652791094,4.382425420783606],[117.97117652791094,4.38203237076328],[117.97169473630152,4.38203237076328],[117.97221294469205,4.38281847100507],[117.97117652791094,4.38321152142769],[117.97117652791094,4.38281847100507],[117.97065831952038,4.38281847100507],[117.97065831952038,4.382425420783606],[117.97117652791094,4.382425420783606]],[[117.97998607055047,4.381639320944075],[117.97998607055047,4.3812462713259706],[117.9810224873316,4.381639320944075],[117.9810224873316,4.3812462713259706],[117.98154069572216,4.3812462713259706],[117.9820589041127,4.380460172692995],[117.98309532089384,4.380460172692995],[117.98309532089384,4.380067123678086],[117.98413173767497,4.380067123678086],[117.98413173767497,4.380460172692995],[117.9846499460655,4.380460172692995],[117.9846499460655,4.380853221908951],[117.98413173767497,4.380853221908951],[117.98257711250326,4.382425420783606],[117.98154069572216,4.382425420783606],[117.98154069572216,4.38203237076328],[117.9810224873316,4.38203237076328],[117.9810224873316,4.382425420783606],[117.97998607055047,4.38281847100507],[117.97998607055047,4.382425420783606],[117.9794678621599,4.382425420783606],[117.9794678621599,4.381639320944075],[117.97998607055047,4.381639320944075]],[[117.97739502859766,4.381639320944075],[117.9768768202071,4.380067123678086],[117.97791323698823,4.379674074864205],[117.97791323698823,4.380067123678086],[117.97843144537879,4.380067123678086],[117.97843144537879,4.380853221908951],[117.97791323698823,4.380853221908951],[117.97791323698823,4.381639320944075],[117.97843144537879,4.381639320944075],[117.97843144537879,4.38203237076328],[117.97739502859766,4.382425420783606],[117.97739502859766,4.38203237076328],[117.9768768202071,4.38203237076328],[117.9768768202071,4.381639320944075],[117.97739502859766,4.381639320944075]],[[117.96029415170916,4.377315786201489],[117.96029415170916,4.37652969158798],[117.96081236009972,4.37652969158798],[117.96081236009972,4.3761366445825285],[117.96184877688083,4.3761366445825285],[117.96184877688083,4.375743597777925],[117.9613305684903,4.375743597777925],[117.9613305684903,4.374957504771177],[117.9623669852714,4.374564458568996],[117.9623669852714,4.374957504771177],[117.96288519366196,4.374957504771177],[117.96288519366196,4.375743597777925],[117.9623669852714,4.375743597777925],[117.9623669852714,4.3761366445825285],[117.96288519366196,4.3761366445825285],[117.96288519366196,4.376922738794294],[117.9623669852714,4.376922738794294],[117.9623669852714,4.377315786201489],[117.9613305684903,4.376922738794294],[117.9613305684903,4.379674074864205],[117.96081236009972,4.379674074864205],[117.96081236009972,4.380067123678086],[117.95977594331859,4.379674074864205],[117.95977594331859,4.377315786201489],[117.96029415170916,4.377315786201489]],[[117.94682073355459,4.378494929628549],[117.94682073355459,4.378101881618598],[117.94733894194513,4.378101881618598],[117.94785715033571,4.3788879778394545],[117.94682073355459,4.379281026251335],[117.94682073355459,4.3788879778394545],[117.94630252516403,4.3788879778394545],[117.94630252516403,4.378494929628549],[117.94682073355459,4.378494929628549]],[[117.96858548595814,4.377708833809585],[117.96858548595814,4.377315786201489],[117.9691036943487,4.377315786201489],[117.96962190273925,4.378101881618598],[117.96858548595814,4.378494929628549],[117.96858548595814,4.378101881618598],[117.96806727756757,4.378101881618598],[117.96806727756757,4.377708833809585],[117.96858548595814,4.377708833809585]],[[117.9639216104431,4.3753505511741455],[117.9639216104431,4.374957504771177],[117.96288519366196,4.374564458568996],[117.96340340205253,4.373778366766933],[117.96443981883364,4.373778366766933],[117.96443981883364,4.374171412567589],[117.9649580272242,4.374171412567589],[117.9649580272242,4.374957504771177],[117.9639216104431,4.3753505511741455]],[[117.9649580272242,4.373778366766933],[117.96599444400533,4.373385321167015],[117.9665126523959,4.374171412567589],[117.96547623561477,4.374564458568996],[117.9649580272242,4.373778366766933]],[[117.96806727756757,4.374171412567589],[117.96806727756757,4.373778366766933],[117.96858548595814,4.373778366766933],[117.9691036943487,4.374564458568996],[117.96806727756757,4.374957504771177],[117.96806727756757,4.374564458568996],[117.96754906917701,4.374564458568996],[117.96754906917701,4.374171412567589],[117.96806727756757,4.374171412567589]]],[[[117.78358509052798,4.4913080857619025],[117.78358115742697,4.4913080857619025],[117.78358509052798,4.491312272661922],[117.78358509052798,4.4913080857619025]]]]},"properties":{"place_id":"43c82e7a-6cf9-5d1b-8355-8d527620f5f1","habitat":"forest_interior","habitat_label":"Forest interior","resolution_m":50}},{"type":"Feature","geometry":{"type":"MultiPolygon","coordinates":[[[[117.89448168610797,4.378101881618598],[117.89448168610797,4.378060905632371],[117.89441680473296,4.378101881618598],[117.89448168610797,4.378101881618598]]],[[[117.89396347771739,4.378494929628549],[117.89396347771739,4.378388181431183],[117.89379445270505,4.378494929628549],[117.89396347771739,4.378494929628549]]],[[[117.89344526932683,4.378715457369316],[117.89280900000001,4.379117295207908],[117.89292706093629,4.380573557323545],[117.89292706093629,4.379674074864205],[117.89344526932683,4.379674074864205],[117.89344526932683,4.378715457369316]]],[[[117.87997185117227,4.380407338639863],[117.8810082679534,4.380460172692995],[117.8810082679534,4.380390901023481],[117.87997185117227,4.380407338639863]]],[[[117.88152647634394,4.380382682215421],[117.88256289312507,4.380460172692995],[117.88256289312507,4.380366244599565],[117.88152647634394,4.380382682215421]]],[[[117.87700673752022,4.380853221908951],[117.87738080921946,4.3812462713259706],[117.87789901761003,4.3812462713259706],[117.87789901761003,4.380853221908951],[117.87893543439114,4.380423776256597],[117.8772949,4.3804497952065],[117.87700673752022,4.380853221908951]]],[[[117.89396347771739,4.3812462713259706],[117.89294973365786,4.380853221908951],[117.89307719343027,4.382425420783606],[117.89396347771739,4.38281847100507],[117.89355116635735,4.384390673902675],[117.89448168610797,4.384390673902675],[117.89448168610797,4.383997622876474],[117.89499989449853,4.383997622876474],[117.89499989449853,4.38281847100507],[117.89396347771739,4.382425420783606],[117.89396347771739,4.3812462713259706]]],[[[117.89344526932683,4.385569828188725],[117.89344526932683,4.385176776558784],[117.89396347771739,4.385176776558784],[117.89344526932683,4.384602473816865],[117.892961605879,4.385569828188725],[117.89344526932683,4.385569828188725]]],[[[117.8794536427817,4.385569828188725],[117.87893543439114,4.385569828188725],[117.87893543439114,4.385962880019956],[117.87997185117227,4.386355932052488],[117.88049005956283,4.385569828188725],[117.87997185117227,4.385569828188725],[117.87997185117227,4.385176776558784],[117.8794536427817,4.385176776558784],[117.8794536427817,4.385569828188725]]],[[[117.89292706093629,4.386355932052488],[117.89292706093629,4.385638920083243],[117.8925685655601,4.386355932052488],[117.89292706093629,4.386355932052488]]],[[[117.89240885254573,4.386675367749245],[117.89237204540062,4.386748984286342],[117.89240885254573,4.386748984286342],[117.89240885254573,4.386675367749245]]],[[[117.89033601898349,4.394217015005017],[117.89033601898349,4.393593552691888],[117.88996657061132,4.394217015005017],[117.89033601898349,4.394217015005017]]],[[[117.88981781059292,4.394468055001701],[117.88950074004696,4.395003127734987],[117.88981781059292,4.395003127734987],[117.88981781059292,4.394468055001701]]],[[[117.88929960220236,4.39618229834292],[117.88929960220236,4.395990799377567],[117.88927943995729,4.39618229834292],[117.88929960220236,4.39618229834292]]],[[[117.88929960220236,4.396575355615766],[117.88929960220236,4.397754528645164],[117.88981781059292,4.397754528645164],[117.89033601898349,4.396968413090409],[117.88981781059292,4.396968413090409],[117.88981781059292,4.396575355615766],[117.88929960220236,4.396575355615766]]],[[[117.88619035185899,4.39854064500733],[117.88664514834248,4.39854064500733],[117.88624794900008,4.396968413090409],[117.88619035185899,4.39736147076687],[117.88567214346844,4.39736147076687],[117.88567214346844,4.398147586725312],[117.88619035185899,4.398147586725312],[117.88619035185899,4.39854064500733]]],[[[117.88670856024955,4.398933703491238],[117.8867444481781,4.398933703491238],[117.88670856024955,4.398791648300366],[117.88670856024955,4.398933703491238]]],[[[117.8835993099062,4.410332487428889],[117.88308110151564,4.410332487428889],[117.88308110151564,4.411118616729579],[117.88411751829675,4.411511681683627],[117.88411751829675,4.411118616729579],[117.8846357266873,4.411118616729579],[117.8846357266873,4.410332487428889],[117.88411751829675,4.410332487428889],[117.88411751829675,4.409939423082214],[117.8835993099062,4.409939423082214],[117.8835993099062,4.410332487428889]]],[[[117.78462150730911,4.490128767071594],[117.78565792409022,4.490521873095511],[117.78617613248079,4.489735661253841],[117.78531264757171,4.489342555642228],[117.78462150730911,4.490128767071594]]],[[[117.78306688213742,4.490693527789864],[117.78302119999998,4.490711995091264],[117.78306688213742,4.490760625013268],[117.78306688213742,4.490693527789864]]],[[[117.78321187998374,4.490914979325606],[117.78358509052798,4.4913080857619025],[117.78410329891855,4.4918639207166695],[117.78462150730911,4.490914979325606],[117.78410329891855,4.490914979325606],[117.78410329891855,4.490521873095511],[117.78321187998374,4.490914979325606]]],[[[117.78462150730911,4.49209429925316],[117.78450821203592,4.492487406308158],[117.78462150730911,4.492487406308158],[117.78462150730911,4.49209429925316]]],[[[117.78590279468676,4.4960253790875875],[117.78592419999998,4.496089595085647],[117.78599079486943,4.4960253790875875],[117.78590279468676,4.4960253790875875]]],[[[117.79343104994864,4.501922037551877],[117.792971018658,4.501922037551877],[117.79343104994864,4.50229895582464],[117.79343104994864,4.501922037551877]]],[[[117.7939492583392,4.502315149769176],[117.79345081476181,4.502315149769176],[117.7939492583392,4.5027235406739265],[117.7939492583392,4.502315149769176]]],[[[117.79441040696952,4.50310137482398],[117.79446746672977,4.503148125764394],[117.79446746672977,4.50310137482398],[117.79441040696952,4.50310137482398]]],[[[117.79498567512033,4.503494487661525],[117.79489020307338,4.503494487661525],[117.79498567512033,4.503572711096063],[117.79498567512033,4.503494487661525]]],[[[117.7953699991772,4.503887600705852],[117.79550388351088,4.503997296668959],[117.79550388351088,4.503887600705852],[117.7953699991772,4.503887600705852]]],[[[117.79602209190143,4.5042807139569865],[117.79584979528106,4.5042807139569865],[117.79602209190143,4.504421882483102],[117.79602209190143,4.5042807139569865]]],[[[117.79809492546367,4.505853169029925],[117.79776897969644,4.505853169029925],[117.79809492546367,4.506120228152626],[117.79809492546367,4.505853169029925]]],[[[117.79824877580026,4.5062462833153525],[117.79861313385425,4.50654481517336],[117.79861313385425,4.5062462833153525],[117.79824877580026,4.5062462833153525]]],[[[117.91935568885488,4.372992275767811],[117.91960489023248,4.372992275767811],[117.91935568885488,4.37287309948089],[117.91935568885488,4.372992275767811]]],[[[117.89499989449853,4.377315786201489],[117.89499989449853,4.37704021291503],[117.89488715941053,4.377315786201489],[117.89499989449853,4.377315786201489]]],[[[117.94682073355459,4.378494929628549],[117.94630252516403,4.378494929628549],[117.94630252516403,4.3788879778394545],[117.94733894194513,4.379281026251335],[117.94785715033571,4.378494929628549],[117.94733894194513,4.378494929628549],[117.94733894194513,4.378101881618598],[117.94682073355459,4.378101881618598],[117.94682073355459,4.378494929628549]]],[[[117.94422969160179,4.406401853068875],[117.94371148321122,4.406401853068875],[117.94371148321122,4.406794915594421],[117.94474789999234,4.407187978322242],[117.9452661083829,4.406401853068875],[117.94474789999234,4.406401853068875],[117.94474789999234,4.406008790745584],[117.94422969160179,4.406008790745584],[117.94422969160179,4.406401853068875]]],[[[117.95096640067908,4.406008790745584],[117.9504481922885,4.406008790745584],[117.9504481922885,4.40561572862453],[117.94941177550737,4.406008790745584],[117.94941177550737,4.406401853068875],[117.94992998389795,4.406401853068875],[117.94992998389795,4.406794915594421],[117.94941177550737,4.406794915594421],[117.94992998389795,4.407581041252357],[117.95148460906964,4.406794915594421],[117.95096640067908,4.406008790745584]]],[[[117.94733894194513,4.407581041252357],[117.94682073355459,4.407581041252357],[117.94682073355459,4.407974104384781],[117.94785715033571,4.408367167719535],[117.94837535872627,4.407581041252357],[117.94785715033571,4.407581041252357],[117.94785715033571,4.407187978322242],[117.94733894194513,4.407187978322242],[117.94733894194513,4.407581041252357]]],[[[117.94163864964898,4.407187978322242],[117.94112044125842,4.407187978322242],[117.94060223286786,4.407974104384781],[117.94112044125842,4.407974104384781],[117.94112044125842,4.408760231256638],[117.94215685803952,4.409153294996106],[117.9426750664301,4.408367167719535],[117.94215685803952,4.408367167719535],[117.94215685803952,4.407581041252357],[117.94163864964898,4.407581041252357],[117.94163864964898,4.407187978322242]]],[[[117.93386552379057,4.408760231256638],[117.9333473154,4.408760231256638],[117.9333473154,4.409153294996106],[117.93438373218113,4.409546358937958],[117.93490194057168,4.408760231256638],[117.93438373218113,4.408760231256638],[117.93438373218113,4.408367167719535],[117.93386552379057,4.408367167719535],[117.93386552379057,4.408760231256638]]],[[[117.94837535872627,4.408760231256638],[117.94733894194513,4.409153294996106],[117.94733894194513,4.409939423082214],[117.94889356711684,4.410725551978005],[117.94941177550737,4.409939423082214],[117.94889356711684,4.409939423082214],[117.94889356711684,4.409153294996106],[117.94837535872627,4.409153294996106],[117.94837535872627,4.408760231256638]]],[[[117.94371148321122,4.411118616729579],[117.94319327482066,4.411118616729579],[117.94319327482066,4.411511681683627],[117.94422969160179,4.411904746840171],[117.94474789999234,4.411118616729579],[117.94422969160179,4.411118616729579],[117.94422969160179,4.410725551978005],[117.94371148321122,4.410725551978005],[117.94371148321122,4.411118616729579]]],[[[117.93749298252449,4.415835409546821],[117.93697477413392,4.415835409546821],[117.93697477413392,4.4162284769320115],[117.93801119091505,4.4166215445199155],[117.93852939930561,4.415835409546821],[117.93801119091505,4.415835409546821],[117.93801119091505,4.415442342364327],[117.93749298252449,4.415442342364327],[117.93749298252449,4.415835409546821]]],[[[117.94008402447729,4.4162284769320115],[117.93956581608673,4.4162284769320115],[117.94008402447729,4.417014612310554],[117.94112044125842,4.417014612310554],[117.94112044125842,4.4166215445199155],[117.94163864964898,4.4166215445199155],[117.94112044125842,4.415835409546821],[117.94008402447729,4.415835409546821],[117.94008402447729,4.4162284769320115]]],[[[117.94837535872627,4.419766092523064],[117.94785715033571,4.419766092523064],[117.94785715033571,4.420159161936223],[117.94889356711684,4.420552231552277],[117.94941177550737,4.419766092523064],[117.94889356711684,4.419766092523064],[117.94889356711684,4.419373023312787],[117.94837535872627,4.419373023312787],[117.94837535872627,4.419766092523064]]],[[[117.9452661083829,4.422910653510482],[117.94422969160179,4.423303724547334],[117.94474789999234,4.424089867230186],[117.94578431677347,4.424089867230186],[117.94578431677347,4.42369679578723],[117.94630252516403,4.42369679578723],[117.94630252516403,4.422910653510482],[117.94578431677347,4.422910653510482],[117.94578431677347,4.422517582676657],[117.9452661083829,4.422517582676657],[117.9452661083829,4.422910653510482]]],[[[117.95096640067908,4.425662155033009],[117.9504481922885,4.426448300153272],[117.95148460906964,4.426841373018181],[117.95200281746018,4.426055227491556],[117.95096640067908,4.425662155033009]]],[[[117.94371148321122,4.428806740391229],[117.94319327482066,4.428806740391229],[117.94319327482066,4.429592888763428],[117.94422969160179,4.42998596325452],[117.94422969160179,4.429592888763428],[117.94474789999234,4.429592888763428],[117.94474789999234,4.428806740391229],[117.94422969160179,4.428806740391229],[117.94422969160179,4.428413666510091],[117.94371148321122,4.428413666510091],[117.94371148321122,4.428806740391229]]],[[[117.94941177550737,4.429592888763428],[117.94889356711684,4.429592888763428],[117.94889356711684,4.430379037948973],[117.94992998389795,4.430772112846798],[117.94992998389795,4.430379037948973],[117.9504481922885,4.430379037948973],[117.9504481922885,4.429592888763428],[117.94992998389795,4.429592888763428],[117.94992998389795,4.429199814475668],[117.94941177550737,4.429199814475668],[117.94941177550737,4.429592888763428]]],[[[117.94733894194513,4.4335236428275895],[117.94682073355459,4.4335236428275895],[117.94682073355459,4.4339167193530695],[117.94785715033571,4.434309796082085],[117.94837535872627,4.4335236428275895],[117.94785715033571,4.4335236428275895],[117.94785715033571,4.433130566505633],[117.94733894194513,4.433130566505633],[117.94733894194513,4.4335236428275895]]],[[[117.94682073355459,4.442171373433894],[117.94630252516403,4.442171373433894],[117.94630252516403,4.442564454441468],[117.94733894194513,4.442957535652985],[117.94785715033571,4.442171373433894],[117.94733894194513,4.442171373433894],[117.94733894194513,4.441778292630243],[117.94682073355459,4.441778292630243],[117.94682073355459,4.442171373433894]]],[[[117.93956581608673,4.444136780511374],[117.93904760769618,4.444136780511374],[117.93904760769618,4.444529862538846],[117.94008402447729,4.444922944770351],[117.94060223286786,4.444136780511374],[117.94008402447729,4.444136780511374],[117.94008402447729,4.44374369868792],[117.93956581608673,4.44374369868792],[117.93956581608673,4.444136780511374]]],[[[117.93749298252449,4.4582878621727655],[117.93697477413392,4.4582878621727655],[117.93697477413392,4.459074041145966],[117.93801119091505,4.459467130939625],[117.93801119091505,4.459074041145966],[117.93852939930561,4.459074041145966],[117.93852939930561,4.4582878621727655],[117.93801119091505,4.4582878621727655],[117.93801119091505,4.45789477299319],[117.93749298252449,4.45789477299319],[117.93749298252449,4.4582878621727655]]],[[[117.91831927207375,4.462218765228739],[117.91780106368317,4.462218765228739],[117.91780106368317,4.462611856660761],[117.9188374804643,4.463004948297659],[117.91935568885488,4.462218765228739],[117.9188374804643,4.462218765228739],[117.9188374804643,4.461825674001577],[117.91831927207375,4.461825674001577],[117.91831927207375,4.462218765228739]]],[[[117.93179269022833,4.462218765228739],[117.93127448183776,4.462218765228739],[117.93127448183776,4.462611856660761],[117.93231089861888,4.463004948297659],[117.93282910700944,4.462218765228739],[117.93231089861888,4.462218765228739],[117.93231089861888,4.461825674001577],[117.93179269022833,4.461825674001577],[117.93179269022833,4.462218765228739]]],[[[117.92505598115103,4.462611856660761],[117.92453777276049,4.462611856660761],[117.92453777276049,4.463004948297659],[117.92557418954159,4.463398040139454],[117.92609239793215,4.462611856660761],[117.92557418954159,4.462611856660761],[117.92557418954159,4.462218765228739],[117.92505598115103,4.462218765228739],[117.92505598115103,4.462611856660761]]],[[[117.92920164827552,4.464184224437805],[117.92868343988496,4.464184224437805],[117.92868343988496,4.464577316894398],[117.92971985666607,4.464970409555961],[117.93023806505664,4.464184224437805],[117.92971985666607,4.464184224437805],[117.92971985666607,4.463791132186164],[117.92920164827552,4.463791132186164],[117.92920164827552,4.464184224437805]]],[[[117.92194673080768,4.464184224437805],[117.92142852241712,4.464184224437805],[117.92142852241712,4.463791132186164],[117.92091031402654,4.463791132186164],[117.92091031402654,4.464184224437805],[117.91987389724542,4.464184224437805],[117.91987389724542,4.464577316894398],[117.91935568885488,4.464577316894398],[117.91935568885488,4.465363502422511],[117.92039210563598,4.465756595494066],[117.92194673080768,4.464184224437805]]],[[[117.93852939930561,4.469294442366371],[117.93801119091505,4.469294442366371],[117.93801119091505,4.469687537488997],[117.93904760769618,4.470080632816831],[117.93956581608673,4.469294442366371],[117.93904760769618,4.469294442366371],[117.93904760769618,4.468901347448936],[117.93852939930561,4.468901347448936],[117.93852939930561,4.469294442366371]]],[[[117.94474789999234,4.471259920031763],[117.94422969160179,4.471259920031763],[117.94422969160179,4.47165301618061],[117.9452661083829,4.472046112534757],[117.94578431677347,4.471259920031763],[117.9452661083829,4.471259920031763],[117.9452661083829,4.470866824088194],[117.94474789999234,4.470866824088194],[117.94474789999234,4.471259920031763]]],[[[117.93438373218113,4.474404694971962],[117.93386552379057,4.474404694971962],[117.93386552379057,4.474797792763719],[117.93490194057168,4.475190890760924],[117.93542014896225,4.474404694971962],[117.93490194057168,4.474404694971962],[117.93490194057168,4.474011597385632],[117.93438373218113,4.474011597385632],[117.93438373218113,4.474404694971962]]],[[[117.90018197840413,4.479514982294869],[117.89966377001358,4.4803011834285345],[117.90070018679468,4.480694284303913],[117.90121839518524,4.47990808275886],[117.90018197840413,4.479514982294869]]],[[[117.91417360494927,4.497204707062601],[117.9136553965587,4.497204707062601],[117.9136553965587,4.497597816800565],[117.91469181333983,4.497990926745038],[117.91521002173037,4.497204707062601],[117.91469181333983,4.497204707062601],[117.91469181333983,4.496811597531129],[117.91417360494927,4.496811597531129],[117.91417360494927,4.497204707062601]]],[[[117.96547623561477,4.373778366766933],[117.9649580272242,4.373778366766933],[117.9649580272242,4.374171412567589],[117.96599444400533,4.374564458568996],[117.9665126523959,4.373778366766933],[117.96599444400533,4.373778366766933],[117.96599444400533,4.373385321167015],[117.96547623561477,4.373385321167015],[117.96547623561477,4.373778366766933]]],[[[117.96806727756757,4.374171412567589],[117.96754906917701,4.374171412567589],[117.96754906917701,4.374564458568996],[117.96858548595814,4.374957504771177],[117.9691036943487,4.374171412567589],[117.96858548595814,4.374171412567589],[117.96858548595814,4.373778366766933],[117.96806727756757,4.373778366766933],[117.96806727756757,4.374171412567589]]],[[[117.96340340205253,4.374171412567589],[117.96288519366196,4.374171412567589],[117.96288519366196,4.374564458568996],[117.96443981883364,4.3753505511741455],[117.96443981883364,4.374957504771177],[117.9649580272242,4.374957504771177],[117.9649580272242,4.374171412567589],[117.96443981883364,4.374171412567589],[117.96443981883364,4.373778366766933],[117.96340340205253,4.373778366766933],[117.96340340205253,4.374171412567589]]],[[[117.9623669852714,4.376922738794294],[117.96288519366196,4.376922738794294],[117.96288519366196,4.3761366445825285],[117.9623669852714,4.3761366445825285],[117.9623669852714,4.375743597777925],[117.96288519366196,4.375743597777925],[117.96288519366196,4.374957504771177],[117.96184877688083,4.374564458568996],[117.96184877688083,4.374957504771177],[117.9613305684903,4.374957504771177],[117.9613305684903,4.375743597777925],[117.96184877688083,4.375743597777925],[117.96184877688083,4.3761366445825285],[117.96081236009972,4.3761366445825285],[117.96081236009972,4.37652969158798],[117.96029415170916,4.37652969158798],[117.96029415170916,4.377315786201489],[117.95977594331859,4.377315786201489],[117.95977594331859,4.379674074864205],[117.96029415170916,4.379674074864205],[117.96029415170916,4.380067123678086],[117.9613305684903,4.379674074864205],[117.9613305684903,4.376922738794294],[117.96184877688083,4.376922738794294],[117.96184877688083,4.377315786201489],[117.9623669852714,4.377315786201489],[117.9623669852714,4.376922738794294]]],[[[117.96858548595814,4.377708833809585],[117.96806727756757,4.377708833809585],[117.96806727756757,4.378101881618598],[117.9691036943487,4.378494929628549],[117.96962190273925,4.377708833809585],[117.9691036943487,4.377708833809585],[117.9691036943487,4.377315786201489],[117.96858548595814,4.377315786201489],[117.96858548595814,4.377708833809585]]],[[[117.96443981883364,4.387142036721536],[117.9649580272242,4.387142036721536],[117.9649580272242,4.386355932052488],[117.96547623561477,4.386355932052488],[117.9649580272242,4.385569828188725],[117.96443981883364,4.385569828188725],[117.9639216104431,4.386355932052488],[117.96288519366196,4.386355932052488],[117.96288519366196,4.386748984286342],[117.9613305684903,4.387535089358088],[117.9613305684903,4.388321195235339],[117.96288519366196,4.3891073019182425],[117.96288519366196,4.3887142484760755],[117.96340340205253,4.3887142484760755],[117.96340340205253,4.387928142196016],[117.9639216104431,4.387928142196016],[117.96443981883364,4.387142036721536]]],[[[117.96443981883364,4.3898934094069455],[117.9639216104431,4.3898934094069455],[117.9639216104431,4.390286463453517],[117.9649580272242,4.390679517701594],[117.96547623561477,4.3898934094069455],[117.9649580272242,4.3898934094069455],[117.9649580272242,4.389500355561859],[117.96443981883364,4.389500355561859],[117.96443981883364,4.3898934094069455]]],[[[117.9649580272242,4.39618229834292],[117.96443981883364,4.39618229834292],[117.96443981883364,4.396575355615766],[117.96547623561477,4.396968413090409],[117.96599444400533,4.39618229834292],[117.96547623561477,4.39618229834292],[117.96547623561477,4.395789241271854],[117.9649580272242,4.395789241271854],[117.9649580272242,4.39618229834292]]],[[[117.96184877688083,4.39854064500733],[117.9613305684903,4.39854064500733],[117.96081236009972,4.399326762177055],[117.9613305684903,4.399326762177055],[117.9613305684903,4.400112880154484],[117.9623669852714,4.400505939446132],[117.96288519366196,4.399719821064796],[117.9623669852714,4.399719821064796],[117.9623669852714,4.398933703491238],[117.96184877688083,4.398933703491238],[117.96184877688083,4.39854064500733]]],[[[117.95977594331859,4.398933703491238],[117.96029415170916,4.398933703491238],[117.95977594331859,4.398147586725312],[117.95925773492806,4.398147586725312],[117.95925773492806,4.39854064500733],[117.95770310975635,4.39854064500733],[117.95770310975635,4.398147586725312],[117.95666669297525,4.39854064500733],[117.95666669297525,4.399326762177055],[117.95718490136579,4.399326762177055],[117.95666669297525,4.400112880154484],[117.95718490136579,4.400112880154484],[117.95718490136579,4.401292058635393],[117.95770310975635,4.401292058635393],[117.95822131814693,4.402078178632725],[117.95925773492806,4.402078178632725],[117.95925773492806,4.401685118533043],[117.95977594331859,4.401685118533043],[117.95977594331859,4.401292058635393],[117.95925773492806,4.401292058635393],[117.95925773492806,4.400505939446132],[117.95977594331859,4.400505939446132],[117.95977594331859,4.398933703491238]],[[117.95822131814693,4.399719821064796],[117.95822131814693,4.399326762177055],[117.95873952653749,4.399326762177055],[117.95873952653749,4.400112880154484],[117.95770310975635,4.400112880154484],[117.95770310975635,4.399719821064796],[117.95822131814693,4.399719821064796]]],[[[117.97065831952038,4.401292058635393],[117.97014011112981,4.401292058635393],[117.97014011112981,4.401685118533043],[117.97117652791094,4.402078178632725],[117.97169473630152,4.401292058635393],[117.97117652791094,4.401292058635393],[117.97117652791094,4.4008989989397636],[117.97065831952038,4.4008989989397636],[117.97065831952038,4.401292058635393]]],[[[117.9613305684903,4.401292058635393],[117.96029415170916,4.401292058635393],[117.96029415170916,4.401685118533043],[117.95925773492806,4.402078178632725],[117.95925773492806,4.403257360144177],[117.95977594331859,4.403257360144177],[117.96081236009972,4.404436543474613],[117.96184877688083,4.404436543474613],[117.96184877688083,4.404043482162329],[117.9623669852714,4.404043482162329],[117.9623669852714,4.403257360144177],[117.96184877688083,4.403257360144177],[117.96184877688083,4.401685118533043],[117.9613305684903,4.401685118533043],[117.9613305684903,4.401292058635393]],[[117.96029415170916,4.402471238934464],[117.96029415170916,4.402078178632725],[117.96081236009972,4.402078178632725],[117.96081236009972,4.402471238934464],[117.96029415170916,4.402471238934464]]],[[[117.95977594331859,4.405222666705698],[117.96029415170916,4.405222666705698],[117.96029415170916,4.404829604989064],[117.95977594331859,4.404829604989064],[117.95977594331859,4.404436543474613],[117.95873952653749,4.404829604989064],[117.95873952653749,4.403650421052189],[117.95770310975635,4.403257360144177],[117.95770310975635,4.402471238934464],[117.95822131814693,4.402471238934464],[117.95822131814693,4.402078178632725],[117.95718490136579,4.401685118533043],[117.95718490136579,4.402078178632725],[117.95666669297525,4.402078178632725],[117.95666669297525,4.402864299438275],[117.95614848458469,4.402864299438275],[117.95614848458469,4.404043482162329],[117.95563027619411,4.404043482162329],[117.95563027619411,4.404436543474613],[117.95614848458469,4.404436543474613],[117.95614848458469,4.404829604989064],[117.95718490136579,4.404436543474613],[117.95718490136579,4.405222666705698],[117.95666669297525,4.405222666705698],[117.95718490136579,4.406008790745584],[117.95770310975635,4.406008790745584],[117.95822131814693,4.405222666705698],[117.95925773492806,4.405222666705698],[117.95925773492806,4.40561572862453],[117.95977594331859,4.40561572862453],[117.95977594331859,4.405222666705698]]],[[[117.96962190273925,4.403650421052189],[117.96962190273925,4.404043482162329],[117.9691036943487,4.404043482162329],[117.9691036943487,4.404829604989064],[117.97014011112981,4.405222666705698],[117.97014011112981,4.404829604989064],[117.97065831952038,4.404829604989064],[117.97065831952038,4.404043482162329],[117.96962190273925,4.403650421052189]]],[[[117.95511206780355,4.405222666705698],[117.95459385941298,4.405222666705698],[117.95459385941298,4.40561572862453],[117.95563027619411,4.406008790745584],[117.95614848458469,4.405222666705698],[117.95563027619411,4.405222666705698],[117.95563027619411,4.404829604989064],[117.95511206780355,4.404829604989064],[117.95511206780355,4.405222666705698]]],[[[117.96184877688083,4.40561572862453],[117.9613305684903,4.40561572862453],[117.9613305684903,4.406008790745584],[117.9623669852714,4.406401853068875],[117.96288519366196,4.40561572862453],[117.9623669852714,4.40561572862453],[117.9623669852714,4.405222666705698],[117.96184877688083,4.405222666705698],[117.96184877688083,4.40561572862453]]],[[[117.95407565102245,4.405222666705698],[117.95252102585074,4.406008790745584],[117.95303923424132,4.406794915594421],[117.95459385941298,4.406008790745584],[117.95407565102245,4.405222666705698]]],[[[117.95252102585074,4.407581041252357],[117.95200281746018,4.407581041252357],[117.95200281746018,4.407974104384781],[117.95303923424132,4.408367167719535],[117.95355744263188,4.407581041252357],[117.95303923424132,4.407581041252357],[117.95303923424132,4.407187978322242],[117.95252102585074,4.407187978322242],[117.95252102585074,4.407581041252357]]],[[[117.95148460906964,4.408760231256638],[117.95096640067908,4.408760231256638],[117.95096640067908,4.409153294996106],[117.95200281746018,4.409546358937958],[117.95252102585074,4.408760231256638],[117.95200281746018,4.408760231256638],[117.95200281746018,4.408367167719535],[117.95148460906964,4.408367167719535],[117.95148460906964,4.408760231256638]]],[[[117.95355744263188,4.408760231256638],[117.95303923424132,4.408760231256638],[117.95303923424132,4.409153294996106],[117.95407565102245,4.409546358937958],[117.95459385941298,4.408760231256638],[117.95407565102245,4.408760231256638],[117.95407565102245,4.408367167719535],[117.95355744263188,4.408367167719535],[117.95355744263188,4.408760231256638]]],[[[117.96858548595814,4.410725551978005],[117.9691036943487,4.410725551978005],[117.9691036943487,4.409939423082214],[117.96806727756757,4.409546358937958],[117.96806727756757,4.409939423082214],[117.9665126523959,4.409939423082214],[117.9649580272242,4.411511681683627],[117.96547623561477,4.411511681683627],[117.96547623561477,4.411904746840171],[117.96599444400533,4.411904746840171],[117.96599444400533,4.411511681683627],[117.9665126523959,4.411511681683627],[117.9665126523959,4.411904746840171],[117.96806727756757,4.411904746840171],[117.96806727756757,4.411511681683627],[117.96858548595814,4.411511681683627],[117.96858548595814,4.410725551978005]],[[117.96703086078644,4.411118616729579],[117.96703086078644,4.410725551978005],[117.96754906917701,4.410725551978005],[117.96754906917701,4.411118616729579],[117.96703086078644,4.411118616729579]]],[[[117.9623669852714,4.411904746840171],[117.96184877688083,4.411904746840171],[117.96184877688083,4.412297812199227],[117.96288519366196,4.412690877760813],[117.96340340205253,4.411904746840171],[117.96288519366196,4.411904746840171],[117.96288519366196,4.411511681683627],[117.9623669852714,4.411511681683627],[117.9623669852714,4.411904746840171]]],[[[117.9623669852714,4.413477009491654],[117.96184877688083,4.413477009491654],[117.96184877688083,4.413870075660942],[117.96288519366196,4.414263142032837],[117.96340340205253,4.413477009491654],[117.96288519366196,4.413477009491654],[117.96288519366196,4.41308394352495],[117.9623669852714,4.41308394352495],[117.9623669852714,4.413477009491654]]],[[[117.95925773492806,4.4162284769320115],[117.95873952653749,4.4162284769320115],[117.95873952653749,4.4166215445199155],[117.95977594331859,4.417014612310554],[117.96029415170916,4.4162284769320115],[117.95977594331859,4.4162284769320115],[117.95977594331859,4.415835409546821],[117.95925773492806,4.415835409546821],[117.95925773492806,4.4162284769320115]]],[[[117.97014011112981,4.418979954305369],[117.9691036943487,4.419373023312787],[117.96962190273925,4.420159161936223],[117.97065831952038,4.420159161936223],[117.97065831952038,4.419766092523064],[117.97117652791094,4.419766092523064],[117.97117652791094,4.418979954305369],[117.97065831952038,4.418979954305369],[117.97065831952038,4.418586885500794],[117.97014011112981,4.418586885500794],[117.97014011112981,4.418979954305369]]],[[[117.95148460906964,4.419373023312787],[117.95096640067908,4.419373023312787],[117.95096640067908,4.419766092523064],[117.95200281746018,4.420159161936223],[117.95252102585074,4.419373023312787],[117.95200281746018,4.419373023312787],[117.95200281746018,4.418979954305369],[117.95148460906964,4.418979954305369],[117.95148460906964,4.419373023312787]]],[[[117.96754906917701,4.427627519357643],[117.96703086078644,4.427627519357643],[117.96703086078644,4.428020592832236],[117.96599444400533,4.427627519357643],[117.96599444400533,4.428020592832236],[117.96547623561477,4.428020592832236],[117.96547623561477,4.428806740391229],[117.96599444400533,4.428806740391229],[117.96599444400533,4.429199814475668],[117.96703086078644,4.429199814475668],[117.96703086078644,4.428806740391229],[117.96806727756757,4.428413666510091],[117.96754906917701,4.427627519357643]]],[[[117.96029415170916,4.434309796082085],[117.95977594331859,4.434309796082085],[117.95977594331859,4.434702873014661],[117.96081236009972,4.435095950150812],[117.9613305684903,4.434309796082085],[117.96081236009972,4.434309796082085],[117.96081236009972,4.4339167193530695],[117.96029415170916,4.4339167193530695],[117.96029415170916,4.434309796082085]]],[[[117.95148460906964,4.434702873014661],[117.95096640067908,4.435489027490556],[117.95200281746018,4.435882105033914],[117.95252102585074,4.435095950150812],[117.95148460906964,4.434702873014661]]],[[[117.97014011112981,4.445316027205907],[117.96962190273925,4.445316027205907],[117.96962190273925,4.445709109845535],[117.97065831952038,4.4461021926892546],[117.97117652791094,4.445316027205907],[117.97065831952038,4.445316027205907],[117.97065831952038,4.444922944770351],[117.97014011112981,4.444922944770351],[117.97014011112981,4.445316027205907]]],[[[117.96806727756757,4.501528925541293],[117.96754906917701,4.501528925541293],[117.96754906917701,4.501135813737401],[117.9665126523959,4.501528925541293],[117.9665126523959,4.501922037551877],[117.96703086078644,4.501922037551877],[117.96703086078644,4.502708262193203],[117.9665126523959,4.502708262193203],[117.96703086078644,4.503494487661525],[117.96806727756757,4.50310137482398],[117.96806727756757,4.502708262193203],[117.96754906917701,4.502708262193203],[117.96754906917701,4.501922037551877],[117.96806727756757,4.501922037551877],[117.96806727756757,4.501528925541293]]],[[[117.98568636284664,4.380067123678086],[117.98583839460451,4.380067123678086],[117.98568636284664,4.3800107978325],[117.98568636284664,4.380067123678086]]],[[[117.98672277962774,4.380460172692995],[117.98689929150854,4.380460172692995],[117.98672277962774,4.380394777238089],[117.98672277962774,4.380460172692995]]],[[[117.97843144537879,4.380067123678086],[117.97791323698823,4.380067123678086],[117.97791323698823,4.379674074864205],[117.9768768202071,4.380067123678086],[117.9768768202071,4.380853221908951],[117.97739502859766,4.380853221908951],[117.97739502859766,4.381639320944075],[117.9768768202071,4.381639320944075],[117.9768768202071,4.38203237076328],[117.97739502859766,4.38203237076328],[117.97739502859766,4.382425420783606],[117.97843144537879,4.38203237076328],[117.97843144537879,4.381639320944075],[117.97791323698823,4.381639320944075],[117.97843144537879,4.380067123678086]]],[[[117.98257711250326,4.38203237076328],[117.9846499460655,4.380853221908951],[117.98413173767497,4.380067123678086],[117.9820589041127,4.380460172692995],[117.9810224873316,4.381639320944075],[117.98050427894103,4.381639320944075],[117.98050427894103,4.3812462713259706],[117.9794678621599,4.381639320944075],[117.9794678621599,4.382425420783606],[117.97998607055047,4.382425420783606],[117.97998607055047,4.38281847100507],[117.98050427894103,4.38281847100507],[117.9810224873316,4.38203237076328],[117.98154069572216,4.38203237076328],[117.98154069572216,4.382425420783606],[117.98257711250326,4.382425420783606],[117.98257711250326,4.38203237076328]],[[117.9820589041127,4.381639320944075],[117.9820589041127,4.3812462713259706],[117.98257711250326,4.3812462713259706],[117.98257711250326,4.381639320944075],[117.9820589041127,4.381639320944075]]],[[[117.97117652791094,4.382425420783606],[117.97065831952038,4.382425420783606],[117.97065831952038,4.38281847100507],[117.97169473630152,4.38321152142769],[117.97221294469205,4.382425420783606],[117.97169473630152,4.382425420783606],[117.97169473630152,4.38203237076328],[117.97117652791094,4.38203237076328],[117.97117652791094,4.382425420783606]]],[[[117.97376756986375,4.384783725130103],[117.97324936147318,4.384783725130103],[117.97324936147318,4.385176776558784],[117.97428577825428,4.385569828188725],[117.97480398664486,4.384783725130103],[117.97428577825428,4.384783725130103],[117.97428577825428,4.384390673902675],[117.97376756986375,4.384390673902675],[117.97376756986375,4.384783725130103]]],[[[117.97635861181655,4.384783725130103],[117.97584040342599,4.384783725130103],[117.97584040342599,4.385176776558784],[117.9768768202071,4.385569828188725],[117.97739502859766,4.384783725130103],[117.9768768202071,4.384783725130103],[117.9768768202071,4.384390673902675],[117.97635861181655,4.384390673902675],[117.97635861181655,4.384783725130103]]],[[[117.98775919640887,4.385962880019956],[117.98724098801831,4.385962880019956],[117.98724098801831,4.386355932052488],[117.98827740479945,4.386748984286342],[117.98879561319,4.385962880019956],[117.98827740479945,4.385962880019956],[117.98827740479945,4.385569828188725],[117.98775919640887,4.385569828188725],[117.98775919640887,4.385962880019956]]],[[[117.97480398664486,4.390286463453517],[117.97428577825428,4.390286463453517],[117.97428577825428,4.390679517701594],[117.97532219503542,4.391072572151193],[117.97584040342599,4.390286463453517],[117.97532219503542,4.390286463453517],[117.97532219503542,4.3898934094069455],[117.97480398664486,4.3898934094069455],[117.97480398664486,4.390286463453517]]],[[[117.97739502859766,4.391465626802335],[117.9768768202071,4.391465626802335],[117.9768768202071,4.391858681655035],[117.97791323698823,4.392251736709313],[117.97843144537879,4.391465626802335],[117.97791323698823,4.391465626802335],[117.97791323698823,4.391072572151193],[117.97739502859766,4.391072572151193],[117.97739502859766,4.391465626802335]]],[[[117.9836135292844,4.392251736709313],[117.98309532089384,4.392251736709313],[117.98309532089384,4.393430903081801],[117.98413173767497,4.393823958942573],[117.98413173767497,4.393430903081801],[117.9846499460655,4.393430903081801],[117.9846499460655,4.392251736709313],[117.98413173767497,4.392251736709313],[117.98413173767497,4.391858681655035],[117.9836135292844,4.391858681655035],[117.9836135292844,4.392251736709313]]],[[[117.9836135292844,4.39736147076687],[117.98309532089384,4.39736147076687],[117.98309532089384,4.397754528645164],[117.98413173767497,4.398147586725312],[117.9846499460655,4.39736147076687],[117.98413173767497,4.39736147076687],[117.98413173767497,4.396968413090409],[117.9836135292844,4.396968413090409],[117.9836135292844,4.39736147076687]]],[[[117.98154069572216,4.406008790745584],[117.9810224873316,4.406008790745584],[117.98154069572216,4.406794915594421],[117.98257711250326,4.406794915594421],[117.98257711250326,4.406401853068875],[117.98309532089384,4.406401853068875],[117.98257711250326,4.40561572862453],[117.98154069572216,4.40561572862453],[117.98154069572216,4.406008790745584]]],[[[117.98413173767497,4.407581041252357],[117.9836135292844,4.407581041252357],[117.9836135292844,4.407974104384781],[117.9846499460655,4.408367167719535],[117.98516815445608,4.407581041252357],[117.9846499460655,4.407581041252357],[117.9846499460655,4.407187978322242],[117.98413173767497,4.407187978322242],[117.98413173767497,4.407581041252357]]],[[[117.97998607055047,4.41308394352495],[117.97894965376936,4.413477009491654],[117.97894965376936,4.414263142032837],[117.9794678621599,4.414263142032837],[117.9794678621599,4.414656208607352],[117.98050427894103,4.414263142032837],[117.98050427894103,4.413477009491654],[117.97998607055047,4.413477009491654],[117.97998607055047,4.41308394352495]]],[[[117.97894965376936,4.4150492753845105],[117.9794678621599,4.4150492753845105],[117.9794678621599,4.414656208607352],[117.97843144537879,4.414263142032837],[117.97791323698823,4.4150492753845105],[117.97843144537879,4.4150492753845105],[117.97843144537879,4.415442342364327],[117.97894965376936,4.415442342364327],[117.97894965376936,4.4150492753845105]]],[[[117.97998607055047,4.4166215445199155],[117.97894965376936,4.4162284769320115],[117.97894965376936,4.4166215445199155],[117.97843144537879,4.4166215445199155],[117.97843144537879,4.417407680303941],[117.97791323698823,4.417407680303941],[117.97791323698823,4.418193816899044],[117.97843144537879,4.418193816899044],[117.97843144537879,4.418979954305369],[117.97894965376936,4.418979954305369],[117.97894965376936,4.419373023312787],[117.97998607055047,4.418979954305369],[117.97998607055047,4.418193816899044],[117.9794678621599,4.418193816899044],[117.9794678621599,4.417014612310554],[117.97998607055047,4.417014612310554],[117.97998607055047,4.4166215445199155]]],[[[117.97169473630152,4.4178007485001],[117.97117652791094,4.4178007485001],[117.97117652791094,4.418586885500794],[117.97221294469205,4.418979954305369],[117.97221294469205,4.418586885500794],[117.97273115308262,4.418586885500794],[117.97273115308262,4.4178007485001],[117.97221294469205,4.4178007485001],[117.97221294469205,4.417407680303941],[117.97169473630152,4.417407680303941],[117.97169473630152,4.4178007485001]]],[[[118.0271430340915,4.442171373433894],[118.02662482570092,4.442171373433894],[118.02662482570092,4.442564454441468],[118.02766124248205,4.442957535652985],[118.02808221025994,4.442171373433894],[118.02766124248205,4.442171373433894],[118.02766124248205,4.441778292630243],[118.0271430340915,4.441778292630243],[118.0271430340915,4.442171373433894]]],[[[117.97169473630152,4.44374369868792],[117.97117652791094,4.44374369868792],[117.97117652791094,4.444136780511374],[117.97221294469205,4.444529862538846],[117.97273115308262,4.44374369868792],[117.97221294469205,4.44374369868792],[117.97221294469205,4.4433506170684645],[117.97169473630152,4.4433506170684645],[117.97169473630152,4.44374369868792]]],[[[117.9820589041127,4.444922944770351],[117.98154069572216,4.444922944770351],[117.98154069572216,4.445316027205907],[117.98257711250326,4.445709109845535],[117.98309532089384,4.444922944770351],[117.98257711250326,4.444922944770351],[117.98257711250326,4.444529862538846],[117.9820589041127,4.444529862538846],[117.9820589041127,4.444922944770351]]],[[[117.97221294469205,4.4461021926892546],[117.97169473630152,4.4461021926892546],[117.97169473630152,4.446495275737077],[117.97273115308262,4.446888358989029],[117.97324936147318,4.4461021926892546],[117.97273115308262,4.4461021926892546],[117.97273115308262,4.445709109845535],[117.97221294469205,4.445709109845535],[117.97221294469205,4.4461021926892546]]],[[[117.97324936147318,4.450426117445273],[117.97273115308262,4.450426117445273],[117.97273115308262,4.45081920273949],[117.97376756986375,4.451212288238038],[117.97428577825428,4.450426117445273],[117.97376756986375,4.450426117445273],[117.97376756986375,4.450033032355365],[117.97324936147318,4.450033032355365],[117.97324936147318,4.450426117445273]]],[[[118.05719912074402,4.460646401549064],[118.05668091235344,4.460646401549064],[118.05668091235344,4.461039492161759],[118.05771732913458,4.461432582979257],[118.05823553752512,4.460646401549064],[118.05771732913458,4.460646401549064],[118.05771732913458,4.460253311141157],[118.05719912074402,4.460253311141157],[118.05719912074402,4.460646401549064]]],[[[118.05484193383484,4.466149688770648],[118.05512628718178,4.465756595494066],[118.05564449557234,4.465756595494066],[118.05512628718178,4.465059793070699],[118.05484193383484,4.466149688770648]]],[[[118.06393582982129,4.47990808275886],[118.06341762143073,4.47990808275886],[118.06341762143073,4.4803011834285345],[118.06445403821186,4.480694284303913],[118.06495838909511,4.47990808275886],[118.06445403821186,4.47990808275886],[118.06445403821186,4.479514982294869],[118.06393582982129,4.479514982294869],[118.06393582982129,4.47990808275886]]],[[[118.0323251179971,4.499956479565703],[118.03180690960653,4.499956479565703],[118.03180690960653,4.500349590749624],[118.03284332638766,4.500742702140183],[118.03336153477822,4.499956479565703],[118.03284332638766,4.499956479565703],[118.03284332638766,4.4995633685884036],[118.0323251179971,4.4995633685884036],[118.0323251179971,4.499956479565703]]],[[[118.0349161599499,4.502708262193203],[118.03439795155934,4.502708262193203],[118.03439795155934,4.50310137482398],[118.03543436834046,4.503494487661525],[118.03595257673103,4.502708262193203],[118.03543436834046,4.502708262193203],[118.03543436834046,4.502315149769176],[118.0349161599499,4.502315149769176],[118.0349161599499,4.502708262193203]]]]},"properties":{"place_id":"43c82e7a-6cf9-5d1b-8355-8d527620f5f1","habitat":"forest_edge_opening","habitat_label":"Forest edge or opening","resolution_m":50}},{"type":"Feature","geometry":{"type":"MultiPolygon","coordinates":[[[[117.94682073355459,4.378494929628549],[117.94682073355459,4.3788879778394545],[117.94733894194513,4.3788879778394545],[117.94733894194513,4.378494929628549],[117.94682073355459,4.378494929628549]]],[[[117.89292706093629,4.379674074864205],[117.89292706093629,4.379042733446786],[117.89280900000001,4.379117295207908],[117.89292706093629,4.379674074864205]]],[[[117.87738080921946,4.380853221908951],[117.87789901761003,4.380853221908951],[117.87789901761003,4.380440213873684],[117.87738080921946,4.380448432682358],[117.87738080921946,4.380853221908951]]],[[[117.89448168610797,4.383997622876474],[117.89448168610797,4.38281847100507],[117.89344526932683,4.382425420783606],[117.89344526932683,4.3812462713259706],[117.89298159860098,4.3812462713259706],[117.8937476865168,4.383997622876474],[117.89448168610797,4.383997622876474]]],[[[117.89315812603844,4.385176776558784],[117.89344526932683,4.384783725130103],[117.8933546461979,4.384783725130103],[117.89315812603844,4.385176776558784]]],[[[117.8794536427817,4.385962880019956],[117.87997185117227,4.385962880019956],[117.87997185117227,4.385569828188725],[117.8794536427817,4.385569828188725],[117.8794536427817,4.385962880019956]]],[[[117.88929960220236,4.39736147076687],[117.88981781059292,4.39736147076687],[117.88981781059292,4.396968413090409],[117.88929960220236,4.396968413090409],[117.88929960220236,4.39736147076687]]],[[[117.94422969160179,4.406794915594421],[117.94474789999234,4.406794915594421],[117.94474789999234,4.406401853068875],[117.94422969160179,4.406401853068875],[117.94422969160179,4.406794915594421]]],[[[117.94112044125842,4.407974104384781],[117.94163864964898,4.407974104384781],[117.94163864964898,4.407581041252357],[117.94112044125842,4.407581041252357],[117.94112044125842,4.407974104384781]]],[[[117.94163864964898,4.408760231256638],[117.94215685803952,4.408760231256638],[117.94215685803952,4.408367167719535],[117.94163864964898,4.408367167719535],[117.94163864964898,4.408760231256638]]],[[[117.93386552379057,4.409153294996106],[117.93438373218113,4.409153294996106],[117.93438373218113,4.408760231256638],[117.93386552379057,4.408760231256638],[117.93386552379057,4.409153294996106]]],[[[117.8835993099062,4.411118616729579],[117.88411751829675,4.411118616729579],[117.88411751829675,4.410332487428889],[117.8835993099062,4.410332487428889],[117.8835993099062,4.411118616729579]]],[[[117.94371148321122,4.411511681683627],[117.94422969160179,4.411511681683627],[117.94422969160179,4.411118616729579],[117.94371148321122,4.411118616729579],[117.94371148321122,4.411511681683627]]],[[[117.93749298252449,4.4162284769320115],[117.93801119091505,4.4162284769320115],[117.93801119091505,4.415835409546821],[117.93749298252449,4.415835409546821],[117.93749298252449,4.4162284769320115]]],[[[117.94008402447729,4.4166215445199155],[117.94112044125842,4.4166215445199155],[117.94112044125842,4.4162284769320115],[117.94008402447729,4.4162284769320115],[117.94008402447729,4.4166215445199155]]],[[[117.94578431677347,4.42369679578723],[117.94578431677347,4.422910653510482],[117.9452661083829,4.422910653510482],[117.94474789999234,4.42369679578723],[117.94578431677347,4.42369679578723]]],[[[117.94371148321122,4.429592888763428],[117.94422969160179,4.429592888763428],[117.94422969160179,4.428806740391229],[117.94371148321122,4.428806740391229],[117.94371148321122,4.429592888763428]]],[[[117.93956581608673,4.444529862538846],[117.94008402447729,4.444529862538846],[117.94008402447729,4.444136780511374],[117.93956581608673,4.444136780511374],[117.93956581608673,4.444529862538846]]],[[[117.93749298252449,4.459074041145966],[117.93801119091505,4.459074041145966],[117.93801119091505,4.4582878621727655],[117.93749298252449,4.4582878621727655],[117.93749298252449,4.459074041145966]]],[[[117.91831927207375,4.462611856660761],[117.9188374804643,4.462611856660761],[117.9188374804643,4.462218765228739],[117.91831927207375,4.462218765228739],[117.91831927207375,4.462611856660761]]],[[[117.93179269022833,4.462611856660761],[117.93231089861888,4.462611856660761],[117.93231089861888,4.462218765228739],[117.93179269022833,4.462218765228739],[117.93179269022833,4.462611856660761]]],[[[117.92505598115103,4.463004948297659],[117.92557418954159,4.463004948297659],[117.92557418954159,4.462611856660761],[117.92505598115103,4.462611856660761],[117.92505598115103,4.463004948297659]]],[[[117.92091031402654,4.464577316894398],[117.92142852241712,4.464577316894398],[117.92142852241712,4.464184224437805],[117.92091031402654,4.464184224437805],[117.92091031402654,4.464577316894398]]],[[[117.92920164827552,4.464577316894398],[117.92971985666607,4.464577316894398],[117.92971985666607,4.464184224437805],[117.92920164827552,4.464184224437805],[117.92920164827552,4.464577316894398]]],[[[117.91987389724542,4.465363502422511],[117.92039210563598,4.465363502422511],[117.92039210563598,4.464577316894398],[117.91987389724542,4.464577316894398],[117.91987389724542,4.465363502422511]]],[[[117.93852939930561,4.469687537488997],[117.93904760769618,4.469687537488997],[117.93904760769618,4.469294442366371],[117.93852939930561,4.469294442366371],[117.93852939930561,4.469687537488997]]],[[[117.94474789999234,4.47165301618061],[117.9452661083829,4.47165301618061],[117.9452661083829,4.471259920031763],[117.94474789999234,4.471259920031763],[117.94474789999234,4.47165301618061]]],[[[117.93438373218113,4.474797792763719],[117.93490194057168,4.474797792763719],[117.93490194057168,4.474404694971962],[117.93438373218113,4.474404694971962],[117.93438373218113,4.474797792763719]]],[[[117.90018197840413,4.4803011834285345],[117.90070018679468,4.4803011834285345],[117.90070018679468,4.47990808275886],[117.90018197840413,4.47990808275886],[117.90018197840413,4.4803011834285345]]],[[[117.78513971569967,4.490128767071594],[117.78565792409022,4.490128767071594],[117.78565792409022,4.489735661253841],[117.78526638842774,4.489735661253841],[117.78513971569967,4.490128767071594]]],[[[117.91417360494927,4.497204707062601],[117.91417360494927,4.497597816800565],[117.91469181333983,4.497597816800565],[117.91469181333983,4.497204707062601],[117.91417360494927,4.497204707062601]]],[[[117.96029415170916,4.379674074864205],[117.96081236009972,4.379674074864205],[117.96081236009972,4.377315786201489],[117.96029415170916,4.377315786201489],[117.96029415170916,4.379674074864205]]],[[[117.95925773492806,4.398933703491238],[117.95977594331859,4.398933703491238],[117.95977594331859,4.39854064500733],[117.95925773492806,4.39854064500733],[117.95925773492806,4.398933703491238]]],[[[117.95925773492806,4.399326762177055],[117.95718490136579,4.39854064500733],[117.95718490136579,4.399326762177055],[117.95822131814693,4.399326762177055],[117.95822131814693,4.399719821064796],[117.95718490136579,4.399719821064796],[117.95822131814693,4.401685118533043],[117.95925773492806,4.401685118533043],[117.95925773492806,4.401292058635393],[117.95822131814693,4.4008989989397636],[117.95822131814693,4.400505939446132],[117.95925773492806,4.400505939446132],[117.95925773492806,4.399326762177055]]],[[[117.95718490136579,4.402471238934464],[117.95770310975635,4.402471238934464],[117.95770310975635,4.402078178632725],[117.95718490136579,4.402078178632725],[117.95718490136579,4.402471238934464]]],[[[117.95977594331859,4.403257360144177],[117.96081236009972,4.402864299438275],[117.96081236009972,4.404043482162329],[117.96184877688083,4.404043482162329],[117.96184877688083,4.403257360144177],[117.9613305684903,4.403257360144177],[117.9613305684903,4.401685118533043],[117.96029415170916,4.401685118533043],[117.96029415170916,4.402078178632725],[117.95977594331859,4.402078178632725],[117.95977594331859,4.403257360144177]]],[[[117.95666669297525,4.403650421052189],[117.95718490136579,4.403650421052189],[117.95718490136579,4.402864299438275],[117.95666669297525,4.402864299438275],[117.95666669297525,4.403650421052189]]],[[[117.95614848458469,4.404436543474613],[117.95666669297525,4.404436543474613],[117.95666669297525,4.404043482162329],[117.95614848458469,4.404043482162329],[117.95614848458469,4.404436543474613]]],[[[117.95770310975635,4.405222666705698],[117.95822131814693,4.405222666705698],[117.95822131814693,4.403650421052189],[117.95770310975635,4.403650421052189],[117.95770310975635,4.405222666705698]]],[[[117.95925773492806,4.405222666705698],[117.95977594331859,4.405222666705698],[117.95977594331859,4.404829604989064],[117.95925773492806,4.404829604989064],[117.95925773492806,4.405222666705698]]],[[[117.95511206780355,4.40561572862453],[117.95563027619411,4.40561572862453],[117.95563027619411,4.405222666705698],[117.95511206780355,4.405222666705698],[117.95511206780355,4.40561572862453]]],[[[117.95718490136579,4.40561572862453],[117.95770310975635,4.40561572862453],[117.95770310975635,4.405222666705698],[117.95718490136579,4.405222666705698],[117.95718490136579,4.40561572862453]]],[[[117.95355744263188,4.406008790745584],[117.95407565102245,4.406008790745584],[117.95407565102245,4.40561572862453],[117.95355744263188,4.40561572862453],[117.95355744263188,4.406008790745584]]],[[[117.94992998389795,4.406401853068875],[117.9504481922885,4.406401853068875],[117.9504481922885,4.406008790745584],[117.94992998389795,4.406008790745584],[117.94992998389795,4.406401853068875]]],[[[117.95303923424132,4.406401853068875],[117.95355744263188,4.406401853068875],[117.95355744263188,4.406008790745584],[117.95303923424132,4.406008790745584],[117.95303923424132,4.406401853068875]]],[[[117.9504481922885,4.406794915594421],[117.95096640067908,4.406794915594421],[117.95096640067908,4.406401853068875],[117.9504481922885,4.406401853068875],[117.9504481922885,4.406794915594421]]],[[[117.9504481922885,4.406794915594421],[117.94992998389795,4.406794915594421],[117.94992998389795,4.407187978322242],[117.9504481922885,4.407187978322242],[117.9504481922885,4.406794915594421]]],[[[117.94733894194513,4.407974104384781],[117.94785715033571,4.407974104384781],[117.94785715033571,4.407581041252357],[117.94733894194513,4.407581041252357],[117.94733894194513,4.407974104384781]]],[[[117.95252102585074,4.407974104384781],[117.95303923424132,4.407974104384781],[117.95303923424132,4.407581041252357],[117.95252102585074,4.407581041252357],[117.95252102585074,4.407974104384781]]],[[[117.95148460906964,4.409153294996106],[117.95200281746018,4.409153294996106],[117.95200281746018,4.408760231256638],[117.95148460906964,4.408760231256638],[117.95148460906964,4.409153294996106]]],[[[117.95355744263188,4.409153294996106],[117.95407565102245,4.409153294996106],[117.95407565102245,4.408760231256638],[117.95355744263188,4.408760231256638],[117.95355744263188,4.409153294996106]]],[[[117.94837535872627,4.409939423082214],[117.94837535872627,4.409153294996106],[117.94785715033571,4.409153294996106],[117.94785715033571,4.409939423082214],[117.94837535872627,4.409939423082214]]],[[[117.94837535872627,4.409939423082214],[117.94837535872627,4.410332487428889],[117.94889356711684,4.410332487428889],[117.94889356711684,4.409939423082214],[117.94837535872627,4.409939423082214]]],[[[117.95925773492806,4.4166215445199155],[117.95977594331859,4.4166215445199155],[117.95977594331859,4.4162284769320115],[117.95925773492806,4.4162284769320115],[117.95925773492806,4.4166215445199155]]],[[[117.95148460906964,4.419766092523064],[117.95200281746018,4.419766092523064],[117.95200281746018,4.419373023312787],[117.95148460906964,4.419373023312787],[117.95148460906964,4.419766092523064]]],[[[117.94837535872627,4.420159161936223],[117.94889356711684,4.420159161936223],[117.94889356711684,4.419766092523064],[117.94837535872627,4.419766092523064],[117.94837535872627,4.420159161936223]]],[[[117.95096640067908,4.426448300153272],[117.95148460906964,4.426448300153272],[117.95148460906964,4.426055227491556],[117.95096640067908,4.426055227491556],[117.95096640067908,4.426448300153272]]],[[[117.94941177550737,4.430379037948973],[117.94992998389795,4.430379037948973],[117.94992998389795,4.429592888763428],[117.94941177550737,4.429592888763428],[117.94941177550737,4.430379037948973]]],[[[117.94733894194513,4.4339167193530695],[117.94785715033571,4.4339167193530695],[117.94785715033571,4.4335236428275895],[117.94733894194513,4.4335236428275895],[117.94733894194513,4.4339167193530695]]],[[[117.96029415170916,4.434702873014661],[117.96081236009972,4.434702873014661],[117.96081236009972,4.434309796082085],[117.96029415170916,4.434309796082085],[117.96029415170916,4.434702873014661]]],[[[117.95148460906964,4.435489027490556],[117.95200281746018,4.435489027490556],[117.95200281746018,4.435095950150812],[117.95148460906964,4.435095950150812],[117.95148460906964,4.435489027490556]]],[[[117.94682073355459,4.442171373433894],[117.94682073355459,4.442564454441468],[117.94733894194513,4.442564454441468],[117.94733894194513,4.442171373433894],[117.94682073355459,4.442171373433894]]],[[[117.96547623561477,4.374171412567589],[117.96599444400533,4.374171412567589],[117.96599444400533,4.373778366766933],[117.96547623561477,4.373778366766933],[117.96547623561477,4.374171412567589]]],[[[117.96806727756757,4.374564458568996],[117.96858548595814,4.374564458568996],[117.96858548595814,4.374171412567589],[117.96806727756757,4.374171412567589],[117.96806727756757,4.374564458568996]]],[[[117.96443981883364,4.374171412567589],[117.96340340205253,4.374171412567589],[117.96340340205253,4.374564458568996],[117.96443981883364,4.374957504771177],[117.96443981883364,4.374171412567589]]],[[[117.96184877688083,4.375743597777925],[117.9623669852714,4.375743597777925],[117.9623669852714,4.374957504771177],[117.96184877688083,4.374957504771177],[117.96184877688083,4.375743597777925]]],[[[117.96184877688083,4.376922738794294],[117.9623669852714,4.376922738794294],[117.9623669852714,4.3761366445825285],[117.96184877688083,4.3761366445825285],[117.96184877688083,4.376922738794294]]],[[[117.96081236009972,4.376922738794294],[117.9613305684903,4.376922738794294],[117.9613305684903,4.37652969158798],[117.96081236009972,4.37652969158798],[117.96081236009972,4.376922738794294]]],[[[117.96858548595814,4.378101881618598],[117.9691036943487,4.378101881618598],[117.9691036943487,4.377708833809585],[117.96858548595814,4.377708833809585],[117.96858548595814,4.378101881618598]]],[[[117.97117652791094,4.38281847100507],[117.97169473630152,4.38281847100507],[117.97169473630152,4.382425420783606],[117.97117652791094,4.382425420783606],[117.97117652791094,4.38281847100507]]],[[[117.96443981883364,4.386355932052488],[117.9649580272242,4.386355932052488],[117.9649580272242,4.385962880019956],[117.96443981883364,4.385962880019956],[117.96443981883364,4.386355932052488]]],[[[117.96443981883364,4.386355932052488],[117.9639216104431,4.386355932052488],[117.9639216104431,4.387142036721536],[117.96443981883364,4.387142036721536],[117.96443981883364,4.386355932052488]]],[[[117.96340340205253,4.386748984286342],[117.96288519366196,4.386748984286342],[117.96288519366196,4.387535089358088],[117.96184877688083,4.387535089358088],[117.96184877688083,4.388321195235339],[117.9623669852714,4.388321195235339],[117.9623669852714,4.3887142484760755],[117.96288519366196,4.3887142484760755],[117.96288519366196,4.387928142196016],[117.9639216104431,4.387535089358088],[117.96340340205253,4.386748984286342]]],[[[117.96443981883364,4.390286463453517],[117.9649580272242,4.390286463453517],[117.9649580272242,4.3898934094069455],[117.96443981883364,4.3898934094069455],[117.96443981883364,4.390286463453517]]],[[[117.9649580272242,4.396575355615766],[117.96547623561477,4.396575355615766],[117.96547623561477,4.39618229834292],[117.9649580272242,4.39618229834292],[117.9649580272242,4.396575355615766]]],[[[117.9613305684903,4.399326762177055],[117.96184877688083,4.399326762177055],[117.96184877688083,4.398933703491238],[117.9613305684903,4.398933703491238],[117.9613305684903,4.399326762177055]]],[[[117.96184877688083,4.399719821064796],[117.96184877688083,4.400112880154484],[117.9623669852714,4.400112880154484],[117.9623669852714,4.399719821064796],[117.96184877688083,4.399719821064796]]],[[[117.97065831952038,4.401685118533043],[117.97117652791094,4.401685118533043],[117.97117652791094,4.401292058635393],[117.97065831952038,4.401292058635393],[117.97065831952038,4.401685118533043]]],[[[117.96962190273925,4.404829604989064],[117.97014011112981,4.404829604989064],[117.97014011112981,4.404043482162329],[117.96962190273925,4.404043482162329],[117.96962190273925,4.404829604989064]]],[[[117.96184877688083,4.406008790745584],[117.9623669852714,4.406008790745584],[117.9623669852714,4.40561572862453],[117.96184877688083,4.40561572862453],[117.96184877688083,4.406008790745584]]],[[[117.9665126523959,4.411511681683627],[117.96806727756757,4.411511681683627],[117.96858548595814,4.409939423082214],[117.96806727756757,4.409939423082214],[117.96806727756757,4.410332487428889],[117.9665126523959,4.410332487428889],[117.9665126523959,4.411511681683627]]],[[[117.96547623561477,4.411511681683627],[117.96599444400533,4.411511681683627],[117.96599444400533,4.411118616729579],[117.96547623561477,4.411118616729579],[117.96547623561477,4.411511681683627]]],[[[117.9623669852714,4.412297812199227],[117.96288519366196,4.412297812199227],[117.96288519366196,4.411904746840171],[117.9623669852714,4.411904746840171],[117.9623669852714,4.412297812199227]]],[[[117.9623669852714,4.413870075660942],[117.96288519366196,4.413870075660942],[117.96288519366196,4.413477009491654],[117.9623669852714,4.413477009491654],[117.9623669852714,4.413870075660942]]],[[[117.97169473630152,4.418586885500794],[117.97221294469205,4.418586885500794],[117.97221294469205,4.4178007485001],[117.97169473630152,4.4178007485001],[117.97169473630152,4.418586885500794]]],[[[117.97065831952038,4.418979954305369],[117.97014011112981,4.418979954305369],[117.96962190273925,4.419766092523064],[117.97065831952038,4.419766092523064],[117.97065831952038,4.418979954305369]]],[[[117.96703086078644,4.428413666510091],[117.96754906917701,4.428413666510091],[117.96754906917701,4.428020592832236],[117.96703086078644,4.428020592832236],[117.96703086078644,4.428413666510091]]],[[[117.96703086078644,4.428413666510091],[117.9665126523959,4.428413666510091],[117.9665126523959,4.428020592832236],[117.96599444400533,4.428020592832236],[117.96599444400533,4.428806740391229],[117.96703086078644,4.428806740391229],[117.96703086078644,4.428413666510091]]],[[[117.97169473630152,4.444136780511374],[117.97221294469205,4.444136780511374],[117.97221294469205,4.44374369868792],[117.97169473630152,4.44374369868792],[117.97169473630152,4.444136780511374]]],[[[117.97014011112981,4.445709109845535],[117.97065831952038,4.445709109845535],[117.97065831952038,4.445316027205907],[117.97014011112981,4.445316027205907],[117.97014011112981,4.445709109845535]]],[[[117.97221294469205,4.446495275737077],[117.97273115308262,4.446495275737077],[117.97273115308262,4.4461021926892546],[117.97221294469205,4.4461021926892546],[117.97221294469205,4.446495275737077]]],[[[117.96703086078644,4.501528925541293],[117.96703086078644,4.501922037551877],[117.96754906917701,4.501922037551877],[117.96754906917701,4.501528925541293],[117.96703086078644,4.501528925541293]]],[[[117.96703086078644,4.50310137482398],[117.96754906917701,4.50310137482398],[117.96754906917701,4.502708262193203],[117.96703086078644,4.502708262193203],[117.96703086078644,4.50310137482398]]],[[[117.97739502859766,4.380853221908951],[117.97791323698823,4.380853221908951],[117.97791323698823,4.380067123678086],[117.97739502859766,4.380067123678086],[117.97739502859766,4.380853221908951]]],[[[117.9836135292844,4.380853221908951],[117.98413173767497,4.380853221908951],[117.98413173767497,4.380460172692995],[117.9836135292844,4.380460172692995],[117.9836135292844,4.380853221908951]]],[[[117.9820589041127,4.3812462713259706],[117.98257711250326,4.3812462713259706],[117.98257711250326,4.380853221908951],[117.9820589041127,4.380853221908951],[117.9820589041127,4.3812462713259706]]],[[[117.98257711250326,4.381639320944075],[117.98309532089384,4.381639320944075],[117.98309532089384,4.3812462713259706],[117.98257711250326,4.3812462713259706],[117.98257711250326,4.381639320944075]]],[[[117.98154069572216,4.38203237076328],[117.9820589041127,4.38203237076328],[117.9820589041127,4.3812462713259706],[117.98154069572216,4.3812462713259706],[117.98154069572216,4.38203237076328]]],[[[117.97739502859766,4.38203237076328],[117.97791323698823,4.38203237076328],[117.97791323698823,4.381639320944075],[117.97739502859766,4.381639320944075],[117.97739502859766,4.38203237076328]]],[[[117.97998607055047,4.382425420783606],[117.98050427894103,4.382425420783606],[117.98050427894103,4.381639320944075],[117.97998607055047,4.381639320944075],[117.97998607055047,4.382425420783606]]],[[[117.97376756986375,4.385176776558784],[117.97428577825428,4.385176776558784],[117.97428577825428,4.384783725130103],[117.97376756986375,4.384783725130103],[117.97376756986375,4.385176776558784]]],[[[117.97635861181655,4.385176776558784],[117.9768768202071,4.385176776558784],[117.9768768202071,4.384783725130103],[117.97635861181655,4.384783725130103],[117.97635861181655,4.385176776558784]]],[[[117.98775919640887,4.386355932052488],[117.98827740479945,4.386355932052488],[117.98827740479945,4.385962880019956],[117.98775919640887,4.385962880019956],[117.98775919640887,4.386355932052488]]],[[[117.97480398664486,4.390679517701594],[117.97532219503542,4.390679517701594],[117.97532219503542,4.390286463453517],[117.97480398664486,4.390286463453517],[117.97480398664486,4.390679517701594]]],[[[117.97739502859766,4.391858681655035],[117.97791323698823,4.391858681655035],[117.97791323698823,4.391465626802335],[117.97739502859766,4.391465626802335],[117.97739502859766,4.391858681655035]]],[[[117.9836135292844,4.393430903081801],[117.98413173767497,4.393430903081801],[117.98413173767497,4.392251736709313],[117.9836135292844,4.392251736709313],[117.9836135292844,4.393430903081801]]],[[[117.9836135292844,4.397754528645164],[117.98413173767497,4.397754528645164],[117.98413173767497,4.39736147076687],[117.9836135292844,4.39736147076687],[117.9836135292844,4.397754528645164]]],[[[117.98154069572216,4.406401853068875],[117.98257711250326,4.406401853068875],[117.98257711250326,4.406008790745584],[117.98154069572216,4.406008790745584],[117.98154069572216,4.406401853068875]]],[[[117.98413173767497,4.407974104384781],[117.9846499460655,4.407974104384781],[117.9846499460655,4.407581041252357],[117.98413173767497,4.407581041252357],[117.98413173767497,4.407974104384781]]],[[[117.9794678621599,4.414263142032837],[117.97998607055047,4.414263142032837],[117.97998607055047,4.413477009491654],[117.9794678621599,4.413477009491654],[117.9794678621599,4.414263142032837]]],[[[117.97843144537879,4.4150492753845105],[117.97894965376936,4.4150492753845105],[117.97894965376936,4.414656208607352],[117.97843144537879,4.414656208607352],[117.97843144537879,4.4150492753845105]]],[[[117.97894965376936,4.417014612310554],[117.9794678621599,4.417014612310554],[117.9794678621599,4.4166215445199155],[117.97894965376936,4.4166215445199155],[117.97894965376936,4.417014612310554]]],[[[117.97894965376936,4.418193816899044],[117.97894965376936,4.417407680303941],[117.97843144537879,4.417407680303941],[117.97843144537879,4.418193816899044],[117.97894965376936,4.418193816899044]]],[[[117.97894965376936,4.418193816899044],[117.97894965376936,4.418979954305369],[117.9794678621599,4.418979954305369],[117.9794678621599,4.418193816899044],[117.97894965376936,4.418193816899044]]],[[[118.0271430340915,4.442564454441468],[118.02766124248205,4.442564454441468],[118.02766124248205,4.442171373433894],[118.0271430340915,4.442171373433894],[118.0271430340915,4.442564454441468]]],[[[117.9820589041127,4.445316027205907],[117.98257711250326,4.445316027205907],[117.98257711250326,4.444922944770351],[117.9820589041127,4.444922944770351],[117.9820589041127,4.445316027205907]]],[[[117.97324936147318,4.45081920273949],[117.97376756986375,4.45081920273949],[117.97376756986375,4.450426117445273],[117.97324936147318,4.450426117445273],[117.97324936147318,4.45081920273949]]],[[[118.05719912074402,4.461039492161759],[118.05771732913458,4.461039492161759],[118.05771732913458,4.460646401549064],[118.05719912074402,4.460646401549064],[118.05719912074402,4.461039492161759]]],[[[118.0549623463591,4.465756595494066],[118.05512628718178,4.465363502422511],[118.05505483166971,4.465363502422511],[118.0549623463591,4.465756595494066]]],[[[118.06393582982129,4.4803011834285345],[118.06445403821186,4.4803011834285345],[118.06445403821186,4.47990808275886],[118.06393582982129,4.47990808275886],[118.06393582982129,4.4803011834285345]]],[[[118.0323251179971,4.500349590749624],[118.03284332638766,4.500349590749624],[118.03284332638766,4.499956479565703],[118.0323251179971,4.499956479565703],[118.0323251179971,4.500349590749624]]],[[[118.0349161599499,4.50310137482398],[118.03543436834046,4.50310137482398],[118.03543436834046,4.502708262193203],[118.0349161599499,4.502708262193203],[118.0349161599499,4.50310137482398]]]]},"properties":{"place_id":"43c82e7a-6cf9-5d1b-8355-8d527620f5f1","habitat":"open_grassland","habitat_label":"Open grassland or shrubland","resolution_m":50}},{"type":"Feature","geometry":{"type":"MultiPolygon","coordinates":[[[[117.98309532089384,4.38203237076328],[117.98309532089384,4.3812462713259706],[117.98413173767497,4.380853221908951],[117.9836135292844,4.380067123678086],[117.98154069572216,4.3812462713259706],[117.98154069572216,4.38203237076328],[117.9820589041127,4.38203237076328],[117.9820589041127,4.382425420783606],[117.98309532089384,4.38203237076328]]],[[[117.88619035185899,4.396968413090409],[117.88619035185899,4.39736147076687],[117.88567214346844,4.39736147076687],[117.88567214346844,4.398147586725312],[117.88664514834248,4.39854064500733],[117.88619035185899,4.396968413090409]]],[[[117.88670856024955,4.398933703491238],[117.8867444481781,4.398933703491238],[117.88670856024955,4.398791648300366],[117.88670856024955,4.398933703491238]]],[[[117.95873952653749,4.399326762177055],[117.95770310975635,4.398933703491238],[117.95718490136579,4.399719821064796],[117.95822131814693,4.400112880154484],[117.95873952653749,4.399326762177055]]],[[[117.78462150730911,4.490914979325606],[117.78410329891855,4.490914979325606],[117.78410329891855,4.490521873095511],[117.78321187998374,4.490914979325606],[117.78395043487022,4.491701192404412],[117.78462150730911,4.490914979325606]]]]},"properties":{"place_id":"43c82e7a-6cf9-5d1b-8355-8d527620f5f1","habitat":"disturbed_built_edge","habitat_label":"Disturbed, bare or built edge","resolution_m":50}}]}