{"type":"FeatureCollection","metadata":{"schema_version":1,"place_id":"483bdcbb-0983-5337-949d-e93a87316066","place_name":"Hutan Simpanan Kekal Rantau Panjang","place_type":"park","osm_reference":"relation/18785090","protection_context":"mapped protected boundary","resolution_m":50,"raster_coverage":1.0,"interpretation":"Suggested search habitats, not predicted plant locations or probabilities of presence."},"features":[{"type":"Feature","geometry":{"type":"MultiPolygon","coordinates":[[[[101.44414894206153,3.3568029704287827],[101.44447453615099,3.3560798978295328],[101.4441545,3.3561086962946156],[101.44414894206153,3.3568029704287827]]],[[[101.44602916132267,3.3571955576682626],[101.44654736971323,3.3571955576682626],[101.44654736971323,3.3568029704287827],[101.44602916132267,3.3568029704287827],[101.44602916132267,3.3571955576682626]]],[[[101.44654736971323,3.3583733203082975],[101.4470655781038,3.3583733203082975],[101.4470655781038,3.357980732608002],[101.44654736971323,3.357980732608002],[101.44654736971323,3.3583733203082975]]],[[[101.4470655781038,3.3630843847010428],[101.44654736971323,3.3630843847010428],[101.44602916132267,3.3622992057645096],[101.44654736971323,3.3622992057645096],[101.44654736971323,3.361906616526986],[101.44758378649436,3.361906616526986],[101.44758378649436,3.361514027443267],[101.44862020327547,3.361906616526986],[101.44862020327547,3.361514027443267],[101.44913841166604,3.361514027443267],[101.44913841166604,3.361121438513334],[101.44862020327547,3.361121438513334],[101.44913841166604,3.3603362611147554],[101.44862020327547,3.3603362611147554],[101.44810199488491,3.3595510843311027],[101.44654736971323,3.3603362611147554],[101.44602916132267,3.3595510843311027],[101.44499274454157,3.3595510843311027],[101.44499274454157,3.3591584961698295],[101.44447453615099,3.3591584961698295],[101.44499274454157,3.3583733203082975],[101.44413951361926,3.357980732608002],[101.44409865703595,3.3630843847010428],[101.44447453615099,3.362691795155856],[101.4455109529321,3.362691795155856],[101.44654736971323,3.3642621542598277],[101.4470655781038,3.3642621542598277],[101.4470655781038,3.3638695642530108],[101.44810199488491,3.3638695642530108],[101.44810199488491,3.3630843847010428],[101.44758378649436,3.3630843847010428],[101.44758378649436,3.362691795155856],[101.4470655781038,3.362691795155856],[101.4470655781038,3.3630843847010428]]],[[[101.44447453615099,3.3642621542598277],[101.44447453615099,3.3634769744000876],[101.44409551422184,3.3634769744000876],[101.44408922859368,3.3642621542598277],[101.44447453615099,3.3642621542598277]]],[[[101.44654736971323,3.3650473347352206],[101.4470655781038,3.3650473347352206],[101.4470655781038,3.3646547444205583],[101.44602916132267,3.3646547444205583],[101.44602916132267,3.3650473347352206],[101.4455109529321,3.3650473347352206],[101.4455109529321,3.3646547444205583],[101.44447453615099,3.3650473347352206],[101.44408608577957,3.3646547444205583],[101.44407665733726,3.365832515826411],[101.44499274454157,3.3654399252038316],[101.4455109529321,3.3662251066029754],[101.44602916132267,3.3662251066029754],[101.44602916132267,3.365832515826411],[101.4470655781038,3.3662251066029754],[101.4470655781038,3.3654399252038316],[101.44654736971323,3.3654399252038316],[101.44654736971323,3.3650473347352206]]],[[[101.4455109529321,3.3662251066029754],[101.44499274454157,3.3662251066029754],[101.44499274454157,3.366617697533543],[101.4455109529321,3.366617697533543],[101.4455109529321,3.3662251066029754]]],[[[101.44654736971323,3.366617697533543],[101.44654736971323,3.3670102886181335],[101.4470655781038,3.3670102886181335],[101.4470655781038,3.366617697533543],[101.44654736971323,3.366617697533543]]],[[[101.44447453615099,3.3693658383611504],[101.44499274454157,3.366617697533543],[101.44407351452317,3.3662251066029754],[101.44408273331888,3.3693658383611504],[101.44447453615099,3.3693658383611504]]],[[[101.44758378649436,3.3685806544970767],[101.44810199488491,3.3685806544970767],[101.44810199488491,3.368188062796217],[101.44758378649436,3.368188062796217],[101.44758378649436,3.3685806544970767]]],[[[101.44913841166604,3.372113986742048],[101.4496566200566,3.372113986742048],[101.4496566200566,3.3713288007192563],[101.44862020327547,3.3717213936535235],[101.44862020327547,3.3713288007192563],[101.44810199488491,3.3713288007192563],[101.44810199488491,3.370151022841819],[101.44913841166604,3.369758430524402],[101.44913841166604,3.370151022841819],[101.45017482844715,3.370543615313423],[101.45017482844715,3.369758430524402],[101.4496566200566,3.369758430524402],[101.4496566200566,3.3693658383611504],[101.44810199488491,3.3693658383611504],[101.44758378649436,3.370151022841819],[101.4455109529321,3.370151022841819],[101.44602916132267,3.3709362079392293],[101.4455109529321,3.3709362079392293],[101.44499274454157,3.3717213936535235],[101.44408987163796,3.3713288007192563],[101.44409415462941,3.3725065799848486],[101.44499274454157,3.372113986742048],[101.44499274454157,3.3725065799848486],[101.44602916132267,3.3725065799848486],[101.44602916132267,3.372899173381943],[101.4470655781038,3.372899173381943],[101.4470655781038,3.3725065799848486],[101.44810199488491,3.372899173381943],[101.44810199488491,3.373684360639085],[101.44758378649436,3.373684360639085],[101.44758378649436,3.37407695449917],[101.44810199488491,3.37407695449917],[101.44810199488491,3.3744695485136207],[101.44758378649436,3.3744695485136207],[101.44758378649436,3.375254737005694],[101.44810199488491,3.375254737005694],[101.44810199488491,3.374862142682456],[101.44913841166604,3.374862142682456],[101.44913841166604,3.373684360639085],[101.4496566200566,3.373684360639085],[101.4496566200566,3.3725065799848486],[101.44913841166604,3.3725065799848486],[101.44913841166604,3.372113986742048]]],[[[101.44447453615099,3.373684360639085],[101.44447453615099,3.372899173381943],[101.44409558229323,3.372899173381943],[101.44409843762087,3.373684360639085],[101.44447453615099,3.373684360639085]]],[[[101.44447453615099,3.375254737005694],[101.44447453615099,3.3744695485136207],[101.4441012929485,3.3744695485136207],[101.44410414827612,3.375254737005694],[101.44447453615099,3.375254737005694]]],[[[101.4470655781038,3.377217710938556],[101.44654736971323,3.377217710938556],[101.44602916132267,3.3756473314833526],[101.44499274454157,3.3756473314833526],[101.44499274454157,3.376039926115449],[101.44410557593996,3.3756473314833526],[101.44411128659522,3.377217710938556],[101.44447453615099,3.3768251158430336],[101.4455109529321,3.377217710938556],[101.44499274454157,3.3780029015931534],[101.44602916132267,3.378395497152265],[101.44602916132267,3.3791806887342024],[101.44758378649436,3.378395497152265],[101.44758378649436,3.3776103061885894],[101.4470655781038,3.3776103061885894],[101.4470655781038,3.377217710938556]]],[[[101.44447453615099,3.3776103061885894],[101.44411513872087,3.3780029015931534],[101.44447453615099,3.3780029015931534],[101.44447453615099,3.3776103061885894]]],[[[101.44758378649436,3.3787880928659417],[101.44810199488491,3.3787880928659417],[101.44810199488491,3.378395497152265],[101.44758378649436,3.378395497152265],[101.44758378649436,3.3787880928659417]]],[[[101.44758378649436,3.3795732847570648],[101.44810199488491,3.3795732847570648],[101.44810199488491,3.3791806887342024],[101.44758378649436,3.3791806887342024],[101.44758378649436,3.3795732847570648]]],[[[101.44758378649436,3.3795732847570648],[101.44654736971323,3.3791806887342024],[101.44654736971323,3.380358477266669],[101.44602916132267,3.380358477266669],[101.44602916132267,3.380751073753446],[101.44810199488491,3.381143670394898],[101.44862020327547,3.380358477266669],[101.44810199488491,3.380358477266669],[101.44758378649436,3.3795732847570648]]],[[[101.44447453615099,3.381143670394898],[101.44447453615099,3.379965880934548],[101.44412487210288,3.379965880934548],[101.44413071213206,3.381143670394898],[101.44447453615099,3.381143670394898]]],[[[101.4455109529321,3.381143670394898],[101.44602916132267,3.381143670394898],[101.44602916132267,3.380751073753446],[101.4455109529321,3.380751073753446],[101.4455109529321,3.381143670394898]]],[[[101.44413460548488,3.381928864141898],[101.44447453615099,3.381536267191043],[101.44413265880847,3.381536267191043],[101.44413460548488,3.381928864141898]]],[[[101.44447453615099,3.384677047131311],[101.44415017889605,3.385069645320505],[101.44447453615099,3.385069645320505],[101.44447453615099,3.384677047131311]]],[[[101.44415407224886,3.385854842163534],[101.44447453615099,3.385462243664574],[101.44415212557246,3.385462243664574],[101.44415407224886,3.385854842163534]]],[[[101.4455109529321,3.3897808356761896],[101.44602916132267,3.3897808356761896],[101.44602916132267,3.389388235627311],[101.4470655781038,3.3897808356761896],[101.44758378649436,3.388995635733506],[101.44862020327547,3.389388235627311],[101.44862020327547,3.3886030359947563],[101.44810199488491,3.3886030359947563],[101.44758378649436,3.387817836982351],[101.44810199488491,3.387817836982351],[101.44810199488491,3.3874252377086593],[101.44913841166604,3.387817836982351],[101.44913841166604,3.3874252377086593],[101.45017482844715,3.3870326385899485],[101.45017482844715,3.3866400396262026],[101.4496566200566,3.3866400396262026],[101.4496566200566,3.385854842163534],[101.44810199488491,3.385854842163534],[101.44810199488491,3.385462243664574],[101.44758378649436,3.385462243664574],[101.44758378649436,3.384284449096972],[101.44654736971323,3.383891851217472],[101.44654736971323,3.383106655922911],[101.4470655781038,3.383106655922911],[101.4470655781038,3.382714058507814],[101.44810199488491,3.382714058507814],[101.44810199488491,3.381928864141898],[101.44602916132267,3.382321461247483],[101.44602916132267,3.383891851217472],[101.4455109529321,3.383891851217472],[101.4455109529321,3.384677047131311],[101.44499274454157,3.384677047131311],[101.44499274454157,3.385069645320505],[101.4455109529321,3.385069645320505],[101.4455109529321,3.385462243664574],[101.44499274454157,3.385462243664574],[101.44499274454157,3.385854842163534],[101.4455109529321,3.385854842163534],[101.4455109529321,3.3870326385899485],[101.44499274454157,3.3870326385899485],[101.44499274454157,3.3874252377086593],[101.44415991227808,3.3870326385899485],[101.44418327239488,3.391743838247315],[101.44447453615099,3.3913512374227976],[101.4455109529321,3.3913512374227976],[101.4455109529321,3.390958636753445],[101.44499274454157,3.390958636753445],[101.44499274454157,3.390566036239238],[101.4455109529321,3.390566036239238],[101.4455109529321,3.3897808356761896]],[[101.44602916132267,3.3886030359947563],[101.4455109529321,3.389388235627311],[101.44447453615099,3.388995635733506],[101.44499274454157,3.388210436411044],[101.44602916132267,3.3886030359947563]],[[101.44810199488491,3.3866400396262026],[101.44758378649436,3.3874252377086593],[101.44654736971323,3.3870326385899485],[101.4470655781038,3.386247440817405],[101.44810199488491,3.3866400396262026]]],[[[101.44758378649436,3.3913512374227976],[101.44758378649436,3.390958636753445],[101.4470655781038,3.390958636753445],[101.4470655781038,3.3913512374227976],[101.44758378649436,3.3913512374227976]]],[[[101.4455109529321,3.3921364392270137],[101.4455109529321,3.3925290403619135],[101.44447453615099,3.3925290403619135],[101.44418521907129,3.3921364392270137],[101.44420599999998,3.3963274962513226],[101.4446221,3.3967854962508315],[101.4455109529321,3.3968201435092804],[101.4455109529321,3.3964550602509105],[101.44499274454157,3.3964550602509105],[101.44499274454157,3.395669855030494],[101.4455109529321,3.395669855030494],[101.4455109529321,3.3952772526533392],[101.4470655781038,3.396062457563011],[101.4470655781038,3.3952772526533392],[101.44758378649436,3.3952772526533392],[101.4470655781038,3.3944920483650485],[101.44810199488491,3.3940994464538754],[101.44810199488491,3.393706844697994],[101.44758378649436,3.393706844697994],[101.44758378649436,3.3933142430973855],[101.44810199488491,3.3933142430973855],[101.44810199488491,3.392921641652031],[101.44758378649436,3.392921641652031],[101.44758378649436,3.3921364392270137],[101.44810199488491,3.3921364392270137],[101.44862020327547,3.3913512374227976],[101.44758378649436,3.3913512374227976],[101.44654736971323,3.3925290403619135],[101.4455109529321,3.3921364392270137]]],[[[101.4470655781038,3.3964550602509105],[101.44758378649436,3.396403028515304],[101.44758378649436,3.396062457563011],[101.4470655781038,3.396062457563011],[101.4470655781038,3.3964550602509105]]],[[[101.44810199488491,3.3987119079132024],[101.44862020327547,3.398418076021766],[101.44862020327547,3.398025472556686],[101.44787426190838,3.398025472556686],[101.44810199488491,3.3987119079132024]]],[[[101.44825291939252,3.3988106796423363],[101.44862020327547,3.39905104663764],[101.44862020327547,3.3988106796423363],[101.44825291939252,3.3988106796423363]]],[[[101.45017482844715,3.3595510843311027],[101.4506930368377,3.3595510843311027],[101.4506930368377,3.3591584961698295],[101.45017482844715,3.3591584961698295],[101.45017482844715,3.3595510843311027]]],[[[101.4496566200566,3.361514027443267],[101.45017482844715,3.361514027443267],[101.45017482844715,3.361121438513334],[101.4496566200566,3.361121438513334],[101.4496566200566,3.361514027443267]]],[[[101.45017482844715,3.3622992057645096],[101.4506930368377,3.3622992057645096],[101.4506930368377,3.361514027443267],[101.45017482844715,3.361514027443267],[101.45017482844715,3.3622992057645096]]],[[[101.45276587039994,3.3630843847010428],[101.45328407879052,3.3630843847010428],[101.45328407879052,3.362691795155856],[101.45276587039994,3.362691795155856],[101.45276587039994,3.3630843847010428]]],[[[101.45328407879052,3.3642621542598277],[101.45380228718108,3.3642621542598277],[101.45380228718108,3.3638695642530108],[101.45328407879052,3.3638695642530108],[101.45276587039994,3.3630843847010428],[101.45172945361884,3.3630843847010428],[101.45121124522828,3.3654399252038316],[101.45172945361884,3.3654399252038316],[101.45224766200941,3.3646547444205583],[101.45328407879052,3.3650473347352206],[101.45328407879052,3.3642621542598277]]],[[[101.44862020327547,3.3650473347352206],[101.4496566200566,3.3654399252038316],[101.4496566200566,3.3646547444205583],[101.45017482844715,3.3646547444205583],[101.45017482844715,3.3642621542598277],[101.44913841166604,3.3642621542598277],[101.44862020327547,3.3650473347352206]]],[[[101.45172945361884,3.3654399252038316],[101.45172945361884,3.365832515826411],[101.45224766200941,3.365832515826411],[101.45224766200941,3.3654399252038316],[101.45172945361884,3.3654399252038316]]],[[[101.45380228718108,3.366617697533543],[101.45432049557165,3.366617697533543],[101.45432049557165,3.3662251066029754],[101.45380228718108,3.3662251066029754],[101.45380228718108,3.366617697533543]]],[[[101.45380228718108,3.366617697533543],[101.45276587039994,3.366617697533543],[101.45276587039994,3.3670102886181335],[101.45380228718108,3.3670102886181335],[101.45380228718108,3.366617697533543]]],[[[101.45224766200941,3.369758430524402],[101.45172945361884,3.369758430524402],[101.45172945361884,3.370151022841819],[101.45483870396221,3.370543615313423],[101.45380228718108,3.3693658383611504],[101.45224766200941,3.3693658383611504],[101.45224766200941,3.369758430524402]]],[[[101.4496566200566,3.3713288007192563],[101.45017482844715,3.3713288007192563],[101.45017482844715,3.3709362079392293],[101.4496566200566,3.3709362079392293],[101.4496566200566,3.3713288007192563]]],[[[101.45587512074331,3.374862142682456],[101.45639332913389,3.374862142682456],[101.45639332913389,3.375254737005694],[101.45742974591502,3.375254737005694],[101.45742974591502,3.374862142682456],[101.45794795430555,3.374862142682456],[101.45794795430555,3.37407695449917],[101.45742974591502,3.37407695449917],[101.45742974591502,3.373684360639085],[101.45691153752445,3.373684360639085],[101.45691153752445,3.37407695449917],[101.45639332913389,3.37407695449917],[101.45639332913389,3.373684360639085],[101.45380228718108,3.37407695449917],[101.45328407879052,3.3732917669333498],[101.45276587039994,3.3732917669333498],[101.45276587039994,3.373684360639085],[101.45224766200941,3.373684360639085],[101.45224766200941,3.3732917669333498],[101.45172945361884,3.3732917669333498],[101.45172945361884,3.373684360639085],[101.4506930368377,3.373684360639085],[101.4506930368377,3.3744695485136207],[101.45121124522828,3.3744695485136207],[101.45121124522828,3.374862142682456],[101.45224766200941,3.374862142682456],[101.45224766200941,3.375254737005694],[101.45276587039994,3.375254737005694],[101.45276587039994,3.376039926115449],[101.45380228718108,3.376039926115449],[101.45380228718108,3.375254737005694],[101.45432049557165,3.375254737005694],[101.45432049557165,3.374862142682456],[101.45483870396221,3.374862142682456],[101.45483870396221,3.375254737005694],[101.45587512074331,3.375254737005694],[101.45587512074331,3.374862142682456]]],[[[101.45276587039994,3.376039926115449],[101.45224766200941,3.376039926115449],[101.45224766200941,3.3764325209020036],[101.45276587039994,3.3764325209020036],[101.45276587039994,3.376039926115449]]],[[[101.45276587039994,3.377217710938556],[101.45224766200941,3.377217710938556],[101.45224766200941,3.3776103061885894],[101.45276587039994,3.3776103061885894],[101.45276587039994,3.377217710938556]]],[[[101.45276587039994,3.3787880928659417],[101.45121124522828,3.3780029015931534],[101.45121124522828,3.3776103061885894],[101.45224766200941,3.377217710938556],[101.45224766200941,3.3764325209020036],[101.45017482844715,3.375254737005694],[101.4496566200566,3.3768251158430336],[101.45017482844715,3.3768251158430336],[101.4506930368377,3.378395497152265],[101.45017482844715,3.378395497152265],[101.45017482844715,3.3787880928659417],[101.44913841166604,3.3787880928659417],[101.44913841166604,3.378395497152265],[101.44862020327547,3.378395497152265],[101.44810199488491,3.3791806887342024],[101.44913841166604,3.3791806887342024],[101.44913841166604,3.3795732847570648],[101.45017482844715,3.3791806887342024],[101.45017482844715,3.3795732847570648],[101.4506930368377,3.3795732847570648],[101.45017482844715,3.380358477266669],[101.4506930368377,3.380358477266669],[101.4506930368377,3.380751073753446],[101.45224766200941,3.380751073753446],[101.45224766200941,3.379965880934548],[101.45328407879052,3.3795732847570648],[101.45276587039994,3.3787880928659417]]],[[[101.45639332913389,3.378395497152265],[101.45587512074331,3.378395497152265],[101.45587512074331,3.377217710938556],[101.45535691235276,3.377217710938556],[101.45535691235276,3.3768251158430336],[101.45483870396221,3.3768251158430336],[101.45432049557165,3.3776103061885894],[101.45380228718108,3.3776103061885894],[101.45380228718108,3.377217710938556],[101.45276587039994,3.3776103061885894],[101.45432049557165,3.3791806887342024],[101.45483870396221,3.3791806887342024],[101.45483870396221,3.3787880928659417],[101.45587512074331,3.3791806887342024],[101.45639332913389,3.378395497152265]]],[[[101.45224766200941,3.378395497152265],[101.45276587039994,3.378395497152265],[101.45276587039994,3.3780029015931534],[101.45224766200941,3.3780029015931534],[101.45224766200941,3.378395497152265]]],[[[101.45328407879052,3.3791806887342024],[101.45380228718108,3.3791806887342024],[101.45380228718108,3.3787880928659417],[101.45328407879052,3.3787880928659417],[101.45328407879052,3.3791806887342024]]],[[[101.45224766200941,3.381928864141898],[101.45224766200941,3.382321461247483],[101.45172945361884,3.382321461247483],[101.45172945361884,3.383106655922911],[101.45328407879052,3.383106655922911],[101.45328407879052,3.382714058507814],[101.45432049557165,3.382321461247483],[101.45380228718108,3.381536267191043],[101.45328407879052,3.381536267191043],[101.45328407879052,3.381928864141898],[101.45224766200941,3.381928864141898]]],[[[101.45380228718108,3.382714058507814],[101.45380228718108,3.383106655922911],[101.45432049557165,3.383106655922911],[101.45432049557165,3.382714058507814],[101.45380228718108,3.382714058507814]]],[[[101.45432049557165,3.385069645320505],[101.45432049557165,3.384677047131311],[101.45483870396221,3.384677047131311],[101.45483870396221,3.384284449096972],[101.45380228718108,3.384284449096972],[101.45380228718108,3.385069645320505],[101.45432049557165,3.385069645320505]]],[[[101.45172945361884,3.385462243664574],[101.45224766200941,3.385462243664574],[101.45224766200941,3.385069645320505],[101.45328407879052,3.385069645320505],[101.45328407879052,3.384284449096972],[101.45224766200941,3.384284449096972],[101.45224766200941,3.384677047131311],[101.45172945361884,3.384677047131311],[101.45172945361884,3.385462243664574]]],[[[101.45380228718108,3.3866400396262026],[101.45328407879052,3.3866400396262026],[101.45328407879052,3.386247440817405],[101.45276587039994,3.386247440817405],[101.45276587039994,3.3870326385899485],[101.45380228718108,3.3870326385899485],[101.45380228718108,3.3866400396262026]]],[[[101.44862020327547,3.3886030359947563],[101.44913841166604,3.3886030359947563],[101.44913841166604,3.388210436411044],[101.44862020327547,3.388210436411044],[101.44862020327547,3.3886030359947563]]],[[[101.45121124522828,3.3913512374227976],[101.45172945361884,3.3913512374227976],[101.45172945361884,3.390173435880158],[101.45328407879052,3.389388235627311],[101.45328407879052,3.3886030359947563],[101.45172945361884,3.387817836982351],[101.45172945361884,3.3866400396262026],[101.4506930368377,3.3866400396262026],[101.4506930368377,3.3870326385899485],[101.45017482844715,3.3870326385899485],[101.45017482844715,3.3874252377086593],[101.4506930368377,3.3874252377086593],[101.4506930368377,3.388210436411044],[101.45017482844715,3.388210436411044],[101.45017482844715,3.390173435880158],[101.44913841166604,3.390566036239238],[101.4496566200566,3.3913512374227976],[101.44913841166604,3.3913512374227976],[101.44862020327547,3.3921364392270137],[101.4496566200566,3.3925290403619135],[101.4496566200566,3.391743838247315],[101.45017482844715,3.391743838247315],[101.4506930368377,3.390958636753445],[101.45121124522828,3.390958636753445],[101.45121124522828,3.3913512374227976]]],[[[101.44862020327547,3.390566036239238],[101.44913841166604,3.390566036239238],[101.44913841166604,3.390173435880158],[101.44862020327547,3.390173435880158],[101.44862020327547,3.390566036239238]]],[[[101.44810199488491,3.3944920483650485],[101.44862020327547,3.3944920483650485],[101.44862020327547,3.3940994464538754],[101.44810199488491,3.3940994464538754],[101.44810199488491,3.3944920483650485]]],[[[101.45172945361884,3.395669855030494],[101.45172945361884,3.396062457563011],[101.45224766200941,3.396062457563011],[101.45224766200941,3.395669855030494],[101.45172945361884,3.395669855030494]]],[[[101.45380228718108,3.4003074244913583],[101.45432049557165,3.4002126903400423],[101.45432049557165,3.3999884914371687],[101.45380228718108,3.3999884914371687],[101.45380228718108,3.4003074244913583]]],[[[101.45587512074331,3.3630843847010428],[101.45639332913389,3.3630843847010428],[101.45639332913389,3.362691795155856],[101.45587512074331,3.362691795155856],[101.45587512074331,3.3630843847010428]]],[[[101.45691153752445,3.367402879856764],[101.45742974591502,3.367402879856764],[101.45742974591502,3.3670102886181335],[101.45691153752445,3.3670102886181335],[101.45691153752445,3.367402879856764]]],[[[101.45691153752445,3.367402879856764],[101.45639332913389,3.367402879856764],[101.45639332913389,3.367795471249452],[101.45691153752445,3.367795471249452],[101.45691153752445,3.367402879856764]]],[[[101.46623928855453,3.369758430524402],[101.4667574969451,3.369758430524402],[101.4667574969451,3.3693658383611504],[101.46623928855453,3.3693658383611504],[101.46623928855453,3.369758430524402]]],[[[101.45587512074331,3.3693658383611504],[101.45535691235276,3.3693658383611504],[101.45483870396221,3.370151022841819],[101.45587512074331,3.370151022841819],[101.45587512074331,3.3693658383611504]]],[[[101.46727570533567,3.369758430524402],[101.46727570533567,3.370151022841819],[101.46779391372621,3.370151022841819],[101.46779391372621,3.369758430524402],[101.46727570533567,3.369758430524402]]],[[[101.45794795430555,3.372113986742048],[101.45846616269613,3.372113986742048],[101.45846616269613,3.3717213936535235],[101.45794795430555,3.3717213936535235],[101.45794795430555,3.372113986742048]]],[[[101.45639332913389,3.372899173381943],[101.45742974591502,3.372899173381943],[101.45794795430555,3.372113986742048],[101.45691153752445,3.372113986742048],[101.45639332913389,3.3713288007192563],[101.45535691235276,3.3713288007192563],[101.45535691235276,3.3725065799848486],[101.45639332913389,3.3725065799848486],[101.45639332913389,3.372899173381943]]],[[[101.46053899625836,3.372899173381943],[101.46002078786782,3.372899173381943],[101.45950257947726,3.373684360639085],[101.46053899625836,3.373684360639085],[101.46053899625836,3.372899173381943]]],[[[101.45846616269613,3.373684360639085],[101.45898437108669,3.373684360639085],[101.45898437108669,3.3732917669333498],[101.45846616269613,3.3732917669333498],[101.45846616269613,3.373684360639085]]],[[[101.45794795430555,3.37407695449917],[101.45846616269613,3.37407695449917],[101.45846616269613,3.373684360639085],[101.45794795430555,3.373684360639085],[101.45794795430555,3.37407695449917]]],[[[101.46779391372621,3.375254737005694],[101.46831212211677,3.375254737005694],[101.46831212211677,3.374862142682456],[101.46779391372621,3.374862142682456],[101.46779391372621,3.375254737005694]]],[[[101.45742974591502,3.3764325209020036],[101.45742974591502,3.3756473314833526],[101.45639332913389,3.3756473314833526],[101.45639332913389,3.376039926115449],[101.45742974591502,3.3764325209020036]]],[[[101.46831212211677,3.377217710938556],[101.46779391372621,3.377217710938556],[101.46727570533567,3.3780029015931534],[101.46831212211677,3.3780029015931534],[101.46831212211677,3.378395497152265],[101.46883033050734,3.378395497152265],[101.46883033050734,3.3780029015931534],[101.4693485388979,3.3780029015931534],[101.46883033050734,3.3764325209020036],[101.46831212211677,3.3764325209020036],[101.46831212211677,3.377217710938556]]],[[[101.45691153752445,3.3787880928659417],[101.45742974591502,3.3787880928659417],[101.45742974591502,3.378395497152265],[101.45691153752445,3.378395497152265],[101.45691153752445,3.3787880928659417]]],[[[101.45639332913389,3.3791806887342024],[101.45691153752445,3.3791806887342024],[101.45691153752445,3.3787880928659417],[101.45639332913389,3.3787880928659417],[101.45639332913389,3.3791806887342024]]],[[[101.45432049557165,3.381928864141898],[101.45535691235276,3.382321461247483],[101.45535691235276,3.381928864141898],[101.45587512074331,3.381928864141898],[101.45587512074331,3.381143670394898],[101.45535691235276,3.381143670394898],[101.45535691235276,3.381536267191043],[101.45432049557165,3.381536267191043],[101.45432049557165,3.381928864141898]]],[[[101.46779391372621,3.381928864141898],[101.46831212211677,3.381928864141898],[101.46831212211677,3.381536267191043],[101.46779391372621,3.381536267191043],[101.46779391372621,3.381928864141898]]],[[[101.46779391372621,3.381928864141898],[101.4667574969451,3.381928864141898],[101.4667574969451,3.382321461247483],[101.46779391372621,3.382321461247483],[101.46779391372621,3.381928864141898]]],[[[101.46572108016397,3.383106655922911],[101.46623928855453,3.383106655922911],[101.46623928855453,3.382714058507814],[101.46572108016397,3.382714058507814],[101.46572108016397,3.383106655922911]]],[[[101.46831212211677,3.383106655922911],[101.46883033050734,3.383106655922911],[101.46883033050734,3.382714058507814],[101.46831212211677,3.382714058507814],[101.46831212211677,3.383106655922911]]],[[[101.46623928855453,3.3834992534927903],[101.4667574969451,3.3834992534927903],[101.4667574969451,3.383106655922911],[101.46623928855453,3.383106655922911],[101.46623928855453,3.3834992534927903]]],[[[101.46883033050734,3.3834992534927903],[101.4693485388979,3.3834992534927903],[101.4693485388979,3.383106655922911],[101.46883033050734,3.383106655922911],[101.46883033050734,3.3834992534927903]]],[[[101.46831212211677,3.385069645320505],[101.4687158,3.3846848962638707],[101.46883033050734,3.384677047131311],[101.46831212211677,3.384677047131311],[101.46831212211677,3.385069645320505]]],[[[101.44885282300278,3.399203283418413],[101.45121124522828,3.3999884914371687],[101.45172945361884,3.399203283418413],[101.45224766200941,3.399203283418413],[101.45224766200941,3.3995958873500185],[101.45276587039994,3.3995958873500185],[101.45276587039994,3.399203283418413],[101.45380228718108,3.399203283418413],[101.45380228718108,3.3995958873500185],[101.45432049557165,3.3995958873500185],[101.45432049557165,3.399203283418413],[101.454792512769,3.399203283418413],[101.45432049557165,3.397632869247079],[101.45483870396221,3.397632869247079],[101.45483870396221,3.3968476630942086],[101.45535691235276,3.3968476630942086],[101.45535691235276,3.3964550602509105],[101.45587512074331,3.3964550602509105],[101.45587512074331,3.396062457563011],[101.45742974591502,3.3951825620470046],[101.4566804,3.3939157962539235],[101.45901379999998,3.3934009962545026],[101.460239,3.3939997962538473],[101.4620585,3.393442996254451],[101.4635653,3.3939157962539235],[101.46389660212262,3.393706844697994],[101.46313003821116,3.392921641652031],[101.46364824660174,3.392921641652031],[101.46468466338287,3.391743838247315],[101.46572108016397,3.392267123894643],[101.46768920556374,3.389388235627311],[101.46727570533567,3.389388235627311],[101.46727570533567,3.3886030359947563],[101.46623928855453,3.388210436411044],[101.46623928855453,3.3866400396262026],[101.4652028717734,3.386247440817405],[101.4652028717734,3.385069645320505],[101.46572108016397,3.385069645320505],[101.46572108016397,3.384677047131311],[101.4652028717734,3.384677047131311],[101.4652028717734,3.383891851217472],[101.4641664549923,3.383891851217472],[101.4641664549923,3.3834992534927903],[101.46313003821116,3.3834992534927903],[101.46313003821116,3.383891851217472],[101.4626118298206,3.383891851217472],[101.46209362143006,3.383106655922911],[101.4626118298206,3.383106655922911],[101.46313003821116,3.382321461247483],[101.4626118298206,3.382321461247483],[101.46209362143006,3.381536267191043],[101.4626118298206,3.381536267191043],[101.4626118298206,3.381143670394898],[101.46364824660174,3.381143670394898],[101.46364824660174,3.381536267191043],[101.4641664549923,3.381536267191043],[101.4641664549923,3.381928864141898],[101.46364824660174,3.381928864141898],[101.46364824660174,3.382714058507814],[101.4641664549923,3.382714058507814],[101.4641664549923,3.382321461247483],[101.46468466338287,3.382321461247483],[101.46468466338287,3.382714058507814],[101.46572108016397,3.382714058507814],[101.46572108016397,3.382321461247483],[101.46623928855453,3.382321461247483],[101.46572108016397,3.381536267191043],[101.46623928855453,3.381536267191043],[101.46623928855453,3.381143670394898],[101.46727570533567,3.381143670394898],[101.46727570533567,3.380751073753446],[101.46779391372621,3.380751073753446],[101.46831212211677,3.381536267191043],[101.4693485388979,3.381536267191043],[101.4693485388979,3.381143670394898],[101.46883033050734,3.381143670394898],[101.46883033050734,3.380358477266669],[101.4693485388979,3.380358477266669],[101.4693485388979,3.3795732847570648],[101.46883033050734,3.3795732847570648],[101.46883033050734,3.3791806887342024],[101.4693485388979,3.3791806887342024],[101.4693485388979,3.378395497152265],[101.46883033050734,3.378395497152265],[101.46831212211677,3.3791806887342024],[101.46727570533567,3.3791806887342024],[101.46727570533567,3.3795732847570648],[101.46623928855453,3.3791806887342024],[101.46623928855453,3.378395497152265],[101.46572108016397,3.378395497152265],[101.46572108016397,3.3787880928659417],[101.46468466338287,3.3787880928659417],[101.46468466338287,3.378395497152265],[101.4641664549923,3.378395497152265],[101.46468466338287,3.3764325209020036],[101.4641664549923,3.3764325209020036],[101.4641664549923,3.3768251158430336],[101.46313003821116,3.3764325209020036],[101.46313003821116,3.376039926115449],[101.46364824660174,3.376039926115449],[101.46364824660174,3.375254737005694],[101.4626118298206,3.375254737005694],[101.4626118298206,3.3756473314833526],[101.46209362143006,3.3756473314833526],[101.46209362143006,3.3764325209020036],[101.4626118298206,3.3764325209020036],[101.46209362143006,3.377217710938556],[101.46105720464892,3.3768251158430336],[101.46105720464892,3.3764325209020036],[101.4615754130395,3.3764325209020036],[101.4615754130395,3.3756473314833526],[101.45898437108669,3.376039926115449],[101.45898437108669,3.3768251158430336],[101.45846616269613,3.3768251158430336],[101.45846616269613,3.377217710938556],[101.45742974591502,3.377217710938556],[101.45742974591502,3.3768251158430336],[101.45691153752445,3.3768251158430336],[101.45691153752445,3.3776103061885894],[101.45742974591502,3.3776103061885894],[101.45742974591502,3.378395497152265],[101.45794795430555,3.378395497152265],[101.45846616269613,3.3791806887342024],[101.45794795430555,3.3791806887342024],[101.45794795430555,3.3795732847570648],[101.45742974591502,3.3795732847570648],[101.45742974591502,3.3791806887342024],[101.45639332913389,3.3795732847570648],[101.45639332913389,3.380751073753446],[101.45691153752445,3.380751073753446],[101.45691153752445,3.381143670394898],[101.45639332913389,3.381143670394898],[101.45639332913389,3.381928864141898],[101.45742974591502,3.381536267191043],[101.45794795430555,3.382321461247483],[101.45742974591502,3.382321461247483],[101.45742974591502,3.382714058507814],[101.45691153752445,3.382714058507814],[101.45691153752445,3.382321461247483],[101.45639332913389,3.382321461247483],[101.45639332913389,3.382714058507814],[101.45535691235276,3.382321461247483],[101.45535691235276,3.383106655922911],[101.45587512074331,3.383106655922911],[101.45639332913389,3.383891851217472],[101.45691153752445,3.383891851217472],[101.45691153752445,3.3834992534927903],[101.45794795430555,3.383891851217472],[101.45794795430555,3.384284449096972],[101.45742974591502,3.384284449096972],[101.45742974591502,3.384677047131311],[101.45794795430555,3.384677047131311],[101.45794795430555,3.386247440817405],[101.45846616269613,3.386247440817405],[101.45846616269613,3.385854842163534],[101.45950257947726,3.386247440817405],[101.45950257947726,3.3866400396262026],[101.45898437108669,3.3866400396262026],[101.45898437108669,3.3870326385899485],[101.45950257947726,3.3870326385899485],[101.45950257947726,3.388210436411044],[101.46053899625836,3.388210436411044],[101.46053899625836,3.387817836982351],[101.4615754130395,3.388210436411044],[101.4615754130395,3.388995635733506],[101.46105720464892,3.388995635733506],[101.46105720464892,3.3897808356761896],[101.4615754130395,3.3897808356761896],[101.4615754130395,3.390173435880158],[101.46105720464892,3.390173435880158],[101.46105720464892,3.390566036239238],[101.4615754130395,3.390566036239238],[101.4615754130395,3.3913512374227976],[101.46053899625836,3.391743838247315],[101.46053899625836,3.3913512374227976],[101.46002078786782,3.3913512374227976],[101.46002078786782,3.390566036239238],[101.45950257947726,3.390566036239238],[101.45898437108669,3.3886030359947563],[101.45794795430555,3.3886030359947563],[101.45794795430555,3.3897808356761896],[101.45846616269613,3.3897808356761896],[101.45846616269613,3.390566036239238],[101.45794795430555,3.390566036239238],[101.45794795430555,3.390958636753445],[101.45639332913389,3.390958636753445],[101.45535691235276,3.3921364392270137],[101.45483870396221,3.3921364392270137],[101.45483870396221,3.391743838247315],[101.45432049557165,3.391743838247315],[101.45432049557165,3.3921364392270137],[101.45328407879052,3.391743838247315],[101.45328407879052,3.3921364392270137],[101.45121124522828,3.3925290403619135],[101.45121124522828,3.3933142430973855],[101.44810199488491,3.39488465043153],[101.44810199488491,3.3952772526533392],[101.44862020327547,3.3952772526533392],[101.44810199488491,3.3968476630942086],[101.44913841166604,3.3968476630942086],[101.44913841166604,3.3972402660929264],[101.4496566200566,3.3972402660929264],[101.4496566200566,3.397632869247079],[101.44913841166604,3.397632869247079],[101.44913841166604,3.398418076021766],[101.4496566200566,3.398418076021766],[101.4496566200566,3.3988106796423363],[101.44885282300278,3.399203283418413]],[[101.4496566200566,3.3968476630942086],[101.45121124522828,3.396062457563011],[101.45017482844715,3.39488465043153],[101.45224766200941,3.393706844697994],[101.45224766200941,3.3940994464538754],[101.45276587039994,3.3940994464538754],[101.45276587039994,3.3952772526533392],[101.45328407879052,3.3952772526533392],[101.45328407879052,3.395669855030494],[101.45224766200941,3.396062457563011],[101.45276587039994,3.3968476630942086],[101.45224766200941,3.3968476630942086],[101.45224766200941,3.3972402660929264],[101.45121124522828,3.3972402660929264],[101.45121124522828,3.397632869247079],[101.45017482844715,3.397632869247079],[101.4496566200566,3.3968476630942086]],[[101.45017482844715,3.3988106796423363],[101.4506930368377,3.398025472556686],[101.45172945361884,3.398418076021766],[101.4506930368377,3.3995958873500185],[101.4496566200566,3.399203283418413],[101.4496566200566,3.3988106796423363],[101.45017482844715,3.3988106796423363]],[[101.46468466338287,3.3897808356761896],[101.4641664549923,3.390566036239238],[101.46313003821116,3.390173435880158],[101.46364824660174,3.389388235627311],[101.46468466338287,3.3897808356761896]],[[101.46002078786782,3.3834992534927903],[101.45950257947726,3.384284449096972],[101.45846616269613,3.383891851217472],[101.45898437108669,3.383106655922911],[101.46002078786782,3.3834992534927903]],[[101.45950257947726,3.3795732847570648],[101.45950257947726,3.3791806887342024],[101.46053899625836,3.3791806887342024],[101.46053899625836,3.3795732847570648],[101.46105720464892,3.3795732847570648],[101.46105720464892,3.380358477266669],[101.46053899625836,3.380358477266669],[101.45950257947726,3.381536267191043],[101.45846616269613,3.381536267191043],[101.45846616269613,3.381143670394898],[101.45794795430555,3.381143670394898],[101.45794795430555,3.380358477266669],[101.45950257947726,3.3795732847570648]],[[101.46313003821116,3.3791806887342024],[101.4626118298206,3.379965880934548],[101.4615754130395,3.3795732847570648],[101.46209362143006,3.3787880928659417],[101.46313003821116,3.3791806887342024]]],[[[101.46572108016397,3.3925290403619135],[101.46587730588297,3.3925290403619135],[101.46572108016397,3.3924640293863506],[101.46572108016397,3.3925290403619135]]],[[[101.45950257947726,3.388210436411044],[101.45898437108669,3.388210436411044],[101.45898437108669,3.3886030359947563],[101.45950257947726,3.3886030359947563],[101.45950257947726,3.388210436411044]]],[[[101.46727570533567,3.388210436411044],[101.46727570533567,3.3886030359947563],[101.46779391372621,3.3886030359947563],[101.46779391372621,3.388210436411044],[101.46727570533567,3.388210436411044]]],[[[101.46572108016397,3.3925290403619135],[101.4652028717734,3.3925290403619135],[101.46468466338287,3.393209816285829],[101.4654452,3.3931436962547954],[101.46572108016397,3.3925290403619135]]],[[[101.4641664549923,3.3933142430973855],[101.4641664549923,3.3935366490898824],[101.4645190898684,3.3933142430973855],[101.4641664549923,3.3933142430973855]]],[[[101.51028700175219,3.3281445155611307],[101.5107510945332,3.3281445155611307],[101.51080521014275,3.32775193963679],[101.51028700175219,3.32775193963679],[101.51028700175219,3.3281445155611307]]],[[[101.51028700175219,3.3273593638646743],[101.51126251452273,3.3273593638646743],[101.51132341853331,3.3269665760817406],[101.50976879336163,3.326574212777056],[101.50925058497107,3.3257890622981305],[101.50873237658051,3.3257890622981305],[101.50804261761478,3.3250039124277544],[101.50717775140883,3.3250039124277544],[101.50607392427203,3.3238261887629004],[101.50510491784658,3.3238261887629004],[101.50406850106546,3.3226484664664655],[101.50251387589378,3.3222558926716617],[101.50199566750322,3.3213864736310437],[101.4943071,3.316786996336937],[101.48587049999998,3.3229875963302784],[101.48541299900528,3.3238261887629004],[101.48489479061472,3.3238513561576637],[101.48489479061472,3.324611337720726],[101.48437658222416,3.324611337720726],[101.4838583738336,3.3253964872868833],[101.48334016544304,3.325227610474883],[101.48093212813455,3.3273593638646743],[101.4812673318808,3.32775193963679],[101.48023091509967,3.3281445155611307],[101.4804311,3.328757396324072],[101.478928,3.329914796322815],[101.47842329999999,3.32940729632334],[101.46657709999998,3.338569896313489],[101.46309899999999,3.3344440963179425],[101.46287959999997,3.3349186963174127],[101.46155560000001,3.3344659963179035],[101.46048769999999,3.331933896320619],[101.45172945361884,3.3323632186005603],[101.45121124522828,3.3324628607811064],[101.45121124522828,3.3328554385335942],[101.45017482844715,3.3324628607811064],[101.45017482844715,3.3328554385335942],[101.44758378649436,3.3328554385335942],[101.44758378649436,3.333248016438546],[101.445971,3.3333011963191552],[101.44622291284674,3.3442402597508427],[101.44654736971323,3.3442402597508427],[101.44625460195137,3.3450254245723885],[101.4466927,3.355880296294866],[101.44602916132267,3.3560177964105105],[101.44654736971323,3.3560177964105105],[101.44654736971323,3.3568029704287827],[101.4470655781038,3.3568029704287827],[101.44810199488491,3.3552326230063687],[101.44913841166604,3.355625209631683],[101.44913841166604,3.357980732608002],[101.44862020327547,3.357980732608002],[101.44862020327547,3.3583733203082975],[101.44758378649436,3.3583733203082975],[101.44810199488491,3.3591584961698295],[101.44862020327547,3.3591584961698295],[101.44862020327547,3.358765908162234],[101.4496566200566,3.358765908162234],[101.4496566200566,3.3591584961698295],[101.45017482844715,3.3591584961698295],[101.45017482844715,3.35758814506133],[101.4506930368377,3.35758814506133],[101.45121124522828,3.3568029704287827],[101.45276587039994,3.3568029704287827],[101.45276587039994,3.3571955576682626],[101.45380228718108,3.35758814506133],[101.45380228718108,3.3583733203082975],[101.45328407879052,3.3583733203082975],[101.45328407879052,3.358765908162234],[101.45276587039994,3.358765908162234],[101.45121124522828,3.3603362611147554],[101.4506930368377,3.3603362611147554],[101.45017482844715,3.3595510843311027],[101.4496566200566,3.3595510843311027],[101.44913841166604,3.3603362611147554],[101.4496566200566,3.3603362611147554],[101.45017482844715,3.361121438513334],[101.4506930368377,3.361121438513334],[101.4506930368377,3.360728849737169],[101.45172945361884,3.360728849737169],[101.45328407879052,3.3622992057645096],[101.45380228718108,3.3622992057645096],[101.45380228718108,3.361906616526986],[101.45483870396221,3.3622992057645096],[101.45483870396221,3.361906616526986],[101.45587512074331,3.361514027443267],[101.45587512074331,3.361906616526986],[101.45639332913389,3.361906616526986],[101.45639332913389,3.362691795155856],[101.45794795430555,3.3634769744000876],[101.45794795430555,3.3654399252038316],[101.45898437108669,3.3654399252038316],[101.45898437108669,3.365832515826411],[101.45950257947726,3.365832515826411],[101.45950257947726,3.366617697533543],[101.46053899625836,3.3670102886181335],[101.46053899625836,3.368188062796217],[101.46105720464892,3.368188062796217],[101.46105720464892,3.3685806544970767],[101.46002078786782,3.3689732463520476],[101.46002078786782,3.369758430524402],[101.46105720464892,3.370151022841819],[101.46002078786782,3.3713288007192563],[101.4626118298206,3.3713288007192563],[101.4626118298206,3.3717213936535235],[101.46313003821116,3.3717213936535235],[101.46209362143006,3.372899173381943],[101.46105720464892,3.372899173381943],[101.46105720464892,3.373684360639085],[101.4615754130395,3.373684360639085],[101.4615754130395,3.3732917669333498],[101.4626118298206,3.3732917669333498],[101.4626118298206,3.372899173381943],[101.46313003821116,3.372899173381943],[101.46313003821116,3.3725065799848486],[101.4641664549923,3.3725065799848486],[101.4641664549923,3.372113986742048],[101.46572108016397,3.372899173381943],[101.46572108016397,3.372113986742048],[101.4652028717734,3.372113986742048],[101.46468466338287,3.3713288007192563],[101.4641664549923,3.3713288007192563],[101.4641664549923,3.3717213936535235],[101.46313003821116,3.3713288007192563],[101.46364824660174,3.370543615313423],[101.46468466338287,3.3709362079392293],[101.46468466338287,3.370543615313423],[101.4652028717734,3.370543615313423],[101.4652028717734,3.369758430524402],[101.46572108016397,3.369758430524402],[101.46572108016397,3.3689732463520476],[101.4652028717734,3.3689732463520476],[101.4652028717734,3.3685806544970767],[101.4641664549923,3.3689732463520476],[101.46364824660174,3.368188062796217],[101.4641664549923,3.368188062796217],[101.4641664549923,3.367795471249452],[101.46468466338287,3.367795471249452],[101.46468466338287,3.368188062796217],[101.4652028717734,3.368188062796217],[101.4652028717734,3.367795471249452],[101.46623928855453,3.367795471249452],[101.46623928855453,3.368188062796217],[101.4667574969451,3.368188062796217],[101.46779391372621,3.366617697533543],[101.46883033050734,3.3670102886181335],[101.46883033050734,3.3685806544970767],[101.4693485388979,3.3685806544970767],[101.4693485388979,3.3689732463520476],[101.46883033050734,3.3689732463520476],[101.4693485388979,3.3709362079392293],[101.46883033050734,3.3709362079392293],[101.46883033050734,3.3713288007192563],[101.46779391372621,3.3713288007192563],[101.46831212211677,3.372113986742048],[101.46883033050734,3.372113986742048],[101.46883033050734,3.3717213936535235],[101.4693485388979,3.3717213936535235],[101.4693485388979,3.372113986742048],[101.47038495567901,3.372113986742048],[101.47038495567901,3.3717213936535235],[101.47142137246014,3.3717213936535235],[101.47142137246014,3.3713288007192563],[101.47401241441295,3.3713288007192563],[101.47401241441295,3.3709362079392293],[101.47504883119406,3.3713288007192563],[101.47504883119406,3.3709362079392293],[101.47556703958462,3.3709362079392293],[101.47556703958462,3.370151022841819],[101.47608524797519,3.370151022841819],[101.47608524797519,3.369758430524402],[101.47504883119406,3.3693658383611504],[101.47504883119406,3.368188062796217],[101.47556703958462,3.368188062796217],[101.47556703958462,3.367795471249452],[101.47660345636575,3.368188062796217],[101.47660345636575,3.3693658383611504],[101.4775126,3.368413796281376],[101.4787671,3.368530596281218],[101.47722000000002,3.3673804962824745],[101.4772589,3.365969896283984],[101.47892249999998,3.364249796285847],[101.4812673318808,3.3629843921516804],[101.4812673318808,3.3622992057645096],[101.48074912349023,3.3622992057645096],[101.48074912349023,3.361906616526986],[101.4812673318808,3.361906616526986],[101.4812673318808,3.3603362611147554],[101.48178554027136,3.3603362611147554],[101.48178554027136,3.3599436726460716],[101.48282195705248,3.3603362611147554],[101.48282195705248,3.361729749917145],[101.4855048,3.3595645962909084],[101.489622,3.3594504962910334],[101.48977199999999,3.3570589962935977],[101.49126170302395,3.3552326230063687],[101.49111329130146,3.3548400365345508],[101.4915819211878,3.3548400365345508],[101.4965381,3.3487637963025367],[101.49678237765069,3.346595756051924],[101.49629537520705,3.346595756051924],[101.49629537520705,3.345810590006033],[101.49681358359761,3.345810590006033],[101.49717079999999,3.3431483963085684],[101.4983682087693,3.343601362745222],[101.49940462555043,3.343541456848321],[101.5047095,3.3394086963126015],[101.50559579146518,3.3375663834607683],[101.50458670945604,3.3371738038775254],[101.50458670945604,3.336781224446945],[101.50510491784658,3.336781224446945],[101.50510491784658,3.336388645169008],[101.50597351267464,3.336781224446945],[101.5067,3.335271096317054],[101.5061413346277,3.3348183295833462],[101.5061413346277,3.3340331727059103],[101.50562312623715,3.3340331727059103],[101.50510491784658,3.333248016438546],[101.50562312623715,3.333248016438546],[101.50562312623715,3.3328554385335942],[101.50675663287191,3.333248016438546],[101.50769595979939,3.3318254824513542],[101.50766,3.330124796322588],[101.5096277,3.329869196322852],[101.50976879336163,3.3289296678665714],[101.51028700175219,3.3288570092284275],[101.51028700175219,3.3281445155611307],[101.50976879336163,3.3281445155611307],[101.50925058497107,3.3273593638646743],[101.50976879336163,3.3273593638646743],[101.50976879336163,3.3269667882447695],[101.51028700175219,3.3269667882447695],[101.51028700175219,3.3273593638646743]],[[101.46313003821116,3.368188062796217],[101.46313003821116,3.3685806544970767],[101.4626118298206,3.3685806544970767],[101.46209362143006,3.367795471249452],[101.46313003821116,3.367402879856764],[101.46313003821116,3.367795471249452],[101.46364824660174,3.367795471249452],[101.46364824660174,3.368188062796217],[101.46313003821116,3.368188062796217]],[[101.47193958085072,3.366617697533543],[101.47193958085072,3.3662251066029754],[101.47349420602238,3.3654399252038316],[101.47401241441295,3.3662251066029754],[101.47349420602238,3.3662251066029754],[101.47297599763182,3.3670102886181335],[101.47349420602238,3.3670102886181335],[101.47401241441295,3.367795471249452],[101.47297599763182,3.368188062796217],[101.47297599763182,3.367795471249452],[101.47142137246014,3.3670102886181335],[101.47142137246014,3.366617697533543],[101.47193958085072,3.366617697533543]],[[101.47556703958462,3.366617697533543],[101.47556703958462,3.3654399252038316],[101.47660345636575,3.3650473347352206],[101.47660345636575,3.3654399252038316],[101.47712166475631,3.3654399252038316],[101.47712166475631,3.366617697533543],[101.47660345636575,3.366617697533543],[101.47660345636575,3.3670102886181335],[101.47556703958462,3.366617697533543]],[[101.47660345636575,3.3646547444205583],[101.47608524797519,3.3646547444205583],[101.47608524797519,3.3642621542598277],[101.47660345636575,3.3642621542598277],[101.47660345636575,3.3638695642530108],[101.47608524797519,3.3638695642530108],[101.47608524797519,3.3630843847010428],[101.47712166475631,3.362691795155856],[101.47712166475631,3.3630843847010428],[101.47763987314687,3.3630843847010428],[101.47763987314687,3.3638695642530108],[101.47712166475631,3.3638695642530108],[101.47763987314687,3.3646547444205583],[101.47712166475631,3.3646547444205583],[101.47712166475631,3.3650473347352206],[101.47660345636575,3.3650473347352206],[101.47660345636575,3.3646547444205583]],[[101.47712166475631,3.3622992057645096],[101.47660345636575,3.3622992057645096],[101.47660345636575,3.361906616526986],[101.47763987314687,3.361514027443267],[101.47815808153743,3.3622992057645096],[101.47763987314687,3.3622992057645096],[101.47763987314687,3.362691795155856],[101.47712166475631,3.362691795155856],[101.47712166475631,3.3622992057645096]],[[101.47763987314687,3.3603362611147554],[101.47815808153743,3.3595510843311027],[101.47919449831856,3.3599436726460716],[101.47867628992799,3.360728849737169],[101.47763987314687,3.3603362611147554]],[[101.47867628992799,3.3591584961698295],[101.47815808153743,3.3591584961698295],[101.47815808153743,3.358765908162234],[101.47971270670911,3.357980732608002],[101.48023091509967,3.358765908162234],[101.47971270670911,3.358765908162234],[101.47919449831856,3.3595510843311027],[101.47867628992799,3.3595510843311027],[101.47867628992799,3.3591584961698295]],[[101.47971270670911,3.352484520926053],[101.48023091509967,3.3509141802546836],[101.4812673318808,3.3505215954701293],[101.4812673318808,3.3509141802546836],[101.48230374866192,3.3513067651925343],[101.48230374866192,3.3528771064772735],[101.48178554027136,3.3528771064772735],[101.48178554027136,3.353662278039895],[101.4812673318808,3.353662278039895],[101.48074912349023,3.3544474502162127],[101.47971270670911,3.3544474502162127],[101.47971270670911,3.3540548640513324],[101.47919449831856,3.3540548640513324],[101.47919449831856,3.3532696921818816],[101.47971270670911,3.3532696921818816],[101.47919449831856,3.352484520926053],[101.47971270670911,3.352484520926053]],[[101.48489479061472,3.3513067651925343],[101.48437658222416,3.3520919355282017],[101.48334016544304,3.351699350283701],[101.4838583738336,3.3509141802546836],[101.48489479061472,3.3513067651925343]],[[101.44810199488491,3.3505215954701293],[101.44758378649436,3.3513067651925343],[101.44654736971323,3.3509141802546836],[101.4470655781038,3.350129010838853],[101.44810199488491,3.3505215954701293]],[[101.44810199488491,3.345418007212689],[101.44758378649436,3.346203172952439],[101.44654736971323,3.345810590006033],[101.4470655781038,3.3450254245723885],[101.44810199488491,3.345418007212689]],[[101.49266791647312,3.33913670332073],[101.49214970808258,3.3399218641671578],[101.49111329130146,3.339529283667558],[101.491631499692,3.3387441231266544],[101.49266791647312,3.33913670332073]],[[101.44810199488491,3.336388645169008],[101.44810199488491,3.3379589631966926],[101.4470655781038,3.3383515430853157],[101.4470655781038,3.3379589631966926],[101.44654736971323,3.3379589631966926],[101.44654736971323,3.336388645169008],[101.4470655781038,3.336388645169008],[101.4470655781038,3.3359960660436987],[101.44810199488491,3.336388645169008]],[[101.49370433325426,3.336388645169008],[101.4931861248637,3.3371738038775254],[101.49214970808258,3.336781224446945],[101.49266791647312,3.3359960660436987],[101.49370433325426,3.336388645169008]],[[101.44758378649436,3.3344257510683604],[101.44758378649436,3.335210908250885],[101.44654736971323,3.335603487070997],[101.44654736971323,3.335210908250885],[101.44602916132267,3.335210908250885],[101.44602916132267,3.3344257510683604],[101.44654736971323,3.3344257510683604],[101.44654736971323,3.3340331727059103],[101.44758378649436,3.3344257510683604]],[[101.48074912349023,3.332070283181063],[101.48023091509967,3.3328554385335942],[101.47919449831856,3.3324628607811064],[101.47971270670911,3.3316777057334472],[101.48074912349023,3.332070283181063]],[[101.50562312623715,3.3316777057334472],[101.50510491784658,3.3324628607811064],[101.50406850106546,3.332070283181063],[101.50458670945604,3.3312851284382408],[101.50562312623715,3.3316777057334472]],[[101.50251387589378,3.3308925512954235],[101.50199566750322,3.3316777057334472],[101.5009592507221,3.3312851284382408],[101.50147745911266,3.3304999743049803],[101.50251387589378,3.3308925512954235]],[[101.48334016544304,3.32775193963679],[101.48334016544304,3.328537091637719],[101.48230374866192,3.3289296678665714],[101.48230374866192,3.328537091637719],[101.48178554027136,3.328537091637719],[101.48178554027136,3.32775193963679],[101.48230374866192,3.32775193963679],[101.48230374866192,3.3273593638646743],[101.48334016544304,3.32775193963679]]],[[[101.48230374866192,3.362147963820766],[101.48260280180328,3.361906616526986],[101.48230374866192,3.361906616526986],[101.48230374866192,3.362147963820766]]],[[[101.48178554027136,3.3622992057645096],[101.48178554027136,3.362566177898937],[101.4821163449881,3.3622992057645096],[101.48178554027136,3.3622992057645096]]],[[[101.47245778924126,3.3662251066029754],[101.47245778924126,3.366617697533543],[101.47297599763182,3.366617697533543],[101.47297599763182,3.3662251066029754],[101.47245778924126,3.3662251066029754]]],[[[101.47245778924126,3.367402879856764],[101.47297599763182,3.367402879856764],[101.47297599763182,3.3670102886181335],[101.47245778924126,3.3670102886181335],[101.47245778924126,3.367402879856764]]],[[[101.47608524797519,3.369758430524402],[101.4764810937195,3.369758430524402],[101.47660345636575,3.3693658383611504],[101.47608524797519,3.3693658383611504],[101.47608524797519,3.369758430524402]]],[[[101.4693485388979,3.372899173381943],[101.46986674728846,3.372899173381943],[101.46986674728846,3.3725065799848486],[101.4693485388979,3.3725065799848486],[101.4693485388979,3.372899173381943]]],[[[101.47349420602238,3.372899173381943],[101.47297599763182,3.372899173381943],[101.47297599763182,3.3732917669333498],[101.47401241441295,3.373684360639085],[101.47401241441295,3.3732917669333498],[101.47453062280351,3.3732917669333498],[101.47453062280351,3.3725065799848486],[101.47349420602238,3.372113986742048],[101.47349420602238,3.372899173381943]]],[[[101.47245778924126,3.37407695449917],[101.47245778924126,3.373684360639085],[101.47193958085072,3.373684360639085],[101.47193958085072,3.37407695449917],[101.47245778924126,3.37407695449917]]],[[[101.47245778924126,3.37407695449917],[101.47245778924126,3.374862142682456],[101.47297599763182,3.374862142682456],[101.47297599763182,3.3744695485136207],[101.47349420602238,3.3744695485136207],[101.47349420602238,3.373684360639085],[101.47245778924126,3.37407695449917]]],[[[101.47349420602238,3.374862142682456],[101.47401241441295,3.374862142682456],[101.47401241441295,3.3744695485136207],[101.47349420602238,3.3744695485136207],[101.47349420602238,3.374862142682456]]],[[[101.47090316406958,3.3756473314833526],[101.47142137246014,3.3756473314833526],[101.47142137246014,3.375254737005694],[101.47090316406958,3.375254737005694],[101.47090316406958,3.3756473314833526]]],[[[101.47401241441295,3.375254737005694],[101.47349420602238,3.375254737005694],[101.47349420602238,3.376039926115449],[101.47297599763182,3.376039926115449],[101.47297599763182,3.3764325209020036],[101.47401241441295,3.3764325209020036],[101.47401241441295,3.3768251158430336],[101.47453062280351,3.3768251158430336],[101.47453062280351,3.3764325209020036],[101.47504883119406,3.3764325209020036],[101.47504883119406,3.3756473314833526],[101.47453062280351,3.3756473314833526],[101.47453062280351,3.374862142682456],[101.47401241441295,3.374862142682456],[101.47401241441295,3.375254737005694]]],[[[101.47453062280351,3.3768251158430336],[101.47453062280351,3.377217710938556],[101.47401241441295,3.377217710938556],[101.47401241441295,3.3780029015931534],[101.47450255004198,3.3780029015931534],[101.47499820108895,3.3768251158430336],[101.47453062280351,3.3768251158430336]]],[[[101.47297599763182,3.3795732847570648],[101.47401241441295,3.379965880934548],[101.47401241441295,3.380751073753446],[101.47452597492145,3.380751073753446],[101.47433733302628,3.378395497152265],[101.47349420602238,3.3787880928659417],[101.47349420602238,3.3791806887342024],[101.47297599763182,3.3791806887342024],[101.47297599763182,3.3795732847570648]]],[[[101.47193958085072,3.380751073753446],[101.47245778924126,3.380751073753446],[101.47245778924126,3.380358477266669],[101.47193958085072,3.380358477266669],[101.47193958085072,3.380751073753446]]],[[[101.47349420602238,3.381536267191043],[101.47297599763182,3.381536267191043],[101.47297599763182,3.381928864141898],[101.47504883119406,3.382321461247483],[101.47453062280351,3.381536267191043],[101.47401241441295,3.381536267191043],[101.47401241441295,3.380751073753446],[101.47349420602238,3.380751073753446],[101.47349420602238,3.381536267191043]]],[[[101.47401241441295,3.383106655922911],[101.47453062280351,3.383106655922911],[101.47453062280351,3.382714058507814],[101.47401241441295,3.382714058507814],[101.47401241441295,3.383106655922911]]],[[[101.4693485388979,3.384284449096972],[101.47038495567901,3.384284449096972],[101.47038495567901,3.384677047131311],[101.47083435777677,3.384677047131311],[101.47142137246014,3.383891851217472],[101.47090316406958,3.383891851217472],[101.47090316406958,3.3834992534927903],[101.4693485388979,3.3834992534927903],[101.4693485388979,3.384284449096972]]],[[[101.47245778924126,3.3839141046106067],[101.47252543258338,3.383891851217472],[101.47245778924126,3.383891851217472],[101.47245778924126,3.3839141046106067]]],[[[101.47297599763182,3.383891851217472],[101.47290619214775,3.383891851217472],[101.47297599763182,3.383946616641181],[101.47297599763182,3.383891851217472]]],[[[101.47142137246014,3.3842864322818613],[101.47142435278433,3.384284449096972],[101.47142137246014,3.384284449096972],[101.47142137246014,3.3842864322818613]]],[[[101.47763987314687,3.385854842163534],[101.47815808153743,3.385854842163534],[101.47815808153743,3.385462243664574],[101.47763987314687,3.385462243664574],[101.47763987314687,3.385854842163534]]],[[[101.50510491784658,3.3988106796423363],[101.50562312623715,3.3988106796423363],[101.50562312623715,3.398418076021766],[101.50510491784658,3.398418076021766],[101.50510491784658,3.3988106796423363]]],[[[101.48178554027136,3.400773700078174],[101.48178554027136,3.4011479880103574],[101.4820157,3.4013571962459186],[101.48230374866192,3.400773700078174],[101.48178554027136,3.400773700078174]]],[[[101.48437658222416,3.3999884914371687],[101.48556779999998,3.3993042962481637],[101.48644941578641,3.400773700078174],[101.48748583256751,3.4011663046320675],[101.48748583256751,3.401951514206723],[101.48852224934865,3.402344119227522],[101.48852224934865,3.4039145408676164],[101.48815534170461,3.4039145408676164],[101.48852224934865,3.4045682650126072],[101.48892309999998,3.4039426962431625],[101.48955866612977,3.404307146666956],[101.48955866612977,3.4039145408676164],[101.49007687452033,3.4039145408676164],[101.48955866612977,3.402344119227522],[101.49007687452033,3.402344119227522],[101.49007687452033,3.401951514206723],[101.49059508291089,3.401951514206723],[101.49059508291089,3.4011663046320675],[101.491631499692,3.400773700078174],[101.491631499692,3.3995958873500185],[101.49370433325426,3.3988106796423363],[101.49370433325426,3.397632869247079],[101.49474075003538,3.3972402660929264],[101.49474075003538,3.397632869247079],[101.4957771668165,3.398025472556686],[101.4957771668165,3.398418076021766],[101.49525895842594,3.398418076021766],[101.49525895842594,3.400773700078174],[101.49629537520705,3.4011663046320675],[101.49629537520705,3.401951514206723],[101.49525895842594,3.402344119227522],[101.49422254164482,3.4011663046320675],[101.4931861248637,3.4011663046320675],[101.4931861248637,3.4031293297361533],[101.49266791647312,3.4031293297361533],[101.49266791647312,3.4035219352240222],[101.49059508291089,3.4031293297361533],[101.49059508291089,3.4035219352240222],[101.491631499692,3.4039145408676164],[101.491631499692,3.4050923587329383],[101.49214970808258,3.4050923587329383],[101.49214970808258,3.4054849649996193],[101.491631499692,3.4054849649996193],[101.491631499692,3.4058775714221166],[101.49007687452033,3.4058775714221166],[101.48973715916885,3.4054849649996193],[101.4918618,3.409510196237187],[101.48911199999999,3.4110225962355654],[101.48852224934865,3.4106313883289414],[101.48800404095809,3.4113740777079933],[101.48739439999999,3.4113880962351435],[101.4883058,3.413339796233045],[101.48734769999999,3.4136274962327464],[101.48800404095809,3.4145149521753995],[101.48852224934865,3.4145149521753995],[101.4886525,3.4155713962306864],[101.48955866612977,3.4156927826780366],[101.48955866612977,3.415300172354227],[101.49007687452033,3.415300172354227],[101.49007687452033,3.4156927826780366],[101.49111329130146,3.4156927826780366],[101.49111329130146,3.415300172354227],[101.491631499692,3.415300172354227],[101.491631499692,3.4156927826780366],[101.49214970808258,3.4156927826780366],[101.4944543063393,3.4176558366417726],[101.4957771668165,3.418048447903584],[101.4957771668165,3.41876046100819],[101.49681358359761,3.419226282627473],[101.49733179198817,3.4200115065589607],[101.49787479702147,3.4223671821097055],[101.49888641715985,3.4227597952494784],[101.49888641715985,3.423545021998887],[101.49940462555043,3.423545021998887],[101.49940462555043,3.4239376356085587],[101.49979159999997,3.4236931962219352],[101.50044104233154,3.4239376356085587],[101.50251896293368,3.425115477377661],[101.50458670945604,3.425115477377661],[101.50458670945604,3.424722863297928],[101.50510491784658,3.424722863297928],[101.50510491784658,3.4243302493748993],[101.5061413346277,3.4243302493748993],[101.50665954301827,3.423545021998887],[101.50769595979939,3.423545021998887],[101.50769595979939,3.4239376356085587],[101.50821416818995,3.4239376356085587],[101.50821416818995,3.424722863297928],[101.50665954301827,3.4255080916141174],[101.50665954301827,3.42668593526401],[101.5061413346277,3.42668593526401],[101.5061413346277,3.427078550127542],[101.50510491784658,3.427078550127542],[101.50458670945604,3.4278637803250667],[101.50406850106546,3.4278637803250667],[101.50406850106546,3.4274711651478884],[101.50251387589378,3.4274711651478884],[101.5024693,3.4287434962164975],[101.50044104233154,3.4294342426024684],[101.50199566750322,3.431004707390636],[101.50199566750322,3.432135881198527],[101.5025686,3.432305796212684],[101.50257549999999,3.4330026962119122],[101.50390259999999,3.4326080962123613],[101.5049912,3.435928296208804],[101.5040019,3.4376505962069532],[101.50408370000001,3.4396916962047674],[101.50507299999998,3.4412234962030857],[101.50435249999997,3.443688296200442],[101.50456279999999,3.4443297961997628],[101.50352679999999,3.4474593961963977],[101.50309639999999,3.4464582961974988],[101.5021967,3.446193996197745],[101.50251387589378,3.4467094936199545],[101.50199566750322,3.4467094936199545],[101.50198180316771,3.4471021165041362],[101.50237779999999,3.447556596196286],[101.5029815,3.4467868961971075],[101.50332029999998,3.44768489619616],[101.5038267,3.4475216961963566],[101.5043291,3.447852096195965],[101.50431471443697,3.451813603423163],[101.50510491784658,3.451813603423163],[101.50562312623715,3.4525988534535523],[101.50431043718756,3.452991478705727],[101.50429789999998,3.456443996186735],[101.50255309999999,3.4564401961867652],[101.50303208428434,3.4577029940619006],[101.50255099218046,3.4577029940619006],[101.50254529999998,3.4611131961817447],[101.50442449999998,3.4618712961809517],[101.5044187,3.4613444961814923],[101.5070905,3.4613269961815245],[101.5070905,3.4623494961804],[101.5124576,3.4623066961804776],[101.51289569999999,3.4652263961773384],[101.51391446048612,3.4647703098278044],[101.51391446048612,3.4643776798273973],[101.51443266887668,3.46466310652625],[101.52233679999999,3.46176629618106],[101.5235812,3.4580437961850503],[101.53464279610854,3.4539914094813366],[101.53516100449909,3.453384104115913],[101.53723383806134,3.452991478705727],[101.53723383806134,3.4525988534535523],[101.5377520464519,3.4525988534535523],[101.5377520464519,3.45220622835937],[101.53723383806134,3.45220622835937],[101.53723383806134,3.4514209786449137],[101.5377520464519,3.4514209786449137],[101.5377520464519,3.451028354024603],[101.53878846323303,3.4514209786449137],[101.53878846323303,3.45220622835937],[101.53827025484246,3.45220622835937],[101.53827025484246,3.4525988534535523],[101.54058746273002,3.451813603423163],[101.5403430884047,3.4514209786449137],[101.54137950518583,3.451028354024603],[101.54137950518583,3.4494578571223844],[101.5418977135764,3.4494578571223844],[101.5422037870968,3.4478873627457345],[101.5418977135764,3.443961137845859],[101.54241592196693,3.443961137845859],[101.54276455037454,3.4427832734498063],[101.54241592196693,3.4427832734498063],[101.54265641472736,3.440427548910785],[101.5418977135764,3.440034928705397],[101.54210325677559,3.438071830039276],[101.54137950518583,3.4376792107780916],[101.54137950518583,3.4337530268149594],[101.5418977135764,3.4337530268149594],[101.54227695479888,3.4329677919083843],[101.5418977135764,3.4329677919083843],[101.5418977135764,3.432182557630153],[101.54293413035751,3.4317899407266217],[101.54293413035751,3.431004707390636],[101.54345233874807,3.431004707390636],[101.54397054713864,3.4302194746826338],[101.54500696391975,3.4302194746826338],[101.54500696391975,3.4298268585640805],[101.54604338070088,3.429397513224631],[101.54397054713864,3.4269650795371334],[101.54345233874807,3.427078550127542],[101.54345233874807,3.42668593526401],[101.54293413035751,3.42668593526401],[101.54293413035751,3.4262933205572734],[101.54337823612506,3.4262933205572734],[101.52589759999996,3.4060430962409054],[101.5245607,3.407264896239587],[101.51912649999998,3.408604296238132],[101.48437789999998,3.3721911962773072],[101.4838583738336,3.373684360639085],[101.48334016544304,3.373797227282519],[101.48334016544304,3.3743391148654336],[101.4843857,3.375083996274194],[101.4838583738336,3.375894173478478],[101.48437658222416,3.3764325209020036],[101.48325244486227,3.3768251158430336],[101.4800001,3.38182199626697],[101.47947820000002,3.3818296962669443],[101.47967299999999,3.380573896268306],[101.47919003278344,3.3795732847570648],[101.47735381769226,3.385462243664574],[101.47815808153743,3.385069645320505],[101.47815808153743,3.384677047131311],[101.47919449831856,3.385069645320505],[101.47919449831856,3.385462243664574],[101.47763987314687,3.386247440817405],[101.47733256998173,3.3874252377086593],[101.47795495624233,3.3886030359947563],[101.47919449831856,3.388995635733506],[101.47867628992799,3.3897808356761896],[101.47971270670911,3.390173435880158],[101.47971270670911,3.3913512374227976],[101.47867628992799,3.3917924924725242],[101.47867628992799,3.3921364392270137],[101.47797825097147,3.3921364392270137],[101.47556703958462,3.393324523305794],[101.47504883119406,3.395014155910692],[101.47660345636575,3.396062457563011],[101.47662261899133,3.3964550602509105],[101.47712166475631,3.3964550602509105],[101.47712166475631,3.396908675673135],[101.47919449831856,3.398418076021766],[101.47921415511684,3.3988106796423363],[101.48074912349023,3.3995958873500185],[101.48137376855477,3.400773700078174],[101.48230374866192,3.400381095679881],[101.48230374866192,3.3999884914371687],[101.48282195705248,3.3999884914371687],[101.48282195705248,3.400381095679881],[101.48334016544304,3.400381095679881],[101.48334016544304,3.3999884914371687],[101.48437658222416,3.3999884914371687]],[[101.54086129679527,3.438071830039276],[101.5403430884047,3.4388570690336313],[101.53930667162359,3.4384644494577836],[101.53982488001414,3.4376792107780916],[101.54086129679527,3.438071830039276]],[[101.5444887555292,3.4278637803250667],[101.5444887555292,3.4290416267977784],[101.54345233874807,3.4294342426024684],[101.54345233874807,3.4290416267977784],[101.54293413035751,3.4290416267977784],[101.54293413035751,3.4278637803250667],[101.54345233874807,3.4278637803250667],[101.54345233874807,3.4274711651478884],[101.5444887555292,3.4278637803250667]],[[101.51080521014275,3.4231524085458664],[101.51028700175219,3.4239376356085587],[101.50925058497107,3.423545021998887],[101.50976879336163,3.4227597952494784],[101.51080521014275,3.4231524085458664]],[[101.50925058497107,3.4105888606523913],[101.50873237658051,3.4113740777079933],[101.50717775140883,3.4113740777079933],[101.50717775140883,3.4109814691021567],[101.50665954301827,3.4109814691021567],[101.50717775140883,3.4101962523586784],[101.50873237658051,3.4101962523586784],[101.50873237658051,3.4105888606523913],[101.50925058497107,3.4105888606523913]],[[101.50406850106546,3.3995958873500185],[101.50406850106546,3.3988106796423363],[101.50458670945604,3.3988106796423363],[101.50458670945604,3.398418076021766],[101.50562312623715,3.398025472556686],[101.50562312623715,3.3972402660929264],[101.50665954301827,3.3968476630942086],[101.50665954301827,3.3972402660929264],[101.50717775140883,3.3972402660929264],[101.50717775140883,3.397632869247079],[101.50665954301827,3.397632869247079],[101.50665954301827,3.398025472556686],[101.50717775140883,3.398025472556686],[101.50717775140883,3.398418076021766],[101.50665954301827,3.398418076021766],[101.50665954301827,3.399203283418413],[101.50821416818995,3.399203283418413],[101.50873237658051,3.3999884914371687],[101.50665954301827,3.400773700078174],[101.50665954301827,3.4011663046320675],[101.50717775140883,3.4011663046320675],[101.50665954301827,3.401951514206723],[101.50510491784658,3.401951514206723],[101.50510491784658,3.4015589093415763],[101.50458670945604,3.4015589093415763],[101.50458670945604,3.4011663046320675],[101.50510491784658,3.4011663046320675],[101.50510491784658,3.400381095679881],[101.50458670945604,3.400381095679881],[101.50458670945604,3.3995958873500185],[101.50406850106546,3.3995958873500185]],[[101.48904045773921,3.398418076021766],[101.48904045773921,3.3964550602509105],[101.48955866612977,3.3964550602509105],[101.48955866612977,3.396062457563011],[101.49059508291089,3.396062457563011],[101.49059508291089,3.3964550602509105],[101.49111329130146,3.3964550602509105],[101.49111329130146,3.3968476630942086],[101.49059508291089,3.3968476630942086],[101.49059508291089,3.399203283418413],[101.48800404095809,3.3999884914371687],[101.48748583256751,3.399203283418413],[101.48904045773921,3.398418076021766]],[[101.48074912349023,3.397632869247079],[101.48074912349023,3.398025472556686],[101.48178554027136,3.398418076021766],[101.4812673318808,3.399203283418413],[101.47971270670911,3.398418076021766],[101.47971270670911,3.398025472556686],[101.48074912349023,3.397632869247079]],[[101.4838583738336,3.395669855030494],[101.48437658222416,3.39488465043153],[101.48541299900528,3.3952772526533392],[101.48541299900528,3.395669855030494],[101.48437658222416,3.396062457563011],[101.48437658222416,3.3968476630942086],[101.4838583738336,3.3968476630942086],[101.48334016544304,3.397632869247079],[101.48230374866192,3.397632869247079],[101.48230374866192,3.3972402660929264],[101.48178554027136,3.3972402660929264],[101.48178554027136,3.3968476630942086],[101.48230374866192,3.3968476630942086],[101.48230374866192,3.396062457563011],[101.48282195705248,3.396062457563011],[101.48282195705248,3.395669855030494],[101.4838583738336,3.395669855030494]],[[101.49474075003538,3.396062457563011],[101.49422254164482,3.3968476630942086],[101.4931861248637,3.3964550602509105],[101.49370433325426,3.395669855030494],[101.49474075003538,3.396062457563011]],[[101.4812673318808,3.384284449096972],[101.4812673318808,3.383891851217472],[101.48178554027136,3.383891851217472],[101.48178554027136,3.384284449096972],[101.48230374866192,3.384284449096972],[101.48230374866192,3.385069645320505],[101.48178554027136,3.385069645320505],[101.4812673318808,3.385854842163534],[101.48023091509967,3.385854842163534],[101.47971270670911,3.385069645320505],[101.4812673318808,3.384284449096972]]],[[[101.5018389853626,3.4471021165041362],[101.5017235,3.4473952961964693],[101.50195275036606,3.4471021165041362],[101.5018389853626,3.4471021165041362]]]]},"properties":{"place_id":"483bdcbb-0983-5337-949d-e93a87316066","habitat":"forest_interior","habitat_label":"Forest interior","resolution_m":50}},{"type":"Feature","geometry":{"type":"MultiPolygon","coordinates":[[[[101.45691153752445,3.332005553823811],[101.45742974591502,3.332070283181063],[101.45742974591502,3.331964783687508],[101.45691153752445,3.332005553823811]]],[[[101.45846616269613,3.3318832434198318],[101.45898437108669,3.332070283181063],[101.45898437108669,3.33184247328846],[101.45846616269613,3.3318832434198318]]],[[[101.45224766200941,3.3323374309583875],[101.45276587039994,3.3324628607811064],[101.45276587039994,3.3323116433168742],[101.45224766200941,3.3323374309583875]]],[[[101.45121124522828,3.3324628607811064],[101.45172945361884,3.3323632186005603],[101.4479942,3.332549096319986],[101.44603220911554,3.333248016438546],[101.44758378649436,3.333248016438546],[101.44758378649436,3.3328554385335942],[101.45017482844715,3.3328554385335942],[101.45017482844715,3.3324628607811064],[101.45121124522828,3.3328554385335942],[101.45121124522828,3.3324628607811064]]],[[[101.44654736971323,3.3344257510683604],[101.44602916132267,3.3344257510683604],[101.44602916132267,3.335210908250885],[101.4470655781038,3.335603487070997],[101.4470655781038,3.335210908250885],[101.44758378649436,3.335210908250885],[101.44758378649436,3.3344257510683604],[101.4470655781038,3.3344257510683604],[101.4470655781038,3.3340331727059103],[101.44654736971323,3.3340331727059103],[101.44654736971323,3.3344257510683604]]],[[[101.4470655781038,3.336388645169008],[101.44654736971323,3.336388645169008],[101.44654736971323,3.3379589631966926],[101.44758378649436,3.3383515430853157],[101.44758378649436,3.3379589631966926],[101.44810199488491,3.3379589631966926],[101.44810199488491,3.336388645169008],[101.44758378649436,3.336388645169008],[101.44758378649436,3.3359960660436987],[101.4470655781038,3.3359960660436987],[101.4470655781038,3.336388645169008]]],[[[101.44625460195137,3.3450254245723885],[101.44654736971323,3.3442402597508427],[101.44622291284674,3.3442402597508427],[101.44625460195137,3.3450254245723885]]],[[[101.44654736971323,3.345418007212689],[101.4470655781038,3.346203172952439],[101.44810199488491,3.345810590006033],[101.44758378649436,3.3450254245723885],[101.44654736971323,3.345418007212689]]],[[[101.44636551381763,3.3477735062690366],[101.44654736971323,3.347380922710205],[101.4463496692653,3.347380922710205],[101.44636551381763,3.3477735062690366]]],[[[101.4470655781038,3.3505215954701293],[101.44654736971323,3.3505215954701293],[101.44654736971323,3.3509141802546836],[101.44758378649436,3.3513067651925343],[101.44810199488491,3.3505215954701293],[101.44758378649436,3.3505215954701293],[101.44758378649436,3.350129010838853],[101.4470655781038,3.350129010838853],[101.4470655781038,3.3505215954701293]]],[[[101.44447453615099,3.3560798978295328],[101.44413951361926,3.357980732608002],[101.44499274454157,3.3583733203082975],[101.44447453615099,3.3591584961698295],[101.44499274454157,3.3591584961698295],[101.44499274454157,3.3595510843311027],[101.44602916132267,3.3595510843311027],[101.44654736971323,3.3603362611147554],[101.4470655781038,3.3603362611147554],[101.44758378649436,3.3595510843311027],[101.44810199488491,3.3595510843311027],[101.44862020327547,3.3603362611147554],[101.45017482844715,3.3595510843311027],[101.4496566200566,3.358765908162234],[101.44862020327547,3.358765908162234],[101.44862020327547,3.3591584961698295],[101.44758378649436,3.358765908162234],[101.44758378649436,3.3583733203082975],[101.44862020327547,3.3583733203082975],[101.44862020327547,3.357980732608002],[101.44913841166604,3.357980732608002],[101.44913841166604,3.355625209631683],[101.44862020327547,3.355625209631683],[101.44862020327547,3.3552326230063687],[101.44758378649436,3.355625209631683],[101.44758378649436,3.356410383342871],[101.4470655781038,3.356410383342871],[101.4470655781038,3.3568029704287827],[101.44654736971323,3.3568029704287827],[101.44654736971323,3.3560177964105105],[101.44602916132267,3.3559400048367465],[101.44447453615099,3.3560798978295328]],[[101.44654736971323,3.3571955576682626],[101.44602916132267,3.3571955576682626],[101.44602916132267,3.3568029704287827],[101.44654736971323,3.3568029704287827],[101.44654736971323,3.3571955576682626]],[[101.44654736971323,3.3595510843311027],[101.44654736971323,3.3591584961698295],[101.4470655781038,3.3591584961698295],[101.4470655781038,3.3595510843311027],[101.44654736971323,3.3595510843311027]],[[101.44654736971323,3.3583733203082975],[101.44654736971323,3.357980732608002],[101.4470655781038,3.357980732608002],[101.4470655781038,3.3583733203082975],[101.44654736971323,3.3583733203082975]],[[101.44499274454157,3.357980732608002],[101.44499274454157,3.3571955576682626],[101.4455109529321,3.3571955576682626],[101.4455109529321,3.357980732608002],[101.44499274454157,3.357980732608002]]],[[[101.45276587039994,3.358765908162234],[101.45380228718108,3.3583733203082975],[101.45380228718108,3.35758814506133],[101.45328407879052,3.35758814506133],[101.45276587039994,3.3568029704287827],[101.45121124522828,3.3568029704287827],[101.45121124522828,3.3571955576682626],[101.45017482844715,3.35758814506133],[101.45017482844715,3.3591584961698295],[101.4506930368377,3.3591584961698295],[101.45017482844715,3.3599436726460716],[101.45121124522828,3.3603362611147554],[101.45276587039994,3.358765908162234]],[[101.45172945361884,3.357980732608002],[101.45172945361884,3.35758814506133],[101.45276587039994,3.35758814506133],[101.45276587039994,3.3583733203082975],[101.45172945361884,3.357980732608002]]],[[[101.44407665733726,3.365832515826411],[101.44447453615099,3.366617697533543],[101.4455109529321,3.3662251066029754],[101.44499274454157,3.3654399252038316],[101.44407665733726,3.365832515826411]]],[[[101.45017482844715,3.367402879856764],[101.4506930368377,3.368188062796217],[101.45172945361884,3.367795471249452],[101.45121124522828,3.3670102886181335],[101.45017482844715,3.367402879856764]]],[[[101.4626118298206,3.368188062796217],[101.4626118298206,3.3685806544970767],[101.46313003821116,3.3685806544970767],[101.46364824660174,3.367795471249452],[101.4626118298206,3.367402879856764],[101.4626118298206,3.367795471249452],[101.46209362143006,3.367795471249452],[101.46209362143006,3.368188062796217],[101.4626118298206,3.368188062796217]]],[[[101.47038495567901,3.384677047131311],[101.47038495567901,3.384284449096972],[101.4693485388979,3.384284449096972],[101.4693485388979,3.3834992534927903],[101.47090316406958,3.3834992534927903],[101.47142137246014,3.384284449096972],[101.4727937,3.38380359626482],[101.47322070000001,3.384138596264452],[101.47523409999998,3.3831181962655292],[101.4756236,3.3823057962664227],[101.47504883119406,3.3820014543725847],[101.47504883119406,3.382321461247483],[101.47401241441295,3.382321461247483],[101.47401241441295,3.381928864141898],[101.47297599763182,3.381928864141898],[101.47297599763182,3.381536267191043],[101.47349420602238,3.381536267191043],[101.47349420602238,3.380751073753446],[101.47401241441295,3.380751073753446],[101.47401241441295,3.379965880934548],[101.47349420602238,3.379965880934548],[101.47297599763182,3.3791806887342024],[101.47349420602238,3.3791806887342024],[101.47349420602238,3.3787880928659417],[101.47433733302628,3.378395497152265],[101.47401241441295,3.377217710938556],[101.47499820108895,3.3768251158430336],[101.47556703958462,3.3744695485136207],[101.47598950318294,3.3744695485136207],[101.4762714,3.3737996962755825],[101.4745172,3.37231849627715],[101.4764810937195,3.369758430524402],[101.47608524797519,3.369758430524402],[101.47608524797519,3.370151022841819],[101.47556703958462,3.370151022841819],[101.47556703958462,3.3709362079392293],[101.47504883119406,3.3709362079392293],[101.47504883119406,3.3713288007192563],[101.47401241441295,3.3709362079392293],[101.47401241441295,3.3713288007192563],[101.47142137246014,3.3713288007192563],[101.47142137246014,3.3717213936535235],[101.47038495567901,3.3717213936535235],[101.47038495567901,3.372113986742048],[101.4693485388979,3.372113986742048],[101.4693485388979,3.3717213936535235],[101.46831212211677,3.372113986742048],[101.46779391372621,3.3713288007192563],[101.46883033050734,3.3713288007192563],[101.46883033050734,3.3709362079392293],[101.4693485388979,3.3709362079392293],[101.4693485388979,3.370151022841819],[101.46883033050734,3.370151022841819],[101.46883033050734,3.3689732463520476],[101.4693485388979,3.3689732463520476],[101.4693485388979,3.3685806544970767],[101.46883033050734,3.3685806544970767],[101.46883033050734,3.3670102886181335],[101.46779391372621,3.366617697533543],[101.4667574969451,3.368188062796217],[101.46623928855453,3.368188062796217],[101.46623928855453,3.367795471249452],[101.4652028717734,3.367795471249452],[101.4652028717734,3.368188062796217],[101.4641664549923,3.367795471249452],[101.4641664549923,3.368188062796217],[101.46364824660174,3.368188062796217],[101.4641664549923,3.3689732463520476],[101.4652028717734,3.3685806544970767],[101.4652028717734,3.3689732463520476],[101.46572108016397,3.3689732463520476],[101.46572108016397,3.369758430524402],[101.4652028717734,3.369758430524402],[101.4652028717734,3.370543615313423],[101.46468466338287,3.370543615313423],[101.46468466338287,3.3709362079392293],[101.46364824660174,3.370543615313423],[101.46313003821116,3.3713288007192563],[101.46364824660174,3.3713288007192563],[101.46364824660174,3.3717213936535235],[101.46468466338287,3.3713288007192563],[101.46468466338287,3.3717213936535235],[101.46572108016397,3.372113986742048],[101.46572108016397,3.372899173381943],[101.4641664549923,3.372113986742048],[101.4641664549923,3.3725065799848486],[101.46313003821116,3.3725065799848486],[101.4626118298206,3.3732917669333498],[101.4615754130395,3.3732917669333498],[101.4615754130395,3.373684360639085],[101.46105720464892,3.373684360639085],[101.46105720464892,3.372899173381943],[101.46209362143006,3.372899173381943],[101.46313003821116,3.3717213936535235],[101.4626118298206,3.3717213936535235],[101.4626118298206,3.3713288007192563],[101.46002078786782,3.3713288007192563],[101.46002078786782,3.3709362079392293],[101.46105720464892,3.370543615313423],[101.46105720464892,3.370151022841819],[101.46002078786782,3.369758430524402],[101.46002078786782,3.3689732463520476],[101.46053899625836,3.3689732463520476],[101.46105720464892,3.368188062796217],[101.46053899625836,3.368188062796217],[101.46053899625836,3.3670102886181335],[101.45950257947726,3.366617697533543],[101.45950257947726,3.365832515826411],[101.45898437108669,3.365832515826411],[101.45898437108669,3.3654399252038316],[101.45794795430555,3.3654399252038316],[101.45794795430555,3.3634769744000876],[101.45639332913389,3.362691795155856],[101.45639332913389,3.361906616526986],[101.45587512074331,3.361906616526986],[101.45587512074331,3.361514027443267],[101.45535691235276,3.361514027443267],[101.45483870396221,3.3622992057645096],[101.45432049557165,3.3622992057645096],[101.45432049557165,3.361906616526986],[101.45328407879052,3.3622992057645096],[101.45172945361884,3.360728849737169],[101.4506930368377,3.360728849737169],[101.4506930368377,3.361121438513334],[101.45017482844715,3.361121438513334],[101.45017482844715,3.360728849737169],[101.44913841166604,3.3603362611147554],[101.44913841166604,3.360728849737169],[101.44862020327547,3.360728849737169],[101.44862020327547,3.361121438513334],[101.44913841166604,3.361121438513334],[101.44862020327547,3.361906616526986],[101.44758378649436,3.361514027443267],[101.44758378649436,3.361906616526986],[101.44654736971323,3.361906616526986],[101.44654736971323,3.3622992057645096],[101.44602916132267,3.3622992057645096],[101.44654736971323,3.3630843847010428],[101.44758378649436,3.362691795155856],[101.44758378649436,3.3630843847010428],[101.44810199488491,3.3630843847010428],[101.44810199488491,3.3638695642530108],[101.4470655781038,3.3638695642530108],[101.4470655781038,3.3642621542598277],[101.44654736971323,3.3642621542598277],[101.44654736971323,3.3638695642530108],[101.44602916132267,3.3638695642530108],[101.44602916132267,3.3630843847010428],[101.4455109529321,3.3630843847010428],[101.4455109529321,3.362691795155856],[101.44447453615099,3.362691795155856],[101.44408608577957,3.3646547444205583],[101.44447453615099,3.3650473347352206],[101.44499274454157,3.3650473347352206],[101.44499274454157,3.3646547444205583],[101.4455109529321,3.3646547444205583],[101.4455109529321,3.3650473347352206],[101.44602916132267,3.3650473347352206],[101.44602916132267,3.3646547444205583],[101.4470655781038,3.3646547444205583],[101.4470655781038,3.3650473347352206],[101.44654736971323,3.3650473347352206],[101.44654736971323,3.3654399252038316],[101.4470655781038,3.3654399252038316],[101.4470655781038,3.3662251066029754],[101.44602916132267,3.365832515826411],[101.44602916132267,3.3662251066029754],[101.44499274454157,3.366617697533543],[101.44447453615099,3.3693658383611504],[101.44408273331888,3.3693658383611504],[101.44408987163796,3.3713288007192563],[101.44499274454157,3.3717213936535235],[101.44499274454157,3.3713288007192563],[101.44602916132267,3.3709362079392293],[101.4455109529321,3.370151022841819],[101.44758378649436,3.370151022841819],[101.44810199488491,3.3693658383611504],[101.4496566200566,3.3693658383611504],[101.4496566200566,3.369758430524402],[101.45017482844715,3.369758430524402],[101.45017482844715,3.370543615313423],[101.4496566200566,3.370543615313423],[101.44913841166604,3.369758430524402],[101.44810199488491,3.370151022841819],[101.44810199488491,3.3713288007192563],[101.44862020327547,3.3713288007192563],[101.44862020327547,3.3717213936535235],[101.4496566200566,3.3713288007192563],[101.4496566200566,3.372113986742048],[101.44913841166604,3.372113986742048],[101.44913841166604,3.3725065799848486],[101.4496566200566,3.3725065799848486],[101.44913841166604,3.374862142682456],[101.44810199488491,3.374862142682456],[101.44810199488491,3.375254737005694],[101.44758378649436,3.375254737005694],[101.44758378649436,3.3744695485136207],[101.44810199488491,3.3744695485136207],[101.44810199488491,3.37407695449917],[101.44758378649436,3.37407695449917],[101.44758378649436,3.373684360639085],[101.44810199488491,3.373684360639085],[101.44810199488491,3.372899173381943],[101.44758378649436,3.372899173381943],[101.44758378649436,3.3725065799848486],[101.4470655781038,3.3725065799848486],[101.4470655781038,3.372899173381943],[101.44602916132267,3.372899173381943],[101.44602916132267,3.3725065799848486],[101.44499274454157,3.3725065799848486],[101.44499274454157,3.372113986742048],[101.44447453615099,3.372113986742048],[101.44409415462941,3.3725065799848486],[101.44447453615099,3.372899173381943],[101.44447453615099,3.373684360639085],[101.44409843762087,3.373684360639085],[101.44447453615099,3.376039926115449],[101.44499274454157,3.376039926115449],[101.44499274454157,3.3756473314833526],[101.44602916132267,3.3756473314833526],[101.44602916132267,3.3764325209020036],[101.44654736971323,3.3764325209020036],[101.44654736971323,3.377217710938556],[101.44758378649436,3.3776103061885894],[101.44758378649436,3.378395497152265],[101.44810199488491,3.378395497152265],[101.44810199488491,3.3787880928659417],[101.44862020327547,3.3787880928659417],[101.44862020327547,3.378395497152265],[101.44913841166604,3.378395497152265],[101.44913841166604,3.3787880928659417],[101.45017482844715,3.3787880928659417],[101.45017482844715,3.378395497152265],[101.4506930368377,3.378395497152265],[101.4506930368377,3.3776103061885894],[101.45017482844715,3.3776103061885894],[101.4496566200566,3.376039926115449],[101.45017482844715,3.376039926115449],[101.45017482844715,3.375254737005694],[101.4506930368377,3.375254737005694],[101.4506930368377,3.3756473314833526],[101.45224766200941,3.3764325209020036],[101.45224766200941,3.377217710938556],[101.45276587039994,3.377217710938556],[101.45276587039994,3.3776103061885894],[101.45328407879052,3.3776103061885894],[101.45328407879052,3.377217710938556],[101.45432049557165,3.3776103061885894],[101.45432049557165,3.377217710938556],[101.45535691235276,3.3768251158430336],[101.45535691235276,3.377217710938556],[101.45587512074331,3.377217710938556],[101.45587512074331,3.378395497152265],[101.45691153752445,3.3787880928659417],[101.45691153752445,3.378395497152265],[101.45742974591502,3.378395497152265],[101.45691153752445,3.3768251158430336],[101.45742974591502,3.3768251158430336],[101.45742974591502,3.377217710938556],[101.45846616269613,3.377217710938556],[101.45846616269613,3.3768251158430336],[101.45898437108669,3.3768251158430336],[101.45898437108669,3.376039926115449],[101.4615754130395,3.3756473314833526],[101.4615754130395,3.3764325209020036],[101.46105720464892,3.3764325209020036],[101.46105720464892,3.3768251158430336],[101.46209362143006,3.377217710938556],[101.46209362143006,3.3768251158430336],[101.4626118298206,3.3768251158430336],[101.4626118298206,3.3764325209020036],[101.46209362143006,3.3764325209020036],[101.46209362143006,3.3756473314833526],[101.4626118298206,3.3756473314833526],[101.4626118298206,3.375254737005694],[101.46364824660174,3.375254737005694],[101.46364824660174,3.376039926115449],[101.46313003821116,3.376039926115449],[101.46313003821116,3.3764325209020036],[101.46364824660174,3.3764325209020036],[101.46364824660174,3.3768251158430336],[101.46468466338287,3.3764325209020036],[101.46468466338287,3.377217710938556],[101.4641664549923,3.377217710938556],[101.4641664549923,3.378395497152265],[101.46468466338287,3.378395497152265],[101.46468466338287,3.3787880928659417],[101.46572108016397,3.3787880928659417],[101.46572108016397,3.378395497152265],[101.46623928855453,3.378395497152265],[101.46623928855453,3.3791806887342024],[101.46727570533567,3.3795732847570648],[101.46727570533567,3.3791806887342024],[101.46831212211677,3.3791806887342024],[101.46831212211677,3.3787880928659417],[101.4693485388979,3.378395497152265],[101.4693485388979,3.3791806887342024],[101.46883033050734,3.3791806887342024],[101.46883033050734,3.3795732847570648],[101.4693485388979,3.3795732847570648],[101.4693485388979,3.380358477266669],[101.46883033050734,3.380358477266669],[101.46883033050734,3.381143670394898],[101.4693485388979,3.381143670394898],[101.4693485388979,3.381536267191043],[101.46831212211677,3.381536267191043],[101.46831212211677,3.381143670394898],[101.46727570533567,3.380751073753446],[101.46727570533567,3.381143670394898],[101.46623928855453,3.381143670394898],[101.46623928855453,3.381536267191043],[101.46572108016397,3.381536267191043],[101.46572108016397,3.381928864141898],[101.46623928855453,3.381928864141898],[101.46572108016397,3.382714058507814],[101.46468466338287,3.382714058507814],[101.46468466338287,3.382321461247483],[101.46364824660174,3.382714058507814],[101.46364824660174,3.381928864141898],[101.4641664549923,3.381928864141898],[101.46364824660174,3.381143670394898],[101.4626118298206,3.381143670394898],[101.4626118298206,3.381536267191043],[101.46209362143006,3.381536267191043],[101.46209362143006,3.381928864141898],[101.46313003821116,3.382321461247483],[101.46209362143006,3.3834992534927903],[101.4626118298206,3.3834992534927903],[101.4626118298206,3.383891851217472],[101.46313003821116,3.383891851217472],[101.46313003821116,3.3834992534927903],[101.4652028717734,3.383891851217472],[101.4652028717734,3.384677047131311],[101.46572108016397,3.384677047131311],[101.46572108016397,3.385069645320505],[101.4652028717734,3.385069645320505],[101.4652028717734,3.386247440817405],[101.46623928855453,3.3866400396262026],[101.46623928855453,3.388210436411044],[101.46727570533567,3.3886030359947563],[101.46727570533567,3.389388235627311],[101.4685027,3.3885580962597164],[101.46785899999999,3.3856062962628615],[101.46831212211677,3.384677047131311],[101.46975899999998,3.385084196263452],[101.47083435777677,3.384677047131311],[101.47038495567901,3.384677047131311]],[[101.46883033050734,3.3834992534927903],[101.46883033050734,3.383106655922911],[101.4693485388979,3.383106655922911],[101.4693485388979,3.3834992534927903],[101.46883033050734,3.3834992534927903]],[[101.46831212211677,3.383106655922911],[101.46831212211677,3.382714058507814],[101.46883033050734,3.382714058507814],[101.46883033050734,3.383106655922911],[101.46831212211677,3.383106655922911]],[[101.47401241441295,3.3768251158430336],[101.47401241441295,3.3764325209020036],[101.47297599763182,3.3764325209020036],[101.47297599763182,3.376039926115449],[101.47349420602238,3.376039926115449],[101.47349420602238,3.375254737005694],[101.47453062280351,3.374862142682456],[101.47504883119406,3.3764325209020036],[101.47401241441295,3.3768251158430336]],[[101.47349420602238,3.374862142682456],[101.47349420602238,3.3744695485136207],[101.47401241441295,3.3744695485136207],[101.47401241441295,3.374862142682456],[101.47349420602238,3.374862142682456]],[[101.47297599763182,3.3744695485136207],[101.47297599763182,3.374862142682456],[101.47245778924126,3.374862142682456],[101.47245778924126,3.37407695449917],[101.47349420602238,3.373684360639085],[101.47349420602238,3.3744695485136207],[101.47297599763182,3.3744695485136207]],[[101.47193958085072,3.37407695449917],[101.47193958085072,3.373684360639085],[101.47245778924126,3.373684360639085],[101.47245778924126,3.37407695449917],[101.47193958085072,3.37407695449917]],[[101.47349420602238,3.3732917669333498],[101.47297599763182,3.3732917669333498],[101.47297599763182,3.372899173381943],[101.47349420602238,3.372899173381943],[101.47349420602238,3.372113986742048],[101.47401241441295,3.372113986742048],[101.47401241441295,3.3725065799848486],[101.47453062280351,3.3725065799848486],[101.47453062280351,3.3732917669333498],[101.47401241441295,3.3732917669333498],[101.47401241441295,3.373684360639085],[101.47349420602238,3.373684360639085],[101.47349420602238,3.3732917669333498]],[[101.47504883119406,3.3744695485136207],[101.47504883119406,3.37407695449917],[101.47556703958462,3.37407695449917],[101.47556703958462,3.3744695485136207],[101.47504883119406,3.3744695485136207]],[[101.47453062280351,3.37407695449917],[101.47453062280351,3.373684360639085],[101.47504883119406,3.373684360639085],[101.47504883119406,3.37407695449917],[101.47453062280351,3.37407695449917]],[[101.45639332913389,3.3630843847010428],[101.45587512074331,3.3630843847010428],[101.45587512074331,3.362691795155856],[101.45639332913389,3.362691795155856],[101.45639332913389,3.3630843847010428]],[[101.45017482844715,3.361514027443267],[101.4496566200566,3.361514027443267],[101.4496566200566,3.361121438513334],[101.45017482844715,3.361121438513334],[101.45017482844715,3.361514027443267]],[[101.4506930368377,3.361514027443267],[101.4506930368377,3.3622992057645096],[101.45017482844715,3.3622992057645096],[101.45017482844715,3.361514027443267],[101.4506930368377,3.361514027443267]],[[101.4496566200566,3.3709362079392293],[101.45017482844715,3.3709362079392293],[101.45017482844715,3.3713288007192563],[101.4496566200566,3.3713288007192563],[101.4496566200566,3.3709362079392293]],[[101.45224766200941,3.376039926115449],[101.45276587039994,3.376039926115449],[101.45276587039994,3.3764325209020036],[101.45224766200941,3.3764325209020036],[101.45224766200941,3.376039926115449]],[[101.45276587039994,3.375254737005694],[101.45224766200941,3.375254737005694],[101.45224766200941,3.374862142682456],[101.45121124522828,3.374862142682456],[101.45121124522828,3.3744695485136207],[101.4506930368377,3.3744695485136207],[101.4506930368377,3.373684360639085],[101.45172945361884,3.373684360639085],[101.45172945361884,3.3732917669333498],[101.45276587039994,3.373684360639085],[101.45276587039994,3.3732917669333498],[101.45328407879052,3.3732917669333498],[101.45380228718108,3.37407695449917],[101.45483870396221,3.37407695449917],[101.45483870396221,3.373684360639085],[101.45639332913389,3.373684360639085],[101.45639332913389,3.37407695449917],[101.45742974591502,3.373684360639085],[101.45742974591502,3.37407695449917],[101.45794795430555,3.37407695449917],[101.45794795430555,3.374862142682456],[101.45742974591502,3.374862142682456],[101.45742974591502,3.375254737005694],[101.45639332913389,3.375254737005694],[101.45639332913389,3.374862142682456],[101.45587512074331,3.374862142682456],[101.45587512074331,3.375254737005694],[101.45483870396221,3.375254737005694],[101.45483870396221,3.374862142682456],[101.45432049557165,3.374862142682456],[101.45432049557165,3.375254737005694],[101.45380228718108,3.375254737005694],[101.45380228718108,3.376039926115449],[101.45276587039994,3.376039926115449],[101.45276587039994,3.375254737005694]],[[101.45794795430555,3.373684360639085],[101.45846616269613,3.373684360639085],[101.45846616269613,3.37407695449917],[101.45794795430555,3.37407695449917],[101.45794795430555,3.373684360639085]],[[101.45846616269613,3.3732917669333498],[101.45898437108669,3.3732917669333498],[101.45898437108669,3.373684360639085],[101.45846616269613,3.373684360639085],[101.45846616269613,3.3732917669333498]],[[101.46831212211677,3.378395497152265],[101.46831212211677,3.3780029015931534],[101.46727570533567,3.3780029015931534],[101.46727570533567,3.3776103061885894],[101.46779391372621,3.3776103061885894],[101.46779391372621,3.377217710938556],[101.46831212211677,3.377217710938556],[101.46831212211677,3.3764325209020036],[101.46883033050734,3.3764325209020036],[101.4693485388979,3.3780029015931534],[101.46831212211677,3.378395497152265]],[[101.46831212211677,3.381928864141898],[101.46779391372621,3.381928864141898],[101.46779391372621,3.381536267191043],[101.46831212211677,3.381536267191043],[101.46831212211677,3.381928864141898]],[[101.46779391372621,3.382321461247483],[101.4667574969451,3.382321461247483],[101.4667574969451,3.381928864141898],[101.46779391372621,3.381928864141898],[101.46779391372621,3.382321461247483]],[[101.46623928855453,3.382714058507814],[101.46623928855453,3.383106655922911],[101.46572108016397,3.383106655922911],[101.46572108016397,3.382714058507814],[101.46623928855453,3.382714058507814]],[[101.4667574969451,3.383106655922911],[101.4667574969451,3.3834992534927903],[101.46623928855453,3.3834992534927903],[101.46623928855453,3.383106655922911],[101.4667574969451,3.383106655922911]],[[101.46727570533567,3.388210436411044],[101.46779391372621,3.388210436411044],[101.46779391372621,3.3886030359947563],[101.46727570533567,3.3886030359947563],[101.46727570533567,3.388210436411044]],[[101.4667574969451,3.385854842163534],[101.46623928855453,3.385854842163534],[101.46623928855453,3.385069645320505],[101.46727570533567,3.385069645320505],[101.4667574969451,3.385854842163534]],[[101.46779391372621,3.385462243664574],[101.46779391372621,3.385854842163534],[101.46727570533567,3.385854842163534],[101.46727570533567,3.385462243664574],[101.46779391372621,3.385462243664574]],[[101.4667574969451,3.384677047131311],[101.4667574969451,3.384284449096972],[101.46727570533567,3.384284449096972],[101.46727570533567,3.384677047131311],[101.4667574969451,3.384677047131311]],[[101.46779391372621,3.383891851217472],[101.46779391372621,3.3834992534927903],[101.46831212211677,3.3834992534927903],[101.46831212211677,3.383891851217472],[101.46779391372621,3.383891851217472]],[[101.47401241441295,3.383106655922911],[101.47401241441295,3.382714058507814],[101.47453062280351,3.382714058507814],[101.47453062280351,3.383106655922911],[101.47401241441295,3.383106655922911]],[[101.47038495567901,3.382714058507814],[101.47038495567901,3.382321461247483],[101.47142137246014,3.382321461247483],[101.47142137246014,3.382714058507814],[101.47038495567901,3.382714058507814]],[[101.47193958085072,3.380751073753446],[101.47193958085072,3.380358477266669],[101.47245778924126,3.380358477266669],[101.47245778924126,3.380751073753446],[101.47193958085072,3.380751073753446]],[[101.4652028717734,3.3780029015931534],[101.4652028717734,3.3776103061885894],[101.46572108016397,3.3776103061885894],[101.46572108016397,3.3780029015931534],[101.4652028717734,3.3780029015931534]],[[101.44913841166604,3.3768251158430336],[101.44913841166604,3.377217710938556],[101.44810199488491,3.377217710938556],[101.44810199488491,3.3764325209020036],[101.44758378649436,3.3764325209020036],[101.44758378649436,3.376039926115449],[101.44862020327547,3.3756473314833526],[101.44862020327547,3.3768251158430336],[101.44913841166604,3.3768251158430336]],[[101.47090316406958,3.3768251158430336],[101.47090316406958,3.377217710938556],[101.47038495567901,3.377217710938556],[101.47038495567901,3.3768251158430336],[101.47090316406958,3.3768251158430336]],[[101.47090316406958,3.3764325209020036],[101.47193958085072,3.3764325209020036],[101.47193958085072,3.3768251158430336],[101.47090316406958,3.3768251158430336],[101.47090316406958,3.3764325209020036]],[[101.45535691235276,3.3764325209020036],[101.45535691235276,3.376039926115449],[101.45587512074331,3.376039926115449],[101.45587512074331,3.3764325209020036],[101.45535691235276,3.3764325209020036]],[[101.45639332913389,3.376039926115449],[101.45639332913389,3.3756473314833526],[101.45742974591502,3.3756473314833526],[101.45742974591502,3.3764325209020036],[101.45639332913389,3.376039926115449]],[[101.46468466338287,3.376039926115449],[101.46468466338287,3.3756473314833526],[101.4652028717734,3.3756473314833526],[101.4652028717734,3.376039926115449],[101.46468466338287,3.376039926115449]],[[101.44654736971323,3.3756473314833526],[101.44654736971323,3.375254737005694],[101.4470655781038,3.375254737005694],[101.4470655781038,3.3756473314833526],[101.44654736971323,3.3756473314833526]],[[101.47090316406958,3.3756473314833526],[101.47090316406958,3.375254737005694],[101.47142137246014,3.375254737005694],[101.47142137246014,3.3756473314833526],[101.47090316406958,3.3756473314833526]],[[101.46779391372621,3.375254737005694],[101.46779391372621,3.374862142682456],[101.46831212211677,3.374862142682456],[101.46831212211677,3.375254737005694],[101.46779391372621,3.375254737005694]],[[101.4470655781038,3.37407695449917],[101.44654736971323,3.374862142682456],[101.4455109529321,3.3744695485136207],[101.44602916132267,3.373684360639085],[101.4470655781038,3.37407695449917]],[[101.46053899625836,3.3744695485136207],[101.46053899625836,3.37407695449917],[101.46105720464892,3.37407695449917],[101.46105720464892,3.3744695485136207],[101.46053899625836,3.3744695485136207]],[[101.46002078786782,3.3732917669333498],[101.46002078786782,3.372899173381943],[101.46053899625836,3.372899173381943],[101.46053899625836,3.373684360639085],[101.45950257947726,3.373684360639085],[101.45950257947726,3.3732917669333498],[101.46002078786782,3.3732917669333498]],[[101.4641664549923,3.373684360639085],[101.4641664549923,3.3732917669333498],[101.46468466338287,3.3732917669333498],[101.46468466338287,3.373684360639085],[101.4641664549923,3.373684360639085]],[[101.46727570533567,3.3717213936535235],[101.46727570533567,3.3725065799848486],[101.46779391372621,3.3725065799848486],[101.46779391372621,3.373684360639085],[101.4667574969451,3.373684360639085],[101.4667574969451,3.3717213936535235],[101.46727570533567,3.3717213936535235]],[[101.45432049557165,3.3732917669333498],[101.45432049557165,3.372899173381943],[101.45483870396221,3.372899173381943],[101.45483870396221,3.3732917669333498],[101.45432049557165,3.3732917669333498]],[[101.47142137246014,3.3725065799848486],[101.47142137246014,3.3732917669333498],[101.47090316406958,3.3732917669333498],[101.47090316406958,3.3725065799848486],[101.47142137246014,3.3725065799848486]],[[101.47142137246014,3.372113986742048],[101.47193958085072,3.372113986742048],[101.47193958085072,3.3725065799848486],[101.47142137246014,3.3725065799848486],[101.47142137246014,3.372113986742048]],[[101.45639332913389,3.3713288007192563],[101.45691153752445,3.372113986742048],[101.45794795430555,3.372113986742048],[101.45742974591502,3.372899173381943],[101.45535691235276,3.3725065799848486],[101.45535691235276,3.3713288007192563],[101.45639332913389,3.3713288007192563]],[[101.45794795430555,3.3717213936535235],[101.45846616269613,3.3717213936535235],[101.45846616269613,3.372113986742048],[101.45794795430555,3.372113986742048],[101.45794795430555,3.3717213936535235]],[[101.4693485388979,3.372899173381943],[101.4693485388979,3.3725065799848486],[101.46986674728846,3.3725065799848486],[101.46986674728846,3.372899173381943],[101.4693485388979,3.372899173381943]],[[101.45121124522828,3.372113986742048],[101.45121124522828,3.3725065799848486],[101.4506930368377,3.3725065799848486],[101.4506930368377,3.372113986742048],[101.45121124522828,3.372113986742048]],[[101.45121124522828,3.3713288007192563],[101.45224766200941,3.3709362079392293],[101.45224766200941,3.3713288007192563],[101.45276587039994,3.3713288007192563],[101.45276587039994,3.372113986742048],[101.45172945361884,3.3725065799848486],[101.45172945361884,3.372113986742048],[101.45121124522828,3.372113986742048],[101.45121124522828,3.3713288007192563]],[[101.45898437108669,3.3717213936535235],[101.45898437108669,3.3713288007192563],[101.45950257947726,3.3713288007192563],[101.45950257947726,3.3717213936535235],[101.45898437108669,3.3717213936535235]],[[101.45846616269613,3.3689732463520476],[101.45846616269613,3.3685806544970767],[101.45898437108669,3.3685806544970767],[101.45898437108669,3.367795471249452],[101.45950257947726,3.367795471249452],[101.45950257947726,3.368188062796217],[101.46002078786782,3.368188062796217],[101.46002078786782,3.3685806544970767],[101.45898437108669,3.3689732463520476],[101.45898437108669,3.369758430524402],[101.46002078786782,3.370151022841819],[101.45950257947726,3.3709362079392293],[101.45846616269613,3.3709362079392293],[101.45846616269613,3.370543615313423],[101.45742974591502,3.370151022841819],[101.45742974591502,3.3693658383611504],[101.45846616269613,3.3689732463520476]],[[101.45380228718108,3.3693658383611504],[101.45483870396221,3.370543615313423],[101.45172945361884,3.370151022841819],[101.45224766200941,3.3693658383611504],[101.45380228718108,3.3693658383611504]],[[101.45483870396221,3.369758430524402],[101.45535691235276,3.369758430524402],[101.45535691235276,3.3693658383611504],[101.45587512074331,3.3693658383611504],[101.45587512074331,3.370151022841819],[101.45483870396221,3.370151022841819],[101.45483870396221,3.369758430524402]],[[101.46727570533567,3.370151022841819],[101.46727570533567,3.369758430524402],[101.46779391372621,3.369758430524402],[101.46779391372621,3.370151022841819],[101.46727570533567,3.370151022841819]],[[101.46623928855453,3.369758430524402],[101.46623928855453,3.3693658383611504],[101.4667574969451,3.3693658383611504],[101.4667574969451,3.369758430524402],[101.46623928855453,3.369758430524402]],[[101.44602916132267,3.3693658383611504],[101.44602916132267,3.3689732463520476],[101.44654736971323,3.3689732463520476],[101.44654736971323,3.3693658383611504],[101.44602916132267,3.3693658383611504]],[[101.45535691235276,3.3685806544970767],[101.45535691235276,3.3689732463520476],[101.45432049557165,3.3693658383611504],[101.45432049557165,3.3685806544970767],[101.45535691235276,3.3685806544970767]],[[101.4506930368377,3.3689732463520476],[101.4496566200566,3.3689732463520476],[101.4496566200566,3.367402879856764],[101.45017482844715,3.367402879856764],[101.45017482844715,3.366617697533543],[101.4496566200566,3.366617697533543],[101.4496566200566,3.3662251066029754],[101.45017482844715,3.3662251066029754],[101.45017482844715,3.365832515826411],[101.45121124522828,3.365832515826411],[101.45121124522828,3.366617697533543],[101.45276587039994,3.367402879856764],[101.45276587039994,3.368188062796217],[101.45172945361884,3.367795471249452],[101.4506930368377,3.3689732463520476]],[[101.45328407879052,3.368188062796217],[101.45328407879052,3.3685806544970767],[101.45276587039994,3.3685806544970767],[101.45276587039994,3.368188062796217],[101.45328407879052,3.368188062796217]],[[101.44758378649436,3.3685806544970767],[101.44758378649436,3.368188062796217],[101.44810199488491,3.368188062796217],[101.44810199488491,3.3685806544970767],[101.44758378649436,3.3685806544970767]],[[101.45483870396221,3.367402879856764],[101.45483870396221,3.367795471249452],[101.45432049557165,3.367795471249452],[101.45432049557165,3.367402879856764],[101.45483870396221,3.367402879856764]],[[101.45483870396221,3.366617697533543],[101.45535691235276,3.366617697533543],[101.45483870396221,3.365832515826411],[101.45639332913389,3.3650473347352206],[101.45639332913389,3.3646547444205583],[101.45587512074331,3.3646547444205583],[101.45587512074331,3.3638695642530108],[101.45639332913389,3.3638695642530108],[101.45639332913389,3.3642621542598277],[101.45691153752445,3.3642621542598277],[101.45691153752445,3.3654399252038316],[101.45587512074331,3.365832515826411],[101.45587512074331,3.3670102886181335],[101.45535691235276,3.3670102886181335],[101.45535691235276,3.367402879856764],[101.45483870396221,3.367402879856764],[101.45483870396221,3.366617697533543]],[[101.45742974591502,3.3654399252038316],[101.45742974591502,3.365832515826411],[101.45691153752445,3.365832515826411],[101.45691153752445,3.3654399252038316],[101.45742974591502,3.3654399252038316]],[[101.45794795430555,3.365832515826411],[101.45794795430555,3.3662251066029754],[101.45846616269613,3.3662251066029754],[101.45898437108669,3.3670102886181335],[101.45794795430555,3.3670102886181335],[101.45794795430555,3.366617697533543],[101.45742974591502,3.366617697533543],[101.45742974591502,3.365832515826411],[101.45794795430555,3.365832515826411]],[[101.45950257947726,3.3670102886181335],[101.45950257947726,3.367402879856764],[101.45898437108669,3.367402879856764],[101.45898437108669,3.3670102886181335],[101.45950257947726,3.3670102886181335]],[[101.45691153752445,3.367402879856764],[101.45691153752445,3.367795471249452],[101.45639332913389,3.367795471249452],[101.45639332913389,3.367402879856764],[101.45691153752445,3.367402879856764]],[[101.45691153752445,3.3670102886181335],[101.45742974591502,3.3670102886181335],[101.45742974591502,3.367402879856764],[101.45691153752445,3.367402879856764],[101.45691153752445,3.3670102886181335]],[[101.44913841166604,3.3662251066029754],[101.44913841166604,3.366617697533543],[101.44862020327547,3.366617697533543],[101.44862020327547,3.367402879856764],[101.44810199488491,3.367402879856764],[101.44810199488491,3.3662251066029754],[101.44913841166604,3.3662251066029754]],[[101.44654736971323,3.3670102886181335],[101.44654736971323,3.366617697533543],[101.4470655781038,3.366617697533543],[101.4470655781038,3.3670102886181335],[101.44654736971323,3.3670102886181335]],[[101.45380228718108,3.366617697533543],[101.45380228718108,3.3670102886181335],[101.45276587039994,3.3670102886181335],[101.45276587039994,3.366617697533543],[101.45380228718108,3.366617697533543]],[[101.45380228718108,3.3662251066029754],[101.45432049557165,3.3662251066029754],[101.45432049557165,3.366617697533543],[101.45380228718108,3.366617697533543],[101.45380228718108,3.3662251066029754]],[[101.45172945361884,3.3654399252038316],[101.45224766200941,3.3654399252038316],[101.45224766200941,3.365832515826411],[101.45172945361884,3.365832515826411],[101.45172945361884,3.3654399252038316]],[[101.45121124522828,3.3654399252038316],[101.45172945361884,3.3630843847010428],[101.45276587039994,3.3630843847010428],[101.45380228718108,3.3642621542598277],[101.45328407879052,3.3642621542598277],[101.45328407879052,3.3650473347352206],[101.45224766200941,3.3646547444205583],[101.45224766200941,3.3650473347352206],[101.45121124522828,3.3654399252038316]],[[101.45276587039994,3.362691795155856],[101.45328407879052,3.362691795155856],[101.45328407879052,3.3630843847010428],[101.45276587039994,3.3630843847010428],[101.45276587039994,3.362691795155856]],[[101.4496566200566,3.3646547444205583],[101.4496566200566,3.3654399252038316],[101.44913841166604,3.3654399252038316],[101.44862020327547,3.3646547444205583],[101.44913841166604,3.3646547444205583],[101.44913841166604,3.3642621542598277],[101.45017482844715,3.3642621542598277],[101.45017482844715,3.3646547444205583],[101.4496566200566,3.3646547444205583]],[[101.44913841166604,3.362691795155856],[101.44913841166604,3.3630843847010428],[101.44862020327547,3.3630843847010428],[101.44862020327547,3.362691795155856],[101.44913841166604,3.362691795155856]],[[101.44913841166604,3.3622992057645096],[101.4496566200566,3.3622992057645096],[101.4496566200566,3.362691795155856],[101.44913841166604,3.362691795155856],[101.44913841166604,3.3622992057645096]],[[101.45172945361884,3.3622992057645096],[101.45172945361884,3.361906616526986],[101.45224766200941,3.361906616526986],[101.45224766200941,3.3622992057645096],[101.45172945361884,3.3622992057645096]]],[[[101.45172945361884,3.3780029015931534],[101.45172945361884,3.378395497152265],[101.45224766200941,3.378395497152265],[101.45276587039994,3.3776103061885894],[101.45172945361884,3.377217710938556],[101.45172945361884,3.3776103061885894],[101.45121124522828,3.3776103061885894],[101.45121124522828,3.3780029015931534],[101.45172945361884,3.3780029015931534]]],[[[101.45224766200941,3.378395497152265],[101.45276587039994,3.3791806887342024],[101.45380228718108,3.3787880928659417],[101.45328407879052,3.3780029015931534],[101.45224766200941,3.378395497152265]]],[[[101.44654736971323,3.3787880928659417],[101.4470655781038,3.3795732847570648],[101.44810199488491,3.3791806887342024],[101.44758378649436,3.378395497152265],[101.44654736971323,3.3787880928659417]]],[[[101.45742974591502,3.3787880928659417],[101.45691153752445,3.3787880928659417],[101.45691153752445,3.3791806887342024],[101.45794795430555,3.3795732847570648],[101.45846616269613,3.3787880928659417],[101.45794795430555,3.3787880928659417],[101.45794795430555,3.378395497152265],[101.45742974591502,3.378395497152265],[101.45742974591502,3.3787880928659417]]],[[[101.46209362143006,3.3791806887342024],[101.4615754130395,3.3791806887342024],[101.4615754130395,3.3795732847570648],[101.4626118298206,3.379965880934548],[101.46313003821116,3.3791806887342024],[101.4626118298206,3.3791806887342024],[101.4626118298206,3.3787880928659417],[101.46209362143006,3.3787880928659417],[101.46209362143006,3.3791806887342024]]],[[[101.46105720464892,3.3795732847570648],[101.46053899625836,3.3795732847570648],[101.46053899625836,3.3791806887342024],[101.45950257947726,3.3791806887342024],[101.45950257947726,3.3795732847570648],[101.45794795430555,3.380358477266669],[101.45794795430555,3.381143670394898],[101.45846616269613,3.381143670394898],[101.45846616269613,3.381536267191043],[101.45950257947726,3.381536267191043],[101.45950257947726,3.381143670394898],[101.46105720464892,3.380358477266669],[101.46105720464892,3.3795732847570648]]],[[[101.45846616269613,3.3834992534927903],[101.45898437108669,3.384284449096972],[101.46002078786782,3.383891851217472],[101.45950257947726,3.383106655922911],[101.45846616269613,3.3834992534927903]]],[[[101.47142137246014,3.3842864322818613],[101.47090316406958,3.384284449096972],[101.47090316406958,3.3846312616252097],[101.47142137246014,3.3842864322818613]]],[[[101.44499274454157,3.3780029015931534],[101.4455109529321,3.377217710938556],[101.44447453615099,3.3768251158430336],[101.44411128659522,3.377217710938556],[101.44447453615099,3.3776103061885894],[101.44411513872087,3.3780029015931534],[101.44412487210288,3.379965880934548],[101.44447453615099,3.379965880934548],[101.44415991227808,3.3870326385899485],[101.44447453615099,3.3874252377086593],[101.4455109529321,3.3870326385899485],[101.4455109529321,3.385854842163534],[101.44499274454157,3.385854842163534],[101.4455109529321,3.385069645320505],[101.44499274454157,3.385069645320505],[101.44499274454157,3.384677047131311],[101.4455109529321,3.384677047131311],[101.4455109529321,3.383891851217472],[101.44602916132267,3.383891851217472],[101.44602916132267,3.382321461247483],[101.44810199488491,3.381928864141898],[101.44810199488491,3.382714058507814],[101.4470655781038,3.382714058507814],[101.4470655781038,3.383106655922911],[101.44654736971323,3.383106655922911],[101.44654736971323,3.383891851217472],[101.44758378649436,3.384284449096972],[101.44758378649436,3.385462243664574],[101.44810199488491,3.385462243664574],[101.44810199488491,3.385854842163534],[101.4496566200566,3.385854842163534],[101.4496566200566,3.3866400396262026],[101.45017482844715,3.3866400396262026],[101.45017482844715,3.3870326385899485],[101.4506930368377,3.3870326385899485],[101.4506930368377,3.3866400396262026],[101.45172945361884,3.3866400396262026],[101.45172945361884,3.387817836982351],[101.45328407879052,3.3886030359947563],[101.45328407879052,3.389388235627311],[101.45172945361884,3.390173435880158],[101.45172945361884,3.3913512374227976],[101.4506930368377,3.390958636753445],[101.4506930368377,3.3913512374227976],[101.4496566200566,3.391743838247315],[101.4496566200566,3.3925290403619135],[101.44913841166604,3.3925290403619135],[101.44862020327547,3.391743838247315],[101.44758378649436,3.3921364392270137],[101.44758378649436,3.392921641652031],[101.44810199488491,3.392921641652031],[101.44758378649436,3.393706844697994],[101.44913841166604,3.3944920483650485],[101.44913841166604,3.3940994464538754],[101.45017482844715,3.3940994464538754],[101.45017482844715,3.393706844697994],[101.45121124522828,3.3933142430973855],[101.45121124522828,3.3925290403619135],[101.45224766200941,3.3925290403619135],[101.45224766200941,3.3921364392270137],[101.45328407879052,3.3921364392270137],[101.45328407879052,3.391743838247315],[101.45380228718108,3.391743838247315],[101.45380228718108,3.3921364392270137],[101.45432049557165,3.3921364392270137],[101.45432049557165,3.391743838247315],[101.45535691235276,3.3921364392270137],[101.45639332913389,3.390958636753445],[101.45794795430555,3.390958636753445],[101.45794795430555,3.390566036239238],[101.45846616269613,3.390566036239238],[101.45794795430555,3.3886030359947563],[101.45898437108669,3.3886030359947563],[101.45898437108669,3.388210436411044],[101.45950257947726,3.388210436411044],[101.45950257947726,3.3870326385899485],[101.45898437108669,3.3870326385899485],[101.45950257947726,3.386247440817405],[101.45898437108669,3.386247440817405],[101.45898437108669,3.385854842163534],[101.45794795430555,3.386247440817405],[101.45794795430555,3.384677047131311],[101.45742974591502,3.384677047131311],[101.45794795430555,3.383891851217472],[101.45742974591502,3.383891851217472],[101.45742974591502,3.3834992534927903],[101.45639332913389,3.383891851217472],[101.45639332913389,3.3834992534927903],[101.45535691235276,3.383106655922911],[101.45535691235276,3.382321461247483],[101.45587512074331,3.382321461247483],[101.45587512074331,3.382714058507814],[101.45639332913389,3.382714058507814],[101.45639332913389,3.382321461247483],[101.45691153752445,3.382321461247483],[101.45691153752445,3.382714058507814],[101.45794795430555,3.382321461247483],[101.45742974591502,3.381536267191043],[101.45639332913389,3.381928864141898],[101.45639332913389,3.381143670394898],[101.45691153752445,3.381143670394898],[101.45691153752445,3.380751073753446],[101.45639332913389,3.380751073753446],[101.45639332913389,3.3795732847570648],[101.45691153752445,3.3795732847570648],[101.45639332913389,3.3787880928659417],[101.45587512074331,3.3787880928659417],[101.45587512074331,3.3791806887342024],[101.45535691235276,3.3791806887342024],[101.45535691235276,3.3787880928659417],[101.45483870396221,3.3787880928659417],[101.45483870396221,3.3791806887342024],[101.45380228718108,3.3787880928659417],[101.45380228718108,3.3791806887342024],[101.45224766200941,3.379965880934548],[101.45224766200941,3.380751073753446],[101.4506930368377,3.380751073753446],[101.4506930368377,3.380358477266669],[101.45017482844715,3.380358477266669],[101.45017482844715,3.379965880934548],[101.4506930368377,3.379965880934548],[101.45017482844715,3.3791806887342024],[101.4496566200566,3.3791806887342024],[101.4496566200566,3.3795732847570648],[101.44913841166604,3.3795732847570648],[101.44913841166604,3.3791806887342024],[101.44810199488491,3.3791806887342024],[101.44758378649436,3.379965880934548],[101.44810199488491,3.379965880934548],[101.44862020327547,3.380751073753446],[101.44810199488491,3.380751073753446],[101.44810199488491,3.381143670394898],[101.4470655781038,3.381143670394898],[101.4470655781038,3.380751073753446],[101.44602916132267,3.380751073753446],[101.44602916132267,3.380358477266669],[101.44654736971323,3.380358477266669],[101.44654736971323,3.3791806887342024],[101.44602916132267,3.3791806887342024],[101.44602916132267,3.378395497152265],[101.44499274454157,3.3780029015931534]],[[101.45483870396221,3.382321461247483],[101.45432049557165,3.381536267191043],[101.45535691235276,3.381536267191043],[101.45535691235276,3.381143670394898],[101.45587512074331,3.381143670394898],[101.45587512074331,3.381928864141898],[101.45483870396221,3.382321461247483]],[[101.45432049557165,3.382321461247483],[101.45380228718108,3.382321461247483],[101.45328407879052,3.383106655922911],[101.45172945361884,3.383106655922911],[101.45172945361884,3.382321461247483],[101.45224766200941,3.382321461247483],[101.45224766200941,3.381928864141898],[101.45328407879052,3.381928864141898],[101.45328407879052,3.381536267191043],[101.45380228718108,3.381536267191043],[101.45432049557165,3.382321461247483]],[[101.45432049557165,3.382714058507814],[101.45432049557165,3.383106655922911],[101.45380228718108,3.383106655922911],[101.45380228718108,3.382714058507814],[101.45432049557165,3.382714058507814]],[[101.44602916132267,3.381143670394898],[101.4455109529321,3.381143670394898],[101.4455109529321,3.380751073753446],[101.44602916132267,3.380751073753446],[101.44602916132267,3.381143670394898]],[[101.45328407879052,3.390958636753445],[101.45328407879052,3.3913512374227976],[101.45276587039994,3.3913512374227976],[101.45276587039994,3.390173435880158],[101.45380228718108,3.390173435880158],[101.45380228718108,3.390566036239238],[101.45432049557165,3.390566036239238],[101.45432049557165,3.3913512374227976],[101.45328407879052,3.390958636753445]],[[101.45535691235276,3.390566036239238],[101.45535691235276,3.390173435880158],[101.45587512074331,3.390173435880158],[101.45587512074331,3.390566036239238],[101.45535691235276,3.390566036239238]],[[101.45691153752445,3.390173435880158],[101.45691153752445,3.3897808356761896],[101.45742974591502,3.3897808356761896],[101.45742974591502,3.390173435880158],[101.45691153752445,3.390173435880158]],[[101.45483870396221,3.388995635733506],[101.45483870396221,3.3886030359947563],[101.45535691235276,3.3886030359947563],[101.45535691235276,3.388995635733506],[101.45483870396221,3.388995635733506]],[[101.45691153752445,3.388210436411044],[101.45691153752445,3.387817836982351],[101.45742974591502,3.387817836982351],[101.45742974591502,3.388210436411044],[101.45691153752445,3.388210436411044]],[[101.45639332913389,3.385069645320505],[101.45742974591502,3.3866400396262026],[101.45639332913389,3.3866400396262026],[101.45639332913389,3.3870326385899485],[101.45535691235276,3.3870326385899485],[101.45535691235276,3.3874252377086593],[101.45483870396221,3.3874252377086593],[101.45432049557165,3.385854842163534],[101.45639332913389,3.385069645320505]],[[101.45328407879052,3.386247440817405],[101.45328407879052,3.3866400396262026],[101.45380228718108,3.3866400396262026],[101.45380228718108,3.3870326385899485],[101.45276587039994,3.3870326385899485],[101.45276587039994,3.386247440817405],[101.45328407879052,3.386247440817405]],[[101.45172945361884,3.385462243664574],[101.45172945361884,3.384677047131311],[101.45224766200941,3.384677047131311],[101.45224766200941,3.384284449096972],[101.45328407879052,3.384284449096972],[101.45328407879052,3.385069645320505],[101.45224766200941,3.385069645320505],[101.45224766200941,3.385462243664574],[101.45172945361884,3.385462243664574]],[[101.44862020327547,3.385069645320505],[101.44862020327547,3.384284449096972],[101.44913841166604,3.384284449096972],[101.44913841166604,3.385069645320505],[101.44862020327547,3.385069645320505]],[[101.45483870396221,3.384284449096972],[101.45483870396221,3.384677047131311],[101.45380228718108,3.385069645320505],[101.45380228718108,3.384284449096972],[101.45483870396221,3.384284449096972]],[[101.45587512074331,3.384677047131311],[101.45587512074331,3.384284449096972],[101.45639332913389,3.384284449096972],[101.45639332913389,3.384677047131311],[101.45587512074331,3.384677047131311]],[[101.44913841166604,3.381536267191043],[101.44913841166604,3.381928864141898],[101.44862020327547,3.381928864141898],[101.44862020327547,3.381536267191043],[101.44913841166604,3.381536267191043]],[[101.44913841166604,3.381143670394898],[101.4496566200566,3.381143670394898],[101.4496566200566,3.380751073753446],[101.45017482844715,3.380751073753446],[101.45017482844715,3.381536267191043],[101.44913841166604,3.381536267191043],[101.44913841166604,3.381143670394898]],[[101.44499274454157,3.3795732847570648],[101.44499274454157,3.3791806887342024],[101.4455109529321,3.3791806887342024],[101.4455109529321,3.3795732847570648],[101.44499274454157,3.3795732847570648]]],[[[101.4470655781038,3.3866400396262026],[101.44654736971323,3.3866400396262026],[101.44654736971323,3.3870326385899485],[101.44758378649436,3.3874252377086593],[101.44810199488491,3.3866400396262026],[101.44758378649436,3.3866400396262026],[101.44758378649436,3.386247440817405],[101.4470655781038,3.386247440817405],[101.4470655781038,3.3866400396262026]]],[[[101.44499274454157,3.3886030359947563],[101.44447453615099,3.3886030359947563],[101.44447453615099,3.388995635733506],[101.4455109529321,3.389388235627311],[101.44602916132267,3.3886030359947563],[101.4455109529321,3.3886030359947563],[101.4455109529321,3.388210436411044],[101.44499274454157,3.388210436411044],[101.44499274454157,3.3886030359947563]]],[[[101.44654736971323,3.389388235627311],[101.44602916132267,3.389388235627311],[101.44602916132267,3.3897808356761896],[101.4455109529321,3.3897808356761896],[101.4455109529321,3.390566036239238],[101.44499274454157,3.390566036239238],[101.4455109529321,3.3913512374227976],[101.44447453615099,3.3913512374227976],[101.44418327239488,3.391743838247315],[101.44447453615099,3.3925290403619135],[101.4455109529321,3.3925290403619135],[101.4455109529321,3.3921364392270137],[101.44654736971323,3.3925290403619135],[101.44758378649436,3.3913512374227976],[101.44862020327547,3.3913512374227976],[101.44862020327547,3.391743838247315],[101.4496566200566,3.3913512374227976],[101.44913841166604,3.390566036239238],[101.45017482844715,3.390173435880158],[101.45017482844715,3.388210436411044],[101.4506930368377,3.388210436411044],[101.4506930368377,3.3874252377086593],[101.45017482844715,3.3874252377086593],[101.45017482844715,3.3870326385899485],[101.4496566200566,3.3870326385899485],[101.44913841166604,3.387817836982351],[101.44810199488491,3.3874252377086593],[101.44758378649436,3.388210436411044],[101.44862020327547,3.3886030359947563],[101.44862020327547,3.389388235627311],[101.44810199488491,3.389388235627311],[101.44810199488491,3.388995635733506],[101.44758378649436,3.388995635733506],[101.4470655781038,3.3897808356761896],[101.44654736971323,3.3897808356761896],[101.44654736971323,3.389388235627311]],[[101.4470655781038,3.3913512374227976],[101.4470655781038,3.390958636753445],[101.44758378649436,3.390958636753445],[101.44758378649436,3.3913512374227976],[101.4470655781038,3.3913512374227976]],[[101.44862020327547,3.390566036239238],[101.44862020327547,3.390173435880158],[101.44913841166604,3.390173435880158],[101.44913841166604,3.390566036239238],[101.44862020327547,3.390566036239238]],[[101.44862020327547,3.388210436411044],[101.44913841166604,3.388210436411044],[101.44913841166604,3.3886030359947563],[101.44862020327547,3.3886030359947563],[101.44862020327547,3.388210436411044]]],[[[101.46105720464892,3.3897808356761896],[101.4615754130395,3.388210436411044],[101.46053899625836,3.387817836982351],[101.46053899625836,3.388210436411044],[101.45950257947726,3.388210436411044],[101.45950257947726,3.3886030359947563],[101.45898437108669,3.3886030359947563],[101.45950257947726,3.390566036239238],[101.46002078786782,3.390566036239238],[101.46002078786782,3.3913512374227976],[101.46053899625836,3.3913512374227976],[101.46053899625836,3.391743838247315],[101.4615754130395,3.3913512374227976],[101.4615754130395,3.390566036239238],[101.46105720464892,3.390566036239238],[101.4615754130395,3.3897808356761896],[101.46105720464892,3.3897808356761896]]],[[[101.46364824660174,3.3897808356761896],[101.46313003821116,3.3897808356761896],[101.46313003821116,3.390173435880158],[101.4641664549923,3.390566036239238],[101.46468466338287,3.3897808356761896],[101.4641664549923,3.3897808356761896],[101.4641664549923,3.389388235627311],[101.46364824660174,3.389388235627311],[101.46364824660174,3.3897808356761896]]],[[[101.46623928855453,3.3913637841858555],[101.46625070213456,3.3913512374227976],[101.46623928855453,3.3913512374227976],[101.46623928855453,3.3913637841858555]]],[[[101.46364824660174,3.3925290403619135],[101.46313003821116,3.3933142430973855],[101.46389660212262,3.393706844697994],[101.46468466338287,3.392921641652031],[101.4652028717734,3.392921641652031],[101.4652028717734,3.3925290403619135],[101.46572108016397,3.3925290403619135],[101.46572108016397,3.3921364392270137],[101.46468466338287,3.391743838247315],[101.46468466338287,3.3921364392270137],[101.46364824660174,3.3925290403619135]]],[[[101.46572108016397,3.3925290403619135],[101.46572108016397,3.3928010197649616],[101.46592429999998,3.3925485962554216],[101.46572108016397,3.3925290403619135]]],[[[101.45742974591502,3.3951825620470046],[101.45754809999998,3.395074496252696],[101.45742974591502,3.394916449753607],[101.45742974591502,3.3951825620470046]]],[[[101.45691153752445,3.395655723727534],[101.45732604039935,3.3952772526533392],[101.45691153752445,3.3952772526533392],[101.45691153752445,3.395655723727534]]],[[[101.45224766200941,3.393706844697994],[101.45017482844715,3.39488465043153],[101.45017482844715,3.3952772526533392],[101.45121124522828,3.395669855030494],[101.45121124522828,3.396062457563011],[101.4496566200566,3.3968476630942086],[101.45017482844715,3.397632869247079],[101.45121124522828,3.397632869247079],[101.45121124522828,3.3972402660929264],[101.45224766200941,3.3972402660929264],[101.45224766200941,3.3968476630942086],[101.45276587039994,3.3968476630942086],[101.45224766200941,3.396062457563011],[101.45276587039994,3.396062457563011],[101.45328407879052,3.3952772526533392],[101.45276587039994,3.3952772526533392],[101.45276587039994,3.3940994464538754],[101.45224766200941,3.3940994464538754],[101.45224766200941,3.393706844697994]],[[101.45172945361884,3.396062457563011],[101.45172945361884,3.395669855030494],[101.45224766200941,3.395669855030494],[101.45224766200941,3.396062457563011],[101.45172945361884,3.396062457563011]]],[[[101.44499274454157,3.3964550602509105],[101.4467745,3.396869396250756],[101.44723141566061,3.3964550602509105],[101.44654736971323,3.395669855030494],[101.44602916132267,3.395669855030494],[101.44602916132267,3.3952772526533392],[101.44499274454157,3.395669855030494],[101.44499274454157,3.3964550602509105]]],[[[101.44862020327547,3.398025472556686],[101.44810199488491,3.3987119079132024],[101.44913841166604,3.399203283418413],[101.44913841166604,3.3988106796423363],[101.4496566200566,3.3988106796423363],[101.4496566200566,3.398418076021766],[101.44913841166604,3.398418076021766],[101.44913841166604,3.397632869247079],[101.4496566200566,3.397632869247079],[101.4496566200566,3.3972402660929264],[101.44913841166604,3.3972402660929264],[101.44913841166604,3.3968476630942086],[101.44810199488491,3.3968476630942086],[101.44810199488491,3.396062457563011],[101.44862020327547,3.396062457563011],[101.44862020327547,3.3952772526533392],[101.44810199488491,3.3952772526533392],[101.44810199488491,3.39488465043153],[101.44862020327547,3.39488465043153],[101.44862020327547,3.3944920483650485],[101.44758378649436,3.3940994464538754],[101.44758378649436,3.3944920483650485],[101.4470655781038,3.3944920483650485],[101.4470655781038,3.39488465043153],[101.44758378649436,3.39488465043153],[101.44758378649436,3.3952772526533392],[101.4470655781038,3.3952772526533392],[101.4470655781038,3.396062457563011],[101.44758378649436,3.396062457563011],[101.44787426190838,3.398025472556686],[101.44862020327547,3.398025472556686]]],[[[101.45639332913389,3.395669855030494],[101.45639332913389,3.396062457563011],[101.45483870396221,3.3968476630942086],[101.45483870396221,3.397632869247079],[101.45432049557165,3.397632869247079],[101.45432049557165,3.398418076021766],[101.45483870396221,3.398418076021766],[101.45483870396221,3.3988106796423363],[101.4556143,3.3968401962507757],[101.45689606087393,3.395669855030494],[101.45639332913389,3.395669855030494]]],[[[101.4506930368377,3.398025472556686],[101.4506930368377,3.398418076021766],[101.4496566200566,3.3988106796423363],[101.45017482844715,3.3995958873500185],[101.45172945361884,3.3988106796423363],[101.45172945361884,3.398418076021766],[101.4506930368377,3.398025472556686]]],[[[101.45432049557165,3.3995958873500185],[101.45380228718108,3.3995958873500185],[101.45380228718108,3.399203283418413],[101.45276587039994,3.399203283418413],[101.45276587039994,3.3995958873500185],[101.45172945361884,3.399203283418413],[101.45172945361884,3.3995958873500185],[101.4506930368377,3.400133239943073],[101.45148419999998,3.4007311962465874],[101.45380228718108,3.4003074244913583],[101.45380228718108,3.3999884914371687],[101.4545152,3.4001770962472007],[101.454792512769,3.399203283418413],[101.45432049557165,3.399203283418413],[101.45432049557165,3.3995958873500185]]],[[[101.48023091509967,3.328537091637719],[101.48023091509967,3.3281445155611307],[101.48074912349023,3.3281445155611307],[101.4812673318808,3.3273593638646743],[101.47988799999999,3.3282836963245814],[101.48023091509967,3.328537091637719]]],[[[101.47504883119406,3.332070283181063],[101.47504883119406,3.3320173153692507],[101.47498034970401,3.332070283181063],[101.47504883119406,3.332070283181063]]],[[[101.47919449831856,3.332070283181063],[101.47971270670911,3.3328554385335942],[101.48074912349023,3.3324628607811064],[101.48023091509967,3.3316777057334472],[101.47919449831856,3.332070283181063]]],[[[101.47453062280351,3.3324628607811064],[101.47453062280351,3.332418129796713],[101.47447279063795,3.3324628607811064],[101.47453062280351,3.3324628607811064]]],[[[101.47349420602238,3.333248016438546],[101.47349420602238,3.33321975912838],[101.47345767250587,3.333248016438546],[101.47349420602238,3.333248016438546]]],[[[101.47297599763182,3.3336205740326217],[101.47295011343984,3.3336405944959786],[101.47297599763182,3.3336405944959786],[101.47297599763182,3.3336205740326217]]],[[[101.47245778924126,3.3340331727059103],[101.47245778924126,3.334021389095828],[101.47244255437381,3.3340331727059103],[101.47245778924126,3.3340331727059103]]],[[[101.48178554027136,3.3513067651925343],[101.4812673318808,3.3505215954701293],[101.48023091509967,3.3509141802546836],[101.48023091509967,3.351699350283701],[101.47971270670911,3.351699350283701],[101.47971270670911,3.352484520926053],[101.47919449831856,3.352484520926053],[101.47919449831856,3.3528771064772735],[101.47971270670911,3.3528771064772735],[101.47971270670911,3.3532696921818816],[101.47919449831856,3.3532696921818816],[101.47919449831856,3.3540548640513324],[101.47971270670911,3.3540548640513324],[101.47971270670911,3.3544474502162127],[101.48074912349023,3.3544474502162127],[101.48074912349023,3.3540548640513324],[101.48178554027136,3.353662278039895],[101.48178554027136,3.3528771064772735],[101.48230374866192,3.3528771064772735],[101.48230374866192,3.3513067651925343],[101.48178554027136,3.3513067651925343]],[[101.48023091509967,3.352484520926053],[101.48074912349023,3.352484520926053],[101.48074912349023,3.3528771064772735],[101.48023091509967,3.3528771064772735],[101.48023091509967,3.352484520926053]]],[[[101.47919449831856,3.357980732608002],[101.47919449831856,3.3583733203082975],[101.47815808153743,3.358765908162234],[101.47867628992799,3.3595510843311027],[101.48023091509967,3.358765908162234],[101.48023091509967,3.3583733203082975],[101.47919449831856,3.357980732608002]]],[[[101.47815808153743,3.3599436726460716],[101.47763987314687,3.3599436726460716],[101.47763987314687,3.3603362611147554],[101.47867628992799,3.360728849737169],[101.47919449831856,3.3599436726460716],[101.47867628992799,3.3599436726460716],[101.47867628992799,3.3595510843311027],[101.47815808153743,3.3595510843311027],[101.47815808153743,3.3599436726460716]]],[[[101.47712166475631,3.361906616526986],[101.47660345636575,3.361906616526986],[101.47660345636575,3.3622992057645096],[101.47763987314687,3.362691795155856],[101.47815808153743,3.361906616526986],[101.47763987314687,3.361906616526986],[101.47763987314687,3.361514027443267],[101.47712166475631,3.361514027443267],[101.47712166475631,3.361906616526986]]],[[[101.48023091509967,3.3634769744000876],[101.48032139999998,3.363747796286401],[101.48065697454253,3.3634769744000876],[101.48023091509967,3.3634769744000876]]],[[[101.47712166475631,3.3630843847010428],[101.47712166475631,3.362691795155856],[101.47608524797519,3.3630843847010428],[101.47608524797519,3.3638695642530108],[101.47660345636575,3.3638695642530108],[101.47608524797519,3.3646547444205583],[101.47660345636575,3.3646547444205583],[101.47660345636575,3.3650473347352206],[101.47763987314687,3.3646547444205583],[101.47763987314687,3.3642621542598277],[101.47712166475631,3.3642621542598277],[101.47712166475631,3.3638695642530108],[101.47763987314687,3.3638695642530108],[101.47763987314687,3.3630843847010428],[101.47712166475631,3.3630843847010428]]],[[[101.47245778924126,3.365832515826411],[101.47297599763182,3.366617697533543],[101.47401241441295,3.3662251066029754],[101.47349420602238,3.3654399252038316],[101.47245778924126,3.365832515826411]]],[[[101.47608524797519,3.3654399252038316],[101.47556703958462,3.3654399252038316],[101.47556703958462,3.366617697533543],[101.47660345636575,3.3670102886181335],[101.47660345636575,3.366617697533543],[101.47712166475631,3.366617697533543],[101.47712166475631,3.3654399252038316],[101.47660345636575,3.3654399252038316],[101.47660345636575,3.3650473347352206],[101.47608524797519,3.3650473347352206],[101.47608524797519,3.3654399252038316]]],[[[101.47193958085072,3.366617697533543],[101.47142137246014,3.366617697533543],[101.47142137246014,3.3670102886181335],[101.47245778924126,3.367402879856764],[101.47297599763182,3.366617697533543],[101.47245778924126,3.366617697533543],[101.47245778924126,3.3662251066029754],[101.47193958085072,3.3662251066029754],[101.47193958085072,3.366617697533543]]],[[[101.47297599763182,3.367402879856764],[101.47245778924126,3.367402879856764],[101.47245778924126,3.367795471249452],[101.47349420602238,3.368188062796217],[101.47401241441295,3.367402879856764],[101.47349420602238,3.367402879856764],[101.47349420602238,3.3670102886181335],[101.47297599763182,3.3670102886181335],[101.47297599763182,3.367402879856764]]],[[[101.47556703958462,3.369758430524402],[101.47660345636575,3.3693658383611504],[101.47660345636575,3.368188062796217],[101.47608524797519,3.368188062796217],[101.47608524797519,3.367795471249452],[101.47504883119406,3.368188062796217],[101.47504883119406,3.3693658383611504],[101.47556703958462,3.3693658383611504],[101.47556703958462,3.369758430524402]]],[[[101.47660345636575,3.369598922914192],[101.4767822619304,3.3693658383611504],[101.47660345636575,3.3693658383611504],[101.47660345636575,3.369598922914192]]],[[[101.47922529999998,3.3794573962695034],[101.47919449831856,3.379965880934548],[101.47952195290107,3.379965880934548],[101.47922529999998,3.3794573962695034]]],[[[101.47401241441295,3.380751073753446],[101.47401241441295,3.381536267191043],[101.47491173995243,3.381928864141898],[101.47452597492145,3.380751073753446],[101.47401241441295,3.380751073753446]]],[[[101.48178554027136,3.383891851217472],[101.47971270670911,3.385069645320505],[101.48023091509967,3.385854842163534],[101.4812673318808,3.385854842163534],[101.4812673318808,3.385462243664574],[101.48230374866192,3.385069645320505],[101.48230374866192,3.384284449096972],[101.48178554027136,3.384284449096972],[101.48178554027136,3.383891851217472]]],[[[101.47815808153743,3.384677047131311],[101.47763987314687,3.385462243664574],[101.47867628992799,3.385854842163534],[101.47919449831856,3.385069645320505],[101.47815808153743,3.384677047131311]]],[[[101.47815808153743,3.386247440817405],[101.47815808153743,3.385854842163534],[101.47735381769226,3.385462243664574],[101.4769776,3.386753496261638],[101.47733256998173,3.3874252377086593],[101.47763987314687,3.386247440817405],[101.47815808153743,3.386247440817405]]],[[[101.47919449831856,3.388995635733506],[101.47795495624233,3.3886030359947563],[101.47940719085038,3.3913512374227976],[101.47971270670911,3.3913512374227976],[101.47971270670911,3.390173435880158],[101.47867628992799,3.3897808356761896],[101.47919449831856,3.388995635733506]]],[[[101.47919449831856,3.3915371542300865],[101.4787750335587,3.391743838247315],[101.47919449831856,3.391743838247315],[101.47919449831856,3.3915371542300865]]],[[[101.47867628992799,3.3921364392270137],[101.47867628992799,3.3917924924725242],[101.47797825097147,3.3921364392270137],[101.47867628992799,3.3921364392270137]]],[[[101.47608524797519,3.3933142430973855],[101.47608524797519,3.393069184669433],[101.47558790320977,3.3933142430973855],[101.47608524797519,3.3933142430973855]]],[[[101.47556703958462,3.393706844697994],[101.47556703958462,3.393324523305794],[101.47517643261936,3.393706844697994],[101.47556703958462,3.393706844697994]]],[[[101.47504883119406,3.395014155910692],[101.47504789999999,3.3950236962527485],[101.47504883119406,3.3950245426746806],[101.47504883119406,3.395014155910692]]],[[[101.47532685092857,3.3952772526533392],[101.47556703958462,3.395495575588823],[101.47556703958462,3.3952772526533392],[101.47532685092857,3.3952772526533392]]],[[[101.47608524797519,3.395669855030494],[101.47575877361614,3.395669855030494],[101.47608524797519,3.3959666087265936],[101.47608524797519,3.395669855030494]]],[[[101.47660345636575,3.396062457563011],[101.47619069630373,3.396062457563011],[101.47660345636575,3.3964376420880207],[101.47660345636575,3.396062457563011]]],[[[101.47712166475631,3.3964550602509105],[101.47662261899133,3.3964550602509105],[101.47712166475631,3.396908675673135],[101.47712166475631,3.3964550602509105]]],[[[101.47763987314687,3.3972402660929264],[101.47748646436649,3.3972402660929264],[101.47763987314687,3.3973797094819718],[101.47763987314687,3.3972402660929264]]],[[[101.47791838705409,3.397632869247079],[101.47815808153743,3.397850743514561],[101.47815808153743,3.397632869247079],[101.47791838705409,3.397632869247079]]],[[[101.47867628992799,3.398025472556686],[101.47835030974166,3.398025472556686],[101.47867628992799,3.398321777770932],[101.47867628992799,3.398025472556686]]],[[[101.48023091509967,3.397632869247079],[101.47971270670911,3.398418076021766],[101.4812673318808,3.399203283418413],[101.48178554027136,3.398418076021766],[101.48023091509967,3.397632869247079]]],[[[101.47919449831856,3.398418076021766],[101.47878223242924,3.398418076021766],[101.47919449831856,3.3987928122511173],[101.47919449831856,3.398418076021766]]],[[[101.48074912349023,3.3995958873500185],[101.48023091509967,3.3995958873500185],[101.48023091509967,3.399203283418413],[101.47921415511684,3.3988106796423363],[101.48074912349023,3.400205917034873],[101.48074912349023,3.3995958873500185]]],[[[101.48541299900528,3.3238261887629004],[101.48541299900528,3.32339260513389],[101.48492321987518,3.3238261887629004],[101.48541299900528,3.3238261887629004]]],[[[101.48334016544304,3.325227610474883],[101.48489479061472,3.324611337720726],[101.48489479061472,3.3238513561576637],[101.48334016544304,3.325227610474883]]],[[[101.48178554027136,3.32775193963679],[101.48178554027136,3.328537091637719],[101.48282195705248,3.3289296678665714],[101.48282195705248,3.328537091637719],[101.48334016544304,3.328537091637719],[101.48334016544304,3.32775193963679],[101.48282195705248,3.32775193963679],[101.48282195705248,3.3273593638646743],[101.48178554027136,3.32775193963679]]],[[[101.49214970808258,3.336388645169008],[101.49266791647312,3.3371738038775254],[101.49370433325426,3.336781224446945],[101.4931861248637,3.3359960660436987],[101.49214970808258,3.336388645169008]]],[[[101.491631499692,3.33913670332073],[101.49111329130146,3.33913670332073],[101.49111329130146,3.339529283667558],[101.49214970808258,3.3399218641671578],[101.49266791647312,3.33913670332073],[101.49214970808258,3.33913670332073],[101.49214970808258,3.3387441231266544],[101.491631499692,3.3387441231266544],[101.491631499692,3.33913670332073]]],[[[101.4983682087693,3.3434550955412528],[101.49901409999998,3.343845696307801],[101.49940462555043,3.3434550955412528],[101.4983682087693,3.3434550955412528]]],[[[101.4969150773077,3.345418007212689],[101.49681358359761,3.345810590006033],[101.49629537520705,3.345810590006033],[101.49629537520705,3.346595756051924],[101.49678237765069,3.346595756051924],[101.4969150773077,3.345418007212689]]],[[[101.48334016544304,3.3513067651925343],[101.4838583738336,3.3520919355282017],[101.48489479061472,3.351699350283701],[101.48437658222416,3.3509141802546836],[101.48334016544304,3.3513067651925343]]],[[[101.49214970808258,3.3540548640513324],[101.49214970808258,3.3541439319467963],[101.4922223575155,3.3540548640513324],[101.49214970808258,3.3540548640513324]]],[[[101.491631499692,3.354779253456477],[101.49190213935164,3.3544474502162127],[101.491631499692,3.3544474502162127],[101.491631499692,3.354779253456477]]],[[[101.49111329130146,3.3548400365345508],[101.49111329130146,3.3552326230063687],[101.49126170302395,3.3552326230063687],[101.4915819211878,3.3548400365345508],[101.49111329130146,3.3548400365345508]]],[[[101.48230374866192,3.3599436726460716],[101.4812673318808,3.3603362611147554],[101.4812673318808,3.361906616526986],[101.48074912349023,3.361906616526986],[101.4812673318808,3.3629843921516804],[101.48282195705248,3.361729749917145],[101.48282195705248,3.3603362611147554],[101.48230374866192,3.3603362611147554],[101.48230374866192,3.3599436726460716]]],[[[101.48074912349023,3.3630843847010428],[101.48074912349023,3.3634026065790175],[101.48114343135772,3.3630843847010428],[101.48074912349023,3.3630843847010428]]],[[[101.4838583738336,3.373684360639085],[101.4838583738336,3.3729952311729923],[101.48341309400314,3.373684360639085],[101.4838583738336,3.373684360639085]]],[[[101.48334016544304,3.373797227282519],[101.48310039999998,3.3741682962751756],[101.48334016544304,3.3743391148654336],[101.48334016544304,3.373797227282519]]],[[[101.4838583738336,3.3768251158430336],[101.4838583738336,3.3764325209020036],[101.48437658222416,3.3764325209020036],[101.4838583738336,3.375894173478478],[101.48325244486227,3.3768251158430336],[101.4838583738336,3.3768251158430336]]],[[[101.48489479061472,3.395669855030494],[101.48541299900528,3.395669855030494],[101.48541299900528,3.3952772526533392],[101.48437658222416,3.39488465043153],[101.4838583738336,3.395669855030494],[101.48282195705248,3.395669855030494],[101.48282195705248,3.396062457563011],[101.48230374866192,3.396062457563011],[101.48230374866192,3.3968476630942086],[101.48178554027136,3.3968476630942086],[101.48178554027136,3.3972402660929264],[101.48230374866192,3.3972402660929264],[101.48230374866192,3.397632869247079],[101.48334016544304,3.397632869247079],[101.48334016544304,3.3972402660929264],[101.48437658222416,3.3968476630942086],[101.48437658222416,3.396062457563011],[101.48489479061472,3.396062457563011],[101.48489479061472,3.395669855030494]]],[[[101.4931861248637,3.396062457563011],[101.49370433325426,3.3968476630942086],[101.49474075003538,3.3964550602509105],[101.49422254164482,3.395669855030494],[101.4931861248637,3.396062457563011]]],[[[101.49059508291089,3.3964550602509105],[101.49059508291089,3.396062457563011],[101.48955866612977,3.396062457563011],[101.48955866612977,3.3964550602509105],[101.48904045773921,3.3964550602509105],[101.48904045773921,3.398418076021766],[101.48748583256751,3.399203283418413],[101.48800404095809,3.3999884914371687],[101.49059508291089,3.399203283418413],[101.49059508291089,3.3968476630942086],[101.49111329130146,3.3968476630942086],[101.49111329130146,3.3964550602509105],[101.49059508291089,3.3964550602509105]]],[[[101.4812673318808,3.400381095679881],[101.48094184586719,3.400381095679881],[101.4812673318808,3.40067695241063],[101.4812673318808,3.400381095679881]]],[[[101.48437658222416,3.3999884914371687],[101.48334016544304,3.3999884914371687],[101.48334016544304,3.400381095679881],[101.48230374866192,3.3999884914371687],[101.48178554027136,3.400773700078174],[101.48230374866192,3.400773700078174],[101.48230374866192,3.4011907212985864],[101.48437658222416,3.3999884914371687]]],[[[101.48178554027136,3.400773700078174],[101.48137376855477,3.400773700078174],[101.48178554027136,3.4011479880103574],[101.48178554027136,3.400773700078174]]],[[[101.49059508291089,3.4035219352240222],[101.49059508291089,3.4031293297361533],[101.491631499692,3.4031293297361533],[101.491631499692,3.4035219352240222],[101.49266791647312,3.4035219352240222],[101.49266791647312,3.4031293297361533],[101.4931861248637,3.4031293297361533],[101.4931861248637,3.4011663046320675],[101.49422254164482,3.4011663046320675],[101.49525895842594,3.402344119227522],[101.49629537520705,3.401951514206723],[101.49629537520705,3.4011663046320675],[101.49525895842594,3.400773700078174],[101.49525895842594,3.398418076021766],[101.4957771668165,3.398418076021766],[101.4957771668165,3.398025472556686],[101.49525895842594,3.398025472556686],[101.49474075003538,3.3972402660929264],[101.49370433325426,3.397632869247079],[101.49370433325426,3.3988106796423363],[101.491631499692,3.3995958873500185],[101.491631499692,3.400773700078174],[101.49111329130146,3.400773700078174],[101.49111329130146,3.4011663046320675],[101.49059508291089,3.4011663046320675],[101.49059508291089,3.401951514206723],[101.48955866612977,3.402344119227522],[101.49007687452033,3.4039145408676164],[101.48911546879721,3.404307146666956],[101.48973715916885,3.4054849649996193],[101.49007687452033,3.4058775714221166],[101.491631499692,3.4058775714221166],[101.49214970808258,3.4050923587329383],[101.491631499692,3.4050923587329383],[101.491631499692,3.4039145408676164],[101.49059508291089,3.4035219352240222]],[[101.49007687452033,3.404307146666956],[101.49059508291089,3.404307146666956],[101.49059508291089,3.4046997526220575],[101.49007687452033,3.4046997526220575],[101.49007687452033,3.404307146666956]],[[101.49214970808258,3.402736724403992],[101.49111329130146,3.402344119227522],[101.49111329130146,3.401951514206723],[101.491631499692,3.401951514206723],[101.491631499692,3.4011663046320675],[101.49214970808258,3.4011663046320675],[101.49214970808258,3.402736724403992]],[[101.49214970808258,3.400773700078174],[101.49266791647312,3.400773700078174],[101.49266791647312,3.4011663046320675],[101.49214970808258,3.4011663046320675],[101.49214970808258,3.400773700078174]],[[101.49266791647312,3.3999884914371687],[101.4931861248637,3.3999884914371687],[101.4931861248637,3.3995958873500185],[101.49422254164482,3.399203283418413],[101.49422254164482,3.400381095679881],[101.4931861248637,3.400381095679881],[101.4931861248637,3.400773700078174],[101.49266791647312,3.400773700078174],[101.49266791647312,3.3999884914371687]]],[[[101.4887829760924,3.404307146666956],[101.48852224934865,3.4045682650126072],[101.4886174,3.40473779624229],[101.4887829760924,3.404307146666956]]],[[[101.48748583256751,3.4011663046320675],[101.48617216454825,3.400381095679881],[101.48815534170461,3.4039145408676164],[101.48852224934865,3.4039145408676164],[101.48852224934865,3.402344119227522],[101.48800404095809,3.402344119227522],[101.48800404095809,3.401951514206723],[101.48748583256751,3.401951514206723],[101.48748583256751,3.4011663046320675]]],[[[101.48800404095809,3.4109814691021567],[101.48852224934865,3.4109814691021567],[101.48852224934865,3.4106313883289414],[101.48748583256751,3.4113265075739165],[101.48748583256751,3.4113740777079933],[101.48800404095809,3.4113740777079933],[101.48800404095809,3.4109814691021567]]],[[[101.48852224934865,3.4145149521753995],[101.48767985476616,3.4141223423203457],[101.48852224934865,3.4153773477439957],[101.48852224934865,3.4145149521753995]]],[[[101.49007687452033,3.415300172354227],[101.48904045773921,3.4157650489724545],[101.49214970808258,3.4159408467635064],[101.491631499692,3.415300172354227],[101.49111329130146,3.415300172354227],[101.49111329130146,3.4156927826780366],[101.49007687452033,3.4156927826780366],[101.49007687452033,3.415300172354227]]],[[[101.4957771668165,3.418048447903584],[101.49525895842594,3.418048447903584],[101.49525895842594,3.4176558366417726],[101.4944543063393,3.4176558366417726],[101.4957771668165,3.41876046100819],[101.4957771668165,3.418048447903584]]],[[[101.49629537520705,3.4188336708964164],[101.49586484043003,3.4188336708964164],[101.49629537520705,3.4191931794025128],[101.49629537520705,3.4188336708964164]]],[[[101.49681358359761,3.419226282627473],[101.49633501846027,3.419226282627473],[101.49681358359761,3.4196258979868834],[101.49681358359761,3.419226282627473]]],[[[101.49708288558718,3.4200115065589607],[101.49733179198817,3.42065618437837],[101.49733179198817,3.4200115065589607],[101.49708288558718,3.4200115065589607]]],[[[101.49785000037873,3.4215819562999306],[101.49765557560048,3.4215819562999306],[101.49785000037873,3.422278363368017],[101.49785000037873,3.4215819562999306]]],[[[101.4983682087693,3.4227597952494784],[101.4983682087693,3.4223671821097055],[101.49787479702147,3.4223671821097055],[101.4983682087693,3.4239376356085587],[101.49888641715985,3.4239376356085587],[101.49888641715985,3.4243302493748993],[101.4996906791963,3.424722863297928],[101.49976764174225,3.4239376356085587],[101.49888641715985,3.423545021998887],[101.49888641715985,3.4227597952494784],[101.4983682087693,3.4227597952494784]]],[[[101.50044104233154,3.4239376356085587],[101.50026033666222,3.4239376356085587],[101.50044104233154,3.424031871016477],[101.50044104233154,3.4239376356085587]]],[[[101.50147745911266,3.4243302493748993],[101.50101321208604,3.4243302493748993],[101.50147745911266,3.4245723476379992],[101.50147745911266,3.4243302493748993]]],[[[101.50199566750322,3.424722863297928],[101.50176608750985,3.424722863297928],[101.50199566750322,3.4248425860601146],[101.50199566750322,3.424722863297928]]],[[[101.49940462555043,3.42668593526401],[101.49940462555043,3.4262933205572734],[101.49860448345868,3.4262933205572734],[101.49858809999999,3.42674519621866],[101.49940462555043,3.42668593526401]]],[[[101.50044104233154,3.4294342426024684],[101.5009592507221,3.4292378683243627],[101.50005839999999,3.429532796215651],[101.50044104233154,3.4298064877464562],[101.50044104233154,3.4294342426024684]]],[[[101.5009592507221,3.4298268585640805],[101.50046952233588,3.4298268585640805],[101.5009592507221,3.4302210299501015],[101.5009592507221,3.4298268585640805]]],[[[101.50147745911266,3.430612090958146],[101.5012986707753,3.430612090958146],[101.50147745911266,3.4308180810522297],[101.50147745911266,3.430612090958146]]],[[[101.50199566750322,3.431004707390636],[101.5016394407178,3.431004707390636],[101.50199566750322,3.432135881198527],[101.50199566750322,3.431004707390636]]],[[[101.50199566750322,3.3218633190288327],[101.50251387589378,3.3218633190288327],[101.50251387589378,3.3222558926716617],[101.50344899981505,3.3222558926716617],[101.50199566750322,3.3213864736310437],[101.50199566750322,3.3218633190288327]]],[[[101.5035502926749,3.3226484664664655],[101.50406850106546,3.3226484664664655],[101.50510491784658,3.3238261887629004],[101.50607392427203,3.3238261887629004],[101.5035502926749,3.322316488573023],[101.5035502926749,3.3226484664664655]]],[[[101.50665954301827,3.324611337720726],[101.50717775140883,3.324611337720726],[101.50717775140883,3.3250039124277544],[101.50804261761478,3.3250039124277544],[101.5061413346277,3.3238665153718494],[101.50665954301827,3.324611337720726]]],[[[101.50821416818995,3.3253964872868833],[101.50869884872904,3.3253964872868833],[101.50821416818995,3.325106538517526],[101.50821416818995,3.3253964872868833]]],[[[101.50873237658051,3.3257890622981305],[101.50925058497107,3.3257890622981305],[101.50976879336163,3.326574212777056],[101.51066754207176,3.326574212777056],[101.50873237658051,3.3254165445410497],[101.50873237658051,3.3257890622981305]]],[[[101.51132341853331,3.3272658617187556],[101.5114637,3.327050496325909],[101.51132341853331,3.3269665760817406],[101.51132341853331,3.3272658617187556]]],[[[101.50925058497107,3.32775193963679],[101.50976879336163,3.32775193963679],[101.50976879336163,3.3281445155611307],[101.51080521014275,3.32775193963679],[101.51080521014275,3.3280614351609707],[101.51126251452273,3.3273593638646743],[101.51028700175219,3.3273593638646743],[101.51028700175219,3.3269667882447695],[101.50976879336163,3.3269667882447695],[101.50925058497107,3.32775193963679]]],[[[101.51028700175219,3.3281445155611307],[101.51028700175219,3.3288570092284275],[101.5107510945332,3.3281445155611307],[101.51028700175219,3.3281445155611307]]],[[[101.50976879336163,3.3289296678665714],[101.50976879336163,3.3296525839212783],[101.51023967454367,3.3289296678665714],[101.50976879336163,3.3289296678665714]]],[[[101.50147745911266,3.3308925512954235],[101.5009592507221,3.3308925512954235],[101.5009592507221,3.3312851284382408],[101.50199566750322,3.3316777057334472],[101.50251387589378,3.3308925512954235],[101.50199566750322,3.3308925512954235],[101.50199566750322,3.3304999743049803],[101.50147745911266,3.3304999743049803],[101.50147745911266,3.3308925512954235]]],[[[101.50458670945604,3.3316777057334472],[101.50406850106546,3.3316777057334472],[101.50406850106546,3.332070283181063],[101.50510491784658,3.3324628607811064],[101.50562312623715,3.3316777057334472],[101.50510491784658,3.3316777057334472],[101.50510491784658,3.3312851284382408],[101.50458670945604,3.3312851284382408],[101.50458670945604,3.3316777057334472]]],[[[101.50769595979939,3.3316777057334472],[101.5077359,3.331764996320819],[101.50773186064474,3.3316777057334472],[101.50769595979939,3.3316777057334472]]],[[[101.50510491784658,3.333248016438546],[101.50510491784658,3.3336405944959786],[101.5061413346277,3.3341798365092754],[101.50675663287191,3.333248016438546],[101.5061413346277,3.333248016438546],[101.5061413346277,3.3328554385335942],[101.50510491784658,3.333248016438546]]],[[[101.5061413346277,3.3348183295833462],[101.50631667641882,3.3348183295833462],[101.5061413346277,3.3346112228254503],[101.5061413346277,3.3348183295833462]]],[[[101.50510491784658,3.3371738038775254],[101.50510491784658,3.3375663834607683],[101.50559579146518,3.3375663834607683],[101.50597351267464,3.336781224446945],[101.50562312623715,3.336388645169008],[101.50458670945604,3.336781224446945],[101.50458670945604,3.3371738038775254],[101.50510491784658,3.3371738038775254]]],[[[101.50510491784658,3.4011663046320675],[101.50458670945604,3.4011663046320675],[101.50510491784658,3.401951514206723],[101.50665954301827,3.401951514206723],[101.50665954301827,3.4015589093415763],[101.50717775140883,3.4015589093415763],[101.50665954301827,3.400773700078174],[101.50873237658051,3.3999884914371687],[101.50821416818995,3.399203283418413],[101.50665954301827,3.399203283418413],[101.50665954301827,3.398418076021766],[101.50717775140883,3.398418076021766],[101.50717775140883,3.398025472556686],[101.50665954301827,3.398025472556686],[101.50665954301827,3.397632869247079],[101.50717775140883,3.397632869247079],[101.50665954301827,3.3968476630942086],[101.5061413346277,3.3968476630942086],[101.5061413346277,3.3972402660929264],[101.50562312623715,3.3972402660929264],[101.50562312623715,3.398025472556686],[101.50406850106546,3.3988106796423363],[101.50406850106546,3.3995958873500185],[101.50458670945604,3.3995958873500185],[101.50510491784658,3.4011663046320675]],[[101.50562312623715,3.398418076021766],[101.50562312623715,3.3988106796423363],[101.50510491784658,3.3988106796423363],[101.50510491784658,3.398418076021766],[101.50562312623715,3.398418076021766]]],[[[101.51754191922004,3.40705539162469],[101.5176484242214,3.40705539162469],[101.51754191922004,3.4069437830374714],[101.51754191922004,3.40705539162469]]],[[[101.50717775140883,3.4105888606523913],[101.50665954301827,3.4105888606523913],[101.50717775140883,3.4113740777079933],[101.50873237658051,3.4113740777079933],[101.50873237658051,3.4109814691021567],[101.50925058497107,3.4109814691021567],[101.50873237658051,3.4101962523586784],[101.50717775140883,3.4101962523586784],[101.50717775140883,3.4105888606523913]]],[[[101.50925058497107,3.4231524085458664],[101.50976879336163,3.4239376356085587],[101.51080521014275,3.423545021998887],[101.51028700175219,3.4227597952494784],[101.50925058497107,3.4231524085458664]]],[[[101.5061413346277,3.427078550127542],[101.5061413346277,3.42668593526401],[101.50665954301827,3.42668593526401],[101.50665954301827,3.4255080916141174],[101.50821416818995,3.424722863297928],[101.50821416818995,3.4239376356085587],[101.50769595979939,3.4239376356085587],[101.50769595979939,3.423545021998887],[101.50665954301827,3.423545021998887],[101.50665954301827,3.4239376356085587],[101.5061413346277,3.4239376356085587],[101.5061413346277,3.4243302493748993],[101.50510491784658,3.4243302493748993],[101.50458670945604,3.425115477377661],[101.50251896293368,3.425115477377661],[101.50252996255254,3.4259007060073157],[101.50458670945604,3.4259007060073157],[101.50510491784658,3.425115477377661],[101.5061413346277,3.425115477377661],[101.5061413346277,3.4255080916141174],[101.50562312623715,3.4255080916141174],[101.50562312623715,3.4262933205572734],[101.50458670945604,3.4262933205572734],[101.50458670945604,3.42668593526401],[101.50251387589378,3.42668593526401],[101.50247051689188,3.4278637803250667],[101.50251387589378,3.4274711651478884],[101.50406850106546,3.4274711651478884],[101.50406850106546,3.4278637803250667],[101.50458670945604,3.4278637803250667],[101.50510491784658,3.427078550127542],[101.5061413346277,3.427078550127542]]],[[[101.50251387589378,3.4262933205572734],[101.50251387589378,3.426187102848565],[101.50250790973966,3.4262933205572734],[101.50251387589378,3.4262933205572734]]],[[[101.54397054713864,3.4269650795371334],[101.54337823612506,3.4262933205572734],[101.54293413035751,3.4262933205572734],[101.54345233874807,3.427078550127542],[101.54397054713864,3.4269650795371334]]],[[[101.54500696391975,3.4282563956590963],[101.54510461619073,3.4282563956590963],[101.54500696391975,3.4281405142628243],[101.54500696391975,3.4282563956590963]]],[[[101.5024694306991,3.428649011149994],[101.50251387589378,3.4282563956590963],[101.50246997379547,3.4282563956590963],[101.5024694306991,3.428649011149994]]],[[[101.54293413035751,3.4278637803250667],[101.54293413035751,3.4290416267977784],[101.54397054713864,3.4294342426024684],[101.54397054713864,3.4290416267977784],[101.5444887555292,3.4290416267977784],[101.5444887555292,3.4278637803250667],[101.54397054713864,3.4278637803250667],[101.54397054713864,3.4274711651478884],[101.54293413035751,3.4278637803250667]]],[[[101.50199566750322,3.4290416267977784],[101.50199566750322,3.428898557815333],[101.50155866627536,3.4290416267977784],[101.50199566750322,3.4290416267977784]]],[[[101.54604338070088,3.4294342426024684],[101.54293413035751,3.431004707390636],[101.54293413035751,3.4317899407266217],[101.5418977135764,3.432182557630153],[101.5418977135764,3.4329677919083843],[101.5438853,3.4310137962140637],[101.54625939999998,3.429660096215523],[101.54604338070088,3.4294342426024684]]],[[[101.5420938309315,3.4333604092831194],[101.54137950518583,3.4337530268149594],[101.54137950518583,3.4376792107780916],[101.54210325677559,3.438071830039276],[101.54166859999998,3.435305596209454],[101.5420938309315,3.4333604092831194]]],[[[101.53930667162359,3.438071830039276],[101.53982488001414,3.4388570690336313],[101.54086129679527,3.4384644494577836],[101.5403430884047,3.4376792107780916],[101.53930667162359,3.438071830039276]]],[[[101.54265641472736,3.440427548910785],[101.54230098445483,3.4388570690336313],[101.5418977135764,3.4388570690336313],[101.5418977135764,3.440034928705397],[101.54265641472736,3.440427548910785]]],[[[101.54241592196693,3.4427832734498063],[101.54276455037454,3.4427832734498063],[101.54270854964659,3.4408201692736062],[101.54241592196693,3.4408201692736062],[101.54241592196693,3.4427832734498063]]],[[[101.5418977135764,3.443961137845859],[101.5422037870968,3.4478873627457345],[101.54269713225183,3.4435685162229386],[101.5418977135764,3.443961137845859]]],[[[101.50199566750322,3.4467094936199545],[101.50251387589378,3.4467094936199545],[101.50251387589378,3.4463168708934937],[101.50214829881946,3.4463168708934937],[101.5018389853626,3.4471021165041362],[101.50199566750322,3.4467094936199545]]],[[[101.54086129679527,3.451028354024603],[101.5403430884047,3.451813603423163],[101.5418434,3.451353496192219],[101.54208307458075,3.449065233291495],[101.54137950518583,3.4494578571223844],[101.54137950518583,3.451028354024603],[101.54086129679527,3.451028354024603]]],[[[101.50431614018679,3.4514209786449137],[101.50458670945604,3.4506357295622125],[101.50431899168639,3.4506357295622125],[101.50431614018679,3.4514209786449137]]],[[[101.53878846323303,3.4514209786449137],[101.53827025484246,3.4514209786449137],[101.53827025484246,3.451028354024603],[101.53723383806134,3.4514209786449137],[101.53723383806134,3.45220622835937],[101.5377520464519,3.45220622835937],[101.5377520464519,3.4525988534535523],[101.53723383806134,3.4525988534535523],[101.5367156296708,3.4532320342196834],[101.53844399685111,3.4525988534535523],[101.53878846323303,3.4514209786449137]]],[[[101.50510491784658,3.452991478705727],[101.50562312623715,3.45220622835937],[101.50431471443697,3.451813603423163],[101.50431043718756,3.452991478705727],[101.50510491784658,3.452991478705727]]],[[[101.53464279610854,3.4539914094813366],[101.53619742128022,3.453421877979675],[101.53619742128022,3.453384104115913],[101.53516100449909,3.453384104115913],[101.53464279610854,3.4539914094813366]]],[[[101.50303208428434,3.4577029940619006],[101.50303208428434,3.456917739921095],[101.5025523028998,3.456917739921095],[101.50255099218046,3.4577029940619006],[101.50303208428434,3.4577029940619006]]],[[[101.51391446048612,3.4643776798273973],[101.51391446048612,3.4647703098278044],[101.51339625209555,3.465042946873569],[101.51443266887668,3.46466310652625],[101.51391446048612,3.4643776798273973]]]]},"properties":{"place_id":"483bdcbb-0983-5337-949d-e93a87316066","habitat":"forest_edge_opening","habitat_label":"Forest edge or opening","resolution_m":50}},{"type":"Feature","geometry":{"type":"MultiPolygon","coordinates":[[[[101.44758378649436,3.3328554385335942],[101.44758378649436,3.3326534863217323],[101.44678980334177,3.3328554385335942],[101.44758378649436,3.3328554385335942]]],[[[101.4470655781038,3.335210908250885],[101.4470655781038,3.3344257510683604],[101.44654736971323,3.3344257510683604],[101.44654736971323,3.335210908250885],[101.4470655781038,3.335210908250885]]],[[[101.44758378649436,3.3379589631966926],[101.44758378649436,3.336388645169008],[101.4470655781038,3.336388645169008],[101.4470655781038,3.3379589631966926],[101.44758378649436,3.3379589631966926]]],[[[101.44758378649436,3.345810590006033],[101.44758378649436,3.345418007212689],[101.4470655781038,3.345418007212689],[101.4470655781038,3.345810590006033],[101.44758378649436,3.345810590006033]]],[[[101.44758378649436,3.3509141802546836],[101.44758378649436,3.3505215954701293],[101.4470655781038,3.3505215954701293],[101.4470655781038,3.3509141802546836],[101.44758378649436,3.3509141802546836]]],[[[101.44654736971323,3.3571955576682626],[101.4470655781038,3.357980732608002],[101.44862020327547,3.357980732608002],[101.44862020327547,3.355625209631683],[101.44810199488491,3.355625209631683],[101.44810199488491,3.356410383342871],[101.44758378649436,3.356410383342871],[101.44810199488491,3.3571955576682626],[101.44654736971323,3.3571955576682626]]],[[[101.44447453615099,3.3568029704287827],[101.44447453615099,3.357980732608002],[101.44602916132267,3.358765908162234],[101.44602916132267,3.3571955576682626],[101.4455109529321,3.3571955576682626],[101.4455109529321,3.3568029704287827],[101.44602916132267,3.3568029704287827],[101.44602916132267,3.3560177964105105],[101.44499274454157,3.356033266829772],[101.44499274454157,3.3568029704287827],[101.44447453615099,3.3568029704287827]]],[[[101.44499274454157,3.358765908162234],[101.44499274454157,3.3591584961698295],[101.4455109529321,3.3591584961698295],[101.4455109529321,3.358765908162234],[101.44499274454157,3.358765908162234]]],[[[101.44654736971323,3.3595510843311027],[101.44654736971323,3.3599436726460716],[101.4470655781038,3.3599436726460716],[101.4470655781038,3.3595510843311027],[101.44758378649436,3.3595510843311027],[101.44758378649436,3.358765908162234],[101.44654736971323,3.358765908162234],[101.44654736971323,3.3591584961698295],[101.44602916132267,3.3591584961698295],[101.44602916132267,3.3595510843311027],[101.44654736971323,3.3595510843311027]]],[[[101.4470655781038,3.362691795155856],[101.4470655781038,3.3622992057645096],[101.44654736971323,3.3622992057645096],[101.44654736971323,3.362691795155856],[101.4470655781038,3.362691795155856]]],[[[101.4455109529321,3.3634769744000876],[101.4455109529321,3.3630843847010428],[101.44447453615099,3.3630843847010428],[101.44447453615099,3.3634769744000876],[101.4455109529321,3.3634769744000876]]],[[[101.44602916132267,3.3646547444205583],[101.44602916132267,3.3638695642530108],[101.4455109529321,3.3638695642530108],[101.4455109529321,3.3646547444205583],[101.44602916132267,3.3646547444205583]]],[[[101.44499274454157,3.3646547444205583],[101.44499274454157,3.3642621542598277],[101.44447453615099,3.3642621542598277],[101.44447453615099,3.3646547444205583],[101.44499274454157,3.3646547444205583]]],[[[101.44758378649436,3.3646547444205583],[101.44758378649436,3.3642621542598277],[101.4470655781038,3.3642621542598277],[101.4470655781038,3.3646547444205583],[101.44758378649436,3.3646547444205583]]],[[[101.44862020327547,3.3654399252038316],[101.44810199488491,3.3646547444205583],[101.44758378649436,3.3646547444205583],[101.44758378649436,3.3650473347352206],[101.4470655781038,3.3650473347352206],[101.4470655781038,3.3654399252038316],[101.44862020327547,3.3654399252038316]]],[[[101.44499274454157,3.365832515826411],[101.44447453615099,3.365832515826411],[101.44447453615099,3.3662251066029754],[101.44499274454157,3.3662251066029754],[101.44499274454157,3.365832515826411]]],[[[101.44654736971323,3.3662251066029754],[101.44602916132267,3.3662251066029754],[101.44602916132267,3.366617697533543],[101.44654736971323,3.366617697533543],[101.44654736971323,3.3662251066029754]]],[[[101.44758378649436,3.368188062796217],[101.4470655781038,3.367402879856764],[101.44602916132267,3.367402879856764],[101.44654736971323,3.368188062796217],[101.44758378649436,3.368188062796217]]],[[[101.44602916132267,3.3693658383611504],[101.44602916132267,3.369758430524402],[101.44758378649436,3.369758430524402],[101.44758378649436,3.3689732463520476],[101.44654736971323,3.3689732463520476],[101.44654736971323,3.3685806544970767],[101.4455109529321,3.3685806544970767],[101.4455109529321,3.368188062796217],[101.44499274454157,3.368188062796217],[101.44499274454157,3.3693658383611504],[101.44447453615099,3.3693658383611504],[101.44447453615099,3.3713288007192563],[101.4455109529321,3.3709362079392293],[101.44499274454157,3.370151022841819],[101.4455109529321,3.370151022841819],[101.4455109529321,3.3693658383611504],[101.44602916132267,3.3693658383611504]]],[[[101.44913841166604,3.3713288007192563],[101.44913841166604,3.370151022841819],[101.44862020327547,3.370151022841819],[101.44862020327547,3.3713288007192563],[101.44913841166604,3.3713288007192563]]],[[[101.44499274454157,3.372899173381943],[101.44499274454157,3.3725065799848486],[101.44447453615099,3.3725065799848486],[101.44447453615099,3.372899173381943],[101.44499274454157,3.372899173381943]]],[[[101.44758378649436,3.373684360639085],[101.44758378649436,3.372899173381943],[101.4470655781038,3.372899173381943],[101.4470655781038,3.373684360639085],[101.44758378649436,3.373684360639085]]],[[[101.44499274454157,3.3756473314833526],[101.44499274454157,3.375254737005694],[101.44447453615099,3.375254737005694],[101.44447453615099,3.3756473314833526],[101.44499274454157,3.3756473314833526]]],[[[101.44862020327547,3.377217710938556],[101.44862020327547,3.3768251158430336],[101.44810199488491,3.3768251158430336],[101.44810199488491,3.376039926115449],[101.4470655781038,3.376039926115449],[101.4470655781038,3.3756473314833526],[101.44758378649436,3.3756473314833526],[101.44758378649436,3.375254737005694],[101.4470655781038,3.375254737005694],[101.4470655781038,3.3744695485136207],[101.44758378649436,3.3744695485136207],[101.44758378649436,3.37407695449917],[101.4470655781038,3.37407695449917],[101.44602916132267,3.372899173381943],[101.44499274454157,3.372899173381943],[101.44499274454157,3.3732917669333498],[101.4455109529321,3.3732917669333498],[101.4455109529321,3.37407695449917],[101.44447453615099,3.373684360639085],[101.44447453615099,3.3744695485136207],[101.44499274454157,3.3744695485136207],[101.44499274454157,3.374862142682456],[101.44602916132267,3.374862142682456],[101.44654736971323,3.3764325209020036],[101.44758378649436,3.3764325209020036],[101.4470655781038,3.377217710938556],[101.44810199488491,3.377217710938556],[101.44810199488491,3.378395497152265],[101.44862020327547,3.378395497152265],[101.44862020327547,3.3780029015931534],[101.44913841166604,3.3780029015931534],[101.44913841166604,3.378395497152265],[101.45017482844715,3.378395497152265],[101.45017482844715,3.3776103061885894],[101.44913841166604,3.3776103061885894],[101.44913841166604,3.377217710938556],[101.44862020327547,3.377217710938556]]],[[[101.44499274454157,3.3776103061885894],[101.44499274454157,3.377217710938556],[101.44447453615099,3.377217710938556],[101.44447453615099,3.3776103061885894],[101.44499274454157,3.3776103061885894]]],[[[101.44758378649436,3.3791806887342024],[101.44758378649436,3.3787880928659417],[101.4470655781038,3.3787880928659417],[101.4470655781038,3.3791806887342024],[101.44758378649436,3.3791806887342024]]],[[[101.44602916132267,3.380358477266669],[101.4455109529321,3.378395497152265],[101.44447453615099,3.378395497152265],[101.44447453615099,3.379965880934548],[101.4455109529321,3.379965880934548],[101.4455109529321,3.380358477266669],[101.44602916132267,3.380358477266669]]],[[[101.44913841166604,3.379965880934548],[101.44913841166604,3.3795732847570648],[101.44810199488491,3.3795732847570648],[101.44810199488491,3.379965880934548],[101.44913841166604,3.379965880934548]]],[[[101.44499274454157,3.381536267191043],[101.44499274454157,3.381143670394898],[101.44447453615099,3.381143670394898],[101.44447453615099,3.381536267191043],[101.44499274454157,3.381536267191043]]],[[[101.44602916132267,3.382321461247483],[101.44602916132267,3.381928864141898],[101.4470655781038,3.381928864141898],[101.4470655781038,3.381143670394898],[101.44602916132267,3.381143670394898],[101.44602916132267,3.381536267191043],[101.4455109529321,3.381536267191043],[101.4455109529321,3.382321461247483],[101.44602916132267,3.382321461247483]]],[[[101.44499274454157,3.384677047131311],[101.4455109529321,3.382714058507814],[101.44499274454157,3.382714058507814],[101.44499274454157,3.381928864141898],[101.44447453615099,3.381928864141898],[101.44447453615099,3.384677047131311],[101.44499274454157,3.384677047131311]]],[[[101.44810199488491,3.3834992534927903],[101.44810199488491,3.383106655922911],[101.4470655781038,3.383106655922911],[101.4470655781038,3.383891851217472],[101.44810199488491,3.3834992534927903]]],[[[101.44499274454157,3.385069645320505],[101.44447453615099,3.385069645320505],[101.44447453615099,3.385462243664574],[101.44499274454157,3.385462243664574],[101.44499274454157,3.385069645320505]]],[[[101.44499274454157,3.385854842163534],[101.44447453615099,3.385854842163534],[101.44447453615099,3.3870326385899485],[101.44499274454157,3.3870326385899485],[101.44499274454157,3.385854842163534]]],[[[101.44862020327547,3.388210436411044],[101.44862020327547,3.387817836982351],[101.44810199488491,3.387817836982351],[101.44810199488491,3.388210436411044],[101.44862020327547,3.388210436411044]]],[[[101.4455109529321,3.388995635733506],[101.4455109529321,3.3886030359947563],[101.44499274454157,3.3886030359947563],[101.44499274454157,3.388995635733506],[101.4455109529321,3.388995635733506]]],[[[101.4455109529321,3.390566036239238],[101.4455109529321,3.390958636753445],[101.44654736971323,3.390958636753445],[101.4470655781038,3.390173435880158],[101.44602916132267,3.3897808356761896],[101.44602916132267,3.390566036239238],[101.4455109529321,3.390566036239238]]],[[[101.44862020327547,3.390958636753445],[101.44862020327547,3.390566036239238],[101.44758378649436,3.390566036239238],[101.44758378649436,3.390958636753445],[101.44862020327547,3.390958636753445]]],[[[101.4470655781038,3.391743838247315],[101.4470655781038,3.3913512374227976],[101.44654736971323,3.3913512374227976],[101.44654736971323,3.391743838247315],[101.4470655781038,3.391743838247315]]],[[[101.44602916132267,3.391743838247315],[101.44602916132267,3.3913512374227976],[101.4455109529321,3.3913512374227976],[101.4455109529321,3.391743838247315],[101.44602916132267,3.391743838247315]]],[[[101.4455109529321,3.3921364392270137],[101.4455109529321,3.391743838247315],[101.44447453615099,3.391743838247315],[101.44447453615099,3.3921364392270137],[101.4455109529321,3.3921364392270137]]],[[[101.44654736971323,3.3921364392270137],[101.44654736971323,3.391743838247315],[101.44602916132267,3.391743838247315],[101.44602916132267,3.3921364392270137],[101.44654736971323,3.3921364392270137]]],[[[101.44862020327547,3.392921641652031],[101.44862020327547,3.3921364392270137],[101.44810199488491,3.3921364392270137],[101.44810199488491,3.392921641652031],[101.44862020327547,3.392921641652031]]],[[[101.44810199488491,3.396062457563011],[101.44810199488491,3.3952772526533392],[101.44758378649436,3.3952772526533392],[101.44758378649436,3.396062457563011],[101.44810199488491,3.396062457563011]]],[[[101.44810199488491,3.3968476630942086],[101.4476680937462,3.3968476630942086],[101.44773681646694,3.3972402660929264],[101.44810199488491,3.3972402660929264],[101.44810199488491,3.3968476630942086]]],[[[101.44810199488491,3.397632869247079],[101.44862020327547,3.397632869247079],[101.44862020327547,3.3972402660929264],[101.44810199488491,3.3972402660929264],[101.44810199488491,3.397632869247079]]],[[[101.45017482844715,3.3324628607811064],[101.45017482844715,3.33244058153102],[101.44972712201881,3.3324628607811064],[101.45017482844715,3.3324628607811064]]],[[[101.4506930368377,3.3324628607811064],[101.45121124522828,3.3323890062433885],[101.4506930368377,3.332414793886876],[101.4506930368377,3.3324628607811064]]],[[[101.45121124522828,3.3571955576682626],[101.45121124522828,3.35758814506133],[101.4506930368377,3.35758814506133],[101.4506930368377,3.3591584961698295],[101.45172945361884,3.3595510843311027],[101.45172945361884,3.3583733203082975],[101.45276587039994,3.358765908162234],[101.45276587039994,3.3583733203082975],[101.45328407879052,3.3583733203082975],[101.45328407879052,3.35758814506133],[101.45276587039994,3.35758814506133],[101.45276587039994,3.3571955576682626],[101.45121124522828,3.3571955576682626]],[[101.45121124522828,3.3583733203082975],[101.45121124522828,3.357980732608002],[101.45172945361884,3.357980732608002],[101.45172945361884,3.3583733203082975],[101.45121124522828,3.3583733203082975]]],[[[101.4496566200566,3.3591584961698295],[101.44862020327547,3.3591584961698295],[101.44862020327547,3.3599436726460716],[101.44913841166604,3.3599436726460716],[101.4496566200566,3.3591584961698295]]],[[[101.45121124522828,3.3595510843311027],[101.4506930368377,3.3595510843311027],[101.4506930368377,3.3599436726460716],[101.45121124522828,3.3599436726460716],[101.45121124522828,3.3595510843311027]]],[[[101.4496566200566,3.361121438513334],[101.4496566200566,3.360728849737169],[101.44913841166604,3.360728849737169],[101.44913841166604,3.361121438513334],[101.4496566200566,3.361121438513334]]],[[[101.45121124522828,3.361514027443267],[101.45121124522828,3.362691795155856],[101.45276587039994,3.362691795155856],[101.45276587039994,3.361906616526986],[101.45224766200941,3.361906616526986],[101.45172945361884,3.361121438513334],[101.4506930368377,3.361121438513334],[101.4506930368377,3.361514027443267],[101.45121124522828,3.361514027443267]]],[[[101.45121124522828,3.3642621542598277],[101.45121124522828,3.362691795155856],[101.4506930368377,3.362691795155856],[101.4506930368377,3.3630843847010428],[101.4496566200566,3.3630843847010428],[101.45017482844715,3.3622992057645096],[101.44810199488491,3.3622992057645096],[101.44810199488491,3.361906616526986],[101.44758378649436,3.361906616526986],[101.44758378649436,3.362691795155856],[101.44862020327547,3.3630843847010428],[101.44862020327547,3.3638695642530108],[101.44810199488491,3.3638695642530108],[101.44810199488491,3.3642621542598277],[101.44913841166604,3.3642621542598277],[101.44913841166604,3.3634769744000876],[101.4496566200566,3.3634769744000876],[101.4496566200566,3.3638695642530108],[101.4506930368377,3.3634769744000876],[101.4506930368377,3.3642621542598277],[101.45121124522828,3.3642621542598277]]],[[[101.45276587039994,3.3654399252038316],[101.45276587039994,3.3650473347352206],[101.45224766200941,3.3650473347352206],[101.45224766200941,3.3654399252038316],[101.45276587039994,3.3654399252038316]]],[[[101.4506930368377,3.3709362079392293],[101.4506930368377,3.370543615313423],[101.45017482844715,3.370543615313423],[101.45017482844715,3.3709362079392293],[101.4506930368377,3.3709362079392293]]],[[[101.45172945361884,3.3709362079392293],[101.45172945361884,3.370543615313423],[101.45121124522828,3.370543615313423],[101.45121124522828,3.3709362079392293],[101.45172945361884,3.3709362079392293]]],[[[101.4506930368377,3.3717213936535235],[101.4506930368377,3.3713288007192563],[101.45017482844715,3.3713288007192563],[101.45017482844715,3.3717213936535235],[101.4506930368377,3.3717213936535235]]],[[[101.45017482844715,3.3725065799848486],[101.45017482844715,3.372113986742048],[101.4496566200566,3.372113986742048],[101.4496566200566,3.3725065799848486],[101.45017482844715,3.3725065799848486]]],[[[101.45276587039994,3.372113986742048],[101.45172945361884,3.3717213936535235],[101.45172945361884,3.372899173381943],[101.45224766200941,3.372899173381943],[101.45276587039994,3.372113986742048]]],[[[101.45276587039994,3.372899173381943],[101.45328407879052,3.372899173381943],[101.45328407879052,3.3725065799848486],[101.45276587039994,3.3725065799848486],[101.45276587039994,3.372899173381943]]],[[[101.45121124522828,3.372899173381943],[101.45121124522828,3.3725065799848486],[101.4506930368377,3.3725065799848486],[101.4506930368377,3.372899173381943],[101.45121124522828,3.372899173381943]]],[[[101.45276587039994,3.3732917669333498],[101.45276587039994,3.372899173381943],[101.45224766200941,3.372899173381943],[101.45224766200941,3.3732917669333498],[101.45276587039994,3.3732917669333498]]],[[[101.45172945361884,3.3732917669333498],[101.45172945361884,3.372899173381943],[101.45121124522828,3.372899173381943],[101.45121124522828,3.3732917669333498],[101.45172945361884,3.3732917669333498]]],[[[101.45121124522828,3.375254737005694],[101.45121124522828,3.374862142682456],[101.4506930368377,3.374862142682456],[101.4506930368377,3.375254737005694],[101.45121124522828,3.375254737005694]]],[[[101.45224766200941,3.376039926115449],[101.45224766200941,3.375254737005694],[101.45172945361884,3.375254737005694],[101.45172945361884,3.376039926115449],[101.45224766200941,3.376039926115449]]],[[[101.45224766200941,3.3776103061885894],[101.45172945361884,3.3776103061885894],[101.45172945361884,3.3780029015931534],[101.45224766200941,3.3780029015931534],[101.45224766200941,3.3776103061885894]]],[[[101.45328407879052,3.379965880934548],[101.45276587039994,3.379965880934548],[101.45276587039994,3.380751073753446],[101.45224766200941,3.380751073753446],[101.45276587039994,3.381536267191043],[101.45328407879052,3.381536267191043],[101.45328407879052,3.379965880934548]]],[[[101.45172945361884,3.381536267191043],[101.45172945361884,3.381143670394898],[101.45121124522828,3.381143670394898],[101.45121124522828,3.381928864141898],[101.45224766200941,3.381928864141898],[101.45224766200941,3.381536267191043],[101.45172945361884,3.381536267191043]]],[[[101.45017482844715,3.380751073753446],[101.45017482844715,3.380358477266669],[101.44913841166604,3.380358477266669],[101.44913841166604,3.381143670394898],[101.44810199488491,3.381143670394898],[101.44810199488491,3.381928864141898],[101.44862020327547,3.381928864141898],[101.44862020327547,3.3834992534927903],[101.44913841166604,3.3834992534927903],[101.44913841166604,3.381928864141898],[101.4496566200566,3.381928864141898],[101.4496566200566,3.382714058507814],[101.45017482844715,3.382714058507814],[101.45017482844715,3.381536267191043],[101.4506930368377,3.381536267191043],[101.4506930368377,3.380751073753446],[101.45017482844715,3.380751073753446]]],[[[101.4506930368377,3.384284449096972],[101.4506930368377,3.383891851217472],[101.45121124522828,3.383891851217472],[101.45121124522828,3.382321461247483],[101.45017482844715,3.382714058507814],[101.45017482844715,3.384284449096972],[101.4506930368377,3.384284449096972]]],[[[101.45224766200941,3.383891851217472],[101.45224766200941,3.3834992534927903],[101.45172945361884,3.3834992534927903],[101.45172945361884,3.383891851217472],[101.45224766200941,3.383891851217472]]],[[[101.45172945361884,3.384677047131311],[101.45172945361884,3.383891851217472],[101.45121124522828,3.383891851217472],[101.45121124522828,3.384677047131311],[101.45172945361884,3.384677047131311]]],[[[101.4496566200566,3.385462243664574],[101.4496566200566,3.383891851217472],[101.44810199488491,3.383891851217472],[101.44810199488491,3.385462243664574],[101.4496566200566,3.385462243664574]]],[[[101.45121124522828,3.385462243664574],[101.45121124522828,3.384677047131311],[101.4506930368377,3.384677047131311],[101.4506930368377,3.385462243664574],[101.45121124522828,3.385462243664574]]],[[[101.45276587039994,3.386247440817405],[101.45276587039994,3.385462243664574],[101.45224766200941,3.385462243664574],[101.45224766200941,3.386247440817405],[101.45276587039994,3.386247440817405]]],[[[101.45172945361884,3.386247440817405],[101.45172945361884,3.385854842163534],[101.45121124522828,3.385854842163534],[101.45121124522828,3.386247440817405],[101.45172945361884,3.386247440817405]]],[[[101.4506930368377,3.386247440817405],[101.4506930368377,3.385854842163534],[101.45017482844715,3.385854842163534],[101.45017482844715,3.386247440817405],[101.4506930368377,3.386247440817405]]],[[[101.45224766200941,3.3866400396262026],[101.45224766200941,3.386247440817405],[101.45172945361884,3.386247440817405],[101.45172945361884,3.3866400396262026],[101.45224766200941,3.3866400396262026]]],[[[101.45017482844715,3.387817836982351],[101.45017482844715,3.3874252377086593],[101.4496566200566,3.3874252377086593],[101.4496566200566,3.387817836982351],[101.45017482844715,3.387817836982351]]],[[[101.45328407879052,3.388210436411044],[101.45328407879052,3.3874252377086593],[101.45224766200941,3.3870326385899485],[101.45224766200941,3.387817836982351],[101.45328407879052,3.388210436411044]]],[[[101.4496566200566,3.388995635733506],[101.4496566200566,3.3886030359947563],[101.44913841166604,3.3886030359947563],[101.44913841166604,3.388995635733506],[101.4496566200566,3.388995635733506]]],[[[101.45121124522828,3.391743838247315],[101.45121124522828,3.3913512374227976],[101.45017482844715,3.391743838247315],[101.4496566200566,3.393706844697994],[101.4506930368377,3.3933142430973855],[101.4506930368377,3.3921364392270137],[101.45224766200941,3.3921364392270137],[101.45224766200941,3.3913512374227976],[101.45121124522828,3.391743838247315]]],[[[101.44913841166604,3.392921641652031],[101.44862020327547,3.392921641652031],[101.44862020327547,3.3940994464538754],[101.44913841166604,3.3940994464538754],[101.44913841166604,3.392921641652031]]],[[[101.45172945361884,3.39488465043153],[101.4506930368377,3.39488465043153],[101.4506930368377,3.3952772526533392],[101.45224766200941,3.3952772526533392],[101.45224766200941,3.3940994464538754],[101.45172945361884,3.3940994464538754],[101.45172945361884,3.39488465043153]]],[[[101.45276587039994,3.395669855030494],[101.45276587039994,3.3952772526533392],[101.45224766200941,3.3952772526533392],[101.45224766200941,3.395669855030494],[101.45276587039994,3.395669855030494]]],[[[101.45172945361884,3.3968476630942086],[101.45172945361884,3.396062457563011],[101.45121124522828,3.396062457563011],[101.45121124522828,3.3968476630942086],[101.45172945361884,3.3968476630942086]]],[[[101.45121124522828,3.3972402660929264],[101.45121124522828,3.3968476630942086],[101.45017482844715,3.3968476630942086],[101.45017482844715,3.3972402660929264],[101.45121124522828,3.3972402660929264]]],[[[101.45121124522828,3.3988106796423363],[101.45121124522828,3.398418076021766],[101.4506930368377,3.398418076021766],[101.4506930368377,3.3988106796423363],[101.45121124522828,3.3988106796423363]]],[[[101.44913841166604,3.3988106796423363],[101.44913841166604,3.398418076021766],[101.44862020327547,3.398418076021766],[101.44862020327547,3.3988106796423363],[101.44913841166604,3.3988106796423363]]],[[[101.4506930368377,3.399203283418413],[101.4506930368377,3.3988106796423363],[101.45017482844715,3.3988106796423363],[101.45017482844715,3.399203283418413],[101.4506930368377,3.399203283418413]]],[[[101.45276587039994,3.4004968928211645],[101.45172945361884,3.400381095679881],[101.45172945361884,3.4006863611872076],[101.45276587039994,3.4004968928211645]]],[[[101.45587512074331,3.362691795155856],[101.45587512074331,3.361906616526986],[101.45535691235276,3.361906616526986],[101.45535691235276,3.362691795155856],[101.45587512074331,3.362691795155856]]],[[[101.45432049557165,3.3630843847010428],[101.45432049557165,3.3634769744000876],[101.45535691235276,3.3634769744000876],[101.45535691235276,3.362691795155856],[101.45432049557165,3.362691795155856],[101.45432049557165,3.3622992057645096],[101.45380228718108,3.3622992057645096],[101.45380228718108,3.3630843847010428],[101.45432049557165,3.3630843847010428]]],[[[101.45328407879052,3.3630843847010428],[101.45328407879052,3.3634769744000876],[101.45380228718108,3.3634769744000876],[101.45380228718108,3.3630843847010428],[101.45328407879052,3.3630843847010428]]],[[[101.45691153752445,3.3634769744000876],[101.45691153752445,3.3630843847010428],[101.45639332913389,3.3630843847010428],[101.45639332913389,3.3634769744000876],[101.45691153752445,3.3634769744000876]]],[[[101.45432049557165,3.3638695642530108],[101.45432049557165,3.3634769744000876],[101.45380228718108,3.3634769744000876],[101.45380228718108,3.3638695642530108],[101.45432049557165,3.3638695642530108]]],[[[101.45432049557165,3.3638695642530108],[101.45432049557165,3.3642621542598277],[101.45380228718108,3.3642621542598277],[101.45380228718108,3.3646547444205583],[101.45483870396221,3.3646547444205583],[101.45483870396221,3.3638695642530108],[101.45432049557165,3.3638695642530108]]],[[[101.45432049557165,3.3654399252038316],[101.45432049557165,3.3650473347352206],[101.45328407879052,3.3650473347352206],[101.45328407879052,3.3654399252038316],[101.45432049557165,3.3654399252038316]]],[[[101.45380228718108,3.3662251066029754],[101.45380228718108,3.365832515826411],[101.45224766200941,3.365832515826411],[101.45224766200941,3.366617697533543],[101.45276587039994,3.366617697533543],[101.45276587039994,3.3662251066029754],[101.45380228718108,3.3662251066029754]]],[[[101.45898437108669,3.372113986742048],[101.45846616269613,3.372113986742048],[101.45846616269613,3.372899173381943],[101.45898437108669,3.372899173381943],[101.45898437108669,3.3725065799848486],[101.46002078786782,3.372899173381943],[101.46002078786782,3.3713288007192563],[101.45950257947726,3.3713288007192563],[101.45950257947726,3.3709362079392293],[101.46002078786782,3.3709362079392293],[101.46053899625836,3.370151022841819],[101.45950257947726,3.369758430524402],[101.45950257947726,3.3689732463520476],[101.46002078786782,3.3689732463520476],[101.46053899625836,3.368188062796217],[101.46002078786782,3.368188062796217],[101.46002078786782,3.3670102886181335],[101.45898437108669,3.366617697533543],[101.45898437108669,3.365832515826411],[101.45794795430555,3.365832515826411],[101.45794795430555,3.3654399252038316],[101.45742974591502,3.3654399252038316],[101.45742974591502,3.3634769744000876],[101.45691153752445,3.3634769744000876],[101.45691153752445,3.3638695642530108],[101.45639332913389,3.3638695642530108],[101.45639332913389,3.3634769744000876],[101.45535691235276,3.3638695642530108],[101.45535691235276,3.3646547444205583],[101.45587512074331,3.3646547444205583],[101.45587512074331,3.3650473347352206],[101.45483870396221,3.3650473347352206],[101.45483870396221,3.365832515826411],[101.45432049557165,3.365832515826411],[101.45432049557165,3.3662251066029754],[101.45483870396221,3.3662251066029754],[101.45483870396221,3.366617697533543],[101.45432049557165,3.366617697533543],[101.45432049557165,3.367402879856764],[101.45276587039994,3.367402879856764],[101.45276587039994,3.3670102886181335],[101.45172945361884,3.366617697533543],[101.45172945361884,3.365832515826411],[101.4506930368377,3.365832515826411],[101.4506930368377,3.3646547444205583],[101.45017482844715,3.3646547444205583],[101.45017482844715,3.365832515826411],[101.44758378649436,3.365832515826411],[101.44758378649436,3.367402879856764],[101.44810199488491,3.367402879856764],[101.44810199488491,3.367795471249452],[101.44913841166604,3.367795471249452],[101.44913841166604,3.3685806544970767],[101.44810199488491,3.3685806544970767],[101.44810199488491,3.3689732463520476],[101.4506930368377,3.3693658383611504],[101.4506930368377,3.370543615313423],[101.45121124522828,3.370543615313423],[101.45121124522828,3.369758430524402],[101.45172945361884,3.369758430524402],[101.45172945361884,3.3693658383611504],[101.45121124522828,3.3693658383611504],[101.45121124522828,3.3685806544970767],[101.45172945361884,3.3685806544970767],[101.45172945361884,3.368188062796217],[101.45224766200941,3.368188062796217],[101.45224766200941,3.3689732463520476],[101.45380228718108,3.3689732463520476],[101.45432049557165,3.369758430524402],[101.45483870396221,3.369758430524402],[101.45587512074331,3.3685806544970767],[101.45846616269613,3.368188062796217],[101.45846616269613,3.3685806544970767],[101.45639332913389,3.369758430524402],[101.45639332913389,3.370543615313423],[101.45483870396221,3.370543615313423],[101.45483870396221,3.3709362079392293],[101.45639332913389,3.3709362079392293],[101.45691153752445,3.3717213936535235],[101.45794795430555,3.3717213936535235],[101.45794795430555,3.3709362079392293],[101.45846616269613,3.3709362079392293],[101.45846616269613,3.3717213936535235],[101.45898437108669,3.3717213936535235],[101.45898437108669,3.372113986742048]],[[101.45742974591502,3.370151022841819],[101.45742974591502,3.3709362079392293],[101.45691153752445,3.3709362079392293],[101.45691153752445,3.370151022841819],[101.45742974591502,3.370151022841819]],[[101.45432049557165,3.3685806544970767],[101.45380228718108,3.3685806544970767],[101.45380228718108,3.368188062796217],[101.45432049557165,3.368188062796217],[101.45432049557165,3.3685806544970767]],[[101.45328407879052,3.368188062796217],[101.45328407879052,3.367795471249452],[101.45380228718108,3.367795471249452],[101.45380228718108,3.368188062796217],[101.45328407879052,3.368188062796217]],[[101.45483870396221,3.367795471249452],[101.45587512074331,3.367795471249452],[101.45587512074331,3.3670102886181335],[101.45691153752445,3.3670102886181335],[101.45691153752445,3.366617697533543],[101.45742974591502,3.366617697533543],[101.45794795430555,3.367402879856764],[101.45898437108669,3.367402879856764],[101.45898437108669,3.367795471249452],[101.45691153752445,3.367795471249452],[101.45691153752445,3.368188062796217],[101.45483870396221,3.368188062796217],[101.45483870396221,3.367795471249452]],[[101.45639332913389,3.366617697533543],[101.45639332913389,3.365832515826411],[101.45691153752445,3.365832515826411],[101.45691153752445,3.366617697533543],[101.45639332913389,3.366617697533543]],[[101.45121124522828,3.367402879856764],[101.45121124522828,3.367795471249452],[101.4506930368377,3.367795471249452],[101.4506930368377,3.367402879856764],[101.45121124522828,3.367402879856764]],[[101.4496566200566,3.3662251066029754],[101.4496566200566,3.367402879856764],[101.44913841166604,3.367402879856764],[101.44913841166604,3.3662251066029754],[101.4496566200566,3.3662251066029754]]],[[[101.45639332913389,3.372899173381943],[101.45535691235276,3.372899173381943],[101.45535691235276,3.3725065799848486],[101.45483870396221,3.3725065799848486],[101.45483870396221,3.3709362079392293],[101.45380228718108,3.3709362079392293],[101.45380228718108,3.372113986742048],[101.45432049557165,3.372113986742048],[101.45380228718108,3.373684360639085],[101.45639332913389,3.3732917669333498],[101.45639332913389,3.372899173381943]]],[[[101.45950257947726,3.3732917669333498],[101.45950257947726,3.372899173381943],[101.45898437108669,3.372899173381943],[101.45898437108669,3.3732917669333498],[101.45950257947726,3.3732917669333498]]],[[[101.45846616269613,3.3732917669333498],[101.45846616269613,3.372899173381943],[101.45742974591502,3.372899173381943],[101.45742974591502,3.373684360639085],[101.45846616269613,3.3732917669333498]]],[[[101.45691153752445,3.373684360639085],[101.45691153752445,3.3732917669333498],[101.45639332913389,3.3732917669333498],[101.45639332913389,3.373684360639085],[101.45691153752445,3.373684360639085]]],[[[101.45639332913389,3.3756473314833526],[101.45639332913389,3.375254737005694],[101.45587512074331,3.375254737005694],[101.45587512074331,3.3756473314833526],[101.45639332913389,3.3756473314833526]]],[[[101.45432049557165,3.375254737005694],[101.45432049557165,3.376039926115449],[101.45380228718108,3.376039926115449],[101.45380228718108,3.3764325209020036],[101.45535691235276,3.3764325209020036],[101.45535691235276,3.3768251158430336],[101.45639332913389,3.377217710938556],[101.45639332913389,3.376039926115449],[101.45587512074331,3.376039926115449],[101.45587512074331,3.3756473314833526],[101.45483870396221,3.376039926115449],[101.45483870396221,3.375254737005694],[101.45432049557165,3.375254737005694]]],[[[101.45328407879052,3.377217710938556],[101.45328407879052,3.3764325209020036],[101.45276587039994,3.3764325209020036],[101.45276587039994,3.377217710938556],[101.45328407879052,3.377217710938556]]],[[[101.45691153752445,3.378395497152265],[101.45691153752445,3.3776103061885894],[101.45639332913389,3.3776103061885894],[101.45639332913389,3.378395497152265],[101.45691153752445,3.378395497152265]]],[[[101.45328407879052,3.3787880928659417],[101.45328407879052,3.378395497152265],[101.45276587039994,3.378395497152265],[101.45276587039994,3.3787880928659417],[101.45328407879052,3.3787880928659417]]],[[[101.45794795430555,3.3791806887342024],[101.45794795430555,3.3787880928659417],[101.45742974591502,3.3787880928659417],[101.45742974591502,3.3791806887342024],[101.45794795430555,3.3791806887342024]]],[[[101.45535691235276,3.3795732847570648],[101.45535691235276,3.3791806887342024],[101.45483870396221,3.3791806887342024],[101.45483870396221,3.3795732847570648],[101.45535691235276,3.3795732847570648]]],[[[101.45483870396221,3.380358477266669],[101.45432049557165,3.3795732847570648],[101.45328407879052,3.3795732847570648],[101.45380228718108,3.380358477266669],[101.45483870396221,3.380358477266669]]],[[[101.45587512074331,3.380751073753446],[101.45587512074331,3.3795732847570648],[101.45535691235276,3.3795732847570648],[101.45535691235276,3.380751073753446],[101.45587512074331,3.380751073753446]]],[[[101.45535691235276,3.381143670394898],[101.45535691235276,3.380751073753446],[101.45483870396221,3.380751073753446],[101.45483870396221,3.381143670394898],[101.45535691235276,3.381143670394898]]],[[[101.45639332913389,3.381143670394898],[101.45639332913389,3.380751073753446],[101.45587512074331,3.380751073753446],[101.45587512074331,3.381143670394898],[101.45639332913389,3.381143670394898]]],[[[101.45639332913389,3.382321461247483],[101.45639332913389,3.381928864141898],[101.45587512074331,3.381928864141898],[101.45587512074331,3.382321461247483],[101.45639332913389,3.382321461247483]]],[[[101.45742974591502,3.381928864141898],[101.45691153752445,3.381928864141898],[101.45691153752445,3.382321461247483],[101.45742974591502,3.382321461247483],[101.45742974591502,3.381928864141898]]],[[[101.45483870396221,3.382321461247483],[101.45432049557165,3.382321461247483],[101.45432049557165,3.382714058507814],[101.45483870396221,3.382714058507814],[101.45483870396221,3.382321461247483]]],[[[101.45535691235276,3.3834992534927903],[101.45535691235276,3.383106655922911],[101.45483870396221,3.383106655922911],[101.45483870396221,3.3834992534927903],[101.45535691235276,3.3834992534927903]]],[[[101.45432049557165,3.3834992534927903],[101.45432049557165,3.383891851217472],[101.45483870396221,3.383891851217472],[101.45483870396221,3.3834992534927903],[101.45432049557165,3.3834992534927903]]],[[[101.45742974591502,3.384284449096972],[101.45742974591502,3.383891851217472],[101.45691153752445,3.383891851217472],[101.45691153752445,3.384284449096972],[101.45742974591502,3.384284449096972]]],[[[101.45380228718108,3.385462243664574],[101.45380228718108,3.385069645320505],[101.45328407879052,3.385069645320505],[101.45328407879052,3.385462243664574],[101.45380228718108,3.385462243664574]]],[[[101.45432049557165,3.3866400396262026],[101.45380228718108,3.3874252377086593],[101.45483870396221,3.3874252377086593],[101.45483870396221,3.387817836982351],[101.45535691235276,3.387817836982351],[101.45535691235276,3.3874252377086593],[101.45639332913389,3.387817836982351],[101.45639332913389,3.3870326385899485],[101.45742974591502,3.3866400396262026],[101.45742974591502,3.384677047131311],[101.45691153752445,3.384677047131311],[101.45639332913389,3.383891851217472],[101.45535691235276,3.383891851217472],[101.45483870396221,3.385462243664574],[101.45432049557165,3.385462243664574],[101.45432049557165,3.385854842163534],[101.45328407879052,3.385854842163534],[101.45328407879052,3.386247440817405],[101.45432049557165,3.3866400396262026]],[[101.45691153752445,3.385069645320505],[101.45639332913389,3.385069645320505],[101.45639332913389,3.384677047131311],[101.45691153752445,3.384677047131311],[101.45691153752445,3.385069645320505]],[[101.45587512074331,3.384677047131311],[101.45587512074331,3.385069645320505],[101.45535691235276,3.385069645320505],[101.45535691235276,3.384677047131311],[101.45587512074331,3.384677047131311]]],[[[101.45898437108669,3.3866400396262026],[101.45898437108669,3.386247440817405],[101.45846616269613,3.386247440817405],[101.45846616269613,3.3866400396262026],[101.45898437108669,3.3866400396262026]]],[[[101.45846616269613,3.3866400396262026],[101.45742974591502,3.3866400396262026],[101.45742974591502,3.3870326385899485],[101.45846616269613,3.3870326385899485],[101.45846616269613,3.3866400396262026]]],[[[101.45846616269613,3.388210436411044],[101.45898437108669,3.388210436411044],[101.45898437108669,3.3870326385899485],[101.45846616269613,3.3870326385899485],[101.45846616269613,3.388210436411044]]],[[[101.45380228718108,3.3886030359947563],[101.45380228718108,3.388210436411044],[101.45328407879052,3.388210436411044],[101.45328407879052,3.3886030359947563],[101.45380228718108,3.3886030359947563]]],[[[101.45794795430555,3.3897808356761896],[101.45742974591502,3.3897808356761896],[101.45794795430555,3.3874252377086593],[101.45691153752445,3.3874252377086593],[101.45691153752445,3.387817836982351],[101.45639332913389,3.387817836982351],[101.45691153752445,3.3886030359947563],[101.45432049557165,3.388210436411044],[101.45432049557165,3.388995635733506],[101.45535691235276,3.389388235627311],[101.45535691235276,3.3897808356761896],[101.45483870396221,3.3897808356761896],[101.45483870396221,3.390566036239238],[101.45535691235276,3.390566036239238],[101.45535691235276,3.390958636753445],[101.45794795430555,3.390566036239238],[101.45794795430555,3.3897808356761896]],[[101.45535691235276,3.388995635733506],[101.45587512074331,3.388995635733506],[101.45587512074331,3.389388235627311],[101.45535691235276,3.389388235627311],[101.45535691235276,3.388995635733506]],[[101.45691153752445,3.389388235627311],[101.45691153752445,3.3897808356761896],[101.45587512074331,3.390173435880158],[101.45587512074331,3.389388235627311],[101.45691153752445,3.389388235627311]]],[[[101.45380228718108,3.388995635733506],[101.45380228718108,3.389388235627311],[101.45328407879052,3.389388235627311],[101.45328407879052,3.3897808356761896],[101.45432049557165,3.3897808356761896],[101.45432049557165,3.388995635733506],[101.45380228718108,3.388995635733506]]],[[[101.45432049557165,3.390958636753445],[101.45432049557165,3.3913512374227976],[101.45483870396221,3.3913512374227976],[101.45483870396221,3.391743838247315],[101.45535691235276,3.391743838247315],[101.45535691235276,3.390958636753445],[101.45380228718108,3.390173435880158],[101.45380228718108,3.390958636753445],[101.45432049557165,3.390958636753445]]],[[[101.45380228718108,3.3913512374227976],[101.45380228718108,3.390958636753445],[101.45328407879052,3.390958636753445],[101.45328407879052,3.3913512374227976],[101.45380228718108,3.3913512374227976]]],[[[101.45276587039994,3.3913512374227976],[101.45276587039994,3.391743838247315],[101.45328407879052,3.391743838247315],[101.45328407879052,3.3913512374227976],[101.45276587039994,3.3913512374227976]]],[[[101.45432049557165,3.391743838247315],[101.45432049557165,3.3913512374227976],[101.45380228718108,3.3913512374227976],[101.45380228718108,3.391743838247315],[101.45432049557165,3.391743838247315]]],[[[101.45639332913389,3.396062457563011],[101.45639332913389,3.3961288856337264],[101.45646608134851,3.396062457563011],[101.45639332913389,3.396062457563011]]],[[[101.45535691235276,3.3968476630942086],[101.45535691235276,3.3975803257216546],[101.45561170332732,3.3968476630942086],[101.45535691235276,3.3968476630942086]]],[[[101.45506557628846,3.398418076021766],[101.45533863980788,3.397632869247079],[101.45483870396221,3.397632869247079],[101.45506557628846,3.398418076021766]]],[[[101.45328407879052,3.400381095679881],[101.45328407879052,3.3999884914371687],[101.45276587039994,3.3999884914371687],[101.45276587039994,3.400381095679881],[101.45328407879052,3.400381095679881]]],[[[101.46313003821116,3.368188062796217],[101.46313003821116,3.367795471249452],[101.4626118298206,3.367795471249452],[101.4626118298206,3.368188062796217],[101.46313003821116,3.368188062796217]]],[[[101.46727570533567,3.367795471249452],[101.46727570533567,3.3685806544970767],[101.46623928855453,3.3685806544970767],[101.46623928855453,3.368188062796217],[101.4652028717734,3.368188062796217],[101.4652028717734,3.3685806544970767],[101.46572108016397,3.3685806544970767],[101.46572108016397,3.3689732463520476],[101.4667574969451,3.3689732463520476],[101.4667574969451,3.3693658383611504],[101.46727570533567,3.3693658383611504],[101.46727570533567,3.3689732463520476],[101.46883033050734,3.3689732463520476],[101.46883033050734,3.3685806544970767],[101.46831212211677,3.3685806544970767],[101.46831212211677,3.3670102886181335],[101.46779391372621,3.3670102886181335],[101.46779391372621,3.367795471249452],[101.46727570533567,3.367795471249452]]],[[[101.46468466338287,3.3685806544970767],[101.46468466338287,3.368188062796217],[101.4641664549923,3.368188062796217],[101.4641664549923,3.3685806544970767],[101.46468466338287,3.3685806544970767]]],[[[101.46623928855453,3.370151022841819],[101.46623928855453,3.369758430524402],[101.46572108016397,3.369758430524402],[101.46572108016397,3.370151022841819],[101.46623928855453,3.370151022841819]]],[[[101.46883033050734,3.3709362079392293],[101.46883033050734,3.370151022841819],[101.46831212211677,3.370151022841819],[101.46831212211677,3.3709362079392293],[101.46883033050734,3.3709362079392293]]],[[[101.4641664549923,3.3713288007192563],[101.4641664549923,3.3709362079392293],[101.46364824660174,3.3709362079392293],[101.46364824660174,3.3713288007192563],[101.4641664549923,3.3713288007192563]]],[[[101.46053899625836,3.3717213936535235],[101.46053899625836,3.372899173381943],[101.46105720464892,3.372899173381943],[101.46105720464892,3.372113986742048],[101.4615754130395,3.372113986742048],[101.4615754130395,3.3725065799848486],[101.4626118298206,3.372113986742048],[101.4626118298206,3.3717213936535235],[101.46053899625836,3.3717213936535235]]],[[[101.4693485388979,3.3725065799848486],[101.4693485388979,3.372113986742048],[101.46883033050734,3.372113986742048],[101.46883033050734,3.3725065799848486],[101.4693485388979,3.3725065799848486]]],[[[101.46727570533567,3.374862142682456],[101.46779391372621,3.374862142682456],[101.46727570533567,3.37407695449917],[101.46831212211677,3.373684360639085],[101.46831212211677,3.3725065799848486],[101.46779391372621,3.3725065799848486],[101.46779391372621,3.3717213936535235],[101.46727570533567,3.3717213936535235],[101.46727570533567,3.3713288007192563],[101.46779391372621,3.3713288007192563],[101.46779391372621,3.3709362079392293],[101.46727570533567,3.3709362079392293],[101.46727570533567,3.370151022841819],[101.46623928855453,3.370151022841819],[101.46623928855453,3.3709362079392293],[101.4667574969451,3.3709362079392293],[101.4667574969451,3.3717213936535235],[101.46623928855453,3.3717213936535235],[101.46623928855453,3.3732917669333498],[101.46468466338287,3.3732917669333498],[101.46468466338287,3.3725065799848486],[101.4641664549923,3.3725065799848486],[101.4641664549923,3.372899173381943],[101.46313003821116,3.372899173381943],[101.4626118298206,3.373684360639085],[101.4641664549923,3.373684360639085],[101.4641664549923,3.3744695485136207],[101.46572108016397,3.3744695485136207],[101.46572108016397,3.37407695449917],[101.46623928855453,3.37407695449917],[101.46623928855453,3.3744695485136207],[101.4667574969451,3.3744695485136207],[101.4667574969451,3.374862142682456],[101.46623928855453,3.374862142682456],[101.46623928855453,3.3756473314833526],[101.46779391372621,3.3756473314833526],[101.46727570533567,3.374862142682456]],[[101.46623928855453,3.373684360639085],[101.4667574969451,3.373684360639085],[101.4667574969451,3.37407695449917],[101.46623928855453,3.37407695449917],[101.46623928855453,3.373684360639085]],[[101.46468466338287,3.373684360639085],[101.4652028717734,3.373684360639085],[101.4652028717734,3.37407695449917],[101.46468466338287,3.37407695449917],[101.46468466338287,3.373684360639085]]],[[[101.4693485388979,3.373684360639085],[101.4693485388979,3.372899173381943],[101.46883033050734,3.372899173381943],[101.46883033050734,3.373684360639085],[101.4693485388979,3.373684360639085]]],[[[101.46364824660174,3.3744695485136207],[101.46364824660174,3.37407695449917],[101.46313003821116,3.37407695449917],[101.46313003821116,3.3744695485136207],[101.46364824660174,3.3744695485136207]]],[[[101.46883033050734,3.374862142682456],[101.46883033050734,3.37407695449917],[101.46831212211677,3.37407695449917],[101.46831212211677,3.374862142682456],[101.46883033050734,3.374862142682456]]],[[[101.46572108016397,3.375254737005694],[101.46572108016397,3.374862142682456],[101.4652028717734,3.374862142682456],[101.4652028717734,3.375254737005694],[101.46572108016397,3.375254737005694]]],[[[101.46105720464892,3.374862142682456],[101.46209362143006,3.375254737005694],[101.46209362143006,3.37407695449917],[101.4626118298206,3.37407695449917],[101.4626118298206,3.373684360639085],[101.4615754130395,3.373684360639085],[101.4615754130395,3.37407695449917],[101.46105720464892,3.37407695449917],[101.46105720464892,3.373684360639085],[101.46053899625836,3.373684360639085],[101.46053899625836,3.37407695449917],[101.45846616269613,3.37407695449917],[101.45846616269613,3.374862142682456],[101.45898437108669,3.374862142682456],[101.45898437108669,3.375254737005694],[101.45742974591502,3.375254737005694],[101.45742974591502,3.3756473314833526],[101.45794795430555,3.3756473314833526],[101.45794795430555,3.3764325209020036],[101.45742974591502,3.3764325209020036],[101.45742974591502,3.3768251158430336],[101.45846616269613,3.3768251158430336],[101.45846616269613,3.3756473314833526],[101.46002078786782,3.3756473314833526],[101.46002078786782,3.375254737005694],[101.45950257947726,3.375254737005694],[101.45950257947726,3.3744695485136207],[101.46053899625836,3.3744695485136207],[101.46053899625836,3.375254737005694],[101.46105720464892,3.375254737005694],[101.46105720464892,3.374862142682456]]],[[[101.4693485388979,3.374862142682456],[101.46883033050734,3.374862142682456],[101.46883033050734,3.376039926115449],[101.4693485388979,3.376039926115449],[101.4693485388979,3.374862142682456]]],[[[101.46468466338287,3.376039926115449],[101.46468466338287,3.375254737005694],[101.4641664549923,3.375254737005694],[101.4641664549923,3.376039926115449],[101.46468466338287,3.376039926115449]]],[[[101.46572108016397,3.376039926115449],[101.46572108016397,3.3756473314833526],[101.4652028717734,3.3756473314833526],[101.4652028717734,3.376039926115449],[101.46572108016397,3.376039926115449]]],[[[101.4641664549923,3.3764325209020036],[101.4641664549923,3.376039926115449],[101.46364824660174,3.376039926115449],[101.46364824660174,3.3764325209020036],[101.4641664549923,3.3764325209020036]]],[[[101.46209362143006,3.3768251158430336],[101.46209362143006,3.3764325209020036],[101.4615754130395,3.3764325209020036],[101.4615754130395,3.3768251158430336],[101.46209362143006,3.3768251158430336]]],[[[101.4667574969451,3.3764325209020036],[101.4667574969451,3.376039926115449],[101.46623928855453,3.376039926115449],[101.46623928855453,3.3776103061885894],[101.4667574969451,3.3776103061885894],[101.4667574969451,3.377217710938556],[101.46779391372621,3.377217710938556],[101.46779391372621,3.3764325209020036],[101.46831212211677,3.3764325209020036],[101.46831212211677,3.376039926115449],[101.46727570533567,3.376039926115449],[101.46727570533567,3.3764325209020036],[101.4667574969451,3.3764325209020036]]],[[[101.46623928855453,3.3780029015931534],[101.46623928855453,3.3776103061885894],[101.46572108016397,3.3776103061885894],[101.46572108016397,3.3764325209020036],[101.4652028717734,3.3764325209020036],[101.46468466338287,3.378395497152265],[101.46572108016397,3.378395497152265],[101.46572108016397,3.3780029015931534],[101.46623928855453,3.3780029015931534]]],[[[101.46986674728846,3.378395497152265],[101.46986674728846,3.3780029015931534],[101.4693485388979,3.3780029015931534],[101.4693485388979,3.378395497152265],[101.46986674728846,3.378395497152265]]],[[[101.46831212211677,3.3787880928659417],[101.46831212211677,3.378395497152265],[101.46779391372621,3.378395497152265],[101.46779391372621,3.3787880928659417],[101.46831212211677,3.3787880928659417]]],[[[101.46727570533567,3.3791806887342024],[101.46727570533567,3.3787880928659417],[101.4667574969451,3.3787880928659417],[101.4667574969451,3.3791806887342024],[101.46727570533567,3.3791806887342024]]],[[[101.45846616269613,3.380358477266669],[101.45846616269613,3.380751073753446],[101.45950257947726,3.380751073753446],[101.45950257947726,3.380358477266669],[101.46002078786782,3.380358477266669],[101.46002078786782,3.3795732847570648],[101.45846616269613,3.380358477266669]]],[[[101.46779391372621,3.381536267191043],[101.46779391372621,3.381143670394898],[101.46727570533567,3.381143670394898],[101.46727570533567,3.381536267191043],[101.46779391372621,3.381536267191043]]],[[[101.4667574969451,3.381928864141898],[101.4667574969451,3.381536267191043],[101.46623928855453,3.381536267191043],[101.46623928855453,3.381928864141898],[101.4667574969451,3.381928864141898]]],[[[101.46364824660174,3.381928864141898],[101.46364824660174,3.381536267191043],[101.4626118298206,3.381536267191043],[101.4626118298206,3.381928864141898],[101.46364824660174,3.381928864141898]]],[[[101.46986674728846,3.381928864141898],[101.46986674728846,3.381536267191043],[101.4693485388979,3.381536267191043],[101.4693485388979,3.381928864141898],[101.46986674728846,3.381928864141898]]],[[[101.46883033050734,3.382321461247483],[101.46883033050734,3.381928864141898],[101.46831212211677,3.381928864141898],[101.46831212211677,3.382321461247483],[101.46883033050734,3.382321461247483]]],[[[101.4667574969451,3.382321461247483],[101.46623928855453,3.382321461247483],[101.46623928855453,3.382714058507814],[101.4667574969451,3.382714058507814],[101.4667574969451,3.382321461247483]]],[[[101.46831212211677,3.382321461247483],[101.46779391372621,3.382321461247483],[101.46779391372621,3.382714058507814],[101.46831212211677,3.382714058507814],[101.46831212211677,3.382321461247483]]],[[[101.46364824660174,3.383106655922911],[101.46364824660174,3.382714058507814],[101.46313003821116,3.382714058507814],[101.46313003821116,3.383106655922911],[101.46364824660174,3.383106655922911]]],[[[101.46468466338287,3.3834992534927903],[101.46468466338287,3.383106655922911],[101.4641664549923,3.383106655922911],[101.4641664549923,3.3834992534927903],[101.46468466338287,3.3834992534927903]]],[[[101.46313003821116,3.3834992534927903],[101.46313003821116,3.383106655922911],[101.4626118298206,3.383106655922911],[101.4626118298206,3.3834992534927903],[101.46313003821116,3.3834992534927903]]],[[[101.46572108016397,3.383891851217472],[101.46572108016397,3.383106655922911],[101.4652028717734,3.383106655922911],[101.4652028717734,3.383891851217472],[101.46572108016397,3.383891851217472]]],[[[101.46883033050734,3.384677047131311],[101.4693485388979,3.384677047131311],[101.4693485388979,3.384284449096972],[101.46883033050734,3.384284449096972],[101.46883033050734,3.384677047131311]]],[[[101.4667574969451,3.384284449096972],[101.46572108016397,3.384284449096972],[101.46572108016397,3.384677047131311],[101.46623928855453,3.384677047131311],[101.46623928855453,3.385069645320505],[101.46572108016397,3.385069645320505],[101.46572108016397,3.386247440817405],[101.4667574969451,3.386247440817405],[101.4667574969451,3.385854842163534],[101.46727570533567,3.385854842163534],[101.4667574969451,3.387817836982351],[101.46779391372621,3.387817836982351],[101.46779391372621,3.388210436411044],[101.4683729993049,3.388210436411044],[101.46827493636931,3.3874252377086593],[101.46779391372621,3.3874252377086593],[101.46779391372621,3.3866400396262026],[101.46822910572037,3.3866400396262026],[101.46779391372621,3.385854842163534],[101.46831212211677,3.385069645320505],[101.46727570533567,3.385069645320505],[101.46727570533567,3.384677047131311],[101.46831212211677,3.384677047131311],[101.46831212211677,3.384284449096972],[101.46883033050734,3.384284449096972],[101.46883033050734,3.3834992534927903],[101.46727570533567,3.382714058507814],[101.4667574969451,3.384284449096972]],[[101.46727570533567,3.383891851217472],[101.46779391372621,3.383891851217472],[101.46779391372621,3.384284449096972],[101.46727570533567,3.384284449096972],[101.46727570533567,3.383891851217472]]],[[[101.46105720464892,3.3886030359947563],[101.46105720464892,3.388210436411044],[101.46053899625836,3.388210436411044],[101.46053899625836,3.3886030359947563],[101.46105720464892,3.3886030359947563]]],[[[101.46831212211677,3.388713138767962],[101.46779391372621,3.3886030359947563],[101.46779391372621,3.3892588100478442],[101.46831212211677,3.388713138767962]]],[[[101.46002078786782,3.389388235627311],[101.46002078786782,3.390566036239238],[101.46053899625836,3.390566036239238],[101.46053899625836,3.390173435880158],[101.46105720464892,3.390173435880158],[101.46105720464892,3.3897808356761896],[101.46053899625836,3.3897808356761896],[101.46053899625836,3.3886030359947563],[101.45950257947726,3.3886030359947563],[101.45950257947726,3.389388235627311],[101.46002078786782,3.389388235627311]]],[[[101.4641664549923,3.390173435880158],[101.4641664549923,3.3897808356761896],[101.46364824660174,3.3897808356761896],[101.46364824660174,3.390173435880158],[101.4641664549923,3.390173435880158]]],[[[101.46105720464892,3.3913512374227976],[101.46105720464892,3.390566036239238],[101.46053899625836,3.390566036239238],[101.46053899625836,3.3913512374227976],[101.46105720464892,3.3913512374227976]]],[[[101.4652028717734,3.3925290403619135],[101.4652028717734,3.3921364392270137],[101.46468466338287,3.3921364392270137],[101.46468466338287,3.3925290403619135],[101.4652028717734,3.3925290403619135]]],[[[101.46468466338287,3.392921641652031],[101.46468466338287,3.3925290403619135],[101.4641664549923,3.3925290403619135],[101.4641664549923,3.392921641652031],[101.46468466338287,3.392921641652031]]],[[[101.46364824660174,3.392921641652031],[101.46364824660174,3.3933142430973855],[101.4641664549923,3.3933142430973855],[101.4641664549923,3.392921641652031],[101.46364824660174,3.392921641652031]]],[[[101.48074912349023,3.32775193963679],[101.48074912349023,3.32752137182497],[101.4804886734967,3.32775193963679],[101.48074912349023,3.32775193963679]]],[[[101.48023091509967,3.3279801247184557],[101.48004521885883,3.3281445155611307],[101.48023091509967,3.3281445155611307],[101.48023091509967,3.3279801247184557]]],[[[101.4812673318808,3.3509141802546836],[101.48074912349023,3.3509141802546836],[101.48074912349023,3.3513067651925343],[101.4812673318808,3.3513067651925343],[101.4812673318808,3.3509141802546836]]],[[[101.48178554027136,3.3520919355282017],[101.48178554027136,3.351699350283701],[101.4812673318808,3.351699350283701],[101.4812673318808,3.3520919355282017],[101.48178554027136,3.3520919355282017]]],[[[101.47971270670911,3.352484520926053],[101.48023091509967,3.3532696921818816],[101.48074912349023,3.3532696921818816],[101.48074912349023,3.3528771064772735],[101.48178554027136,3.3528771064772735],[101.48178554027136,3.352484520926053],[101.48074912349023,3.352484520926053],[101.48074912349023,3.351699350283701],[101.48023091509967,3.351699350283701],[101.48023091509967,3.352484520926053],[101.47971270670911,3.352484520926053]]],[[[101.48023091509967,3.3540548640513324],[101.48023091509967,3.3532696921818816],[101.47971270670911,3.3532696921818816],[101.47971270670911,3.3540548640513324],[101.48023091509967,3.3540548640513324]]],[[[101.47712166475631,3.3646547444205583],[101.47712166475631,3.3642621542598277],[101.47660345636575,3.3642621542598277],[101.47660345636575,3.3646547444205583],[101.47712166475631,3.3646547444205583]]],[[[101.47349420602238,3.3662251066029754],[101.47349420602238,3.365832515826411],[101.47297599763182,3.365832515826411],[101.47297599763182,3.3662251066029754],[101.47349420602238,3.3662251066029754]]],[[[101.47349420602238,3.367795471249452],[101.47349420602238,3.367402879856764],[101.47297599763182,3.367402879856764],[101.47297599763182,3.367795471249452],[101.47349420602238,3.367795471249452]]],[[[101.47608524797519,3.370151022841819],[101.47608524797519,3.370274441185791],[101.4761799255086,3.370151022841819],[101.47608524797519,3.370151022841819]]],[[[101.47556703958462,3.3709362079392293],[101.47556703958462,3.370949959913897],[101.47557758908683,3.3709362079392293],[101.47556703958462,3.3709362079392293]]],[[[101.47473994956384,3.3725065799848486],[101.47453062280351,3.3723298301284297],[101.47453062280351,3.3725065799848486],[101.47473994956384,3.3725065799848486]]],[[[101.47453062280351,3.372113986742048],[101.47453062280351,3.372300998740005],[101.47467408445412,3.372113986742048],[101.47453062280351,3.372113986742048]]],[[[101.47349420602238,3.372113986742048],[101.47349420602238,3.3717213936535235],[101.47245778924126,3.3717213936535235],[101.47245778924126,3.372113986742048],[101.47142137246014,3.3717213936535235],[101.47142137246014,3.372113986742048],[101.47038495567901,3.372113986742048],[101.47038495567901,3.372899173381943],[101.46986674728846,3.372899173381943],[101.46986674728846,3.3732917669333498],[101.47090316406958,3.3732917669333498],[101.47090316406958,3.373684360639085],[101.47142137246014,3.373684360639085],[101.47142137246014,3.3732917669333498],[101.47193958085072,3.3732917669333498],[101.47193958085072,3.3725065799848486],[101.47297599763182,3.372899173381943],[101.47297599763182,3.372113986742048],[101.47349420602238,3.372113986742048]]],[[[101.47297599763182,3.373684360639085],[101.47297599763182,3.3732917669333498],[101.47245778924126,3.3732917669333498],[101.47245778924126,3.373684360639085],[101.47297599763182,3.373684360639085]]],[[[101.47090316406958,3.37407695449917],[101.47090316406958,3.373684360639085],[101.47038495567901,3.373684360639085],[101.47038495567901,3.37407695449917],[101.47090316406958,3.37407695449917]]],[[[101.47401241441295,3.373684360639085],[101.47401241441295,3.3744695485136207],[101.47556703958462,3.3744695485136207],[101.47582428616727,3.374862142682456],[101.47615472019861,3.37407695449917],[101.47556703958462,3.37407695449917],[101.47556703958462,3.3732917669333498],[101.47453062280351,3.3732917669333498],[101.47453062280351,3.373684360639085],[101.47401241441295,3.373684360639085]]],[[[101.46986674728846,3.3744695485136207],[101.46986674728846,3.37407695449917],[101.4693485388979,3.37407695449917],[101.4693485388979,3.374862142682456],[101.47038495567901,3.374862142682456],[101.47038495567901,3.3744695485136207],[101.46986674728846,3.3744695485136207]]],[[[101.47193958085072,3.375254737005694],[101.47193958085072,3.37407695449917],[101.47142137246014,3.37407695449917],[101.47142137246014,3.375254737005694],[101.47193958085072,3.375254737005694]]],[[[101.47090316406958,3.374862142682456],[101.47038495567901,3.374862142682456],[101.47038495567901,3.375254737005694],[101.47090316406958,3.375254737005694],[101.47090316406958,3.374862142682456]]],[[[101.47504883119406,3.375254737005694],[101.47504883119406,3.3756473314833526],[101.47549385213594,3.3756473314833526],[101.47565906915162,3.375254737005694],[101.47504883119406,3.375254737005694]]],[[[101.47038495567901,3.376039926115449],[101.47038495567901,3.375254737005694],[101.46986674728846,3.375254737005694],[101.46986674728846,3.376039926115449],[101.47038495567901,3.376039926115449]]],[[[101.47245778924126,3.376039926115449],[101.47245778924126,3.3756473314833526],[101.47193958085072,3.3756473314833526],[101.47193958085072,3.376039926115449],[101.47245778924126,3.376039926115449]]],[[[101.47349420602238,3.377217710938556],[101.47349420602238,3.3768251158430336],[101.47297599763182,3.3768251158430336],[101.47297599763182,3.377217710938556],[101.47349420602238,3.377217710938556]]],[[[101.47193958085072,3.3791806887342024],[101.47193958085072,3.376039926115449],[101.47090316406958,3.376039926115449],[101.47038495567901,3.3768251158430336],[101.4693485388979,3.3768251158430336],[101.4693485388979,3.377217710938556],[101.46986674728846,3.377217710938556],[101.46986674728846,3.3780029015931534],[101.47090316406958,3.378395497152265],[101.47090316406958,3.3791806887342024],[101.4693485388979,3.3791806887342024],[101.4693485388979,3.3795732847570648],[101.47038495567901,3.3795732847570648],[101.47038495567901,3.380358477266669],[101.47090316406958,3.380358477266669],[101.47090316406958,3.379965880934548],[101.47245778924126,3.379965880934548],[101.47245778924126,3.3791806887342024],[101.47193958085072,3.3791806887342024]],[[101.47090316406958,3.377217710938556],[101.47142137246014,3.377217710938556],[101.47142137246014,3.378395497152265],[101.47090316406958,3.378395497152265],[101.47090316406958,3.377217710938556]],[[101.47142137246014,3.3791806887342024],[101.47142137246014,3.3795732847570648],[101.47090316406958,3.3795732847570648],[101.47090316406958,3.3791806887342024],[101.47142137246014,3.3791806887342024]]],[[[101.47349420602238,3.3787880928659417],[101.47349420602238,3.378395497152265],[101.47245778924126,3.378395497152265],[101.47245778924126,3.3787880928659417],[101.47349420602238,3.3787880928659417]]],[[[101.47349420602238,3.380751073753446],[101.47349420602238,3.379965880934548],[101.47297599763182,3.379965880934548],[101.47297599763182,3.380751073753446],[101.47349420602238,3.380751073753446]]],[[[101.47142137246014,3.381143670394898],[101.47142137246014,3.380358477266669],[101.47090316406958,3.380358477266669],[101.47090316406958,3.381143670394898],[101.47142137246014,3.381143670394898]]],[[[101.47038495567901,3.381536267191043],[101.47038495567901,3.380751073753446],[101.4693485388979,3.380358477266669],[101.4693485388979,3.381143670394898],[101.47038495567901,3.381536267191043]]],[[[101.47453062280351,3.381536267191043],[101.47459741018152,3.381143670394898],[101.47453062280351,3.381143670394898],[101.47453062280351,3.381536267191043]]],[[[101.47297599763182,3.381536267191043],[101.47297599763182,3.381143670394898],[101.47193958085072,3.381143670394898],[101.47193958085072,3.382321461247483],[101.47245778924126,3.382321461247483],[101.47245778924126,3.381536267191043],[101.47297599763182,3.381536267191043]]],[[[101.4693485388979,3.382321461247483],[101.4693485388979,3.383106655922911],[101.47142137246014,3.383106655922911],[101.47142137246014,3.382714058507814],[101.47193958085072,3.382714058507814],[101.47193958085072,3.382321461247483],[101.47142137246014,3.382321461247483],[101.47142137246014,3.381536267191043],[101.47038495567901,3.381536267191043],[101.47038495567901,3.382321461247483],[101.4693485388979,3.382321461247483]]],[[[101.47401241441295,3.382714058507814],[101.47401241441295,3.382321461247483],[101.47349420602238,3.382321461247483],[101.47349420602238,3.382714058507814],[101.47401241441295,3.382714058507814]]],[[[101.47504883119406,3.382321461247483],[101.47504883119406,3.383106655922911],[101.47523963294144,3.383106655922911],[101.4756160895217,3.382321461247483],[101.47504883119406,3.382321461247483]]],[[[101.47349420602238,3.383106655922911],[101.47349420602238,3.382714058507814],[101.47297599763182,3.382714058507814],[101.47297599763182,3.383106655922911],[101.47349420602238,3.383106655922911]]],[[[101.47504883119406,3.3832120912697],[101.47453062280351,3.383106655922911],[101.47453062280351,3.3834747214921195],[101.47504883119406,3.3832120912697]]],[[[101.47193958085072,3.3834992534927903],[101.47142137246014,3.3834992534927903],[101.47142137246014,3.383891851217472],[101.47245778924126,3.383891851217472],[101.47245778924126,3.383106655922911],[101.47193958085072,3.383106655922911],[101.47193958085072,3.3834992534927903]]],[[[101.47349420602238,3.383891851217472],[101.47349420602238,3.383999982144784],[101.4737075642543,3.383891851217472],[101.47349420602238,3.383891851217472]]],[[[101.48178554027136,3.384677047131311],[101.48178554027136,3.384284449096972],[101.4812673318808,3.384284449096972],[101.4812673318808,3.384677047131311],[101.48178554027136,3.384677047131311]]],[[[101.47867628992799,3.385462243664574],[101.47867628992799,3.385069645320505],[101.47815808153743,3.385069645320505],[101.47815808153743,3.385462243664574],[101.47867628992799,3.385462243664574]]],[[[101.47712166475631,3.3866400396262026],[101.4769776,3.386753496261638],[101.47712166475631,3.387026122831308],[101.47712166475631,3.3866400396262026]]],[[[101.47836988041604,3.389388235627311],[101.47867628992799,3.388995635733506],[101.47816241832918,3.388995635733506],[101.47836988041604,3.389388235627311]]],[[[101.47919449831856,3.390173435880158],[101.4787848045898,3.390173435880158],[101.47919449831856,3.3909487386761255],[101.47919449831856,3.390173435880158]]],[[[101.48074912349023,3.398418076021766],[101.48074912349023,3.398025472556686],[101.48023091509967,3.398025472556686],[101.48023091509967,3.398418076021766],[101.48074912349023,3.398418076021766]]],[[[101.4812673318808,3.3988106796423363],[101.4812673318808,3.398418076021766],[101.48074912349023,3.398418076021766],[101.48074912349023,3.3988106796423363],[101.4812673318808,3.3988106796423363]]],[[[101.47971270670911,3.399203283418413],[101.47964607780442,3.399203283418413],[101.47971270670911,3.399263846955149],[101.47971270670911,3.399203283418413]]],[[[101.48023091509967,3.3995958873500185],[101.48007800049201,3.3995958873500185],[101.48023091509967,3.3997348818830573],[101.48023091509967,3.3995958873500185]]],[[[101.5041052309293,3.3226484664664655],[101.50406850106546,3.3226264937432117],[101.50406850106546,3.3226484664664655],[101.5041052309293,3.3226484664664655]]],[[[101.50458670945604,3.3230410404132615],[101.50476146204355,3.3230410404132615],[101.50458670945604,3.32293649900818],[101.50458670945604,3.3230410404132615]]],[[[101.50510491784658,3.3234336145120658],[101.5054176931578,3.3234336145120658],[101.50510491784658,3.3232465043679364],[101.50510491784658,3.3234336145120658]]],[[[101.48437658222416,3.324611337720726],[101.48437658222416,3.3243101073890684],[101.48403631059949,3.324611337720726],[101.48437658222416,3.324611337720726]]],[[[101.4838583738336,3.3250039124277544],[101.4838583738336,3.324768858828132],[101.48359285596165,3.3250039124277544],[101.4838583738336,3.3250039124277544]]],[[[101.51001131095751,3.3261816374615156],[101.50976879336163,3.3260365568726846],[101.50976879336163,3.3261816374615156],[101.51001131095751,3.3261816374615156]]],[[[101.48282195705248,3.32775193963679],[101.48230374866192,3.32775193963679],[101.48230374866192,3.328537091637719],[101.48282195705248,3.328537091637719],[101.48282195705248,3.32775193963679]]],[[[101.50562312623715,3.336781224446945],[101.50510491784658,3.336781224446945],[101.50510491784658,3.3371738038775254],[101.50562312623715,3.3371738038775254],[101.50562312623715,3.336781224446945]]],[[[101.49681358359761,3.345810590006033],[101.49681358359761,3.3463187938875234],[101.49687084408869,3.345810590006033],[101.49681358359761,3.345810590006033]]],[[[101.48230374866192,3.361906616526986],[101.48230374866192,3.361514027443267],[101.48178554027136,3.361514027443267],[101.48178554027136,3.361906616526986],[101.48230374866192,3.361906616526986]]],[[[101.48178554027136,3.3622992057645096],[101.48178554027136,3.361906616526986],[101.4812673318808,3.361906616526986],[101.4812673318808,3.3622992057645096],[101.48178554027136,3.3622992057645096]]],[[[101.48350797580987,3.3764325209020036],[101.4838583738336,3.376039926115449],[101.4837635067575,3.376039926115449],[101.48350797580987,3.3764325209020036]]],[[[101.50665954301827,3.397632869247079],[101.50665954301827,3.3972402660929264],[101.5061413346277,3.3972402660929264],[101.5061413346277,3.397632869247079],[101.50665954301827,3.397632869247079]]],[[[101.50665954301827,3.398418076021766],[101.50665954301827,3.398025472556686],[101.50562312623715,3.398025472556686],[101.50562312623715,3.398418076021766],[101.50665954301827,3.398418076021766]]],[[[101.5061413346277,3.399203283418413],[101.5061413346277,3.3988106796423363],[101.50562312623715,3.3988106796423363],[101.50562312623715,3.399203283418413],[101.5061413346277,3.399203283418413]]],[[[101.50510491784658,3.3995958873500185],[101.50510491784658,3.3988106796423363],[101.50458670945604,3.3988106796423363],[101.50458670945604,3.3995958873500185],[101.50510491784658,3.3995958873500185]]],[[[101.48852224934865,3.3995958873500185],[101.48852224934865,3.399203283418413],[101.48800404095809,3.399203283418413],[101.48800404095809,3.3995958873500185],[101.48852224934865,3.3995958873500185]]],[[[101.50562312623715,3.400381095679881],[101.50562312623715,3.400773700078174],[101.50665954301827,3.400773700078174],[101.50665954301827,3.3999884914371687],[101.50821416818995,3.3999884914371687],[101.50821416818995,3.3995958873500185],[101.50665954301827,3.3995958873500185],[101.50665954301827,3.399203283418413],[101.5061413346277,3.399203283418413],[101.5061413346277,3.400381095679881],[101.50562312623715,3.400381095679881]]],[[[101.50562312623715,3.400381095679881],[101.50562312623715,3.3999884914371687],[101.50510491784658,3.3999884914371687],[101.50510491784658,3.400381095679881],[101.50562312623715,3.400381095679881]]],[[[101.48282195705248,3.400773700078174],[101.48282195705248,3.400381095679881],[101.48230374866192,3.400381095679881],[101.48230374866192,3.400773700078174],[101.48282195705248,3.400773700078174]]],[[[101.48334016544304,3.400381095679881],[101.48334016544304,3.400591734442556],[101.4837046302646,3.400381095679881],[101.48334016544304,3.400381095679881]]],[[[101.48644941578641,3.400773700078174],[101.48639251756565,3.400773700078174],[101.48644941578641,3.400875076031925],[101.48644941578641,3.400773700078174]]],[[[101.50665954301827,3.4015589093415763],[101.50665954301827,3.4011663046320675],[101.50510491784658,3.4011663046320675],[101.50510491784658,3.4015589093415763],[101.50665954301827,3.4015589093415763]]],[[[101.48661287058302,3.4011663046320675],[101.48696762417697,3.4017983719856355],[101.48696762417697,3.4011663046320675],[101.48661287058302,3.4011663046320675]]],[[[101.48800404095809,3.402344119227522],[101.48705357661775,3.401951514206723],[101.48800404095809,3.4036449664757424],[101.48800404095809,3.402344119227522]]],[[[101.49007687452033,3.4046997526220575],[101.49007687452033,3.4054849649996193],[101.491631499692,3.4054849649996193],[101.491631499692,3.4050923587329383],[101.49111329130146,3.4050923587329383],[101.49111329130146,3.4039145408676164],[101.49007687452033,3.4039145408676164],[101.49007687452033,3.404307146666956],[101.48955866612977,3.404307146666956],[101.48955866612977,3.4046997526220575],[101.49007687452033,3.4046997526220575]]],[[[101.48859604773935,3.4046997526220575],[101.4886174,3.40473779624229],[101.48863202700322,3.4046997526220575],[101.48859604773935,3.4046997526220575]]],[[[101.50873237658051,3.4109814691021567],[101.50873237658051,3.4105888606523913],[101.50717775140883,3.4105888606523913],[101.50717775140883,3.4109814691021567],[101.50873237658051,3.4109814691021567]]],[[[101.48800404095809,3.4145149521753995],[101.48794338554717,3.4145149521753995],[101.48800404095809,3.414605317019398],[101.48800404095809,3.4145149521753995]]],[[[101.491631499692,3.415933035921369],[101.49111329130146,3.4156927826780366],[101.49111329130146,3.4159252250792944],[101.491631499692,3.415933035921369]]],[[[101.49007687452033,3.41590960339533],[101.48955866612977,3.4156927826780366],[101.48955866612977,3.415901792553442],[101.49007687452033,3.41590960339533]]],[[[101.51028700175219,3.423545021998887],[101.51028700175219,3.4231524085458664],[101.50976879336163,3.4231524085458664],[101.50976879336163,3.423545021998887],[101.51028700175219,3.423545021998887]]],[[[101.49940462555043,3.42668593526401],[101.49972916046929,3.4243302493748993],[101.49888641715985,3.4239376356085587],[101.49888641715985,3.423545021998887],[101.4983682087693,3.423545021998887],[101.4983682087693,3.4227597952494784],[101.49798440773199,3.4227597952494784],[101.49859024859813,3.42668593526401],[101.49940462555043,3.42668593526401]]],[[[101.54345233874807,3.42668593526401],[101.54372441690546,3.42668593526401],[101.54345233874807,3.4263773627013854],[101.54345233874807,3.42668593526401]]],[[[101.50251387589378,3.4274711651478884],[101.50251387589378,3.426187102848565],[101.50247105998827,3.4274711651478884],[101.50251387589378,3.4274711651478884]]],[[[101.54397054713864,3.4290416267977784],[101.54397054713864,3.4278637803250667],[101.54345233874807,3.4278637803250667],[101.54345233874807,3.4290416267977784],[101.54397054713864,3.4290416267977784]]],[[[101.54345233874807,3.431004707390636],[101.54345233874807,3.4313938084499673],[101.54389868463252,3.431004707390636],[101.54345233874807,3.431004707390636]]],[[[101.54137950518583,3.4515234420420398],[101.54086129679527,3.4514209786449137],[101.54086129679527,3.4517132854695998],[101.54137950518583,3.4515234420420398]]],[[[101.53827025484246,3.45220622835937],[101.53827025484246,3.4514209786449137],[101.5377520464519,3.4514209786449137],[101.5377520464519,3.45220622835937],[101.53827025484246,3.45220622835937]]],[[[101.50510491784658,3.4525988534535523],[101.50510491784658,3.45220622835937],[101.50431328868719,3.45220622835937],[101.50431186293737,3.4525988534535523],[101.50510491784658,3.4525988534535523]]],[[[101.53723383806134,3.452991478705727],[101.53723383806134,3.453042190496638],[101.53737226391168,3.452991478705727],[101.53723383806134,3.452991478705727]]],[[[101.53516100449909,3.4537767296841295],[101.53516100449909,3.4538015656104997],[101.53522879803278,3.4537767296841295],[101.53516100449909,3.4537767296841295]]],[[[101.51391446048612,3.4647703098278044],[101.51391446048612,3.4648530266813604],[101.5141401583072,3.4647703098278044],[101.51391446048612,3.4647703098278044]]]]},"properties":{"place_id":"483bdcbb-0983-5337-949d-e93a87316066","habitat":"open_grassland","habitat_label":"Open grassland or shrubland","resolution_m":50}},{"type":"Feature","geometry":{"type":"MultiPolygon","coordinates":[[[[101.44654736971323,3.3442402597508427],[101.44623875739904,3.344632842085112],[101.44654736971323,3.344632842085112],[101.44654736971323,3.3442402597508427]]],[[[101.44654736971323,3.347380922710205],[101.44636551381763,3.3477735062690366],[101.44654736971323,3.3477735062690366],[101.44654736971323,3.347380922710205]]],[[[101.44913841166604,3.365832515826411],[101.44862020327547,3.366617697533543],[101.4496566200566,3.3670102886181335],[101.45017482844715,3.3662251066029754],[101.44913841166604,3.365832515826411]]],[[[101.45172945361884,3.368188062796217],[101.45121124522828,3.3689732463520476],[101.45224766200941,3.3693658383611504],[101.45276587039994,3.3685806544970767],[101.45172945361884,3.368188062796217]]],[[[101.45639332913389,3.3689732463520476],[101.45587512074331,3.369758430524402],[101.45691153752445,3.370151022841819],[101.45742974591502,3.3693658383611504],[101.45639332913389,3.3689732463520476]]],[[[101.45276587039994,3.370151022841819],[101.45224766200941,3.3709362079392293],[101.45328407879052,3.3713288007192563],[101.45380228718108,3.370543615313423],[101.45276587039994,3.370151022841819]]],[[[101.46468466338287,3.374862142682456],[101.4641664549923,3.37407695449917],[101.4626118298206,3.37407695449917],[101.46105720464892,3.3756473314833526],[101.46209362143006,3.376039926115449],[101.4626118298206,3.375254737005694],[101.4641664549923,3.375254737005694],[101.4641664549923,3.374862142682456],[101.46468466338287,3.374862142682456]]],[[[101.44810199488491,3.3764325209020036],[101.44758378649436,3.3764325209020036],[101.44758378649436,3.3768251158430336],[101.44862020327547,3.377217710938556],[101.44913841166604,3.3764325209020036],[101.44862020327547,3.3764325209020036],[101.44862020327547,3.376039926115449],[101.44810199488491,3.376039926115449],[101.44810199488491,3.3764325209020036]]],[[[101.46209362143006,3.3791806887342024],[101.4615754130395,3.3791806887342024],[101.4615754130395,3.3795732847570648],[101.4626118298206,3.379965880934548],[101.46313003821116,3.3791806887342024],[101.4626118298206,3.3791806887342024],[101.4626118298206,3.3787880928659417],[101.46209362143006,3.3787880928659417],[101.46209362143006,3.3791806887342024]]],[[[101.4496566200566,3.3791806887342024],[101.44913841166604,3.379965880934548],[101.45017482844715,3.380358477266669],[101.4506930368377,3.3795732847570648],[101.4496566200566,3.3791806887342024]]],[[[101.46002078786782,3.3791806887342024],[101.46002078786782,3.3795732847570648],[101.45950257947726,3.3795732847570648],[101.45950257947726,3.380358477266669],[101.46053899625836,3.380751073753446],[101.46053899625836,3.380358477266669],[101.46105720464892,3.380358477266669],[101.46105720464892,3.3795732847570648],[101.46002078786782,3.3791806887342024]]],[[[101.44499274454157,3.379965880934548],[101.44447453615099,3.380751073753446],[101.4455109529321,3.381143670394898],[101.44602916132267,3.380358477266669],[101.44499274454157,3.379965880934548]]],[[[101.45483870396221,3.380358477266669],[101.45432049557165,3.380358477266669],[101.45432049557165,3.379965880934548],[101.45328407879052,3.379965880934548],[101.45328407879052,3.380358477266669],[101.45276587039994,3.380358477266669],[101.45380228718108,3.381928864141898],[101.45587512074331,3.380751073753446],[101.45535691235276,3.379965880934548],[101.45483870396221,3.379965880934548],[101.45483870396221,3.380358477266669]],[[101.45432049557165,3.381143670394898],[101.45432049557165,3.380751073753446],[101.45483870396221,3.380751073753446],[101.45483870396221,3.381143670394898],[101.45432049557165,3.381143670394898]]],[[[101.45846616269613,3.380751073753446],[101.45794795430555,3.380751073753446],[101.45846616269613,3.381536267191043],[101.45950257947726,3.381536267191043],[101.45950257947726,3.381143670394898],[101.46002078786782,3.381143670394898],[101.45950257947726,3.380358477266669],[101.45846616269613,3.380358477266669],[101.45846616269613,3.380751073753446]]],[[[101.45432049557165,3.3834992534927903],[101.45432049557165,3.383106655922911],[101.45328407879052,3.382714058507814],[101.45328407879052,3.383106655922911],[101.45224766200941,3.383106655922911],[101.45121124522828,3.384284449096972],[101.45224766200941,3.384677047131311],[101.45276587039994,3.383891851217472],[101.45380228718108,3.383891851217472],[101.45380228718108,3.3834992534927903],[101.45432049557165,3.3834992534927903]]],[[[101.45121124522828,3.385462243664574],[101.45121124522828,3.385069645320505],[101.45017482844715,3.385069645320505],[101.45017482844715,3.385462243664574],[101.4496566200566,3.385462243664574],[101.4496566200566,3.385854842163534],[101.45017482844715,3.385854842163534],[101.45017482844715,3.386247440817405],[101.4496566200566,3.386247440817405],[101.45017482844715,3.3870326385899485],[101.45121124522828,3.3866400396262026],[101.45121124522828,3.385854842163534],[101.45172945361884,3.385854842163534],[101.45172945361884,3.385462243664574],[101.45121124522828,3.385462243664574]]],[[[101.45794795430555,3.386247440817405],[101.45794795430555,3.385854842163534],[101.45742974591502,3.385854842163534],[101.45639332913389,3.3870326385899485],[101.45742974591502,3.3874252377086593],[101.45742974591502,3.3870326385899485],[101.45846616269613,3.3866400396262026],[101.45846616269613,3.386247440817405],[101.45794795430555,3.386247440817405]]],[[[101.4470655781038,3.3866400396262026],[101.44654736971323,3.3866400396262026],[101.44654736971323,3.3870326385899485],[101.44758378649436,3.3874252377086593],[101.44810199488491,3.3866400396262026],[101.44758378649436,3.3866400396262026],[101.44758378649436,3.386247440817405],[101.4470655781038,3.386247440817405],[101.4470655781038,3.3866400396262026]]],[[[101.45587512074331,3.387817836982351],[101.45535691235276,3.387817836982351],[101.45535691235276,3.388210436411044],[101.45639332913389,3.3886030359947563],[101.45691153752445,3.387817836982351],[101.45639332913389,3.387817836982351],[101.45639332913389,3.3874252377086593],[101.45587512074331,3.3874252377086593],[101.45587512074331,3.387817836982351]]],[[[101.46053899625836,3.388210436411044],[101.46002078786782,3.388995635733506],[101.46105720464892,3.389388235627311],[101.4615754130395,3.3886030359947563],[101.46053899625836,3.388210436411044]]],[[[101.45017482844715,3.390173435880158],[101.45017482844715,3.388995635733506],[101.4496566200566,3.388995635733506],[101.4496566200566,3.3886030359947563],[101.45017482844715,3.3886030359947563],[101.4506930368377,3.387817836982351],[101.45017482844715,3.387817836982351],[101.45017482844715,3.3874252377086593],[101.44913841166604,3.3874252377086593],[101.44913841166604,3.387817836982351],[101.44862020327547,3.387817836982351],[101.44862020327547,3.388210436411044],[101.44913841166604,3.388210436411044],[101.44913841166604,3.388995635733506],[101.44862020327547,3.388995635733506],[101.44862020327547,3.389388235627311],[101.44758378649436,3.388995635733506],[101.44758378649436,3.389388235627311],[101.4470655781038,3.389388235627311],[101.4470655781038,3.390173435880158],[101.44758378649436,3.390173435880158],[101.44758378649436,3.390566036239238],[101.44810199488491,3.390566036239238],[101.44810199488491,3.390173435880158],[101.44913841166604,3.390173435880158],[101.44913841166604,3.390566036239238],[101.45017482844715,3.390173435880158]]],[[[101.44862020327547,3.390566036239238],[101.44810199488491,3.3913512374227976],[101.44913841166604,3.391743838247315],[101.4496566200566,3.390958636753445],[101.44862020327547,3.390566036239238]]],[[[101.44810199488491,3.3933142430973855],[101.44758378649436,3.3933142430973855],[101.44758378649436,3.393706844697994],[101.44862020327547,3.3940994464538754],[101.44913841166604,3.3933142430973855],[101.44862020327547,3.3933142430973855],[101.44862020327547,3.392921641652031],[101.44810199488491,3.392921641652031],[101.44810199488491,3.3933142430973855]]],[[[101.44810199488491,3.39488465043153],[101.44862020327547,3.39488465043153],[101.44862020327547,3.3944920483650485],[101.44758378649436,3.3940994464538754],[101.4470655781038,3.39488465043153],[101.44758378649436,3.39488465043153],[101.44758378649436,3.3952772526533392],[101.44810199488491,3.3952772526533392],[101.44810199488491,3.39488465043153]]],[[[101.44654736971323,3.396062457563011],[101.44602916132267,3.3952772526533392],[101.44499274454157,3.395669855030494],[101.44499274454157,3.3964550602509105],[101.4455109529321,3.3964550602509105],[101.4455109529321,3.3968201435092804],[101.4467745,3.396869396250756],[101.44723141566061,3.3964550602509105],[101.4470655781038,3.396062457563011],[101.44654736971323,3.396062457563011]]],[[[101.44862020327547,3.3968476630942086],[101.44810199488491,3.397632869247079],[101.44913841166604,3.398025472556686],[101.4496566200566,3.3972402660929264],[101.44862020327547,3.3968476630942086]]],[[[101.47504883119406,3.332070283181063],[101.47504883119406,3.3320173153692507],[101.47498034970401,3.332070283181063],[101.47504883119406,3.332070283181063]]],[[[101.47453062280351,3.3324628607811064],[101.47453062280351,3.332418129796713],[101.47447279063795,3.3324628607811064],[101.47453062280351,3.3324628607811064]]],[[[101.47971270670911,3.332070283181063],[101.47919449831856,3.332070283181063],[101.47919449831856,3.3324628607811064],[101.48023091509967,3.3328554385335942],[101.48074912349023,3.332070283181063],[101.48023091509967,3.332070283181063],[101.48023091509967,3.3316777057334472],[101.47971270670911,3.3316777057334472],[101.47971270670911,3.332070283181063]]],[[[101.4812673318808,3.3532696921818816],[101.4812673318808,3.3528771064772735],[101.48074912349023,3.3528771064772735],[101.47971270670911,3.3540548640513324],[101.48074912349023,3.3544474502162127],[101.48074912349023,3.3540548640513324],[101.48178554027136,3.353662278039895],[101.48178554027136,3.3532696921818816],[101.4812673318808,3.3532696921818816]]],[[[101.47971270670911,3.3583733203082975],[101.47971270670911,3.357980732608002],[101.47919449831856,3.357980732608002],[101.47815808153743,3.3591584961698295],[101.47919449831856,3.3595510843311027],[101.47919449831856,3.3591584961698295],[101.48023091509967,3.358765908162234],[101.48023091509967,3.3583733203082975],[101.47971270670911,3.3583733203082975]]],[[[101.47815808153743,3.3595510843311027],[101.47763987314687,3.3603362611147554],[101.47867628992799,3.360728849737169],[101.47919449831856,3.3599436726460716],[101.47815808153743,3.3595510843311027]]],[[[101.47712166475631,3.361906616526986],[101.47660345636575,3.361906616526986],[101.47660345636575,3.3622992057645096],[101.47763987314687,3.362691795155856],[101.47815808153743,3.361906616526986],[101.47763987314687,3.361906616526986],[101.47763987314687,3.361514027443267],[101.47712166475631,3.361514027443267],[101.47712166475631,3.361906616526986]]],[[[101.47712166475631,3.3638695642530108],[101.47763987314687,3.3638695642530108],[101.47763987314687,3.3630843847010428],[101.47660345636575,3.362691795155856],[101.47660345636575,3.3630843847010428],[101.47608524797519,3.3630843847010428],[101.47608524797519,3.3638695642530108],[101.47660345636575,3.3638695642530108],[101.47660345636575,3.3642621542598277],[101.47712166475631,3.3642621542598277],[101.47712166475631,3.3638695642530108]]],[[[101.47608524797519,3.3650473347352206],[101.47608524797519,3.3654399252038316],[101.47556703958462,3.3654399252038316],[101.47556703958462,3.366617697533543],[101.47660345636575,3.3670102886181335],[101.47660345636575,3.366617697533543],[101.47712166475631,3.366617697533543],[101.47712166475631,3.3654399252038316],[101.47608524797519,3.3650473347352206]]],[[[101.47193958085072,3.3662251066029754],[101.47142137246014,3.3670102886181335],[101.47245778924126,3.367402879856764],[101.47297599763182,3.366617697533543],[101.47193958085072,3.3662251066029754]]],[[[101.47556703958462,3.367795471249452],[101.47556703958462,3.368188062796217],[101.47504883119406,3.368188062796217],[101.47504883119406,3.3693658383611504],[101.47608524797519,3.369758430524402],[101.47608524797519,3.3693658383611504],[101.47660345636575,3.3693658383611504],[101.47660345636575,3.368188062796217],[101.47556703958462,3.367795471249452]]],[[[101.47401241441295,3.3713288007192563],[101.47349420602238,3.3713288007192563],[101.47349420602238,3.3717213936535235],[101.47453062280351,3.372113986742048],[101.47504883119406,3.3713288007192563],[101.47453062280351,3.3713288007192563],[101.47453062280351,3.3709362079392293],[101.47401241441295,3.3709362079392293],[101.47401241441295,3.3713288007192563]]],[[[101.47193958085072,3.3717213936535235],[101.47142137246014,3.3717213936535235],[101.47142137246014,3.372113986742048],[101.47245778924126,3.3725065799848486],[101.47297599763182,3.3717213936535235],[101.47245778924126,3.3717213936535235],[101.47245778924126,3.3713288007192563],[101.47193958085072,3.3713288007192563],[101.47193958085072,3.3717213936535235]]],[[[101.46986674728846,3.372899173381943],[101.4693485388979,3.373684360639085],[101.47038495567901,3.37407695449917],[101.47090316406958,3.3732917669333498],[101.46986674728846,3.372899173381943]]],[[[101.4667574969451,3.3756473314833526],[101.4667574969451,3.374862142682456],[101.46623928855453,3.374862142682456],[101.4667574969451,3.37407695449917],[101.46572108016397,3.373684360639085],[101.46572108016397,3.37407695449917],[101.4652028717734,3.37407695449917],[101.46572108016397,3.374862142682456],[101.46468466338287,3.374862142682456],[101.46468466338287,3.375254737005694],[101.4641664549923,3.375254737005694],[101.4641664549923,3.3764325209020036],[101.46468466338287,3.3764325209020036],[101.46468466338287,3.3768251158430336],[101.46572108016397,3.3768251158430336],[101.46572108016397,3.3764325209020036],[101.4667574969451,3.3764325209020036],[101.4667574969451,3.376039926115449],[101.46727570533567,3.376039926115449],[101.46727570533567,3.3756473314833526],[101.4667574969451,3.3756473314833526]]],[[[101.46831212211677,3.374862142682456],[101.46779391372621,3.3756473314833526],[101.46883033050734,3.376039926115449],[101.4693485388979,3.375254737005694],[101.46831212211677,3.374862142682456]]],[[[101.47401241441295,3.3768251158430336],[101.47401241441295,3.3764325209020036],[101.47297599763182,3.3768251158430336],[101.47297599763182,3.376039926115449],[101.47349420602238,3.376039926115449],[101.47349420602238,3.375254737005694],[101.47401241441295,3.375254737005694],[101.47401241441295,3.374862142682456],[101.47297599763182,3.3744695485136207],[101.47297599763182,3.374862142682456],[101.47245778924126,3.374862142682456],[101.47245778924126,3.3756473314833526],[101.47142137246014,3.376039926115449],[101.47142137246014,3.3768251158430336],[101.47193958085072,3.3768251158430336],[101.47193958085072,3.3776103061885894],[101.47245778924126,3.3776103061885894],[101.47245778924126,3.3780029015931534],[101.47349420602238,3.3780029015931534],[101.47349420602238,3.3776103061885894],[101.47453062280351,3.377217710938556],[101.47453062280351,3.3768251158430336],[101.47401241441295,3.3768251158430336]]],[[[101.47499820108895,3.3768251158430336],[101.47532863512029,3.376039926115449],[101.47453062280351,3.3764325209020036],[101.47453062280351,3.3768251158430336],[101.47499820108895,3.3768251158430336]]],[[[101.46727570533567,3.3780029015931534],[101.46727570533567,3.3776103061885894],[101.46623928855453,3.3780029015931534],[101.46623928855453,3.3787880928659417],[101.4667574969451,3.3787880928659417],[101.4667574969451,3.3791806887342024],[101.46779391372621,3.3791806887342024],[101.46779391372621,3.3787880928659417],[101.46831212211677,3.3787880928659417],[101.46831212211677,3.378395497152265],[101.46727570533567,3.3780029015931534]]],[[[101.4746688454416,3.381536267191043],[101.47452597492145,3.380751073753446],[101.47401241441295,3.380751073753446],[101.47401241441295,3.381143670394898],[101.47453062280351,3.381143670394898],[101.4746688454416,3.381536267191043]]],[[[101.46986674728846,3.381536267191043],[101.4693485388979,3.381536267191043],[101.4693485388979,3.381928864141898],[101.47038495567901,3.382321461247483],[101.47090316406958,3.381536267191043],[101.47038495567901,3.381536267191043],[101.47038495567901,3.381143670394898],[101.46986674728846,3.381143670394898],[101.46986674728846,3.381536267191043]]],[[[101.4641664549923,3.382714058507814],[101.46364824660174,3.382714058507814],[101.46364824660174,3.383106655922911],[101.46468466338287,3.3834992534927903],[101.4652028717734,3.382714058507814],[101.46468466338287,3.382714058507814],[101.46468466338287,3.382321461247483],[101.4641664549923,3.382321461247483],[101.4641664549923,3.382714058507814]]],[[[101.47401241441295,3.383106655922911],[101.47401241441295,3.382714058507814],[101.47349420602238,3.382714058507814],[101.47349420602238,3.383106655922911],[101.47297599763182,3.383106655922911],[101.47297599763182,3.383891851217472],[101.47349420602238,3.383999982144784],[101.47504883119406,3.3832120912697],[101.47401241441295,3.383106655922911]]],[[[101.46572108016397,3.3925290403619135],[101.46572108016397,3.3928010197649616],[101.46592429999998,3.3925485962554216],[101.46572108016397,3.3925290403619135]]],[[[101.47608524797519,3.3933142430973855],[101.47608524797519,3.393069184669433],[101.47558790320977,3.3933142430973855],[101.47608524797519,3.3933142430973855]]],[[[101.47556703958462,3.393706844697994],[101.47556703958462,3.393324523305794],[101.47517643261936,3.393706844697994],[101.47556703958462,3.393706844697994]]],[[[101.50199566750322,3.3218633190288327],[101.50251387589378,3.3218633190288327],[101.50251387589378,3.3222558926716617],[101.50344899981505,3.3222558926716617],[101.50199566750322,3.3213864736310437],[101.50199566750322,3.3218633190288327]]],[[[101.5035502926749,3.3226484664664655],[101.50406850106546,3.3226484664664655],[101.50406850106546,3.3226264937432117],[101.5035502926749,3.322316488573023],[101.5035502926749,3.3226484664664655]]],[[[101.50562312623715,3.3238261887629004],[101.50607392427203,3.3238261887629004],[101.50562312623715,3.3235565098224895],[101.50562312623715,3.3238261887629004]]],[[[101.5061413346277,3.3242187631657814],[101.50665954301827,3.3242187631657814],[101.50717775140883,3.3250039124277544],[101.50804261761478,3.3250039124277544],[101.5061413346277,3.3238665153718494],[101.5061413346277,3.3242187631657814]]],[[[101.51001131095751,3.3261816374615156],[101.50873237658051,3.3254165445410497],[101.50925058497107,3.3261816374615156],[101.51001131095751,3.3261816374615156]]],[[[101.51028700175219,3.326574212777056],[101.51066754207176,3.326574212777056],[101.51028700175219,3.326346563180814],[101.51028700175219,3.326574212777056]]],[[[101.51132341853331,3.3269667882447695],[101.51132341853331,3.3272658617187556],[101.5114637,3.327050496325909],[101.51132341853331,3.3269667882447695]]],[[[101.50976879336163,3.32775193963679],[101.50976879336163,3.3281445155611307],[101.51028700175219,3.3281445155611307],[101.51028700175219,3.32775193963679],[101.51100680452795,3.32775193963679],[101.51126251452273,3.3273593638646743],[101.51028700175219,3.3273593638646743],[101.51028700175219,3.3269667882447695],[101.50976879336163,3.3269667882447695],[101.50976879336163,3.3273593638646743],[101.50925058497107,3.3273593638646743],[101.50925058497107,3.32775193963679],[101.50976879336163,3.32775193963679]]],[[[101.51028700175219,3.328537091637719],[101.51028700175219,3.3288570092284275],[101.51049538453844,3.328537091637719],[101.51028700175219,3.328537091637719]]],[[[101.50976879336163,3.3296525839212783],[101.51023967454367,3.3289296678665714],[101.50976879336163,3.3289296678665714],[101.50976879336163,3.3296525839212783]]],[[[101.50147745911266,3.3308925512954235],[101.5009592507221,3.3308925512954235],[101.5009592507221,3.3312851284382408],[101.50199566750322,3.3316777057334472],[101.50251387589378,3.3308925512954235],[101.50199566750322,3.3308925512954235],[101.50199566750322,3.3304999743049803],[101.50147745911266,3.3304999743049803],[101.50147745911266,3.3308925512954235]]],[[[101.49266791647312,3.3359960660436987],[101.49214970808258,3.336781224446945],[101.4931861248637,3.3371738038775254],[101.49370433325426,3.336388645169008],[101.49266791647312,3.3359960660436987]]],[[[101.491631499692,3.3387441231266544],[101.49111329130146,3.339529283667558],[101.49214970808258,3.3399218641671578],[101.49266791647312,3.33913670332073],[101.491631499692,3.3387441231266544]]],[[[101.4838583738336,3.3509141802546836],[101.48334016544304,3.351699350283701],[101.48437658222416,3.3520919355282017],[101.48489479061472,3.3513067651925343],[101.4838583738336,3.3509141802546836]]],[[[101.48230374866192,3.3513067651925343],[101.4812673318808,3.3509141802546836],[101.48023091509967,3.3520919355282017],[101.48178554027136,3.3528771064772735],[101.48178554027136,3.352484520926053],[101.48230374866192,3.352484520926053],[101.48230374866192,3.3520919355282017],[101.48178554027136,3.3520919355282017],[101.48230374866192,3.3513067651925343]]],[[[101.50562312623715,3.400773700078174],[101.50510491784658,3.400773700078174],[101.50510491784658,3.4011663046320675],[101.5061413346277,3.4015589093415763],[101.50665954301827,3.400773700078174],[101.5061413346277,3.400773700078174],[101.5061413346277,3.400381095679881],[101.50562312623715,3.400381095679881],[101.50562312623715,3.400773700078174]]],[[[101.48800404095809,3.4113740777079933],[101.48800404095809,3.4109814691021567],[101.48852224934865,3.4109814691021567],[101.48852,3.4106298962359634],[101.48748583256751,3.4113265075739165],[101.48800404095809,3.4113740777079933]]],[[[101.49111329130146,3.4156927826780366],[101.49059508291089,3.4159174142372812],[101.49111329130146,3.4159252250792944],[101.49111329130146,3.4156927826780366]]],[[[101.54625939999998,3.429660096215523],[101.5455251723103,3.4294342426024684],[101.54500696391975,3.4302194746826338],[101.54397054713864,3.4302194746826338],[101.54397054713864,3.430612090958146],[101.54345233874807,3.430612090958146],[101.54345233874807,3.4313938084499673],[101.54625939999998,3.429660096215523]]],[[[101.54241592196693,3.432182557630153],[101.5418977135764,3.432182557630153],[101.5418977135764,3.4329677919083843],[101.5434483333822,3.4313973239801223],[101.54241592196693,3.4317899407266217],[101.54241592196693,3.432182557630153]]],[[[101.5420938309315,3.4333604092831194],[101.54137950518583,3.4337530268149594],[101.54137950518583,3.4376792107780916],[101.54210325677559,3.438071830039276],[101.54166859999998,3.435305596209454],[101.5420938309315,3.4333604092831194]]],[[[101.53982488001414,3.4376792107780916],[101.53930667162359,3.4384644494577836],[101.5403430884047,3.4388570690336313],[101.54086129679527,3.438071830039276],[101.53982488001414,3.4376792107780916]]],[[[101.5418977135764,3.440034928705397],[101.54265641472736,3.440427548910785],[101.54230098445483,3.4388570690336313],[101.5418977135764,3.4388570690336313],[101.5418977135764,3.440034928705397]]],[[[101.54270854964659,3.4408201692736062],[101.54241592196693,3.4427832734498063],[101.54276455037454,3.4427832734498063],[101.54270854964659,3.4408201692736062]]],[[[101.5418977135764,3.443961137845859],[101.5422037870968,3.4478873627457345],[101.54269713225183,3.4435685162229386],[101.5418977135764,3.443961137845859]]],[[[101.54137950518583,3.4515234420420398],[101.5418434,3.451353496192219],[101.54208307458075,3.449065233291495],[101.54137950518583,3.4494578571223844],[101.54137950518583,3.4515234420420398]]]]},"properties":{"place_id":"483bdcbb-0983-5337-949d-e93a87316066","habitat":"disturbed_built_edge","habitat_label":"Disturbed, bare or built edge","resolution_m":50}},{"type":"Feature","geometry":{"type":"MultiPolygon","coordinates":[[[[101.4496566200566,3.361514027443267],[101.44913841166604,3.361514027443267],[101.44913841166604,3.3622992057645096],[101.4496566200566,3.3622992057645096],[101.4496566200566,3.361514027443267]]],[[[101.45121124522828,3.3654399252038316],[101.4506930368377,3.3654399252038316],[101.4506930368377,3.365832515826411],[101.45121124522828,3.365832515826411],[101.45121124522828,3.3654399252038316]]],[[[101.45380228718108,3.3654399252038316],[101.45276587039994,3.3654399252038316],[101.45276587039994,3.365832515826411],[101.45380228718108,3.365832515826411],[101.45380228718108,3.3654399252038316]]],[[[101.45224766200941,3.3713288007192563],[101.45172945361884,3.3713288007192563],[101.45172945361884,3.3717213936535235],[101.45224766200941,3.3717213936535235],[101.45224766200941,3.3713288007192563]]],[[[101.45276587039994,3.3717213936535235],[101.45224766200941,3.3717213936535235],[101.45224766200941,3.372113986742048],[101.45276587039994,3.372113986742048],[101.45276587039994,3.3717213936535235]]],[[[101.45172945361884,3.3717213936535235],[101.45121124522828,3.3717213936535235],[101.45121124522828,3.3725065799848486],[101.45172945361884,3.3725065799848486],[101.45172945361884,3.3717213936535235]]],[[[101.4506930368377,3.372899173381943],[101.45017482844715,3.372899173381943],[101.45017482844715,3.373684360639085],[101.4506930368377,3.373684360639085],[101.4506930368377,3.372899173381943]]],[[[101.4496566200566,3.37407695449917],[101.45017482844715,3.37407695449917],[101.45017482844715,3.373684360639085],[101.4496566200566,3.373684360639085],[101.4496566200566,3.37407695449917]]],[[[101.44862020327547,3.375254737005694],[101.44810199488491,3.375254737005694],[101.44810199488491,3.3756473314833526],[101.44862020327547,3.3756473314833526],[101.44862020327547,3.375254737005694]]],[[[101.44499274454157,3.3780029015931534],[101.44447453615099,3.3780029015931534],[101.44447453615099,3.378395497152265],[101.44499274454157,3.378395497152265],[101.44499274454157,3.3780029015931534]]],[[[101.45432049557165,3.3791806887342024],[101.45380228718108,3.3791806887342024],[101.45380228718108,3.3795732847570648],[101.45432049557165,3.3795732847570648],[101.45432049557165,3.3791806887342024]]],[[[101.4455109529321,3.381928864141898],[101.44499274454157,3.381928864141898],[101.44499274454157,3.382321461247483],[101.4455109529321,3.382321461247483],[101.4455109529321,3.381928864141898]]],[[[101.45432049557165,3.3834992534927903],[101.45380228718108,3.3834992534927903],[101.45380228718108,3.383891851217472],[101.45432049557165,3.383891851217472],[101.45432049557165,3.3834992534927903]]],[[[101.45328407879052,3.384284449096972],[101.45380228718108,3.384284449096972],[101.45380228718108,3.383891851217472],[101.45328407879052,3.383891851217472],[101.45328407879052,3.384284449096972]]],[[[101.45483870396221,3.387817836982351],[101.45432049557165,3.387817836982351],[101.45432049557165,3.388210436411044],[101.45483870396221,3.388210436411044],[101.45483870396221,3.387817836982351]]],[[[101.45328407879052,3.390958636753445],[101.45380228718108,3.390958636753445],[101.45380228718108,3.3897808356761896],[101.45276587039994,3.3897808356761896],[101.45276587039994,3.390173435880158],[101.45224766200941,3.390173435880158],[101.45224766200941,3.3913512374227976],[101.45328407879052,3.3913512374227976],[101.45328407879052,3.390958636753445]]],[[[101.45432049557165,3.390958636753445],[101.45380228718108,3.390958636753445],[101.45380228718108,3.3913512374227976],[101.45432049557165,3.3913512374227976],[101.45432049557165,3.390958636753445]]],[[[101.45224766200941,3.3964550602509105],[101.45172945361884,3.3964550602509105],[101.45172945361884,3.3968476630942086],[101.45224766200941,3.3968476630942086],[101.45224766200941,3.3964550602509105]]],[[[101.45639332913389,3.3685806544970767],[101.45587512074331,3.3685806544970767],[101.45587512074331,3.3689732463520476],[101.45639332913389,3.3689732463520476],[101.45639332913389,3.3685806544970767]]],[[[101.46831212211677,3.3693658383611504],[101.46779391372621,3.3693658383611504],[101.46779391372621,3.369758430524402],[101.46831212211677,3.369758430524402],[101.46831212211677,3.3693658383611504]]],[[[101.46572108016397,3.370543615313423],[101.4652028717734,3.370543615313423],[101.4652028717734,3.3709362079392293],[101.46572108016397,3.3709362079392293],[101.46572108016397,3.370543615313423]]],[[[101.46572108016397,3.3713288007192563],[101.4652028717734,3.3713288007192563],[101.4652028717734,3.3717213936535235],[101.46572108016397,3.3717213936535235],[101.46572108016397,3.3713288007192563]]],[[[101.47142137246014,3.3744695485136207],[101.47090316406958,3.3744695485136207],[101.47090316406958,3.374862142682456],[101.47142137246014,3.374862142682456],[101.47142137246014,3.3744695485136207]]],[[[101.47504883119406,3.375254737005694],[101.47565906915162,3.375254737005694],[101.47556703958462,3.3744695485136207],[101.47504883119406,3.3744695485136207],[101.47504883119406,3.375254737005694]]],[[[101.47193958085072,3.375254737005694],[101.47193958085072,3.3756473314833526],[101.47245778924126,3.3756473314833526],[101.47245778924126,3.375254737005694],[101.47193958085072,3.375254737005694]]],[[[101.4693485388979,3.3764325209020036],[101.4693485388979,3.3768251158430336],[101.46986674728846,3.3768251158430336],[101.46986674728846,3.3764325209020036],[101.4693485388979,3.3764325209020036]]],[[[101.47038495567901,3.3780029015931534],[101.46986674728846,3.3780029015931534],[101.46986674728846,3.378395497152265],[101.47038495567901,3.378395497152265],[101.47038495567901,3.3780029015931534]]],[[[101.47142137246014,3.381143670394898],[101.47090316406958,3.381143670394898],[101.47090316406958,3.381536267191043],[101.47142137246014,3.381536267191043],[101.47142137246014,3.381143670394898]]],[[[101.47297599763182,3.381928864141898],[101.47245778924126,3.381928864141898],[101.47245778924126,3.382714058507814],[101.47297599763182,3.382714058507814],[101.47297599763182,3.381928864141898]]],[[[101.47193958085072,3.383106655922911],[101.47245778924126,3.383106655922911],[101.47245778924126,3.382714058507814],[101.47193958085072,3.382714058507814],[101.47193958085072,3.383106655922911]]],[[[101.45535691235276,3.3834992534927903],[101.45483870396221,3.3834992534927903],[101.45483870396221,3.383891851217472],[101.45535691235276,3.383891851217472],[101.45535691235276,3.3834992534927903]]],[[[101.45950257947726,3.3834992534927903],[101.45898437108669,3.3834992534927903],[101.45898437108669,3.383891851217472],[101.45950257947726,3.383891851217472],[101.45950257947726,3.3834992534927903]]],[[[101.46831212211677,3.3870326385899485],[101.46831212211677,3.3872622046139527],[101.46836448317818,3.3870326385899485],[101.46831212211677,3.3870326385899485]]],[[[101.4667574969451,3.387817836982351],[101.4667574969451,3.388210436411044],[101.46727570533567,3.388210436411044],[101.46727570533567,3.387817836982351],[101.4667574969451,3.387817836982351]]],[[[101.46831212211677,3.388210436411044],[101.46831212211677,3.3886030359947563],[101.46844746018127,3.3886030359947563],[101.4685027,3.3885580962597164],[101.46831212211677,3.388210436411044]]]]},"properties":{"place_id":"483bdcbb-0983-5337-949d-e93a87316066","habitat":"cropland","habitat_label":"Cropland","resolution_m":50}},{"type":"Feature","geometry":{"type":"MultiPolygon","coordinates":[[[[101.44499274454157,3.367795471249452],[101.44499274454157,3.368188062796217],[101.44602916132267,3.368188062796217],[101.44602916132267,3.366617697533543],[101.4455109529321,3.366617697533543],[101.4455109529321,3.367795471249452],[101.44499274454157,3.367795471249452]]],[[[101.46623928855453,3.370543615313423],[101.46572108016397,3.370543615313423],[101.46572108016397,3.3709362079392293],[101.46623928855453,3.3709362079392293],[101.46623928855453,3.370543615313423]]],[[[101.4652028717734,3.3713288007192563],[101.46572108016397,3.3713288007192563],[101.46572108016397,3.3709362079392293],[101.4652028717734,3.3709362079392293],[101.4652028717734,3.3713288007192563]]],[[[101.45121124522828,3.3709362079392293],[101.45121124522828,3.3713288007192563],[101.4506930368377,3.3713288007192563],[101.4506930368377,3.372113986742048],[101.45017482844715,3.372113986742048],[101.45017482844715,3.372899173381943],[101.45121124522828,3.3725065799848486],[101.45121124522828,3.3717213936535235],[101.45172945361884,3.3717213936535235],[101.45172945361884,3.3713288007192563],[101.45328407879052,3.372113986742048],[101.45276587039994,3.370543615313423],[101.45172945361884,3.370543615313423],[101.45172945361884,3.3709362079392293],[101.45121124522828,3.3709362079392293]]],[[[101.45380228718108,3.372899173381943],[101.45380228718108,3.372113986742048],[101.45328407879052,3.372113986742048],[101.45328407879052,3.372899173381943],[101.45380228718108,3.372899173381943]]],[[[101.45017482844715,3.37407695449917],[101.4496566200566,3.37407695449917],[101.4496566200566,3.375254737005694],[101.45017482844715,3.375254737005694],[101.45017482844715,3.37407695449917]]],[[[101.44758378649436,3.376039926115449],[101.4470655781038,3.376039926115449],[101.4470655781038,3.3764325209020036],[101.44758378649436,3.3764325209020036],[101.44758378649436,3.376039926115449]]],[[[101.4496566200566,3.375254737005694],[101.44913841166604,3.375254737005694],[101.44913841166604,3.3756473314833526],[101.44758378649436,3.3756473314833526],[101.44758378649436,3.376039926115449],[101.44810199488491,3.376039926115449],[101.44810199488491,3.3764325209020036],[101.44862020327547,3.3764325209020036],[101.44862020327547,3.377217710938556],[101.4496566200566,3.377217710938556],[101.4496566200566,3.3768251158430336],[101.44913841166604,3.3768251158430336],[101.4496566200566,3.375254737005694]]],[[[101.45432049557165,3.3764325209020036],[101.45380228718108,3.3764325209020036],[101.45380228718108,3.3768251158430336],[101.45432049557165,3.3768251158430336],[101.45432049557165,3.3764325209020036]]],[[[101.45639332913389,3.3791806887342024],[101.45587512074331,3.3791806887342024],[101.45587512074331,3.3795732847570648],[101.45639332913389,3.3795732847570648],[101.45639332913389,3.3791806887342024]]],[[[101.45224766200941,3.3995958873500185],[101.45172945361884,3.3995958873500185],[101.45172945361884,3.3999884914371687],[101.45224766200941,3.3999884914371687],[101.45224766200941,3.3995958873500185]]],[[[101.45380228718108,3.3995958873500185],[101.45276587039994,3.3995958873500185],[101.45276587039994,3.3999884914371687],[101.45380228718108,3.3999884914371687],[101.45380228718108,3.3995958873500185]]],[[[101.45465598100928,3.3995958873500185],[101.45432049557165,3.3999884914371687],[101.45453451313197,3.3999884914371687],[101.45465598100928,3.3995958873500185]]],[[[101.45172945361884,3.3999884914371687],[101.45121124522828,3.3999884914371687],[101.45121124522828,3.400381095679881],[101.45172945361884,3.400381095679881],[101.45172945361884,3.3999884914371687]]],[[[101.45121124522828,3.400381095679881],[101.45102097779596,3.400381095679881],[101.45121124522828,3.4005248986503807],[101.45121124522828,3.400381095679881]]],[[[101.45276587039994,3.400381095679881],[101.45276587039994,3.4004968928211645],[101.45339929602889,3.400381095679881],[101.45276587039994,3.400381095679881]]],[[[101.50510491784658,3.3316777057334472],[101.50458670945604,3.3316777057334472],[101.50458670945604,3.332070283181063],[101.50510491784658,3.332070283181063],[101.50510491784658,3.3316777057334472]]],[[[101.50649740615906,3.3336405944959786],[101.5061413346277,3.3340331727059103],[101.50623817944623,3.3340331727059103],[101.50649740615906,3.3336405944959786]]],[[[101.47349420602238,3.3776103061885894],[101.47297599763182,3.3776103061885894],[101.47297599763182,3.3780029015931534],[101.47349420602238,3.3780029015931534],[101.47349420602238,3.3776103061885894]]],[[[101.47401241441295,3.3780029015931534],[101.47349420602238,3.3780029015931534],[101.47349420602238,3.378395497152265],[101.47401241441295,3.378395497152265],[101.47401241441295,3.3780029015931534]]],[[[101.4693485388979,3.384927086277029],[101.47038495567901,3.384940466153673],[101.47038495567901,3.384677047131311],[101.4693485388979,3.384677047131311],[101.4693485388979,3.384927086277029]]],[[[101.47763987314687,3.385854842163534],[101.477239430648,3.385854842163534],[101.47712504360375,3.386247440817405],[101.47763987314687,3.386247440817405],[101.47763987314687,3.385854842163534]]],[[[101.47712166475631,3.3866400396262026],[101.47712166475631,3.3862590376834008],[101.47701065655949,3.3866400396262026],[101.47712166475631,3.3866400396262026]]],[[[101.48489479061472,3.3952772526533392],[101.48437658222416,3.3952772526533392],[101.48437658222416,3.395669855030494],[101.48489479061472,3.395669855030494],[101.48489479061472,3.3952772526533392]]],[[[101.49422254164482,3.396062457563011],[101.49370433325426,3.396062457563011],[101.49370433325426,3.3964550602509105],[101.49422254164482,3.3964550602509105],[101.49422254164482,3.396062457563011]]],[[[101.48437658222416,3.395669855030494],[101.48334016544304,3.395669855030494],[101.48230374866192,3.3972402660929264],[101.48334016544304,3.3972402660929264],[101.48437658222416,3.395669855030494]]],[[[101.48955866612977,3.398025472556686],[101.48904045773921,3.398025472556686],[101.48904045773921,3.399203283418413],[101.49007687452033,3.399203283418413],[101.49007687452033,3.3968476630942086],[101.49059508291089,3.3968476630942086],[101.49059508291089,3.3964550602509105],[101.48955866612977,3.3964550602509105],[101.48955866612977,3.398025472556686]]],[[[101.4931861248637,3.400773700078174],[101.49422254164482,3.400773700078174],[101.49422254164482,3.4011663046320675],[101.4957771668165,3.401951514206723],[101.4957771668165,3.4011663046320675],[101.49474075003538,3.400773700078174],[101.49474075003538,3.398418076021766],[101.49525895842594,3.398418076021766],[101.49474075003538,3.397632869247079],[101.49422254164482,3.397632869247079],[101.49422254164482,3.3988106796423363],[101.49370433325426,3.3988106796423363],[101.4931861248637,3.3995958873500185],[101.49214970808258,3.3995958873500185],[101.49214970808258,3.400773700078174],[101.49111329130146,3.4011663046320675],[101.49111329130146,3.401951514206723],[101.49007687452033,3.402344119227522],[101.49007687452033,3.4031293297361533],[101.49214970808258,3.4031293297361533],[101.49214970808258,3.402736724403992],[101.49266791647312,3.402736724403992],[101.49266791647312,3.4011663046320675],[101.4931861248637,3.4011663046320675],[101.4931861248637,3.400773700078174]]],[[[101.49525895842594,3.418048447903584],[101.49492448436956,3.418048447903584],[101.49525895842594,3.4183277428038887],[101.49525895842594,3.418048447903584]]],[[[101.50562312623715,3.4259007060073157],[101.50665954301827,3.4255080916141174],[101.50665954301827,3.424722863297928],[101.50769595979939,3.424722863297928],[101.50769595979939,3.4239376356085587],[101.50665954301827,3.4239376356085587],[101.50665954301827,3.4243302493748993],[101.5061413346277,3.4243302493748993],[101.5061413346277,3.424722863297928],[101.50510491784658,3.424722863297928],[101.50458670945604,3.4255080916141174],[101.50255201536542,3.4255080916141174],[101.50251387589378,3.427078550127542],[101.50406850106546,3.427078550127542],[101.50406850106546,3.4274711651478884],[101.50458670945604,3.4274711651478884],[101.50458670945604,3.42668593526401],[101.5061413346277,3.42668593526401],[101.50562312623715,3.4259007060073157]]],[[[101.50199566750322,3.44670435176147],[101.50199364209104,3.4467094936199545],[101.50199566750322,3.4467094936199545],[101.50199566750322,3.44670435176147]]]]},"properties":{"place_id":"483bdcbb-0983-5337-949d-e93a87316066","habitat":"permanent_water","habitat_label":"Permanent water","resolution_m":50}},{"type":"Feature","geometry":{"type":"MultiPolygon","coordinates":[[[[101.44602916132267,3.367402879856764],[101.4455109529321,3.367402879856764],[101.4455109529321,3.367795471249452],[101.44602916132267,3.367795471249452],[101.44602916132267,3.367402879856764]]],[[[101.45172945361884,3.370543615313423],[101.45172945361884,3.3709362079392293],[101.45224766200941,3.3709362079392293],[101.45224766200941,3.370543615313423],[101.45172945361884,3.370543615313423]]],[[[101.45172945361884,3.3713288007192563],[101.45172945361884,3.3709362079392293],[101.45121124522828,3.3709362079392293],[101.45121124522828,3.3713288007192563],[101.45172945361884,3.3713288007192563]]],[[[101.45276587039994,3.3713288007192563],[101.45224766200941,3.3713288007192563],[101.45224766200941,3.3717213936535235],[101.45276587039994,3.3717213936535235],[101.45276587039994,3.3713288007192563]]],[[[101.45121124522828,3.3717213936535235],[101.45121124522828,3.372113986742048],[101.45172945361884,3.372113986742048],[101.45172945361884,3.3717213936535235],[101.45121124522828,3.3717213936535235]]],[[[101.45380228718108,3.3732917669333498],[101.45380228718108,3.372113986742048],[101.45276587039994,3.372113986742048],[101.45276587039994,3.3725065799848486],[101.45328407879052,3.3725065799848486],[101.45328407879052,3.3732917669333498],[101.45380228718108,3.3732917669333498]]],[[[101.4506930368377,3.372899173381943],[101.45017482844715,3.372899173381943],[101.45017482844715,3.3732917669333498],[101.4506930368377,3.3732917669333498],[101.4506930368377,3.372899173381943]]],[[[101.44913841166604,3.374862142682456],[101.44913841166604,3.375254737005694],[101.4496566200566,3.375254737005694],[101.4496566200566,3.374862142682456],[101.44913841166604,3.374862142682456]]],[[[101.44862020327547,3.3756473314833526],[101.44862020327547,3.376039926115449],[101.44913841166604,3.376039926115449],[101.44913841166604,3.3756473314833526],[101.44862020327547,3.3756473314833526]]],[[[101.44758378649436,3.376039926115449],[101.44758378649436,3.3764325209020036],[101.44810199488491,3.3764325209020036],[101.44810199488491,3.376039926115449],[101.44758378649436,3.376039926115449]]],[[[101.44810199488491,3.3768251158430336],[101.44862020327547,3.3768251158430336],[101.44862020327547,3.3764325209020036],[101.44810199488491,3.3764325209020036],[101.44810199488491,3.3768251158430336]]],[[[101.44913841166604,3.3768251158430336],[101.44862020327547,3.3768251158430336],[101.44862020327547,3.377217710938556],[101.44913841166604,3.377217710938556],[101.44913841166604,3.3768251158430336]]],[[[101.45432049557165,3.3768251158430336],[101.45380228718108,3.3768251158430336],[101.45380228718108,3.377217710938556],[101.45432049557165,3.377217710938556],[101.45432049557165,3.3768251158430336]]],[[[101.45587512074331,3.3791806887342024],[101.45587512074331,3.3795732847570648],[101.45639332913389,3.3795732847570648],[101.45639332913389,3.3791806887342024],[101.45587512074331,3.3791806887342024]]],[[[101.44499274454157,3.380358477266669],[101.44499274454157,3.380751073753446],[101.4455109529321,3.380751073753446],[101.4455109529321,3.380358477266669],[101.44499274454157,3.380358477266669]]],[[[101.45380228718108,3.3995958873500185],[101.45276587039994,3.3995958873500185],[101.45276587039994,3.3999884914371687],[101.45380228718108,3.3999884914371687],[101.45380228718108,3.3995958873500185]]],[[[101.45465598100928,3.3995958873500185],[101.45432049557165,3.3999884914371687],[101.45453451313197,3.3999884914371687],[101.45465598100928,3.3995958873500185]]],[[[101.48178554027136,3.3603362611147554],[101.48178554027136,3.361514027443267],[101.48230374866192,3.361514027443267],[101.48230374866192,3.3603362611147554],[101.48178554027136,3.3603362611147554]]],[[[101.47297599763182,3.378395497152265],[101.47401241441295,3.378395497152265],[101.47401241441295,3.3780029015931534],[101.47297599763182,3.3776103061885894],[101.47297599763182,3.378395497152265]]],[[[101.46986674728846,3.384677047131311],[101.46986674728846,3.385059455645155],[101.47083435777677,3.384677047131311],[101.46986674728846,3.384677047131311]]],[[[101.48023091509967,3.385069645320505],[101.48023091509967,3.385462243664574],[101.4812673318808,3.385462243664574],[101.48178554027136,3.384677047131311],[101.48074912349023,3.384677047131311],[101.48074912349023,3.385069645320505],[101.48023091509967,3.385069645320505]]],[[[101.47971270670911,3.385462243664574],[101.47971270670911,3.385854842163534],[101.48023091509967,3.385854842163534],[101.48023091509967,3.385462243664574],[101.47971270670911,3.385462243664574]]],[[[101.47971270670911,3.3874252377086593],[101.47971270670911,3.387817836982351],[101.48023091509967,3.387817836982351],[101.48023091509967,3.3874252377086593],[101.47971270670911,3.3874252377086593]]],[[[101.46831212211677,3.3886030359947563],[101.46831212211677,3.388713138767962],[101.46844746018127,3.3886030359947563],[101.46831212211677,3.3886030359947563]]],[[[101.47815808153743,3.392921641652031],[101.47815808153743,3.3933142430973855],[101.47919449831856,3.3933142430973855],[101.47919449831856,3.392921641652031],[101.47815808153743,3.392921641652031]]],[[[101.4838583738336,3.396062457563011],[101.48489479061472,3.396062457563011],[101.48489479061472,3.39488465043153],[101.4838583738336,3.3952772526533392],[101.4838583738336,3.396062457563011]]],[[[101.48230374866192,3.3964550602509105],[101.48230374866192,3.3968476630942086],[101.48282195705248,3.3968476630942086],[101.48282195705248,3.3964550602509105],[101.48230374866192,3.3964550602509105]]],[[[101.48955866612977,3.3964550602509105],[101.48955866612977,3.3968476630942086],[101.49059508291089,3.3968476630942086],[101.49059508291089,3.3964550602509105],[101.48955866612977,3.3964550602509105]]],[[[101.48282195705248,3.3972402660929264],[101.48230374866192,3.3972402660929264],[101.48230374866192,3.397632869247079],[101.48282195705248,3.397632869247079],[101.48282195705248,3.3972402660929264]]],[[[101.48904045773921,3.397632869247079],[101.48904045773921,3.398025472556686],[101.48955866612977,3.398025472556686],[101.48955866612977,3.397632869247079],[101.48904045773921,3.397632869247079]]],[[[101.48852224934865,3.398418076021766],[101.48852224934865,3.3988106796423363],[101.48904045773921,3.3988106796423363],[101.48904045773921,3.398418076021766],[101.48852224934865,3.398418076021766]]],[[[101.49007687452033,3.398418076021766],[101.48955866612977,3.398418076021766],[101.48955866612977,3.399203283418413],[101.49007687452033,3.399203283418413],[101.49007687452033,3.398418076021766]]],[[[101.49111329130146,3.4011663046320675],[101.49111329130146,3.4015589093415763],[101.491631499692,3.4015589093415763],[101.491631499692,3.4011663046320675],[101.49111329130146,3.4011663046320675]]],[[[101.49007687452033,3.401951514206723],[101.49007687452033,3.402344119227522],[101.49059508291089,3.402344119227522],[101.49059508291089,3.401951514206723],[101.49007687452033,3.401951514206723]]],[[[101.50562312623715,3.332070283181063],[101.50510491784658,3.332070283181063],[101.50510491784658,3.3324628607811064],[101.50562312623715,3.3324628607811064],[101.50562312623715,3.332070283181063]]],[[[101.50562312623715,3.3336405944959786],[101.5061413346277,3.3336405944959786],[101.5061413346277,3.333248016438546],[101.50562312623715,3.333248016438546],[101.50562312623715,3.3336405944959786]]],[[[101.50649740615906,3.3336405944959786],[101.5061413346277,3.3340331727059103],[101.50623817944623,3.3340331727059103],[101.50649740615906,3.3336405944959786]]],[[[101.49422254164482,3.395669855030494],[101.49370433325426,3.395669855030494],[101.49370433325426,3.396062457563011],[101.49422254164482,3.396062457563011],[101.49422254164482,3.395669855030494]]],[[[101.49370433325426,3.3964550602509105],[101.49370433325426,3.3968476630942086],[101.49422254164482,3.3968476630942086],[101.49422254164482,3.3964550602509105],[101.49370433325426,3.3964550602509105]]],[[[101.49370433325426,3.398418076021766],[101.49370433325426,3.3988106796423363],[101.49422254164482,3.3988106796423363],[101.49422254164482,3.398418076021766],[101.49370433325426,3.398418076021766]]],[[[101.49370433325426,3.3999884914371687],[101.4931861248637,3.3999884914371687],[101.4931861248637,3.400381095679881],[101.49370433325426,3.400381095679881],[101.49370433325426,3.3999884914371687]]],[[[101.49474075003538,3.400381095679881],[101.49474075003538,3.400773700078174],[101.49525895842594,3.400773700078174],[101.49525895842594,3.400381095679881],[101.49474075003538,3.400381095679881]]],[[[101.4931861248637,3.400773700078174],[101.4931861248637,3.4011663046320675],[101.49370433325426,3.4011663046320675],[101.49370433325426,3.400773700078174],[101.4931861248637,3.400773700078174]]],[[[101.49422254164482,3.400773700078174],[101.49422254164482,3.4011663046320675],[101.49474075003538,3.4011663046320675],[101.49474075003538,3.400773700078174],[101.49422254164482,3.400773700078174]]],[[[101.49474075003538,3.4011663046320675],[101.49474075003538,3.4015589093415763],[101.49525895842594,3.4015589093415763],[101.49525895842594,3.4011663046320675],[101.49474075003538,3.4011663046320675]]],[[[101.4957771668165,3.4011663046320675],[101.4957771668165,3.4015589093415763],[101.49629537520705,3.4015589093415763],[101.49629537520705,3.4011663046320675],[101.4957771668165,3.4011663046320675]]],[[[101.49266791647312,3.4031293297361533],[101.49214970808258,3.402344119227522],[101.49111329130146,3.402344119227522],[101.49111329130146,3.4031293297361533],[101.49266791647312,3.4031293297361533]]],[[[101.49214970808258,3.4035219352240222],[101.49214970808258,3.404307146666956],[101.49266791647312,3.404307146666956],[101.49266791647312,3.4035219352240222],[101.49214970808258,3.4035219352240222]]],[[[101.50665954301827,3.4239376356085587],[101.50665954301827,3.4243302493748993],[101.50769595979939,3.4243302493748993],[101.50769595979939,3.4239376356085587],[101.50665954301827,3.4239376356085587]]],[[[101.50406850106546,3.4255080916141174],[101.50406850106546,3.425115477377661],[101.5035502926749,3.425115477377661],[101.5035502926749,3.4255080916141174],[101.50251896293368,3.425115477377661],[101.50251387589378,3.42668593526401],[101.50303208428434,3.42668593526401],[101.50303208428434,3.427078550127542],[101.50562312623715,3.42668593526401],[101.50562312623715,3.4262933205572734],[101.5061413346277,3.4262933205572734],[101.50665954301827,3.4243302493748993],[101.5061413346277,3.4243302493748993],[101.5061413346277,3.424722863297928],[101.50510491784658,3.424722863297928],[101.50510491784658,3.425115477377661],[101.50406850106546,3.4255080916141174]],[[101.50510491784658,3.4262933205572734],[101.50458670945604,3.4262933205572734],[101.50458670945604,3.4259007060073157],[101.50510491784658,3.4259007060073157],[101.50510491784658,3.4262933205572734]]]]},"properties":{"place_id":"483bdcbb-0983-5337-949d-e93a87316066","habitat":"seasonal_water_wetland","habitat_label":"Seasonal water or wetland","resolution_m":50}},{"type":"Feature","geometry":{"type":"MultiPolygon","coordinates":[[[[101.46105720464892,3.3344257510683604],[101.46152690664162,3.3344257510683604],[101.46105720464892,3.3337669481806778],[101.46105720464892,3.3344257510683604]]],[[[101.4629259979296,3.3348183295833462],[101.46313003821116,3.334480914463584],[101.46309899999999,3.3344440963179425],[101.4629259979296,3.3348183295833462]]],[[[101.4615754130395,3.3348183295833462],[101.46209362143006,3.3348183295833462],[101.46209362143006,3.335210908250885],[101.4626118298206,3.335210908250885],[101.4626118298206,3.3348271407420818],[101.4615754130395,3.334472770759734],[101.4615754130395,3.3348183295833462]]],[[[101.4470655781038,3.366617697533543],[101.44654736971323,3.366617697533543],[101.44602916132267,3.365832515826411],[101.44447453615099,3.366617697533543],[101.44407845032742,3.368188062796217],[101.44499274454157,3.3685806544970767],[101.44499274454157,3.3689732463520476],[101.44602916132267,3.3689732463520476],[101.44602916132267,3.3685806544970767],[101.4470655781038,3.368188062796217],[101.4470655781038,3.366617697533543]],[[101.44499274454157,3.368188062796217],[101.44499274454157,3.367795471249452],[101.4455109529321,3.367795471249452],[101.4455109529321,3.366617697533543],[101.44602916132267,3.366617697533543],[101.44602916132267,3.368188062796217],[101.44499274454157,3.368188062796217]]],[[[101.46727570533567,3.3709362079392293],[101.46727570533567,3.370543615313423],[101.46572108016397,3.369758430524402],[101.4641664549923,3.3713288007192563],[101.46572108016397,3.372113986742048],[101.46572108016397,3.3717213936535235],[101.46727570533567,3.3709362079392293]],[[101.4652028717734,3.3709362079392293],[101.46572108016397,3.3709362079392293],[101.46572108016397,3.3713288007192563],[101.4652028717734,3.3713288007192563],[101.4652028717734,3.3709362079392293]],[[101.46572108016397,3.370543615313423],[101.46623928855453,3.370543615313423],[101.46623928855453,3.3709362079392293],[101.46572108016397,3.3709362079392293],[101.46572108016397,3.370543615313423]]],[[[101.45017482844715,3.3768251158430336],[101.45017482844715,3.376039926115449],[101.4506930368377,3.376039926115449],[101.4506930368377,3.375254737005694],[101.45121124522828,3.375254737005694],[101.45121124522828,3.37407695449917],[101.4506930368377,3.37407695449917],[101.4506930368377,3.373684360639085],[101.45172945361884,3.3732917669333498],[101.45172945361884,3.3725065799848486],[101.45224766200941,3.3725065799848486],[101.45224766200941,3.3732917669333498],[101.45276587039994,3.3732917669333498],[101.45328407879052,3.37407695449917],[101.45483870396221,3.3732917669333498],[101.45483870396221,3.372113986742048],[101.45432049557165,3.372113986742048],[101.45432049557165,3.3713288007192563],[101.45380228718108,3.3713288007192563],[101.45380228718108,3.370543615313423],[101.45328407879052,3.370543615313423],[101.45276587039994,3.369758430524402],[101.45172945361884,3.369758430524402],[101.45172945361884,3.370151022841819],[101.4496566200566,3.3713288007192563],[101.4496566200566,3.372113986742048],[101.44913841166604,3.372113986742048],[101.44913841166604,3.3732917669333498],[101.4496566200566,3.3732917669333498],[101.4496566200566,3.373684360639085],[101.44862020327547,3.37407695449917],[101.44862020327547,3.374862142682456],[101.44758378649436,3.374862142682456],[101.44758378649436,3.375254737005694],[101.44602916132267,3.376039926115449],[101.44602916132267,3.3764325209020036],[101.44654736971323,3.3764325209020036],[101.4470655781038,3.377217710938556],[101.44810199488491,3.377217710938556],[101.44862020327547,3.3780029015931534],[101.4496566200566,3.3780029015931534],[101.4496566200566,3.3776103061885894],[101.4506930368377,3.377217710938556],[101.4506930368377,3.3768251158430336],[101.45017482844715,3.3768251158430336]],[[101.44758378649436,3.3756473314833526],[101.44913841166604,3.3756473314833526],[101.44913841166604,3.374862142682456],[101.4496566200566,3.374862142682456],[101.4496566200566,3.37407695449917],[101.45017482844715,3.37407695449917],[101.45017482844715,3.375254737005694],[101.4496566200566,3.375254737005694],[101.4496566200566,3.376039926115449],[101.44913841166604,3.376039926115449],[101.44913841166604,3.3768251158430336],[101.4496566200566,3.3768251158430336],[101.4496566200566,3.377217710938556],[101.44862020327547,3.377217710938556],[101.44810199488491,3.3764325209020036],[101.4470655781038,3.3764325209020036],[101.44758378649436,3.3756473314833526]],[[101.45172945361884,3.370543615313423],[101.45276587039994,3.370543615313423],[101.45276587039994,3.3713288007192563],[101.45328407879052,3.3713288007192563],[101.45328407879052,3.372113986742048],[101.45380228718108,3.372113986742048],[101.45380228718108,3.3732917669333498],[101.45328407879052,3.3732917669333498],[101.45328407879052,3.3725065799848486],[101.45276587039994,3.3725065799848486],[101.45276587039994,3.3717213936535235],[101.45224766200941,3.3717213936535235],[101.45224766200941,3.3713288007192563],[101.45172945361884,3.3713288007192563],[101.45172945361884,3.372113986742048],[101.45121124522828,3.372113986742048],[101.45121124522828,3.3725065799848486],[101.4506930368377,3.3725065799848486],[101.4506930368377,3.3732917669333498],[101.45017482844715,3.3732917669333498],[101.45017482844715,3.372113986742048],[101.4506930368377,3.372113986742048],[101.4506930368377,3.3713288007192563],[101.45121124522828,3.3713288007192563],[101.45172945361884,3.370543615313423]]],[[[101.45535691235276,3.3764325209020036],[101.45380228718108,3.3756473314833526],[101.45380228718108,3.376039926115449],[101.45276587039994,3.3764325209020036],[101.45276587039994,3.377217710938556],[101.45432049557165,3.3780029015931534],[101.45432049557165,3.3776103061885894],[101.45535691235276,3.377217710938556],[101.45535691235276,3.3764325209020036]],[[101.45432049557165,3.3764325209020036],[101.45432049557165,3.377217710938556],[101.45380228718108,3.377217710938556],[101.45380228718108,3.3764325209020036],[101.45432049557165,3.3764325209020036]]],[[[101.47349420602238,3.377217710938556],[101.47349420602238,3.3768251158430336],[101.47297599763182,3.3768251158430336],[101.47297599763182,3.377217710938556],[101.47193958085072,3.3776103061885894],[101.47193958085072,3.378395497152265],[101.47245778924126,3.378395497152265],[101.47297599763182,3.3791806887342024],[101.47401241441295,3.3791806887342024],[101.47453062280351,3.3779361939424017],[101.47401241441295,3.377217710938556],[101.47349420602238,3.377217710938556]],[[101.47297599763182,3.3776103061885894],[101.47349420602238,3.3776103061885894],[101.47401241441295,3.378395497152265],[101.47297599763182,3.378395497152265],[101.47297599763182,3.3776103061885894]]],[[[101.45691153752445,3.3791806887342024],[101.45691153752445,3.3787880928659417],[101.45587512074331,3.378395497152265],[101.45483870396221,3.3795732847570648],[101.45639332913389,3.380358477266669],[101.45639332913389,3.379965880934548],[101.45742974591502,3.3795732847570648],[101.45742974591502,3.3791806887342024],[101.45691153752445,3.3791806887342024]],[[101.45639332913389,3.3795732847570648],[101.45587512074331,3.3795732847570648],[101.45587512074331,3.3791806887342024],[101.45639332913389,3.3791806887342024],[101.45639332913389,3.3795732847570648]]],[[[101.44654736971323,3.380358477266669],[101.44499274454157,3.3795732847570648],[101.44412876545566,3.380751073753446],[101.4455109529321,3.381536267191043],[101.44654736971323,3.380358477266669]],[[101.4455109529321,3.380358477266669],[101.4455109529321,3.380751073753446],[101.44499274454157,3.380751073753446],[101.44499274454157,3.380358477266669],[101.4455109529321,3.380358477266669]]],[[[101.47142137246014,3.384284449096972],[101.47142137246014,3.383891851217472],[101.4693485388979,3.383891851217472],[101.46779391372621,3.385462243664574],[101.4687158,3.3846848962638707],[101.4693485388979,3.384927086277029],[101.47142137246014,3.384284449096972]]],[[[101.47815808153743,3.385854842163534],[101.47746820473651,3.385069645320505],[101.477239430648,3.385854842163534],[101.47763987314687,3.385854842163534],[101.47763987314687,3.386247440817405],[101.47712504360375,3.386247440817405],[101.47712510789484,3.3870326385899485],[101.47867628992799,3.386247440817405],[101.47867628992799,3.385854842163534],[101.47815808153743,3.385854842163534]]],[[[101.46831212211677,3.3870326385899485],[101.46727570533567,3.3874252377086593],[101.46727570533567,3.387817836982351],[101.46779391372621,3.387817836982351],[101.46779391372621,3.3886030359947563],[101.46727570533567,3.3886030359947563],[101.46727570533567,3.388995635733506],[101.46779391372621,3.3892588100478442],[101.4685027,3.3885580962597164],[101.46831212211677,3.3870326385899485]]],[[[101.45691153752445,3.3952772526533392],[101.45639332913389,3.3952772526533392],[101.45639332913389,3.395669855030494],[101.45689606087393,3.395669855030494],[101.4574059327964,3.39488465043153],[101.45691153752445,3.39488465043153],[101.45691153752445,3.3952772526533392]]],[[[101.47556703958462,3.39488465043153],[101.47504789999999,3.3950236962527485],[101.47660345636575,3.396062457563011],[101.47660345636575,3.395669855030494],[101.47608524797519,3.395669855030494],[101.47556703958462,3.39488465043153]]],[[[101.45432049557165,3.3995958873500185],[101.45492904452871,3.3988106796423363],[101.45432049557165,3.3988106796423363],[101.45432049557165,3.399203283418413],[101.45380228718108,3.399203283418413],[101.45380228718108,3.3988106796423363],[101.45276587039994,3.3988106796423363],[101.45276587039994,3.399203283418413],[101.45172945361884,3.3988106796423363],[101.45172945361884,3.399203283418413],[101.45121124522828,3.399203283418413],[101.45050151828039,3.3999884914371687],[101.45148419999998,3.4007311962465874],[101.4545152,3.4001770962472007],[101.45432049557165,3.3995958873500185]],[[101.45121124522828,3.3999884914371687],[101.45172945361884,3.3999884914371687],[101.45172945361884,3.400381095679881],[101.45121124522828,3.400381095679881],[101.45121124522828,3.3999884914371687]],[[101.45172945361884,3.3995958873500185],[101.45224766200941,3.3995958873500185],[101.45224766200941,3.3999884914371687],[101.45172945361884,3.3999884914371687],[101.45172945361884,3.3995958873500185]],[[101.45380228718108,3.3999884914371687],[101.45276587039994,3.3999884914371687],[101.45276587039994,3.3995958873500185],[101.45380228718108,3.3995958873500185],[101.45380228718108,3.3999884914371687]]],[[[101.50044104233154,3.320685599012008],[101.50082407535807,3.320685599012008],[101.50044104233154,3.3204564595417563],[101.50044104233154,3.320685599012008]]],[[[101.50147745911266,3.3214707455379595],[101.50199566750322,3.3213864736310437],[101.5009592507221,3.3207664641434564],[101.5009592507221,3.3210781721990235],[101.50147745911266,3.3210781721990235],[101.50147745911266,3.3214707455379595]]],[[[101.48282195705248,3.3603362611147554],[101.48230374866192,3.3595510843311027],[101.48074912349023,3.3603362611147554],[101.48074912349023,3.361514027443267],[101.4812673318808,3.361514027443267],[101.48178554027136,3.3622992057645096],[101.48334016544304,3.3613115361880523],[101.48334016544304,3.3603362611147554],[101.48282195705248,3.3603362611147554]],[[101.48230374866192,3.361514027443267],[101.48178554027136,3.361514027443267],[101.48178554027136,3.3603362611147554],[101.48230374866192,3.3603362611147554],[101.48230374866192,3.361514027443267]]],[[[101.48178554027136,3.3791806887342024],[101.48178554027136,3.3790788549328554],[101.48171925917656,3.3791806887342024],[101.48178554027136,3.3791806887342024]]],[[[101.47907055783676,3.379965880934548],[101.47956,3.3798001962691484],[101.47922529999998,3.3794573962695034],[101.47907055783676,3.379965880934548]]],[[[101.48074912349023,3.3874252377086593],[101.48074912349023,3.3870326385899485],[101.48023091509967,3.3870326385899485],[101.48023091509967,3.386247440817405],[101.4812673318808,3.386247440817405],[101.4812673318808,3.385854842163534],[101.48282195705248,3.385069645320505],[101.48178554027136,3.383891851217472],[101.48074912349023,3.383891851217472],[101.48074912349023,3.384284449096972],[101.47867628992799,3.385462243664574],[101.47867628992799,3.385854842163534],[101.47971270670911,3.386247440817405],[101.47971270670911,3.3870326385899485],[101.47919449831856,3.3870326385899485],[101.47867628992799,3.387817836982351],[101.48023091509967,3.3886030359947563],[101.48023091509967,3.388210436411044],[101.4812673318808,3.387817836982351],[101.4812673318808,3.3874252377086593],[101.48074912349023,3.3874252377086593]],[[101.48023091509967,3.387817836982351],[101.47971270670911,3.387817836982351],[101.47971270670911,3.3874252377086593],[101.48023091509967,3.3874252377086593],[101.48023091509967,3.387817836982351]],[[101.47971270670911,3.385462243664574],[101.48023091509967,3.385462243664574],[101.48023091509967,3.385854842163534],[101.47971270670911,3.385854842163534],[101.47971270670911,3.385462243664574]],[[101.48023091509967,3.385069645320505],[101.48074912349023,3.385069645320505],[101.48074912349023,3.384677047131311],[101.48178554027136,3.384677047131311],[101.4812673318808,3.385462243664574],[101.48023091509967,3.385462243664574],[101.48023091509967,3.385069645320505]]],[[[101.47971270670911,3.392921641652031],[101.47919449831856,3.3921364392270137],[101.47815808153743,3.3921364392270137],[101.47712166475631,3.3933142430973855],[101.47763987314687,3.3933142430973855],[101.47815808153743,3.3940994464538754],[101.47919449831856,3.3940994464538754],[101.47919449831856,3.393706844697994],[101.48023091509967,3.3933142430973855],[101.48023091509967,3.392921641652031],[101.47971270670911,3.392921641652031]],[[101.47919449831856,3.3933142430973855],[101.47815808153743,3.3933142430973855],[101.47815808153743,3.392921641652031],[101.47919449831856,3.392921641652031],[101.47919449831856,3.3933142430973855]]],[[[101.4838583738336,3.3972402660929264],[101.48593120739584,3.396062457563011],[101.48593120739584,3.39488465043153],[101.48541299900528,3.39488465043153],[101.48489479061472,3.3940994464538754],[101.48437658222416,3.3940994464538754],[101.48437658222416,3.3944920483650485],[101.4838583738336,3.3944920483650485],[101.4838583738336,3.39488465043153],[101.48334016544304,3.39488465043153],[101.48334016544304,3.3952772526533392],[101.4812673318808,3.3964550602509105],[101.4812673318808,3.397632869247079],[101.48178554027136,3.397632869247079],[101.48230374866192,3.398418076021766],[101.48282195705248,3.398418076021766],[101.4838583738336,3.3972402660929264]],[[101.4838583738336,3.395669855030494],[101.4838583738336,3.3952772526533392],[101.48489479061472,3.39488465043153],[101.48489479061472,3.396062457563011],[101.4838583738336,3.396062457563011],[101.4838583738336,3.3968476630942086],[101.48230374866192,3.397632869247079],[101.48230374866192,3.3964550602509105],[101.4838583738336,3.395669855030494]]],[[[101.49111329130146,3.3968476630942086],[101.491631499692,3.3968476630942086],[101.491631499692,3.3964550602509105],[101.49111329130146,3.3964550602509105],[101.49059508291089,3.395669855030494],[101.48955866612977,3.395669855030494],[101.48955866612977,3.396062457563011],[101.48852224934865,3.3964550602509105],[101.48852224934865,3.397632869247079],[101.48800404095809,3.397632869247079],[101.48800404095809,3.398418076021766],[101.48748583256751,3.398418076021766],[101.48748583256751,3.3988106796423363],[101.48800404095809,3.3988106796423363],[101.48904045773921,3.3999884914371687],[101.49007687452033,3.3999884914371687],[101.49007687452033,3.3995958873500185],[101.49111329130146,3.399203283418413],[101.49111329130146,3.3968476630942086]],[[101.48955866612977,3.397632869247079],[101.48955866612977,3.3964550602509105],[101.49059508291089,3.3964550602509105],[101.49059508291089,3.3968476630942086],[101.49007687452033,3.3968476630942086],[101.49007687452033,3.399203283418413],[101.48904045773921,3.399203283418413],[101.48904045773921,3.3988106796423363],[101.48852224934865,3.3988106796423363],[101.48852224934865,3.398418076021766],[101.48904045773921,3.398418076021766],[101.48904045773921,3.397632869247079],[101.48955866612977,3.397632869247079]]],[[[101.49370433325426,3.4035219352240222],[101.4931861248637,3.4035219352240222],[101.4931861248637,3.4031293297361533],[101.49370433325426,3.4031293297361533],[101.49370433325426,3.4015589093415763],[101.49422254164482,3.4015589093415763],[101.49525895842594,3.402736724403992],[101.49733179198817,3.4015589093415763],[101.49733179198817,3.4011663046320675],[101.4957771668165,3.400381095679881],[101.4957771668165,3.398418076021766],[101.49629537520705,3.398418076021766],[101.49629537520705,3.398025472556686],[101.49474075003538,3.3972402660929264],[101.49474075003538,3.3968476630942086],[101.49525895842594,3.3968476630942086],[101.49525895842594,3.395669855030494],[101.49474075003538,3.395669855030494],[101.49422254164482,3.39488465043153],[101.49266791647312,3.395669855030494],[101.49266791647312,3.3968476630942086],[101.49370433325426,3.3972402660929264],[101.49370433325426,3.397632869247079],[101.4931861248637,3.397632869247079],[101.4931861248637,3.398418076021766],[101.49111329130146,3.3995958873500185],[101.49111329130146,3.400773700078174],[101.48904045773921,3.401951514206723],[101.48904045773921,3.4031293297361533],[101.48955866612977,3.4031293297361533],[101.49007687452033,3.4039145408676164],[101.49111329130146,3.4039145408676164],[101.49214970808258,3.4050923587329383],[101.49370433325426,3.404307146666956],[101.49370433325426,3.4035219352240222]],[[101.49266791647312,3.4035219352240222],[101.49266791647312,3.404307146666956],[101.49214970808258,3.404307146666956],[101.49214970808258,3.4035219352240222],[101.49266791647312,3.4035219352240222]],[[101.49214970808258,3.400773700078174],[101.49214970808258,3.3995958873500185],[101.4931861248637,3.3995958873500185],[101.4931861248637,3.399203283418413],[101.49370433325426,3.399203283418413],[101.49370433325426,3.398418076021766],[101.49422254164482,3.398418076021766],[101.49422254164482,3.397632869247079],[101.49474075003538,3.397632869247079],[101.49474075003538,3.398025472556686],[101.49525895842594,3.398025472556686],[101.49525895842594,3.398418076021766],[101.49474075003538,3.398418076021766],[101.49474075003538,3.400381095679881],[101.49525895842594,3.400381095679881],[101.49525895842594,3.4011663046320675],[101.49629537520705,3.4011663046320675],[101.49629537520705,3.4015589093415763],[101.49525895842594,3.401951514206723],[101.49525895842594,3.4015589093415763],[101.49370433325426,3.400773700078174],[101.49370433325426,3.4011663046320675],[101.49266791647312,3.4011663046320675],[101.49266791647312,3.4031293297361533],[101.49007687452033,3.4031293297361533],[101.49007687452033,3.401951514206723],[101.49111329130146,3.401951514206723],[101.49111329130146,3.4011663046320675],[101.49214970808258,3.400773700078174]],[[101.49422254164482,3.395669855030494],[101.49422254164482,3.3968476630942086],[101.49370433325426,3.3968476630942086],[101.49370433325426,3.395669855030494],[101.49422254164482,3.395669855030494]]],[[[101.49629537520705,3.4188336708964164],[101.49629537520705,3.418048447903584],[101.49474075003538,3.417263225536341],[101.4944543063393,3.4176558366417726],[101.4969913,3.4197742962261626],[101.49785000037873,3.4215819562999306],[101.49785000037873,3.4200115065589607],[101.49733179198817,3.4200115065589607],[101.49733179198817,3.419226282627473],[101.49629537520705,3.4188336708964164]]],[[[101.49798440773199,3.4227597952494784],[101.4980940184425,3.4231524085458664],[101.4983682087693,3.4231524085458664],[101.4983682087693,3.4227597952494784],[101.49798440773199,3.4227597952494784]]],[[[101.49940462555043,3.4259007060073157],[101.4986329531798,3.4255080916141174],[101.49858809999999,3.42674519621866],[101.49940462555043,3.42675224457999],[101.49940462555043,3.4259007060073157]]],[[[101.5009592507221,3.4298268585640805],[101.5009592507221,3.4292378683243627],[101.50005839999999,3.429532796215651],[101.50191239999998,3.4313191962137632],[101.50198830000001,3.4321336962128393],[101.50251387589378,3.432289566642775],[101.50251387589378,3.431004707390636],[101.50199566750322,3.431004707390636],[101.50199566750322,3.430612090958146],[101.50147745911266,3.430612090958146],[101.50147745911266,3.4298268585640805],[101.5009592507221,3.4298268585640805]]],[[[101.50303208428434,3.4467094936199545],[101.5021967,3.446193996197745],[101.5017235,3.4473952961964693],[101.50303208428434,3.4467094936199545]]],[[[101.50769595979939,3.3316777057334472],[101.50769595979939,3.3318254824513542],[101.5077359,3.331764996320819],[101.50769595979939,3.3316777057334472]]],[[[101.50717775140883,3.332070283181063],[101.50717775140883,3.3326102665280484],[101.50753431301044,3.332070283181063],[101.50717775140883,3.332070283181063]]],[[[101.50562312623715,3.3316777057334472],[101.50562312623715,3.3312851284382408],[101.50458670945604,3.3308925512954235],[101.5035502926749,3.332070283181063],[101.50510491784658,3.3328554385335942],[101.50458670945604,3.3336405944959786],[101.50562312623715,3.3340331727059103],[101.50562312623715,3.3348183295833462],[101.50664904329565,3.335210908250885],[101.5059813,3.3344221963179432],[101.5061413346277,3.3336405944959786],[101.50701585958474,3.3328554385335942],[101.5061413346277,3.3328554385335942],[101.50665954301827,3.332070283181063],[101.50562312623715,3.3316777057334472]],[[101.50562312623715,3.3336405944959786],[101.50562312623715,3.333248016438546],[101.5061413346277,3.333248016438546],[101.5061413346277,3.3336405944959786],[101.50562312623715,3.3336405944959786]],[[101.50510491784658,3.3324628607811064],[101.50510491784658,3.332070283181063],[101.50562312623715,3.332070283181063],[101.50562312623715,3.3324628607811064],[101.50510491784658,3.3324628607811064]],[[101.50458670945604,3.332070283181063],[101.50458670945604,3.3316777057334472],[101.50510491784658,3.3316777057334472],[101.50510491784658,3.332070283181063],[101.50458670945604,3.332070283181063]]],[[[101.50665954301827,3.3353551930120604],[101.5067,3.335271096317054],[101.50665954301827,3.3352233101122803],[101.50665954301827,3.3353551930120604]]],[[[101.5061413346277,3.335603487070997],[101.5061413346277,3.3364323776205556],[101.50654009448877,3.335603487070997],[101.5061413346277,3.335603487070997]]],[[[101.50597351267464,3.336781224446945],[101.50562312623715,3.3371738038775254],[101.50510491784658,3.3371738038775254],[101.50510491784658,3.3385867502852506],[101.50597351267464,3.336781224446945]]],[[[101.50406850106546,3.339529283667558],[101.5047095,3.3394086963126015],[101.50502920965107,3.3387441231266544],[101.50406850106546,3.33913670332073],[101.50406850106546,3.339529283667558]]],[[[101.50665954301827,3.427078550127542],[101.50665954301827,3.42668593526401],[101.50717775140883,3.42668593526401],[101.50717775140883,3.4255080916141174],[101.50873237658051,3.424722863297928],[101.50873237658051,3.4239376356085587],[101.50821416818995,3.4239376356085587],[101.50769595979939,3.4231524085458664],[101.50665954301827,3.4231524085458664],[101.50665954301827,3.423545021998887],[101.5061413346277,3.423545021998887],[101.5061413346277,3.4239376356085587],[101.50510491784658,3.4239376356085587],[101.50458670945604,3.424722863297928],[101.50406850106546,3.424722863297928],[101.50406850106546,3.4243302493748993],[101.5035502926749,3.4243302493748993],[101.5035502926749,3.424722863297928],[101.50303208428434,3.424722863297928],[101.50303208428434,3.4243302493748993],[101.50199566750322,3.424722863297928],[101.50303208428434,3.425115477377661],[101.50303208428434,3.4255080916141174],[101.5035502926749,3.4255080916141174],[101.5035502926749,3.425115477377661],[101.50458670945604,3.4255080916141174],[101.50510491784658,3.424722863297928],[101.5061413346277,3.424722863297928],[101.50665954301827,3.4239376356085587],[101.50769595979939,3.4239376356085587],[101.50769595979939,3.424722863297928],[101.50665954301827,3.424722863297928],[101.50665954301827,3.4255080916141174],[101.5061413346277,3.4255080916141174],[101.5061413346277,3.42668593526401],[101.50458670945604,3.42668593526401],[101.50458670945604,3.4274711651478884],[101.50406850106546,3.4274711651478884],[101.50406850106546,3.427078550127542],[101.50251387589378,3.427078550127542],[101.50251387589378,3.426187102848565],[101.50247105998827,3.4274711651478884],[101.50251387589378,3.4278637803250667],[101.50406850106546,3.4278637803250667],[101.50406850106546,3.4282563956590963],[101.50458670945604,3.4282563956590963],[101.50510491784658,3.4274711651478884],[101.5061413346277,3.4274711651478884],[101.5061413346277,3.427078550127542],[101.50665954301827,3.427078550127542]]],[[[101.50458670945604,3.4514209786449137],[101.50431328868719,3.45220622835937],[101.50458670945604,3.45220622835937],[101.50458670945604,3.4514209786449137]]],[[[101.50303208428434,3.4565251130879893],[101.50255295825949,3.4565251130879893],[101.50255033682078,3.458095621369639],[101.50303208428434,3.458095621369639],[101.50303208428434,3.457310366912393],[101.5035502926749,3.457310366912393],[101.50303208428434,3.4565251130879893]]],[[[101.50285130988135,3.461236645529963],[101.50303208428434,3.461309572862825],[101.50303208428434,3.461236645529963],[101.50285130988135,3.461236645529963]]],[[[101.50717775140883,3.4620219031536044],[101.5070905,3.4623494961804],[101.50717775140883,3.4623488003930345],[101.50717775140883,3.4620219031536044]]],[[[101.50925058497107,3.4620219031536044],[101.50873237658051,3.4620219031536044],[101.50873237658051,3.4623364030167565],[101.50925058497107,3.4623322705580324],[101.50925058497107,3.4620219031536044]]],[[[101.512878043705,3.463592420302176],[101.5128101542971,3.4643776798273973],[101.512878043705,3.4643776798273973],[101.512878043705,3.463592420302176]]],[[[101.51287699365564,3.4647703098278044],[101.512878043705,3.4647764780641674],[101.512878043705,3.4647703098278044],[101.51287699365564,3.4647703098278044]]]]},"properties":{"place_id":"483bdcbb-0983-5337-949d-e93a87316066","habitat":"water_edge","habitat_label":"Water edge","resolution_m":50}}]}