{"type":"FeatureCollection","metadata":{"schema_version":1,"place_id":"54acacf3-2b3a-5fed-abc5-30b4676ba727","place_name":"Hutan Simpanan Kekal Bukit Belata Tambahan","place_type":"park","osm_reference":"relation/18774039","protection_context":"mapped protected boundary","resolution_m":50,"raster_coverage":1.0,"interpretation":"Suggested search habitats, not predicted plant locations or probabilities of presence."},"features":[{"type":"Feature","geometry":{"type":"MultiPolygon","coordinates":[[[[101.4273736592625,3.554686791803934],[101.42715777849645,3.554686791803934],[101.4273736592625,3.554791746519137],[101.4273736592625,3.554686791803934]]],[[[101.45276587039994,3.5586134685903437],[101.45276587039994,3.5584818731350816],[101.45249173057667,3.5586134685903437],[101.45276587039994,3.5586134685903437]]],[[[101.45172945361884,3.5590061371646007],[101.45224766200941,3.5587306289432656],[101.45172945361884,3.5589793848168245],[101.45172945361884,3.5590061371646007]]],[[[101.44810199488491,3.560969482479929],[101.44810199488491,3.5609218846450803],[101.44801788545566,3.560969482479929],[101.44810199488491,3.560969482479929]]],[[[101.40713989999999,3.5879128960458426],[101.40819994881174,3.570000923452403],[101.408940987305,3.5696082503097477],[101.41590735547479,3.5527234595135697],[101.41545486627959,3.5527234595135697],[101.41545486627959,3.552330793543434],[101.41623137259896,3.551938127735901],[101.41711229999999,3.549802996086624],[101.41856411662296,3.5505088221148005],[101.41908232501352,3.5503674661314393],[101.41908232501352,3.5507601312887407],[101.42685545087193,3.5545398092538303],[101.42685545087193,3.553508791941724],[101.42633724248137,3.553508791941724],[101.42633724248137,3.553116125646327],[101.42685545087193,3.553116125646327],[101.42685545087193,3.5527234595135697],[101.42789186765305,3.5527234595135697],[101.42789186765305,3.552330793543434],[101.42892828443416,3.552330793543434],[101.42892828443416,3.551938127735901],[101.4299647012153,3.5515454620909535],[101.4299647012153,3.551938127735901],[101.43048290960586,3.551938127735901],[101.43048290960586,3.5527234595135697],[101.4299647012153,3.5527234595135697],[101.4299647012153,3.553508791941724],[101.42944649282474,3.553508791941724],[101.42944649282474,3.553901458399778],[101.4284100760436,3.553508791941724],[101.4284100760436,3.554294125020509],[101.42892828443416,3.554294125020509],[101.42892828443416,3.554686791803934],[101.42796545281674,3.5550794587500696],[101.43250549999999,3.5572866960786276],[101.43693389999999,3.554193396081928],[101.44227679999999,3.554782396081303],[101.44531310000002,3.552568396083691],[101.4467454,3.5442828960925508],[101.4447628158921,3.530341758199293],[101.44395632776043,3.529949101468564],[101.44395632776043,3.5295564448994017],[101.44447453615099,3.5295564448994017],[101.44447453615099,3.5287711322457094],[101.44395632776043,3.5287711322457094],[101.44395632776043,3.5283784761611434],[101.44447453615099,3.5283146492662265],[101.4429096,3.5173104961214468],[101.44114049999999,3.513138496125937],[101.4088305,3.546743496089932],[101.36522009999999,3.5850396960489],[101.3668152,3.5892483960444053],[101.36850299999998,3.590106496043478],[101.36887209999999,3.5919774960414697],[101.36762089999998,3.597741696035295],[101.37001459999999,3.6040170960285964],[101.37111870000001,3.6046601960279023],[101.3718739,3.6046547960279014],[101.3755345,3.6036274960290147],[101.37679139999999,3.603911496028732],[101.37852239999998,3.605407896027106],[101.3797693,3.607218596025195],[101.38291669999998,3.6079822960243466],[101.38384819999999,3.608891196023387],[101.38587259999998,3.609011096023248],[101.3866976,3.6100876960221164],[101.3888119,3.6101134960220747],[101.3896084,3.61134159602075],[101.390218,3.611301396020803],[101.39048740000001,3.611665296020428],[101.3904731,3.612235496019788],[101.39116579999997,3.6127745960192517],[101.39103359999999,3.6133647960185873],[101.39216669999999,3.61386919601805],[101.39246839999998,3.6149951960168476],[101.3934366,3.615026696016843],[101.39485919999998,3.616435696015311],[101.39524473904773,3.615944814082457],[101.39472653065717,3.615944814082457],[101.39472653065717,3.615552121696348],[101.39524473904773,3.615552121696348],[101.39524473904773,3.615159429475769],[101.39628115582885,3.615552121696348],[101.39628115582885,3.615944814082457],[101.39544558566011,3.61633750663411],[101.3973772,3.6164792960152616],[101.397382,3.61611689601567],[101.3962555,3.6153994960164253],[101.39533819999998,3.6128188960191863],[101.3935304,3.6125030960195166],[101.3930583,3.613273996018675],[101.3927767,3.613003596018978],[101.3916796,3.6113840960207098],[101.391508,3.609555196022657],[101.3910312,3.609576596022663],[101.3910882,3.608944196023324],[101.39047939999999,3.6090899960231826],[101.39010919999998,3.6087393960235317],[101.39038679999997,3.606019596026433],[101.39230459999999,3.6048618960276864],[101.38863529999999,3.6053396960272],[101.388402,3.604624996027936],[101.3892764,3.6031981960294828],[101.38746859999999,3.603754996028892],[101.38739349999999,3.604600896027968],[101.38554269999999,3.604113696028502],[101.38571439999998,3.6030857960295757],[101.38530129999998,3.602577096030157],[101.3859612,3.60200429603074],[101.38775819999998,3.601784796031],[101.38839659999998,3.6012225960316044],[101.39012930000001,3.601179796031646],[101.3903493,3.6006229960322242],[101.389491,3.6002642960326257],[101.38917449999998,3.6007353960321122],[101.3884342,3.600756796032088],[101.38742569999998,3.599948396032962],[101.3867068,3.5977586960352976],[101.38811229999999,3.5956706960375366],[101.38974309999998,3.5954136960378134],[101.3924146,3.5991399960338284],[101.39217850000001,3.6010887960317244],[101.39311189999998,3.602876996029805],[101.393981,3.601881196030879],[101.39404529999997,3.6010459960317744],[101.395129,3.6003927960324957],[101.39539719999999,3.6019239960308456],[101.3942599,3.603412396029238],[101.39433499999998,3.605071996027481],[101.3948285,3.606870896025558],[101.39545079999999,3.6071813960252226],[101.39595509999998,3.6062819960261554],[101.39800429999998,3.605200496027332],[101.39637349999998,3.6053717960271365],[101.3964915,3.5929187960404607],[101.40431243476935,3.5892421079885404],[101.4035360732967,3.5888494268169238],[101.40405428168727,3.5880640649665523],[101.40509069846838,3.588456745809601],[101.40457249007783,3.589119854020466],[101.40713989999999,3.5879128960458426]],[[101.37814386215922,3.587278703773203],[101.37814386215922,3.5876713842877583],[101.37866207054978,3.5876713842877583],[101.37866207054978,3.588456745809601],[101.37918027894035,3.588456745809601],[101.37918027894035,3.589634789324468],[101.37969848733091,3.589634789324468],[101.38021669572147,3.590420152489324],[101.38280773767427,3.590420152489324],[101.38280773767427,3.590027470824721],[101.38384415445539,3.590027470824721],[101.38384415445539,3.590420152489324],[101.38539877962708,3.590420152489324],[101.38539877962708,3.5908128343182897],[101.3864351964082,3.5908128343182897],[101.3864351964082,3.590420152489324],[101.38695340479876,3.590420152489324],[101.38747161318932,3.59120551631164],[101.38695340479876,3.59120551631164],[101.38695340479876,3.591598198469391],[101.3864351964082,3.591598198469391],[101.3864351964082,3.59120551631164],[101.38539877962708,3.59120551631164],[101.38488057123652,3.5919908807915615],[101.38332594606483,3.5919908807915615],[101.38332594606483,3.591598198469391],[101.38280773767427,3.591598198469391],[101.38280773767427,3.5919908807915615],[101.38021669572147,3.5919908807915615],[101.38021669572147,3.592383563278168],[101.37969848733091,3.592383563278168],[101.37969848733091,3.5919908807915615],[101.37918027894035,3.5919908807915615],[101.37918027894035,3.591598198469391],[101.37969848733091,3.591598198469391],[101.37969848733091,3.5908128343182897],[101.37918027894035,3.5908128343182897],[101.37918027894035,3.590420152489324],[101.37762565376867,3.589634789324468],[101.37762565376867,3.5888494268169238],[101.37658923698754,3.588456745809601],[101.37607102859698,3.5864933432367305],[101.37710744537812,3.58610066321478],[101.37710744537812,3.5864933432367305],[101.37762565376867,3.5864933432367305],[101.37762565376867,3.587278703773203],[101.37814386215922,3.587278703773203]],[[101.37555282020641,3.58610066321478],[101.37555282020641,3.5857079833569934],[101.37503461181588,3.5857079833569934],[101.3745164034253,3.5864933432367305],[101.37347998664417,3.5864933432367305],[101.37347998664417,3.58610066321478],[101.37296177825363,3.58610066321478],[101.37296177825363,3.5849226241338434],[101.37347998664417,3.5849226241338434],[101.37503461181588,3.5833519076567253],[101.37607102859698,3.5837445865299014],[101.37607102859698,3.5841372655671346],[101.37555282020641,3.5841372655671346],[101.37555282020641,3.5849226241338434],[101.37607102859698,3.5849226241338434],[101.37607102859698,3.584529944768443],[101.37710744537812,3.5849226241338434],[101.37710744537812,3.5857079833569934],[101.37658923698754,3.5857079833569934],[101.37658923698754,3.58610066321478],[101.37555282020641,3.58610066321478]],[[101.40146323973445,3.587278703773203],[101.40249965651557,3.587278703773203],[101.40301786490613,3.5880640649665523],[101.40249965651557,3.5880640649665523],[101.40249965651557,3.588456745809601],[101.40146323973445,3.588456745809601],[101.40146323973445,3.5880640649665523],[101.4009450313439,3.5880640649665523],[101.40146323973445,3.587278703773203]],[[101.38073490411202,3.5794251279440426],[101.38177132089315,3.5798178051776577],[101.38125311250259,3.580603160136529],[101.38021669572147,3.580210482575147],[101.38073490411202,3.5794251279440426]],[[101.41441844949847,3.5507601312887407],[101.41545486627959,3.551152796608573],[101.41493665788904,3.551938127735901],[101.41390024110791,3.5515454620909535],[101.41441844949847,3.5507601312887407]]],[[[101.4403288690265,3.566074199376768],[101.4403288690265,3.5656815278673166],[101.43981066063596,3.5656815278673166],[101.43981066063596,3.566074199376768],[101.4403288690265,3.566074199376768]]],[[[101.4377378270737,3.5684302318621213],[101.4377378270737,3.5682535290133703],[101.43760948551837,3.5684302318621213],[101.4377378270737,3.5684302318621213]]],[[[101.37555282020641,3.5849226241338434],[101.37503461181588,3.5849226241338434],[101.37503461181588,3.585315303663354],[101.37555282020641,3.585315303663354],[101.37555282020641,3.5849226241338434]]],[[[101.37918027894035,3.589634789324468],[101.37866207054978,3.589634789324468],[101.37866207054978,3.590027470824721],[101.37918027894035,3.590027470824721],[101.37918027894035,3.589634789324468]]],[[[101.38021669572147,3.5908128343182897],[101.38021669572147,3.590420152489324],[101.37969848733091,3.590420152489324],[101.37969848733091,3.5908128343182897],[101.38021669572147,3.5908128343182897]]],[[[101.45432049557165,3.557828131930493],[101.45432049557165,3.557735606102737],[101.45412774549119,3.557828131930493],[101.45432049557165,3.557828131930493]]],[[[101.49940462555043,3.5590061371646007],[101.49940462555043,3.5586134685903437],[101.4983682087693,3.5586134685903437],[101.4983682087693,3.5590061371646007],[101.49940462555043,3.5590061371646007]]],[[[101.49940462555043,3.5605768130909303],[101.4983682087693,3.5605768130909303],[101.4983682087693,3.560969482479929],[101.49940462555043,3.560969482479929],[101.49940462555043,3.5605768130909303]]],[[[101.49785000037873,3.56489618533806],[101.49733179198817,3.56489618533806],[101.49733179198817,3.565288856521087],[101.49785000037873,3.565288856521087],[101.49785000037873,3.56489618533806]]],[[[101.47919449831856,3.5684302318621213],[101.47867628992799,3.5684302318621213],[101.47867628992799,3.5688229045146236],[101.47919449831856,3.5688229045146236],[101.47919449831856,3.5684302318621213]]],[[[101.47919449831856,3.5692155773304934],[101.47971270670911,3.5692155773304934],[101.47971270670911,3.5688229045146236],[101.47919449831856,3.5688229045146236],[101.47919449831856,3.5692155773304934]]],[[[101.435582,3.613932496017996],[101.4812673318808,3.605225817002475],[101.48230374866192,3.6041641144299787],[101.48282195705248,3.6041641144299787],[101.48282195705248,3.6037714270017975],[101.48230374866192,3.6037714270017975],[101.48178554027136,3.602986052640361],[101.4812673318808,3.602986052640361],[101.4812673318808,3.6033787397385963],[101.48023091509967,3.602986052640361],[101.48023091509967,3.602593365707074],[101.48074912349023,3.602593365707074],[101.48074912349023,3.600629933514185],[101.48023091509967,3.600629933514185],[101.48023091509967,3.6002372475701923],[101.47971270670911,3.6002372475701923],[101.47867628992799,3.601415305896701],[101.47763987314687,3.601415305896701],[101.47763987314687,3.601022619623016],[101.47712166475631,3.601022619623016],[101.47712166475631,3.600629933514185],[101.47815808153743,3.6002372475701923],[101.47815808153743,3.5990591907270537],[101.47971270670911,3.598273820322148],[101.47971270670911,3.5970957659502054],[101.47867628992799,3.597488450576155],[101.47867628992799,3.5970957659502054],[101.47815808153743,3.5970957659502054],[101.47815808153743,3.59631039719231],[101.47763987314687,3.59631039719231],[101.47763987314687,3.5967030814889296],[101.47660345636575,3.59631039719231],[101.47660345636575,3.595525029092965],[101.47712166475631,3.595525029092965],[101.47763987314687,3.5939542948693393],[101.47660345636575,3.593561611724798],[101.47660345636575,3.592776245929232],[101.47556703958462,3.59316892874477],[101.47504883119406,3.592383563278168],[101.47556703958462,3.592383563278168],[101.47556703958462,3.5919908807915615],[101.47660345636575,3.592383563278168],[101.47660345636575,3.591598198469391],[101.47712166475631,3.591598198469391],[101.47867628992799,3.590027470824721],[101.47971270670911,3.590027470824721],[101.47971270670911,3.590420152489324],[101.48023091509967,3.590420152489324],[101.48023091509967,3.5892421079885404],[101.47919449831856,3.5888494268169238],[101.47971270670911,3.5880640649665523],[101.48074912349023,3.5880640649665523],[101.48074912349023,3.588456745809601],[101.4812673318808,3.588456745809601],[101.4812673318808,3.5892421079885404],[101.48230374866192,3.5888494268169238],[101.48230374866192,3.588456745809601],[101.48178554027136,3.588456745809601],[101.48178554027136,3.587278703773203],[101.48230374866192,3.587278703773203],[101.48230374866192,3.5868860234228666],[101.48334016544304,3.5868860234228666],[101.48334016544304,3.58610066321478],[101.48489479061472,3.585315303663354],[101.48489479061472,3.5841372655671346],[101.48593120739584,3.5837445865299014],[101.48593120739584,3.5821738720213476],[101.48334016544304,3.5821738720213476],[101.48282195705248,3.5813885157510446],[101.48334016544304,3.5813885157510446],[101.48334016544304,3.5809958378618214],[101.48541299900528,3.5809958378618214],[101.48541299900528,3.580603160136529],[101.48644941578641,3.580603160136529],[101.48644941578641,3.5809958378618214],[101.48696762417697,3.5809958378618214],[101.48644941578641,3.578639773968363],[101.48593120739584,3.578639773968363],[101.48593120739584,3.5782470972262628],[101.48489479061472,3.5782470972262628],[101.48489479061472,3.578639773968363],[101.48437658222416,3.578639773968363],[101.48437658222416,3.5782470972262628],[101.48334016544304,3.5782470972262628],[101.48334016544304,3.578639773968363],[101.48282195705248,3.578639773968363],[101.48282195705248,3.5782470972262628],[101.48178554027136,3.5782470972262628],[101.48178554027136,3.5778544206479643],[101.48074912349023,3.5774617442334486],[101.48178554027136,3.576283715972424],[101.48282195705248,3.576676391895697],[101.48282195705248,3.5758910402128614],[101.48230374866192,3.5758910402128614],[101.48178554027136,3.5751056891847983],[101.48230374866192,3.5751056891847983],[101.48230374866192,3.57471301391626],[101.48334016544304,3.57471301391626],[101.4838583738336,3.575498364616993],[101.48437658222416,3.575498364616993],[101.48437658222416,3.5751056891847983],[101.48541299900528,3.5751056891847983],[101.48541299900528,3.575498364616993],[101.48593120739584,3.575498364616993],[101.48593120739584,3.576676391895697],[101.48748583256751,3.576676391895697],[101.48748583256751,3.577069067982699],[101.48852224934865,3.576676391895697],[101.48852224934865,3.576283715972424],[101.48800404095809,3.576283715972424],[101.48800404095809,3.575498364616993],[101.48852224934865,3.575498364616993],[101.48852224934865,3.5751056891847983],[101.48696762417697,3.5751056891847983],[101.48696762417697,3.57471301391626],[101.48644941578641,3.57471301391626],[101.48593120739584,3.5739276638700814],[101.48489479061472,3.5739276638700814],[101.4838583738336,3.5727496400277823],[101.48230374866192,3.5727496400277823],[101.48230374866192,3.573142314478311],[101.4812673318808,3.573534989092404],[101.4812673318808,3.574320338811361],[101.48074912349023,3.574320338811361],[101.48074912349023,3.575498364616993],[101.48023091509967,3.575498364616993],[101.48023091509967,3.5758910402128614],[101.47919449831856,3.575498364616993],[101.47919449831856,3.574320338811361],[101.47867628992799,3.574320338811361],[101.47867628992799,3.5739276638700814],[101.47815808153743,3.5739276638700814],[101.47815808153743,3.573142314478311],[101.47763987314687,3.573142314478311],[101.47763987314687,3.572356965740802],[101.47815808153743,3.572356965740802],[101.47867628992799,3.5715716176574115],[101.47608524797519,3.5719642916173515],[101.47608524797519,3.5715716176574115],[101.47556703958462,3.5715716176574115],[101.47556703958462,3.5703935967584792],[101.47608524797519,3.5703935967584792],[101.47608524797519,3.570000923452403],[101.47660345636575,3.570000923452403],[101.47660345636575,3.5696082503097477],[101.47867628992799,3.5684302318621213],[101.47867628992799,3.5664668710494563],[101.47971270670911,3.566074199376768],[101.47971270670911,3.5645035143182167],[101.47867628992799,3.5645035143182167],[101.47867628992799,3.566074199376768],[101.47660345636575,3.5668595428854033],[101.47660345636575,3.5664668710494563],[101.47504883119406,3.5656815278673166],[101.47556703958462,3.56489618533806],[101.47453062280351,3.56489618533806],[101.47401241441295,3.5641108434615396],[101.47453062280351,3.5641108434615396],[101.47453062280351,3.5637181727680116],[101.47608524797519,3.5637181727680116],[101.47608524797519,3.5633255022376122],[101.47763987314687,3.5633255022376122],[101.47763987314687,3.562932831870325],[101.47867628992799,3.562932831870325],[101.47867628992799,3.5625401616661323],[101.47815808153743,3.5625401616661323],[101.47815808153743,3.5621474916250135],[101.47712166475631,3.5621474916250135],[101.47712166475631,3.561754821746952],[101.47608524797519,3.561754821746952],[101.47608524797519,3.5621474916250135],[101.47504883119406,3.5621474916250135],[101.47504883119406,3.562932831870325],[101.47401241441295,3.5633255022376122],[101.47297599763182,3.561754821746952],[101.47349420602238,3.561754821746952],[101.47349420602238,3.5613621520319305],[101.47504883119406,3.5613621520319305],[101.47504883119406,3.5605768130909303],[101.47556703958462,3.5605768130909303],[101.47556703958462,3.560184143864917],[101.47608524797519,3.560184143864917],[101.47608524797519,3.5605768130909303],[101.47815808153743,3.5605768130909303],[101.47867628992799,3.5613621520319305],[101.48023091509967,3.5605768130909303],[101.48023091509967,3.560969482479929],[101.4812673318808,3.5613621520319305],[101.4812673318808,3.5605768130909303],[101.48230374866192,3.560184143864917],[101.48230374866192,3.5586134685903437],[101.48334016544304,3.55822080017898],[101.48334016544304,3.5586134685903437],[101.4838583738336,3.5586134685903437],[101.4838583738336,3.560969482479929],[101.48334016544304,3.560969482479929],[101.48334016544304,3.561754821746952],[101.48282195705248,3.561754821746952],[101.48334016544304,3.5625401616661323],[101.48230374866192,3.562932831870325],[101.48230374866192,3.5645035143182167],[101.48178554027136,3.5645035143182167],[101.48178554027136,3.567644887047139],[101.48282195705248,3.567644887047139],[101.48282195705248,3.568037559372965],[101.48334016544304,3.568037559372965],[101.48334016544304,3.5688229045146236],[101.4838583738336,3.5688229045146236],[101.4838583738336,3.5692155773304934],[101.48334016544304,3.5692155773304934],[101.48334016544304,3.570000923452403],[101.4838583738336,3.570000923452403],[101.4838583738336,3.5703935967584792],[101.48437658222416,3.5703935967584792],[101.48437658222416,3.5696082503097477],[101.48489479061472,3.5696082503097477],[101.48489479061472,3.5692155773304934],[101.48593120739584,3.5696082503097477],[101.48593120739584,3.5719642916173515],[101.48644941578641,3.5719642916173515],[101.48644941578641,3.572356965740802],[101.48748583256751,3.572356965740802],[101.48748583256751,3.5719642916173515],[101.48696762417697,3.5719642916173515],[101.48696762417697,3.5711789438609656],[101.48748583256751,3.5711789438609656],[101.48748583256751,3.5707862702279947],[101.48904045773921,3.5715716176574115],[101.48904045773921,3.5727496400277823],[101.48955866612977,3.5727496400277823],[101.49007687452033,3.5719642916173515],[101.49111329130146,3.572356965740802],[101.49111329130146,3.5715716176574115],[101.49059508291089,3.5715716176574115],[101.49059508291089,3.5707862702279947],[101.48955866612977,3.5703935967584792],[101.48955866612977,3.5696082503097477],[101.49007687452033,3.5696082503097477],[101.49059508291089,3.5688229045146236],[101.49266791647312,3.5684302318621213],[101.49266791647312,3.568037559372965],[101.491631499692,3.568037559372965],[101.491631499692,3.567644887047139],[101.49111329130146,3.567644887047139],[101.49059508291089,3.5684302318621213],[101.48955866612977,3.568037559372965],[101.48955866612977,3.5684302318621213],[101.48852224934865,3.5688229045146236],[101.48852224934865,3.5684302318621213],[101.48800404095809,3.5684302318621213],[101.48800404095809,3.567252214884625],[101.48852224934865,3.567252214884625],[101.48904045773921,3.5664668710494563],[101.49111329130146,3.566074199376768],[101.491631499692,3.565288856521087],[101.49214970808258,3.565288856521087],[101.49266791647312,3.566074199376768],[101.49525895842594,3.5664668710494563],[101.49525895842594,3.566074199376768],[101.49629537520705,3.566074199376768],[101.49629537520705,3.5656815278673166],[101.49681358359761,3.5656815278673166],[101.49681358359761,3.56489618533806],[101.49525895842594,3.56489618533806],[101.49525895842594,3.5645035143182167],[101.49422254164482,3.5645035143182167],[101.49422254164482,3.5641108434615396],[101.491631499692,3.5637181727680116],[101.491631499692,3.5641108434615396],[101.48955866612977,3.5645035143182167],[101.48955866612977,3.56489618533806],[101.48748583256751,3.566074199376768],[101.48748583256751,3.5656815278673166],[101.48696762417697,3.5656815278673166],[101.48696762417697,3.565288856521087],[101.48800404095809,3.56489618533806],[101.48748583256751,3.5633255022376122],[101.48800404095809,3.5633255022376122],[101.48800404095809,3.562932831870325],[101.48955866612977,3.562932831870325],[101.48904045773921,3.5621474916250135],[101.48852224934865,3.5621474916250135],[101.48852224934865,3.5625401616661323],[101.48748583256751,3.5621474916250135],[101.48748583256751,3.5605768130909303],[101.48800404095809,3.5605768130909303],[101.48800404095809,3.559791474801869],[101.48748583256751,3.559791474801869],[101.48748583256751,3.55939880590177],[101.48852224934865,3.5590061371646007],[101.48852224934865,3.55939880590177],[101.48904045773921,3.55939880590177],[101.48852224934865,3.560184143864917],[101.48904045773921,3.560184143864917],[101.49059508291089,3.561754821746952],[101.491631499692,3.561754821746952],[101.491631499692,3.5613621520319305],[101.49214970808258,3.5613621520319305],[101.49214970808258,3.561754821746952],[101.49370433325426,3.561754821746952],[101.49370433325426,3.560969482479929],[101.4931861248637,3.560969482479929],[101.49266791647312,3.55939880590177],[101.49111329130146,3.55939880590177],[101.49111329130146,3.5590061371646007],[101.49059508291089,3.5590061371646007],[101.49059508291089,3.557828131930493],[101.49111329130146,3.557828131930493],[101.49111329130146,3.557435463844862],[101.491631499692,3.557435463844862],[101.491631499692,3.5566501281621017],[101.49266791647312,3.5562574605649333],[101.49266791647312,3.5566501281621017],[101.4931861248637,3.5566501281621017],[101.4931861248637,3.55822080017898],[101.49370433325426,3.55822080017898],[101.49370433325426,3.5586134685903437],[101.49422254164482,3.5586134685903437],[101.49422254164482,3.55939880590177],[101.4957771668165,3.560184143864917],[101.4957771668165,3.561754821746952],[101.49629537520705,3.561754821746952],[101.49681358359761,3.5625401616661323],[101.49785000037873,3.5625401616661323],[101.49785000037873,3.5621474916250135],[101.49733179198817,3.5621474916250135],[101.49733179198817,3.560969482479929],[101.49785000037873,3.560969482479929],[101.49733179198817,3.5590061371646007],[101.49785000037873,3.5590061371646007],[101.4983682087693,3.55822080017898],[101.49785000037873,3.55822080017898],[101.49733179198817,3.557435463844862],[101.49785000037873,3.557435463844862],[101.49785000037873,3.557042795922071],[101.4983682087693,3.557042795922071],[101.4983682087693,3.5562574605649333],[101.49888641715985,3.5562574605649333],[101.49888641715985,3.5558647931305525],[101.49992283394097,3.5558647931305525],[101.50044104233154,3.5550794587500696],[101.49888641715985,3.5550794587500696],[101.49888641715985,3.5554721258589366],[101.49785000037873,3.5554721258589366],[101.49785000037873,3.5558647931305525],[101.49681358359761,3.5554721258589366],[101.49681358359761,3.554294125020509],[101.49888641715985,3.553508791941724],[101.49888641715985,3.5527234595135697],[101.49681358359761,3.5527234595135697],[101.49681358359761,3.552330793543434],[101.49629537520705,3.552330793543434],[101.49629537520705,3.551938127735901],[101.49681358359761,3.551938127735901],[101.49733179198817,3.5513389301326006],[101.49214970808258,3.5514149154109096],[101.49266791647312,3.5515454620909535],[101.49266791647312,3.551938127735901],[101.49111329130146,3.5527234595135697],[101.49111329130146,3.553508791941724],[101.49059508291089,3.553508791941724],[101.49059508291089,3.553901458399778],[101.48955866612977,3.553508791941724],[101.48955866612977,3.5527234595135697],[101.48852224934865,3.5527234595135697],[101.48852224934865,3.553116125646327],[101.48800404095809,3.553116125646327],[101.48748583256751,3.552330793543434],[101.48696762417697,3.552330793543434],[101.48696762417697,3.5527234595135697],[101.48593120739584,3.5527234595135697],[101.48593120739584,3.552330793543434],[101.48541299900528,3.552330793543434],[101.48593120739584,3.5515060977529167],[101.4713573,3.551719796084567],[101.47140030000001,3.555440896080577],[101.45921229999999,3.5553873960806657],[101.45576376040572,3.557042795922071],[101.45691153752445,3.557435463844862],[101.45639332913389,3.55822080017898],[101.45535691235276,3.557828131930493],[101.45535691235276,3.55822080017898],[101.45483870396221,3.55822080017898],[101.45432049557165,3.5590061371646007],[101.45328407879052,3.5590061371646007],[101.45328407879052,3.55939880590177],[101.45224766200941,3.5590061371646007],[101.45172945361884,3.559791474801869],[101.45121124522828,3.559791474801869],[101.45121124522828,3.55939880590177],[101.45003770820489,3.559791474801869],[101.45017482844715,3.560184143864917],[101.4506930368377,3.560184143864917],[101.45017482844715,3.560969482479929],[101.44913841166604,3.560969482479929],[101.44862020327547,3.561754821746952],[101.44758378649436,3.5612151407141117],[101.44593624428481,3.5621474916250135],[101.44602916132267,3.5625401616661323],[101.44654736971323,3.5625401616661323],[101.44602916132267,3.5633255022376122],[101.44499274454157,3.5633255022376122],[101.44499274454157,3.562932831870325],[101.44454848350424,3.562932831870325],[101.44385460311396,3.5633255022376122],[101.44395632776043,3.5637181727680116],[101.44447453615099,3.5637181727680116],[101.44395632776043,3.5645035143182167],[101.44343811936986,3.5645035143182167],[101.44343811936986,3.5641108434615396],[101.44246684233342,3.5641108434615396],[101.44084707741706,3.5650274778880986],[101.44136528580762,3.5656815278673166],[101.44084707741706,3.5656815278673166],[101.44084707741706,3.566074199376768],[101.4403288690265,3.566074199376768],[101.4403288690265,3.5664668710494563],[101.43981066063596,3.5664668710494563],[101.43981066063596,3.567252214884625],[101.43929245224538,3.567252214884625],[101.43929245224538,3.567644887047139],[101.43846509487814,3.567252214884625],[101.43789468863828,3.568037559372965],[101.43877424385482,3.5684302318621213],[101.43877424385482,3.5688229045146236],[101.43825603546425,3.5688229045146236],[101.4377378270737,3.5696082503097477],[101.43703907927852,3.5692155773304934],[101.43151932638698,3.576815305186126],[101.43203753477754,3.5774617442334486],[101.43151932638698,3.5774617442334486],[101.43151932638698,3.5778544206479643],[101.4310011179964,3.5778544206479643],[101.4310011179964,3.5775287900448953],[101.42962551251297,3.5794251279440426],[101.43048290960586,3.5798178051776577],[101.43048290960586,3.580210482575147],[101.4299647012153,3.580210482575147],[101.42892828443416,3.5813885157510446],[101.4284100760436,3.581133362580873],[101.42789186765305,3.581861679272556],[101.4284100760436,3.5825665504024657],[101.42789186765305,3.5825665504024657],[101.42789186765305,3.582959228947585],[101.4273736592625,3.582959228947585],[101.4273736592625,3.582589996528305],[101.4219671,3.590332896043227],[101.4200681,3.597844396035206],[101.43307395155865,3.604556802023162],[101.42983669999997,3.608305696023998],[101.43048290960586,3.608930155864946],[101.4310011179964,3.6088763764434217],[101.4310011179964,3.609269066018029],[101.43151932638698,3.609269066018029],[101.43151932638698,3.6099316903766487],[101.43203753477754,3.6100544456629757],[101.435582,3.613932496017996]],[[101.44395632776043,3.6096617557578763],[101.44499274454157,3.6100544456629757],[101.44447453615099,3.6108398259690153],[101.44343811936986,3.610447135733352],[101.44395632776043,3.6096617557578763]],[[101.43566499351145,3.606127554046266],[101.43462857673035,3.6057348657928987],[101.4351467851209,3.604949489781365],[101.43566499351145,3.604949489781365],[101.43618320190201,3.6057348657928987],[101.43721961868314,3.6057348657928987],[101.43825603546425,3.606912931048293],[101.43721961868314,3.6073056197969904],[101.43721961868314,3.606912931048293],[101.43618320190201,3.606912931048293],[101.43566499351145,3.606127554046266]],[[101.43255574316811,3.6002372475701923],[101.43359215994921,3.600629933514185],[101.43359215994921,3.601415305896701],[101.43307395155865,3.601415305896701],[101.43307395155865,3.60180799233526],[101.43203753477754,3.601415305896701],[101.43203753477754,3.600629933514185],[101.43255574316811,3.600629933514185],[101.43255574316811,3.6002372475701923]],[[101.42115515857576,3.595525029092965],[101.42219157535689,3.595917713060327],[101.42167336696632,3.5967030814889296],[101.4206369501852,3.59631039719231],[101.42115515857576,3.595525029092965]],[[101.4310011179964,3.593561611724798],[101.43203753477754,3.5939542948693393],[101.43203753477754,3.5951323452902018],[101.43151932638698,3.5951323452902018],[101.43151932638698,3.595525029092965],[101.43048290960586,3.5951323452902018],[101.43048290960586,3.5939542948693393],[101.4310011179964,3.5939542948693393],[101.4310011179964,3.593561611724798]],[[101.46779391372621,3.592383563278168],[101.46831212211677,3.592383563278168],[101.46831212211677,3.5919908807915615],[101.4693485388979,3.5919908807915615],[101.4693485388979,3.591598198469391],[101.47038495567901,3.591598198469391],[101.47038495567901,3.59120551631164],[101.47142137246014,3.5908128343182897],[101.47142137246014,3.590027470824721],[101.47193958085072,3.590027470824721],[101.47193958085072,3.589634789324468],[101.47245778924126,3.589634789324468],[101.47245778924126,3.590027470824721],[101.47297599763182,3.590027470824721],[101.47297599763182,3.5908128343182897],[101.47401241441295,3.59120551631164],[101.47349420602238,3.5919908807915615],[101.47297599763182,3.5919908807915615],[101.47297599763182,3.591598198469391],[101.47193958085072,3.591598198469391],[101.47142137246014,3.592383563278168],[101.46986674728846,3.592383563278168],[101.46986674728846,3.592776245929232],[101.4693485388979,3.592776245929232],[101.4693485388979,3.59316892874477],[101.46831212211677,3.59316892874477],[101.46831212211677,3.593561611724798],[101.46727570533567,3.59316892874477],[101.46779391372621,3.592383563278168]],[[101.43048290960586,3.591598198469391],[101.43151932638698,3.5919908807915615],[101.4310011179964,3.592776245929232],[101.4299647012153,3.592383563278168],[101.43048290960586,3.591598198469391]],[[101.4299647012153,3.590027470824721],[101.4310011179964,3.590420152489324],[101.43048290960586,3.59120551631164],[101.42944649282474,3.5908128343182897],[101.4299647012153,3.590027470824721]],[[101.42892828443416,3.5857079833569934],[101.4299647012153,3.58610066321478],[101.4299647012153,3.5868860234228666],[101.42944649282474,3.5868860234228666],[101.42944649282474,3.587278703773203],[101.4284100760436,3.5868860234228666],[101.4284100760436,3.58610066321478],[101.42892828443416,3.58610066321478],[101.42892828443416,3.5857079833569934]],[[101.44240170258875,3.5645035143182167],[101.44343811936986,3.56489618533806],[101.4429199109793,3.5656815278673166],[101.4418834941982,3.565288856521087],[101.44240170258875,3.5645035143182167]]],[[[101.47867628992799,3.595525029092965],[101.47815808153743,3.595525029092965],[101.47815808153743,3.595917713060327],[101.47867628992799,3.595917713060327],[101.47867628992799,3.595525029092965]]],[[[101.48023091509967,3.5994518761766443],[101.47971270670911,3.5994518761766443],[101.47971270670911,3.5998445617910173],[101.48023091509967,3.5998445617910173],[101.48023091509967,3.5994518761766443]]]]},"properties":{"place_id":"54acacf3-2b3a-5fed-abc5-30b4676ba727","habitat":"forest_interior","habitat_label":"Forest interior","resolution_m":50}},{"type":"Feature","geometry":{"type":"MultiPolygon","coordinates":[[[[101.41856411662296,3.5505088221148005],[101.41960053340408,3.5510126945701455],[101.41908232501352,3.5503674661314393],[101.41856411662296,3.5505088221148005]]],[[[101.41441844949847,3.5507601312887407],[101.41390024110791,3.5515454620909535],[101.41493665788904,3.551938127735901],[101.41545486627959,3.551152796608573],[101.41441844949847,3.5507601312887407]]],[[[101.41590735547479,3.5527234595135697],[101.41623137259896,3.551938127735901],[101.41545486627959,3.552330793543434],[101.41545486627959,3.5527234595135697],[101.41590735547479,3.5527234595135697]]],[[[101.4284100760436,3.553508791941724],[101.42892828443416,3.553508791941724],[101.42892828443416,3.553901458399778],[101.4299647012153,3.553508791941724],[101.4299647012153,3.5527234595135697],[101.43048290960586,3.5527234595135697],[101.43048290960586,3.551938127735901],[101.4299647012153,3.551938127735901],[101.4299647012153,3.5515454620909535],[101.42944649282474,3.5515454620909535],[101.42892828443416,3.552330793543434],[101.42789186765305,3.552330793543434],[101.42789186765305,3.5527234595135697],[101.42685545087193,3.5527234595135697],[101.42685545087193,3.553116125646327],[101.42633724248137,3.553116125646327],[101.42633724248137,3.553508791941724],[101.42685545087193,3.553508791941724],[101.42685545087193,3.5545398092538303],[101.42796545281674,3.5550794587500696],[101.42892828443416,3.554686791803934],[101.42892828443416,3.554294125020509],[101.4284100760436,3.554294125020509],[101.4284100760436,3.553508791941724]]],[[[101.40819994881174,3.570000923452403],[101.40819994881174,3.5707862702279947],[101.40845496161873,3.5707862702279947],[101.408940987305,3.5696082503097477],[101.40819994881174,3.570000923452403]]],[[[101.38073490411202,3.5794251279440426],[101.38021669572147,3.580210482575147],[101.38125311250259,3.580603160136529],[101.38177132089315,3.5798178051776577],[101.38073490411202,3.5794251279440426]]],[[[101.4299647012153,3.580210482575147],[101.43048290960586,3.580210482575147],[101.43048290960586,3.5798178051776577],[101.42962551251297,3.5794251279440426],[101.4284100760436,3.5813885157510446],[101.42892828443416,3.5813885157510446],[101.4299647012153,3.580210482575147]]],[[[101.4273736592625,3.582959228947585],[101.4284100760436,3.5825665504024657],[101.42789186765305,3.581861679272556],[101.4273736592625,3.582589996528305],[101.4273736592625,3.582959228947585]]],[[[101.37503461181588,3.5837445865299014],[101.37296177825363,3.5849226241338434],[101.37296177825363,3.58610066321478],[101.37347998664417,3.58610066321478],[101.37347998664417,3.5864933432367305],[101.3745164034253,3.5864933432367305],[101.37503461181588,3.5857079833569934],[101.37555282020641,3.5857079833569934],[101.37555282020641,3.58610066321478],[101.37658923698754,3.58610066321478],[101.37658923698754,3.5857079833569934],[101.37710744537812,3.5857079833569934],[101.37710744537812,3.5849226241338434],[101.37658923698754,3.5849226241338434],[101.37658923698754,3.584529944768443],[101.37555282020641,3.5849226241338434],[101.37555282020641,3.5841372655671346],[101.37607102859698,3.5841372655671346],[101.37607102859698,3.5837445865299014],[101.37555282020641,3.5837445865299014],[101.37555282020641,3.5833519076567253],[101.37503461181588,3.5833519076567253],[101.37503461181588,3.5837445865299014]],[[101.37555282020641,3.585315303663354],[101.37503461181588,3.585315303663354],[101.37503461181588,3.5849226241338434],[101.37555282020641,3.5849226241338434],[101.37555282020641,3.585315303663354]]],[[[101.42892828443416,3.5857079833569934],[101.42892828443416,3.58610066321478],[101.4284100760436,3.58610066321478],[101.4284100760436,3.5868860234228666],[101.42944649282474,3.587278703773203],[101.42944649282474,3.5868860234228666],[101.4299647012153,3.5868860234228666],[101.4299647012153,3.58610066321478],[101.42892828443416,3.5857079833569934]]],[[[101.40146323973445,3.587278703773203],[101.4009450313439,3.5880640649665523],[101.40146323973445,3.5880640649665523],[101.40146323973445,3.588456745809601],[101.40249965651557,3.588456745809601],[101.40301786490613,3.5876713842877583],[101.40249965651557,3.5876713842877583],[101.40249965651557,3.587278703773203],[101.40146323973445,3.587278703773203]]],[[[101.37814386215922,3.5876713842877583],[101.37814386215922,3.587278703773203],[101.37762565376867,3.587278703773203],[101.37762565376867,3.5864933432367305],[101.37658923698754,3.58610066321478],[101.37658923698754,3.5864933432367305],[101.37607102859698,3.5864933432367305],[101.37607102859698,3.5876713842877583],[101.37658923698754,3.5876713842877583],[101.37658923698754,3.588456745809601],[101.37762565376867,3.5888494268169238],[101.37762565376867,3.589634789324468],[101.37866207054978,3.590027470824721],[101.37866207054978,3.589634789324468],[101.37918027894035,3.589634789324468],[101.37918027894035,3.588456745809601],[101.37866207054978,3.588456745809601],[101.37866207054978,3.5876713842877583],[101.37814386215922,3.5876713842877583]]],[[[101.40405428168727,3.5880640649665523],[101.4035360732967,3.5888494268169238],[101.40431243476935,3.5892421079885404],[101.40509069846838,3.5888494268169238],[101.40509069846838,3.588456745809601],[101.40405428168727,3.5880640649665523]]],[[[101.37866207054978,3.590027470824721],[101.37918027894035,3.5908128343182897],[101.38021669572147,3.590420152489324],[101.37969848733091,3.589634789324468],[101.37866207054978,3.590027470824721]]],[[[101.4299647012153,3.590027470824721],[101.42944649282474,3.5908128343182897],[101.43048290960586,3.59120551631164],[101.4310011179964,3.590420152489324],[101.4299647012153,3.590027470824721]]],[[[101.38488057123652,3.5919908807915615],[101.38539877962708,3.59120551631164],[101.3864351964082,3.59120551631164],[101.3864351964082,3.591598198469391],[101.38695340479876,3.591598198469391],[101.38747161318932,3.5908128343182897],[101.38695340479876,3.5908128343182897],[101.38695340479876,3.590420152489324],[101.3864351964082,3.590420152489324],[101.3864351964082,3.5908128343182897],[101.38539877962708,3.5908128343182897],[101.38539877962708,3.590420152489324],[101.38280773767427,3.590027470824721],[101.38280773767427,3.590420152489324],[101.38021669572147,3.590420152489324],[101.38021669572147,3.5908128343182897],[101.37969848733091,3.5908128343182897],[101.37969848733091,3.591598198469391],[101.37918027894035,3.591598198469391],[101.37969848733091,3.592383563278168],[101.38021669572147,3.592383563278168],[101.38021669572147,3.5919908807915615],[101.38280773767427,3.5919908807915615],[101.38280773767427,3.591598198469391],[101.38332594606483,3.591598198469391],[101.38332594606483,3.5919908807915615],[101.38488057123652,3.5919908807915615]],[[101.38384415445539,3.59120551631164],[101.38332594606483,3.59120551631164],[101.38332594606483,3.5908128343182897],[101.38384415445539,3.5908128343182897],[101.38384415445539,3.59120551631164]]],[[[101.42167336696632,3.595525029092965],[101.4206369501852,3.595917713060327],[101.42115515857576,3.5967030814889296],[101.42219157535689,3.59631039719231],[101.42167336696632,3.595525029092965]]],[[[101.39524473904773,3.615159429475769],[101.39472653065717,3.615944814082457],[101.39576294743829,3.61633750663411],[101.39628115582885,3.615552121696348],[101.39524473904773,3.615159429475769]]],[[[101.4439810481505,3.524844578665177],[101.44395632776043,3.5252372332969353],[101.44403688870348,3.5252372332969353],[101.4439810481505,3.524844578665177]]],[[[101.44395632776043,3.5287711322457094],[101.44447453615099,3.5287711322457094],[101.44447453615099,3.5295564448994017],[101.44395632776043,3.5295564448994017],[101.44395632776043,3.529949101468564],[101.4447628158921,3.530341758199293],[101.44447453615099,3.5283146492662265],[101.44395632776043,3.5283784761611434],[101.44395632776043,3.5287711322457094]]],[[[101.4506930368377,3.5605768130909303],[101.45003770820489,3.559791474801869],[101.44758378649436,3.5613621520319305],[101.44862020327547,3.561754821746952],[101.44913841166604,3.560969482479929],[101.45017482844715,3.560969482479929],[101.45017482844715,3.5605768130909303],[101.4506930368377,3.5605768130909303]]],[[[101.44593624428481,3.5621474916250135],[101.44454848350424,3.562932831870325],[101.44499274454157,3.562932831870325],[101.44499274454157,3.5633255022376122],[101.44602916132267,3.5633255022376122],[101.44602916132267,3.562932831870325],[101.44654736971323,3.562932831870325],[101.44593624428481,3.5621474916250135]]],[[[101.44385460311396,3.5633255022376122],[101.44246684233342,3.5641108434615396],[101.44343811936986,3.5641108434615396],[101.44343811936986,3.5645035143182167],[101.44395632776043,3.5645035143182167],[101.44447453615099,3.5637181727680116],[101.44395632776043,3.5637181727680116],[101.44385460311396,3.5633255022376122]]],[[[101.44240170258875,3.5645035143182167],[101.4418834941982,3.565288856521087],[101.4429199109793,3.5656815278673166],[101.44343811936986,3.56489618533806],[101.44240170258875,3.5645035143182167]]],[[[101.43954629999999,3.5657635960695506],[101.43877424385482,3.567644887047139],[101.43929245224538,3.567644887047139],[101.43929245224538,3.567252214884625],[101.43981066063596,3.567252214884625],[101.43981066063596,3.5664668710494563],[101.4403288690265,3.5664668710494563],[101.44136528580762,3.565288856521087],[101.44084707741706,3.5650274778880986],[101.43954629999999,3.5657635960695506]],[[101.43981066063596,3.566074199376768],[101.43981066063596,3.5656815278673166],[101.4403288690265,3.5656815278673166],[101.4403288690265,3.566074199376768],[101.43981066063596,3.566074199376768]]],[[[101.43877424385482,3.5684302318621213],[101.43789468863828,3.568037559372965],[101.43703907927852,3.5692155773304934],[101.43721961868314,3.5696082503097477],[101.43877424385482,3.5688229045146236],[101.43877424385482,3.5684302318621213]]],[[[101.43151932638698,3.576815305186126],[101.4310011179964,3.5775287900448953],[101.4310011179964,3.5778544206479643],[101.43203753477754,3.5774617442334486],[101.43151932638698,3.576815305186126]]],[[[101.43048290960586,3.591598198469391],[101.4299647012153,3.592383563278168],[101.4310011179964,3.592776245929232],[101.43151932638698,3.5919908807915615],[101.43048290960586,3.591598198469391]]],[[[101.4310011179964,3.593561611724798],[101.4310011179964,3.5939542948693393],[101.43048290960586,3.5939542948693393],[101.43048290960586,3.5951323452902018],[101.43151932638698,3.595525029092965],[101.43151932638698,3.5951323452902018],[101.43203753477754,3.5951323452902018],[101.43203753477754,3.5939542948693393],[101.4310011179964,3.593561611724798]]],[[[101.43307395155865,3.6002372475701923],[101.43203753477754,3.600629933514185],[101.43203753477754,3.601415305896701],[101.43255574316811,3.601415305896701],[101.43255574316811,3.60180799233526],[101.43359215994921,3.601415305896701],[101.43359215994921,3.600629933514185],[101.43307395155865,3.600629933514185],[101.43307395155865,3.6002372475701923]]],[[[101.43255574316811,3.6041641144299787],[101.43215959690494,3.6041641144299787],[101.43255574316811,3.604371164192555],[101.43255574316811,3.6041641144299787]]],[[[101.43307395155865,3.604843034878771],[101.43297442639462,3.604949489781365],[101.43307395155865,3.604949489781365],[101.43307395155865,3.604843034878771]]],[[[101.43307395155865,3.604556802023162],[101.43291092211892,3.604556802023162],[101.43307395155865,3.604642011002549],[101.43307395155865,3.604556802023162]]],[[[101.4377378270737,3.606127554046266],[101.43721961868314,3.606127554046266],[101.43721961868314,3.6057348657928987],[101.43618320190201,3.6057348657928987],[101.43566499351145,3.604949489781365],[101.43462857673035,3.605342177704603],[101.43462857673035,3.6057348657928987],[101.4351467851209,3.6057348657928987],[101.43618320190201,3.606912931048293],[101.43721961868314,3.606912931048293],[101.43721961868314,3.6073056197969904],[101.43825603546425,3.606912931048293],[101.4377378270737,3.606127554046266]]],[[[101.43151932638698,3.609269066018029],[101.4310011179964,3.609269066018029],[101.4310011179964,3.6088763764434217],[101.43048290960586,3.6088763764434217],[101.43151932638698,3.6099316903766487],[101.43151932638698,3.609269066018029]]],[[[101.43203753477754,3.6100544456629757],[101.43164635701908,3.6100544456629757],[101.43203753477754,3.6104324580356177],[101.43203753477754,3.6100544456629757]]],[[[101.44395632776043,3.6096617557578763],[101.44343811936986,3.610447135733352],[101.44447453615099,3.6108398259690153],[101.44499274454157,3.6100544456629757],[101.44395632776043,3.6096617557578763]]],[[[101.49214970808258,3.552330793543434],[101.49214970808258,3.551938127735901],[101.49266791647312,3.551938127735901],[101.49266791647312,3.5515454620909535],[101.49214970808258,3.5514149154109096],[101.49111329130146,3.5514301124673016],[101.491631499692,3.5515454620909535],[101.491631499692,3.551938127735901],[101.49059508291089,3.551938127735901],[101.49059508291089,3.552330793543434],[101.49007687452033,3.552330793543434],[101.49007687452033,3.551938127735901],[101.48800404095809,3.551938127735901],[101.48800404095809,3.5515454620909535],[101.48593120739584,3.5515060977529167],[101.48593120739584,3.551938127735901],[101.48541299900528,3.551938127735901],[101.48593120739584,3.5527234595135697],[101.48696762417697,3.5527234595135697],[101.48696762417697,3.552330793543434],[101.48748583256751,3.552330793543434],[101.48800404095809,3.553116125646327],[101.48852224934865,3.553116125646327],[101.48852224934865,3.5527234595135697],[101.48955866612977,3.5527234595135697],[101.48955866612977,3.553508791941724],[101.49007687452033,3.553508791941724],[101.49007687452033,3.553901458399778],[101.49059508291089,3.553901458399778],[101.49059508291089,3.553508791941724],[101.49111329130146,3.553508791941724],[101.49111329130146,3.5527234595135697],[101.49214970808258,3.552330793543434]]],[[[101.45483870396221,3.5586134685903437],[101.45535691235276,3.557828131930493],[101.45639332913389,3.55822080017898],[101.45691153752445,3.557435463844862],[101.45576376040572,3.557042795922071],[101.45224766200941,3.5590061371646007],[101.45328407879052,3.55939880590177],[101.45328407879052,3.5590061371646007],[101.45432049557165,3.5590061371646007],[101.45432049557165,3.5586134685903437],[101.45483870396221,3.5586134685903437]]],[[[101.45085571566216,3.55939880590177],[101.45121124522828,3.559791474801869],[101.45172945361884,3.559791474801869],[101.45224766200941,3.5590061371646007],[101.45085571566216,3.55939880590177]]],[[[101.49111329130146,3.576676391895697],[101.49111329130146,3.5769472988600324],[101.49123799999998,3.5768352960576673],[101.49111329130146,3.576676391895697]]],[[[101.49059508291089,3.577069067982699],[101.49059508291089,3.577324544056655],[101.49097770838206,3.577069067982699],[101.49059508291089,3.577069067982699]]],[[[101.47660345636575,3.5696082503097477],[101.47660345636575,3.570000923452403],[101.47556703958462,3.5703935967584792],[101.47556703958462,3.5715716176574115],[101.47608524797519,3.5715716176574115],[101.47608524797519,3.5719642916173515],[101.47867628992799,3.5715716176574115],[101.47867628992799,3.5719642916173515],[101.47763987314687,3.572356965740802],[101.47763987314687,3.573142314478311],[101.47815808153743,3.573142314478311],[101.47815808153743,3.5739276638700814],[101.47919449831856,3.574320338811361],[101.47919449831856,3.575498364616993],[101.47971270670911,3.575498364616993],[101.47971270670911,3.5758910402128614],[101.48074912349023,3.575498364616993],[101.48074912349023,3.574320338811361],[101.4812673318808,3.574320338811361],[101.4812673318808,3.573534989092404],[101.48178554027136,3.573534989092404],[101.48230374866192,3.5727496400277823],[101.4838583738336,3.5727496400277823],[101.4838583738336,3.573142314478311],[101.48437658222416,3.573142314478311],[101.48489479061472,3.5739276638700814],[101.48593120739584,3.5739276638700814],[101.48696762417697,3.5751056891847983],[101.48852224934865,3.5751056891847983],[101.48852224934865,3.575498364616993],[101.48800404095809,3.575498364616993],[101.48800404095809,3.576283715972424],[101.48852224934865,3.576283715972424],[101.48800404095809,3.577069067982699],[101.48748583256751,3.577069067982699],[101.48748583256751,3.576676391895697],[101.48593120739584,3.576676391895697],[101.48593120739584,3.575498364616993],[101.48541299900528,3.575498364616993],[101.48541299900528,3.5751056891847983],[101.48437658222416,3.5751056891847983],[101.48437658222416,3.575498364616993],[101.4838583738336,3.575498364616993],[101.48334016544304,3.57471301391626],[101.48230374866192,3.57471301391626],[101.48230374866192,3.5751056891847983],[101.48178554027136,3.5751056891847983],[101.48178554027136,3.575498364616993],[101.48282195705248,3.5758910402128614],[101.48282195705248,3.576676391895697],[101.48178554027136,3.576283715972424],[101.48074912349023,3.5774617442334486],[101.4812673318808,3.5774617442334486],[101.48178554027136,3.5782470972262628],[101.48282195705248,3.5782470972262628],[101.48282195705248,3.578639773968363],[101.48334016544304,3.578639773968363],[101.48334016544304,3.5782470972262628],[101.48437658222416,3.5782470972262628],[101.48437658222416,3.578639773968363],[101.48489479061472,3.578639773968363],[101.48489479061472,3.5782470972262628],[101.48593120739584,3.5782470972262628],[101.48593120739584,3.578639773968363],[101.48644941578641,3.578639773968363],[101.48696762417697,3.5809958378618214],[101.48644941578641,3.5809958378618214],[101.48644941578641,3.580603160136529],[101.48541299900528,3.580603160136529],[101.48541299900528,3.5809958378618214],[101.48334016544304,3.5809958378618214],[101.48334016544304,3.5813885157510446],[101.48282195705248,3.5813885157510446],[101.48334016544304,3.5821738720213476],[101.48593120739584,3.5821738720213476],[101.48593120739584,3.5837445865299014],[101.48489479061472,3.5841372655671346],[101.48489479061472,3.585315303663354],[101.48334016544304,3.58610066321478],[101.48334016544304,3.5868860234228666],[101.48230374866192,3.5868860234228666],[101.48230374866192,3.587278703773203],[101.48178554027136,3.587278703773203],[101.48178554027136,3.588456745809601],[101.48230374866192,3.588456745809601],[101.48230374866192,3.5888494268169238],[101.4812673318808,3.5892421079885404],[101.4812673318808,3.588456745809601],[101.48074912349023,3.588456745809601],[101.48074912349023,3.5880640649665523],[101.47971270670911,3.5880640649665523],[101.47919449831856,3.5888494268169238],[101.48023091509967,3.5892421079885404],[101.48023091509967,3.590420152489324],[101.47971270670911,3.590420152489324],[101.47971270670911,3.590027470824721],[101.47867628992799,3.590027470824721],[101.47867628992799,3.590420152489324],[101.47660345636575,3.591598198469391],[101.47660345636575,3.592383563278168],[101.47608524797519,3.592383563278168],[101.47608524797519,3.5919908807915615],[101.47504883119406,3.592383563278168],[101.47556703958462,3.59316892874477],[101.47660345636575,3.592776245929232],[101.47660345636575,3.593561611724798],[101.47763987314687,3.5939542948693393],[101.47763987314687,3.5947396616520213],[101.47712166475631,3.5947396616520213],[101.47660345636575,3.59631039719231],[101.47712166475631,3.59631039719231],[101.47712166475631,3.5967030814889296],[101.47815808153743,3.59631039719231],[101.47815808153743,3.5970957659502054],[101.47867628992799,3.5970957659502054],[101.47867628992799,3.597488450576155],[101.47971270670911,3.5970957659502054],[101.47971270670911,3.598273820322148],[101.47815808153743,3.5990591907270537],[101.47815808153743,3.6002372475701923],[101.47763987314687,3.6002372475701923],[101.47712166475631,3.601022619623016],[101.47763987314687,3.601022619623016],[101.47763987314687,3.601415305896701],[101.47867628992799,3.601415305896701],[101.47971270670911,3.6002372475701923],[101.48074912349023,3.600629933514185],[101.48074912349023,3.602593365707074],[101.48023091509967,3.602593365707074],[101.48023091509967,3.602986052640361],[101.48074912349023,3.602986052640361],[101.48074912349023,3.6033787397385963],[101.48178554027136,3.602986052640361],[101.48178554027136,3.6033787397385963],[101.48282195705248,3.6037714270017975],[101.48282195705248,3.6041641144299787],[101.48230374866192,3.6041641144299787],[101.4812673318808,3.605225817002475],[101.48334016544304,3.604834212012964],[101.4838583738336,3.6035327500973726],[101.48334016544304,3.602986052640361],[101.48230374866192,3.602986052640361],[101.48230374866192,3.602593365707074],[101.48178554027136,3.602593365707074],[101.48178554027136,3.601206051874573],[101.48074912349023,3.6002372475701923],[101.48068652232422,3.5990591907270537],[101.48023091509967,3.5990591907270537],[101.48063368842939,3.5967030814889296],[101.47971270670911,3.59631039719231],[101.47971270670911,3.594949250218505],[101.47867628992799,3.5943469781784074],[101.47867628992799,3.593561611724798],[101.47815808153743,3.593561611724798],[101.47712166475631,3.592383563278168],[101.47867628992799,3.591598198469391],[101.47867628992799,3.5908128343182897],[101.47971270670911,3.5908128343182897],[101.47971270670911,3.59120551631164],[101.4812673318808,3.59120551631164],[101.4812673318808,3.5908128343182897],[101.48178554027136,3.5908128343182897],[101.4812673318808,3.590027470824721],[101.48230374866192,3.589634789324468],[101.48330141761619,3.588456745809601],[101.48282195705248,3.588456745809601],[101.48282195705248,3.5876713842877583],[101.4837913265436,3.587278703773203],[101.48437658222416,3.58610066321478],[101.48541299900528,3.58610066321478],[101.48541299900528,3.5857079833569934],[101.48593120739584,3.5857079833569934],[101.48593120739584,3.5841372655671346],[101.48696762417697,3.5837445865299014],[101.48696762417697,3.5821738720213476],[101.48644941578641,3.5821738720213476],[101.48644941578641,3.5817811938042134],[101.48748583256751,3.5817811938042134],[101.48748583256751,3.5813885157510446],[101.48800404095809,3.5813885157510446],[101.48800404095809,3.5798178051776577],[101.48748583256751,3.5798178051776577],[101.48748583256751,3.578639773968363],[101.48696762417697,3.578639773968363],[101.48593120739584,3.5774617442334486],[101.48696762417697,3.5774617442334486],[101.48748583256751,3.5782470972262628],[101.48904045773921,3.577839999098603],[101.48904045773921,3.576676391895697],[101.48955866612977,3.576676391895697],[101.48955866612977,3.576283715972424],[101.48904045773921,3.576283715972424],[101.48904045773921,3.575498364616993],[101.48955866612977,3.575498364616993],[101.48955866612977,3.57471301391626],[101.48904045773921,3.57471301391626],[101.48904045773921,3.574320338811361],[101.48696762417697,3.574320338811361],[101.48696762417697,3.573534989092404],[101.48644941578641,3.573534989092404],[101.48644941578641,3.573142314478311],[101.48800404095809,3.573142314478311],[101.48800404095809,3.5727496400277823],[101.48852224934865,3.5727496400277823],[101.48904045773921,3.573534989092404],[101.48955866612977,3.573534989092404],[101.49007687452033,3.5727496400277823],[101.49059508291089,3.5727496400277823],[101.49059508291089,3.573142314478311],[101.491631499692,3.573142314478311],[101.491631499692,3.5727496400277823],[101.49214970808258,3.5727496400277823],[101.491631499692,3.5707862702279947],[101.49214970808258,3.5707862702279947],[101.49214970808258,3.5711789438609656],[101.4931861248637,3.5711789438609656],[101.4931861248637,3.5707862702279947],[101.49370433325426,3.5707862702279947],[101.49370433325426,3.570000923452403],[101.49474075003538,3.570000923452403],[101.49474075003538,3.5696082503097477],[101.49525895842594,3.5696082503097477],[101.49525895842594,3.5688229045146236],[101.49422254164482,3.5684302318621213],[101.49422254164482,3.567644887047139],[101.49370433325426,3.567644887047139],[101.49370433325426,3.567252214884625],[101.4931861248637,3.567252214884625],[101.4931861248637,3.567644887047139],[101.49266791647312,3.567644887047139],[101.49266791647312,3.567252214884625],[101.491631499692,3.567252214884625],[101.491631499692,3.5664668710494563],[101.49214970808258,3.5664668710494563],[101.49214970808258,3.5668595428854033],[101.49422254164482,3.5668595428854033],[101.49422254164482,3.567252214884625],[101.49525895842594,3.567252214884625],[101.49525895842594,3.5668595428854033],[101.49629537520705,3.567252214884625],[101.49629537520705,3.5668595428854033],[101.49681358359761,3.5668595428854033],[101.49681358359761,3.566074199376768],[101.4983682087693,3.566074199376768],[101.4983682087693,3.5656815278673166],[101.49888641715985,3.5656815278673166],[101.49888641715985,3.5645035143182167],[101.4983682087693,3.5645035143182167],[101.4983682087693,3.5641108434615396],[101.49733179198817,3.5641108434615396],[101.49733179198817,3.5645035143182167],[101.49681358359761,3.5645035143182167],[101.49681358359761,3.5641108434615396],[101.49525895842594,3.5641108434615396],[101.49525895842594,3.5637181727680116],[101.49266791647312,3.5633255022376122],[101.49266791647312,3.562932831870325],[101.49059508291089,3.5633255022376122],[101.49059508291089,3.5625401616661323],[101.491631499692,3.5625401616661323],[101.491631499692,3.5621474916250135],[101.49214970808258,3.5621474916250135],[101.49214970808258,3.5625401616661323],[101.49370433325426,3.5625401616661323],[101.49422254164482,3.561754821746952],[101.49474075003538,3.561754821746952],[101.49629537520705,3.5633255022376122],[101.49785000037873,3.5633255022376122],[101.49785000037873,3.562932831870325],[101.49888641715985,3.5625401616661323],[101.4983682087693,3.561754821746952],[101.49992283394097,3.561754821746952],[101.49992283394097,3.5613621520319305],[101.50044104233154,3.5613621520319305],[101.50044104233154,3.560184143864917],[101.49940462555043,3.559791474801869],[101.49940462555043,3.55939880590177],[101.50044104233154,3.5590061371646007],[101.50044104233154,3.55822080017898],[101.49992283394097,3.55822080017898],[101.49992283394097,3.557828131930493],[101.49888641715985,3.557828131930493],[101.49888641715985,3.557435463844862],[101.49940462555043,3.557435463844862],[101.49940462555043,3.5566501281621017],[101.49992283394097,3.5566501281621017],[101.50147745911266,3.5550794587500696],[101.5009592507221,3.5550794587500696],[101.50044104233154,3.554294125020509],[101.49888641715985,3.554294125020509],[101.49888641715985,3.553901458399778],[101.49992283394097,3.553508791941724],[101.49992283394097,3.5527234595135697],[101.4983682087693,3.551938127735901],[101.4983682087693,3.5513237330776692],[101.49733179198817,3.5513389301326006],[101.49681358359761,3.551938127735901],[101.49629537520705,3.551938127735901],[101.49681358359761,3.5527234595135697],[101.49888641715985,3.5527234595135697],[101.49888641715985,3.553508791941724],[101.49681358359761,3.554294125020509],[101.49681358359761,3.5554721258589366],[101.49733179198817,3.5554721258589366],[101.49733179198817,3.5558647931305525],[101.49785000037873,3.5558647931305525],[101.49785000037873,3.5554721258589366],[101.49888641715985,3.5554721258589366],[101.49888641715985,3.5550794587500696],[101.50044104233154,3.5550794587500696],[101.50044104233154,3.5554721258589366],[101.49992283394097,3.5554721258589366],[101.49992283394097,3.5558647931305525],[101.49888641715985,3.5558647931305525],[101.49888641715985,3.5562574605649333],[101.4983682087693,3.5562574605649333],[101.4983682087693,3.557042795922071],[101.49733179198817,3.557435463844862],[101.49733179198817,3.557828131930493],[101.4983682087693,3.55822080017898],[101.4983682087693,3.5586134685903437],[101.49733179198817,3.5590061371646007],[101.49733179198817,3.560184143864917],[101.49785000037873,3.560184143864917],[101.49733179198817,3.5621474916250135],[101.49785000037873,3.5621474916250135],[101.49785000037873,3.5625401616661323],[101.49681358359761,3.5625401616661323],[101.49681358359761,3.5621474916250135],[101.4957771668165,3.561754821746952],[101.4957771668165,3.560184143864917],[101.49525895842594,3.560184143864917],[101.49525895842594,3.559791474801869],[101.49422254164482,3.55939880590177],[101.49422254164482,3.5586134685903437],[101.4931861248637,3.55822080017898],[101.4931861248637,3.5566501281621017],[101.49266791647312,3.5566501281621017],[101.49266791647312,3.5562574605649333],[101.49214970808258,3.5562574605649333],[101.49214970808258,3.5566501281621017],[101.491631499692,3.5566501281621017],[101.491631499692,3.557435463844862],[101.49059508291089,3.557828131930493],[101.49059508291089,3.5590061371646007],[101.49111329130146,3.5590061371646007],[101.49111329130146,3.55939880590177],[101.49266791647312,3.55939880590177],[101.49266791647312,3.560184143864917],[101.4931861248637,3.560184143864917],[101.49370433325426,3.561754821746952],[101.49214970808258,3.561754821746952],[101.49214970808258,3.5613621520319305],[101.491631499692,3.5613621520319305],[101.491631499692,3.561754821746952],[101.49059508291089,3.561754821746952],[101.49059508291089,3.5613621520319305],[101.48852224934865,3.560184143864917],[101.48904045773921,3.55939880590177],[101.48852224934865,3.55939880590177],[101.48852224934865,3.5590061371646007],[101.48748583256751,3.55939880590177],[101.48748583256751,3.559791474801869],[101.48800404095809,3.559791474801869],[101.48800404095809,3.5605768130909303],[101.48748583256751,3.5605768130909303],[101.48748583256751,3.5621474916250135],[101.48800404095809,3.5621474916250135],[101.48800404095809,3.5625401616661323],[101.48852224934865,3.5625401616661323],[101.48852224934865,3.5621474916250135],[101.48955866612977,3.5625401616661323],[101.48955866612977,3.562932831870325],[101.48800404095809,3.562932831870325],[101.48800404095809,3.5633255022376122],[101.48748583256751,3.5633255022376122],[101.48748583256751,3.5641108434615396],[101.48800404095809,3.5641108434615396],[101.48800404095809,3.56489618533806],[101.48696762417697,3.565288856521087],[101.48748583256751,3.566074199376768],[101.48800404095809,3.566074199376768],[101.48955866612977,3.5645035143182167],[101.49059508291089,3.5645035143182167],[101.49059508291089,3.5641108434615396],[101.491631499692,3.5641108434615396],[101.491631499692,3.5637181727680116],[101.49422254164482,3.5641108434615396],[101.49422254164482,3.5645035143182167],[101.49525895842594,3.5645035143182167],[101.49525895842594,3.56489618533806],[101.49681358359761,3.56489618533806],[101.49681358359761,3.5656815278673166],[101.49629537520705,3.5656815278673166],[101.49629537520705,3.566074199376768],[101.49525895842594,3.566074199376768],[101.49525895842594,3.5664668710494563],[101.49266791647312,3.566074199376768],[101.49266791647312,3.5656815278673166],[101.491631499692,3.565288856521087],[101.49111329130146,3.566074199376768],[101.49007687452033,3.566074199376768],[101.49007687452033,3.5664668710494563],[101.48904045773921,3.5664668710494563],[101.48904045773921,3.5668595428854033],[101.48800404095809,3.567252214884625],[101.48800404095809,3.5684302318621213],[101.48852224934865,3.5684302318621213],[101.48852224934865,3.5688229045146236],[101.48904045773921,3.5688229045146236],[101.48955866612977,3.568037559372965],[101.49059508291089,3.5684302318621213],[101.49111329130146,3.567644887047139],[101.491631499692,3.567644887047139],[101.491631499692,3.568037559372965],[101.49266791647312,3.568037559372965],[101.49266791647312,3.5684302318621213],[101.491631499692,3.5684302318621213],[101.491631499692,3.5688229045146236],[101.49059508291089,3.5688229045146236],[101.49059508291089,3.5692155773304934],[101.48955866612977,3.5696082503097477],[101.48955866612977,3.5703935967584792],[101.49059508291089,3.5707862702279947],[101.49111329130146,3.572356965740802],[101.49007687452033,3.5719642916173515],[101.49007687452033,3.572356965740802],[101.48904045773921,3.5727496400277823],[101.48904045773921,3.5715716176574115],[101.48852224934865,3.5715716176574115],[101.48800404095809,3.5707862702279947],[101.48696762417697,3.5711789438609656],[101.48696762417697,3.5719642916173515],[101.48748583256751,3.5719642916173515],[101.48748583256751,3.572356965740802],[101.48644941578641,3.572356965740802],[101.48644941578641,3.5719642916173515],[101.48593120739584,3.5719642916173515],[101.48593120739584,3.5696082503097477],[101.48489479061472,3.5692155773304934],[101.48489479061472,3.5696082503097477],[101.48437658222416,3.5696082503097477],[101.48437658222416,3.5703935967584792],[101.4838583738336,3.5703935967584792],[101.4838583738336,3.570000923452403],[101.48334016544304,3.570000923452403],[101.48334016544304,3.5692155773304934],[101.4838583738336,3.5692155773304934],[101.4838583738336,3.5688229045146236],[101.48334016544304,3.5688229045146236],[101.48334016544304,3.568037559372965],[101.48282195705248,3.568037559372965],[101.48282195705248,3.567644887047139],[101.48178554027136,3.567644887047139],[101.48178554027136,3.5645035143182167],[101.48230374866192,3.5645035143182167],[101.48230374866192,3.562932831870325],[101.48334016544304,3.5625401616661323],[101.48282195705248,3.561754821746952],[101.48334016544304,3.561754821746952],[101.48334016544304,3.560969482479929],[101.4838583738336,3.560969482479929],[101.4838583738336,3.5586134685903437],[101.48334016544304,3.5586134685903437],[101.48334016544304,3.55822080017898],[101.48230374866192,3.5586134685903437],[101.48230374866192,3.560184143864917],[101.4812673318808,3.5605768130909303],[101.4812673318808,3.5613621520319305],[101.48074912349023,3.5613621520319305],[101.48023091509967,3.5605768130909303],[101.47867628992799,3.5613621520319305],[101.47815808153743,3.5605768130909303],[101.47608524797519,3.5605768130909303],[101.47608524797519,3.560184143864917],[101.47556703958462,3.560184143864917],[101.47556703958462,3.5605768130909303],[101.47504883119406,3.5605768130909303],[101.47504883119406,3.5613621520319305],[101.47349420602238,3.5613621520319305],[101.47349420602238,3.561754821746952],[101.47297599763182,3.561754821746952],[101.47401241441295,3.5633255022376122],[101.47453062280351,3.5633255022376122],[101.47453062280351,3.562932831870325],[101.47504883119406,3.562932831870325],[101.47504883119406,3.5621474916250135],[101.47608524797519,3.5621474916250135],[101.47608524797519,3.561754821746952],[101.47712166475631,3.561754821746952],[101.47712166475631,3.5621474916250135],[101.47815808153743,3.5621474916250135],[101.47815808153743,3.5625401616661323],[101.47867628992799,3.5625401616661323],[101.47867628992799,3.562932831870325],[101.47763987314687,3.562932831870325],[101.47763987314687,3.5633255022376122],[101.47608524797519,3.5633255022376122],[101.47608524797519,3.5637181727680116],[101.47453062280351,3.5637181727680116],[101.47453062280351,3.5641108434615396],[101.47401241441295,3.5641108434615396],[101.47453062280351,3.56489618533806],[101.47556703958462,3.56489618533806],[101.47504883119406,3.5656815278673166],[101.47556703958462,3.5656815278673166],[101.47660345636575,3.5668595428854033],[101.47712166475631,3.5668595428854033],[101.47712166475631,3.5664668710494563],[101.47815808153743,3.5664668710494563],[101.47815808153743,3.566074199376768],[101.47867628992799,3.566074199376768],[101.47867628992799,3.5645035143182167],[101.47971270670911,3.5645035143182167],[101.47971270670911,3.566074199376768],[101.47867628992799,3.5664668710494563],[101.47867628992799,3.5684302318621213],[101.47660345636575,3.5696082503097477]],[[101.48593120739584,3.5817811938042134],[101.48593120739584,3.5813885157510446],[101.48644941578641,3.5813885157510446],[101.48644941578641,3.5817811938042134],[101.48593120739584,3.5817811938042134]],[[101.48489479061472,3.5774617442334486],[101.48489479061472,3.577069067982699],[101.4838583738336,3.576676391895697],[101.48437658222416,3.5758910402128614],[101.48489479061472,3.5758910402128614],[101.48489479061472,3.576676391895697],[101.48593120739584,3.577069067982699],[101.48593120739584,3.5774617442334486],[101.48489479061472,3.5774617442334486]],[[101.4838583738336,3.577069067982699],[101.48334016544304,3.577069067982699],[101.48334016544304,3.576676391895697],[101.4838583738336,3.576676391895697],[101.4838583738336,3.577069067982699]],[[101.48334016544304,3.5774617442334486],[101.48282195705248,3.5774617442334486],[101.48282195705248,3.577069067982699],[101.48334016544304,3.577069067982699],[101.48334016544304,3.5774617442334486]],[[101.48489479061472,3.573142314478311],[101.4838583738336,3.5719642916173515],[101.48230374866192,3.5719642916173515],[101.48230374866192,3.572356965740802],[101.4812673318808,3.572356965740802],[101.4812673318808,3.5727496400277823],[101.48074912349023,3.5727496400277823],[101.48074912349023,3.573534989092404],[101.48023091509967,3.573534989092404],[101.48023091509967,3.574320338811361],[101.47971270670911,3.574320338811361],[101.47971270670911,3.5739276638700814],[101.47919449831856,3.5739276638700814],[101.47919449831856,3.573142314478311],[101.47867628992799,3.573142314478311],[101.47867628992799,3.572356965740802],[101.47971270670911,3.5719642916173515],[101.47971270670911,3.5711789438609656],[101.47919449831856,3.5711789438609656],[101.47919449831856,3.5707862702279947],[101.47660345636575,3.5711789438609656],[101.47660345636575,3.5703935967584792],[101.47712166475631,3.5703935967584792],[101.47712166475631,3.570000923452403],[101.47815808153743,3.570000923452403],[101.47815808153743,3.5696082503097477],[101.47867628992799,3.5696082503097477],[101.47867628992799,3.570000923452403],[101.48023091509967,3.570000923452403],[101.48023091509967,3.5696082503097477],[101.48074912349023,3.5696082503097477],[101.48074912349023,3.5684302318621213],[101.47971270670911,3.568037559372965],[101.47971270670911,3.5668595428854033],[101.48023091509967,3.5668595428854033],[101.48023091509967,3.5664668710494563],[101.48074912349023,3.5664668710494563],[101.48074912349023,3.568037559372965],[101.48282195705248,3.5688229045146236],[101.48282195705248,3.5692155773304934],[101.48230374866192,3.5692155773304934],[101.48230374866192,3.570000923452403],[101.48282195705248,3.570000923452403],[101.4838583738336,3.5711789438609656],[101.48489479061472,3.5711789438609656],[101.48489479061472,3.5719642916173515],[101.48644941578641,3.5727496400277823],[101.48644941578641,3.573142314478311],[101.48489479061472,3.573142314478311]],[[101.4931861248637,3.570000923452403],[101.4931861248637,3.5696082503097477],[101.49370433325426,3.5696082503097477],[101.49370433325426,3.570000923452403],[101.4931861248637,3.570000923452403]],[[101.49266791647312,3.5696082503097477],[101.49266791647312,3.5692155773304934],[101.4931861248637,3.5692155773304934],[101.4931861248637,3.5696082503097477],[101.49266791647312,3.5696082503097477]],[[101.49059508291089,3.5637181727680116],[101.49007687452033,3.5637181727680116],[101.49007687452033,3.5633255022376122],[101.49059508291089,3.5633255022376122],[101.49059508291089,3.5637181727680116]],[[101.49007687452033,3.5625401616661323],[101.49007687452033,3.5621474916250135],[101.49059508291089,3.5621474916250135],[101.49059508291089,3.5625401616661323],[101.49007687452033,3.5625401616661323]],[[101.48955866612977,3.5621474916250135],[101.48955866612977,3.561754821746952],[101.49007687452033,3.561754821746952],[101.49007687452033,3.5621474916250135],[101.48955866612977,3.5621474916250135]],[[101.49888641715985,3.554686791803934],[101.4983682087693,3.554686791803934],[101.4983682087693,3.554294125020509],[101.49888641715985,3.554294125020509],[101.49888641715985,3.554686791803934]],[[101.49940462555043,3.5586134685903437],[101.49940462555043,3.5590061371646007],[101.4983682087693,3.5590061371646007],[101.4983682087693,3.5586134685903437],[101.49940462555043,3.5586134685903437]],[[101.47919449831856,3.5684302318621213],[101.47919449831856,3.5688229045146236],[101.47867628992799,3.5688229045146236],[101.47867628992799,3.5684302318621213],[101.47919449831856,3.5684302318621213]],[[101.47971270670911,3.5688229045146236],[101.47971270670911,3.5692155773304934],[101.47919449831856,3.5692155773304934],[101.47919449831856,3.5688229045146236],[101.47971270670911,3.5688229045146236]],[[101.48023091509967,3.5998445617910173],[101.47971270670911,3.5998445617910173],[101.47971270670911,3.5994518761766443],[101.48023091509967,3.5994518761766443],[101.48023091509967,3.5998445617910173]],[[101.47867628992799,3.595917713060327],[101.47815808153743,3.595917713060327],[101.47815808153743,3.595525029092965],[101.47867628992799,3.595525029092965],[101.47867628992799,3.595917713060327]],[[101.48230374866192,3.5774617442334486],[101.48178554027136,3.5774617442334486],[101.48178554027136,3.577069067982699],[101.48230374866192,3.577069067982699],[101.48230374866192,3.5774617442334486]],[[101.491631499692,3.5703935967584792],[101.49111329130146,3.5703935967584792],[101.49059508291089,3.5696082503097477],[101.491631499692,3.5696082503097477],[101.491631499692,3.5703935967584792]],[[101.491631499692,3.5692155773304934],[101.49214970808258,3.5692155773304934],[101.49214970808258,3.5696082503097477],[101.491631499692,3.5696082503097477],[101.491631499692,3.5692155773304934]],[[101.49059508291089,3.567252214884625],[101.49007687452033,3.567252214884625],[101.49007687452033,3.5668595428854033],[101.49059508291089,3.5668595428854033],[101.49059508291089,3.567252214884625]],[[101.47763987314687,3.5637181727680116],[101.47867628992799,3.5637181727680116],[101.47867628992799,3.5641108434615396],[101.47763987314687,3.5645035143182167],[101.47763987314687,3.5656815278673166],[101.47712166475631,3.5656815278673166],[101.47608524797519,3.5641108434615396],[101.47763987314687,3.5641108434615396],[101.47763987314687,3.5637181727680116]],[[101.49785000037873,3.565288856521087],[101.49733179198817,3.565288856521087],[101.49733179198817,3.56489618533806],[101.49785000037873,3.56489618533806],[101.49785000037873,3.565288856521087]],[[101.47971270670911,3.5625401616661323],[101.48023091509967,3.5625401616661323],[101.48023091509967,3.5621474916250135],[101.4812673318808,3.5621474916250135],[101.4812673318808,3.5645035143182167],[101.48023091509967,3.5645035143182167],[101.48023091509967,3.5641108434615396],[101.47919449831856,3.5637181727680116],[101.47919449831856,3.5633255022376122],[101.47971270670911,3.5633255022376122],[101.47971270670911,3.5625401616661323]],[[101.48955866612977,3.5641108434615396],[101.48852224934865,3.5641108434615396],[101.48852224934865,3.5637181727680116],[101.48955866612977,3.5637181727680116],[101.48955866612977,3.5641108434615396]],[[101.48282195705248,3.560969482479929],[101.48230374866192,3.560969482479929],[101.48230374866192,3.5605768130909303],[101.48282195705248,3.5605768130909303],[101.48282195705248,3.560969482479929]],[[101.49474075003538,3.560969482479929],[101.49422254164482,3.560969482479929],[101.49422254164482,3.5605768130909303],[101.49474075003538,3.5605768130909303],[101.49474075003538,3.560969482479929]],[[101.49940462555043,3.560969482479929],[101.4983682087693,3.560969482479929],[101.4983682087693,3.5605768130909303],[101.49940462555043,3.5605768130909303],[101.49940462555043,3.560969482479929]],[[101.49214970808258,3.5586134685903437],[101.491631499692,3.5586134685903437],[101.491631499692,3.55822080017898],[101.49214970808258,3.55822080017898],[101.49214970808258,3.5586134685903437]]],[[[101.48800404095809,3.5821738720213476],[101.48800404095809,3.5822219596098295],[101.48802890877333,3.5821738720213476],[101.48800404095809,3.5821738720213476]]],[[[101.48644941578641,3.58610066321478],[101.48655383942949,3.58610066321478],[101.48644941578641,3.5856142784480842],[101.48644941578641,3.58610066321478]]],[[[101.48644941578641,3.5864933432367305],[101.48644941578641,3.5866399244157336],[101.4865245312164,3.5864933432367305],[101.48644941578641,3.5864933432367305]]],[[[101.48593120739584,3.5868860234228666],[101.48505534903543,3.5868860234228666],[101.4858603,3.58716149604663],[101.48593120739584,3.5868860234228666]]],[[[101.47142137246014,3.592383563278168],[101.47193958085072,3.591598198469391],[101.47297599763182,3.591598198469391],[101.47297599763182,3.5919908807915615],[101.47401241441295,3.591598198469391],[101.47401241441295,3.59120551631164],[101.47297599763182,3.5908128343182897],[101.47297599763182,3.590027470824721],[101.47245778924126,3.590027470824721],[101.47245778924126,3.589634789324468],[101.47142137246014,3.590027470824721],[101.47142137246014,3.5908128343182897],[101.47090316406958,3.5908128343182897],[101.47038495567901,3.591598198469391],[101.46831212211677,3.5919908807915615],[101.46727570533567,3.59316892874477],[101.46831212211677,3.593561611724798],[101.46831212211677,3.59316892874477],[101.4693485388979,3.59316892874477],[101.46986674728846,3.592383563278168],[101.47142137246014,3.592383563278168]]],[[[101.48023091509967,3.592776245929232],[101.48042829999999,3.593178796040183],[101.48121112288112,3.592776245929232],[101.48023091509967,3.592776245929232]]],[[[101.48074912349023,3.5962018173672825],[101.4807664,3.5961267960370433],[101.48074912349023,3.596072460734594],[101.48074912349023,3.5962018173672825]]],[[[101.48282195705248,3.602593365707074],[101.48306999333536,3.602593365707074],[101.48282195705248,3.60205874017653],[101.48282195705248,3.602593365707074]]],[[[101.48334016544304,3.602986052640361],[101.4834266611484,3.602986052640361],[101.48334016544304,3.6028948000127117],[101.48334016544304,3.602986052640361]]],[[[101.47971270670911,3.605342177704603],[101.47971270670911,3.605519520852324],[101.48065141454165,3.605342177704603],[101.47971270670911,3.605342177704603]]]]},"properties":{"place_id":"54acacf3-2b3a-5fed-abc5-30b4676ba727","habitat":"forest_edge_opening","habitat_label":"Forest edge or opening","resolution_m":50}},{"type":"Feature","geometry":{"type":"MultiPolygon","coordinates":[[[[101.41908232501352,3.5507601312887407],[101.4190810352936,3.5507601312887407],[101.41908232501352,3.550760758309019],[101.41908232501352,3.5507601312887407]]],[[[101.41441844949847,3.551152796608573],[101.41441844949847,3.5515454620909535],[101.41493665788904,3.5515454620909535],[101.41493665788904,3.551152796608573],[101.41441844949847,3.551152796608573]]],[[[101.41597307467016,3.552330793543434],[101.41597307467016,3.5525641735199835],[101.41606936403687,3.552330793543434],[101.41597307467016,3.552330793543434]]],[[[101.40871815720232,3.570000923452403],[101.40871815720232,3.5701483415395425],[101.4087789787429,3.570000923452403],[101.40871815720232,3.570000923452403]]],[[[101.38073490411202,3.5798178051776577],[101.38073490411202,3.580210482575147],[101.38125311250259,3.580210482575147],[101.38125311250259,3.5798178051776577],[101.38073490411202,3.5798178051776577]]],[[[101.37503461181588,3.5837445865299014],[101.37503461181588,3.5841372655671346],[101.37555282020641,3.5841372655671346],[101.37555282020641,3.5837445865299014],[101.37503461181588,3.5837445865299014]]],[[[101.37503461181588,3.5841372655671346],[101.3745164034253,3.5841372655671346],[101.3745164034253,3.5849226241338434],[101.37503461181588,3.5849226241338434],[101.37503461181588,3.5841372655671346]]],[[[101.37658923698754,3.5857079833569934],[101.37658923698754,3.5849226241338434],[101.37607102859698,3.5849226241338434],[101.37555282020641,3.5857079833569934],[101.37658923698754,3.5857079833569934]]],[[[101.37347998664417,3.5849226241338434],[101.37347998664417,3.58610066321478],[101.3745164034253,3.58610066321478],[101.3745164034253,3.5849226241338434],[101.37347998664417,3.5849226241338434]]],[[[101.40249965651557,3.5876713842877583],[101.40146323973445,3.5876713842877583],[101.40146323973445,3.5880640649665523],[101.40249965651557,3.5880640649665523],[101.40249965651557,3.5876713842877583]]],[[[101.37710744537812,3.587278703773203],[101.37710744537812,3.5864933432367305],[101.37658923698754,3.5864933432367305],[101.37658923698754,3.5876713842877583],[101.37710744537812,3.5876713842877583],[101.37710744537812,3.588456745809601],[101.37762565376867,3.588456745809601],[101.37762565376867,3.5888494268169238],[101.37814386215922,3.5888494268169238],[101.37814386215922,3.589634789324468],[101.37866207054978,3.589634789324468],[101.37866207054978,3.588456745809601],[101.37814386215922,3.588456745809601],[101.37814386215922,3.5876713842877583],[101.37710744537812,3.587278703773203]]],[[[101.40405428168727,3.588456745809601],[101.40405428168727,3.5888494268169238],[101.40457249007783,3.5888494268169238],[101.40457249007783,3.588456745809601],[101.40405428168727,3.588456745809601]]],[[[101.37969848733091,3.590027470824721],[101.37918027894035,3.590027470824721],[101.37918027894035,3.590420152489324],[101.37969848733091,3.590420152489324],[101.37969848733091,3.590027470824721]]],[[[101.38539877962708,3.59120551631164],[101.38539877962708,3.5908128343182897],[101.38384415445539,3.5908128343182897],[101.38384415445539,3.590420152489324],[101.38280773767427,3.590420152489324],[101.38280773767427,3.5908128343182897],[101.38021669572147,3.5908128343182897],[101.38021669572147,3.591598198469391],[101.38280773767427,3.591598198469391],[101.38280773767427,3.59120551631164],[101.38332594606483,3.59120551631164],[101.38332594606483,3.591598198469391],[101.38488057123652,3.591598198469391],[101.38488057123652,3.59120551631164],[101.38539877962708,3.59120551631164]]],[[[101.3864351964082,3.5908128343182897],[101.3864351964082,3.59120551631164],[101.38695340479876,3.59120551631164],[101.38695340479876,3.5908128343182897],[101.3864351964082,3.5908128343182897]]],[[[101.38021669572147,3.591598198469391],[101.37969848733091,3.591598198469391],[101.37969848733091,3.5919908807915615],[101.38021669572147,3.5919908807915615],[101.38021669572147,3.591598198469391]]],[[[101.42115515857576,3.595917713060327],[101.42115515857576,3.59631039719231],[101.42167336696632,3.59631039719231],[101.42167336696632,3.595917713060327],[101.42115515857576,3.595917713060327]]],[[[101.42892828443416,3.552330793543434],[101.42892828443416,3.553508791941724],[101.42944649282474,3.553508791941724],[101.4299647012153,3.551938127735901],[101.42892828443416,3.552330793543434]]],[[[101.4284100760436,3.5527234595135697],[101.42789186765305,3.5527234595135697],[101.42789186765305,3.553508791941724],[101.4284100760436,3.553508791941724],[101.4284100760436,3.5527234595135697]]],[[[101.42685545087193,3.553508791941724],[101.4273736592625,3.553508791941724],[101.4273736592625,3.553116125646327],[101.42685545087193,3.553116125646327],[101.42685545087193,3.553508791941724]]],[[[101.4273736592625,3.554686791803934],[101.4284100760436,3.554686791803934],[101.4284100760436,3.554294125020509],[101.42789186765305,3.554294125020509],[101.42789186765305,3.553508791941724],[101.4273736592625,3.553508791941724],[101.4273736592625,3.554686791803934]]],[[[101.4377378270737,3.5688229045146236],[101.43721961868314,3.5692155773304934],[101.4377378270737,3.5692155773304934],[101.4377378270737,3.5688229045146236]]],[[[101.43133501688008,3.577069067982699],[101.43104981376015,3.5774617442334486],[101.43151932638698,3.5774617442334486],[101.43133501688008,3.577069067982699]]],[[[101.4293461161386,3.5798178051776577],[101.4285079270155,3.5809958378618214],[101.4299647012153,3.580210482575147],[101.4299647012153,3.5798178051776577],[101.4293461161386,3.5798178051776577]]],[[[101.42766973789242,3.5821738720213476],[101.42739034151803,3.5825665504024657],[101.42789186765305,3.5825665504024657],[101.42766973789242,3.5821738720213476]]],[[[101.42944649282474,3.58610066321478],[101.42892828443416,3.58610066321478],[101.42892828443416,3.5868860234228666],[101.42944649282474,3.5868860234228666],[101.42944649282474,3.58610066321478]]],[[[101.4299647012153,3.590420152489324],[101.4299647012153,3.5908128343182897],[101.43048290960586,3.5908128343182897],[101.43048290960586,3.590420152489324],[101.4299647012153,3.590420152489324]]],[[[101.43048290960586,3.5919908807915615],[101.43048290960586,3.592383563278168],[101.4310011179964,3.592383563278168],[101.4310011179964,3.5919908807915615],[101.43048290960586,3.5919908807915615]]],[[[101.43151932638698,3.5939542948693393],[101.4310011179964,3.5939542948693393],[101.4310011179964,3.5951323452902018],[101.43151932638698,3.5951323452902018],[101.43151932638698,3.5939542948693393]]],[[[101.43255574316811,3.600629933514185],[101.43255574316811,3.601415305896701],[101.43307395155865,3.601415305896701],[101.43307395155865,3.600629933514185],[101.43255574316811,3.600629933514185]]],[[[101.4351467851209,3.605342177704603],[101.4351467851209,3.6057348657928987],[101.43566499351145,3.6057348657928987],[101.43566499351145,3.605342177704603],[101.4351467851209,3.605342177704603]]],[[[101.43566499351145,3.6057348657928987],[101.43566499351145,3.606127554046266],[101.43618320190201,3.606127554046266],[101.43618320190201,3.6057348657928987],[101.43566499351145,3.6057348657928987]]],[[[101.43618320190201,3.606127554046266],[101.43618320190201,3.606520242464725],[101.43721961868314,3.606520242464725],[101.43721961868314,3.606127554046266],[101.43618320190201,3.606127554046266]]],[[[101.43083362372559,3.609269066018029],[101.4310011179964,3.6094309229864385],[101.4310011179964,3.609269066018029],[101.43083362372559,3.609269066018029]]],[[[101.44448361312726,3.5283784761611434],[101.44447453615099,3.5287711322457094],[101.44453945368022,3.5287711322457094],[101.44448361312726,3.5283784761611434]]],[[[101.44465113478617,3.5295564448994017],[101.44447453615099,3.529949101468564],[101.44470697533913,3.529949101468564],[101.44465113478617,3.5295564448994017]]],[[[101.45587512074331,3.557435463844862],[101.45587512074331,3.557828131930493],[101.45639332913389,3.557828131930493],[101.45639332913389,3.557435463844862],[101.45587512074331,3.557435463844862]]],[[[101.45483870396221,3.557828131930493],[101.45432049557165,3.557828131930493],[101.45432049557165,3.55822080017898],[101.45483870396221,3.55822080017898],[101.45483870396221,3.557828131930493]]],[[[101.45380228718108,3.55822080017898],[101.45380228718108,3.5586134685903437],[101.45432049557165,3.5586134685903437],[101.45432049557165,3.55822080017898],[101.45380228718108,3.55822080017898]]],[[[101.45167372311941,3.5590061371646007],[101.45121124522828,3.559228140755762],[101.45121124522828,3.55939880590177],[101.45172945361884,3.55939880590177],[101.45167372311941,3.5590061371646007]]],[[[101.4496566200566,3.5605768130909303],[101.44930566164673,3.560184143864917],[101.44913841166604,3.5605768130909303],[101.4496566200566,3.5605768130909303]]],[[[101.44524236389452,3.5625401616661323],[101.44499274454157,3.562932831870325],[101.44602916132267,3.562932831870325],[101.44602916132267,3.5625401616661323],[101.44524236389452,3.5625401616661323]]],[[[101.44343811936986,3.5637181727680116],[101.44343811936986,3.5641108434615396],[101.44395632776043,3.5641108434615396],[101.44395632776043,3.5637181727680116],[101.44343811936986,3.5637181727680116]]],[[[101.44084707741706,3.565288856521087],[101.4403288690265,3.5653207352307144],[101.4403288690265,3.5656815278673166],[101.44084707741706,3.5656815278673166],[101.44084707741706,3.565288856521087]]],[[[101.43932070423789,3.566074199376768],[101.43929245224538,3.5664668710494563],[101.43981066063596,3.5664668710494563],[101.43981066063596,3.566074199376768],[101.43932070423789,3.566074199376768]]],[[[101.43929245224538,3.567252214884625],[101.43929245224538,3.5664668710494563],[101.43903550111798,3.5664668710494563],[101.43877424385482,3.567252214884625],[101.43929245224538,3.567252214884625]]],[[[101.46831212211677,3.592383563278168],[101.46831212211677,3.592776245929232],[101.46883033050734,3.592776245929232],[101.46883033050734,3.592383563278168],[101.46831212211677,3.592383563278168]]],[[[101.46831212211677,3.59316892874477],[101.46831212211677,3.592776245929232],[101.46779391372621,3.592776245929232],[101.46779391372621,3.59316892874477],[101.46831212211677,3.59316892874477]]],[[[101.43721961868314,3.606520242464725],[101.43721961868314,3.606912931048293],[101.4377378270737,3.606912931048293],[101.4377378270737,3.606520242464725],[101.43721961868314,3.606520242464725]]],[[[101.44395632776043,3.6100544456629757],[101.44395632776043,3.610447135733352],[101.44447453615099,3.610447135733352],[101.44447453615099,3.6100544456629757],[101.44395632776043,3.6100544456629757]]]]},"properties":{"place_id":"54acacf3-2b3a-5fed-abc5-30b4676ba727","habitat":"open_grassland","habitat_label":"Open grassland or shrubland","resolution_m":50}},{"type":"Feature","geometry":{"type":"MultiPolygon","coordinates":[[[[101.45587512074331,3.557435463844862],[101.45576376040572,3.557042795922071],[101.45483870396221,3.557828131930493],[101.45535691235276,3.557828131930493],[101.45535691235276,3.557435463844862],[101.45587512074331,3.557435463844862]]],[[[101.45380228718108,3.5590061371646007],[101.45380228718108,3.5586134685903437],[101.45432049557165,3.5586134685903437],[101.45380228718108,3.557984361714823],[101.45224766200941,3.5587306289432656],[101.45276587039994,3.55939880590177],[101.45380228718108,3.5590061371646007]]],[[[101.44913841166604,3.5613621520319305],[101.44913841166604,3.560969482479929],[101.45017482844715,3.560969482479929],[101.45017482844715,3.5605768130909303],[101.4506930368377,3.5605768130909303],[101.45017482844715,3.559791474801869],[101.44758378649436,3.5612151407141117],[101.44810199488491,3.561754821746952],[101.44913841166604,3.5613621520319305]]],[[[101.44343811936986,3.56489618533806],[101.44240170258875,3.5645035143182167],[101.4418834941982,3.565288856521087],[101.4429199109793,3.5656815278673166],[101.44343811936986,3.56489618533806]]],[[[101.43877424385482,3.5684302318621213],[101.43789468863828,3.568037559372965],[101.43732428239842,3.5688229045146236],[101.43825603546425,3.5692155773304934],[101.43877424385482,3.5684302318621213]]]]},"properties":{"place_id":"54acacf3-2b3a-5fed-abc5-30b4676ba727","habitat":"disturbed_built_edge","habitat_label":"Disturbed, bare or built edge","resolution_m":50}},{"type":"Feature","geometry":{"type":"Polygon","coordinates":[[[101.39576294743829,3.615944814082457],[101.39576294743829,3.615552121696348],[101.39524473904773,3.615552121696348],[101.39524473904773,3.615944814082457],[101.39576294743829,3.615944814082457]]]},"properties":{"place_id":"54acacf3-2b3a-5fed-abc5-30b4676ba727","habitat":"cropland","habitat_label":"Cropland","resolution_m":50}},{"type":"Feature","geometry":{"type":"MultiPolygon","coordinates":[[[[101.48023091509967,3.5613621520319305],[101.48023091509967,3.5605768130909303],[101.47971270670911,3.5605768130909303],[101.47971270670911,3.5613621520319305],[101.48023091509967,3.5613621520319305]]],[[[101.47349420602238,3.561754821746952],[101.47349420602238,3.5621474916250135],[101.47401241441295,3.5621474916250135],[101.47401241441295,3.562932831870325],[101.47453062280351,3.562932831870325],[101.47453062280351,3.5621474916250135],[101.47504883119406,3.5621474916250135],[101.47504883119406,3.561754821746952],[101.47349420602238,3.561754821746952]]],[[[101.47608524797519,3.5656815278673166],[101.47608524797519,3.565288856521087],[101.47556703958462,3.565288856521087],[101.47556703958462,3.5656815278673166],[101.47608524797519,3.5656815278673166]]],[[[101.47297599763182,3.59120551631164],[101.47297599763182,3.5908128343182897],[101.47245778924126,3.5908128343182897],[101.47245778924126,3.590027470824721],[101.47193958085072,3.590027470824721],[101.47193958085072,3.5908128343182897],[101.47142137246014,3.5908128343182897],[101.47038495567901,3.5919908807915615],[101.47142137246014,3.5919908807915615],[101.47193958085072,3.59120551631164],[101.47297599763182,3.59120551631164]]],[[[101.47349420602238,3.591598198469391],[101.47349420602238,3.59120551631164],[101.47297599763182,3.59120551631164],[101.47297599763182,3.591598198469391],[101.47349420602238,3.591598198469391]]],[[[101.46986674728846,3.592383563278168],[101.46986674728846,3.5919908807915615],[101.4693485388979,3.5919908807915615],[101.4693485388979,3.592383563278168],[101.46986674728846,3.592383563278168]]],[[[101.4693485388979,3.592776245929232],[101.4693485388979,3.592383563278168],[101.46883033050734,3.592383563278168],[101.46883033050734,3.592776245929232],[101.4693485388979,3.592776245929232]]],[[[101.47608524797519,3.592383563278168],[101.47556703958462,3.592383563278168],[101.47556703958462,3.592776245929232],[101.47608524797519,3.592776245929232],[101.47608524797519,3.592383563278168]]],[[[101.47763987314687,3.595525029092965],[101.47712166475631,3.595525029092965],[101.47712166475631,3.59631039719231],[101.47815808153743,3.595917713060327],[101.47815808153743,3.5947396616520213],[101.47763987314687,3.5947396616520213],[101.47763987314687,3.595525029092965]]],[[[101.47867628992799,3.601022619623016],[101.47867628992799,3.600629933514185],[101.47763987314687,3.600629933514185],[101.47763987314687,3.601022619623016],[101.47867628992799,3.601022619623016]]],[[[101.49214970808258,3.551938127735901],[101.49214970808258,3.5515454620909535],[101.491631499692,3.551422513939075],[101.48644941578641,3.551498499224081],[101.48593120739584,3.552330793543434],[101.48696762417697,3.552330793543434],[101.48696762417697,3.551938127735901],[101.48800404095809,3.551938127735901],[101.48800404095809,3.5527234595135697],[101.48852224934865,3.5527234595135697],[101.48852224934865,3.552330793543434],[101.49007687452033,3.552330793543434],[101.49007687452033,3.553508791941724],[101.49059508291089,3.553508791941724],[101.49059508291089,3.552330793543434],[101.491631499692,3.552330793543434],[101.491631499692,3.551938127735901],[101.49214970808258,3.551938127735901]]],[[[101.49266791647312,3.5562574605649333],[101.49266791647312,3.5558647931305525],[101.49214970808258,3.5558647931305525],[101.49214970808258,3.5562574605649333],[101.49266791647312,3.5562574605649333]]],[[[101.48852224934865,3.55939880590177],[101.48800404095809,3.55939880590177],[101.48800404095809,3.559791474801869],[101.48852224934865,3.559791474801869],[101.48852224934865,3.55939880590177]]],[[[101.48282195705248,3.5621474916250135],[101.48230374866192,3.5621474916250135],[101.48230374866192,3.5625401616661323],[101.48282195705248,3.5625401616661323],[101.48282195705248,3.5621474916250135]]],[[[101.48852224934865,3.565288856521087],[101.48852224934865,3.56489618533806],[101.48800404095809,3.56489618533806],[101.48800404095809,3.565288856521087],[101.48852224934865,3.565288856521087]]],[[[101.48748583256751,3.565288856521087],[101.48748583256751,3.5656815278673166],[101.48800404095809,3.5656815278673166],[101.48800404095809,3.565288856521087],[101.48748583256751,3.565288856521087]]],[[[101.48334016544304,3.6033787397385963],[101.48334016544304,3.604556802023162],[101.48230374866192,3.604556802023162],[101.48178554027136,3.60512791573971],[101.48358849999998,3.6047872960277565],[101.483901,3.6035872960290636],[101.48140089999998,3.6008054960320393],[101.4803662,3.5983883960345993],[101.4807664,3.5961267960370433],[101.48053059999998,3.59538519603784],[101.47916199999997,3.5945203960387593],[101.4787438,3.592249696041191],[101.4794977,3.5920127960414447],[101.47970569999998,3.592867896040515],[101.48040536623823,3.59316892874477],[101.48111840000001,3.592961296040422],[101.4820845,3.590048796043537],[101.4834943,3.5881974960455256],[101.4839965,3.586694196047136],[101.48481909999997,3.586579396047241],[101.4858603,3.58716149604663],[101.4863391,3.586855196046978],[101.48660459999999,3.58633709604751],[101.48613459999999,3.5845999960493704],[101.4872958,3.5835303960505294],[101.48824780000001,3.581750596052434],[101.48805649999998,3.578589096055815],[101.48863209999999,3.5779156960565293],[101.49123799999998,3.5768352960576673],[101.4911854,3.576205796058358],[101.49027519999997,3.575900996058686],[101.49030889999997,3.57548899605914],[101.49178939999997,3.5733197960614516],[101.4926521,3.5729192960618823],[101.49575329999999,3.5733540960614056],[101.4959163,3.5707973960641435],[101.49737789999999,3.569163396065892],[101.4976975,3.56750949606768],[101.4989133,3.566513496068754],[101.499982,3.5663511960688923],[101.5002493,3.5650296960703405],[101.4996029,3.5637334960717175],[101.4997285,3.5627859960727193],[101.5018337,3.5609395960747317],[101.50201339999998,3.5601902960755107],[101.5029923,3.5595372960762113],[101.5037303,3.5595152960762295],[101.50405109999998,3.5590157960767534],[101.503761,3.557065296078867],[101.50183450000002,3.555357996080673],[101.50127209999998,3.5515314960847784],[101.49785000037873,3.551331331605105],[101.49785000037873,3.551938127735901],[101.49681358359761,3.551938127735901],[101.49681358359761,3.552330793543434],[101.49888641715985,3.552330793543434],[101.49888641715985,3.5527234595135697],[101.49940462555043,3.5527234595135697],[101.49940462555043,3.553508791941724],[101.49888641715985,3.553508791941724],[101.4983682087693,3.554294125020509],[101.49733179198817,3.554294125020509],[101.49733179198817,3.5554721258589366],[101.49785000037873,3.5554721258589366],[101.49785000037873,3.5550794587500696],[101.49888641715985,3.5550794587500696],[101.49888641715985,3.554686791803934],[101.50044104233154,3.554686791803934],[101.50044104233154,3.5550794587500696],[101.5009592507221,3.5550794587500696],[101.49992283394097,3.5562574605649333],[101.49888641715985,3.5558647931305525],[101.49888641715985,3.557435463844862],[101.49785000037873,3.557435463844862],[101.4983682087693,3.55822080017898],[101.49940462555043,3.55822080017898],[101.49940462555043,3.5586134685903437],[101.49992283394097,3.5586134685903437],[101.49940462555043,3.55939880590177],[101.49733179198817,3.5590061371646007],[101.49733179198817,3.55939880590177],[101.49785000037873,3.55939880590177],[101.49785000037873,3.560184143864917],[101.49992283394097,3.560184143864917],[101.49992283394097,3.5613621520319305],[101.4983682087693,3.5613621520319305],[101.4983682087693,3.560969482479929],[101.49785000037873,3.560969482479929],[101.49785000037873,3.5621474916250135],[101.4983682087693,3.5621474916250135],[101.49785000037873,3.562932831870325],[101.49629537520705,3.562932831870325],[101.49629537520705,3.5621474916250135],[101.49525895842594,3.5621474916250135],[101.49525895842594,3.560184143864917],[101.49422254164482,3.560184143864917],[101.49370433325426,3.5586134685903437],[101.49266791647312,3.5586134685903437],[101.49266791647312,3.5566501281621017],[101.49214970808258,3.5566501281621017],[101.49214970808258,3.557828131930493],[101.49111329130146,3.557828131930493],[101.49111329130146,3.5590061371646007],[101.49266791647312,3.5590061371646007],[101.49266791647312,3.55939880590177],[101.4931861248637,3.55939880590177],[101.4931861248637,3.560184143864917],[101.49370433325426,3.560184143864917],[101.49422254164482,3.561754821746952],[101.49370433325426,3.561754821746952],[101.49370433325426,3.5621474916250135],[101.49214970808258,3.5621474916250135],[101.49214970808258,3.561754821746952],[101.491631499692,3.561754821746952],[101.491631499692,3.5621474916250135],[101.49059508291089,3.5621474916250135],[101.49007687452033,3.5613621520319305],[101.48904045773921,3.5613621520319305],[101.48904045773921,3.5605768130909303],[101.48800404095809,3.5605768130909303],[101.48800404095809,3.5621474916250135],[101.48904045773921,3.561754821746952],[101.48904045773921,3.5621474916250135],[101.49007687452033,3.5625401616661323],[101.49007687452033,3.5633255022376122],[101.48800404095809,3.5633255022376122],[101.48852224934865,3.56489618533806],[101.48904045773921,3.56489618533806],[101.48955866612977,3.5641108434615396],[101.491631499692,3.5637181727680116],[101.491631499692,3.5633255022376122],[101.49266791647312,3.5633255022376122],[101.4931861248637,3.5641108434615396],[101.49525895842594,3.5641108434615396],[101.49525895842594,3.5645035143182167],[101.49629537520705,3.5645035143182167],[101.49629537520705,3.56489618533806],[101.4983682087693,3.5645035143182167],[101.4983682087693,3.5656815278673166],[101.49681358359761,3.5656815278673166],[101.49681358359761,3.566074199376768],[101.49629537520705,3.566074199376768],[101.49629537520705,3.5668595428854033],[101.4957771668165,3.5668595428854033],[101.4957771668165,3.5664668710494563],[101.49525895842594,3.5664668710494563],[101.49525895842594,3.5668595428854033],[101.49422254164482,3.5668595428854033],[101.49422254164482,3.5664668710494563],[101.49214970808258,3.5664668710494563],[101.49214970808258,3.5656815278673166],[101.491631499692,3.5656815278673166],[101.491631499692,3.5664668710494563],[101.49007687452033,3.5664668710494563],[101.49007687452033,3.5668595428854033],[101.48904045773921,3.5668595428854033],[101.48904045773921,3.567252214884625],[101.48852224934865,3.567252214884625],[101.48852224934865,3.5684302318621213],[101.48904045773921,3.5684302318621213],[101.48904045773921,3.567644887047139],[101.49007687452033,3.567644887047139],[101.49007687452033,3.568037559372965],[101.49059508291089,3.568037559372965],[101.49059508291089,3.567252214884625],[101.491631499692,3.567252214884625],[101.491631499692,3.567644887047139],[101.49266791647312,3.567644887047139],[101.49266791647312,3.568037559372965],[101.49370433325426,3.567644887047139],[101.49370433325426,3.5684302318621213],[101.49474075003538,3.5688229045146236],[101.49474075003538,3.5696082503097477],[101.49370433325426,3.5696082503097477],[101.49370433325426,3.5688229045146236],[101.491631499692,3.5688229045146236],[101.491631499692,3.5692155773304934],[101.49059508291089,3.5688229045146236],[101.49007687452033,3.5703935967584792],[101.49111329130146,3.5703935967584792],[101.491631499692,3.5727496400277823],[101.49059508291089,3.5727496400277823],[101.49059508291089,3.572356965740802],[101.49007687452033,3.572356965740802],[101.49007687452033,3.5727496400277823],[101.48904045773921,3.573142314478311],[101.48800404095809,3.5711789438609656],[101.48748583256751,3.5711789438609656],[101.48800404095809,3.5727496400277823],[101.48644941578641,3.5727496400277823],[101.48644941578641,3.572356965740802],[101.48541299900528,3.5719642916173515],[101.48541299900528,3.5696082503097477],[101.48489479061472,3.5696082503097477],[101.48489479061472,3.5707862702279947],[101.4838583738336,3.5707862702279947],[101.4838583738336,3.5703935967584792],[101.48282195705248,3.570000923452403],[101.48282195705248,3.5692155773304934],[101.48334016544304,3.5692155773304934],[101.48334016544304,3.5688229045146236],[101.48282195705248,3.5688229045146236],[101.48282195705248,3.568037559372965],[101.4812673318808,3.568037559372965],[101.4812673318808,3.5645035143182167],[101.48178554027136,3.5645035143182167],[101.48178554027136,3.5621474916250135],[101.48230374866192,3.5621474916250135],[101.48230374866192,3.561754821746952],[101.48282195705248,3.561754821746952],[101.48282195705248,3.560969482479929],[101.48334016544304,3.560969482479929],[101.48334016544304,3.5586134685903437],[101.48282195705248,3.5586134685903437],[101.48282195705248,3.560184143864917],[101.48178554027136,3.5605768130909303],[101.48178554027136,3.561754821746952],[101.48023091509967,3.561754821746952],[101.48023091509967,3.5621474916250135],[101.47971270670911,3.5621474916250135],[101.47971270670911,3.561754821746952],[101.47867628992799,3.561754821746952],[101.47815808153743,3.560969482479929],[101.47608524797519,3.560969482479929],[101.47608524797519,3.5605768130909303],[101.47556703958462,3.5605768130909303],[101.47556703958462,3.5613621520319305],[101.47504883119406,3.5613621520319305],[101.47504883119406,3.561754821746952],[101.47712166475631,3.5613621520319305],[101.47712166475631,3.561754821746952],[101.47919449831856,3.5621474916250135],[101.47919449831856,3.5633255022376122],[101.47763987314687,3.5633255022376122],[101.47763987314687,3.5637181727680116],[101.47453062280351,3.5641108434615396],[101.47453062280351,3.5645035143182167],[101.47608524797519,3.5645035143182167],[101.47660345636575,3.5664668710494563],[101.47712166475631,3.5664668710494563],[101.47712166475631,3.566074199376768],[101.47815808153743,3.566074199376768],[101.47815808153743,3.5645035143182167],[101.47867628992799,3.5645035143182167],[101.47867628992799,3.5641108434615396],[101.47971270670911,3.5641108434615396],[101.47971270670911,3.5645035143182167],[101.48023091509967,3.5645035143182167],[101.48023091509967,3.5664668710494563],[101.47919449831856,3.5664668710494563],[101.47919449831856,3.5684302318621213],[101.48023091509967,3.5684302318621213],[101.48023091509967,3.5696082503097477],[101.47867628992799,3.5696082503097477],[101.47867628992799,3.5688229045146236],[101.47815808153743,3.5688229045146236],[101.47815808153743,3.5696082503097477],[101.47712166475631,3.5696082503097477],[101.47712166475631,3.570000923452403],[101.47608524797519,3.5703935967584792],[101.47608524797519,3.5715716176574115],[101.47919449831856,3.5711789438609656],[101.47919449831856,3.5719642916173515],[101.47815808153743,3.572356965740802],[101.47815808153743,3.573142314478311],[101.47867628992799,3.573142314478311],[101.47867628992799,3.5739276638700814],[101.47971270670911,3.574320338811361],[101.47971270670911,3.575498364616993],[101.48023091509967,3.575498364616993],[101.48023091509967,3.574320338811361],[101.48074912349023,3.574320338811361],[101.4812673318808,3.5727496400277823],[101.48230374866192,3.5727496400277823],[101.48230374866192,3.572356965740802],[101.4838583738336,3.572356965740802],[101.48489479061472,3.573534989092404],[101.48644941578641,3.573534989092404],[101.48644941578641,3.574320338811361],[101.48696762417697,3.574320338811361],[101.48696762417697,3.57471301391626],[101.48904045773921,3.57471301391626],[101.48904045773921,3.575498364616993],[101.48852224934865,3.575498364616993],[101.48852224934865,3.576283715972424],[101.48904045773921,3.576283715972424],[101.48904045773921,3.576676391895697],[101.48852224934865,3.576676391895697],[101.48852224934865,3.5778544206479643],[101.48748583256751,3.5778544206479643],[101.48748583256751,3.577069067982699],[101.48593120739584,3.577069067982699],[101.48593120739584,3.576676391895697],[101.48541299900528,3.576676391895697],[101.48541299900528,3.575498364616993],[101.48437658222416,3.575498364616993],[101.48437658222416,3.5758910402128614],[101.4838583738336,3.5758910402128614],[101.48334016544304,3.5751056891847983],[101.48230374866192,3.5751056891847983],[101.48230374866192,3.575498364616993],[101.48334016544304,3.5758910402128614],[101.48334016544304,3.576676391895697],[101.48282195705248,3.576676391895697],[101.48282195705248,3.577069067982699],[101.48178554027136,3.576676391895697],[101.4812673318808,3.5774617442334486],[101.48178554027136,3.5774617442334486],[101.48178554027136,3.5778544206479643],[101.48282195705248,3.5778544206479643],[101.48282195705248,3.5782470972262628],[101.48334016544304,3.5782470972262628],[101.48334016544304,3.5774617442334486],[101.4838583738336,3.5774617442334486],[101.4838583738336,3.577069067982699],[101.48437658222416,3.577069067982699],[101.48437658222416,3.5782470972262628],[101.48489479061472,3.5782470972262628],[101.48489479061472,3.5778544206479643],[101.48593120739584,3.5778544206479643],[101.48593120739584,3.5782470972262628],[101.48696762417697,3.578639773968363],[101.48748583256751,3.5813885157510446],[101.48644941578641,3.5813885157510446],[101.48644941578641,3.5809958378618214],[101.48541299900528,3.5809958378618214],[101.48541299900528,3.5813885157510446],[101.48334016544304,3.5813885157510446],[101.48334016544304,3.5817811938042134],[101.48593120739584,3.5817811938042134],[101.48593120739584,3.5821738720213476],[101.48644941578641,3.5821738720213476],[101.48644941578641,3.5837445865299014],[101.48541299900528,3.5841372655671346],[101.48541299900528,3.5857079833569934],[101.48437658222416,3.5857079833569934],[101.48437658222416,3.58610066321478],[101.4838583738336,3.58610066321478],[101.4838583738336,3.5868860234228666],[101.48334016544304,3.5868860234228666],[101.48334016544304,3.587278703773203],[101.48230374866192,3.587278703773203],[101.48230374866192,3.588456745809601],[101.48282195705248,3.588456745809601],[101.48282195705248,3.5888494268169238],[101.48230374866192,3.5888494268169238],[101.48178554027136,3.589634789324468],[101.4812673318808,3.589634789324468],[101.4812673318808,3.5892421079885404],[101.48074912349023,3.5892421079885404],[101.48074912349023,3.590420152489324],[101.4812673318808,3.590420152489324],[101.4812673318808,3.5908128343182897],[101.47867628992799,3.590420152489324],[101.47867628992799,3.5908128343182897],[101.47815808153743,3.5908128343182897],[101.47815808153743,3.591598198469391],[101.47712166475631,3.591598198469391],[101.47712166475631,3.592383563278168],[101.47660345636575,3.592383563278168],[101.47660345636575,3.592776245929232],[101.47712166475631,3.592776245929232],[101.47712166475631,3.593561611724798],[101.47815808153743,3.593561611724798],[101.47815808153743,3.5947396616520213],[101.47919449831856,3.5947396616520213],[101.47867628992799,3.5970957659502054],[101.47919449831856,3.5970957659502054],[101.47919449831856,3.59631039719231],[101.48023091509967,3.5967030814889296],[101.48023091509967,3.598273820322148],[101.47867628992799,3.5990591907270537],[101.47867628992799,3.600629933514185],[101.47919449831856,3.600629933514185],[101.47919449831856,3.5994518761766443],[101.48023091509967,3.5990591907270537],[101.48023091509967,3.5994518761766443],[101.48074912349023,3.5994518761766443],[101.48023091509967,3.6002372475701923],[101.4812673318808,3.600629933514185],[101.4812673318808,3.602593365707074],[101.48178554027136,3.602593365707074],[101.48230374866192,3.6033787397385963],[101.48334016544304,3.6033787397385963]],[[101.4931861248637,3.5707862702279947],[101.49214970808258,3.5707862702279947],[101.49214970808258,3.5696082503097477],[101.4931861248637,3.570000923452403],[101.4931861248637,3.5707862702279947]]],[[[101.48023091509967,3.5892421079885404],[101.48074912349023,3.5892421079885404],[101.48074912349023,3.588456745809601],[101.47971270670911,3.588456745809601],[101.48023091509967,3.5892421079885404]]],[[[101.4812673318808,3.602593365707074],[101.48074912349023,3.602593365707074],[101.48074912349023,3.602986052640361],[101.4812673318808,3.602986052640361],[101.4812673318808,3.602593365707074]]]]},"properties":{"place_id":"54acacf3-2b3a-5fed-abc5-30b4676ba727","habitat":"permanent_water","habitat_label":"Permanent water","resolution_m":50}},{"type":"Feature","geometry":{"type":"MultiPolygon","coordinates":[[[[101.47660345636575,3.5613621520319305],[101.47660345636575,3.560969482479929],[101.47556703958462,3.5605768130909303],[101.47556703958462,3.5613621520319305],[101.47660345636575,3.5613621520319305]]],[[[101.47971270670911,3.5613621520319305],[101.48023091509967,3.5613621520319305],[101.48023091509967,3.560969482479929],[101.47971270670911,3.560969482479929],[101.47971270670911,3.5613621520319305]]],[[[101.47763987314687,3.5621474916250135],[101.47867628992799,3.5621474916250135],[101.47867628992799,3.561754821746952],[101.47815808153743,3.561754821746952],[101.47815808153743,3.5613621520319305],[101.47712166475631,3.5613621520319305],[101.47763987314687,3.5621474916250135]]],[[[101.47401241441295,3.5621474916250135],[101.47401241441295,3.562932831870325],[101.47453062280351,3.562932831870325],[101.47453062280351,3.5621474916250135],[101.47401241441295,3.5621474916250135]]],[[[101.47919449831856,3.562932831870325],[101.47971270670911,3.562932831870325],[101.47971270670911,3.5621474916250135],[101.47919449831856,3.5621474916250135],[101.47919449831856,3.562932831870325]]],[[[101.47504883119406,3.5645035143182167],[101.47608524797519,3.5645035143182167],[101.47608524797519,3.5641108434615396],[101.47504883119406,3.5641108434615396],[101.47504883119406,3.5645035143182167]]],[[[101.47763987314687,3.565288856521087],[101.47763987314687,3.56489618533806],[101.47815808153743,3.56489618533806],[101.47815808153743,3.5641108434615396],[101.47712166475631,3.5641108434615396],[101.47712166475631,3.5637181727680116],[101.47660345636575,3.5637181727680116],[101.47660345636575,3.5645035143182167],[101.47608524797519,3.5645035143182167],[101.47660345636575,3.5664668710494563],[101.47815808153743,3.5656815278673166],[101.47815808153743,3.565288856521087],[101.47763987314687,3.565288856521087]]],[[[101.48074912349023,3.5715716176574115],[101.48178554027136,3.5715716176574115],[101.48178554027136,3.5711789438609656],[101.4838583738336,3.5711789438609656],[101.4838583738336,3.5707862702279947],[101.48282195705248,3.5703935967584792],[101.48282195705248,3.5696082503097477],[101.4812673318808,3.5696082503097477],[101.4812673318808,3.5692155773304934],[101.48074912349023,3.5692155773304934],[101.48074912349023,3.5688229045146236],[101.4812673318808,3.5688229045146236],[101.4812673318808,3.5684302318621213],[101.48074912349023,3.5684302318621213],[101.48074912349023,3.568037559372965],[101.4812673318808,3.568037559372965],[101.4812673318808,3.5668595428854033],[101.48074912349023,3.5668595428854033],[101.4812673318808,3.56489618533806],[101.48074912349023,3.56489618533806],[101.48074912349023,3.5645035143182167],[101.48178554027136,3.5645035143182167],[101.48178554027136,3.5637181727680116],[101.48074912349023,3.5637181727680116],[101.48074912349023,3.5633255022376122],[101.4812673318808,3.5633255022376122],[101.4812673318808,3.562932831870325],[101.48230374866192,3.562932831870325],[101.48230374866192,3.5613621520319305],[101.48178554027136,3.5613621520319305],[101.48178554027136,3.5621474916250135],[101.48023091509967,3.5621474916250135],[101.48074912349023,3.562932831870325],[101.47971270670911,3.562932831870325],[101.47971270670911,3.5633255022376122],[101.47763987314687,3.5633255022376122],[101.47763987314687,3.5637181727680116],[101.47867628992799,3.5637181727680116],[101.47867628992799,3.5641108434615396],[101.48023091509967,3.5641108434615396],[101.48023091509967,3.5668595428854033],[101.47919449831856,3.5664668710494563],[101.47919449831856,3.567644887047139],[101.47971270670911,3.567644887047139],[101.47919449831856,3.5684302318621213],[101.48023091509967,3.5684302318621213],[101.48023091509967,3.570000923452403],[101.47919449831856,3.570000923452403],[101.47971270670911,3.5719642916173515],[101.47867628992799,3.572356965740802],[101.47919449831856,3.574320338811361],[101.47971270670911,3.574320338811361],[101.47971270670911,3.575498364616993],[101.48023091509967,3.575498364616993],[101.48023091509967,3.574320338811361],[101.48074912349023,3.574320338811361],[101.48074912349023,3.573142314478311],[101.48023091509967,3.573142314478311],[101.48023091509967,3.5727496400277823],[101.48074912349023,3.5727496400277823],[101.48074912349023,3.5715716176574115]],[[101.47971270670911,3.5707862702279947],[101.47971270670911,3.5703935967584792],[101.48023091509967,3.5703935967584792],[101.48023091509967,3.5707862702279947],[101.47971270670911,3.5707862702279947]]],[[[101.47815808153743,3.5692155773304934],[101.47867628992799,3.5692155773304934],[101.47867628992799,3.5688229045146236],[101.47815808153743,3.5688229045146236],[101.47815808153743,3.5692155773304934]]],[[[101.47867628992799,3.5692155773304934],[101.47867628992799,3.5696082503097477],[101.47919449831856,3.5696082503097477],[101.47919449831856,3.5692155773304934],[101.47867628992799,3.5692155773304934]]],[[[101.47763987314687,3.570000923452403],[101.47815808153743,3.570000923452403],[101.47815808153743,3.5696082503097477],[101.47712166475631,3.5696082503097477],[101.47712166475631,3.5703935967584792],[101.47608524797519,3.5707862702279947],[101.47608524797519,3.5715716176574115],[101.47712166475631,3.5715716176574115],[101.47712166475631,3.5711789438609656],[101.47815808153743,3.5715716176574115],[101.47763987314687,3.570000923452403]]],[[[101.47763987314687,3.573142314478311],[101.47815808153743,3.573142314478311],[101.47815808153743,3.5727496400277823],[101.47763987314687,3.5727496400277823],[101.47763987314687,3.573142314478311]]],[[[101.48023091509967,3.5888494268169238],[101.48023091509967,3.5892421079885404],[101.48074912349023,3.5892421079885404],[101.48074912349023,3.5888494268169238],[101.48023091509967,3.5888494268169238]]],[[[101.48074912349023,3.590027470824721],[101.48209654229657,3.590027470824721],[101.48231828858536,3.589634789324468],[101.48074912349023,3.589634789324468],[101.48074912349023,3.590027470824721]]],[[[101.47142137246014,3.59120551631164],[101.47297599763182,3.59120551631164],[101.47297599763182,3.5908128343182897],[101.47193958085072,3.590420152489324],[101.47142137246014,3.59120551631164]]],[[[101.47297599763182,3.59120551631164],[101.47297599763182,3.591598198469391],[101.47349420602238,3.591598198469391],[101.47349420602238,3.59120551631164],[101.47297599763182,3.59120551631164]]],[[[101.47712166475631,3.592383563278168],[101.47867628992799,3.592383563278168],[101.47919449831856,3.591598198469391],[101.47763987314687,3.591598198469391],[101.47712166475631,3.592383563278168]]],[[[101.4693485388979,3.592383563278168],[101.47038495567901,3.592383563278168],[101.47038495567901,3.5919908807915615],[101.4693485388979,3.5919908807915615],[101.4693485388979,3.592383563278168]]],[[[101.47608524797519,3.592776245929232],[101.47608524797519,3.59316892874477],[101.47660345636575,3.59316892874477],[101.47660345636575,3.592776245929232],[101.47608524797519,3.592776245929232]]],[[[101.47815808153743,3.5951323452902018],[101.47867628992799,3.5951323452902018],[101.47867628992799,3.5947396616520213],[101.47815808153743,3.5947396616520213],[101.47815808153743,3.5951323452902018]]],[[[101.47815808153743,3.5951323452902018],[101.47763987314687,3.5951323452902018],[101.47763987314687,3.595525029092965],[101.47815808153743,3.595525029092965],[101.47815808153743,3.5951323452902018]]],[[[101.47919449831856,3.5998445617910173],[101.47971270670911,3.5998445617910173],[101.47971270670911,3.5990591907270537],[101.47919449831856,3.5990591907270537],[101.47919449831856,3.5998445617910173]]],[[[101.48023091509967,3.5998445617910173],[101.48074912349023,3.5998445617910173],[101.48068652232422,3.5990591907270537],[101.48023091509967,3.5990591907270537],[101.48023091509967,3.5998445617910173]]],[[[101.47815808153743,3.601022619623016],[101.47815808153743,3.600629933514185],[101.47763987314687,3.600629933514185],[101.47763987314687,3.601022619623016],[101.47815808153743,3.601022619623016]]],[[[101.47815808153743,3.601022619623016],[101.47815808153743,3.601415305896701],[101.47867628992799,3.601415305896701],[101.47867628992799,3.601022619623016],[101.47815808153743,3.601022619623016]]],[[[101.47608524797519,3.60180799233526],[101.47608524797519,3.602200678938711],[101.47660345636575,3.602200678938711],[101.47660345636575,3.60180799233526],[101.47608524797519,3.60180799233526]]],[[[101.48593120739584,3.5527234595135697],[101.48644941578641,3.5527234595135697],[101.48644941578641,3.552330793543434],[101.48593120739584,3.552330793543434],[101.48593120739584,3.5527234595135697]]],[[[101.48282195705248,3.560184143864917],[101.48334016544304,3.560184143864917],[101.48334016544304,3.5590061371646007],[101.48282195705248,3.5590061371646007],[101.48282195705248,3.560184143864917]]],[[[101.48230374866192,3.560969482479929],[101.48230374866192,3.5613621520319305],[101.48282195705248,3.5613621520319305],[101.48334016544304,3.5605768130909303],[101.48178554027136,3.5605768130909303],[101.48178554027136,3.560969482479929],[101.48230374866192,3.560969482479929]]],[[[101.48282195705248,3.568037559372965],[101.48178554027136,3.568037559372965],[101.48178554027136,3.5684302318621213],[101.48230374866192,3.5684302318621213],[101.48230374866192,3.5692155773304934],[101.48282195705248,3.5692155773304934],[101.48282195705248,3.568037559372965]]],[[[101.48489479061472,3.5707862702279947],[101.48541299900528,3.5707862702279947],[101.48541299900528,3.5696082503097477],[101.48489479061472,3.5696082503097477],[101.48489479061472,3.5707862702279947]]],[[[101.48230374866192,3.5715716176574115],[101.48230374866192,3.572356965740802],[101.48334016544304,3.572356965740802],[101.48334016544304,3.5715716176574115],[101.48230374866192,3.5715716176574115]]],[[[101.48437658222416,3.5727496400277823],[101.48489479061472,3.5727496400277823],[101.48489479061472,3.572356965740802],[101.48437658222416,3.572356965740802],[101.48437658222416,3.5727496400277823]]],[[[101.4812673318808,3.573142314478311],[101.48230374866192,3.573142314478311],[101.48230374866192,3.5727496400277823],[101.4812673318808,3.5727496400277823],[101.4812673318808,3.573142314478311]]],[[[101.4838583738336,3.573142314478311],[101.4838583738336,3.573534989092404],[101.48437658222416,3.573534989092404],[101.48437658222416,3.573142314478311],[101.4838583738336,3.573142314478311]]],[[[101.48541299900528,3.5739276638700814],[101.48593120739584,3.5739276638700814],[101.48593120739584,3.573534989092404],[101.48541299900528,3.573534989092404],[101.48541299900528,3.5739276638700814]]],[[[101.48230374866192,3.5758910402128614],[101.48282195705248,3.5758910402128614],[101.48282195705248,3.575498364616993],[101.48230374866192,3.575498364616993],[101.48230374866192,3.5758910402128614]]],[[[101.48489479061472,3.575498364616993],[101.48489479061472,3.5758910402128614],[101.48541299900528,3.5758910402128614],[101.48541299900528,3.575498364616993],[101.48489479061472,3.575498364616993]]],[[[101.4838583738336,3.576676391895697],[101.48437658222416,3.576676391895697],[101.48437658222416,3.5758910402128614],[101.48334016544304,3.5758910402128614],[101.48334016544304,3.577069067982699],[101.4838583738336,3.577069067982699],[101.4838583738336,3.576676391895697]]],[[[101.4812673318808,3.5774617442334486],[101.48230374866192,3.5774617442334486],[101.48230374866192,3.5778544206479643],[101.48334016544304,3.5778544206479643],[101.48334016544304,3.577069067982699],[101.4812673318808,3.577069067982699],[101.4812673318808,3.5774617442334486]]],[[[101.48541299900528,3.5778544206479643],[101.48541299900528,3.5774617442334486],[101.48437658222416,3.577069067982699],[101.48437658222416,3.5778544206479643],[101.48541299900528,3.5778544206479643]]],[[[101.48334016544304,3.5817811938042134],[101.48489479061472,3.5817811938042134],[101.48489479061472,3.5813885157510446],[101.48334016544304,3.5813885157510446],[101.48334016544304,3.5817811938042134]]],[[[101.48541299900528,3.5817811938042134],[101.48644941578641,3.5817811938042134],[101.48644941578641,3.5813885157510446],[101.48541299900528,3.5813885157510446],[101.48541299900528,3.5817811938042134]]],[[[101.48593120739584,3.5837445865299014],[101.48593120739584,3.5849226241338434],[101.48610827320398,3.5849226241338434],[101.48696762417697,3.5833519076567253],[101.48593120739584,3.5837445865299014]]],[[[101.48489479061472,3.58610066321478],[101.48489479061472,3.5857079833569934],[101.48437658222416,3.5857079833569934],[101.48437658222416,3.58610066321478],[101.48489479061472,3.58610066321478]]],[[[101.48593120739584,3.585315303663354],[101.48593120739584,3.5857079833569934],[101.48541299900528,3.5857079833569934],[101.48541299900528,3.58610066321478],[101.48489479061472,3.58610066321478],[101.48489479061472,3.5864933432367305],[101.48593120739584,3.5864933432367305],[101.48593120739584,3.58610066321478],[101.48644941578641,3.58610066321478],[101.48644941578641,3.5866399244157336],[101.48660459999999,3.58633709604751],[101.48643159999999,3.5855312960483867],[101.48593120739584,3.585315303663354]]],[[[101.48334016544304,3.587278703773203],[101.4837913265436,3.587278703773203],[101.4839965,3.586694196047136],[101.48489479061472,3.5864933432367305],[101.4838583738336,3.5864933432367305],[101.48334016544304,3.587278703773203]]],[[[101.48541299900528,3.5868860234228666],[101.4858603,3.58716149604663],[101.48629091146015,3.5868860234228666],[101.48541299900528,3.5868860234228666]]],[[[101.48334016544304,3.5884046655424484],[101.4834943,3.5881974960455256],[101.48356114580491,3.5880640649665523],[101.48334016544304,3.5880640649665523],[101.48334016544304,3.5884046655424484]]],[[[101.48230374866192,3.5888494268169238],[101.48282195705248,3.5888494268169238],[101.48282195705248,3.588456745809601],[101.48230374866192,3.588456745809601],[101.48230374866192,3.5888494268169238]]],[[[101.48178554027136,3.602593365707074],[101.48178554027136,3.602986052640361],[101.48230374866192,3.602986052640361],[101.48230374866192,3.602593365707074],[101.48178554027136,3.602593365707074]]],[[[101.48334016544304,3.602986052640361],[101.4834266611484,3.602986052640361],[101.48334016544304,3.6028948000127117],[101.48334016544304,3.602986052640361]]],[[[101.48696762417697,3.551938127735901],[101.48748583256751,3.551938127735901],[101.48748583256751,3.5515454620909535],[101.48696762417697,3.5515454620909535],[101.48696762417697,3.551938127735901]]],[[[101.48644941578641,3.551938127735901],[101.48644941578641,3.552330793543434],[101.48696762417697,3.552330793543434],[101.48696762417697,3.551938127735901],[101.48644941578641,3.551938127735901]]],[[[101.48852224934865,3.552330793543434],[101.48904045773921,3.552330793543434],[101.48904045773921,3.551938127735901],[101.48852224934865,3.551938127735901],[101.48852224934865,3.552330793543434]]],[[[101.49007687452033,3.553508791941724],[101.49059508291089,3.553508791941724],[101.49059508291089,3.5527234595135697],[101.49007687452033,3.5527234595135697],[101.49007687452033,3.553508791941724]]],[[[101.49059508291089,3.557435463844862],[101.49059508291089,3.557828131930493],[101.49111329130146,3.557828131930493],[101.49111329130146,3.557435463844862],[101.49059508291089,3.557435463844862]]],[[[101.48800404095809,3.5605768130909303],[101.48852224934865,3.5605768130909303],[101.48852224934865,3.559791474801869],[101.48800404095809,3.559791474801869],[101.48800404095809,3.5605768130909303]]],[[[101.48748583256751,3.5613621520319305],[101.48800404095809,3.5613621520319305],[101.48852224934865,3.5621474916250135],[101.48955866612977,3.5621474916250135],[101.48852224934865,3.560969482479929],[101.48748583256751,3.560969482479929],[101.48748583256751,3.5613621520319305]]],[[[101.49059508291089,3.562932831870325],[101.49111329130146,3.562932831870325],[101.49111329130146,3.5625401616661323],[101.49007687452033,3.5621474916250135],[101.49007687452033,3.5633255022376122],[101.49059508291089,3.5633255022376122],[101.49059508291089,3.562932831870325]]],[[[101.491631499692,3.562932831870325],[101.49111329130146,3.562932831870325],[101.49059508291089,3.5637181727680116],[101.491631499692,3.5637181727680116],[101.491631499692,3.562932831870325]]],[[[101.48748583256751,3.5637181727680116],[101.48852224934865,3.5641108434615396],[101.48852224934865,3.56489618533806],[101.48904045773921,3.56489618533806],[101.48904045773921,3.5641108434615396],[101.49059508291089,3.5641108434615396],[101.49007687452033,3.5633255022376122],[101.48955866612977,3.5633255022376122],[101.48955866612977,3.5637181727680116],[101.48748583256751,3.5633255022376122],[101.48748583256751,3.5637181727680116]]],[[[101.49007687452033,3.5668595428854033],[101.49007687452033,3.567252214884625],[101.49059508291089,3.567252214884625],[101.49059508291089,3.5668595428854033],[101.49007687452033,3.5668595428854033]]],[[[101.49111329130146,3.567644887047139],[101.491631499692,3.567644887047139],[101.491631499692,3.567252214884625],[101.49111329130146,3.567252214884625],[101.49111329130146,3.567644887047139]]],[[[101.49007687452033,3.568037559372965],[101.49059508291089,3.568037559372965],[101.49059508291089,3.567644887047139],[101.49007687452033,3.567644887047139],[101.49007687452033,3.568037559372965]]],[[[101.49059508291089,3.5703935967584792],[101.49059508291089,3.5707862702279947],[101.49111329130146,3.5707862702279947],[101.49111329130146,3.5703935967584792],[101.49059508291089,3.5703935967584792]]],[[[101.48748583256751,3.5719642916173515],[101.48800404095809,3.5719642916173515],[101.48800404095809,3.5715716176574115],[101.48748583256751,3.5715716176574115],[101.48748583256751,3.5719642916173515]]],[[[101.48800404095809,3.573534989092404],[101.48852224934865,3.573534989092404],[101.48852224934865,3.573142314478311],[101.48800404095809,3.573142314478311],[101.48800404095809,3.573534989092404]]],[[[101.49059508291089,3.5727496400277823],[101.49059508291089,3.573142314478311],[101.48955866612977,3.573534989092404],[101.49007687452033,3.574320338811361],[101.49108803993356,3.574320338811361],[101.49111329130146,3.573534989092404],[101.491631499692,3.573534989092404],[101.491631499692,3.5727496400277823],[101.49059508291089,3.5727496400277823]]],[[[101.48800404095809,3.574320338811361],[101.48800404095809,3.5739276638700814],[101.48748583256751,3.5739276638700814],[101.48748583256751,3.574320338811361],[101.48800404095809,3.574320338811361]]],[[[101.48904045773921,3.57471301391626],[101.48904045773921,3.5751056891847983],[101.48955866612977,3.5751056891847983],[101.48955866612977,3.574320338811361],[101.48800404095809,3.574320338811361],[101.48800404095809,3.57471301391626],[101.48904045773921,3.57471301391626]]],[[[101.48852224934865,3.576676391895697],[101.48904045773921,3.576676391895697],[101.48904045773921,3.5758910402128614],[101.48852224934865,3.5758910402128614],[101.48852224934865,3.576676391895697]]],[[[101.48644941578641,3.5774617442334486],[101.48696762417697,3.5774617442334486],[101.48696762417697,3.577069067982699],[101.48593120739584,3.577069067982699],[101.48593120739584,3.5778544206479643],[101.48644941578641,3.5778544206479643],[101.48644941578641,3.5774617442334486]]],[[[101.48748583256751,3.5782470972262628],[101.48800404095809,3.5782470972262628],[101.48800404095809,3.5778544206479643],[101.48748583256751,3.5778544206479643],[101.48748583256751,3.5782470972262628]]],[[[101.48831824798827,3.580603160136529],[101.48800404095809,3.5794251279440426],[101.48748583256751,3.5794251279440426],[101.48748583256751,3.580603160136529],[101.48831824798827,3.580603160136529]]],[[[101.48748583256751,3.5813885157510446],[101.48800404095809,3.5813885157510446],[101.48800404095809,3.5809958378618214],[101.48748583256751,3.5809958378618214],[101.48748583256751,3.5813885157510446]]],[[[101.48593120739584,3.5825665504024657],[101.48782584074786,3.5825665504024657],[101.48830201580827,3.5813885157510446],[101.48748583256751,3.5817811938042134],[101.48748583256751,3.5821738720213476],[101.48593120739584,3.5821738720213476],[101.48593120739584,3.5825665504024657]]],[[[101.48696762417697,3.5833519076567253],[101.48739545385642,3.5833519076567253],[101.487614694776,3.582959228947585],[101.48696762417697,3.582959228947585],[101.48696762417697,3.5833519076567253]]],[[[101.49214970808258,3.5515454620909535],[101.49214970808258,3.551938127735901],[101.49266791647312,3.551938127735901],[101.49266791647312,3.5515454620909535],[101.49214970808258,3.5515454620909535]]],[[[101.49733179198817,3.552330793543434],[101.4983682087693,3.552330793543434],[101.4983682087693,3.5515454620909535],[101.49888641715985,3.551316134550294],[101.49785000037873,3.551331331605105],[101.49733179198817,3.552330793543434]]],[[[101.49888641715985,3.554294125020509],[101.49992283394097,3.553901458399778],[101.49992283394097,3.5527234595135697],[101.49940462555043,3.5527234595135697],[101.49888641715985,3.554294125020509]]],[[[101.49733179198817,3.554686791803934],[101.4983682087693,3.554686791803934],[101.4983682087693,3.554294125020509],[101.49733179198817,3.554294125020509],[101.49733179198817,3.554686791803934]]],[[[101.4983682087693,3.5550794587500696],[101.49940462555043,3.5550794587500696],[101.49940462555043,3.554686791803934],[101.4983682087693,3.554686791803934],[101.4983682087693,3.5550794587500696]]],[[[101.49214970808258,3.5566501281621017],[101.49266791647312,3.5566501281621017],[101.49266791647312,3.5562574605649333],[101.49214970808258,3.5562574605649333],[101.49214970808258,3.5566501281621017]]],[[[101.4983682087693,3.557828131930493],[101.49888641715985,3.557828131930493],[101.49888641715985,3.557435463844862],[101.4983682087693,3.557435463844862],[101.4983682087693,3.557828131930493]]],[[[101.4983682087693,3.557828131930493],[101.49785000037873,3.557828131930493],[101.49785000037873,3.55822080017898],[101.4983682087693,3.55822080017898],[101.4983682087693,3.557828131930493]]],[[[101.491631499692,3.55939880590177],[101.4931861248637,3.55939880590177],[101.4931861248637,3.5590061371646007],[101.49214970808258,3.5590061371646007],[101.49214970808258,3.5586134685903437],[101.49266791647312,3.5586134685903437],[101.49266791647312,3.557042795922071],[101.49214970808258,3.557042795922071],[101.49214970808258,3.557828131930493],[101.49111329130146,3.557828131930493],[101.49111329130146,3.5590061371646007],[101.491631499692,3.5590061371646007],[101.491631499692,3.55939880590177]],[[101.491631499692,3.5586134685903437],[101.491631499692,3.55822080017898],[101.49214970808258,3.55822080017898],[101.49214970808258,3.5586134685903437],[101.491631499692,3.5586134685903437]]],[[[101.49370433325426,3.560969482479929],[101.49474075003538,3.560969482479929],[101.49474075003538,3.5605768130909303],[101.49370433325426,3.5605768130909303],[101.49370433325426,3.560969482479929]]],[[[101.49992283394097,3.5605768130909303],[101.49992283394097,3.560969482479929],[101.50044104233154,3.560969482479929],[101.50044104233154,3.5605768130909303],[101.49992283394097,3.5605768130909303]]],[[[101.49266791647312,3.5633255022376122],[101.49266791647312,3.5625401616661323],[101.491631499692,3.5621474916250135],[101.491631499692,3.562932831870325],[101.49214970808258,3.562932831870325],[101.49214970808258,3.5633255022376122],[101.49266791647312,3.5633255022376122]]],[[[101.49266791647312,3.5633255022376122],[101.49266791647312,3.5637181727680116],[101.4931861248637,3.5637181727680116],[101.4931861248637,3.5633255022376122],[101.49266791647312,3.5633255022376122]]],[[[101.49785000037873,3.5641108434615396],[101.49785000037873,3.5645035143182167],[101.4983682087693,3.5645035143182167],[101.4983682087693,3.5641108434615396],[101.49785000037873,3.5641108434615396]]],[[[101.49785000037873,3.566074199376768],[101.4983682087693,3.566074199376768],[101.4983682087693,3.5656815278673166],[101.49785000037873,3.5656815278673166],[101.49785000037873,3.566074199376768]]],[[[101.491631499692,3.5668595428854033],[101.49266791647312,3.5668595428854033],[101.49266791647312,3.5664668710494563],[101.491631499692,3.5664668710494563],[101.491631499692,3.5668595428854033]]],[[[101.4931861248637,3.5664668710494563],[101.4931861248637,3.5668595428854033],[101.49370433325426,3.5668595428854033],[101.49370433325426,3.5664668710494563],[101.4931861248637,3.5664668710494563]]],[[[101.49422254164482,3.5688229045146236],[101.49474075003538,3.5688229045146236],[101.49474075003538,3.5684302318621213],[101.49422254164482,3.5684302318621213],[101.49422254164482,3.5688229045146236]]],[[[101.49266791647312,3.570000923452403],[101.4931861248637,3.570000923452403],[101.4931861248637,3.5696082503097477],[101.49266791647312,3.5696082503097477],[101.49266791647312,3.570000923452403]]],[[[101.49214970808258,3.5711789438609656],[101.49266791647312,3.5711789438609656],[101.49266791647312,3.5707862702279947],[101.49214970808258,3.5707862702279947],[101.49214970808258,3.5711789438609656]]],[[[101.49214970808258,3.5711789438609656],[101.49111329130146,3.5711789438609656],[101.49111329130146,3.5715716176574115],[101.49214970808258,3.5715716176574115],[101.49214970808258,3.5711789438609656]]],[[[101.49214970808258,3.5731525265532023],[101.49217170547772,3.573142314478311],[101.49214970808258,3.573142314478311],[101.49214970808258,3.5731525265532023]]],[[[101.49474075003538,3.573142314478311],[101.49525895842594,3.573415759076629],[101.49525895842594,3.573142314478311],[101.49474075003538,3.573142314478311]]]]},"properties":{"place_id":"54acacf3-2b3a-5fed-abc5-30b4676ba727","habitat":"seasonal_water_wetland","habitat_label":"Seasonal water or wetland","resolution_m":50}},{"type":"Feature","geometry":{"type":"MultiPolygon","coordinates":[[[[101.49111329130146,3.553901458399778],[101.49111329130146,3.553508791941724],[101.491631499692,3.553508791941724],[101.491631499692,3.5527234595135697],[101.49266791647312,3.5527234595135697],[101.49370433325426,3.5515454620909535],[101.491631499692,3.551422513939075],[101.49266791647312,3.5515454620909535],[101.49266791647312,3.551938127735901],[101.49059508291089,3.552330793543434],[101.49059508291089,3.553508791941724],[101.49007687452033,3.553508791941724],[101.49007687452033,3.552330793543434],[101.48852224934865,3.552330793543434],[101.48852224934865,3.5527234595135697],[101.48800404095809,3.5527234595135697],[101.48800404095809,3.551938127735901],[101.48696762417697,3.551938127735901],[101.48696762417697,3.552330793543434],[101.48593120739584,3.5527234595135697],[101.48593120739584,3.551938127735901],[101.48644941578641,3.551938127735901],[101.48644941578641,3.551498499224081],[101.48541299900528,3.5515136962818126],[101.48541299900528,3.551938127735901],[101.48489479061472,3.551938127735901],[101.48489479061472,3.5527234595135697],[101.48541299900528,3.5527234595135697],[101.48593120739584,3.553508791941724],[101.48748583256751,3.5527234595135697],[101.48800404095809,3.553508791941724],[101.48904045773921,3.553116125646327],[101.49007687452033,3.554294125020509],[101.49111329130146,3.553901458399778]]],[[[101.49266791647312,3.5696082503097477],[101.49214970808258,3.5696082503097477],[101.49214970808258,3.5707862702279947],[101.4931861248637,3.5707862702279947],[101.4931861248637,3.570000923452403],[101.49266791647312,3.570000923452403],[101.49266791647312,3.5696082503097477]]],[[[101.48334016544304,3.568037559372965],[101.48334016544304,3.567644887047139],[101.48230374866192,3.567252214884625],[101.48230374866192,3.5645035143182167],[101.48282195705248,3.5645035143182167],[101.48282195705248,3.562932831870325],[101.4838583738336,3.5625401616661323],[101.48334016544304,3.561754821746952],[101.4838583738336,3.561754821746952],[101.4838583738336,3.560969482479929],[101.48437658222416,3.560969482479929],[101.48437658222416,3.5586134685903437],[101.4838583738336,3.5586134685903437],[101.48334016544304,3.557828131930493],[101.48178554027136,3.5586134685903437],[101.48178554027136,3.560184143864917],[101.4812673318808,3.560184143864917],[101.4812673318808,3.5605768130909303],[101.48074912349023,3.5605768130909303],[101.48023091509967,3.559791474801869],[101.47971270670911,3.559791474801869],[101.47919449831856,3.5605768130909303],[101.47815808153743,3.5605768130909303],[101.47815808153743,3.560184143864917],[101.47608524797519,3.560184143864917],[101.47608524797519,3.559791474801869],[101.47556703958462,3.559791474801869],[101.47453062280351,3.560969482479929],[101.47349420602238,3.560969482479929],[101.47349420602238,3.5613621520319305],[101.47245778924126,3.561754821746952],[101.47245778924126,3.5621474916250135],[101.47297599763182,3.5621474916250135],[101.47297599763182,3.562932831870325],[101.47401241441295,3.5633255022376122],[101.47401241441295,3.5641108434615396],[101.47349420602238,3.5641108434615396],[101.47349420602238,3.5645035143182167],[101.47453062280351,3.56489618533806],[101.47453062280351,3.5656815278673166],[101.47504883119406,3.5656815278673166],[101.47660345636575,3.567252214884625],[101.47712166475631,3.567252214884625],[101.47712166475631,3.5668595428854033],[101.47815808153743,3.5668595428854033],[101.47815808153743,3.5684302318621213],[101.47763987314687,3.5684302318621213],[101.47763987314687,3.5688229045146236],[101.47712166475631,3.5688229045146236],[101.47712166475631,3.5692155773304934],[101.47504883119406,3.5703935967584792],[101.47504883119406,3.5715716176574115],[101.47556703958462,3.5715716176574115],[101.47608524797519,3.572356965740802],[101.47712166475631,3.572356965740802],[101.47660345636575,3.573142314478311],[101.47867628992799,3.574320338811361],[101.47867628992799,3.575498364616993],[101.47919449831856,3.575498364616993],[101.47971270670911,3.576283715972424],[101.48023091509967,3.576283715972424],[101.48074912349023,3.575498364616993],[101.48178554027136,3.5758910402128614],[101.48178554027136,3.576283715972424],[101.48023091509967,3.577069067982699],[101.48178554027136,3.578639773968363],[101.48282195705248,3.578639773968363],[101.48282195705248,3.5790324508742835],[101.48334016544304,3.5790324508742835],[101.48334016544304,3.578639773968363],[101.48437658222416,3.578639773968363],[101.48437658222416,3.5790324508742835],[101.48489479061472,3.5790324508742835],[101.48489479061472,3.578639773968363],[101.48593120739584,3.578639773968363],[101.48593120739584,3.5798178051776577],[101.48644941578641,3.5798178051776577],[101.48644941578641,3.580210482575147],[101.48541299900528,3.580210482575147],[101.48541299900528,3.580603160136529],[101.48334016544304,3.580603160136529],[101.48334016544304,3.5809958378618214],[101.48230374866192,3.5813885157510446],[101.48334016544304,3.5825665504024657],[101.48541299900528,3.5825665504024657],[101.48541299900528,3.5837445865299014],[101.48437658222416,3.5841372655671346],[101.48437658222416,3.585315303663354],[101.4838583738336,3.585315303663354],[101.4838583738336,3.5857079833569934],[101.48334016544304,3.5857079833569934],[101.48334016544304,3.58610066321478],[101.4812673318808,3.587278703773203],[101.4812673318808,3.5880640649665523],[101.48074912349023,3.5880640649665523],[101.48074912349023,3.5876713842877583],[101.47971270670911,3.5876713842877583],[101.47971270670911,3.5880640649665523],[101.47867628992799,3.588456745809601],[101.47971270670911,3.589634789324468],[101.47867628992799,3.589634789324468],[101.47867628992799,3.590027470824721],[101.47815808153743,3.590027470824721],[101.47660345636575,3.591598198469391],[101.47556703958462,3.591598198469391],[101.47556703958462,3.5919908807915615],[101.47453062280351,3.592383563278168],[101.47608524797519,3.5939542948693393],[101.47712166475631,3.5939542948693393],[101.47712166475631,3.5947396616520213],[101.47660345636575,3.5947396616520213],[101.47608524797519,3.59631039719231],[101.47919449831856,3.597881135366796],[101.47919449831856,3.598273820322148],[101.47763987314687,3.5990591907270537],[101.47763987314687,3.6002372475701923],[101.47712166475631,3.6002372475701923],[101.47660345636575,3.601022619623016],[101.47867628992799,3.602200678938711],[101.47867628992799,3.60180799233526],[101.47971270670911,3.601415305896701],[101.47971270670911,3.600629933514185],[101.48023091509967,3.600629933514185],[101.48023091509967,3.602593365707074],[101.47971270670911,3.602593365707074],[101.47971270670911,3.602986052640361],[101.48023091509967,3.602986052640361],[101.48074912349023,3.6037714270017975],[101.4812673318808,3.6037714270017975],[101.4812673318808,3.6033787397385963],[101.48230374866192,3.6037714270017975],[101.4812673318808,3.604949489781365],[101.47971270670911,3.604949489781365],[101.47971270670911,3.605342177704603],[101.47867628992799,3.605342177704603],[101.47867628992799,3.605715323470188],[101.48178554027136,3.60512791573971],[101.48230374866192,3.604556802023162],[101.48334016544304,3.604556802023162],[101.48334016544304,3.6033787397385963],[101.48230374866192,3.6033787397385963],[101.48230374866192,3.602986052640361],[101.4812673318808,3.602593365707074],[101.4812673318808,3.600629933514185],[101.48023091509967,3.6002372475701923],[101.48023091509967,3.5990591907270537],[101.47971270670911,3.5990591907270537],[101.47971270670911,3.5998445617910173],[101.47919449831856,3.5998445617910173],[101.47919449831856,3.600629933514185],[101.47867628992799,3.600629933514185],[101.47867628992799,3.5990591907270537],[101.48023091509967,3.598273820322148],[101.48023091509967,3.5967030814889296],[101.47919449831856,3.59631039719231],[101.47919449831856,3.5970957659502054],[101.47867628992799,3.5970957659502054],[101.47919449831856,3.5947396616520213],[101.47867628992799,3.5947396616520213],[101.47867628992799,3.5951323452902018],[101.47815808153743,3.5951323452902018],[101.47815808153743,3.595917713060327],[101.47712166475631,3.59631039719231],[101.47712166475631,3.595525029092965],[101.47763987314687,3.595525029092965],[101.47763987314687,3.5947396616520213],[101.47815808153743,3.5947396616520213],[101.47815808153743,3.593561611724798],[101.47712166475631,3.593561611724798],[101.47712166475631,3.592776245929232],[101.47660345636575,3.592776245929232],[101.47660345636575,3.592383563278168],[101.47712166475631,3.592383563278168],[101.47712166475631,3.591598198469391],[101.47815808153743,3.591598198469391],[101.47815808153743,3.5908128343182897],[101.47867628992799,3.5908128343182897],[101.47867628992799,3.590420152489324],[101.4812673318808,3.5908128343182897],[101.4812673318808,3.590420152489324],[101.48074912349023,3.590420152489324],[101.48074912349023,3.5892421079885404],[101.4812673318808,3.5892421079885404],[101.4812673318808,3.589634789324468],[101.48230374866192,3.5892421079885404],[101.48230374866192,3.587278703773203],[101.48334016544304,3.587278703773203],[101.48334016544304,3.5868860234228666],[101.4838583738336,3.5868860234228666],[101.4838583738336,3.58610066321478],[101.48437658222416,3.58610066321478],[101.48437658222416,3.5857079833569934],[101.48541299900528,3.5857079833569934],[101.48541299900528,3.5841372655671346],[101.48644941578641,3.5837445865299014],[101.48644941578641,3.5825665504024657],[101.48593120739584,3.5825665504024657],[101.48593120739584,3.5817811938042134],[101.48334016544304,3.5817811938042134],[101.48334016544304,3.5813885157510446],[101.48541299900528,3.5813885157510446],[101.48541299900528,3.5809958378618214],[101.48748583256751,3.5813885157510446],[101.48748583256751,3.5798178051776577],[101.48696762417697,3.5798178051776577],[101.48696762417697,3.578639773968363],[101.48644941578641,3.578639773968363],[101.48593120739584,3.5778544206479643],[101.48489479061472,3.5778544206479643],[101.48489479061472,3.5782470972262628],[101.48437658222416,3.5782470972262628],[101.48437658222416,3.577069067982699],[101.4838583738336,3.577069067982699],[101.4838583738336,3.5774617442334486],[101.48334016544304,3.5774617442334486],[101.48334016544304,3.5782470972262628],[101.48282195705248,3.5782470972262628],[101.48282195705248,3.5778544206479643],[101.48178554027136,3.5778544206479643],[101.4812673318808,3.577069067982699],[101.48178554027136,3.577069067982699],[101.48178554027136,3.576676391895697],[101.48230374866192,3.576676391895697],[101.48230374866192,3.577069067982699],[101.48334016544304,3.576676391895697],[101.48334016544304,3.5758910402128614],[101.48230374866192,3.5758910402128614],[101.48230374866192,3.5751056891847983],[101.48334016544304,3.5751056891847983],[101.4838583738336,3.5758910402128614],[101.48437658222416,3.5758910402128614],[101.48437658222416,3.575498364616993],[101.48541299900528,3.575498364616993],[101.48541299900528,3.576676391895697],[101.48593120739584,3.576676391895697],[101.48593120739584,3.577069067982699],[101.48748583256751,3.577069067982699],[101.48748583256751,3.5778544206479643],[101.48852224934865,3.5778544206479643],[101.48852224934865,3.575498364616993],[101.48904045773921,3.575498364616993],[101.48904045773921,3.57471301391626],[101.48696762417697,3.57471301391626],[101.48696762417697,3.574320338811361],[101.48644941578641,3.574320338811361],[101.48644941578641,3.573534989092404],[101.48541299900528,3.5739276638700814],[101.4838583738336,3.572356965740802],[101.48230374866192,3.572356965740802],[101.48230374866192,3.573142314478311],[101.4812673318808,3.573142314478311],[101.4812673318808,3.573534989092404],[101.48074912349023,3.573534989092404],[101.48023091509967,3.575498364616993],[101.47971270670911,3.575498364616993],[101.47971270670911,3.574320338811361],[101.47867628992799,3.5739276638700814],[101.47867628992799,3.573142314478311],[101.47763987314687,3.573142314478311],[101.47763987314687,3.5727496400277823],[101.47919449831856,3.5719642916173515],[101.47919449831856,3.5711789438609656],[101.47815808153743,3.5711789438609656],[101.47815808153743,3.5715716176574115],[101.47608524797519,3.5715716176574115],[101.47608524797519,3.5703935967584792],[101.47660345636575,3.5703935967584792],[101.47712166475631,3.5696082503097477],[101.47815808153743,3.5696082503097477],[101.47815808153743,3.5688229045146236],[101.47867628992799,3.5688229045146236],[101.47919449831856,3.5696082503097477],[101.48023091509967,3.5696082503097477],[101.48023091509967,3.5684302318621213],[101.47919449831856,3.5684302318621213],[101.47919449831856,3.5664668710494563],[101.48023091509967,3.5664668710494563],[101.48023091509967,3.5645035143182167],[101.47971270670911,3.5645035143182167],[101.47971270670911,3.5641108434615396],[101.47867628992799,3.5641108434615396],[101.47867628992799,3.5645035143182167],[101.47815808153743,3.5645035143182167],[101.47815808153743,3.566074199376768],[101.47712166475631,3.566074199376768],[101.47712166475631,3.5664668710494563],[101.47660345636575,3.5664668710494563],[101.47608524797519,3.5645035143182167],[101.47453062280351,3.5645035143182167],[101.47453062280351,3.5641108434615396],[101.47608524797519,3.5641108434615396],[101.47608524797519,3.5637181727680116],[101.47919449831856,3.5633255022376122],[101.47919449831856,3.5621474916250135],[101.47763987314687,3.5621474916250135],[101.47712166475631,3.5613621520319305],[101.47608524797519,3.5613621520319305],[101.47608524797519,3.561754821746952],[101.47504883119406,3.561754821746952],[101.47504883119406,3.5613621520319305],[101.47556703958462,3.5613621520319305],[101.47556703958462,3.5605768130909303],[101.47608524797519,3.5605768130909303],[101.47608524797519,3.560969482479929],[101.47815808153743,3.560969482479929],[101.47815808153743,3.5613621520319305],[101.47867628992799,3.5613621520319305],[101.47867628992799,3.561754821746952],[101.47971270670911,3.561754821746952],[101.47971270670911,3.5621474916250135],[101.48023091509967,3.5621474916250135],[101.48023091509967,3.561754821746952],[101.48178554027136,3.561754821746952],[101.48178554027136,3.5605768130909303],[101.48282195705248,3.560184143864917],[101.48282195705248,3.5586134685903437],[101.48334016544304,3.5586134685903437],[101.48334016544304,3.560969482479929],[101.48282195705248,3.560969482479929],[101.48282195705248,3.561754821746952],[101.48230374866192,3.561754821746952],[101.48282195705248,3.5625401616661323],[101.48178554027136,3.562932831870325],[101.48178554027136,3.5645035143182167],[101.4812673318808,3.5645035143182167],[101.4812673318808,3.568037559372965],[101.48282195705248,3.568037559372965],[101.48282195705248,3.5688229045146236],[101.48334016544304,3.5688229045146236],[101.48334016544304,3.5692155773304934],[101.48282195705248,3.5692155773304934],[101.48282195705248,3.570000923452403],[101.48334016544304,3.570000923452403],[101.4838583738336,3.5707862702279947],[101.48489479061472,3.5707862702279947],[101.48489479061472,3.5696082503097477],[101.48541299900528,3.5696082503097477],[101.48541299900528,3.5719642916173515],[101.48593120739584,3.5719642916173515],[101.48644941578641,3.5727496400277823],[101.48800404095809,3.5727496400277823],[101.48748583256751,3.5711789438609656],[101.48852224934865,3.5715716176574115],[101.48852224934865,3.5727496400277823],[101.48904045773921,3.5727496400277823],[101.48904045773921,3.573142314478311],[101.48955866612977,3.573142314478311],[101.49007687452033,3.572356965740802],[101.49059508291089,3.572356965740802],[101.49059508291089,3.5727496400277823],[101.491631499692,3.5727496400277823],[101.491631499692,3.5715716176574115],[101.49111329130146,3.5715716176574115],[101.49111329130146,3.5707862702279947],[101.49007687452033,3.5703935967584792],[101.49059508291089,3.5688229045146236],[101.49111329130146,3.5688229045146236],[101.49111329130146,3.5692155773304934],[101.491631499692,3.5692155773304934],[101.491631499692,3.5688229045146236],[101.49370433325426,3.5688229045146236],[101.49370433325426,3.5696082503097477],[101.49474075003538,3.5696082503097477],[101.49474075003538,3.5688229045146236],[101.49370433325426,3.5684302318621213],[101.49370433325426,3.567644887047139],[101.49266791647312,3.568037559372965],[101.49266791647312,3.567644887047139],[101.49111329130146,3.567644887047139],[101.49111329130146,3.567252214884625],[101.49059508291089,3.567252214884625],[101.49059508291089,3.568037559372965],[101.49007687452033,3.568037559372965],[101.49007687452033,3.567644887047139],[101.48904045773921,3.567644887047139],[101.48904045773921,3.5684302318621213],[101.48852224934865,3.5684302318621213],[101.48852224934865,3.567252214884625],[101.48904045773921,3.567252214884625],[101.48904045773921,3.5668595428854033],[101.49007687452033,3.5668595428854033],[101.49007687452033,3.5664668710494563],[101.491631499692,3.5664668710494563],[101.491631499692,3.5656815278673166],[101.49214970808258,3.5656815278673166],[101.49214970808258,3.5664668710494563],[101.49422254164482,3.5664668710494563],[101.49422254164482,3.5668595428854033],[101.49525895842594,3.5668595428854033],[101.49525895842594,3.5664668710494563],[101.4957771668165,3.5664668710494563],[101.4957771668165,3.5668595428854033],[101.49629537520705,3.5668595428854033],[101.49629537520705,3.566074199376768],[101.49681358359761,3.566074199376768],[101.49681358359761,3.5656815278673166],[101.4983682087693,3.5656815278673166],[101.4983682087693,3.5645035143182167],[101.49629537520705,3.56489618533806],[101.49629537520705,3.5645035143182167],[101.49525895842594,3.5645035143182167],[101.49525895842594,3.5641108434615396],[101.4931861248637,3.5641108434615396],[101.49266791647312,3.5633255022376122],[101.491631499692,3.5633255022376122],[101.491631499692,3.5637181727680116],[101.49059508291089,3.5637181727680116],[101.49059508291089,3.5641108434615396],[101.48955866612977,3.5641108434615396],[101.48955866612977,3.5645035143182167],[101.48852224934865,3.56489618533806],[101.48852224934865,3.5641108434615396],[101.48800404095809,3.5641108434615396],[101.48748583256751,3.5633255022376122],[101.49007687452033,3.5633255022376122],[101.49007687452033,3.5625401616661323],[101.48955866612977,3.5625401616661323],[101.48955866612977,3.5621474916250135],[101.48800404095809,3.5621474916250135],[101.48800404095809,3.5613621520319305],[101.48748583256751,3.5613621520319305],[101.48748583256751,3.560969482479929],[101.48800404095809,3.560969482479929],[101.48800404095809,3.55939880590177],[101.48852224934865,3.55939880590177],[101.48904045773921,3.5613621520319305],[101.49007687452033,3.5613621520319305],[101.49059508291089,3.5621474916250135],[101.491631499692,3.5621474916250135],[101.491631499692,3.561754821746952],[101.49214970808258,3.561754821746952],[101.49214970808258,3.5621474916250135],[101.49370433325426,3.5621474916250135],[101.49370433325426,3.561754821746952],[101.49422254164482,3.561754821746952],[101.49422254164482,3.560969482479929],[101.49370433325426,3.560969482479929],[101.4931861248637,3.55939880590177],[101.491631499692,3.55939880590177],[101.491631499692,3.5590061371646007],[101.49111329130146,3.5590061371646007],[101.49111329130146,3.557828131930493],[101.49214970808258,3.557828131930493],[101.49214970808258,3.5558647931305525],[101.49266791647312,3.5558647931305525],[101.49266791647312,3.5586134685903437],[101.49370433325426,3.5586134685903437],[101.49422254164482,3.560184143864917],[101.49525895842594,3.560184143864917],[101.49525895842594,3.5621474916250135],[101.49629537520705,3.5621474916250135],[101.49629537520705,3.562932831870325],[101.49785000037873,3.562932831870325],[101.49785000037873,3.5625401616661323],[101.4983682087693,3.5625401616661323],[101.4983682087693,3.5621474916250135],[101.49785000037873,3.5621474916250135],[101.49785000037873,3.560969482479929],[101.4983682087693,3.560969482479929],[101.4983682087693,3.5613621520319305],[101.49992283394097,3.5613621520319305],[101.49992283394097,3.560184143864917],[101.49785000037873,3.560184143864917],[101.49785000037873,3.55939880590177],[101.49733179198817,3.55939880590177],[101.49733179198817,3.5590061371646007],[101.4983682087693,3.5590061371646007],[101.4983682087693,3.55939880590177],[101.49940462555043,3.55939880590177],[101.49940462555043,3.5590061371646007],[101.49992283394097,3.5590061371646007],[101.49940462555043,3.55822080017898],[101.49785000037873,3.55822080017898],[101.49785000037873,3.557435463844862],[101.49888641715985,3.557435463844862],[101.49888641715985,3.5558647931305525],[101.49992283394097,3.5562574605649333],[101.5009592507221,3.5550794587500696],[101.50044104233154,3.5550794587500696],[101.50044104233154,3.554686791803934],[101.49940462555043,3.554686791803934],[101.49940462555043,3.5550794587500696],[101.49785000037873,3.5550794587500696],[101.49785000037873,3.5554721258589366],[101.49733179198817,3.5554721258589366],[101.49733179198817,3.554294125020509],[101.4983682087693,3.554294125020509],[101.4983682087693,3.553901458399778],[101.49940462555043,3.553508791941724],[101.49940462555043,3.5527234595135697],[101.49888641715985,3.5527234595135697],[101.49888641715985,3.552330793543434],[101.49681358359761,3.552330793543434],[101.49681358359761,3.551938127735901],[101.49785000037873,3.551938127735901],[101.49785000037873,3.551331331605105],[101.49681358359761,3.551346528660157],[101.49629537520705,3.551938127735901],[101.4957771668165,3.551938127735901],[101.49681358359761,3.553116125646327],[101.4983682087693,3.553116125646327],[101.4983682087693,3.553508791941724],[101.49733179198817,3.553508791941724],[101.49733179198817,3.553901458399778],[101.49629537520705,3.554294125020509],[101.49629537520705,3.5554721258589366],[101.49785000037873,3.5562574605649333],[101.49785000037873,3.557042795922071],[101.49681358359761,3.557435463844862],[101.49681358359761,3.55822080017898],[101.49733179198817,3.55822080017898],[101.49733179198817,3.5586134685903437],[101.49629537520705,3.5590061371646007],[101.49629537520705,3.55939880590177],[101.49681358359761,3.55939880590177],[101.49681358359761,3.560184143864917],[101.49733179198817,3.560184143864917],[101.49681358359761,3.561754821746952],[101.49629537520705,3.561754821746952],[101.49629537520705,3.560184143864917],[101.4957771668165,3.560184143864917],[101.4957771668165,3.559791474801869],[101.49474075003538,3.55939880590177],[101.49474075003538,3.5586134685903437],[101.49370433325426,3.55822080017898],[101.49370433325426,3.5558647931305525],[101.4931861248637,3.5558647931305525],[101.49266791647312,3.5550794587500696],[101.49111329130146,3.5558647931305525],[101.49111329130146,3.5566501281621017],[101.49059508291089,3.5566501281621017],[101.48955866612977,3.557828131930493],[101.49007687452033,3.557828131930493],[101.49007687452033,3.5590061371646007],[101.49059508291089,3.5590061371646007],[101.491631499692,3.560184143864917],[101.49266791647312,3.560184143864917],[101.49266791647312,3.560969482479929],[101.4931861248637,3.560969482479929],[101.4931861248637,3.5613621520319305],[101.49214970808258,3.5613621520319305],[101.49214970808258,3.560969482479929],[101.491631499692,3.560969482479929],[101.491631499692,3.5613621520319305],[101.49059508291089,3.5613621520319305],[101.49059508291089,3.560969482479929],[101.48955866612977,3.5605768130909303],[101.48955866612977,3.55939880590177],[101.48904045773921,3.55939880590177],[101.48852224934865,3.5586134685903437],[101.48696762417697,3.55939880590177],[101.48696762417697,3.560969482479929],[101.48644941578641,3.560969482479929],[101.48644941578641,3.5613621520319305],[101.48696762417697,3.5613621520319305],[101.48696762417697,3.5621474916250135],[101.48748583256751,3.5621474916250135],[101.48748583256751,3.562932831870325],[101.48644941578641,3.5633255022376122],[101.48644941578641,3.5637181727680116],[101.48748583256751,3.5641108434615396],[101.48748583256751,3.56489618533806],[101.48696762417697,3.56489618533806],[101.48644941578641,3.5656815278673166],[101.48696762417697,3.5656815278673166],[101.48748583256751,3.5664668710494563],[101.48800404095809,3.5664668710494563],[101.48955866612977,3.56489618533806],[101.49059508291089,3.56489618533806],[101.49059508291089,3.5645035143182167],[101.491631499692,3.5645035143182167],[101.491631499692,3.5641108434615396],[101.49266791647312,3.5641108434615396],[101.4931861248637,3.56489618533806],[101.49525895842594,3.56489618533806],[101.49525895842594,3.565288856521087],[101.49629537520705,3.565288856521087],[101.49629537520705,3.5656815278673166],[101.49422254164482,3.566074199376768],[101.49422254164482,3.5656815278673166],[101.49266791647312,3.5656815278673166],[101.49266791647312,3.565288856521087],[101.491631499692,3.56489618533806],[101.49111329130146,3.5656815278673166],[101.48904045773921,3.566074199376768],[101.48904045773921,3.5664668710494563],[101.48748583256751,3.567252214884625],[101.48748583256751,3.5684302318621213],[101.48800404095809,3.5684302318621213],[101.48852224934865,3.5692155773304934],[101.48955866612977,3.5688229045146236],[101.48904045773921,3.5703935967584792],[101.49007687452033,3.5707862702279947],[101.49007687452033,3.5719642916173515],[101.48955866612977,3.5719642916173515],[101.48800404095809,3.5703935967584792],[101.48644941578641,3.5711789438609656],[101.48644941578641,3.5696082503097477],[101.48593120739584,3.5696082503097477],[101.48541299900528,3.5688229045146236],[101.48437658222416,3.5692155773304934],[101.48437658222416,3.5688229045146236],[101.4838583738336,3.5688229045146236],[101.4838583738336,3.568037559372965],[101.48334016544304,3.568037559372965]],[[101.4812673318808,3.602986052640361],[101.48074912349023,3.602986052640361],[101.48074912349023,3.602593365707074],[101.4812673318808,3.602593365707074],[101.4812673318808,3.602986052640361]],[[101.47867628992799,3.601415305896701],[101.47815808153743,3.601415305896701],[101.47763987314687,3.600629933514185],[101.47867628992799,3.600629933514185],[101.47867628992799,3.601415305896701]],[[101.47660345636575,3.59316892874477],[101.47608524797519,3.59316892874477],[101.47608524797519,3.592776245929232],[101.47660345636575,3.592776245929232],[101.47660345636575,3.59316892874477]],[[101.47556703958462,3.592776245929232],[101.47556703958462,3.592383563278168],[101.47608524797519,3.592383563278168],[101.47608524797519,3.592776245929232],[101.47556703958462,3.592776245929232]],[[101.48023091509967,3.5892421079885404],[101.48023091509967,3.5888494268169238],[101.47971270670911,3.5888494268169238],[101.47971270670911,3.588456745809601],[101.48074912349023,3.588456745809601],[101.48074912349023,3.5892421079885404],[101.48023091509967,3.5892421079885404]],[[101.48437658222416,3.573534989092404],[101.4838583738336,3.573534989092404],[101.4838583738336,3.573142314478311],[101.48437658222416,3.573142314478311],[101.48437658222416,3.573534989092404]],[[101.47608524797519,3.5656815278673166],[101.47556703958462,3.5656815278673166],[101.47556703958462,3.565288856521087],[101.47608524797519,3.565288856521087],[101.47608524797519,3.5656815278673166]],[[101.47504883119406,3.5621474916250135],[101.47453062280351,3.5621474916250135],[101.47453062280351,3.562932831870325],[101.47401241441295,3.562932831870325],[101.47401241441295,3.5621474916250135],[101.47349420602238,3.5621474916250135],[101.47349420602238,3.561754821746952],[101.47504883119406,3.561754821746952],[101.47504883119406,3.5621474916250135]],[[101.48852224934865,3.565288856521087],[101.48800404095809,3.565288856521087],[101.48800404095809,3.56489618533806],[101.48852224934865,3.56489618533806],[101.48852224934865,3.565288856521087]],[[101.48800404095809,3.5656815278673166],[101.48748583256751,3.5656815278673166],[101.48748583256751,3.565288856521087],[101.48800404095809,3.565288856521087],[101.48800404095809,3.5656815278673166]],[[101.49059508291089,3.557828131930493],[101.49059508291089,3.557435463844862],[101.49111329130146,3.557435463844862],[101.49111329130146,3.557828131930493],[101.49059508291089,3.557828131930493]],[[101.48955866612977,3.5684302318621213],[101.49007687452033,3.5684302318621213],[101.49007687452033,3.5688229045146236],[101.48955866612977,3.5688229045146236],[101.48955866612977,3.5684302318621213]],[[101.48437658222416,3.5696082503097477],[101.4838583738336,3.5696082503097477],[101.4838583738336,3.5692155773304934],[101.48437658222416,3.5692155773304934],[101.48437658222416,3.5696082503097477]],[[101.48696762417697,3.575498364616993],[101.48748583256751,3.575498364616993],[101.48748583256751,3.576283715972424],[101.48644941578641,3.576283715972424],[101.48644941578641,3.575498364616993],[101.48593120739584,3.575498364616993],[101.48541299900528,3.57471301391626],[101.48644941578641,3.57471301391626],[101.48696762417697,3.575498364616993]],[[101.48437658222416,3.57471301391626],[101.48437658222416,3.5751056891847983],[101.4838583738336,3.5751056891847983],[101.48334016544304,3.574320338811361],[101.48230374866192,3.574320338811361],[101.48230374866192,3.57471301391626],[101.4812673318808,3.5751056891847983],[101.4812673318808,3.574320338811361],[101.48178554027136,3.574320338811361],[101.48230374866192,3.573534989092404],[101.48334016544304,3.573534989092404],[101.4838583738336,3.574320338811361],[101.48437658222416,3.574320338811361],[101.48437658222416,3.5739276638700814],[101.48541299900528,3.574320338811361],[101.48541299900528,3.57471301391626],[101.48437658222416,3.57471301391626]],[[101.47608524797519,3.5625401616661323],[101.47608524797519,3.5621474916250135],[101.47712166475631,3.5621474916250135],[101.47763987314687,3.562932831870325],[101.47504883119406,3.5633255022376122],[101.47504883119406,3.562932831870325],[101.47608524797519,3.5625401616661323]],[[101.47971270670911,3.5613621520319305],[101.47971270670911,3.5605768130909303],[101.48023091509967,3.5605768130909303],[101.48023091509967,3.5613621520319305],[101.47971270670911,3.5613621520319305]]],[[[101.47038495567901,3.592776245929232],[101.47142137246014,3.592776245929232],[101.47193958085072,3.5919908807915615],[101.47297599763182,3.5919908807915615],[101.47297599763182,3.592383563278168],[101.47349420602238,3.592383563278168],[101.47349420602238,3.5919908807915615],[101.47453062280351,3.591598198469391],[101.47245778924126,3.5892421079885404],[101.47090316406958,3.590027470824721],[101.47090316406958,3.5908128343182897],[101.47038495567901,3.5908128343182897],[101.47038495567901,3.59120551631164],[101.4693485388979,3.59120551631164],[101.4693485388979,3.591598198469391],[101.46779391372621,3.592383563278168],[101.46883033050734,3.593561611724798],[101.4693485388979,3.593561611724798],[101.4693485388979,3.59316892874477],[101.47038495567901,3.59316892874477],[101.47038495567901,3.592776245929232]],[[101.4693485388979,3.592383563278168],[101.4693485388979,3.592776245929232],[101.46883033050734,3.592776245929232],[101.46883033050734,3.592383563278168],[101.4693485388979,3.592383563278168]],[[101.4693485388979,3.5919908807915615],[101.47038495567901,3.5919908807915615],[101.47038495567901,3.592383563278168],[101.4693485388979,3.592383563278168],[101.4693485388979,3.5919908807915615]],[[101.47038495567901,3.591598198469391],[101.47090316406958,3.591598198469391],[101.47090316406958,3.59120551631164],[101.47193958085072,3.5908128343182897],[101.47193958085072,3.590027470824721],[101.47245778924126,3.590027470824721],[101.47245778924126,3.5908128343182897],[101.47297599763182,3.5908128343182897],[101.47297599763182,3.59120551631164],[101.47193958085072,3.59120551631164],[101.47142137246014,3.5919908807915615],[101.47038495567901,3.5919908807915615],[101.47038495567901,3.591598198469391]],[[101.47349420602238,3.59120551631164],[101.47349420602238,3.591598198469391],[101.47297599763182,3.591598198469391],[101.47297599763182,3.59120551631164],[101.47349420602238,3.59120551631164]]],[[[101.48040536623823,3.59316892874477],[101.48042829999999,3.593178796040183],[101.4804596076773,3.59316892874477],[101.48040536623823,3.59316892874477]]],[[[101.47712166475631,3.602200678938711],[101.47763987314687,3.602200678938711],[101.47763987314687,3.60180799233526],[101.47712166475631,3.60180799233526],[101.47660345636575,3.601022619623016],[101.47504883119406,3.60180799233526],[101.47608524797519,3.602986052640361],[101.47660345636575,3.602986052640361],[101.47712166475631,3.602200678938711]],[[101.47608524797519,3.602200678938711],[101.47608524797519,3.60180799233526],[101.47660345636575,3.60180799233526],[101.47660345636575,3.602200678938711],[101.47608524797519,3.602200678938711]]],[[[101.47815808153743,3.6058132247945096],[101.47857284907982,3.6057348657928987],[101.47815808153743,3.6057348657928987],[101.47815808153743,3.6058132247945096]]]]},"properties":{"place_id":"54acacf3-2b3a-5fed-abc5-30b4676ba727","habitat":"water_edge","habitat_label":"Water edge","resolution_m":50}}]}