{"type":"FeatureCollection","metadata":{"schema_version":1,"place_id":"b8005e6e-7b96-5d65-91fd-4749cb73f74e","place_name":"Hutan Simpanan Kekal Bukit Tarek","place_type":"park","osm_reference":"relation/18774038","protection_context":"mapped protected boundary","resolution_m":50,"raster_coverage":1.0,"interpretation":"Suggested search habitats, not predicted plant locations or probabilities of presence."},"features":[{"type":"Feature","geometry":{"type":"MultiPolygon","coordinates":[[[[101.51754191922004,3.4946106551197818],[101.51754191922004,3.493825371075003],[101.5180601276106,3.493825371075003],[101.5180601276106,3.4934327292924703],[101.51961475278229,3.4934327292924703],[101.51961475278229,3.4930400876698178],[101.5206511695634,3.4934327292924703],[101.5206511695634,3.492647446207028],[101.52116937795397,3.492647446207028],[101.52116937795397,3.4922548049040825],[101.52220579473509,3.4922548049040825],[101.52220579473509,3.492647446207028],[101.52272400312565,3.492647446207028],[101.52272400312565,3.4934327292924703],[101.52531504507844,3.4934327292924703],[101.52531504507844,3.493825371075003],[101.525833253469,3.493825371075003],[101.525833253469,3.494218013017434],[101.52686967025014,3.494218013017434],[101.52842429542181,3.495788582386505],[101.52946071220295,3.495788582386505],[101.52946071220295,3.4961812251287],[101.52997892059349,3.4961812251287],[101.52997892059349,3.495395939804298],[101.53101533737461,3.4950032973820635],[101.53101533737461,3.494218013017434],[101.53205175415575,3.493825371075003],[101.53205175415575,3.4930400876698178],[101.53256996254629,3.4930400876698178],[101.53256996254629,3.4922548049040825],[101.53308817093685,3.4922548049040825],[101.53308817093685,3.491469522777649],[101.53360637932742,3.491469522777649],[101.53360637932742,3.4895730052306275],[101.53256996254629,3.4895063202575645],[101.53101533737461,3.4887242463680033],[101.53101533737461,3.4895063202575645],[101.53049712898405,3.4895063202575645],[101.53049712898405,3.489898960442112],[101.52946071220295,3.489898960442112],[101.52894250381237,3.4891136802327174],[101.52946071220295,3.4891136802327174],[101.52946071220295,3.488328400662045],[101.52980692172537,3.488328400662045],[101.5263802,3.4872058961537236],[101.52604759999998,3.4866542961543527],[101.51965590000002,3.486196496154822],[101.5190148,3.48841059615246],[101.5162104,3.4892029961515942],[101.5168128,3.4898344961509324],[101.51672284622822,3.491076881954126],[101.51702371082949,3.490684241290374],[101.5180601276106,3.491076881954126],[101.51754191922004,3.4918621637609615],[101.51670562067592,3.491469522777649],[101.51744579999999,3.493149896147374],[101.5171354451272,3.495395939804298],[101.5180601276106,3.4950032973820635],[101.5180601276106,3.4946106551197818],[101.51754191922004,3.4946106551197818]],[[101.53153354576519,3.4930400876698178],[101.53153354576519,3.4934327292924703],[101.53049712898405,3.4930400876698178],[101.53049712898405,3.4922548049040825],[101.52997892059349,3.4922548049040825],[101.53049712898405,3.491469522777649],[101.53205175415575,3.4922548049040825],[101.53205175415575,3.4930400876698178],[101.53153354576519,3.4930400876698178]],[[101.52946071220295,3.491469522777649],[101.52894250381237,3.490684241290374],[101.52946071220295,3.490684241290374],[101.52946071220295,3.4902916007863753],[101.53049712898405,3.4902916007863753],[101.53101533737461,3.491076881954126],[101.53049712898405,3.491076881954126],[101.53049712898405,3.491469522777649],[101.52946071220295,3.491469522777649]],[[101.525833253469,3.4895063202575645],[101.52686967025014,3.489898960442112],[101.52635146185958,3.490684241290374],[101.52531504507844,3.4902916007863753],[101.525833253469,3.4895063202575645]]],[[[101.51702371082949,3.495526493351651],[101.51695969999999,3.4956406961447173],[101.51702371082949,3.4957590720901313],[101.51702371082949,3.495526493351651]]],[[[101.52531504507844,3.501678240328455],[101.52479683668788,3.501678240328455],[101.52479683668788,3.502070885472665],[101.52531504507844,3.502070885472665],[101.52531504507844,3.501678240328455]]],[[[101.525833253469,3.502070885472665],[101.52531504507844,3.502070885472665],[101.52531504507844,3.5024635307771548],[101.525833253469,3.5024635307771548],[101.525833253469,3.502070885472665]]],[[[101.51754191922004,3.5024635307771548],[101.51702371082949,3.5024635307771548],[101.51702371082949,3.502856176241942],[101.51754191922004,3.502856176241942],[101.51754191922004,3.5024635307771548]]],[[[101.52479683668788,3.509923822039707],[101.52479683668788,3.509531173686458],[101.52427862829734,3.509531173686458],[101.52427862829734,3.509923822039707],[101.52479683668788,3.509923822039707]]],[[[101.50976879336163,3.51620621755142],[101.50925058497107,3.51620621755142],[101.50925058497107,3.516598868638061],[101.50976879336163,3.516598868638061],[101.50976879336163,3.51620621755142]]],[[[101.50562312623715,3.5484041427822564],[101.50510491784658,3.5484041427822564],[101.50510491784658,3.5487968071271774],[101.50562312623715,3.5487968071271774],[101.50562312623715,3.5484041427822564]]],[[[101.5035502926749,3.578639773968363],[101.5035502926749,3.5782470972262628],[101.50303208428434,3.5782470972262628],[101.50303208428434,3.5794251279440426],[101.5035502926749,3.5794251279440426],[101.5035502926749,3.5798178051776577],[101.50303208428434,3.5798178051776577],[101.5035502926749,3.5821738720213476],[101.50251387589378,3.5825665504024657],[101.50199566750322,3.5817811938042134],[101.5009592507221,3.5817811938042134],[101.5009592507221,3.5813885157510446],[101.50044104233154,3.5813885157510446],[101.50044104233154,3.580603160136529],[101.50147745911266,3.580210482575147],[101.50147745911266,3.5794251279440426],[101.5009592507221,3.5794251279440426],[101.50044104233154,3.578639773968363],[101.5009592507221,3.578639773968363],[101.5009592507221,3.5782470972262628],[101.50199566750322,3.5782470972262628],[101.50199566750322,3.5778544206479643],[101.50147745911266,3.5778544206479643],[101.50147745911266,3.576676391895697],[101.5009592507221,3.576676391895697],[101.5009592507221,3.577069067982699],[101.50044104233154,3.577069067982699],[101.50044104233154,3.5778544206479643],[101.49940462555043,3.5782470972262628],[101.49940462555043,3.5778544206479643],[101.49888641715985,3.5778544206479643],[101.49888641715985,3.577069067982699],[101.4983682087693,3.577069067982699],[101.4983682087693,3.5774617442334486],[101.49733179198817,3.577069067982699],[101.49733179198817,3.576283715972424],[101.49785000037873,3.576283715972424],[101.4983682087693,3.57471301391626],[101.49733179198817,3.5751056891847983],[101.49733179198817,3.57471301391626],[101.49629537520705,3.574320338811361],[101.49629537520705,3.57471301391626],[101.4957771668165,3.57471301391626],[101.4957771668165,3.576676391895697],[101.49681358359761,3.577069067982699],[101.49681358359761,3.5782470972262628],[101.49474075003538,3.5794251279440426],[101.49474075003538,3.5790324508742835],[101.49370433325426,3.578639773968363],[101.49370433325426,3.577069067982699],[101.4931861248637,3.577069067982699],[101.49266791647312,3.5778544206479643],[101.491631499692,3.5774617442334486],[101.491631499692,3.5782470972262628],[101.49266791647312,3.578639773968363],[101.49266791647312,3.5794251279440426],[101.49214970808258,3.5794251279440426],[101.491631499692,3.580210482575147],[101.4931861248637,3.580210482575147],[101.49370433325426,3.5809958378618214],[101.49422254164482,3.5809958378618214],[101.49474075003538,3.580210482575147],[101.49629537520705,3.580210482575147],[101.49629537520705,3.580603160136529],[101.49681358359761,3.580603160136529],[101.49629537520705,3.5813885157510446],[101.49525895842594,3.5813885157510446],[101.49525895842594,3.5821738720213476],[101.49629537520705,3.5821738720213476],[101.49629537520705,3.5825665504024657],[101.49733179198817,3.5825665504024657],[101.49733179198817,3.5821738720213476],[101.49785000037873,3.5821738720213476],[101.49785000037873,3.5825665504024657],[101.4983682087693,3.5825665504024657],[101.4983682087693,3.5833519076567253],[101.49681358359761,3.5841372655671346],[101.49681358359761,3.584529944768443],[101.49733179198817,3.584529944768443],[101.49733179198817,3.585315303663354],[101.4983682087693,3.585315303663354],[101.49888641715985,3.584529944768443],[101.49940462555043,3.584529944768443],[101.49940462555043,3.5849226241338434],[101.49992283394097,3.5849226241338434],[101.49992283394097,3.584529944768443],[101.50199566750322,3.584529944768443],[101.50251387589378,3.585315303663354],[101.50199566750322,3.585315303663354],[101.50199566750322,3.5857079833569934],[101.50044104233154,3.5857079833569934],[101.50044104233154,3.58610066321478],[101.49940462555043,3.58610066321478],[101.49940462555043,3.5864933432367305],[101.49785000037873,3.5864933432367305],[101.49785000037873,3.5880640649665523],[101.49733179198817,3.5880640649665523],[101.49733179198817,3.588456745809601],[101.49525895842594,3.589634789324468],[101.49525895842594,3.5892421079885404],[101.49474075003538,3.5892421079885404],[101.49474075003538,3.5880640649665523],[101.49525895842594,3.5880640649665523],[101.49525895842594,3.5868860234228666],[101.4957771668165,3.5868860234228666],[101.4957771668165,3.5864933432367305],[101.49474075003538,3.58610066321478],[101.49422254164482,3.5841372655671346],[101.4931861248637,3.5841372655671346],[101.4931861248637,3.5837445865299014],[101.49266791647312,3.5837445865299014],[101.49266791647312,3.5825665504024657],[101.49214970808258,3.5825665504024657],[101.49214970808258,3.5821738720213476],[101.49111329130146,3.5821738720213476],[101.49111329130146,3.5817811938042134],[101.49007687452033,3.5817811938042134],[101.49007687452033,3.5813885157510446],[101.48955866612977,3.5813885157510446],[101.48955866612977,3.5821738720213476],[101.48904045773921,3.5821738720213476],[101.48904045773921,3.5837445865299014],[101.48955866612977,3.5837445865299014],[101.49007687452033,3.584529944768443],[101.48955866612977,3.584529944768443],[101.48955866612977,3.5849226241338434],[101.48904045773921,3.5849226241338434],[101.48904045773921,3.584529944768443],[101.48748583256751,3.584529944768443],[101.48748583256751,3.58610066321478],[101.48800404095809,3.58610066321478],[101.48800404095809,3.5864933432367305],[101.48748583256751,3.5864933432367305],[101.48748583256751,3.588456745809601],[101.48800404095809,3.588456745809601],[101.48800404095809,3.590027470824721],[101.48852224934865,3.590027470824721],[101.48904045773921,3.591598198469391],[101.48852224934865,3.591598198469391],[101.48852224934865,3.5919908807915615],[101.48748583256751,3.591598198469391],[101.48593120739584,3.5876713842877583],[101.48489479061472,3.5876713842877583],[101.48489479061472,3.5888494268169238],[101.4838583738336,3.5892421079885404],[101.50317909999998,3.6096601960225807],[101.5144229,3.599782496033135],[101.52095540039039,3.5817811938042134],[101.52013296117285,3.5813885157510446],[101.52013296117285,3.5809958378618214],[101.52138290190625,3.580603160136529],[101.5218311,3.579368096054972],[101.523542020111,3.5739276638700814],[101.5232422115162,3.5719642916173515],[101.52272400312565,3.5719642916173515],[101.52272400312565,3.570000923452403],[101.52220579473509,3.570000923452403],[101.52220579473509,3.568037559372965],[101.52168758634453,3.568037559372965],[101.52168758634453,3.5664668710494563],[101.52220579473509,3.5664668710494563],[101.52220579473509,3.566074199376768],[101.5232422115162,3.5664668710494563],[101.5232422115162,3.568037559372965],[101.52376041990676,3.568037559372965],[101.52376041990676,3.5703935967584792],[101.52427862829734,3.5703935967584792],[101.52427862829734,3.571585385988119],[101.531235,3.5494656960870095],[101.5344322,3.537954296099336],[101.53643849999999,3.528605796109349],[101.54037693668215,3.5024635307771548],[101.53930667162359,3.502070885472665],[101.53930667162359,3.5012855953445063],[101.53982488001414,3.5012855953445063],[101.53982488001414,3.5008929505208006],[101.54056371282637,3.5012855953445063],[101.54105234989298,3.4981444412401483],[101.54086129679527,3.498537084942659],[101.53982488001414,3.4981444412401483],[101.53930667162359,3.4989297288052863],[101.53827025484246,3.4989297288052863],[101.5377520464519,3.4981444412401483],[101.53827025484246,3.4981444412401483],[101.53827025484246,3.4977517976977346],[101.53930667162359,3.4977517976977346],[101.53930667162359,3.4973591543154017],[101.5377520464519,3.4973591543154017],[101.5377520464519,3.49696651109313],[101.53723383806134,3.49696651109313],[101.53723383806134,3.496573868030902],[101.5377520464519,3.496573868030902],[101.53723383806134,3.495788582386505],[101.53827025484246,3.495395939804298],[101.53827025484246,3.495788582386505],[101.53878846323303,3.495788582386505],[101.53878846323303,3.496573868030902],[101.53982488001414,3.496573868030902],[101.53982488001414,3.49696651109313],[101.5403430884047,3.49696651109313],[101.5411076981916,3.4977517976977346],[101.54182969999997,3.4926298961479247],[101.54024719999998,3.493470596147035],[101.53878846323303,3.49327217784835],[101.53930667162359,3.4934327292924703],[101.53930667162359,3.494218013017434],[101.53878846323303,3.494218013017434],[101.53878846323303,3.4946106551197818],[101.5367156296708,3.4934327292924703],[101.5367156296708,3.4946106551197818],[101.53619742128022,3.4946106551197818],[101.53619742128022,3.495395939804298],[101.53567921288966,3.495395939804298],[101.53567921288966,3.495788582386505],[101.53516100449909,3.495788582386505],[101.53516100449909,3.495395939804298],[101.53360637932742,3.4946106551197818],[101.53360637932742,3.493825371075003],[101.53308817093685,3.493825371075003],[101.53308817093685,3.4946106551197818],[101.53205175415575,3.4950032973820635],[101.53205175415575,3.495788582386505],[101.53153354576519,3.495788582386505],[101.53153354576519,3.496573868030902],[101.53101533737461,3.496573868030902],[101.53101533737461,3.4973591543154017],[101.53153354576519,3.4973591543154017],[101.53153354576519,3.4981444412401483],[101.53205175415575,3.4981444412401483],[101.53205175415575,3.498537084942659],[101.53153354576519,3.498537084942659],[101.53049712898405,3.4997150170109625],[101.52894250381237,3.4997150170109625],[101.52894250381237,3.5005003058573205],[101.52790608703124,3.5008929505208006],[101.5273878786407,3.5024635307771548],[101.52635146185958,3.502856176241942],[101.52635146185958,3.503641467652482],[101.52686967025014,3.503641467652482],[101.52686967025014,3.5044267597044305],[101.5273878786407,3.5044267597044305],[101.5273878786407,3.50717528693944],[101.52790608703124,3.50717528693944],[101.52790608703124,3.509138525493833],[101.5273878786407,3.509138525493833],[101.5273878786407,3.509531173686458],[101.52842429542181,3.509923822039707],[101.52842429542181,3.5118870662159534],[101.52894250381237,3.5118870662159534],[101.52894250381237,3.5146356148140057],[101.52842429542181,3.5146356148140057],[101.52842429542181,3.515813566625713],[101.52790608703124,3.515813566625713],[101.52790608703124,3.51620621755142],[101.52686967025014,3.515813566625713],[101.52686967025014,3.514242964531848],[101.5273878786407,3.514242964531848],[101.5273878786407,3.51149441705931],[101.52686967025014,3.51149441705931],[101.52686967025014,3.5103164705535983],[101.525833253469,3.5107091192281508],[101.525833253469,3.5118870662159534],[101.52531504507844,3.5118870662159534],[101.52531504507844,3.5122797155333303],[101.52376041990676,3.5122797155333303],[101.52376041990676,3.512672365011458],[101.52427862829734,3.512672365011458],[101.52376041990676,3.513457664450041],[101.52272400312565,3.513065014650356],[101.52272400312565,3.512672365011458],[101.5232422115162,3.512672365011458],[101.5232422115162,3.5118870662159534],[101.52272400312565,3.5118870662159534],[101.5232422115162,3.5111017680633827],[101.52272400312565,3.5111017680633827],[101.52272400312565,3.5107091192281508],[101.5232422115162,3.5107091192281508],[101.5232422115162,3.5103164705535983],[101.52427862829734,3.5103164705535983],[101.5232422115162,3.509138525493833],[101.52427862829734,3.508745877461816],[101.52427862829734,3.509138525493833],[101.52531504507844,3.509531173686458],[101.52531504507844,3.509138525493833],[101.52635146185958,3.508745877461816],[101.52635146185958,3.5075679343292148],[101.52531504507844,3.5075679343292148],[101.52531504507844,3.50717528693944],[101.52479683668788,3.50717528693944],[101.52479683668788,3.50678263971018],[101.525833253469,3.506389992641418],[101.525833253469,3.5056046989853122],[101.52531504507844,3.5056046989853122],[101.52531504507844,3.503641467652482],[101.52427862829734,3.503641467652482],[101.52427862829734,3.5032488218670457],[101.5232422115162,3.502856176241942],[101.52376041990676,3.502070885472665],[101.52116937795397,3.502070885472665],[101.52116937795397,3.501678240328455],[101.5206511695634,3.501678240328455],[101.5206511695634,3.502070885472665],[101.51961475278229,3.502070885472665],[101.51961475278229,3.5024635307771548],[101.5180601276106,3.5024635307771548],[101.51702371082949,3.503641467652482],[101.51598729404836,3.5032488218670457],[101.51598729404836,3.502856176241942],[101.51650550243892,3.502856176241942],[101.51650550243892,3.5024635307771548],[101.51702371082949,3.5024635307771548],[101.51857833600116,3.5008929505208006],[101.51961475278229,3.5008929505208006],[101.51961475278229,3.5012855953445063],[101.52013296117285,3.5012855953445063],[101.52013296117285,3.5008929505208006],[101.5206511695634,3.5008929505208006],[101.5206511695634,3.5012855953445063],[101.52116937795397,3.5012855953445063],[101.52116937795397,3.5008929505208006],[101.52427862829734,3.5008929505208006],[101.52427862829734,3.5005003058573205],[101.52479683668788,3.5005003058573205],[101.52479683668788,3.5008929505208006],[101.52686967025014,3.5008929505208006],[101.52686967025014,3.5001076613540465],[101.5273878786407,3.5001076613540465],[101.5273878786407,3.499322372828048],[101.52790608703124,3.499322372828048],[101.52790608703124,3.498537084942659],[101.52842429542181,3.498537084942659],[101.52842429542181,3.4973591543154017],[101.5273878786407,3.4973591543154017],[101.5273878786407,3.4977517976977346],[101.52686967025014,3.4977517976977346],[101.52686967025014,3.498537084942659],[101.5273878786407,3.498537084942659],[101.52686967025014,3.499322372828048],[101.525833253469,3.4989297288052863],[101.525833253469,3.498537084942659],[101.52635146185958,3.498537084942659],[101.52635146185958,3.4977517976977346],[101.52531504507844,3.4977517976977346],[101.52531504507844,3.4981444412401483],[101.52427862829734,3.4977517976977346],[101.52479683668788,3.49696651109313],[101.52531504507844,3.49696651109313],[101.52531504507844,3.4973591543154017],[101.52635146185958,3.4973591543154017],[101.52635146185958,3.49696651109313],[101.5273878786407,3.496573868030902],[101.5273878786407,3.4961812251287],[101.52686967025014,3.4961812251287],[101.52686967025014,3.495395939804298],[101.525833253469,3.495395939804298],[101.525833253469,3.4950032973820635],[101.52531504507844,3.4950032973820635],[101.52531504507844,3.495395939804298],[101.52272400312565,3.4950032973820635],[101.52272400312565,3.495395939804298],[101.52116937795397,3.495395939804298],[101.52116937795397,3.495788582386505],[101.52168758634453,3.495788582386505],[101.52168758634453,3.496573868030902],[101.5206511695634,3.49696651109313],[101.5206511695634,3.496573868030902],[101.52013296117285,3.496573868030902],[101.5206511695634,3.4950032973820635],[101.52013296117285,3.4950032973820635],[101.52013296117285,3.4946106551197818],[101.51857833600116,3.4946106551197818],[101.5180601276106,3.495395939804298],[101.51909654439173,3.495395939804298],[101.51961475278229,3.4961812251287],[101.51909654439173,3.4961812251287],[101.51909654439173,3.496573868030902],[101.51857833600116,3.496573868030902],[101.51857833600116,3.4961812251287],[101.51754191922004,3.496573868030902],[101.5172519865868,3.4961812251287],[101.5176111,3.497528296142654],[101.517126,3.4984084961417516],[101.51464489999998,3.498647196141462],[101.51598729404836,3.5008929505208006],[101.51495087726724,3.5012855953445063],[101.51380839999999,3.5032640961365353],[101.51248939999999,3.5040585961356694],[101.51311089999999,3.5051171961345426],[101.5126391,3.505825496133769],[101.51158589999997,3.506392596133165],[101.5082753,3.5061125961334545],[101.50665659999999,3.5080212961314023],[101.50657099999998,3.5093913961299528],[101.50807739999999,3.510847496128385],[101.5078848,3.5126317961264637],[101.50831619999997,3.5140355961249687],[101.50873237658051,3.5146356148140057],[101.50925058497107,3.5146356148140057],[101.50976879336163,3.51620621755142],[101.51028700175219,3.51620621755142],[101.51080521014275,3.516991519885653],[101.51235983531443,3.51620621755142],[101.512878043705,3.516991519885653],[101.51235983531443,3.516991519885653],[101.51184162692388,3.5177768228637625],[101.51132341853331,3.5177768228637625],[101.51132341853331,3.5173841712942133],[101.51028700175219,3.5173841712942133],[101.51028700175219,3.5177768228637625],[101.50976879336163,3.5177768228637625],[101.50925058497107,3.516991519885653],[101.50873237658051,3.516991519885653],[101.50873237658051,3.5173841712942133],[101.50769595979939,3.5173841712942133],[101.50748550342041,3.516991519885653],[101.5069604,3.517777296120948],[101.5060016,3.5179559961207505],[101.5048675,3.5197587961188224],[101.5060602,3.5215969961168576],[101.50481549999998,3.5240133961142623],[101.5049844,3.524453996113788],[101.50549029999999,3.5244565961137817],[101.5057814,3.5254376961127547],[101.50511950000002,3.5298735961080006],[101.50985509999998,3.5374222960998805],[101.50821416818995,3.5393729076407046],[101.50717775140883,3.5393729076407046],[101.50665954301827,3.540943551068177],[101.50562312623715,3.5413362123301915],[101.50562312623715,3.543692183306903],[101.50510491784658,3.543692183306903],[101.50510491784658,3.544084845703963],[101.50406850106546,3.543692183306903],[101.50406850106546,3.544870170984765],[101.50303208428434,3.545262833868545],[101.50303208428434,3.5464408234936142],[101.50406850106546,3.5464408234936142],[101.50406850106546,3.5468334870266087],[101.50510491784658,3.5464408234936142],[101.50510491784658,3.5468334870266087],[101.5061413346277,3.5472261507219516],[101.5061413346277,3.547618814579662],[101.50562312623715,3.547618814579662],[101.50562312623715,3.5484041427822564],[101.5061413346277,3.5484041427822564],[101.5061413346277,3.5487968071271774],[101.50665954301827,3.5487968071271774],[101.50665954301827,3.549974801136651],[101.5061413346277,3.549974801136651],[101.5061413346277,3.5503674661314393],[101.50510491784658,3.5503674661314393],[101.50510491784658,3.5507601312887407],[101.50303208428434,3.5507601312887407],[101.50303208428434,3.551152796608573],[101.50251387589378,3.551152796608573],[101.50251387589378,3.551938127735901],[101.50303208428434,3.551938127735901],[101.50303208428434,3.552330793543434],[101.50458670945604,3.552330793543434],[101.50458670945604,3.551938127735901],[101.50510491784658,3.551938127735901],[101.50665954301827,3.5503674661314393],[101.50769595979939,3.5503674661314393],[101.50769595979939,3.5507601312887407],[101.50821416818995,3.5507601312887407],[101.50821416818995,3.5515454620909535],[101.50873237658051,3.5515454620909535],[101.50873237658051,3.551938127735901],[101.50821416818995,3.551938127735901],[101.50873237658051,3.553508791941724],[101.50821416818995,3.553508791941724],[101.50821416818995,3.553901458399778],[101.50665954301827,3.553901458399778],[101.50665954301827,3.554294125020509],[101.50458670945604,3.554294125020509],[101.50458670945604,3.554686791803934],[101.50925058497107,3.554294125020509],[101.50976879336163,3.5550794587500696],[101.50925058497107,3.5550794587500696],[101.50873237658051,3.5558647931305525],[101.50717775140883,3.5558647931305525],[101.50717775140883,3.5562574605649333],[101.50665954301827,3.5562574605649333],[101.50665954301827,3.5566501281621017],[101.50562312623715,3.5566501281621017],[101.50562312623715,3.557042795922071],[101.50665954301827,3.557435463844862],[101.50665954301827,3.557042795922071],[101.50821416818995,3.557042795922071],[101.50873237658051,3.5562574605649333],[101.51028700175219,3.5562574605649333],[101.51080521014275,3.557042795922071],[101.50976879336163,3.557435463844862],[101.50976879336163,3.5590061371646007],[101.50925058497107,3.5590061371646007],[101.50873237658051,3.559791474801869],[101.50821416818995,3.559791474801869],[101.50769595979939,3.5590061371646007],[101.50665954301827,3.55939880590177],[101.50665954301827,3.560184143864917],[101.50873237658051,3.5613621520319305],[101.50821416818995,3.5621474916250135],[101.50665954301827,3.5621474916250135],[101.50665954301827,3.562932831870325],[101.50717775140883,3.562932831870325],[101.50717775140883,3.5637181727680116],[101.50769595979939,3.5637181727680116],[101.50821416818995,3.5645035143182167],[101.50769595979939,3.5645035143182167],[101.50717775140883,3.565288856521087],[101.50562312623715,3.5645035143182167],[101.50510491784658,3.566074199376768],[101.50406850106546,3.5664668710494563],[101.50406850106546,3.566074199376768],[101.5035502926749,3.566074199376768],[101.50406850106546,3.562932831870325],[101.50303208428434,3.562932831870325],[101.50303208428434,3.5633255022376122],[101.50251387589378,3.5633255022376122],[101.50251387589378,3.56489618533806],[101.50199566750322,3.56489618533806],[101.50147745911266,3.5656815278673166],[101.50199566750322,3.5656815278673166],[101.50303208428434,3.5668595428854033],[101.50251387589378,3.5668595428854033],[101.50251387589378,3.567252214884625],[101.50147745911266,3.567252214884625],[101.50147745911266,3.567644887047139],[101.50199566750322,3.567644887047139],[101.50147745911266,3.5692155773304934],[101.50251387589378,3.5692155773304934],[101.50251387589378,3.5688229045146236],[101.50303208428434,3.5688229045146236],[101.50303208428434,3.5692155773304934],[101.5035502926749,3.5692155773304934],[101.5035502926749,3.5707862702279947],[101.50406850106546,3.5707862702279947],[101.50406850106546,3.5711789438609656],[101.50458670945604,3.5711789438609656],[101.50458670945604,3.5719642916173515],[101.50510491784658,3.5719642916173515],[101.50510491784658,3.5707862702279947],[101.50562312623715,3.5707862702279947],[101.50562312623715,3.5696082503097477],[101.50510491784658,3.5696082503097477],[101.50510491784658,3.5692155773304934],[101.50562312623715,3.5692155773304934],[101.5061413346277,3.5684302318621213],[101.50769595979939,3.5684302318621213],[101.50769595979939,3.5688229045146236],[101.50821416818995,3.5688229045146236],[101.50821416818995,3.5692155773304934],[101.50769595979939,3.5692155773304934],[101.50769595979939,3.570000923452403],[101.50821416818995,3.570000923452403],[101.50821416818995,3.5703935967584792],[101.50717775140883,3.5707862702279947],[101.50717775140883,3.5719642916173515],[101.50821416818995,3.5715716176574115],[101.50873237658051,3.572356965740802],[101.50717775140883,3.573142314478311],[101.50717775140883,3.574320338811361],[101.50821416818995,3.574320338811361],[101.50821416818995,3.5739276638700814],[101.50976879336163,3.573142314478311],[101.51080521014275,3.57471301391626],[101.51028700175219,3.57471301391626],[101.51028700175219,3.5751056891847983],[101.50873237658051,3.5751056891847983],[101.50925058497107,3.576676391895697],[101.50821416818995,3.577069067982699],[101.50821416818995,3.576676391895697],[101.50769595979939,3.576676391895697],[101.50769595979939,3.5758910402128614],[101.50665954301827,3.5758910402128614],[101.50665954301827,3.575498364616993],[101.5061413346277,3.575498364616993],[101.50562312623715,3.5739276638700814],[101.50406850106546,3.57471301391626],[101.50406850106546,3.574320338811361],[101.50303208428434,3.5739276638700814],[101.50303208428434,3.5727496400277823],[101.5009592507221,3.5727496400277823],[101.50044104233154,3.5719642916173515],[101.49992283394097,3.5719642916173515],[101.49992283394097,3.572356965740802],[101.49888641715985,3.5719642916173515],[101.49888641715985,3.5727496400277823],[101.49940462555043,3.5727496400277823],[101.49940462555043,3.573142314478311],[101.50147745911266,3.574320338811361],[101.50147745911266,3.5751056891847983],[101.50199566750322,3.5751056891847983],[101.50199566750322,3.57471301391626],[101.50303208428434,3.5751056891847983],[101.50303208428434,3.576676391895697],[101.50406850106546,3.576676391895697],[101.50406850106546,3.577069067982699],[101.50665954301827,3.577069067982699],[101.50665954301827,3.5774617442334486],[101.50769595979939,3.5774617442334486],[101.50769595979939,3.5778544206479643],[101.50821416818995,3.5778544206479643],[101.50769595979939,3.578639773968363],[101.50717775140883,3.578639773968363],[101.50717775140883,3.5782470972262628],[101.50562312623715,3.5782470972262628],[101.50562312623715,3.578639773968363],[101.50458670945604,3.578639773968363],[101.50458670945604,3.5790324508742835],[101.5035502926749,3.578639773968363]],[[101.52168758634453,3.566074199376768],[101.52168758634453,3.5656815278673166],[101.52116937795397,3.5656815278673166],[101.52116937795397,3.5645035143182167],[101.5206511695634,3.5645035143182167],[101.5206511695634,3.5625401616661323],[101.52013296117285,3.5625401616661323],[101.52013296117285,3.5613621520319305],[101.51961475278229,3.5613621520319305],[101.51961475278229,3.559791474801869],[101.51909654439173,3.559791474801869],[101.51909654439173,3.5586134685903437],[101.51857833600116,3.5586134685903437],[101.51857833600116,3.557042795922071],[101.5180601276106,3.557042795922071],[101.5180601276106,3.5558647931305525],[101.51857833600116,3.5558647931305525],[101.51857833600116,3.5554721258589366],[101.51961475278229,3.5558647931305525],[101.51961475278229,3.557435463844862],[101.52013296117285,3.557435463844862],[101.5206511695634,3.560184143864917],[101.52116937795397,3.560184143864917],[101.52168758634453,3.562932831870325],[101.52220579473509,3.562932831870325],[101.52220579473509,3.5645035143182167],[101.52272400312565,3.5645035143182167],[101.52272400312565,3.5656815278673166],[101.52168758634453,3.566074199376768]],[[101.5180601276106,3.5554721258589366],[101.5180601276106,3.5550794587500696],[101.51754191922004,3.5550794587500696],[101.51754191922004,3.549974801136651],[101.51857833600116,3.549582136304356],[101.51857833600116,3.549974801136651],[101.51909654439173,3.549974801136651],[101.51909654439173,3.5550794587500696],[101.5180601276106,3.5554721258589366]],[[101.53878846323303,3.5008929505208006],[101.53878846323303,3.5005003058573205],[101.53827025484246,3.5005003058573205],[101.53827025484246,3.502070885472665],[101.53878846323303,3.502070885472665],[101.53878846323303,3.5024635307771548],[101.53827025484246,3.5024635307771548],[101.53827025484246,3.5032488218670457],[101.5377520464519,3.5032488218670457],[101.53723383806134,3.504034113598272],[101.53619742128022,3.504034113598272],[101.53619742128022,3.503641467652482],[101.53567921288966,3.503641467652482],[101.53567921288966,3.504034113598272],[101.53464279610854,3.504034113598272],[101.53464279610854,3.503641467652482],[101.53360637932742,3.503641467652482],[101.53360637932742,3.504034113598272],[101.53308817093685,3.504034113598272],[101.53308817093685,3.503641467652482],[101.53256996254629,3.503641467652482],[101.53256996254629,3.5024635307771548],[101.53153354576519,3.502070885472665],[101.53153354576519,3.501678240328455],[101.53256996254629,3.5012855953445063],[101.53256996254629,3.4997150170109625],[101.53360637932742,3.499322372828048],[101.53308817093685,3.498537084942659],[101.53360637932742,3.498537084942659],[101.53412458771798,3.4977517976977346],[101.53516100449909,3.4977517976977346],[101.53567921288966,3.49696651109313],[101.53619742128022,3.49696651109313],[101.53619742128022,3.4973591543154017],[101.5367156296708,3.4973591543154017],[101.5367156296708,3.4981444412401483],[101.53723383806134,3.4981444412401483],[101.5367156296708,3.4989297288052863],[101.5377520464519,3.4989297288052863],[101.5377520464519,3.499322372828048],[101.53827025484246,3.499322372828048],[101.5377520464519,3.5001076613540465],[101.53878846323303,3.5001076613540465],[101.53878846323303,3.4997150170109625],[101.53982488001414,3.4997150170109625],[101.53982488001414,3.5001076613540465],[101.5403430884047,3.5001076613540465],[101.53982488001414,3.5008929505208006],[101.53878846323303,3.5008929505208006]],[[101.5273878786407,3.516598868638061],[101.52790608703124,3.516598868638061],[101.52790608703124,3.5173841712942133],[101.5273878786407,3.5173841712942133],[101.5273878786407,3.518562126485894],[101.52635146185958,3.518954778538514],[101.52635146185958,3.518562126485894],[101.525833253469,3.518562126485894],[101.525833253469,3.5177768228637625],[101.52635146185958,3.5177768228637625],[101.52635146185958,3.516598868638061],[101.52686967025014,3.516598868638061],[101.52686967025014,3.51620621755142],[101.5273878786407,3.51620621755142],[101.5273878786407,3.516598868638061]],[[101.52635146185958,3.5193474307521937],[101.52686967025014,3.5193474307521937],[101.52686967025014,3.5209180412178753],[101.52635146185958,3.5209180412178753],[101.525833253469,3.522881307926007],[101.52531504507844,3.522881307926007],[101.52531504507844,3.5244519241947505],[101.52479683668788,3.5244519241947505],[101.52479683668788,3.5256298880900436],[101.52427862829734,3.5256298880900436],[101.52427862829734,3.527200508876347],[101.52376041990676,3.527200508876347],[101.52376041990676,3.5287711322457094],[101.5232422115162,3.5287711322457094],[101.5232422115162,3.529949101468564],[101.52272400312565,3.529949101468564],[101.52220579473509,3.532305044277106],[101.52116937795397,3.532697701977627],[101.52116937795397,3.532305044277106],[101.5206511695634,3.532305044277106],[101.5206511695634,3.531519729361076],[101.52116937795397,3.531519729361076],[101.52168758634453,3.5287711322457094],[101.52220579473509,3.5287711322457094],[101.52220579473509,3.527593164476481],[101.52272400312565,3.527593164476481],[101.52272400312565,3.526022543044521],[101.5232422115162,3.526022543044521],[101.52376041990676,3.522881307926007],[101.52427862829734,3.522881307926007],[101.52427862829734,3.522096000759156],[101.52479683668788,3.522096000759156],[101.52531504507844,3.5193474307521937],[101.525833253469,3.5193474307521937],[101.525833253469,3.518954778538514],[101.52635146185958,3.518954778538514],[101.52635146185958,3.5193474307521937]],[[101.52116937795397,3.533090359839844],[101.52168758634453,3.533090359839844],[101.52168758634453,3.533875676049438],[101.52116937795397,3.533875676049438],[101.52116937795397,3.535053651576995],[101.5206511695634,3.535053651576995],[101.5206511695634,3.536231628560793],[101.52013296117285,3.536231628560793],[101.52013296117285,3.5374096070013197],[101.51961475278229,3.5374096070013197],[101.51961475278229,3.5393729076407046],[101.51857833600116,3.5397655682545217],[101.51857833600116,3.5393729076407046],[101.5180601276106,3.5393729076407046],[101.5180601276106,3.537802266805298],[101.51857833600116,3.537802266805298],[101.51857833600116,3.5366242878790857],[101.51909654439173,3.5366242878790857],[101.51909654439173,3.535446310409766],[101.51961475278229,3.535446310409766],[101.51961475278229,3.533875676049438],[101.52013296117285,3.533875676049438],[101.52013296117285,3.533090359839844],[101.5206511695634,3.533090359839844],[101.5206511695634,3.532697701977627],[101.52116937795397,3.532697701977627],[101.52116937795397,3.533090359839844]],[[101.52220579473509,3.5107091192281508],[101.52220579473509,3.5111017680633827],[101.52168758634453,3.5111017680633827],[101.52116937795397,3.5103164705535983],[101.52220579473509,3.509923822039707],[101.52220579473509,3.5103164705535983],[101.52272400312565,3.5103164705535983],[101.52272400312565,3.5107091192281508],[101.52220579473509,3.5107091192281508]],[[101.5154690856578,3.502856176241942],[101.5154690856578,3.5032488218670457],[101.51495087726724,3.5032488218670457],[101.51443266887668,3.5024635307771548],[101.5154690856578,3.502070885472665],[101.5154690856578,3.5024635307771548],[101.51598729404836,3.5024635307771548],[101.51598729404836,3.502856176241942],[101.5154690856578,3.502856176241942]],[[101.51598729404836,3.5001076613540465],[101.51702371082949,3.4997150170109625],[101.51754191922004,3.5005003058573205],[101.51650550243892,3.5008929505208006],[101.51598729404836,3.5001076613540465]],[[101.5061413346277,3.578639773968363],[101.50665954301827,3.5794251279440426],[101.50562312623715,3.5798178051776577],[101.50510491784658,3.5790324508742835],[101.5061413346277,3.578639773968363]],[[101.49888641715985,3.5919908807915615],[101.49888641715985,3.59316892874477],[101.49785000037873,3.593561611724798],[101.49681358359761,3.591598198469391],[101.49785000037873,3.59120551631164],[101.49785000037873,3.591598198469391],[101.49888641715985,3.5919908807915615]],[[101.49681358359761,3.59120551631164],[101.49681358359761,3.5908128343182897],[101.4957771668165,3.590420152489324],[101.49629537520705,3.589634789324468],[101.49785000037873,3.590420152489324],[101.49785000037873,3.5908128343182897],[101.49681358359761,3.59120551631164]],[[101.52790608703124,3.553116125646327],[101.52894250381237,3.553508791941724],[101.52842429542181,3.554294125020509],[101.5273878786407,3.553901458399778],[101.52790608703124,3.553116125646327]],[[101.5206511695634,3.546048160122951],[101.52220579473509,3.545262833868545],[101.52220579473509,3.5456554969146],[101.5232422115162,3.546048160122951],[101.5232422115162,3.5468334870266087],[101.52376041990676,3.5468334870266087],[101.52376041990676,3.5472261507219516],[101.5232422115162,3.5472261507219516],[101.5232422115162,3.547618814579662],[101.52168758634453,3.547618814579662],[101.5206511695634,3.546048160122951]],[[101.51857833600116,3.5417288737543005],[101.51961475278229,3.5421215353405224],[101.51909654439173,3.542906858999378],[101.5180601276106,3.542514197088875],[101.51857833600116,3.5417288737543005]],[[101.52842429542181,3.537802266805298],[101.52946071220295,3.538194926771207],[101.52894250381237,3.5389802471888925],[101.52790608703124,3.538587586899065],[101.52842429542181,3.537802266805298]],[[101.50665954301827,3.527985820238073],[101.5061413346277,3.527985820238073],[101.50665954301827,3.527200508876347],[101.50769595979939,3.527200508876347],[101.50769595979939,3.527593164476481],[101.50821416818995,3.527593164476481],[101.50976879336163,3.526022543044521],[101.51028700175219,3.526022543044521],[101.51028700175219,3.526415198160385],[101.51132341853331,3.526415198160385],[101.51132341853331,3.5256298880900436],[101.51184162692388,3.5256298880900436],[101.51184162692388,3.524844578665177],[101.51235983531443,3.524844578665177],[101.51235983531443,3.5244519241947505],[101.51339625209555,3.524844578665177],[101.51339625209555,3.5252372332969353],[101.512878043705,3.5252372332969353],[101.512878043705,3.526415198160385],[101.51235983531443,3.526415198160385],[101.51235983531443,3.5268078534376546],[101.512878043705,3.5268078534376546],[101.512878043705,3.5287711322457094],[101.51235983531443,3.5287711322457094],[101.51184162692388,3.5295564448994017],[101.51080521014275,3.5295564448994017],[101.51080521014275,3.5291637884917897],[101.50976879336163,3.5291637884917897],[101.50976879336163,3.5295564448994017],[101.50769595979939,3.5295564448994017],[101.50665954301827,3.527985820238073]],[[101.50976879336163,3.523666615737823],[101.51080521014275,3.523666615737823],[101.51132341853331,3.5244519241947505],[101.51080521014275,3.5244519241947505],[101.51080521014275,3.524844578665177],[101.50976879336163,3.524844578665177],[101.50976879336163,3.5244519241947505],[101.50925058497107,3.5244519241947505],[101.50976879336163,3.523666615737823]],[[101.51443266887668,3.513850314410532],[101.5154690856578,3.513850314410532],[101.51598729404836,3.5146356148140057],[101.5154690856578,3.5146356148140057],[101.5154690856578,3.5150282652570226],[101.51443266887668,3.5150282652570226],[101.51443266887668,3.5146356148140057],[101.51391446048612,3.5146356148140057],[101.51443266887668,3.513850314410532]],[[101.51702371082949,3.513457664450041],[101.5180601276106,3.513850314410532],[101.51754191922004,3.5146356148140057],[101.51650550243892,3.514242964531848],[101.51702371082949,3.513457664450041]],[[101.51235983531443,3.5118870662159534],[101.51391446048612,3.512672365011458],[101.51391446048612,3.513850314410532],[101.51339625209555,3.513850314410532],[101.51339625209555,3.514242964531848],[101.51235983531443,3.514242964531848],[101.51235983531443,3.513850314410532],[101.51184162692388,3.513850314410532],[101.51184162692388,3.5122797155333303],[101.51235983531443,3.5122797155333303],[101.51235983531443,3.5118870662159534]],[[101.51650550243892,3.5103164705535983],[101.51754191922004,3.5103164705535983],[101.51754191922004,3.5107091192281508],[101.5180601276106,3.5107091192281508],[101.51702371082949,3.5122797155333303],[101.51598729404836,3.5118870662159534],[101.51598729404836,3.5107091192281508],[101.51650550243892,3.5107091192281508],[101.51650550243892,3.5103164705535983]],[[101.51028700175219,3.508353229590385],[101.51132341853331,3.5079605818795234],[101.51132341853331,3.508353229590385],[101.51235983531443,3.508745877461816],[101.51235983531443,3.509531173686458],[101.51132341853331,3.509923822039707],[101.51132341853331,3.509531173686458],[101.51028700175219,3.509138525493833],[101.51028700175219,3.508353229590385]],[[101.51650550243892,3.508745877461816],[101.51754191922004,3.509138525493833],[101.51702371082949,3.509923822039707],[101.51598729404836,3.509531173686458],[101.51650550243892,3.508745877461816]],[[101.52272400312565,3.5075679343292148],[101.52272400312565,3.508353229590385],[101.52220579473509,3.508353229590385],[101.52220579473509,3.508745877461816],[101.5206511695634,3.5079605818795234],[101.52116937795397,3.50717528693944],[101.52220579473509,3.50717528693944],[101.52220579473509,3.5075679343292148],[101.52272400312565,3.5075679343292148]],[[101.52013296117285,3.5075679343292148],[101.52013296117285,3.5079605818795234],[101.51909654439173,3.5079605818795234],[101.51909654439173,3.508353229590385],[101.51857833600116,3.508353229590385],[101.51857833600116,3.5079605818795234],[101.5180601276106,3.5079605818795234],[101.5180601276106,3.5075679343292148],[101.51857833600116,3.5075679343292148],[101.51857833600116,3.50678263971018],[101.51702371082949,3.5059973457331344],[101.51702371082949,3.505212052397934],[101.51754191922004,3.505212052397934],[101.51754191922004,3.5044267597044305],[101.5180601276106,3.5044267597044305],[101.5180601276106,3.503641467652482],[101.51857833600116,3.503641467652482],[101.51857833600116,3.5032488218670457],[101.51961475278229,3.503641467652482],[101.51961475278229,3.504034113598272],[101.51909654439173,3.504034113598272],[101.51909654439173,3.505212052397934],[101.51961475278229,3.505212052397934],[101.51961475278229,3.5059973457331344],[101.52013296117285,3.5059973457331344],[101.52013296117285,3.50678263971018],[101.5206511695634,3.50678263971018],[101.5206511695634,3.5075679343292148],[101.52013296117285,3.5075679343292148]],[[101.512878043705,3.5059973457331344],[101.51391446048612,3.506389992641418],[101.51339625209555,3.50717528693944],[101.51235983531443,3.50678263971018],[101.512878043705,3.5059973457331344]],[[101.51391446048612,3.5048194059709785],[101.51495087726724,3.505212052397934],[101.51443266887668,3.5059973457331344],[101.51339625209555,3.5056046989853122],[101.51391446048612,3.5048194059709785]],[[101.52946071220295,3.5008929505208006],[101.53049712898405,3.5008929505208006],[101.53101533737461,3.501678240328455],[101.53049712898405,3.501678240328455],[101.53049712898405,3.502070885472665],[101.52946071220295,3.502070885472665],[101.52946071220295,3.501678240328455],[101.52894250381237,3.501678240328455],[101.52946071220295,3.5008929505208006]],[[101.52220579473509,3.4977517976977346],[101.5232422115162,3.4981444412401483],[101.52272400312565,3.4989297288052863],[101.52168758634453,3.498537084942659],[101.52220579473509,3.4977517976977346]],[[101.51961475278229,3.4973591543154017],[101.5206511695634,3.4977517976977346],[101.52013296117285,3.498537084942659],[101.51909654439173,3.4981444412401483],[101.51961475278229,3.4973591543154017]]],[[[101.5061413346277,3.55939880590177],[101.50562312623715,3.55939880590177],[101.50562312623715,3.559791474801869],[101.5061413346277,3.559791474801869],[101.5061413346277,3.55939880590177]]],[[[101.5061413346277,3.5621474916250135],[101.50562312623715,3.5621474916250135],[101.50562312623715,3.5625401616661323],[101.5061413346277,3.5625401616661323],[101.5061413346277,3.5621474916250135]]],[[[101.53516100449909,3.491469522777649],[101.53542479999999,3.4906199961500874],[101.53516100449909,3.490420368416896],[101.53516100449909,3.491469522777649]]],[[[101.53464279610854,3.491469522777649],[101.53464279610854,3.4918621637609615],[101.53516100449909,3.4918621637609615],[101.53516100449909,3.491469522777649],[101.53464279610854,3.491469522777649]]],[[[101.53412458771798,3.493825371075003],[101.53412458771798,3.4930400876698178],[101.53360637932742,3.4930400876698178],[101.53360637932742,3.493825371075003],[101.53412458771798,3.493825371075003]]],[[[101.53516100449909,3.4946106551197818],[101.53464279610854,3.4946106551197818],[101.53464279610854,3.4950032973820635],[101.53516100449909,3.4950032973820635],[101.53516100449909,3.4946106551197818]]],[[[101.52790608703124,3.496573868030902],[101.5273878786407,3.496573868030902],[101.5273878786407,3.49696651109313],[101.52790608703124,3.49696651109313],[101.52790608703124,3.496573868030902]]],[[[101.5403430884047,3.4977517976977346],[101.5403430884047,3.4973591543154017],[101.53982488001414,3.4973591543154017],[101.53982488001414,3.4977517976977346],[101.5403430884047,3.4977517976977346]]],[[[101.53982488001414,3.4977517976977346],[101.53930667162359,3.4977517976977346],[101.53930667162359,3.4981444412401483],[101.53982488001414,3.4981444412401483],[101.53982488001414,3.4977517976977346]]],[[[101.53516100449909,3.4989297288052863],[101.53464279610854,3.4989297288052863],[101.53464279610854,3.499322372828048],[101.53516100449909,3.499322372828048],[101.53516100449909,3.4989297288052863]]],[[[101.5367156296708,3.499322372828048],[101.5367156296708,3.4989297288052863],[101.53619742128022,3.4989297288052863],[101.53619742128022,3.499322372828048],[101.5367156296708,3.499322372828048]]],[[[101.52635146185958,3.5024635307771548],[101.525833253469,3.5024635307771548],[101.525833253469,3.502856176241942],[101.52635146185958,3.502856176241942],[101.52635146185958,3.5024635307771548]]],[[[101.5273878786407,3.509531173686458],[101.52686967025014,3.509531173686458],[101.52686967025014,3.509923822039707],[101.5273878786407,3.509923822039707],[101.5273878786407,3.509531173686458]]]]},"properties":{"place_id":"b8005e6e-7b96-5d65-91fd-4749cb73f74e","habitat":"forest_interior","habitat_label":"Forest interior","resolution_m":50}},{"type":"Feature","geometry":{"type":"MultiPolygon","coordinates":[[[[101.51495087726724,3.499322372828048],[101.51486766421131,3.499322372828048],[101.51495087726724,3.499413014474584],[101.51495087726724,3.499322372828048]]],[[[101.5154690856578,3.5008929505208006],[101.51598729404836,3.5008929505208006],[101.51598729404836,3.5005003058573205],[101.5154690856578,3.5005003058573205],[101.51515472873683,3.4997150170109625],[101.51456509864988,3.501678240328455],[101.5154690856578,3.5012855953445063],[101.5154690856578,3.5008929505208006]]],[[[101.51495087726724,3.502070885472665],[101.51443266887668,3.502856176241942],[101.5154690856578,3.5032488218670457],[101.51598729404836,3.5024635307771548],[101.51495087726724,3.502070885472665]]],[[[101.51391446048612,3.5048194059709785],[101.51339625209555,3.5056046989853122],[101.51443266887668,3.5059973457331344],[101.51495087726724,3.505212052397934],[101.51391446048612,3.5048194059709785]]],[[[101.512878043705,3.5059973457331344],[101.51235983531443,3.50678263971018],[101.51339625209555,3.50717528693944],[101.51391446048612,3.506389992641418],[101.512878043705,3.5059973457331344]]],[[[101.51132341853331,3.508353229590385],[101.51132341853331,3.5079605818795234],[101.51080521014275,3.5079605818795234],[101.51080521014275,3.508353229590385],[101.51028700175219,3.508353229590385],[101.51028700175219,3.509138525493833],[101.51184162692388,3.509923822039707],[101.51184162692388,3.509531173686458],[101.51235983531443,3.509531173686458],[101.51235983531443,3.508745877461816],[101.51132341853331,3.508353229590385]]],[[[101.512878043705,3.5122797155333303],[101.512878043705,3.5118870662159534],[101.51184162692388,3.5122797155333303],[101.51184162692388,3.513850314410532],[101.51235983531443,3.513850314410532],[101.51235983531443,3.514242964531848],[101.51339625209555,3.514242964531848],[101.51339625209555,3.513850314410532],[101.51391446048612,3.513850314410532],[101.51391446048612,3.512672365011458],[101.512878043705,3.5122797155333303]]],[[[101.51443266887668,3.513850314410532],[101.51391446048612,3.5146356148140057],[101.51443266887668,3.5146356148140057],[101.51443266887668,3.5150282652570226],[101.5154690856578,3.5150282652570226],[101.51598729404836,3.514242964531848],[101.5154690856578,3.514242964531848],[101.5154690856578,3.513850314410532],[101.51443266887668,3.513850314410532]]],[[[101.50844520043209,3.514242964531848],[101.50769595979939,3.5173841712942133],[101.50873237658051,3.5173841712942133],[101.50873237658051,3.516991519885653],[101.50925058497107,3.516991519885653],[101.50976879336163,3.5177768228637625],[101.51028700175219,3.5177768228637625],[101.51028700175219,3.5173841712942133],[101.51132341853331,3.5173841712942133],[101.51132341853331,3.5177768228637625],[101.51184162692388,3.5177768228637625],[101.512878043705,3.516598868638061],[101.51184162692388,3.51620621755142],[101.51184162692388,3.516598868638061],[101.51080521014275,3.516991519885653],[101.51080521014275,3.516598868638061],[101.50976879336163,3.51620621755142],[101.50925058497107,3.5146356148140057],[101.50844520043209,3.514242964531848]],[[101.50976879336163,3.516598868638061],[101.50925058497107,3.516598868638061],[101.50925058497107,3.51620621755142],[101.50976879336163,3.51620621755142],[101.50976879336163,3.516598868638061]]],[[[101.50976879336163,3.523666615737823],[101.50925058497107,3.5244519241947505],[101.50976879336163,3.5244519241947505],[101.50976879336163,3.524844578665177],[101.51080521014275,3.524844578665177],[101.51132341853331,3.5240592698856394],[101.51080521014275,3.5240592698856394],[101.51080521014275,3.523666615737823],[101.50976879336163,3.523666615737823]]],[[[101.51235983531443,3.5291637884917897],[101.51235983531443,3.5287711322457094],[101.512878043705,3.5287711322457094],[101.512878043705,3.5268078534376546],[101.51235983531443,3.5268078534376546],[101.51235983531443,3.526415198160385],[101.512878043705,3.526415198160385],[101.512878043705,3.5252372332969353],[101.51339625209555,3.5252372332969353],[101.512878043705,3.5244519241947505],[101.51184162692388,3.524844578665177],[101.51132341853331,3.526415198160385],[101.51028700175219,3.526415198160385],[101.51028700175219,3.526022543044521],[101.50976879336163,3.526022543044521],[101.50821416818995,3.527593164476481],[101.50769595979939,3.527593164476481],[101.50769595979939,3.527200508876347],[101.50665954301827,3.527200508876347],[101.50665954301827,3.527593164476481],[101.5061413346277,3.527593164476481],[101.5061413346277,3.527985820238073],[101.50717775140883,3.5283784761611434],[101.50717775140883,3.5291637884917897],[101.50769595979939,3.5291637884917897],[101.50769595979939,3.5295564448994017],[101.50976879336163,3.5295564448994017],[101.50976879336163,3.5291637884917897],[101.51184162692388,3.5295564448994017],[101.51184162692388,3.5291637884917897],[101.51235983531443,3.5291637884917897]],[[101.50873237658051,3.5283784761611434],[101.50925058497107,3.5283784761611434],[101.50925058497107,3.5287711322457094],[101.50873237658051,3.5287711322457094],[101.50873237658051,3.5283784761611434]],[[101.50925058497107,3.527985820238073],[101.50976879336163,3.527985820238073],[101.50976879336163,3.5283784761611434],[101.50925058497107,3.5283784761611434],[101.50925058497107,3.527985820238073]],[[101.50976879336163,3.527200508876347],[101.51080521014275,3.527200508876347],[101.51132341853331,3.527985820238073],[101.51028700175219,3.5283784761611434],[101.51028700175219,3.527985820238073],[101.50976879336163,3.527985820238073],[101.50976879336163,3.527200508876347]],[[101.51132341853331,3.5283784761611434],[101.51132341853331,3.5287711322457094],[101.51080521014275,3.5287711322457094],[101.51080521014275,3.5283784761611434],[101.51132341853331,3.5283784761611434]]],[[[101.50976879336163,3.537802266805298],[101.50976879336163,3.5377170743574125],[101.5096554738838,3.537802266805298],[101.50976879336163,3.537802266805298]]],[[[101.50976879336163,3.53714113300531],[101.509734,3.537254596100073],[101.50976879336163,3.537302778151049],[101.50976879336163,3.53714113300531]]],[[[101.50925058497107,3.538194926771207],[101.50925058497107,3.5380215093823977],[101.50897998847714,3.538194926771207],[101.50925058497107,3.538194926771207]]],[[[101.5009592507221,3.5432995210720475],[101.50044104233154,3.544084845703963],[101.50199566750322,3.544870170984765],[101.50199566750322,3.5444775082632436],[101.50251387589378,3.5444775082632436],[101.50251387589378,3.543692183306903],[101.50199566750322,3.543692183306903],[101.50199566750322,3.5432995210720475],[101.5009592507221,3.5432995210720475]]],[[[101.49214970808258,3.576283715972424],[101.49214970808258,3.576676391895697],[101.49122472222899,3.576676391895697],[101.49059508291089,3.577324544056655],[101.49059508291089,3.5782470972262628],[101.491631499692,3.578639773968363],[101.491631499692,3.5794251279440426],[101.49111329130146,3.5794251279440426],[101.49059508291089,3.580210482575147],[101.49111329130146,3.580210482575147],[101.491631499692,3.5809958378618214],[101.49266791647312,3.5809958378618214],[101.4931861248637,3.5817811938042134],[101.49422254164482,3.5817811938042134],[101.49422254164482,3.5825665504024657],[101.49474075003538,3.5825665504024657],[101.49474075003538,3.582959228947585],[101.49629537520705,3.582959228947585],[101.49629537520705,3.5833519076567253],[101.49681358359761,3.5833519076567253],[101.4957771668165,3.584529944768443],[101.49629537520705,3.584529944768443],[101.49629537520705,3.585315303663354],[101.49733179198817,3.5857079833569934],[101.49733179198817,3.5864933432367305],[101.4957771668165,3.5857079833569934],[101.49525895842594,3.5837445865299014],[101.49474075003538,3.5837445865299014],[101.49474075003538,3.5833519076567253],[101.49370433325426,3.5833519076567253],[101.49370433325426,3.5825665504024657],[101.4931861248637,3.5825665504024657],[101.49214970808258,3.5813885157510446],[101.49111329130146,3.5813885157510446],[101.49111329130146,3.5809958378618214],[101.48904045773921,3.5798178051776577],[101.48904045773921,3.580210482575147],[101.48852224934865,3.580210482575147],[101.48800404095809,3.5837445865299014],[101.48644941578641,3.584529944768443],[101.48655383942949,3.58610066321478],[101.48696762417697,3.58610066321478],[101.48644941578641,3.587278703773203],[101.48437658222416,3.5868860234228666],[101.48437658222416,3.587278703773203],[101.4838583738336,3.587278703773203],[101.4838583738336,3.588456745809601],[101.4832121,3.58857679604512],[101.4838583738336,3.5892591970745378],[101.48437658222416,3.5892421079885404],[101.48437658222416,3.5888494268169238],[101.48489479061472,3.5888494268169238],[101.48489479061472,3.5876713842877583],[101.48593120739584,3.5876713842877583],[101.48644941578641,3.589634789324468],[101.48696762417697,3.589634789324468],[101.48696762417697,3.5908128343182897],[101.48748583256751,3.5908128343182897],[101.48748583256751,3.591598198469391],[101.48800404095809,3.591598198469391],[101.48800404095809,3.5919908807915615],[101.48904045773921,3.591598198469391],[101.48904045773921,3.5908128343182897],[101.48852224934865,3.5908128343182897],[101.48852224934865,3.590027470824721],[101.48800404095809,3.590027470824721],[101.48800404095809,3.588456745809601],[101.48748583256751,3.588456745809601],[101.48748583256751,3.5864933432367305],[101.48800404095809,3.5864933432367305],[101.48800404095809,3.58610066321478],[101.48748583256751,3.58610066321478],[101.48748583256751,3.584529944768443],[101.48904045773921,3.584529944768443],[101.48904045773921,3.5849226241338434],[101.49007687452033,3.584529944768443],[101.49007687452033,3.5841372655671346],[101.48904045773921,3.5837445865299014],[101.48904045773921,3.5821738720213476],[101.48955866612977,3.5821738720213476],[101.48955866612977,3.5813885157510446],[101.49007687452033,3.5813885157510446],[101.49007687452033,3.5817811938042134],[101.49111329130146,3.5817811938042134],[101.49111329130146,3.5821738720213476],[101.49214970808258,3.5821738720213476],[101.49214970808258,3.5825665504024657],[101.49266791647312,3.5825665504024657],[101.49266791647312,3.5837445865299014],[101.4931861248637,3.5837445865299014],[101.4931861248637,3.5841372655671346],[101.49422254164482,3.5841372655671346],[101.49474075003538,3.58610066321478],[101.4957771668165,3.5864933432367305],[101.4957771668165,3.5868860234228666],[101.49525895842594,3.5868860234228666],[101.49525895842594,3.5880640649665523],[101.49474075003538,3.5880640649665523],[101.49474075003538,3.5892421079885404],[101.49525895842594,3.5892421079885404],[101.49525895842594,3.589634789324468],[101.4957771668165,3.589634789324468],[101.4957771668165,3.5892421079885404],[101.49785000037873,3.5880640649665523],[101.49785000037873,3.5864933432367305],[101.49940462555043,3.5864933432367305],[101.49940462555043,3.58610066321478],[101.50044104233154,3.58610066321478],[101.50044104233154,3.5857079833569934],[101.50199566750322,3.5857079833569934],[101.50199566750322,3.585315303663354],[101.50251387589378,3.585315303663354],[101.50199566750322,3.584529944768443],[101.49992283394097,3.584529944768443],[101.49992283394097,3.5849226241338434],[101.49888641715985,3.584529944768443],[101.4983682087693,3.585315303663354],[101.49733179198817,3.585315303663354],[101.49733179198817,3.584529944768443],[101.49681358359761,3.584529944768443],[101.49681358359761,3.5841372655671346],[101.4983682087693,3.5833519076567253],[101.4983682087693,3.5825665504024657],[101.49785000037873,3.5825665504024657],[101.49785000037873,3.5821738720213476],[101.49733179198817,3.5821738720213476],[101.49733179198817,3.5825665504024657],[101.49525895842594,3.5821738720213476],[101.49525895842594,3.5813885157510446],[101.49629537520705,3.5813885157510446],[101.49629537520705,3.5809958378618214],[101.49681358359761,3.5809958378618214],[101.49629537520705,3.580210482575147],[101.49474075003538,3.580210482575147],[101.49422254164482,3.5809958378618214],[101.49370433325426,3.5809958378618214],[101.4931861248637,3.580210482575147],[101.491631499692,3.580210482575147],[101.491631499692,3.5798178051776577],[101.49266791647312,3.5794251279440426],[101.49266791647312,3.578639773968363],[101.491631499692,3.5782470972262628],[101.491631499692,3.5774617442334486],[101.49266791647312,3.5778544206479643],[101.49266791647312,3.5774617442334486],[101.49370433325426,3.577069067982699],[101.49370433325426,3.578639773968363],[101.49525895842594,3.5794251279440426],[101.49525895842594,3.5790324508742835],[101.49681358359761,3.5782470972262628],[101.49681358359761,3.577069067982699],[101.4957771668165,3.576676391895697],[101.4957771668165,3.57471301391626],[101.49629537520705,3.57471301391626],[101.49629537520705,3.574320338811361],[101.49681358359761,3.574320338811361],[101.49733179198817,3.5751056891847983],[101.4983682087693,3.57471301391626],[101.4983682087693,3.575498364616993],[101.49785000037873,3.575498364616993],[101.49733179198817,3.577069067982699],[101.49785000037873,3.577069067982699],[101.49785000037873,3.5774617442334486],[101.49888641715985,3.577069067982699],[101.49888641715985,3.5778544206479643],[101.49992283394097,3.5782470972262628],[101.49992283394097,3.5778544206479643],[101.50044104233154,3.5778544206479643],[101.50044104233154,3.577069067982699],[101.50147745911266,3.576676391895697],[101.50147745911266,3.5778544206479643],[101.50199566750322,3.5778544206479643],[101.50199566750322,3.5782470972262628],[101.5009592507221,3.5782470972262628],[101.5009592507221,3.578639773968363],[101.50044104233154,3.578639773968363],[101.50044104233154,3.5790324508742835],[101.50147745911266,3.5794251279440426],[101.50147745911266,3.580210482575147],[101.50044104233154,3.580603160136529],[101.50044104233154,3.5813885157510446],[101.5009592507221,3.5813885157510446],[101.5009592507221,3.5817811938042134],[101.50199566750322,3.5817811938042134],[101.50199566750322,3.5821738720213476],[101.50303208428434,3.5825665504024657],[101.50303208428434,3.5821738720213476],[101.5035502926749,3.5821738720213476],[101.5035502926749,3.5809958378618214],[101.50303208428434,3.5809958378618214],[101.50303208428434,3.5798178051776577],[101.5035502926749,3.5798178051776577],[101.5035502926749,3.5794251279440426],[101.50303208428434,3.5794251279440426],[101.50303208428434,3.5782470972262628],[101.50458670945604,3.5790324508742835],[101.50458670945604,3.578639773968363],[101.50562312623715,3.578639773968363],[101.50562312623715,3.5782470972262628],[101.50717775140883,3.5782470972262628],[101.50717775140883,3.578639773968363],[101.50769595979939,3.578639773968363],[101.50821416818995,3.5778544206479643],[101.50769595979939,3.5778544206479643],[101.50769595979939,3.5774617442334486],[101.50665954301827,3.5774617442334486],[101.50665954301827,3.577069067982699],[101.50406850106546,3.577069067982699],[101.50406850106546,3.576676391895697],[101.50303208428434,3.576676391895697],[101.50303208428434,3.5751056891847983],[101.50251387589378,3.5751056891847983],[101.50251387589378,3.57471301391626],[101.50147745911266,3.5751056891847983],[101.50147745911266,3.574320338811361],[101.5009592507221,3.574320338811361],[101.5009592507221,3.5739276638700814],[101.49888641715985,3.5727496400277823],[101.49888641715985,3.5719642916173515],[101.49940462555043,3.5719642916173515],[101.49940462555043,3.572356965740802],[101.50044104233154,3.5719642916173515],[101.5009592507221,3.5727496400277823],[101.50303208428434,3.5727496400277823],[101.50303208428434,3.5739276638700814],[101.5035502926749,3.5739276638700814],[101.50406850106546,3.57471301391626],[101.50562312623715,3.5739276638700814],[101.5061413346277,3.575498364616993],[101.50665954301827,3.575498364616993],[101.50665954301827,3.5758910402128614],[101.50769595979939,3.5758910402128614],[101.50769595979939,3.576676391895697],[101.50821416818995,3.576676391895697],[101.50821416818995,3.577069067982699],[101.50925058497107,3.576676391895697],[101.50873237658051,3.5751056891847983],[101.51028700175219,3.5751056891847983],[101.51028700175219,3.57471301391626],[101.51080521014275,3.57471301391626],[101.50976879336163,3.573142314478311],[101.50925058497107,3.573142314478311],[101.50821416818995,3.574320338811361],[101.50717775140883,3.574320338811361],[101.50717775140883,3.573142314478311],[101.50873237658051,3.572356965740802],[101.50821416818995,3.5715716176574115],[101.50717775140883,3.5719642916173515],[101.50717775140883,3.5707862702279947],[101.50821416818995,3.5703935967584792],[101.50821416818995,3.570000923452403],[101.50769595979939,3.570000923452403],[101.50769595979939,3.5692155773304934],[101.50821416818995,3.5692155773304934],[101.50769595979939,3.5684302318621213],[101.5061413346277,3.5684302318621213],[101.5061413346277,3.5688229045146236],[101.50510491784658,3.5692155773304934],[101.50510491784658,3.5696082503097477],[101.50562312623715,3.5696082503097477],[101.50510491784658,3.5719642916173515],[101.50458670945604,3.5719642916173515],[101.50458670945604,3.5711789438609656],[101.5035502926749,3.5707862702279947],[101.5035502926749,3.5692155773304934],[101.50303208428434,3.5692155773304934],[101.50303208428434,3.5688229045146236],[101.50251387589378,3.5688229045146236],[101.50251387589378,3.5692155773304934],[101.50147745911266,3.5692155773304934],[101.50147745911266,3.5684302318621213],[101.50199566750322,3.5684302318621213],[101.50199566750322,3.567644887047139],[101.50147745911266,3.567644887047139],[101.50147745911266,3.567252214884625],[101.50251387589378,3.567252214884625],[101.50251387589378,3.5668595428854033],[101.50303208428434,3.5668595428854033],[101.50303208428434,3.5664668710494563],[101.50147745911266,3.5656815278673166],[101.50147745911266,3.565288856521087],[101.50251387589378,3.56489618533806],[101.50251387589378,3.5633255022376122],[101.50303208428434,3.5633255022376122],[101.50303208428434,3.562932831870325],[101.50406850106546,3.562932831870325],[101.50406850106546,3.5645035143182167],[101.5035502926749,3.5645035143182167],[101.5035502926749,3.566074199376768],[101.50406850106546,3.566074199376768],[101.50406850106546,3.5664668710494563],[101.50510491784658,3.566074199376768],[101.50562312623715,3.5645035143182167],[101.50717775140883,3.565288856521087],[101.50821416818995,3.5641108434615396],[101.50717775140883,3.5637181727680116],[101.50665954301827,3.5621474916250135],[101.50821416818995,3.5621474916250135],[101.50873237658051,3.5613621520319305],[101.50665954301827,3.560184143864917],[101.50665954301827,3.55939880590177],[101.50769595979939,3.5590061371646007],[101.50769595979939,3.55939880590177],[101.50873237658051,3.559791474801869],[101.50873237658051,3.55939880590177],[101.50976879336163,3.5590061371646007],[101.50976879336163,3.557435463844862],[101.51080521014275,3.557042795922071],[101.51028700175219,3.5562574605649333],[101.50873237658051,3.5562574605649333],[101.50821416818995,3.557042795922071],[101.50665954301827,3.557042795922071],[101.50665954301827,3.557435463844862],[101.50562312623715,3.557042795922071],[101.50562312623715,3.5566501281621017],[101.50665954301827,3.5566501281621017],[101.50717775140883,3.5558647931305525],[101.50873237658051,3.5558647931305525],[101.50873237658051,3.5554721258589366],[101.50976879336163,3.5550794587500696],[101.50925058497107,3.554294125020509],[101.50458670945604,3.554686791803934],[101.50458670945604,3.554294125020509],[101.50665954301827,3.554294125020509],[101.50665954301827,3.553901458399778],[101.50821416818995,3.553901458399778],[101.50821416818995,3.553508791941724],[101.50873237658051,3.553508791941724],[101.50873237658051,3.5527234595135697],[101.50821416818995,3.5527234595135697],[101.50821416818995,3.551938127735901],[101.50873237658051,3.551938127735901],[101.50873237658051,3.5515454620909535],[101.50821416818995,3.5515454620909535],[101.50821416818995,3.5507601312887407],[101.50769595979939,3.5507601312887407],[101.50769595979939,3.5503674661314393],[101.50665954301827,3.5503674661314393],[101.50665954301827,3.5507601312887407],[101.5061413346277,3.5507601312887407],[101.50458670945604,3.552330793543434],[101.50303208428434,3.552330793543434],[101.50303208428434,3.551938127735901],[101.50251387589378,3.551938127735901],[101.50251387589378,3.551152796608573],[101.50303208428434,3.551152796608573],[101.50303208428434,3.5507601312887407],[101.50510491784658,3.5507601312887407],[101.50510491784658,3.5503674661314393],[101.5061413346277,3.5503674661314393],[101.5061413346277,3.549974801136651],[101.50665954301827,3.549974801136651],[101.50665954301827,3.5487968071271774],[101.50562312623715,3.5484041427822564],[101.50562312623715,3.547618814579662],[101.5061413346277,3.547618814579662],[101.5061413346277,3.5472261507219516],[101.50562312623715,3.5472261507219516],[101.50510491784658,3.5464408234936142],[101.50458670945604,3.5464408234936142],[101.50458670945604,3.5468334870266087],[101.50406850106546,3.5468334870266087],[101.50406850106546,3.5464408234936142],[101.50303208428434,3.5464408234936142],[101.50303208428434,3.545262833868545],[101.50406850106546,3.544870170984765],[101.50406850106546,3.543692183306903],[101.50458670945604,3.543692183306903],[101.50458670945604,3.544084845703963],[101.50562312623715,3.543692183306903],[101.50562312623715,3.5413362123301915],[101.50665954301827,3.540943551068177],[101.50717775140883,3.5393729076407046],[101.50821416818995,3.5393729076407046],[101.50873237658051,3.5386004830352267],[101.5069009,3.5394959960976826],[101.50634369999999,3.5405667960965497],[101.50458670945604,3.5413362123301915],[101.50458670945604,3.542906858999378],[101.5035502926749,3.542906858999378],[101.5035502926749,3.5432995210720475],[101.50303208428434,3.5432995210720475],[101.50303208428434,3.5444775082632436],[101.50199566750322,3.544870170984765],[101.50199566750322,3.5464408234936142],[101.50251387589378,3.5464408234936142],[101.50303208428434,3.5472261507219516],[101.50406850106546,3.5472261507219516],[101.50406850106546,3.547618814579662],[101.50458670945604,3.547618814579662],[101.50406850106546,3.5491894716345374],[101.50458670945604,3.5491894716345374],[101.50510491784658,3.549974801136651],[101.50303208428434,3.549974801136651],[101.50303208428434,3.5503674661314393],[101.50147745911266,3.551152796608573],[101.50147745911266,3.551938127735901],[101.50199566750322,3.551938127735901],[101.50303208428434,3.553116125646327],[101.50458670945604,3.553116125646327],[101.50458670945604,3.5527234595135697],[101.50510491784658,3.5527234595135697],[101.50665954301827,3.551152796608573],[101.50769595979939,3.5515454620909535],[101.50769595979939,3.551938127735901],[101.50717775140883,3.551938127735901],[101.50717775140883,3.5527234595135697],[101.50769595979939,3.5527234595135697],[101.50769595979939,3.553116125646327],[101.50665954301827,3.553116125646327],[101.50665954301827,3.553508791941724],[101.50458670945604,3.553508791941724],[101.50458670945604,3.553901458399778],[101.5035502926749,3.554294125020509],[101.5035502926749,3.5550794587500696],[101.50406850106546,3.5550794587500696],[101.50406850106546,3.5554721258589366],[101.50665954301827,3.5554721258589366],[101.50665954301827,3.5558647931305525],[101.50458670945604,3.5562574605649333],[101.50458670945604,3.5566501281621017],[101.50406850106546,3.5566501281621017],[101.50406850106546,3.557435463844862],[101.50665954301827,3.55822080017898],[101.50665954301827,3.5586134685903437],[101.50562312623715,3.5586134685903437],[101.50562312623715,3.5590061371646007],[101.50458670945604,3.55939880590177],[101.50458670945604,3.560184143864917],[101.50510491784658,3.560184143864917],[101.50510491784658,3.5605768130909303],[101.50665954301827,3.5605768130909303],[101.50717775140883,3.5613621520319305],[101.50665954301827,3.5613621520319305],[101.50665954301827,3.561754821746952],[101.5061413346277,3.561754821746952],[101.5061413346277,3.5613621520319305],[101.50510491784658,3.5613621520319305],[101.50458670945604,3.5621474916250135],[101.50406850106546,3.5621474916250135],[101.50406850106546,3.561754821746952],[101.50303208428434,3.561754821746952],[101.50303208428434,3.5621474916250135],[101.50147745911266,3.562932831870325],[101.50147745911266,3.5645035143182167],[101.50044104233154,3.56489618533806],[101.50044104233154,3.566074199376768],[101.50147745911266,3.5664668710494563],[101.50147745911266,3.5668595428854033],[101.50044104233154,3.567252214884625],[101.50044104233154,3.567644887047139],[101.5009592507221,3.567644887047139],[101.50044104233154,3.5692155773304934],[101.5009592507221,3.5692155773304934],[101.5009592507221,3.5703935967584792],[101.50147745911266,3.5703935967584792],[101.50147745911266,3.5707862702279947],[101.50251387589378,3.5703935967584792],[101.50251387589378,3.5711789438609656],[101.5035502926749,3.5715716176574115],[101.5035502926749,3.572356965740802],[101.50303208428434,3.572356965740802],[101.50303208428434,3.5719642916173515],[101.50147745911266,3.5719642916173515],[101.5009592507221,3.5711789438609656],[101.49992283394097,3.5711789438609656],[101.49992283394097,3.5707862702279947],[101.49888641715985,3.5703935967584792],[101.49888641715985,3.5707862702279947],[101.49785000037873,3.5711789438609656],[101.49785000037873,3.573142314478311],[101.4983682087693,3.573142314478311],[101.4983682087693,3.573534989092404],[101.49940462555043,3.573534989092404],[101.50147745911266,3.5758910402128614],[101.5009592507221,3.5758910402128614],[101.5009592507221,3.576283715972424],[101.49992283394097,3.5758910402128614],[101.49992283394097,3.576283715972424],[101.49888641715985,3.576676391895697],[101.49940462555043,3.574320338811361],[101.49888641715985,3.574320338811361],[101.49888641715985,3.5739276638700814],[101.49629537520705,3.573534989092404],[101.49629537520705,3.5739276638700814],[101.49525895842594,3.5739276638700814],[101.49525895842594,3.574320338811361],[101.49474075003538,3.574320338811361],[101.49474075003538,3.576676391895697],[101.49422254164482,3.576676391895697],[101.49422254164482,3.576283715972424],[101.4931861248637,3.576283715972424],[101.4931861248637,3.5758910402128614],[101.49214970808258,3.576283715972424]],[[101.50562312623715,3.5487968071271774],[101.50510491784658,3.5487968071271774],[101.50510491784658,3.5484041427822564],[101.50562312623715,3.5484041427822564],[101.50562312623715,3.5487968071271774]],[[101.50458670945604,3.5472261507219516],[101.50510491784658,3.5472261507219516],[101.50510491784658,3.547618814579662],[101.50458670945604,3.547618814579662],[101.50458670945604,3.5472261507219516]],[[101.50665954301827,3.557828131930493],[101.50873237658051,3.557828131930493],[101.50873237658051,3.5590061371646007],[101.50821416818995,3.5590061371646007],[101.50769595979939,3.55822080017898],[101.50665954301827,3.55822080017898],[101.50665954301827,3.557828131930493]],[[101.50406850106546,3.572356965740802],[101.50406850106546,3.5727496400277823],[101.5035502926749,3.5727496400277823],[101.5035502926749,3.572356965740802],[101.50406850106546,3.572356965740802]],[[101.50458670945604,3.5727496400277823],[101.50458670945604,3.573142314478311],[101.50406850106546,3.573142314478311],[101.50406850106546,3.5727496400277823],[101.50458670945604,3.5727496400277823]],[[101.50199566750322,3.5758910402128614],[101.50199566750322,3.576283715972424],[101.50147745911266,3.576283715972424],[101.50147745911266,3.5758910402128614],[101.50199566750322,3.5758910402128614]],[[101.49525895842594,3.576676391895697],[101.4957771668165,3.5774617442334486],[101.49474075003538,3.5778544206479643],[101.49474075003538,3.576676391895697],[101.49525895842594,3.576676391895697]],[[101.49681358359761,3.5876713842877583],[101.49629537520705,3.5876713842877583],[101.49629537520705,3.5868860234228666],[101.49681358359761,3.5868860234228666],[101.49681358359761,3.5876713842877583]],[[101.49940462555043,3.5857079833569934],[101.49888641715985,3.5857079833569934],[101.49888641715985,3.585315303663354],[101.49940462555043,3.585315303663354],[101.49940462555043,3.5857079833569934]],[[101.50303208428434,3.5778544206479643],[101.50251387589378,3.5778544206479643],[101.50251387589378,3.577069067982699],[101.50303208428434,3.577069067982699],[101.50303208428434,3.5778544206479643]],[[101.50406850106546,3.5778544206479643],[101.5035502926749,3.5778544206479643],[101.5035502926749,3.5774617442334486],[101.50406850106546,3.5774617442334486],[101.50406850106546,3.5778544206479643]],[[101.5061413346277,3.572356965740802],[101.50665954301827,3.572356965740802],[101.50665954301827,3.573142314478311],[101.50562312623715,3.573534989092404],[101.50562312623715,3.573142314478311],[101.50510491784658,3.573142314478311],[101.50510491784658,3.572356965740802],[101.50562312623715,3.572356965740802],[101.50562312623715,3.5719642916173515],[101.5061413346277,3.5719642916173515],[101.5061413346277,3.572356965740802]],[[101.50665954301827,3.5696082503097477],[101.5061413346277,3.5696082503097477],[101.5061413346277,3.5692155773304934],[101.50665954301827,3.5692155773304934],[101.50665954301827,3.5696082503097477]],[[101.50562312623715,3.562932831870325],[101.50562312623715,3.5633255022376122],[101.5061413346277,3.5633255022376122],[101.5061413346277,3.5637181727680116],[101.50510491784658,3.5637181727680116],[101.50510491784658,3.562932831870325],[101.50562312623715,3.562932831870325]],[[101.50458670945604,3.562932831870325],[101.50458670945604,3.5625401616661323],[101.50510491784658,3.5625401616661323],[101.50510491784658,3.562932831870325],[101.50458670945604,3.562932831870325]],[[101.5061413346277,3.5625401616661323],[101.50562312623715,3.5625401616661323],[101.50562312623715,3.5621474916250135],[101.5061413346277,3.5621474916250135],[101.5061413346277,3.5625401616661323]],[[101.5061413346277,3.559791474801869],[101.50562312623715,3.559791474801869],[101.50562312623715,3.55939880590177],[101.5061413346277,3.55939880590177],[101.5061413346277,3.559791474801869]]],[[[101.48904045773921,3.5778544206479643],[101.48904045773921,3.577839999098603],[101.48896265868828,3.5778544206479643],[101.48904045773921,3.5778544206479643]]],[[[101.48852224934865,3.5782470972262628],[101.48852224934865,3.5780442113573154],[101.48834882921273,3.5782470972262628],[101.48852224934865,3.5782470972262628]]],[[[101.50562312623715,3.578639773968363],[101.50510491784658,3.5794251279440426],[101.5061413346277,3.5798178051776577],[101.50665954301827,3.5790324508742835],[101.50562312623715,3.578639773968363]]],[[[101.48437658222416,3.5868860234228666],[101.48437658222416,3.586554882052764],[101.48390679979072,3.5868860234228666],[101.48437658222416,3.5868860234228666]]],[[[101.4838583738336,3.587278703773203],[101.4838583738336,3.5869895842261887],[101.4837913265436,3.587278703773203],[101.4838583738336,3.587278703773203]]],[[[101.49681358359761,3.589634789324468],[101.49629537520705,3.589634789324468],[101.4957771668165,3.590420152489324],[101.49733179198817,3.59120551631164],[101.49785000037873,3.590420152489324],[101.49733179198817,3.590420152489324],[101.49681358359761,3.589634789324468]]],[[[101.49785000037873,3.593561611724798],[101.49888641715985,3.59316892874477],[101.49888641715985,3.5919908807915615],[101.49733179198817,3.59120551631164],[101.49681358359761,3.5919908807915615],[101.49733179198817,3.5919908807915615],[101.49733179198817,3.59316892874477],[101.49785000037873,3.59316892874477],[101.49785000037873,3.593561611724798]]],[[[101.51702371082949,3.490684241290374],[101.51670562067592,3.491469522777649],[101.51754191922004,3.4918621637609615],[101.5180601276106,3.491076881954126],[101.51702371082949,3.490684241290374]]],[[[101.51961475278229,3.4961812251287],[101.51961475278229,3.495788582386505],[101.51909654439173,3.495788582386505],[101.51909654439173,3.495395939804298],[101.5180601276106,3.495395939804298],[101.5180601276106,3.4950032973820635],[101.51702371082949,3.495526493351651],[101.51754191922004,3.496573868030902],[101.5180601276106,3.496573868030902],[101.5180601276106,3.4961812251287],[101.51857833600116,3.4961812251287],[101.51857833600116,3.496573868030902],[101.51961475278229,3.4961812251287]]],[[[101.51961475278229,3.4973591543154017],[101.51909654439173,3.4981444412401483],[101.52013296117285,3.498537084942659],[101.5206511695634,3.4977517976977346],[101.51961475278229,3.4973591543154017]]],[[[101.52220579473509,3.4977517976977346],[101.52168758634453,3.498537084942659],[101.52272400312565,3.4989297288052863],[101.5232422115162,3.4981444412401483],[101.52220579473509,3.4977517976977346]]],[[[101.51650550243892,3.4997150170109625],[101.51598729404836,3.5005003058573205],[101.51702371082949,3.5008929505208006],[101.51754191922004,3.5001076613540465],[101.51650550243892,3.4997150170109625]]],[[[101.51650550243892,3.5024635307771548],[101.51598729404836,3.5032488218670457],[101.51702371082949,3.503641467652482],[101.51754191922004,3.502856176241942],[101.51650550243892,3.5024635307771548]]],[[[101.51909654439173,3.504034113598272],[101.51961475278229,3.504034113598272],[101.51961475278229,3.503641467652482],[101.51857833600116,3.5032488218670457],[101.51857833600116,3.503641467652482],[101.5180601276106,3.503641467652482],[101.5180601276106,3.5044267597044305],[101.51754191922004,3.5044267597044305],[101.51754191922004,3.505212052397934],[101.51702371082949,3.505212052397934],[101.51702371082949,3.5059973457331344],[101.51857833600116,3.50678263971018],[101.51857833600116,3.5075679343292148],[101.5180601276106,3.5075679343292148],[101.51857833600116,3.508353229590385],[101.5206511695634,3.5075679343292148],[101.5206511695634,3.50678263971018],[101.52013296117285,3.50678263971018],[101.52013296117285,3.5059973457331344],[101.51961475278229,3.5059973457331344],[101.51961475278229,3.505212052397934],[101.51909654439173,3.505212052397934],[101.51909654439173,3.504034113598272]],[[101.51857833600116,3.506389992641418],[101.51857833600116,3.5059973457331344],[101.51909654439173,3.5059973457331344],[101.51909654439173,3.506389992641418],[101.51857833600116,3.506389992641418]],[[101.5180601276106,3.5059973457331344],[101.5180601276106,3.505212052397934],[101.51857833600116,3.505212052397934],[101.51857833600116,3.5059973457331344],[101.5180601276106,3.5059973457331344]]],[[[101.52220579473509,3.508353229590385],[101.52272400312565,3.508353229590385],[101.52272400312565,3.5075679343292148],[101.52220579473509,3.5075679343292148],[101.52220579473509,3.50717528693944],[101.52116937795397,3.50717528693944],[101.5206511695634,3.5079605818795234],[101.52116937795397,3.5079605818795234],[101.52168758634453,3.508745877461816],[101.52220579473509,3.508745877461816],[101.52220579473509,3.508353229590385]]],[[[101.51650550243892,3.508745877461816],[101.51598729404836,3.509531173686458],[101.51702371082949,3.509923822039707],[101.51754191922004,3.509138525493833],[101.51650550243892,3.508745877461816]]],[[[101.52168758634453,3.509923822039707],[101.52116937795397,3.5107091192281508],[101.52220579473509,3.5111017680633827],[101.52272400312565,3.5103164705535983],[101.52168758634453,3.509923822039707]]],[[[101.51754191922004,3.5107091192281508],[101.51754191922004,3.5103164705535983],[101.51650550243892,3.5103164705535983],[101.51650550243892,3.5107091192281508],[101.51598729404836,3.5107091192281508],[101.51598729404836,3.5118870662159534],[101.51650550243892,3.5118870662159534],[101.51650550243892,3.5122797155333303],[101.51754191922004,3.5118870662159534],[101.51754191922004,3.5111017680633827],[101.5180601276106,3.5111017680633827],[101.5180601276106,3.5107091192281508],[101.51754191922004,3.5107091192281508]]],[[[101.51702371082949,3.513457664450041],[101.51650550243892,3.514242964531848],[101.51754191922004,3.5146356148140057],[101.5180601276106,3.513850314410532],[101.51702371082949,3.513457664450041]]],[[[101.5206511695634,3.536231628560793],[101.5206511695634,3.535053651576995],[101.52116937795397,3.535053651576995],[101.52116937795397,3.533875676049438],[101.52168758634453,3.533875676049438],[101.52168758634453,3.533090359839844],[101.52116937795397,3.533090359839844],[101.52116937795397,3.532697701977627],[101.5206511695634,3.532697701977627],[101.5206511695634,3.533090359839844],[101.52013296117285,3.533090359839844],[101.52013296117285,3.533875676049438],[101.51961475278229,3.533875676049438],[101.51961475278229,3.535446310409766],[101.51909654439173,3.535446310409766],[101.51909654439173,3.5366242878790857],[101.51857833600116,3.5366242878790857],[101.51857833600116,3.537802266805298],[101.5180601276106,3.537802266805298],[101.5180601276106,3.5393729076407046],[101.51857833600116,3.5393729076407046],[101.51857833600116,3.5397655682545217],[101.51961475278229,3.5393729076407046],[101.51961475278229,3.5374096070013197],[101.52013296117285,3.5374096070013197],[101.52013296117285,3.536231628560793],[101.5206511695634,3.536231628560793]]],[[[101.51857833600116,3.5417288737543005],[101.5180601276106,3.542514197088875],[101.51909654439173,3.542906858999378],[101.51961475278229,3.5421215353405224],[101.51857833600116,3.5417288737543005]]],[[[101.52272400312565,3.546048160122951],[101.52220579473509,3.545262833868545],[101.5206511695634,3.546048160122951],[101.52168758634453,3.547618814579662],[101.5232422115162,3.547618814579662],[101.5232422115162,3.5472261507219516],[101.52376041990676,3.5472261507219516],[101.52376041990676,3.5468334870266087],[101.5232422115162,3.5468334870266087],[101.5232422115162,3.546048160122951],[101.52272400312565,3.546048160122951]]],[[[101.5180601276106,3.549582136304356],[101.5180601276106,3.549974801136651],[101.51754191922004,3.549974801136651],[101.51754191922004,3.5550794587500696],[101.51857833600116,3.5554721258589366],[101.51857833600116,3.5550794587500696],[101.51909654439173,3.5550794587500696],[101.51909654439173,3.549974801136651],[101.5180601276106,3.549582136304356]]],[[[101.52168758634453,3.562932831870325],[101.52168758634453,3.5613621520319305],[101.52116937795397,3.5613621520319305],[101.52116937795397,3.560184143864917],[101.5206511695634,3.560184143864917],[101.5206511695634,3.5586134685903437],[101.52013296117285,3.5586134685903437],[101.52013296117285,3.557435463844862],[101.51961475278229,3.557435463844862],[101.51961475278229,3.5558647931305525],[101.51857833600116,3.5554721258589366],[101.51857833600116,3.5558647931305525],[101.5180601276106,3.5558647931305525],[101.51857833600116,3.5586134685903437],[101.51909654439173,3.5586134685903437],[101.51961475278229,3.5613621520319305],[101.52013296117285,3.5613621520319305],[101.52013296117285,3.5625401616661323],[101.5206511695634,3.5625401616661323],[101.5206511695634,3.5645035143182167],[101.52116937795397,3.5645035143182167],[101.52116937795397,3.5656815278673166],[101.52220579473509,3.566074199376768],[101.52220579473509,3.5656815278673166],[101.52272400312565,3.5656815278673166],[101.52272400312565,3.5645035143182167],[101.52220579473509,3.5645035143182167],[101.52220579473509,3.562932831870325],[101.52168758634453,3.562932831870325]]],[[[101.52292457168838,3.5758910402128614],[101.52272400312565,3.576283715972424],[101.52280108200384,3.576283715972424],[101.52292457168838,3.5758910402128614]]],[[[101.52013296117285,3.5809958378618214],[101.52013296117285,3.5813885157510446],[101.52095540039039,3.5817811938042134],[101.52138290190625,3.580603160136529],[101.52013296117285,3.5809958378618214]]],[[[101.5180601276106,3.5892421079885404],[101.5180601276106,3.589759517388952],[101.51824789078995,3.5892421079885404],[101.5180601276106,3.5892421079885404]]],[[[101.51754191922004,3.5908128343182897],[101.51754191922004,3.59118751925584],[101.51767788876879,3.5908128343182897],[101.51754191922004,3.5908128343182897]]],[[[101.51702371082949,3.5919908807915615],[101.51702371082949,3.5926155232968253],[101.51725038725291,3.5919908807915615],[101.51702371082949,3.5919908807915615]]],[[[101.53205175415575,3.4891136802327174],[101.53220417882982,3.4891136802327174],[101.53205175415575,3.4890637498235133],[101.53205175415575,3.4891136802327174]]],[[[101.52894250381237,3.4891136802327174],[101.52946071220295,3.489898960442112],[101.53049712898405,3.489898960442112],[101.53049712898405,3.4895063202575645],[101.53101533737461,3.4895063202575645],[101.53101533737461,3.4887242463680033],[101.52980692172537,3.488328400662045],[101.52946071220295,3.488328400662045],[101.52946071220295,3.4891136802327174],[101.52894250381237,3.4891136802327174]]],[[[101.53256996254629,3.4892335015960367],[101.53308817093685,3.4895063202575645],[101.53308817093685,3.4894032533984074],[101.53256996254629,3.4892335015960367]]],[[[101.525833253469,3.4895063202575645],[101.52531504507844,3.4902916007863753],[101.52635146185958,3.490684241290374],[101.52686967025014,3.489898960442112],[101.525833253469,3.4895063202575645]]],[[[101.52946071220295,3.490684241290374],[101.52894250381237,3.490684241290374],[101.52946071220295,3.491469522777649],[101.53049712898405,3.491469522777649],[101.53049712898405,3.491076881954126],[101.53101533737461,3.491076881954126],[101.53049712898405,3.4902916007863753],[101.52946071220295,3.4902916007863753],[101.52946071220295,3.490684241290374]]],[[[101.53101533737461,3.4934327292924703],[101.53205175415575,3.4930400876698178],[101.53205175415575,3.4922548049040825],[101.53049712898405,3.491469522777649],[101.52997892059349,3.4922548049040825],[101.53049712898405,3.4922548049040825],[101.53049712898405,3.4930400876698178],[101.53101533737461,3.4930400876698178],[101.53101533737461,3.4934327292924703]]],[[[101.53827025484246,3.495395939804298],[101.53723383806134,3.495788582386505],[101.53723383806134,3.4961812251287],[101.5377520464519,3.4961812251287],[101.53723383806134,3.49696651109313],[101.53982488001414,3.4977517976977346],[101.5403430884047,3.49696651109313],[101.53982488001414,3.49696651109313],[101.53982488001414,3.496573868030902],[101.53878846323303,3.496573868030902],[101.53878846323303,3.495788582386505],[101.53827025484246,3.495788582386505],[101.53827025484246,3.495395939804298]]],[[[101.54086129679527,3.498537084942659],[101.54086129679527,3.4973591543154017],[101.5403430884047,3.4973591543154017],[101.53982488001414,3.4981444412401483],[101.54086129679527,3.498537084942659]]],[[[101.53827025484246,3.4977517976977346],[101.5377520464519,3.498537084942659],[101.53827025484246,3.498537084942659],[101.53827025484246,3.4989297288052863],[101.53930667162359,3.4989297288052863],[101.53982488001414,3.4981444412401483],[101.53930667162359,3.4981444412401483],[101.53930667162359,3.4977517976977346],[101.53827025484246,3.4977517976977346]]],[[[101.53619742128022,3.49696651109313],[101.53308817093685,3.498537084942659],[101.53360637932742,3.499322372828048],[101.53256996254629,3.4997150170109625],[101.53256996254629,3.5012855953445063],[101.53153354576519,3.501678240328455],[101.53153354576519,3.502070885472665],[101.53256996254629,3.5024635307771548],[101.53256996254629,3.503641467652482],[101.53308817093685,3.503641467652482],[101.53308817093685,3.504034113598272],[101.53360637932742,3.504034113598272],[101.53360637932742,3.503641467652482],[101.53464279610854,3.503641467652482],[101.53464279610854,3.504034113598272],[101.53567921288966,3.504034113598272],[101.53567921288966,3.503641467652482],[101.53619742128022,3.503641467652482],[101.53619742128022,3.504034113598272],[101.53723383806134,3.504034113598272],[101.53723383806134,3.503641467652482],[101.53827025484246,3.5032488218670457],[101.53827025484246,3.5024635307771548],[101.53878846323303,3.5024635307771548],[101.53878846323303,3.502070885472665],[101.53827025484246,3.502070885472665],[101.53827025484246,3.5005003058573205],[101.53878846323303,3.5005003058573205],[101.53878846323303,3.5008929505208006],[101.53982488001414,3.5008929505208006],[101.53982488001414,3.5005003058573205],[101.5403430884047,3.5005003058573205],[101.53982488001414,3.4997150170109625],[101.5377520464519,3.5001076613540465],[101.53827025484246,3.499322372828048],[101.5377520464519,3.499322372828048],[101.5377520464519,3.4989297288052863],[101.5367156296708,3.4989297288052863],[101.53723383806134,3.4981444412401483],[101.5367156296708,3.4981444412401483],[101.5367156296708,3.4973591543154017],[101.53619742128022,3.4973591543154017],[101.53619742128022,3.49696651109313]],[[101.5367156296708,3.499322372828048],[101.53619742128022,3.499322372828048],[101.53619742128022,3.4989297288052863],[101.5367156296708,3.4989297288052863],[101.5367156296708,3.499322372828048]],[[101.53360637932742,3.5001076613540465],[101.53516100449909,3.5001076613540465],[101.53516100449909,3.4997150170109625],[101.53567921288966,3.4997150170109625],[101.53619742128022,3.5005003058573205],[101.53723383806134,3.5001076613540465],[101.53723383806134,3.502070885472665],[101.5377520464519,3.502070885472665],[101.5377520464519,3.5024635307771548],[101.53723383806134,3.5024635307771548],[101.53723383806134,3.5032488218670457],[101.53619742128022,3.5032488218670457],[101.53619742128022,3.502856176241942],[101.53567921288966,3.502856176241942],[101.53567921288966,3.5032488218670457],[101.53360637932742,3.502856176241942],[101.53360637932742,3.502070885472665],[101.53308817093685,3.502070885472665],[101.53360637932742,3.5001076613540465]],[[101.53516100449909,3.499322372828048],[101.53464279610854,3.499322372828048],[101.53464279610854,3.4989297288052863],[101.53516100449909,3.4989297288052863],[101.53516100449909,3.499322372828048]]],[[[101.52946071220295,3.5008929505208006],[101.52894250381237,3.501678240328455],[101.52946071220295,3.501678240328455],[101.52946071220295,3.502070885472665],[101.53049712898405,3.502070885472665],[101.53101533737461,3.5012855953445063],[101.53049712898405,3.5012855953445063],[101.53049712898405,3.5008929505208006],[101.52946071220295,3.5008929505208006]]],[[[101.53930667162359,3.5012855953445063],[101.53930667162359,3.502070885472665],[101.54037693668215,3.5024635307771548],[101.5403430884047,3.5008929505208006],[101.53930667162359,3.5012855953445063]]],[[[101.5232422115162,3.51149441705931],[101.52272400312565,3.51149441705931],[101.52272400312565,3.5118870662159534],[101.5232422115162,3.5118870662159534],[101.5232422115162,3.512672365011458],[101.52272400312565,3.512672365011458],[101.52272400312565,3.513065014650356],[101.52376041990676,3.513457664450041],[101.52376041990676,3.513065014650356],[101.52427862829734,3.513065014650356],[101.52376041990676,3.5122797155333303],[101.52531504507844,3.5122797155333303],[101.52531504507844,3.5118870662159534],[101.525833253469,3.5118870662159534],[101.525833253469,3.5107091192281508],[101.52686967025014,3.5103164705535983],[101.52686967025014,3.51149441705931],[101.5273878786407,3.51149441705931],[101.5273878786407,3.514242964531848],[101.52686967025014,3.514242964531848],[101.52686967025014,3.515813566625713],[101.52790608703124,3.51620621755142],[101.52790608703124,3.515813566625713],[101.52842429542181,3.515813566625713],[101.52842429542181,3.5146356148140057],[101.52894250381237,3.5146356148140057],[101.52894250381237,3.5118870662159534],[101.52842429542181,3.5118870662159534],[101.52842429542181,3.509923822039707],[101.5273878786407,3.509531173686458],[101.5273878786407,3.509138525493833],[101.52790608703124,3.509138525493833],[101.52790608703124,3.50717528693944],[101.5273878786407,3.50717528693944],[101.5273878786407,3.5044267597044305],[101.52686967025014,3.5044267597044305],[101.52635146185958,3.502856176241942],[101.5273878786407,3.5024635307771548],[101.5273878786407,3.501678240328455],[101.52790608703124,3.501678240328455],[101.52790608703124,3.5008929505208006],[101.52894250381237,3.5005003058573205],[101.52894250381237,3.4997150170109625],[101.53049712898405,3.4997150170109625],[101.53049712898405,3.499322372828048],[101.53205175415575,3.498537084942659],[101.53205175415575,3.4981444412401483],[101.53153354576519,3.4981444412401483],[101.53153354576519,3.4973591543154017],[101.53101533737461,3.4973591543154017],[101.53101533737461,3.496573868030902],[101.53153354576519,3.496573868030902],[101.53205175415575,3.4950032973820635],[101.53308817093685,3.4946106551197818],[101.53308817093685,3.493825371075003],[101.53360637932742,3.493825371075003],[101.53360637932742,3.4946106551197818],[101.53412458771798,3.4946106551197818],[101.53516100449909,3.495788582386505],[101.53619742128022,3.495395939804298],[101.5367156296708,3.4934327292924703],[101.53723383806134,3.4934327292924703],[101.53827025484246,3.4946106551197818],[101.53930667162359,3.494218013017434],[101.53930667162359,3.4934327292924703],[101.53878846323303,3.49327217784835],[101.5353066,3.49309579614742],[101.53516100449909,3.490420368416896],[101.53360637932742,3.4895730052306275],[101.53360637932742,3.491469522777649],[101.53308817093685,3.491469522777649],[101.53308817093685,3.4922548049040825],[101.53256996254629,3.4922548049040825],[101.53205175415575,3.493825371075003],[101.53101533737461,3.494218013017434],[101.53101533737461,3.4950032973820635],[101.52997892059349,3.495395939804298],[101.52997892059349,3.4961812251287],[101.52946071220295,3.4961812251287],[101.52946071220295,3.495788582386505],[101.52842429542181,3.495788582386505],[101.52842429542181,3.495395939804298],[101.52790608703124,3.495395939804298],[101.52686967025014,3.494218013017434],[101.525833253469,3.494218013017434],[101.52531504507844,3.4934327292924703],[101.52272400312565,3.4934327292924703],[101.52272400312565,3.492647446207028],[101.52220579473509,3.492647446207028],[101.52220579473509,3.4922548049040825],[101.52116937795397,3.4922548049040825],[101.52116937795397,3.492647446207028],[101.5206511695634,3.492647446207028],[101.5206511695634,3.4934327292924703],[101.51961475278229,3.4930400876698178],[101.51961475278229,3.4934327292924703],[101.5180601276106,3.4934327292924703],[101.5180601276106,3.493825371075003],[101.51754191922004,3.493825371075003],[101.51754191922004,3.4946106551197818],[101.5180601276106,3.4946106551197818],[101.5180601276106,3.4950032973820635],[101.51857833600116,3.4950032973820635],[101.51857833600116,3.4946106551197818],[101.52013296117285,3.4946106551197818],[101.52013296117285,3.4950032973820635],[101.5206511695634,3.4950032973820635],[101.5206511695634,3.495788582386505],[101.52013296117285,3.495788582386505],[101.52013296117285,3.496573868030902],[101.5206511695634,3.496573868030902],[101.5206511695634,3.49696651109313],[101.52168758634453,3.496573868030902],[101.52168758634453,3.495788582386505],[101.52116937795397,3.495788582386505],[101.52116937795397,3.495395939804298],[101.52272400312565,3.495395939804298],[101.52272400312565,3.4950032973820635],[101.52376041990676,3.4950032973820635],[101.52376041990676,3.495395939804298],[101.52531504507844,3.495395939804298],[101.52531504507844,3.4950032973820635],[101.525833253469,3.4950032973820635],[101.525833253469,3.495395939804298],[101.52686967025014,3.495395939804298],[101.52686967025014,3.4961812251287],[101.5273878786407,3.4961812251287],[101.5273878786407,3.496573868030902],[101.52686967025014,3.496573868030902],[101.52635146185958,3.4973591543154017],[101.52531504507844,3.4973591543154017],[101.52531504507844,3.49696651109313],[101.52427862829734,3.4973591543154017],[101.52479683668788,3.4981444412401483],[101.52531504507844,3.4981444412401483],[101.52531504507844,3.4977517976977346],[101.52635146185958,3.4977517976977346],[101.52635146185958,3.498537084942659],[101.525833253469,3.498537084942659],[101.52635146185958,3.499322372828048],[101.5273878786407,3.4989297288052863],[101.5273878786407,3.498537084942659],[101.52686967025014,3.498537084942659],[101.52686967025014,3.4977517976977346],[101.5273878786407,3.4977517976977346],[101.5273878786407,3.4973591543154017],[101.52842429542181,3.4973591543154017],[101.52842429542181,3.498537084942659],[101.52790608703124,3.498537084942659],[101.52790608703124,3.499322372828048],[101.5273878786407,3.499322372828048],[101.52686967025014,3.5008929505208006],[101.52479683668788,3.5008929505208006],[101.52479683668788,3.5005003058573205],[101.52427862829734,3.5005003058573205],[101.52427862829734,3.5008929505208006],[101.52116937795397,3.5008929505208006],[101.52116937795397,3.5012855953445063],[101.5206511695634,3.5012855953445063],[101.5206511695634,3.5008929505208006],[101.52013296117285,3.5008929505208006],[101.52013296117285,3.5012855953445063],[101.51961475278229,3.5012855953445063],[101.51961475278229,3.5008929505208006],[101.51857833600116,3.5008929505208006],[101.51857833600116,3.5012855953445063],[101.51702371082949,3.502070885472665],[101.51754191922004,3.502856176241942],[101.5180601276106,3.502856176241942],[101.5180601276106,3.5024635307771548],[101.51961475278229,3.5024635307771548],[101.51961475278229,3.502070885472665],[101.5206511695634,3.502070885472665],[101.5206511695634,3.501678240328455],[101.52116937795397,3.501678240328455],[101.52116937795397,3.502070885472665],[101.52376041990676,3.502070885472665],[101.5232422115162,3.502856176241942],[101.52376041990676,3.502856176241942],[101.52427862829734,3.503641467652482],[101.52531504507844,3.503641467652482],[101.52531504507844,3.5056046989853122],[101.525833253469,3.5056046989853122],[101.525833253469,3.506389992641418],[101.52531504507844,3.506389992641418],[101.52479683668788,3.50717528693944],[101.52531504507844,3.50717528693944],[101.52531504507844,3.5075679343292148],[101.52635146185958,3.5075679343292148],[101.52635146185958,3.508745877461816],[101.525833253469,3.508745877461816],[101.52427862829734,3.5103164705535983],[101.5232422115162,3.5103164705535983],[101.5232422115162,3.5107091192281508],[101.52272400312565,3.5107091192281508],[101.5232422115162,3.51149441705931]],[[101.5273878786407,3.509923822039707],[101.52686967025014,3.509923822039707],[101.52686967025014,3.509531173686458],[101.5273878786407,3.509531173686458],[101.5273878786407,3.509923822039707]],[[101.525833253469,3.502856176241942],[101.525833253469,3.5024635307771548],[101.52635146185958,3.5024635307771548],[101.52635146185958,3.502856176241942],[101.525833253469,3.502856176241942]],[[101.52531504507844,3.5024635307771548],[101.52531504507844,3.502070885472665],[101.525833253469,3.502070885472665],[101.525833253469,3.5024635307771548],[101.52531504507844,3.5024635307771548]],[[101.52479683668788,3.502070885472665],[101.52479683668788,3.501678240328455],[101.52531504507844,3.501678240328455],[101.52531504507844,3.502070885472665],[101.52479683668788,3.502070885472665]],[[101.53360637932742,3.4930400876698178],[101.53412458771798,3.4930400876698178],[101.53412458771798,3.493825371075003],[101.53360637932742,3.493825371075003],[101.53360637932742,3.4930400876698178]],[[101.53464279610854,3.4946106551197818],[101.53516100449909,3.4946106551197818],[101.53516100449909,3.4950032973820635],[101.53464279610854,3.4950032973820635],[101.53464279610854,3.4946106551197818]],[[101.53516100449909,3.4918621637609615],[101.53464279610854,3.4918621637609615],[101.53464279610854,3.491469522777649],[101.53516100449909,3.491469522777649],[101.53516100449909,3.4918621637609615]],[[101.52790608703124,3.496573868030902],[101.52790608703124,3.49696651109313],[101.5273878786407,3.49696651109313],[101.5273878786407,3.496573868030902],[101.52790608703124,3.496573868030902]],[[101.52997892059349,3.4989297288052863],[101.52894250381237,3.4989297288052863],[101.52894250381237,3.498537084942659],[101.52997892059349,3.498537084942659],[101.52997892059349,3.4989297288052863]],[[101.52997892059349,3.4973591543154017],[101.53049712898405,3.4973591543154017],[101.53049712898405,3.4977517976977346],[101.52946071220295,3.4981444412401483],[101.52894250381237,3.496573868030902],[101.52946071220295,3.496573868030902],[101.52997892059349,3.4973591543154017]],[[101.52272400312565,3.4946106551197818],[101.5206511695634,3.4946106551197818],[101.5206511695634,3.494218013017434],[101.52168758634453,3.493825371075003],[101.52168758634453,3.494218013017434],[101.52272400312565,3.494218013017434],[101.52272400312565,3.4946106551197818]],[[101.52531504507844,3.4946106551197818],[101.52376041990676,3.4946106551197818],[101.52376041990676,3.494218013017434],[101.52531504507844,3.494218013017434],[101.52531504507844,3.4946106551197818]]],[[[101.5232422115162,3.509531173686458],[101.52427862829734,3.509923822039707],[101.52479683668788,3.509138525493833],[101.52376041990676,3.508745877461816],[101.5232422115162,3.509531173686458]]],[[[101.5273878786407,3.516598868638061],[101.5273878786407,3.51620621755142],[101.52635146185958,3.516598868638061],[101.52635146185958,3.5177768228637625],[101.525833253469,3.5177768228637625],[101.525833253469,3.518562126485894],[101.52635146185958,3.518562126485894],[101.52635146185958,3.518954778538514],[101.5273878786407,3.518562126485894],[101.5273878786407,3.5173841712942133],[101.52790608703124,3.5173841712942133],[101.52790608703124,3.516598868638061],[101.5273878786407,3.516598868638061]]],[[[101.52427862829734,3.522096000759156],[101.52427862829734,3.522881307926007],[101.52376041990676,3.522881307926007],[101.52376041990676,3.5244519241947505],[101.5232422115162,3.5244519241947505],[101.5232422115162,3.526022543044521],[101.52272400312565,3.526022543044521],[101.52272400312565,3.527593164476481],[101.52220579473509,3.527593164476481],[101.52220579473509,3.5287711322457094],[101.52168758634453,3.5287711322457094],[101.52168758634453,3.530341758199293],[101.52116937795397,3.530341758199293],[101.52116937795397,3.531519729361076],[101.5206511695634,3.531519729361076],[101.5206511695634,3.532305044277106],[101.52116937795397,3.532305044277106],[101.52116937795397,3.532697701977627],[101.52220579473509,3.532305044277106],[101.52220579473509,3.5311270721455323],[101.52272400312565,3.5311270721455323],[101.52272400312565,3.529949101468564],[101.5232422115162,3.529949101468564],[101.5232422115162,3.5287711322457094],[101.52376041990676,3.5287711322457094],[101.52376041990676,3.527200508876347],[101.52427862829734,3.527200508876347],[101.52427862829734,3.5256298880900436],[101.52479683668788,3.5256298880900436],[101.52479683668788,3.5244519241947505],[101.52531504507844,3.5244519241947505],[101.52531504507844,3.522881307926007],[101.525833253469,3.522881307926007],[101.525833253469,3.521703347417549],[101.52635146185958,3.521703347417549],[101.52635146185958,3.5209180412178753],[101.52686967025014,3.5209180412178753],[101.52686967025014,3.5193474307521937],[101.52635146185958,3.5193474307521937],[101.52635146185958,3.518954778538514],[101.52531504507844,3.5193474307521937],[101.52531504507844,3.5209180412178753],[101.52479683668788,3.5209180412178753],[101.52479683668788,3.522096000759156],[101.52427862829734,3.522096000759156]]],[[[101.52842429542181,3.537802266805298],[101.52790608703124,3.538587586899065],[101.52894250381237,3.5389802471888925],[101.52946071220295,3.538194926771207],[101.52842429542181,3.537802266805298]]],[[[101.52790608703124,3.553116125646327],[101.5273878786407,3.553901458399778],[101.52842429542181,3.554294125020509],[101.52894250381237,3.553508791941724],[101.52790608703124,3.553116125646327]]],[[[101.5273878786407,3.5613621520319305],[101.5273878786407,3.561698608647259],[101.52749369001582,3.5613621520319305],[101.5273878786407,3.5613621520319305]]],[[[101.5232422115162,3.568037559372965],[101.5232422115162,3.5664668710494563],[101.52220579473509,3.566074199376768],[101.52220579473509,3.5664668710494563],[101.52168758634453,3.5664668710494563],[101.52168758634453,3.568037559372965],[101.52220579473509,3.568037559372965],[101.52220579473509,3.570000923452403],[101.52272400312565,3.570000923452403],[101.52272400312565,3.5719642916173515],[101.5232422115162,3.5719642916173515],[101.523542020111,3.5739276638700814],[101.52427862829734,3.5703935967584792],[101.52376041990676,3.5703935967584792],[101.52376041990676,3.568037559372965],[101.5232422115162,3.568037559372965]]]]},"properties":{"place_id":"b8005e6e-7b96-5d65-91fd-4749cb73f74e","habitat":"forest_edge_opening","habitat_label":"Forest edge or opening","resolution_m":50}},{"type":"Feature","geometry":{"type":"MultiPolygon","coordinates":[[[[101.51650550243892,3.5001076613540465],[101.51650550243892,3.5005003058573205],[101.51702371082949,3.5005003058573205],[101.51702371082949,3.5001076613540465],[101.51650550243892,3.5001076613540465]]],[[[101.51495087726724,3.5008929505208006],[101.5154690856578,3.5008929505208006],[101.5154690856578,3.5005003058573205],[101.51508117830993,3.5005003058573205],[101.51495087726724,3.5008929505208006]]],[[[101.51495087726724,3.5012855953445063],[101.51493876711432,3.5008929505208006],[101.51479635591872,3.5012855953445063],[101.51495087726724,3.5012855953445063]]],[[[101.51495087726724,3.5024635307771548],[101.51495087726724,3.502856176241942],[101.5154690856578,3.502856176241942],[101.5154690856578,3.5024635307771548],[101.51495087726724,3.5024635307771548]]],[[[101.51650550243892,3.5032488218670457],[101.51702371082949,3.5032488218670457],[101.51702371082949,3.502856176241942],[101.51650550243892,3.502856176241942],[101.51650550243892,3.5032488218670457]]],[[[101.51391446048612,3.5056046989853122],[101.51443266887668,3.5056046989853122],[101.51443266887668,3.505212052397934],[101.51391446048612,3.505212052397934],[101.51391446048612,3.5056046989853122]]],[[[101.512878043705,3.506389992641418],[101.512878043705,3.50678263971018],[101.51339625209555,3.50678263971018],[101.51339625209555,3.506389992641418],[101.512878043705,3.506389992641418]]],[[[101.51132341853331,3.509531173686458],[101.51184162692388,3.509531173686458],[101.51184162692388,3.508745877461816],[101.51080521014275,3.508353229590385],[101.51080521014275,3.509138525493833],[101.51132341853331,3.509138525493833],[101.51132341853331,3.509531173686458]]],[[[101.51650550243892,3.509531173686458],[101.51702371082949,3.509531173686458],[101.51702371082949,3.509138525493833],[101.51650550243892,3.509138525493833],[101.51650550243892,3.509531173686458]]],[[[101.51702371082949,3.5111017680633827],[101.51754191922004,3.5111017680633827],[101.51754191922004,3.5107091192281508],[101.51650550243892,3.5107091192281508],[101.51650550243892,3.5118870662159534],[101.51702371082949,3.5118870662159534],[101.51702371082949,3.5111017680633827]]],[[[101.51339625209555,3.512672365011458],[101.51235983531443,3.5122797155333303],[101.51235983531443,3.513850314410532],[101.51339625209555,3.513850314410532],[101.51339625209555,3.512672365011458]]],[[[101.51702371082949,3.514242964531848],[101.51754191922004,3.514242964531848],[101.51754191922004,3.513850314410532],[101.51702371082949,3.513850314410532],[101.51702371082949,3.514242964531848]]],[[[101.51443266887668,3.5146356148140057],[101.5154690856578,3.5146356148140057],[101.5154690856578,3.514242964531848],[101.51443266887668,3.514242964531848],[101.51443266887668,3.5146356148140057]]],[[[101.50873237658051,3.5146356148140057],[101.50835201473399,3.5150282652570226],[101.50873237658051,3.5150282652570226],[101.50873237658051,3.5146356148140057]]],[[[101.50873237658051,3.5154209158609193],[101.5082421915254,3.5154209158609193],[101.50769595979939,3.516991519885653],[101.50873237658051,3.516991519885653],[101.50873237658051,3.5154209158609193]]],[[[101.51184162692388,3.516991519885653],[101.51235983531443,3.516991519885653],[101.51235983531443,3.516598868638061],[101.51184162692388,3.516598868638061],[101.51184162692388,3.516991519885653]]],[[[101.50976879336163,3.5173841712942133],[101.51028700175219,3.5173841712942133],[101.51028700175219,3.516598868638061],[101.50976879336163,3.516598868638061],[101.50976879336163,3.5173841712942133]]],[[[101.51132341853331,3.5173841712942133],[101.51184162692388,3.5173841712942133],[101.51184162692388,3.516991519885653],[101.51132341853331,3.516991519885653],[101.51132341853331,3.5173841712942133]]],[[[101.50976879336163,3.5244519241947505],[101.51080521014275,3.5244519241947505],[101.51080521014275,3.5240592698856394],[101.50976879336163,3.5240592698856394],[101.50976879336163,3.5244519241947505]]],[[[101.51235983531443,3.5252372332969353],[101.512878043705,3.5252372332969353],[101.512878043705,3.524844578665177],[101.51235983531443,3.524844578665177],[101.51235983531443,3.5252372332969353]]],[[[101.51184162692388,3.5256298880900436],[101.51184162692388,3.526415198160385],[101.51235983531443,3.526415198160385],[101.51235983531443,3.5256298880900436],[101.51184162692388,3.5256298880900436]]],[[[101.51184162692388,3.5268078534376546],[101.51184162692388,3.526415198160385],[101.51132341853331,3.526415198160385],[101.51132341853331,3.5268078534376546],[101.51184162692388,3.5268078534376546]]],[[[101.50925058497107,3.527985820238073],[101.50821416818995,3.527985820238073],[101.50821416818995,3.5287711322457094],[101.50769595979939,3.5287711322457094],[101.50769595979939,3.5291637884917897],[101.50976879336163,3.5291637884917897],[101.50976879336163,3.527593164476481],[101.51028700175219,3.527593164476481],[101.51028700175219,3.5287711322457094],[101.51080521014275,3.5287711322457094],[101.51080521014275,3.5291637884917897],[101.51184162692388,3.5291637884917897],[101.51184162692388,3.5287711322457094],[101.51235983531443,3.5287711322457094],[101.51235983531443,3.5268078534376546],[101.51184162692388,3.5268078534376546],[101.51184162692388,3.527593164476481],[101.51080521014275,3.527593164476481],[101.51132341853331,3.5268078534376546],[101.51028700175219,3.5268078534376546],[101.51028700175219,3.526415198160385],[101.50976879336163,3.526415198160385],[101.50976879336163,3.527200508876347],[101.50873237658051,3.527200508876347],[101.50925058497107,3.527985820238073]],[[101.51132341853331,3.5283784761611434],[101.51132341853331,3.527985820238073],[101.51184162692388,3.527985820238073],[101.51184162692388,3.5283784761611434],[101.51132341853331,3.5283784761611434]]],[[[101.50769595979939,3.527593164476481],[101.50665954301827,3.527593164476481],[101.50665954301827,3.527985820238073],[101.50769595979939,3.5283784761611434],[101.50769595979939,3.527593164476481]]],[[[101.50821416818995,3.5389802471888925],[101.50821416818995,3.5388893353408233],[101.50801343314276,3.5389802471888925],[101.50821416818995,3.5389802471888925]]],[[[101.50665954301827,3.54015822903036],[101.50665954301827,3.5400949275090055],[101.50663989267107,3.54015822903036],[101.50665954301827,3.54015822903036]]],[[[101.50562312623715,3.540943551068177],[101.5061413346277,3.540943551068177],[101.5061413346277,3.5406371510021386],[101.50510491784658,3.540982837068712],[101.50510491784658,3.5413362123301915],[101.50562312623715,3.5413362123301915],[101.50562312623715,3.540943551068177]]],[[[101.51702371082949,3.491076881954126],[101.51702371082949,3.491469522777649],[101.51754191922004,3.491469522777649],[101.51754191922004,3.491076881954126],[101.51702371082949,3.491076881954126]]],[[[101.52220579473509,3.492647446207028],[101.52116937795397,3.492647446207028],[101.52116937795397,3.4930400876698178],[101.52220579473509,3.4934327292924703],[101.52220579473509,3.492647446207028]]],[[[101.51961475278229,3.493825371075003],[101.52013296117285,3.493825371075003],[101.52013296117285,3.4934327292924703],[101.51961475278229,3.4934327292924703],[101.51961475278229,3.493825371075003]]],[[[101.51857833600116,3.4946106551197818],[101.51857833600116,3.494218013017434],[101.51909654439173,3.494218013017434],[101.51909654439173,3.493825371075003],[101.5180601276106,3.493825371075003],[101.5180601276106,3.4946106551197818],[101.51857833600116,3.4946106551197818]]],[[[101.5206511695634,3.4950032973820635],[101.52272400312565,3.4950032973820635],[101.52272400312565,3.4946106551197818],[101.52013296117285,3.494218013017434],[101.5206511695634,3.4950032973820635]]],[[[101.51754191922004,3.4961812251287],[101.5180601276106,3.4961812251287],[101.5180601276106,3.495395939804298],[101.51754191922004,3.495395939804298],[101.51754191922004,3.4961812251287]]],[[[101.51857833600116,3.495788582386505],[101.51857833600116,3.4961812251287],[101.51909654439173,3.4961812251287],[101.51909654439173,3.495788582386505],[101.51857833600116,3.495788582386505]]],[[[101.5206511695634,3.496573868030902],[101.52116937795397,3.496573868030902],[101.52116937795397,3.495788582386505],[101.5206511695634,3.495788582386505],[101.5206511695634,3.496573868030902]]],[[[101.51961475278229,3.4981444412401483],[101.52013296117285,3.4981444412401483],[101.52013296117285,3.4977517976977346],[101.51961475278229,3.4977517976977346],[101.51961475278229,3.4981444412401483]]],[[[101.52220579473509,3.498537084942659],[101.52272400312565,3.498537084942659],[101.52272400312565,3.4981444412401483],[101.52220579473509,3.4981444412401483],[101.52220579473509,3.498537084942659]]],[[[101.52013296117285,3.501678240328455],[101.5206511695634,3.501678240328455],[101.5206511695634,3.5012855953445063],[101.52013296117285,3.5012855953445063],[101.52013296117285,3.501678240328455]]],[[[101.52116937795397,3.501678240328455],[101.52376041990676,3.501678240328455],[101.52376041990676,3.502070885472665],[101.52427862829734,3.502070885472665],[101.52427862829734,3.501678240328455],[101.52479683668788,3.501678240328455],[101.52479683668788,3.5008929505208006],[101.52427862829734,3.5008929505208006],[101.52427862829734,3.5012855953445063],[101.52116937795397,3.5012855953445063],[101.52116937795397,3.501678240328455]]],[[[101.51857833600116,3.502070885472665],[101.51961475278229,3.502070885472665],[101.51961475278229,3.5012855953445063],[101.51857833600116,3.5012855953445063],[101.51857833600116,3.502070885472665]]],[[[101.51754191922004,3.502070885472665],[101.51754191922004,3.5024635307771548],[101.5180601276106,3.5024635307771548],[101.5180601276106,3.502070885472665],[101.51754191922004,3.502070885472665]]],[[[101.51857833600116,3.504034113598272],[101.51909654439173,3.504034113598272],[101.51909654439173,3.503641467652482],[101.51857833600116,3.503641467652482],[101.51857833600116,3.504034113598272]]],[[[101.51857833600116,3.5044267597044305],[101.5180601276106,3.5044267597044305],[101.51754191922004,3.5059973457331344],[101.5180601276106,3.5059973457331344],[101.5180601276106,3.506389992641418],[101.52013296117285,3.5075679343292148],[101.52013296117285,3.50678263971018],[101.51961475278229,3.50678263971018],[101.51961475278229,3.5059973457331344],[101.51909654439173,3.5059973457331344],[101.51857833600116,3.5044267597044305]]],[[[101.51857833600116,3.5079605818795234],[101.51909654439173,3.5079605818795234],[101.51909654439173,3.5075679343292148],[101.51857833600116,3.5075679343292148],[101.51857833600116,3.5079605818795234]]],[[[101.52220579473509,3.5075679343292148],[101.52116937795397,3.5075679343292148],[101.52116937795397,3.5079605818795234],[101.52220579473509,3.508353229590385],[101.52220579473509,3.5075679343292148]]],[[[101.52376041990676,3.509531173686458],[101.52427862829734,3.509531173686458],[101.52427862829734,3.509138525493833],[101.52376041990676,3.509138525493833],[101.52376041990676,3.509531173686458]]],[[[101.52168758634453,3.5107091192281508],[101.52220579473509,3.5107091192281508],[101.52220579473509,3.5103164705535983],[101.52168758634453,3.5103164705535983],[101.52168758634453,3.5107091192281508]]],[[[101.5232422115162,3.5107091192281508],[101.5232422115162,3.5111017680633827],[101.52376041990676,3.5111017680633827],[101.52376041990676,3.5107091192281508],[101.5232422115162,3.5107091192281508]]],[[[101.5232422115162,3.513065014650356],[101.52376041990676,3.513065014650356],[101.52376041990676,3.512672365011458],[101.5232422115162,3.512672365011458],[101.5232422115162,3.513065014650356]]],[[[101.51857833600116,3.542514197088875],[101.51909654439173,3.542514197088875],[101.51909654439173,3.5421215353405224],[101.51857833600116,3.5421215353405224],[101.51857833600116,3.542514197088875]]],[[[101.52116937795397,3.5464408234936142],[101.52272400312565,3.5464408234936142],[101.52272400312565,3.546048160122951],[101.52168758634453,3.5456554969146],[101.52116937795397,3.5464408234936142]]],[[[101.52168758634453,3.5472261507219516],[101.5232422115162,3.5472261507219516],[101.5232422115162,3.5468334870266087],[101.52168758634453,3.5468334870266087],[101.52168758634453,3.5472261507219516]]],[[[101.5180601276106,3.5503674661314393],[101.51857833600116,3.5503674661314393],[101.51857833600116,3.549974801136651],[101.5180601276106,3.549974801136651],[101.5180601276106,3.5503674661314393]]],[[[101.5206511695634,3.5813885157510446],[101.52109790089568,3.5813885157510446],[101.52124040140096,3.5809958378618214],[101.5206511695634,3.5809958378618214],[101.5206511695634,3.5813885157510446]]],[[[101.53049712898405,3.4895063202575645],[101.53049712898405,3.488554494685012],[101.52997892059349,3.4883847430318635],[101.52997892059349,3.4891136802327174],[101.52946071220295,3.4891136802327174],[101.52946071220295,3.4895063202575645],[101.53049712898405,3.4895063202575645]]],[[[101.525833253469,3.4902916007863753],[101.52635146185958,3.4902916007863753],[101.52635146185958,3.489898960442112],[101.525833253469,3.489898960442112],[101.525833253469,3.4902916007863753]]],[[[101.52946071220295,3.491076881954126],[101.53049712898405,3.491076881954126],[101.53049712898405,3.490684241290374],[101.52946071220295,3.490684241290374],[101.52946071220295,3.491076881954126]]],[[[101.5232422115162,3.493825371075003],[101.5232422115162,3.494218013017434],[101.52531504507844,3.494218013017434],[101.52531504507844,3.493825371075003],[101.5232422115162,3.493825371075003]]],[[[101.52376041990676,3.4950032973820635],[101.52531504507844,3.4950032973820635],[101.52531504507844,3.4946106551197818],[101.52376041990676,3.4946106551197818],[101.52376041990676,3.4950032973820635]]],[[[101.52894250381237,3.496573868030902],[101.52946071220295,3.496573868030902],[101.52946071220295,3.4961812251287],[101.52894250381237,3.4961812251287],[101.52894250381237,3.496573868030902]]],[[[101.52686967025014,3.49696651109313],[101.52686967025014,3.4973591543154017],[101.5273878786407,3.4973591543154017],[101.5273878786407,3.49696651109313],[101.52686967025014,3.49696651109313]]],[[[101.52842429542181,3.4973591543154017],[101.52946071220295,3.4973591543154017],[101.52946071220295,3.49696651109313],[101.52842429542181,3.49696651109313],[101.52842429542181,3.4973591543154017]]],[[[101.52479683668788,3.4977517976977346],[101.52531504507844,3.4977517976977346],[101.52531504507844,3.4973591543154017],[101.52479683668788,3.4973591543154017],[101.52479683668788,3.4977517976977346]]],[[[101.52635146185958,3.4977517976977346],[101.52686967025014,3.4977517976977346],[101.52686967025014,3.4973591543154017],[101.52635146185958,3.4973591543154017],[101.52635146185958,3.4977517976977346]]],[[[101.52997892059349,3.4981444412401483],[101.53049712898405,3.4981444412401483],[101.53049712898405,3.4977517976977346],[101.52997892059349,3.4977517976977346],[101.52997892059349,3.4981444412401483]]],[[[101.52635146185958,3.4989297288052863],[101.52686967025014,3.4989297288052863],[101.52686967025014,3.498537084942659],[101.52635146185958,3.498537084942659],[101.52635146185958,3.4989297288052863]]],[[[101.52894250381237,3.4989297288052863],[101.52946071220295,3.4989297288052863],[101.52946071220295,3.498537084942659],[101.52894250381237,3.498537084942659],[101.52894250381237,3.4989297288052863]]],[[[101.52997892059349,3.498537084942659],[101.52997892059349,3.4989297288052863],[101.53049712898405,3.4989297288052863],[101.53049712898405,3.498537084942659],[101.52997892059349,3.498537084942659]]],[[[101.52790608703124,3.5005003058573205],[101.52842429542181,3.5005003058573205],[101.52842429542181,3.5001076613540465],[101.52790608703124,3.5001076613540465],[101.52790608703124,3.5005003058573205]]],[[[101.52531504507844,3.501678240328455],[101.5273878786407,3.501678240328455],[101.5273878786407,3.5012855953445063],[101.52531504507844,3.5012855953445063],[101.52531504507844,3.501678240328455]]],[[[101.52946071220295,3.501678240328455],[101.53049712898405,3.501678240328455],[101.53049712898405,3.5012855953445063],[101.52946071220295,3.5012855953445063],[101.52946071220295,3.501678240328455]]],[[[101.52427862829734,3.5032488218670457],[101.525833253469,3.5032488218670457],[101.525833253469,3.502856176241942],[101.52531504507844,3.502856176241942],[101.52531504507844,3.5024635307771548],[101.52376041990676,3.5024635307771548],[101.52427862829734,3.5032488218670457]]],[[[101.52635146185958,3.5059973457331344],[101.52686967025014,3.5059973457331344],[101.52686967025014,3.5044267597044305],[101.525833253469,3.5048194059709785],[101.525833253469,3.5056046989853122],[101.52635146185958,3.5056046989853122],[101.52635146185958,3.5059973457331344]]],[[[101.52531504507844,3.50717528693944],[101.525833253469,3.50717528693944],[101.525833253469,3.50678263971018],[101.52531504507844,3.50678263971018],[101.52531504507844,3.50717528693944]]],[[[101.52686967025014,3.50717528693944],[101.52686967025014,3.5075679343292148],[101.5273878786407,3.5075679343292148],[101.5273878786407,3.50717528693944],[101.52686967025014,3.50717528693944]]],[[[101.52479683668788,3.5103164705535983],[101.52635146185958,3.5103164705535983],[101.52635146185958,3.509138525493833],[101.525833253469,3.509138525493833],[101.52479683668788,3.5103164705535983]]],[[[101.52531504507844,3.5107091192281508],[101.52427862829734,3.5103164705535983],[101.52427862829734,3.5111017680633827],[101.52479683668788,3.5111017680633827],[101.52479683668788,3.51149441705931],[101.5232422115162,3.51149441705931],[101.5232422115162,3.5118870662159534],[101.52531504507844,3.5118870662159534],[101.52531504507844,3.5107091192281508]]],[[[101.5273878786407,3.5150282652570226],[101.52790608703124,3.5150282652570226],[101.52790608703124,3.514242964531848],[101.5273878786407,3.514242964531848],[101.5273878786407,3.5150282652570226]]],[[[101.525833253469,3.5209180412178753],[101.52635146185958,3.5209180412178753],[101.52635146185958,3.520132735662806],[101.525833253469,3.520132735662806],[101.525833253469,3.5209180412178753]]],[[[101.52427862829734,3.523273961751285],[101.52479683668788,3.523273961751285],[101.52479683668788,3.522881307926007],[101.52427862829734,3.522881307926007],[101.52427862829734,3.523273961751285]]],[[[101.52842429542181,3.538587586899065],[101.52894250381237,3.538587586899065],[101.52894250381237,3.538194926771207],[101.52842429542181,3.538194926771207],[101.52842429542181,3.538587586899065]]],[[[101.53412458771798,3.489898960442112],[101.53447199637856,3.489898960442112],[101.53412458771798,3.4897427570926975],[101.53412458771798,3.489898960442112]]],[[[101.53412458771798,3.491469522777649],[101.53464279610854,3.491469522777649],[101.53464279610854,3.491076881954126],[101.53412458771798,3.491076881954126],[101.53412458771798,3.491469522777649]]],[[[101.53049712898405,3.4922548049040825],[101.53101533737461,3.4922548049040825],[101.53101533737461,3.4918621637609615],[101.53049712898405,3.4918621637609615],[101.53049712898405,3.4922548049040825]]],[[[101.53536549621712,3.4918621637609615],[101.53516100449909,3.4922548049040825],[101.53534675069102,3.4922548049040825],[101.53536549621712,3.4918621637609615]]],[[[101.53101533737461,3.4930400876698178],[101.53153354576519,3.4930400876698178],[101.53153354576519,3.4922548049040825],[101.53101533737461,3.4922548049040825],[101.53101533737461,3.4930400876698178]]],[[[101.53464279610854,3.4930400876698178],[101.53516100449909,3.4930400876698178],[101.53516100449909,3.4922548049040825],[101.53464279610854,3.4922548049040825],[101.53464279610854,3.4930400876698178]]],[[[101.5377520464519,3.4934327292924703],[101.5377520464519,3.493825371075003],[101.53878846323303,3.494218013017434],[101.53878846323303,3.4934327292924703],[101.53723383806134,3.4931049053652123],[101.53723383806134,3.4934327292924703],[101.5377520464519,3.4934327292924703]]],[[[101.53567921288966,3.4934327292924703],[101.53464279610854,3.4934327292924703],[101.53464279610854,3.493825371075003],[101.53567921288966,3.493825371075003],[101.53516100449909,3.4946106551197818],[101.53619742128022,3.4946106551197818],[101.53619742128022,3.4931000066729374],[101.53567921288966,3.4930975573268084],[101.53567921288966,3.4934327292924703]]],[[[101.53464279610854,3.493825371075003],[101.53412458771798,3.493825371075003],[101.53412458771798,3.4946106551197818],[101.53464279610854,3.4946106551197818],[101.53464279610854,3.493825371075003]]],[[[101.53153354576519,3.4946106551197818],[101.53205175415575,3.4946106551197818],[101.53205175415575,3.494218013017434],[101.53153354576519,3.494218013017434],[101.53153354576519,3.4946106551197818]]],[[[101.53516100449909,3.495395939804298],[101.53567921288966,3.495395939804298],[101.53567921288966,3.4950032973820635],[101.53516100449909,3.4950032973820635],[101.53516100449909,3.495395939804298]]],[[[101.5377520464519,3.4961812251287],[101.53827025484246,3.4961812251287],[101.53827025484246,3.495788582386505],[101.5377520464519,3.495788582386505],[101.5377520464519,3.4961812251287]]],[[[101.5377520464519,3.49696651109313],[101.53878846323303,3.49696651109313],[101.53878846323303,3.496573868030902],[101.5377520464519,3.496573868030902],[101.5377520464519,3.49696651109313]]],[[[101.53930667162359,3.49696651109313],[101.53930667162359,3.4973591543154017],[101.53982488001414,3.4973591543154017],[101.53982488001414,3.49696651109313],[101.53930667162359,3.49696651109313]]],[[[101.53049712898405,3.4977517976977346],[101.53101533737461,3.4977517976977346],[101.53101533737461,3.4973591543154017],[101.53049712898405,3.4973591543154017],[101.53049712898405,3.4977517976977346]]],[[[101.5403430884047,3.4981444412401483],[101.54086129679527,3.4981444412401483],[101.54086129679527,3.4977517976977346],[101.5403430884047,3.4977517976977346],[101.5403430884047,3.4981444412401483]]],[[[101.53567921288966,3.4989297288052863],[101.5367156296708,3.498537084942659],[101.5367156296708,3.4981444412401483],[101.53619742128022,3.4981444412401483],[101.53619742128022,3.4973591543154017],[101.53567921288966,3.4973591543154017],[101.53567921288966,3.4989297288052863]]],[[[101.53101533737461,3.498537084942659],[101.53153354576519,3.498537084942659],[101.53153354576519,3.4981444412401483],[101.53101533737461,3.4981444412401483],[101.53101533737461,3.498537084942659]]],[[[101.53827025484246,3.498537084942659],[101.53930667162359,3.498537084942659],[101.53930667162359,3.4981444412401483],[101.53827025484246,3.4981444412401483],[101.53827025484246,3.498537084942659]]],[[[101.53360637932742,3.4989297288052863],[101.53464279610854,3.4989297288052863],[101.53516100449909,3.4981444412401483],[101.53412458771798,3.4981444412401483],[101.53360637932742,3.4989297288052863]]],[[[101.53619742128022,3.5005003058573205],[101.53567921288966,3.5012855953445063],[101.53723383806134,3.5012855953445063],[101.53723383806134,3.4997150170109625],[101.5377520464519,3.4997150170109625],[101.5377520464519,3.499322372828048],[101.5367156296708,3.499322372828048],[101.5367156296708,3.5005003058573205],[101.53619742128022,3.5005003058573205]]],[[[101.53878846323303,3.5005003058573205],[101.53982488001414,3.5005003058573205],[101.53982488001414,3.5001076613540465],[101.53878846323303,3.5001076613540465],[101.53878846323303,3.5005003058573205]]],[[[101.53308817093685,3.5012855953445063],[101.53256996254629,3.5012855953445063],[101.53205175415575,3.502070885472665],[101.53308817093685,3.502070885472665],[101.53308817093685,3.5012855953445063]]],[[[101.54043919539689,3.502070885472665],[101.5403430884047,3.5012855953445063],[101.53982488001414,3.5012855953445063],[101.53982488001414,3.502070885472665],[101.54043919539689,3.502070885472665]]],[[[101.5377520464519,3.5024635307771548],[101.53827025484246,3.5024635307771548],[101.53827025484246,3.502070885472665],[101.5377520464519,3.502070885472665],[101.5377520464519,3.5024635307771548]]],[[[101.53308817093685,3.503641467652482],[101.53360637932742,3.503641467652482],[101.53360637932742,3.5032488218670457],[101.53516100449909,3.5032488218670457],[101.53516100449909,3.502856176241942],[101.53360637932742,3.502856176241942],[101.53360637932742,3.5024635307771548],[101.53308817093685,3.5024635307771548],[101.53308817093685,3.503641467652482]]],[[[101.53619742128022,3.503641467652482],[101.53723383806134,3.503641467652482],[101.53723383806134,3.5032488218670457],[101.53619742128022,3.5032488218670457],[101.53619742128022,3.503641467652482]]]]},"properties":{"place_id":"b8005e6e-7b96-5d65-91fd-4749cb73f74e","habitat":"open_grassland","habitat_label":"Open grassland or shrubland","resolution_m":50}},{"type":"Feature","geometry":{"type":"MultiPolygon","coordinates":[[[[101.50925058497107,3.5154209158609193],[101.50925058497107,3.5150282652570226],[101.5082421915254,3.5154209158609193],[101.50821416818995,3.51620621755142],[101.50873237658051,3.51620621755142],[101.50873237658051,3.516598868638061],[101.50976879336163,3.51620621755142],[101.50976879336163,3.5154209158609193],[101.50925058497107,3.5154209158609193]]],[[[101.51132341853331,3.527985820238073],[101.51132341853331,3.527593164476481],[101.51184162692388,3.527593164476481],[101.51132341853331,3.5268078534376546],[101.50925058497107,3.527593164476481],[101.50925058497107,3.5283784761611434],[101.50976879336163,3.5283784761611434],[101.50976879336163,3.5287711322457094],[101.51132341853331,3.527985820238073]]],[[[101.52013296117285,3.5374096070013197],[101.52013296117285,3.536231628560793],[101.5206511695634,3.536231628560793],[101.5206511695634,3.535053651576995],[101.52116937795397,3.535053651576995],[101.52116937795397,3.533875676049438],[101.52168758634453,3.533875676049438],[101.52168758634453,3.533090359839844],[101.52116937795397,3.533090359839844],[101.52116937795397,3.532697701977627],[101.5206511695634,3.532697701977627],[101.5206511695634,3.533090359839844],[101.52013296117285,3.533090359839844],[101.52013296117285,3.533875676049438],[101.51961475278229,3.533875676049438],[101.51961475278229,3.535446310409766],[101.51909654439173,3.535446310409766],[101.51909654439173,3.5366242878790857],[101.51857833600116,3.5366242878790857],[101.51857833600116,3.537802266805298],[101.5180601276106,3.537802266805298],[101.5180601276106,3.5393729076407046],[101.51857833600116,3.5393729076407046],[101.51857833600116,3.5397655682545217],[101.51961475278229,3.5393729076407046],[101.51961475278229,3.5374096070013197],[101.52013296117285,3.5374096070013197]]],[[[101.50976879336163,3.5377170743574125],[101.5096554738838,3.537802266805298],[101.50976879336163,3.537802266805298],[101.50976879336163,3.5377170743574125]]],[[[101.50925058497107,3.538194926771207],[101.50925058497107,3.5380215093823977],[101.50897998847714,3.538194926771207],[101.50925058497107,3.538194926771207]]],[[[101.50510491784658,3.5413362123301915],[101.50510491784658,3.540982837068712],[101.50406850106546,3.5413362123301915],[101.50406850106546,3.5417288737543005],[101.50510491784658,3.5421215353405224],[101.50510491784658,3.5417288737543005],[101.50562312623715,3.5417288737543005],[101.50562312623715,3.5413362123301915],[101.50510491784658,3.5413362123301915]]],[[[101.51857833600116,3.5503674661314393],[101.51857833600116,3.549974801136651],[101.51754191922004,3.5503674661314393],[101.51754191922004,3.5550794587500696],[101.5180601276106,3.5550794587500696],[101.5180601276106,3.5554721258589366],[101.51909654439173,3.5550794587500696],[101.51909654439173,3.5503674661314393],[101.51857833600116,3.5503674661314393]]],[[[101.52220579473509,3.562932831870325],[101.52168758634453,3.562932831870325],[101.52168758634453,3.5613621520319305],[101.52116937795397,3.5613621520319305],[101.5206511695634,3.5586134685903437],[101.52013296117285,3.5586134685903437],[101.52013296117285,3.557435463844862],[101.51961475278229,3.557435463844862],[101.51961475278229,3.5558647931305525],[101.51857833600116,3.5554721258589366],[101.51857833600116,3.5558647931305525],[101.5180601276106,3.5558647931305525],[101.5180601276106,3.557042795922071],[101.51857833600116,3.557042795922071],[101.51857833600116,3.5586134685903437],[101.51909654439173,3.5586134685903437],[101.51909654439173,3.559791474801869],[101.51961475278229,3.559791474801869],[101.51961475278229,3.5613621520319305],[101.52013296117285,3.5613621520319305],[101.52013296117285,3.5625401616661323],[101.5206511695634,3.5625401616661323],[101.5206511695634,3.5645035143182167],[101.52116937795397,3.5645035143182167],[101.52116937795397,3.5656815278673166],[101.52168758634453,3.5656815278673166],[101.52168758634453,3.566074199376768],[101.52272400312565,3.5656815278673166],[101.52220579473509,3.562932831870325]]],[[[101.52376041990676,3.568037559372965],[101.5232422115162,3.568037559372965],[101.5232422115162,3.5664668710494563],[101.52220579473509,3.566074199376768],[101.52220579473509,3.5664668710494563],[101.52168758634453,3.5664668710494563],[101.52168758634453,3.568037559372965],[101.52220579473509,3.568037559372965],[101.52220579473509,3.570000923452403],[101.52272400312565,3.570000923452403],[101.5232422115162,3.5739276638700814],[101.52427862829734,3.571585385988119],[101.52427862829734,3.5703935967584792],[101.52376041990676,3.5703935967584792],[101.52376041990676,3.568037559372965]]],[[[101.51754191922004,3.5908128343182897],[101.51754191922004,3.59118751925584],[101.51767788876879,3.5908128343182897],[101.51754191922004,3.5908128343182897]]],[[[101.51702371082949,3.5919908807915615],[101.51702371082949,3.5926155232968253],[101.51725038725291,3.5919908807915615],[101.51702371082949,3.5919908807915615]]],[[[101.53516100449909,3.493825371075003],[101.53567921288966,3.4930975573268084],[101.53464279610854,3.492647446207028],[101.53464279610854,3.4930400876698178],[101.53412458771798,3.4930400876698178],[101.53412458771798,3.4934327292924703],[101.53464279610854,3.4934327292924703],[101.53412458771798,3.494218013017434],[101.53516100449909,3.4946106551197818],[101.53516100449909,3.494218013017434],[101.53567921288966,3.494218013017434],[101.53567921288966,3.493825371075003],[101.53516100449909,3.493825371075003]]],[[[101.52790608703124,3.5012855953445063],[101.52894250381237,3.4997150170109625],[101.53049712898405,3.4997150170109625],[101.53049712898405,3.499322372828048],[101.53153354576519,3.4989297288052863],[101.53101533737461,3.496573868030902],[101.53153354576519,3.496573868030902],[101.53205175415575,3.4950032973820635],[101.53308817093685,3.4946106551197818],[101.53308817093685,3.493825371075003],[101.53360637932742,3.493825371075003],[101.53360637932742,3.4930400876698178],[101.53412458771798,3.4930400876698178],[101.53412458771798,3.4922548049040825],[101.53464279610854,3.4922548049040825],[101.53464279610854,3.491076881954126],[101.53516100449909,3.491076881954126],[101.53516100449909,3.490420368416896],[101.53412458771798,3.4897427570926975],[101.53360637932742,3.489898960442112],[101.53360637932742,3.491469522777649],[101.53308817093685,3.491469522777649],[101.53308817093685,3.4922548049040825],[101.53256996254629,3.4922548049040825],[101.53256996254629,3.4930400876698178],[101.53205175415575,3.4930400876698178],[101.53153354576519,3.4946106551197818],[101.52997892059349,3.495395939804298],[101.52997892059349,3.4961812251287],[101.52894250381237,3.4961812251287],[101.52894250381237,3.495788582386505],[101.52842429542181,3.495788582386505],[101.52686967025014,3.494218013017434],[101.525833253469,3.494218013017434],[101.525833253469,3.493825371075003],[101.5232422115162,3.493825371075003],[101.5232422115162,3.4934327292924703],[101.52220579473509,3.4934327292924703],[101.52168758634453,3.492647446207028],[101.52116937795397,3.492647446207028],[101.5206511695634,3.4934327292924703],[101.51909654439173,3.4934327292924703],[101.51909654439173,3.493825371075003],[101.51857833600116,3.493825371075003],[101.51909654439173,3.4946106551197818],[101.52168758634453,3.4946106551197818],[101.52168758634453,3.4950032973820635],[101.525833253469,3.4950032973820635],[101.525833253469,3.495395939804298],[101.52686967025014,3.495395939804298],[101.52686967025014,3.4961812251287],[101.52842429542181,3.49696651109313],[101.52842429542181,3.498537084942659],[101.52790608703124,3.498537084942659],[101.52790608703124,3.499322372828048],[101.5273878786407,3.499322372828048],[101.5273878786407,3.5001076613540465],[101.52686967025014,3.5001076613540465],[101.52686967025014,3.5008929505208006],[101.52635146185958,3.5008929505208006],[101.525833253469,3.5024635307771548],[101.52686967025014,3.502856176241942],[101.52686967025014,3.5024635307771548],[101.5273878786407,3.5024635307771548],[101.5273878786407,3.5012855953445063],[101.52790608703124,3.5012855953445063]]],[[[101.53827025484246,3.5001076613540465],[101.5377520464519,3.5001076613540465],[101.5377520464519,3.4997150170109625],[101.5367156296708,3.5001076613540465],[101.53567921288966,3.4989297288052863],[101.53516100449909,3.4989297288052863],[101.53516100449909,3.499322372828048],[101.53308817093685,3.499322372828048],[101.53308817093685,3.4997150170109625],[101.53256996254629,3.4997150170109625],[101.53256996254629,3.5024635307771548],[101.53308817093685,3.5024635307771548],[101.53464279610854,3.504034113598272],[101.53567921288966,3.504034113598272],[101.53567921288966,3.503641467652482],[101.5377520464519,3.503641467652482],[101.5377520464519,3.5032488218670457],[101.53827025484246,3.5032488218670457],[101.53827025484246,3.5001076613540465]]],[[[101.52635146185958,3.5032488218670457],[101.52531504507844,3.503641467652482],[101.52531504507844,3.5048194059709785],[101.525833253469,3.5048194059709785],[101.525833253469,3.505212052397934],[101.52686967025014,3.5048194059709785],[101.52686967025014,3.503641467652482],[101.52635146185958,3.503641467652482],[101.52635146185958,3.5032488218670457]]],[[[101.5273878786407,3.5059973457331344],[101.52686967025014,3.5059973457331344],[101.52686967025014,3.5056046989853122],[101.525833253469,3.5059973457331344],[101.525833253469,3.5075679343292148],[101.52635146185958,3.5075679343292148],[101.52635146185958,3.509138525493833],[101.52686967025014,3.509138525493833],[101.52686967025014,3.509531173686458],[101.52790608703124,3.509138525493833],[101.5273878786407,3.5059973457331344]]],[[[101.52894250381237,3.5118870662159534],[101.52842429542181,3.5118870662159534],[101.52842429542181,3.509923822039707],[101.5273878786407,3.509531173686458],[101.5273878786407,3.509923822039707],[101.52686967025014,3.509923822039707],[101.52686967025014,3.51149441705931],[101.5273878786407,3.51149441705931],[101.5273878786407,3.5150282652570226],[101.52686967025014,3.5150282652570226],[101.52686967025014,3.515813566625713],[101.5273878786407,3.515813566625713],[101.5273878786407,3.51620621755142],[101.52842429542181,3.515813566625713],[101.52842429542181,3.5146356148140057],[101.52894250381237,3.5146356148140057],[101.52894250381237,3.5118870662159534]]],[[[101.525833253469,3.518562126485894],[101.52635146185958,3.518562126485894],[101.52635146185958,3.518954778538514],[101.5273878786407,3.518562126485894],[101.5273878786407,3.5173841712942133],[101.52790608703124,3.5173841712942133],[101.52790608703124,3.516598868638061],[101.5273878786407,3.516598868638061],[101.5273878786407,3.51620621755142],[101.52635146185958,3.516598868638061],[101.525833253469,3.518562126485894]]],[[[101.52635146185958,3.5193474307521937],[101.52635146185958,3.518954778538514],[101.52531504507844,3.5193474307521937],[101.52531504507844,3.520132735662806],[101.525833253469,3.520132735662806],[101.525833253469,3.5205253883597742],[101.52686967025014,3.520132735662806],[101.52686967025014,3.5193474307521937],[101.52635146185958,3.5193474307521937]]],[[[101.52272400312565,3.529949101468564],[101.5232422115162,3.529949101468564],[101.52376041990676,3.527200508876347],[101.52427862829734,3.527200508876347],[101.52427862829734,3.5256298880900436],[101.52479683668788,3.5256298880900436],[101.52531504507844,3.522881307926007],[101.525833253469,3.522881307926007],[101.525833253469,3.521703347417549],[101.52635146185958,3.521703347417549],[101.52635146185958,3.5209180412178753],[101.525833253469,3.5209180412178753],[101.525833253469,3.5205253883597742],[101.52479683668788,3.5209180412178753],[101.52479683668788,3.522096000759156],[101.52427862829734,3.522096000759156],[101.52427862829734,3.523273961751285],[101.52376041990676,3.523273961751285],[101.52376041990676,3.5244519241947505],[101.5232422115162,3.5244519241947505],[101.52272400312565,3.527593164476481],[101.52220579473509,3.527593164476481],[101.52168758634453,3.530341758199293],[101.52116937795397,3.530341758199293],[101.52116937795397,3.531519729361076],[101.5206511695634,3.531519729361076],[101.5206511695634,3.532305044277106],[101.52116937795397,3.532305044277106],[101.52116937795397,3.532697701977627],[101.52220579473509,3.532305044277106],[101.52272400312565,3.529949101468564]]],[[[101.52842429542181,3.553116125646327],[101.5273878786407,3.553508791941724],[101.52790608703124,3.554294125020509],[101.52894250381237,3.553901458399778],[101.52842429542181,3.553116125646327]]]]},"properties":{"place_id":"b8005e6e-7b96-5d65-91fd-4749cb73f74e","habitat":"disturbed_built_edge","habitat_label":"Disturbed, bare or built edge","resolution_m":50}},{"type":"Feature","geometry":{"type":"MultiPolygon","coordinates":[[[[101.48904045773921,3.580210482575147],[101.49007687452033,3.580603160136529],[101.49007687452033,3.5813885157510446],[101.49111329130146,3.5813885157510446],[101.49111329130146,3.5817811938042134],[101.49214970808258,3.5817811938042134],[101.49214970808258,3.5821738720213476],[101.4931861248637,3.5825665504024657],[101.4931861248637,3.5837445865299014],[101.49474075003538,3.5837445865299014],[101.49525895842594,3.58610066321478],[101.49629537520705,3.58610066321478],[101.4957771668165,3.5880640649665523],[101.49525895842594,3.5880640649665523],[101.49525895842594,3.5892421079885404],[101.4957771668165,3.5892421079885404],[101.4957771668165,3.5888494268169238],[101.49629537520705,3.5888494268169238],[101.49629537520705,3.5880640649665523],[101.49733179198817,3.5880640649665523],[101.49733179198817,3.5864933432367305],[101.49785000037873,3.5864933432367305],[101.49785000037873,3.58610066321478],[101.49940462555043,3.58610066321478],[101.49940462555043,3.5857079833569934],[101.50199566750322,3.585315303663354],[101.50199566750322,3.5849226241338434],[101.49992283394097,3.5849226241338434],[101.49992283394097,3.585315303663354],[101.49888641715985,3.5849226241338434],[101.4983682087693,3.5857079833569934],[101.49733179198817,3.5857079833569934],[101.49629537520705,3.5841372655671346],[101.49785000037873,3.5833519076567253],[101.49785000037873,3.5825665504024657],[101.49733179198817,3.5825665504024657],[101.49733179198817,3.582959228947585],[101.49474075003538,3.5825665504024657],[101.49474075003538,3.5813885157510446],[101.49525895842594,3.5813885157510446],[101.49525895842594,3.5809958378618214],[101.49629537520705,3.5809958378618214],[101.49629537520705,3.580603160136529],[101.49474075003538,3.580603160136529],[101.49422254164482,3.5813885157510446],[101.4931861248637,3.5813885157510446],[101.4931861248637,3.580603160136529],[101.491631499692,3.580603160136529],[101.491631499692,3.580210482575147],[101.49111329130146,3.580210482575147],[101.49111329130146,3.5798178051776577],[101.49214970808258,3.5794251279440426],[101.49214970808258,3.578639773968363],[101.49111329130146,3.5782470972262628],[101.49111329130146,3.577069067982699],[101.49214970808258,3.577069067982699],[101.49214970808258,3.5774617442334486],[101.49266791647312,3.5774617442334486],[101.49266791647312,3.576676391895697],[101.49422254164482,3.576676391895697],[101.49422254164482,3.578639773968363],[101.49525895842594,3.5790324508742835],[101.49525895842594,3.5778544206479643],[101.49629537520705,3.5782470972262628],[101.49629537520705,3.577069067982699],[101.49525895842594,3.576676391895697],[101.49525895842594,3.574320338811361],[101.49629537520705,3.574320338811361],[101.49629537520705,3.5739276638700814],[101.49681358359761,3.5739276638700814],[101.49681358359761,3.5751056891847983],[101.49733179198817,3.5751056891847983],[101.49785000037873,3.574320338811361],[101.49888641715985,3.574320338811361],[101.49888641715985,3.575498364616993],[101.4983682087693,3.575498364616993],[101.49785000037873,3.577069067982699],[101.49888641715985,3.576676391895697],[101.49888641715985,3.577069067982699],[101.49940462555043,3.577069067982699],[101.49940462555043,3.5782470972262628],[101.49992283394097,3.5782470972262628],[101.49992283394097,3.576676391895697],[101.50199566750322,3.576676391895697],[101.50199566750322,3.5778544206479643],[101.50251387589378,3.5778544206479643],[101.50251387589378,3.5782470972262628],[101.5035502926749,3.5778544206479643],[101.50406850106546,3.578639773968363],[101.50458670945604,3.578639773968363],[101.50458670945604,3.5778544206479643],[101.50510491784658,3.5778544206479643],[101.50510491784658,3.5782470972262628],[101.50562312623715,3.5782470972262628],[101.50562312623715,3.5778544206479643],[101.50665954301827,3.5778544206479643],[101.50665954301827,3.5774617442334486],[101.50406850106546,3.5774617442334486],[101.50406850106546,3.577069067982699],[101.50303208428434,3.577069067982699],[101.50303208428434,3.576676391895697],[101.50251387589378,3.576676391895697],[101.50251387589378,3.5751056891847983],[101.5009592507221,3.5751056891847983],[101.5009592507221,3.574320338811361],[101.50044104233154,3.574320338811361],[101.49940462555043,3.573142314478311],[101.4983682087693,3.573142314478311],[101.4983682087693,3.5711789438609656],[101.49888641715985,3.5711789438609656],[101.49888641715985,3.5707862702279947],[101.49940462555043,3.5707862702279947],[101.49940462555043,3.5719642916173515],[101.49992283394097,3.5719642916173515],[101.49992283394097,3.5715716176574115],[101.5009592507221,3.5715716176574115],[101.5009592507221,3.572356965740802],[101.50303208428434,3.572356965740802],[101.50406850106546,3.574320338811361],[101.50458670945604,3.574320338811361],[101.50458670945604,3.573142314478311],[101.50510491784658,3.573142314478311],[101.50510491784658,3.573534989092404],[101.5061413346277,3.5739276638700814],[101.50665954301827,3.575498364616993],[101.50769595979939,3.575498364616993],[101.50769595979939,3.5758910402128614],[101.50821416818995,3.5758910402128614],[101.50821416818995,3.5751056891847983],[101.50873237658051,3.5751056891847983],[101.50873237658051,3.57471301391626],[101.51028700175219,3.57471301391626],[101.51028700175219,3.574320338811361],[101.50976879336163,3.574320338811361],[101.50976879336163,3.573534989092404],[101.50925058497107,3.573534989092404],[101.50821416818995,3.57471301391626],[101.50717775140883,3.57471301391626],[101.50717775140883,3.574320338811361],[101.50665954301827,3.574320338811361],[101.50665954301827,3.573142314478311],[101.50769595979939,3.5727496400277823],[101.50769595979939,3.572356965740802],[101.50665954301827,3.572356965740802],[101.50665954301827,3.5707862702279947],[101.50769595979939,3.5703935967584792],[101.50769595979939,3.570000923452403],[101.50717775140883,3.570000923452403],[101.50717775140883,3.5692155773304934],[101.50769595979939,3.5692155773304934],[101.50769595979939,3.5688229045146236],[101.5061413346277,3.5688229045146236],[101.5061413346277,3.5692155773304934],[101.50562312623715,3.5692155773304934],[101.50562312623715,3.5696082503097477],[101.5061413346277,3.5696082503097477],[101.5061413346277,3.5707862702279947],[101.50562312623715,3.5707862702279947],[101.50562312623715,3.5719642916173515],[101.50510491784658,3.5719642916173515],[101.50510491784658,3.572356965740802],[101.50406850106546,3.572356965740802],[101.50406850106546,3.5711789438609656],[101.50303208428434,3.5711789438609656],[101.50303208428434,3.5692155773304934],[101.50251387589378,3.5692155773304934],[101.50251387589378,3.570000923452403],[101.50199566750322,3.570000923452403],[101.50199566750322,3.5703935967584792],[101.50147745911266,3.5703935967584792],[101.50147745911266,3.5692155773304934],[101.5009592507221,3.5692155773304934],[101.5009592507221,3.5684302318621213],[101.50147745911266,3.5684302318621213],[101.50147745911266,3.567644887047139],[101.5009592507221,3.567644887047139],[101.5009592507221,3.567252214884625],[101.50147745911266,3.567252214884625],[101.50147745911266,3.5668595428854033],[101.50251387589378,3.5668595428854033],[101.50199566750322,3.566074199376768],[101.5009592507221,3.566074199376768],[101.5009592507221,3.56489618533806],[101.50199566750322,3.565288856521087],[101.50199566750322,3.562932831870325],[101.50303208428434,3.562932831870325],[101.50303208428434,3.5621474916250135],[101.50406850106546,3.5621474916250135],[101.50406850106546,3.562932831870325],[101.50458670945604,3.562932831870325],[101.50458670945604,3.5641108434615396],[101.50406850106546,3.5641108434615396],[101.50406850106546,3.566074199376768],[101.50458670945604,3.566074199376768],[101.50510491784658,3.5641108434615396],[101.50665954301827,3.5641108434615396],[101.50665954301827,3.562932831870325],[101.50562312623715,3.562932831870325],[101.50562312623715,3.5625401616661323],[101.50510491784658,3.5625401616661323],[101.50510491784658,3.561754821746952],[101.5061413346277,3.561754821746952],[101.5061413346277,3.5621474916250135],[101.50665954301827,3.5621474916250135],[101.50665954301827,3.561754821746952],[101.50821416818995,3.561754821746952],[101.50665954301827,3.560184143864917],[101.50510491784658,3.560184143864917],[101.50510491784658,3.55939880590177],[101.50562312623715,3.55939880590177],[101.50562312623715,3.5590061371646007],[101.5061413346277,3.5590061371646007],[101.5061413346277,3.55939880590177],[101.50717775140883,3.55939880590177],[101.50665954301827,3.5586134685903437],[101.50769595979939,3.5586134685903437],[101.50769595979939,3.5590061371646007],[101.50873237658051,3.55939880590177],[101.50873237658051,3.5590061371646007],[101.50925058497107,3.5590061371646007],[101.50925058497107,3.557435463844862],[101.51028700175219,3.557042795922071],[101.51028700175219,3.5566501281621017],[101.50873237658051,3.5566501281621017],[101.50873237658051,3.557435463844862],[101.50665954301827,3.557435463844862],[101.50665954301827,3.557828131930493],[101.5061413346277,3.557828131930493],[101.5061413346277,3.557435463844862],[101.50458670945604,3.557435463844862],[101.50458670945604,3.5566501281621017],[101.50562312623715,3.5566501281621017],[101.50562312623715,3.5562574605649333],[101.50665954301827,3.5562574605649333],[101.50665954301827,3.5558647931305525],[101.50769595979939,3.5558647931305525],[101.50769595979939,3.5554721258589366],[101.50873237658051,3.5554721258589366],[101.50873237658051,3.5550794587500696],[101.50925058497107,3.5550794587500696],[101.50925058497107,3.554686791803934],[101.50406850106546,3.5550794587500696],[101.50406850106546,3.554294125020509],[101.50458670945604,3.554294125020509],[101.50458670945604,3.553901458399778],[101.50821416818995,3.553508791941724],[101.50821416818995,3.5527234595135697],[101.50769595979939,3.5527234595135697],[101.50769595979939,3.551938127735901],[101.50821416818995,3.551938127735901],[101.50821416818995,3.5515454620909535],[101.50769595979939,3.5515454620909535],[101.50769595979939,3.5507601312887407],[101.50665954301827,3.5507601312887407],[101.50665954301827,3.551152796608573],[101.5061413346277,3.551152796608573],[101.50458670945604,3.5527234595135697],[101.50303208428434,3.5527234595135697],[101.50303208428434,3.552330793543434],[101.50199566750322,3.551938127735901],[101.50199566750322,3.551152796608573],[101.50251387589378,3.551152796608573],[101.50303208428434,3.5503674661314393],[101.50510491784658,3.5503674661314393],[101.50510491784658,3.549974801136651],[101.5061413346277,3.549974801136651],[101.5061413346277,3.5487968071271774],[101.50562312623715,3.5487968071271774],[101.50562312623715,3.5491894716345374],[101.50458670945604,3.5491894716345374],[101.50458670945604,3.5484041427822564],[101.50510491784658,3.5484041427822564],[101.50510491784658,3.547618814579662],[101.50562312623715,3.547618814579662],[101.50562312623715,3.5472261507219516],[101.50510491784658,3.5472261507219516],[101.50510491784658,3.5468334870266087],[101.50406850106546,3.5472261507219516],[101.5035502926749,3.5464408234936142],[101.50251387589378,3.5464408234936142],[101.50251387589378,3.544870170984765],[101.5035502926749,3.544870170984765],[101.5035502926749,3.5432995210720475],[101.50458670945604,3.5432995210720475],[101.50458670945604,3.543692183306903],[101.50510491784658,3.543692183306903],[101.50510491784658,3.5417288737543005],[101.50458670945604,3.5417288737543005],[101.50510491784658,3.540982837068712],[101.5019068,3.5418071960951862],[101.50023300000001,3.5427863960941486],[101.49981129999999,3.5437783960930855],[101.4999771,3.5444988960923194],[101.50152059999999,3.5458347960908867],[101.50094609999998,3.5480774960884975],[101.50205320000002,3.54877639608771],[101.5022784,3.5494625960870074],[101.50118449999998,3.5519784960843177],[101.50183450000002,3.555357996080673],[101.503761,3.557065296078867],[101.50405109999998,3.5590157960767534],[101.5037303,3.5595152960762295],[101.5029923,3.5595372960762113],[101.50201339999998,3.5601902960755107],[101.5018337,3.5609395960747317],[101.4997285,3.5627859960727193],[101.4996029,3.5637334960717175],[101.5002493,3.5650296960703405],[101.499982,3.5663511960688923],[101.4989133,3.566513496068754],[101.4976975,3.56750949606768],[101.49737789999999,3.569163396065892],[101.4959163,3.5707973960641435],[101.49575329999999,3.5733540960614056],[101.4926521,3.5729192960618823],[101.49178939999997,3.5733197960614516],[101.49030889999997,3.57548899605914],[101.49027519999997,3.575900996058686],[101.4911854,3.576205796058358],[101.49123799999998,3.5768352960576673],[101.48863209999999,3.5779156960565293],[101.48805649999998,3.578589096055815],[101.48824780000001,3.581750596052434],[101.4872958,3.5835303960505294],[101.48613459999999,3.5845999960493704],[101.48660459999999,3.58633709604751],[101.4858603,3.58716149604663],[101.48481909999997,3.586579396047241],[101.4839965,3.586694196047136],[101.4832121,3.58857679604512],[101.4834702974014,3.5888494268169238],[101.48437658222416,3.5888494268169238],[101.48437658222416,3.587278703773203],[101.48593120739584,3.587278703773203],[101.48593120739584,3.5876713842877583],[101.48644941578641,3.5876713842877583],[101.48644941578641,3.588456745809601],[101.48696762417697,3.588456745809601],[101.48696762417697,3.5864933432367305],[101.48748583256751,3.5864933432367305],[101.48748583256751,3.58610066321478],[101.48696762417697,3.58610066321478],[101.48696762417697,3.584529944768443],[101.48748583256751,3.584529944768443],[101.48748583256751,3.5841372655671346],[101.48904045773921,3.5841372655671346],[101.48904045773921,3.5837445865299014],[101.48852224934865,3.5837445865299014],[101.48904045773921,3.580210482575147]],[[101.50199566750322,3.5444775082632436],[101.50147745911266,3.5444775082632436],[101.5009592507221,3.543692183306903],[101.50199566750322,3.543692183306903],[101.50199566750322,3.5444775082632436]]],[[[101.48904045773921,3.584529944768443],[101.48955866612977,3.584529944768443],[101.48955866612977,3.5841372655671346],[101.48904045773921,3.5841372655671346],[101.48904045773921,3.584529944768443]]],[[[101.48748583256751,3.589634789324468],[101.48748583256751,3.588456745809601],[101.48696762417697,3.588456745809601],[101.48696762417697,3.589634789324468],[101.48748583256751,3.589634789324468]]],[[[101.49681358359761,3.590420152489324],[101.49681358359761,3.590027470824721],[101.49629537520705,3.590027470824721],[101.49629537520705,3.590420152489324],[101.49681358359761,3.590420152489324]]],[[[101.48800404095809,3.5908128343182897],[101.48800404095809,3.590027470824721],[101.48748583256751,3.590027470824721],[101.48748583256751,3.5908128343182897],[101.48800404095809,3.5908128343182897]]],[[[101.49733179198817,3.59120551631164],[101.49733179198817,3.590420152489324],[101.49681358359761,3.590420152489324],[101.49681358359761,3.59120551631164],[101.49733179198817,3.59120551631164]]],[[[101.48852224934865,3.591598198469391],[101.48852224934865,3.5908128343182897],[101.48800404095809,3.5908128343182897],[101.48800404095809,3.591598198469391],[101.48852224934865,3.591598198469391]]],[[[101.49785000037873,3.5919908807915615],[101.49785000037873,3.591598198469391],[101.49733179198817,3.591598198469391],[101.49733179198817,3.5919908807915615],[101.49785000037873,3.5919908807915615]]],[[[101.4983682087693,3.59316892874477],[101.4983682087693,3.5919908807915615],[101.49785000037873,3.5919908807915615],[101.49785000037873,3.59316892874477],[101.4983682087693,3.59316892874477]]],[[[101.50665954301827,3.5641108434615396],[101.50665954301827,3.56489618533806],[101.50717775140883,3.56489618533806],[101.50769595979939,3.5641108434615396],[101.50665954301827,3.5641108434615396]]],[[[101.50821416818995,3.572356965740802],[101.50821416818995,3.5719642916173515],[101.50769595979939,3.5719642916173515],[101.50769595979939,3.572356965740802],[101.50821416818995,3.572356965740802]]],[[[101.50873237658051,3.576676391895697],[101.50873237658051,3.5758910402128614],[101.50821416818995,3.5758910402128614],[101.50821416818995,3.576676391895697],[101.50873237658051,3.576676391895697]]],[[[101.50769595979939,3.5782470972262628],[101.50769595979939,3.5778544206479643],[101.50717775140883,3.5778544206479643],[101.50717775140883,3.5782470972262628],[101.50769595979939,3.5782470972262628]]],[[[101.50147745911266,3.5790324508742835],[101.50147745911266,3.578639773968363],[101.5009592507221,3.578639773968363],[101.5009592507221,3.5790324508742835],[101.50147745911266,3.5790324508742835]]],[[[101.5061413346277,3.5794251279440426],[101.5061413346277,3.5790324508742835],[101.50562312623715,3.5790324508742835],[101.50562312623715,3.5794251279440426],[101.5061413346277,3.5794251279440426]]],[[[101.50303208428434,3.5809958378618214],[101.50251387589378,3.5809958378618214],[101.50251387589378,3.5798178051776577],[101.50303208428434,3.5798178051776577],[101.50303208428434,3.5794251279440426],[101.50251387589378,3.5794251279440426],[101.50251387589378,3.5782470972262628],[101.50199566750322,3.5782470972262628],[101.50199566750322,3.580210482575147],[101.50147745911266,3.580210482575147],[101.50147745911266,3.580603160136529],[101.50199566750322,3.580603160136529],[101.50199566750322,3.5817811938042134],[101.50251387589378,3.5817811938042134],[101.50251387589378,3.5821738720213476],[101.50303208428434,3.5821738720213476],[101.50303208428434,3.5809958378618214]]],[[[101.5009592507221,3.5813885157510446],[101.50147745911266,3.5813885157510446],[101.50147745911266,3.580603160136529],[101.5009592507221,3.580603160136529],[101.5009592507221,3.5813885157510446]]]]},"properties":{"place_id":"b8005e6e-7b96-5d65-91fd-4749cb73f74e","habitat":"permanent_water","habitat_label":"Permanent water","resolution_m":50}},{"type":"Feature","geometry":{"type":"MultiPolygon","coordinates":[[[[101.49217170547772,3.573142314478311],[101.49214970808258,3.573534989092404],[101.49266791647312,3.573534989092404],[101.49266791647312,3.573142314478311],[101.49217170547772,3.573142314478311]]],[[[101.49474075003538,3.5734079969790002],[101.49525895842594,3.573534989092404],[101.49525895842594,3.573415759076629],[101.49474075003538,3.5734079969790002]]],[[[101.49629537520705,3.5739276638700814],[101.49681358359761,3.5739276638700814],[101.49681358359761,3.573534989092404],[101.49629537520705,3.573534989092404],[101.49629537520705,3.5739276638700814]]],[[[101.49370433325426,3.574320338811361],[101.49370433325426,3.573534989092404],[101.4931861248637,3.573534989092404],[101.49266791647312,3.574320338811361],[101.49370433325426,3.574320338811361]]],[[[101.491631499692,3.574320338811361],[101.491631499692,3.5739276638700814],[101.49136079552294,3.5739276638700814],[101.49108803993356,3.574320338811361],[101.491631499692,3.574320338811361]]],[[[101.49474075003538,3.574320338811361],[101.49525895842594,3.574320338811361],[101.49525895842594,3.5739276638700814],[101.49474075003538,3.5739276638700814],[101.49474075003538,3.574320338811361]]],[[[101.4931861248637,3.57471301391626],[101.4931861248637,3.5751056891847983],[101.49370433325426,3.5751056891847983],[101.49370433325426,3.57471301391626],[101.4931861248637,3.57471301391626]]],[[[101.49214970808258,3.5774617442334486],[101.49266791647312,3.5774617442334486],[101.49266791647312,3.577069067982699],[101.49214970808258,3.577069067982699],[101.49214970808258,3.5774617442334486]]],[[[101.49629537520705,3.577069067982699],[101.49422254164482,3.577069067982699],[101.49422254164482,3.5778544206479643],[101.4957771668165,3.5778544206479643],[101.4957771668165,3.5782470972262628],[101.49629537520705,3.5782470972262628],[101.49629537520705,3.577069067982699]]],[[[101.49422254164482,3.578639773968363],[101.49422254164482,3.5794251279440426],[101.49525895842594,3.5794251279440426],[101.49525895842594,3.578639773968363],[101.49422254164482,3.578639773968363]]],[[[101.49370433325426,3.5817811938042134],[101.49370433325426,3.5813885157510446],[101.49266791647312,3.5813885157510446],[101.49266791647312,3.5809958378618214],[101.49111329130146,3.5809958378618214],[101.49111329130146,3.5798178051776577],[101.48955866612977,3.5798178051776577],[101.48955866612977,3.5794251279440426],[101.49059508291089,3.5794251279440426],[101.49059508291089,3.5790324508742835],[101.491631499692,3.5794251279440426],[101.491631499692,3.5782470972262628],[101.49111329130146,3.5782470972262628],[101.49111329130146,3.5778544206479643],[101.48955866612977,3.5778544206479643],[101.48955866612977,3.5782470972262628],[101.48852224934865,3.578639773968363],[101.48831824798827,3.580603160136529],[101.48852224934865,3.580210482575147],[101.49059508291089,3.580210482575147],[101.49059508291089,3.5813885157510446],[101.49111329130146,3.5813885157510446],[101.491631499692,3.5821738720213476],[101.49266791647312,3.5821738720213476],[101.4931861248637,3.582959228947585],[101.49422254164482,3.582959228947585],[101.49370433325426,3.5837445865299014],[101.49474075003538,3.5837445865299014],[101.49474075003538,3.5817811938042134],[101.49370433325426,3.5817811938042134]],[[101.4931861248637,3.5821738720213476],[101.49370433325426,3.5821738720213476],[101.49370433325426,3.5825665504024657],[101.4931861248637,3.5825665504024657],[101.4931861248637,3.5821738720213476]]],[[[101.49525895842594,3.5813885157510446],[101.4957771668165,3.5813885157510446],[101.49629537520705,3.580603160136529],[101.49474075003538,3.580603160136529],[101.49525895842594,3.5813885157510446]]],[[[101.48830201580827,3.5813885157510446],[101.48739545385642,3.5833519076567253],[101.48852224934865,3.5833519076567253],[101.48852224934865,3.5817811938042134],[101.48904045773921,3.5817811938042134],[101.48904045773921,3.5813885157510446],[101.48830201580827,3.5813885157510446]]],[[[101.49681358359761,3.5833519076567253],[101.49629537520705,3.5833519076567253],[101.4957771668165,3.5841372655671346],[101.49681358359761,3.5841372655671346],[101.49681358359761,3.5833519076567253]]],[[[101.4931861248637,3.5841372655671346],[101.49370433325426,3.5841372655671346],[101.49370433325426,3.5837445865299014],[101.4931861248637,3.5837445865299014],[101.4931861248637,3.5841372655671346]]],[[[101.48852224934865,3.5841372655671346],[101.48852224934865,3.584529944768443],[101.48904045773921,3.584529944768443],[101.48904045773921,3.5841372655671346],[101.48852224934865,3.5841372655671346]]],[[[101.48696762417697,3.5838086023159956],[101.48613459999999,3.5845999960493704],[101.48644941578641,3.5868860234228666],[101.48800404095809,3.5868860234228666],[101.48800404095809,3.5864933432367305],[101.48696762417697,3.5864933432367305],[101.48696762417697,3.584529944768443],[101.48748583256751,3.584529944768443],[101.48696762417697,3.5838086023159956]]],[[[101.4839965,3.586694196047136],[101.4838583738336,3.5876713842877583],[101.48437658222416,3.5876713842877583],[101.48481909999997,3.586579396047241],[101.4839965,3.586694196047136]]],[[[101.48541299900528,3.5870573342997236],[101.48593120739584,3.5876713842877583],[101.48644941578641,3.5876713842877583],[101.48644941578641,3.5868860234228666],[101.48541299900528,3.5870573342997236]]],[[[101.48489479061472,3.5876713842877583],[101.48541299900528,3.5876713842877583],[101.48541299900528,3.587278703773203],[101.48489479061472,3.587278703773203],[101.48489479061472,3.5876713842877583]]],[[[101.48334016544304,3.5887120204038134],[101.4838583738336,3.5888494268169238],[101.4838583738336,3.5880640649665523],[101.48356114580491,3.5880640649665523],[101.48334016544304,3.5887120204038134]]],[[[101.4957771668165,3.588456745809601],[101.4957771668165,3.5888494268169238],[101.49629537520705,3.5888494268169238],[101.49629537520705,3.588456745809601],[101.4957771668165,3.588456745809601]]],[[[101.48696762417697,3.5892421079885404],[101.48748583256751,3.5892421079885404],[101.48748583256751,3.5888494268169238],[101.48696762417697,3.5888494268169238],[101.48696762417697,3.5892421079885404]]],[[[101.49525895842594,3.589634789324468],[101.4957771668165,3.589634789324468],[101.4957771668165,3.5892421079885404],[101.49525895842594,3.5892421079885404],[101.49525895842594,3.589634789324468]]],[[[101.4957771668165,3.589634789324468],[101.4957771668165,3.590027470824721],[101.49629537520705,3.590027470824721],[101.49629537520705,3.589634789324468],[101.4957771668165,3.589634789324468]]],[[[101.50044104233154,3.5426929574596175],[101.5009592507221,3.542906858999378],[101.5009592507221,3.542514197088875],[101.50044104233154,3.5426929574596175]]],[[[101.49992283394097,3.543692183306903],[101.49992283394097,3.5435160254224813],[101.4998479491075,3.543692183306903],[101.49992283394097,3.543692183306903]]],[[[101.49992283394097,3.544084845703963],[101.49997217827793,3.5444775082632436],[101.50044104233154,3.5444775082632436],[101.50044104233154,3.544084845703963],[101.49992283394097,3.544084845703963]]],[[[101.50147745911266,3.551152796608573],[101.50199566750322,3.551152796608573],[101.50199566750322,3.5507601312887407],[101.50168492406475,3.5507601312887407],[101.50147745911266,3.551152796608573]]],[[[101.50147745911266,3.565288856521087],[101.50199566750322,3.565288856521087],[101.50199566750322,3.56489618533806],[101.50147745911266,3.56489618533806],[101.50147745911266,3.565288856521087]]],[[[101.5009592507221,3.5668595428854033],[101.5009592507221,3.567252214884625],[101.50147745911266,3.567252214884625],[101.50147745911266,3.5668595428854033],[101.5009592507221,3.5668595428854033]]],[[[101.4983682087693,3.567644887047139],[101.49888641715985,3.567644887047139],[101.49888641715985,3.567252214884625],[101.4983682087693,3.567252214884625],[101.4983682087693,3.567644887047139]]],[[[101.5009592507221,3.5684302318621213],[101.50147745911266,3.5684302318621213],[101.50147745911266,3.568037559372965],[101.5009592507221,3.568037559372965],[101.5009592507221,3.5684302318621213]]],[[[101.49888641715985,3.5707862702279947],[101.49888641715985,3.5711789438609656],[101.49992283394097,3.5711789438609656],[101.49992283394097,3.5707862702279947],[101.49888641715985,3.5707862702279947]]],[[[101.49785000037873,3.5715716176574115],[101.4983682087693,3.5715716176574115],[101.4983682087693,3.5711789438609656],[101.49785000037873,3.5711789438609656],[101.49785000037873,3.5715716176574115]]],[[[101.50044104233154,3.5715716176574115],[101.5009592507221,3.5715716176574115],[101.5009592507221,3.5711789438609656],[101.50044104233154,3.5711789438609656],[101.50044104233154,3.5715716176574115]]],[[[101.5009592507221,3.5719642916173515],[101.5009592507221,3.572356965740802],[101.50147745911266,3.572356965740802],[101.50147745911266,3.5719642916173515],[101.5009592507221,3.5719642916173515]]],[[[101.49992283394097,3.575498364616993],[101.50044104233154,3.575498364616993],[101.50044104233154,3.5751056891847983],[101.49888641715985,3.5751056891847983],[101.49888641715985,3.5758910402128614],[101.49992283394097,3.5758910402128614],[101.49992283394097,3.575498364616993]]],[[[101.49888641715985,3.5758910402128614],[101.4983682087693,3.5758910402128614],[101.4983682087693,3.576283715972424],[101.49888641715985,3.576283715972424],[101.49888641715985,3.5758910402128614]]],[[[101.49940462555043,3.5782470972262628],[101.49940462555043,3.578639773968363],[101.49992283394097,3.578639773968363],[101.49992283394097,3.5782470972262628],[101.49940462555043,3.5782470972262628]]],[[[101.5009592507221,3.5794251279440426],[101.50147745911266,3.5794251279440426],[101.50147745911266,3.5790324508742835],[101.5009592507221,3.5790324508742835],[101.5009592507221,3.5794251279440426]]],[[[101.5009592507221,3.5813885157510446],[101.50147745911266,3.5813885157510446],[101.50147745911266,3.5809958378618214],[101.5009592507221,3.5809958378618214],[101.5009592507221,3.5813885157510446]]],[[[101.49785000037873,3.582959228947585],[101.49785000037873,3.5833519076567253],[101.4983682087693,3.5833519076567253],[101.4983682087693,3.582959228947585],[101.49785000037873,3.582959228947585]]],[[[101.5009592507221,3.585315303663354],[101.50199566750322,3.585315303663354],[101.50199566750322,3.5849226241338434],[101.5009592507221,3.5849226241338434],[101.5009592507221,3.585315303663354]]],[[[101.49888641715985,3.5857079833569934],[101.49940462555043,3.5857079833569934],[101.49940462555043,3.5849226241338434],[101.49888641715985,3.5849226241338434],[101.49888641715985,3.5857079833569934]]],[[[101.49992283394097,3.585315303663354],[101.49992283394097,3.5857079833569934],[101.50044104233154,3.5857079833569934],[101.50044104233154,3.585315303663354],[101.49992283394097,3.585315303663354]]],[[[101.49940462555043,3.58610066321478],[101.49992283394097,3.58610066321478],[101.49992283394097,3.5857079833569934],[101.49940462555043,3.5857079833569934],[101.49940462555043,3.58610066321478]]],[[[101.49785000037873,3.58610066321478],[101.49681358359761,3.58610066321478],[101.49681358359761,3.5849226241338434],[101.49629537520705,3.5849226241338434],[101.49629537520705,3.5857079833569934],[101.4957771668165,3.5857079833569934],[101.4957771668165,3.58610066321478],[101.49629537520705,3.58610066321478],[101.4957771668165,3.5880640649665523],[101.49733179198817,3.5880640649665523],[101.49733179198817,3.5876713842877583],[101.49681358359761,3.5876713842877583],[101.49681358359761,3.5868860234228666],[101.49733179198817,3.5868860234228666],[101.49785000037873,3.58610066321478]]],[[[101.49681358359761,3.591598198469391],[101.49733179198817,3.591598198469391],[101.49733179198817,3.59120551631164],[101.49681358359761,3.59120551631164],[101.49681358359761,3.591598198469391]]],[[[101.49733179198817,3.5919908807915615],[101.49785000037873,3.5919908807915615],[101.49785000037873,3.591598198469391],[101.49733179198817,3.591598198469391],[101.49733179198817,3.5919908807915615]]],[[[101.50406850106546,3.5417288737543005],[101.50458670945604,3.5417288737543005],[101.50458670945604,3.5413362123301915],[101.50406850106546,3.5413362123301915],[101.50406850106546,3.5417288737543005]]],[[[101.50458670945604,3.5421215353405224],[101.50458670945604,3.542514197088875],[101.50510491784658,3.542514197088875],[101.50510491784658,3.5421215353405224],[101.50458670945604,3.5421215353405224]]],[[[101.50510491784658,3.542906858999378],[101.50303208428434,3.5421215353405224],[101.50303208428434,3.544084845703963],[101.5035502926749,3.544084845703963],[101.5035502926749,3.542906858999378],[101.50406850106546,3.542906858999378],[101.50458670945604,3.543692183306903],[101.50510491784658,3.543692183306903],[101.50510491784658,3.542906858999378]]],[[[101.50147745911266,3.544870170984765],[101.50199566750322,3.544870170984765],[101.50199566750322,3.5444775082632436],[101.50147745911266,3.5444775082632436],[101.50147745911266,3.544870170984765]]],[[[101.50458670945604,3.5464408234936142],[101.50458670945604,3.5468334870266087],[101.50510491784658,3.5468334870266087],[101.50510491784658,3.5464408234936142],[101.50458670945604,3.5464408234936142]]],[[[101.5035502926749,3.548011478599757],[101.50458670945604,3.547618814579662],[101.50406850106546,3.5468334870266087],[101.5035502926749,3.5468334870266087],[101.5035502926749,3.548011478599757]]],[[[101.50510491784658,3.548011478599757],[101.50562312623715,3.548011478599757],[101.50562312623715,3.547618814579662],[101.50510491784658,3.547618814579662],[101.50510491784658,3.548011478599757]]],[[[101.50458670945604,3.548011478599757],[101.50458670945604,3.5487968071271774],[101.50510491784658,3.5487968071271774],[101.50510491784658,3.548011478599757],[101.50458670945604,3.548011478599757]]],[[[101.5035502926749,3.5491894716345374],[101.50406850106546,3.5491894716345374],[101.50406850106546,3.5487968071271774],[101.5035502926749,3.5487968071271774],[101.5035502926749,3.5491894716345374]]],[[[101.50458670945604,3.549582136304356],[101.50510491784658,3.549582136304356],[101.50510491784658,3.5491894716345374],[101.50458670945604,3.5491894716345374],[101.50458670945604,3.549582136304356]]],[[[101.50562312623715,3.5491894716345374],[101.50562312623715,3.549582136304356],[101.50665954301827,3.549582136304356],[101.50665954301827,3.5491894716345374],[101.50562312623715,3.5491894716345374]]],[[[101.50510491784658,3.5503674661314393],[101.50562312623715,3.5503674661314393],[101.50562312623715,3.549974801136651],[101.50510491784658,3.549974801136651],[101.50510491784658,3.5503674661314393]]],[[[101.50510491784658,3.5605768130909303],[101.5061413346277,3.5605768130909303],[101.5061413346277,3.560184143864917],[101.50510491784658,3.560184143864917],[101.50510491784658,3.5605768130909303]]],[[[101.50510491784658,3.5613621520319305],[101.50510491784658,3.561754821746952],[101.50562312623715,3.561754821746952],[101.50562312623715,3.5613621520319305],[101.50510491784658,3.5613621520319305]]],[[[101.50406850106546,3.5633255022376122],[101.50458670945604,3.5633255022376122],[101.50458670945604,3.562932831870325],[101.50406850106546,3.562932831870325],[101.50406850106546,3.5633255022376122]]],[[[101.50251387589378,3.5703935967584792],[101.50303208428434,3.5703935967584792],[101.50303208428434,3.570000923452403],[101.50251387589378,3.570000923452403],[101.50251387589378,3.5703935967584792]]],[[[101.50303208428434,3.572356965740802],[101.50303208428434,3.573142314478311],[101.5035502926749,3.573142314478311],[101.5035502926749,3.572356965740802],[101.50303208428434,3.572356965740802]]],[[[101.50406850106546,3.574320338811361],[101.50458670945604,3.574320338811361],[101.50458670945604,3.5739276638700814],[101.50406850106546,3.5739276638700814],[101.50406850106546,3.574320338811361]]],[[[101.50303208428434,3.5774617442334486],[101.5035502926749,3.5774617442334486],[101.5035502926749,3.577069067982699],[101.50303208428434,3.577069067982699],[101.50303208428434,3.5774617442334486]]],[[[101.5035502926749,3.5774617442334486],[101.5035502926749,3.5778544206479643],[101.50406850106546,3.5778544206479643],[101.50406850106546,3.5774617442334486],[101.5035502926749,3.5774617442334486]]],[[[101.50510491784658,3.5782470972262628],[101.50562312623715,3.5782470972262628],[101.50562312623715,3.5774617442334486],[101.50510491784658,3.5774617442334486],[101.50510491784658,3.5782470972262628]]],[[[101.50251387589378,3.578639773968363],[101.50303208428434,3.578639773968363],[101.50303208428434,3.5782470972262628],[101.50251387589378,3.5782470972262628],[101.50251387589378,3.578639773968363]]],[[[101.5035502926749,3.5782470972262628],[101.5035502926749,3.578639773968363],[101.50406850106546,3.578639773968363],[101.50406850106546,3.5782470972262628],[101.5035502926749,3.5782470972262628]]],[[[101.50251387589378,3.5817811938042134],[101.50303208428434,3.5817811938042134],[101.50303208428434,3.5813885157510446],[101.50251387589378,3.5813885157510446],[101.50251387589378,3.5817811938042134]]],[[[101.50251387589378,3.5817811938042134],[101.50199566750322,3.5817811938042134],[101.50199566750322,3.5821738720213476],[101.50251387589378,3.5821738720213476],[101.50251387589378,3.5817811938042134]]],[[[101.53205175415575,3.4891136802327174],[101.53220417882982,3.4891136802327174],[101.53205175415575,3.4890637498235133],[101.53205175415575,3.4891136802327174]]],[[[101.50717775140883,3.552330793543434],[101.50821416818995,3.552330793543434],[101.50821416818995,3.551938127735901],[101.50717775140883,3.551938127735901],[101.50717775140883,3.552330793543434]]],[[[101.50769595979939,3.553508791941724],[101.50821416818995,3.553508791941724],[101.50821416818995,3.553116125646327],[101.50769595979939,3.553116125646327],[101.50769595979939,3.553508791941724]]],[[[101.50562312623715,3.553508791941724],[101.50562312623715,3.553901458399778],[101.50717775140883,3.553901458399778],[101.50717775140883,3.553508791941724],[101.50562312623715,3.553508791941724]]],[[[101.50976879336163,3.557042795922071],[101.51028700175219,3.557042795922071],[101.51028700175219,3.5566501281621017],[101.50925058497107,3.5566501281621017],[101.50925058497107,3.557435463844862],[101.50976879336163,3.557435463844862],[101.50976879336163,3.557042795922071]]],[[[101.50665954301827,3.5590061371646007],[101.50717775140883,3.5590061371646007],[101.50717775140883,3.5586134685903437],[101.50665954301827,3.5586134685903437],[101.50665954301827,3.5590061371646007]]],[[[101.50873237658051,3.5586134685903437],[101.50873237658051,3.5590061371646007],[101.50925058497107,3.5590061371646007],[101.50925058497107,3.5586134685903437],[101.50873237658051,3.5586134685903437]]],[[[101.50717775140883,3.560969482479929],[101.50769595979939,3.560969482479929],[101.50769595979939,3.5605768130909303],[101.50717775140883,3.5605768130909303],[101.50717775140883,3.560969482479929]]],[[[101.50665954301827,3.5621474916250135],[101.50717775140883,3.5621474916250135],[101.50717775140883,3.561754821746952],[101.50665954301827,3.561754821746952],[101.50665954301827,3.5621474916250135]]],[[[101.50769595979939,3.561754821746952],[101.50769595979939,3.5621474916250135],[101.50821416818995,3.5621474916250135],[101.50821416818995,3.561754821746952],[101.50769595979939,3.561754821746952]]],[[[101.50665954301827,3.56489618533806],[101.50717775140883,3.56489618533806],[101.50717775140883,3.5645035143182167],[101.50665954301827,3.5645035143182167],[101.50665954301827,3.56489618533806]]],[[[101.5061413346277,3.5696082503097477],[101.50665954301827,3.5696082503097477],[101.50665954301827,3.5692155773304934],[101.5061413346277,3.5692155773304934],[101.5061413346277,3.5696082503097477]]],[[[101.5061413346277,3.5727496400277823],[101.5061413346277,3.573534989092404],[101.50665954301827,3.573534989092404],[101.50665954301827,3.5727496400277823],[101.5061413346277,3.5727496400277823]]],[[[101.50925058497107,3.57471301391626],[101.50976879336163,3.57471301391626],[101.50976879336163,3.5739276638700814],[101.50925058497107,3.5739276638700814],[101.50925058497107,3.57471301391626]]],[[[101.50665954301827,3.57471301391626],[101.50717775140883,3.57471301391626],[101.50717775140883,3.574320338811361],[101.50665954301827,3.574320338811361],[101.50665954301827,3.57471301391626]]],[[[101.50717775140883,3.57471301391626],[101.50717775140883,3.5751056891847983],[101.50769595979939,3.5751056891847983],[101.50769595979939,3.57471301391626],[101.50717775140883,3.57471301391626]]],[[[101.50821416818995,3.5751056891847983],[101.50873237658051,3.5751056891847983],[101.50873237658051,3.57471301391626],[101.50821416818995,3.57471301391626],[101.50821416818995,3.5751056891847983]]],[[[101.50976879336163,3.5751056891847983],[101.51028700175219,3.5751056891847983],[101.51028700175219,3.57471301391626],[101.50976879336163,3.57471301391626],[101.50976879336163,3.5751056891847983]]],[[[101.50665954301827,3.575498364616993],[101.50717775140883,3.575498364616993],[101.50717775140883,3.5751056891847983],[101.50665954301827,3.5751056891847983],[101.50665954301827,3.575498364616993]]],[[[101.50769595979939,3.5758910402128614],[101.50821416818995,3.5758910402128614],[101.50821416818995,3.5751056891847983],[101.50769595979939,3.5751056891847983],[101.50769595979939,3.5758910402128614]]],[[[101.50821416818995,3.577069067982699],[101.50873237658051,3.577069067982699],[101.50873237658051,3.576676391895697],[101.50821416818995,3.576676391895697],[101.50821416818995,3.577069067982699]]],[[[101.50717775140883,3.5782470972262628],[101.50769595979939,3.5782470972262628],[101.50769595979939,3.5778544206479643],[101.50717775140883,3.5778544206479643],[101.50717775140883,3.5782470972262628]]]]},"properties":{"place_id":"b8005e6e-7b96-5d65-91fd-4749cb73f74e","habitat":"seasonal_water_wetland","habitat_label":"Seasonal water or wetland","resolution_m":50}},{"type":"Feature","geometry":{"type":"MultiPolygon","coordinates":[[[[101.525833253469,3.486757843436288],[101.52611003624725,3.486757843436288],[101.525833253469,3.486638943765435],[101.525833253469,3.486757843436288]]],[[[101.53340280738202,3.4895063202575645],[101.53205175415575,3.4891136802327174],[101.53101533737461,3.4887242463680033],[101.53205175415575,3.489898960442112],[101.53308817093685,3.489898960442112],[101.53340280738202,3.4895063202575645]]],[[[101.5009592507221,3.543692183306903],[101.5009592507221,3.544084845703963],[101.50199566750322,3.5444775082632436],[101.50199566750322,3.543692183306903],[101.5009592507221,3.543692183306903]]],[[[101.48593120739584,3.5876713842877583],[101.48593120739584,3.587278703773203],[101.48541299900528,3.587278703773203],[101.48541299900528,3.5876713842877583],[101.48437658222416,3.587278703773203],[101.48437658222416,3.5888494268169238],[101.4834702974014,3.5888494268169238],[101.48437658222416,3.5898063740642976],[101.48437658222416,3.5892421079885404],[101.48593120739584,3.588456745809601],[101.48644941578641,3.5908128343182897],[101.48696762417697,3.5908128343182897],[101.48696762417697,3.591598198469391],[101.48852224934865,3.592383563278168],[101.48852224934865,3.5919908807915615],[101.48955866612977,3.591598198469391],[101.48955866612977,3.5908128343182897],[101.48904045773921,3.5908128343182897],[101.48904045773921,3.590027470824721],[101.48852224934865,3.590027470824721],[101.48852224934865,3.588456745809601],[101.48800404095809,3.588456745809601],[101.48800404095809,3.587278703773203],[101.48904045773921,3.5868860234228666],[101.48904045773921,3.5864933432367305],[101.48800404095809,3.58610066321478],[101.48800404095809,3.5849226241338434],[101.48852224934865,3.5849226241338434],[101.48852224934865,3.585315303663354],[101.48955866612977,3.585315303663354],[101.48955866612977,3.5849226241338434],[101.49059508291089,3.584529944768443],[101.49059508291089,3.5841372655671346],[101.48955866612977,3.5837445865299014],[101.48955866612977,3.5821738720213476],[101.49111329130146,3.5821738720213476],[101.49111329130146,3.5825665504024657],[101.49214970808258,3.582959228947585],[101.49214970808258,3.5841372655671346],[101.49266791647312,3.5841372655671346],[101.4931861248637,3.5849226241338434],[101.49422254164482,3.5849226241338434],[101.49422254164482,3.58610066321478],[101.49525895842594,3.5864933432367305],[101.49525895842594,3.5868860234228666],[101.49474075003538,3.5868860234228666],[101.49474075003538,3.5880640649665523],[101.49422254164482,3.5880640649665523],[101.49422254164482,3.589634789324468],[101.4957771668165,3.590420152489324],[101.4957771668165,3.591598198469391],[101.49681358359761,3.5919908807915615],[101.49681358359761,3.59316892874477],[101.4983682087693,3.5939542948693393],[101.4983682087693,3.593561611724798],[101.49940462555043,3.59316892874477],[101.49940462555043,3.5919908807915615],[101.4983682087693,3.591598198469391],[101.4983682087693,3.590420152489324],[101.49681358359761,3.589634789324468],[101.49681358359761,3.5888494268169238],[101.4983682087693,3.5880640649665523],[101.4983682087693,3.5868860234228666],[101.49992283394097,3.5868860234228666],[101.50044104233154,3.58610066321478],[101.50199566750322,3.58610066321478],[101.50303208428434,3.5849226241338434],[101.50251387589378,3.5849226241338434],[101.50199566750322,3.5841372655671346],[101.49992283394097,3.5841372655671346],[101.49992283394097,3.584529944768443],[101.49888641715985,3.5841372655671346],[101.4983682087693,3.5849226241338434],[101.49733179198817,3.584529944768443],[101.49733179198817,3.5841372655671346],[101.4983682087693,3.5841372655671346],[101.49940462555043,3.582959228947585],[101.49888641715985,3.582959228947585],[101.49785000037873,3.5817811938042134],[101.49733179198817,3.5817811938042134],[101.49733179198817,3.5821738720213476],[101.49629537520705,3.5821738720213476],[101.49629537520705,3.5813885157510446],[101.49733179198817,3.5809958378618214],[101.49733179198817,3.580603160136529],[101.4957771668165,3.5798178051776577],[101.4957771668165,3.5794251279440426],[101.49629537520705,3.5794251279440426],[101.49629537520705,3.578639773968363],[101.49681358359761,3.578639773968363],[101.49681358359761,3.5782470972262628],[101.49733179198817,3.5782470972262628],[101.49733179198817,3.5774617442334486],[101.49785000037873,3.5774617442334486],[101.49785000037873,3.5778544206479643],[101.4983682087693,3.5778544206479643],[101.4983682087693,3.578639773968363],[101.49888641715985,3.578639773968363],[101.49940462555043,3.5794251279440426],[101.50044104233154,3.5794251279440426],[101.50044104233154,3.5798178051776577],[101.5009592507221,3.5798178051776577],[101.5009592507221,3.580210482575147],[101.49992283394097,3.580603160136529],[101.49992283394097,3.5813885157510446],[101.50044104233154,3.5813885157510446],[101.50199566750322,3.582959228947585],[101.50303208428434,3.582959228947585],[101.50303208428434,3.5825665504024657],[101.50406850106546,3.5821738720213476],[101.5035502926749,3.5798178051776577],[101.50406850106546,3.5798178051776577],[101.50406850106546,3.5794251279440426],[101.50510491784658,3.5794251279440426],[101.50510491784658,3.5798178051776577],[101.5061413346277,3.580210482575147],[101.5061413346277,3.5798178051776577],[101.50665954301827,3.5798178051776577],[101.50665954301827,3.5794251279440426],[101.50873237658051,3.5782470972262628],[101.50873237658051,3.5774617442334486],[101.50976879336163,3.577069067982699],[101.50976879336163,3.5758910402128614],[101.51132341853331,3.5751056891847983],[101.51132341853331,3.574320338811361],[101.51080521014275,3.574320338811361],[101.51080521014275,3.573534989092404],[101.51028700175219,3.573534989092404],[101.50976879336163,3.5727496400277823],[101.50769595979939,3.5739276638700814],[101.50769595979939,3.573142314478311],[101.50925058497107,3.572356965740802],[101.50925058497107,3.5719642916173515],[101.50769595979939,3.5711789438609656],[101.50769595979939,3.5707862702279947],[101.50873237658051,3.5703935967584792],[101.50873237658051,3.570000923452403],[101.50821416818995,3.570000923452403],[101.50821416818995,3.5692155773304934],[101.50873237658051,3.5692155773304934],[101.50873237658051,3.5688229045146236],[101.50821416818995,3.5688229045146236],[101.50769595979939,3.568037559372965],[101.5061413346277,3.568037559372965],[101.5061413346277,3.5684302318621213],[101.50458670945604,3.5692155773304934],[101.50458670945604,3.5696082503097477],[101.50510491784658,3.5696082503097477],[101.50510491784658,3.5707862702279947],[101.50406850106546,3.5707862702279947],[101.50406850106546,3.5692155773304934],[101.50251387589378,3.5684302318621213],[101.50251387589378,3.567252214884625],[101.50303208428434,3.567252214884625],[101.5035502926749,3.5664668710494563],[101.50458670945604,3.5668595428854033],[101.50458670945604,3.5664668710494563],[101.50562312623715,3.566074199376768],[101.50562312623715,3.565288856521087],[101.50665954301827,3.565288856521087],[101.50665954301827,3.5656815278673166],[101.50717775140883,3.5656815278673166],[101.50717775140883,3.565288856521087],[101.50873237658051,3.5645035143182167],[101.50873237658051,3.5641108434615396],[101.50769595979939,3.5637181727680116],[101.50769595979939,3.562932831870325],[101.50925058497107,3.5621474916250135],[101.50925058497107,3.5613621520319305],[101.50873237658051,3.5613621520319305],[101.50873237658051,3.5605768130909303],[101.50821416818995,3.5605768130909303],[101.50821416818995,3.560184143864917],[101.51028700175219,3.5590061371646007],[101.51028700175219,3.557435463844862],[101.51132341853331,3.557042795922071],[101.51028700175219,3.5558647931305525],[101.50925058497107,3.5558647931305525],[101.51028700175219,3.554686791803934],[101.50873237658051,3.553901458399778],[101.50873237658051,3.553508791941724],[101.50925058497107,3.553508791941724],[101.50925058497107,3.5527234595135697],[101.50873237658051,3.5527234595135697],[101.50873237658051,3.552330793543434],[101.50925058497107,3.552330793543434],[101.50925058497107,3.5515454620909535],[101.50873237658051,3.5515454620909535],[101.50873237658051,3.5507601312887407],[101.50717775140883,3.549974801136651],[101.50769595979939,3.5491894716345374],[101.5061413346277,3.5484041427822564],[101.5061413346277,3.548011478599757],[101.50665954301827,3.548011478599757],[101.5061413346277,3.5464408234936142],[101.50562312623715,3.5464408234936142],[101.50510491784658,3.5456554969146],[101.50458670945604,3.5456554969146],[101.50458670945604,3.546048160122951],[101.5035502926749,3.546048160122951],[101.5035502926749,3.545262833868545],[101.50406850106546,3.545262833868545],[101.50406850106546,3.544870170984765],[101.5061413346277,3.543692183306903],[101.5061413346277,3.5417288737543005],[101.50562312623715,3.5417288737543005],[101.50562312623715,3.5413362123301915],[101.5061413346277,3.5413362123301915],[101.5061413346277,3.5406371510021386],[101.50458670945604,3.5413362123301915],[101.50458670945604,3.5417288737543005],[101.50510491784658,3.5417288737543005],[101.50510491784658,3.543692183306903],[101.50458670945604,3.543692183306903],[101.50458670945604,3.5432995210720475],[101.5035502926749,3.5432995210720475],[101.5035502926749,3.544870170984765],[101.50251387589378,3.544870170984765],[101.50251387589378,3.5464408234936142],[101.5035502926749,3.5464408234936142],[101.50406850106546,3.5472261507219516],[101.50458670945604,3.5472261507219516],[101.50458670945604,3.5464408234936142],[101.50510491784658,3.5464408234936142],[101.50562312623715,3.548011478599757],[101.50510491784658,3.548011478599757],[101.50510491784658,3.5487968071271774],[101.50458670945604,3.5487968071271774],[101.50458670945604,3.5491894716345374],[101.50562312623715,3.5491894716345374],[101.50562312623715,3.5487968071271774],[101.5061413346277,3.5487968071271774],[101.50665954301827,3.549582136304356],[101.5061413346277,3.549582136304356],[101.50562312623715,3.5503674661314393],[101.50303208428434,3.5503674661314393],[101.50303208428434,3.5507601312887407],[101.50199566750322,3.551152796608573],[101.50199566750322,3.551938127735901],[101.50251387589378,3.551938127735901],[101.50303208428434,3.5527234595135697],[101.50458670945604,3.5527234595135697],[101.50458670945604,3.552330793543434],[101.50510491784658,3.552330793543434],[101.50665954301827,3.5507601312887407],[101.50769595979939,3.5507601312887407],[101.50769595979939,3.5515454620909535],[101.50821416818995,3.5515454620909535],[101.50821416818995,3.552330793543434],[101.50769595979939,3.552330793543434],[101.50769595979939,3.5527234595135697],[101.50821416818995,3.5527234595135697],[101.50821416818995,3.553508791941724],[101.50717775140883,3.553508791941724],[101.50717775140883,3.553901458399778],[101.50458670945604,3.553901458399778],[101.50458670945604,3.554294125020509],[101.50406850106546,3.554294125020509],[101.50406850106546,3.5550794587500696],[101.50717775140883,3.5550794587500696],[101.50717775140883,3.554686791803934],[101.50925058497107,3.554686791803934],[101.50925058497107,3.5550794587500696],[101.50873237658051,3.5550794587500696],[101.50873237658051,3.5554721258589366],[101.50769595979939,3.5554721258589366],[101.50769595979939,3.5558647931305525],[101.50665954301827,3.5558647931305525],[101.50665954301827,3.5562574605649333],[101.50562312623715,3.5562574605649333],[101.50562312623715,3.5566501281621017],[101.50458670945604,3.5566501281621017],[101.50458670945604,3.557435463844862],[101.5061413346277,3.557435463844862],[101.5061413346277,3.557828131930493],[101.50665954301827,3.557828131930493],[101.50665954301827,3.557435463844862],[101.50873237658051,3.557435463844862],[101.50873237658051,3.5566501281621017],[101.51028700175219,3.5566501281621017],[101.51028700175219,3.557042795922071],[101.50925058497107,3.557435463844862],[101.50925058497107,3.5590061371646007],[101.50873237658051,3.5590061371646007],[101.50873237658051,3.55939880590177],[101.50821416818995,3.55939880590177],[101.50769595979939,3.5586134685903437],[101.50717775140883,3.5586134685903437],[101.50717775140883,3.55939880590177],[101.5061413346277,3.55939880590177],[101.5061413346277,3.5590061371646007],[101.50510491784658,3.55939880590177],[101.50510491784658,3.560184143864917],[101.50769595979939,3.5605768130909303],[101.50821416818995,3.5621474916250135],[101.50769595979939,3.5621474916250135],[101.50769595979939,3.561754821746952],[101.50717775140883,3.561754821746952],[101.50717775140883,3.5621474916250135],[101.50510491784658,3.561754821746952],[101.50510491784658,3.5625401616661323],[101.50562312623715,3.5625401616661323],[101.50562312623715,3.562932831870325],[101.50665954301827,3.562932831870325],[101.50665954301827,3.5641108434615396],[101.50510491784658,3.5641108434615396],[101.50458670945604,3.566074199376768],[101.50406850106546,3.566074199376768],[101.50406850106546,3.5641108434615396],[101.50458670945604,3.5641108434615396],[101.50406850106546,3.5621474916250135],[101.50303208428434,3.5621474916250135],[101.50303208428434,3.562932831870325],[101.50199566750322,3.562932831870325],[101.50199566750322,3.565288856521087],[101.5009592507221,3.56489618533806],[101.5009592507221,3.566074199376768],[101.50199566750322,3.566074199376768],[101.50251387589378,3.5668595428854033],[101.50147745911266,3.5668595428854033],[101.50147745911266,3.567252214884625],[101.5009592507221,3.567252214884625],[101.5009592507221,3.567644887047139],[101.50147745911266,3.567644887047139],[101.5009592507221,3.5692155773304934],[101.50147745911266,3.5692155773304934],[101.50147745911266,3.5703935967584792],[101.50199566750322,3.5703935967584792],[101.50199566750322,3.570000923452403],[101.50251387589378,3.570000923452403],[101.50251387589378,3.5692155773304934],[101.50303208428434,3.5692155773304934],[101.50303208428434,3.5711789438609656],[101.50406850106546,3.5711789438609656],[101.50406850106546,3.572356965740802],[101.50510491784658,3.572356965740802],[101.50510491784658,3.5719642916173515],[101.50562312623715,3.5719642916173515],[101.50562312623715,3.5707862702279947],[101.5061413346277,3.5707862702279947],[101.5061413346277,3.5696082503097477],[101.50562312623715,3.5696082503097477],[101.50562312623715,3.5692155773304934],[101.5061413346277,3.5692155773304934],[101.5061413346277,3.5688229045146236],[101.50769595979939,3.5688229045146236],[101.50769595979939,3.5692155773304934],[101.50717775140883,3.5692155773304934],[101.50717775140883,3.570000923452403],[101.50769595979939,3.570000923452403],[101.50769595979939,3.5703935967584792],[101.50665954301827,3.5707862702279947],[101.50665954301827,3.572356965740802],[101.50769595979939,3.572356965740802],[101.50769595979939,3.5727496400277823],[101.50665954301827,3.573142314478311],[101.50665954301827,3.574320338811361],[101.50717775140883,3.574320338811361],[101.50717775140883,3.57471301391626],[101.50821416818995,3.57471301391626],[101.50821416818995,3.574320338811361],[101.50976879336163,3.573534989092404],[101.51028700175219,3.5751056891847983],[101.50976879336163,3.5751056891847983],[101.50976879336163,3.57471301391626],[101.50873237658051,3.57471301391626],[101.50873237658051,3.5751056891847983],[101.50821416818995,3.5751056891847983],[101.50821416818995,3.5758910402128614],[101.50769595979939,3.5758910402128614],[101.50769595979939,3.575498364616993],[101.50665954301827,3.575498364616993],[101.50665954301827,3.57471301391626],[101.5061413346277,3.57471301391626],[101.5061413346277,3.5739276638700814],[101.50562312623715,3.5739276638700814],[101.50510491784658,3.573142314478311],[101.50458670945604,3.573142314478311],[101.50458670945604,3.574320338811361],[101.50406850106546,3.574320338811361],[101.50406850106546,3.5739276638700814],[101.5035502926749,3.5739276638700814],[101.5035502926749,3.573142314478311],[101.50303208428434,3.573142314478311],[101.50303208428434,3.572356965740802],[101.5009592507221,3.572356965740802],[101.5009592507221,3.5715716176574115],[101.49992283394097,3.5715716176574115],[101.49992283394097,3.5719642916173515],[101.49940462555043,3.5719642916173515],[101.49940462555043,3.5711789438609656],[101.4983682087693,3.5711789438609656],[101.4983682087693,3.573142314478311],[101.49940462555043,3.573142314478311],[101.49940462555043,3.573534989092404],[101.5009592507221,3.574320338811361],[101.5009592507221,3.5751056891847983],[101.50251387589378,3.5751056891847983],[101.50251387589378,3.576676391895697],[101.50303208428434,3.576676391895697],[101.50303208428434,3.577069067982699],[101.50406850106546,3.577069067982699],[101.50406850106546,3.5774617442334486],[101.50665954301827,3.5774617442334486],[101.50665954301827,3.5778544206479643],[101.50562312623715,3.5778544206479643],[101.50562312623715,3.5782470972262628],[101.50458670945604,3.5778544206479643],[101.50458670945604,3.578639773968363],[101.5035502926749,3.578639773968363],[101.5035502926749,3.5778544206479643],[101.50303208428434,3.5778544206479643],[101.50303208428434,3.578639773968363],[101.50251387589378,3.578639773968363],[101.50251387589378,3.5794251279440426],[101.50303208428434,3.5794251279440426],[101.50303208428434,3.5798178051776577],[101.50251387589378,3.5798178051776577],[101.50303208428434,3.5821738720213476],[101.50199566750322,3.5821738720213476],[101.50199566750322,3.580603160136529],[101.50147745911266,3.580603160136529],[101.50147745911266,3.580210482575147],[101.50199566750322,3.580210482575147],[101.50199566750322,3.5782470972262628],[101.50251387589378,3.5782470972262628],[101.50251387589378,3.5778544206479643],[101.50199566750322,3.5778544206479643],[101.50199566750322,3.576676391895697],[101.49992283394097,3.576676391895697],[101.49992283394097,3.578639773968363],[101.49940462555043,3.578639773968363],[101.49940462555043,3.577069067982699],[101.49888641715985,3.577069067982699],[101.49888641715985,3.576676391895697],[101.49785000037873,3.577069067982699],[101.49785000037873,3.576283715972424],[101.4983682087693,3.576283715972424],[101.4983682087693,3.575498364616993],[101.49888641715985,3.575498364616993],[101.49888641715985,3.574320338811361],[101.49785000037873,3.574320338811361],[101.49785000037873,3.57471301391626],[101.49681358359761,3.5751056891847983],[101.49681358359761,3.5739276638700814],[101.49629537520705,3.5739276638700814],[101.49629537520705,3.574320338811361],[101.49525895842594,3.574320338811361],[101.49525895842594,3.576676391895697],[101.49629537520705,3.577069067982699],[101.49629537520705,3.5782470972262628],[101.49525895842594,3.5778544206479643],[101.49525895842594,3.5794251279440426],[101.49422254164482,3.5794251279440426],[101.49422254164482,3.576676391895697],[101.49266791647312,3.576676391895697],[101.49266791647312,3.5774617442334486],[101.49214970808258,3.5774617442334486],[101.49214970808258,3.577069067982699],[101.49111329130146,3.577069067982699],[101.49111329130146,3.5782470972262628],[101.49214970808258,3.578639773968363],[101.49214970808258,3.5794251279440426],[101.491631499692,3.5794251279440426],[101.49111329130146,3.580210482575147],[101.491631499692,3.580210482575147],[101.491631499692,3.580603160136529],[101.4931861248637,3.580603160136529],[101.4931861248637,3.5813885157510446],[101.49422254164482,3.5813885157510446],[101.49474075003538,3.580603160136529],[101.49629537520705,3.580603160136529],[101.4957771668165,3.5813885157510446],[101.49474075003538,3.5813885157510446],[101.49474075003538,3.5825665504024657],[101.49629537520705,3.5825665504024657],[101.49629537520705,3.582959228947585],[101.49733179198817,3.582959228947585],[101.49733179198817,3.5825665504024657],[101.49785000037873,3.5825665504024657],[101.49785000037873,3.582959228947585],[101.4983682087693,3.582959228947585],[101.4983682087693,3.5833519076567253],[101.49733179198817,3.5833519076567253],[101.49733179198817,3.5837445865299014],[101.49629537520705,3.5841372655671346],[101.49733179198817,3.5857079833569934],[101.4983682087693,3.5857079833569934],[101.49888641715985,3.5849226241338434],[101.49940462555043,3.5849226241338434],[101.49940462555043,3.585315303663354],[101.49992283394097,3.585315303663354],[101.49992283394097,3.5849226241338434],[101.50199566750322,3.5849226241338434],[101.50199566750322,3.585315303663354],[101.50044104233154,3.585315303663354],[101.49992283394097,3.58610066321478],[101.49785000037873,3.58610066321478],[101.49785000037873,3.5864933432367305],[101.49733179198817,3.5864933432367305],[101.49733179198817,3.5880640649665523],[101.49629537520705,3.5880640649665523],[101.49629537520705,3.5888494268169238],[101.4957771668165,3.5888494268169238],[101.4957771668165,3.589634789324468],[101.49525895842594,3.589634789324468],[101.49525895842594,3.5880640649665523],[101.4957771668165,3.5880640649665523],[101.49629537520705,3.58610066321478],[101.49525895842594,3.58610066321478],[101.49474075003538,3.5837445865299014],[101.49370433325426,3.5837445865299014],[101.49370433325426,3.5841372655671346],[101.4931861248637,3.5841372655671346],[101.4931861248637,3.5825665504024657],[101.49266791647312,3.5825665504024657],[101.49266791647312,3.5821738720213476],[101.491631499692,3.5821738720213476],[101.49111329130146,3.5813885157510446],[101.49007687452033,3.5813885157510446],[101.49007687452033,3.580603160136529],[101.48904045773921,3.580210482575147],[101.48852224934865,3.5837445865299014],[101.48904045773921,3.5837445865299014],[101.48955866612977,3.584529944768443],[101.48852224934865,3.584529944768443],[101.48852224934865,3.5841372655671346],[101.48748583256751,3.5841372655671346],[101.48748583256751,3.584529944768443],[101.48696762417697,3.584529944768443],[101.48696762417697,3.58610066321478],[101.48748583256751,3.58610066321478],[101.48800404095809,3.5868860234228666],[101.48696762417697,3.5868860234228666],[101.48696762417697,3.588456745809601],[101.48644941578641,3.588456745809601],[101.48644941578641,3.5876713842877583],[101.48593120739584,3.5876713842877583]],[[101.50665954301827,3.5790324508742835],[101.50665954301827,3.578639773968363],[101.50717775140883,3.578639773968363],[101.50717775140883,3.5790324508742835],[101.50665954301827,3.5790324508742835]],[[101.50925058497107,3.5758910402128614],[101.50925058497107,3.575498364616993],[101.50976879336163,3.575498364616993],[101.50976879336163,3.5758910402128614],[101.50925058497107,3.5758910402128614]],[[101.50251387589378,3.5688229045146236],[101.50199566750322,3.5688229045146236],[101.50199566750322,3.5684302318621213],[101.50251387589378,3.5684302318621213],[101.50251387589378,3.5688229045146236]],[[101.50303208428434,3.5664668710494563],[101.50303208428434,3.566074199376768],[101.5035502926749,3.566074199376768],[101.5035502926749,3.5664668710494563],[101.50303208428434,3.5664668710494563]],[[101.50251387589378,3.566074199376768],[101.50251387589378,3.565288856521087],[101.50303208428434,3.565288856521087],[101.50303208428434,3.566074199376768],[101.50251387589378,3.566074199376768]],[[101.50717775140883,3.562932831870325],[101.50717775140883,3.5625401616661323],[101.50769595979939,3.5625401616661323],[101.50769595979939,3.562932831870325],[101.50717775140883,3.562932831870325]],[[101.50769595979939,3.560184143864917],[101.50769595979939,3.559791474801869],[101.50821416818995,3.559791474801869],[101.50821416818995,3.560184143864917],[101.50769595979939,3.560184143864917]],[[101.50769595979939,3.5641108434615396],[101.50769595979939,3.5645035143182167],[101.50665954301827,3.56489618533806],[101.50665954301827,3.5641108434615396],[101.50769595979939,3.5641108434615396]],[[101.50769595979939,3.5719642916173515],[101.50821416818995,3.5719642916173515],[101.50821416818995,3.572356965740802],[101.50769595979939,3.572356965740802],[101.50769595979939,3.5719642916173515]],[[101.50873237658051,3.5758910402128614],[101.50873237658051,3.577069067982699],[101.50821416818995,3.577069067982699],[101.50821416818995,3.5758910402128614],[101.50873237658051,3.5758910402128614]],[[101.50147745911266,3.5813885157510446],[101.5009592507221,3.5813885157510446],[101.5009592507221,3.580603160136529],[101.50147745911266,3.580603160136529],[101.50147745911266,3.5813885157510446]],[[101.49629537520705,3.589634789324468],[101.49629537520705,3.590027470824721],[101.4957771668165,3.590027470824721],[101.4957771668165,3.589634789324468],[101.49629537520705,3.589634789324468]],[[101.49681358359761,3.590027470824721],[101.49681358359761,3.590420152489324],[101.49629537520705,3.590420152489324],[101.49629537520705,3.590027470824721],[101.49681358359761,3.590027470824721]],[[101.49733179198817,3.590420152489324],[101.49733179198817,3.591598198469391],[101.49681358359761,3.591598198469391],[101.49681358359761,3.590420152489324],[101.49733179198817,3.590420152489324]],[[101.49785000037873,3.591598198469391],[101.49785000037873,3.5919908807915615],[101.49733179198817,3.5919908807915615],[101.49733179198817,3.591598198469391],[101.49785000037873,3.591598198469391]],[[101.4983682087693,3.5919908807915615],[101.4983682087693,3.59316892874477],[101.49785000037873,3.59316892874477],[101.49785000037873,3.5919908807915615],[101.4983682087693,3.5919908807915615]],[[101.48748583256751,3.588456745809601],[101.48748583256751,3.589634789324468],[101.48696762417697,3.589634789324468],[101.48696762417697,3.588456745809601],[101.48748583256751,3.588456745809601]],[[101.48800404095809,3.591598198469391],[101.48800404095809,3.5908128343182897],[101.48852224934865,3.5908128343182897],[101.48852224934865,3.591598198469391],[101.48800404095809,3.591598198469391]],[[101.48748583256751,3.5908128343182897],[101.48748583256751,3.590027470824721],[101.48800404095809,3.590027470824721],[101.48800404095809,3.5908128343182897],[101.48748583256751,3.5908128343182897]],[[101.4931861248637,3.5798178051776577],[101.49266791647312,3.5798178051776577],[101.49266791647312,3.5794251279440426],[101.49370433325426,3.5794251279440426],[101.49370433325426,3.5798178051776577],[101.49422254164482,3.5798178051776577],[101.49422254164482,3.580603160136529],[101.49370433325426,3.580603160136529],[101.4931861248637,3.5798178051776577]],[[101.50147745911266,3.5794251279440426],[101.5009592507221,3.5794251279440426],[101.5009592507221,3.578639773968363],[101.50147745911266,3.578639773968363],[101.50147745911266,3.5794251279440426]],[[101.5061413346277,3.5794251279440426],[101.50562312623715,3.5794251279440426],[101.50562312623715,3.5790324508742835],[101.5061413346277,3.5790324508742835],[101.5061413346277,3.5794251279440426]],[[101.4931861248637,3.578639773968363],[101.49266791647312,3.578639773968363],[101.49266791647312,3.5778544206479643],[101.4931861248637,3.5778544206479643],[101.4931861248637,3.578639773968363]],[[101.50769595979939,3.5782470972262628],[101.50717775140883,3.5782470972262628],[101.50717775140883,3.5778544206479643],[101.50769595979939,3.5778544206479643],[101.50769595979939,3.5782470972262628]],[[101.50406850106546,3.576283715972424],[101.5035502926749,3.576283715972424],[101.5035502926749,3.5751056891847983],[101.50303208428434,3.5751056891847983],[101.50251387589378,3.574320338811361],[101.50147745911266,3.574320338811361],[101.50147745911266,3.5739276638700814],[101.49992283394097,3.573142314478311],[101.49992283394097,3.572356965740802],[101.50044104233154,3.572356965740802],[101.5009592507221,3.573142314478311],[101.50251387589378,3.573142314478311],[101.50251387589378,3.5739276638700814],[101.50303208428434,3.5739276638700814],[101.50406850106546,3.5751056891847983],[101.50458670945604,3.5751056891847983],[101.50458670945604,3.57471301391626],[101.50562312623715,3.57471301391626],[101.50562312623715,3.575498364616993],[101.50717775140883,3.576283715972424],[101.50717775140883,3.577069067982699],[101.50665954301827,3.577069067982699],[101.50665954301827,3.576676391895697],[101.50406850106546,3.576676391895697],[101.50406850106546,3.576283715972424]],[[101.49681358359761,3.5758910402128614],[101.49733179198817,3.5758910402128614],[101.49733179198817,3.576283715972424],[101.49629537520705,3.576676391895697],[101.49629537520705,3.575498364616993],[101.49681358359761,3.575498364616993],[101.49681358359761,3.5758910402128614]],[[101.5035502926749,3.5641108434615396],[101.50303208428434,3.5641108434615396],[101.50303208428434,3.5633255022376122],[101.5035502926749,3.5633255022376122],[101.5035502926749,3.5641108434615396]],[[101.50821416818995,3.5566501281621017],[101.50769595979939,3.5566501281621017],[101.50769595979939,3.5562574605649333],[101.50821416818995,3.5562574605649333],[101.50821416818995,3.5566501281621017]],[[101.50510491784658,3.5515454620909535],[101.50458670945604,3.5515454620909535],[101.50458670945604,3.551938127735901],[101.50303208428434,3.551938127735901],[101.50303208428434,3.551152796608573],[101.50510491784658,3.551152796608573],[101.50510491784658,3.5515454620909535]]]]},"properties":{"place_id":"b8005e6e-7b96-5d65-91fd-4749cb73f74e","habitat":"water_edge","habitat_label":"Water edge","resolution_m":50}}]}