{"type":"FeatureCollection","metadata":{"schema_version":1,"place_id":"e3801280-5a64-545d-a730-ee8569bfa0e9","place_name":"Hutan Simpanan Kekal Raja Musa","place_type":"park","osm_reference":"relation/18779755","protection_context":"mapped protected boundary","resolution_m":50,"raster_coverage":1.0,"interpretation":"Suggested search habitats, not predicted plant locations or probabilities of presence."},"features":[{"type":"Feature","geometry":{"type":"MultiPolygon","coordinates":[[[[101.28486635185831,3.4282563956590963],[101.28486635185831,3.4278637803250667],[101.28538456024889,3.4278637803250667],[101.28590276863943,3.4272556751407626],[101.28443689999999,3.4272872962180765],[101.28447004064336,3.4282563956590963],[101.28486635185831,3.4282563956590963]]],[[[101.27620671607134,3.436893972727613],[101.27761143439047,3.4367901102491896],[101.27620650000001,3.436846896207814],[101.27620671607134,3.436893972727613]]],[[[101.3403146496483,3.4388570690336313],[101.3403146496483,3.4392496887668367],[101.34083285803887,3.4392496887668367],[101.34083285803887,3.4388570690336313],[101.3403146496483,3.4388570690336313]]],[[[101.33979644125775,3.4412127897938762],[101.3403146496483,3.4412127897938762],[101.3403146496483,3.4408201692736062],[101.33979644125775,3.4408201692736062],[101.33979644125775,3.4412127897938762]]],[[[101.34083285803887,3.445139003660258],[101.34135106642941,3.445139003660258],[101.34135106642941,3.4447463815645003],[101.34083285803887,3.4447463815645003],[101.34083285803887,3.445139003660258]]],[[[101.33927823286717,3.445139003660258],[101.33927823286717,3.445924248324737],[101.33979644125775,3.445924248324737],[101.33979644125775,3.445139003660258],[101.33927823286717,3.445139003660258]]],[[[101.34290569160112,3.4471021165041362],[101.34290569160112,3.4467094936199545],[101.34342389999166,3.4467094936199545],[101.34342389999166,3.4463168708934937],[101.34238748321054,3.4463168708934937],[101.34238748321054,3.4471021165041362],[101.34290569160112,3.4471021165041362]]],[[[101.34186927481998,3.4478873627457345],[101.34186927481998,3.4474947395460562],[101.34135106642941,3.4474947395460562],[101.34135106642941,3.4478873627457345],[101.3403146496483,3.4478873627457345],[101.3403146496483,3.4486726096184355],[101.34083285803887,3.4486726096184355],[101.34083285803887,3.4482799861031888],[101.34135106642941,3.4482799861031888],[101.34135106642941,3.4486726096184355],[101.34238748321054,3.4486726096184355],[101.34238748321054,3.4478873627457345],[101.34186927481998,3.4478873627457345]]],[[[101.34964240067839,3.4482799861031888],[101.35016060906896,3.4482799861031888],[101.35016060906896,3.4478873627457345],[101.34912419228783,3.4478873627457345],[101.34912419228783,3.4486726096184355],[101.34964240067839,3.4486726096184355],[101.34964240067839,3.4482799861031888]]],[[[101.35119702585007,3.4486726096184355],[101.35171523424063,3.4486726096184355],[101.35171523424063,3.4482799861031888],[101.35119702585007,3.4482799861031888],[101.35119702585007,3.4486726096184355]]],[[[101.3403146496483,3.449065233291495],[101.3403146496483,3.4494578571223844],[101.34083285803887,3.4494578571223844],[101.34083285803887,3.449065233291495],[101.3403146496483,3.449065233291495]]],[[[101.34083285803887,3.450243105257725],[101.34083285803887,3.4506357295622125],[101.34135106642941,3.4506357295622125],[101.34135106642941,3.450243105257725],[101.34083285803887,3.450243105257725]]],[[[101.34497852516336,3.450243105257725],[101.34497852516336,3.4506357295622125],[101.34549673355392,3.4506357295622125],[101.34549673355392,3.450243105257725],[101.34497852516336,3.450243105257725]]],[[[101.34083285803887,3.4514209786449137],[101.34135106642941,3.4514209786449137],[101.34135106642941,3.451028354024603],[101.34083285803887,3.451028354024603],[101.34083285803887,3.4514209786449137]]],[[[101.34601494194446,3.4577029940619006],[101.34653315033502,3.4577029940619006],[101.34653315033502,3.457310366912393],[101.34601494194446,3.457310366912393],[101.34601494194446,3.4577029940619006]]],[[[101.34601494194446,3.460058760282397],[101.34601494194446,3.459273504242407],[101.34549673355392,3.459273504242407],[101.34497852516336,3.460058760282397],[101.34601494194446,3.460058760282397]]],[[[101.34601494194446,3.46084401695574],[101.34601494194446,3.460451388539891],[101.34549673355392,3.460451388539891],[101.34549673355392,3.46084401695574],[101.34601494194446,3.46084401695574]]],[[[101.34808777550673,3.4631997907773275],[101.34808777550673,3.4624145322030593],[101.34756956711615,3.4624145322030593],[101.3470513587256,3.46084401695574],[101.34601494194446,3.46084401695574],[101.34601494194446,3.4616292742625783],[101.34653315033502,3.4616292742625783],[101.34653315033502,3.4620219031536044],[101.3470513587256,3.4620219031536044],[101.3470513587256,3.4628071614109612],[101.34808777550673,3.4631997907773275]]],[[[101.35016060906896,3.4631997907773275],[101.35067881745952,3.4631997907773275],[101.35067881745952,3.4628071614109612],[101.35016060906896,3.4628071614109612],[101.35016060906896,3.4631997907773275]]],[[[101.34808777550673,3.463592420302176],[101.34860598389726,3.463592420302176],[101.34860598389726,3.4631997907773275],[101.34808777550673,3.4631997907773275],[101.34808777550673,3.463592420302176]]],[[[101.35067881745952,3.463592420302176],[101.35119702585007,3.463592420302176],[101.35119702585007,3.4631997907773275],[101.35067881745952,3.4631997907773275],[101.35067881745952,3.463592420302176]]],[[[101.35067881745952,3.463985049985527],[101.35067881745952,3.4643776798273973],[101.35119702585007,3.4643776798273973],[101.35119702585007,3.463985049985527],[101.35067881745952,3.463985049985527]]],[[[101.34497852516336,3.4643776798273973],[101.34497852516336,3.4647703098278044],[101.34601494194446,3.4647703098278044],[101.34549673355392,3.463985049985527],[101.34446031677278,3.463985049985527],[101.34446031677278,3.4643776798273973],[101.34497852516336,3.4643776798273973]]],[[[101.34446031677278,3.4647703098278044],[101.34446031677278,3.4651629399867674],[101.34497852516336,3.4651629399867674],[101.34497852516336,3.4647703098278044],[101.34446031677278,3.4647703098278044]]],[[[101.34808777550673,3.4663408314151716],[101.34860598389726,3.4663408314151716],[101.34860598389726,3.465948200780433],[101.34808777550673,3.465948200780433],[101.34808777550673,3.4663408314151716]]],[[[101.34808777550673,3.4734082099834716],[101.34860598389726,3.4734082099834716],[101.34860598389726,3.473015576490649],[101.34808777550673,3.473015576490649],[101.34808777550673,3.4734082099834716]]],[[[101.2268678369888,3.477334553657202],[101.22682701211552,3.4777271888995247],[101.22734522050608,3.4777271888995247],[101.22734522050608,3.477334553657202],[101.2268678369888,3.477334553657202]]],[[[101.2257905953344,3.4789050955814917],[101.22630880372496,3.479690367498818],[101.2257905953344,3.479690367498818],[101.2257905953344,3.4800830036963384],[101.22475417855328,3.4800830036963384],[101.22475417855328,3.480475640053123],[101.22423597016271,3.480475640053123],[101.22423597016271,3.4808682765691894],[101.22371776177216,3.4808682765691894],[101.22371776177216,3.4812609132445544],[101.22319955338159,3.4812609132445544],[101.22164492820991,3.4828314615393756],[101.2206085114288,3.4828314615393756],[101.2206085114288,3.4832240990115118],[101.22009030303823,3.4832240990115118],[101.22009030303823,3.483616736643056],[101.21957209464767,3.483616736643056],[101.21957209464767,3.484009374434026],[101.2190538862571,3.484009374434026],[101.2190538862571,3.4844020123844412],[101.21853567786656,3.4844020123844412],[101.21853567786656,3.4847946504943184],[101.21801746947598,3.4847946504943184],[101.21801746947598,3.485187288763678],[101.21749926108544,3.485187288763678],[101.21749926108544,3.4855799271925365],[101.21698105269486,3.4855799271925365],[101.21698105269486,3.4859725657809117],[101.2164628443043,3.4859725657809117],[101.2164628443043,3.486365204528823],[101.21594463591374,3.486365204528823],[101.21594463591374,3.486757843436288],[101.21542642752318,3.486757843436288],[101.21542642752318,3.487150482503324],[101.21490821913262,3.487150482503324],[101.21490821913262,3.48754312172995],[101.21439001074206,3.48754312172995],[101.21439001074206,3.4879357611161845],[101.2138718023515,3.4879357611161845],[101.2138718023515,3.488328400662045],[101.21335359396095,3.488328400662045],[101.21335359396095,3.4887210403675497],[101.21283538557039,3.4887210403675497],[101.21283538557039,3.4891136802327174],[101.21231717717983,3.4891136802327174],[101.21231717717983,3.4895063202575645],[101.21179896878925,3.4895063202575645],[101.21179896878925,3.489898960442112],[101.21128076039871,3.489898960442112],[101.21128076039871,3.4902916007863753],[101.21076255200813,3.4902916007863753],[101.21076255200813,3.490684241290374],[101.21024434361759,3.490684241290374],[101.21024434361759,3.491076881954126],[101.20972613522702,3.491076881954126],[101.20972613522702,3.491469522777649],[101.20920792683646,3.491469522777649],[101.20920792683646,3.4918621637609615],[101.2086897184459,3.4918621637609615],[101.2086897184459,3.4922548049040825],[101.20817151005534,3.4922548049040825],[101.20817151005534,3.492647446207028],[101.20765330166478,3.492647446207028],[101.20765330166478,3.4930400876698178],[101.20713509327422,3.4930400876698178],[101.20713509327422,3.4934327292924703],[101.20661688488364,3.4934327292924703],[101.20661688488364,3.493825371075003],[101.2060986764931,3.493825371075003],[101.2060986764931,3.494218013017434],[101.20558046810254,3.494218013017434],[101.20558046810254,3.4946106551197818],[101.20506225971198,3.4946106551197818],[101.20506225971198,3.4950032973820635],[101.2045440513214,3.4950032973820635],[101.2045440513214,3.495395939804298],[101.20402584293086,3.495395939804298],[101.20402584293086,3.495788582386505],[101.20350763454029,3.495788582386505],[101.20350763454029,3.4961812251287],[101.20298942614974,3.4961812251287],[101.20298942614974,3.496573868030902],[101.20247121775917,3.496573868030902],[101.20247121775917,3.49696651109313],[101.20195300936861,3.49696651109313],[101.20195300936861,3.4973591543154017],[101.20143480097805,3.4973591543154017],[101.20143480097805,3.4977517976977346],[101.20091659258749,3.4977517976977346],[101.20091659258749,3.4981444412401483],[101.20039838419693,3.4981444412401483],[101.20039838419693,3.498537084942659],[101.19988017580637,3.498537084942659],[101.19988017580637,3.4989297288052863],[101.1993619674158,3.4989297288052863],[101.1993619674158,3.499322372828048],[101.19884375902525,3.499322372828048],[101.19884375902525,3.4997150170109625],[101.19832555063469,3.4997150170109625],[101.19832555063469,3.5001076613540465],[101.19780734224413,3.5001076613540465],[101.19780734224413,3.5005003058573205],[101.19728913385356,3.5005003058573205],[101.19728913385356,3.5008929505208006],[101.196770925463,3.5008929505208006],[101.196770925463,3.5012855953445063],[101.19625271707244,3.5012855953445063],[101.19625271707244,3.501678240328455],[101.1957345086819,3.501678240328455],[101.1957345086819,3.502070885472665],[101.19521630029132,3.502070885472665],[101.19521630029132,3.5024635307771548],[101.19469809190076,3.5024635307771548],[101.19469809190076,3.502856176241942],[101.19417988351019,3.502856176241942],[101.19417988351019,3.5032488218670457],[101.19366167511964,3.5032488218670457],[101.19366167511964,3.503641467652482],[101.19314346672908,3.503641467652482],[101.19314346672908,3.504034113598272],[101.19262525833852,3.504034113598272],[101.19262525833852,3.5044267597044305],[101.19210704994795,3.5044267597044305],[101.19210704994795,3.5048194059709785],[101.1915888415574,3.5048194059709785],[101.19003421638571,3.506389992641418],[101.18899779960459,3.506389992641418],[101.18899779960459,3.50717528693944],[101.18847959121405,3.50717528693944],[101.18847959121405,3.5075679343292148],[101.18744317443291,3.5075679343292148],[101.18744317443291,3.508353229590385],[101.18692496604234,3.508353229590385],[101.18692496604234,3.508745877461816],[101.18588854926124,3.508745877461816],[101.18588854926124,3.509138525493833],[101.18537034087068,3.509138525493833],[101.18537034087068,3.509531173686458],[101.1848521324801,3.509531173686458],[101.1848521324801,3.509923822039707],[101.18433392408954,3.509923822039707],[101.18433392408954,3.5103164705535983],[101.183815715699,3.5103164705535983],[101.183815715699,3.5107091192281508],[101.18329750730844,3.5107091192281508],[101.18329750730844,3.5111017680633827],[101.18277929891786,3.5111017680633827],[101.18277929891786,3.51149441705931],[101.1822610905273,3.51149441705931],[101.1822610905273,3.5118870662159534],[101.18174288213673,3.5118870662159534],[101.18174288213673,3.5122797155333303],[101.1812246737462,3.5122797155333303],[101.1812246737462,3.512672365011458],[101.18070646535563,3.512672365011458],[101.18070646535563,3.513065014650356],[101.18018825696507,3.513065014650356],[101.18018825696507,3.513457664450041],[101.1796700485745,3.513457664450041],[101.1796700485745,3.513850314410532],[101.17915184018395,3.513850314410532],[101.17915184018395,3.514242964531848],[101.17863363179339,3.514242964531848],[101.17863363179339,3.5146356148140057],[101.17811542340283,3.5146356148140057],[101.17811542340283,3.5150282652570226],[101.17759721501226,3.5150282652570226],[101.17759721501226,3.5154209158609193],[101.1770790066217,3.5154209158609193],[101.1770790066217,3.515813566625713],[101.17656079823115,3.515813566625713],[101.17656079823115,3.51620621755142],[101.17604258984059,3.51620621755142],[101.17604258984059,3.516598868638061],[101.17396975627835,3.5177768228637625],[101.17396975627835,3.518562126485894],[101.17345154788778,3.518562126485894],[101.17189692271609,3.520132735662806],[101.17086050593498,3.520132735662806],[101.17086050593498,3.5205253883597742],[101.16930588076328,3.521310694237128],[101.16930588076328,3.522096000759156],[101.16878767237274,3.522096000759156],[101.16878767237274,3.52248865426197],[101.16775125559161,3.52248865426197],[101.16775125559161,3.522881307926007],[101.16723304720104,3.522881307926007],[101.16723304720104,3.523666615737823],[101.16671483881049,3.523666615737823],[101.16671483881049,3.5240592698856394],[101.16567842202937,3.5240592698856394],[101.16567842202937,3.524844578665177],[101.16464200524824,3.5252372332969353],[101.16464200524824,3.526022543044521],[101.1641237968577,3.526022543044521],[101.16346322459141,3.5268078534376546],[101.1820562,3.539528896097639],[101.2278484,3.555474196080557],[101.33782439999999,3.5950509960381796],[101.3494482,3.5988884960341077],[101.3517226,3.5744902960602074],[101.3526731,3.575372396059253],[101.3531211,3.5769163960576025],[101.3542129,3.577936796056511],[101.35659959999998,3.5781818960562473],[101.35789519999999,3.5789184960554508],[101.35927039999999,3.5807517960534936],[101.36035,3.5810356960531964],[101.36205279999999,3.5824545960516865],[101.36442589999999,3.5836464960504064],[101.36522009999999,3.5850396960489],[101.4088305,3.546743496089932],[101.44457289999998,3.509489496129837],[101.44447453615099,3.504034113598272],[101.44395632776043,3.504034113598272],[101.44395632776043,3.502856176241942],[101.4429199109793,3.502856176241942],[101.4429199109793,3.5032488218670457],[101.4418834941982,3.502856176241942],[101.44343811936986,3.5012855953445063],[101.44395632776043,3.5012855953445063],[101.44448146332974,3.502070885472665],[101.44440887094261,3.4961812251287],[101.44395632776043,3.4961812251287],[101.44395632776043,3.495788582386505],[101.44440403145016,3.495788582386505],[101.44436047601788,3.4922548049040825],[101.44395632776043,3.4922548049040825],[101.44395632776043,3.4918621637609615],[101.4443556365254,3.4918621637609615],[101.44411850139416,3.472622943156764],[101.44395632776043,3.473015576490649],[101.4429199109793,3.473015576490649],[101.4429199109793,3.4734082099834716],[101.4418834941982,3.4734082099834716],[101.4418834941982,3.4738008436352494],[101.44136528580762,3.4738008436352494],[101.44136528580762,3.4734082099834716],[101.44084707741706,3.4734082099834716],[101.44084707741706,3.472230309981797],[101.4403288690265,3.472230309981797],[101.4403288690265,3.471445044108546],[101.43981066063596,3.471445044108546],[101.43981066063596,3.470267146490104],[101.43929245224538,3.470267146490104],[101.43981066063596,3.469481882205221],[101.44136528580762,3.469481882205221],[101.44136528580762,3.4698745142682674],[101.44240170258875,3.469481882205221],[101.44240170258875,3.469089250300949],[101.44136528580762,3.468696618555431],[101.44136528580762,3.46791135554059],[101.4418834941982,3.46791135554059],[101.4418834941982,3.4675187242712298],[101.4429199109793,3.46791135554059],[101.4429199109793,3.468696618555431],[101.44343811936986,3.468696618555431],[101.44343811936986,3.46791135554059],[101.44395632776043,3.46791135554059],[101.4438741,3.4527945961906714],[101.4429199109793,3.452737412631855],[101.4429199109793,3.453384104115913],[101.4418834941982,3.4537767296841295],[101.4429199109793,3.454954607337135],[101.44240170258875,3.454954607337135],[101.44240170258875,3.4553472335376503],[101.44136528580762,3.454954607337135],[101.44136528580762,3.45613248641306],[101.4403288690265,3.4565251130879893],[101.4403288690265,3.457310366912393],[101.44084707741706,3.457310366912393],[101.4403288690265,3.458095621369639],[101.43929245224538,3.4577029940619006],[101.43981066063596,3.456917739921095],[101.43877424385482,3.4565251130879893],[101.43877424385482,3.45613248641306],[101.43929245224538,3.45613248641306],[101.43929245224538,3.4557398598962856],[101.43877424385482,3.4557398598962856],[101.43877424385482,3.4553472335376503],[101.43929245224538,3.4553472335376503],[101.43929245224538,3.4545619812947224],[101.43877424385482,3.4545619812947224],[101.4377378270737,3.453384104115913],[101.43670141029259,3.453384104115913],[101.43670141029259,3.452991478705727],[101.43566499351145,3.452991478705727],[101.43566499351145,3.453384104115913],[101.4351467851209,3.453384104115913],[101.43462857673035,3.4525988534535523],[101.43255574316811,3.452991478705727],[101.43255574316811,3.4537767296841295],[101.43411036833977,3.4545619812947224],[101.43411036833977,3.454954607337135],[101.43307395155865,3.4553472335376503],[101.43307395155865,3.4557398598962856],[101.43411036833977,3.45613248641306],[101.43411036833977,3.4565251130879893],[101.43359215994921,3.4565251130879893],[101.43359215994921,3.456917739921095],[101.43307395155865,3.456917739921095],[101.43307395155865,3.457310366912393],[101.43359215994921,3.457310366912393],[101.43359215994921,3.458095621369639],[101.43462857673035,3.458488248835624],[101.43462857673035,3.460058760282397],[101.43411036833977,3.460058760282397],[101.43411036833977,3.46084401695574],[101.43359215994921,3.46084401695574],[101.43359215994921,3.4628071614109612],[101.43411036833977,3.4628071614109612],[101.43411036833977,3.4631997907773275],[101.43359215994921,3.4631997907773275],[101.43359215994921,3.463985049985527],[101.43307395155865,3.463985049985527],[101.43307395155865,3.4643776798273973],[101.43203753477754,3.463985049985527],[101.43203753477754,3.4631997907773275],[101.43255574316811,3.4631997907773275],[101.43255574316811,3.4628071614109612],[101.43151932638698,3.4628071614109612],[101.43151932638698,3.4624145322030593],[101.4299647012153,3.4616292742625783],[101.43048290960586,3.460058760282397],[101.42892828443416,3.459273504242407],[101.42892828443416,3.458488248835624],[101.42944649282474,3.458488248835624],[101.42892828443416,3.4565251130879893],[101.42944649282474,3.4565251130879893],[101.42944649282474,3.45613248641306],[101.43048290960586,3.45613248641306],[101.4299647012153,3.4553472335376503],[101.42685545087193,3.456917739921095],[101.42685545087193,3.458488248835624],[101.42633724248137,3.458488248835624],[101.42633724248137,3.458880876459874],[101.42426440891913,3.458488248835624],[101.42426440891913,3.458095621369639],[101.42374620052856,3.458095621369639],[101.42374620052856,3.457310366912393],[101.42322799213801,3.4577029940619006],[101.41960053340408,3.4577029940619006],[101.41960053340408,3.458095621369639],[101.41856411662296,3.4576445863318566],[101.3860658,3.457675396185414],[101.38611709999999,3.445405496198622],[101.38494259999997,3.4442718961998025],[101.3804777,3.4442126961999073],[101.3804633,3.4402524962041343],[101.3777762,3.4402561962041474],[101.37762565376867,3.4320381140652176],[101.33748830000002,3.431177496213889],[101.3378182,3.425442496220041],[101.3143652,3.426641696218762],[101.30041260357513,3.4269426753810723],[101.29989439518458,3.4274711651478884],[101.29885797840345,3.4269762110648436],[101.28745739381112,3.4272221394474576],[101.28745739381112,3.4278637803250667],[101.28693918542055,3.4278637803250667],[101.28693918542055,3.4290416267977784],[101.28642097702999,3.4290416267977784],[101.28642097702999,3.4294342426024684],[101.28538456024889,3.4294342426024684],[101.28538456024889,3.4298268585640805],[101.28451031985644,3.4294342426024684],[101.284752,3.4365014962081566],[101.28175710151494,3.4366225467982137],[101.28227530990551,3.436893972727613],[101.28227530990551,3.4376792107780916],[101.28175710151494,3.4376792107780916],[101.28175710151494,3.438071830039276],[101.28020247634328,3.438071830039276],[101.28020247634328,3.4376792107780916],[101.27916605956214,3.43728659167421],[101.27916605956214,3.4367272739517163],[101.27812964278104,3.4367691648162517],[101.27864785117157,3.436893972727613],[101.27864785117157,3.43728659167421],[101.27812964278104,3.43728659167421],[101.27812964278104,3.4376792107780916],[101.2770932259999,3.4376792107780916],[101.27681173809809,3.438071830039276],[101.2811431,3.440617996203742],[101.25636489037747,3.456534479203483],[101.25532847359636,3.4577029940619006],[101.25481026520579,3.4574525468012585],[101.25402699999998,3.457915096185166],[101.25273743164355,3.459273504242407],[101.252219223253,3.459273504242407],[101.252219223253,3.459666132183243],[101.25170101486242,3.459666132183243],[101.25170101486242,3.460058760282397],[101.25118280647189,3.460058760282397],[101.25118280647189,3.460451388539891],[101.25066459808131,3.460451388539891],[101.25066459808131,3.46084401695574],[101.25014638969076,3.46084401695574],[101.25014638969076,3.461236645529963],[101.24962818130018,3.4609441172264686],[101.24859176451908,3.4620219031536044],[101.24807355612852,3.4620219031536044],[101.24807355612852,3.4624145322030593],[101.24755534773794,3.4624145322030593],[101.24755534773794,3.4628071614109612],[101.24703713934738,3.4628071614109612],[101.24703713934738,3.4631997907773275],[101.24651893095682,3.4631997907773275],[101.24651893095682,3.463592420302176],[101.24600072256627,3.463592420302176],[101.24600072256627,3.463985049985527],[101.2454825141757,3.463985049985527],[101.2454825141757,3.4643776798273973],[101.24496430578515,3.4643776798273973],[101.24496430578515,3.4647703098278044],[101.24444609739457,3.4647703098278044],[101.24444609739457,3.4651629399867674],[101.24392788900403,3.4651629399867674],[101.24392788900403,3.4655555703043044],[101.24340968061347,3.4655555703043044],[101.24340968061347,3.465948200780433],[101.24261578363554,3.465948200780433],[101.24185505544177,3.4664991925746382],[101.24185505544177,3.467126093160552],[101.24133684705122,3.467126093160552],[101.2403004302701,3.468303986968651],[101.23926401348898,3.468375874219433],[101.23926401348898,3.469089250300949],[101.23874580509842,3.469089250300949],[101.23874580509842,3.469481882205221],[101.23773700505932,3.469481882205221],[101.23719117992673,3.470267146490104],[101.23667297153618,3.470267146490104],[101.23667297153618,3.47065977887075],[101.23615476314562,3.47065977887075],[101.23615476314562,3.471052411410225],[101.23563655475505,3.471052411410225],[101.23563655475505,3.471445044108546],[101.23511834636449,3.471445044108546],[101.23511834636449,3.4718376769657295],[101.23460013797393,3.4718376769657295],[101.23460013797393,3.472230309981797],[101.23408192958337,3.472230309981797],[101.23408192958337,3.472622943156764],[101.23356372119281,3.472622943156764],[101.23356372119281,3.473015576490649],[101.23304551280225,3.473015576490649],[101.23304551280225,3.4734082099834716],[101.23252730441169,3.4734082099834716],[101.23252730441169,3.4738008436352494],[101.23200909602113,3.4738008436352494],[101.23200909602113,3.474193477445999],[101.23149088763056,3.474193477445999],[101.23149088763056,3.47458611141574],[101.23097267924001,3.47458611141574],[101.23097267924001,3.4749787455444907],[101.23045447084944,3.4749787455444907],[101.23045447084944,3.4753713798322674],[101.22993626245888,3.4753713798322674],[101.22993626245888,3.4757640142790907],[101.22786342889664,3.4769419185740147],[101.22889984567776,3.4781198243010016],[101.22993626245888,3.4781198243010016],[101.22993626245888,3.4785124598616517],[101.23045447084944,3.4785124598616517],[101.22993626245888,3.4792977314605418],[101.22941805406832,3.4792977314605418],[101.22941805406832,3.4789050955814917],[101.22786342889664,3.4789050955814917],[101.22682701211552,3.4777271888995247],[101.22527238694383,3.478534993225441],[101.22527238694383,3.4789050955814917],[101.2257905953344,3.4789050955814917]],[[101.44084707741706,3.46791135554059],[101.44084707741706,3.468303986968651],[101.4403288690265,3.468303986968651],[101.4403288690265,3.46791135554059],[101.43981066063596,3.46791135554059],[101.43981066063596,3.467126093160552],[101.4403288690265,3.467126093160552],[101.4403288690265,3.466733462208539],[101.44240170258875,3.4655555703043044],[101.4429199109793,3.4663408314151716],[101.44240170258875,3.4663408314151716],[101.44240170258875,3.466733462208539],[101.44136528580762,3.467126093160552],[101.44136528580762,3.46791135554059],[101.44084707741706,3.46791135554059]],[[101.4351467851209,3.4537767296841295],[101.43566499351145,3.4537767296841295],[101.43566499351145,3.454169355410392],[101.43462857673035,3.4545619812947224],[101.43411036833977,3.4537767296841295],[101.43462857673035,3.4537767296841295],[101.43462857673035,3.453384104115913],[101.4351467851209,3.453384104115913],[101.4351467851209,3.4537767296841295]],[[101.23097267924001,3.4789050955814917],[101.23097267924001,3.4785124598616517],[101.23200909602113,3.4785124598616517],[101.23252730441169,3.4792977314605418],[101.23200909602113,3.4792977314605418],[101.23200909602113,3.479690367498818],[101.23097267924001,3.479690367498818],[101.23097267924001,3.4792977314605418],[101.23045447084944,3.4792977314605418],[101.23045447084944,3.4789050955814917],[101.23097267924001,3.4789050955814917]],[[101.23252730441169,3.4785124598616517],[101.23304551280225,3.4785124598616517],[101.23304551280225,3.4781198243010016],[101.23511834636449,3.4781198243010016],[101.23511834636449,3.4777271888995247],[101.23563655475505,3.4777271888995247],[101.23563655475505,3.477334553657202],[101.23667297153618,3.477334553657202],[101.23667297153618,3.4769419185740147],[101.23719117992673,3.4769419185740147],[101.23719117992673,3.477334553657202],[101.23822759670786,3.477334553657202],[101.23822759670786,3.4769419185740147],[101.23874580509842,3.4769419185740147],[101.23874580509842,3.477334553657202],[101.23926401348898,3.477334553657202],[101.23978222187954,3.4781198243010016],[101.24081863866066,3.4781198243010016],[101.24133684705122,3.4789050955814917],[101.24081863866066,3.4789050955814917],[101.24081863866066,3.4792977314605418],[101.23978222187954,3.4792977314605418],[101.23822759670786,3.4777271888995247],[101.23615476314562,3.4781198243010016],[101.23615476314562,3.4785124598616517],[101.23563655475505,3.4785124598616517],[101.23563655475505,3.4789050955814917],[101.23460013797393,3.4789050955814917],[101.23460013797393,3.4792977314605418],[101.23304551280225,3.4792977314605418],[101.23252730441169,3.4785124598616517]],[[101.35275165102176,3.5645035143182167],[101.35326985941231,3.5645035143182167],[101.35326985941231,3.56489618533806],[101.3522334426312,3.565288856521087],[101.35171523424063,3.5645035143182167],[101.3522334426312,3.5645035143182167],[101.3522334426312,3.5641108434615396],[101.35275165102176,3.5641108434615396],[101.35275165102176,3.5645035143182167]],[[101.35326985941231,3.5527234595135697],[101.35378806780287,3.5527234595135697],[101.35378806780287,3.553508791941724],[101.35275165102176,3.553901458399778],[101.35275165102176,3.553508791941724],[101.3522334426312,3.553508791941724],[101.3522334426312,3.5527234595135697],[101.35275165102176,3.5527234595135697],[101.35275165102176,3.552330793543434],[101.35326985941231,3.552330793543434],[101.35326985941231,3.5527234595135697]],[[101.38280773767427,3.5432995210720475],[101.38228952928372,3.5432995210720475],[101.38177132089315,3.5417288737543005],[101.38228952928372,3.5417288737543005],[101.38228952928372,3.5413362123301915],[101.38280773767427,3.5413362123301915],[101.38280773767427,3.5417288737543005],[101.38384415445539,3.5417288737543005],[101.38384415445539,3.5413362123301915],[101.38280773767427,3.540943551068177],[101.38280773767427,3.54015822903036],[101.38177132089315,3.5405508899682387],[101.38125311250259,3.5397655682545217],[101.38177132089315,3.5397655682545217],[101.38177132089315,3.5393729076407046],[101.38280773767427,3.5397655682545217],[101.38384415445539,3.538587586899065],[101.38436236284596,3.538587586899065],[101.38436236284596,3.5389802471888925],[101.38539877962708,3.5389802471888925],[101.38539877962708,3.538587586899065],[101.3864351964082,3.538194926771207],[101.3864351964082,3.536231628560793],[101.38695340479876,3.536231628560793],[101.38695340479876,3.535446310409766],[101.38747161318932,3.535446310409766],[101.38747161318932,3.535053651576995],[101.38954444675157,3.535446310409766],[101.38954444675157,3.535053651576995],[101.389026238361,3.535053651576995],[101.389026238361,3.5342683343968497],[101.38954444675157,3.5342683343968497],[101.38954444675157,3.533875676049438],[101.389026238361,3.533875676049438],[101.389026238361,3.533090359839844],[101.39006265514212,3.532697701977627],[101.39006265514212,3.533090359839844],[101.39058086353268,3.533090359839844],[101.39058086353268,3.533875676049438],[101.39109907192324,3.533875676049438],[101.39109907192324,3.53466099290603],[101.39006265514212,3.535053651576995],[101.39058086353268,3.53583896940436],[101.38954444675157,3.536231628560793],[101.38954444675157,3.537016947359256],[101.39006265514212,3.537016947359256],[101.39006265514212,3.5374096070013197],[101.38954444675157,3.5374096070013197],[101.38954444675157,3.538194926771207],[101.39006265514212,3.538194926771207],[101.39058086353268,3.5389802471888925],[101.39006265514212,3.5389802471888925],[101.39006265514212,3.5393729076407046],[101.38954444675157,3.5393729076407046],[101.38954444675157,3.5389802471888925],[101.38850802997044,3.5389802471888925],[101.38850802997044,3.5397655682545217],[101.389026238361,3.5397655682545217],[101.389026238361,3.5405508899682387],[101.38954444675157,3.5405508899682387],[101.39006265514212,3.5413362123301915],[101.38747161318932,3.5421215353405224],[101.38747161318932,3.542514197088875],[101.38954444675157,3.5421215353405224],[101.39006265514212,3.542906858999378],[101.38954444675157,3.542906858999378],[101.389026238361,3.543692183306903],[101.38747161318932,3.542906858999378],[101.3864351964082,3.544084845703963],[101.38488057123652,3.544084845703963],[101.38436236284596,3.5432995210720475],[101.38384415445539,3.5432995210720475],[101.38384415445539,3.543692183306903],[101.38280773767427,3.543692183306903],[101.38280773767427,3.5432995210720475]],[[101.39161728031381,3.5311270721455323],[101.39213548870437,3.5311270721455323],[101.39265369709493,3.530341758199293],[101.39369011387605,3.5307344150916102],[101.39369011387605,3.5311270721455323],[101.39317190548547,3.5311270721455323],[101.39317190548547,3.531519729361076],[101.39265369709493,3.531519729361076],[101.39161728031381,3.532697701977627],[101.39058086353268,3.532697701977627],[101.39006265514212,3.5319123867382616],[101.39058086353268,3.5319123867382616],[101.39058086353268,3.531519729361076],[101.39161728031381,3.531519729361076],[101.39161728031381,3.5311270721455323]],[[101.39006265514212,3.5295564448994017],[101.39058086353268,3.5295564448994017],[101.39058086353268,3.529949101468564],[101.38954444675157,3.530341758199293],[101.389026238361,3.5295564448994017],[101.38954444675157,3.5295564448994017],[101.38954444675157,3.5291637884917897],[101.39006265514212,3.5291637884917897],[101.39006265514212,3.5295564448994017]],[[101.38747161318932,3.5268078534376546],[101.38695340479876,3.5268078534376546],[101.38695340479876,3.526415198160385],[101.38798982157986,3.526022543044521],[101.38798982157986,3.526415198160385],[101.389026238361,3.5268078534376546],[101.389026238361,3.527593164476481],[101.39006265514212,3.527985820238073],[101.39006265514212,3.5283784761611434],[101.38954444675157,3.5283784761611434],[101.38954444675157,3.5287711322457094],[101.389026238361,3.5287711322457094],[101.38850802997044,3.5295564448994017],[101.38747161318932,3.5291637884917897],[101.38747161318932,3.5287711322457094],[101.38798982157986,3.5287711322457094],[101.38747161318932,3.5268078534376546]],[[101.38747161318932,3.523273961751285],[101.38798982157986,3.523273961751285],[101.38798982157986,3.523666615737823],[101.38850802997044,3.523666615737823],[101.38850802997044,3.5244519241947505],[101.389026238361,3.5244519241947505],[101.38850802997044,3.5252372332969353],[101.38798982157986,3.5252372332969353],[101.38798982157986,3.524844578665177],[101.38747161318932,3.524844578665177],[101.38747161318932,3.5240592698856394],[101.38695340479876,3.5240592698856394],[101.38747161318932,3.523273961751285]],[[101.28901201898279,3.521310694237128],[101.28953022737336,3.521310694237128],[101.28953022737336,3.521703347417549],[101.28849381059224,3.522096000759156],[101.28797560220168,3.521310694237128],[101.28849381059224,3.521310694237128],[101.28849381059224,3.5209180412178753],[101.28901201898279,3.5209180412178753],[101.28901201898279,3.521310694237128]],[[101.28382993507718,3.512672365011458],[101.28434814346775,3.512672365011458],[101.28434814346775,3.513065014650356],[101.28331172668663,3.513457664450041],[101.28279351829607,3.512672365011458],[101.28331172668663,3.512672365011458],[101.28331172668663,3.5122797155333303],[101.28382993507718,3.5122797155333303],[101.28382993507718,3.512672365011458]],[[101.27864785117157,3.5111017680633827],[101.27916605956214,3.5111017680633827],[101.27916605956214,3.51149441705931],[101.27812964278104,3.5118870662159534],[101.27761143439047,3.5111017680633827],[101.27812964278104,3.5111017680633827],[101.27812964278104,3.5107091192281508],[101.27864785117157,3.5107091192281508],[101.27864785117157,3.5111017680633827]],[[101.4418834941982,3.509923822039707],[101.44240170258875,3.509923822039707],[101.44240170258875,3.5103164705535983],[101.44136528580762,3.5107091192281508],[101.44084707741706,3.509923822039707],[101.44136528580762,3.509923822039707],[101.44136528580762,3.509531173686458],[101.4418834941982,3.509531173686458],[101.4418834941982,3.509923822039707]],[[101.44395632776043,3.506389992641418],[101.44447453615099,3.506389992641418],[101.44447453615099,3.50678263971018],[101.44343811936986,3.50717528693944],[101.4429199109793,3.506389992641418],[101.44343811936986,3.506389992641418],[101.44343811936986,3.5059973457331344],[101.44395632776043,3.5059973457331344],[101.44395632776043,3.506389992641418]],[[101.26776547496982,3.5044267597044305],[101.26828368336038,3.5044267597044305],[101.26828368336038,3.5048194059709785],[101.26724726657925,3.505212052397934],[101.26672905818869,3.5044267597044305],[101.26724726657925,3.5044267597044305],[101.26724726657925,3.504034113598272],[101.26776547496982,3.504034113598272],[101.26776547496982,3.5044267597044305]],[[101.44136528580762,3.4981444412401483],[101.4418834941982,3.4981444412401483],[101.4418834941982,3.498537084942659],[101.44084707741706,3.4989297288052863],[101.4403288690265,3.4981444412401483],[101.44084707741706,3.4981444412401483],[101.44084707741706,3.4977517976977346],[101.44136528580762,3.4977517976977346],[101.44136528580762,3.4981444412401483]],[[101.26102876589253,3.4961812251287],[101.26154697428308,3.4961812251287],[101.26154697428308,3.496573868030902],[101.26051055750197,3.49696651109313],[101.2599923491114,3.4961812251287],[101.26051055750197,3.4961812251287],[101.26051055750197,3.495788582386505],[101.26102876589253,3.495788582386505],[101.26102876589253,3.4961812251287]],[[101.43981066063596,3.4950032973820635],[101.43929245224538,3.4950032973820635],[101.43929245224538,3.4946106551197818],[101.4403288690265,3.494218013017434],[101.4403288690265,3.4946106551197818],[101.44084707741706,3.4946106551197818],[101.4403288690265,3.495395939804298],[101.44084707741706,3.495395939804298],[101.44084707741706,3.4961812251287],[101.44136528580762,3.4961812251287],[101.44084707741706,3.49696651109313],[101.43929245224538,3.4961812251287],[101.43929245224538,3.495395939804298],[101.43981066063596,3.495395939804298],[101.43981066063596,3.4950032973820635]],[[101.2599923491114,3.4946106551197818],[101.26051055750197,3.4946106551197818],[101.26051055750197,3.4950032973820635],[101.25947414072084,3.495395939804298],[101.25895593233027,3.4946106551197818],[101.25947414072084,3.4946106551197818],[101.25947414072084,3.494218013017434],[101.2599923491114,3.494218013017434],[101.2599923491114,3.4946106551197818]],[[101.38125311250259,3.4934327292924703],[101.38177132089315,3.4934327292924703],[101.38177132089315,3.493825371075003],[101.38073490411202,3.494218013017434],[101.38021669572147,3.4934327292924703],[101.38073490411202,3.4934327292924703],[101.38073490411202,3.4930400876698178],[101.38125311250259,3.4930400876698178],[101.38125311250259,3.4934327292924703]],[[101.38798982157986,3.491469522777649],[101.389026238361,3.491469522777649],[101.38954444675157,3.4922548049040825],[101.389026238361,3.4922548049040825],[101.389026238361,3.492647446207028],[101.38798982157986,3.492647446207028],[101.38798982157986,3.4930400876698178],[101.38695340479876,3.4934327292924703],[101.38591698801763,3.4918621637609615],[101.3864351964082,3.4918621637609615],[101.3864351964082,3.491469522777649],[101.38747161318932,3.491469522777649],[101.38747161318932,3.4918621637609615],[101.38798982157986,3.4918621637609615],[101.38798982157986,3.491469522777649]],[[101.38591698801763,3.492647446207028],[101.38539877962708,3.492647446207028],[101.38539877962708,3.4930400876698178],[101.38436236284596,3.4930400876698178],[101.38436236284596,3.492647446207028],[101.38332594606483,3.492647446207028],[101.38332594606483,3.4930400876698178],[101.38280773767427,3.4930400876698178],[101.38280773767427,3.492647446207028],[101.38125311250259,3.4918621637609615],[101.38125311250259,3.491076881954126],[101.38177132089315,3.491076881954126],[101.38177132089315,3.4902916007863753],[101.38125311250259,3.4902916007863753],[101.38125311250259,3.489898960442112],[101.38073490411202,3.489898960442112],[101.38073490411202,3.4902916007863753],[101.37969848733091,3.4902916007863753],[101.37866207054978,3.4891136802327174],[101.37762565376867,3.4891136802327174],[101.37762565376867,3.4887210403675497],[101.37658923698754,3.4887210403675497],[101.37658923698754,3.488328400662045],[101.37503461181588,3.488328400662045],[101.37503461181588,3.4879357611161845],[101.3745164034253,3.4879357611161845],[101.3745164034253,3.48754312172995],[101.37347998664417,3.48754312172995],[101.37347998664417,3.487150482503324],[101.37244356986307,3.487150482503324],[101.37244356986307,3.4879357611161845],[101.37140715308193,3.488328400662045],[101.37140715308193,3.4879357611161845],[101.37088894469137,3.4879357611161845],[101.37088894469137,3.48754312172995],[101.37140715308193,3.48754312172995],[101.37140715308193,3.487150482503324],[101.37088894469137,3.487150482503324],[101.37088894469137,3.486365204528823],[101.37037073630083,3.486365204528823],[101.37037073630083,3.4859725657809117],[101.36985252791027,3.4859725657809117],[101.36985252791027,3.486365204528823],[101.36881611112914,3.4859725657809117],[101.3693343195197,3.485187288763678],[101.36726148595746,3.485187288763678],[101.3667432775669,3.4844020123844412],[101.36570686078576,3.4844020123844412],[101.36570686078576,3.484009374434026],[101.36467044400466,3.484009374434026],[101.36467044400466,3.483616736643056],[101.36311581883295,3.483616736643056],[101.36311581883295,3.4832240990115118],[101.36259761044242,3.4832240990115118],[101.36259761044242,3.482046187073258],[101.36156119366129,3.4816535500792387],[101.36156119366129,3.480475640053123],[101.36104298527071,3.480475640053123],[101.36104298527071,3.479690367498818],[101.36156119366129,3.479690367498818],[101.36156119366129,3.4792977314605418],[101.36104298527071,3.4792977314605418],[101.36104298527071,3.4789050955814917],[101.36052477688018,3.4789050955814917],[101.36052477688018,3.4785124598616517],[101.36000656848961,3.4785124598616517],[101.36000656848961,3.4781198243010016],[101.35948836009905,3.4781198243010016],[101.35948836009905,3.4777271888995247],[101.35741552653681,3.4765492836499465],[101.35741552653681,3.4757640142790907],[101.35689731814624,3.4757640142790907],[101.35689731814624,3.476156648884978],[101.3558609013651,3.476156648884978],[101.3558609013651,3.4757640142790907],[101.354824484584,3.4753713798322674],[101.35534269297457,3.47458611141574],[101.35637910975568,3.47458611141574],[101.35689731814624,3.4753713798322674],[101.35793373492737,3.4753713798322674],[101.35793373492737,3.4749787455444907],[101.35845194331792,3.4749787455444907],[101.35845194331792,3.47458611141574],[101.35689731814624,3.4738008436352494],[101.35741552653681,3.473015576490649],[101.35689731814624,3.473015576490649],[101.35689731814624,3.472230309981797],[101.35637910975568,3.472230309981797],[101.3558609013651,3.47065977887075],[101.354824484584,3.47065977887075],[101.354824484584,3.470267146490104],[101.35378806780287,3.47065977887075],[101.35378806780287,3.470267146490104],[101.35326985941231,3.470267146490104],[101.35326985941231,3.469481882205221],[101.3522334426312,3.469481882205221],[101.3522334426312,3.4698745142682674],[101.35067881745952,3.4698745142682674],[101.35067881745952,3.469481882205221],[101.34756956711615,3.4698745142682674],[101.34756956711615,3.471445044108546],[101.34964240067839,3.472230309981797],[101.34964240067839,3.473015576490649],[101.34808777550673,3.4738008436352494],[101.34808777550673,3.47458611141574],[101.34756956711615,3.47458611141574],[101.34756956711615,3.4749787455444907],[101.3470513587256,3.4749787455444907],[101.34653315033502,3.474193477445999],[101.3470513587256,3.474193477445999],[101.3470513587256,3.4734082099834716],[101.34756956711615,3.4734082099834716],[101.34808777550673,3.472622943156764],[101.3470513587256,3.472622943156764],[101.3470513587256,3.473015576490649],[101.34653315033502,3.473015576490649],[101.34653315033502,3.472622943156764],[101.34601494194446,3.472622943156764],[101.34601494194446,3.4718376769657295],[101.34653315033502,3.4718376769657295],[101.34653315033502,3.471445044108546],[101.34601494194446,3.471445044108546],[101.34549673355392,3.47065977887075],[101.34497852516336,3.47065977887075],[101.34497852516336,3.471445044108546],[101.34446031677278,3.471445044108546],[101.34446031677278,3.4718376769657295],[101.34342389999166,3.471445044108546],[101.34342389999166,3.4698745142682674],[101.34394210838222,3.4698745142682674],[101.34342389999166,3.469089250300949],[101.34394210838222,3.469089250300949],[101.34394210838222,3.468696618555431],[101.34446031677278,3.468696618555431],[101.34446031677278,3.469089250300949],[101.34549673355392,3.469089250300949],[101.34549673355392,3.468696618555431],[101.34497852516336,3.468696618555431],[101.34549673355392,3.46791135554059],[101.34601494194446,3.46791135554059],[101.34601494194446,3.468303986968651],[101.3470513587256,3.46791135554059],[101.34756956711615,3.468696618555431],[101.34860598389726,3.468696618555431],[101.34860598389726,3.468303986968651],[101.34808777550673,3.468303986968651],[101.34860598389726,3.466733462208539],[101.34808777550673,3.466733462208539],[101.34756956711615,3.4675187242712298],[101.34653315033502,3.4675187242712298],[101.34653315033502,3.467126093160552],[101.34601494194446,3.467126093160552],[101.34601494194446,3.466733462208539],[101.34653315033502,3.466733462208539],[101.34653315033502,3.465948200780433],[101.34497852516336,3.465948200780433],[101.34446031677278,3.4651629399867674],[101.34342389999166,3.4655555703043044],[101.34290569160112,3.4647703098278044],[101.34394210838222,3.4643776798273973],[101.34394210838222,3.463592420302176],[101.34342389999166,3.463592420302176],[101.34238748321054,3.4647703098278044],[101.34186927481998,3.4647703098278044],[101.34186927481998,3.4643776798273973],[101.34135106642941,3.4643776798273973],[101.34135106642941,3.4647703098278044],[101.3403146496483,3.4643776798273973],[101.3403146496483,3.463985049985527],[101.34083285803887,3.463985049985527],[101.3403146496483,3.4624145322030593],[101.34135106642941,3.4620219031536044],[101.34135106642941,3.461236645529963],[101.3403146496483,3.46084401695574],[101.3403146496483,3.459666132183243],[101.33979644125775,3.459666132183243],[101.3403146496483,3.458880876459874],[101.33876002447661,3.458095621369639],[101.33876002447661,3.456917739921095],[101.33927823286717,3.456917739921095],[101.33876002447661,3.45613248641306],[101.33927823286717,3.45613248641306],[101.33927823286717,3.4553472335376503],[101.33979644125775,3.4553472335376503],[101.33979644125775,3.454169355410392],[101.3403146496483,3.454169355410392],[101.3403146496483,3.4537767296841295],[101.33927823286717,3.453384104115913],[101.33927823286717,3.4525988534535523],[101.33979644125775,3.4525988534535523],[101.33979644125775,3.45220622835937],[101.33876002447661,3.451813603423163],[101.33927823286717,3.451028354024603],[101.33876002447661,3.451028354024603],[101.33876002447661,3.450243105257725],[101.33824181608607,3.450243105257725],[101.33824181608607,3.4494578571223844],[101.33772360769551,3.4494578571223844],[101.33772360769551,3.4471021165041362],[101.33720539930493,3.4471021165041362],[101.33720539930493,3.4463168708934937],[101.33772360769551,3.4463168708934937],[101.33772360769551,3.445924248324737],[101.33720539930493,3.445924248324737],[101.33720539930493,3.445139003660258],[101.33772360769551,3.445139003660258],[101.33720539930493,3.4431758947575934],[101.33772360769551,3.4431758947575934],[101.33772360769551,3.4423906522995606],[101.33824181608607,3.4423906522995606],[101.33824181608607,3.4419980313068343],[101.33927823286717,3.4419980313068343],[101.33927823286717,3.4416054104716123],[101.33876002447661,3.4416054104716123],[101.33876002447661,3.4412127897938762],[101.33927823286717,3.4412127897938762],[101.33927823286717,3.4408201692736062],[101.33876002447661,3.4408201692736062],[101.33876002447661,3.440427548910785],[101.33927823286717,3.440427548910785],[101.33927823286717,3.440034928705397],[101.33876002447661,3.440034928705397],[101.33876002447661,3.43728659167421],[101.33927823286717,3.43728659167421],[101.33927823286717,3.436893972727613],[101.33979644125775,3.436893972727613],[101.33979644125775,3.43728659167421],[101.34083285803887,3.43728659167421],[101.34083285803887,3.4376792107780916],[101.34186927481998,3.4376792107780916],[101.34186927481998,3.43728659167421],[101.34290569160112,3.4376792107780916],[101.34238748321054,3.4384644494577836],[101.34186927481998,3.4384644494577836],[101.34186927481998,3.438071830039276],[101.34083285803887,3.438071830039276],[101.34083285803887,3.4388570690336313],[101.34186927481998,3.4392496887668367],[101.34186927481998,3.440034928705397],[101.34083285803887,3.440427548910785],[101.34083285803887,3.4412127897938762],[101.34135106642941,3.4412127897938762],[101.34135106642941,3.4416054104716123],[101.34083285803887,3.4416054104716123],[101.34083285803887,3.4427832734498063],[101.34186927481998,3.4427832734498063],[101.34186927481998,3.4423906522995606],[101.34290569160112,3.4427832734498063],[101.34290569160112,3.4431758947575934],[101.34238748321054,3.4431758947575934],[101.34290569160112,3.445139003660258],[101.34446031677278,3.445924248324737],[101.34446031677278,3.4463168708934937],[101.34342389999166,3.4467094936199545],[101.34342389999166,3.4471021165041362],[101.34394210838222,3.4471021165041362],[101.34394210838222,3.4478873627457345],[101.34446031677278,3.4478873627457345],[101.34446031677278,3.4474947395460562],[101.34549673355392,3.4474947395460562],[101.34601494194446,3.4467094936199545],[101.34860598389726,3.4471021165041362],[101.34860598389726,3.4467094936199545],[101.34964240067839,3.4467094936199545],[101.34964240067839,3.4463168708934937],[101.3522334426312,3.4463168708934937],[101.3522334426312,3.4455316259136644],[101.35326985941231,3.445139003660258],[101.35326985941231,3.443961137845859],[101.35378806780287,3.443961137845859],[101.35378806780287,3.4435685162229386],[101.354824484584,3.4435685162229386],[101.35534269297457,3.4427832734498063],[101.35637910975568,3.4427832734498063],[101.35637910975568,3.4431758947575934],[101.35741552653681,3.4427832734498063],[101.35741552653681,3.4431758947575934],[101.35793373492737,3.4431758947575934],[101.35793373492737,3.443961137845859],[101.35897015170848,3.444353759626374],[101.35897015170848,3.445139003660258],[101.35845194331792,3.445139003660258],[101.35845194331792,3.4455316259136644],[101.35897015170848,3.4455316259136644],[101.35897015170848,3.445924248324737],[101.36000656848961,3.445924248324737],[101.36000656848961,3.4455316259136644],[101.36052477688018,3.4455316259136644],[101.36156119366129,3.4467094936199545],[101.36363402722353,3.4455316259136644],[101.36363402722353,3.445924248324737],[101.36467044400466,3.4463168708934937],[101.36467044400466,3.4471021165041362],[101.36570686078576,3.4471021165041362],[101.36570686078576,3.4474947395460562],[101.36622506917632,3.4474947395460562],[101.36622506917632,3.4478873627457345],[101.36726148595746,3.4478873627457345],[101.36726148595746,3.4482799861031888],[101.36777969434803,3.4482799861031888],[101.36829790273856,3.4474947395460562],[101.37037073630083,3.4474947395460562],[101.37037073630083,3.4471021165041362],[101.37140715308193,3.4471021165041362],[101.37140715308193,3.4474947395460562],[101.37244356986307,3.4478873627457345],[101.3719253614725,3.4486726096184355],[101.37037073630083,3.4486726096184355],[101.37037073630083,3.449065233291495],[101.3693343195197,3.4486726096184355],[101.3693343195197,3.449065233291495],[101.36881611112914,3.449065233291495],[101.36881611112914,3.450243105257725],[101.3693343195197,3.450243105257725],[101.3693343195197,3.4506357295622125],[101.36881611112914,3.4506357295622125],[101.36777969434803,3.451813603423163],[101.3667432775669,3.4514209786449137],[101.3667432775669,3.45220622835937],[101.36622506917632,3.45220622835937],[101.36622506917632,3.4525988534535523],[101.36467044400466,3.451813603423163],[101.36415223561409,3.4525988534535523],[101.36363402722353,3.4525988534535523],[101.36363402722353,3.45220622835937],[101.36259761044242,3.45220622835937],[101.36259761044242,3.4525988534535523],[101.36156119366129,3.4525988534535523],[101.36156119366129,3.452991478705727],[101.36104298527071,3.452991478705727],[101.36104298527071,3.4525988534535523],[101.36052477688018,3.4525988534535523],[101.36104298527071,3.451813603423163],[101.35948836009905,3.451028354024603],[101.36052477688018,3.4498504811111217],[101.35948836009905,3.4498504811111217],[101.35948836009905,3.4494578571223844],[101.35845194331792,3.4494578571223844],[101.35845194331792,3.449065233291495],[101.35793373492737,3.449065233291495],[101.35793373492737,3.4482799861031888],[101.35637910975568,3.4474947395460562],[101.35637910975568,3.4467094936199545],[101.35689731814624,3.4467094936199545],[101.35689731814624,3.4463168708934937],[101.3558609013651,3.445924248324737],[101.3558609013651,3.4463168708934937],[101.35534269297457,3.4463168708934937],[101.35534269297457,3.4467094936199545],[101.3558609013651,3.4467094936199545],[101.3558609013651,3.4471021165041362],[101.35534269297457,3.4471021165041362],[101.35534269297457,3.4482799861031888],[101.35637910975568,3.4478873627457345],[101.35689731814624,3.4486726096184355],[101.35637910975568,3.4486726096184355],[101.354824484584,3.450243105257725],[101.35741552653681,3.4498504811111217],[101.35741552653681,3.450243105257725],[101.35793373492737,3.450243105257725],[101.35793373492737,3.4506357295622125],[101.35741552653681,3.4506357295622125],[101.35741552653681,3.4514209786449137],[101.35689731814624,3.4514209786449137],[101.35637910975568,3.45220622835937],[101.3558609013651,3.45220622835937],[101.3558609013651,3.451813603423163],[101.354824484584,3.451813603423163],[101.354824484584,3.4514209786449137],[101.35378806780287,3.4514209786449137],[101.35378806780287,3.451813603423163],[101.35275165102176,3.451813603423163],[101.35275165102176,3.45220622835937],[101.3522334426312,3.45220622835937],[101.35171523424063,3.4514209786449137],[101.35016060906896,3.4514209786449137],[101.35016060906896,3.451813603423163],[101.34912419228783,3.4514209786449137],[101.34912419228783,3.451813603423163],[101.34808777550673,3.45220622835937],[101.34808777550673,3.451813603423163],[101.34756956711615,3.451813603423163],[101.34808777550673,3.451028354024603],[101.3470513587256,3.4506357295622125],[101.3470513587256,3.451028354024603],[101.34653315033502,3.451028354024603],[101.34653315033502,3.4525988534535523],[101.34549673355392,3.452991478705727],[101.34549673355392,3.4537767296841295],[101.34497852516336,3.4537767296841295],[101.34497852516336,3.4545619812947224],[101.34446031677278,3.4545619812947224],[101.34446031677278,3.4557398598962856],[101.34497852516336,3.4557398598962856],[101.34497852516336,3.4565251130879893],[101.34549673355392,3.4565251130879893],[101.34549673355392,3.45613248641306],[101.34653315033502,3.45613248641306],[101.34653315033502,3.4565251130879893],[101.3470513587256,3.4565251130879893],[101.34653315033502,3.457310366912393],[101.34808777550673,3.458095621369639],[101.34808777550673,3.458880876459874],[101.34860598389726,3.458880876459874],[101.34860598389726,3.459666132183243],[101.34912419228783,3.459666132183243],[101.34912419228783,3.460451388539891],[101.34964240067839,3.460451388539891],[101.34964240067839,3.4616292742625783],[101.35016060906896,3.4616292742625783],[101.35016060906896,3.461236645529963],[101.35119702585007,3.4616292742625783],[101.35067881745952,3.460058760282397],[101.35119702585007,3.460058760282397],[101.35171523424063,3.459273504242407],[101.35275165102176,3.459666132183243],[101.35275165102176,3.460451388539891],[101.35326985941231,3.460451388539891],[101.35378806780287,3.459666132183243],[101.354824484584,3.460058760282397],[101.35534269297457,3.459273504242407],[101.35637910975568,3.459666132183243],[101.35637910975568,3.460058760282397],[101.35534269297457,3.460451388539891],[101.35534269297457,3.461236645529963],[101.354824484584,3.461236645529963],[101.354824484584,3.4616292742625783],[101.35430627619344,3.4616292742625783],[101.35430627619344,3.461236645529963],[101.35326985941231,3.461236645529963],[101.35326985941231,3.46084401695574],[101.3522334426312,3.46084401695574],[101.3522334426312,3.461236645529963],[101.35275165102176,3.461236645529963],[101.35275165102176,3.4620219031536044],[101.35171523424063,3.4624145322030593],[101.35171523424063,3.4628071614109612],[101.3522334426312,3.4628071614109612],[101.35171523424063,3.463592420302176],[101.3522334426312,3.463592420302176],[101.3522334426312,3.463985049985527],[101.35275165102176,3.463985049985527],[101.35275165102176,3.463592420302176],[101.35326985941231,3.463592420302176],[101.35326985941231,3.463985049985527],[101.35430627619344,3.463985049985527],[101.35326985941231,3.4628071614109612],[101.35378806780287,3.4628071614109612],[101.35378806780287,3.4624145322030593],[101.354824484584,3.4628071614109612],[101.3558609013651,3.4616292742625783],[101.35689731814624,3.4620219031536044],[101.35689731814624,3.4624145322030593],[101.3558609013651,3.4628071614109612],[101.3558609013651,3.463592420302176],[101.35534269297457,3.463592420302176],[101.35534269297457,3.463985049985527],[101.35637910975568,3.463985049985527],[101.35637910975568,3.4643776798273973],[101.35793373492737,3.4651629399867674],[101.35793373492737,3.4655555703043044],[101.35741552653681,3.4655555703043044],[101.35741552653681,3.4663408314151716],[101.35793373492737,3.4663408314151716],[101.35793373492737,3.466733462208539],[101.35689731814624,3.467126093160552],[101.35689731814624,3.4675187242712298],[101.35793373492737,3.46791135554059],[101.35793373492737,3.469481882205221],[101.35897015170848,3.469481882205221],[101.35897015170848,3.469089250300949],[101.35948836009905,3.469089250300949],[101.35948836009905,3.468303986968651],[101.36000656848961,3.468303986968651],[101.36104298527071,3.467126093160552],[101.36156119366129,3.467126093160552],[101.36207940205185,3.46791135554059],[101.36311581883295,3.46791135554059],[101.36311581883295,3.468303986968651],[101.36363402722353,3.468303986968651],[101.36363402722353,3.468696618555431],[101.36311581883295,3.468696618555431],[101.36311581883295,3.469089250300949],[101.36207940205185,3.469089250300949],[101.36207940205185,3.4698745142682674],[101.36156119366129,3.4698745142682674],[101.36156119366129,3.471445044108546],[101.36207940205185,3.471445044108546],[101.36156119366129,3.4738008436352494],[101.36207940205185,3.4738008436352494],[101.36207940205185,3.4749787455444907],[101.36259761044242,3.4749787455444907],[101.36259761044242,3.4753713798322674],[101.36311581883295,3.4753713798322674],[101.36311581883295,3.476156648884978],[101.36363402722353,3.476156648884978],[101.36363402722353,3.4765492836499465],[101.36311581883295,3.4765492836499465],[101.36311581883295,3.477334553657202],[101.36363402722353,3.477334553657202],[101.36363402722353,3.4785124598616517],[101.36311581883295,3.4785124598616517],[101.36311581883295,3.4792977314605418],[101.36363402722353,3.4792977314605418],[101.36363402722353,3.4812609132445544],[101.36415223561409,3.4812609132445544],[101.36518865239522,3.4824388242266306],[101.36777969434803,3.4824388242266306],[101.36829790273856,3.4832240990115118],[101.36881611112914,3.4832240990115118],[101.36881611112914,3.4828314615393756],[101.36985252791027,3.4828314615393756],[101.37037073630083,3.483616736643056],[101.3719253614725,3.483616736643056],[101.3719253614725,3.484009374434026],[101.37244356986307,3.484009374434026],[101.37244356986307,3.4847946504943184],[101.3719253614725,3.4847946504943184],[101.3719253614725,3.485187288763678],[101.37244356986307,3.485187288763678],[101.37347998664417,3.486365204528823],[101.37555282020641,3.485187288763678],[101.37607102859698,3.4859725657809117],[101.37555282020641,3.4859725657809117],[101.37555282020641,3.486365204528823],[101.37503461181588,3.486365204528823],[101.37503461181588,3.486757843436288],[101.37658923698754,3.486757843436288],[101.37658923698754,3.487150482503324],[101.37710744537812,3.487150482503324],[101.37710744537812,3.48754312172995],[101.37814386215922,3.48754312172995],[101.37866207054978,3.488328400662045],[101.37969848733091,3.488328400662045],[101.37969848733091,3.48754312172995],[101.37866207054978,3.487150482503324],[101.37918027894035,3.486365204528823],[101.37969848733091,3.486365204528823],[101.37969848733091,3.486757843436288],[101.38073490411202,3.486757843436288],[101.38073490411202,3.487150482503324],[101.38228952928372,3.487150482503324],[101.38280773767427,3.4879357611161845],[101.38384415445539,3.4879357611161845],[101.38384415445539,3.48754312172995],[101.38488057123652,3.487150482503324],[101.38488057123652,3.48754312172995],[101.38539877962708,3.48754312172995],[101.38539877962708,3.4879357611161845],[101.38591698801763,3.4879357611161845],[101.38747161318932,3.4895063202575645],[101.3864351964082,3.489898960442112],[101.38539877962708,3.4887210403675497],[101.38436236284596,3.4887210403675497],[101.38436236284596,3.4891136802327174],[101.38228952928372,3.4891136802327174],[101.38228952928372,3.4895063202575645],[101.38280773767427,3.4895063202575645],[101.38280773767427,3.489898960442112],[101.38436236284596,3.489898960442112],[101.38436236284596,3.4902916007863753],[101.38539877962708,3.4902916007863753],[101.38539877962708,3.490684241290374],[101.38591698801763,3.490684241290374],[101.38591698801763,3.491076881954126],[101.38488057123652,3.491469522777649],[101.38591698801763,3.492647446207028]],[[101.34964240067839,3.4718376769657295],[101.35067881745952,3.471445044108546],[101.35119702585007,3.472230309981797],[101.35016060906896,3.472622943156764],[101.34964240067839,3.4718376769657295]],[[101.34601494194446,3.474193477445999],[101.34601494194446,3.4749787455444907],[101.34653315033502,3.4749787455444907],[101.34653315033502,3.4753713798322674],[101.34549673355392,3.4757640142790907],[101.34549673355392,3.4753713798322674],[101.34497852516336,3.4753713798322674],[101.34497852516336,3.4749787455444907],[101.34549673355392,3.4749787455444907],[101.34549673355392,3.474193477445999],[101.34446031677278,3.474193477445999],[101.34446031677278,3.4738008436352494],[101.34394210838222,3.4738008436352494],[101.34394210838222,3.472622943156764],[101.34446031677278,3.472622943156764],[101.34446031677278,3.472230309981797],[101.34497852516336,3.472230309981797],[101.34497852516336,3.472622943156764],[101.34549673355392,3.472622943156764],[101.34549673355392,3.4734082099834716],[101.34653315033502,3.4738008436352494],[101.34653315033502,3.474193477445999],[101.34601494194446,3.474193477445999]],[[101.37296177825363,3.4482799861031888],[101.37296177825363,3.4478873627457345],[101.37347998664417,3.4478873627457345],[101.37399819503474,3.4486726096184355],[101.37296177825363,3.449065233291495],[101.37296177825363,3.4486726096184355],[101.37244356986307,3.4486726096184355],[101.37244356986307,3.4482799861031888],[101.37296177825363,3.4482799861031888]],[[101.37296177825363,3.4494578571223844],[101.37399819503474,3.4494578571223844],[101.37399819503474,3.449065233291495],[101.3745164034253,3.449065233291495],[101.3745164034253,3.4494578571223844],[101.37503461181588,3.4494578571223844],[101.37503461181588,3.450243105257725],[101.3745164034253,3.450243105257725],[101.3745164034253,3.4506357295622125],[101.37296177825363,3.4506357295622125],[101.37244356986307,3.4514209786449137],[101.37140715308193,3.4514209786449137],[101.37140715308193,3.451028354024603],[101.37037073630083,3.451028354024603],[101.37037073630083,3.4506357295622125],[101.36985252791027,3.4506357295622125],[101.37037073630083,3.4498504811111217],[101.37088894469137,3.4498504811111217],[101.37088894469137,3.450243105257725],[101.3719253614725,3.450243105257725],[101.3719253614725,3.4498504811111217],[101.37140715308193,3.4498504811111217],[101.3719253614725,3.449065233291495],[101.37296177825363,3.449065233291495],[101.37296177825363,3.4494578571223844]],[[101.37555282020641,3.450243105257725],[101.37555282020641,3.4498504811111217],[101.37658923698754,3.4498504811111217],[101.37710744537812,3.4506357295622125],[101.37658923698754,3.4506357295622125],[101.37658923698754,3.451028354024603],[101.37555282020641,3.451028354024603],[101.37555282020641,3.4506357295622125],[101.37503461181588,3.4506357295622125],[101.37503461181588,3.450243105257725],[101.37555282020641,3.450243105257725]],[[101.36052477688018,3.467126093160552],[101.36052477688018,3.466733462208539],[101.36000656848961,3.466733462208539],[101.36000656848961,3.4663408314151716],[101.36052477688018,3.4663408314151716],[101.36000656848961,3.4655555703043044],[101.36104298527071,3.4651629399867674],[101.36104298527071,3.4655555703043044],[101.36156119366129,3.4655555703043044],[101.36156119366129,3.465948200780433],[101.36104298527071,3.465948200780433],[101.36156119366129,3.466733462208539],[101.36052477688018,3.467126093160552]],[[101.25170101486242,3.489898960442112],[101.252219223253,3.489898960442112],[101.252219223253,3.491469522777649],[101.25118280647189,3.4918621637609615],[101.25118280647189,3.491469522777649],[101.25066459808131,3.491469522777649],[101.25066459808131,3.489898960442112],[101.25118280647189,3.489898960442112],[101.25118280647189,3.4895063202575645],[101.25170101486242,3.4895063202575645],[101.25170101486242,3.489898960442112]],[[101.40768174042118,3.4887210403675497],[101.40819994881174,3.4887210403675497],[101.40819994881174,3.4891136802327174],[101.40716353203062,3.4895063202575645],[101.40664532364006,3.4887210403675497],[101.40716353203062,3.4887210403675497],[101.40716353203062,3.488328400662045],[101.40768174042118,3.488328400662045],[101.40768174042118,3.4887210403675497]],[[101.25118280647189,3.4855799271925365],[101.25066459808131,3.4855799271925365],[101.25066459808131,3.4847946504943184],[101.25014638969076,3.4847946504943184],[101.25014638969076,3.484009374434026],[101.24962818130018,3.484009374434026],[101.24962818130018,3.4832240990115118],[101.25014638969076,3.4832240990115118],[101.25014638969076,3.4828314615393756],[101.25118280647189,3.4832240990115118],[101.25118280647189,3.4844020123844412],[101.25170101486242,3.4844020123844412],[101.25170101486242,3.485187288763678],[101.252219223253,3.485187288763678],[101.252219223253,3.4859725657809117],[101.25273743164355,3.4859725657809117],[101.25273743164355,3.486757843436288],[101.252219223253,3.486757843436288],[101.25273743164355,3.488328400662045],[101.252219223253,3.488328400662045],[101.252219223253,3.4887210403675497],[101.25118280647189,3.488328400662045],[101.25118280647189,3.48754312172995],[101.25170101486242,3.48754312172995],[101.25118280647189,3.4855799271925365]],[[101.38591698801763,3.4859725657809117],[101.3864351964082,3.4859725657809117],[101.3864351964082,3.486365204528823],[101.38539877962708,3.486757843436288],[101.38488057123652,3.4859725657809117],[101.38539877962708,3.4859725657809117],[101.38539877962708,3.4855799271925365],[101.38591698801763,3.4855799271925365],[101.38591698801763,3.4859725657809117]],[[101.40768174042118,3.4855799271925365],[101.40819994881174,3.4855799271925365],[101.40819994881174,3.4859725657809117],[101.40716353203062,3.486365204528823],[101.40664532364006,3.4855799271925365],[101.40716353203062,3.4855799271925365],[101.40716353203062,3.485187288763678],[101.40768174042118,3.485187288763678],[101.40768174042118,3.4855799271925365]],[[101.4061271152495,3.4832240990115118],[101.4061271152495,3.483616736643056],[101.40716353203062,3.484009374434026],[101.40664532364006,3.4847946504943184],[101.4061271152495,3.4847946504943184],[101.4061271152495,3.4844020123844412],[101.40457249007783,3.483616736643056],[101.40457249007783,3.4828314615393756],[101.40405428168727,3.4828314615393756],[101.40405428168727,3.4808682765691894],[101.40457249007783,3.4808682765691894],[101.40457249007783,3.480475640053123],[101.40560890685894,3.4808682765691894],[101.40560890685894,3.4832240990115118],[101.4061271152495,3.4832240990115118]],[[101.4035360732967,3.4808682765691894],[101.4035360732967,3.4816535500792387],[101.40249965651557,3.482046187073258],[101.40249965651557,3.4816535500792387],[101.40198144812501,3.4816535500792387],[101.40198144812501,3.4812609132445544],[101.40249965651557,3.4812609132445544],[101.40249965651557,3.480475640053123],[101.40198144812501,3.480475640053123],[101.40198144812501,3.4800830036963384],[101.40146323973445,3.4800830036963384],[101.40146323973445,3.480475640053123],[101.40042682295334,3.4800830036963384],[101.40042682295334,3.479690367498818],[101.4009450313439,3.479690367498818],[101.4009450313439,3.4785124598616517],[101.40042682295334,3.4785124598616517],[101.40042682295334,3.4777271888995247],[101.4009450313439,3.4777271888995247],[101.4009450313439,3.477334553657202],[101.40146323973445,3.477334553657202],[101.40146323973445,3.4777271888995247],[101.40249965651557,3.4777271888995247],[101.40249965651557,3.477334553657202],[101.4035360732967,3.477334553657202],[101.4035360732967,3.4777271888995247],[101.40405428168727,3.4777271888995247],[101.40405428168727,3.4800830036963384],[101.4035360732967,3.4800830036963384],[101.40405428168727,3.4808682765691894],[101.4035360732967,3.4808682765691894]],[[101.3864351964082,3.483616736643056],[101.38695340479876,3.483616736643056],[101.38695340479876,3.484009374434026],[101.38591698801763,3.4844020123844412],[101.38539877962708,3.483616736643056],[101.38591698801763,3.483616736643056],[101.38591698801763,3.4832240990115118],[101.3864351964082,3.4832240990115118],[101.3864351964082,3.483616736643056]],[[101.41597307467016,3.4824388242266306],[101.41649128306071,3.4824388242266306],[101.41649128306071,3.4828314615393756],[101.41545486627959,3.4832240990115118],[101.41493665788904,3.4824388242266306],[101.41545486627959,3.4824388242266306],[101.41545486627959,3.482046187073258],[101.41597307467016,3.482046187073258],[101.41597307467016,3.4824388242266306]],[[101.3864351964082,3.4808682765691894],[101.38695340479876,3.4808682765691894],[101.38695340479876,3.4800830036963384],[101.38747161318932,3.4800830036963384],[101.38747161318932,3.479690367498818],[101.389026238361,3.480475640053123],[101.389026238361,3.4812609132445544],[101.38850802997044,3.4812609132445544],[101.38747161318932,3.4824388242266306],[101.3864351964082,3.482046187073258],[101.3864351964082,3.4816535500792387],[101.38695340479876,3.4816535500792387],[101.3864351964082,3.4808682765691894]],[[101.389026238361,3.479690367498818],[101.38850802997044,3.479690367498818],[101.38850802997044,3.4792977314605418],[101.389026238361,3.4792977314605418],[101.389026238361,3.4789050955814917],[101.38850802997044,3.4789050955814917],[101.38850802997044,3.4781198243010016],[101.38798982157986,3.4781198243010016],[101.38695340479876,3.4792977314605418],[101.38591698801763,3.4789050955814917],[101.38591698801763,3.4781198243010016],[101.3864351964082,3.4781198243010016],[101.38695340479876,3.4765492836499465],[101.38747161318932,3.4765492836499465],[101.38747161318932,3.476156648884978],[101.38850802997044,3.4765492836499465],[101.38850802997044,3.4757640142790907],[101.38798982157986,3.4757640142790907],[101.38798982157986,3.4738008436352494],[101.38747161318932,3.4738008436352494],[101.38747161318932,3.4734082099834716],[101.38695340479876,3.4734082099834716],[101.38695340479876,3.4738008436352494],[101.38591698801763,3.4734082099834716],[101.38747161318932,3.4718376769657295],[101.389026238361,3.4718376769657295],[101.389026238361,3.472230309981797],[101.39006265514212,3.472622943156764],[101.39006265514212,3.4753713798322674],[101.389026238361,3.4757640142790907],[101.389026238361,3.4765492836499465],[101.39006265514212,3.4769419185740147],[101.39006265514212,3.4777271888995247],[101.39058086353268,3.4777271888995247],[101.39058086353268,3.4769419185740147],[101.39109907192324,3.4769419185740147],[101.39109907192324,3.476156648884978],[101.39161728031381,3.476156648884978],[101.39161728031381,3.4757640142790907],[101.39265369709493,3.476156648884978],[101.39265369709493,3.4765492836499465],[101.39213548870437,3.4765492836499465],[101.39213548870437,3.477334553657202],[101.39161728031381,3.477334553657202],[101.39161728031381,3.4781198243010016],[101.39213548870437,3.4781198243010016],[101.39213548870437,3.4785124598616517],[101.39161728031381,3.4785124598616517],[101.39161728031381,3.4792977314605418],[101.39109907192324,3.4792977314605418],[101.39161728031381,3.4800830036963384],[101.39109907192324,3.4800830036963384],[101.39109907192324,3.4808682765691894],[101.39058086353268,3.4808682765691894],[101.39058086353268,3.4812609132445544],[101.38954444675157,3.4808682765691894],[101.39006265514212,3.4800830036963384],[101.389026238361,3.4800830036963384],[101.389026238361,3.479690367498818]],[[101.41856411662296,3.480475640053123],[101.41908232501352,3.480475640053123],[101.41908232501352,3.4808682765691894],[101.4180459082324,3.4812609132445544],[101.41752769984184,3.480475640053123],[101.4180459082324,3.480475640053123],[101.4180459082324,3.4800830036963384],[101.41856411662296,3.4800830036963384],[101.41856411662296,3.480475640053123]],[[101.41338203271735,3.4785124598616517],[101.41545486627959,3.477334553657202],[101.41545486627959,3.4777271888995247],[101.41597307467016,3.4777271888995247],[101.41597307467016,3.4781198243010016],[101.41545486627959,3.4781198243010016],[101.41597307467016,3.479690367498818],[101.41493665788904,3.4800830036963384],[101.41338203271735,3.4785124598616517]],[[101.34756956711615,3.4792977314605418],[101.3470513587256,3.4785124598616517],[101.34808777550673,3.4781198243010016],[101.34860598389726,3.4789050955814917],[101.34756956711615,3.4792977314605418]],[[101.3470513587256,3.4781198243010016],[101.3470513587256,3.4777271888995247],[101.34653315033502,3.4777271888995247],[101.34653315033502,3.4769419185740147],[101.34756956711615,3.4765492836499465],[101.34756956711615,3.4769419185740147],[101.34808777550673,3.4769419185740147],[101.34808777550673,3.4777271888995247],[101.3470513587256,3.4781198243010016]],[[101.4180459082324,3.4777271888995247],[101.41856411662296,3.4777271888995247],[101.41908232501352,3.4785124598616517],[101.41700949145128,3.4792977314605418],[101.41649128306071,3.4785124598616517],[101.41700949145128,3.4785124598616517],[101.41700949145128,3.4781198243010016],[101.4180459082324,3.4781198243010016],[101.4180459082324,3.4777271888995247]],[[101.4310011179964,3.476156648884978],[101.43203753477754,3.4757640142790907],[101.4310011179964,3.4738008436352494],[101.43255574316811,3.473015576490649],[101.43255574316811,3.472230309981797],[101.4310011179964,3.471445044108546],[101.43048290960586,3.469481882205221],[101.4310011179964,3.469481882205221],[101.4310011179964,3.469089250300949],[101.43151932638698,3.469089250300949],[101.43151932638698,3.469481882205221],[101.43203753477754,3.469481882205221],[101.43203753477754,3.469089250300949],[101.43359215994921,3.469089250300949],[101.43307395155865,3.468303986968651],[101.43411036833977,3.46791135554059],[101.43411036833977,3.468303986968651],[101.43462857673035,3.468303986968651],[101.43462857673035,3.468696618555431],[101.43411036833977,3.468696618555431],[101.43411036833977,3.469481882205221],[101.43462857673035,3.469481882205221],[101.43411036833977,3.470267146490104],[101.4351467851209,3.47065977887075],[101.4351467851209,3.471445044108546],[101.43566499351145,3.471445044108546],[101.43566499351145,3.471052411410225],[101.4377378270737,3.471052411410225],[101.4377378270737,3.471445044108546],[101.43825603546425,3.471445044108546],[101.43825603546425,3.472230309981797],[101.43929245224538,3.4718376769657295],[101.43981066063596,3.472622943156764],[101.43877424385482,3.473015576490649],[101.43877424385482,3.4738008436352494],[101.43825603546425,3.4738008436352494],[101.43825603546425,3.474193477445999],[101.43721961868314,3.4738008436352494],[101.43618320190201,3.4753713798322674],[101.4351467851209,3.4749787455444907],[101.4351467851209,3.4769419185740147],[101.43462857673035,3.4769419185740147],[101.43462857673035,3.477334553657202],[101.43359215994921,3.477334553657202],[101.43359215994921,3.4777271888995247],[101.43307395155865,3.4777271888995247],[101.43307395155865,3.477334553657202],[101.43203753477754,3.477334553657202],[101.4310011179964,3.476156648884978]],[[101.41390024110791,3.4765492836499465],[101.41441844949847,3.4765492836499465],[101.41441844949847,3.4769419185740147],[101.41338203271735,3.477334553657202],[101.41286382432679,3.4765492836499465],[101.41338203271735,3.4765492836499465],[101.41338203271735,3.476156648884978],[101.41390024110791,3.476156648884978],[101.41390024110791,3.4765492836499465]],[[101.44240170258875,3.47458611141574],[101.4429199109793,3.47458611141574],[101.4429199109793,3.4749787455444907],[101.4418834941982,3.4753713798322674],[101.44136528580762,3.47458611141574],[101.4418834941982,3.47458611141574],[101.4418834941982,3.474193477445999],[101.44240170258875,3.474193477445999],[101.44240170258875,3.47458611141574]],[[101.39161728031381,3.4734082099834716],[101.39213548870437,3.4734082099834716],[101.39213548870437,3.4738008436352494],[101.39317190548547,3.4738008436352494],[101.39369011387605,3.47458611141574],[101.39317190548547,3.47458611141574],[101.39317190548547,3.4749787455444907],[101.39213548870437,3.4749787455444907],[101.39213548870437,3.47458611141574],[101.39109907192324,3.474193477445999],[101.39161728031381,3.4734082099834716]],[[101.3942083222666,3.473015576490649],[101.39472653065717,3.473015576490649],[101.39576294743829,3.4718376769657295],[101.39628115582885,3.4718376769657295],[101.39628115582885,3.472230309981797],[101.39731757260996,3.4718376769657295],[101.39731757260996,3.472230309981797],[101.3983539893911,3.472230309981797],[101.3983539893911,3.472622943156764],[101.39887219778166,3.472622943156764],[101.3983539893911,3.4734082099834716],[101.39679936421942,3.4734082099834716],[101.39679936421942,3.473015576490649],[101.39628115582885,3.473015576490649],[101.39628115582885,3.4738008436352494],[101.39576294743829,3.4738008436352494],[101.39524473904773,3.47458611141574],[101.39369011387605,3.4738008436352494],[101.3942083222666,3.473015576490649]],[[101.4035360732967,3.4718376769657295],[101.40405428168727,3.4718376769657295],[101.40405428168727,3.472230309981797],[101.40509069846838,3.472230309981797],[101.40560890685894,3.473015576490649],[101.40509069846838,3.473015576490649],[101.40509069846838,3.4734082099834716],[101.40405428168727,3.473015576490649],[101.40405428168727,3.4734082099834716],[101.4035360732967,3.4734082099834716],[101.40405428168727,3.474193477445999],[101.40301786490613,3.47458611141574],[101.40301786490613,3.474193477445999],[101.40198144812501,3.4738008436352494],[101.40198144812501,3.4734082099834716],[101.40249965651557,3.4734082099834716],[101.40249965651557,3.472622943156764],[101.40198144812501,3.472622943156764],[101.40198144812501,3.472230309981797],[101.40249965651557,3.472230309981797],[101.40249965651557,3.4718376769657295],[101.4035360732967,3.472230309981797],[101.4035360732967,3.4718376769657295]],[[101.40198144812501,3.473015576490649],[101.40146323973445,3.473015576490649],[101.40146323973445,3.4734082099834716],[101.40042682295334,3.4734082099834716],[101.39990861456278,3.472622943156764],[101.40042682295334,3.472622943156764],[101.40042682295334,3.472230309981797],[101.40146323973445,3.472230309981797],[101.40198144812501,3.473015576490649]],[[101.41441844949847,3.473015576490649],[101.41286382432679,3.472230309981797],[101.41338203271735,3.471445044108546],[101.41441844949847,3.471445044108546],[101.41441844949847,3.4718376769657295],[101.41545486627959,3.4718376769657295],[101.41545486627959,3.472230309981797],[101.41597307467016,3.472230309981797],[101.41597307467016,3.472622943156764],[101.41545486627959,3.472622943156764],[101.41545486627959,3.473015576490649],[101.41597307467016,3.473015576490649],[101.41597307467016,3.4738008436352494],[101.41545486627959,3.4738008436352494],[101.41545486627959,3.474193477445999],[101.41441844949847,3.474193477445999],[101.41441844949847,3.47458611141574],[101.41338203271735,3.47458611141574],[101.41286382432679,3.4738008436352494],[101.41338203271735,3.4738008436352494],[101.41338203271735,3.4734082099834716],[101.41441844949847,3.4734082099834716],[101.41441844949847,3.473015576490649]],[[101.38591698801763,3.4718376769657295],[101.3864351964082,3.4718376769657295],[101.3864351964082,3.472230309981797],[101.38539877962708,3.472622943156764],[101.38488057123652,3.4718376769657295],[101.38539877962708,3.4718376769657295],[101.38539877962708,3.471445044108546],[101.38591698801763,3.471445044108546],[101.38591698801763,3.4718376769657295]],[[101.38177132089315,3.47065977887075],[101.38125311250259,3.47065977887075],[101.38125311250259,3.470267146490104],[101.38177132089315,3.470267146490104],[101.38177132089315,3.469481882205221],[101.38125311250259,3.469481882205221],[101.38125311250259,3.469089250300949],[101.38228952928372,3.468696618555431],[101.38228952928372,3.469089250300949],[101.38280773767427,3.469089250300949],[101.38280773767427,3.469481882205221],[101.38228952928372,3.469481882205221],[101.38228952928372,3.470267146490104],[101.38332594606483,3.470267146490104],[101.38332594606483,3.4698745142682674],[101.38384415445539,3.4698745142682674],[101.38488057123652,3.471052411410225],[101.38436236284596,3.471052411410225],[101.38436236284596,3.471445044108546],[101.38332594606483,3.471445044108546],[101.38280773767427,3.47065977887075],[101.38228952928372,3.47065977887075],[101.38228952928372,3.471052411410225],[101.38177132089315,3.471052411410225],[101.38177132089315,3.47065977887075]],[[101.3942083222666,3.47065977887075],[101.39472653065717,3.47065977887075],[101.3942083222666,3.471445044108546],[101.39265369709493,3.471445044108546],[101.39265369709493,3.471052411410225],[101.39213548870437,3.471052411410225],[101.39265369709493,3.470267146490104],[101.3942083222666,3.470267146490104],[101.3942083222666,3.47065977887075]],[[101.39783578100054,3.47065977887075],[101.3983539893911,3.47065977887075],[101.3983539893911,3.470267146490104],[101.39939040617222,3.47065977887075],[101.39990861456278,3.4698745142682674],[101.40042682295334,3.4698745142682674],[101.40042682295334,3.470267146490104],[101.4009450313439,3.470267146490104],[101.4009450313439,3.4698745142682674],[101.40146323973445,3.4698745142682674],[101.40146323973445,3.470267146490104],[101.40249965651557,3.470267146490104],[101.40249965651557,3.4698745142682674],[101.4035360732967,3.470267146490104],[101.40249965651557,3.471445044108546],[101.40146323973445,3.471445044108546],[101.40146323973445,3.471052411410225],[101.40042682295334,3.471052411410225],[101.40042682295334,3.471445044108546],[101.39990861456278,3.471445044108546],[101.39990861456278,3.471052411410225],[101.39887219778166,3.471052411410225],[101.39887219778166,3.471445044108546],[101.3983539893911,3.471445044108546],[101.3983539893911,3.471052411410225],[101.39783578100054,3.471052411410225],[101.39783578100054,3.471445044108546],[101.39576294743829,3.471445044108546],[101.39576294743829,3.471052411410225],[101.39524473904773,3.471052411410225],[101.39576294743829,3.470267146490104],[101.39783578100054,3.470267146490104],[101.39783578100054,3.47065977887075]],[[101.41597307467016,3.47065977887075],[101.41649128306071,3.47065977887075],[101.41649128306071,3.471052411410225],[101.41545486627959,3.471445044108546],[101.41493665788904,3.47065977887075],[101.41545486627959,3.47065977887075],[101.41545486627959,3.470267146490104],[101.41597307467016,3.470267146490104],[101.41597307467016,3.47065977887075]],[[101.41234561593623,3.4698745142682674],[101.41286382432679,3.4698745142682674],[101.41286382432679,3.470267146490104],[101.41182740754567,3.47065977887075],[101.41130919915511,3.4698745142682674],[101.41182740754567,3.4698745142682674],[101.41182740754567,3.469481882205221],[101.41234561593623,3.469481882205221],[101.41234561593623,3.4698745142682674]],[[101.37710744537812,3.469481882205221],[101.37762565376867,3.469481882205221],[101.37762565376867,3.4698745142682674],[101.37658923698754,3.470267146490104],[101.37607102859698,3.469481882205221],[101.37658923698754,3.469481882205221],[101.37658923698754,3.469089250300949],[101.37710744537812,3.469089250300949],[101.37710744537812,3.469481882205221]],[[101.43721961868314,3.469481882205221],[101.4377378270737,3.469481882205221],[101.4377378270737,3.4698745142682674],[101.43670141029259,3.470267146490104],[101.43618320190201,3.469481882205221],[101.43670141029259,3.469481882205221],[101.43670141029259,3.469089250300949],[101.43721961868314,3.469089250300949],[101.43721961868314,3.469481882205221]],[[101.37244356986307,3.468303986968651],[101.37296177825363,3.468303986968651],[101.37296177825363,3.468696618555431],[101.3745164034253,3.468696618555431],[101.37503461181588,3.469481882205221],[101.3745164034253,3.469481882205221],[101.3745164034253,3.4698745142682674],[101.37244356986307,3.469481882205221],[101.37244356986307,3.469089250300949],[101.3719253614725,3.469089250300949],[101.37244356986307,3.468303986968651]],[[101.40301786490613,3.469089250300949],[101.40249965651557,3.469089250300949],[101.40249965651557,3.468696618555431],[101.4035360732967,3.468303986968651],[101.40405428168727,3.469089250300949],[101.4035360732967,3.469089250300949],[101.4035360732967,3.469481882205221],[101.40301786490613,3.469481882205221],[101.40301786490613,3.469089250300949]],[[101.4035360732967,3.46791135554059],[101.40301786490613,3.46791135554059],[101.40301786490613,3.4675187242712298],[101.40405428168727,3.467126093160552],[101.40457249007783,3.46791135554059],[101.40405428168727,3.46791135554059],[101.40405428168727,3.468303986968651],[101.4035360732967,3.468303986968651],[101.4035360732967,3.46791135554059]],[[101.37503461181588,3.4675187242712298],[101.37555282020641,3.4675187242712298],[101.37503461181588,3.468303986968651],[101.37347998664417,3.468303986968651],[101.37347998664417,3.46791135554059],[101.37296177825363,3.46791135554059],[101.37347998664417,3.467126093160552],[101.37503461181588,3.467126093160552],[101.37503461181588,3.4675187242712298]],[[101.34342389999166,3.465948200780433],[101.34446031677278,3.4663408314151716],[101.34446031677278,3.467126093160552],[101.34290569160112,3.46791135554059],[101.34290569160112,3.4675187242712298],[101.34238748321054,3.4675187242712298],[101.34238748321054,3.466733462208539],[101.34290569160112,3.466733462208539],[101.34342389999166,3.465948200780433]],[[101.36311581883295,3.4663408314151716],[101.36363402722353,3.4663408314151716],[101.36363402722353,3.465948200780433],[101.36415223561409,3.465948200780433],[101.36415223561409,3.4663408314151716],[101.36518865239522,3.465948200780433],[101.36570686078576,3.466733462208539],[101.36518865239522,3.466733462208539],[101.36518865239522,3.467126093160552],[101.36467044400466,3.467126093160552],[101.36467044400466,3.466733462208539],[101.36415223561409,3.466733462208539],[101.36415223561409,3.467126093160552],[101.36363402722353,3.467126093160552],[101.36363402722353,3.466733462208539],[101.36259761044242,3.467126093160552],[101.36207940205185,3.4663408314151716],[101.36259761044242,3.4663408314151716],[101.36259761044242,3.465948200780433],[101.36311581883295,3.465948200780433],[101.36311581883295,3.4663408314151716]],[[101.36726148595746,3.4663408314151716],[101.36777969434803,3.4663408314151716],[101.36777969434803,3.466733462208539],[101.3667432775669,3.467126093160552],[101.36622506917632,3.4663408314151716],[101.3667432775669,3.4663408314151716],[101.3667432775669,3.465948200780433],[101.36726148595746,3.465948200780433],[101.36726148595746,3.4663408314151716]],[[101.37866207054978,3.463985049985527],[101.37814386215922,3.4631997907773275],[101.37918027894035,3.4628071614109612],[101.37969848733091,3.463592420302176],[101.37866207054978,3.463985049985527]],[[101.37814386215922,3.4628071614109612],[101.37762565376867,3.4620219031536044],[101.37866207054978,3.4616292742625783],[101.37918027894035,3.4624145322030593],[101.37814386215922,3.4628071614109612]],[[101.43877424385482,3.459273504242407],[101.44084707741706,3.458488248835624],[101.44084707741706,3.458880876459874],[101.44136528580762,3.458880876459874],[101.44136528580762,3.459666132183243],[101.4418834941982,3.459666132183243],[101.44240170258875,3.460451388539891],[101.44136528580762,3.46084401695574],[101.44084707741706,3.460058760282397],[101.43929245224538,3.460058760282397],[101.43877424385482,3.459273504242407]],[[101.37866207054978,3.458095621369639],[101.37918027894035,3.458095621369639],[101.37918027894035,3.458488248835624],[101.37814386215922,3.458880876459874],[101.37762565376867,3.458095621369639],[101.37814386215922,3.458095621369639],[101.37814386215922,3.4577029940619006],[101.37866207054978,3.4577029940619006],[101.37866207054978,3.458095621369639]],[[101.36259761044242,3.457310366912393],[101.36311581883295,3.457310366912393],[101.36311581883295,3.4577029940619006],[101.36207940205185,3.458095621369639],[101.36156119366129,3.457310366912393],[101.36207940205185,3.457310366912393],[101.36207940205185,3.456917739921095],[101.36259761044242,3.456917739921095],[101.36259761044242,3.457310366912393]],[[101.36000656848961,3.454954607337135],[101.36052477688018,3.454954607337135],[101.36052477688018,3.4553472335376503],[101.35948836009905,3.4557398598962856],[101.35897015170848,3.454954607337135],[101.35948836009905,3.454954607337135],[101.35948836009905,3.4545619812947224],[101.36000656848961,3.4545619812947224],[101.36000656848961,3.454954607337135]],[[101.3745164034253,3.454169355410392],[101.37503461181588,3.454169355410392],[101.37503461181588,3.4545619812947224],[101.37399819503474,3.454954607337135],[101.37347998664417,3.454169355410392],[101.37399819503474,3.454169355410392],[101.37399819503474,3.4537767296841295],[101.3745164034253,3.4537767296841295],[101.3745164034253,3.454169355410392]],[[101.36415223561409,3.4537767296841295],[101.36467044400466,3.4537767296841295],[101.36467044400466,3.454169355410392],[101.36363402722353,3.4545619812947224],[101.36311581883295,3.4537767296841295],[101.36363402722353,3.4537767296841295],[101.36363402722353,3.453384104115913],[101.36415223561409,3.453384104115913],[101.36415223561409,3.4537767296841295]],[[101.38073490411202,3.449065233291495],[101.38125311250259,3.449065233291495],[101.38125311250259,3.4498504811111217],[101.38021669572147,3.450243105257725],[101.38021669572147,3.4498504811111217],[101.37969848733091,3.4498504811111217],[101.37969848733091,3.449065233291495],[101.38021669572147,3.449065233291495],[101.38021669572147,3.4486726096184355],[101.38073490411202,3.4486726096184355],[101.38073490411202,3.449065233291495]],[[101.36156119366129,3.443961137845859],[101.36052477688018,3.4435685162229386],[101.36052477688018,3.4427832734498063],[101.36104298527071,3.4427832734498063],[101.36104298527071,3.4419980313068343],[101.36156119366129,3.4419980313068343],[101.36156119366129,3.4416054104716123],[101.36259761044242,3.4416054104716123],[101.36363402722353,3.4431758947575934],[101.36259761044242,3.4435685162229386],[101.36311581883295,3.444353759626374],[101.36104298527071,3.4455316259136644],[101.36052477688018,3.4447463815645003],[101.36104298527071,3.4447463815645003],[101.36156119366129,3.443961137845859]],[[101.36570686078576,3.444353759626374],[101.36622506917632,3.444353759626374],[101.36622506917632,3.4447463815645003],[101.36518865239522,3.445139003660258],[101.36467044400466,3.444353759626374],[101.36518865239522,3.444353759626374],[101.36518865239522,3.443961137845859],[101.36570686078576,3.443961137845859],[101.36570686078576,3.444353759626374]],[[101.37088894469137,3.444353759626374],[101.37037073630083,3.444353759626374],[101.37037073630083,3.4447463815645003],[101.3693343195197,3.4447463815645003],[101.3693343195197,3.444353759626374],[101.36881611112914,3.444353759626374],[101.36881611112914,3.4435685162229386],[101.3693343195197,3.4435685162229386],[101.3693343195197,3.4427832734498063],[101.36985252791027,3.4427832734498063],[101.36985252791027,3.4423906522995606],[101.37088894469137,3.4427832734498063],[101.37088894469137,3.4435685162229386],[101.37037073630083,3.4435685162229386],[101.37088894469137,3.444353759626374]],[[101.37037073630083,3.4419980313068343],[101.36985252791027,3.4419980313068343],[101.36985252791027,3.4416054104716123],[101.37088894469137,3.4412127897938762],[101.37140715308193,3.4419980313068343],[101.37088894469137,3.4419980313068343],[101.37088894469137,3.4423906522995606],[101.37037073630083,3.4423906522995606],[101.37037073630083,3.4419980313068343]],[[101.36518865239522,3.4412127897938762],[101.36570686078576,3.4412127897938762],[101.36570686078576,3.4416054104716123],[101.36467044400466,3.4419980313068343],[101.36415223561409,3.4412127897938762],[101.36467044400466,3.4412127897938762],[101.36467044400466,3.4408201692736062],[101.36518865239522,3.4408201692736062],[101.36518865239522,3.4412127897938762]],[[101.28797560220168,3.4317899407266217],[101.28849381059224,3.4317899407266217],[101.28849381059224,3.432182557630153],[101.28745739381112,3.4325751746907343],[101.28693918542055,3.4317899407266217],[101.28745739381112,3.4317899407266217],[101.28745739381112,3.4313973239801223],[101.28797560220168,3.4313973239801223],[101.28797560220168,3.4317899407266217]]],[[[101.17759721501226,3.5150282652570226],[101.17759721501226,3.5148825134076995],[101.1774021655359,3.5150282652570226],[101.17759721501226,3.5150282652570226]]],[[[101.36207940205185,3.4435685162229386],[101.36259761044242,3.4435685162229386],[101.36259761044242,3.4431758947575934],[101.36207940205185,3.4431758947575934],[101.36207940205185,3.4435685162229386]]],[[[101.36207940205185,3.4435685162229386],[101.36156119366129,3.4435685162229386],[101.36156119366129,3.443961137845859],[101.36207940205185,3.443961137845859],[101.36207940205185,3.4435685162229386]]],[[[101.36156119366129,3.444353759626374],[101.36156119366129,3.4447463815645003],[101.36207940205185,3.4447463815645003],[101.36207940205185,3.444353759626374],[101.36156119366129,3.444353759626374]]],[[[101.35741552653681,3.4474947395460562],[101.35741552653681,3.4478873627457345],[101.35793373492737,3.4478873627457345],[101.35793373492737,3.4474947395460562],[101.35741552653681,3.4474947395460562]]],[[[101.35430627619344,3.4498504811111217],[101.35430627619344,3.4494578571223844],[101.35326985941231,3.449065233291495],[101.35326985941231,3.4498504811111217],[101.35430627619344,3.4498504811111217]]],[[[101.36259761044242,3.449065233291495],[101.36207940205185,3.449065233291495],[101.36156119366129,3.4498504811111217],[101.36259761044242,3.4498504811111217],[101.36259761044242,3.449065233291495]]],[[[101.36052477688018,3.4498504811111217],[101.36104298527071,3.4498504811111217],[101.36104298527071,3.4494578571223844],[101.36052477688018,3.4494578571223844],[101.36052477688018,3.4498504811111217]]],[[[101.36518865239522,3.4494578571223844],[101.36518865239522,3.4498504811111217],[101.36570686078576,3.4498504811111217],[101.36570686078576,3.4494578571223844],[101.36518865239522,3.4494578571223844]]],[[[101.36518865239522,3.451813603423163],[101.36570686078576,3.451813603423163],[101.36570686078576,3.4514209786449137],[101.36518865239522,3.4514209786449137],[101.36518865239522,3.451813603423163]]],[[[101.35534269297457,3.4628071614109612],[101.3558609013651,3.4628071614109612],[101.3558609013651,3.4624145322030593],[101.35534269297457,3.4624145322030593],[101.35534269297457,3.4628071614109612]]],[[[101.35119702585007,3.463592420302176],[101.35119702585007,3.463985049985527],[101.35171523424063,3.463985049985527],[101.35171523424063,3.463592420302176],[101.35119702585007,3.463592420302176]]],[[[101.35378806780287,3.4651629399867674],[101.35430627619344,3.4651629399867674],[101.35430627619344,3.4647703098278044],[101.35378806780287,3.4647703098278044],[101.35378806780287,3.4651629399867674]]],[[[101.35637910975568,3.4651629399867674],[101.35689731814624,3.4651629399867674],[101.35689731814624,3.4647703098278044],[101.35637910975568,3.4647703098278044],[101.35637910975568,3.4651629399867674]]],[[[101.35430627619344,3.4651629399867674],[101.35430627619344,3.4655555703043044],[101.354824484584,3.4655555703043044],[101.354824484584,3.4651629399867674],[101.35430627619344,3.4651629399867674]]],[[[101.354824484584,3.467126093160552],[101.354824484584,3.4675187242712298],[101.35534269297457,3.4675187242712298],[101.35534269297457,3.467126093160552],[101.35637910975568,3.4675187242712298],[101.35637910975568,3.466733462208539],[101.354824484584,3.466733462208539],[101.35430627619344,3.465948200780433],[101.35378806780287,3.465948200780433],[101.35326985941231,3.466733462208539],[101.34912419228783,3.466733462208539],[101.34912419228783,3.4675187242712298],[101.35016060906896,3.4675187242712298],[101.35016060906896,3.467126093160552],[101.35067881745952,3.467126093160552],[101.35067881745952,3.4675187242712298],[101.35171523424063,3.4675187242712298],[101.35171523424063,3.467126093160552],[101.354824484584,3.467126093160552]]],[[[101.35897015170848,3.471445044108546],[101.35948836009905,3.471445044108546],[101.35948836009905,3.471052411410225],[101.35897015170848,3.471052411410225],[101.35897015170848,3.471445044108546]]],[[[101.36000656848961,3.471445044108546],[101.35897015170848,3.4718376769657295],[101.35897015170848,3.472622943156764],[101.36000656848961,3.472622943156764],[101.36000656848961,3.471445044108546]]],[[[101.38695340479876,3.473015576490649],[101.38747161318932,3.473015576490649],[101.38747161318932,3.472622943156764],[101.38695340479876,3.472622943156764],[101.38695340479876,3.473015576490649]]],[[[101.38747161318932,3.473015576490649],[101.38747161318932,3.4734082099834716],[101.38798982157986,3.4734082099834716],[101.38798982157986,3.473015576490649],[101.38747161318932,3.473015576490649]]],[[[101.38747161318932,3.4812609132445544],[101.38747161318932,3.4816535500792387],[101.38798982157986,3.4816535500792387],[101.38798982157986,3.4812609132445544],[101.38747161318932,3.4812609132445544]]],[[[101.37037073630083,3.4847946504943184],[101.37037073630083,3.485187288763678],[101.37088894469137,3.485187288763678],[101.37088894469137,3.4847946504943184],[101.37037073630083,3.4847946504943184]]],[[[101.3745164034253,3.486365204528823],[101.37503461181588,3.486365204528823],[101.37503461181588,3.4859725657809117],[101.3745164034253,3.4859725657809117],[101.3745164034253,3.486365204528823]]],[[[101.37296177825363,3.486757843436288],[101.37347998664417,3.486757843436288],[101.37347998664417,3.486365204528823],[101.37296177825363,3.486365204528823],[101.37296177825363,3.486757843436288]]],[[[101.38591698801763,3.4887210403675497],[101.38591698801763,3.4891136802327174],[101.3864351964082,3.4891136802327174],[101.3864351964082,3.4887210403675497],[101.38591698801763,3.4887210403675497]]],[[[101.38280773767427,3.491076881954126],[101.38280773767427,3.491469522777649],[101.38384415445539,3.4918621637609615],[101.38384415445539,3.491076881954126],[101.38332594606483,3.491076881954126],[101.38332594606483,3.490684241290374],[101.38228952928372,3.490684241290374],[101.38228952928372,3.491076881954126],[101.38280773767427,3.491076881954126]]],[[[101.38747161318932,3.4922548049040825],[101.38747161318932,3.492647446207028],[101.38798982157986,3.492647446207028],[101.38798982157986,3.4922548049040825],[101.38747161318932,3.4922548049040825]]],[[[101.38384415445539,3.542514197088875],[101.38384415445539,3.5421215353405224],[101.38332594606483,3.5421215353405224],[101.38332594606483,3.542514197088875],[101.38384415445539,3.542514197088875]]],[[[101.38384415445539,3.542514197088875],[101.38384415445539,3.542906858999378],[101.38436236284596,3.542906858999378],[101.38436236284596,3.542514197088875],[101.38384415445539,3.542514197088875]]],[[[101.38436236284596,3.542906858999378],[101.38436236284596,3.5432995210720475],[101.38488057123652,3.5432995210720475],[101.38488057123652,3.542906858999378],[101.38436236284596,3.542906858999378]]],[[[101.43203753477754,3.4471021165041362],[101.43307395155865,3.4471021165041362],[101.43307395155865,3.446319132422683],[101.43203753477754,3.4463168708934937],[101.43203753477754,3.4471021165041362]]],[[[101.4284100760436,3.4537767296841295],[101.42789186765305,3.4537767296841295],[101.4284100760436,3.452991478705727],[101.42892828443416,3.452991478705727],[101.42944649282474,3.4537767296841295],[101.43048290960586,3.453384104115913],[101.43048290960586,3.45220622835937],[101.4310011179964,3.45220622835937],[101.4310011179964,3.451813603423163],[101.43048290960586,3.451813603423163],[101.43048290960586,3.450243105257725],[101.4310011179964,3.450243105257725],[101.4310011179964,3.4498504811111217],[101.43203753477754,3.4498504811111217],[101.43203753477754,3.4494578571223844],[101.43048290960586,3.4494578571223844],[101.43048290960586,3.4498504811111217],[101.42892828443416,3.4506357295622125],[101.42810295883568,3.451813603423163],[101.4284100760436,3.45220622835937],[101.42789186765305,3.45220622835937],[101.42593817283495,3.4553472335376503],[101.42633724248137,3.4553472335376503],[101.42633724248137,3.454954607337135],[101.4273736592625,3.454954607337135],[101.4273736592625,3.4553472335376503],[101.42789186765305,3.4553472335376503],[101.42789186765305,3.454954607337135],[101.4284100760436,3.454954607337135],[101.4284100760436,3.4537767296841295]]],[[[101.43825603546425,3.453384104115913],[101.43825603546425,3.4537767296841295],[101.43877424385482,3.4537767296841295],[101.43877424385482,3.453384104115913],[101.43825603546425,3.453384104115913]]],[[[101.44084707741706,3.4545619812947224],[101.4418834941982,3.4545619812947224],[101.4418834941982,3.454169355410392],[101.44084707741706,3.454169355410392],[101.44084707741706,3.4545619812947224]]],[[[101.43151932638698,3.4557398598962856],[101.43203753477754,3.4557398598962856],[101.43203753477754,3.4553472335376503],[101.43151932638698,3.4553472335376503],[101.43151932638698,3.4557398598962856]]],[[[101.42426440891913,3.455570425558683],[101.42530082570025,3.4565251130879893],[101.42633724248137,3.4565251130879893],[101.42633724248137,3.4557398598962856],[101.42426440891913,3.455570425558683]]],[[[101.43255574316811,3.4565251130879893],[101.43255574316811,3.45613248641306],[101.43307395155865,3.45613248641306],[101.43307395155865,3.4557398598962856],[101.43203753477754,3.4557398598962856],[101.43203753477754,3.4565251130879893],[101.43255574316811,3.4565251130879893]]],[[[101.42633724248137,3.4565251130879893],[101.42633724248137,3.456917739921095],[101.42685545087193,3.456917739921095],[101.42685545087193,3.4565251130879893],[101.42633724248137,3.4565251130879893]]],[[[101.43255574316811,3.456917739921095],[101.43307395155865,3.456917739921095],[101.43307395155865,3.4565251130879893],[101.43255574316811,3.4565251130879893],[101.43255574316811,3.456917739921095]]],[[[101.4310011179964,3.458095621369639],[101.43203753477754,3.458488248835624],[101.43255574316811,3.4577029940619006],[101.43151932638698,3.4577029940619006],[101.43151932638698,3.457310366912393],[101.4310011179964,3.457310366912393],[101.4310011179964,3.458095621369639]]],[[[101.44084707741706,3.459666132183243],[101.44084707741706,3.460058760282397],[101.44136528580762,3.460058760282397],[101.44136528580762,3.459666132183243],[101.44084707741706,3.459666132183243]]],[[[101.44084707741706,3.467126093160552],[101.44136528580762,3.467126093160552],[101.44136528580762,3.466733462208539],[101.44084707741706,3.466733462208539],[101.44084707741706,3.467126093160552]]],[[[101.44240170258875,3.469089250300949],[101.4429199109793,3.469089250300949],[101.4429199109793,3.468696618555431],[101.44240170258875,3.468696618555431],[101.44240170258875,3.469089250300949]]],[[[101.4429199109793,3.470267146490104],[101.4429199109793,3.47065977887075],[101.44395632776043,3.47065977887075],[101.44409914342427,3.471052411410225],[101.44395632776043,3.469481882205221],[101.44343811936986,3.469481882205221],[101.44343811936986,3.470267146490104],[101.4429199109793,3.470267146490104]]],[[[101.43255574316811,3.472230309981797],[101.43307395155865,3.472230309981797],[101.43307395155865,3.4718376769657295],[101.43255574316811,3.4718376769657295],[101.43255574316811,3.472230309981797]]],[[[101.44395632776043,3.4718376769657295],[101.4441136619017,3.472230309981797],[101.4441088224092,3.4718376769657295],[101.44395632776043,3.4718376769657295]]],[[[101.4351467851209,3.472230309981797],[101.4351467851209,3.472622943156764],[101.43566499351145,3.472622943156764],[101.43566499351145,3.472230309981797],[101.4351467851209,3.472230309981797]]],[[[101.43618320190201,3.472230309981797],[101.43618320190201,3.472622943156764],[101.43670141029259,3.472622943156764],[101.43670141029259,3.472230309981797],[101.43618320190201,3.472230309981797]]],[[[101.41441844949847,3.472622943156764],[101.41441844949847,3.473015576490649],[101.41493665788904,3.473015576490649],[101.41493665788904,3.472622943156764],[101.41441844949847,3.472622943156764]]],[[[101.43670141029259,3.473015576490649],[101.4377378270737,3.473015576490649],[101.4377378270737,3.472622943156764],[101.43670141029259,3.472622943156764],[101.43670141029259,3.473015576490649]]],[[[101.43825603546425,3.473015576490649],[101.43877424385482,3.473015576490649],[101.43877424385482,3.472622943156764],[101.43825603546425,3.472622943156764],[101.43825603546425,3.473015576490649]]],[[[101.40301786490613,3.473015576490649],[101.40301786490613,3.4734082099834716],[101.4035360732967,3.4734082099834716],[101.4035360732967,3.473015576490649],[101.40301786490613,3.473015576490649]]],[[[101.43307395155865,3.4765492836499465],[101.43359215994921,3.4765492836499465],[101.43359215994921,3.4753713798322674],[101.43307395155865,3.4753713798322674],[101.43307395155865,3.4765492836499465]]],[[[101.39058086353268,3.4781198243010016],[101.38954444675157,3.4781198243010016],[101.38954444675157,3.4785124598616517],[101.39058086353268,3.4789050955814917],[101.39058086353268,3.4781198243010016]]],[[[101.40198144812501,3.4781198243010016],[101.40198144812501,3.4789050955814917],[101.40249965651557,3.4789050955814917],[101.40249965651557,3.4781198243010016],[101.40198144812501,3.4781198243010016]]],[[[101.38850802997044,3.5287711322457094],[101.389026238361,3.5287711322457094],[101.389026238361,3.5283784761611434],[101.38850802997044,3.5283784761611434],[101.38850802997044,3.5287711322457094]]],[[[101.39213548870437,3.531519729361076],[101.39265369709493,3.531519729361076],[101.39265369709493,3.5311270721455323],[101.39213548870437,3.5311270721455323],[101.39213548870437,3.531519729361076]]]]},"properties":{"place_id":"e3801280-5a64-545d-a730-ee8569bfa0e9","habitat":"forest_interior","habitat_label":"Forest interior","resolution_m":50}},{"type":"Feature","geometry":{"type":"MultiPolygon","coordinates":[[[[101.28745739381112,3.4272221394474576],[101.28590276863943,3.4272556751407626],[101.28447004064336,3.4282563956590963],[101.28486635185831,3.4298268585640805],[101.28693918542055,3.4290416267977784],[101.28693918542055,3.4278637803250667],[101.28745739381112,3.4278637803250667],[101.28745739381112,3.4272221394474576]]],[[[101.28745739381112,3.4317899407266217],[101.28693918542055,3.4317899407266217],[101.28693918542055,3.432182557630153],[101.28797560220168,3.4325751746907343],[101.28849381059224,3.4317899407266217],[101.28797560220168,3.4317899407266217],[101.28797560220168,3.4313973239801223],[101.28745739381112,3.4313973239801223],[101.28745739381112,3.4317899407266217]]],[[[101.27864785117157,3.436893972727613],[101.27620671607134,3.436893972727613],[101.2762105,3.4377183962068645],[101.2770932259999,3.438071830039276],[101.2770932259999,3.4376792107780916],[101.27812964278104,3.4376792107780916],[101.27812964278104,3.43728659167421],[101.27864785117157,3.43728659167421],[101.27864785117157,3.436893972727613]]],[[[101.27916605956214,3.43728659167421],[101.2796842679527,3.43728659167421],[101.28020247634328,3.438071830039276],[101.28175710151494,3.438071830039276],[101.28175710151494,3.4376792107780916],[101.28227530990551,3.4376792107780916],[101.28227530990551,3.436893972727613],[101.28175710151494,3.4366225467982137],[101.27916605956214,3.4367272739517163],[101.27916605956214,3.43728659167421]]],[[[101.25481026520579,3.4574525468012585],[101.25532847359636,3.4577029940619006],[101.25636489037747,3.456534479203483],[101.25481026520579,3.4574525468012585]]],[[[101.25170101486242,3.459666132183243],[101.252219223253,3.459666132183243],[101.25377384842467,3.458095621369639],[101.24962818130018,3.4609441172264686],[101.24962818130018,3.461236645529963],[101.25014638969076,3.461236645529963],[101.25170101486242,3.459666132183243]]],[[[101.24910997290962,3.4616292742625783],[101.24910997290962,3.461300955494948],[101.24863318133399,3.4616292742625783],[101.24910997290962,3.4616292742625783]]],[[[101.24340968061347,3.465948200780433],[101.24340968061347,3.4655555703043044],[101.24392788900403,3.4655555703043044],[101.24392788900403,3.4651629399867674],[101.24444609739457,3.4651629399867674],[101.24444609739457,3.4647703098278044],[101.24496430578515,3.4647703098278044],[101.24496430578515,3.4643776798273973],[101.2454825141757,3.4643776798273973],[101.2454825141757,3.463985049985527],[101.24600072256627,3.463985049985527],[101.24600072256627,3.463592420302176],[101.24651893095682,3.463592420302176],[101.24651893095682,3.4631997907773275],[101.24703713934738,3.4631997907773275],[101.24703713934738,3.4628071614109612],[101.24755534773794,3.4628071614109612],[101.24859176451908,3.461657793894261],[101.24261578363554,3.465948200780433],[101.24340968061347,3.465948200780433]]],[[[101.24237326383233,3.4663408314151716],[101.24237326383233,3.466123856680646],[101.24207369712705,3.4663408314151716],[101.24237326383233,3.4663408314151716]]],[[[101.2403004302701,3.468303986968651],[101.2403004302701,3.46791135554059],[101.24185505544177,3.467126093160552],[101.24185505544177,3.4664991925746382],[101.23936326458474,3.468303986968651],[101.2403004302701,3.468303986968651]]],[[[101.23874580509842,3.469481882205221],[101.23874580509842,3.469089250300949],[101.23926401348898,3.469089250300949],[101.23926401348898,3.468375874219433],[101.23773700505932,3.469481882205221],[101.23874580509842,3.469481882205221]]],[[[101.2377093883173,3.4695018849467485],[101.23719491855083,3.4698745142682674],[101.2377093883173,3.4698745142682674],[101.2377093883173,3.4695018849467485]]],[[[101.22993626245888,3.4792977314605418],[101.23045447084944,3.4785124598616517],[101.22993626245888,3.4785124598616517],[101.22993626245888,3.4781198243010016],[101.22889984567776,3.4781198243010016],[101.22786342889664,3.4769419185740147],[101.2283816372872,3.4769419185740147],[101.2283816372872,3.4765492836499465],[101.22889984567776,3.4765492836499465],[101.22889984567776,3.476156648884978],[101.22941805406832,3.476156648884978],[101.22941805406832,3.4757640142790907],[101.22993626245888,3.4757640142790907],[101.22993626245888,3.4753713798322674],[101.23045447084944,3.4753713798322674],[101.23045447084944,3.4749787455444907],[101.23097267924001,3.4749787455444907],[101.23097267924001,3.47458611141574],[101.23149088763056,3.47458611141574],[101.23149088763056,3.474193477445999],[101.23200909602113,3.474193477445999],[101.23200909602113,3.4738008436352494],[101.23252730441169,3.4738008436352494],[101.23252730441169,3.4734082099834716],[101.23304551280225,3.4734082099834716],[101.23304551280225,3.473015576490649],[101.23356372119281,3.473015576490649],[101.23356372119281,3.472622943156764],[101.23408192958337,3.472622943156764],[101.23408192958337,3.472230309981797],[101.23460013797393,3.472230309981797],[101.23460013797393,3.4718376769657295],[101.23511834636449,3.4718376769657295],[101.23511834636449,3.471445044108546],[101.23563655475505,3.471445044108546],[101.23563655475505,3.471052411410225],[101.23615476314562,3.471052411410225],[101.23719117992673,3.469877222146023],[101.2268678369888,3.477334553657202],[101.22734522050608,3.477334553657202],[101.22734522050608,3.4777271888995247],[101.22682701211552,3.4777271888995247],[101.22682701211552,3.4781198243010016],[101.22734522050608,3.4781198243010016],[101.22786342889664,3.4789050955814917],[101.22941805406832,3.4789050955814917],[101.22941805406832,3.4792977314605418],[101.22993626245888,3.4792977314605418]]],[[[101.22682701211552,3.4773639756801846],[101.22632303145245,3.4777271888995247],[101.22682701211552,3.4777271888995247],[101.22682701211552,3.4773639756801846]]],[[[101.22630880372496,3.4781198243010016],[101.22630880372496,3.4777374426653465],[101.2257944012204,3.4781198243010016],[101.22630880372496,3.4781198243010016]]],[[[101.23719117992673,3.4777271888995247],[101.23822759670786,3.4777271888995247],[101.23978222187954,3.4792977314605418],[101.24081863866066,3.4792977314605418],[101.24081863866066,3.4789050955814917],[101.24133684705122,3.4789050955814917],[101.24133684705122,3.4785124598616517],[101.24081863866066,3.4785124598616517],[101.24081863866066,3.4781198243010016],[101.23978222187954,3.4781198243010016],[101.23874580509842,3.4769419185740147],[101.23822759670786,3.4769419185740147],[101.23822759670786,3.477334553657202],[101.23719117992673,3.477334553657202],[101.23719117992673,3.4769419185740147],[101.23667297153618,3.4769419185740147],[101.23667297153618,3.477334553657202],[101.23563655475505,3.477334553657202],[101.23511834636449,3.4781198243010016],[101.23304551280225,3.4781198243010016],[101.23252730441169,3.4789050955814917],[101.23304551280225,3.4789050955814917],[101.23304551280225,3.4792977314605418],[101.23460013797393,3.4792977314605418],[101.23460013797393,3.4789050955814917],[101.23563655475505,3.4789050955814917],[101.23563655475505,3.4785124598616517],[101.23615476314562,3.4785124598616517],[101.23615476314562,3.4781198243010016],[101.23719117992673,3.4781198243010016],[101.23719117992673,3.4777271888995247]]],[[[101.2257905953344,3.4785124598616517],[101.2257905953344,3.47812285120147],[101.2253007193515,3.4785124598616517],[101.2257905953344,3.4785124598616517]]],[[[101.23097267924001,3.4789050955814917],[101.23045447084944,3.4789050955814917],[101.23097267924001,3.479690367498818],[101.23200909602113,3.479690367498818],[101.23200909602113,3.4792977314605418],[101.23252730441169,3.4792977314605418],[101.23200909602113,3.4785124598616517],[101.23097267924001,3.4785124598616517],[101.23097267924001,3.4789050955814917]]],[[[101.22371776177216,3.4800830036963384],[101.22371776177216,3.4798054459437737],[101.22339280421417,3.4800830036963384],[101.22371776177216,3.4800830036963384]]],[[[101.22319955338159,3.4802480661105384],[101.22293311571212,3.480475640053123],[101.22319955338159,3.480475640053123],[101.22319955338159,3.4802480661105384]]],[[[101.22268134499103,3.4808682765691894],[101.22268134499103,3.4806906864797065],[101.22247342721008,3.4808682765691894],[101.22268134499103,3.4808682765691894]]],[[[101.22216313660047,3.4811333070513046],[101.22201373870801,3.4812609132445544],[101.22216313660047,3.4812609132445544],[101.22216313660047,3.4811333070513046]]],[[[101.22164492820991,3.4816535500792387],[101.22164492820991,3.4815759278253577],[101.22155405020598,3.4816535500792387],[101.22164492820991,3.4816535500792387]]],[[[101.25273743164355,3.4859725657809117],[101.252219223253,3.4859725657809117],[101.252219223253,3.485187288763678],[101.25170101486242,3.485187288763678],[101.25170101486242,3.4844020123844412],[101.25118280647189,3.4844020123844412],[101.25118280647189,3.4832240990115118],[101.25014638969076,3.4828314615393756],[101.25014638969076,3.4832240990115118],[101.24962818130018,3.4832240990115118],[101.24962818130018,3.484009374434026],[101.25014638969076,3.484009374434026],[101.25014638969076,3.4847946504943184],[101.25066459808131,3.4847946504943184],[101.25066459808131,3.4855799271925365],[101.25118280647189,3.4855799271925365],[101.25118280647189,3.486757843436288],[101.25170101486242,3.486757843436288],[101.25118280647189,3.488328400662045],[101.25170101486242,3.488328400662045],[101.25170101486242,3.4887210403675497],[101.25273743164355,3.488328400662045],[101.25273743164355,3.48754312172995],[101.252219223253,3.48754312172995],[101.25273743164355,3.4859725657809117]]],[[[101.25118280647189,3.489898960442112],[101.25066459808131,3.489898960442112],[101.25066459808131,3.491469522777649],[101.25170101486242,3.4918621637609615],[101.25170101486242,3.491469522777649],[101.252219223253,3.491469522777649],[101.252219223253,3.489898960442112],[101.25170101486242,3.489898960442112],[101.25170101486242,3.4895063202575645],[101.25118280647189,3.4895063202575645],[101.25118280647189,3.489898960442112]]],[[[101.25947414072084,3.4946106551197818],[101.25895593233027,3.4946106551197818],[101.25895593233027,3.4950032973820635],[101.2599923491114,3.495395939804298],[101.26051055750197,3.4946106551197818],[101.2599923491114,3.4946106551197818],[101.2599923491114,3.494218013017434],[101.25947414072084,3.494218013017434],[101.25947414072084,3.4946106551197818]]],[[[101.26051055750197,3.4961812251287],[101.2599923491114,3.4961812251287],[101.2599923491114,3.496573868030902],[101.26102876589253,3.49696651109313],[101.26154697428308,3.4961812251287],[101.26102876589253,3.4961812251287],[101.26102876589253,3.495788582386505],[101.26051055750197,3.495788582386505],[101.26051055750197,3.4961812251287]]],[[[101.1796700485745,3.513457664450041],[101.18018825696507,3.513457664450041],[101.18018825696507,3.513065014650356],[101.18070646535563,3.513065014650356],[101.18070646535563,3.512672365011458],[101.1812246737462,3.512672365011458],[101.1812246737462,3.5122797155333303],[101.18174288213673,3.5122797155333303],[101.18174288213673,3.5118870662159534],[101.1822610905273,3.5118870662159534],[101.1822610905273,3.51149441705931],[101.18277929891786,3.51149441705931],[101.18277929891786,3.5111017680633827],[101.18329750730844,3.5111017680633827],[101.18329750730844,3.5107091192281508],[101.183815715699,3.5107091192281508],[101.183815715699,3.5103164705535983],[101.18433392408954,3.5103164705535983],[101.18588854926124,3.508745877461816],[101.18692496604234,3.508745877461816],[101.18692496604234,3.508353229590385],[101.18744317443291,3.508353229590385],[101.18744317443291,3.5075679343292148],[101.18847959121405,3.5075679343292148],[101.18847959121405,3.50717528693944],[101.18899779960459,3.50717528693944],[101.18899779960459,3.506389992641418],[101.19003421638571,3.506389992641418],[101.19003421638571,3.5059973457331344],[101.19055242477629,3.5059973457331344],[101.19055242477629,3.5056046989853122],[101.19107063316685,3.5056046989853122],[101.19107063316685,3.505212052397934],[101.1915888415574,3.505212052397934],[101.1915888415574,3.5048194059709785],[101.19210704994795,3.5048194059709785],[101.19210704994795,3.5044267597044305],[101.19262525833852,3.5044267597044305],[101.19262525833852,3.504034113598272],[101.19314346672908,3.504034113598272],[101.19314346672908,3.503641467652482],[101.19366167511964,3.503641467652482],[101.19366167511964,3.5032488218670457],[101.19417988351019,3.5032488218670457],[101.19417988351019,3.502856176241942],[101.19469809190076,3.502856176241942],[101.19469809190076,3.5024635307771548],[101.19521630029132,3.5024635307771548],[101.19521630029132,3.502070885472665],[101.1957345086819,3.502070885472665],[101.1957345086819,3.501678240328455],[101.19625271707244,3.501678240328455],[101.19625271707244,3.5012855953445063],[101.196770925463,3.5012855953445063],[101.196770925463,3.5008929505208006],[101.19728913385356,3.5008929505208006],[101.19728913385356,3.5005003058573205],[101.19780734224413,3.5005003058573205],[101.19780734224413,3.5001076613540465],[101.19832555063469,3.5001076613540465],[101.19832555063469,3.4997150170109625],[101.19884375902525,3.4997150170109625],[101.19884375902525,3.499322372828048],[101.1993619674158,3.499322372828048],[101.1993619674158,3.4989297288052863],[101.19988017580637,3.4989297288052863],[101.19988017580637,3.498537084942659],[101.20039838419693,3.498537084942659],[101.20039838419693,3.4981444412401483],[101.20091659258749,3.4981444412401483],[101.20091659258749,3.4977517976977346],[101.20143480097805,3.4977517976977346],[101.20143480097805,3.4973591543154017],[101.20195300936861,3.4973591543154017],[101.20195300936861,3.49696651109313],[101.20247121775917,3.49696651109313],[101.20247121775917,3.496573868030902],[101.20298942614974,3.496573868030902],[101.20298942614974,3.4961812251287],[101.20350763454029,3.4961812251287],[101.20350763454029,3.495788582386505],[101.20402584293086,3.495788582386505],[101.20402584293086,3.495395939804298],[101.2045440513214,3.495395939804298],[101.2045440513214,3.4950032973820635],[101.20506225971198,3.4950032973820635],[101.20506225971198,3.4946106551197818],[101.20558046810254,3.4946106551197818],[101.20558046810254,3.494218013017434],[101.2060986764931,3.494218013017434],[101.2060986764931,3.493825371075003],[101.20661688488364,3.493825371075003],[101.20661688488364,3.4934327292924703],[101.20713509327422,3.4934327292924703],[101.20713509327422,3.4930400876698178],[101.20765330166478,3.4930400876698178],[101.20765330166478,3.492647446207028],[101.20817151005534,3.492647446207028],[101.20817151005534,3.4922548049040825],[101.2086897184459,3.4922548049040825],[101.2086897184459,3.4918621637609615],[101.20920792683646,3.4918621637609615],[101.20920792683646,3.491469522777649],[101.20972613522702,3.491469522777649],[101.20972613522702,3.491076881954126],[101.21024434361759,3.491076881954126],[101.21024434361759,3.490684241290374],[101.21076255200813,3.490684241290374],[101.21076255200813,3.4902916007863753],[101.21128076039871,3.4902916007863753],[101.21128076039871,3.489898960442112],[101.21179896878925,3.489898960442112],[101.21179896878925,3.4895063202575645],[101.21231717717983,3.4895063202575645],[101.21231717717983,3.4891136802327174],[101.21283538557039,3.4891136802327174],[101.21283538557039,3.4887210403675497],[101.21335359396095,3.4887210403675497],[101.21335359396095,3.488328400662045],[101.2138718023515,3.488328400662045],[101.2138718023515,3.4879357611161845],[101.21439001074206,3.4879357611161845],[101.21439001074206,3.48754312172995],[101.21490821913262,3.48754312172995],[101.21490821913262,3.487150482503324],[101.21542642752318,3.487150482503324],[101.21542642752318,3.486757843436288],[101.21594463591374,3.486757843436288],[101.21594463591374,3.486365204528823],[101.2164628443043,3.486365204528823],[101.2164628443043,3.4859725657809117],[101.21698105269486,3.4859725657809117],[101.21698105269486,3.4855799271925365],[101.21749926108544,3.4855799271925365],[101.21749926108544,3.485187288763678],[101.21801746947598,3.485187288763678],[101.21801746947598,3.4847946504943184],[101.21853567786656,3.4847946504943184],[101.21853567786656,3.4844020123844412],[101.2190538862571,3.4844020123844412],[101.2206085114288,3.4828314615393756],[101.22164492820991,3.4828314615393756],[101.22164492820991,3.4824388242266306],[101.22216313660047,3.4824388242266306],[101.22216313660047,3.482046187073258],[101.22268134499103,3.482046187073258],[101.22268134499103,3.4816535500792387],[101.22319955338159,3.4816535500792387],[101.22475417855328,3.4800830036963384],[101.2257905953344,3.4800830036963384],[101.22630880372496,3.4792977314605418],[101.2257905953344,3.4792977314605418],[101.22527238694383,3.478534993225441],[101.22385249271622,3.479690367498818],[101.22423597016271,3.4800830036963384],[101.22371776177216,3.4800830036963384],[101.22371776177216,3.480475640053123],[101.22319955338159,3.480475640053123],[101.22319955338159,3.4808682765691894],[101.22268134499103,3.4808682765691894],[101.22268134499103,3.4812609132445544],[101.22216313660047,3.4812609132445544],[101.22216313660047,3.4816535500792387],[101.22164492820991,3.4816535500792387],[101.22164492820991,3.482046187073258],[101.22112671981935,3.482018548801893],[101.2189036,3.483645096157566],[101.17759721501226,3.5150282652570226],[101.17811542340283,3.5150282652570226],[101.1796700485745,3.513457664450041]]],[[[101.26724726657925,3.5044267597044305],[101.26672905818869,3.5044267597044305],[101.26672905818869,3.5048194059709785],[101.26776547496982,3.505212052397934],[101.26828368336038,3.5044267597044305],[101.26776547496982,3.5044267597044305],[101.26776547496982,3.504034113598272],[101.26724726657925,3.504034113598272],[101.26724726657925,3.5044267597044305]]],[[[101.27812964278104,3.5111017680633827],[101.27761143439047,3.5111017680633827],[101.27761143439047,3.51149441705931],[101.27864785117157,3.5118870662159534],[101.27916605956214,3.5111017680633827],[101.27864785117157,3.5111017680633827],[101.27864785117157,3.5107091192281508],[101.27812964278104,3.5107091192281508],[101.27812964278104,3.5111017680633827]]],[[[101.28331172668663,3.512672365011458],[101.28279351829607,3.512672365011458],[101.28279351829607,3.513065014650356],[101.28382993507718,3.513457664450041],[101.28434814346775,3.512672365011458],[101.28382993507718,3.512672365011458],[101.28382993507718,3.5122797155333303],[101.28331172668663,3.5122797155333303],[101.28331172668663,3.512672365011458]]],[[[101.1651602136388,3.524844578665177],[101.16567842202937,3.524844578665177],[101.16567842202937,3.5240592698856394],[101.16671483881049,3.5240592698856394],[101.16671483881049,3.523666615737823],[101.16723304720104,3.523666615737823],[101.16723304720104,3.522881307926007],[101.16775125559161,3.522881307926007],[101.16775125559161,3.52248865426197],[101.16878767237274,3.52248865426197],[101.16878767237274,3.522096000759156],[101.16930588076328,3.522096000759156],[101.16930588076328,3.521310694237128],[101.16982408915385,3.521310694237128],[101.17086050593498,3.520132735662806],[101.17189692271609,3.520132735662806],[101.17189692271609,3.519740083126951],[101.17396975627835,3.518562126485894],[101.17396975627835,3.5177768228637625],[101.17448796466888,3.5177768228637625],[101.17448796466888,3.5173841712942133],[101.17500617305946,3.5173841712942133],[101.17500617305946,3.516991519885653],[101.17552438145002,3.516991519885653],[101.17552438145002,3.516598868638061],[101.17604258984059,3.516598868638061],[101.17759721501226,3.5150282652570226],[101.16610259999999,3.5234442961148607],[101.163094,3.5265598961115456],[101.16346322459141,3.5268078534376546],[101.1641237968577,3.526022543044521],[101.16464200524824,3.526022543044521],[101.16464200524824,3.5252372332969353],[101.1651602136388,3.5252372332969353],[101.1651602136388,3.524844578665177]]],[[[101.28849381059224,3.521310694237128],[101.28797560220168,3.521310694237128],[101.28797560220168,3.521703347417549],[101.28901201898279,3.522096000759156],[101.28953022737336,3.521310694237128],[101.28901201898279,3.521310694237128],[101.28901201898279,3.5209180412178753],[101.28849381059224,3.5209180412178753],[101.28849381059224,3.521310694237128]]],[[[101.299376186794,3.4274711651478884],[101.29989439518458,3.4274711651478884],[101.30041260357513,3.4269426753810723],[101.29885797840345,3.4269762110648436],[101.299376186794,3.427078550127542],[101.299376186794,3.4274711651478884]]],[[[101.37762565376867,3.4320381140652176],[101.3778007473195,3.432182557630153],[101.3778207,3.4320422962129356],[101.37762565376867,3.4320381140652176]]],[[[101.36467044400466,3.4412127897938762],[101.36415223561409,3.4412127897938762],[101.36415223561409,3.4416054104716123],[101.36518865239522,3.4419980313068343],[101.36570686078576,3.4412127897938762],[101.36518865239522,3.4412127897938762],[101.36518865239522,3.4408201692736062],[101.36467044400466,3.4408201692736062],[101.36467044400466,3.4412127897938762]]],[[[101.37037073630083,3.4416054104716123],[101.36985252791027,3.4416054104716123],[101.36985252791027,3.4419980313068343],[101.37088894469137,3.4423906522995606],[101.37140715308193,3.4416054104716123],[101.37088894469137,3.4416054104716123],[101.37088894469137,3.4412127897938762],[101.37037073630083,3.4412127897938762],[101.37037073630083,3.4416054104716123]]],[[[101.36311581883295,3.4431758947575934],[101.36363402722353,3.4431758947575934],[101.36363402722353,3.4427832734498063],[101.36311581883295,3.4427832734498063],[101.36311581883295,3.4419980313068343],[101.36259761044242,3.4419980313068343],[101.36259761044242,3.4416054104716123],[101.36156119366129,3.4416054104716123],[101.36156119366129,3.4419980313068343],[101.36104298527071,3.4419980313068343],[101.36104298527071,3.4427832734498063],[101.36052477688018,3.4427832734498063],[101.36052477688018,3.4435685162229386],[101.36104298527071,3.4435685162229386],[101.36104298527071,3.443961137845859],[101.36156119366129,3.443961137845859],[101.36207940205185,3.4431758947575934],[101.36259761044242,3.4431758947575934],[101.36259761044242,3.4435685162229386],[101.36311581883295,3.4435685162229386],[101.36311581883295,3.4431758947575934]]],[[[101.37088894469137,3.4427832734498063],[101.37037073630083,3.4427832734498063],[101.37037073630083,3.4423906522995606],[101.3693343195197,3.4427832734498063],[101.3693343195197,3.4435685162229386],[101.36881611112914,3.4435685162229386],[101.36881611112914,3.444353759626374],[101.3693343195197,3.444353759626374],[101.3693343195197,3.4447463815645003],[101.37037073630083,3.4447463815645003],[101.37037073630083,3.444353759626374],[101.37088894469137,3.444353759626374],[101.37088894469137,3.443961137845859],[101.37037073630083,3.443961137845859],[101.37037073630083,3.4435685162229386],[101.37088894469137,3.4435685162229386],[101.37088894469137,3.4427832734498063]]],[[[101.36207940205185,3.443961137845859],[101.36156119366129,3.443961137845859],[101.36156119366129,3.444353759626374],[101.36259761044242,3.4447463815645003],[101.36311581883295,3.443961137845859],[101.36259761044242,3.443961137845859],[101.36259761044242,3.4435685162229386],[101.36207940205185,3.4435685162229386],[101.36207940205185,3.443961137845859]]],[[[101.36518865239522,3.444353759626374],[101.36467044400466,3.444353759626374],[101.36467044400466,3.4447463815645003],[101.36570686078576,3.445139003660258],[101.36622506917632,3.444353759626374],[101.36570686078576,3.444353759626374],[101.36570686078576,3.443961137845859],[101.36518865239522,3.443961137845859],[101.36518865239522,3.444353759626374]]],[[[101.36104298527071,3.4447463815645003],[101.36052477688018,3.4447463815645003],[101.36052477688018,3.445139003660258],[101.36156119366129,3.4455316259136644],[101.36207940205185,3.4447463815645003],[101.36156119366129,3.4447463815645003],[101.36156119366129,3.444353759626374],[101.36104298527071,3.444353759626374],[101.36104298527071,3.4447463815645003]]],[[[101.37296177825363,3.4482799861031888],[101.37244356986307,3.4482799861031888],[101.37244356986307,3.4486726096184355],[101.37347998664417,3.449065233291495],[101.37399819503474,3.4482799861031888],[101.37347998664417,3.4482799861031888],[101.37347998664417,3.4478873627457345],[101.37296177825363,3.4478873627457345],[101.37296177825363,3.4482799861031888]]],[[[101.37088894469137,3.4498504811111217],[101.37037073630083,3.4498504811111217],[101.36985252791027,3.4506357295622125],[101.37037073630083,3.4506357295622125],[101.37037073630083,3.451028354024603],[101.37140715308193,3.451028354024603],[101.37140715308193,3.4514209786449137],[101.37244356986307,3.4514209786449137],[101.37296177825363,3.4506357295622125],[101.3745164034253,3.4506357295622125],[101.3745164034253,3.450243105257725],[101.37503461181588,3.450243105257725],[101.37503461181588,3.4494578571223844],[101.3745164034253,3.4494578571223844],[101.3745164034253,3.449065233291495],[101.37399819503474,3.449065233291495],[101.37399819503474,3.4494578571223844],[101.3719253614725,3.449065233291495],[101.3719253614725,3.4494578571223844],[101.37140715308193,3.4494578571223844],[101.3719253614725,3.450243105257725],[101.37088894469137,3.450243105257725],[101.37088894469137,3.4498504811111217]]],[[[101.37555282020641,3.450243105257725],[101.37503461181588,3.450243105257725],[101.37555282020641,3.451028354024603],[101.37658923698754,3.451028354024603],[101.37658923698754,3.4506357295622125],[101.37710744537812,3.4506357295622125],[101.37658923698754,3.4498504811111217],[101.37555282020641,3.4498504811111217],[101.37555282020641,3.450243105257725]]],[[[101.36363402722353,3.4537767296841295],[101.36311581883295,3.4537767296841295],[101.36311581883295,3.454169355410392],[101.36415223561409,3.4545619812947224],[101.36467044400466,3.4537767296841295],[101.36415223561409,3.4537767296841295],[101.36415223561409,3.453384104115913],[101.36363402722353,3.453384104115913],[101.36363402722353,3.4537767296841295]]],[[[101.37399819503474,3.454169355410392],[101.37347998664417,3.454169355410392],[101.37347998664417,3.4545619812947224],[101.3745164034253,3.454954607337135],[101.37503461181588,3.454169355410392],[101.3745164034253,3.454169355410392],[101.3745164034253,3.4537767296841295],[101.37399819503474,3.4537767296841295],[101.37399819503474,3.454169355410392]]],[[[101.35948836009905,3.454954607337135],[101.35897015170848,3.454954607337135],[101.35897015170848,3.4553472335376503],[101.36000656848961,3.4557398598962856],[101.36052477688018,3.454954607337135],[101.36000656848961,3.454954607337135],[101.36000656848961,3.4545619812947224],[101.35948836009905,3.4545619812947224],[101.35948836009905,3.454954607337135]]],[[[101.36207940205185,3.457310366912393],[101.36156119366129,3.457310366912393],[101.36156119366129,3.4577029940619006],[101.36259761044242,3.458095621369639],[101.36311581883295,3.457310366912393],[101.36259761044242,3.457310366912393],[101.36259761044242,3.456917739921095],[101.36207940205185,3.456917739921095],[101.36207940205185,3.457310366912393]]],[[[101.3558609013651,3.4620219031536044],[101.35534269297457,3.4620219031536044],[101.35534269297457,3.4624145322030593],[101.35637910975568,3.4628071614109612],[101.35689731814624,3.4620219031536044],[101.35637910975568,3.4620219031536044],[101.35637910975568,3.4616292742625783],[101.3558609013651,3.4616292742625783],[101.3558609013651,3.4620219031536044]]],[[[101.34653315033502,3.467126093160552],[101.34653315033502,3.4675187242712298],[101.34756956711615,3.4675187242712298],[101.34756956711615,3.467126093160552],[101.34860598389726,3.466733462208539],[101.34860598389726,3.4675187242712298],[101.34808777550673,3.4675187242712298],[101.34808777550673,3.468303986968651],[101.34860598389726,3.468303986968651],[101.34860598389726,3.468696618555431],[101.34756956711615,3.468696618555431],[101.3470513587256,3.46791135554059],[101.34653315033502,3.46791135554059],[101.34653315033502,3.468303986968651],[101.34549673355392,3.46791135554059],[101.34549673355392,3.468303986968651],[101.34497852516336,3.468303986968651],[101.34549673355392,3.469089250300949],[101.34446031677278,3.469089250300949],[101.34446031677278,3.468696618555431],[101.34394210838222,3.468696618555431],[101.34394210838222,3.469089250300949],[101.34342389999166,3.469089250300949],[101.34342389999166,3.469481882205221],[101.34394210838222,3.469481882205221],[101.34394210838222,3.4698745142682674],[101.34342389999166,3.4698745142682674],[101.34342389999166,3.471445044108546],[101.34394210838222,3.471445044108546],[101.34394210838222,3.4718376769657295],[101.34446031677278,3.4718376769657295],[101.34446031677278,3.471445044108546],[101.34497852516336,3.471445044108546],[101.34497852516336,3.47065977887075],[101.34549673355392,3.47065977887075],[101.34549673355392,3.471052411410225],[101.34653315033502,3.471445044108546],[101.34653315033502,3.4718376769657295],[101.34601494194446,3.4718376769657295],[101.34601494194446,3.472622943156764],[101.34653315033502,3.472622943156764],[101.34653315033502,3.473015576490649],[101.3470513587256,3.473015576490649],[101.3470513587256,3.472622943156764],[101.34808777550673,3.472622943156764],[101.34808777550673,3.473015576490649],[101.34912419228783,3.4734082099834716],[101.34912419228783,3.473015576490649],[101.34964240067839,3.473015576490649],[101.34964240067839,3.472230309981797],[101.34756956711615,3.471445044108546],[101.34756956711615,3.4698745142682674],[101.34912419228783,3.4698745142682674],[101.34912419228783,3.469481882205221],[101.3522334426312,3.4698745142682674],[101.3522334426312,3.469481882205221],[101.35326985941231,3.469481882205221],[101.35326985941231,3.470267146490104],[101.35378806780287,3.470267146490104],[101.35378806780287,3.47065977887075],[101.35430627619344,3.47065977887075],[101.35430627619344,3.470267146490104],[101.354824484584,3.470267146490104],[101.354824484584,3.47065977887075],[101.3558609013651,3.47065977887075],[101.3558609013651,3.471445044108546],[101.35637910975568,3.471445044108546],[101.35637910975568,3.472230309981797],[101.35689731814624,3.472230309981797],[101.35689731814624,3.473015576490649],[101.35741552653681,3.473015576490649],[101.35689731814624,3.4738008436352494],[101.35741552653681,3.4738008436352494],[101.35845194331792,3.4749787455444907],[101.35793373492737,3.4749787455444907],[101.35793373492737,3.4753713798322674],[101.35689731814624,3.4753713798322674],[101.35637910975568,3.47458611141574],[101.35534269297457,3.47458611141574],[101.354824484584,3.4753713798322674],[101.35534269297457,3.4753713798322674],[101.3558609013651,3.476156648884978],[101.35689731814624,3.476156648884978],[101.35689731814624,3.4757640142790907],[101.35741552653681,3.4757640142790907],[101.35741552653681,3.4765492836499465],[101.35793373492737,3.4765492836499465],[101.35793373492737,3.4769419185740147],[101.35845194331792,3.4769419185740147],[101.35845194331792,3.477334553657202],[101.35897015170848,3.477334553657202],[101.35897015170848,3.4777271888995247],[101.35948836009905,3.4777271888995247],[101.35948836009905,3.4781198243010016],[101.36156119366129,3.4792977314605418],[101.36156119366129,3.479690367498818],[101.36104298527071,3.479690367498818],[101.36104298527071,3.480475640053123],[101.36156119366129,3.480475640053123],[101.36156119366129,3.4816535500792387],[101.36259761044242,3.482046187073258],[101.36259761044242,3.4832240990115118],[101.36311581883295,3.4832240990115118],[101.36311581883295,3.483616736643056],[101.36467044400466,3.483616736643056],[101.36467044400466,3.484009374434026],[101.3667432775669,3.4844020123844412],[101.36726148595746,3.485187288763678],[101.3693343195197,3.485187288763678],[101.36881611112914,3.4859725657809117],[101.3693343195197,3.4859725657809117],[101.3693343195197,3.486365204528823],[101.36985252791027,3.486365204528823],[101.36985252791027,3.4859725657809117],[101.37088894469137,3.486365204528823],[101.37088894469137,3.487150482503324],[101.37140715308193,3.487150482503324],[101.37088894469137,3.4879357611161845],[101.37140715308193,3.4879357611161845],[101.37140715308193,3.488328400662045],[101.37244356986307,3.4879357611161845],[101.37244356986307,3.487150482503324],[101.37347998664417,3.487150482503324],[101.37347998664417,3.48754312172995],[101.3745164034253,3.48754312172995],[101.37503461181588,3.488328400662045],[101.37658923698754,3.488328400662045],[101.37658923698754,3.4887210403675497],[101.37866207054978,3.4891136802327174],[101.37969848733091,3.4902916007863753],[101.38073490411202,3.4902916007863753],[101.38073490411202,3.489898960442112],[101.38125311250259,3.489898960442112],[101.38125311250259,3.4902916007863753],[101.38177132089315,3.4902916007863753],[101.38125311250259,3.4918621637609615],[101.38177132089315,3.4918621637609615],[101.38280773767427,3.4930400876698178],[101.38332594606483,3.4930400876698178],[101.38332594606483,3.492647446207028],[101.38436236284596,3.492647446207028],[101.38436236284596,3.4930400876698178],[101.38539877962708,3.4930400876698178],[101.38539877962708,3.492647446207028],[101.38591698801763,3.492647446207028],[101.38591698801763,3.4922548049040825],[101.38488057123652,3.4918621637609615],[101.38591698801763,3.490684241290374],[101.38539877962708,3.490684241290374],[101.38539877962708,3.4902916007863753],[101.38436236284596,3.4902916007863753],[101.38436236284596,3.489898960442112],[101.38280773767427,3.489898960442112],[101.38280773767427,3.4895063202575645],[101.38228952928372,3.4895063202575645],[101.38228952928372,3.4891136802327174],[101.38436236284596,3.4891136802327174],[101.38436236284596,3.4887210403675497],[101.38539877962708,3.4887210403675497],[101.38539877962708,3.4891136802327174],[101.38591698801763,3.4891136802327174],[101.38591698801763,3.4887210403675497],[101.3864351964082,3.4887210403675497],[101.38488057123652,3.487150482503324],[101.38436236284596,3.487150482503324],[101.38384415445539,3.4879357611161845],[101.38280773767427,3.4879357611161845],[101.38228952928372,3.487150482503324],[101.38073490411202,3.487150482503324],[101.38073490411202,3.486757843436288],[101.37969848733091,3.486757843436288],[101.37969848733091,3.486365204528823],[101.37918027894035,3.486365204528823],[101.37866207054978,3.487150482503324],[101.37969848733091,3.48754312172995],[101.37969848733091,3.488328400662045],[101.37866207054978,3.488328400662045],[101.37866207054978,3.4879357611161845],[101.37814386215922,3.4879357611161845],[101.37814386215922,3.48754312172995],[101.37710744537812,3.48754312172995],[101.37658923698754,3.486757843436288],[101.37503461181588,3.486757843436288],[101.3745164034253,3.4859725657809117],[101.37347998664417,3.486365204528823],[101.37347998664417,3.4859725657809117],[101.3719253614725,3.485187288763678],[101.3719253614725,3.4847946504943184],[101.37244356986307,3.4847946504943184],[101.37244356986307,3.484009374434026],[101.3719253614725,3.484009374434026],[101.3719253614725,3.483616736643056],[101.37037073630083,3.483616736643056],[101.36985252791027,3.4828314615393756],[101.36881611112914,3.4828314615393756],[101.36881611112914,3.4832240990115118],[101.36829790273856,3.4832240990115118],[101.36777969434803,3.4824388242266306],[101.36518865239522,3.4824388242266306],[101.36518865239522,3.482046187073258],[101.36363402722353,3.4812609132445544],[101.36363402722353,3.4792977314605418],[101.36311581883295,3.4792977314605418],[101.36311581883295,3.4785124598616517],[101.36363402722353,3.4785124598616517],[101.36311581883295,3.4765492836499465],[101.36363402722353,3.4765492836499465],[101.36363402722353,3.476156648884978],[101.36311581883295,3.476156648884978],[101.36311581883295,3.4753713798322674],[101.36207940205185,3.4749787455444907],[101.36207940205185,3.4738008436352494],[101.36156119366129,3.4738008436352494],[101.36156119366129,3.472622943156764],[101.36207940205185,3.472622943156764],[101.36156119366129,3.4698745142682674],[101.36207940205185,3.4698745142682674],[101.36207940205185,3.469089250300949],[101.36311581883295,3.469089250300949],[101.36363402722353,3.468303986968651],[101.36311581883295,3.468303986968651],[101.36311581883295,3.46791135554059],[101.36207940205185,3.46791135554059],[101.36207940205185,3.4675187242712298],[101.36104298527071,3.467126093160552],[101.36104298527071,3.4675187242712298],[101.35948836009905,3.468303986968651],[101.35948836009905,3.469089250300949],[101.35897015170848,3.469089250300949],[101.35897015170848,3.469481882205221],[101.35793373492737,3.469481882205221],[101.35793373492737,3.46791135554059],[101.35689731814624,3.4675187242712298],[101.35689731814624,3.467126093160552],[101.35793373492737,3.466733462208539],[101.35793373492737,3.4663408314151716],[101.35741552653681,3.4663408314151716],[101.35741552653681,3.4655555703043044],[101.35793373492737,3.4655555703043044],[101.35793373492737,3.4651629399867674],[101.35741552653681,3.4651629399867674],[101.35637910975568,3.463985049985527],[101.35534269297457,3.463985049985527],[101.35534269297457,3.463592420302176],[101.3558609013651,3.463592420302176],[101.3558609013651,3.4628071614109612],[101.35534269297457,3.4628071614109612],[101.35534269297457,3.4624145322030593],[101.354824484584,3.4624145322030593],[101.354824484584,3.4628071614109612],[101.35378806780287,3.4624145322030593],[101.35326985941231,3.4631997907773275],[101.35378806780287,3.4631997907773275],[101.35430627619344,3.463985049985527],[101.35326985941231,3.463985049985527],[101.35326985941231,3.463592420302176],[101.3522334426312,3.463985049985527],[101.3522334426312,3.463592420302176],[101.35171523424063,3.463592420302176],[101.35171523424063,3.4631997907773275],[101.3522334426312,3.4631997907773275],[101.35171523424063,3.4624145322030593],[101.35275165102176,3.4620219031536044],[101.35275165102176,3.461236645529963],[101.3522334426312,3.461236645529963],[101.3522334426312,3.46084401695574],[101.35326985941231,3.46084401695574],[101.35326985941231,3.461236645529963],[101.35430627619344,3.461236645529963],[101.35430627619344,3.4616292742625783],[101.354824484584,3.4616292742625783],[101.354824484584,3.461236645529963],[101.35534269297457,3.461236645529963],[101.35534269297457,3.460451388539891],[101.3558609013651,3.460451388539891],[101.35637910975568,3.459666132183243],[101.35534269297457,3.459273504242407],[101.354824484584,3.460058760282397],[101.35378806780287,3.459666132183243],[101.35378806780287,3.460058760282397],[101.35275165102176,3.460451388539891],[101.35275165102176,3.459666132183243],[101.35171523424063,3.459273504242407],[101.35171523424063,3.459666132183243],[101.35067881745952,3.460058760282397],[101.35119702585007,3.4616292742625783],[101.35067881745952,3.4616292742625783],[101.35067881745952,3.461236645529963],[101.34964240067839,3.4616292742625783],[101.34964240067839,3.460451388539891],[101.34912419228783,3.460451388539891],[101.34912419228783,3.459666132183243],[101.34860598389726,3.459666132183243],[101.34808777550673,3.458095621369639],[101.34653315033502,3.457310366912393],[101.3470513587256,3.4565251130879893],[101.34653315033502,3.4565251130879893],[101.34653315033502,3.45613248641306],[101.34549673355392,3.45613248641306],[101.34549673355392,3.4565251130879893],[101.34497852516336,3.4565251130879893],[101.34497852516336,3.4557398598962856],[101.34446031677278,3.4557398598962856],[101.34446031677278,3.4545619812947224],[101.34497852516336,3.4545619812947224],[101.34549673355392,3.452991478705727],[101.34653315033502,3.4525988534535523],[101.34653315033502,3.451028354024603],[101.3470513587256,3.451028354024603],[101.3470513587256,3.4506357295622125],[101.34808777550673,3.451028354024603],[101.34808777550673,3.4514209786449137],[101.34756956711615,3.4514209786449137],[101.34808777550673,3.45220622835937],[101.34860598389726,3.45220622835937],[101.34912419228783,3.4514209786449137],[101.34964240067839,3.4514209786449137],[101.34964240067839,3.451813603423163],[101.35016060906896,3.451813603423163],[101.35016060906896,3.4514209786449137],[101.35171523424063,3.4514209786449137],[101.3522334426312,3.45220622835937],[101.35275165102176,3.45220622835937],[101.35275165102176,3.451813603423163],[101.35378806780287,3.451813603423163],[101.35378806780287,3.4514209786449137],[101.354824484584,3.4514209786449137],[101.354824484584,3.451813603423163],[101.3558609013651,3.451813603423163],[101.3558609013651,3.45220622835937],[101.35637910975568,3.45220622835937],[101.35637910975568,3.451813603423163],[101.35741552653681,3.4514209786449137],[101.35741552653681,3.4506357295622125],[101.35793373492737,3.4506357295622125],[101.35741552653681,3.4498504811111217],[101.354824484584,3.450243105257725],[101.354824484584,3.4498504811111217],[101.35689731814624,3.4486726096184355],[101.35637910975568,3.4478873627457345],[101.35534269297457,3.4482799861031888],[101.35534269297457,3.4471021165041362],[101.3558609013651,3.4471021165041362],[101.35534269297457,3.4463168708934937],[101.3558609013651,3.4463168708934937],[101.3558609013651,3.445924248324737],[101.35689731814624,3.4463168708934937],[101.35689731814624,3.4467094936199545],[101.35637910975568,3.4467094936199545],[101.35637910975568,3.4474947395460562],[101.35793373492737,3.4482799861031888],[101.35793373492737,3.449065233291495],[101.35845194331792,3.449065233291495],[101.35845194331792,3.4494578571223844],[101.35948836009905,3.4494578571223844],[101.35948836009905,3.4498504811111217],[101.36052477688018,3.4498504811111217],[101.35948836009905,3.451028354024603],[101.36104298527071,3.451813603423163],[101.36104298527071,3.45220622835937],[101.36052477688018,3.45220622835937],[101.36104298527071,3.452991478705727],[101.36156119366129,3.452991478705727],[101.36156119366129,3.4525988534535523],[101.36259761044242,3.4525988534535523],[101.36259761044242,3.45220622835937],[101.36363402722353,3.45220622835937],[101.36363402722353,3.4525988534535523],[101.36415223561409,3.4525988534535523],[101.36467044400466,3.451813603423163],[101.36622506917632,3.4525988534535523],[101.36622506917632,3.45220622835937],[101.3667432775669,3.45220622835937],[101.3667432775669,3.4514209786449137],[101.36777969434803,3.451813603423163],[101.36777969434803,3.4514209786449137],[101.3693343195197,3.4506357295622125],[101.3693343195197,3.450243105257725],[101.36881611112914,3.450243105257725],[101.36881611112914,3.449065233291495],[101.3693343195197,3.449065233291495],[101.3693343195197,3.4486726096184355],[101.36985252791027,3.4486726096184355],[101.36985252791027,3.449065233291495],[101.37037073630083,3.449065233291495],[101.37037073630083,3.4486726096184355],[101.3719253614725,3.4486726096184355],[101.37244356986307,3.4478873627457345],[101.3719253614725,3.4478873627457345],[101.37140715308193,3.4471021165041362],[101.37037073630083,3.4471021165041362],[101.37037073630083,3.4474947395460562],[101.36829790273856,3.4474947395460562],[101.36829790273856,3.4478873627457345],[101.36726148595746,3.4482799861031888],[101.36726148595746,3.4478873627457345],[101.36622506917632,3.4478873627457345],[101.36570686078576,3.4471021165041362],[101.36467044400466,3.4471021165041362],[101.36467044400466,3.4463168708934937],[101.36415223561409,3.4463168708934937],[101.36363402722353,3.4455316259136644],[101.36311581883295,3.4455316259136644],[101.36207940205185,3.4467094936199545],[101.36156119366129,3.4467094936199545],[101.36052477688018,3.4455316259136644],[101.36000656848961,3.4455316259136644],[101.36000656848961,3.445924248324737],[101.35897015170848,3.445924248324737],[101.35897015170848,3.4455316259136644],[101.35845194331792,3.4455316259136644],[101.35845194331792,3.445139003660258],[101.35897015170848,3.445139003660258],[101.35897015170848,3.444353759626374],[101.35793373492737,3.443961137845859],[101.35793373492737,3.4431758947575934],[101.35741552653681,3.4431758947575934],[101.35741552653681,3.4427832734498063],[101.35689731814624,3.4427832734498063],[101.35689731814624,3.4431758947575934],[101.35637910975568,3.4431758947575934],[101.35637910975568,3.4427832734498063],[101.35534269297457,3.4427832734498063],[101.354824484584,3.4435685162229386],[101.35378806780287,3.4435685162229386],[101.35378806780287,3.443961137845859],[101.35326985941231,3.443961137845859],[101.35326985941231,3.445139003660258],[101.3522334426312,3.4455316259136644],[101.3522334426312,3.4463168708934937],[101.34964240067839,3.4463168708934937],[101.34964240067839,3.4467094936199545],[101.34860598389726,3.4467094936199545],[101.34860598389726,3.4471021165041362],[101.34601494194446,3.4467094936199545],[101.34549673355392,3.4474947395460562],[101.34446031677278,3.4474947395460562],[101.34446031677278,3.4478873627457345],[101.34394210838222,3.4478873627457345],[101.34394210838222,3.4471021165041362],[101.34342389999166,3.4471021165041362],[101.34342389999166,3.4467094936199545],[101.34394210838222,3.4467094936199545],[101.34446031677278,3.445924248324737],[101.34290569160112,3.445139003660258],[101.34290569160112,3.443961137845859],[101.34238748321054,3.443961137845859],[101.34238748321054,3.4431758947575934],[101.34290569160112,3.4431758947575934],[101.34290569160112,3.4427832734498063],[101.34238748321054,3.4427832734498063],[101.34238748321054,3.4423906522995606],[101.34186927481998,3.4423906522995606],[101.34186927481998,3.4427832734498063],[101.34083285803887,3.4427832734498063],[101.34083285803887,3.4416054104716123],[101.34135106642941,3.4416054104716123],[101.34135106642941,3.4412127897938762],[101.34083285803887,3.4412127897938762],[101.34083285803887,3.440427548910785],[101.34186927481998,3.440034928705397],[101.34186927481998,3.4392496887668367],[101.34083285803887,3.4388570690336313],[101.34083285803887,3.438071830039276],[101.34186927481998,3.438071830039276],[101.34186927481998,3.4384644494577836],[101.34238748321054,3.4384644494577836],[101.34290569160112,3.4376792107780916],[101.34238748321054,3.4376792107780916],[101.34238748321054,3.43728659167421],[101.34186927481998,3.43728659167421],[101.34186927481998,3.4376792107780916],[101.34083285803887,3.4376792107780916],[101.34083285803887,3.43728659167421],[101.33979644125775,3.43728659167421],[101.33979644125775,3.436893972727613],[101.33927823286717,3.436893972727613],[101.33927823286717,3.43728659167421],[101.33876002447661,3.43728659167421],[101.33876002447661,3.440034928705397],[101.33927823286717,3.440034928705397],[101.33927823286717,3.440427548910785],[101.33876002447661,3.440427548910785],[101.33876002447661,3.4408201692736062],[101.33927823286717,3.4408201692736062],[101.33876002447661,3.4416054104716123],[101.33927823286717,3.4416054104716123],[101.33927823286717,3.4419980313068343],[101.33824181608607,3.4419980313068343],[101.33824181608607,3.4423906522995606],[101.33772360769551,3.4423906522995606],[101.33772360769551,3.4431758947575934],[101.33720539930493,3.4431758947575934],[101.33720539930493,3.444353759626374],[101.33772360769551,3.444353759626374],[101.33772360769551,3.445139003660258],[101.33720539930493,3.445139003660258],[101.33720539930493,3.445924248324737],[101.33772360769551,3.445924248324737],[101.33772360769551,3.4463168708934937],[101.33720539930493,3.4463168708934937],[101.33720539930493,3.4471021165041362],[101.33772360769551,3.4471021165041362],[101.33772360769551,3.4494578571223844],[101.33824181608607,3.4494578571223844],[101.33824181608607,3.450243105257725],[101.33876002447661,3.450243105257725],[101.33876002447661,3.451028354024603],[101.33927823286717,3.451028354024603],[101.33876002447661,3.451813603423163],[101.33979644125775,3.45220622835937],[101.33979644125775,3.4525988534535523],[101.33927823286717,3.4525988534535523],[101.33927823286717,3.453384104115913],[101.3403146496483,3.4537767296841295],[101.3403146496483,3.454169355410392],[101.33979644125775,3.454169355410392],[101.33979644125775,3.4553472335376503],[101.33927823286717,3.4553472335376503],[101.33927823286717,3.45613248641306],[101.33876002447661,3.45613248641306],[101.33876002447661,3.4565251130879893],[101.33927823286717,3.4565251130879893],[101.33927823286717,3.456917739921095],[101.33876002447661,3.456917739921095],[101.33876002447661,3.458095621369639],[101.3403146496483,3.458880876459874],[101.33979644125775,3.459666132183243],[101.3403146496483,3.459666132183243],[101.3403146496483,3.46084401695574],[101.34135106642941,3.461236645529963],[101.34135106642941,3.4620219031536044],[101.3403146496483,3.4624145322030593],[101.3403146496483,3.4631997907773275],[101.34083285803887,3.4631997907773275],[101.34083285803887,3.463985049985527],[101.3403146496483,3.463985049985527],[101.3403146496483,3.4643776798273973],[101.34083285803887,3.4643776798273973],[101.34083285803887,3.4647703098278044],[101.34135106642941,3.4647703098278044],[101.34135106642941,3.4643776798273973],[101.34238748321054,3.4647703098278044],[101.34238748321054,3.4643776798273973],[101.34394210838222,3.463592420302176],[101.34394210838222,3.4643776798273973],[101.34342389999166,3.4643776798273973],[101.34290569160112,3.4651629399867674],[101.34342389999166,3.4651629399867674],[101.34342389999166,3.4655555703043044],[101.34446031677278,3.4651629399867674],[101.34497852516336,3.465948200780433],[101.34653315033502,3.465948200780433],[101.34653315033502,3.466733462208539],[101.34601494194446,3.466733462208539],[101.34601494194446,3.467126093160552],[101.34653315033502,3.467126093160552]],[[101.37347998664417,3.486757843436288],[101.37296177825363,3.486757843436288],[101.37296177825363,3.486365204528823],[101.37347998664417,3.486365204528823],[101.37347998664417,3.486757843436288]],[[101.35689731814624,3.4651629399867674],[101.35637910975568,3.4651629399867674],[101.35637910975568,3.4647703098278044],[101.35689731814624,3.4647703098278044],[101.35689731814624,3.4651629399867674]],[[101.35171523424063,3.463985049985527],[101.35119702585007,3.463985049985527],[101.35119702585007,3.463592420302176],[101.35171523424063,3.463592420302176],[101.35171523424063,3.463985049985527]],[[101.35119702585007,3.4643776798273973],[101.35067881745952,3.4643776798273973],[101.35067881745952,3.463985049985527],[101.35119702585007,3.463985049985527],[101.35119702585007,3.4643776798273973]],[[101.35067881745952,3.463592420302176],[101.35067881745952,3.4631997907773275],[101.35119702585007,3.4631997907773275],[101.35119702585007,3.463592420302176],[101.35067881745952,3.463592420302176]],[[101.35016060906896,3.4631997907773275],[101.35016060906896,3.4628071614109612],[101.35067881745952,3.4628071614109612],[101.35067881745952,3.4631997907773275],[101.35016060906896,3.4631997907773275]],[[101.34653315033502,3.4577029940619006],[101.34601494194446,3.4577029940619006],[101.34601494194446,3.457310366912393],[101.34653315033502,3.457310366912393],[101.34653315033502,3.4577029940619006]],[[101.35741552653681,3.4474947395460562],[101.35793373492737,3.4474947395460562],[101.35793373492737,3.4478873627457345],[101.35741552653681,3.4478873627457345],[101.35741552653681,3.4474947395460562]],[[101.36052477688018,3.4494578571223844],[101.36104298527071,3.4494578571223844],[101.36104298527071,3.4498504811111217],[101.36052477688018,3.4498504811111217],[101.36052477688018,3.4494578571223844]],[[101.36518865239522,3.4514209786449137],[101.36570686078576,3.4514209786449137],[101.36570686078576,3.451813603423163],[101.36518865239522,3.451813603423163],[101.36518865239522,3.4514209786449137]],[[101.34290569160112,3.4467094936199545],[101.34290569160112,3.4471021165041362],[101.34238748321054,3.4471021165041362],[101.34238748321054,3.4463168708934937],[101.34342389999166,3.4463168708934937],[101.34342389999166,3.4467094936199545],[101.34290569160112,3.4467094936199545]],[[101.34083285803887,3.4392496887668367],[101.3403146496483,3.4392496887668367],[101.3403146496483,3.4388570690336313],[101.34083285803887,3.4388570690336313],[101.34083285803887,3.4392496887668367]],[[101.34446031677278,3.4647703098278044],[101.34497852516336,3.4647703098278044],[101.34497852516336,3.4651629399867674],[101.34446031677278,3.4651629399867674],[101.34446031677278,3.4647703098278044]],[[101.34497852516336,3.4643776798273973],[101.34446031677278,3.4643776798273973],[101.34446031677278,3.463985049985527],[101.34549673355392,3.463985049985527],[101.34601494194446,3.4647703098278044],[101.34497852516336,3.4647703098278044],[101.34497852516336,3.4643776798273973]],[[101.38384415445539,3.491076881954126],[101.38384415445539,3.4918621637609615],[101.38332594606483,3.4918621637609615],[101.38228952928372,3.490684241290374],[101.38332594606483,3.490684241290374],[101.38332594606483,3.491076881954126],[101.38384415445539,3.491076881954126]],[[101.37969848733091,3.4891136802327174],[101.37969848733091,3.4887210403675497],[101.38021669572147,3.4887210403675497],[101.38021669572147,3.4891136802327174],[101.37969848733091,3.4891136802327174]],[[101.38125311250259,3.488328400662045],[101.38125311250259,3.4879357611161845],[101.38177132089315,3.4879357611161845],[101.38177132089315,3.488328400662045],[101.38125311250259,3.488328400662045]],[[101.37037073630083,3.485187288763678],[101.37037073630083,3.4847946504943184],[101.37088894469137,3.4847946504943184],[101.37088894469137,3.485187288763678],[101.37037073630083,3.485187288763678]],[[101.36570686078576,3.483616736643056],[101.36570686078576,3.4832240990115118],[101.36726148595746,3.4832240990115118],[101.36726148595746,3.483616736643056],[101.36570686078576,3.483616736643056]],[[101.36363402722353,3.4828314615393756],[101.36363402722353,3.4824388242266306],[101.36415223561409,3.4824388242266306],[101.36415223561409,3.4828314615393756],[101.36363402722353,3.4828314615393756]],[[101.36259761044242,3.4816535500792387],[101.36259761044242,3.4812609132445544],[101.36311581883295,3.4812609132445544],[101.36311581883295,3.4816535500792387],[101.36259761044242,3.4816535500792387]],[[101.36207940205185,3.4800830036963384],[101.36207940205185,3.479690367498818],[101.36259761044242,3.479690367498818],[101.36259761044242,3.4800830036963384],[101.36207940205185,3.4800830036963384]],[[101.36207940205185,3.4781198243010016],[101.36259761044242,3.4781198243010016],[101.36259761044242,3.4785124598616517],[101.36156119366129,3.4785124598616517],[101.36156119366129,3.4777271888995247],[101.36207940205185,3.4777271888995247],[101.36207940205185,3.4781198243010016]],[[101.36104298527071,3.4777271888995247],[101.36104298527071,3.477334553657202],[101.36156119366129,3.477334553657202],[101.36156119366129,3.4777271888995247],[101.36104298527071,3.4777271888995247]],[[101.36156119366129,3.4765492836499465],[101.36104298527071,3.4765492836499465],[101.36104298527071,3.476156648884978],[101.36000656848961,3.476156648884978],[101.36052477688018,3.47458611141574],[101.36104298527071,3.47458611141574],[101.36104298527071,3.4753713798322674],[101.36259761044242,3.476156648884978],[101.36259761044242,3.4765492836499465],[101.36207940205185,3.4765492836499465],[101.36207940205185,3.477334553657202],[101.36156119366129,3.477334553657202],[101.36156119366129,3.4765492836499465]],[[101.36000656848961,3.477334553657202],[101.36052477688018,3.477334553657202],[101.36052477688018,3.4777271888995247],[101.36000656848961,3.4777271888995247],[101.36000656848961,3.477334553657202]],[[101.35948836009905,3.477334553657202],[101.35948836009905,3.4769419185740147],[101.36000656848961,3.4769419185740147],[101.36000656848961,3.477334553657202],[101.35948836009905,3.477334553657202]],[[101.35845194331792,3.4738008436352494],[101.35845194331792,3.4734082099834716],[101.35948836009905,3.4734082099834716],[101.35948836009905,3.47458611141574],[101.35897015170848,3.47458611141574],[101.35897015170848,3.4738008436352494],[101.35845194331792,3.4738008436352494]],[[101.36000656848961,3.472622943156764],[101.35897015170848,3.472622943156764],[101.35897015170848,3.4718376769657295],[101.35948836009905,3.4718376769657295],[101.35948836009905,3.471445044108546],[101.36000656848961,3.471445044108546],[101.36000656848961,3.472622943156764]],[[101.35897015170848,3.471445044108546],[101.35897015170848,3.471052411410225],[101.35948836009905,3.471052411410225],[101.35948836009905,3.471445044108546],[101.35897015170848,3.471445044108546]],[[101.35741552653681,3.471445044108546],[101.35793373492737,3.471445044108546],[101.35793373492737,3.472230309981797],[101.35741552653681,3.472230309981797],[101.35741552653681,3.471445044108546]],[[101.35689731814624,3.471445044108546],[101.35689731814624,3.470267146490104],[101.35637910975568,3.470267146490104],[101.35637910975568,3.469481882205221],[101.35741552653681,3.469481882205221],[101.35741552653681,3.4698745142682674],[101.35793373492737,3.4698745142682674],[101.35793373492737,3.470267146490104],[101.35741552653681,3.470267146490104],[101.35741552653681,3.471445044108546],[101.35689731814624,3.471445044108546]],[[101.36000656848961,3.47065977887075],[101.35948836009905,3.4698745142682674],[101.36052477688018,3.469481882205221],[101.36052477688018,3.47065977887075],[101.36000656848961,3.47065977887075]],[[101.35378806780287,3.468696618555431],[101.35430627619344,3.468696618555431],[101.35430627619344,3.469481882205221],[101.35378806780287,3.469481882205221],[101.35378806780287,3.468696618555431]],[[101.35326985941231,3.468696618555431],[101.35326985941231,3.468303986968651],[101.35378806780287,3.468303986968651],[101.35378806780287,3.468696618555431],[101.35326985941231,3.468696618555431]],[[101.35275165102176,3.468303986968651],[101.3522334426312,3.469089250300949],[101.35067881745952,3.469089250300949],[101.35067881745952,3.468696618555431],[101.35171523424063,3.468696618555431],[101.3522334426312,3.46791135554059],[101.35326985941231,3.46791135554059],[101.35326985941231,3.468303986968651],[101.35275165102176,3.468303986968651]],[[101.34964240067839,3.468696618555431],[101.34964240067839,3.468303986968651],[101.35067881745952,3.468303986968651],[101.35067881745952,3.468696618555431],[101.34964240067839,3.468696618555431]],[[101.35637910975568,3.469089250300949],[101.35637910975568,3.468303986968651],[101.35689731814624,3.468303986968651],[101.35689731814624,3.469089250300949],[101.35637910975568,3.469089250300949]],[[101.354824484584,3.4663408314151716],[101.354824484584,3.466733462208539],[101.35637910975568,3.466733462208539],[101.35637910975568,3.4675187242712298],[101.3558609013651,3.4675187242712298],[101.3558609013651,3.467126093160552],[101.35534269297457,3.467126093160552],[101.35534269297457,3.4675187242712298],[101.354824484584,3.4675187242712298],[101.354824484584,3.467126093160552],[101.35171523424063,3.467126093160552],[101.35171523424063,3.4675187242712298],[101.35067881745952,3.4675187242712298],[101.35067881745952,3.467126093160552],[101.35016060906896,3.467126093160552],[101.35016060906896,3.4675187242712298],[101.34912419228783,3.4675187242712298],[101.34912419228783,3.466733462208539],[101.35326985941231,3.466733462208539],[101.35378806780287,3.465948200780433],[101.354824484584,3.4663408314151716]],[[101.34808777550673,3.4663408314151716],[101.34808777550673,3.465948200780433],[101.34860598389726,3.465948200780433],[101.34860598389726,3.4663408314151716],[101.34808777550673,3.4663408314151716]],[[101.35171523424063,3.4651629399867674],[101.35171523424063,3.4647703098278044],[101.3522334426312,3.4647703098278044],[101.35275165102176,3.4655555703043044],[101.3522334426312,3.4655555703043044],[101.3522334426312,3.465948200780433],[101.34964240067839,3.465948200780433],[101.34964240067839,3.4647703098278044],[101.35016060906896,3.4647703098278044],[101.35067881745952,3.4655555703043044],[101.35171523424063,3.4651629399867674]],[[101.35430627619344,3.4651629399867674],[101.354824484584,3.4651629399867674],[101.354824484584,3.4655555703043044],[101.35430627619344,3.4655555703043044],[101.35430627619344,3.4651629399867674]],[[101.35378806780287,3.4651629399867674],[101.35378806780287,3.4647703098278044],[101.35430627619344,3.4647703098278044],[101.35430627619344,3.4651629399867674],[101.35378806780287,3.4651629399867674]],[[101.3470513587256,3.4651629399867674],[101.3470513587256,3.4647703098278044],[101.34756956711615,3.4647703098278044],[101.34756956711615,3.4651629399867674],[101.3470513587256,3.4651629399867674]],[[101.354824484584,3.4647703098278044],[101.354824484584,3.4643776798273973],[101.35534269297457,3.4643776798273973],[101.35534269297457,3.4647703098278044],[101.354824484584,3.4647703098278044]],[[101.34186927481998,3.4631997907773275],[101.34238748321054,3.4631997907773275],[101.34238748321054,3.463592420302176],[101.34186927481998,3.463592420302176],[101.34186927481998,3.4631997907773275]],[[101.34135106642941,3.4631997907773275],[101.34135106642941,3.4628071614109612],[101.34186927481998,3.4628071614109612],[101.34186927481998,3.4631997907773275],[101.34135106642941,3.4631997907773275]],[[101.34808777550673,3.4631997907773275],[101.34860598389726,3.4631997907773275],[101.34860598389726,3.463592420302176],[101.34808777550673,3.463592420302176],[101.34808777550673,3.4631997907773275]],[[101.34756956711615,3.4631997907773275],[101.34756956711615,3.4628071614109612],[101.3470513587256,3.4628071614109612],[101.3470513587256,3.4620219031536044],[101.34601494194446,3.4616292742625783],[101.34601494194446,3.46084401695574],[101.3470513587256,3.46084401695574],[101.3470513587256,3.4616292742625783],[101.34756956711615,3.4616292742625783],[101.34756956711615,3.4624145322030593],[101.34808777550673,3.4624145322030593],[101.34808777550673,3.4631997907773275],[101.34756956711615,3.4631997907773275]],[[101.34549673355392,3.46084401695574],[101.34549673355392,3.460451388539891],[101.34601494194446,3.460451388539891],[101.34601494194446,3.46084401695574],[101.34549673355392,3.46084401695574]],[[101.34446031677278,3.46084401695574],[101.34446031677278,3.461236645529963],[101.34497852516336,3.461236645529963],[101.34497852516336,3.4624145322030593],[101.34549673355392,3.4624145322030593],[101.34497852516336,3.4631997907773275],[101.34446031677278,3.4631997907773275],[101.34446031677278,3.4620219031536044],[101.34342389999166,3.4616292742625783],[101.34342389999166,3.461236645529963],[101.34446031677278,3.46084401695574]],[[101.34808777550673,3.4616292742625783],[101.34808777550673,3.46084401695574],[101.34756956711615,3.46084401695574],[101.34756956711615,3.459666132183243],[101.34808777550673,3.459666132183243],[101.34808777550673,3.460451388539891],[101.34860598389726,3.460451388539891],[101.34860598389726,3.4616292742625783],[101.34808777550673,3.4616292742625783]],[[101.34238748321054,3.461236645529963],[101.34135106642941,3.46084401695574],[101.34135106642941,3.459666132183243],[101.34083285803887,3.459666132183243],[101.34135106642941,3.458880876459874],[101.34083285803887,3.458880876459874],[101.34083285803887,3.458095621369639],[101.33979644125775,3.4577029940619006],[101.33979644125775,3.456917739921095],[101.3403146496483,3.456917739921095],[101.3403146496483,3.4565251130879893],[101.34186927481998,3.457310366912393],[101.34186927481998,3.460058760282397],[101.34238748321054,3.460058760282397],[101.34238748321054,3.461236645529963]],[[101.33979644125775,3.4565251130879893],[101.33979644125775,3.45613248641306],[101.3403146496483,3.45613248641306],[101.3403146496483,3.4565251130879893],[101.33979644125775,3.4565251130879893]],[[101.3403146496483,3.4557398598962856],[101.34083285803887,3.4557398598962856],[101.34083285803887,3.45613248641306],[101.3403146496483,3.45613248641306],[101.3403146496483,3.4557398598962856]],[[101.34394210838222,3.460451388539891],[101.34394210838222,3.460058760282397],[101.34446031677278,3.460058760282397],[101.34446031677278,3.460451388539891],[101.34394210838222,3.460451388539891]],[[101.34549673355392,3.459666132183243],[101.34549673355392,3.459273504242407],[101.34601494194446,3.459273504242407],[101.34601494194446,3.460058760282397],[101.34497852516336,3.460058760282397],[101.34497852516336,3.459666132183243],[101.34549673355392,3.459666132183243]],[[101.34497852516336,3.457310366912393],[101.34497852516336,3.458880876459874],[101.34446031677278,3.458880876459874],[101.34446031677278,3.459666132183243],[101.34394210838222,3.459666132183243],[101.34394210838222,3.458488248835624],[101.34342389999166,3.458488248835624],[101.34394210838222,3.4577029940619006],[101.34342389999166,3.4577029940619006],[101.34342389999166,3.457310366912393],[101.34497852516336,3.457310366912393]],[[101.34653315033502,3.458880876459874],[101.34653315033502,3.458488248835624],[101.3470513587256,3.458488248835624],[101.3470513587256,3.458880876459874],[101.34653315033502,3.458880876459874]],[[101.34342389999166,3.4545619812947224],[101.34342389999166,3.4557398598962856],[101.34394210838222,3.4557398598962856],[101.34394210838222,3.45613248641306],[101.34290569160112,3.4565251130879893],[101.34290569160112,3.4545619812947224],[101.34342389999166,3.4545619812947224]],[[101.34342389999166,3.454169355410392],[101.34394210838222,3.454169355410392],[101.34394210838222,3.4545619812947224],[101.34342389999166,3.4545619812947224],[101.34342389999166,3.454169355410392]],[[101.34290569160112,3.454169355410392],[101.34290569160112,3.4537767296841295],[101.34238748321054,3.4537767296841295],[101.34238748321054,3.451028354024603],[101.34290569160112,3.451028354024603],[101.34290569160112,3.4514209786449137],[101.34549673355392,3.4514209786449137],[101.34549673355392,3.451813603423163],[101.34446031677278,3.45220622835937],[101.34446031677278,3.453384104115913],[101.34290569160112,3.454169355410392]],[[101.36259761044242,3.4514209786449137],[101.36259761044242,3.451813603423163],[101.36207940205185,3.451813603423163],[101.36207940205185,3.4514209786449137],[101.36259761044242,3.4514209786449137]],[[101.36259761044242,3.451028354024603],[101.36415223561409,3.451028354024603],[101.36415223561409,3.451813603423163],[101.36363402722353,3.451813603423163],[101.36363402722353,3.4514209786449137],[101.36259761044242,3.4514209786449137],[101.36259761044242,3.451028354024603]],[[101.34083285803887,3.4514209786449137],[101.34083285803887,3.451028354024603],[101.34135106642941,3.451028354024603],[101.34135106642941,3.4514209786449137],[101.34083285803887,3.4514209786449137]],[[101.33979644125775,3.451028354024603],[101.33979644125775,3.4506357295622125],[101.3403146496483,3.4506357295622125],[101.3403146496483,3.451028354024603],[101.33979644125775,3.451028354024603]],[[101.34083285803887,3.4506357295622125],[101.34083285803887,3.450243105257725],[101.34135106642941,3.450243105257725],[101.34135106642941,3.4506357295622125],[101.34083285803887,3.4506357295622125]],[[101.34497852516336,3.4506357295622125],[101.34497852516336,3.450243105257725],[101.34549673355392,3.450243105257725],[101.34549673355392,3.4506357295622125],[101.34497852516336,3.4506357295622125]],[[101.34912419228783,3.450243105257725],[101.34912419228783,3.4506357295622125],[101.34860598389726,3.4506357295622125],[101.34860598389726,3.450243105257725],[101.34912419228783,3.450243105257725]],[[101.34912419228783,3.4494578571223844],[101.34964240067839,3.4494578571223844],[101.34964240067839,3.449065233291495],[101.35067881745952,3.449065233291495],[101.35067881745952,3.4494578571223844],[101.35171523424063,3.4494578571223844],[101.35171523424063,3.449065233291495],[101.3522334426312,3.449065233291495],[101.3522334426312,3.450243105257725],[101.35171523424063,3.450243105257725],[101.35171523424063,3.4506357295622125],[101.35067881745952,3.4506357295622125],[101.35067881745952,3.450243105257725],[101.34964240067839,3.4506357295622125],[101.34964240067839,3.450243105257725],[101.34912419228783,3.450243105257725],[101.34912419228783,3.4494578571223844]],[[101.34860598389726,3.4494578571223844],[101.34860598389726,3.449065233291495],[101.34912419228783,3.449065233291495],[101.34912419228783,3.4494578571223844],[101.34860598389726,3.4494578571223844]],[[101.3522334426312,3.4486726096184355],[101.35275165102176,3.4486726096184355],[101.35275165102176,3.449065233291495],[101.3522334426312,3.449065233291495],[101.3522334426312,3.4486726096184355]],[[101.34549673355392,3.4498504811111217],[101.34549673355392,3.4494578571223844],[101.34653315033502,3.4494578571223844],[101.34653315033502,3.4498504811111217],[101.34549673355392,3.4498504811111217]],[[101.35378806780287,3.449065233291495],[101.35378806780287,3.4494578571223844],[101.35430627619344,3.4494578571223844],[101.35430627619344,3.4498504811111217],[101.35326985941231,3.4498504811111217],[101.35326985941231,3.449065233291495],[101.35378806780287,3.449065233291495]],[[101.36207940205185,3.4494578571223844],[101.36207940205185,3.449065233291495],[101.36259761044242,3.449065233291495],[101.36259761044242,3.4498504811111217],[101.36156119366129,3.4498504811111217],[101.36156119366129,3.4494578571223844],[101.36207940205185,3.4494578571223844]],[[101.36518865239522,3.4498504811111217],[101.36518865239522,3.4494578571223844],[101.36570686078576,3.4494578571223844],[101.36570686078576,3.4498504811111217],[101.36518865239522,3.4498504811111217]],[[101.3403146496483,3.4494578571223844],[101.3403146496483,3.449065233291495],[101.34083285803887,3.449065233291495],[101.34083285803887,3.4494578571223844],[101.3403146496483,3.4494578571223844]],[[101.34394210838222,3.4486726096184355],[101.34394210838222,3.449065233291495],[101.34290569160112,3.4494578571223844],[101.34290569160112,3.4486726096184355],[101.34394210838222,3.4486726096184355]],[[101.33876002447661,3.449065233291495],[101.33876002447661,3.4486726096184355],[101.33927823286717,3.4486726096184355],[101.33927823286717,3.449065233291495],[101.33876002447661,3.449065233291495]],[[101.34135106642941,3.4486726096184355],[101.34135106642941,3.4482799861031888],[101.3403146496483,3.4486726096184355],[101.3403146496483,3.4478873627457345],[101.34135106642941,3.4478873627457345],[101.34135106642941,3.4474947395460562],[101.34186927481998,3.4474947395460562],[101.34186927481998,3.4478873627457345],[101.34238748321054,3.4478873627457345],[101.34238748321054,3.4486726096184355],[101.34135106642941,3.4486726096184355]],[[101.35016060906896,3.4478873627457345],[101.35016060906896,3.4482799861031888],[101.34912419228783,3.4486726096184355],[101.34912419228783,3.4478873627457345],[101.35016060906896,3.4478873627457345]],[[101.35119702585007,3.4486726096184355],[101.35119702585007,3.4482799861031888],[101.35171523424063,3.4482799861031888],[101.35171523424063,3.4486726096184355],[101.35119702585007,3.4486726096184355]],[[101.33876002447661,3.4482799861031888],[101.33876002447661,3.4478873627457345],[101.33927823286717,3.4478873627457345],[101.33927823286717,3.4482799861031888],[101.33876002447661,3.4482799861031888]],[[101.34653315033502,3.4482799861031888],[101.34653315033502,3.4478873627457345],[101.3470513587256,3.4478873627457345],[101.3470513587256,3.4482799861031888],[101.34653315033502,3.4482799861031888]],[[101.35378806780287,3.4482799861031888],[101.35378806780287,3.4478873627457345],[101.35430627619344,3.4478873627457345],[101.35430627619344,3.4482799861031888],[101.35378806780287,3.4482799861031888]],[[101.36052477688018,3.4467094936199545],[101.36104298527071,3.4474947395460562],[101.36207940205185,3.4474947395460562],[101.36207940205185,3.4471021165041362],[101.36311581883295,3.4471021165041362],[101.36311581883295,3.4467094936199545],[101.36363402722353,3.4467094936199545],[101.36363402722353,3.4482799861031888],[101.36207940205185,3.4482799861031888],[101.36207940205185,3.4478873627457345],[101.36156119366129,3.4478873627457345],[101.36156119366129,3.4482799861031888],[101.36052477688018,3.4482799861031888],[101.36000656848961,3.4474947395460562],[101.35897015170848,3.4474947395460562],[101.35897015170848,3.4471021165041362],[101.36000656848961,3.4471021165041362],[101.36000656848961,3.4467094936199545],[101.36052477688018,3.4467094936199545]],[[101.36518865239522,3.4482799861031888],[101.36518865239522,3.4478873627457345],[101.36570686078576,3.4478873627457345],[101.36570686078576,3.4482799861031888],[101.36518865239522,3.4482799861031888]],[[101.35067881745952,3.4478873627457345],[101.35016060906896,3.4471021165041362],[101.3522334426312,3.4471021165041362],[101.3522334426312,3.4474947395460562],[101.35119702585007,3.4474947395460562],[101.35119702585007,3.4478873627457345],[101.35067881745952,3.4478873627457345]],[[101.35430627619344,3.4471021165041362],[101.35430627619344,3.4467094936199545],[101.354824484584,3.4467094936199545],[101.354824484584,3.4471021165041362],[101.35430627619344,3.4471021165041362]],[[101.33927823286717,3.445924248324737],[101.33927823286717,3.445139003660258],[101.33979644125775,3.445139003660258],[101.33979644125775,3.445924248324737],[101.33927823286717,3.445924248324737]],[[101.34186927481998,3.445924248324737],[101.34186927481998,3.4455316259136644],[101.34238748321054,3.4455316259136644],[101.34238748321054,3.445924248324737],[101.34186927481998,3.445924248324737]],[[101.34083285803887,3.445139003660258],[101.34083285803887,3.4447463815645003],[101.34135106642941,3.4447463815645003],[101.34135106642941,3.445139003660258],[101.34083285803887,3.445139003660258]],[[101.35741552653681,3.445139003660258],[101.35741552653681,3.4447463815645003],[101.35793373492737,3.4447463815645003],[101.35793373492737,3.445139003660258],[101.35741552653681,3.445139003660258]],[[101.33824181608607,3.444353759626374],[101.33824181608607,3.443961137845859],[101.33876002447661,3.443961137845859],[101.33876002447661,3.444353759626374],[101.33824181608607,3.444353759626374]],[[101.33979644125775,3.4412127897938762],[101.33979644125775,3.4408201692736062],[101.3403146496483,3.4408201692736062],[101.3403146496483,3.4412127897938762],[101.33979644125775,3.4412127897938762]]],[[[101.36104298527071,3.4655555703043044],[101.36104298527071,3.4651629399867674],[101.36000656848961,3.4655555703043044],[101.36000656848961,3.465948200780433],[101.36052477688018,3.465948200780433],[101.36052477688018,3.4663408314151716],[101.36000656848961,3.4663408314151716],[101.36052477688018,3.467126093160552],[101.36156119366129,3.466733462208539],[101.36156119366129,3.4663408314151716],[101.36104298527071,3.4663408314151716],[101.36156119366129,3.4655555703043044],[101.36104298527071,3.4655555703043044]]],[[[101.36467044400466,3.467126093160552],[101.36570686078576,3.466733462208539],[101.36518865239522,3.465948200780433],[101.36467044400466,3.465948200780433],[101.36467044400466,3.4663408314151716],[101.36415223561409,3.4663408314151716],[101.36415223561409,3.465948200780433],[101.36363402722353,3.465948200780433],[101.36363402722353,3.4663408314151716],[101.36311581883295,3.4663408314151716],[101.36311581883295,3.465948200780433],[101.36207940205185,3.4663408314151716],[101.36259761044242,3.467126093160552],[101.36311581883295,3.467126093160552],[101.36311581883295,3.466733462208539],[101.36363402722353,3.466733462208539],[101.36363402722353,3.467126093160552],[101.36467044400466,3.466733462208539],[101.36467044400466,3.467126093160552]]],[[[101.3667432775669,3.4663408314151716],[101.36622506917632,3.4663408314151716],[101.36622506917632,3.466733462208539],[101.36726148595746,3.467126093160552],[101.36777969434803,3.4663408314151716],[101.36726148595746,3.4663408314151716],[101.36726148595746,3.465948200780433],[101.3667432775669,3.465948200780433],[101.3667432775669,3.4663408314151716]]],[[[101.34394210838222,3.465948200780433],[101.34238748321054,3.466733462208539],[101.34238748321054,3.4675187242712298],[101.34290569160112,3.4675187242712298],[101.34290569160112,3.46791135554059],[101.34446031677278,3.467126093160552],[101.34446031677278,3.4663408314151716],[101.34394210838222,3.4663408314151716],[101.34394210838222,3.465948200780433]]],[[[101.37347998664417,3.4675187242712298],[101.37296177825363,3.4675187242712298],[101.37347998664417,3.468303986968651],[101.37503461181588,3.468303986968651],[101.37503461181588,3.46791135554059],[101.37555282020641,3.46791135554059],[101.37503461181588,3.467126093160552],[101.37347998664417,3.467126093160552],[101.37347998664417,3.4675187242712298]]],[[[101.37296177825363,3.468303986968651],[101.37244356986307,3.468303986968651],[101.3719253614725,3.469089250300949],[101.37244356986307,3.469089250300949],[101.37244356986307,3.469481882205221],[101.37347998664417,3.469481882205221],[101.37347998664417,3.4698745142682674],[101.3745164034253,3.4698745142682674],[101.37503461181588,3.469089250300949],[101.3745164034253,3.469089250300949],[101.3745164034253,3.468696618555431],[101.37296177825363,3.468696618555431],[101.37296177825363,3.468303986968651]]],[[[101.37658923698754,3.469481882205221],[101.37607102859698,3.469481882205221],[101.37607102859698,3.4698745142682674],[101.37710744537812,3.470267146490104],[101.37762565376867,3.469481882205221],[101.37710744537812,3.469481882205221],[101.37710744537812,3.469089250300949],[101.37658923698754,3.469089250300949],[101.37658923698754,3.469481882205221]]],[[[101.35016060906896,3.4718376769657295],[101.34964240067839,3.4718376769657295],[101.34964240067839,3.472230309981797],[101.35067881745952,3.472622943156764],[101.35119702585007,3.4718376769657295],[101.35067881745952,3.4718376769657295],[101.35067881745952,3.471445044108546],[101.35016060906896,3.471445044108546],[101.35016060906896,3.4718376769657295]]],[[[101.34653315033502,3.4738008436352494],[101.34549673355392,3.4734082099834716],[101.34549673355392,3.472622943156764],[101.34497852516336,3.472622943156764],[101.34497852516336,3.472230309981797],[101.34394210838222,3.472622943156764],[101.34394210838222,3.4738008436352494],[101.34446031677278,3.4738008436352494],[101.34446031677278,3.474193477445999],[101.34549673355392,3.474193477445999],[101.34549673355392,3.4749787455444907],[101.34497852516336,3.4749787455444907],[101.34549673355392,3.4757640142790907],[101.34653315033502,3.4753713798322674],[101.34653315033502,3.4749787455444907],[101.34601494194446,3.4749787455444907],[101.34601494194446,3.474193477445999],[101.34653315033502,3.474193477445999],[101.34653315033502,3.4738008436352494]]],[[[101.34808777550673,3.473015576490649],[101.34756956711615,3.473015576490649],[101.34756956711615,3.4734082099834716],[101.3470513587256,3.4734082099834716],[101.3470513587256,3.474193477445999],[101.34653315033502,3.474193477445999],[101.3470513587256,3.4749787455444907],[101.34756956711615,3.4749787455444907],[101.34756956711615,3.47458611141574],[101.34808777550673,3.47458611141574],[101.34808777550673,3.4738008436352494],[101.34860598389726,3.4738008436352494],[101.34808777550673,3.473015576490649]]],[[[101.3470513587256,3.4769419185740147],[101.34653315033502,3.4769419185740147],[101.34653315033502,3.4777271888995247],[101.34756956711615,3.4781198243010016],[101.34756956711615,3.4777271888995247],[101.34808777550673,3.4777271888995247],[101.34808777550673,3.4769419185740147],[101.34756956711615,3.4769419185740147],[101.34756956711615,3.4765492836499465],[101.3470513587256,3.4765492836499465],[101.3470513587256,3.4769419185740147]]],[[[101.34756956711615,3.4785124598616517],[101.3470513587256,3.4785124598616517],[101.3470513587256,3.4789050955814917],[101.34808777550673,3.4792977314605418],[101.34860598389726,3.4785124598616517],[101.34808777550673,3.4785124598616517],[101.34808777550673,3.4781198243010016],[101.34756956711615,3.4781198243010016],[101.34756956711615,3.4785124598616517]]],[[[101.3745164034253,3.4855799271925365],[101.37503461181588,3.486365204528823],[101.37607102859698,3.4859725657809117],[101.37555282020641,3.485187288763678],[101.3745164034253,3.4855799271925365]]],[[[101.3522334426312,3.5527234595135697],[101.3522334426312,3.553508791941724],[101.35326985941231,3.553901458399778],[101.35326985941231,3.553508791941724],[101.35378806780287,3.553508791941724],[101.35378806780287,3.5527234595135697],[101.35326985941231,3.5527234595135697],[101.35326985941231,3.552330793543434],[101.3522334426312,3.5527234595135697]]],[[[101.3522334426312,3.5645035143182167],[101.35171523424063,3.5645035143182167],[101.35171523424063,3.56489618533806],[101.35275165102176,3.565288856521087],[101.35326985941231,3.5645035143182167],[101.35275165102176,3.5645035143182167],[101.35275165102176,3.5641108434615396],[101.3522334426312,3.5641108434615396],[101.3522334426312,3.5645035143182167]]],[[[101.38021669572147,3.449065233291495],[101.37969848733091,3.449065233291495],[101.37969848733091,3.4498504811111217],[101.38073490411202,3.450243105257725],[101.38073490411202,3.4498504811111217],[101.38125311250259,3.4498504811111217],[101.38125311250259,3.449065233291495],[101.38073490411202,3.449065233291495],[101.38073490411202,3.4486726096184355],[101.38021669572147,3.4486726096184355],[101.38021669572147,3.449065233291495]]],[[[101.37814386215922,3.458095621369639],[101.37762565376867,3.458095621369639],[101.37762565376867,3.458488248835624],[101.37866207054978,3.458880876459874],[101.37918027894035,3.458095621369639],[101.37866207054978,3.458095621369639],[101.37866207054978,3.4577029940619006],[101.37814386215922,3.4577029940619006],[101.37814386215922,3.458095621369639]]],[[[101.37814386215922,3.4620219031536044],[101.37762565376867,3.4620219031536044],[101.37762565376867,3.4624145322030593],[101.37866207054978,3.4628071614109612],[101.37918027894035,3.4620219031536044],[101.37866207054978,3.4620219031536044],[101.37866207054978,3.4616292742625783],[101.37814386215922,3.4616292742625783],[101.37814386215922,3.4620219031536044]]],[[[101.37866207054978,3.4631997907773275],[101.37814386215922,3.4631997907773275],[101.37814386215922,3.463592420302176],[101.37918027894035,3.463985049985527],[101.37969848733091,3.4631997907773275],[101.37918027894035,3.4631997907773275],[101.37918027894035,3.4628071614109612],[101.37866207054978,3.4628071614109612],[101.37866207054978,3.4631997907773275]]],[[[101.4035360732967,3.4675187242712298],[101.40301786490613,3.4675187242712298],[101.40301786490613,3.46791135554059],[101.40405428168727,3.468303986968651],[101.40457249007783,3.4675187242712298],[101.40405428168727,3.4675187242712298],[101.40405428168727,3.467126093160552],[101.4035360732967,3.467126093160552],[101.4035360732967,3.4675187242712298]]],[[[101.40301786490613,3.468696618555431],[101.40249965651557,3.468696618555431],[101.40249965651557,3.469089250300949],[101.4035360732967,3.469481882205221],[101.40405428168727,3.468696618555431],[101.4035360732967,3.468696618555431],[101.4035360732967,3.468303986968651],[101.40301786490613,3.468303986968651],[101.40301786490613,3.468696618555431]]],[[[101.41182740754567,3.4698745142682674],[101.41130919915511,3.4698745142682674],[101.41130919915511,3.470267146490104],[101.41234561593623,3.47065977887075],[101.41286382432679,3.4698745142682674],[101.41234561593623,3.4698745142682674],[101.41234561593623,3.469481882205221],[101.41182740754567,3.469481882205221],[101.41182740754567,3.4698745142682674]]],[[[101.38384415445539,3.4698745142682674],[101.38332594606483,3.4698745142682674],[101.38332594606483,3.470267146490104],[101.38228952928372,3.470267146490104],[101.38228952928372,3.469481882205221],[101.38280773767427,3.469481882205221],[101.38280773767427,3.469089250300949],[101.38228952928372,3.469089250300949],[101.38228952928372,3.468696618555431],[101.38125311250259,3.469089250300949],[101.38125311250259,3.469481882205221],[101.38177132089315,3.469481882205221],[101.38177132089315,3.470267146490104],[101.38125311250259,3.470267146490104],[101.38177132089315,3.471052411410225],[101.38280773767427,3.47065977887075],[101.38332594606483,3.471445044108546],[101.38436236284596,3.471445044108546],[101.38488057123652,3.47065977887075],[101.38436236284596,3.47065977887075],[101.38384415445539,3.4698745142682674]]],[[[101.39990861456278,3.471445044108546],[101.40042682295334,3.471445044108546],[101.40042682295334,3.471052411410225],[101.40249965651557,3.471445044108546],[101.4035360732967,3.470267146490104],[101.40301786490613,3.470267146490104],[101.40301786490613,3.4698745142682674],[101.40249965651557,3.4698745142682674],[101.40249965651557,3.470267146490104],[101.40146323973445,3.470267146490104],[101.40146323973445,3.4698745142682674],[101.40042682295334,3.470267146490104],[101.40042682295334,3.4698745142682674],[101.39990861456278,3.4698745142682674],[101.39939040617222,3.47065977887075],[101.39887219778166,3.47065977887075],[101.39887219778166,3.470267146490104],[101.3983539893911,3.470267146490104],[101.3983539893911,3.47065977887075],[101.39783578100054,3.47065977887075],[101.39783578100054,3.470267146490104],[101.39576294743829,3.470267146490104],[101.39576294743829,3.47065977887075],[101.39524473904773,3.47065977887075],[101.39576294743829,3.471445044108546],[101.39783578100054,3.471445044108546],[101.39783578100054,3.471052411410225],[101.3983539893911,3.471052411410225],[101.3983539893911,3.471445044108546],[101.39887219778166,3.471445044108546],[101.39887219778166,3.471052411410225],[101.39990861456278,3.471052411410225],[101.39990861456278,3.471445044108546]]],[[[101.39265369709493,3.47065977887075],[101.39213548870437,3.47065977887075],[101.39265369709493,3.471445044108546],[101.3942083222666,3.471445044108546],[101.3942083222666,3.471052411410225],[101.39472653065717,3.471052411410225],[101.3942083222666,3.470267146490104],[101.39265369709493,3.470267146490104],[101.39265369709493,3.47065977887075]]],[[[101.38539877962708,3.4718376769657295],[101.38488057123652,3.4718376769657295],[101.38488057123652,3.472230309981797],[101.38591698801763,3.472622943156764],[101.3864351964082,3.4718376769657295],[101.38591698801763,3.4718376769657295],[101.38591698801763,3.471445044108546],[101.38539877962708,3.471445044108546],[101.38539877962708,3.4718376769657295]]],[[[101.40042682295334,3.472622943156764],[101.39990861456278,3.472622943156764],[101.40042682295334,3.4734082099834716],[101.40146323973445,3.4734082099834716],[101.40146323973445,3.473015576490649],[101.40198144812501,3.473015576490649],[101.40146323973445,3.472230309981797],[101.40042682295334,3.472230309981797],[101.40042682295334,3.472622943156764]]],[[[101.3864351964082,3.473015576490649],[101.38591698801763,3.473015576490649],[101.38591698801763,3.4734082099834716],[101.38695340479876,3.4738008436352494],[101.38747161318932,3.473015576490649],[101.38695340479876,3.473015576490649],[101.38695340479876,3.472622943156764],[101.3864351964082,3.472622943156764],[101.3864351964082,3.473015576490649]]],[[[101.39679936421942,3.4734082099834716],[101.3983539893911,3.4734082099834716],[101.39887219778166,3.472622943156764],[101.3983539893911,3.472622943156764],[101.3983539893911,3.472230309981797],[101.39731757260996,3.472230309981797],[101.39731757260996,3.4718376769657295],[101.39679936421942,3.4718376769657295],[101.39679936421942,3.472230309981797],[101.39576294743829,3.4718376769657295],[101.39576294743829,3.472230309981797],[101.39524473904773,3.472230309981797],[101.39369011387605,3.4738008436352494],[101.39524473904773,3.47458611141574],[101.39524473904773,3.474193477445999],[101.39628115582885,3.4738008436352494],[101.39628115582885,3.473015576490649],[101.39679936421942,3.473015576490649],[101.39679936421942,3.4734082099834716]],[[101.39472653065717,3.4738008436352494],[101.39472653065717,3.4734082099834716],[101.39524473904773,3.4734082099834716],[101.39524473904773,3.4738008436352494],[101.39472653065717,3.4738008436352494]]],[[[101.40560890685894,3.472622943156764],[101.40509069846838,3.472622943156764],[101.40509069846838,3.472230309981797],[101.40405428168727,3.472230309981797],[101.40405428168727,3.4718376769657295],[101.4035360732967,3.4718376769657295],[101.4035360732967,3.472230309981797],[101.40249965651557,3.4718376769657295],[101.40249965651557,3.472230309981797],[101.40198144812501,3.472230309981797],[101.40198144812501,3.472622943156764],[101.40249965651557,3.472622943156764],[101.40249965651557,3.4734082099834716],[101.40198144812501,3.4734082099834716],[101.40198144812501,3.4738008436352494],[101.4035360732967,3.47458611141574],[101.4035360732967,3.474193477445999],[101.40405428168727,3.474193477445999],[101.4035360732967,3.4734082099834716],[101.40405428168727,3.4734082099834716],[101.40405428168727,3.473015576490649],[101.40509069846838,3.4734082099834716],[101.40560890685894,3.472622943156764]],[[101.40301786490613,3.4734082099834716],[101.40301786490613,3.473015576490649],[101.4035360732967,3.473015576490649],[101.4035360732967,3.4734082099834716],[101.40301786490613,3.4734082099834716]]],[[[101.39213548870437,3.4734082099834716],[101.39161728031381,3.4734082099834716],[101.39109907192324,3.474193477445999],[101.39161728031381,3.474193477445999],[101.39213548870437,3.4749787455444907],[101.39317190548547,3.4749787455444907],[101.39369011387605,3.474193477445999],[101.39317190548547,3.474193477445999],[101.39317190548547,3.4738008436352494],[101.39213548870437,3.4738008436352494],[101.39213548870437,3.4734082099834716]]],[[[101.39109907192324,3.4792977314605418],[101.39161728031381,3.4792977314605418],[101.39161728031381,3.4785124598616517],[101.39213548870437,3.4785124598616517],[101.39213548870437,3.4781198243010016],[101.39161728031381,3.4781198243010016],[101.39161728031381,3.477334553657202],[101.39213548870437,3.477334553657202],[101.39213548870437,3.4765492836499465],[101.39265369709493,3.4765492836499465],[101.39265369709493,3.476156648884978],[101.39161728031381,3.4757640142790907],[101.39161728031381,3.476156648884978],[101.39109907192324,3.476156648884978],[101.39109907192324,3.4769419185740147],[101.39058086353268,3.4769419185740147],[101.39058086353268,3.4777271888995247],[101.39006265514212,3.4777271888995247],[101.39006265514212,3.4769419185740147],[101.389026238361,3.4765492836499465],[101.389026238361,3.4757640142790907],[101.39006265514212,3.4753713798322674],[101.39006265514212,3.472622943156764],[101.38954444675157,3.472622943156764],[101.389026238361,3.4718376769657295],[101.38747161318932,3.4718376769657295],[101.38695340479876,3.472622943156764],[101.38798982157986,3.473015576490649],[101.38747161318932,3.4738008436352494],[101.38798982157986,3.4738008436352494],[101.38798982157986,3.4757640142790907],[101.38850802997044,3.4757640142790907],[101.38850802997044,3.4765492836499465],[101.38798982157986,3.4765492836499465],[101.38798982157986,3.476156648884978],[101.38695340479876,3.4765492836499465],[101.38695340479876,3.477334553657202],[101.3864351964082,3.477334553657202],[101.38591698801763,3.4789050955814917],[101.38695340479876,3.4792977314605418],[101.38695340479876,3.4789050955814917],[101.38850802997044,3.4781198243010016],[101.38850802997044,3.4789050955814917],[101.389026238361,3.4789050955814917],[101.38850802997044,3.479690367498818],[101.389026238361,3.479690367498818],[101.389026238361,3.4800830036963384],[101.39006265514212,3.4800830036963384],[101.39006265514212,3.480475640053123],[101.38954444675157,3.480475640053123],[101.39006265514212,3.4812609132445544],[101.39058086353268,3.4812609132445544],[101.39058086353268,3.4808682765691894],[101.39109907192324,3.4808682765691894],[101.39109907192324,3.4800830036963384],[101.39161728031381,3.4800830036963384],[101.39109907192324,3.4792977314605418]],[[101.38954444675157,3.4785124598616517],[101.38954444675157,3.4781198243010016],[101.39058086353268,3.4781198243010016],[101.39058086353268,3.4789050955814917],[101.38954444675157,3.4785124598616517]]],[[[101.4035360732967,3.4800830036963384],[101.40405428168727,3.4800830036963384],[101.40405428168727,3.4777271888995247],[101.4035360732967,3.4777271888995247],[101.4035360732967,3.477334553657202],[101.40249965651557,3.477334553657202],[101.40249965651557,3.4777271888995247],[101.40146323973445,3.4777271888995247],[101.40146323973445,3.477334553657202],[101.4009450313439,3.477334553657202],[101.4009450313439,3.4777271888995247],[101.40042682295334,3.4777271888995247],[101.40042682295334,3.4785124598616517],[101.4009450313439,3.4785124598616517],[101.4009450313439,3.479690367498818],[101.40042682295334,3.479690367498818],[101.40042682295334,3.4800830036963384],[101.4009450313439,3.4800830036963384],[101.4009450313439,3.480475640053123],[101.40146323973445,3.480475640053123],[101.40146323973445,3.4800830036963384],[101.40249965651557,3.480475640053123],[101.40249965651557,3.4812609132445544],[101.40198144812501,3.4812609132445544],[101.40249965651557,3.482046187073258],[101.40301786490613,3.482046187073258],[101.40301786490613,3.4816535500792387],[101.4035360732967,3.4816535500792387],[101.4035360732967,3.4808682765691894],[101.40405428168727,3.4808682765691894],[101.4035360732967,3.4800830036963384]],[[101.40198144812501,3.4789050955814917],[101.40198144812501,3.4781198243010016],[101.40249965651557,3.4781198243010016],[101.40249965651557,3.4789050955814917],[101.40198144812501,3.4789050955814917]]],[[[101.38798982157986,3.479690367498818],[101.38747161318932,3.479690367498818],[101.38747161318932,3.4800830036963384],[101.38695340479876,3.4800830036963384],[101.38695340479876,3.4808682765691894],[101.3864351964082,3.4808682765691894],[101.3864351964082,3.4812609132445544],[101.38695340479876,3.4812609132445544],[101.38695340479876,3.4816535500792387],[101.3864351964082,3.4816535500792387],[101.38695340479876,3.4824388242266306],[101.389026238361,3.4812609132445544],[101.389026238361,3.480475640053123],[101.38850802997044,3.480475640053123],[101.38798982157986,3.479690367498818]],[[101.38747161318932,3.4816535500792387],[101.38747161318932,3.4812609132445544],[101.38798982157986,3.4812609132445544],[101.38798982157986,3.4816535500792387],[101.38747161318932,3.4816535500792387]]],[[[101.4061271152495,3.4832240990115118],[101.40560890685894,3.4832240990115118],[101.40560890685894,3.4808682765691894],[101.40457249007783,3.480475640053123],[101.40457249007783,3.4808682765691894],[101.40405428168727,3.4808682765691894],[101.40405428168727,3.4828314615393756],[101.40457249007783,3.4828314615393756],[101.40457249007783,3.483616736643056],[101.40664532364006,3.4847946504943184],[101.40716353203062,3.484009374434026],[101.40664532364006,3.484009374434026],[101.4061271152495,3.4832240990115118]]],[[[101.38591698801763,3.483616736643056],[101.38539877962708,3.483616736643056],[101.38539877962708,3.484009374434026],[101.3864351964082,3.4844020123844412],[101.38695340479876,3.483616736643056],[101.3864351964082,3.483616736643056],[101.3864351964082,3.4832240990115118],[101.38591698801763,3.4832240990115118],[101.38591698801763,3.483616736643056]]],[[[101.40716353203062,3.4855799271925365],[101.40664532364006,3.4855799271925365],[101.40664532364006,3.4859725657809117],[101.40768174042118,3.486365204528823],[101.40819994881174,3.4855799271925365],[101.40768174042118,3.4855799271925365],[101.40768174042118,3.485187288763678],[101.40716353203062,3.485187288763678],[101.40716353203062,3.4855799271925365]]],[[[101.38539877962708,3.4859725657809117],[101.38488057123652,3.4859725657809117],[101.38488057123652,3.486365204528823],[101.38591698801763,3.486757843436288],[101.3864351964082,3.4859725657809117],[101.38591698801763,3.4859725657809117],[101.38591698801763,3.4855799271925365],[101.38539877962708,3.4855799271925365],[101.38539877962708,3.4859725657809117]]],[[[101.40716353203062,3.4887210403675497],[101.40664532364006,3.4887210403675497],[101.40664532364006,3.4891136802327174],[101.40768174042118,3.4895063202575645],[101.40819994881174,3.4887210403675497],[101.40768174042118,3.4887210403675497],[101.40768174042118,3.488328400662045],[101.40716353203062,3.488328400662045],[101.40716353203062,3.4887210403675497]]],[[[101.3864351964082,3.4891136802327174],[101.38591698801763,3.4891136802327174],[101.38591698801763,3.4895063202575645],[101.38695340479876,3.489898960442112],[101.38747161318932,3.4891136802327174],[101.38695340479876,3.4891136802327174],[101.38695340479876,3.4887210403675497],[101.3864351964082,3.4887210403675497],[101.3864351964082,3.4891136802327174]]],[[[101.38798982157986,3.4918621637609615],[101.38747161318932,3.4918621637609615],[101.38747161318932,3.491469522777649],[101.3864351964082,3.491469522777649],[101.3864351964082,3.4918621637609615],[101.38591698801763,3.4918621637609615],[101.38695340479876,3.4934327292924703],[101.38747161318932,3.4934327292924703],[101.38798982157986,3.492647446207028],[101.389026238361,3.492647446207028],[101.389026238361,3.4922548049040825],[101.38954444675157,3.4922548049040825],[101.389026238361,3.491469522777649],[101.38798982157986,3.491469522777649],[101.38798982157986,3.4918621637609615]],[[101.38747161318932,3.492647446207028],[101.38747161318932,3.4922548049040825],[101.38798982157986,3.4922548049040825],[101.38798982157986,3.492647446207028],[101.38747161318932,3.492647446207028]]],[[[101.38073490411202,3.4934327292924703],[101.38021669572147,3.4934327292924703],[101.38021669572147,3.493825371075003],[101.38125311250259,3.494218013017434],[101.38177132089315,3.4934327292924703],[101.38125311250259,3.4934327292924703],[101.38125311250259,3.4930400876698178],[101.38073490411202,3.4930400876698178],[101.38073490411202,3.4934327292924703]]],[[[101.38798982157986,3.523273961751285],[101.38747161318932,3.523273961751285],[101.38695340479876,3.5240592698856394],[101.38747161318932,3.5240592698856394],[101.38747161318932,3.524844578665177],[101.38850802997044,3.5252372332969353],[101.389026238361,3.5244519241947505],[101.38850802997044,3.5244519241947505],[101.38850802997044,3.523666615737823],[101.38798982157986,3.523666615737823],[101.38798982157986,3.523273961751285]]],[[[101.389026238361,3.5268078534376546],[101.38850802997044,3.5268078534376546],[101.38798982157986,3.526022543044521],[101.38695340479876,3.526415198160385],[101.38695340479876,3.5268078534376546],[101.38747161318932,3.5268078534376546],[101.38747161318932,3.527985820238073],[101.38798982157986,3.527985820238073],[101.38798982157986,3.5287711322457094],[101.38747161318932,3.5287711322457094],[101.38798982157986,3.5295564448994017],[101.39006265514212,3.5283784761611434],[101.39006265514212,3.527985820238073],[101.389026238361,3.527593164476481],[101.389026238361,3.5268078534376546]],[[101.38850802997044,3.5287711322457094],[101.38850802997044,3.5283784761611434],[101.389026238361,3.5283784761611434],[101.389026238361,3.5287711322457094],[101.38850802997044,3.5287711322457094]]],[[[101.38954444675157,3.5295564448994017],[101.389026238361,3.5295564448994017],[101.389026238361,3.529949101468564],[101.39006265514212,3.530341758199293],[101.39058086353268,3.5295564448994017],[101.39006265514212,3.5295564448994017],[101.39006265514212,3.5291637884917897],[101.38954444675157,3.5291637884917897],[101.38954444675157,3.5295564448994017]]],[[[101.39265369709493,3.5307344150916102],[101.39213548870437,3.5307344150916102],[101.39213548870437,3.5311270721455323],[101.39317190548547,3.531519729361076],[101.39369011387605,3.5307344150916102],[101.39317190548547,3.5307344150916102],[101.39317190548547,3.530341758199293],[101.39265369709493,3.530341758199293],[101.39265369709493,3.5307344150916102]]],[[[101.39213548870437,3.5311270721455323],[101.39161728031381,3.5311270721455323],[101.39161728031381,3.531519729361076],[101.39058086353268,3.531519729361076],[101.39006265514212,3.532305044277106],[101.39058086353268,3.532305044277106],[101.39058086353268,3.532697701977627],[101.39161728031381,3.532697701977627],[101.39161728031381,3.532305044277106],[101.39265369709493,3.5319123867382616],[101.39213548870437,3.5311270721455323]]],[[[101.38747161318932,3.5432995210720475],[101.38747161318932,3.542906858999378],[101.38798982157986,3.542906858999378],[101.38798982157986,3.5432995210720475],[101.389026238361,3.543692183306903],[101.389026238361,3.5432995210720475],[101.39006265514212,3.542906858999378],[101.38954444675157,3.5421215353405224],[101.38747161318932,3.542514197088875],[101.38798982157986,3.5417288737543005],[101.38954444675157,3.5417288737543005],[101.38954444675157,3.5413362123301915],[101.39006265514212,3.5413362123301915],[101.39006265514212,3.540943551068177],[101.389026238361,3.5405508899682387],[101.389026238361,3.5397655682545217],[101.38850802997044,3.5397655682545217],[101.38850802997044,3.5389802471888925],[101.38954444675157,3.5389802471888925],[101.38954444675157,3.5393729076407046],[101.39058086353268,3.5389802471888925],[101.39058086353268,3.538587586899065],[101.38954444675157,3.538194926771207],[101.38954444675157,3.5374096070013197],[101.39006265514212,3.5374096070013197],[101.39006265514212,3.537016947359256],[101.38954444675157,3.537016947359256],[101.38954444675157,3.536231628560793],[101.39058086353268,3.53583896940436],[101.39006265514212,3.535053651576995],[101.39109907192324,3.53466099290603],[101.39109907192324,3.533875676049438],[101.39058086353268,3.533875676049438],[101.39058086353268,3.533090359839844],[101.39006265514212,3.533090359839844],[101.39006265514212,3.532697701977627],[101.389026238361,3.533090359839844],[101.389026238361,3.533875676049438],[101.38954444675157,3.533875676049438],[101.38954444675157,3.5342683343968497],[101.389026238361,3.5342683343968497],[101.389026238361,3.535053651576995],[101.38954444675157,3.535053651576995],[101.38954444675157,3.535446310409766],[101.38850802997044,3.535446310409766],[101.38850802997044,3.535053651576995],[101.38747161318932,3.535053651576995],[101.38747161318932,3.535446310409766],[101.38695340479876,3.535446310409766],[101.38695340479876,3.536231628560793],[101.3864351964082,3.536231628560793],[101.3864351964082,3.538194926771207],[101.38591698801763,3.538194926771207],[101.38539877962708,3.5389802471888925],[101.38436236284596,3.5389802471888925],[101.38436236284596,3.538587586899065],[101.38384415445539,3.538587586899065],[101.38280773767427,3.5397655682545217],[101.38228952928372,3.5397655682545217],[101.38228952928372,3.5393729076407046],[101.38125311250259,3.5397655682545217],[101.38177132089315,3.5405508899682387],[101.38280773767427,3.54015822903036],[101.38280773767427,3.540943551068177],[101.38384415445539,3.5413362123301915],[101.38384415445539,3.5417288737543005],[101.38280773767427,3.5417288737543005],[101.38280773767427,3.5413362123301915],[101.38177132089315,3.5417288737543005],[101.38177132089315,3.542514197088875],[101.38228952928372,3.542514197088875],[101.38228952928372,3.5432995210720475],[101.38280773767427,3.5432995210720475],[101.38280773767427,3.543692183306903],[101.38384415445539,3.543692183306903],[101.38384415445539,3.5432995210720475],[101.38436236284596,3.5432995210720475],[101.38488057123652,3.544084845703963],[101.3864351964082,3.544084845703963],[101.3864351964082,3.543692183306903],[101.38747161318932,3.5432995210720475]],[[101.38436236284596,3.542906858999378],[101.38488057123652,3.542906858999378],[101.38488057123652,3.5432995210720475],[101.38436236284596,3.5432995210720475],[101.38436236284596,3.542906858999378]],[[101.38384415445539,3.542906858999378],[101.38384415445539,3.542514197088875],[101.38436236284596,3.542514197088875],[101.38436236284596,3.542906858999378],[101.38384415445539,3.542906858999378]],[[101.38332594606483,3.542514197088875],[101.38332594606483,3.5421215353405224],[101.38384415445539,3.5421215353405224],[101.38384415445539,3.542514197088875],[101.38332594606483,3.542514197088875]],[[101.3864351964082,3.542906858999378],[101.3864351964082,3.5432995210720475],[101.38591698801763,3.5432995210720475],[101.38591698801763,3.542906858999378],[101.3864351964082,3.542906858999378]],[[101.3864351964082,3.542514197088875],[101.38695340479876,3.542514197088875],[101.38695340479876,3.542906858999378],[101.3864351964082,3.542906858999378],[101.3864351964082,3.542514197088875]],[[101.38591698801763,3.542514197088875],[101.38591698801763,3.5421215353405224],[101.3864351964082,3.5421215353405224],[101.3864351964082,3.542514197088875],[101.38591698801763,3.542514197088875]],[[101.38539877962708,3.5421215353405224],[101.38539877962708,3.542514197088875],[101.38488057123652,3.542514197088875],[101.38488057123652,3.5417288737543005],[101.38591698801763,3.5417288737543005],[101.38591698801763,3.5421215353405224],[101.38539877962708,3.5421215353405224]],[[101.38695340479876,3.5389802471888925],[101.38695340479876,3.5393729076407046],[101.38798982157986,3.5397655682545217],[101.38798982157986,3.540943551068177],[101.38747161318932,3.540943551068177],[101.38747161318932,3.5413362123301915],[101.38695340479876,3.5413362123301915],[101.38695340479876,3.5405508899682387],[101.3864351964082,3.5405508899682387],[101.3864351964082,3.5397655682545217],[101.38591698801763,3.5397655682545217],[101.38591698801763,3.5393729076407046],[101.38695340479876,3.5389802471888925]],[[101.38488057123652,3.54015822903036],[101.38488057123652,3.5405508899682387],[101.38384415445539,3.540943551068177],[101.38384415445539,3.54015822903036],[101.38488057123652,3.54015822903036]],[[101.38850802997044,3.5374096070013197],[101.38850802997044,3.538587586899065],[101.38747161318932,3.538587586899065],[101.38747161318932,3.537016947359256],[101.38798982157986,3.537016947359256],[101.38798982157986,3.5366242878790857],[101.389026238361,3.537016947359256],[101.389026238361,3.5374096070013197],[101.38850802997044,3.5374096070013197]],[[101.38798982157986,3.536231628560793],[101.38798982157986,3.53583896940436],[101.38850802997044,3.53583896940436],[101.38850802997044,3.536231628560793],[101.38798982157986,3.536231628560793]]],[[[101.43203753477754,3.4463168708934937],[101.43250250329098,3.4463168708934937],[101.4314729,3.4463127961976388],[101.4310011179964,3.4471021165041362],[101.43151932638698,3.4471021165041362],[101.43203753477754,3.4478873627457345],[101.43307395155865,3.4478873627457345],[101.43307395155865,3.4486726096184355],[101.4340948989846,3.449065233291495],[101.43417659999999,3.446323496197647],[101.43307395155865,3.446319132422683],[101.43307395155865,3.4471021165041362],[101.43203753477754,3.4471021165041362],[101.43203753477754,3.4463168708934937]]],[[[101.42762189527994,3.4525988534535523],[101.4284100760436,3.45220622835937],[101.4284100760436,3.451813603423163],[101.42810295883568,3.451813603423163],[101.42762189527994,3.4525988534535523]]],[[[101.43462857673035,3.4537767296841295],[101.43411036833977,3.4537767296841295],[101.43411036833977,3.454169355410392],[101.4351467851209,3.4545619812947224],[101.43566499351145,3.4537767296841295],[101.4351467851209,3.4537767296841295],[101.4351467851209,3.453384104115913],[101.43462857673035,3.453384104115913],[101.43462857673035,3.4537767296841295]]],[[[101.43307395155865,3.45613248641306],[101.43255574316811,3.45613248641306],[101.43255574316811,3.4565251130879893],[101.43359215994921,3.456917739921095],[101.43411036833977,3.45613248641306],[101.43359215994921,3.45613248641306],[101.43359215994921,3.4557398598962856],[101.43307395155865,3.4557398598962856],[101.43307395155865,3.45613248641306]]],[[[101.42944649282474,3.4553472335376503],[101.4299647012153,3.4553472335376503],[101.43048290960586,3.45613248641306],[101.42944649282474,3.45613248641306],[101.42944649282474,3.4565251130879893],[101.42892828443416,3.4565251130879893],[101.42892828443416,3.457310366912393],[101.42944649282474,3.457310366912393],[101.42892828443416,3.459273504242407],[101.43048290960586,3.460058760282397],[101.4299647012153,3.4616292742625783],[101.43048290960586,3.4616292742625783],[101.43151932638698,3.4628071614109612],[101.43255574316811,3.4628071614109612],[101.43255574316811,3.4631997907773275],[101.43203753477754,3.4631997907773275],[101.43203753477754,3.463985049985527],[101.43307395155865,3.4643776798273973],[101.43307395155865,3.463985049985527],[101.43359215994921,3.463985049985527],[101.43359215994921,3.4631997907773275],[101.43411036833977,3.4631997907773275],[101.43411036833977,3.4628071614109612],[101.43359215994921,3.4628071614109612],[101.43359215994921,3.46084401695574],[101.43411036833977,3.46084401695574],[101.43411036833977,3.460058760282397],[101.43462857673035,3.460058760282397],[101.43462857673035,3.458488248835624],[101.43411036833977,3.458488248835624],[101.43411036833977,3.458095621369639],[101.43359215994921,3.458095621369639],[101.43359215994921,3.457310366912393],[101.43203753477754,3.4565251130879893],[101.43203753477754,3.4557398598962856],[101.43307395155865,3.4557398598962856],[101.43307395155865,3.4553472335376503],[101.43411036833977,3.454954607337135],[101.43411036833977,3.4545619812947224],[101.43255574316811,3.4537767296841295],[101.43255574316811,3.452991478705727],[101.43462857673035,3.4525988534535523],[101.4351467851209,3.453384104115913],[101.43566499351145,3.453384104115913],[101.43566499351145,3.452991478705727],[101.4377378270737,3.453384104115913],[101.4377378270737,3.4537767296841295],[101.43929245224538,3.4545619812947224],[101.43929245224538,3.4553472335376503],[101.43877424385482,3.4553472335376503],[101.43929245224538,3.45613248641306],[101.43877424385482,3.45613248641306],[101.43877424385482,3.4565251130879893],[101.43981066063596,3.456917739921095],[101.43929245224538,3.4577029940619006],[101.4403288690265,3.458095621369639],[101.4403288690265,3.4577029940619006],[101.44084707741706,3.4577029940619006],[101.44084707741706,3.457310366912393],[101.4403288690265,3.457310366912393],[101.4403288690265,3.4565251130879893],[101.44136528580762,3.45613248641306],[101.44136528580762,3.454954607337135],[101.4418834941982,3.454954607337135],[101.4418834941982,3.4553472335376503],[101.4429199109793,3.454954607337135],[101.4429199109793,3.4545619812947224],[101.4418834941982,3.454169355410392],[101.4418834941982,3.4537767296841295],[101.4429199109793,3.453384104115913],[101.4429199109793,3.452737412631855],[101.44084707741706,3.4526131898768955],[101.4403288690265,3.453384104115913],[101.43981066063596,3.453384104115913],[101.43929245224538,3.4525988534535523],[101.43566499351145,3.452302633058688],[101.43566499351145,3.4525988534535523],[101.4351467851209,3.4525988534535523],[101.43454855724914,3.451813603423163],[101.43359215994921,3.451813603423163],[101.43359215994921,3.45220622835937],[101.43307395155865,3.45220622835937],[101.43307395155865,3.451813603423163],[101.43203753477754,3.451813603423163],[101.43203753477754,3.4514209786449137],[101.43151932638698,3.4514209786449137],[101.43151932638698,3.4506357295622125],[101.43203753477754,3.4506357295622125],[101.43307395155865,3.4494578571223844],[101.43255574316811,3.4494578571223844],[101.43203753477754,3.4486726096184355],[101.43048290960586,3.4486726096184355],[101.42858402239139,3.451028354024603],[101.42944649282474,3.4506357295622125],[101.42944649282474,3.450243105257725],[101.4299647012153,3.450243105257725],[101.4299647012153,3.4498504811111217],[101.43048290960586,3.4498504811111217],[101.43048290960586,3.4494578571223844],[101.43203753477754,3.4494578571223844],[101.43203753477754,3.4498504811111217],[101.4310011179964,3.4498504811111217],[101.4310011179964,3.450243105257725],[101.43048290960586,3.450243105257725],[101.43048290960586,3.451813603423163],[101.4310011179964,3.451813603423163],[101.4310011179964,3.45220622835937],[101.43048290960586,3.45220622835937],[101.43048290960586,3.453384104115913],[101.42944649282474,3.4537767296841295],[101.42944649282474,3.453384104115913],[101.4284100760436,3.452991478705727],[101.4284100760436,3.453384104115913],[101.42789186765305,3.453384104115913],[101.42789186765305,3.4537767296841295],[101.4284100760436,3.4537767296841295],[101.4284100760436,3.454954607337135],[101.42789186765305,3.454954607337135],[101.42789186765305,3.4553472335376503],[101.4273736592625,3.4553472335376503],[101.4273736592625,3.454954607337135],[101.42633724248137,3.454954607337135],[101.42581903409081,3.4557398598962856],[101.42633724248137,3.4557398598962856],[101.42633724248137,3.4565251130879893],[101.4273736592625,3.456917739921095],[101.4273736592625,3.4565251130879893],[101.42789186765305,3.4565251130879893],[101.42789186765305,3.45613248641306],[101.42892828443416,3.45613248641306],[101.42944649282474,3.4553472335376503]],[[101.43151932638698,3.4557398598962856],[101.43151932638698,3.4553472335376503],[101.43203753477754,3.4553472335376503],[101.43203753477754,3.4557398598962856],[101.43151932638698,3.4557398598962856]],[[101.43825603546425,3.453384104115913],[101.43877424385482,3.453384104115913],[101.43877424385482,3.4537767296841295],[101.43825603546425,3.4537767296841295],[101.43825603546425,3.453384104115913]],[[101.4418834941982,3.4545619812947224],[101.44084707741706,3.4545619812947224],[101.44084707741706,3.454169355410392],[101.4418834941982,3.454169355410392],[101.4418834941982,3.4545619812947224]],[[101.43255574316811,3.4620219031536044],[101.43151932638698,3.4620219031536044],[101.43151932638698,3.461236645529963],[101.43203753477754,3.461236645529963],[101.43203753477754,3.459666132183243],[101.43151932638698,3.459666132183243],[101.43151932638698,3.459273504242407],[101.43359215994921,3.459666132183243],[101.43359215994921,3.460058760282397],[101.43307395155865,3.460058760282397],[101.43307395155865,3.46084401695574],[101.43255574316811,3.46084401695574],[101.43255574316811,3.4620219031536044]],[[101.4310011179964,3.459273504242407],[101.4310011179964,3.458880876459874],[101.43151932638698,3.458880876459874],[101.43151932638698,3.459273504242407],[101.4310011179964,3.459273504242407]],[[101.4310011179964,3.459666132183243],[101.43048290960586,3.459666132183243],[101.43048290960586,3.459273504242407],[101.4310011179964,3.459273504242407],[101.4310011179964,3.459666132183243]],[[101.4299647012153,3.459273504242407],[101.4299647012153,3.458880876459874],[101.43048290960586,3.458880876459874],[101.43048290960586,3.459273504242407],[101.4299647012153,3.459273504242407]],[[101.43203753477754,3.458095621369639],[101.43203753477754,3.458488248835624],[101.43151932638698,3.458488248835624],[101.43151932638698,3.458095621369639],[101.4310011179964,3.458095621369639],[101.4310011179964,3.457310366912393],[101.43151932638698,3.457310366912393],[101.43151932638698,3.4577029940619006],[101.43255574316811,3.4577029940619006],[101.43255574316811,3.458095621369639],[101.43203753477754,3.458095621369639]],[[101.43981066063596,3.4557398598962856],[101.43981066063596,3.4553472335376503],[101.4403288690265,3.4553472335376503],[101.4403288690265,3.4557398598962856],[101.43981066063596,3.4557398598962856]],[[101.4299647012153,3.454954607337135],[101.4299647012153,3.454169355410392],[101.4310011179964,3.454169355410392],[101.4310011179964,3.454954607337135],[101.4299647012153,3.454954607337135]],[[101.43203753477754,3.454954607337135],[101.43203753477754,3.4545619812947224],[101.43151932638698,3.4545619812947224],[101.43151932638698,3.454169355410392],[101.43255574316811,3.454169355410392],[101.43255574316811,3.4545619812947224],[101.43307395155865,3.4545619812947224],[101.43307395155865,3.454954607337135],[101.43203753477754,3.454954607337135]]],[[[101.4234504,3.4554799961878033],[101.42374620052856,3.458095621369639],[101.42426440891913,3.458095621369639],[101.42426440891913,3.458488248835624],[101.42530082570025,3.458488248835624],[101.42530082570025,3.458880876459874],[101.42633724248137,3.458880876459874],[101.42633724248137,3.458488248835624],[101.42685545087193,3.458488248835624],[101.42685545087193,3.456917739921095],[101.42633724248137,3.456917739921095],[101.42633724248137,3.4565251130879893],[101.42530082570025,3.4565251130879893],[101.42478261730969,3.4557398598962856],[101.4234504,3.4554799961878033]],[[101.42530082570025,3.458095621369639],[101.42530082570025,3.4577029940619006],[101.42581903409081,3.4577029940619006],[101.42581903409081,3.458095621369639],[101.42530082570025,3.458095621369639]]],[[[101.42115515857576,3.4576368221929066],[101.42322799213801,3.4577029940619006],[101.42322799213801,3.4576306108817896],[101.42115515857576,3.4576368221929066]]],[[[101.41908232501352,3.458095621369639],[101.41960053340408,3.458095621369639],[101.41960053340408,3.4577029940619006],[101.4206369501852,3.4576383750206916],[101.41856411662296,3.4576445863318566],[101.41908232501352,3.4577029940619006],[101.41908232501352,3.458095621369639]]],[[[101.43877424385482,3.459273504242407],[101.43929245224538,3.460058760282397],[101.44084707741706,3.460058760282397],[101.44084707741706,3.459666132183243],[101.44136528580762,3.459666132183243],[101.44136528580762,3.458880876459874],[101.44084707741706,3.458880876459874],[101.44084707741706,3.458488248835624],[101.43877424385482,3.459273504242407]]],[[[101.4418834941982,3.460058760282397],[101.4418834941982,3.459666132183243],[101.44136528580762,3.459666132183243],[101.44084707741706,3.460451388539891],[101.4418834941982,3.46084401695574],[101.4418834941982,3.460451388539891],[101.44240170258875,3.460451388539891],[101.44240170258875,3.460058760282397],[101.4418834941982,3.460058760282397]]],[[[101.4429199109793,3.465948200780433],[101.4418834941982,3.4655555703043044],[101.44084707741706,3.466733462208539],[101.4418834941982,3.467126093160552],[101.4429199109793,3.465948200780433]]],[[[101.44084707741706,3.46791135554059],[101.44136528580762,3.46791135554059],[101.44136528580762,3.467126093160552],[101.4403288690265,3.466733462208539],[101.4403288690265,3.467126093160552],[101.43981066063596,3.467126093160552],[101.43981066063596,3.46791135554059],[101.4403288690265,3.46791135554059],[101.4403288690265,3.468303986968651],[101.44084707741706,3.468303986968651],[101.44084707741706,3.46791135554059]]],[[[101.4418834941982,3.46791135554059],[101.44136528580762,3.46791135554059],[101.44136528580762,3.468696618555431],[101.44240170258875,3.469089250300949],[101.44240170258875,3.468696618555431],[101.4429199109793,3.468696618555431],[101.4429199109793,3.46791135554059],[101.44240170258875,3.46791135554059],[101.44240170258875,3.4675187242712298],[101.4418834941982,3.4675187242712298],[101.4418834941982,3.46791135554059]]],[[[101.43670141029259,3.469481882205221],[101.43618320190201,3.469481882205221],[101.43618320190201,3.4698745142682674],[101.43721961868314,3.470267146490104],[101.4377378270737,3.469481882205221],[101.43721961868314,3.469481882205221],[101.43721961868314,3.469089250300949],[101.43670141029259,3.469089250300949],[101.43670141029259,3.469481882205221]]],[[[101.44395632776043,3.473015576490649],[101.44395632776043,3.47065977887075],[101.4429199109793,3.47065977887075],[101.4429199109793,3.470267146490104],[101.44343811936986,3.470267146490104],[101.44343811936986,3.469481882205221],[101.44395632776043,3.469481882205221],[101.44408462494684,3.4698745142682674],[101.44405558799198,3.4675187242712298],[101.44395632776043,3.46791135554059],[101.44343811936986,3.46791135554059],[101.44343811936986,3.468696618555431],[101.4429199109793,3.468696618555431],[101.4418834941982,3.4698745142682674],[101.44136528580762,3.4698745142682674],[101.44136528580762,3.469481882205221],[101.43981066063596,3.469481882205221],[101.43981066063596,3.4698745142682674],[101.43929245224538,3.4698745142682674],[101.44136528580762,3.4738008436352494],[101.4418834941982,3.4738008436352494],[101.4418834941982,3.4734082099834716],[101.4429199109793,3.4734082099834716],[101.4429199109793,3.473015576490649],[101.44395632776043,3.473015576490649]]],[[[101.41545486627959,3.47065977887075],[101.41493665788904,3.47065977887075],[101.41493665788904,3.471052411410225],[101.41597307467016,3.471445044108546],[101.41649128306071,3.47065977887075],[101.41597307467016,3.47065977887075],[101.41597307467016,3.470267146490104],[101.41545486627959,3.470267146490104],[101.41545486627959,3.47065977887075]]],[[[101.43151932638698,3.474193477445999],[101.43151932638698,3.4753713798322674],[101.43203753477754,3.4753713798322674],[101.43203753477754,3.4757640142790907],[101.43151932638698,3.4757640142790907],[101.4310011179964,3.4765492836499465],[101.43151932638698,3.4765492836499465],[101.43203753477754,3.477334553657202],[101.43307395155865,3.477334553657202],[101.43307395155865,3.4777271888995247],[101.43359215994921,3.4777271888995247],[101.43359215994921,3.477334553657202],[101.43462857673035,3.477334553657202],[101.43462857673035,3.4769419185740147],[101.4351467851209,3.4769419185740147],[101.4351467851209,3.4749787455444907],[101.43618320190201,3.4753713798322674],[101.43721961868314,3.4738008436352494],[101.43825603546425,3.474193477445999],[101.43825603546425,3.4738008436352494],[101.43877424385482,3.4738008436352494],[101.43877424385482,3.473015576490649],[101.43929245224538,3.473015576490649],[101.43981066063596,3.472230309981797],[101.43929245224538,3.472230309981797],[101.43929245224538,3.4718376769657295],[101.43825603546425,3.472230309981797],[101.43825603546425,3.471445044108546],[101.4377378270737,3.471445044108546],[101.4377378270737,3.471052411410225],[101.43566499351145,3.471052411410225],[101.43566499351145,3.471445044108546],[101.4351467851209,3.471445044108546],[101.4351467851209,3.47065977887075],[101.43411036833977,3.470267146490104],[101.43411036833977,3.4698745142682674],[101.43462857673035,3.4698745142682674],[101.43462857673035,3.469481882205221],[101.43411036833977,3.469481882205221],[101.43411036833977,3.468696618555431],[101.43462857673035,3.468696618555431],[101.43462857673035,3.468303986968651],[101.43359215994921,3.46791135554059],[101.43359215994921,3.468303986968651],[101.43307395155865,3.468303986968651],[101.43359215994921,3.469089250300949],[101.43203753477754,3.469089250300949],[101.43203753477754,3.469481882205221],[101.4310011179964,3.469089250300949],[101.4310011179964,3.469481882205221],[101.43048290960586,3.469481882205221],[101.4310011179964,3.471445044108546],[101.43255574316811,3.472230309981797],[101.43255574316811,3.473015576490649],[101.4310011179964,3.4738008436352494],[101.4310011179964,3.474193477445999],[101.43151932638698,3.474193477445999]],[[101.43825603546425,3.473015576490649],[101.43825603546425,3.472622943156764],[101.43877424385482,3.472622943156764],[101.43877424385482,3.473015576490649],[101.43825603546425,3.473015576490649]],[[101.43255574316811,3.4718376769657295],[101.43307395155865,3.4718376769657295],[101.43307395155865,3.472230309981797],[101.43255574316811,3.472230309981797],[101.43255574316811,3.4718376769657295]],[[101.43307395155865,3.4765492836499465],[101.43307395155865,3.4753713798322674],[101.43359215994921,3.4753713798322674],[101.43359215994921,3.4765492836499465],[101.43307395155865,3.4765492836499465]],[[101.43359215994921,3.474193477445999],[101.43359215994921,3.47458611141574],[101.43255574316811,3.4749787455444907],[101.43255574316811,3.474193477445999],[101.43359215994921,3.474193477445999]],[[101.4351467851209,3.4738008436352494],[101.4351467851209,3.4734082099834716],[101.43566499351145,3.4734082099834716],[101.43566499351145,3.4738008436352494],[101.4351467851209,3.4738008436352494]],[[101.43618320190201,3.4738008436352494],[101.43618320190201,3.4734082099834716],[101.43670141029259,3.4734082099834716],[101.43670141029259,3.4738008436352494],[101.43618320190201,3.4738008436352494]],[[101.43670141029259,3.472622943156764],[101.4377378270737,3.472622943156764],[101.4377378270737,3.473015576490649],[101.43670141029259,3.473015576490649],[101.43670141029259,3.472622943156764]],[[101.43618320190201,3.472622943156764],[101.43618320190201,3.472230309981797],[101.43670141029259,3.472230309981797],[101.43670141029259,3.472622943156764],[101.43618320190201,3.472622943156764]],[[101.4351467851209,3.472622943156764],[101.4351467851209,3.472230309981797],[101.43566499351145,3.472230309981797],[101.43566499351145,3.472622943156764],[101.4351467851209,3.472622943156764]],[[101.43255574316811,3.471052411410225],[101.43255574316811,3.471445044108546],[101.43203753477754,3.471445044108546],[101.43203753477754,3.471052411410225],[101.43255574316811,3.471052411410225]],[[101.43255574316811,3.47065977887075],[101.43307395155865,3.47065977887075],[101.43307395155865,3.471052411410225],[101.43255574316811,3.471052411410225],[101.43255574316811,3.47065977887075]]],[[[101.41441844949847,3.47458611141574],[101.41441844949847,3.474193477445999],[101.41545486627959,3.474193477445999],[101.41545486627959,3.4738008436352494],[101.41597307467016,3.4738008436352494],[101.41597307467016,3.473015576490649],[101.41545486627959,3.473015576490649],[101.41597307467016,3.472230309981797],[101.41545486627959,3.472230309981797],[101.41545486627959,3.4718376769657295],[101.41441844949847,3.4718376769657295],[101.41441844949847,3.471445044108546],[101.41338203271735,3.471445044108546],[101.41286382432679,3.472230309981797],[101.41338203271735,3.472230309981797],[101.41441844949847,3.4734082099834716],[101.41338203271735,3.4734082099834716],[101.41286382432679,3.474193477445999],[101.41338203271735,3.474193477445999],[101.41338203271735,3.47458611141574],[101.41441844949847,3.47458611141574]],[[101.41441844949847,3.472622943156764],[101.41493665788904,3.472622943156764],[101.41493665788904,3.473015576490649],[101.41441844949847,3.473015576490649],[101.41441844949847,3.472622943156764]]],[[[101.4418834941982,3.47458611141574],[101.44136528580762,3.47458611141574],[101.44136528580762,3.4749787455444907],[101.44240170258875,3.4753713798322674],[101.4429199109793,3.47458611141574],[101.44240170258875,3.47458611141574],[101.44240170258875,3.474193477445999],[101.4418834941982,3.474193477445999],[101.4418834941982,3.47458611141574]]],[[[101.41338203271735,3.4765492836499465],[101.41286382432679,3.4765492836499465],[101.41286382432679,3.4769419185740147],[101.41390024110791,3.477334553657202],[101.41441844949847,3.4765492836499465],[101.41390024110791,3.4765492836499465],[101.41390024110791,3.476156648884978],[101.41338203271735,3.476156648884978],[101.41338203271735,3.4765492836499465]]],[[[101.41856411662296,3.4777271888995247],[101.4180459082324,3.4777271888995247],[101.4180459082324,3.4781198243010016],[101.41700949145128,3.4781198243010016],[101.41649128306071,3.4789050955814917],[101.41700949145128,3.4789050955814917],[101.41700949145128,3.4792977314605418],[101.41752769984184,3.4792977314605418],[101.41752769984184,3.4789050955814917],[101.41856411662296,3.4789050955814917],[101.41856411662296,3.4785124598616517],[101.41908232501352,3.4785124598616517],[101.41856411662296,3.4777271888995247]]],[[[101.41597307467016,3.4777271888995247],[101.41493665788904,3.477334553657202],[101.41493665788904,3.4777271888995247],[101.41338203271735,3.4785124598616517],[101.41493665788904,3.4800830036963384],[101.41597307467016,3.479690367498818],[101.41597307467016,3.4789050955814917],[101.41545486627959,3.4789050955814917],[101.41545486627959,3.4781198243010016],[101.41597307467016,3.4781198243010016],[101.41597307467016,3.4777271888995247]]],[[[101.4180459082324,3.480475640053123],[101.41752769984184,3.480475640053123],[101.41752769984184,3.4808682765691894],[101.41856411662296,3.4812609132445544],[101.41908232501352,3.480475640053123],[101.41856411662296,3.480475640053123],[101.41856411662296,3.4800830036963384],[101.4180459082324,3.4800830036963384],[101.4180459082324,3.480475640053123]]],[[[101.41545486627959,3.4824388242266306],[101.41493665788904,3.4824388242266306],[101.41493665788904,3.4828314615393756],[101.41597307467016,3.4832240990115118],[101.41649128306071,3.4824388242266306],[101.41597307467016,3.4824388242266306],[101.41597307467016,3.482046187073258],[101.41545486627959,3.482046187073258],[101.41545486627959,3.4824388242266306]]],[[[101.44395632776043,3.4922548049040825],[101.44436047601788,3.4922548049040825],[101.4443556365254,3.4918621637609615],[101.44395632776043,3.4918621637609615],[101.44395632776043,3.4922548049040825]]],[[[101.4403288690265,3.4950032973820635],[101.44084707741706,3.4950032973820635],[101.44084707741706,3.4946106551197818],[101.43981066063596,3.494218013017434],[101.43981066063596,3.4946106551197818],[101.43929245224538,3.4946106551197818],[101.43929245224538,3.4950032973820635],[101.43981066063596,3.4950032973820635],[101.43981066063596,3.495395939804298],[101.43929245224538,3.495395939804298],[101.43929245224538,3.4961812251287],[101.44084707741706,3.49696651109313],[101.44136528580762,3.4961812251287],[101.44084707741706,3.4961812251287],[101.44084707741706,3.495395939804298],[101.4403288690265,3.495395939804298],[101.4403288690265,3.4950032973820635]]],[[[101.44395632776043,3.4961812251287],[101.44440887094261,3.4961812251287],[101.44440403145016,3.495788582386505],[101.44395632776043,3.495788582386505],[101.44395632776043,3.4961812251287]]],[[[101.44084707741706,3.4981444412401483],[101.4403288690265,3.4981444412401483],[101.4403288690265,3.498537084942659],[101.44136528580762,3.4989297288052863],[101.4418834941982,3.4981444412401483],[101.44136528580762,3.4981444412401483],[101.44136528580762,3.4977517976977346],[101.44084707741706,3.4977517976977346],[101.44084707741706,3.4981444412401483]]],[[[101.44343811936986,3.501678240328455],[101.4429199109793,3.501678240328455],[101.4418834941982,3.502856176241942],[101.44240170258875,3.502856176241942],[101.44240170258875,3.5032488218670457],[101.4429199109793,3.5032488218670457],[101.4429199109793,3.502856176241942],[101.44395632776043,3.502856176241942],[101.44395632776043,3.504034113598272],[101.44447453615099,3.504034113598272],[101.44451050028458,3.5044267597044305],[101.44447453615099,3.501678240328455],[101.44395632776043,3.501678240328455],[101.44395632776043,3.5012855953445063],[101.44343811936986,3.5012855953445063],[101.44343811936986,3.501678240328455]]],[[[101.4429199109793,3.506389992641418],[101.44343811936986,3.50717528693944],[101.44447453615099,3.50678263971018],[101.44395632776043,3.5059973457331344],[101.4429199109793,3.506389992641418]]],[[[101.44084707741706,3.509923822039707],[101.44136528580762,3.5107091192281508],[101.44240170258875,3.5103164705535983],[101.4418834941982,3.509531173686458],[101.44084707741706,3.509923822039707]]]]},"properties":{"place_id":"e3801280-5a64-545d-a730-ee8569bfa0e9","habitat":"forest_edge_opening","habitat_label":"Forest edge or opening","resolution_m":50}},{"type":"Feature","geometry":{"type":"MultiPolygon","coordinates":[[[[101.299376186794,3.427078550127542],[101.29989439518458,3.426953853942203],[101.299376186794,3.4269650325034595],[101.299376186794,3.427078550127542]]],[[[101.28693918542055,3.427233318011765],[101.28590276863943,3.4274711651478884],[101.28590276863943,3.4278637803250667],[101.28693918542055,3.4278637803250667],[101.28693918542055,3.427233318011765]]],[[[101.28642097702999,3.4290416267977784],[101.28642097702999,3.4282563956590963],[101.28486635185831,3.4282563956590963],[101.28486635185831,3.4294342426024684],[101.28538456024889,3.4294342426024684],[101.28538456024889,3.4290416267977784],[101.28642097702999,3.4290416267977784]]],[[[101.28797560220168,3.4317899407266217],[101.28745739381112,3.4317899407266217],[101.28745739381112,3.432182557630153],[101.28797560220168,3.432182557630153],[101.28797560220168,3.4317899407266217]]],[[[101.27812964278104,3.436893972727613],[101.27761143439047,3.436893972727613],[101.27761143439047,3.43728659167421],[101.27812964278104,3.43728659167421],[101.27812964278104,3.436893972727613]]],[[[101.28175710151494,3.4376792107780916],[101.28175710151494,3.436893972727613],[101.2796842679527,3.436706328520121],[101.28020247634328,3.4376792107780916],[101.28175710151494,3.4376792107780916]]],[[[101.2770932259999,3.43728659167421],[101.27620851810931,3.43728659167421],[101.27621032014729,3.4376792107780916],[101.2770932259999,3.4376792107780916],[101.2770932259999,3.43728659167421]]],[[[101.34238748321054,3.4376792107780916],[101.34186927481998,3.4376792107780916],[101.34186927481998,3.438071830039276],[101.34238748321054,3.438071830039276],[101.34238748321054,3.4376792107780916]]],[[[101.34083285803887,3.438071830039276],[101.34083285803887,3.4376792107780916],[101.3403146496483,3.4376792107780916],[101.3403146496483,3.438071830039276],[101.34083285803887,3.438071830039276]]],[[[101.33979644125775,3.4388570690336313],[101.3403146496483,3.4388570690336313],[101.3403146496483,3.438071830039276],[101.33979644125775,3.438071830039276],[101.33979644125775,3.43728659167421],[101.33927823286717,3.43728659167421],[101.33927823286717,3.440034928705397],[101.33979644125775,3.440034928705397],[101.33979644125775,3.4388570690336313]]],[[[101.34135106642941,3.4392496887668367],[101.34083285803887,3.4392496887668367],[101.34083285803887,3.440034928705397],[101.34135106642941,3.440034928705397],[101.34135106642941,3.4392496887668367]]],[[[101.34083285803887,3.440427548910785],[101.34083285803887,3.440034928705397],[101.3403146496483,3.440034928705397],[101.3403146496483,3.440427548910785],[101.34083285803887,3.440427548910785]]],[[[101.33979644125775,3.4408201692736062],[101.33979644125775,3.440427548910785],[101.33927823286717,3.440427548910785],[101.33927823286717,3.4408201692736062],[101.33979644125775,3.4408201692736062]]],[[[101.33979644125775,3.4416054104716123],[101.33979644125775,3.4412127897938762],[101.33927823286717,3.4412127897938762],[101.33927823286717,3.4416054104716123],[101.33979644125775,3.4416054104716123]]],[[[101.34083285803887,3.4412127897938762],[101.3403146496483,3.4412127897938762],[101.3403146496483,3.4416054104716123],[101.34083285803887,3.4416054104716123],[101.34083285803887,3.4412127897938762]]],[[[101.34238748321054,3.4427832734498063],[101.34186927481998,3.4427832734498063],[101.34186927481998,3.4431758947575934],[101.34238748321054,3.4431758947575934],[101.34238748321054,3.4427832734498063]]],[[[101.34083285803887,3.444353759626374],[101.34083285803887,3.4435685162229386],[101.3403146496483,3.4435685162229386],[101.3403146496483,3.4419980313068343],[101.33927823286717,3.4419980313068343],[101.33979644125775,3.445139003660258],[101.3403146496483,3.445139003660258],[101.3403146496483,3.444353759626374],[101.34083285803887,3.444353759626374]]],[[[101.34186927481998,3.4431758947575934],[101.34083285803887,3.4431758947575934],[101.34083285803887,3.4435685162229386],[101.34135106642941,3.4435685162229386],[101.34135106642941,3.4447463815645003],[101.34186927481998,3.4447463815645003],[101.34135106642941,3.4463168708934937],[101.34342389999166,3.445924248324737],[101.34342389999166,3.4455316259136644],[101.34238748321054,3.445139003660258],[101.34186927481998,3.4431758947575934]]],[[[101.33876002447661,3.444353759626374],[101.33927823286717,3.444353759626374],[101.33927823286717,3.443961137845859],[101.33876002447661,3.443961137845859],[101.33876002447661,3.4423906522995606],[101.33824181608607,3.4423906522995606],[101.33824181608607,3.4431758947575934],[101.33772360769551,3.4431758947575934],[101.33772360769551,3.444353759626374],[101.33824181608607,3.444353759626374],[101.33824181608607,3.445139003660258],[101.33772360769551,3.445139003660258],[101.33772360769551,3.445924248324737],[101.33824181608607,3.445924248324737],[101.33824181608607,3.4463168708934937],[101.33772360769551,3.4463168708934937],[101.33772360769551,3.4471021165041362],[101.33824181608607,3.4471021165041362],[101.33824181608607,3.4467094936199545],[101.33927823286717,3.4467094936199545],[101.33927823286717,3.445924248324737],[101.33876002447661,3.445924248324737],[101.33876002447661,3.445139003660258],[101.33927823286717,3.445139003660258],[101.33927823286717,3.4447463815645003],[101.33876002447661,3.4447463815645003],[101.33876002447661,3.444353759626374]]],[[[101.3403146496483,3.4463168708934937],[101.3403146496483,3.445924248324737],[101.33979644125775,3.445924248324737],[101.33979644125775,3.4463168708934937],[101.3403146496483,3.4463168708934937]]],[[[101.33979644125775,3.4467094936199545],[101.33927823286717,3.4467094936199545],[101.33927823286717,3.4471021165041362],[101.33979644125775,3.4471021165041362],[101.33979644125775,3.4467094936199545]]],[[[101.34186927481998,3.4467094936199545],[101.34083285803887,3.4467094936199545],[101.34083285803887,3.4474947395460562],[101.34135106642941,3.4474947395460562],[101.34186927481998,3.4467094936199545]]],[[[101.34238748321054,3.4474947395460562],[101.34238748321054,3.4471021165041362],[101.34186927481998,3.4471021165041362],[101.34186927481998,3.4474947395460562],[101.34238748321054,3.4474947395460562]]],[[[101.33824181608607,3.4474947395460562],[101.33824181608607,3.4494578571223844],[101.3403146496483,3.449065233291495],[101.3403146496483,3.4486726096184355],[101.33927823286717,3.4486726096184355],[101.33927823286717,3.4482799861031888],[101.33979644125775,3.4482799861031888],[101.33979644125775,3.4474947395460562],[101.33824181608607,3.4474947395460562]]],[[[101.34135106642941,3.449065233291495],[101.34135106642941,3.4486726096184355],[101.34083285803887,3.4486726096184355],[101.34083285803887,3.449065233291495],[101.34135106642941,3.449065233291495]]],[[[101.34186927481998,3.4494578571223844],[101.34135106642941,3.4494578571223844],[101.34135106642941,3.4498504811111217],[101.34186927481998,3.4498504811111217],[101.34186927481998,3.4494578571223844]]],[[[101.33927823286717,3.451028354024603],[101.33979644125775,3.451028354024603],[101.33927823286717,3.451813603423163],[101.3403146496483,3.451813603423163],[101.3403146496483,3.451028354024603],[101.34083285803887,3.451028354024603],[101.34083285803887,3.4506357295622125],[101.3403146496483,3.4506357295622125],[101.3403146496483,3.4498504811111217],[101.33876002447661,3.4498504811111217],[101.33876002447661,3.450243105257725],[101.33927823286717,3.450243105257725],[101.33927823286717,3.451028354024603]]],[[[101.34135106642941,3.4525988534535523],[101.34135106642941,3.451813603423163],[101.34083285803887,3.451813603423163],[101.34083285803887,3.4525988534535523],[101.34135106642941,3.4525988534535523]]],[[[101.3403146496483,3.4525988534535523],[101.33979644125775,3.4525988534535523],[101.33979644125775,3.453384104115913],[101.3403146496483,3.453384104115913],[101.3403146496483,3.4525988534535523]]],[[[101.34135106642941,3.453384104115913],[101.34083285803887,3.453384104115913],[101.34083285803887,3.4537767296841295],[101.34135106642941,3.4537767296841295],[101.34135106642941,3.453384104115913]]],[[[101.33979644125775,3.4565251130879893],[101.33979644125775,3.456917739921095],[101.33927823286717,3.456917739921095],[101.33927823286717,3.458095621369639],[101.3403146496483,3.458095621369639],[101.3403146496483,3.458880876459874],[101.34083285803887,3.458880876459874],[101.34083285803887,3.459273504242407],[101.3403146496483,3.459273504242407],[101.3403146496483,3.459666132183243],[101.34083285803887,3.459666132183243],[101.34083285803887,3.46084401695574],[101.34186927481998,3.461236645529963],[101.34186927481998,3.4624145322030593],[101.34083285803887,3.4624145322030593],[101.34083285803887,3.4631997907773275],[101.34135106642941,3.4631997907773275],[101.34135106642941,3.463592420302176],[101.34186927481998,3.463592420302176],[101.34186927481998,3.4643776798273973],[101.34238748321054,3.4643776798273973],[101.34238748321054,3.463592420302176],[101.34342389999166,3.463592420302176],[101.34342389999166,3.4620219031536044],[101.34394210838222,3.4620219031536044],[101.34394210838222,3.463592420302176],[101.34497852516336,3.463592420302176],[101.34497852516336,3.4631997907773275],[101.34601494194446,3.4628071614109612],[101.34601494194446,3.4624145322030593],[101.34549673355392,3.4624145322030593],[101.34549673355392,3.46084401695574],[101.34446031677278,3.46084401695574],[101.34446031677278,3.460451388539891],[101.34497852516336,3.460451388539891],[101.34446031677278,3.459666132183243],[101.34497852516336,3.459666132183243],[101.34497852516336,3.458880876459874],[101.34549673355392,3.458880876459874],[101.34549673355392,3.457310366912393],[101.34497852516336,3.457310366912393],[101.34497852516336,3.4565251130879893],[101.34446031677278,3.4565251130879893],[101.34446031677278,3.4557398598962856],[101.34394210838222,3.4557398598962856],[101.34394210838222,3.4545619812947224],[101.34446031677278,3.4545619812947224],[101.34394210838222,3.4537767296841295],[101.34497852516336,3.4537767296841295],[101.34497852516336,3.45220622835937],[101.34601494194446,3.4525988534535523],[101.34601494194446,3.451028354024603],[101.34653315033502,3.451028354024603],[101.34653315033502,3.4506357295622125],[101.34549673355392,3.4506357295622125],[101.34549673355392,3.451028354024603],[101.34290569160112,3.451028354024603],[101.34290569160112,3.4506357295622125],[101.34342389999166,3.4506357295622125],[101.34342389999166,3.4494578571223844],[101.34446031677278,3.4494578571223844],[101.34394210838222,3.450243105257725],[101.34497852516336,3.450243105257725],[101.34497852516336,3.4498504811111217],[101.34549673355392,3.4498504811111217],[101.34549673355392,3.450243105257725],[101.34756956711615,3.4498504811111217],[101.3470513587256,3.449065233291495],[101.34446031677278,3.449065233291495],[101.34446031677278,3.4486726096184355],[101.34342389999166,3.4482799861031888],[101.34342389999166,3.4471021165041362],[101.34290569160112,3.4471021165041362],[101.34290569160112,3.4486726096184355],[101.34238748321054,3.4486726096184355],[101.34290569160112,3.450243105257725],[101.34186927481998,3.450243105257725],[101.34186927481998,3.454169355410392],[101.34290569160112,3.454169355410392],[101.34290569160112,3.4545619812947224],[101.34135106642941,3.4545619812947224],[101.34135106642941,3.4557398598962856],[101.34083285803887,3.4557398598962856],[101.34083285803887,3.454169355410392],[101.3403146496483,3.454169355410392],[101.3403146496483,3.4553472335376503],[101.33979644125775,3.4553472335376503],[101.33979644125775,3.45613248641306],[101.33927823286717,3.45613248641306],[101.33927823286717,3.4565251130879893],[101.33979644125775,3.4565251130879893]],[[101.34446031677278,3.456917739921095],[101.34342389999166,3.456917739921095],[101.34342389999166,3.4565251130879893],[101.34446031677278,3.4565251130879893],[101.34446031677278,3.456917739921095]],[[101.34186927481998,3.4557398598962856],[101.34186927481998,3.454954607337135],[101.34238748321054,3.454954607337135],[101.34238748321054,3.45613248641306],[101.34186927481998,3.45613248641306],[101.34186927481998,3.4565251130879893],[101.34290569160112,3.4565251130879893],[101.34290569160112,3.4577029940619006],[101.34342389999166,3.4577029940619006],[101.34342389999166,3.458095621369639],[101.34290569160112,3.458095621369639],[101.34290569160112,3.458488248835624],[101.34342389999166,3.458488248835624],[101.34342389999166,3.461236645529963],[101.34290569160112,3.461236645529963],[101.34290569160112,3.460058760282397],[101.34238748321054,3.460058760282397],[101.34238748321054,3.457310366912393],[101.34083285803887,3.4565251130879893],[101.34083285803887,3.45613248641306],[101.34186927481998,3.4557398598962856]],[[101.34238748321054,3.4624145322030593],[101.34290569160112,3.4624145322030593],[101.34290569160112,3.4631997907773275],[101.34238748321054,3.4631997907773275],[101.34238748321054,3.4624145322030593]],[[101.34238748321054,3.4616292742625783],[101.34290569160112,3.4616292742625783],[101.34290569160112,3.4620219031536044],[101.34238748321054,3.4620219031536044],[101.34238748321054,3.4616292742625783]]],[[[101.25584668198692,3.4568405016399724],[101.25571588923218,3.456917739921095],[101.25584668198692,3.456917739921095],[101.25584668198692,3.4568405016399724]]],[[[101.25532847359636,3.457310366912393],[101.25532847359636,3.4571465241725603],[101.2550510278105,3.457310366912393],[101.25532847359636,3.457310366912393]]],[[[101.34135106642941,3.4643776798273973],[101.34135106642941,3.463985049985527],[101.34083285803887,3.463985049985527],[101.34083285803887,3.4643776798273973],[101.34135106642941,3.4643776798273973]]],[[[101.34394210838222,3.4647703098278044],[101.34342389999166,3.4647703098278044],[101.34342389999166,3.4651629399867674],[101.34394210838222,3.4651629399867674],[101.34394210838222,3.4647703098278044]]],[[[101.34342389999166,3.467126093160552],[101.34394210838222,3.467126093160552],[101.34394210838222,3.4663408314151716],[101.34290569160112,3.466733462208539],[101.34290569160112,3.4675187242712298],[101.34342389999166,3.4675187242712298],[101.34342389999166,3.467126093160552]]],[[[101.23356372119281,3.472622943156764],[101.23356372119281,3.472500903091654],[101.2333947284215,3.472622943156764],[101.23356372119281,3.472622943156764]]],[[[101.23304551280225,3.472875133264066],[101.23285103666304,3.473015576490649],[101.23304551280225,3.473015576490649],[101.23304551280225,3.472875133264066]]],[[[101.23252730441169,3.4734082099834716],[101.23252730441169,3.473249363580859],[101.23230734490458,3.4734082099834716],[101.23252730441169,3.4734082099834716]]],[[[101.23149088763056,3.474193477445999],[101.23149088763056,3.47399782464765],[101.23121996138768,3.474193477445999],[101.23149088763056,3.474193477445999]]],[[[101.23045447084944,3.474746286292153],[101.23013257787078,3.4749787455444907],[101.23045447084944,3.4749787455444907],[101.23045447084944,3.474746286292153]]],[[[101.2283816372872,3.4762432113147974],[101.2281349,3.4764213961653114],[101.22795744806155,3.4765492836499465],[101.2283816372872,3.4765492836499465],[101.2283816372872,3.4762432113147974]]],[[[101.22786342889664,3.4769419185740147],[101.22786342889664,3.4766170421417804],[101.22741264252518,3.4769419185740147],[101.22786342889664,3.4769419185740147]]],[[[101.22475417855328,3.478947135424815],[101.2243133556137,3.4792977314605418],[101.22475417855328,3.4792977314605418],[101.22475417855328,3.478947135424815]]],[[[101.18847959121405,3.50678263971018],[101.18796138282347,3.507137860925525],[101.18796138282347,3.50717528693944],[101.18847959121405,3.50717528693944],[101.18847959121405,3.50678263971018]]],[[[101.17500617305946,3.516991519885653],[101.17500617305946,3.5168187919633365],[101.17477509823959,3.516991519885653],[101.17500617305946,3.516991519885653]]],[[[101.17448796466888,3.5173841712942133],[101.17448796466888,3.5172061516449555],[101.17424981069192,3.5173841712942133],[101.17448796466888,3.5173841712942133]]],[[[101.17241513110665,3.5193474307521937],[101.17241513110665,3.518755591938304],[101.17189692271609,3.519142952403445],[101.17241513110665,3.5193474307521937]]],[[[101.17189692271609,3.519740083126951],[101.17162337295358,3.5193474307521937],[101.17109808540589,3.519740083126951],[101.17189692271609,3.519740083126951]]],[[[101.16878767237274,3.521703347417549],[101.16826946398217,3.5218457847012608],[101.16826946398217,3.522096000759156],[101.16878767237274,3.522096000759156],[101.16878767237274,3.521703347417549]]],[[[101.16671483881049,3.523666615737823],[101.16671483881049,3.522992642794039],[101.16619663041993,3.52337492913063],[101.16671483881049,3.523666615737823]]],[[[101.16567842202937,3.523883801805664],[101.16550907343687,3.5240592698856394],[101.16567842202937,3.5240592698856394],[101.16567842202937,3.523883801805664]]],[[[101.1651602136388,3.5244519241947505],[101.1651602136388,3.5244207359907707],[101.16513011314488,3.5244519241947505],[101.1651602136388,3.5244519241947505]]],[[[101.35430627619344,3.4447463815645003],[101.35430627619344,3.443961137845859],[101.35378806780287,3.443961137845859],[101.35378806780287,3.4447463815645003],[101.35430627619344,3.4447463815645003]]],[[[101.34394210838222,3.445924248324737],[101.34342389999166,3.445924248324737],[101.34342389999166,3.4463168708934937],[101.34394210838222,3.4463168708934937],[101.34394210838222,3.445924248324737]]],[[[101.35378806780287,3.4463168708934937],[101.35378806780287,3.445139003660258],[101.35326985941231,3.445139003660258],[101.35326985941231,3.4455316259136644],[101.35275165102176,3.4455316259136644],[101.35275165102176,3.4467094936199545],[101.34964240067839,3.4467094936199545],[101.34964240067839,3.4471021165041362],[101.34860598389726,3.4471021165041362],[101.34860598389726,3.4474947395460562],[101.34756956711615,3.4474947395460562],[101.34756956711615,3.4478873627457345],[101.35016060906896,3.4474947395460562],[101.35016060906896,3.4478873627457345],[101.35119702585007,3.4482799861031888],[101.35119702585007,3.4478873627457345],[101.3522334426312,3.4478873627457345],[101.3522334426312,3.4474947395460562],[101.35275165102176,3.4474947395460562],[101.35275165102176,3.4478873627457345],[101.35326985941231,3.4478873627457345],[101.35326985941231,3.4486726096184355],[101.35430627619344,3.4486726096184355],[101.35534269297457,3.4467094936199545],[101.354824484584,3.4467094936199545],[101.354824484584,3.4463168708934937],[101.35378806780287,3.4463168708934937]],[[101.35326985941231,3.4467094936199545],[101.35378806780287,3.4467094936199545],[101.35378806780287,3.4478873627457345],[101.35326985941231,3.4478873627457345],[101.35326985941231,3.4467094936199545]]],[[[101.34756956711615,3.4482799861031888],[101.34756956711615,3.4478873627457345],[101.3470513587256,3.4478873627457345],[101.3470513587256,3.4471021165041362],[101.34601494194446,3.4471021165041362],[101.34601494194446,3.4474947395460562],[101.34549673355392,3.4474947395460562],[101.34549673355392,3.4486726096184355],[101.34601494194446,3.4486726096184355],[101.34601494194446,3.4482799861031888],[101.34653315033502,3.4482799861031888],[101.34653315033502,3.4486726096184355],[101.34756956711615,3.4482799861031888]],[[101.34653315033502,3.4474947395460562],[101.34653315033502,3.4478873627457345],[101.34601494194446,3.4478873627457345],[101.34601494194446,3.4474947395460562],[101.34653315033502,3.4474947395460562]]],[[[101.34497852516336,3.4478873627457345],[101.34446031677278,3.4478873627457345],[101.34446031677278,3.4486726096184355],[101.34497852516336,3.4486726096184355],[101.34497852516336,3.4478873627457345]]],[[[101.34860598389726,3.4482799861031888],[101.34808777550673,3.4482799861031888],[101.34808777550673,3.4486726096184355],[101.34860598389726,3.4486726096184355],[101.34860598389726,3.4482799861031888]]],[[[101.354824484584,3.4494578571223844],[101.354824484584,3.449065233291495],[101.35430627619344,3.449065233291495],[101.35430627619344,3.4494578571223844],[101.354824484584,3.4494578571223844]]],[[[101.35275165102176,3.449065233291495],[101.35326985941231,3.449065233291495],[101.35326985941231,3.4486726096184355],[101.35275165102176,3.4486726096184355],[101.35275165102176,3.4478873627457345],[101.3522334426312,3.4478873627457345],[101.3522334426312,3.4486726096184355],[101.35171523424063,3.4486726096184355],[101.35171523424063,3.449065233291495],[101.35067881745952,3.449065233291495],[101.35067881745952,3.4482799861031888],[101.35016060906896,3.4482799861031888],[101.34964240067839,3.449065233291495],[101.34912419228783,3.449065233291495],[101.34912419228783,3.4486726096184355],[101.34860598389726,3.4486726096184355],[101.34860598389726,3.449065233291495],[101.34756956711615,3.4486726096184355],[101.34756956711615,3.4494578571223844],[101.34860598389726,3.4494578571223844],[101.34860598389726,3.450243105257725],[101.34756956711615,3.450243105257725],[101.34756956711615,3.4506357295622125],[101.34860598389726,3.4506357295622125],[101.34860598389726,3.451028354024603],[101.34964240067839,3.4506357295622125],[101.34964240067839,3.4514209786449137],[101.35016060906896,3.4514209786449137],[101.35016060906896,3.4506357295622125],[101.35067881745952,3.4506357295622125],[101.35067881745952,3.451028354024603],[101.35171523424063,3.451028354024603],[101.35171523424063,3.4506357295622125],[101.354824484584,3.4506357295622125],[101.354824484584,3.450243105257725],[101.35275165102176,3.450243105257725],[101.35275165102176,3.449065233291495]]],[[[101.3470513587256,3.450243105257725],[101.34653315033502,3.450243105257725],[101.34653315033502,3.4506357295622125],[101.3470513587256,3.4506357295622125],[101.3470513587256,3.450243105257725]]],[[[101.35275165102176,3.451813603423163],[101.35275165102176,3.4514209786449137],[101.35378806780287,3.4514209786449137],[101.35378806780287,3.451028354024603],[101.35171523424063,3.451028354024603],[101.35171523424063,3.4514209786449137],[101.35275165102176,3.451813603423163]]],[[[101.34860598389726,3.4514209786449137],[101.34808777550673,3.4514209786449137],[101.34808777550673,3.451813603423163],[101.34860598389726,3.451813603423163],[101.34860598389726,3.4514209786449137]]],[[[101.34653315033502,3.4565251130879893],[101.34549673355392,3.4565251130879893],[101.34549673355392,3.456917739921095],[101.34653315033502,3.456917739921095],[101.34653315033502,3.4565251130879893]]],[[[101.35171523424063,3.459666132183243],[101.35171523424063,3.460058760282397],[101.35119702585007,3.460058760282397],[101.35119702585007,3.46084401695574],[101.3522334426312,3.46084401695574],[101.3522334426312,3.459666132183243],[101.35171523424063,3.459666132183243]]],[[[101.34653315033502,3.460058760282397],[101.34601494194446,3.460058760282397],[101.34601494194446,3.460451388539891],[101.34653315033502,3.460451388539891],[101.34653315033502,3.460058760282397]]],[[[101.35534269297457,3.460058760282397],[101.354824484584,3.460058760282397],[101.354824484584,3.460451388539891],[101.35534269297457,3.460451388539891],[101.35534269297457,3.460058760282397]]],[[[101.34653315033502,3.459666132183243],[101.3470513587256,3.459666132183243],[101.3470513587256,3.46084401695574],[101.34756956711615,3.46084401695574],[101.34756956711615,3.4616292742625783],[101.34808777550673,3.4616292742625783],[101.34808777550673,3.4624145322030593],[101.34860598389726,3.4624145322030593],[101.34860598389726,3.4631997907773275],[101.34912419228783,3.4631997907773275],[101.34912419228783,3.4628071614109612],[101.34964240067839,3.4628071614109612],[101.34964240067839,3.4624145322030593],[101.34912419228783,3.4624145322030593],[101.34912419228783,3.460451388539891],[101.34860598389726,3.460451388539891],[101.34860598389726,3.459666132183243],[101.34808777550673,3.459666132183243],[101.34808777550673,3.458880876459874],[101.34756956711615,3.458880876459874],[101.34756956711615,3.458095621369639],[101.3470513587256,3.458095621369639],[101.3470513587256,3.4577029940619006],[101.34653315033502,3.4577029940619006],[101.34653315033502,3.458488248835624],[101.34601494194446,3.458488248835624],[101.34601494194446,3.459273504242407],[101.34653315033502,3.459273504242407],[101.34653315033502,3.459666132183243]],[[101.34756956711615,3.459273504242407],[101.3470513587256,3.459273504242407],[101.3470513587256,3.458880876459874],[101.34756956711615,3.458880876459874],[101.34756956711615,3.459273504242407]]],[[[101.35378806780287,3.460058760282397],[101.35378806780287,3.460451388539891],[101.35326985941231,3.460451388539891],[101.35326985941231,3.46084401695574],[101.35430627619344,3.46084401695574],[101.35430627619344,3.460058760282397],[101.35378806780287,3.460058760282397]]],[[[101.354824484584,3.461236645529963],[101.354824484584,3.46084401695574],[101.35430627619344,3.46084401695574],[101.35430627619344,3.461236645529963],[101.354824484584,3.461236645529963]]],[[[101.3522334426312,3.461236645529963],[101.35171523424063,3.461236645529963],[101.35171523424063,3.4620219031536044],[101.3522334426312,3.4620219031536044],[101.3522334426312,3.461236645529963]]],[[[101.35067881745952,3.4616292742625783],[101.35016060906896,3.4616292742625783],[101.35016060906896,3.4624145322030593],[101.35119702585007,3.4624145322030593],[101.35067881745952,3.4616292742625783]]],[[[101.34653315033502,3.4624145322030593],[101.34653315033502,3.4620219031536044],[101.34601494194446,3.4620219031536044],[101.34601494194446,3.4624145322030593],[101.34653315033502,3.4624145322030593]]],[[[101.35430627619344,3.4628071614109612],[101.35378806780287,3.4628071614109612],[101.35378806780287,3.4631997907773275],[101.35430627619344,3.4631997907773275],[101.35430627619344,3.4628071614109612]]],[[[101.35171523424063,3.4628071614109612],[101.35119702585007,3.4628071614109612],[101.35119702585007,3.4631997907773275],[101.35171523424063,3.4631997907773275],[101.35171523424063,3.4628071614109612]]],[[[101.35534269297457,3.463592420302176],[101.35534269297457,3.4628071614109612],[101.354824484584,3.4628071614109612],[101.354824484584,3.463592420302176],[101.35534269297457,3.463592420302176]]],[[[101.35067881745952,3.463592420302176],[101.35016060906896,3.463592420302176],[101.35016060906896,3.463985049985527],[101.35067881745952,3.463985049985527],[101.35067881745952,3.463592420302176]]],[[[101.34808777550673,3.463592420302176],[101.34756956711615,3.463592420302176],[101.34756956711615,3.463985049985527],[101.34808777550673,3.463985049985527],[101.34808777550673,3.463592420302176]]],[[[101.35326985941231,3.463985049985527],[101.35275165102176,3.463985049985527],[101.35275165102176,3.4643776798273973],[101.35326985941231,3.4643776798273973],[101.35326985941231,3.463985049985527]]],[[[101.34446031677278,3.4643776798273973],[101.34394210838222,3.4643776798273973],[101.34394210838222,3.4647703098278044],[101.34446031677278,3.4647703098278044],[101.34446031677278,3.4643776798273973]]],[[[101.35378806780287,3.4643776798273973],[101.35326985941231,3.4643776798273973],[101.35326985941231,3.4647703098278044],[101.35378806780287,3.4647703098278044],[101.35378806780287,3.4643776798273973]]],[[[101.34549673355392,3.4631997907773275],[101.34549673355392,3.463985049985527],[101.34653315033502,3.463985049985527],[101.34653315033502,3.465948200780433],[101.3470513587256,3.465948200780433],[101.3470513587256,3.4655555703043044],[101.34808777550673,3.465948200780433],[101.34808777550673,3.4651629399867674],[101.34912419228783,3.4651629399867674],[101.34912419228783,3.465948200780433],[101.34964240067839,3.465948200780433],[101.34964240067839,3.4663408314151716],[101.35326985941231,3.4663408314151716],[101.35326985941231,3.465948200780433],[101.35378806780287,3.465948200780433],[101.35378806780287,3.4651629399867674],[101.35275165102176,3.4651629399867674],[101.35275165102176,3.4647703098278044],[101.3522334426312,3.4647703098278044],[101.3522334426312,3.463985049985527],[101.35171523424063,3.463985049985527],[101.35171523424063,3.4643776798273973],[101.35119702585007,3.4643776798273973],[101.35119702585007,3.4651629399867674],[101.35067881745952,3.4651629399867674],[101.35067881745952,3.4647703098278044],[101.35016060906896,3.4647703098278044],[101.35016060906896,3.463985049985527],[101.34964240067839,3.463985049985527],[101.35016060906896,3.4631997907773275],[101.34912419228783,3.4631997907773275],[101.34912419228783,3.4643776798273973],[101.34808777550673,3.4643776798273973],[101.34808777550673,3.4647703098278044],[101.3470513587256,3.4643776798273973],[101.3470513587256,3.4628071614109612],[101.34653315033502,3.4628071614109612],[101.34653315033502,3.4631997907773275],[101.34549673355392,3.4631997907773275]],[[101.35275165102176,3.465948200780433],[101.35275165102176,3.4655555703043044],[101.35326985941231,3.4655555703043044],[101.35326985941231,3.465948200780433],[101.35275165102176,3.465948200780433]],[[101.34964240067839,3.4643776798273973],[101.34964240067839,3.4647703098278044],[101.34912419228783,3.4647703098278044],[101.34912419228783,3.4643776798273973],[101.34964240067839,3.4643776798273973]]],[[[101.34601494194446,3.4651629399867674],[101.34497852516336,3.4651629399867674],[101.34497852516336,3.4655555703043044],[101.34601494194446,3.4655555703043044],[101.34601494194446,3.4651629399867674]]],[[[101.34912419228783,3.4663408314151716],[101.34860598389726,3.4663408314151716],[101.34860598389726,3.466733462208539],[101.34912419228783,3.466733462208539],[101.34912419228783,3.4663408314151716]]],[[[101.3470513587256,3.4663408314151716],[101.3470513587256,3.466733462208539],[101.34653315033502,3.466733462208539],[101.34653315033502,3.467126093160552],[101.34756956711615,3.467126093160552],[101.34756956711615,3.4663408314151716],[101.3470513587256,3.4663408314151716]]],[[[101.34912419228783,3.4675187242712298],[101.34860598389726,3.4675187242712298],[101.34860598389726,3.468303986968651],[101.34912419228783,3.468303986968651],[101.34912419228783,3.4675187242712298]]],[[[101.34601494194446,3.468303986968651],[101.34549673355392,3.468303986968651],[101.34549673355392,3.468696618555431],[101.34601494194446,3.468696618555431],[101.34601494194446,3.468303986968651]]],[[[101.3470513587256,3.468696618555431],[101.3470513587256,3.468303986968651],[101.34653315033502,3.468303986968651],[101.34653315033502,3.468696618555431],[101.3470513587256,3.468696618555431]]],[[[101.354824484584,3.4675187242712298],[101.35171523424063,3.4675187242712298],[101.35171523424063,3.468303986968651],[101.35067881745952,3.468303986968651],[101.35067881745952,3.4675187242712298],[101.35016060906896,3.4675187242712298],[101.34912419228783,3.468696618555431],[101.34964240067839,3.468696618555431],[101.34964240067839,3.469089250300949],[101.35067881745952,3.469089250300949],[101.35067881745952,3.469481882205221],[101.3522334426312,3.469481882205221],[101.3522334426312,3.469089250300949],[101.35326985941231,3.468696618555431],[101.35326985941231,3.469481882205221],[101.35378806780287,3.469481882205221],[101.35378806780287,3.470267146490104],[101.35430627619344,3.470267146490104],[101.354824484584,3.468696618555431],[101.35430627619344,3.468696618555431],[101.35378806780287,3.46791135554059],[101.354824484584,3.46791135554059],[101.354824484584,3.4675187242712298]]],[[[101.34446031677278,3.469089250300949],[101.34394210838222,3.469089250300949],[101.34394210838222,3.469481882205221],[101.34446031677278,3.469481882205221],[101.34446031677278,3.469089250300949]]],[[[101.34756956711615,3.4698745142682674],[101.34756956711615,3.469481882205221],[101.34912419228783,3.469481882205221],[101.34912419228783,3.469089250300949],[101.34756956711615,3.469089250300949],[101.34756956711615,3.468696618555431],[101.3470513587256,3.468696618555431],[101.3470513587256,3.4698745142682674],[101.34756956711615,3.4698745142682674]]],[[[101.34497852516336,3.4698745142682674],[101.34497852516336,3.469481882205221],[101.34446031677278,3.469481882205221],[101.34446031677278,3.4698745142682674],[101.34497852516336,3.4698745142682674]]],[[[101.34653315033502,3.4698745142682674],[101.34653315033502,3.469089250300949],[101.34549673355392,3.469089250300949],[101.34549673355392,3.47065977887075],[101.34601494194446,3.47065977887075],[101.34601494194446,3.4698745142682674],[101.34653315033502,3.4698745142682674]]],[[[101.34446031677278,3.47065977887075],[101.34497852516336,3.47065977887075],[101.34497852516336,3.470267146490104],[101.34394210838222,3.4698745142682674],[101.34394210838222,3.471445044108546],[101.34446031677278,3.471445044108546],[101.34446031677278,3.47065977887075]]],[[[101.3470513587256,3.470267146490104],[101.34653315033502,3.470267146490104],[101.34653315033502,3.471445044108546],[101.3470513587256,3.471445044108546],[101.3470513587256,3.470267146490104]]],[[[101.34653315033502,3.4718376769657295],[101.34653315033502,3.472622943156764],[101.3470513587256,3.472622943156764],[101.3470513587256,3.472230309981797],[101.34808777550673,3.472230309981797],[101.34756956711615,3.471445044108546],[101.34653315033502,3.4718376769657295]]],[[[101.35067881745952,3.4718376769657295],[101.35016060906896,3.4718376769657295],[101.35016060906896,3.472230309981797],[101.35067881745952,3.472230309981797],[101.35067881745952,3.4718376769657295]]],[[[101.34912419228783,3.472230309981797],[101.34860598389726,3.472230309981797],[101.34860598389726,3.473015576490649],[101.34912419228783,3.473015576490649],[101.34912419228783,3.472230309981797]]],[[[101.34497852516336,3.4738008436352494],[101.34497852516336,3.472622943156764],[101.34446031677278,3.472622943156764],[101.34446031677278,3.4738008436352494],[101.34497852516336,3.4738008436352494]]],[[[101.34808777550673,3.4734082099834716],[101.34756956711615,3.4734082099834716],[101.34756956711615,3.4738008436352494],[101.34808777550673,3.4738008436352494],[101.34808777550673,3.4734082099834716]]],[[[101.34601494194446,3.4738008436352494],[101.34549673355392,3.4738008436352494],[101.34549673355392,3.474193477445999],[101.34601494194446,3.474193477445999],[101.34601494194446,3.4738008436352494]]],[[[101.34756956711615,3.47458611141574],[101.34756956711615,3.474193477445999],[101.3470513587256,3.474193477445999],[101.3470513587256,3.47458611141574],[101.34756956711615,3.47458611141574]]],[[[101.34601494194446,3.4749787455444907],[101.34549673355392,3.4749787455444907],[101.34549673355392,3.4753713798322674],[101.34601494194446,3.4753713798322674],[101.34601494194446,3.4749787455444907]]],[[[101.34756956711615,3.4769419185740147],[101.3470513587256,3.4769419185740147],[101.3470513587256,3.4777271888995247],[101.34756956711615,3.4777271888995247],[101.34756956711615,3.4769419185740147]]],[[[101.34808777550673,3.4789050955814917],[101.34808777550673,3.4785124598616517],[101.34756956711615,3.4785124598616517],[101.34756956711615,3.4789050955814917],[101.34808777550673,3.4789050955814917]]],[[[101.36518865239522,3.4412127897938762],[101.36467044400466,3.4412127897938762],[101.36467044400466,3.4416054104716123],[101.36518865239522,3.4416054104716123],[101.36518865239522,3.4412127897938762]]],[[[101.36104298527071,3.4435685162229386],[101.36207940205185,3.4431758947575934],[101.36207940205185,3.4423906522995606],[101.36259761044242,3.4423906522995606],[101.36259761044242,3.4419980313068343],[101.36156119366129,3.4419980313068343],[101.36104298527071,3.4435685162229386]]],[[[101.36311581883295,3.4431758947575934],[101.36311581883295,3.4427832734498063],[101.36259761044242,3.4427832734498063],[101.36259761044242,3.4431758947575934],[101.36311581883295,3.4431758947575934]]],[[[101.37037073630083,3.4427832734498063],[101.36985252791027,3.4427832734498063],[101.36985252791027,3.4435685162229386],[101.37037073630083,3.4435685162229386],[101.37037073630083,3.4427832734498063]]],[[[101.37037073630083,3.443961137845859],[101.36985252791027,3.443961137845859],[101.36985252791027,3.4435685162229386],[101.3693343195197,3.4435685162229386],[101.3693343195197,3.444353759626374],[101.37037073630083,3.444353759626374],[101.37037073630083,3.443961137845859]]],[[[101.36259761044242,3.444353759626374],[101.36259761044242,3.443961137845859],[101.36207940205185,3.443961137845859],[101.36207940205185,3.444353759626374],[101.36259761044242,3.444353759626374]]],[[[101.36570686078576,3.444353759626374],[101.36518865239522,3.444353759626374],[101.36518865239522,3.4447463815645003],[101.36570686078576,3.4447463815645003],[101.36570686078576,3.444353759626374]]],[[[101.35741552653681,3.444353759626374],[101.35741552653681,3.4431758947575934],[101.35689731814624,3.4431758947575934],[101.35689731814624,3.4447463815645003],[101.3558609013651,3.4447463815645003],[101.3558609013651,3.4435685162229386],[101.35637910975568,3.4435685162229386],[101.35637910975568,3.4431758947575934],[101.35534269297457,3.4431758947575934],[101.35534269297457,3.4435685162229386],[101.354824484584,3.4435685162229386],[101.354824484584,3.444353759626374],[101.35534269297457,3.444353759626374],[101.35534269297457,3.4447463815645003],[101.354824484584,3.4447463815645003],[101.354824484584,3.4463168708934937],[101.35534269297457,3.4463168708934937],[101.35534269297457,3.445139003660258],[101.3558609013651,3.445139003660258],[101.35689731814624,3.4463168708934937],[101.35793373492737,3.4463168708934937],[101.35793373492737,3.445924248324737],[101.35845194331792,3.445924248324737],[101.35845194331792,3.4455316259136644],[101.35793373492737,3.4455316259136644],[101.35793373492737,3.445139003660258],[101.35845194331792,3.445139003660258],[101.35845194331792,3.444353759626374],[101.35741552653681,3.444353759626374]],[[101.35689731814624,3.445139003660258],[101.35741552653681,3.445139003660258],[101.35741552653681,3.445924248324737],[101.35689731814624,3.445924248324737],[101.35689731814624,3.445139003660258]]],[[[101.36156119366129,3.445139003660258],[101.36156119366129,3.4447463815645003],[101.36104298527071,3.4447463815645003],[101.36104298527071,3.445139003660258],[101.36156119366129,3.445139003660258]]],[[[101.35741552653681,3.4474947395460562],[101.35741552653681,3.4467094936199545],[101.35689731814624,3.4467094936199545],[101.35689731814624,3.4474947395460562],[101.35741552653681,3.4474947395460562]]],[[[101.35793373492737,3.4478873627457345],[101.35793373492737,3.4482799861031888],[101.35845194331792,3.4482799861031888],[101.35845194331792,3.4478873627457345],[101.35793373492737,3.4478873627457345]]],[[[101.36207940205185,3.4471021165041362],[101.36104298527071,3.4471021165041362],[101.36104298527071,3.4463168708934937],[101.36052477688018,3.4463168708934937],[101.36052477688018,3.445924248324737],[101.36000656848961,3.445924248324737],[101.36000656848961,3.4467094936199545],[101.35897015170848,3.4467094936199545],[101.35897015170848,3.445924248324737],[101.35845194331792,3.445924248324737],[101.35845194331792,3.4478873627457345],[101.36000656848961,3.4478873627457345],[101.36052477688018,3.4486726096184355],[101.36156119366129,3.4486726096184355],[101.36156119366129,3.4482799861031888],[101.36207940205185,3.4482799861031888],[101.36207940205185,3.4486726096184355],[101.36363402722353,3.4486726096184355],[101.36363402722353,3.449065233291495],[101.36311581883295,3.449065233291495],[101.36311581883295,3.450243105257725],[101.36363402722353,3.450243105257725],[101.36363402722353,3.4498504811111217],[101.36415223561409,3.4498504811111217],[101.36415223561409,3.4463168708934937],[101.36311581883295,3.445924248324737],[101.36311581883295,3.4467094936199545],[101.36207940205185,3.4467094936199545],[101.36207940205185,3.4471021165041362]]],[[[101.3719253614725,3.4478873627457345],[101.37140715308193,3.4478873627457345],[101.37140715308193,3.4474947395460562],[101.37037073630083,3.4474947395460562],[101.37037073630083,3.4478873627457345],[101.36829790273856,3.4478873627457345],[101.36829790273856,3.449065233291495],[101.36881611112914,3.449065233291495],[101.3693343195197,3.4482799861031888],[101.37037073630083,3.4486726096184355],[101.37037073630083,3.4482799861031888],[101.3719253614725,3.4482799861031888],[101.3719253614725,3.4478873627457345]]],[[[101.3667432775669,3.4486726096184355],[101.3667432775669,3.449065233291495],[101.36726148595746,3.449065233291495],[101.36726148595746,3.4482799861031888],[101.36622506917632,3.4482799861031888],[101.36570686078576,3.4474947395460562],[101.36467044400466,3.4474947395460562],[101.36467044400466,3.4486726096184355],[101.3667432775669,3.4486726096184355]]],[[[101.35637910975568,3.4482799861031888],[101.3558609013651,3.4482799861031888],[101.3558609013651,3.4486726096184355],[101.35637910975568,3.4486726096184355],[101.35637910975568,3.4482799861031888]]],[[[101.36207940205185,3.4486726096184355],[101.36156119366129,3.4486726096184355],[101.36156119366129,3.449065233291495],[101.36207940205185,3.449065233291495],[101.36207940205185,3.4486726096184355]]],[[[101.35845194331792,3.4486726096184355],[101.35845194331792,3.449065233291495],[101.36052477688018,3.4494578571223844],[101.35948836009905,3.4482799861031888],[101.35845194331792,3.4486726096184355]]],[[[101.36156119366129,3.449065233291495],[101.36104298527071,3.449065233291495],[101.36104298527071,3.4494578571223844],[101.36156119366129,3.4494578571223844],[101.36156119366129,3.449065233291495]]],[[[101.3667432775669,3.449065233291495],[101.36570686078576,3.449065233291495],[101.36570686078576,3.4494578571223844],[101.3667432775669,3.4494578571223844],[101.3667432775669,3.449065233291495]]],[[[101.36518865239522,3.4494578571223844],[101.36518865239522,3.449065233291495],[101.36467044400466,3.449065233291495],[101.36467044400466,3.4494578571223844],[101.36518865239522,3.4494578571223844]]],[[[101.36829790273856,3.4494578571223844],[101.36726148595746,3.4494578571223844],[101.36726148595746,3.4498504811111217],[101.36829790273856,3.4498504811111217],[101.36829790273856,3.4494578571223844]]],[[[101.36156119366129,3.4498504811111217],[101.36104298527071,3.4498504811111217],[101.36104298527071,3.4506357295622125],[101.36259761044242,3.4506357295622125],[101.36259761044242,3.450243105257725],[101.36156119366129,3.450243105257725],[101.36156119366129,3.4498504811111217]]],[[[101.35741552653681,3.4506357295622125],[101.35741552653681,3.450243105257725],[101.3558609013651,3.450243105257725],[101.3558609013651,3.4506357295622125],[101.35741552653681,3.4506357295622125]]],[[[101.36467044400466,3.4506357295622125],[101.36726148595746,3.4506357295622125],[101.36726148595746,3.4514209786449137],[101.36777969434803,3.4514209786449137],[101.36881611112914,3.450243105257725],[101.36518865239522,3.450243105257725],[101.36518865239522,3.4498504811111217],[101.36467044400466,3.4498504811111217],[101.36467044400466,3.4506357295622125]]],[[[101.36415223561409,3.450243105257725],[101.36363402722353,3.450243105257725],[101.36363402722353,3.4506357295622125],[101.36259761044242,3.4506357295622125],[101.36259761044242,3.451028354024603],[101.36104298527071,3.451028354024603],[101.36104298527071,3.4506357295622125],[101.36000656848961,3.4506357295622125],[101.36000656848961,3.451028354024603],[101.36052477688018,3.451028354024603],[101.36104298527071,3.451813603423163],[101.36207940205185,3.451813603423163],[101.36207940205185,3.45220622835937],[101.36259761044242,3.45220622835937],[101.36259761044242,3.451813603423163],[101.36363402722353,3.451813603423163],[101.36363402722353,3.45220622835937],[101.36415223561409,3.45220622835937],[101.36415223561409,3.451813603423163],[101.36467044400466,3.451813603423163],[101.36415223561409,3.450243105257725]]],[[[101.3667432775669,3.4514209786449137],[101.3667432775669,3.451028354024603],[101.36570686078576,3.451028354024603],[101.36570686078576,3.4514209786449137],[101.3667432775669,3.4514209786449137]]],[[[101.35637910975568,3.4514209786449137],[101.35689731814624,3.4514209786449137],[101.35689731814624,3.451028354024603],[101.354824484584,3.451028354024603],[101.354824484584,3.4514209786449137],[101.3558609013651,3.4514209786449137],[101.3558609013651,3.451813603423163],[101.35637910975568,3.451813603423163],[101.35637910975568,3.4514209786449137]]],[[[101.36622506917632,3.451813603423163],[101.36570686078576,3.451813603423163],[101.36570686078576,3.45220622835937],[101.36622506917632,3.45220622835937],[101.36622506917632,3.451813603423163]]],[[[101.36156119366129,3.4525988534535523],[101.36156119366129,3.45220622835937],[101.36104298527071,3.45220622835937],[101.36104298527071,3.4525988534535523],[101.36156119366129,3.4525988534535523]]],[[[101.36415223561409,3.4537767296841295],[101.36363402722353,3.4537767296841295],[101.36363402722353,3.454169355410392],[101.36415223561409,3.454169355410392],[101.36415223561409,3.4537767296841295]]],[[[101.36000656848961,3.454954607337135],[101.35948836009905,3.454954607337135],[101.35948836009905,3.4553472335376503],[101.36000656848961,3.4553472335376503],[101.36000656848961,3.454954607337135]]],[[[101.36259761044242,3.4577029940619006],[101.36259761044242,3.457310366912393],[101.36207940205185,3.457310366912393],[101.36207940205185,3.4577029940619006],[101.36259761044242,3.4577029940619006]]],[[[101.3558609013651,3.460058760282397],[101.3558609013651,3.459666132183243],[101.35534269297457,3.459666132183243],[101.35534269297457,3.460058760282397],[101.3558609013651,3.460058760282397]]],[[[101.35637910975568,3.4624145322030593],[101.35637910975568,3.4620219031536044],[101.3558609013651,3.4620219031536044],[101.3558609013651,3.4624145322030593],[101.35637910975568,3.4624145322030593]]],[[[101.354824484584,3.4651629399867674],[101.3558609013651,3.4655555703043044],[101.3558609013651,3.4647703098278044],[101.35637910975568,3.4647703098278044],[101.35637910975568,3.4643776798273973],[101.35430627619344,3.463985049985527],[101.35430627619344,3.4647703098278044],[101.354824484584,3.4647703098278044],[101.354824484584,3.4651629399867674]]],[[[101.35741552653681,3.4651629399867674],[101.35689731814624,3.4651629399867674],[101.35689731814624,3.4655555703043044],[101.35741552653681,3.4655555703043044],[101.35741552653681,3.4651629399867674]]],[[[101.36104298527071,3.465948200780433],[101.36104298527071,3.4655555703043044],[101.36052477688018,3.4655555703043044],[101.36052477688018,3.465948200780433],[101.36104298527071,3.465948200780433]]],[[[101.354824484584,3.4663408314151716],[101.35637910975568,3.4663408314151716],[101.35637910975568,3.466733462208539],[101.35741552653681,3.466733462208539],[101.35741552653681,3.4663408314151716],[101.35689731814624,3.4663408314151716],[101.35689731814624,3.4655555703043044],[101.35637910975568,3.4655555703043044],[101.35637910975568,3.465948200780433],[101.35534269297457,3.465948200780433],[101.35534269297457,3.4655555703043044],[101.354824484584,3.4655555703043044],[101.354824484584,3.4663408314151716]]],[[[101.36415223561409,3.4663408314151716],[101.36363402722353,3.4663408314151716],[101.36363402722353,3.466733462208539],[101.36415223561409,3.466733462208539],[101.36415223561409,3.4663408314151716]]],[[[101.36104298527071,3.466733462208539],[101.36104298527071,3.4663408314151716],[101.36052477688018,3.4663408314151716],[101.36052477688018,3.466733462208539],[101.36104298527071,3.466733462208539]]],[[[101.36518865239522,3.4663408314151716],[101.36467044400466,3.4663408314151716],[101.36467044400466,3.466733462208539],[101.36518865239522,3.466733462208539],[101.36518865239522,3.4663408314151716]]],[[[101.36726148595746,3.4663408314151716],[101.3667432775669,3.4663408314151716],[101.3667432775669,3.466733462208539],[101.36726148595746,3.466733462208539],[101.36726148595746,3.4663408314151716]]],[[[101.36311581883295,3.466733462208539],[101.36311581883295,3.4663408314151716],[101.36259761044242,3.4663408314151716],[101.36259761044242,3.466733462208539],[101.36311581883295,3.466733462208539]]],[[[101.3558609013651,3.4675187242712298],[101.35534269297457,3.4675187242712298],[101.35534269297457,3.46791135554059],[101.3558609013651,3.46791135554059],[101.3558609013651,3.4675187242712298]]],[[[101.36311581883295,3.468303986968651],[101.36259761044242,3.468303986968651],[101.36259761044242,3.468696618555431],[101.36311581883295,3.468696618555431],[101.36311581883295,3.468303986968651]]],[[[101.36156119366129,3.469089250300949],[101.36207940205185,3.469089250300949],[101.36207940205185,3.468696618555431],[101.36156119366129,3.468696618555431],[101.36156119366129,3.469089250300949]]],[[[101.36104298527071,3.469481882205221],[101.36052477688018,3.469481882205221],[101.36052477688018,3.468696618555431],[101.36156119366129,3.468696618555431],[101.36156119366129,3.468303986968651],[101.36207940205185,3.468303986968651],[101.36156119366129,3.4675187242712298],[101.36104298527071,3.4675187242712298],[101.36104298527071,3.468303986968651],[101.36000656848961,3.468303986968651],[101.36000656848961,3.469481882205221],[101.35897015170848,3.469481882205221],[101.35897015170848,3.470267146490104],[101.35948836009905,3.470267146490104],[101.35948836009905,3.47065977887075],[101.36000656848961,3.47065977887075],[101.36000656848961,3.471445044108546],[101.36052477688018,3.471445044108546],[101.36052477688018,3.4738008436352494],[101.36104298527071,3.4738008436352494],[101.36104298527071,3.472622943156764],[101.36156119366129,3.472622943156764],[101.36156119366129,3.471445044108546],[101.36104298527071,3.471445044108546],[101.36104298527071,3.4698745142682674],[101.36156119366129,3.4698745142682674],[101.36156119366129,3.469089250300949],[101.36104298527071,3.469089250300949],[101.36104298527071,3.469481882205221]]],[[[101.35897015170848,3.47065977887075],[101.35845194331792,3.47065977887075],[101.35845194331792,3.471052411410225],[101.35897015170848,3.471052411410225],[101.35897015170848,3.47065977887075]]],[[[101.35689731814624,3.4757640142790907],[101.35637910975568,3.4749787455444907],[101.35534269297457,3.4749787455444907],[101.3558609013651,3.4757640142790907],[101.35689731814624,3.4757640142790907]]],[[[101.36207940205185,3.4808682765691894],[101.36207940205185,3.4816535500792387],[101.36311581883295,3.482046187073258],[101.36311581883295,3.4832240990115118],[101.36467044400466,3.4832240990115118],[101.36467044400466,3.483616736643056],[101.3667432775669,3.484009374434026],[101.36726148595746,3.4847946504943184],[101.3693343195197,3.4847946504943184],[101.3693343195197,3.485187288763678],[101.36985252791027,3.485187288763678],[101.36985252791027,3.4844020123844412],[101.3693343195197,3.4844020123844412],[101.3693343195197,3.484009374434026],[101.36726148595746,3.484009374434026],[101.36726148595746,3.483616736643056],[101.36829790273856,3.483616736643056],[101.36777969434803,3.4828314615393756],[101.36467044400466,3.4828314615393756],[101.36467044400466,3.482046187073258],[101.36363402722353,3.482046187073258],[101.36363402722353,3.4812609132445544],[101.36311581883295,3.4812609132445544],[101.36311581883295,3.4792977314605418],[101.36259761044242,3.4792977314605418],[101.36259761044242,3.4785124598616517],[101.36311581883295,3.4785124598616517],[101.36259761044242,3.4765492836499465],[101.36311581883295,3.4765492836499465],[101.36311581883295,3.476156648884978],[101.36259761044242,3.476156648884978],[101.36259761044242,3.4753713798322674],[101.36156119366129,3.4753713798322674],[101.36156119366129,3.4738008436352494],[101.36104298527071,3.4738008436352494],[101.36104298527071,3.474193477445999],[101.36000656848961,3.474193477445999],[101.36000656848961,3.473015576490649],[101.35845194331792,3.473015576490649],[101.35845194331792,3.4718376769657295],[101.35897015170848,3.4718376769657295],[101.35897015170848,3.471445044108546],[101.35793373492737,3.471445044108546],[101.35793373492737,3.470267146490104],[101.35845194331792,3.470267146490104],[101.35845194331792,3.4698745142682674],[101.35741552653681,3.469481882205221],[101.35741552653681,3.46791135554059],[101.35637910975568,3.4675187242712298],[101.35637910975568,3.468303986968651],[101.354824484584,3.468303986968651],[101.35534269297457,3.469089250300949],[101.35637910975568,3.469089250300949],[101.35637910975568,3.469481882205221],[101.3558609013651,3.469481882205221],[101.3558609013651,3.4698745142682674],[101.354824484584,3.4698745142682674],[101.354824484584,3.470267146490104],[101.35637910975568,3.470267146490104],[101.35637910975568,3.471445044108546],[101.35689731814624,3.471445044108546],[101.35689731814624,3.472230309981797],[101.35741552653681,3.472230309981797],[101.35741552653681,3.473015576490649],[101.35793373492737,3.473015576490649],[101.35741552653681,3.4738008436352494],[101.35845194331792,3.4738008436352494],[101.35845194331792,3.47458611141574],[101.35897015170848,3.47458611141574],[101.35897015170848,3.4749787455444907],[101.35793373492737,3.4753713798322674],[101.35793373492737,3.4765492836499465],[101.35897015170848,3.4765492836499465],[101.35845194331792,3.4757640142790907],[101.35948836009905,3.4757640142790907],[101.35948836009905,3.4769419185740147],[101.35897015170848,3.4769419185740147],[101.35897015170848,3.477334553657202],[101.35948836009905,3.477334553657202],[101.36052477688018,3.4785124598616517],[101.36156119366129,3.4785124598616517],[101.36156119366129,3.4792977314605418],[101.36207940205185,3.4792977314605418],[101.36207940205185,3.479690367498818],[101.36156119366129,3.479690367498818],[101.36156119366129,3.480475640053123],[101.36259761044242,3.480475640053123],[101.36259761044242,3.4808682765691894],[101.36207940205185,3.4808682765691894]],[[101.36259761044242,3.4777271888995247],[101.36207940205185,3.4777271888995247],[101.36207940205185,3.477334553657202],[101.36259761044242,3.477334553657202],[101.36259761044242,3.4777271888995247]],[[101.36052477688018,3.4777271888995247],[101.36104298527071,3.4777271888995247],[101.36104298527071,3.4781198243010016],[101.36052477688018,3.4781198243010016],[101.36052477688018,3.4777271888995247]],[[101.36104298527071,3.4765492836499465],[101.36104298527071,3.477334553657202],[101.36052477688018,3.477334553657202],[101.36000656848961,3.4765492836499465],[101.36104298527071,3.4765492836499465]],[[101.36000656848961,3.47458611141574],[101.36000656848961,3.4753713798322674],[101.35948836009905,3.4753713798322674],[101.35948836009905,3.47458611141574],[101.36000656848961,3.47458611141574]]],[[[101.37037073630083,3.483616736643056],[101.36985252791027,3.483616736643056],[101.36985252791027,3.4832240990115118],[101.36881611112914,3.4832240990115118],[101.3693343195197,3.484009374434026],[101.37037073630083,3.484009374434026],[101.37037073630083,3.483616736643056]]],[[[101.37037073630083,3.4855799271925365],[101.37037073630083,3.485187288763678],[101.36985252791027,3.485187288763678],[101.36985252791027,3.4855799271925365],[101.37037073630083,3.4855799271925365]]],[[[101.36985252791027,3.4855799271925365],[101.3693343195197,3.4855799271925365],[101.3693343195197,3.4859725657809117],[101.36985252791027,3.4859725657809117],[101.36985252791027,3.4855799271925365]]],[[[101.37088894469137,3.4416054104716123],[101.37037073630083,3.4416054104716123],[101.37037073630083,3.4419980313068343],[101.37088894469137,3.4419980313068343],[101.37088894469137,3.4416054104716123]]],[[[101.37347998664417,3.4486726096184355],[101.37347998664417,3.4482799861031888],[101.37296177825363,3.4482799861031888],[101.37296177825363,3.4486726096184355],[101.37347998664417,3.4486726096184355]]],[[[101.37296177825363,3.4498504811111217],[101.37296177825363,3.4494578571223844],[101.3719253614725,3.4494578571223844],[101.3719253614725,3.4498504811111217],[101.37296177825363,3.4498504811111217]]],[[[101.37399819503474,3.4494578571223844],[101.37399819503474,3.4498504811111217],[101.37347998664417,3.4498504811111217],[101.37347998664417,3.450243105257725],[101.3745164034253,3.450243105257725],[101.3745164034253,3.4494578571223844],[101.37399819503474,3.4494578571223844]]],[[[101.37088894469137,3.450243105257725],[101.37037073630083,3.450243105257725],[101.37037073630083,3.4506357295622125],[101.37088894469137,3.4506357295622125],[101.37088894469137,3.450243105257725]]],[[[101.37296177825363,3.450243105257725],[101.37244356986307,3.450243105257725],[101.37244356986307,3.4506357295622125],[101.37296177825363,3.4506357295622125],[101.37296177825363,3.450243105257725]]],[[[101.37658923698754,3.4506357295622125],[101.37658923698754,3.450243105257725],[101.37555282020641,3.450243105257725],[101.37555282020641,3.4506357295622125],[101.37658923698754,3.4506357295622125]]],[[[101.37244356986307,3.4506357295622125],[101.37140715308193,3.4506357295622125],[101.37140715308193,3.451028354024603],[101.37244356986307,3.451028354024603],[101.37244356986307,3.4506357295622125]]],[[[101.3745164034253,3.454169355410392],[101.37399819503474,3.454169355410392],[101.37399819503474,3.4545619812947224],[101.3745164034253,3.4545619812947224],[101.3745164034253,3.454169355410392]]],[[[101.37866207054978,3.458488248835624],[101.37866207054978,3.458095621369639],[101.37814386215922,3.458095621369639],[101.37814386215922,3.458488248835624],[101.37866207054978,3.458488248835624]]],[[[101.37866207054978,3.4620219031536044],[101.37814386215922,3.4620219031536044],[101.37814386215922,3.4624145322030593],[101.37866207054978,3.4624145322030593],[101.37866207054978,3.4620219031536044]]],[[[101.37918027894035,3.4631997907773275],[101.37866207054978,3.4631997907773275],[101.37866207054978,3.463592420302176],[101.37918027894035,3.463592420302176],[101.37918027894035,3.4631997907773275]]],[[[101.37399819503474,3.46791135554059],[101.37399819503474,3.4675187242712298],[101.37347998664417,3.4675187242712298],[101.37347998664417,3.46791135554059],[101.37399819503474,3.46791135554059]]],[[[101.37296177825363,3.468696618555431],[101.37244356986307,3.468696618555431],[101.37244356986307,3.469089250300949],[101.37296177825363,3.469089250300949],[101.37296177825363,3.468696618555431]]],[[[101.38228952928372,3.469089250300949],[101.38177132089315,3.469089250300949],[101.38177132089315,3.469481882205221],[101.38228952928372,3.469481882205221],[101.38228952928372,3.469089250300949]]],[[[101.3745164034253,3.469481882205221],[101.3745164034253,3.469089250300949],[101.37347998664417,3.469089250300949],[101.37347998664417,3.469481882205221],[101.3745164034253,3.469481882205221]]],[[[101.37710744537812,3.469481882205221],[101.37658923698754,3.469481882205221],[101.37658923698754,3.4698745142682674],[101.37710744537812,3.4698745142682674],[101.37710744537812,3.469481882205221]]],[[[101.38228952928372,3.470267146490104],[101.38177132089315,3.470267146490104],[101.38177132089315,3.47065977887075],[101.38228952928372,3.47065977887075],[101.38228952928372,3.470267146490104]]],[[[101.38384415445539,3.47065977887075],[101.38384415445539,3.470267146490104],[101.38332594606483,3.470267146490104],[101.38332594606483,3.471052411410225],[101.38436236284596,3.471052411410225],[101.38436236284596,3.47065977887075],[101.38384415445539,3.47065977887075]]],[[[101.38591698801763,3.4718376769657295],[101.38539877962708,3.4718376769657295],[101.38539877962708,3.472230309981797],[101.38591698801763,3.472230309981797],[101.38591698801763,3.4718376769657295]]],[[[101.38695340479876,3.473015576490649],[101.3864351964082,3.473015576490649],[101.3864351964082,3.4734082099834716],[101.38695340479876,3.4734082099834716],[101.38695340479876,3.473015576490649]]],[[[101.38747161318932,3.4777271888995247],[101.38747161318932,3.477334553657202],[101.38695340479876,3.477334553657202],[101.38695340479876,3.4777271888995247],[101.38747161318932,3.4777271888995247]]],[[[101.38695340479876,3.4781198243010016],[101.3864351964082,3.4781198243010016],[101.3864351964082,3.4789050955814917],[101.38695340479876,3.4789050955814917],[101.38695340479876,3.4781198243010016]]],[[[101.38747161318932,3.4808682765691894],[101.38695340479876,3.4808682765691894],[101.38695340479876,3.4812609132445544],[101.38747161318932,3.4812609132445544],[101.38747161318932,3.4808682765691894]]],[[[101.38747161318932,3.482046187073258],[101.38747161318932,3.4816535500792387],[101.38695340479876,3.4816535500792387],[101.38695340479876,3.482046187073258],[101.38747161318932,3.482046187073258]]],[[[101.3864351964082,3.484009374434026],[101.3864351964082,3.483616736643056],[101.38591698801763,3.483616736643056],[101.38591698801763,3.484009374434026],[101.3864351964082,3.484009374434026]]],[[[101.3719253614725,3.4847946504943184],[101.3719253614725,3.484009374434026],[101.37088894469137,3.484009374434026],[101.37088894469137,3.4847946504943184],[101.3719253614725,3.4847946504943184]]],[[[101.37088894469137,3.4855799271925365],[101.37037073630083,3.4855799271925365],[101.37037073630083,3.4859725657809117],[101.37088894469137,3.4859725657809117],[101.37088894469137,3.4855799271925365]]],[[[101.37555282020641,3.4855799271925365],[101.37503461181588,3.4855799271925365],[101.37503461181588,3.4859725657809117],[101.37555282020641,3.4859725657809117],[101.37555282020641,3.4855799271925365]]],[[[101.37244356986307,3.487150482503324],[101.37244356986307,3.486365204528823],[101.37296177825363,3.486365204528823],[101.37296177825363,3.4859725657809117],[101.3719253614725,3.4859725657809117],[101.3719253614725,3.485187288763678],[101.37140715308193,3.485187288763678],[101.37140715308193,3.487150482503324],[101.37244356986307,3.487150482503324]]],[[[101.38591698801763,3.4859725657809117],[101.38539877962708,3.4859725657809117],[101.38539877962708,3.486365204528823],[101.38591698801763,3.486365204528823],[101.38591698801763,3.4859725657809117]]],[[[101.37399819503474,3.486757843436288],[101.37347998664417,3.486757843436288],[101.37347998664417,3.487150482503324],[101.3745164034253,3.487150482503324],[101.3745164034253,3.486365204528823],[101.37399819503474,3.486365204528823],[101.37399819503474,3.486757843436288]]],[[[101.37969848733091,3.487150482503324],[101.37969848733091,3.486757843436288],[101.37918027894035,3.486757843436288],[101.37918027894035,3.487150482503324],[101.37969848733091,3.487150482503324]]],[[[101.3719253614725,3.48754312172995],[101.37140715308193,3.48754312172995],[101.37140715308193,3.4879357611161845],[101.3719253614725,3.4879357611161845],[101.3719253614725,3.48754312172995]]],[[[101.38488057123652,3.48754312172995],[101.38436236284596,3.48754312172995],[101.38436236284596,3.488328400662045],[101.38488057123652,3.488328400662045],[101.38488057123652,3.48754312172995]]],[[[101.3745164034253,3.487150482503324],[101.37503461181588,3.4879357611161845],[101.37658923698754,3.4879357611161845],[101.37658923698754,3.488328400662045],[101.37866207054978,3.4887210403675497],[101.37866207054978,3.488328400662045],[101.37814386215922,3.488328400662045],[101.37814386215922,3.4879357611161845],[101.37710744537812,3.4879357611161845],[101.37658923698754,3.487150482503324],[101.3745164034253,3.487150482503324]]],[[[101.38591698801763,3.4887210403675497],[101.38591698801763,3.488328400662045],[101.38539877962708,3.488328400662045],[101.38539877962708,3.4887210403675497],[101.38591698801763,3.4887210403675497]]],[[[101.38436236284596,3.4887210403675497],[101.38436236284596,3.488328400662045],[101.38280773767427,3.488328400662045],[101.38228952928372,3.48754312172995],[101.38073490411202,3.48754312172995],[101.38073490411202,3.487150482503324],[101.38021669572147,3.487150482503324],[101.38021669572147,3.4879357611161845],[101.38125311250259,3.488328400662045],[101.38125311250259,3.489898960442112],[101.38177132089315,3.489898960442112],[101.38177132089315,3.4902916007863753],[101.38280773767427,3.4902916007863753],[101.38280773767427,3.489898960442112],[101.38177132089315,3.4895063202575645],[101.38177132089315,3.488328400662045],[101.38228952928372,3.488328400662045],[101.38228952928372,3.4887210403675497],[101.38436236284596,3.4887210403675497]]],[[[101.37969848733091,3.489898960442112],[101.38073490411202,3.489898960442112],[101.38073490411202,3.4887210403675497],[101.38021669572147,3.4887210403675497],[101.38021669572147,3.488328400662045],[101.37969848733091,3.488328400662045],[101.37969848733091,3.4887210403675497],[101.37866207054978,3.4887210403675497],[101.37866207054978,3.4891136802327174],[101.37969848733091,3.4891136802327174],[101.37969848733091,3.489898960442112]]],[[[101.38695340479876,3.4891136802327174],[101.3864351964082,3.4891136802327174],[101.3864351964082,3.4895063202575645],[101.38695340479876,3.4895063202575645],[101.38695340479876,3.4891136802327174]]],[[[101.38384415445539,3.490684241290374],[101.38436236284596,3.491469522777649],[101.38539877962708,3.491076881954126],[101.38539877962708,3.490684241290374],[101.38332594606483,3.4902916007863753],[101.38332594606483,3.490684241290374],[101.38384415445539,3.490684241290374]]],[[[101.38228952928372,3.491076881954126],[101.38177132089315,3.491076881954126],[101.38177132089315,3.4918621637609615],[101.38280773767427,3.4918621637609615],[101.38228952928372,3.491076881954126]]],[[[101.38436236284596,3.4918621637609615],[101.38384415445539,3.4918621637609615],[101.38384415445539,3.4922548049040825],[101.38436236284596,3.4922548049040825],[101.38436236284596,3.4918621637609615]]],[[[101.38747161318932,3.4922548049040825],[101.38747161318932,3.4918621637609615],[101.3864351964082,3.4918621637609615],[101.3864351964082,3.4922548049040825],[101.38747161318932,3.4922548049040825]]],[[[101.38332594606483,3.4922548049040825],[101.38280773767427,3.4922548049040825],[101.38280773767427,3.492647446207028],[101.38332594606483,3.492647446207028],[101.38332594606483,3.4922548049040825]]],[[[101.38539877962708,3.4922548049040825],[101.38436236284596,3.4922548049040825],[101.38436236284596,3.492647446207028],[101.38539877962708,3.492647446207028],[101.38539877962708,3.4922548049040825]]],[[[101.38747161318932,3.4930400876698178],[101.38747161318932,3.492647446207028],[101.38695340479876,3.492647446207028],[101.38695340479876,3.4930400876698178],[101.38747161318932,3.4930400876698178]]],[[[101.38125311250259,3.493825371075003],[101.38125311250259,3.4934327292924703],[101.38073490411202,3.4934327292924703],[101.38073490411202,3.493825371075003],[101.38125311250259,3.493825371075003]]],[[[101.38747161318932,3.542514197088875],[101.38695340479876,3.542514197088875],[101.3864351964082,3.5417288737543005],[101.38798982157986,3.5417288737543005],[101.38798982157986,3.540943551068177],[101.38850802997044,3.540943551068177],[101.38850802997044,3.5413362123301915],[101.38954444675157,3.5413362123301915],[101.38954444675157,3.540943551068177],[101.38850802997044,3.5405508899682387],[101.38850802997044,3.5397655682545217],[101.38747161318932,3.5393729076407046],[101.38747161318932,3.5389802471888925],[101.38850802997044,3.5389802471888925],[101.38850802997044,3.538587586899065],[101.389026238361,3.538587586899065],[101.389026238361,3.5374096070013197],[101.38954444675157,3.5374096070013197],[101.38850802997044,3.535446310409766],[101.38747161318932,3.535446310409766],[101.38747161318932,3.536231628560793],[101.38695340479876,3.536231628560793],[101.38695340479876,3.538194926771207],[101.38591698801763,3.538587586899065],[101.38591698801763,3.5393729076407046],[101.38488057123652,3.5393729076407046],[101.38488057123652,3.5397655682545217],[101.38436236284596,3.5397655682545217],[101.38436236284596,3.5389802471888925],[101.38384415445539,3.5389802471888925],[101.38384415445539,3.54015822903036],[101.38332594606483,3.54015822903036],[101.38332594606483,3.540943551068177],[101.38384415445539,3.540943551068177],[101.38384415445539,3.5413362123301915],[101.38488057123652,3.5413362123301915],[101.38488057123652,3.5417288737543005],[101.38384415445539,3.5417288737543005],[101.38384415445539,3.5421215353405224],[101.38539877962708,3.542906858999378],[101.38488057123652,3.543692183306903],[101.3864351964082,3.543692183306903],[101.38747161318932,3.542514197088875]],[[101.38591698801763,3.5417288737543005],[101.38591698801763,3.5405508899682387],[101.3864351964082,3.5405508899682387],[101.3864351964082,3.5417288737543005],[101.38591698801763,3.5417288737543005]],[[101.38539877962708,3.5405508899682387],[101.38539877962708,3.5397655682545217],[101.38591698801763,3.5397655682545217],[101.38591698801763,3.5405508899682387],[101.38539877962708,3.5405508899682387]],[[101.38539877962708,3.540943551068177],[101.38488057123652,3.540943551068177],[101.38488057123652,3.5405508899682387],[101.38539877962708,3.5405508899682387],[101.38539877962708,3.540943551068177]],[[101.38695340479876,3.5389802471888925],[101.38695340479876,3.538587586899065],[101.38747161318932,3.538587586899065],[101.38747161318932,3.5389802471888925],[101.38695340479876,3.5389802471888925]],[[101.38798982157986,3.536231628560793],[101.38798982157986,3.5366242878790857],[101.38747161318932,3.5366242878790857],[101.38747161318932,3.536231628560793],[101.38798982157986,3.536231628560793]],[[101.38539877962708,3.542514197088875],[101.38591698801763,3.542514197088875],[101.38591698801763,3.542906858999378],[101.38539877962708,3.542906858999378],[101.38539877962708,3.542514197088875]]],[[[101.38332594606483,3.5397655682545217],[101.38280773767427,3.5397655682545217],[101.38280773767427,3.54015822903036],[101.38332594606483,3.54015822903036],[101.38332594606483,3.5397655682545217]]],[[[101.38228952928372,3.5397655682545217],[101.38177132089315,3.5397655682545217],[101.38177132089315,3.54015822903036],[101.38228952928372,3.54015822903036],[101.38228952928372,3.5397655682545217]]],[[[101.38280773767427,3.5417288737543005],[101.38228952928372,3.5417288737543005],[101.38228952928372,3.542514197088875],[101.38280773767427,3.542514197088875],[101.38280773767427,3.5417288737543005]]],[[[101.38332594606483,3.542514197088875],[101.38280773767427,3.542514197088875],[101.38280773767427,3.5432995210720475],[101.38384415445539,3.5432995210720475],[101.38332594606483,3.542514197088875]]],[[[101.40146323973445,3.470267146490104],[101.4009450313439,3.470267146490104],[101.4009450313439,3.47065977887075],[101.40146323973445,3.47065977887075],[101.40146323973445,3.470267146490104]]],[[[101.40301786490613,3.47065977887075],[101.40301786490613,3.470267146490104],[101.40249965651557,3.470267146490104],[101.40249965651557,3.47065977887075],[101.40301786490613,3.47065977887075]]],[[[101.40042682295334,3.470267146490104],[101.39990861456278,3.470267146490104],[101.39990861456278,3.471052411410225],[101.40042682295334,3.471052411410225],[101.40042682295334,3.470267146490104]]],[[[101.39783578100054,3.47065977887075],[101.39576294743829,3.47065977887075],[101.39576294743829,3.471052411410225],[101.39783578100054,3.471052411410225],[101.39783578100054,3.47065977887075]]],[[[101.3942083222666,3.471052411410225],[101.3942083222666,3.47065977887075],[101.39265369709493,3.47065977887075],[101.39265369709493,3.471052411410225],[101.3942083222666,3.471052411410225]]],[[[101.39887219778166,3.47065977887075],[101.3983539893911,3.47065977887075],[101.3983539893911,3.471052411410225],[101.39887219778166,3.471052411410225],[101.39887219778166,3.47065977887075]]],[[[101.40249965651557,3.47065977887075],[101.40146323973445,3.47065977887075],[101.40146323973445,3.471052411410225],[101.40249965651557,3.471052411410225],[101.40249965651557,3.47065977887075]]],[[[101.389026238361,3.472622943156764],[101.389026238361,3.472230309981797],[101.38747161318932,3.472230309981797],[101.38747161318932,3.472622943156764],[101.389026238361,3.472622943156764]]],[[[101.39628115582885,3.472230309981797],[101.39576294743829,3.472230309981797],[101.39576294743829,3.473015576490649],[101.39628115582885,3.473015576490649],[101.39628115582885,3.472230309981797]]],[[[101.39731757260996,3.472230309981797],[101.39679936421942,3.472230309981797],[101.39679936421942,3.473015576490649],[101.3983539893911,3.473015576490649],[101.3983539893911,3.472622943156764],[101.39731757260996,3.472622943156764],[101.39731757260996,3.472230309981797]]],[[[101.38954444675157,3.473015576490649],[101.38954444675157,3.472622943156764],[101.389026238361,3.472622943156764],[101.389026238361,3.473015576490649],[101.38954444675157,3.473015576490649]]],[[[101.40146323973445,3.472622943156764],[101.40042682295334,3.472622943156764],[101.40042682295334,3.473015576490649],[101.40146323973445,3.473015576490649],[101.40146323973445,3.472622943156764]]],[[[101.389026238361,3.473015576490649],[101.38850802997044,3.473015576490649],[101.38850802997044,3.4734082099834716],[101.389026238361,3.4734082099834716],[101.389026238361,3.473015576490649]]],[[[101.39472653065717,3.4738008436352494],[101.39472653065717,3.474193477445999],[101.39524473904773,3.474193477445999],[101.39524473904773,3.4738008436352494],[101.39576294743829,3.4738008436352494],[101.39576294743829,3.473015576490649],[101.39472653065717,3.473015576490649],[101.39472653065717,3.4734082099834716],[101.3942083222666,3.4734082099834716],[101.3942083222666,3.4738008436352494],[101.39472653065717,3.4738008436352494]]],[[[101.38850802997044,3.4734082099834716],[101.38798982157986,3.4734082099834716],[101.38798982157986,3.4738008436352494],[101.38850802997044,3.4738008436352494],[101.38850802997044,3.4734082099834716]]],[[[101.40301786490613,3.4734082099834716],[101.40249965651557,3.4734082099834716],[101.40249965651557,3.4738008436352494],[101.40301786490613,3.4738008436352494],[101.40301786490613,3.4734082099834716]]],[[[101.39213548870437,3.4738008436352494],[101.39161728031381,3.4738008436352494],[101.39161728031381,3.474193477445999],[101.39213548870437,3.474193477445999],[101.39213548870437,3.4738008436352494]]],[[[101.39213548870437,3.47458611141574],[101.39317190548547,3.47458611141574],[101.39317190548547,3.474193477445999],[101.39213548870437,3.474193477445999],[101.39213548870437,3.47458611141574]]],[[[101.38954444675157,3.4753713798322674],[101.38954444675157,3.4734082099834716],[101.389026238361,3.4734082099834716],[101.389026238361,3.4738008436352494],[101.38850802997044,3.4738008436352494],[101.38850802997044,3.4749787455444907],[101.38954444675157,3.4753713798322674]]],[[[101.389026238361,3.4753713798322674],[101.38850802997044,3.4753713798322674],[101.38850802997044,3.4757640142790907],[101.389026238361,3.4757640142790907],[101.389026238361,3.4753713798322674]]],[[[101.39213548870437,3.476156648884978],[101.39161728031381,3.476156648884978],[101.39161728031381,3.4765492836499465],[101.39213548870437,3.4765492836499465],[101.39213548870437,3.476156648884978]]],[[[101.38798982157986,3.4769419185740147],[101.38798982157986,3.4765492836499465],[101.38747161318932,3.4765492836499465],[101.38747161318932,3.4769419185740147],[101.38798982157986,3.4769419185740147]]],[[[101.39161728031381,3.4769419185740147],[101.39109907192324,3.4769419185740147],[101.39109907192324,3.477334553657202],[101.39161728031381,3.477334553657202],[101.39161728031381,3.4769419185740147]]],[[[101.389026238361,3.4765492836499465],[101.38850802997044,3.4765492836499465],[101.38850802997044,3.4781198243010016],[101.38954444675157,3.4781198243010016],[101.38954444675157,3.4769419185740147],[101.389026238361,3.4769419185740147],[101.389026238361,3.4765492836499465]]],[[[101.38798982157986,3.4781198243010016],[101.38798982157986,3.4777271888995247],[101.38747161318932,3.4777271888995247],[101.38747161318932,3.4781198243010016],[101.38798982157986,3.4781198243010016]]],[[[101.39109907192324,3.4777271888995247],[101.39058086353268,3.4777271888995247],[101.39058086353268,3.4781198243010016],[101.39109907192324,3.4781198243010016],[101.39109907192324,3.4777271888995247]]],[[[101.40146323973445,3.4777271888995247],[101.4009450313439,3.4777271888995247],[101.4009450313439,3.4785124598616517],[101.40146323973445,3.4785124598616517],[101.40146323973445,3.4777271888995247]]],[[[101.39161728031381,3.4785124598616517],[101.39161728031381,3.4781198243010016],[101.39109907192324,3.4781198243010016],[101.39109907192324,3.4785124598616517],[101.39161728031381,3.4785124598616517]]],[[[101.38954444675157,3.4785124598616517],[101.389026238361,3.4785124598616517],[101.389026238361,3.4789050955814917],[101.38954444675157,3.4789050955814917],[101.38954444675157,3.4785124598616517]]],[[[101.39109907192324,3.4789050955814917],[101.39058086353268,3.4789050955814917],[101.39058086353268,3.4792977314605418],[101.39109907192324,3.4792977314605418],[101.39109907192324,3.4789050955814917]]],[[[101.40198144812501,3.4792977314605418],[101.40198144812501,3.4789050955814917],[101.40146323973445,3.4789050955814917],[101.40146323973445,3.4792977314605418],[101.40198144812501,3.4792977314605418]]],[[[101.39006265514212,3.4792977314605418],[101.38954444675157,3.4792977314605418],[101.38954444675157,3.479690367498818],[101.39006265514212,3.479690367498818],[101.39006265514212,3.4792977314605418]]],[[[101.39109907192324,3.479690367498818],[101.39058086353268,3.479690367498818],[101.39058086353268,3.4800830036963384],[101.39109907192324,3.4800830036963384],[101.39109907192324,3.479690367498818]]],[[[101.40146323973445,3.4800830036963384],[101.40146323973445,3.479690367498818],[101.4009450313439,3.479690367498818],[101.4009450313439,3.4800830036963384],[101.40146323973445,3.4800830036963384]]],[[[101.39058086353268,3.480475640053123],[101.39006265514212,3.480475640053123],[101.39006265514212,3.4808682765691894],[101.39058086353268,3.4808682765691894],[101.39058086353268,3.480475640053123]]],[[[101.38850802997044,3.480475640053123],[101.38798982157986,3.480475640053123],[101.38798982157986,3.4800830036963384],[101.38747161318932,3.4800830036963384],[101.38747161318932,3.4808682765691894],[101.38798982157986,3.4808682765691894],[101.38798982157986,3.4812609132445544],[101.38850802997044,3.4812609132445544],[101.38850802997044,3.480475640053123]]],[[[101.40301786490613,3.4816535500792387],[101.40301786490613,3.4812609132445544],[101.40249965651557,3.4812609132445544],[101.40249965651557,3.4816535500792387],[101.40301786490613,3.4816535500792387]]],[[[101.389026238361,3.4918621637609615],[101.38798982157986,3.4918621637609615],[101.38798982157986,3.4922548049040825],[101.389026238361,3.4922548049040825],[101.389026238361,3.4918621637609615]]],[[[101.38798982157986,3.523666615737823],[101.38747161318932,3.523666615737823],[101.38747161318932,3.5240592698856394],[101.38798982157986,3.5240592698856394],[101.38798982157986,3.523666615737823]]],[[[101.38850802997044,3.524844578665177],[101.38850802997044,3.5244519241947505],[101.38798982157986,3.5244519241947505],[101.38798982157986,3.524844578665177],[101.38850802997044,3.524844578665177]]],[[[101.38798982157986,3.5268078534376546],[101.38798982157986,3.526415198160385],[101.38747161318932,3.526415198160385],[101.38747161318932,3.5268078534376546],[101.38798982157986,3.5268078534376546]]],[[[101.38850802997044,3.527985820238073],[101.38850802997044,3.5268078534376546],[101.38798982157986,3.5268078534376546],[101.38798982157986,3.527985820238073],[101.38850802997044,3.527985820238073]]],[[[101.38954444675157,3.527985820238073],[101.389026238361,3.527985820238073],[101.389026238361,3.5283784761611434],[101.38954444675157,3.5283784761611434],[101.38954444675157,3.527985820238073]]],[[[101.38850802997044,3.5287711322457094],[101.38798982157986,3.5287711322457094],[101.38798982157986,3.5291637884917897],[101.38850802997044,3.5291637884917897],[101.38850802997044,3.5287711322457094]]],[[[101.39006265514212,3.529949101468564],[101.39006265514212,3.5295564448994017],[101.38954444675157,3.5295564448994017],[101.38954444675157,3.529949101468564],[101.39006265514212,3.529949101468564]]],[[[101.39317190548547,3.5307344150916102],[101.39265369709493,3.5307344150916102],[101.39265369709493,3.5311270721455323],[101.39317190548547,3.5311270721455323],[101.39317190548547,3.5307344150916102]]],[[[101.39213548870437,3.531519729361076],[101.39161728031381,3.531519729361076],[101.39161728031381,3.5319123867382616],[101.39213548870437,3.5319123867382616],[101.39213548870437,3.531519729361076]]],[[[101.39161728031381,3.532305044277106],[101.39161728031381,3.5319123867382616],[101.39058086353268,3.5319123867382616],[101.39058086353268,3.532305044277106],[101.39161728031381,3.532305044277106]]],[[[101.38954444675157,3.533090359839844],[101.38954444675157,3.533875676049438],[101.39006265514212,3.533875676049438],[101.39006265514212,3.533090359839844],[101.38954444675157,3.533090359839844]]],[[[101.38954444675157,3.5342683343968497],[101.38954444675157,3.535053651576995],[101.39006265514212,3.535053651576995],[101.39006265514212,3.53466099290603],[101.39058086353268,3.53466099290603],[101.39058086353268,3.533875676049438],[101.38954444675157,3.5342683343968497]]],[[[101.39006265514212,3.53583896940436],[101.39006265514212,3.535446310409766],[101.38954444675157,3.535446310409766],[101.38954444675157,3.53583896940436],[101.39006265514212,3.53583896940436]]],[[[101.39006265514212,3.538587586899065],[101.38954444675157,3.538587586899065],[101.38954444675157,3.5389802471888925],[101.39006265514212,3.5389802471888925],[101.39006265514212,3.538587586899065]]],[[[101.38954444675157,3.542514197088875],[101.38850802997044,3.542514197088875],[101.38850802997044,3.5432995210720475],[101.389026238361,3.5432995210720475],[101.38954444675157,3.542514197088875]]],[[[101.43151932638698,3.4471021165041362],[101.43151932638698,3.4467094936199545],[101.43122987194779,3.4467094936199545],[101.4310011179964,3.4471021165041362],[101.43151932638698,3.4471021165041362]]],[[[101.4310011179964,3.4478873627457345],[101.43050827661423,3.4478873627457345],[101.43048290960586,3.4482799861031888],[101.4310011179964,3.4482799861031888],[101.4310011179964,3.4478873627457345]]],[[[101.4299647012153,3.448774648634084],[101.42978668128066,3.449065233291495],[101.4299647012153,3.449065233291495],[101.4299647012153,3.448774648634084]]],[[[101.43048290960586,3.4494578571223844],[101.43048290960586,3.449065233291495],[101.4299647012153,3.449065233291495],[101.4299647012153,3.4494578571223844],[101.43048290960586,3.4494578571223844]]],[[[101.4299647012153,3.4494578571223844],[101.4295461495028,3.4494578571223844],[101.42944649282474,3.4498504811111217],[101.4299647012153,3.4498504811111217],[101.4299647012153,3.4494578571223844]]],[[[101.42892828443416,3.4504664087841155],[101.42882455416924,3.4506357295622125],[101.42892828443416,3.4506357295622125],[101.42892828443416,3.4504664087841155]]],[[[101.42789186765305,3.45220622835937],[101.42789186765305,3.4521581718656567],[101.4278624270578,3.45220622835937],[101.42789186765305,3.45220622835937]]],[[[101.42892828443416,3.453384104115913],[101.4284100760436,3.453384104115913],[101.4284100760436,3.4537767296841295],[101.42892828443416,3.4537767296841295],[101.42892828443416,3.453384104115913]]],[[[101.4284100760436,3.4553472335376503],[101.42789186765305,3.4553472335376503],[101.42789186765305,3.4557398598962856],[101.42892828443416,3.4557398598962856],[101.42892828443416,3.454954607337135],[101.4284100760436,3.454954607337135],[101.4284100760436,3.4553472335376503]]],[[[101.4273736592625,3.4557398598962856],[101.4273736592625,3.4553472335376503],[101.42633724248137,3.4553472335376503],[101.42633724248137,3.4557398598962856],[101.4273736592625,3.4557398598962856]]],[[[101.42345234604855,3.4557398598962856],[101.42374620052856,3.4555128570745643],[101.4234504,3.4554799961878033],[101.42345234604855,3.4557398598962856]]],[[[101.42789186765305,3.45613248641306],[101.42789186765305,3.4557398598962856],[101.4273736592625,3.4557398598962856],[101.4273736592625,3.45613248641306],[101.42789186765305,3.45613248641306]]],[[[101.43151932638698,3.4557398598962856],[101.4310011179964,3.4557398598962856],[101.4310011179964,3.4565251130879893],[101.43151932638698,3.4565251130879893],[101.43151932638698,3.4557398598962856]]],[[[101.4273736592625,3.45613248641306],[101.42685545087193,3.45613248641306],[101.42685545087193,3.4565251130879893],[101.4273736592625,3.4565251130879893],[101.4273736592625,3.45613248641306]]],[[[101.42478261730969,3.456917739921095],[101.42530082570025,3.456917739921095],[101.42530082570025,3.4565251130879893],[101.42478261730969,3.4565251130879893],[101.42478261730969,3.456917739921095]]],[[[101.4299647012153,3.456917739921095],[101.43048290960586,3.456917739921095],[101.43048290960586,3.457310366912393],[101.4310011179964,3.457310366912393],[101.4310011179964,3.4565251130879893],[101.42944649282474,3.4565251130879893],[101.42944649282474,3.457310366912393],[101.4299647012153,3.457310366912393],[101.4299647012153,3.456917739921095]]],[[[101.42426440891913,3.4565251130879893],[101.42478261730969,3.4565251130879893],[101.42478261730969,3.45613248641306],[101.42374620052856,3.4557398598962856],[101.42374620052856,3.457310366912393],[101.42426440891913,3.457310366912393],[101.42426440891913,3.458095621369639],[101.42633724248137,3.458488248835624],[101.42633724248137,3.456917739921095],[101.42478261730969,3.4577029940619006],[101.42478261730969,3.456917739921095],[101.42426440891913,3.456917739921095],[101.42426440891913,3.4565251130879893]]],[[[101.43255574316811,3.456917739921095],[101.43151932638698,3.456917739921095],[101.43151932638698,3.457310366912393],[101.43255574316811,3.457310366912393],[101.43255574316811,3.456917739921095]]],[[[101.41960053340408,3.4577029940619006],[101.41908232501352,3.457643033504062],[101.41908232501352,3.4577029940619006],[101.41960053340408,3.4577029940619006]]],[[[101.43307395155865,3.457310366912393],[101.43255574316811,3.457310366912393],[101.43255574316811,3.4577029940619006],[101.43307395155865,3.4577029940619006],[101.43307395155865,3.457310366912393]]],[[[101.4299647012153,3.459666132183243],[101.43048290960586,3.459666132183243],[101.43048290960586,3.460058760282397],[101.43151932638698,3.459666132183243],[101.43151932638698,3.461236645529963],[101.43048290960586,3.46084401695574],[101.43048290960586,3.4616292742625783],[101.4310011179964,3.4616292742625783],[101.43151932638698,3.4624145322030593],[101.43307395155865,3.4624145322030593],[101.43307395155865,3.46084401695574],[101.43359215994921,3.46084401695574],[101.43359215994921,3.460058760282397],[101.43411036833977,3.460058760282397],[101.43411036833977,3.458488248835624],[101.43359215994921,3.458488248835624],[101.43359215994921,3.459273504242407],[101.43255574316811,3.459273504242407],[101.43255574316811,3.458488248835624],[101.43151932638698,3.458880876459874],[101.43151932638698,3.458488248835624],[101.4299647012153,3.4577029940619006],[101.4299647012153,3.458488248835624],[101.42944649282474,3.458488248835624],[101.42944649282474,3.459273504242407],[101.4299647012153,3.459273504242407],[101.4299647012153,3.459666132183243]],[[101.4310011179964,3.458880876459874],[101.43048290960586,3.458880876459874],[101.43048290960586,3.458488248835624],[101.4310011179964,3.458488248835624],[101.4310011179964,3.458880876459874]]],[[[101.43307395155865,3.4631997907773275],[101.43255574316811,3.4631997907773275],[101.43255574316811,3.463985049985527],[101.43307395155865,3.463985049985527],[101.43307395155865,3.4631997907773275]]],[[[101.40405428168727,3.4675187242712298],[101.4035360732967,3.4675187242712298],[101.4035360732967,3.46791135554059],[101.40405428168727,3.46791135554059],[101.40405428168727,3.4675187242712298]]],[[[101.4035360732967,3.469089250300949],[101.4035360732967,3.468696618555431],[101.40301786490613,3.468696618555431],[101.40301786490613,3.469089250300949],[101.4035360732967,3.469089250300949]]],[[[101.41234561593623,3.4698745142682674],[101.41182740754567,3.4698745142682674],[101.41182740754567,3.470267146490104],[101.41234561593623,3.470267146490104],[101.41234561593623,3.4698745142682674]]],[[[101.43151932638698,3.469481882205221],[101.4310011179964,3.469481882205221],[101.4310011179964,3.47065977887075],[101.43151932638698,3.47065977887075],[101.43151932638698,3.469481882205221]]],[[[101.41597307467016,3.471052411410225],[101.41597307467016,3.47065977887075],[101.41545486627959,3.47065977887075],[101.41545486627959,3.471052411410225],[101.41597307467016,3.471052411410225]]],[[[101.41338203271735,3.472230309981797],[101.41390024110791,3.472230309981797],[101.41390024110791,3.472622943156764],[101.41441844949847,3.472622943156764],[101.41441844949847,3.4718376769657295],[101.41338203271735,3.4718376769657295],[101.41338203271735,3.472230309981797]]],[[[101.41545486627959,3.472230309981797],[101.41493665788904,3.472230309981797],[101.41493665788904,3.472622943156764],[101.41545486627959,3.472622943156764],[101.41545486627959,3.472230309981797]]],[[[101.40405428168727,3.473015576490649],[101.40405428168727,3.472230309981797],[101.4035360732967,3.472230309981797],[101.4035360732967,3.473015576490649],[101.40405428168727,3.473015576490649]]],[[[101.40509069846838,3.472622943156764],[101.40457249007783,3.472622943156764],[101.40457249007783,3.473015576490649],[101.40509069846838,3.473015576490649],[101.40509069846838,3.472622943156764]]],[[[101.43307395155865,3.473015576490649],[101.43255574316811,3.473015576490649],[101.43255574316811,3.4734082099834716],[101.43307395155865,3.4734082099834716],[101.43307395155865,3.473015576490649]]],[[[101.41493665788904,3.473015576490649],[101.41493665788904,3.4734082099834716],[101.41441844949847,3.4734082099834716],[101.41441844949847,3.4738008436352494],[101.41545486627959,3.4738008436352494],[101.41545486627959,3.473015576490649],[101.41493665788904,3.473015576490649]]],[[[101.41338203271735,3.4738008436352494],[101.41338203271735,3.474193477445999],[101.41441844949847,3.474193477445999],[101.41441844949847,3.4738008436352494],[101.41338203271735,3.4738008436352494]]],[[[101.4035360732967,3.474193477445999],[101.4035360732967,3.4738008436352494],[101.40301786490613,3.4738008436352494],[101.40301786490613,3.474193477445999],[101.4035360732967,3.474193477445999]]],[[[101.43255574316811,3.4757640142790907],[101.43151932638698,3.476156648884978],[101.43203753477754,3.4769419185740147],[101.43255574316811,3.4769419185740147],[101.43255574316811,3.4757640142790907]]],[[[101.41390024110791,3.4765492836499465],[101.41338203271735,3.4765492836499465],[101.41338203271735,3.4769419185740147],[101.41390024110791,3.4769419185740147],[101.41390024110791,3.4765492836499465]]],[[[101.41545486627959,3.4781198243010016],[101.41545486627959,3.4777271888995247],[101.41493665788904,3.4777271888995247],[101.41493665788904,3.4781198243010016],[101.41545486627959,3.4781198243010016]]],[[[101.41493665788904,3.4781198243010016],[101.41441844949847,3.4781198243010016],[101.41441844949847,3.4785124598616517],[101.41493665788904,3.4785124598616517],[101.41493665788904,3.4781198243010016]]],[[[101.41856411662296,3.4781198243010016],[101.4180459082324,3.4781198243010016],[101.4180459082324,3.4785124598616517],[101.41856411662296,3.4785124598616517],[101.41856411662296,3.4781198243010016]]],[[[101.41441844949847,3.4789050955814917],[101.41441844949847,3.4785124598616517],[101.41390024110791,3.4785124598616517],[101.41390024110791,3.4789050955814917],[101.41441844949847,3.4789050955814917]]],[[[101.41752769984184,3.4785124598616517],[101.41700949145128,3.4785124598616517],[101.41700949145128,3.4789050955814917],[101.41752769984184,3.4789050955814917],[101.41752769984184,3.4785124598616517]]],[[[101.40249965651557,3.480475640053123],[101.4035360732967,3.4800830036963384],[101.4035360732967,3.4777271888995247],[101.40249965651557,3.4777271888995247],[101.40249965651557,3.4781198243010016],[101.40301786490613,3.4781198243010016],[101.40249965651557,3.480475640053123]]],[[[101.41441844949847,3.4789050955814917],[101.41441844949847,3.4792977314605418],[101.41545486627959,3.479690367498818],[101.41545486627959,3.4789050955814917],[101.41441844949847,3.4789050955814917]]],[[[101.4035360732967,3.480475640053123],[101.40301786490613,3.480475640053123],[101.40301786490613,3.4808682765691894],[101.4035360732967,3.4808682765691894],[101.4035360732967,3.480475640053123]]],[[[101.41856411662296,3.480475640053123],[101.4180459082324,3.480475640053123],[101.4180459082324,3.4808682765691894],[101.41856411662296,3.4808682765691894],[101.41856411662296,3.480475640053123]]],[[[101.40509069846838,3.4828314615393756],[101.40509069846838,3.4808682765691894],[101.40457249007783,3.4808682765691894],[101.40457249007783,3.4828314615393756],[101.40509069846838,3.4828314615393756]]],[[[101.41597307467016,3.4824388242266306],[101.41545486627959,3.4824388242266306],[101.41545486627959,3.4828314615393756],[101.41597307467016,3.4828314615393756],[101.41597307467016,3.4824388242266306]]],[[[101.40560890685894,3.4832240990115118],[101.40509069846838,3.4832240990115118],[101.40509069846838,3.483616736643056],[101.40560890685894,3.483616736643056],[101.40560890685894,3.4832240990115118]]],[[[101.4061271152495,3.483616736643056],[101.40560890685894,3.483616736643056],[101.40560890685894,3.484009374434026],[101.4061271152495,3.484009374434026],[101.4061271152495,3.483616736643056]]],[[[101.40664532364006,3.484009374434026],[101.4061271152495,3.484009374434026],[101.4061271152495,3.4844020123844412],[101.40664532364006,3.4844020123844412],[101.40664532364006,3.484009374434026]]],[[[101.40768174042118,3.4855799271925365],[101.40716353203062,3.4855799271925365],[101.40716353203062,3.4859725657809117],[101.40768174042118,3.4859725657809117],[101.40768174042118,3.4855799271925365]]],[[[101.40768174042118,3.4891136802327174],[101.40768174042118,3.4887210403675497],[101.40716353203062,3.4887210403675497],[101.40716353203062,3.4891136802327174],[101.40768174042118,3.4891136802327174]]],[[[101.43411036833977,3.4463232340832235],[101.43359215994921,3.446321183252951],[101.43359215994921,3.4474947395460562],[101.43391987173497,3.4474947395460562],[101.43411036833977,3.4463232340832235]]],[[[101.4351467851209,3.452991478705727],[101.43566499351145,3.452991478705727],[101.43566499351145,3.4525988534535523],[101.43670141029259,3.4525988534535523],[101.43670141029259,3.452991478705727],[101.4377378270737,3.4525988534535523],[101.4377378270737,3.453384104115913],[101.43825603546425,3.453384104115913],[101.43825603546425,3.452991478705727],[101.43929245224538,3.452991478705727],[101.43929245224538,3.4537767296841295],[101.43877424385482,3.4537767296841295],[101.43877424385482,3.454169355410392],[101.43981066063596,3.4545619812947224],[101.43981066063596,3.4553472335376503],[101.43929245224538,3.4553472335376503],[101.43981066063596,3.45613248641306],[101.43929245224538,3.45613248641306],[101.43929245224538,3.4565251130879893],[101.4403288690265,3.4565251130879893],[101.4403288690265,3.45613248641306],[101.44084707741706,3.45613248641306],[101.44084707741706,3.4545619812947224],[101.4403288690265,3.4545619812947224],[101.43981066063596,3.4537767296841295],[101.4418834941982,3.4537767296841295],[101.4418834941982,3.453384104115913],[101.44084707741706,3.453384104115913],[101.44136528580762,3.452644245564153],[101.43483839999999,3.4522530961912463],[101.43411036833977,3.4506357295622125],[101.43404877225312,3.4486726096184355],[101.43359215994921,3.4486726096184355],[101.43359215994921,3.4478873627457345],[101.43255574316811,3.4474947395460562],[101.43255574316811,3.4486726096184355],[101.4310011179964,3.4486726096184355],[101.4310011179964,3.449065233291495],[101.43203753477754,3.449065233291495],[101.43203753477754,3.4494578571223844],[101.43255574316811,3.4494578571223844],[101.43203753477754,3.450243105257725],[101.4310011179964,3.450243105257725],[101.4310011179964,3.451813603423163],[101.43203753477754,3.451813603423163],[101.43203753477754,3.45220622835937],[101.4310011179964,3.45220622835937],[101.4310011179964,3.4537767296841295],[101.4299647012153,3.4537767296841295],[101.4299647012153,3.454169355410392],[101.42892828443416,3.454169355410392],[101.42892828443416,3.4545619812947224],[101.42944649282474,3.4545619812947224],[101.4299647012153,3.4553472335376503],[101.4310011179964,3.4553472335376503],[101.4310011179964,3.454954607337135],[101.43307395155865,3.4553472335376503],[101.43359215994921,3.4545619812947224],[101.43203753477754,3.4537767296841295],[101.43255574316811,3.45220622835937],[101.43307395155865,3.45220622835937],[101.43307395155865,3.4525988534535523],[101.43359215994921,3.4525988534535523],[101.43359215994921,3.45220622835937],[101.43462857673035,3.45220622835937],[101.4351467851209,3.452991478705727]],[[101.43307395155865,3.4486726096184355],[101.43307395155865,3.449065233291495],[101.43255574316811,3.449065233291495],[101.43255574316811,3.4486726096184355],[101.43307395155865,3.4486726096184355]],[[101.43151932638698,3.4537767296841295],[101.43151932638698,3.454169355410392],[101.4310011179964,3.454169355410392],[101.4310011179964,3.4537767296841295],[101.43151932638698,3.4537767296841295]],[[101.43151932638698,3.452991478705727],[101.43151932638698,3.4525988534535523],[101.43203753477754,3.4525988534535523],[101.43203753477754,3.452991478705727],[101.43151932638698,3.452991478705727]]],[[[101.44240170258875,3.453384104115913],[101.44240170258875,3.452991478705727],[101.4418834941982,3.452991478705727],[101.4418834941982,3.453384104115913],[101.44240170258875,3.453384104115913]]],[[[101.4351467851209,3.454169355410392],[101.4351467851209,3.4537767296841295],[101.43462857673035,3.4537767296841295],[101.43462857673035,3.454169355410392],[101.4351467851209,3.454169355410392]]],[[[101.44240170258875,3.454954607337135],[101.44240170258875,3.4545619812947224],[101.4418834941982,3.4545619812947224],[101.4418834941982,3.454954607337135],[101.44240170258875,3.454954607337135]]],[[[101.43359215994921,3.45613248641306],[101.43307395155865,3.45613248641306],[101.43307395155865,3.4565251130879893],[101.43359215994921,3.4565251130879893],[101.43359215994921,3.45613248641306]]],[[[101.4403288690265,3.457310366912393],[101.43981066063596,3.457310366912393],[101.43981066063596,3.4577029940619006],[101.4403288690265,3.4577029940619006],[101.4403288690265,3.457310366912393]]],[[[101.43359215994921,3.458488248835624],[101.43359215994921,3.458095621369639],[101.43307395155865,3.458095621369639],[101.43307395155865,3.458488248835624],[101.43359215994921,3.458488248835624]]],[[[101.4403288690265,3.459273504242407],[101.43929245224538,3.459273504242407],[101.43929245224538,3.459666132183243],[101.44084707741706,3.459666132183243],[101.44084707741706,3.458880876459874],[101.4403288690265,3.458880876459874],[101.4403288690265,3.459273504242407]]],[[[101.4418834941982,3.460058760282397],[101.44136528580762,3.460058760282397],[101.44136528580762,3.460451388539891],[101.4418834941982,3.460451388539891],[101.4418834941982,3.460058760282397]]],[[[101.43359215994921,3.4631997907773275],[101.43359215994921,3.4628071614109612],[101.43307395155865,3.4628071614109612],[101.43307395155865,3.4631997907773275],[101.43359215994921,3.4631997907773275]]],[[[101.4418834941982,3.4663408314151716],[101.44136528580762,3.4663408314151716],[101.44136528580762,3.466733462208539],[101.4418834941982,3.466733462208539],[101.4418834941982,3.4663408314151716]]],[[[101.44084707741706,3.467126093160552],[101.4403288690265,3.467126093160552],[101.4403288690265,3.46791135554059],[101.44084707741706,3.46791135554059],[101.44084707741706,3.467126093160552]]],[[[101.44395632776043,3.468303986968651],[101.44406042748446,3.46791135554059],[101.44395632776043,3.46791135554059],[101.44395632776043,3.468303986968651]]],[[[101.44240170258875,3.46791135554059],[101.4418834941982,3.46791135554059],[101.4418834941982,3.468696618555431],[101.44240170258875,3.468696618555431],[101.44240170258875,3.46791135554059]]],[[[101.43411036833977,3.468303986968651],[101.43359215994921,3.468303986968651],[101.43359215994921,3.468696618555431],[101.43411036833977,3.468696618555431],[101.43411036833977,3.468303986968651]]],[[[101.44395632776043,3.468696618555431],[101.44343811936986,3.468696618555431],[101.44343811936986,3.469089250300949],[101.44395632776043,3.469089250300949],[101.44395632776043,3.468696618555431]]],[[[101.44343811936986,3.469089250300949],[101.4429199109793,3.469089250300949],[101.4429199109793,3.469481882205221],[101.44343811936986,3.469481882205221],[101.44343811936986,3.469089250300949]]],[[[101.4440749459619,3.469089250300949],[101.44395632776043,3.469481882205221],[101.44407978545435,3.469481882205221],[101.4440749459619,3.469089250300949]]],[[[101.43721961868314,3.4698745142682674],[101.43721961868314,3.469481882205221],[101.43670141029259,3.469481882205221],[101.43670141029259,3.4698745142682674],[101.43721961868314,3.4698745142682674]]],[[[101.44240170258875,3.470267146490104],[101.4429199109793,3.470267146490104],[101.4429199109793,3.4698745142682674],[101.4418834941982,3.4698745142682674],[101.44136528580762,3.47065977887075],[101.44240170258875,3.47065977887075],[101.44240170258875,3.470267146490104]]],[[[101.43203753477754,3.471445044108546],[101.43203753477754,3.4718376769657295],[101.43307395155865,3.471445044108546],[101.43359215994921,3.472230309981797],[101.43411036833977,3.472230309981797],[101.43411036833977,3.4718376769657295],[101.4351467851209,3.472230309981797],[101.43462857673035,3.47065977887075],[101.43411036833977,3.47065977887075],[101.43411036833977,3.470267146490104],[101.43255574316811,3.470267146490104],[101.43255574316811,3.4698745142682674],[101.43411036833977,3.4698745142682674],[101.43411036833977,3.469481882205221],[101.43203753477754,3.469481882205221],[101.43203753477754,3.471052411410225],[101.43151932638698,3.471052411410225],[101.43151932638698,3.471445044108546],[101.43203753477754,3.471445044108546]],[[101.43411036833977,3.471445044108546],[101.43359215994921,3.471445044108546],[101.43359215994921,3.47065977887075],[101.43411036833977,3.47065977887075],[101.43411036833977,3.471445044108546]]],[[[101.4429199109793,3.471445044108546],[101.4429199109793,3.47065977887075],[101.44240170258875,3.47065977887075],[101.44240170258875,3.471445044108546],[101.4429199109793,3.471445044108546]]],[[[101.4403288690265,3.471445044108546],[101.44084707741706,3.471445044108546],[101.44084707741706,3.472230309981797],[101.44136528580762,3.472230309981797],[101.44136528580762,3.471052411410225],[101.44084707741706,3.471052411410225],[101.44084707741706,3.470267146490104],[101.44136528580762,3.470267146490104],[101.44136528580762,3.4698745142682674],[101.43981066063596,3.4698745142682674],[101.43981066063596,3.470267146490104],[101.4403288690265,3.470267146490104],[101.4403288690265,3.471445044108546]]],[[[101.44395632776043,3.471052411410225],[101.44343811936986,3.471052411410225],[101.44343811936986,3.4718376769657295],[101.44395632776043,3.4718376769657295],[101.44395632776043,3.471052411410225]]],[[[101.43566499351145,3.471445044108546],[101.43566499351145,3.472230309981797],[101.43618320190201,3.472230309981797],[101.43618320190201,3.4718376769657295],[101.43670141029259,3.4718376769657295],[101.43670141029259,3.472230309981797],[101.4377378270737,3.4718376769657295],[101.4377378270737,3.471445044108546],[101.43566499351145,3.471445044108546]]],[[[101.43929245224538,3.472622943156764],[101.43929245224538,3.472230309981797],[101.43877424385482,3.472230309981797],[101.43877424385482,3.472622943156764],[101.43929245224538,3.472622943156764]]],[[[101.43825603546425,3.472622943156764],[101.43825603546425,3.472230309981797],[101.4377378270737,3.472230309981797],[101.4377378270737,3.472622943156764],[101.43825603546425,3.472622943156764]]],[[[101.44395632776043,3.472230309981797],[101.44343811936986,3.472230309981797],[101.44343811936986,3.472622943156764],[101.44395632776043,3.472622943156764],[101.44395632776043,3.472230309981797]]],[[[101.4418834941982,3.472230309981797],[101.44240170258875,3.472230309981797],[101.44240170258875,3.473015576490649],[101.4429199109793,3.473015576490649],[101.4429199109793,3.4718376769657295],[101.4418834941982,3.4718376769657295],[101.4418834941982,3.472230309981797]]],[[[101.4418834941982,3.4734082099834716],[101.4418834941982,3.472230309981797],[101.44136528580762,3.472230309981797],[101.44136528580762,3.4734082099834716],[101.4418834941982,3.4734082099834716]]],[[[101.43825603546425,3.473015576490649],[101.4377378270737,3.473015576490649],[101.4377378270737,3.4738008436352494],[101.43825603546425,3.4738008436352494],[101.43825603546425,3.473015576490649]]],[[[101.43670141029259,3.473015576490649],[101.43462857673035,3.473015576490649],[101.43462857673035,3.4738008436352494],[101.4351467851209,3.4738008436352494],[101.4351467851209,3.474193477445999],[101.43566499351145,3.474193477445999],[101.43566499351145,3.4738008436352494],[101.43670141029259,3.474193477445999],[101.43670141029259,3.4738008436352494],[101.43721961868314,3.4738008436352494],[101.43670141029259,3.473015576490649]]],[[[101.43411036833977,3.472230309981797],[101.43411036833977,3.472622943156764],[101.43307395155865,3.472230309981797],[101.43359215994921,3.4738008436352494],[101.43151932638698,3.4738008436352494],[101.43151932638698,3.474193477445999],[101.43203753477754,3.474193477445999],[101.43203753477754,3.4753713798322674],[101.43307395155865,3.4753713798322674],[101.43307395155865,3.4749787455444907],[101.43411036833977,3.47458611141574],[101.43411036833977,3.473015576490649],[101.43462857673035,3.473015576490649],[101.43462857673035,3.472230309981797],[101.43411036833977,3.472230309981797]]],[[[101.4351467851209,3.474193477445999],[101.43462857673035,3.474193477445999],[101.43462857673035,3.47458611141574],[101.4351467851209,3.47458611141574],[101.4351467851209,3.474193477445999]]],[[[101.44240170258875,3.47458611141574],[101.4418834941982,3.47458611141574],[101.4418834941982,3.4749787455444907],[101.44240170258875,3.4749787455444907],[101.44240170258875,3.47458611141574]]],[[[101.43618320190201,3.4749787455444907],[101.43618320190201,3.47458611141574],[101.43566499351145,3.47458611141574],[101.43566499351145,3.4749787455444907],[101.43618320190201,3.4749787455444907]]],[[[101.43462857673035,3.4749787455444907],[101.43411036833977,3.4749787455444907],[101.43411036833977,3.4769419185740147],[101.43462857673035,3.4769419185740147],[101.43462857673035,3.4749787455444907]]],[[[101.43359215994921,3.4769419185740147],[101.43307395155865,3.4769419185740147],[101.43307395155865,3.477334553657202],[101.43359215994921,3.477334553657202],[101.43359215994921,3.4769419185740147]]],[[[101.4403288690265,3.4950032973820635],[101.4403288690265,3.4946106551197818],[101.43981066063596,3.4946106551197818],[101.43981066063596,3.4950032973820635],[101.4403288690265,3.4950032973820635]]],[[[101.43981066063596,3.495395939804298],[101.43981066063596,3.4961812251287],[101.4403288690265,3.4961812251287],[101.4403288690265,3.495395939804298],[101.43981066063596,3.495395939804298]]],[[[101.44084707741706,3.496573868030902],[101.44084707741706,3.4961812251287],[101.4403288690265,3.4961812251287],[101.4403288690265,3.496573868030902],[101.44084707741706,3.496573868030902]]],[[[101.44136528580762,3.498537084942659],[101.44136528580762,3.4981444412401483],[101.44084707741706,3.4981444412401483],[101.44084707741706,3.498537084942659],[101.44136528580762,3.498537084942659]]],[[[101.44395632776043,3.501678240328455],[101.44343811936986,3.501678240328455],[101.44343811936986,3.5024635307771548],[101.44395632776043,3.5024635307771548],[101.44395632776043,3.501678240328455]]],[[[101.4429199109793,3.5024635307771548],[101.44240170258875,3.5024635307771548],[101.44240170258875,3.502856176241942],[101.4429199109793,3.502856176241942],[101.4429199109793,3.5024635307771548]]],[[[101.44447453615099,3.504034113598272],[101.44448630282221,3.5024635307771548],[101.44447453615099,3.5024635307771548],[101.44447453615099,3.504034113598272]]],[[[101.44395632776043,3.506389992641418],[101.44343811936986,3.506389992641418],[101.44343811936986,3.50678263971018],[101.44395632776043,3.50678263971018],[101.44395632776043,3.506389992641418]]],[[[101.4418834941982,3.509923822039707],[101.44136528580762,3.509923822039707],[101.44136528580762,3.5103164705535983],[101.4418834941982,3.5103164705535983],[101.4418834941982,3.509923822039707]]]]},"properties":{"place_id":"e3801280-5a64-545d-a730-ee8569bfa0e9","habitat":"open_grassland","habitat_label":"Open grassland or shrubland","resolution_m":50}},{"type":"Feature","geometry":{"type":"MultiPolygon","coordinates":[[[[101.18692496604234,3.507912323361357],[101.18686038458,3.5079605818795234],[101.18692496604234,3.5079605818795234],[101.18692496604234,3.507912323361357]]],[[[101.1864067576518,3.508353229590385],[101.1864067576518,3.50829955481349],[101.18633492796646,3.508353229590385],[101.1864067576518,3.508353229590385]]],[[[101.18588854926124,3.508745877461816],[101.18588854926124,3.5086867864217917],[101.18580947135287,3.508745877461816],[101.18588854926124,3.508745877461816]]],[[[101.18537034087068,3.5090740181862796],[101.18528401473932,3.509138525493833],[101.18537034087068,3.509138525493833],[101.18537034087068,3.5090740181862796]]],[[[101.1848521324801,3.509531173686458],[101.1848521324801,3.5094612501069693],[101.18475855812576,3.509531173686458],[101.1848521324801,3.509531173686458]]],[[[101.1796700485745,3.513457664450041],[101.1796700485745,3.5133335779088686],[101.17950399199016,3.513457664450041],[101.1796700485745,3.513457664450041]]],[[[101.17915184018395,3.5137208115489416],[101.17897853537659,3.513850314410532],[101.17915184018395,3.513850314410532],[101.17915184018395,3.5137208115489416]]],[[[101.17863363179339,3.514242964531848],[101.17863363179339,3.5141080453454254],[101.17845307876303,3.514242964531848],[101.17863363179339,3.514242964531848]]],[[[101.1770790066217,3.5154209158609193],[101.1770790066217,3.5152697476735257],[101.17687670892235,3.5154209158609193],[101.1770790066217,3.5154209158609193]]],[[[101.17656079823115,3.5156569820958308],[101.17635125230879,3.515813566625713],[101.17656079823115,3.515813566625713],[101.17656079823115,3.5156569820958308]]],[[[101.17034229754441,3.5205253883597742],[101.17034229754441,3.5203050347394775],[101.17004751031057,3.5205253883597742],[101.17034229754441,3.5205253883597742]]],[[[101.16982408915385,3.5209180412178753],[101.16982408915385,3.5206923958317504],[101.1695222227629,3.5209180412178753],[101.16982408915385,3.5209180412178753]]],[[[101.16567842202937,3.523883801805664],[101.16550907343687,3.5240592698856394],[101.16567842202937,3.5240592698856394],[101.16567842202937,3.523883801805664]]],[[[101.1651602136388,3.5244519241947505],[101.1651602136388,3.5244207359907707],[101.16513011314488,3.5244519241947505],[101.1651602136388,3.5244519241947505]]],[[[101.1641237968577,3.5256298880900436],[101.1641237968577,3.5254946052659513],[101.16399323226884,3.5256298880900436],[101.1641237968577,3.5256298880900436]]],[[[101.16360558846714,3.5268078534376546],[101.16323407744315,3.526415198160385],[101.163094,3.5265598961115456],[101.16360558846714,3.5268078534376546]]],[[[101.23252730441169,3.4734082099834716],[101.23252730441169,3.473249363580859],[101.23230734490458,3.4734082099834716],[101.23252730441169,3.4734082099834716]]],[[[101.23200909602113,3.4738008436352494],[101.23200909602113,3.4736235940420483],[101.23176365314613,3.4738008436352494],[101.23200909602113,3.4738008436352494]]],[[[101.23149088763056,3.47399782464765],[101.23121996138768,3.474193477445999],[101.23149088763056,3.474193477445999],[101.23149088763056,3.47399782464765]]],[[[101.23097267924001,3.47458611141574],[101.23097267924001,3.474372055397679],[101.23067626962923,3.47458611141574],[101.23097267924001,3.47458611141574]]],[[[101.2206085114288,3.4824388242266306],[101.2206085114288,3.482400352148079],[101.22055581663628,3.4824388242266306],[101.2206085114288,3.4824388242266306]]],[[[101.22009030303823,3.4827786923304553],[101.2200180256487,3.4828314615393756],[101.22009030303823,3.4828314615393756],[101.22009030303823,3.4827786923304553]]],[[[101.2190538862571,3.483616736643056],[101.2190538862571,3.4835353731391994],[101.21894244367358,3.483616736643056],[101.2190538862571,3.483616736643056]]],[[[101.21853567786656,3.484009374434026],[101.21853567786656,3.4839325616703976],[101.21843736655863,3.484009374434026],[101.21853567786656,3.484009374434026]]],[[[101.21749926108544,3.484742336955595],[101.21743230596068,3.4847946504943184],[101.21749926108544,3.4847946504943184],[101.21749926108544,3.484742336955595]]],[[[101.21698105269486,3.485187288763678],[101.21698105269486,3.485147224852561],[101.2169297756617,3.485187288763678],[101.21698105269486,3.485187288763678]]],[[[101.19055242477629,3.505212052397934],[101.19055242477629,3.5052017075676716],[101.19053858087494,3.505212052397934],[101.19055242477629,3.505212052397934]]],[[[101.19003421638571,3.5055889379271146],[101.19001312426137,3.5056046989853122],[101.19003421638571,3.5056046989853122],[101.19003421638571,3.5055889379271146]]],[[[101.18899779960459,3.506389992641418],[101.18899779960459,3.506363399114157],[101.18896221103424,3.506389992641418],[101.18899779960459,3.506389992641418]]],[[[101.18847959121405,3.50678263971018],[101.18847959121405,3.506750629941792],[101.18843675442069,3.50678263971018],[101.18847959121405,3.50678263971018]]],[[[101.18796138282347,3.507137860925525],[101.18791129780713,3.50717528693944],[101.18796138282347,3.50717528693944],[101.18796138282347,3.507137860925525]]],[[[101.18744317443291,3.5075679343292148],[101.18744317443291,3.507525092065374],[101.18738584119357,3.5075679343292148],[101.18744317443291,3.5075679343292148]]],[[[101.43400593189688,3.4471021165041362],[101.43417659999999,3.446323496197647],[101.43359215994921,3.446321183252951],[101.43359215994921,3.4471021165041362],[101.43400593189688,3.4471021165041362]]],[[[101.43048290960586,3.449065233291495],[101.4310011179964,3.449065233291495],[101.4310011179964,3.4478873627457345],[101.43151932638698,3.4478873627457345],[101.43151932638698,3.4467094936199545],[101.43203753477754,3.4467094936199545],[101.43203753477754,3.4463150307621606],[101.4314729,3.4463127961976388],[101.42892828443416,3.4506357295622125],[101.4299647012153,3.450243105257725],[101.4299647012153,3.4494578571223844],[101.43048290960586,3.4494578571223844],[101.43048290960586,3.449065233291495]]],[[[101.38021669572147,3.4486726096184355],[101.38021669572147,3.449065233291495],[101.37969848733091,3.449065233291495],[101.37969848733091,3.4498504811111217],[101.38073490411202,3.450243105257725],[101.38073490411202,3.4498504811111217],[101.38125311250259,3.4498504811111217],[101.38125311250259,3.449065233291495],[101.38021669572147,3.4486726096184355]]],[[[101.41908232501352,3.457643033504062],[101.41960053340408,3.4577029940619006],[101.41960053340408,3.4576414806762696],[101.41908232501352,3.457643033504062]]],[[[101.24807355612852,3.462014632424422],[101.2480629974252,3.4620219031536044],[101.24807355612852,3.4620219031536044],[101.24807355612852,3.462014632424422]]],[[[101.24755534773794,3.4624145322030593],[101.24755534773794,3.4623714710854445],[101.24749456221176,3.4624145322030593],[101.24755534773794,3.4624145322030593]]],[[[101.24496430578515,3.4643776798273973],[101.24496430578515,3.4642471793846528],[101.24478412966941,3.4643776798273973],[101.24496430578515,3.4643776798273973]]],[[[101.24444609739457,3.464622514554043],[101.24424204316094,3.4647703098278044],[101.24444609739457,3.4647703098278044],[101.24444609739457,3.464622514554043]]],[[[101.24340968061347,3.4655555703043044],[101.24340968061347,3.4653731853275036],[101.24315787014402,3.4655555703043044],[101.24340968061347,3.4655555703043044]]],[[[101.24289147222291,3.465948200780433],[101.24289147222291,3.465748520931608],[101.24261578363554,3.465948200780433],[101.24289147222291,3.465948200780433]]],[[[101.44240170258875,3.4655555703043044],[101.44136528580762,3.465948200780433],[101.4418834941982,3.466733462208539],[101.4429199109793,3.4663408314151716],[101.44240170258875,3.4655555703043044]]],[[[101.23563655475505,3.471052411410225],[101.23563655475505,3.471003234614573],[101.23556865902545,3.471052411410225],[101.23563655475505,3.471052411410225]]],[[[101.23511834636449,3.471445044108546],[101.23511834636449,3.4713782134405458],[101.23502580369686,3.471445044108546],[101.23511834636449,3.471445044108546]]],[[[101.23460013797393,3.4717524431799105],[101.23448211193842,3.4718376769657295],[101.23460013797393,3.4718376769657295],[101.23460013797393,3.4717524431799105]]],[[[101.23408192958337,3.472230309981797],[101.23408192958337,3.472126673063608],[101.23393842017997,3.472230309981797],[101.23408192958337,3.472230309981797]]],[[[101.23356372119281,3.472622943156764],[101.23356372119281,3.472500903091654],[101.2333947284215,3.472622943156764],[101.23356372119281,3.472622943156764]]]]},"properties":{"place_id":"e3801280-5a64-545d-a730-ee8569bfa0e9","habitat":"disturbed_built_edge","habitat_label":"Disturbed, bare or built edge","resolution_m":50}},{"type":"Feature","geometry":{"type":"MultiPolygon","coordinates":[[[[101.18070646535563,3.512672365011458],[101.18070646535563,3.512559111097889],[101.18055490521726,3.512672365011458],[101.18070646535563,3.512672365011458]]],[[[101.18018825696507,3.513065014650356],[101.18018825696507,3.5129463444251896],[101.1800294486037,3.513065014650356],[101.18018825696507,3.513065014650356]]],[[[101.1796700485745,3.5133335779088686],[101.17950399199016,3.513457664450041],[101.1796700485745,3.513457664450041],[101.1796700485745,3.5133335779088686]]],[[[101.17863363179339,3.514242964531848],[101.17863363179339,3.5141080453454254],[101.17845307876303,3.514242964531848],[101.17863363179339,3.514242964531848]]],[[[101.17811542340283,3.5146356148140057],[101.17811542340283,3.5144952792983393],[101.17792762214947,3.5146356148140057],[101.17811542340283,3.5146356148140057]]],[[[101.1770790066217,3.5154209158609193],[101.1770790066217,3.5152697476735257],[101.17687670892235,3.5154209158609193],[101.1770790066217,3.5154209158609193]]],[[[101.17656079823115,3.515813566625713],[101.17656079823115,3.5156569820958308],[101.17635125230879,3.515813566625713],[101.17656079823115,3.515813566625713]]],[[[101.17604258984059,3.51620621755142],[101.17604258984059,3.5160442166746373],[101.17582579569523,3.51620621755142],[101.17604258984059,3.51620621755142]]],[[[101.17552438145002,3.516598868638061],[101.17544549999998,3.516490396122347],[101.17530038578724,3.516598868638061],[101.17552438145002,3.516598868638061]]],[[[101.17345154788778,3.5181694745943166],[101.17345154788778,3.5179808714782212],[101.17319923559657,3.5181694745943166],[101.17345154788778,3.5181694745943166]]],[[[101.17293333949722,3.518562126485894],[101.17293333949722,3.518368231629902],[101.1726739480489,3.518562126485894],[101.17293333949722,3.518562126485894]]],[[[101.17189692271609,3.5193474307521937],[101.17189692271609,3.519142952403445],[101.17162337295358,3.5193474307521937],[101.17189692271609,3.5193474307521937]]],[[[101.17086050593498,3.520132735662806],[101.17086050593498,3.5199176738040143],[101.17057279785821,3.520132735662806],[101.17086050593498,3.520132735662806]]],[[[101.17034229754441,3.5205253883597742],[101.17034229754441,3.5203050347394775],[101.17004751031057,3.5205253883597742],[101.17034229754441,3.5205253883597742]]],[[[101.16982408915385,3.5206923958317504],[101.1695222227629,3.5209180412178753],[101.16982408915385,3.5209180412178753],[101.16982408915385,3.5206923958317504]]],[[[101.16930588076328,3.521310694237128],[101.16930588076328,3.521079757080848],[101.16899480728432,3.521310694237128],[101.16930588076328,3.521310694237128]]],[[[101.16878767237274,3.521703347417549],[101.16878767237274,3.5214634989759452],[101.1684625451814,3.521703347417549],[101.16878767237274,3.521703347417549]]],[[[101.16826946398217,3.5218457847012608],[101.16793028307848,3.522096000759156],[101.16826946398217,3.522096000759156],[101.16826946398217,3.5218457847012608]]],[[[101.16775125559161,3.52248865426197],[101.16775125559161,3.522228070579371],[101.16739802097554,3.52248865426197],[101.16775125559161,3.52248865426197]]],[[[101.16723304720104,3.522881307926007],[101.16723304720104,3.5226103566102913],[101.16686575887262,3.522881307926007],[101.16723304720104,3.522881307926007]]],[[[101.16619663041993,3.523666615737823],[101.16619663041993,3.52337492913063],[101.16588803372888,3.523666615737823],[101.16619663041993,3.523666615737823]]],[[[101.16513011314488,3.5244519241947505],[101.16475115285286,3.524844578665177],[101.1651602136388,3.524844578665177],[101.16513011314488,3.5244519241947505]]],[[[101.16464200524824,3.5252372332969353],[101.16464200524824,3.5249576704775176],[101.16437219256086,3.5252372332969353],[101.16464200524824,3.5252372332969353]]],[[[101.1641237968577,3.5254946052659513],[101.1636397,3.525996196112136],[101.16361419436745,3.526022543044521],[101.1641237968577,3.526022543044521],[101.1641237968577,3.5254946052659513]]],[[[101.16360558846714,3.526415198160385],[101.16360558846714,3.5260314328094875],[101.16323407744315,3.526415198160385],[101.16360558846714,3.526415198160385]]],[[[101.19728913385356,3.5005003058573205],[101.19728913385356,3.5001393887557866],[101.19681145584077,3.5005003058573205],[101.19728913385356,3.5005003058573205]]],[[[101.196770925463,3.500530929225057],[101.19629178623147,3.5008929505208006],[101.196770925463,3.5008929505208006],[101.196770925463,3.500530929225057]]],[[[101.19625271707244,3.5012855953445063],[101.19625271707244,3.5009224698536374],[101.19577211662215,3.5012855953445063],[101.19625271707244,3.5012855953445063]]],[[[101.1957345086819,3.501678240328455],[101.1957345086819,3.501314010641543],[101.19525244701285,3.501678240328455],[101.1957345086819,3.501678240328455]]],[[[101.19521630029132,3.501705551588793],[101.19473277740353,3.502070885472665],[101.19521630029132,3.502070885472665],[101.19521630029132,3.501705551588793]]],[[[101.19417988351019,3.502856176241942],[101.19417988351019,3.5024886339614016],[101.1936913205563,3.502856176241942],[101.19417988351019,3.502856176241942]]],[[[101.19366167511964,3.5032488218670457],[101.19366167511964,3.502878328687011],[101.19316586394274,3.5032488218670457],[101.19366167511964,3.5032488218670457]]],[[[101.19262525833852,3.504034113598272],[101.19262525833852,3.5036527876900143],[101.19211495071563,3.504034113598272],[101.19262525833852,3.504034113598272]]],[[[101.19107063316685,3.504814477364258],[101.1915888415574,3.5048194059709785],[101.1915888415574,3.5044272473168547],[101.19107063316685,3.504814477364258]]],[[[101.19055242477629,3.5052017075676716],[101.19107063316685,3.505212052397934],[101.19107063316685,3.5048194059709785],[101.19055242477629,3.5052017075676716]]],[[[101.19003421638571,3.5059973457331344],[101.19053858087494,3.505212052397934],[101.18948766764782,3.5059973457331344],[101.19003421638571,3.5059973457331344]]],[[[101.18899779960459,3.506389992641418],[101.18899779960459,3.506363399114157],[101.18896221103424,3.506389992641418],[101.18899779960459,3.506389992641418]]],[[[101.18847959121405,3.50678263971018],[101.18847959121405,3.506750629941792],[101.18843675442069,3.50678263971018],[101.18847959121405,3.50678263971018]]],[[[101.18796138282347,3.507137860925525],[101.18791129780713,3.50717528693944],[101.18796138282347,3.50717528693944],[101.18796138282347,3.507137860925525]]],[[[101.18744317443291,3.5075679343292148],[101.18744317443291,3.507525092065374],[101.18738584119357,3.5075679343292148],[101.18744317443291,3.5075679343292148]]],[[[101.1864067576518,3.50829955481349],[101.18692496604234,3.508353229590385],[101.18692496604234,3.507912323361357],[101.1864067576518,3.50829955481349]]],[[[101.18588854926124,3.508745877461816],[101.18588854926124,3.5086867864217917],[101.18580947135287,3.508745877461816],[101.18588854926124,3.508745877461816]]],[[[101.18537034087068,3.509138525493833],[101.18537034087068,3.5090740181862796],[101.18528401473932,3.509138525493833],[101.18537034087068,3.509138525493833]]],[[[101.1848521324801,3.509531173686458],[101.1848521324801,3.5094612501069693],[101.18475855812576,3.509531173686458],[101.1848521324801,3.509531173686458]]],[[[101.18433392408954,3.5098484821838802],[101.1842331015122,3.509923822039707],[101.18433392408954,3.509923822039707],[101.18433392408954,3.5098484821838802]]],[[[101.183815715699,3.5103164705535983],[101.183815715699,3.5102357144170275],[101.18370764489865,3.5103164705535983],[101.183815715699,3.5103164705535983]]],[[[101.18329750730844,3.5107091192281508],[101.18329750730844,3.510622946806432],[101.18318218828507,3.5107091192281508],[101.18329750730844,3.5107091192281508]]],[[[101.18277929891786,3.511010179352108],[101.18265673167153,3.5111017680633827],[101.18277929891786,3.5111017680633827],[101.18277929891786,3.511010179352108]]],[[[101.1822610905273,3.51149441705931],[101.1822610905273,3.511397412054075],[101.18213127505796,3.51149441705931],[101.1822610905273,3.51149441705931]]],[[[101.18174288213673,3.5118870662159534],[101.18174288213673,3.5117846449123493],[101.1816058184444,3.5118870662159534],[101.18174288213673,3.5118870662159534]]],[[[101.21128076039871,3.489898960442112],[101.21128076039871,3.489601002917467],[101.21089941207397,3.489898960442112],[101.21128076039871,3.489898960442112]]],[[[101.21024434361759,3.490684241290374],[101.21024434361759,3.49041078295438],[101.209894351476,3.490684241290374],[101.21024434361759,3.490684241290374]]],[[[101.20972613522702,3.491076881954126],[101.20972613522702,3.490815673227621],[101.20939182117705,3.491076881954126],[101.20972613522702,3.491076881954126]]],[[[101.20920792683646,3.491220563670746],[101.20888929087806,3.491469522777649],[101.20920792683646,3.491469522777649],[101.20920792683646,3.491220563670746]]],[[[101.2086897184459,3.4918621637609615],[101.2086897184459,3.491625454283774],[101.20838676057907,3.4918621637609615],[101.2086897184459,3.4918621637609615]]],[[[101.20817151005534,3.4922548049040825],[101.20817151005534,3.4920303450667243],[101.20788423028011,3.4922548049040825],[101.20817151005534,3.4922548049040825]]],[[[101.20765330166478,3.492435236019618],[101.20738169998113,3.492647446207028],[101.20765330166478,3.492647446207028],[101.20765330166478,3.492435236019618]]],[[[101.20661688488364,3.4934327292924703],[101.20661688488364,3.4931461936114974],[101.20617274921477,3.4934327292924703],[101.20661688488364,3.4934327292924703]]],[[[101.2060986764931,3.493825371075003],[101.2060986764931,3.4934832251349697],[101.20564583919905,3.493825371075003],[101.2060986764931,3.493825371075003]]],[[[101.20558046810254,3.4938747628987454],[101.20512616958973,3.494218013017434],[101.20558046810254,3.494218013017434],[101.20558046810254,3.4938747628987454]]],[[[101.20506225971198,3.4946106551197818],[101.20506225971198,3.4942663008215256],[101.20460649998043,3.4946106551197818],[101.20506225971198,3.4946106551197818]]],[[[101.2045440513214,3.4950032973820635],[101.2045440513214,3.4946578389033265],[101.20408683037111,3.4950032973820635],[101.2045440513214,3.4950032973820635]]],[[[101.20402584293086,3.495049377144165],[101.2035671607618,3.495395939804298],[101.20402584293086,3.495395939804298],[101.20402584293086,3.495049377144165]]],[[[101.20350763454029,3.495788582386505],[101.20350763454029,3.4954409155440618],[101.20304749115249,3.495788582386505],[101.20350763454029,3.495788582386505]]],[[[101.20298942614974,3.4961812251287],[101.20298942614974,3.495832454103032],[101.2025278215432,3.4961812251287],[101.20298942614974,3.4961812251287]]],[[[101.20247121775917,3.496223992821095],[101.20200815193388,3.496573868030902],[101.20247121775917,3.496573868030902],[101.20247121775917,3.496223992821095]]],[[[101.20195300936861,3.49696651109313],[101.20195300936861,3.4966155316982697],[101.20148848232458,3.49696651109313],[101.20195300936861,3.49696651109313]]],[[[101.20143480097805,3.4973591543154017],[101.20143480097805,3.497007070734572],[101.20096881271526,3.4973591543154017],[101.20143480097805,3.4973591543154017]]],[[[101.20091659258749,3.497398609930021],[101.20044914310596,3.4977517976977346],[101.20091659258749,3.4977517976977346],[101.20091659258749,3.497398609930021]]],[[[101.20039838419693,3.4981444412401483],[101.20039838419693,3.497790149284636],[101.19992947349664,3.4981444412401483],[101.20039838419693,3.4981444412401483]]],[[[101.19988017580637,3.498537084942659],[101.19988017580637,3.4981816887984336],[101.19940980388732,3.498537084942659],[101.19988017580637,3.498537084942659]]],[[[101.1993619674158,3.49857322847143],[101.198890134278,3.4989297288052863],[101.1993619674158,3.4989297288052863],[101.1993619674158,3.49857322847143]]],[[[101.19884375902525,3.499322372828048],[101.19884375902525,3.4989647683036464],[101.1983704646687,3.499322372828048],[101.19884375902525,3.499322372828048]]],[[[101.19832555063469,3.4997150170109625],[101.19832555063469,3.4993563082950994],[101.1978507950594,3.4997150170109625],[101.19832555063469,3.4997150170109625]]],[[[101.19780734224413,3.4997478484458067],[101.19733112545009,3.5001076613540465],[101.19780734224413,3.5001076613540465],[101.19780734224413,3.4997478484458067]]],[[[101.43048290960586,3.4486726096184355],[101.43255574316811,3.4486726096184355],[101.43255574316811,3.4474947395460562],[101.43203753477754,3.4474947395460562],[101.43203753477754,3.4471021165041362],[101.4310011179964,3.4471021165041362],[101.4310011179964,3.4482799861031888],[101.43048290960586,3.4482799861031888],[101.43048290960586,3.4486726096184355]]],[[[101.43255574316811,3.449065233291495],[101.43307395155865,3.449065233291495],[101.43307395155865,3.4486726096184355],[101.43255574316811,3.4486726096184355],[101.43255574316811,3.449065233291495]]],[[[101.43411036833977,3.4494578571223844],[101.43428495025097,3.4506357295622125],[101.43414102571609,3.4494578571223844],[101.43411036833977,3.4494578571223844]]],[[[101.24444609739457,3.4647703098278044],[101.24444609739457,3.464622514554043],[101.24424204316094,3.4647703098278044],[101.24444609739457,3.4647703098278044]]],[[[101.24081863866066,3.4675187242712298],[101.24081863866066,3.4672498647975405],[101.24044743760166,3.4675187242712298],[101.24081863866066,3.4675187242712298]]],[[[101.2403004302701,3.467625201126484],[101.2399053510932,3.46791135554059],[101.2403004302701,3.46791135554059],[101.2403004302701,3.467625201126484]]],[[[101.23874580509842,3.469089250300949],[101.23874580509842,3.46875121098347],[101.23827909156779,3.469089250300949],[101.23874580509842,3.469089250300949]]],[[[101.22941805406832,3.4757640142790907],[101.22941805406832,3.475494748514494],[101.22904519435386,3.4757640142790907],[101.22941805406832,3.4757640142790907]]],[[[101.22889984567776,3.4758689798423927],[101.22850150259542,3.476156648884978],[101.22889984567776,3.476156648884978],[101.22889984567776,3.4758689798423927]]],[[[101.22475417855328,3.4792977314605418],[101.22475417855328,3.479690367498818],[101.22527238694383,3.479690367498818],[101.22527238694383,3.4792977314605418],[101.22475417855328,3.4792977314605418]]],[[[101.22423597016271,3.4793628259793863],[101.22339280421417,3.4800830036963384],[101.22423597016271,3.4800830036963384],[101.22423597016271,3.4793628259793863]]],[[[101.22319955338159,3.4802480661105384],[101.22293311571212,3.480475640053123],[101.22319955338159,3.480475640053123],[101.22319955338159,3.4802480661105384]]],[[[101.22268134499103,3.4808682765691894],[101.22268134499103,3.4806906864797065],[101.22247342721008,3.4808682765691894],[101.22268134499103,3.4808682765691894]]],[[[101.21698105269486,3.485187288763678],[101.21749926108544,3.485187288763678],[101.21801746947598,3.4844020123844412],[101.21793483625966,3.4844020123844412],[101.21491965446579,3.486757843436288],[101.2164628443043,3.4859725657809117],[101.2164628443043,3.4855799271925365],[101.21698105269486,3.4855799271925365],[101.21698105269486,3.485187288763678]]],[[[101.21490821913262,3.4867667781366682],[101.21441712416681,3.487150482503324],[101.21490821913262,3.487150482503324],[101.21490821913262,3.4867667781366682]]],[[[101.21439001074206,3.48754312172995],[101.21439001074206,3.487171666881856],[101.21391459386784,3.48754312172995],[101.21439001074206,3.48754312172995]]],[[[101.2138718023515,3.4879357611161845],[101.2138718023515,3.4875765557967493],[101.21341206356887,3.4879357611161845],[101.2138718023515,3.4879357611161845]]],[[[101.21335359396095,3.4879814448813646],[101.21290953326988,3.488328400662045],[101.21335359396095,3.488328400662045],[101.21335359396095,3.4879814448813646]]],[[[101.21283538557039,3.4887210403675497],[101.21283538557039,3.488386334135724],[101.2124070029709,3.4887210403675497],[101.21283538557039,3.4887210403675497]]],[[[101.21231717717983,3.4887912235598484],[101.21190447267193,3.4891136802327174],[101.21231717717983,3.4891136802327174],[101.21231717717983,3.4887912235598484]]],[[[101.21179896878925,3.4895063202575645],[101.21179896878925,3.4891961131537563],[101.21140194237294,3.4895063202575645],[101.21179896878925,3.4895063202575645]]],[[[101.26051055750197,3.496573868030902],[101.26102876589253,3.496573868030902],[101.26102876589253,3.4961812251287],[101.26051055750197,3.4961812251287],[101.26051055750197,3.496573868030902]]]]},"properties":{"place_id":"e3801280-5a64-545d-a730-ee8569bfa0e9","habitat":"cropland","habitat_label":"Cropland","resolution_m":50}},{"type":"Feature","geometry":{"type":"MultiPolygon","coordinates":[[[[101.23719117992673,3.477334553657202],[101.23667297153618,3.477334553657202],[101.23667297153618,3.4777271888995247],[101.23719117992673,3.4777271888995247],[101.23719117992673,3.477334553657202]]],[[[101.23874580509842,3.477334553657202],[101.23822759670786,3.477334553657202],[101.23822759670786,3.4777271888995247],[101.23874580509842,3.4777271888995247],[101.23874580509842,3.477334553657202]]],[[[101.23615476314562,3.4777271888995247],[101.23563655475505,3.4777271888995247],[101.23563655475505,3.4781198243010016],[101.23615476314562,3.4781198243010016],[101.23615476314562,3.4777271888995247]]],[[[101.23926401348898,3.4777271888995247],[101.23874580509842,3.4777271888995247],[101.23874580509842,3.4781198243010016],[101.23926401348898,3.4781198243010016],[101.23926401348898,3.4777271888995247]]],[[[101.22734522050608,3.4781198243010016],[101.22786342889664,3.4781198243010016],[101.22786342889664,3.4785124598616517],[101.22889984567776,3.4785124598616517],[101.2283816372872,3.4777271888995247],[101.22734522050608,3.4777271888995247],[101.22734522050608,3.4781198243010016]]],[[[101.23563655475505,3.4781198243010016],[101.23511834636449,3.4781198243010016],[101.23511834636449,3.4785124598616517],[101.23563655475505,3.4785124598616517],[101.23563655475505,3.4781198243010016]]],[[[101.23978222187954,3.4781198243010016],[101.23926401348898,3.4781198243010016],[101.23926401348898,3.4785124598616517],[101.23978222187954,3.4785124598616517],[101.23978222187954,3.4781198243010016]]],[[[101.22993626245888,3.4785124598616517],[101.22941805406832,3.4785124598616517],[101.22941805406832,3.4789050955814917],[101.22993626245888,3.4789050955814917],[101.22993626245888,3.4785124598616517]]],[[[101.23460013797393,3.4785124598616517],[101.23304551280225,3.4785124598616517],[101.23304551280225,3.4789050955814917],[101.23460013797393,3.4789050955814917],[101.23460013797393,3.4785124598616517]]],[[[101.23200909602113,3.4789050955814917],[101.23097267924001,3.4789050955814917],[101.23097267924001,3.4792977314605418],[101.23200909602113,3.4792977314605418],[101.23200909602113,3.4789050955814917]]],[[[101.2257905953344,3.4792977314605418],[101.22527238694383,3.4792977314605418],[101.22527238694383,3.479690367498818],[101.2257905953344,3.479690367498818],[101.2257905953344,3.4792977314605418]]],[[[101.22164492820991,3.482046187073258],[101.22216313660047,3.482046187073258],[101.22216313660047,3.4816535500792387],[101.22268134499103,3.4816535500792387],[101.22268134499103,3.4812609132445544],[101.22319955338159,3.4812609132445544],[101.22475417855328,3.479690367498818],[101.22385249271622,3.479690367498818],[101.21948023466115,3.4832240990115118],[101.22009030303823,3.4832240990115118],[101.2206085114288,3.4824388242266306],[101.22164492820991,3.4824388242266306],[101.22164492820991,3.482046187073258]]],[[[101.2190538862571,3.484009374434026],[101.2190538862571,3.4835353731391994],[101.21843736655863,3.484009374434026],[101.2190538862571,3.484009374434026]]],[[[101.21801746947598,3.4844020123844412],[101.21801746947598,3.484337449228214],[101.21793483625966,3.4844020123844412],[101.21801746947598,3.4844020123844412]]],[[[101.1812246737462,3.512171877926947],[101.18108036183084,3.5122797155333303],[101.1812246737462,3.5122797155333303],[101.1812246737462,3.512171877926947]]],[[[101.17915184018395,3.5137208115489416],[101.17897853537659,3.513850314410532],[101.17915184018395,3.513850314410532],[101.17915184018395,3.5137208115489416]]],[[[101.4299647012153,3.448774648634084],[101.42978668128066,3.449065233291495],[101.4299647012153,3.449065233291495],[101.4299647012153,3.448774648634084]]],[[[101.43411036833977,3.4494578571223844],[101.43414102571609,3.4494578571223844],[101.43411036833977,3.449196906108636],[101.43411036833977,3.4494578571223844]]],[[[101.24081863866066,3.4785124598616517],[101.23978222187954,3.4785124598616517],[101.23978222187954,3.4789050955814917],[101.24081863866066,3.4789050955814917],[101.24081863866066,3.4785124598616517]]],[[[101.25066459808131,3.4832240990115118],[101.25014638969076,3.4832240990115118],[101.25014638969076,3.484009374434026],[101.25066459808131,3.484009374434026],[101.25066459808131,3.4832240990115118]]],[[[101.25118280647189,3.4844020123844412],[101.25066459808131,3.4844020123844412],[101.25066459808131,3.4847946504943184],[101.25118280647189,3.4847946504943184],[101.25118280647189,3.4844020123844412]]],[[[101.25170101486242,3.485187288763678],[101.25118280647189,3.485187288763678],[101.25118280647189,3.4855799271925365],[101.25170101486242,3.4855799271925365],[101.25170101486242,3.485187288763678]]],[[[101.252219223253,3.4859725657809117],[101.25170101486242,3.4859725657809117],[101.25170101486242,3.486757843436288],[101.252219223253,3.486757843436288],[101.252219223253,3.4859725657809117]]],[[[101.252219223253,3.48754312172995],[101.25170101486242,3.48754312172995],[101.25170101486242,3.488328400662045],[101.252219223253,3.488328400662045],[101.252219223253,3.48754312172995]]],[[[101.25170101486242,3.489898960442112],[101.25118280647189,3.489898960442112],[101.25118280647189,3.491469522777649],[101.25170101486242,3.491469522777649],[101.25170101486242,3.489898960442112]]],[[[101.2599923491114,3.4946106551197818],[101.25947414072084,3.4946106551197818],[101.25947414072084,3.4950032973820635],[101.2599923491114,3.4950032973820635],[101.2599923491114,3.4946106551197818]]],[[[101.26776547496982,3.5044267597044305],[101.26724726657925,3.5044267597044305],[101.26724726657925,3.5048194059709785],[101.26776547496982,3.5048194059709785],[101.26776547496982,3.5044267597044305]]],[[[101.27864785117157,3.5111017680633827],[101.27812964278104,3.5111017680633827],[101.27812964278104,3.51149441705931],[101.27864785117157,3.51149441705931],[101.27864785117157,3.5111017680633827]]],[[[101.28382993507718,3.512672365011458],[101.28331172668663,3.512672365011458],[101.28331172668663,3.513065014650356],[101.28382993507718,3.513065014650356],[101.28382993507718,3.512672365011458]]],[[[101.28901201898279,3.521310694237128],[101.28849381059224,3.521310694237128],[101.28849381059224,3.521703347417549],[101.28901201898279,3.521703347417549],[101.28901201898279,3.521310694237128]]],[[[101.35326985941231,3.5527234595135697],[101.35275165102176,3.5527234595135697],[101.35275165102176,3.553508791941724],[101.35326985941231,3.553508791941724],[101.35326985941231,3.5527234595135697]]],[[[101.35275165102176,3.5645035143182167],[101.3522334426312,3.5645035143182167],[101.3522334426312,3.56489618533806],[101.35275165102176,3.56489618533806],[101.35275165102176,3.5645035143182167]]]]},"properties":{"place_id":"e3801280-5a64-545d-a730-ee8569bfa0e9","habitat":"permanent_water","habitat_label":"Permanent water","resolution_m":50}},{"type":"Feature","geometry":{"type":"MultiPolygon","coordinates":[[[[101.22216313660047,3.4816535500792387],[101.22216313660047,3.4812609132445544],[101.22268134499103,3.4812609132445544],[101.22268134499103,3.4808682765691894],[101.22164492820991,3.4815759278253577],[101.22216313660047,3.4816535500792387]]],[[[101.2206085114288,3.482400352148079],[101.22112671981935,3.4824388242266306],[101.22112671981935,3.482018548801893],[101.2206085114288,3.482400352148079]]],[[[101.22009030303823,3.4828314615393756],[101.22009030303823,3.4827786923304553],[101.2200180256487,3.4828314615393756],[101.22009030303823,3.4828314615393756]]],[[[101.2190538862571,3.483616736643056],[101.2190538862571,3.4835353731391994],[101.21894244367358,3.483616736643056],[101.2190538862571,3.483616736643056]]],[[[101.21801746947598,3.4844020123844412],[101.21801746947598,3.484337449228214],[101.21793483625966,3.4844020123844412],[101.21801746947598,3.4844020123844412]]],[[[101.21743230596068,3.4847946504943184],[101.21698105269486,3.485147224852561],[101.21698105269486,3.485187288763678],[101.21749926108544,3.485187288763678],[101.21743230596068,3.4847946504943184]]],[[[101.19625271707244,3.5012855953445063],[101.19625271707244,3.5009224698536374],[101.19577211662215,3.5012855953445063],[101.19625271707244,3.5012855953445063]]],[[[101.19107063316685,3.5048194059709785],[101.19107063316685,3.504814477364258],[101.1910640374885,3.5048194059709785],[101.19107063316685,3.5048194059709785]]],[[[101.19055242477629,3.505212052397934],[101.19055242477629,3.5052017075676716],[101.19053858087494,3.505212052397934],[101.19055242477629,3.505212052397934]]],[[[101.19003421638571,3.5056046989853122],[101.19003421638571,3.5055889379271146],[101.19001312426137,3.5056046989853122],[101.19003421638571,3.5056046989853122]]],[[[101.18951600799515,3.5059973457331344],[101.18951600799515,3.5059761684426043],[101.18948766764782,3.5059973457331344],[101.18951600799515,3.5059973457331344]]],[[[101.18692496604234,3.5079605818795234],[101.18692496604234,3.507912323361357],[101.18686038458,3.5079605818795234],[101.18692496604234,3.5079605818795234]]],[[[101.1864067576518,3.508353229590385],[101.1864067576518,3.50829955481349],[101.18633492796646,3.508353229590385],[101.1864067576518,3.508353229590385]]],[[[101.18588854926124,3.508745877461816],[101.18588854926124,3.5086867864217917],[101.18580947135287,3.508745877461816],[101.18588854926124,3.508745877461816]]],[[[101.1848521324801,3.509531173686458],[101.1848521324801,3.5094612501069693],[101.18475855812576,3.509531173686458],[101.1848521324801,3.509531173686458]]],[[[101.18018825696507,3.513065014650356],[101.18018825696507,3.5129463444251896],[101.1800294486037,3.513065014650356],[101.18018825696507,3.513065014650356]]],[[[101.17293333949722,3.518954778538514],[101.17293333949722,3.518562126485894],[101.17345154788778,3.518562126485894],[101.17345154788778,3.5181694745943166],[101.17241513110665,3.518755591938304],[101.17293333949722,3.518954778538514]]],[[[101.17189692271609,3.5193474307521937],[101.17189692271609,3.519142952403445],[101.17162337295358,3.5193474307521937],[101.17189692271609,3.5193474307521937]]],[[[101.16878767237274,3.521703347417549],[101.16878767237274,3.5214634989759452],[101.1684625451814,3.521703347417549],[101.16878767237274,3.521703347417549]]],[[[101.16826946398217,3.522096000759156],[101.16826946398217,3.5218457847012608],[101.16793028307848,3.522096000759156],[101.16826946398217,3.522096000759156]]],[[[101.16775125559161,3.52248865426197],[101.16775125559161,3.522228070579371],[101.16739802097554,3.52248865426197],[101.16775125559161,3.52248865426197]]],[[[101.16619663041993,3.523666615737823],[101.16619663041993,3.52337492913063],[101.16588803372888,3.523666615737823],[101.16619663041993,3.523666615737823]]],[[[101.25066459808131,3.460451388539891],[101.25066459808131,3.4602304410819578],[101.25034373306029,3.460451388539891],[101.25066459808131,3.460451388539891]]],[[[101.25014638969076,3.46084401695574],[101.25014638969076,3.4605872790888093],[101.24977354915153,3.46084401695574],[101.25014638969076,3.46084401695574]]],[[[101.24807355612852,3.4620219031536044],[101.24807355612852,3.462014632424422],[101.2480629974252,3.4620219031536044],[101.24807355612852,3.4620219031536044]]],[[[101.24755534773794,3.4624145322030593],[101.24755534773794,3.4623714710854445],[101.24749456221176,3.4624145322030593],[101.24755534773794,3.4624145322030593]]],[[[101.24703713934738,3.4628071614109612],[101.24703713934738,3.4627458401556668],[101.2469524757033,3.4628071614109612],[101.24703713934738,3.4628071614109612]]],[[[101.24651893095682,3.4631997907773275],[101.24651893095682,3.46312117474566],[101.24641038919484,3.4631997907773275],[101.24651893095682,3.4631997907773275]]],[[[101.24600072256627,3.463592420302176],[101.24600072256627,3.4634965094804775],[101.24586830268635,3.463592420302176],[101.24600072256627,3.463592420302176]]],[[[101.2454825141757,3.463985049985527],[101.2454825141757,3.463871844360137],[101.24532621617789,3.463985049985527],[101.2454825141757,3.463985049985527]]],[[[101.24496430578515,3.4643776798273973],[101.24496430578515,3.4642471793846528],[101.24478412966941,3.4643776798273973],[101.24496430578515,3.4643776798273973]]],[[[101.24392788900403,3.4651629399867674],[101.24392788900403,3.464997849868322],[101.24369995665249,3.4651629399867674],[101.24392788900403,3.4651629399867674]]],[[[101.24340968061347,3.4653731853275036],[101.24315787014402,3.4655555703043044],[101.24340968061347,3.4655555703043044],[101.24340968061347,3.4653731853275036]]],[[[101.24133684705122,3.467126093160552],[101.24133684705122,3.466874528613597],[101.24098952411013,3.467126093160552],[101.24133684705122,3.467126093160552]]],[[[101.23667297153618,3.470267146490104],[101.23667297153618,3.4702525594904072],[101.23665283204238,3.470267146490104],[101.23667297153618,3.470267146490104]]],[[[101.23615476314562,3.47065977887075],[101.23615476314562,3.4706278969799187],[101.2361107455339,3.47065977887075],[101.23615476314562,3.47065977887075]]],[[[101.23563655475505,3.471052411410225],[101.23563655475505,3.471003234614573],[101.23556865902545,3.471052411410225],[101.23563655475505,3.471052411410225]]],[[[101.23511834636449,3.471445044108546],[101.23511834636449,3.4713782134405458],[101.23502580369686,3.471445044108546],[101.23511834636449,3.471445044108546]]],[[[101.23460013797393,3.4718376769657295],[101.23460013797393,3.4717524431799105],[101.23448211193842,3.4718376769657295],[101.23460013797393,3.4718376769657295]]],[[[101.23408192958337,3.472230309981797],[101.23408192958337,3.472126673063608],[101.23393842017997,3.472230309981797],[101.23408192958337,3.472230309981797]]],[[[101.23200909602113,3.4738008436352494],[101.23200909602113,3.4736235940420483],[101.23176365314613,3.4738008436352494],[101.23200909602113,3.4738008436352494]]],[[[101.23149088763056,3.474193477445999],[101.23149088763056,3.47399782464765],[101.23121996138768,3.474193477445999],[101.23149088763056,3.474193477445999]]],[[[101.23097267924001,3.47458611141574],[101.23097267924001,3.474372055397679],[101.23067626962923,3.47458611141574],[101.23097267924001,3.47458611141574]]],[[[101.22339280421417,3.4800830036963384],[101.22293311571212,3.480475640053123],[101.22371776177216,3.480475640053123],[101.22339280421417,3.4800830036963384]]],[[[101.3403146496483,3.445139003660258],[101.3403146496483,3.445924248324737],[101.34083285803887,3.445924248324737],[101.34083285803887,3.445139003660258],[101.3403146496483,3.445139003660258]]],[[[101.3403146496483,3.4463168708934937],[101.3403146496483,3.4467094936199545],[101.34083285803887,3.4467094936199545],[101.34083285803887,3.4463168708934937],[101.3403146496483,3.4463168708934937]]],[[[101.3403146496483,3.4471021165041362],[101.3403146496483,3.4474947395460562],[101.34083285803887,3.4474947395460562],[101.34083285803887,3.4471021165041362],[101.3403146496483,3.4471021165041362]]],[[[101.43098934016994,3.4471021165041362],[101.43074880839208,3.4474947395460562],[101.4310011179964,3.4474947395460562],[101.43098934016994,3.4471021165041362]]],[[[101.43048290960586,3.4486726096184355],[101.43048290960586,3.449065233291495],[101.4310011179964,3.449065233291495],[101.4310011179964,3.4486726096184355],[101.43048290960586,3.4486726096184355]]],[[[101.35534269297457,3.4494578571223844],[101.35534269297457,3.449065233291495],[101.3558609013651,3.449065233291495],[101.3558609013651,3.4486726096184355],[101.354824484584,3.4486726096184355],[101.354824484584,3.4494578571223844],[101.35534269297457,3.4494578571223844]]],[[[101.43411036833977,3.4498504811111217],[101.43418796983174,3.4498504811111217],[101.43411036833977,3.449196906108636],[101.43411036833977,3.4498504811111217]]],[[[101.34083285803887,3.4494578571223844],[101.34083285803887,3.4498504811111217],[101.34135106642941,3.4498504811111217],[101.34135106642941,3.4494578571223844],[101.34083285803887,3.4494578571223844]]],[[[101.42944649282474,3.4498504811111217],[101.42944649282474,3.4496205283427512],[101.42930561772494,3.4498504811111217],[101.42944649282474,3.4498504811111217]]],[[[101.42374620052856,3.4557398598962856],[101.42345528632062,3.45613248641306],[101.42374620052856,3.45613248641306],[101.42374620052856,3.4557398598962856]]],[[[101.42374620052856,3.4565251130879893],[101.42346116686477,3.456917739921095],[101.42374620052856,3.456917739921095],[101.42374620052856,3.4565251130879893]]],[[[101.25325564003413,3.458488248835624],[101.25325564003413,3.4584462530093276],[101.25319465260415,3.458488248835624],[101.25325564003413,3.458488248835624]]],[[[101.25273743164355,3.458880876459874],[101.25273743164355,3.4588030903623492],[101.25262446869539,3.458880876459874],[101.25273743164355,3.458880876459874]]],[[[101.252219223253,3.459273504242407],[101.252219223253,3.4591599278461085],[101.25205428478661,3.459273504242407],[101.252219223253,3.459273504242407]]],[[[101.25170101486242,3.459666132183243],[101.25170101486242,3.459516765460622],[101.25148410087785,3.459666132183243],[101.25170101486242,3.459666132183243]]],[[[101.25118280647189,3.460058760282397],[101.25118280647189,3.4598736032058994],[101.25091391696908,3.460058760282397],[101.25118280647189,3.460058760282397]]],[[[101.37399819503474,3.4675187242712298],[101.37399819503474,3.46791135554059],[101.37503461181588,3.46791135554059],[101.37503461181588,3.4675187242712298],[101.37399819503474,3.4675187242712298]]],[[[101.40249965651557,3.472230309981797],[101.40249965651557,3.472622943156764],[101.40301786490613,3.472622943156764],[101.40301786490613,3.472230309981797],[101.40249965651557,3.472230309981797]]],[[[101.38850802997044,3.472622943156764],[101.38850802997044,3.473015576490649],[101.389026238361,3.473015576490649],[101.389026238361,3.472622943156764],[101.38850802997044,3.472622943156764]]],[[[101.389026238361,3.473015576490649],[101.389026238361,3.4734082099834716],[101.38954444675157,3.4734082099834716],[101.38954444675157,3.473015576490649],[101.389026238361,3.473015576490649]]],[[[101.38850802997044,3.4753713798322674],[101.389026238361,3.4753713798322674],[101.389026238361,3.4749787455444907],[101.38850802997044,3.4749787455444907],[101.38850802997044,3.4753713798322674]]],[[[101.389026238361,3.479690367498818],[101.38954444675157,3.479690367498818],[101.38954444675157,3.4792977314605418],[101.389026238361,3.4792977314605418],[101.389026238361,3.479690367498818]]]]},"properties":{"place_id":"e3801280-5a64-545d-a730-ee8569bfa0e9","habitat":"seasonal_water_wetland","habitat_label":"Seasonal water or wetland","resolution_m":50}},{"type":"Feature","geometry":{"type":"MultiPolygon","coordinates":[[[[101.23511834636449,3.4718376769657295],[101.23563655475505,3.4718376769657295],[101.23563655475505,3.471445044108546],[101.23615476314562,3.471445044108546],[101.23615476314562,3.471052411410225],[101.23667297153618,3.471052411410225],[101.23667297153618,3.47065977887075],[101.23719117992673,3.47065977887075],[101.23719117992673,3.470267146490104],[101.2377093883173,3.470267146490104],[101.2377093883173,3.4698745142682674],[101.23822759670786,3.4698745142682674],[101.23822759670786,3.469481882205221],[101.23874580509842,3.469481882205221],[101.2403004302701,3.46791135554059],[101.24133684705122,3.46791135554059],[101.24133684705122,3.4675187242712298],[101.24237326383233,3.467126093160552],[101.24237326383233,3.4663408314151716],[101.24340968061347,3.4663408314151716],[101.24340968061347,3.465948200780433],[101.24392788900403,3.465948200780433],[101.24392788900403,3.4655555703043044],[101.24444609739457,3.4655555703043044],[101.24444609739457,3.4651629399867674],[101.24496430578515,3.4651629399867674],[101.24496430578515,3.4647703098278044],[101.2454825141757,3.4647703098278044],[101.2454825141757,3.4643776798273973],[101.24600072256627,3.4643776798273973],[101.24600072256627,3.463985049985527],[101.24651893095682,3.463985049985527],[101.24651893095682,3.463592420302176],[101.24703713934738,3.463592420302176],[101.24703713934738,3.4631997907773275],[101.24755534773794,3.4631997907773275],[101.24910997290962,3.4616292742625783],[101.25014638969076,3.4616292742625783],[101.25014638969076,3.461236645529963],[101.25066459808131,3.461236645529963],[101.25066459808131,3.46084401695574],[101.25118280647189,3.46084401695574],[101.25118280647189,3.460451388539891],[101.25170101486242,3.460451388539891],[101.25170101486242,3.460058760282397],[101.252219223253,3.460058760282397],[101.252219223253,3.459666132183243],[101.25273743164355,3.459666132183243],[101.25429205681523,3.458095621369639],[101.25377384842467,3.4580894157870317],[101.24749456221176,3.4624145322030593],[101.2333947284215,3.472622943156764],[101.23356372119281,3.473015576490649],[101.23408192958337,3.473015576490649],[101.23511834636449,3.4718376769657295]]],[[[101.23097267924001,3.4749787455444907],[101.23149088763056,3.4749787455444907],[101.23304551280225,3.4734082099834716],[101.23252730441169,3.473249363580859],[101.22889984567776,3.476156648884978],[101.22941805406832,3.476156648884978],[101.22993626245888,3.4753713798322674],[101.23097267924001,3.4753713798322674],[101.23097267924001,3.4749787455444907]]],[[[101.23304551280225,3.479690367498818],[101.23460013797393,3.479690367498818],[101.23460013797393,3.4792977314605418],[101.23563655475505,3.4792977314605418],[101.23563655475505,3.4789050955814917],[101.23615476314562,3.4789050955814917],[101.23615476314562,3.4785124598616517],[101.23719117992673,3.4785124598616517],[101.23719117992673,3.4781198243010016],[101.23822759670786,3.4781198243010016],[101.23978222187954,3.479690367498818],[101.24081863866066,3.479690367498818],[101.24185505544177,3.4785124598616517],[101.24133684705122,3.4785124598616517],[101.24081863866066,3.4777271888995247],[101.23978222187954,3.4777271888995247],[101.23874580509842,3.4765492836499465],[101.23822759670786,3.4765492836499465],[101.23822759670786,3.4769419185740147],[101.23719117992673,3.4769419185740147],[101.23719117992673,3.4765492836499465],[101.23667297153618,3.4765492836499465],[101.23667297153618,3.4769419185740147],[101.23563655475505,3.4769419185740147],[101.23511834636449,3.4777271888995247],[101.23304551280225,3.4777271888995247],[101.23252730441169,3.4785124598616517],[101.23200909602113,3.4785124598616517],[101.23200909602113,3.4781198243010016],[101.23097267924001,3.4781198243010016],[101.23097267924001,3.4785124598616517],[101.23045447084944,3.4785124598616517],[101.22993626245888,3.4777271888995247],[101.22889984567776,3.4777271888995247],[101.22889984567776,3.477334553657202],[101.2283816372872,3.477334553657202],[101.2283816372872,3.4765492836499465],[101.22630880372496,3.4777374426653465],[101.22734522050608,3.4789050955814917],[101.22786342889664,3.4789050955814917],[101.22786342889664,3.4792977314605418],[101.22941805406832,3.4792977314605418],[101.22941805406832,3.479690367498818],[101.23045447084944,3.4792977314605418],[101.23097267924001,3.4800830036963384],[101.23200909602113,3.4800830036963384],[101.23252730441169,3.4792977314605418],[101.23304551280225,3.4792977314605418],[101.23304551280225,3.479690367498818]],[[101.23200909602113,3.4789050955814917],[101.23200909602113,3.4792977314605418],[101.23097267924001,3.4792977314605418],[101.23097267924001,3.4789050955814917],[101.23200909602113,3.4789050955814917]],[[101.22993626245888,3.4785124598616517],[101.22993626245888,3.4789050955814917],[101.22941805406832,3.4789050955814917],[101.22941805406832,3.4785124598616517],[101.22993626245888,3.4785124598616517]],[[101.23460013797393,3.4785124598616517],[101.23460013797393,3.4789050955814917],[101.23304551280225,3.4789050955814917],[101.23304551280225,3.4785124598616517],[101.23460013797393,3.4785124598616517]],[[101.24081863866066,3.4789050955814917],[101.23978222187954,3.4789050955814917],[101.23978222187954,3.4785124598616517],[101.24081863866066,3.4785124598616517],[101.24081863866066,3.4789050955814917]],[[101.23926401348898,3.4785124598616517],[101.23926401348898,3.4781198243010016],[101.23978222187954,3.4781198243010016],[101.23978222187954,3.4785124598616517],[101.23926401348898,3.4785124598616517]],[[101.23874580509842,3.4781198243010016],[101.23874580509842,3.4777271888995247],[101.23926401348898,3.4777271888995247],[101.23926401348898,3.4781198243010016],[101.23874580509842,3.4781198243010016]],[[101.23822759670786,3.4777271888995247],[101.23822759670786,3.477334553657202],[101.23874580509842,3.477334553657202],[101.23874580509842,3.4777271888995247],[101.23822759670786,3.4777271888995247]],[[101.22889984567776,3.4781198243010016],[101.22889984567776,3.4785124598616517],[101.22786342889664,3.4785124598616517],[101.22734522050608,3.4777271888995247],[101.2283816372872,3.4777271888995247],[101.2283816372872,3.4781198243010016],[101.22889984567776,3.4781198243010016]],[[101.23511834636449,3.4785124598616517],[101.23511834636449,3.4781198243010016],[101.23563655475505,3.4781198243010016],[101.23563655475505,3.4785124598616517],[101.23511834636449,3.4785124598616517]],[[101.23563655475505,3.4777271888995247],[101.23615476314562,3.4777271888995247],[101.23615476314562,3.4781198243010016],[101.23563655475505,3.4781198243010016],[101.23563655475505,3.4777271888995247]],[[101.23719117992673,3.477334553657202],[101.23719117992673,3.4777271888995247],[101.23667297153618,3.4777271888995247],[101.23667297153618,3.477334553657202],[101.23719117992673,3.477334553657202]]],[[[101.22371776177216,3.4798054459437737],[101.22339280421417,3.4800830036963384],[101.22371776177216,3.4800830036963384],[101.22371776177216,3.4798054459437737]]],[[[101.22268134499103,3.4806906864797065],[101.22247342721008,3.4808682765691894],[101.22268134499103,3.4808682765691894],[101.22268134499103,3.4806906864797065]]],[[[101.21749926108544,3.4855799271925365],[101.21801746947598,3.4855799271925365],[101.21801746947598,3.485187288763678],[101.21853567786656,3.485187288763678],[101.21853567786656,3.4847946504943184],[101.2190538862571,3.4847946504943184],[101.2206085114288,3.4832240990115118],[101.22164492820991,3.4832240990115118],[101.22164492820991,3.4828314615393756],[101.22216313660047,3.4828314615393756],[101.22216313660047,3.4824388242266306],[101.22268134499103,3.4824388242266306],[101.22268134499103,3.482046187073258],[101.22319955338159,3.482046187073258],[101.22475417855328,3.480475640053123],[101.2257905953344,3.480475640053123],[101.22682701211552,3.4792977314605418],[101.2253007193515,3.4785124598616517],[101.22527238694383,3.4789050955814917],[101.22385249271622,3.479690367498818],[101.22475417855328,3.479690367498818],[101.22475417855328,3.4800830036963384],[101.22423597016271,3.4800830036963384],[101.22423597016271,3.480475640053123],[101.22371776177216,3.480475640053123],[101.22371776177216,3.4808682765691894],[101.22319955338159,3.4808682765691894],[101.22164492820991,3.4824388242266306],[101.2206085114288,3.4824388242266306],[101.22009030303823,3.4832240990115118],[101.2190538862571,3.4835353731391994],[101.2190538862571,3.484009374434026],[101.21843736655863,3.484009374434026],[101.21743230596068,3.4847946504943184],[101.21749926108544,3.485187288763678],[101.2164628443043,3.485552112919131],[101.21698105269486,3.4855799271925365],[101.21698105269486,3.4859725657809117],[101.21749926108544,3.4859725657809117],[101.21749926108544,3.4855799271925365]],[[101.2257905953344,3.4792977314605418],[101.2257905953344,3.479690367498818],[101.22527238694383,3.479690367498818],[101.22527238694383,3.4792977314605418],[101.2257905953344,3.4792977314605418]]],[[[101.25325564003413,3.48754312172995],[101.25273743164355,3.48754312172995],[101.25325564003413,3.4859725657809117],[101.25273743164355,3.4859725657809117],[101.25273743164355,3.485187288763678],[101.252219223253,3.485187288763678],[101.252219223253,3.4844020123844412],[101.25170101486242,3.4844020123844412],[101.25170101486242,3.4832240990115118],[101.25014638969076,3.4824388242266306],[101.25014638969076,3.4828314615393756],[101.24910997290962,3.4832240990115118],[101.24910997290962,3.484009374434026],[101.24962818130018,3.484009374434026],[101.24962818130018,3.4847946504943184],[101.25014638969076,3.4847946504943184],[101.25014638969076,3.4855799271925365],[101.25066459808131,3.4855799271925365],[101.25066459808131,3.486757843436288],[101.25118280647189,3.486757843436288],[101.25066459808131,3.488328400662045],[101.252219223253,3.4891136802327174],[101.252219223253,3.4887210403675497],[101.25325564003413,3.488328400662045],[101.25325564003413,3.48754312172995]],[[101.252219223253,3.48754312172995],[101.252219223253,3.488328400662045],[101.25170101486242,3.488328400662045],[101.25170101486242,3.48754312172995],[101.252219223253,3.48754312172995]],[[101.252219223253,3.4859725657809117],[101.252219223253,3.486757843436288],[101.25170101486242,3.486757843436288],[101.25170101486242,3.4859725657809117],[101.252219223253,3.4859725657809117]],[[101.25170101486242,3.485187288763678],[101.25170101486242,3.4855799271925365],[101.25118280647189,3.4855799271925365],[101.25118280647189,3.485187288763678],[101.25170101486242,3.485187288763678]],[[101.25118280647189,3.4844020123844412],[101.25118280647189,3.4847946504943184],[101.25066459808131,3.4847946504943184],[101.25066459808131,3.4844020123844412],[101.25118280647189,3.4844020123844412]],[[101.25066459808131,3.4832240990115118],[101.25066459808131,3.484009374434026],[101.25014638969076,3.484009374434026],[101.25014638969076,3.4832240990115118],[101.25066459808131,3.4832240990115118]]],[[[101.252219223253,3.489898960442112],[101.25170101486242,3.4891136802327174],[101.25014638969076,3.489898960442112],[101.25014638969076,3.491469522777649],[101.25066459808131,3.491469522777649],[101.25118280647189,3.4922548049040825],[101.25273743164355,3.491469522777649],[101.25273743164355,3.489898960442112],[101.252219223253,3.489898960442112]],[[101.25170101486242,3.491469522777649],[101.25118280647189,3.491469522777649],[101.25118280647189,3.489898960442112],[101.25170101486242,3.489898960442112],[101.25170101486242,3.491469522777649]]],[[[101.20558046810254,3.4946106551197818],[101.2060986764931,3.493825371075003],[101.20350763454029,3.4954409155440618],[101.20350763454029,3.495788582386505],[101.20558046810254,3.4946106551197818]]],[[[101.26102876589253,3.4946106551197818],[101.25947414072084,3.493825371075003],[101.25843772393974,3.4950032973820635],[101.2599923491114,3.495788582386505],[101.26102876589253,3.4946106551197818]],[[101.2599923491114,3.4946106551197818],[101.2599923491114,3.4950032973820635],[101.25947414072084,3.4950032973820635],[101.25947414072084,3.4946106551197818],[101.2599923491114,3.4946106551197818]]],[[[101.19521630029132,3.502070885472665],[101.19625271707244,3.502070885472665],[101.19728913385356,3.5008929505208006],[101.196770925463,3.5008929505208006],[101.196770925463,3.500530929225057],[101.19625271707244,3.5012855953445063],[101.19366167511964,3.502878328687011],[101.19366167511964,3.5032488218670457],[101.19417988351019,3.5032488218670457],[101.19521630029132,3.502070885472665]]],[[[101.26880189175093,3.5044267597044305],[101.26724726657925,3.503641467652482],[101.26621084979811,3.5048194059709785],[101.26776547496982,3.5056046989853122],[101.26880189175093,3.5044267597044305]],[[101.26776547496982,3.5044267597044305],[101.26776547496982,3.5048194059709785],[101.26724726657925,3.5048194059709785],[101.26724726657925,3.5044267597044305],[101.26776547496982,3.5044267597044305]]],[[[101.19107063316685,3.5056046989853122],[101.19210704994795,3.5044267597044305],[101.19158949410205,3.5044267597044305],[101.18896221103424,3.506389992641418],[101.18899779960459,3.50678263971018],[101.19107063316685,3.5056046989853122]]],[[[101.1864067576518,3.509138525493833],[101.1864067576518,3.508745877461816],[101.18692496604234,3.508745877461816],[101.18796138282347,3.5075679343292148],[101.18744317443291,3.507525092065374],[101.1842331015122,3.509923822039707],[101.18433392408954,3.5103164705535983],[101.1864067576518,3.509138525493833]]],[[[101.2796842679527,3.5111017680633827],[101.27812964278104,3.5103164705535983],[101.2770932259999,3.51149441705931],[101.27864785117157,3.5122797155333303],[101.2796842679527,3.5111017680633827]],[[101.27864785117157,3.5111017680633827],[101.27864785117157,3.51149441705931],[101.27812964278104,3.51149441705931],[101.27812964278104,3.5111017680633827],[101.27864785117157,3.5111017680633827]]],[[[101.18018825696507,3.513457664450041],[101.18070646535563,3.513457664450041],[101.1822610905273,3.5118870662159534],[101.18174288213673,3.5117846449123493],[101.17845307876303,3.514242964531848],[101.17863363179339,3.5146356148140057],[101.17915184018395,3.5146356148140057],[101.18018825696507,3.513457664450041]]],[[[101.17345154788778,3.518954778538514],[101.17448796466888,3.518562126485894],[101.17396975627835,3.5177768228637625],[101.17319923559657,3.5181694745943166],[101.17345154788778,3.518562126485894],[101.17293333949722,3.518562126485894],[101.17293333949722,3.518954778538514],[101.17241513110665,3.518755591938304],[101.17109808540589,3.519740083126951],[101.17137871432554,3.520132735662806],[101.17189692271609,3.520132735662806],[101.17189692271609,3.519740083126951],[101.17293333949722,3.519740083126951],[101.17345154788778,3.518954778538514]]],[[[101.16878767237274,3.52248865426197],[101.16878767237274,3.522096000759156],[101.16982408915385,3.521703347417549],[101.16930588076328,3.521079757080848],[101.16686575887262,3.522881307926007],[101.16775125559161,3.523273961751285],[101.16775125559161,3.522881307926007],[101.16878767237274,3.52248865426197]]],[[[101.16619663041993,3.5244519241947505],[101.16619663041993,3.5240592698856394],[101.16723304720104,3.523666615737823],[101.16671483881049,3.522992642794039],[101.16550907343687,3.5240592698856394],[101.16567842202937,3.5244519241947505],[101.16619663041993,3.5244519241947505]]],[[[101.37762565376867,3.4325751746907343],[101.3778207,3.4320422962129356],[101.37710744537812,3.432027002730196],[101.37762565376867,3.432182557630153],[101.37762565376867,3.4325751746907343]]],[[[101.38539877962708,3.445139003660258],[101.38584099260068,3.445139003660258],[101.38539877962708,3.444712189977084],[101.38539877962708,3.445139003660258]]],[[[101.38591698801763,3.4455316259136644],[101.38611709999999,3.445405496198622],[101.38591698801763,3.4452123526890004],[101.38591698801763,3.4455316259136644]]],[[[101.34186927481998,3.4471021165041362],[101.34135106642941,3.4471021165041362],[101.34135106642941,3.4467094936199545],[101.34186927481998,3.4467094936199545],[101.34186927481998,3.4463168708934937],[101.34135106642941,3.4463168708934937],[101.34135106642941,3.445924248324737],[101.34186927481998,3.445924248324737],[101.34186927481998,3.445139003660258],[101.3403146496483,3.444353759626374],[101.3403146496483,3.4447463815645003],[101.33927823286717,3.445139003660258],[101.33927823286717,3.445924248324737],[101.33979644125775,3.445924248324737],[101.33979644125775,3.4463168708934937],[101.33927823286717,3.4463168708934937],[101.33927823286717,3.4467094936199545],[101.33979644125775,3.4467094936199545],[101.33927823286717,3.4474947395460562],[101.34083285803887,3.4482799861031888],[101.34186927481998,3.4471021165041362]],[[101.34083285803887,3.4471021165041362],[101.34083285803887,3.4474947395460562],[101.3403146496483,3.4474947395460562],[101.3403146496483,3.4471021165041362],[101.34083285803887,3.4471021165041362]],[[101.34083285803887,3.4463168708934937],[101.34083285803887,3.4467094936199545],[101.3403146496483,3.4467094936199545],[101.3403146496483,3.4463168708934937],[101.34083285803887,3.4463168708934937]],[[101.34083285803887,3.445139003660258],[101.34083285803887,3.445924248324737],[101.3403146496483,3.445924248324737],[101.3403146496483,3.445139003660258],[101.34083285803887,3.445139003660258]]],[[[101.43411036833977,3.4466256575392613],[101.43417659999999,3.446323496197647],[101.43411036833977,3.4463232340832235],[101.43411036833977,3.4466256575392613]]],[[[101.4310011179964,3.4494578571223844],[101.43203753477754,3.449065233291495],[101.43203753477754,3.4486726096184355],[101.4310011179964,3.4482799861031888],[101.4310011179964,3.4478873627457345],[101.43203753477754,3.4474947395460562],[101.43151932638698,3.4467094936199545],[101.43255574316811,3.4467094936199545],[101.43255574316811,3.4463170815924196],[101.4314729,3.4463127961976388],[101.42892828443416,3.4506357295622125],[101.42944649282474,3.4506357295622125],[101.4299647012153,3.4498504811111217],[101.4310011179964,3.4498504811111217],[101.4310011179964,3.4494578571223844]],[[101.4310011179964,3.4486726096184355],[101.4310011179964,3.449065233291495],[101.43048290960586,3.449065233291495],[101.43048290960586,3.4486726096184355],[101.4310011179964,3.4486726096184355]]],[[[101.35637910975568,3.449065233291495],[101.35689731814624,3.449065233291495],[101.35689731814624,3.4486726096184355],[101.35637910975568,3.4486726096184355],[101.3558609013651,3.4478873627457345],[101.354824484584,3.4478873627457345],[101.354824484584,3.4482799861031888],[101.35378806780287,3.4486726096184355],[101.35378806780287,3.4494578571223844],[101.35430627619344,3.4494578571223844],[101.354824484584,3.450243105257725],[101.35534269297457,3.450243105257725],[101.35637910975568,3.449065233291495]],[[101.354824484584,3.4494578571223844],[101.354824484584,3.4486726096184355],[101.3558609013651,3.4486726096184355],[101.3558609013651,3.449065233291495],[101.354824484584,3.4494578571223844]]],[[[101.34186927481998,3.4494578571223844],[101.34186927481998,3.449065233291495],[101.34083285803887,3.4486726096184355],[101.33979644125775,3.4498504811111217],[101.34135106642941,3.4506357295622125],[101.34135106642941,3.450243105257725],[101.34238748321054,3.4498504811111217],[101.34238748321054,3.4494578571223844],[101.34186927481998,3.4494578571223844]],[[101.34135106642941,3.4498504811111217],[101.34083285803887,3.4498504811111217],[101.34083285803887,3.4494578571223844],[101.34135106642941,3.4494578571223844],[101.34135106642941,3.4498504811111217]]],[[[101.43483839999999,3.4522530961912463],[101.43391987173497,3.4474947395460562],[101.43359215994921,3.4474947395460562],[101.43359215994921,3.4478873627457345],[101.43307395155865,3.4478873627457345],[101.43359215994921,3.451813603423163],[101.43411036833977,3.451813603423163],[101.43462857673035,3.4525988534535523],[101.43877424385482,3.4525988534535523],[101.43483839999999,3.4522530961912463]]],[[[101.42426440891913,3.456917739921095],[101.42478261730969,3.456917739921095],[101.42478261730969,3.4565251130879893],[101.42426440891913,3.4565251130879893],[101.42478261730969,3.4557398598962856],[101.4234504,3.4554799961878033],[101.4234665,3.4576298961854652],[101.41960053340408,3.4577029940619006],[101.42270978374745,3.4577029940619006],[101.42270978374745,3.458095621369639],[101.42322799213801,3.458095621369639],[101.42426440891913,3.456917739921095]]],[[[101.37607102859698,3.4675187242712298],[101.37555282020641,3.4675187242712298],[101.37503461181588,3.466733462208539],[101.37399819503474,3.466733462208539],[101.37296177825363,3.46791135554059],[101.37347998664417,3.46791135554059],[101.37399819503474,3.468696618555431],[101.37503461181588,3.468696618555431],[101.37607102859698,3.4675187242712298]],[[101.37503461181588,3.4675187242712298],[101.37503461181588,3.46791135554059],[101.37399819503474,3.46791135554059],[101.37399819503474,3.4675187242712298],[101.37503461181588,3.4675187242712298]]],[[[101.40405428168727,3.472230309981797],[101.40249965651557,3.471445044108546],[101.40146323973445,3.472622943156764],[101.40301786490613,3.4734082099834716],[101.40405428168727,3.472230309981797]],[[101.40301786490613,3.472230309981797],[101.40301786490613,3.472622943156764],[101.40249965651557,3.472622943156764],[101.40249965651557,3.472230309981797],[101.40301786490613,3.472230309981797]]],[[[101.39006265514212,3.473015576490649],[101.389026238361,3.4718376769657295],[101.38747161318932,3.472622943156764],[101.389026238361,3.474193477445999],[101.39058086353268,3.4734082099834716],[101.39058086353268,3.473015576490649],[101.39006265514212,3.473015576490649]],[[101.389026238361,3.4734082099834716],[101.389026238361,3.473015576490649],[101.38954444675157,3.473015576490649],[101.38954444675157,3.4734082099834716],[101.389026238361,3.4734082099834716]],[[101.38850802997044,3.473015576490649],[101.38850802997044,3.472622943156764],[101.389026238361,3.472622943156764],[101.389026238361,3.473015576490649],[101.38850802997044,3.473015576490649]]],[[[101.38798982157986,3.4753713798322674],[101.38798982157986,3.4757640142790907],[101.389026238361,3.476156648884978],[101.39006265514212,3.4749787455444907],[101.38850802997044,3.474193477445999],[101.38850802997044,3.47458611141574],[101.38747161318932,3.4749787455444907],[101.38747161318932,3.4753713798322674],[101.38798982157986,3.4753713798322674]],[[101.389026238361,3.4753713798322674],[101.38850802997044,3.4753713798322674],[101.38850802997044,3.4749787455444907],[101.389026238361,3.4749787455444907],[101.389026238361,3.4753713798322674]]],[[[101.39058086353268,3.4792977314605418],[101.389026238361,3.4785124598616517],[101.38798982157986,3.479690367498818],[101.38954444675157,3.480475640053123],[101.39058086353268,3.4792977314605418]],[[101.38954444675157,3.4792977314605418],[101.38954444675157,3.479690367498818],[101.389026238361,3.479690367498818],[101.389026238361,3.4792977314605418],[101.38954444675157,3.4792977314605418]]],[[[101.28486635185831,3.512672365011458],[101.28331172668663,3.5118870662159534],[101.28227530990551,3.513065014650356],[101.28382993507718,3.513850314410532],[101.28486635185831,3.512672365011458]],[[101.28382993507718,3.512672365011458],[101.28382993507718,3.513065014650356],[101.28331172668663,3.513065014650356],[101.28331172668663,3.512672365011458],[101.28382993507718,3.512672365011458]]],[[[101.29004843576392,3.521310694237128],[101.28849381059224,3.5205253883597742],[101.28745739381112,3.521703347417549],[101.28901201898279,3.52248865426197],[101.29004843576392,3.521310694237128]],[[101.28901201898279,3.521310694237128],[101.28901201898279,3.521703347417549],[101.28849381059224,3.521703347417549],[101.28849381059224,3.521310694237128],[101.28901201898279,3.521310694237128]]],[[[101.35378806780287,3.5527234595135697],[101.35378806780287,3.552330793543434],[101.35275165102176,3.551938127735901],[101.35275165102176,3.552330793543434],[101.35171523424063,3.5527234595135697],[101.35171523424063,3.553508791941724],[101.35326985941231,3.554294125020509],[101.35326985941231,3.553901458399778],[101.35430627619344,3.553508791941724],[101.35430627619344,3.5527234595135697],[101.35378806780287,3.5527234595135697]],[[101.35326985941231,3.553508791941724],[101.35275165102176,3.553508791941724],[101.35275165102176,3.5527234595135697],[101.35326985941231,3.5527234595135697],[101.35326985941231,3.553508791941724]]],[[[101.35326985941231,3.5645035143182167],[101.35326985941231,3.5641108434615396],[101.3522334426312,3.5637181727680116],[101.35119702585007,3.56489618533806],[101.35275165102176,3.5656815278673166],[101.35275165102176,3.565288856521087],[101.35378806780287,3.56489618533806],[101.35378806780287,3.5645035143182167],[101.35326985941231,3.5645035143182167]],[[101.35275165102176,3.56489618533806],[101.3522334426312,3.56489618533806],[101.3522334426312,3.5645035143182167],[101.35275165102176,3.5645035143182167],[101.35275165102176,3.56489618533806]]]]},"properties":{"place_id":"e3801280-5a64-545d-a730-ee8569bfa0e9","habitat":"water_edge","habitat_label":"Water edge","resolution_m":50}}]}