{"type":"FeatureCollection","metadata":{"schema_version":1,"place_id":"e5cc1373-8b00-5838-bb11-0cf3d324ac6c","place_name":"Hutan Simpanan Kekal Sungai Lalang","place_type":"park","osm_reference":"relation/18767518","protection_context":"mapped protected boundary","resolution_m":50,"raster_coverage":1.0,"interpretation":"Suggested search habitats, not predicted plant locations or probabilities of presence."},"features":[{"type":"Feature","geometry":{"type":"MultiPolygon","coordinates":[[[[101.85748662342782,3.0522001592615644],[101.85852304020894,3.0525926327769084],[101.85918815640642,3.0518076858857426],[101.8564502066467,3.051630081958189],[101.85748662342782,3.0518076858857426],[101.85748662342782,3.0522001592615644]]],[[[101.86059587377117,3.0522001592615644],[101.85955945699007,3.051846948567763],[101.85955945699007,3.0522001592615644],[101.86059587377117,3.0522001592615644]]],[[[101.86163229055231,3.0522001592615644],[101.86111408216175,3.0520113403357647],[101.86111408216175,3.0522001592615644],[101.86163229055231,3.0522001592615644]]],[[[101.85696841503727,3.0529851064317937],[101.85696841503727,3.0525926327769084],[101.8564502066467,3.0525926327769084],[101.8564502066467,3.0529851064317937],[101.85696841503727,3.0529851064317937]]],[[[101.85800483181838,3.0525926327769084],[101.85748662342782,3.0525926327769084],[101.85748662342782,3.0529851064317937],[101.85800483181838,3.0529851064317937],[101.85800483181838,3.0525926327769084]]],[[[101.84349499688268,3.0541021117717575],[101.84327115555128,3.0541625282338756],[101.84349499688268,3.0541625282338756],[101.84349499688268,3.0541021117717575]]],[[[101.876142125488,3.0612270854503416],[101.876142125488,3.060834608860922],[101.87562391709744,3.060834608860922],[101.87562391709744,3.0612270854503416],[101.876142125488,3.0612270854503416]]],[[[101.841940371711,3.0945881088767604],[101.84142216332044,3.0945881088767604],[101.84142216332044,3.0949805975669786],[101.841940371711,3.0949805975669786],[101.841940371711,3.0945881088767604]]],[[[101.84090395492987,3.095373086398692],[101.84142216332044,3.095373086398692],[101.84142216332044,3.0949805975669786],[101.84090395492987,3.0949805975669786],[101.84090395492987,3.095373086398692]]],[[[101.84038574653931,3.095765575371917],[101.84038574653931,3.0961580644866706],[101.83986753814877,3.0961580644866706],[101.8393493297582,3.0969430431408407],[101.84090395492987,3.0969430431408407],[101.84090395492987,3.096550553742973],[101.84142216332044,3.096550553742973],[101.84142216332044,3.095765575371917],[101.84038574653931,3.095765575371917]]],[[[101.8393493297582,3.097728022361346],[101.83869571590522,3.097728022361346],[101.83888969999998,3.098039296573145],[101.8393493297582,3.097728022361346]]],[[[101.84038574653931,3.1000829634223233],[101.84008985413415,3.0996904728912775],[101.84013520267979,3.1000829634223233],[101.84038574653931,3.1000829634223233]]],[[[101.84245858010158,3.0999663231671644],[101.841940371711,3.0996904728912775],[101.841940371711,3.0998450155223938],[101.84245858010158,3.0999663231671644]]],[[[101.87717854226912,3.06318947049688],[101.87769675065968,3.06318947049688],[101.87769675065968,3.062796993207586],[101.87717854226912,3.062796993207586],[101.87717854226912,3.06318947049688]]],[[[101.9170805883423,2.9544785500857524],[101.91656237995174,2.9544785500857524],[101.91656237995174,2.9548709894179086],[101.91552596317061,2.9544785500857524],[101.91552596317061,2.9517314785403017],[101.91604417156117,2.9517314785403017],[101.91604417156117,2.9513390402878277],[101.91675442936746,2.9517314785403017],[101.91650419999999,2.9510415967324812],[101.91491959999998,2.9518858967315604],[101.9097698,2.9499089967337078],[101.9083536,2.9504339967331115],[101.9074443,2.950345596733247],[101.9066691,2.9507071967328122],[101.904121,2.9528019967305634],[101.90358999999998,2.9536215967296675],[101.9041049,2.9543019967289297],[101.90377230000001,2.9594020967233976],[101.9045663,2.95989499672286],[101.9043732,2.9608163967218806],[101.90252779999997,2.965445096716836],[101.89619779999998,2.9766201967046984],[101.9151878,2.9869059966935443],[101.915338,2.989766696690456],[101.9146943,2.989766696690456],[101.91432949999998,2.990977396689126],[101.91484449999999,2.9914916966885534],[101.9064116,3.010798496667659],[101.91365359999999,3.0105734966678805],[101.914925,3.011677096666688],[101.91744089999999,3.0128448966654204],[101.9183689,3.0123680966659223],[101.91855669999998,3.013032396665195],[101.9183046,3.014135896664003],[101.9173014,3.014312696663826],[101.9159603,3.0135144966647025],[101.9157511,3.013728796664466],[101.91028479999999,3.0264890966506366],[101.911658,3.0283050966486798],[101.9110519,3.0348618966415764],[101.89862789999998,3.032885296643686],[101.89427941915763,3.035883634215468],[101.89779639999999,3.043529396632175],[101.90272629999998,3.045532796629968],[101.9013745,3.0471505966282257],[101.8975067,3.050246796624887],[101.89503369999998,3.0514038966236403],[101.89027009999997,3.052812796622106],[101.88391525134641,3.053770054160259],[101.87821495905024,3.0535523143317214],[101.87873316744081,3.053770054160259],[101.87821495905024,3.0545550024471058],[101.87717854226912,3.0541625282338756],[101.87769675065968,3.053541252612733],[101.876142125488,3.053770054160259],[101.876142125488,3.053508067456435],[101.87458750031632,3.053474882301135],[101.87458750031632,3.053770054160259],[101.87406929192576,3.053770054160259],[101.8735510835352,3.0534212411594157],[101.8735510835352,3.0553399512924764],[101.87406929192576,3.0553399512924764],[101.87406929192576,3.056124900696517],[101.87303287514463,3.0565173756080837],[101.87303287514463,3.056124900696517],[101.87251466675409,3.056124900696517],[101.87251466675409,3.054947476799966],[101.87199645836351,3.054947476799966],[101.87147824997297,3.0557324259246537],[101.87044183319183,3.0553399512924764],[101.87147824997297,3.0533775802262384],[101.86940541641071,3.0533775802262384],[101.86940541641071,3.0530390983623312],[101.86733258284848,3.052838427744313],[101.86474154089566,3.0529851064317937],[101.86474154089566,3.0533775802262384],[101.86422333250512,3.0533775802262384],[101.86422333250512,3.0529851064317937],[101.86370512411455,3.0529851064317937],[101.86370512411455,3.052285326670162],[101.86266870733343,3.0521757321282434],[101.86163229055231,3.0522001592615644],[101.86215049894287,3.0529851064317937],[101.86163229055231,3.0529851064317937],[101.86163229055231,3.053770054160259],[101.86059587377117,3.0541625282338756],[101.86059587377117,3.053770054160259],[101.85955945699007,3.053770054160259],[101.85955945699007,3.0533775802262384],[101.85852304020894,3.0533775802262384],[101.85852304020894,3.0529851064317937],[101.85696841503727,3.053770054160259],[101.85541378986557,3.0522001592615644],[101.85489558147502,3.0522001592615644],[101.85489558147502,3.0525926327769084],[101.85334095630333,3.0525926327769084],[101.85334095630333,3.0529851064317937],[101.85282274791277,3.0529851064317937],[101.85282274791277,3.0525926327769084],[101.85126812274109,3.0525926327769084],[101.85126812274109,3.0533775802262384],[101.85074991435053,3.0533775802262384],[101.85023170595997,3.0541625282338756],[101.84919528917885,3.0541625282338756],[101.84919528917885,3.053770054160259],[101.84815887239772,3.053770054160259],[101.84815887239772,3.0541625282338756],[101.84764066400717,3.0541625282338756],[101.84764066400717,3.053770054160259],[101.84712245561661,3.053770054160259],[101.84660424722605,3.0545550024471058],[101.84556783044492,3.0545550024471058],[101.84556783044492,3.054947476799966],[101.84504962205438,3.054947476799966],[101.84504962205438,3.0545550024471058],[101.84401320527324,3.0545550024471058],[101.84349499688268,3.0553399512924764],[101.84245858010158,3.0553399512924764],[101.84245858010158,3.054947476799966],[101.841940371711,3.054947476799966],[101.84245858010158,3.0543818484987932],[101.84090395492987,3.054801453722343],[101.84090395492987,3.0553399512924764],[101.84038574653931,3.0553399512924764],[101.84038574653931,3.0557324259246537],[101.83831291297707,3.0569098506593724],[101.83831291297707,3.0576948011811855],[101.83779470458653,3.0576948011811855],[101.83779470458653,3.059657179932115],[101.83727649619597,3.059657179932115],[101.83727649619597,3.060834608860922],[101.8367582878054,3.060834608860922],[101.8367582878054,3.0612270854503416],[101.83572187102426,3.060834608860922],[101.83572187102426,3.0600496561018264],[101.83624007941484,3.0600496561018264],[101.83624007941484,3.059657179932115],[101.83572187102426,3.059657179932115],[101.83572187102426,3.058479752262103],[101.83624007941484,3.058479752262103],[101.83624007941484,3.0576948011811855],[101.8367582878054,3.0576948011811855],[101.83727649619597,3.056124900696517],[101.83779470458653,3.056124900696517],[101.83831291297707,3.055500796116308],[101.83364903746202,3.0569641004367933],[101.8333805,3.0586569966157966],[101.83488024035276,3.06318947049688],[101.83520366263373,3.0624045160583044],[101.83468545424316,3.0624045160583044],[101.83468545424316,3.062012039049014],[101.83520366263373,3.062012039049014],[101.83520366263373,3.061619562179699],[101.83624007941484,3.061619562179699],[101.83624007941484,3.062012039049014],[101.8367582878054,3.062012039049014],[101.8367582878054,3.0624045160583044],[101.83572187102426,3.062796993207586],[101.83624007941484,3.0635819479262016],[101.83572187102426,3.0635819479262016],[101.83572187102426,3.0639744254955708],[101.83501010605895,3.0635819479262016],[101.8364865,3.0664671966073236],[101.8375164,3.070543596602918],[101.83761829999999,3.073505896599673],[101.83897549999999,3.076754696596163],[101.83500049999999,3.0767573965961623],[101.83520366263373,3.078103711416713],[101.83572187102426,3.078103711416713],[101.83572187102426,3.078496194180533],[101.83520366263373,3.078496194180533],[101.83520366263373,3.0788886770850876],[101.83572187102426,3.0788886770850876],[101.83572187102426,3.080066126643334],[101.83520366263373,3.080066126643334],[101.83520366263373,3.082421029562089],[101.83572187102426,3.082421029562089],[101.83572187102426,3.0828135138749784],[101.83520366263373,3.0828135138749784],[101.83494149999997,3.094450396577029],[101.83779470458653,3.0962822267052776],[101.83883112136763,3.095765575371917],[101.83883112136763,3.0949805975669786],[101.8393493297582,3.0949805975669786],[101.8393493297582,3.0945881088767604],[101.84038574653931,3.0945881088767604],[101.84038574653931,3.0941956203280165],[101.84142216332044,3.0945881088767604],[101.84142216332044,3.0934106436548823],[101.84245858010158,3.0930181555304563],[101.84245858010158,3.0934106436548823],[101.84297678849211,3.0934106436548823],[101.84297678849211,3.0945881088767604],[101.84245858010158,3.0945881088767604],[101.84245858010158,3.0949805975669786],[101.84297678849211,3.0949805975669786],[101.84297678849211,3.0961580644866706],[101.84401320527324,3.095765575371917],[101.84504962205438,3.097728022361346],[101.8491948,3.0989820965721244],[101.8509436,3.1008782965700594],[101.8546182,3.1019227965689407],[101.8572253,3.1043224965663523],[101.85909209999998,3.1049170965656945],[101.86307249999999,3.10291909656784],[101.8650949,3.102929796567851],[101.86625038245273,3.104007876530837],[101.86629616606736,3.1036153845816914],[101.86733258284848,3.104007876530837],[101.86733258284848,3.1044003686218913],[101.86681437445792,3.1044003686218913],[101.86733258284848,3.1063628312064413],[101.86592124717133,3.1079328038302956],[101.8668759,3.1097754965604256],[101.8678254,3.1103753965597907],[101.86878559999997,3.1101182965600613],[101.86878559999997,3.111082496559001],[101.8679917,3.1122983965576987],[101.8694508,3.1115002965585714],[101.8693757,3.1134660965564573],[101.8688071,3.113798196556097],[101.86987999999998,3.114858796554929],[101.8698102,3.1163639965532806],[101.86843159999997,3.1169585965526405],[101.8672192,3.1165996965530605],[101.865975,3.117063296552542],[101.86608312525016,3.117352687356275],[101.86629616606736,3.1177451842830117],[101.86791389999999,3.118080696551475],[101.86807750000001,3.118782396550675],[101.86905379999999,3.119060996550385],[101.869105460847,3.119707671055196],[101.87048879999999,3.1193796965500344],[101.87055050000001,3.119917996549444],[101.8725944,3.1198992965494936],[101.8719238,3.1210187965482556],[101.87276869999998,3.1209812965483184],[101.87373029999999,3.122193196547003],[101.87306639999998,3.1226363965465063],[101.8736431,3.123238996545876],[101.8729457,3.1236514965454147],[101.8733293,3.1241870965448366],[101.87482600000001,3.1234130965456686],[101.87569499999998,3.1252208965437274],[101.87496539999998,3.126964396541859],[101.8742810391092,3.1263801527665014],[101.8735510835352,3.1271651533290394],[101.87166337128535,3.1267726529762907],[101.8718111,3.127708996541051],[101.87364040000001,3.128817796539818],[101.8741393,3.1334135965348815],[101.87590959999999,3.1338634965343695],[101.87703609999998,3.1331028965351697],[101.87806609999997,3.13356349653472],[101.87882779999998,3.134741896533412],[101.8798578,3.1348811965332826],[101.8812847,3.137945096529943],[101.8802011,3.13904849652877],[101.88102719999999,3.140001896527724],[101.87830209999998,3.141148196526506],[101.87914969999997,3.142326596525242],[101.87706829999999,3.146258096520976],[101.8738603,3.147961396519117],[101.873517,3.1468311965203615],[101.8734956,3.147524896519596],[101.87277939999998,3.1482506965188057],[101.8731469,3.1491826965178094],[101.87264260000002,3.150280696516641],[101.87159659999998,3.1505966965162937],[101.87091529999998,3.14914519651786],[101.8699229,3.148497096518536],[101.869896,3.149005896517996],[101.86939179999997,3.1491719965178366],[101.86869979999999,3.1481542965189298],[101.86733258284848,3.1477770229635595],[101.86681437445792,3.1483603851721793],[101.86617849999999,3.148052496519042],[101.86478273292555,3.15032292782868],[101.86525974928622,3.15032292782868],[101.86525974928622,3.15071543679204],[101.86474154089566,3.15071543679204],[101.86474154089566,3.1511079458994615],[101.86422333250512,3.1511079458994615],[101.86422333250512,3.15071543679204],[101.8633702,3.1510814965157734],[101.86308319999999,3.1521339965145967],[101.8641132,3.1525490965141665],[101.86367329999999,3.1543782965122014],[101.8641239,3.155149596511367],[101.8642259,3.1576616965086366],[101.8631905,3.1596608965064914],[101.86265410000001,3.1622680965036696],[101.86318519999999,3.1628625965030253],[101.8638879,3.162760796503136],[101.8644941,3.164244496501529],[101.86599609999999,3.1637838965020117],[101.86609800000001,3.1656049965000617],[101.86681437445792,3.1656308843149534],[101.86681437445792,3.1652383698645203],[101.86785079123902,3.164845855558818],[101.86785079123902,3.1652383698645203],[101.8683689996296,3.1652383698645203],[101.8683689996296,3.1656308843149534],[101.86785079123902,3.1656702326781785],[101.8683135,3.1659316964996984],[101.8699282,3.1648068965009197],[101.87136049999998,3.164474796501287],[101.87221879999998,3.1609450965051074],[101.8726695,3.1606879965053785],[101.87217589999997,3.159563196506588],[101.87323269999997,3.1592685965068923],[101.8738496,3.159241796506938],[101.87471869999999,3.1601951965059047],[101.87534089999998,3.160104096506007],[101.87632800000002,3.1616413965043666],[101.8770736,3.1611967965048327],[101.87708969999998,3.1598416965062794],[101.87785679999999,3.159589896506585],[101.87883849999997,3.160912896505145],[101.87963249999999,3.1606932965053693],[101.87925159999998,3.159927396506214],[101.88019039999999,3.1586739965075425],[101.8819191,3.159930096506211],[101.88250779999998,3.1549727965115615],[101.88443345973697,3.1542793863856167],[101.8803942,3.153124896513538],[101.87976958422193,3.1515004551509618],[101.88025585871891,3.1515004551509618],[101.88192309999998,3.1494718965175124],[101.8836021,3.1496271965173346],[101.8846857,3.150323596516589],[101.88544210000002,3.1493165965176635],[101.88737212835018,3.1511079458994615],[101.88754271008034,3.15071543679204],[101.88857912686146,3.1511079458994615],[101.8880609184709,3.1517472448812955],[101.88894509999999,3.1525678965141557],[101.8900877,3.1517964965149967],[101.89096998165927,3.152285474086278],[101.8917239,3.1516197965151904],[101.89084949999999,3.150575296516297],[101.89153069999999,3.150071796516863],[101.8924266,3.150435996516458],[101.8943793,3.1438155965236216],[101.8960154,3.1443565965230142],[101.8981571,3.143296096524196],[101.9003606,3.1438289965236024],[101.9010633,3.1447877965225484],[101.90295159999998,3.1453689965219467],[101.9037294,3.144061996523365],[101.90424439999998,3.141587396526038],[101.90362209999998,3.1411963965264644],[101.90295159999998,3.1413195965263094],[101.9018707,3.1405897965270912],[101.9015859,3.138261096529594],[101.8988532,3.1358988965321766],[101.89894329467268,3.134622687217418],[101.90105260000001,3.1338848965343566],[101.90313399999998,3.1340509965341847],[101.90451130000001,3.1335849965346854],[101.9048184,3.1304246965381006],[101.90544069999999,3.1299264965386464],[101.9055909,3.129058796539551],[101.90710369999998,3.129685496538881],[101.9078171,3.1328725965354467],[101.91004870000002,3.132642196535671],[101.91047789999999,3.1335206965347284],[101.91203359999999,3.1339437965342944],[101.913321,3.135941796532141],[101.91462989999998,3.1362738965317605],[101.91486435985264,3.1354076937921875],[101.9144895463895,3.1350151904331334],[101.91497060095463,3.1350151904331334],[101.91521999999999,3.13409379653413],[101.9171888,3.132786896535533],[101.91915749999998,3.1300711965384753],[101.91968859999997,3.1305210965380095],[101.9195759,3.134329496533859],[101.92115309999998,3.136305996531729],[101.9216064,3.140320596527383],[101.92321299999998,3.1402027965275225],[101.9237425213099,3.1397252402072877],[101.92278088063846,3.1393327352703175],[101.92329908902902,3.138547725826972],[101.92433550581015,3.1389402304768845],[101.92381729741959,3.1396578023270054],[101.9257772,3.1390296965287883],[101.92756889999998,3.1378191965300877],[101.9288886,3.1379905965299097],[101.9310209,3.139391296528392],[101.9322681,3.14192749652568],[101.9341457,3.142698796524812],[101.93322839999998,3.143188896524301],[101.93136419999998,3.1422434965253188],[101.93125159999998,3.1427871965247296],[101.9306132,3.142765796524759],[101.9309834,3.143129996524364],[101.9303906,3.1436388965238025],[101.9293526,3.143713796523731],[101.92908439999998,3.1443163965230823],[101.9296879,3.1450662965222698],[101.9285023,3.1449886965223657],[101.92736509999999,3.1454224965218835],[101.9259301,3.1478944965192124],[101.92359919999997,3.1486951965183336],[101.9235134,3.1494772965174826],[101.9241303,3.149169296517849],[101.9245005,3.149766496517188],[101.92575309999998,3.1502511965166695],[101.92531319999999,3.1512581965155615],[101.9239587,3.150976996515861],[101.92376549999999,3.151863496514922],[101.92213210000001,3.1523642965143837],[101.9218129,3.152838296513854],[101.9214535,3.1527070965140154],[101.92119870000002,3.1534623965131963],[101.91721609999999,3.1537002965129406],[101.918278,3.156860296509518],[101.9174239,3.15986129650628],[101.91746649999999,3.1616842965043026],[101.9213135,3.164862796500871],[101.9229115,3.1680762964974023],[101.9273346,3.1686664964967304],[101.92985919999998,3.170201896495088],[101.94041569999999,3.1844006964797478],[101.9411593,3.183482696480741],[101.94464639999998,3.1812466964831496],[101.94510479999998,3.179983996484526],[101.94505059999999,3.177170796487573],[101.9469423,3.170914596494313],[101.94740290000001,3.1674129964981255],[101.9500918,3.163683496502157],[101.95135249999998,3.1598379965062855],[101.952153,3.159149796507013],[101.9555246,3.158004296508292],[101.9566133,3.154790196511757],[101.95890149999998,3.1517492965150202],[101.9572491,3.147614396519513],[101.95787949999998,3.1456054965216933],[101.9589086,3.144745196522613],[101.96159309999999,3.1435998965238556],[101.9641081,3.1406183965270804],[101.96593539999998,3.140275596527443],[101.9662214,3.1397020965280693],[101.9639966,3.1379789965299367],[101.9618897,3.1325839965357734],[101.96177979999999,3.1283380965403627],[101.9625271,3.123346996545763],[101.96075959999997,3.1210504965482238],[101.9594493,3.1182953965512255],[101.9573407,3.1158738965538366],[101.95184649999999,3.1124902965575085],[101.95023209999998,3.1131026965568225],[101.9492472,3.1122416965577475],[101.94886999999999,3.1115345965585397],[101.94924279999998,3.108440296561889],[101.9489725,3.10526899656532],[101.9491851,3.1039701965666926],[101.95095359999999,3.1012729965696177],[101.952133,3.1000578965709678],[101.9543602,3.0988077965723195],[101.95372519999998,3.0972036965740237],[101.95555059999998,3.095780696575576],[101.95642439999999,3.0938128965777034],[101.9557414,3.0923078965793507],[101.9564342,3.090897296580872],[101.9572523,3.0863307965858064],[101.95843979999998,3.084220696588084],[101.95843350000001,3.081617096590931],[101.95952949999999,3.0799822965926817],[101.9619637,3.078166296594634],[101.96258460000001,3.0767471965961803],[101.9622028,3.0714521966018977],[101.961574,3.0699965966035023],[101.96165439999999,3.0676229966060795],[101.95971659999996,3.0652136966086636],[101.95932969999997,3.0621019966120615],[101.96098109999998,3.060910796613339],[101.96235150000001,3.0608559966134044],[101.9628751,3.0597087966146477],[101.96461429999998,3.0581687966163034],[101.9673741,3.057078496617468],[101.9642328,3.0521732966227813],[101.9653265,3.048110696627198],[101.96772679999998,3.0451560966304196],[101.96716,3.042547096633218],[101.9681088,3.0393923966366474],[101.96771619999998,3.037538496638666],[101.9688161,3.0354462966409153],[101.9686926,3.031047496645669],[101.9698147,3.029163196647718],[101.9681262,3.0252603966519755],[101.96701499999999,3.025851696651314],[101.9643672,3.0261297966510248],[101.96194299999999,3.0241928966531253],[101.96025599999999,3.0251634966520697],[101.95723019999998,3.0256808966515147],[101.95527509999998,3.025602396651601],[101.9537816,3.0235079966538407],[101.95193949999998,3.0230272966543907],[101.9466194,3.0161963966617806],[101.94540209999997,3.0156709966623376],[101.9445516,3.016321296661646],[101.94171550000002,3.016264596661701],[101.9398661,3.014766696663324],[101.93993779999998,3.0120270966663183],[101.9411826,3.0093337966692504],[101.9417773,3.0084346966701854],[101.942798,3.00813719667054],[101.94341939999998,3.007423496671295],[101.9428314,3.0040368966749473],[101.94094790000001,3.001318396677906],[101.9402868,2.998713796680723],[101.93955069999998,2.9980486966814577],[101.9333741,2.9986853966807985],[101.93216569999998,2.998286496681189],[101.93145259999997,2.9972641966823086],[101.9315013,2.9920517966879827],[101.92979329999999,2.9892158966910602],[101.9296685,2.985707696694833],[101.930365,2.9823353966984985],[101.92983029999999,2.978674596702481],[101.92772449999997,2.9767799967045465],[101.92621169999998,2.976207196705157],[101.92517719999998,2.9752963967061543],[101.92415619999998,2.9736122967079712],[101.92368709999998,2.9687071967133094],[101.91947560000001,2.9582811967245988],[101.91749829999999,2.9547422967284396],[101.9170805883423,2.952957949850671],[101.9170805883423,2.9544785500857524]],[[101.9144895463895,3.1330526757875754],[101.91500775478005,3.133837681215928],[101.91397133799893,3.1342301841450224],[101.91345312960837,3.133445178430119],[101.9144895463895,3.1330526757875754]],[[101.90723462892164,3.1275576538247636],[101.9077528373122,3.128342655245215],[101.90671642053108,3.1287351561699777],[101.90619821214052,3.1279501544634836],[101.90723462892164,3.1275576538247636]],[[101.8880609184709,3.1012604358659046],[101.88857912686146,3.1012604358659046],[101.88857912686146,3.1008679449096186],[101.8892842219879,3.1012604358659046],[101.88905445593657,3.1000829634223233],[101.88702450168978,3.1000829634223233],[101.8865062932992,3.1008679449096186],[101.88495166812754,3.1008679449096186],[101.88495166812754,3.1012604358659046],[101.88443345973697,3.1012604358659046],[101.88391525134641,3.1020454182038417],[101.88287883456529,3.1020454182038417],[101.88287883456529,3.102437909585531],[101.88236062617473,3.102437909585531],[101.88184241778417,3.1016529269639723],[101.88236062617473,3.1016529269639723],[101.88236062617473,3.1012604358659046],[101.88339704295585,3.1012604358659046],[101.88339704295585,3.1000829634223233],[101.88391525134641,3.1000829634223233],[101.88443345973697,3.0992979825019424],[101.88546987651809,3.0992979825019424],[101.88546987651809,3.0996904728912775],[101.88598808490866,3.0996904728912775],[101.88598808490866,3.0992979825019424],[101.88754271008034,3.0992979825019424],[101.8880609184709,3.0985130021483314],[101.88961554364258,3.0992979825019424],[101.88961554364258,3.0996904728912775],[101.88920932533367,3.0996904728912775],[101.89116599999998,3.1001015965709033],[101.890018,3.1049920965655993],[101.89031029999998,3.106090196564426],[101.8897551,3.106349996564146],[101.89013375203314,3.107540310461242],[101.8896740555924,3.107540310461242],[101.88961554364258,3.1079086867233006],[101.8903774,3.1079676965623673],[101.89014940000001,3.109314796560936],[101.8883818,3.1130697965568728],[101.8865365,3.1190368965504205],[101.8842351,3.118233396551272],[101.88087700000001,3.1183913965510985],[101.87934279999999,3.1189457965505203],[101.8788117,3.117178196552397],[101.8814081,3.115689096554048],[101.88054439999999,3.114403496555425],[101.8827867,3.11320369655674],[101.8826795,3.110584296559559],[101.8833661,3.1084791965618286],[101.8824971,3.10669009656376],[101.8841386,3.106015196564498],[101.88535629999998,3.1013978965695013],[101.8880609184709,3.1019818763573763],[101.8880609184709,3.1012604358659046]],[[101.88236062617473,3.102830401109056],[101.88287883456529,3.102830401109056],[101.88287883456529,3.1032228927744367],[101.88236062617473,3.1032228927744367],[101.88184241778417,3.104007876530837],[101.88080600100305,3.104007876530837],[101.87976958422193,3.105185353229802],[101.87873316744081,3.105185353229802],[101.87873316744081,3.1047928608548743],[101.87769675065968,3.1044003686218913],[101.87769675065968,3.104007876530837],[101.87821495905024,3.104007876530837],[101.87821495905024,3.1036153845816914],[101.87925137583136,3.1036153845816914],[101.87925137583136,3.1032228927744367],[101.88132420939361,3.1032228927744367],[101.88184241778417,3.102437909585531],[101.88236062617473,3.102437909585531],[101.88236062617473,3.102830401109056]],[[101.91086208765556,3.116567693930356],[101.91086208765556,3.1169601905720623],[101.91138029604613,3.1169601905720623],[101.91138029604613,3.1177451842830117],[101.910343879265,3.1181376813522914],[101.910343879265,3.1177451842830117],[101.90982567087445,3.1177451842830117],[101.90982567087445,3.1169601905720623],[101.91086208765556,3.116567693930356]],[[101.95335517568154,3.1169601905720623],[101.95387338407211,3.1177451842830117],[101.95283696729098,3.1181376813522914],[101.9523187589004,3.117352687356275],[101.95335517568154,3.1169601905720623]],[[101.87199645836351,3.105185353229802],[101.87199645836351,3.1047928608548743],[101.87251466675409,3.1047928608548743],[101.87251466675409,3.105185353229802],[101.87303287514463,3.105185353229802],[101.87303287514463,3.1059703384055672],[101.87096004158239,3.106755324149332],[101.87096004158239,3.1063628312064413],[101.87044183319183,3.1063628312064413],[101.87044183319183,3.105577845746694],[101.87096004158239,3.105577845746694],[101.87096004158239,3.105185353229802],[101.87199645836351,3.105185353229802]],[[101.87510570870688,3.1047928608548743],[101.87510570870688,3.1044003686218913],[101.876142125488,3.1044003686218913],[101.87666033387856,3.105185353229802],[101.87406929192576,3.1059703384055672],[101.8735510835352,3.105185353229802],[101.87406929192576,3.105185353229802],[101.87406929192576,3.1047928608548743],[101.87510570870688,3.1047928608548743]],[[101.89376121076707,3.091448204446602],[101.89324300237651,3.090663229752733],[101.89376121076707,3.090663229752733],[101.89427941915763,3.0898782556240407],[101.89376121076707,3.0898782556240407],[101.89376121076707,3.0890932820603836],[101.89324300237651,3.0890932820603836],[101.89324300237651,3.089485768771592],[101.89220658559539,3.089485768771592],[101.89220658559539,3.0898782556240407],[101.89272479398593,3.0898782556240407],[101.89220658559539,3.090663229752733],[101.89168837720482,3.090663229752733],[101.89168837720482,3.090270742617748],[101.89013375203314,3.090270742617748],[101.88909733525202,3.091448204446602],[101.88857912686146,3.091448204446602],[101.88857912686146,3.091055717029011],[101.88754271008034,3.091055717029011],[101.88754271008034,3.092233179705796],[101.8865062932992,3.0926256675474337],[101.8865062932992,3.092233179705796],[101.88546987651809,3.0918406920055244],[101.88546987651809,3.091448204446602],[101.88598808490866,3.091448204446602],[101.88598808490866,3.090663229752733],[101.88702450168978,3.090270742617748],[101.88702450168978,3.089485768771592],[101.88598808490866,3.0890932820603836],[101.88598808490866,3.0867383647581654],[101.8865062932992,3.0867383647581654],[101.8865062932992,3.0863458790351332],[101.88754271008034,3.0863458790351332],[101.88754271008034,3.0859533934531966],[101.88702450168978,3.0859533934531966],[101.88702450168978,3.0847759375537804],[101.8865062932992,3.0847759375537804],[101.88598808490866,3.0832059983288005],[101.88236062617473,3.0832059983288005],[101.88236062617473,3.0828135138749784],[101.88184241778417,3.0828135138749784],[101.88184241778417,3.0812435774688383],[101.88028779261248,3.0812435774688383],[101.88028779261248,3.0808510937195],[101.87821495905024,3.0812435774688383],[101.87821495905024,3.0808510937195],[101.87769675065968,3.0808510937195],[101.87821495905024,3.080066126643334],[101.87717854226912,3.0796736433164695],[101.87717854226912,3.078103711416713],[101.87769675065968,3.078103711416713],[101.87769675065968,3.0777112287936097],[101.87873316744081,3.0777112287936097],[101.87873316744081,3.0773187463112044],[101.87976958422193,3.076926263969477],[101.87976958422193,3.0761412997079933],[101.87925137583136,3.0761412997079933],[101.87873316744081,3.0753563360090106],[101.88080600100305,3.074571372872385],[101.88080600100305,3.0737864102979735],[101.87976958422193,3.073393929221552],[101.87976958422193,3.071824006320677],[101.88028779261248,3.071824006320677],[101.88028779261248,3.069861605854049],[101.88080600100305,3.069861605854049],[101.88080600100305,3.069469126181805],[101.88184241778417,3.069861605854049],[101.88184241778417,3.071824006320677],[101.88132420939361,3.071824006320677],[101.88132420939361,3.072216486835211],[101.88184241778417,3.072216486835211],[101.88184241778417,3.0730014482856305],[101.88236062617473,3.0730014482856305],[101.88287883456529,3.0737864102979735],[101.88391525134641,3.0737864102979735],[101.88391525134641,3.073393929221552],[101.88443345973697,3.073393929221552],[101.88443345973697,3.0737864102979735],[101.88495166812754,3.0737864102979735],[101.88495166812754,3.074963854370412],[101.88598808490866,3.074963854370412],[101.88598808490866,3.074571372872385],[101.88754271008034,3.074571372872385],[101.88754271008034,3.074963854370412],[101.89013375203314,3.074963854370412],[101.89117016881426,3.0737864102979735],[101.89220658559539,3.0737864102979735],[101.89220658559539,3.073393929221552],[101.89272479398593,3.073393929221552],[101.89272479398593,3.0730014482856305],[101.89324300237651,3.0730014482856305],[101.89479762754819,3.0714315259465708],[101.8958340443293,3.0714315259465708],[101.8958340443293,3.071039045712872],[101.897388669501,3.0702540856666296],[101.897388669501,3.070646565619565],[101.89790687789156,3.070646565619565],[101.89790687789156,3.0714315259465708],[101.897388669501,3.0714315259465708],[101.897388669501,3.071824006320677],[101.89635225271986,3.071824006320677],[101.89531583593875,3.0730014482856305],[101.89427941915763,3.0730014482856305],[101.89427941915763,3.073393929221552],[101.89376121076707,3.073393929221552],[101.89376121076707,3.0737864102979735],[101.89324300237651,3.0737864102979735],[101.89324300237651,3.0741788915149115],[101.89117016881426,3.0753563360090106],[101.89117016881426,3.076926263969477],[101.8906519604237,3.076926263969477],[101.8906519604237,3.0788886770850876],[101.89117016881426,3.0788886770850876],[101.89117016881426,3.0796736433164695],[101.89168837720482,3.0796736433164695],[101.89220658559539,3.080458610111005],[101.89376121076707,3.080458610111005],[101.89376121076707,3.0808510937195],[101.89531583593875,3.081636061359037],[101.89531583593875,3.0839909676593154],[101.89479762754819,3.0839909676593154],[101.89479762754819,3.085168422712538],[101.8958340443293,3.085168422712538],[101.8958340443293,3.085560908012338],[101.89687046111042,3.0859533934531966],[101.89635225271986,3.08752333662759],[101.89687046111042,3.08752333662759],[101.897388669501,3.0867383647581654],[101.8984250862821,3.0871308506223123],[101.89894329467268,3.089485768771592],[101.8999797114538,3.089485768771592],[101.8999797114538,3.0898782556240407],[101.90101612823491,3.090270742617748],[101.90101612823491,3.091055717029011],[101.90049791984436,3.091055717029011],[101.90049791984436,3.091448204446602],[101.90101612823491,3.091448204446602],[101.90101612823491,3.092233179705796],[101.90153433662547,3.092233179705796],[101.90153433662547,3.0926256675474337],[101.9025707534066,3.0926256675474337],[101.9025707534066,3.0930181555304563],[101.90308896179715,3.0930181555304563],[101.90308896179715,3.0938031319207293],[101.90412537857829,3.0938031319207293],[101.90464358696885,3.0930181555304563],[101.90568000374995,3.0934106436548823],[101.90619821214052,3.0926256675474337],[101.90723462892164,3.0926256675474337],[101.90723462892164,3.0930181555304563],[101.9077528373122,3.0930181555304563],[101.9077528373122,3.0926256675474337],[101.90827104570276,3.0926256675474337],[101.90827104570276,3.0930181555304563],[101.9093074624839,3.0930181555304563],[101.9093074624839,3.0926256675474337],[101.91189850443669,3.0926256675474337],[101.91241671282727,3.0918406920055244],[101.91345312960837,3.0918406920055244],[101.91397133799893,3.0926256675474337],[101.91656237995174,3.0926256675474337],[101.91656237995174,3.092233179705796],[101.91759879673285,3.092233179705796],[101.91759879673285,3.0918406920055244],[101.9181170051234,3.0918406920055244],[101.91863521351398,3.0926256675474337],[101.9181170051234,3.0926256675474337],[101.9181170051234,3.0930181555304563],[101.91604417156117,3.0941956203280165],[101.91604417156117,3.095765575371917],[101.91863521351398,3.095373086398692],[101.91863521351398,3.095765575371917],[101.91915342190454,3.095765575371917],[101.91915342190454,3.0973355326802916],[101.91863521351398,3.0973355326802916],[101.91863521351398,3.097728022361346],[101.9181170051234,3.097728022361346],[101.9181170051234,3.0973355326802916],[101.91656237995174,3.0973355326802916],[101.91656237995174,3.097728022361346],[101.91604417156117,3.097728022361346],[101.91552596317061,3.0969430431408407],[101.9144895463895,3.0973355326802916],[101.9144895463895,3.0969430431408407],[101.91345312960837,3.096550553742973],[101.91345312960837,3.095373086398692],[101.9129349212178,3.095373086398692],[101.9129349212178,3.095765575371917],[101.91189850443669,3.095765575371917],[101.91086208765556,3.0969430431408407],[101.90982567087445,3.0969430431408407],[101.9093074624839,3.097728022361346],[101.90827104570276,3.097728022361346],[101.90827104570276,3.0985130021483314],[101.9077528373122,3.0985130021483314],[101.9077528373122,3.1008679449096186],[101.90827104570276,3.1008679449096186],[101.90827104570276,3.1012604358659046],[101.90723462892164,3.1016529269639723],[101.90723462892164,3.102437909585531],[101.90878925409332,3.1032228927744367],[101.90878925409332,3.1044003686218913],[101.9093074624839,3.1044003686218913],[101.9093074624839,3.105185353229802],[101.90982567087445,3.105185353229802],[101.90982567087445,3.105577845746694],[101.90878925409332,3.1059703384055672],[101.90878925409332,3.105577845746694],[101.9077528373122,3.105185353229802],[101.9077528373122,3.1044003686218913],[101.90723462892164,3.1044003686218913],[101.90723462892164,3.104007876530837],[101.90671642053108,3.104007876530837],[101.90671642053108,3.1044003686218913],[101.90568000374995,3.1044003686218913],[101.90568000374995,3.104007876530837],[101.9051617953594,3.104007876530837],[101.9051617953594,3.1032228927744367],[101.90568000374995,3.1032228927744367],[101.90568000374995,3.102830401109056],[101.9051617953594,3.102830401109056],[101.9051617953594,3.1012604358659046],[101.90464358696885,3.1012604358659046],[101.90464358696885,3.0989054922543002],[101.90412537857829,3.0989054922543002],[101.9025707534066,3.1004754540950974],[101.90205254501603,3.1004754540950974],[101.90205254501603,3.1000829634223233],[101.90101612823491,3.1004754540950974],[101.90101612823491,3.1000829634223233],[101.89946150306324,3.0992979825019424],[101.90049791984436,3.097728022361346],[101.89894329467268,3.097728022361346],[101.89894329467268,3.09812051218402],[101.8984250862821,3.09812051218402],[101.8984250862821,3.0985130021483314],[101.89894329467268,3.0985130021483314],[101.8984250862821,3.0992979825019424],[101.89894329467268,3.0992979825019424],[101.89894329467268,3.0996904728912775],[101.89946150306324,3.0996904728912775],[101.89946150306324,3.1004754540950974],[101.89894329467268,3.1004754540950974],[101.89894329467268,3.1008679449096186],[101.8984250862821,3.1008679449096186],[101.8984250862821,3.1004754540950974],[101.897388669501,3.1004754540950974],[101.897388669501,3.1000829634223233],[101.8958340443293,3.0992979825019424],[101.8958340443293,3.0985130021483314],[101.89635225271986,3.0985130021483314],[101.89635225271986,3.09812051218402],[101.8958340443293,3.09812051218402],[101.89479762754819,3.0969430431408407],[101.89531583593875,3.0969430431408407],[101.89531583593875,3.096550553742973],[101.89790687789156,3.0969430431408407],[101.89790687789156,3.0961580644866706],[101.8984250862821,3.0961580644866706],[101.8984250862821,3.095373086398692],[101.89894329467268,3.095373086398692],[101.89894329467268,3.0949805975669786],[101.89790687789156,3.0949805975669786],[101.89790687789156,3.095373086398692],[101.897388669501,3.095373086398692],[101.897388669501,3.0949805975669786],[101.89687046111042,3.0949805975669786],[101.89687046111042,3.0938031319207293],[101.89635225271986,3.0938031319207293],[101.89635225271986,3.0926256675474337],[101.89531583593875,3.0926256675474337],[101.89531583593875,3.092233179705796],[101.89479762754819,3.092233179705796],[101.89479762754819,3.091055717029011],[101.89376121076707,3.091448204446602]],[[101.89531583593875,3.0930181555304563],[101.8958340443293,3.0930181555304563],[101.89531583593875,3.0938031319207293],[101.89427941915763,3.0934106436548823],[101.89376121076707,3.0961580644866706],[101.89324300237651,3.0961580644866706],[101.89272479398593,3.0969430431408407],[101.89168837720482,3.0969430431408407],[101.89168837720482,3.0973355326802916],[101.89117016881426,3.0973355326802916],[101.89117016881426,3.09812051218402],[101.89013375203314,3.0985130021483314],[101.89013375203314,3.09812051218402],[101.88961554364258,3.09812051218402],[101.88961554364258,3.0969430431408407],[101.89013375203314,3.0969430431408407],[101.89117016881426,3.095765575371917],[101.89220658559539,3.0961580644866706],[101.89220658559539,3.0949805975669786],[101.89272479398593,3.0949805975669786],[101.89324300237651,3.0930181555304563],[101.89376121076707,3.0930181555304563],[101.89376121076707,3.0926256675474337],[101.89427941915763,3.0926256675474337],[101.89427941915763,3.0930181555304563],[101.89531583593875,3.0926256675474337],[101.89531583593875,3.0930181555304563]],[[101.9025707534066,3.102830401109056],[101.9025707534066,3.102437909585531],[101.90360717018771,3.102437909585531],[101.90360717018771,3.102830401109056],[101.90412537857829,3.102830401109056],[101.90412537857829,3.1036153845816914],[101.90308896179715,3.104007876530837],[101.90308896179715,3.1036153845816914],[101.90205254501603,3.1032228927744367],[101.90205254501603,3.102830401109056],[101.9025707534066,3.102830401109056]],[[101.92018983868564,3.0941956203280165],[101.92018983868564,3.0938031319207293],[101.92070804707622,3.0938031319207293],[101.92122625546678,3.0945881088767604],[101.91967163029511,3.095373086398692],[101.91915342190454,3.0945881088767604],[101.92018983868564,3.0941956203280165]],[[101.87873316744081,3.071824006320677],[101.87925137583136,3.072608967490189],[101.87821495905024,3.0730014482856305],[101.87769675065968,3.072216486835211],[101.87873316744081,3.071824006320677]],[[101.88184241778417,3.067506729924994],[101.88184241778417,3.0678992088958283],[101.88236062617473,3.0678992088958283],[101.88236062617473,3.0686841672582514],[101.88132420939361,3.0690766466498784],[101.88132420939361,3.0686841672582514],[101.88080600100305,3.0686841672582514],[101.88080600100305,3.0678992088958283],[101.88184241778417,3.067506729924994]],[[101.87717854226912,3.0667217724039917],[101.87717854226912,3.067114251094388],[101.87769675065968,3.067114251094388],[101.87769675065968,3.0678992088958283],[101.87666033387856,3.0682916880069078],[101.87666033387856,3.0678992088958283],[101.876142125488,3.0678992088958283],[101.87666033387856,3.0663292938537863],[101.876142125488,3.0663292938537863],[101.876142125488,3.0651518590441413],[101.87562391709744,3.0651518590441413],[101.87562391709744,3.0647593810545226],[101.876142125488,3.0647593810545226],[101.876142125488,3.064366903205005],[101.87717854226912,3.0647593810545226],[101.87717854226912,3.0639744254955708],[101.87666033387856,3.0639744254955708],[101.87717854226912,3.06318947049688],[101.876142125488,3.062796993207586],[101.87562391709744,3.0612270854503416],[101.87458750031632,3.0612270854503416],[101.87458750031632,3.060834608860922],[101.87406929192576,3.060834608860922],[101.87406929192576,3.0600496561018264],[101.8735510835352,3.0600496561018264],[101.8735510835352,3.059657179932115],[101.87458750031632,3.0592647039022687],[101.87458750031632,3.058479752262103],[101.87510570870688,3.058479752262103],[101.87510570870688,3.0573023258504],[101.87458750031632,3.0573023258504],[101.87510570870688,3.0565173756080837],[101.876142125488,3.0565173756080837],[101.876142125488,3.0569098506593724],[101.87769675065968,3.0576948011811855],[101.87769675065968,3.058087276651747],[101.87717854226912,3.058087276651747],[101.87717854226912,3.0592647039022687],[101.87666033387856,3.0592647039022687],[101.87562391709744,3.0604421324114233],[101.87821495905024,3.0612270854503416],[101.87769675065968,3.062796993207586],[101.87873316744081,3.062796993207586],[101.87873316744081,3.06318947049688],[101.87925137583136,3.06318947049688],[101.87925137583136,3.0639744254955708],[101.87976958422193,3.0639744254955708],[101.87976958422193,3.0651518590441413],[101.87925137583136,3.0651518590441413],[101.87925137583136,3.065544337173879],[101.87821495905024,3.065544337173879],[101.87925137583136,3.0667217724039917],[101.87873316744081,3.0667217724039917],[101.87873316744081,3.067114251094388],[101.87821495905024,3.067114251094388],[101.87821495905024,3.0667217724039917],[101.87717854226912,3.0667217724039917]],[[101.87925137583136,3.065936815443755],[101.88028779261248,3.065544337173879],[101.88080600100305,3.0663292938537863],[101.87976958422193,3.0667217724039917],[101.87925137583136,3.065936815443755]],[[101.87303287514463,3.0576948011811855],[101.8735510835352,3.058479752262103],[101.87251466675409,3.0588722280122704],[101.87199645836351,3.058087276651747],[101.87303287514463,3.0576948011811855]],[[101.86474154089566,3.054947476799966],[101.86525974928622,3.0557324259246537],[101.86422333250512,3.056124900696517],[101.86370512411455,3.0553399512924764],[101.86474154089566,3.054947476799966]],[[101.86785079123902,3.053770054160259],[101.8683689996296,3.0545550024471058],[101.86733258284848,3.054947476799966],[101.86681437445792,3.0541625282338756],[101.86785079123902,3.053770054160259]],[[101.90723462892164,2.950946602170232],[101.90723462892164,2.950554164187498],[101.9077528373122,2.950554164187498],[101.90878925409332,2.9517314785403017],[101.9077528373122,2.9521239169276736],[101.9077528373122,2.9517314785403017],[101.90671642053108,2.9513390402878277],[101.90671642053108,2.950946602170232],[101.90723462892164,2.950946602170232]]],[[[101.89376121076707,3.073393929221552],[101.89376121076707,3.0730014482856305],[101.89324300237651,3.0730014482856305],[101.89324300237651,3.073393929221552],[101.89376121076707,3.073393929221552]]],[[[101.88080600100305,3.074963854370412],[101.88028779261248,3.074963854370412],[101.88028779261248,3.0753563360090106],[101.88080600100305,3.0753563360090106],[101.88080600100305,3.074963854370412]]],[[[101.8906519604237,3.0890932820603836],[101.89013375203314,3.0890932820603836],[101.89013375203314,3.089485768771592],[101.8906519604237,3.089485768771592],[101.8906519604237,3.0890932820603836]]],[[[101.88961554364258,3.090663229752733],[101.88961554364258,3.090270742617748],[101.88909733525202,3.090270742617748],[101.88909733525202,3.090663229752733],[101.88961554364258,3.090663229752733]]],[[[101.89479762754819,3.090270742617748],[101.89427941915763,3.090270742617748],[101.89427941915763,3.090663229752733],[101.89479762754819,3.090663229752733],[101.89479762754819,3.090270742617748]]],[[[101.89790687789156,3.09812051218402],[101.897388669501,3.09812051218402],[101.897388669501,3.0985130021483314],[101.89790687789156,3.0985130021483314],[101.89790687789156,3.09812051218402]]],[[[101.897388669501,3.0989054922543002],[101.897388669501,3.0992979825019424],[101.89790687789156,3.0992979825019424],[101.89790687789156,3.0989054922543002],[101.897388669501,3.0989054922543002]]],[[[101.8984250862821,3.0996904728912775],[101.8984250862821,3.0992979825019424],[101.89790687789156,3.0992979825019424],[101.89790687789156,3.0996904728912775],[101.8984250862821,3.0996904728912775]]],[[[101.88857912686146,3.1020454182038417],[101.88835520331426,3.1020454182038417],[101.88857912686146,3.102093767674462],[101.88857912686146,3.1020454182038417]]],[[[101.88475279999999,3.1586364965075853],[101.88603759999998,3.157294796509044],[101.88629779999998,3.1562047965102216],[101.88500229999998,3.1561806965102357],[101.88475279999999,3.1586364965075853]]]]},"properties":{"place_id":"e5cc1373-8b00-5838-bb11-0cf3d324ac6c","habitat":"forest_interior","habitat_label":"Forest interior","resolution_m":50}},{"type":"Feature","geometry":{"type":"MultiPolygon","coordinates":[[[[101.86163229055231,3.0520661375972047],[101.86266870733343,3.0522001592615644],[101.86266870733343,3.0521757321282434],[101.86163229055231,3.0520661375972047]]],[[[101.86370512411455,3.0529851064317937],[101.86474154089566,3.0533775802262384],[101.86474154089566,3.0529851064317937],[101.86733258284848,3.052838427744313],[101.86370512411455,3.052285326670162],[101.86370512411455,3.0529851064317937]]],[[[101.8683689996296,3.0529851064317937],[101.8688477050757,3.0529851064317937],[101.8683689996296,3.052938763048762],[101.8683689996296,3.0529851064317937]]],[[[101.86215049894287,3.0525926327769084],[101.86111408216175,3.0520113403357647],[101.85955945699007,3.0522001592615644],[101.85955945699007,3.051846948567763],[101.85904124859951,3.0518076858857426],[101.85800483181838,3.0529851064317937],[101.86111408216175,3.0541625282338756],[101.86111408216175,3.053770054160259],[101.86163229055231,3.053770054160259],[101.86163229055231,3.0529851064317937],[101.86215049894287,3.0529851064317937],[101.86215049894287,3.0525926327769084]],[[101.86111408216175,3.0529851064317937],[101.86059587377117,3.0529851064317937],[101.86059587377117,3.0525926327769084],[101.86111408216175,3.0525926327769084],[101.86111408216175,3.0529851064317937]]],[[[101.84460009999997,3.0535814966212778],[101.841940371711,3.0545550024471058],[101.841940371711,3.054947476799966],[101.84245858010158,3.054947476799966],[101.84245858010158,3.0553399512924764],[101.84349499688268,3.0553399512924764],[101.84401320527324,3.0545550024471058],[101.84504962205438,3.0545550024471058],[101.84504962205438,3.054947476799966],[101.84556783044492,3.054947476799966],[101.84556783044492,3.0545550024471058],[101.84660424722605,3.0545550024471058],[101.84712245561661,3.053770054160259],[101.84764066400717,3.053770054160259],[101.84764066400717,3.0541625282338756],[101.84815887239772,3.0541625282338756],[101.84815887239772,3.053770054160259],[101.85023170595997,3.0541625282338756],[101.85023170595997,3.053770054160259],[101.85126812274109,3.0533775802262384],[101.85126812274109,3.0525926327769084],[101.85282274791277,3.0525926327769084],[101.85282274791277,3.0529851064317937],[101.85334095630333,3.0529851064317937],[101.85334095630333,3.0525926327769084],[101.85489558147502,3.0525926327769084],[101.85489558147502,3.0522001592615644],[101.85541378986557,3.0522001592615644],[101.85541378986557,3.0525926327769084],[101.85748662342782,3.053770054160259],[101.85748662342782,3.0533775802262384],[101.85800483181838,3.0533775802262384],[101.85800483181838,3.0529851064317937],[101.85748662342782,3.0529851064317937],[101.85800483181838,3.0522001592615644],[101.8564502066467,3.051630081958189],[101.8541418,3.051691796623315],[101.85074991435053,3.0523772932058058],[101.85023170595997,3.0529851064317937],[101.84971349756943,3.0529851064317937],[101.8496843993332,3.0525926327769084],[101.84919528917885,3.0529851064317937],[101.84660424722605,3.0531996713559217],[101.84660424722605,3.053770054160259],[101.84556783044492,3.053770054160259],[101.84556783044492,3.0533971269491373],[101.84460009999997,3.0535814966212778]],[[101.8564502066467,3.0525926327769084],[101.85696841503727,3.0525926327769084],[101.85696841503727,3.0529851064317937],[101.8564502066467,3.0529851064317937],[101.8564502066467,3.0525926327769084]],[[101.84556783044492,3.0541625282338756],[101.84504962205438,3.0541625282338756],[101.84504962205438,3.053770054160259],[101.84556783044492,3.053770054160259],[101.84556783044492,3.0541625282338756]]],[[[101.86733258284848,3.053770054160259],[101.86681437445792,3.0545550024471058],[101.86785079123902,3.054947476799966],[101.8683689996296,3.0541625282338756],[101.86733258284848,3.053770054160259]]],[[[101.86422333250512,3.054947476799966],[101.86370512411455,3.0557324259246537],[101.86474154089566,3.056124900696517],[101.86525974928622,3.0553399512924764],[101.86422333250512,3.054947476799966]]],[[[101.8341672458526,3.0569098506593724],[101.8341672458526,3.056800401631644],[101.83382077169323,3.0569098506593724],[101.8341672458526,3.0569098506593724]]],[[[101.83364903746202,3.0573023258504],[101.8335468,3.0569963966175755],[101.8335161628431,3.0573023258504],[101.83364903746202,3.0573023258504]]],[[[101.83831291297707,3.0576948011811855],[101.83831291297707,3.0569098506593724],[101.83883112136763,3.0569098506593724],[101.83883112136763,3.0565173756080837],[101.84090395492987,3.0553399512924764],[101.84090395492987,3.054801453722343],[101.83727649619597,3.056124900696517],[101.83727649619597,3.0569098506593724],[101.8367582878054,3.0569098506593724],[101.8367582878054,3.0576948011811855],[101.83624007941484,3.0576948011811855],[101.83624007941484,3.058479752262103],[101.83572187102426,3.058479752262103],[101.83572187102426,3.059657179932115],[101.83624007941484,3.059657179932115],[101.83624007941484,3.0600496561018264],[101.83572187102426,3.0600496561018264],[101.83572187102426,3.060834608860922],[101.83624007941484,3.060834608860922],[101.83624007941484,3.0612270854503416],[101.83727649619597,3.060834608860922],[101.83727649619597,3.059657179932115],[101.83779470458653,3.059657179932115],[101.83779470458653,3.0576948011811855],[101.83831291297707,3.0576948011811855]]],[[[101.83624007941484,3.062796993207586],[101.8367582878054,3.062012039049014],[101.83624007941484,3.062012039049014],[101.83624007941484,3.061619562179699],[101.83520366263373,3.061619562179699],[101.83520366263373,3.062012039049014],[101.83468545424316,3.062012039049014],[101.83468545424316,3.0624045160583044],[101.83520366263373,3.0624045160583044],[101.83488024035276,3.06318947049688],[101.83520366263373,3.0639744254955708],[101.83624007941484,3.0635819479262016],[101.83624007941484,3.06318947049688],[101.83572187102426,3.06318947049688],[101.83572187102426,3.062796993207586],[101.83624007941484,3.062796993207586]]],[[[101.83572187102426,3.080066126643334],[101.83572187102426,3.0788886770850876],[101.83520366263373,3.0788886770850876],[101.83572187102426,3.078103711416713],[101.83520366263373,3.078103711416713],[101.8349986280793,3.0773187463112044],[101.8349645992213,3.08752333662759],[101.83520366263373,3.0828135138749784],[101.83572187102426,3.0828135138749784],[101.83572187102426,3.082421029562089],[101.83520366263373,3.082421029562089],[101.83520366263373,3.080066126643334],[101.83572187102426,3.080066126643334]]],[[[101.83520366263373,3.0898782556240407],[101.8349528200012,3.091055717029011],[101.83520366263373,3.091055717029011],[101.83520366263373,3.0898782556240407]]],[[[101.83883112136763,3.0949805975669786],[101.83883112136763,3.095765575371917],[101.83779470458653,3.0962822267052776],[101.83869571590522,3.097728022361346],[101.8398768,3.0978464965733448],[101.8401646,3.1003373965706538],[101.8412091019602,3.0996904728912775],[101.84090395492987,3.0985130021483314],[101.84038574653931,3.0985130021483314],[101.84090395492987,3.097728022361346],[101.84245858010158,3.0985130021483314],[101.84245858010158,3.0989054922543002],[101.841940371711,3.0989054922543002],[101.84128018827035,3.0996904728912775],[101.84245858010158,3.0996904728912775],[101.84273869999997,3.1000318965709757],[101.84310879999998,3.099255196571814],[101.84363990000001,3.0994266965716366],[101.8437391,3.0981785965729975],[101.84252139999998,3.09725189657396],[101.84401320527324,3.0973355326802916],[101.84556783044492,3.0979271761130485],[101.84504962205438,3.0973355326802916],[101.84453141366382,3.0973355326802916],[101.84453141366382,3.0961580644866706],[101.84401320527324,3.0961580644866706],[101.84401320527324,3.095765575371917],[101.84297678849211,3.0961580644866706],[101.84297678849211,3.0949805975669786],[101.84245858010158,3.0949805975669786],[101.84245858010158,3.0945881088767604],[101.84297678849211,3.0945881088767604],[101.84297678849211,3.0934106436548823],[101.84245858010158,3.0934106436548823],[101.84245858010158,3.0930181555304563],[101.84142216332044,3.0934106436548823],[101.84142216332044,3.0945881088767604],[101.84038574653931,3.0941956203280165],[101.84038574653931,3.0945881088767604],[101.8393493297582,3.0945881088767604],[101.8393493297582,3.0949805975669786],[101.83883112136763,3.0949805975669786]],[[101.84142216332044,3.0973355326802916],[101.841940371711,3.0973355326802916],[101.841940371711,3.097728022361346],[101.84142216332044,3.097728022361346],[101.84142216332044,3.0973355326802916]],[[101.84245858010158,3.09812051218402],[101.84297678849211,3.09812051218402],[101.84297678849211,3.0985130021483314],[101.84245858010158,3.0985130021483314],[101.84245858010158,3.09812051218402]],[[101.841940371711,3.0945881088767604],[101.841940371711,3.0949805975669786],[101.84142216332044,3.0949805975669786],[101.84142216332044,3.0945881088767604],[101.841940371711,3.0945881088767604]],[[101.84142216332044,3.095373086398692],[101.84090395492987,3.095373086398692],[101.84090395492987,3.0949805975669786],[101.84142216332044,3.0949805975669786],[101.84142216332044,3.095373086398692]],[[101.84142216332044,3.096550553742973],[101.84090395492987,3.096550553742973],[101.84090395492987,3.0969430431408407],[101.8393493297582,3.0969430431408407],[101.84038574653931,3.095765575371917],[101.84142216332044,3.095765575371917],[101.84142216332044,3.096550553742973]]],[[[101.86629616606736,3.1036153845816914],[101.86681437445792,3.1045340887012505],[101.86733258284848,3.1044003686218913],[101.86733258284848,3.104007876530837],[101.86629616606736,3.1036153845816914]]],[[[101.86733258284848,3.1063628312064413],[101.8672246,3.1059990965645077],[101.86697702193678,3.1063628312064413],[101.86733258284848,3.1063628312064413]]],[[[101.86681437445792,3.106755324149332],[101.86681437445792,3.1066017883181956],[101.86670986946474,3.106755324149332],[101.86681437445792,3.106755324149332]]],[[[101.86629616606736,3.1079328038302956],[101.86629616606736,3.107540310461242],[101.86617556452067,3.107540310461242],[101.86591569999999,3.1079220965624237],[101.86629616606736,3.1079328038302956]]],[[[101.86612458833896,3.10832529734144],[101.86629616606736,3.1086564804870953],[101.86629616606736,3.10832529734144],[101.86612458833896,3.10832529734144]]],[[[101.86629616606736,3.1169601905720623],[101.86629616606736,3.1169436271968567],[101.86625171363173,3.1169601905720623],[101.86629616606736,3.1169601905720623]]],[[[101.86681437445792,3.1177451842830117],[101.86629616606736,3.1177451842830117],[101.86608312525016,3.117352687356275],[101.8662751,3.1178664965516605],[101.86681437445792,3.1177451842830117]]],[[[101.8670220893315,3.1479678770728112],[101.86733258284848,3.1477770229635595],[101.86725139999999,3.147736496519365],[101.8670220893315,3.1479678770728112]]],[[[101.86629616606736,3.1480938979264868],[101.86681437445792,3.1483603851721793],[101.86681437445792,3.14817746693892],[101.86629616606736,3.1480938979264868]]],[[[101.86422333250512,3.15071543679204],[101.86422333250512,3.1511079458994615],[101.86474154089566,3.1511079458994615],[101.86525974928622,3.15032292782868],[101.86422333250512,3.15071543679204]]],[[[101.86733258284848,3.164845855558818],[101.86733258284848,3.1652383698645203],[101.86629616606736,3.1656425743802843],[101.8683689996296,3.1656308843149534],[101.8683689996296,3.1652383698645203],[101.86733258284848,3.164845855558818]]],[[[101.87406929192576,3.053770054160259],[101.87458750031632,3.053770054160259],[101.87458750031632,3.053474882301135],[101.87406929192576,3.0534638205829228],[101.87406929192576,3.053770054160259]]],[[[101.876142125488,3.053508067456435],[101.87666033387856,3.053770054160259],[101.87666033387856,3.0535191291750894],[101.876142125488,3.053508067456435]]],[[[101.88132420939361,3.0536186846479763],[101.88236062617473,3.053770054160259],[101.88236062617473,3.0536408080876156],[101.88132420939361,3.0536186846479763]]],[[[101.88339704295585,3.05361460698878],[101.88391525134641,3.053770054160259],[101.88391525134641,3.05356715114154],[101.88339704295585,3.05361460698878]]],[[[101.87873316744081,3.053770054160259],[101.87717854226912,3.053770054160259],[101.87717854226912,3.0541625282338756],[101.87821495905024,3.0545550024471058],[101.87873316744081,3.053770054160259]]],[[[101.86940541641071,3.0533775802262384],[101.87147824997297,3.0533775802262384],[101.87147824997297,3.053770054160259],[101.87096004158239,3.053770054160259],[101.87096004158239,3.054947476799966],[101.87044183319183,3.054947476799966],[101.87096004158239,3.0557324259246537],[101.87251466675409,3.054947476799966],[101.87251466675409,3.056124900696517],[101.87303287514463,3.056124900696517],[101.87303287514463,3.0565173756080837],[101.87406929192576,3.056124900696517],[101.87406929192576,3.0553399512924764],[101.8735510835352,3.0553399512924764],[101.8735510835352,3.0534212411594157],[101.86940541641071,3.0530390983623312],[101.86940541641071,3.0533775802262384]]],[[[101.87251466675409,3.058087276651747],[101.87199645836351,3.058087276651747],[101.87199645836351,3.058479752262103],[101.87303287514463,3.0588722280122704],[101.8735510835352,3.058087276651747],[101.87303287514463,3.058087276651747],[101.87303287514463,3.0576948011811855],[101.87251466675409,3.0576948011811855],[101.87251466675409,3.058087276651747]]],[[[101.87666033387856,3.0592647039022687],[101.87717854226912,3.0592647039022687],[101.87717854226912,3.058087276651747],[101.87769675065968,3.058087276651747],[101.87769675065968,3.0576948011811855],[101.87717854226912,3.0576948011811855],[101.876142125488,3.0565173756080837],[101.87510570870688,3.0565173756080837],[101.87510570870688,3.0569098506593724],[101.87458750031632,3.0569098506593724],[101.87458750031632,3.0573023258504],[101.87510570870688,3.0573023258504],[101.87510570870688,3.058479752262103],[101.87458750031632,3.058479752262103],[101.87458750031632,3.0592647039022687],[101.8735510835352,3.059657179932115],[101.8735510835352,3.0600496561018264],[101.87406929192576,3.0600496561018264],[101.87406929192576,3.060834608860922],[101.87458750031632,3.060834608860922],[101.87458750031632,3.0612270854503416],[101.87562391709744,3.0612270854503416],[101.87562391709744,3.060834608860922],[101.876142125488,3.060834608860922],[101.87562391709744,3.0600496561018264],[101.876142125488,3.0600496561018264],[101.87666033387856,3.0592647039022687]],[[101.87510570870688,3.0600496561018264],[101.87458750031632,3.0600496561018264],[101.87458750031632,3.059657179932115],[101.87510570870688,3.059657179932115],[101.87510570870688,3.0600496561018264]],[[101.87666033387856,3.058087276651747],[101.876142125488,3.058087276651747],[101.876142125488,3.0576948011811855],[101.87666033387856,3.0576948011811855],[101.87666033387856,3.058087276651747]]],[[[101.87717854226912,3.062796993207586],[101.87769675065968,3.062796993207586],[101.87821495905024,3.0612270854503416],[101.87769675065968,3.0612270854503416],[101.87769675065968,3.060834608860922],[101.876142125488,3.060834608860922],[101.876142125488,3.0612270854503416],[101.87562391709744,3.0612270854503416],[101.87562391709744,3.062012039049014],[101.876142125488,3.062012039049014],[101.876142125488,3.062796993207586],[101.87666033387856,3.062796993207586],[101.87666033387856,3.06318947049688],[101.87717854226912,3.06318947049688],[101.87717854226912,3.062796993207586]]],[[[101.87976958422193,3.0651518590441413],[101.87925137583136,3.06318947049688],[101.87873316744081,3.06318947049688],[101.87873316744081,3.062796993207586],[101.87769675065968,3.062796993207586],[101.87769675065968,3.06318947049688],[101.87666033387856,3.0635819479262016],[101.87666033387856,3.0639744254955708],[101.87717854226912,3.0639744254955708],[101.87717854226912,3.0647593810545226],[101.87666033387856,3.0647593810545226],[101.87666033387856,3.064366903205005],[101.87562391709744,3.0647593810545226],[101.87562391709744,3.0651518590441413],[101.876142125488,3.0651518590441413],[101.876142125488,3.0663292938537863],[101.87666033387856,3.0663292938537863],[101.87666033387856,3.067114251094388],[101.876142125488,3.067114251094388],[101.876142125488,3.0678992088958283],[101.87666033387856,3.0678992088958283],[101.87666033387856,3.0682916880069078],[101.87769675065968,3.0678992088958283],[101.87769675065968,3.067114251094388],[101.87717854226912,3.067114251094388],[101.87717854226912,3.0667217724039917],[101.87821495905024,3.0667217724039917],[101.87821495905024,3.067114251094388],[101.87925137583136,3.0667217724039917],[101.87821495905024,3.065544337173879],[101.87925137583136,3.065544337173879],[101.87925137583136,3.0651518590441413],[101.87976958422193,3.0651518590441413]],[[101.87821495905024,3.0647593810545226],[101.87821495905024,3.0639744254955708],[101.87873316744081,3.0639744254955708],[101.87873316744081,3.0647593810545226],[101.87821495905024,3.0647593810545226]],[[101.87769675065968,3.0639744254955708],[101.87769675065968,3.0635819479262016],[101.87821495905024,3.0635819479262016],[101.87821495905024,3.0639744254955708],[101.87769675065968,3.0639744254955708]]],[[[101.87976958422193,3.065936815443755],[101.87925137583136,3.065936815443755],[101.87925137583136,3.0663292938537863],[101.88028779261248,3.0667217724039917],[101.88080600100305,3.065936815443755],[101.88028779261248,3.065936815443755],[101.88028779261248,3.065544337173879],[101.87976958422193,3.065544337173879],[101.87976958422193,3.065936815443755]]],[[[101.88132420939361,3.0678992088958283],[101.88080600100305,3.0678992088958283],[101.88080600100305,3.0686841672582514],[101.88184241778417,3.0690766466498784],[101.88184241778417,3.0686841672582514],[101.88236062617473,3.0686841672582514],[101.88236062617473,3.0678992088958283],[101.88184241778417,3.0678992088958283],[101.88184241778417,3.067506729924994],[101.88132420939361,3.067506729924994],[101.88132420939361,3.0678992088958283]]],[[[101.87821495905024,3.071824006320677],[101.87769675065968,3.072608967490189],[101.87873316744081,3.0730014482856305],[101.87925137583136,3.072216486835211],[101.87821495905024,3.071824006320677]]],[[[101.88184241778417,3.104007876530837],[101.88184241778417,3.1036153845816914],[101.88287883456529,3.1032228927744367],[101.88236062617473,3.102437909585531],[101.88184241778417,3.102437909585531],[101.88132420939361,3.1032228927744367],[101.87925137583136,3.1032228927744367],[101.87925137583136,3.1036153845816914],[101.87821495905024,3.1036153845816914],[101.87769675065968,3.1044003686218913],[101.87821495905024,3.1044003686218913],[101.87873316744081,3.105185353229802],[101.87976958422193,3.105185353229802],[101.88080600100305,3.104007876530837],[101.88184241778417,3.104007876530837]],[[101.87976958422193,3.1044003686218913],[101.87925137583136,3.1044003686218913],[101.87925137583136,3.104007876530837],[101.87976958422193,3.104007876530837],[101.87976958422193,3.1044003686218913]]],[[[101.876142125488,3.1047928608548743],[101.876142125488,3.1044003686218913],[101.87510570870688,3.1044003686218913],[101.87510570870688,3.1047928608548743],[101.87406929192576,3.1047928608548743],[101.8735510835352,3.105577845746694],[101.87406929192576,3.105577845746694],[101.87406929192576,3.1059703384055672],[101.87458750031632,3.1059703384055672],[101.87458750031632,3.105577845746694],[101.876142125488,3.105577845746694],[101.876142125488,3.105185353229802],[101.87666033387856,3.105185353229802],[101.87666033387856,3.1047928608548743],[101.876142125488,3.1047928608548743]]],[[[101.87251466675409,3.105185353229802],[101.87251466675409,3.1047928608548743],[101.87199645836351,3.1047928608548743],[101.87199645836351,3.105185353229802],[101.87096004158239,3.105185353229802],[101.87096004158239,3.105577845746694],[101.87044183319183,3.105577845746694],[101.87044183319183,3.1063628312064413],[101.87096004158239,3.1063628312064413],[101.87096004158239,3.106755324149332],[101.87147824997297,3.106755324149332],[101.87147824997297,3.1063628312064413],[101.87251466675409,3.1063628312064413],[101.87251466675409,3.1059703384055672],[101.87303287514463,3.1059703384055672],[101.87303287514463,3.105185353229802],[101.87251466675409,3.105185353229802]]],[[[101.869105460847,3.119707671055196],[101.86910749999998,3.1197331965496695],[101.86920724076434,3.119707671055196],[101.869105460847,3.119707671055196]]],[[[101.8742810391092,3.1263801527665014],[101.8742627,3.1263644965424806],[101.87425129714615,3.1263801527665014],[101.8742810391092,3.1263801527665014]]],[[[101.87166337128535,3.1267726529762907],[101.87247100000002,3.126717996542114],[101.8716556,3.1267233965420917],[101.87166337128535,3.1267726529762907]]],[[[101.87406929192576,3.1267726529762907],[101.87406929192576,3.12663004765146],[101.87396542861998,3.1267726529762907],[101.87406929192576,3.1267726529762907]]],[[[101.8735510835352,3.1271651533290394],[101.87303287514463,3.1268736157421313],[101.87303287514463,3.1271651533290394],[101.8735510835352,3.1271651533290394]]],[[[101.88028779261248,3.1511079458994615],[101.88028779261248,3.151461600645323],[101.88057845581616,3.1511079458994615],[101.88028779261248,3.1511079458994615]]],[[[101.87976958422193,3.1515004551509618],[101.8799597,3.1518607965148977],[101.88025585871891,3.1515004551509618],[101.87976958422193,3.1515004551509618]]],[[[101.88391525134641,3.1542480239472335],[101.88440768986781,3.1542480239472335],[101.88391525134641,3.154110220816782],[101.88391525134641,3.1542480239472335]]],[[[101.88443345973697,3.1542793863856167],[101.88447119999998,3.154265796512308],[101.88443345973697,3.1542552353426268],[101.88443345973697,3.1542793863856167]]],[[[101.9077528373122,2.950554164187498],[101.90723462892164,2.950554164187498],[101.90671642053108,2.9513390402878277],[101.90827104570276,2.9521239169276736],[101.90878925409332,2.9513390402878277],[101.90827104570276,2.9513390402878277],[101.9077528373122,2.950554164187498]]],[[[101.91604417156117,2.9513390402878277],[101.91604417156117,2.9517314785403017],[101.91552596317061,2.9517314785403017],[101.91552596317061,2.9544785500857524],[101.91656237995174,2.9548709894179086],[101.91656237995174,2.9544785500857524],[101.9170805883423,2.9544785500857524],[101.9170805883423,2.952957949850671],[101.91656237995174,2.9513390402878277],[101.91604417156117,2.9513390402878277]]],[[[101.89479762754819,3.03571639738311],[101.89479762754819,3.035593012351747],[101.89457764804408,3.03571639738311],[101.89479762754819,3.03571639738311]]],[[[101.89427941915763,3.035883634215468],[101.894229,3.035911896640407],[101.89427941915763,3.0360195567380894],[101.89427941915763,3.035883634215468]]],[[[101.8958340443293,3.072216486835211],[101.89790687789156,3.0714315259465708],[101.89790687789156,3.070646565619565],[101.897388669501,3.070646565619565],[101.897388669501,3.0702540856666296],[101.89687046111042,3.0702540856666296],[101.8958340443293,3.0714315259465708],[101.89479762754819,3.0714315259465708],[101.89324300237651,3.0730014482856305],[101.89427941915763,3.073393929221552],[101.89427941915763,3.0730014482856305],[101.89531583593875,3.0730014482856305],[101.8958340443293,3.072216486835211]]],[[[101.90049791984436,3.097728022361346],[101.89946150306324,3.0992979825019424],[101.8999797114538,3.0992979825019424],[101.90101612823491,3.1004754540950974],[101.90153433662547,3.1004754540950974],[101.90153433662547,3.1000829634223233],[101.9025707534066,3.1004754540950974],[101.9025707534066,3.1000829634223233],[101.90464358696885,3.0989054922543002],[101.90464358696885,3.1012604358659046],[101.9051617953594,3.1012604358659046],[101.9051617953594,3.102830401109056],[101.90568000374995,3.102830401109056],[101.90568000374995,3.1032228927744367],[101.9051617953594,3.1032228927744367],[101.9051617953594,3.104007876530837],[101.90568000374995,3.104007876530837],[101.90568000374995,3.1044003686218913],[101.90671642053108,3.1044003686218913],[101.90671642053108,3.104007876530837],[101.90723462892164,3.104007876530837],[101.90723462892164,3.1044003686218913],[101.9077528373122,3.1044003686218913],[101.9077528373122,3.105185353229802],[101.9093074624839,3.1059703384055672],[101.90982567087445,3.105185353229802],[101.9093074624839,3.105185353229802],[101.9093074624839,3.1044003686218913],[101.90878925409332,3.1044003686218913],[101.90878925409332,3.1032228927744367],[101.90723462892164,3.102437909585531],[101.90723462892164,3.1016529269639723],[101.90827104570276,3.1012604358659046],[101.90827104570276,3.1008679449096186],[101.9077528373122,3.1008679449096186],[101.9077528373122,3.0985130021483314],[101.90827104570276,3.0985130021483314],[101.90827104570276,3.097728022361346],[101.9093074624839,3.097728022361346],[101.90982567087445,3.0969430431408407],[101.91086208765556,3.0969430431408407],[101.91086208765556,3.096550553742973],[101.91138029604613,3.096550553742973],[101.91189850443669,3.095765575371917],[101.9129349212178,3.095765575371917],[101.9129349212178,3.095373086398692],[101.91345312960837,3.095373086398692],[101.91345312960837,3.096550553742973],[101.91397133799893,3.096550553742973],[101.9144895463895,3.0973355326802916],[101.91552596317061,3.0969430431408407],[101.91604417156117,3.097728022361346],[101.91656237995174,3.097728022361346],[101.91656237995174,3.0973355326802916],[101.9181170051234,3.0973355326802916],[101.9181170051234,3.097728022361346],[101.91863521351398,3.097728022361346],[101.91863521351398,3.0973355326802916],[101.91915342190454,3.0973355326802916],[101.91915342190454,3.095765575371917],[101.91863521351398,3.095765575371917],[101.91863521351398,3.095373086398692],[101.91604417156117,3.095765575371917],[101.91604417156117,3.0941956203280165],[101.91656237995174,3.0941956203280165],[101.91656237995174,3.0938031319207293],[101.9170805883423,3.0938031319207293],[101.91863521351398,3.092233179705796],[101.91759879673285,3.0918406920055244],[101.91759879673285,3.092233179705796],[101.91656237995174,3.092233179705796],[101.91656237995174,3.0926256675474337],[101.91397133799893,3.0926256675474337],[101.91345312960837,3.0918406920055244],[101.91241671282727,3.0918406920055244],[101.91189850443669,3.0926256675474337],[101.9093074624839,3.0926256675474337],[101.9093074624839,3.0930181555304563],[101.90827104570276,3.0930181555304563],[101.90827104570276,3.0926256675474337],[101.9077528373122,3.0926256675474337],[101.9077528373122,3.0930181555304563],[101.90723462892164,3.0930181555304563],[101.90723462892164,3.0926256675474337],[101.90619821214052,3.0926256675474337],[101.90568000374995,3.0934106436548823],[101.90464358696885,3.0930181555304563],[101.90412537857829,3.0938031319207293],[101.90308896179715,3.0938031319207293],[101.90308896179715,3.0930181555304563],[101.9025707534066,3.0930181555304563],[101.9025707534066,3.0926256675474337],[101.90153433662547,3.0926256675474337],[101.90153433662547,3.092233179705796],[101.90101612823491,3.092233179705796],[101.90101612823491,3.091448204446602],[101.90049791984436,3.091448204446602],[101.90049791984436,3.091055717029011],[101.90101612823491,3.091055717029011],[101.90101612823491,3.090270742617748],[101.90049791984436,3.090270742617748],[101.8999797114538,3.089485768771592],[101.89894329467268,3.089485768771592],[101.8984250862821,3.0871308506223123],[101.897388669501,3.0867383647581654],[101.897388669501,3.0871308506223123],[101.89635225271986,3.08752333662759],[101.89687046111042,3.0859533934531966],[101.89635225271986,3.0859533934531966],[101.8958340443293,3.085168422712538],[101.89479762754819,3.085168422712538],[101.89479762754819,3.0839909676593154],[101.89531583593875,3.0839909676593154],[101.89531583593875,3.081636061359037],[101.89479762754819,3.081636061359037],[101.89376121076707,3.080458610111005],[101.89220658559539,3.080458610111005],[101.89220658559539,3.080066126643334],[101.89117016881426,3.0796736433164695],[101.89117016881426,3.0788886770850876],[101.8906519604237,3.0788886770850876],[101.89117016881426,3.0753563360090106],[101.89168837720482,3.0753563360090106],[101.89168837720482,3.074963854370412],[101.89220658559539,3.074963854370412],[101.89376121076707,3.073393929221552],[101.89272479398593,3.0730014482856305],[101.89272479398593,3.073393929221552],[101.89220658559539,3.073393929221552],[101.89220658559539,3.0737864102979735],[101.89117016881426,3.0737864102979735],[101.89013375203314,3.074963854370412],[101.88754271008034,3.074963854370412],[101.88754271008034,3.074571372872385],[101.88495166812754,3.074963854370412],[101.88495166812754,3.0737864102979735],[101.88443345973697,3.0737864102979735],[101.88443345973697,3.073393929221552],[101.88391525134641,3.073393929221552],[101.88391525134641,3.0737864102979735],[101.88287883456529,3.0737864102979735],[101.88287883456529,3.073393929221552],[101.88184241778417,3.0730014482856305],[101.88184241778417,3.072216486835211],[101.88132420939361,3.072216486835211],[101.88132420939361,3.071824006320677],[101.88184241778417,3.071824006320677],[101.88184241778417,3.069861605854049],[101.88080600100305,3.069469126181805],[101.88080600100305,3.069861605854049],[101.88028779261248,3.069861605854049],[101.88028779261248,3.071824006320677],[101.87976958422193,3.071824006320677],[101.87976958422193,3.073393929221552],[101.88080600100305,3.0737864102979735],[101.88080600100305,3.074571372872385],[101.87873316744081,3.0753563360090106],[101.87873316744081,3.075748817788198],[101.87976958422193,3.0761412997079933],[101.87976958422193,3.076926263969477],[101.87925137583136,3.076926263969477],[101.87873316744081,3.0777112287936097],[101.87769675065968,3.0777112287936097],[101.87769675065968,3.078103711416713],[101.87717854226912,3.078103711416713],[101.87717854226912,3.0796736433164695],[101.87821495905024,3.080066126643334],[101.87769675065968,3.0808510937195],[101.87821495905024,3.0808510937195],[101.87821495905024,3.0812435774688383],[101.87925137583136,3.0812435774688383],[101.87925137583136,3.0808510937195],[101.88184241778417,3.0812435774688383],[101.88184241778417,3.0828135138749784],[101.88236062617473,3.0828135138749784],[101.88236062617473,3.0832059983288005],[101.88598808490866,3.0832059983288005],[101.88598808490866,3.0839909676593154],[101.8865062932992,3.0839909676593154],[101.8865062932992,3.0847759375537804],[101.88702450168978,3.0847759375537804],[101.88702450168978,3.0859533934531966],[101.88754271008034,3.0859533934531966],[101.88754271008034,3.0863458790351332],[101.8865062932992,3.0863458790351332],[101.8865062932992,3.0867383647581654],[101.88598808490866,3.0867383647581654],[101.88598808490866,3.0890932820603836],[101.88702450168978,3.089485768771592],[101.88702450168978,3.090270742617748],[101.88598808490866,3.090663229752733],[101.88598808490866,3.091448204446602],[101.88546987651809,3.091448204446602],[101.88546987651809,3.0918406920055244],[101.88598808490866,3.0918406920055244],[101.8865062932992,3.0926256675474337],[101.88754271008034,3.092233179705796],[101.88754271008034,3.091055717029011],[101.88857912686146,3.091055717029011],[101.88857912686146,3.091448204446602],[101.88909733525202,3.091448204446602],[101.89013375203314,3.090270742617748],[101.89168837720482,3.090270742617748],[101.89168837720482,3.090663229752733],[101.89220658559539,3.090663229752733],[101.89220658559539,3.090270742617748],[101.89272479398593,3.090270742617748],[101.89220658559539,3.089485768771592],[101.89324300237651,3.089485768771592],[101.89324300237651,3.0890932820603836],[101.89376121076707,3.0890932820603836],[101.89376121076707,3.0898782556240407],[101.89427941915763,3.0898782556240407],[101.89427941915763,3.090270742617748],[101.89376121076707,3.090270742617748],[101.89324300237651,3.091055717029011],[101.89376121076707,3.091055717029011],[101.89376121076707,3.091448204446602],[101.89479762754819,3.091055717029011],[101.89479762754819,3.092233179705796],[101.89531583593875,3.092233179705796],[101.89531583593875,3.0926256675474337],[101.89635225271986,3.0926256675474337],[101.89635225271986,3.0938031319207293],[101.89687046111042,3.0938031319207293],[101.89687046111042,3.0949805975669786],[101.897388669501,3.0949805975669786],[101.897388669501,3.095373086398692],[101.89790687789156,3.095373086398692],[101.89790687789156,3.0949805975669786],[101.89894329467268,3.0949805975669786],[101.89894329467268,3.095373086398692],[101.8984250862821,3.095373086398692],[101.8984250862821,3.0961580644866706],[101.89790687789156,3.0961580644866706],[101.89790687789156,3.0969430431408407],[101.89635225271986,3.0969430431408407],[101.89635225271986,3.096550553742973],[101.89531583593875,3.096550553742973],[101.89531583593875,3.0969430431408407],[101.89479762754819,3.0969430431408407],[101.89479762754819,3.0973355326802916],[101.89635225271986,3.09812051218402],[101.89635225271986,3.0985130021483314],[101.8958340443293,3.0985130021483314],[101.8958340443293,3.0992979825019424],[101.89635225271986,3.0992979825019424],[101.897388669501,3.1004754540950974],[101.8984250862821,3.1004754540950974],[101.8984250862821,3.1008679449096186],[101.89894329467268,3.1008679449096186],[101.89894329467268,3.1004754540950974],[101.89946150306324,3.1004754540950974],[101.89946150306324,3.0996904728912775],[101.8984250862821,3.0992979825019424],[101.8984250862821,3.0989054922543002],[101.89894329467268,3.0989054922543002],[101.8984250862821,3.09812051218402],[101.89894329467268,3.09812051218402],[101.89894329467268,3.097728022361346],[101.90049791984436,3.097728022361346]],[[101.88080600100305,3.074963854370412],[101.88080600100305,3.0753563360090106],[101.88028779261248,3.0753563360090106],[101.88028779261248,3.074963854370412],[101.88080600100305,3.074963854370412]],[[101.88909733525202,3.090663229752733],[101.88909733525202,3.090270742617748],[101.88961554364258,3.090270742617748],[101.88961554364258,3.090663229752733],[101.88909733525202,3.090663229752733]],[[101.89479762754819,3.090270742617748],[101.89479762754819,3.090663229752733],[101.89427941915763,3.090663229752733],[101.89427941915763,3.090270742617748],[101.89479762754819,3.090270742617748]],[[101.8984250862821,3.0996904728912775],[101.89790687789156,3.0996904728912775],[101.89790687789156,3.0992979825019424],[101.8984250862821,3.0992979825019424],[101.8984250862821,3.0996904728912775]],[[101.897388669501,3.0992979825019424],[101.897388669501,3.0989054922543002],[101.89790687789156,3.0989054922543002],[101.89790687789156,3.0992979825019424],[101.897388669501,3.0992979825019424]],[[101.90723462892164,3.1036153845816914],[101.90723462892164,3.1032228927744367],[101.9077528373122,3.1032228927744367],[101.9077528373122,3.1036153845816914],[101.90723462892164,3.1036153845816914]],[[101.91345312960837,3.0945881088767604],[101.9129349212178,3.0945881088767604],[101.9129349212178,3.0949805975669786],[101.91189850443669,3.0949805975669786],[101.91189850443669,3.095373086398692],[101.91086208765556,3.095373086398692],[101.910343879265,3.0961580644866706],[101.9093074624839,3.0961580644866706],[101.90878925409332,3.0969430431408407],[101.9077528373122,3.0969430431408407],[101.9077528373122,3.0973355326802916],[101.90723462892164,3.0973355326802916],[101.90723462892164,3.0985130021483314],[101.90671642053108,3.0985130021483314],[101.90671642053108,3.1008679449096186],[101.90723462892164,3.1008679449096186],[101.90723462892164,3.1012604358659046],[101.90671642053108,3.1012604358659046],[101.90671642053108,3.1016529269639723],[101.90568000374995,3.1012604358659046],[101.90568000374995,3.0989054922543002],[101.9051617953594,3.0989054922543002],[101.9051617953594,3.097728022361346],[101.90464358696885,3.097728022361346],[101.90464358696885,3.0973355326802916],[101.90360717018771,3.0973355326802916],[101.90360717018771,3.097728022361346],[101.90308896179715,3.097728022361346],[101.90308896179715,3.0985130021483314],[101.90205254501603,3.09812051218402],[101.90205254501603,3.0985130021483314],[101.90101612823491,3.0989054922543002],[101.90153433662547,3.0973355326802916],[101.90101612823491,3.0973355326802916],[101.90101612823491,3.0969430431408407],[101.89894329467268,3.0969430431408407],[101.89894329467268,3.0961580644866706],[101.89946150306324,3.0961580644866706],[101.89946150306324,3.095373086398692],[101.8999797114538,3.095373086398692],[101.8999797114538,3.0949805975669786],[101.89946150306324,3.0949805975669786],[101.89894329467268,3.0941956203280165],[101.89790687789156,3.0941956203280165],[101.89790687789156,3.0938031319207293],[101.897388669501,3.0938031319207293],[101.897388669501,3.092233179705796],[101.89687046111042,3.092233179705796],[101.89687046111042,3.0918406920055244],[101.8958340443293,3.0918406920055244],[101.8958340443293,3.090270742617748],[101.89479762754819,3.0898782556240407],[101.89479762754819,3.0887007954903973],[101.89427941915763,3.0887007954903973],[101.89427941915763,3.088308309061615],[101.89324300237651,3.088308309061615],[101.89324300237651,3.0887007954903973],[101.89117016881426,3.0887007954903973],[101.89117016881426,3.088308309061615],[101.89013375203314,3.088308309061615],[101.89013375203314,3.0887007954903973],[101.88857912686146,3.089485768771592],[101.88857912686146,3.090270742617748],[101.8880609184709,3.090270742617748],[101.8880609184709,3.089485768771592],[101.88702450168978,3.0890932820603836],[101.88702450168978,3.0871308506223123],[101.8880609184709,3.0871308506223123],[101.8880609184709,3.0867383647581654],[101.88857912686146,3.0867383647581654],[101.88857912686146,3.0859533934531966],[101.8880609184709,3.0859533934531966],[101.8880609184709,3.0847759375537804],[101.88754271008034,3.0847759375537804],[101.88754271008034,3.0839909676593154],[101.88702450168978,3.0839909676593154],[101.88702450168978,3.0828135138749784],[101.8865062932992,3.0828135138749784],[101.8865062932992,3.082421029562089],[101.88287883456529,3.082421029562089],[101.88287883456529,3.0812435774688383],[101.88236062617473,3.0812435774688383],[101.88184241778417,3.080458610111005],[101.87925137583136,3.080066126643334],[101.87925137583136,3.0796736433164695],[101.88080600100305,3.0788886770850876],[101.88028779261248,3.078103711416713],[101.87925137583136,3.078496194180533],[101.87925137583136,3.0777112287936097],[101.88028779261248,3.0777112287936097],[101.88028779261248,3.0773187463112044],[101.88080600100305,3.0773187463112044],[101.88080600100305,3.075748817788198],[101.88132420939361,3.075748817788198],[101.88132420939361,3.0761412997079933],[101.88236062617473,3.0761412997079933],[101.88236062617473,3.075748817788198],[101.88287883456529,3.075748817788198],[101.88287883456529,3.074963854370412],[101.88236062617473,3.074963854370412],[101.88184241778417,3.0741788915149115],[101.88287883456529,3.0741788915149115],[101.88287883456529,3.074571372872385],[101.88339704295585,3.074571372872385],[101.88339704295585,3.074963854370412],[101.88443345973697,3.074963854370412],[101.88495166812754,3.075748817788198],[101.88598808490866,3.075748817788198],[101.88598808490866,3.0753563360090106],[101.88754271008034,3.0753563360090106],[101.88754271008034,3.075748817788198],[101.89013375203314,3.075748817788198],[101.89013375203314,3.076926263969477],[101.88961554364258,3.076926263969477],[101.88961554364258,3.0788886770850876],[101.88909733525202,3.0788886770850876],[101.88909733525202,3.0792811601303933],[101.88961554364258,3.0792811601303933],[101.89117016881426,3.0808510937195],[101.89220658559539,3.0808510937195],[101.89220658559539,3.081636061359037],[101.89272479398593,3.081636061359037],[101.89272479398593,3.0820285453901155],[101.89376121076707,3.0820285453901155],[101.89376121076707,3.082421029562089],[101.89427941915763,3.082421029562089],[101.89376121076707,3.085168422712538],[101.89427941915763,3.085168422712538],[101.89479762754819,3.0859533934531966],[101.8958340443293,3.0859533934531966],[101.89531583593875,3.08752333662759],[101.8958340443293,3.08752333662759],[101.89635225271986,3.088308309061615],[101.89790687789156,3.088308309061615],[101.89790687789156,3.0898782556240407],[101.8984250862821,3.0898782556240407],[101.8984250862821,3.090270742617748],[101.8999797114538,3.090270742617748],[101.8999797114538,3.091055717029011],[101.89946150306324,3.091055717029011],[101.89946150306324,3.091448204446602],[101.8999797114538,3.091448204446602],[101.8999797114538,3.092233179705796],[101.90049791984436,3.092233179705796],[101.90049791984436,3.0926256675474337],[101.90101612823491,3.0926256675474337],[101.90101612823491,3.0930181555304563],[101.90153433662547,3.0930181555304563],[101.90308896179715,3.0945881088767604],[101.90464358696885,3.0945881088767604],[101.90464358696885,3.0941956203280165],[101.90568000374995,3.0941956203280165],[101.90619821214052,3.0934106436548823],[101.90723462892164,3.0934106436548823],[101.90723462892164,3.0938031319207293],[101.9077528373122,3.0938031319207293],[101.9077528373122,3.0934106436548823],[101.90827104570276,3.0934106436548823],[101.90827104570276,3.0938031319207293],[101.9093074624839,3.0938031319207293],[101.9093074624839,3.0934106436548823],[101.91189850443669,3.0934106436548823],[101.91241671282727,3.0926256675474337],[101.91345312960837,3.0926256675474337],[101.91397133799893,3.0934106436548823],[101.91604417156117,3.0934106436548823],[101.91604417156117,3.0938031319207293],[101.91500775478005,3.0938031319207293],[101.91500775478005,3.0941956203280165],[101.9144895463895,3.0941956203280165],[101.9144895463895,3.0945881088767604],[101.91500775478005,3.0945881088767604],[101.91500775478005,3.095765575371917],[101.91552596317061,3.095765575371917],[101.91500775478005,3.096550553742973],[101.9144895463895,3.096550553742973],[101.9144895463895,3.095373086398692],[101.91397133799893,3.095373086398692],[101.91345312960837,3.0945881088767604]],[[101.89894329467268,3.0973355326802916],[101.8984250862821,3.0973355326802916],[101.8984250862821,3.0969430431408407],[101.89894329467268,3.0969430431408407],[101.89894329467268,3.0973355326802916]],[[101.91604417156117,3.0961580644866706],[101.91604417156117,3.096550553742973],[101.91552596317061,3.096550553742973],[101.91552596317061,3.0961580644866706],[101.91604417156117,3.0961580644866706]],[[101.91656237995174,3.096550553742973],[101.91656237995174,3.0969430431408407],[101.91604417156117,3.0969430431408407],[101.91604417156117,3.096550553742973],[101.91656237995174,3.096550553742973]],[[101.9025707534066,3.0992979825019424],[101.9025707534066,3.0996904728912775],[101.90205254501603,3.0996904728912775],[101.90205254501603,3.0992979825019424],[101.9025707534066,3.0992979825019424]],[[101.9025707534066,3.0989054922543002],[101.90308896179715,3.0989054922543002],[101.90308896179715,3.0992979825019424],[101.9025707534066,3.0992979825019424],[101.9025707534066,3.0989054922543002]],[[101.897388669501,3.0985130021483314],[101.897388669501,3.09812051218402],[101.89790687789156,3.09812051218402],[101.89790687789156,3.0985130021483314],[101.897388669501,3.0985130021483314]],[[101.91759879673285,3.096550553742973],[101.91759879673285,3.0961580644866706],[101.9181170051234,3.0961580644866706],[101.9181170051234,3.096550553742973],[101.91759879673285,3.096550553742973]],[[101.89013375203314,3.089485768771592],[101.89013375203314,3.0890932820603836],[101.8906519604237,3.0890932820603836],[101.8906519604237,3.089485768771592],[101.89013375203314,3.089485768771592]],[[101.88080600100305,3.073393929221552],[101.88080600100305,3.0730014482856305],[101.88132420939361,3.0730014482856305],[101.88132420939361,3.073393929221552],[101.88080600100305,3.073393929221552]]],[[[101.92070804707622,3.0941956203280165],[101.92070804707622,3.0938031319207293],[101.92018983868564,3.0938031319207293],[101.91915342190454,3.0949805975669786],[101.92018983868564,3.095373086398692],[101.92018983868564,3.0949805975669786],[101.92122625546678,3.0945881088767604],[101.92122625546678,3.0941956203280165],[101.92070804707622,3.0941956203280165]]],[[[101.89272479398593,3.0969430431408407],[101.89272479398593,3.096550553742973],[101.89376121076707,3.0961580644866706],[101.89427941915763,3.0934106436548823],[101.89479762754819,3.0934106436548823],[101.89479762754819,3.0938031319207293],[101.8958340443293,3.0934106436548823],[101.89531583593875,3.0926256675474337],[101.89479762754819,3.0926256675474337],[101.89479762754819,3.0930181555304563],[101.89427941915763,3.0930181555304563],[101.89427941915763,3.0926256675474337],[101.89324300237651,3.0930181555304563],[101.89272479398593,3.0949805975669786],[101.89220658559539,3.0949805975669786],[101.89220658559539,3.0961580644866706],[101.89117016881426,3.095765575371917],[101.89117016881426,3.0961580644866706],[101.88961554364258,3.0969430431408407],[101.88961554364258,3.09812051218402],[101.8906519604237,3.0985130021483314],[101.8906519604237,3.09812051218402],[101.89117016881426,3.09812051218402],[101.89117016881426,3.0973355326802916],[101.89168837720482,3.0973355326802916],[101.89168837720482,3.0969430431408407],[101.89272479398593,3.0969430431408407]]],[[[101.88495166812754,3.1012604358659046],[101.88495166812754,3.1008679449096186],[101.8865062932992,3.1008679449096186],[101.88702450168978,3.1000829634223233],[101.88905445593657,3.1000829634223233],[101.8887949,3.099603396571438],[101.88961554364258,3.0996904728912775],[101.88961554364258,3.0992979825019424],[101.88909733525202,3.0992979825019424],[101.88857912686146,3.0985130021483314],[101.8880609184709,3.0985130021483314],[101.88754271008034,3.0992979825019424],[101.88598808490866,3.0992979825019424],[101.88598808490866,3.0996904728912775],[101.88546987651809,3.0996904728912775],[101.88546987651809,3.0992979825019424],[101.88443345973697,3.0992979825019424],[101.88443345973697,3.0996904728912775],[101.88339704295585,3.1000829634223233],[101.88339704295585,3.1012604358659046],[101.88236062617473,3.1012604358659046],[101.88184241778417,3.1020454182038417],[101.88287883456529,3.102437909585531],[101.88287883456529,3.1020454182038417],[101.88391525134641,3.1020454182038417],[101.88391525134641,3.1016529269639723],[101.88495166812754,3.1012604358659046]]],[[[101.88857912686146,3.1008679449096186],[101.88857912686146,3.1012604358659046],[101.8880609184709,3.1012604358659046],[101.8880609184709,3.1019818763573763],[101.88885390000002,3.1021530965686934],[101.8892842219879,3.1012604358659046],[101.88857912686146,3.1008679449096186]]],[[[101.9025707534066,3.102437909585531],[101.90205254501603,3.1032228927744367],[101.90360717018771,3.104007876530837],[101.90360717018771,3.1036153845816914],[101.90412537857829,3.1036153845816914],[101.90412537857829,3.102830401109056],[101.90360717018771,3.102830401109056],[101.90360717018771,3.102437909585531],[101.9025707534066,3.102437909585531]]],[[[101.88996916743373,3.10714781723426],[101.8896740555924,3.107540310461242],[101.89013375203314,3.107540310461242],[101.88996916743373,3.10714781723426]]],[[[101.88961554364258,3.107618130276518],[101.88940909999998,3.1078926965624447],[101.88961554364258,3.1079086867233006],[101.88961554364258,3.107618130276518]]],[[[101.910343879265,3.1169601905720623],[101.90982567087445,3.1169601905720623],[101.90982567087445,3.1177451842830117],[101.91086208765556,3.1181376813522914],[101.91086208765556,3.1177451842830117],[101.91138029604613,3.1177451842830117],[101.91138029604613,3.1169601905720623],[101.91086208765556,3.1169601905720623],[101.91086208765556,3.116567693930356],[101.910343879265,3.116567693930356],[101.910343879265,3.1169601905720623]]],[[[101.95283696729098,3.117352687356275],[101.9523187589004,3.117352687356275],[101.9523187589004,3.1177451842830117],[101.95335517568154,3.1181376813522914],[101.95387338407211,3.117352687356275],[101.95335517568154,3.117352687356275],[101.95335517568154,3.1169601905720623],[101.95283696729098,3.1169601905720623],[101.95283696729098,3.117352687356275]]],[[[101.90671642053108,3.1275576538247636],[101.90619821214052,3.128342655245215],[101.90723462892164,3.1287351561699777],[101.9077528373122,3.1279501544634836],[101.90671642053108,3.1275576538247636]]],[[[101.91397133799893,3.1330526757875754],[101.91345312960837,3.133837681215928],[101.9144895463895,3.1342301841450224],[101.91500775478005,3.133445178430119],[101.91397133799893,3.1330526757875754]]],[[[101.89946150306324,3.1342301841450224],[101.89946150306324,3.1344066239982724],[101.8999995864197,3.1342301841450224],[101.89946150306324,3.1342301841450224]]],[[[101.89894329467268,3.134622687217418],[101.89909822160745,3.1350151904331334],[101.89920704944743,3.134622687217418],[101.89894329467268,3.134622687217418]]],[[[101.91500775478005,3.1348779271950193],[101.91507684205665,3.134622687217418],[101.91500775478005,3.134622687217418],[101.91500775478005,3.1348779271950193]]],[[[101.9144895463895,3.1350151904331334],[101.9144895463895,3.1354076937921875],[101.91486435985264,3.1354076937921875],[101.91497060095463,3.1350151904331334],[101.9144895463895,3.1350151904331334]]],[[[101.92329908902902,3.138547725826972],[101.92278088063846,3.1393327352703175],[101.9237425213099,3.1397252402072877],[101.92433550581015,3.1389402304768845],[101.92329908902902,3.138547725826972]]],[[[101.88754271008034,3.15071543679204],[101.88737212835018,3.1511079458994615],[101.8880609184709,3.1517472448812955],[101.88857912686146,3.1515004551509618],[101.88857912686146,3.1511079458994615],[101.88754271008034,3.15071543679204]]],[[[101.89117016881426,3.1521087173709006],[101.89141452135227,3.151892964546562],[101.89117016881426,3.151892964546562],[101.89117016881426,3.1521087173709006]]],[[[101.8908853470281,3.152285474086278],[101.89093530000001,3.152316096514432],[101.89096998165927,3.152285474086278],[101.8908853470281,3.152285474086278]]]]},"properties":{"place_id":"e5cc1373-8b00-5838-bb11-0cf3d324ac6c","habitat":"forest_edge_opening","habitat_label":"Forest edge or opening","resolution_m":50}},{"type":"Feature","geometry":{"type":"MultiPolygon","coordinates":[[[[101.85230453952222,3.0522001592615644],[101.85230453952222,3.0520631050132843],[101.8516263854527,3.0522001592615644],[101.85230453952222,3.0522001592615644]]],[[[101.85489558147502,3.0516716444667393],[101.85282274791277,3.051958375635647],[101.85282274791277,3.0525926327769084],[101.85334095630333,3.0525926327769084],[101.85334095630333,3.0522001592615644],[101.85489558147502,3.0522001592615644],[101.85489558147502,3.0516716444667393]]],[[[101.85593199825614,3.0518076858857426],[101.85593199825614,3.0525926327769084],[101.8564502066467,3.0525926327769084],[101.8564502066467,3.0518076858857426],[101.85593199825614,3.0518076858857426]]],[[[101.85074991435053,3.0523772932058058],[101.85126812274109,3.0525926327769084],[101.85126812274109,3.0522725637983634],[101.85074991435053,3.0523772932058058]]],[[[101.85696841503727,3.0525926327769084],[101.85748662342782,3.0525926327769084],[101.85748662342782,3.0522001592615644],[101.85696841503727,3.0522001592615644],[101.85696841503727,3.0525926327769084]]],[[[101.84919528917885,3.0533775802262384],[101.84971349756943,3.0525926327769084],[101.84815887239772,3.0529009403920555],[101.84815887239772,3.0533775802262384],[101.84919528917885,3.0533775802262384]]],[[[101.85696841503727,3.0529851064317937],[101.85696841503727,3.0533775802262384],[101.85748662342782,3.0533775802262384],[101.85748662342782,3.0529851064317937],[101.85696841503727,3.0529851064317937]]],[[[101.84608603883548,3.0533775802262384],[101.84608603883548,3.0541625282338756],[101.84660424722605,3.0541625282338756],[101.84712245561661,3.053100943572561],[101.84608603883548,3.0533775802262384]]],[[[101.84764066400717,3.053770054160259],[101.84815887239772,3.053770054160259],[101.84815887239772,3.0533775802262384],[101.84764066400717,3.0533775802262384],[101.84764066400717,3.053770054160259]]],[[[101.84504962205438,3.0545550024471058],[101.84556783044492,3.0545550024471058],[101.84556783044492,3.0533971269491373],[101.84504962205438,3.0534958547589937],[101.84504962205438,3.0545550024471058]]],[[[101.84349499688268,3.0541625282338756],[101.84349499688268,3.0545550024471058],[101.84401320527324,3.0545550024471058],[101.84401320527324,3.0541625282338756],[101.84349499688268,3.0541625282338756]]],[[[101.84349499688268,3.054947476799966],[101.84349499688268,3.0545550024471058],[101.84245858010158,3.0545550024471058],[101.84245858010158,3.054947476799966],[101.84349499688268,3.054947476799966]]],[[[101.84038574653931,3.0553399512924764],[101.84038574653931,3.054941322165663],[101.8393493297582,3.05522105910551],[101.8393493297582,3.0553399512924764],[101.84038574653931,3.0553399512924764]]],[[[101.83779470458653,3.0565173756080837],[101.83883112136763,3.0565173756080837],[101.8393493297582,3.0557324259246537],[101.83831291297707,3.0557324259246537],[101.83779470458653,3.0565173756080837]]],[[[101.83727649619597,3.0576948011811855],[101.83779470458653,3.0576948011811855],[101.83779470458653,3.0569098506593724],[101.83727649619597,3.0569098506593724],[101.83727649619597,3.0576948011811855]]],[[[101.83727649619597,3.059657179932115],[101.83727649619597,3.0576948011811855],[101.8367582878054,3.0576948011811855],[101.83624007941484,3.059657179932115],[101.83727649619597,3.059657179932115]]],[[[101.83624007941484,3.060834608860922],[101.8367582878054,3.060834608860922],[101.8367582878054,3.0600496561018264],[101.83624007941484,3.0600496561018264],[101.83624007941484,3.060834608860922]]],[[[101.83520366263373,3.0624045160583044],[101.83624007941484,3.0624045160583044],[101.83624007941484,3.062012039049014],[101.83520366263373,3.062012039049014],[101.83520366263373,3.0624045160583044]]],[[[101.83520366263373,3.06318947049688],[101.83520366263373,3.0635819479262016],[101.83572187102426,3.0635819479262016],[101.83572187102426,3.06318947049688],[101.83520366263373,3.06318947049688]]],[[[101.8349947016726,3.078496194180533],[101.83520366263373,3.078103711416713],[101.83499601047485,3.078103711416713],[101.8349947016726,3.078496194180533]]],[[[101.83498946646368,3.080066126643334],[101.83520366263373,3.0788886770850876],[101.83499339287039,3.0788886770850876],[101.83498946646368,3.080066126643334]]],[[[101.83520366263373,3.082421029562089],[101.83498030484806,3.0828135138749784],[101.83520366263373,3.0828135138749784],[101.83520366263373,3.082421029562089]]],[[[101.841940371711,3.0934106436548823],[101.841940371711,3.0945881088767604],[101.84245858010158,3.0945881088767604],[101.84245858010158,3.0934106436548823],[101.841940371711,3.0934106436548823]]],[[[101.84038574653931,3.0945881088767604],[101.84038574653931,3.0949805975669786],[101.84090395492987,3.0949805975669786],[101.84090395492987,3.0945881088767604],[101.84038574653931,3.0945881088767604]]],[[[101.83986753814877,3.097728022361346],[101.84038574653931,3.097728022361346],[101.84038574653931,3.0973355326802916],[101.83986753814877,3.0973355326802916],[101.83986753814877,3.097728022361346]]],[[[101.84453141366382,3.0973355326802916],[101.84401320527324,3.0973355326802916],[101.84401320527324,3.0961580644866706],[101.84349499688268,3.0961580644866706],[101.84349499688268,3.0969430431408407],[101.84297678849211,3.0969430431408407],[101.84291570352784,3.0973355326802916],[101.84453141366382,3.097678242602157],[101.84453141366382,3.0973355326802916]]],[[[101.84245858010158,3.0973355326802916],[101.84245858010158,3.0949805975669786],[101.841940371711,3.0949805975669786],[101.84142216332044,3.095765575371917],[101.841940371711,3.095765575371917],[101.841940371711,3.097728022361346],[101.84245858010158,3.097728022361346],[101.841940371711,3.0985130021483314],[101.84245858010158,3.0985130021483314],[101.84245858010158,3.0989054922543002],[101.84142216332044,3.0989054922543002],[101.84090395492987,3.0998794689923344],[101.841940371711,3.0996904728912775],[101.841940371711,3.0992979825019424],[101.84297678849211,3.0992979825019424],[101.84297678849211,3.0985130021483314],[101.84371252116253,3.0985130021483314],[101.84245858010158,3.0973355326802916]]],[[[101.84476610090758,3.097728022361346],[101.84504962205438,3.0977881603343236],[101.84504962205438,3.097728022361346],[101.84476610090758,3.097728022361346]]],[[[101.84349499688268,3.0992979825019424],[101.84363990000001,3.0994266965716366],[101.84365013029337,3.0992979825019424],[101.84349499688268,3.0992979825019424]]],[[[101.84038574653931,3.1002004270177816],[101.84057539942297,3.1000829634223233],[101.84038574653931,3.1000829634223233],[101.84038574653931,3.1002004270177816]]],[[[101.86525974928622,3.0525926327769084],[101.86528286326245,3.0525926327769084],[101.86525974928622,3.052563912013526],[101.86525974928622,3.0525926327769084]]],[[[101.86422333250512,3.0529851064317937],[101.86474154089566,3.0529851064317937],[101.86474154089566,3.0525926327769084],[101.86422333250512,3.0525926327769084],[101.86422333250512,3.0529851064317937]]],[[[101.86059587377117,3.0525926327769084],[101.85955945699007,3.0525926327769084],[101.85955945699007,3.0522001592615644],[101.85904124859951,3.0522001592615644],[101.85852304020894,3.0529851064317937],[101.85955945699007,3.0529851064317937],[101.85955945699007,3.0533775802262384],[101.86059587377117,3.0533775802262384],[101.86059587377117,3.053770054160259],[101.86111408216175,3.053770054160259],[101.86111408216175,3.0529851064317937],[101.86163229055231,3.0529851064317937],[101.86163229055231,3.0525926327769084],[101.86111408216175,3.0525926327769084],[101.86111408216175,3.0522001592615644],[101.86059587377117,3.0522001592615644],[101.86059587377117,3.0525926327769084]]],[[[101.87199645836351,3.053770054160259],[101.87199645836351,3.0541625282338756],[101.87251466675409,3.0541625282338756],[101.87251466675409,3.053770054160259],[101.87199645836351,3.053770054160259]]],[[[101.87769675065968,3.053770054160259],[101.87769675065968,3.0541625282338756],[101.87821495905024,3.0541625282338756],[101.87821495905024,3.053770054160259],[101.87769675065968,3.053770054160259]]],[[[101.86422333250512,3.0553399512924764],[101.86422333250512,3.0557324259246537],[101.86474154089566,3.0557324259246537],[101.86474154089566,3.0553399512924764],[101.86422333250512,3.0553399512924764]]],[[[101.876142125488,3.062012039049014],[101.87769675065968,3.062012039049014],[101.87769675065968,3.0612270854503416],[101.876142125488,3.0612270854503416],[101.876142125488,3.062012039049014]]],[[[101.87769675065968,3.064366903205005],[101.87821495905024,3.064366903205005],[101.87821495905024,3.0639744254955708],[101.87769675065968,3.0639744254955708],[101.87769675065968,3.064366903205005]]],[[[101.87666033387856,3.065544337173879],[101.87666033387856,3.0663292938537863],[101.87717854226912,3.0663292938537863],[101.87717854226912,3.065544337173879],[101.87666033387856,3.065544337173879]]],[[[101.88132420939361,3.0686841672582514],[101.88184241778417,3.0686841672582514],[101.88184241778417,3.0678992088958283],[101.88132420939361,3.0678992088958283],[101.88132420939361,3.0686841672582514]]],[[[101.88080600100305,3.071824006320677],[101.88132420939361,3.071824006320677],[101.88132420939361,3.069861605854049],[101.88080600100305,3.069861605854049],[101.88080600100305,3.071824006320677]]],[[[101.87976958422193,3.0753563360090106],[101.87976958422193,3.075748817788198],[101.88028779261248,3.075748817788198],[101.88028779261248,3.0753563360090106],[101.87976958422193,3.0753563360090106]]],[[[101.88028779261248,3.071824006320677],[101.88028779261248,3.073393929221552],[101.88132420939361,3.0737864102979735],[101.88132420939361,3.074571372872385],[101.88080600100305,3.074571372872385],[101.88080600100305,3.074963854370412],[101.88236062617473,3.074963854370412],[101.88236062617473,3.075748817788198],[101.88132420939361,3.075748817788198],[101.88132420939361,3.0753563360090106],[101.88080600100305,3.0753563360090106],[101.88028779261248,3.0773187463112044],[101.87925137583136,3.0773187463112044],[101.87873316744081,3.078103711416713],[101.87769675065968,3.078103711416713],[101.87769675065968,3.0796736433164695],[101.87821495905024,3.0796736433164695],[101.87821495905024,3.078496194180533],[101.87925137583136,3.078496194180533],[101.87925137583136,3.078103711416713],[101.88080600100305,3.078103711416713],[101.88080600100305,3.078496194180533],[101.88132420939361,3.078496194180533],[101.88132420939361,3.0777112287936097],[101.88184241778417,3.0777112287936097],[101.88184241778417,3.0773187463112044],[101.88236062617473,3.0773187463112044],[101.88236062617473,3.076926263969477],[101.88287883456529,3.076926263969477],[101.88287883456529,3.0765337817684135],[101.88495166812754,3.0753563360090106],[101.88495166812754,3.074963854370412],[101.88443345973697,3.074963854370412],[101.88443345973697,3.0737864102979735],[101.88391525134641,3.0737864102979735],[101.88391525134641,3.074571372872385],[101.88339704295585,3.074571372872385],[101.88287883456529,3.0737864102979735],[101.88184241778417,3.0737864102979735],[101.88132420939361,3.072216486835211],[101.88028779261248,3.071824006320677]],[[101.88287883456529,3.074571372872385],[101.88236062617473,3.074571372872385],[101.88236062617473,3.0741788915149115],[101.88287883456529,3.0741788915149115],[101.88287883456529,3.074571372872385]],[[101.88080600100305,3.076926263969477],[101.88080600100305,3.0765337817684135],[101.88132420939361,3.0765337817684135],[101.88132420939361,3.076926263969477],[101.88080600100305,3.076926263969477]]],[[[101.8880609184709,3.0992979825019424],[101.88857912686146,3.0992979825019424],[101.88857912686146,3.0989054922543002],[101.8880609184709,3.0989054922543002],[101.8880609184709,3.0992979825019424]]],[[[101.88754271008034,3.0992979825019424],[101.88754271008034,3.0996904728912775],[101.8880609184709,3.0996904728912775],[101.8880609184709,3.0992979825019424],[101.88754271008034,3.0992979825019424]]],[[[101.88443345973697,3.0996904728912775],[101.88443345973697,3.1000829634223233],[101.88495166812754,3.1000829634223233],[101.88495166812754,3.0996904728912775],[101.88443345973697,3.0996904728912775]]],[[[101.8865062932992,3.0996904728912775],[101.8865062932992,3.1000829634223233],[101.88702450168978,3.1000829634223233],[101.88702450168978,3.0996904728912775],[101.8865062932992,3.0996904728912775]]],[[[101.88495166812754,3.1004754540950974],[101.8865062932992,3.1004754540950974],[101.8865062932992,3.1000829634223233],[101.88495166812754,3.1000829634223233],[101.88495166812754,3.1004754540950974]]],[[[101.88391525134641,3.1012604358659046],[101.88443345973697,3.1012604358659046],[101.88443345973697,3.1000829634223233],[101.88391525134641,3.1000829634223233],[101.88391525134641,3.1012604358659046]]],[[[101.88339704295585,3.1012604358659046],[101.88339704295585,3.1016529269639723],[101.88391525134641,3.1016529269639723],[101.88391525134641,3.1012604358659046],[101.88339704295585,3.1012604358659046]]],[[[101.88236062617473,3.1020454182038417],[101.88287883456529,3.1020454182038417],[101.88287883456529,3.1016529269639723],[101.88236062617473,3.1016529269639723],[101.88236062617473,3.1020454182038417]]],[[[101.88184241778417,3.1032228927744367],[101.88236062617473,3.1032228927744367],[101.88236062617473,3.102830401109056],[101.88184241778417,3.102830401109056],[101.88184241778417,3.1032228927744367]]],[[[101.86629616606736,3.104007876530837],[101.8666710538616,3.1044003686218913],[101.86681437445792,3.1044003686218913],[101.86681437445792,3.104007876530837],[101.86629616606736,3.104007876530837]]],[[[101.87976958422193,3.104007876530837],[101.87873316744081,3.104007876530837],[101.87873316744081,3.1047928608548743],[101.87976958422193,3.1047928608548743],[101.88080600100305,3.1036153845816914],[101.87976958422193,3.1036153845816914],[101.87976958422193,3.104007876530837]]],[[[101.87406929192576,3.105577845746694],[101.87458750031632,3.105577845746694],[101.87458750031632,3.105185353229802],[101.87406929192576,3.105185353229802],[101.87406929192576,3.105577845746694]]],[[[101.87096004158239,3.105577845746694],[101.87096004158239,3.1063628312064413],[101.87147824997297,3.1063628312064413],[101.87147824997297,3.1059703384055672],[101.87251466675409,3.1059703384055672],[101.87251466675409,3.105185353229802],[101.87199645836351,3.105185353229802],[101.87199645836351,3.105577845746694],[101.87096004158239,3.105577845746694]]],[[[101.86422333250512,3.15071543679204],[101.86474154089566,3.15071543679204],[101.86474154089566,3.1503734221127666],[101.8646577,3.150476196516443],[101.86422333250512,3.15071543679204]]],[[[101.88754271008034,3.1511079458994615],[101.88779502363643,3.1515004551509618],[101.8880609184709,3.1515004551509618],[101.8880609184709,3.1511079458994615],[101.88754271008034,3.1511079458994615]]],[[[101.86733258284848,3.1656308843149534],[101.86785079123902,3.1656308843149534],[101.86785079123902,3.1652383698645203],[101.86733258284848,3.1652383698645203],[101.86733258284848,3.1656308843149534]]],[[[101.90723462892164,2.9513390402878277],[101.9077528373122,2.9513390402878277],[101.9077528373122,2.950946602170232],[101.90723462892164,2.950946602170232],[101.90723462892164,2.9513390402878277]]],[[[101.9077528373122,2.9513390402878277],[101.9077528373122,2.9517314785403017],[101.90827104570276,2.9517314785403017],[101.90827104570276,2.9513390402878277],[101.9077528373122,2.9513390402878277]]],[[[101.91604417156117,2.9544785500857524],[101.91656237995174,2.9544785500857524],[101.91656237995174,2.9517314785403017],[101.91604417156117,2.9517314785403017],[101.91604417156117,2.9544785500857524]]],[[[101.89013375203314,3.0792811601303933],[101.8906519604237,3.0792811601303933],[101.8906519604237,3.0788886770850876],[101.89013375203314,3.0788886770850876],[101.89013375203314,3.0792811601303933]]],[[[101.89376121076707,3.0820285453901155],[101.89376121076707,3.0808510937195],[101.89272479398593,3.0808510937195],[101.89272479398593,3.0812435774688383],[101.89324300237651,3.0812435774688383],[101.89324300237651,3.0820285453901155],[101.89376121076707,3.0820285453901155]]],[[[101.8906519604237,3.0898782556240407],[101.89168837720482,3.0898782556240407],[101.89168837720482,3.089485768771592],[101.8906519604237,3.089485768771592],[101.8906519604237,3.0898782556240407]]],[[[101.88961554364258,3.090270742617748],[101.89013375203314,3.090270742617748],[101.89013375203314,3.0898782556240407],[101.88961554364258,3.0898782556240407],[101.88961554364258,3.090270742617748]]],[[[101.88857912686146,3.090663229752733],[101.88857912686146,3.091055717029011],[101.88909733525202,3.091055717029011],[101.88909733525202,3.090663229752733],[101.88857912686146,3.090663229752733]]],[[[101.89376121076707,3.090663229752733],[101.89376121076707,3.091055717029011],[101.89427941915763,3.091055717029011],[101.89427941915763,3.090663229752733],[101.89376121076707,3.090663229752733]]],[[[101.89479762754819,3.0930181555304563],[101.89479762754819,3.0934106436548823],[101.89531583593875,3.0934106436548823],[101.89531583593875,3.0930181555304563],[101.89479762754819,3.0930181555304563]]],[[[101.89324300237651,3.0945881088767604],[101.89376121076707,3.0945881088767604],[101.89376121076707,3.0938031319207293],[101.89324300237651,3.0938031319207293],[101.89324300237651,3.0945881088767604]]],[[[101.92018983868564,3.0945881088767604],[101.92070804707622,3.0945881088767604],[101.92070804707622,3.0941956203280165],[101.92018983868564,3.0941956203280165],[101.92018983868564,3.0945881088767604]]],[[[101.91967163029511,3.0945881088767604],[101.91967163029511,3.0949805975669786],[101.92018983868564,3.0949805975669786],[101.92018983868564,3.0945881088767604],[101.91967163029511,3.0945881088767604]]],[[[101.89272479398593,3.0961580644866706],[101.89324300237651,3.0961580644866706],[101.89324300237651,3.0949805975669786],[101.89272479398593,3.0949805975669786],[101.89272479398593,3.0961580644866706]]],[[[101.89168837720482,3.0961580644866706],[101.89117016881426,3.0961580644866706],[101.8906519604237,3.0969430431408407],[101.89168837720482,3.0969430431408407],[101.89168837720482,3.0961580644866706]]],[[[101.89531583593875,3.0969430431408407],[101.89531583593875,3.0973355326802916],[101.8958340443293,3.0973355326802916],[101.8958340443293,3.0969430431408407],[101.89531583593875,3.0969430431408407]]],[[[101.89013375203314,3.09812051218402],[101.8906519604237,3.09812051218402],[101.8906519604237,3.0969430431408407],[101.89013375203314,3.0969430431408407],[101.89013375203314,3.09812051218402]]],[[[101.89790687789156,3.0989054922543002],[101.8984250862821,3.0989054922543002],[101.8984250862821,3.0985130021483314],[101.89790687789156,3.0985130021483314],[101.89790687789156,3.0989054922543002]]],[[[101.89635225271986,3.0989054922543002],[101.89635225271986,3.0992979825019424],[101.89687046111042,3.0992979825019424],[101.89687046111042,3.0989054922543002],[101.89635225271986,3.0989054922543002]]],[[[101.88857912686146,3.0992979825019424],[101.88857912686146,3.0996904728912775],[101.88909733525202,3.099666942272707],[101.88909733525202,3.0992979825019424],[101.88857912686146,3.0992979825019424]]],[[[101.89687046111042,3.0996904728912775],[101.897388669501,3.0996904728912775],[101.897388669501,3.0992979825019424],[101.89687046111042,3.0992979825019424],[101.89687046111042,3.0996904728912775]]],[[[101.897388669501,3.1000829634223233],[101.89790687789156,3.1000829634223233],[101.89790687789156,3.0996904728912775],[101.897388669501,3.0996904728912775],[101.897388669501,3.1000829634223233]]],[[[101.8984250862821,3.1004754540950974],[101.89894329467268,3.1004754540950974],[101.89894329467268,3.1000829634223233],[101.8984250862821,3.1000829634223233],[101.8984250862821,3.1004754540950974]]],[[[101.88857912686146,3.1012604358659046],[101.88857912686146,3.1020454182038417],[101.88890580813388,3.1020454182038417],[101.88909733525202,3.1012604358659046],[101.88857912686146,3.1012604358659046]]],[[[101.90360717018771,3.102830401109056],[101.9025707534066,3.102830401109056],[101.9025707534066,3.1032228927744367],[101.90360717018771,3.1036153845816914],[101.90360717018771,3.102830401109056]]],[[[101.90568000374995,3.104007876530837],[101.90619821214052,3.104007876530837],[101.90619821214052,3.1036153845816914],[101.90568000374995,3.1036153845816914],[101.90568000374995,3.104007876530837]]],[[[101.910343879265,3.1169601905720623],[101.910343879265,3.1177451842830117],[101.91086208765556,3.1177451842830117],[101.91086208765556,3.1169601905720623],[101.910343879265,3.1169601905720623]]],[[[101.90671642053108,3.128342655245215],[101.90723462892164,3.128342655245215],[101.90723462892164,3.1279501544634836],[101.90671642053108,3.1279501544634836],[101.90671642053108,3.128342655245215]]],[[[101.91397133799893,3.133837681215928],[101.9144895463895,3.133837681215928],[101.9144895463895,3.133445178430119],[101.91397133799893,3.133445178430119],[101.91397133799893,3.133837681215928]]]]},"properties":{"place_id":"e5cc1373-8b00-5838-bb11-0cf3d324ac6c","habitat":"open_grassland","habitat_label":"Open grassland or shrubland","resolution_m":50}},{"type":"Feature","geometry":{"type":"MultiPolygon","coordinates":[[[[101.85437737308446,3.0518076858857426],[101.8541418,3.051691796623315],[101.85356837157221,3.0518076858857426],[101.85437737308446,3.0518076858857426]]],[[[101.85178633113166,3.0521678344008567],[101.85334095630333,3.0522001592615644],[101.85334095630333,3.051853646267943],[101.85178633113166,3.0521678344008567]]],[[[101.86266870733343,3.0521757321282434],[101.86163229055231,3.0520661375972047],[101.86163229055231,3.0522001592615644],[101.86266870733343,3.0521757321282434]]],[[[101.86733258284848,3.0529851064317937],[101.86681437445792,3.0527882600955083],[101.86681437445792,3.0529851064317937],[101.86733258284848,3.0529851064317937]]],[[[101.84608603883548,3.0541625282338756],[101.84660424722605,3.0541625282338756],[101.84660424722605,3.0533775802262384],[101.84815887239772,3.0533775802262384],[101.84815887239772,3.0529851064317937],[101.85074991435053,3.0529851064317937],[101.85126812274109,3.0522725637983634],[101.84460009999997,3.0535814966212778],[101.84401320527324,3.053962243434836],[101.84453141366382,3.0545550024471058],[101.84504962205438,3.0545550024471058],[101.84504962205438,3.0541625282338756],[101.84608603883548,3.0545550024471058],[101.84608603883548,3.0541625282338756]]],[[[101.87458750031632,3.053770054160259],[101.87406929192576,3.0534638205829228],[101.87406929192576,3.053770054160259],[101.87458750031632,3.053770054160259]]],[[[101.86785079123902,3.053770054160259],[101.86681437445792,3.0541625282338756],[101.86733258284848,3.054947476799966],[101.8683689996296,3.0545550024471058],[101.86785079123902,3.053770054160259]]],[[[101.87199645836351,3.053770054160259],[101.87199645836351,3.0532899366861623],[101.87147824997297,3.053239769016835],[101.87147824997297,3.053770054160259],[101.87096004158239,3.053770054160259],[101.87096004158239,3.054947476799966],[101.87044183319183,3.054947476799966],[101.87096004158239,3.0557324259246537],[101.87251466675409,3.054947476799966],[101.87251466675409,3.053770054160259],[101.87199645836351,3.053770054160259]]],[[[101.87251466675409,3.0576948011811855],[101.87199645836351,3.058479752262103],[101.87303287514463,3.0588722280122704],[101.8735510835352,3.058087276651747],[101.87251466675409,3.0576948011811855]]],[[[101.876142125488,3.058087276651747],[101.87510570870688,3.058479752262103],[101.87562391709744,3.0592647039022687],[101.87666033387856,3.0588722280122704],[101.876142125488,3.058087276651747]]],[[[101.87458750031632,3.0592647039022687],[101.8735510835352,3.059657179932115],[101.87406929192576,3.0604421324114233],[101.87510570870688,3.0600496561018264],[101.87458750031632,3.0592647039022687]]],[[[101.87925137583136,3.0663292938537863],[101.87873316744081,3.0663292938537863],[101.87873316744081,3.065936815443755],[101.87769675065968,3.065936815443755],[101.87769675065968,3.065544337173879],[101.87666033387856,3.065936815443755],[101.87666033387856,3.0663292938537863],[101.87717854226912,3.0663292938537863],[101.87717854226912,3.0667217724039917],[101.87821495905024,3.0667217724039917],[101.87821495905024,3.067114251094388],[101.87873316744081,3.067114251094388],[101.87925137583136,3.0663292938537863]]],[[[101.87666033387856,3.0667217724039917],[101.87666033387856,3.067114251094388],[101.876142125488,3.067114251094388],[101.876142125488,3.0678992088958283],[101.87717854226912,3.0682916880069078],[101.87717854226912,3.0678992088958283],[101.87769675065968,3.0678992088958283],[101.87769675065968,3.067114251094388],[101.87666033387856,3.0667217724039917]]],[[[101.84297678849211,3.0989054922543002],[101.84297678849211,3.0985130021483314],[101.84245858010158,3.0985130021483314],[101.84245858010158,3.0969430431408407],[101.841940371711,3.0969430431408407],[101.841940371711,3.096550553742973],[101.84090395492987,3.096550553742973],[101.84038574653931,3.0973355326802916],[101.8393493297582,3.0969430431408407],[101.8393493297582,3.096550553742973],[101.84090395492987,3.095765575371917],[101.84090395492987,3.0949805975669786],[101.84038574653931,3.0949805975669786],[101.84038574653931,3.0945881088767604],[101.8393493297582,3.0945881088767604],[101.8393493297582,3.0949805975669786],[101.83883112136763,3.0949805975669786],[101.83883112136763,3.095765575371917],[101.83779470458653,3.0962822267052776],[101.83869571590522,3.097728022361346],[101.8398768,3.0978464965733448],[101.84038574653931,3.1000829634223233],[101.84142216332044,3.0996904728912775],[101.84142216332044,3.0992979825019424],[101.84245858010158,3.0992979825019424],[101.84245858010158,3.0989054922543002],[101.84297678849211,3.0989054922543002]]],[[[101.876142125488,3.1044003686218913],[101.87510570870688,3.1044003686218913],[101.87458750031632,3.105185353229802],[101.87510570870688,3.105185353229802],[101.87510570870688,3.105577845746694],[101.876142125488,3.105577845746694],[101.876142125488,3.105185353229802],[101.87666033387856,3.105185353229802],[101.876142125488,3.1044003686218913]]],[[[101.86733258284848,3.1063628312064413],[101.86722445717466,3.1059703384055672],[101.86697702193678,3.1063628312064413],[101.86733258284848,3.1063628312064413]]],[[[101.86681437445792,3.1066017883181956],[101.86670986946474,3.106755324149332],[101.86681437445792,3.106755324149332],[101.86681437445792,3.1066017883181956]]],[[[101.86617556452067,3.107540310461242],[101.86591569999999,3.1079220965624237],[101.86592124717133,3.1079328038302956],[101.86629616606736,3.1079328038302956],[101.86617556452067,3.107540310461242]]],[[[101.86629616606736,3.1169601905720623],[101.86629616606736,3.1169436271968567],[101.86625171363173,3.1169601905720623],[101.86629616606736,3.1169601905720623]]],[[[101.86681437445792,3.1177451842830117],[101.86629616606736,3.1177451842830117],[101.86608312525016,3.117352687356275],[101.8662751,3.1178664965516605],[101.86681437445792,3.1177451842830117]]],[[[101.88236062617473,3.053770054160259],[101.88132420939361,3.0536186846479763],[101.88132420939361,3.053770054160259],[101.88236062617473,3.053770054160259]]],[[[101.88391525134641,3.053770054160259],[101.88339704295585,3.05361460698878],[101.88339704295585,3.053770054160259],[101.88391525134641,3.053770054160259]]],[[[101.87821495905024,3.071824006320677],[101.87769675065968,3.072608967490189],[101.87873316744081,3.0730014482856305],[101.87925137583136,3.072216486835211],[101.87821495905024,3.071824006320677]]],[[[101.88236062617473,3.0737864102979735],[101.88184241778417,3.074571372872385],[101.88287883456529,3.074963854370412],[101.88339704295585,3.0741788915149115],[101.88236062617473,3.0737864102979735]]],[[[101.87976958422193,3.0753563360090106],[101.87976958422193,3.074963854370412],[101.87925137583136,3.074963854370412],[101.87873316744081,3.075748817788198],[101.87925137583136,3.075748817788198],[101.87925137583136,3.0761412997079933],[101.88132420939361,3.0773187463112044],[101.88132420939361,3.076926263969477],[101.88184241778417,3.076926263969477],[101.88184241778417,3.0765337817684135],[101.88132420939361,3.0765337817684135],[101.88132420939361,3.075748817788198],[101.88080600100305,3.075748817788198],[101.88080600100305,3.0753563360090106],[101.87976958422193,3.0753563360090106]]],[[[101.87925137583136,3.0788886770850876],[101.87925137583136,3.0792811601303933],[101.87976958422193,3.0792811601303933],[101.87976958422193,3.0788886770850876],[101.88184241778417,3.078496194180533],[101.88184241778417,3.078103711416713],[101.88236062617473,3.078103711416713],[101.88236062617473,3.0777112287936097],[101.88287883456529,3.0777112287936097],[101.88287883456529,3.0773187463112044],[101.88339704295585,3.0773187463112044],[101.88339704295585,3.076926263969477],[101.88391525134641,3.076926263969477],[101.88546987651809,3.0753563360090106],[101.88443345973697,3.074963854370412],[101.88443345973697,3.0753563360090106],[101.88391525134641,3.0753563360090106],[101.88391525134641,3.075748817788198],[101.88339704295585,3.075748817788198],[101.88339704295585,3.0761412997079933],[101.88287883456529,3.0761412997079933],[101.88132420939361,3.0777112287936097],[101.87925137583136,3.0777112287936097],[101.87925137583136,3.078103711416713],[101.87873316744081,3.078103711416713],[101.87873316744081,3.0788886770850876],[101.87925137583136,3.0788886770850876]]],[[[101.89220658559539,3.089485768771592],[101.89117016881426,3.0898782556240407],[101.89168837720482,3.090663229752733],[101.89272479398593,3.090270742617748],[101.89220658559539,3.089485768771592]]],[[[101.88702450168978,3.090270742617748],[101.8865062932992,3.091055717029011],[101.88754271008034,3.091448204446602],[101.8880609184709,3.090663229752733],[101.88702450168978,3.090270742617748]]],[[[101.89376121076707,3.0926256675474337],[101.89324300237651,3.0934106436548823],[101.89427941915763,3.0938031319207293],[101.89479762754819,3.0930181555304563],[101.89376121076707,3.0926256675474337]]],[[[101.89272479398593,3.095765575371917],[101.89168837720482,3.0961580644866706],[101.89220658559539,3.0969430431408407],[101.89324300237651,3.096550553742973],[101.89272479398593,3.095765575371917]]],[[[101.897388669501,3.09812051218402],[101.89635225271986,3.09812051218402],[101.8958340443293,3.0989054922543002],[101.89635225271986,3.0989054922543002],[101.89635225271986,3.0992979825019424],[101.897388669501,3.0992979825019424],[101.897388669501,3.0989054922543002],[101.89790687789156,3.0989054922543002],[101.897388669501,3.09812051218402]]],[[[101.88857912686146,3.0989054922543002],[101.88754271008034,3.0992979825019424],[101.8880609184709,3.1000829634223233],[101.88909733525202,3.099666942272707],[101.88857912686146,3.0989054922543002]]],[[[101.88702450168978,3.1000829634223233],[101.8865062932992,3.0992979825019424],[101.88598808490866,3.0992979825019424],[101.88598808490866,3.0996904728912775],[101.88546987651809,3.0996904728912775],[101.88546987651809,3.0992979825019424],[101.88443345973697,3.0996904728912775],[101.88495166812754,3.1004754540950974],[101.88546987651809,3.1004754540950974],[101.88546987651809,3.1000829634223233],[101.88598808490866,3.1000829634223233],[101.88598808490866,3.1004754540950974],[101.88702450168978,3.1000829634223233]]],[[[101.8984250862821,3.0992979825019424],[101.89790687789156,3.1000829634223233],[101.89894329467268,3.1004754540950974],[101.89946150306324,3.0996904728912775],[101.8984250862821,3.0992979825019424]]],[[[101.88184241778417,3.102830401109056],[101.88080600100305,3.1032228927744367],[101.88132420939361,3.104007876530837],[101.88236062617473,3.1036153845816914],[101.88184241778417,3.102830401109056]]],[[[101.90671642053108,3.1032228927744367],[101.90568000374995,3.102830401109056],[101.9051617953594,3.1036153845816914],[101.90671642053108,3.1044003686218913],[101.90671642053108,3.104007876530837],[101.90723462892164,3.104007876530837],[101.90671642053108,3.1032228927744367]]],[[[101.88028779261248,3.1036153845816914],[101.87925137583136,3.1032228927744367],[101.87925137583136,3.1036153845816914],[101.87821495905024,3.1036153845816914],[101.87769675065968,3.1044003686218913],[101.87873316744081,3.1047928608548743],[101.87873316744081,3.1044003686218913],[101.87976958422193,3.1044003686218913],[101.88028779261248,3.1036153845816914]]],[[[101.95283696729098,3.1169601905720623],[101.9523187589004,3.1177451842830117],[101.95335517568154,3.1181376813522914],[101.95387338407211,3.117352687356275],[101.95283696729098,3.1169601905720623]]],[[[101.92329908902902,3.138547725826972],[101.92278088063846,3.1393327352703175],[101.9237425213099,3.1397252402072877],[101.92433550581015,3.1389402304768845],[101.92329908902902,3.138547725826972]]]]},"properties":{"place_id":"e5cc1373-8b00-5838-bb11-0cf3d324ac6c","habitat":"disturbed_built_edge","habitat_label":"Disturbed, bare or built edge","resolution_m":50}},{"type":"Feature","geometry":{"type":"MultiPolygon","coordinates":[[[[101.87717854226912,3.0624045160583044],[101.87666033387856,3.0624045160583044],[101.87666033387856,3.062796993207586],[101.87717854226912,3.062796993207586],[101.87717854226912,3.0624045160583044]]],[[[101.87821495905024,3.06318947049688],[101.87769675065968,3.06318947049688],[101.87769675065968,3.0635819479262016],[101.87821495905024,3.0635819479262016],[101.87821495905024,3.06318947049688]]]]},"properties":{"place_id":"e5cc1373-8b00-5838-bb11-0cf3d324ac6c","habitat":"cropland","habitat_label":"Cropland","resolution_m":50}},{"type":"Feature","geometry":{"type":"MultiPolygon","coordinates":[[[[101.84971349756943,3.0525926327769084],[101.84971349756943,3.0529851064317937],[101.84867708078829,3.0529851064317937],[101.84919528917885,3.053770054160259],[101.85023170595997,3.053770054160259],[101.85023170595997,3.0533775802262384],[101.85074991435053,3.0533775802262384],[101.85074991435053,3.0525926327769084],[101.84971349756943,3.0525926327769084]]],[[[101.87303287514463,3.054947476799966],[101.87303287514463,3.053378010426374],[101.87251466675409,3.0533347796950254],[101.87251466675409,3.054947476799966],[101.87303287514463,3.054947476799966]]],[[[101.8735510835352,3.056124900696517],[101.8735510835352,3.0553399512924764],[101.87303287514463,3.0553399512924764],[101.87303287514463,3.056124900696517],[101.8735510835352,3.056124900696517]]],[[[101.87666033387856,3.0573023258504],[101.876142125488,3.0573023258504],[101.876142125488,3.0569098506593724],[101.87510570870688,3.0569098506593724],[101.87510570870688,3.0573023258504],[101.87562391709744,3.0573023258504],[101.87562391709744,3.058087276651747],[101.876142125488,3.058087276651747],[101.876142125488,3.0592647039022687],[101.87666033387856,3.0592647039022687],[101.87666033387856,3.058087276651747],[101.87717854226912,3.058087276651747],[101.87666033387856,3.0573023258504]]],[[[101.87562391709744,3.058479752262103],[101.87510570870688,3.058479752262103],[101.87510570870688,3.0592647039022687],[101.87458750031632,3.0592647039022687],[101.87458750031632,3.060834608860922],[101.87562391709744,3.060834608860922],[101.87562391709744,3.0604421324114233],[101.87510570870688,3.0604421324114233],[101.87510570870688,3.0600496561018264],[101.87562391709744,3.0600496561018264],[101.87562391709744,3.058479752262103]]],[[[101.87821495905024,3.06318947049688],[101.87821495905024,3.0635819479262016],[101.87717854226912,3.0635819479262016],[101.87717854226912,3.0639744254955708],[101.87769675065968,3.0639744254955708],[101.87769675065968,3.0651518590441413],[101.87925137583136,3.0651518590441413],[101.87925137583136,3.0639744254955708],[101.87873316744081,3.0639744254955708],[101.87873316744081,3.06318947049688],[101.87821495905024,3.06318947049688]]],[[[101.876142125488,3.0647593810545226],[101.876142125488,3.0651518590441413],[101.87666033387856,3.0651518590441413],[101.87666033387856,3.0647593810545226],[101.876142125488,3.0647593810545226]]],[[[101.87717854226912,3.065544337173879],[101.87717854226912,3.0651518590441413],[101.87666033387856,3.0651518590441413],[101.87666033387856,3.065544337173879],[101.87717854226912,3.065544337173879]]],[[[101.87769675065968,3.065936815443755],[101.87769675065968,3.065544337173879],[101.87717854226912,3.065544337173879],[101.87717854226912,3.065936815443755],[101.87769675065968,3.065936815443755]]],[[[101.88028779261248,3.065936815443755],[101.87976958422193,3.065936815443755],[101.87976958422193,3.0663292938537863],[101.88028779261248,3.0663292938537863],[101.88028779261248,3.065936815443755]]],[[[101.88598808490866,3.0918406920055244],[101.88702450168978,3.092233179705796],[101.88702450168978,3.090663229752733],[101.8865062932992,3.090663229752733],[101.8865062932992,3.091448204446602],[101.88598808490866,3.091448204446602],[101.88598808490866,3.0918406920055244]]],[[[101.84142216332044,3.0989054922543002],[101.84142216332044,3.0985130021483314],[101.84090395492987,3.0985130021483314],[101.84090395492987,3.0989054922543002],[101.84142216332044,3.0989054922543002]]],[[[101.89635225271986,3.0714315259465708],[101.897388669501,3.0714315259465708],[101.897388669501,3.070646565619565],[101.89687046111042,3.070646565619565],[101.89635225271986,3.0714315259465708]]],[[[101.89427941915763,3.072608967490189],[101.8958340443293,3.072608967490189],[101.8958340443293,3.071824006320677],[101.89635225271986,3.071824006320677],[101.89635225271986,3.0714315259465708],[101.89531583593875,3.0714315259465708],[101.89427941915763,3.072608967490189]]],[[[101.89427941915763,3.0730014482856305],[101.89427941915763,3.072608967490189],[101.89376121076707,3.072608967490189],[101.89376121076707,3.0730014482856305],[101.89427941915763,3.0730014482856305]]],[[[101.89376121076707,3.0730014482856305],[101.89324300237651,3.0730014482856305],[101.89324300237651,3.073393929221552],[101.89376121076707,3.073393929221552],[101.89376121076707,3.0730014482856305]]],[[[101.89272479398593,3.0737864102979735],[101.89324300237651,3.0737864102979735],[101.89324300237651,3.073393929221552],[101.89272479398593,3.073393929221552],[101.89272479398593,3.0737864102979735]]],[[[101.89272479398593,3.0741788915149115],[101.89272479398593,3.0737864102979735],[101.89220658559539,3.0737864102979735],[101.89220658559539,3.0741788915149115],[101.89272479398593,3.0741788915149115]]],[[[101.91345312960837,3.092233179705796],[101.91241671282727,3.092233179705796],[101.91189850443669,3.0930181555304563],[101.9093074624839,3.0930181555304563],[101.9093074624839,3.0934106436548823],[101.90827104570276,3.0934106436548823],[101.90827104570276,3.0930181555304563],[101.9077528373122,3.0930181555304563],[101.9077528373122,3.0934106436548823],[101.90723462892164,3.0934106436548823],[101.90723462892164,3.0930181555304563],[101.90619821214052,3.0930181555304563],[101.90568000374995,3.0938031319207293],[101.90464358696885,3.0934106436548823],[101.90464358696885,3.0941956203280165],[101.90308896179715,3.0941956203280165],[101.90308896179715,3.0938031319207293],[101.9025707534066,3.0938031319207293],[101.9025707534066,3.0930181555304563],[101.90153433662547,3.0930181555304563],[101.90153433662547,3.0926256675474337],[101.90049791984436,3.092233179705796],[101.90049791984436,3.091448204446602],[101.8999797114538,3.091448204446602],[101.8999797114538,3.091055717029011],[101.90049791984436,3.091055717029011],[101.90049791984436,3.090270742617748],[101.8999797114538,3.090270742617748],[101.8999797114538,3.0898782556240407],[101.8984250862821,3.0898782556240407],[101.89790687789156,3.0871308506223123],[101.897388669501,3.0871308506223123],[101.897388669501,3.087915822774019],[101.89635225271986,3.087915822774019],[101.89635225271986,3.08752333662759],[101.8958340443293,3.08752333662759],[101.89635225271986,3.0859533934531966],[101.89427941915763,3.085168422712538],[101.89427941915763,3.0839909676593154],[101.89479762754819,3.0839909676593154],[101.89479762754819,3.081636061359037],[101.89427941915763,3.081636061359037],[101.89427941915763,3.0820285453901155],[101.89324300237651,3.0820285453901155],[101.89324300237651,3.081636061359037],[101.89272479398593,3.081636061359037],[101.89272479398593,3.0808510937195],[101.89220658559539,3.0808510937195],[101.89117016881426,3.0796736433164695],[101.89013375203314,3.0796736433164695],[101.89013375203314,3.0792811601303933],[101.88961554364258,3.0792811601303933],[101.88961554364258,3.0788886770850876],[101.89013375203314,3.0788886770850876],[101.8906519604237,3.0753563360090106],[101.89168837720482,3.0753563360090106],[101.89168837720482,3.074571372872385],[101.89220658559539,3.074571372872385],[101.89220658559539,3.0741788915149115],[101.89117016881426,3.0741788915149115],[101.89013375203314,3.0753563360090106],[101.88754271008034,3.0753563360090106],[101.88754271008034,3.074963854370412],[101.88495166812754,3.0753563360090106],[101.88495166812754,3.075748817788198],[101.88443345973697,3.075748817788198],[101.88443345973697,3.0761412997079933],[101.88391525134641,3.0761412997079933],[101.88391525134641,3.0765337817684135],[101.88339704295585,3.0765337817684135],[101.88339704295585,3.076926263969477],[101.88287883456529,3.076926263969477],[101.88132420939361,3.078496194180533],[101.87925137583136,3.0788886770850876],[101.87925137583136,3.0796736433164695],[101.87873316744081,3.0796736433164695],[101.87873316744081,3.080458610111005],[101.87821495905024,3.080458610111005],[101.87821495905024,3.0808510937195],[101.87925137583136,3.0808510937195],[101.87925137583136,3.080458610111005],[101.88184241778417,3.0808510937195],[101.88184241778417,3.0812435774688383],[101.88236062617473,3.0812435774688383],[101.88236062617473,3.0828135138749784],[101.8865062932992,3.0828135138749784],[101.8865062932992,3.084383452536046],[101.88702450168978,3.084383452536046],[101.88702450168978,3.085168422712538],[101.88754271008034,3.085168422712538],[101.88754271008034,3.0859533934531966],[101.8880609184709,3.0859533934531966],[101.8880609184709,3.0867383647581654],[101.8865062932992,3.0867383647581654],[101.8865062932992,3.0890932820603836],[101.88754271008034,3.089485768771592],[101.88754271008034,3.090663229752733],[101.88857912686146,3.090663229752733],[101.88857912686146,3.090270742617748],[101.88909733525202,3.090270742617748],[101.88909733525202,3.089485768771592],[101.88961554364258,3.089485768771592],[101.89013375203314,3.0887007954903973],[101.8906519604237,3.0887007954903973],[101.8906519604237,3.0890932820603836],[101.89324300237651,3.0890932820603836],[101.89324300237651,3.0887007954903973],[101.89427941915763,3.0890932820603836],[101.89427941915763,3.0898782556240407],[101.89531583593875,3.090270742617748],[101.89531583593875,3.092233179705796],[101.89635225271986,3.092233179705796],[101.89635225271986,3.0926256675474337],[101.89687046111042,3.0926256675474337],[101.89687046111042,3.0934106436548823],[101.89635225271986,3.0934106436548823],[101.89635225271986,3.0938031319207293],[101.897388669501,3.0938031319207293],[101.897388669501,3.0949805975669786],[101.89790687789156,3.0949805975669786],[101.89790687789156,3.0945881088767604],[101.89894329467268,3.0945881088767604],[101.89894329467268,3.0949805975669786],[101.89946150306324,3.0949805975669786],[101.89946150306324,3.095373086398692],[101.89894329467268,3.095373086398692],[101.89894329467268,3.0961580644866706],[101.8984250862821,3.0961580644866706],[101.8984250862821,3.0969430431408407],[101.89790687789156,3.0969430431408407],[101.89790687789156,3.0973355326802916],[101.89635225271986,3.0973355326802916],[101.89635225271986,3.09812051218402],[101.897388669501,3.09812051218402],[101.897388669501,3.097728022361346],[101.8984250862821,3.09812051218402],[101.89894329467268,3.0973355326802916],[101.90101612823491,3.0973355326802916],[101.90101612823491,3.09812051218402],[101.90049791984436,3.09812051218402],[101.8999797114538,3.0996904728912775],[101.90101612823491,3.0992979825019424],[101.90101612823491,3.1000829634223233],[101.90153433662547,3.1000829634223233],[101.90153433662547,3.0996904728912775],[101.9025707534066,3.1000829634223233],[101.9025707534066,3.0996904728912775],[101.90360717018771,3.0992979825019424],[101.90360717018771,3.097728022361346],[101.90464358696885,3.097728022361346],[101.90464358696885,3.0989054922543002],[101.9051617953594,3.0989054922543002],[101.9051617953594,3.1012604358659046],[101.90568000374995,3.1012604358659046],[101.90568000374995,3.102830401109056],[101.90619821214052,3.102830401109056],[101.90723462892164,3.104007876530837],[101.90827104570276,3.104007876530837],[101.90827104570276,3.1032228927744367],[101.9077528373122,3.1032228927744367],[101.9077528373122,3.102830401109056],[101.90671642053108,3.102830401109056],[101.90671642053108,3.1016529269639723],[101.9077528373122,3.1012604358659046],[101.9077528373122,3.1008679449096186],[101.90723462892164,3.1008679449096186],[101.90723462892164,3.0985130021483314],[101.9077528373122,3.0985130021483314],[101.9077528373122,3.0973355326802916],[101.9093074624839,3.0973355326802916],[101.9093074624839,3.096550553742973],[101.91086208765556,3.096550553742973],[101.91086208765556,3.095765575371917],[101.91189850443669,3.095765575371917],[101.91189850443669,3.095373086398692],[101.91397133799893,3.095373086398692],[101.91397133799893,3.096550553742973],[101.9144895463895,3.096550553742973],[101.9144895463895,3.0969430431408407],[101.91604417156117,3.0969430431408407],[101.91604417156117,3.0973355326802916],[101.91656237995174,3.0973355326802916],[101.91656237995174,3.0969430431408407],[101.9181170051234,3.0969430431408407],[101.9181170051234,3.0973355326802916],[101.91863521351398,3.0973355326802916],[101.91863521351398,3.095765575371917],[101.91604417156117,3.0961580644866706],[101.91604417156117,3.095765575371917],[101.91552596317061,3.095765575371917],[101.91552596317061,3.0945881088767604],[101.91500775478005,3.0945881088767604],[101.91500775478005,3.0941956203280165],[101.91656237995174,3.0941956203280165],[101.91656237995174,3.0934106436548823],[101.9170805883423,3.0934106436548823],[101.91759879673285,3.0926256675474337],[101.91656237995174,3.0926256675474337],[101.91656237995174,3.0930181555304563],[101.91397133799893,3.0930181555304563],[101.91345312960837,3.092233179705796]],[[101.90205254501603,3.0989054922543002],[101.90205254501603,3.0992979825019424],[101.90153433662547,3.0992979825019424],[101.90153433662547,3.0989054922543002],[101.90205254501603,3.0989054922543002]]],[[[101.9181170051234,3.092233179705796],[101.91759879673285,3.092233179705796],[101.91759879673285,3.0926256675474337],[101.9181170051234,3.0926256675474337],[101.9181170051234,3.092233179705796]]],[[[101.89635225271986,3.0973355326802916],[101.89635225271986,3.0969430431408407],[101.8958340443293,3.0969430431408407],[101.8958340443293,3.0973355326802916],[101.89635225271986,3.0973355326802916]]],[[[101.90827104570276,3.1044003686218913],[101.90827104570276,3.105185353229802],[101.90878925409332,3.105185353229802],[101.90878925409332,3.1044003686218913],[101.90827104570276,3.1044003686218913]]],[[[101.9093074624839,3.105577845746694],[101.9093074624839,3.105185353229802],[101.90878925409332,3.105185353229802],[101.90878925409332,3.105577845746694],[101.9093074624839,3.105577845746694]]]]},"properties":{"place_id":"e5cc1373-8b00-5838-bb11-0cf3d324ac6c","habitat":"permanent_water","habitat_label":"Permanent water","resolution_m":50}},{"type":"Feature","geometry":{"type":"MultiPolygon","coordinates":[[[[101.87251466675409,3.0533775802262384],[101.87302771831965,3.0533775802262384],[101.87251466675409,3.0533347796950254],[101.87251466675409,3.0533775802262384]]],[[[101.84971349756943,3.053770054160259],[101.84971349756943,3.0541625282338756],[101.85023170595997,3.0541625282338756],[101.85023170595997,3.053770054160259],[101.84971349756943,3.053770054160259]]],[[[101.87510570870688,3.0588722280122704],[101.87510570870688,3.0592647039022687],[101.87562391709744,3.0592647039022687],[101.87562391709744,3.0588722280122704],[101.87510570870688,3.0588722280122704]]],[[[101.876142125488,3.0588722280122704],[101.876142125488,3.0592647039022687],[101.87666033387856,3.0592647039022687],[101.87666033387856,3.0588722280122704],[101.876142125488,3.0588722280122704]]],[[[101.87510570870688,3.059657179932115],[101.87510570870688,3.0600496561018264],[101.87562391709744,3.0600496561018264],[101.87562391709744,3.059657179932115],[101.87510570870688,3.059657179932115]]],[[[101.87769675065968,3.06318947049688],[101.87769675065968,3.0635819479262016],[101.87821495905024,3.0635819479262016],[101.87821495905024,3.06318947049688],[101.87769675065968,3.06318947049688]]],[[[101.87717854226912,3.0639744254955708],[101.87717854226912,3.064366903205005],[101.87769675065968,3.064366903205005],[101.87769675065968,3.0639744254955708],[101.87717854226912,3.0639744254955708]]],[[[101.87666033387856,3.065544337173879],[101.87666033387856,3.065936815443755],[101.87717854226912,3.065936815443755],[101.87717854226912,3.065544337173879],[101.87666033387856,3.065544337173879]]],[[[101.88028779261248,3.067114251094388],[101.88028779261248,3.067506729924994],[101.88080600100305,3.067506729924994],[101.88080600100305,3.067114251094388],[101.88028779261248,3.067114251094388]]],[[[101.89376121076707,3.072608967490189],[101.89376121076707,3.0730014482856305],[101.89427941915763,3.0730014482856305],[101.89427941915763,3.072608967490189],[101.89376121076707,3.072608967490189]]],[[[101.89272479398593,3.0737864102979735],[101.89272479398593,3.0741788915149115],[101.89324300237651,3.0741788915149115],[101.89324300237651,3.0737864102979735],[101.89272479398593,3.0737864102979735]]],[[[101.88495166812754,3.076926263969477],[101.88495166812754,3.0765337817684135],[101.88391525134641,3.0761412997079933],[101.88391525134641,3.076926263969477],[101.88495166812754,3.076926263969477]]],[[[101.88287883456529,3.076926263969477],[101.88287883456529,3.0773187463112044],[101.88339704295585,3.0773187463112044],[101.88339704295585,3.076926263969477],[101.88287883456529,3.076926263969477]]],[[[101.87925137583136,3.0788886770850876],[101.87925137583136,3.0792811601303933],[101.88028779261248,3.0792811601303933],[101.88028779261248,3.0788886770850876],[101.87925137583136,3.0788886770850876]]],[[[101.87925137583136,3.080066126643334],[101.87925137583136,3.080458610111005],[101.87976958422193,3.080458610111005],[101.87976958422193,3.080066126643334],[101.87925137583136,3.080066126643334]]],[[[101.89427941915763,3.0820285453901155],[101.89376121076707,3.0820285453901155],[101.89376121076707,3.082421029562089],[101.89427941915763,3.082421029562089],[101.89427941915763,3.0820285453901155]]],[[[101.8865062932992,3.0839909676593154],[101.8865062932992,3.084383452536046],[101.88702450168978,3.084383452536046],[101.88702450168978,3.0839909676593154],[101.8865062932992,3.0839909676593154]]],[[[101.89376121076707,3.0839909676593154],[101.89376121076707,3.084383452536046],[101.89427941915763,3.084383452536046],[101.89427941915763,3.0839909676593154],[101.89376121076707,3.0839909676593154]]],[[[101.88702450168978,3.085168422712538],[101.88702450168978,3.085560908012338],[101.88754271008034,3.085560908012338],[101.88754271008034,3.085168422712538],[101.88702450168978,3.085168422712538]]],[[[101.8865062932992,3.0887007954903973],[101.8865062932992,3.0890932820603836],[101.88702450168978,3.0890932820603836],[101.88702450168978,3.0887007954903973],[101.8865062932992,3.0887007954903973]]],[[[101.89687046111042,3.070646565619565],[101.89687046111042,3.0714315259465708],[101.897388669501,3.0714315259465708],[101.897388669501,3.070646565619565],[101.89687046111042,3.070646565619565]]],[[[101.8958340443293,3.0714315259465708],[101.8958340443293,3.071824006320677],[101.89635225271986,3.071824006320677],[101.89635225271986,3.0714315259465708],[101.8958340443293,3.0714315259465708]]],[[[101.8958340443293,3.072608967490189],[101.8958340443293,3.071824006320677],[101.89479762754819,3.071824006320677],[101.89479762754819,3.072216486835211],[101.8958340443293,3.072608967490189]]],[[[101.89427941915763,3.0890932820603836],[101.89427941915763,3.089485768771592],[101.89479762754819,3.089485768771592],[101.89479762754819,3.0890932820603836],[101.89427941915763,3.0890932820603836]]],[[[101.89479762754819,3.0898782556240407],[101.89479762754819,3.090270742617748],[101.89531583593875,3.090270742617748],[101.89531583593875,3.0898782556240407],[101.89479762754819,3.0898782556240407]]],[[[101.8999797114538,3.090663229752733],[101.8999797114538,3.091055717029011],[101.90049791984436,3.091055717029011],[101.90049791984436,3.090663229752733],[101.8999797114538,3.090663229752733]]],[[[101.8958340443293,3.0918406920055244],[101.8958340443293,3.092233179705796],[101.89635225271986,3.092233179705796],[101.89635225271986,3.0918406920055244],[101.8958340443293,3.0918406920055244]]],[[[101.8958340443293,3.0926256675474337],[101.8958340443293,3.092233179705796],[101.89531583593875,3.092233179705796],[101.89531583593875,3.0926256675474337],[101.8958340443293,3.0926256675474337]]],[[[101.89635225271986,3.0930181555304563],[101.89635225271986,3.0934106436548823],[101.89687046111042,3.0934106436548823],[101.89687046111042,3.0930181555304563],[101.89635225271986,3.0930181555304563]]],[[[101.89635225271986,3.0938031319207293],[101.89635225271986,3.0941956203280165],[101.89687046111042,3.0941956203280165],[101.89687046111042,3.0938031319207293],[101.89635225271986,3.0938031319207293]]],[[[101.897388669501,3.0938031319207293],[101.897388669501,3.0941956203280165],[101.89790687789156,3.0941956203280165],[101.89790687789156,3.0938031319207293],[101.897388669501,3.0938031319207293]]],[[[101.89790687789156,3.0945881088767604],[101.89894329467268,3.0945881088767604],[101.89894329467268,3.0941956203280165],[101.89790687789156,3.0941956203280165],[101.89790687789156,3.0945881088767604]]],[[[101.89946150306324,3.0945881088767604],[101.89894329467268,3.0945881088767604],[101.89894329467268,3.0949805975669786],[101.89946150306324,3.0949805975669786],[101.89946150306324,3.0945881088767604]]],[[[101.89894329467268,3.095373086398692],[101.89894329467268,3.095765575371917],[101.89946150306324,3.095765575371917],[101.89946150306324,3.095373086398692],[101.89894329467268,3.095373086398692]]],[[[101.89894329467268,3.097728022361346],[101.89894329467268,3.0969430431408407],[101.89946150306324,3.0969430431408407],[101.89946150306324,3.096550553742973],[101.8984250862821,3.096550553742973],[101.8984250862821,3.097728022361346],[101.89894329467268,3.097728022361346]]],[[[101.8999797114538,3.0969430431408407],[101.8999797114538,3.0973355326802916],[101.90101612823491,3.0973355326802916],[101.90101612823491,3.0969430431408407],[101.8999797114538,3.0969430431408407]]],[[[101.8958340443293,3.0973355326802916],[101.8958340443293,3.097728022361346],[101.89635225271986,3.097728022361346],[101.89635225271986,3.0973355326802916],[101.8958340443293,3.0973355326802916]]],[[[101.89687046111042,3.097728022361346],[101.897388669501,3.097728022361346],[101.897388669501,3.0973355326802916],[101.89687046111042,3.0973355326802916],[101.89687046111042,3.097728022361346]]],[[[101.89790687789156,3.097728022361346],[101.897388669501,3.097728022361346],[101.897388669501,3.09812051218402],[101.89790687789156,3.09812051218402],[101.89790687789156,3.097728022361346]]],[[[101.90049791984436,3.1000829634223233],[101.90049791984436,3.1008679449096186],[101.90101612823491,3.1008679449096186],[101.90101612823491,3.1000829634223233],[101.90049791984436,3.1000829634223233]]],[[[101.9181170051234,3.0918406920055244],[101.9181170051234,3.092233179705796],[101.91863521351398,3.092233179705796],[101.91863521351398,3.0918406920055244],[101.9181170051234,3.0918406920055244]]],[[[101.91189850443669,3.0926256675474337],[101.91189850443669,3.0930181555304563],[101.91241671282727,3.0930181555304563],[101.91241671282727,3.0926256675474337],[101.91189850443669,3.0926256675474337]]],[[[101.91345312960837,3.0926256675474337],[101.91345312960837,3.0930181555304563],[101.91397133799893,3.0930181555304563],[101.91397133799893,3.0926256675474337],[101.91345312960837,3.0926256675474337]]],[[[101.9170805883423,3.0926256675474337],[101.9170805883423,3.0930181555304563],[101.91759879673285,3.0930181555304563],[101.91759879673285,3.0926256675474337],[101.9170805883423,3.0926256675474337]]],[[[101.9025707534066,3.0938031319207293],[101.9025707534066,3.0941956203280165],[101.90308896179715,3.0941956203280165],[101.90308896179715,3.0938031319207293],[101.9025707534066,3.0938031319207293]]],[[[101.91656237995174,3.0938031319207293],[101.91552596317061,3.0938031319207293],[101.91552596317061,3.0941956203280165],[101.91656237995174,3.0941956203280165],[101.91656237995174,3.0938031319207293]]],[[[101.91189850443669,3.095373086398692],[101.91189850443669,3.095765575371917],[101.91241671282727,3.095765575371917],[101.91241671282727,3.095373086398692],[101.91189850443669,3.095373086398692]]],[[[101.90982567087445,3.0961580644866706],[101.90982567087445,3.096550553742973],[101.910343879265,3.096550553742973],[101.910343879265,3.0961580644866706],[101.90982567087445,3.0961580644866706]]],[[[101.9093074624839,3.096550553742973],[101.9093074624839,3.0969430431408407],[101.90982567087445,3.0969430431408407],[101.90982567087445,3.096550553742973],[101.9093074624839,3.096550553742973]]],[[[101.91397133799893,3.096550553742973],[101.91397133799893,3.0969430431408407],[101.9144895463895,3.0969430431408407],[101.9144895463895,3.096550553742973],[101.91397133799893,3.096550553742973]]],[[[101.91656237995174,3.096550553742973],[101.91656237995174,3.0969430431408407],[101.9170805883423,3.0969430431408407],[101.9170805883423,3.096550553742973],[101.91656237995174,3.096550553742973]]],[[[101.91656237995174,3.0973355326802916],[101.91656237995174,3.0969430431408407],[101.91604417156117,3.0969430431408407],[101.91604417156117,3.0973355326802916],[101.91656237995174,3.0973355326802916]]],[[[101.91759879673285,3.0969430431408407],[101.91759879673285,3.0973355326802916],[101.9181170051234,3.0973355326802916],[101.9181170051234,3.0969430431408407],[101.91759879673285,3.0969430431408407]]],[[[101.90205254501603,3.09812051218402],[101.90205254501603,3.0985130021483314],[101.9025707534066,3.0985130021483314],[101.9025707534066,3.09812051218402],[101.90205254501603,3.09812051218402]]],[[[101.90308896179715,3.0989054922543002],[101.90308896179715,3.0992979825019424],[101.90360717018771,3.0992979825019424],[101.90360717018771,3.0989054922543002],[101.90308896179715,3.0989054922543002]]],[[[101.9051617953594,3.0992979825019424],[101.9051617953594,3.1000829634223233],[101.90568000374995,3.1000829634223233],[101.90568000374995,3.0992979825019424],[101.9051617953594,3.0992979825019424]]],[[[101.90723462892164,3.1008679449096186],[101.90723462892164,3.1016529269639723],[101.9077528373122,3.1016529269639723],[101.9077528373122,3.1008679449096186],[101.90723462892164,3.1008679449096186]]],[[[101.90619821214052,3.102830401109056],[101.90619821214052,3.1032228927744367],[101.90671642053108,3.1032228927744367],[101.90671642053108,3.102830401109056],[101.90619821214052,3.102830401109056]]],[[[101.9077528373122,3.1036153845816914],[101.9077528373122,3.104007876530837],[101.90827104570276,3.104007876530837],[101.90827104570276,3.1036153845816914],[101.9077528373122,3.1036153845816914]]],[[[101.9077528373122,3.1044003686218913],[101.9077528373122,3.1047928608548743],[101.90878925409332,3.1047928608548743],[101.90878925409332,3.1044003686218913],[101.9077528373122,3.1044003686218913]]]]},"properties":{"place_id":"e5cc1373-8b00-5838-bb11-0cf3d324ac6c","habitat":"seasonal_water_wetland","habitat_label":"Seasonal water or wetland","resolution_m":50}},{"type":"Feature","geometry":{"type":"MultiPolygon","coordinates":[[[[101.85074991435053,3.0545550024471058],[101.85074991435053,3.0541625282338756],[101.85126812274109,3.0541625282338756],[101.85126812274109,3.0533775802262384],[101.85178633113166,3.0533775802262384],[101.85178633113166,3.0525926327769084],[101.85126812274109,3.0525926327769084],[101.85126812274109,3.0522725637983634],[101.84764066400717,3.053002215798032],[101.84867708078829,3.0541625282338756],[101.84919528917885,3.0541625282338756],[101.84919528917885,3.0545550024471058],[101.84971349756943,3.0545550024471058],[101.84971349756943,3.054947476799966],[101.85074991435053,3.0545550024471058]],[[101.84919528917885,3.0533775802262384],[101.84867708078829,3.0533775802262384],[101.84867708078829,3.0529851064317937],[101.85074991435053,3.0525926327769084],[101.85023170595997,3.0541625282338756],[101.84971349756943,3.0541625282338756],[101.84919528917885,3.0533775802262384]]],[[[101.87406929192576,3.056124900696517],[101.87458750031632,3.056124900696517],[101.87458750031632,3.0553399512924764],[101.87406929192576,3.0553399512924764],[101.87406929192576,3.0534638205829228],[101.87303287514463,3.053378010426374],[101.87303287514463,3.054947476799966],[101.87251466675409,3.054947476799966],[101.87251466675409,3.0533347796950254],[101.87147824997297,3.053239769016835],[101.87199645836351,3.056124900696517],[101.87251466675409,3.056124900696517],[101.87303287514463,3.0569098506593724],[101.8735510835352,3.0569098506593724],[101.87406929192576,3.056124900696517]],[[101.87303287514463,3.056124900696517],[101.87303287514463,3.0553399512924764],[101.8735510835352,3.0553399512924764],[101.8735510835352,3.056124900696517],[101.87303287514463,3.056124900696517]]],[[[101.876142125488,3.060834608860922],[101.87666033387856,3.060834608860922],[101.876142125488,3.0600496561018264],[101.87769675065968,3.0592647039022687],[101.87769675065968,3.058087276651747],[101.87821495905024,3.058087276651747],[101.87821495905024,3.0576948011811855],[101.87769675065968,3.0576948011811855],[101.876142125488,3.056124900696517],[101.87510570870688,3.056124900696517],[101.87510570870688,3.0565173756080837],[101.87406929192576,3.0569098506593724],[101.87406929192576,3.0573023258504],[101.87458750031632,3.0573023258504],[101.87458750031632,3.058479752262103],[101.87406929192576,3.058479752262103],[101.87406929192576,3.0592647039022687],[101.8735510835352,3.0592647039022687],[101.8735510835352,3.060834608860922],[101.87406929192576,3.060834608860922],[101.87458750031632,3.061619562179699],[101.87562391709744,3.061619562179699],[101.876142125488,3.060834608860922]],[[101.87562391709744,3.058479752262103],[101.87562391709744,3.0600496561018264],[101.87510570870688,3.0600496561018264],[101.87562391709744,3.060834608860922],[101.87458750031632,3.060834608860922],[101.87458750031632,3.0592647039022687],[101.87510570870688,3.0592647039022687],[101.87510570870688,3.058479752262103],[101.87562391709744,3.058479752262103]],[[101.87510570870688,3.0573023258504],[101.87510570870688,3.0569098506593724],[101.876142125488,3.0569098506593724],[101.876142125488,3.0573023258504],[101.87717854226912,3.0576948011811855],[101.87717854226912,3.058087276651747],[101.87666033387856,3.058087276651747],[101.87666033387856,3.0592647039022687],[101.876142125488,3.0592647039022687],[101.876142125488,3.058087276651747],[101.87562391709744,3.058087276651747],[101.87562391709744,3.0573023258504],[101.87510570870688,3.0573023258504]]],[[[101.88132420939361,3.067506729924994],[101.88184241778417,3.067506729924994],[101.88184241778417,3.067114251094388],[101.88080600100305,3.0667217724039917],[101.88132420939361,3.065936815443755],[101.88028779261248,3.065544337173879],[101.88028779261248,3.0639744254955708],[101.87976958422193,3.0639744254955708],[101.87976958422193,3.06318947049688],[101.87925137583136,3.06318947049688],[101.87873316744081,3.0624045160583044],[101.87769675065968,3.0624045160583044],[101.87769675065968,3.062796993207586],[101.876142125488,3.0635819479262016],[101.876142125488,3.064366903205005],[101.87510570870688,3.0647593810545226],[101.87510570870688,3.0651518590441413],[101.87562391709744,3.0651518590441413],[101.87562391709744,3.065936815443755],[101.876142125488,3.065936815443755],[101.87666033387856,3.0667217724039917],[101.87769675065968,3.0667217724039917],[101.87769675065968,3.0663292938537863],[101.87873316744081,3.065936815443755],[101.87873316744081,3.0663292938537863],[101.87976958422193,3.0667217724039917],[101.87925137583136,3.067506729924994],[101.87976958422193,3.067506729924994],[101.88028779261248,3.0682916880069078],[101.88080600100305,3.0682916880069078],[101.88132420939361,3.067506729924994]],[[101.88028779261248,3.067506729924994],[101.88028779261248,3.067114251094388],[101.88080600100305,3.067114251094388],[101.88080600100305,3.067506729924994],[101.88028779261248,3.067506729924994]],[[101.87976958422193,3.0663292938537863],[101.87976958422193,3.065936815443755],[101.88028779261248,3.065936815443755],[101.88028779261248,3.0663292938537863],[101.87976958422193,3.0663292938537863]],[[101.87769675065968,3.065936815443755],[101.87666033387856,3.065936815443755],[101.87666033387856,3.0651518590441413],[101.87717854226912,3.0651518590441413],[101.87769675065968,3.065936815443755]],[[101.876142125488,3.0651518590441413],[101.876142125488,3.0647593810545226],[101.87666033387856,3.0647593810545226],[101.87666033387856,3.0651518590441413],[101.876142125488,3.0651518590441413]],[[101.87769675065968,3.0635819479262016],[101.87769675065968,3.06318947049688],[101.87873316744081,3.06318947049688],[101.87925137583136,3.0651518590441413],[101.87769675065968,3.0651518590441413],[101.87769675065968,3.064366903205005],[101.87717854226912,3.064366903205005],[101.87717854226912,3.0635819479262016],[101.87769675065968,3.0635819479262016]]],[[[101.90982567087445,3.105577845746694],[101.910343879265,3.105577845746694],[101.910343879265,3.105185353229802],[101.90982567087445,3.105185353229802],[101.90982567087445,3.1044003686218913],[101.9093074624839,3.1044003686218913],[101.9093074624839,3.1032228927744367],[101.9077528373122,3.102437909585531],[101.9077528373122,3.1020454182038417],[101.90878925409332,3.1016529269639723],[101.90878925409332,3.1008679449096186],[101.90827104570276,3.1008679449096186],[101.90827104570276,3.0985130021483314],[101.90878925409332,3.0985130021483314],[101.90982567087445,3.0973355326802916],[101.91086208765556,3.0973355326802916],[101.91138029604613,3.096550553742973],[101.91241671282727,3.096550553742973],[101.91241671282727,3.0961580644866706],[101.9129349212178,3.0961580644866706],[101.9129349212178,3.0969430431408407],[101.91345312960837,3.0969430431408407],[101.91397133799893,3.097728022361346],[101.91604417156117,3.097728022361346],[101.91604417156117,3.09812051218402],[101.91656237995174,3.09812051218402],[101.91656237995174,3.097728022361346],[101.91759879673285,3.097728022361346],[101.91759879673285,3.09812051218402],[101.91863521351398,3.09812051218402],[101.91863521351398,3.097728022361346],[101.91967163029511,3.0973355326802916],[101.91967163029511,3.095765575371917],[101.91915342190454,3.095765575371917],[101.91863521351398,3.0949805975669786],[101.91656237995174,3.095373086398692],[101.91656237995174,3.0945881088767604],[101.91759879673285,3.0941956203280165],[101.91759879673285,3.0934106436548823],[101.9181170051234,3.0934106436548823],[101.91967163029511,3.0918406920055244],[101.91915342190454,3.0918406920055244],[101.91863521351398,3.091055717029011],[101.9181170051234,3.091055717029011],[101.91759879673285,3.0918406920055244],[101.91656237995174,3.0918406920055244],[101.91656237995174,3.092233179705796],[101.91397133799893,3.092233179705796],[101.91345312960837,3.091448204446602],[101.91241671282727,3.091448204446602],[101.91189850443669,3.092233179705796],[101.9093074624839,3.092233179705796],[101.9093074624839,3.0926256675474337],[101.90827104570276,3.0926256675474337],[101.90827104570276,3.092233179705796],[101.9077528373122,3.092233179705796],[101.9077528373122,3.0926256675474337],[101.90723462892164,3.0926256675474337],[101.90723462892164,3.092233179705796],[101.90619821214052,3.092233179705796],[101.90568000374995,3.0930181555304563],[101.90464358696885,3.0926256675474337],[101.90412537857829,3.0934106436548823],[101.90360717018771,3.0934106436548823],[101.9025707534066,3.092233179705796],[101.90153433662547,3.092233179705796],[101.90153433662547,3.091448204446602],[101.90101612823491,3.091448204446602],[101.90101612823491,3.091055717029011],[101.90153433662547,3.091055717029011],[101.90153433662547,3.090270742617748],[101.89946150306324,3.0890932820603836],[101.89894329467268,3.0871308506223123],[101.8984250862821,3.0871308506223123],[101.8984250862821,3.0867383647581654],[101.89790687789156,3.0867383647581654],[101.89790687789156,3.0863458790351332],[101.897388669501,3.0863458790351332],[101.897388669501,3.0859533934531966],[101.89531583593875,3.0847759375537804],[101.89531583593875,3.0839909676593154],[101.8958340443293,3.0839909676593154],[101.8958340443293,3.081636061359037],[101.89531583593875,3.081636061359037],[101.89479762754819,3.0808510937195],[101.89376121076707,3.0812435774688383],[101.89376121076707,3.0808510937195],[101.89324300237651,3.0808510937195],[101.89324300237651,3.080458610111005],[101.89117016881426,3.0792811601303933],[101.89117016881426,3.076926263969477],[101.89168837720482,3.076926263969477],[101.89168837720482,3.075748817788198],[101.89220658559539,3.075748817788198],[101.89220658559539,3.0753563360090106],[101.89427941915763,3.0741788915149115],[101.89427941915763,3.073393929221552],[101.8958340443293,3.073393929221552],[101.8958340443293,3.0730014482856305],[101.89635225271986,3.0730014482856305],[101.89635225271986,3.072608967490189],[101.8984250862821,3.0714315259465708],[101.8984250862821,3.070646565619565],[101.89687046111042,3.069861605854049],[101.89687046111042,3.0702540856666296],[101.89635225271986,3.0702540856666296],[101.89635225271986,3.070646565619565],[101.89531583593875,3.070646565619565],[101.89531583593875,3.071039045712872],[101.89479762754819,3.071039045712872],[101.89479762754819,3.0714315259465708],[101.89427941915763,3.0714315259465708],[101.89427941915763,3.071824006320677],[101.89376121076707,3.071824006320677],[101.89220658559539,3.073393929221552],[101.89117016881426,3.073393929221552],[101.89013375203314,3.074571372872385],[101.88754271008034,3.074571372872385],[101.88754271008034,3.0741788915149115],[101.88495166812754,3.074571372872385],[101.88495166812754,3.074963854370412],[101.88443345973697,3.074963854370412],[101.88443345973697,3.0753563360090106],[101.88391525134641,3.0753563360090106],[101.88391525134641,3.075748817788198],[101.88339704295585,3.075748817788198],[101.88339704295585,3.0761412997079933],[101.88287883456529,3.0761412997079933],[101.88132420939361,3.0777112287936097],[101.88028779261248,3.0777112287936097],[101.88028779261248,3.078103711416713],[101.87925137583136,3.078103711416713],[101.87925137583136,3.078496194180533],[101.87821495905024,3.0788886770850876],[101.87821495905024,3.0796736433164695],[101.87769675065968,3.0796736433164695],[101.87769675065968,3.080458610111005],[101.87717854226912,3.080458610111005],[101.87717854226912,3.0808510937195],[101.87769675065968,3.0808510937195],[101.87821495905024,3.081636061359037],[101.87925137583136,3.081636061359037],[101.87925137583136,3.0812435774688383],[101.88132420939361,3.081636061359037],[101.88132420939361,3.0828135138749784],[101.88184241778417,3.0828135138749784],[101.88236062617473,3.0835984829235734],[101.88546987651809,3.0835984829235734],[101.88598808490866,3.085560908012338],[101.8865062932992,3.085560908012338],[101.8865062932992,3.0863458790351332],[101.88546987651809,3.0867383647581654],[101.88546987651809,3.0890932820603836],[101.8865062932992,3.089485768771592],[101.8865062932992,3.090270742617748],[101.88546987651809,3.090663229752733],[101.88546987651809,3.091448204446602],[101.88495166812754,3.091448204446602],[101.88495166812754,3.0918406920055244],[101.88702450168978,3.0930181555304563],[101.88702450168978,3.0926256675474337],[101.8880609184709,3.092233179705796],[101.8880609184709,3.091448204446602],[101.89013375203314,3.090270742617748],[101.89013375203314,3.089485768771592],[101.8906519604237,3.089485768771592],[101.8906519604237,3.0898782556240407],[101.89376121076707,3.0898782556240407],[101.89376121076707,3.090270742617748],[101.89427941915763,3.090270742617748],[101.89427941915763,3.0926256675474337],[101.89531583593875,3.0930181555304563],[101.89531583593875,3.0941956203280165],[101.8958340443293,3.0941956203280165],[101.8958340443293,3.0945881088767604],[101.89790687789156,3.095765575371917],[101.897388669501,3.096550553742973],[101.89635225271986,3.096550553742973],[101.89635225271986,3.0961580644866706],[101.8958340443293,3.0961580644866706],[101.8958340443293,3.096550553742973],[101.89479762754819,3.0969430431408407],[101.89479762754819,3.097728022361346],[101.89531583593875,3.097728022361346],[101.89635225271986,3.0989054922543002],[101.8984250862821,3.0989054922543002],[101.8984250862821,3.0985130021483314],[101.89946150306324,3.09812051218402],[101.89894329467268,3.0996904728912775],[101.89946150306324,3.0996904728912775],[101.89946150306324,3.1008679449096186],[101.8999797114538,3.1008679449096186],[101.90049791984436,3.1016529269639723],[101.90101612823491,3.1016529269639723],[101.90153433662547,3.1008679449096186],[101.9025707534066,3.1008679449096186],[101.9025707534066,3.1004754540950974],[101.90412537857829,3.0996904728912775],[101.90464358696885,3.102830401109056],[101.90671642053108,3.104007876530837],[101.90671642053108,3.1047928608548743],[101.90723462892164,3.1047928608548743],[101.90878925409332,3.1063628312064413],[101.9093074624839,3.1063628312064413],[101.90982567087445,3.105577845746694]],[[101.90878925409332,3.105185353229802],[101.9093074624839,3.105185353229802],[101.9093074624839,3.105577845746694],[101.90878925409332,3.105577845746694],[101.90878925409332,3.105185353229802]],[[101.90827104570276,3.105185353229802],[101.90827104570276,3.1047928608548743],[101.9077528373122,3.1047928608548743],[101.9077528373122,3.1044003686218913],[101.90878925409332,3.1044003686218913],[101.90878925409332,3.105185353229802],[101.90827104570276,3.105185353229802]],[[101.91656237995174,3.0934106436548823],[101.91656237995174,3.0941956203280165],[101.91500775478005,3.0941956203280165],[101.91500775478005,3.0945881088767604],[101.91552596317061,3.0945881088767604],[101.91552596317061,3.095765575371917],[101.91604417156117,3.095765575371917],[101.91604417156117,3.0961580644866706],[101.91863521351398,3.095765575371917],[101.91863521351398,3.0973355326802916],[101.91759879673285,3.0973355326802916],[101.91759879673285,3.0969430431408407],[101.91656237995174,3.0969430431408407],[101.91656237995174,3.0973355326802916],[101.91604417156117,3.0973355326802916],[101.91604417156117,3.0969430431408407],[101.91397133799893,3.0969430431408407],[101.91397133799893,3.095373086398692],[101.91086208765556,3.095765575371917],[101.91086208765556,3.096550553742973],[101.90982567087445,3.096550553742973],[101.9093074624839,3.0973355326802916],[101.9077528373122,3.0973355326802916],[101.9077528373122,3.0985130021483314],[101.90723462892164,3.0985130021483314],[101.90723462892164,3.1008679449096186],[101.9077528373122,3.1008679449096186],[101.9077528373122,3.1016529269639723],[101.90671642053108,3.1016529269639723],[101.90671642053108,3.102830401109056],[101.9077528373122,3.102830401109056],[101.9077528373122,3.1032228927744367],[101.90827104570276,3.1032228927744367],[101.90827104570276,3.104007876530837],[101.90723462892164,3.104007876530837],[101.90723462892164,3.1036153845816914],[101.90568000374995,3.102830401109056],[101.90568000374995,3.1012604358659046],[101.9051617953594,3.1012604358659046],[101.9051617953594,3.0989054922543002],[101.90464358696885,3.0989054922543002],[101.90464358696885,3.097728022361346],[101.90360717018771,3.097728022361346],[101.90360717018771,3.0992979825019424],[101.90308896179715,3.0992979825019424],[101.9025707534066,3.1000829634223233],[101.90205254501603,3.1000829634223233],[101.90205254501603,3.0996904728912775],[101.90101612823491,3.1000829634223233],[101.90101612823491,3.0992979825019424],[101.8999797114538,3.0996904728912775],[101.8999797114538,3.0989054922543002],[101.90049791984436,3.0989054922543002],[101.90101612823491,3.0973355326802916],[101.89894329467268,3.0973355326802916],[101.8984250862821,3.09812051218402],[101.89635225271986,3.09812051218402],[101.89635225271986,3.097728022361346],[101.8958340443293,3.097728022361346],[101.8958340443293,3.0969430431408407],[101.89635225271986,3.0969430431408407],[101.89635225271986,3.0973355326802916],[101.89790687789156,3.0973355326802916],[101.89946150306324,3.0949805975669786],[101.89894329467268,3.0949805975669786],[101.89894329467268,3.0945881088767604],[101.89790687789156,3.0945881088767604],[101.89790687789156,3.0949805975669786],[101.897388669501,3.0949805975669786],[101.897388669501,3.0938031319207293],[101.89635225271986,3.0941956203280165],[101.89635225271986,3.0930181555304563],[101.89687046111042,3.0930181555304563],[101.89687046111042,3.0926256675474337],[101.89635225271986,3.0926256675474337],[101.89635225271986,3.092233179705796],[101.89531583593875,3.0926256675474337],[101.89531583593875,3.090270742617748],[101.89427941915763,3.0898782556240407],[101.89427941915763,3.0890932820603836],[101.89376121076707,3.0890932820603836],[101.89376121076707,3.0887007954903973],[101.89324300237651,3.0887007954903973],[101.89324300237651,3.0890932820603836],[101.8906519604237,3.0890932820603836],[101.8906519604237,3.0887007954903973],[101.89013375203314,3.0887007954903973],[101.89013375203314,3.0890932820603836],[101.88909733525202,3.089485768771592],[101.88909733525202,3.090270742617748],[101.88857912686146,3.090270742617748],[101.88857912686146,3.090663229752733],[101.88754271008034,3.090663229752733],[101.88754271008034,3.089485768771592],[101.8865062932992,3.0890932820603836],[101.8865062932992,3.0867383647581654],[101.8880609184709,3.0867383647581654],[101.8880609184709,3.0859533934531966],[101.88702450168978,3.085560908012338],[101.8865062932992,3.0828135138749784],[101.88236062617473,3.0828135138749784],[101.88236062617473,3.0812435774688383],[101.88184241778417,3.0812435774688383],[101.88184241778417,3.0808510937195],[101.88028779261248,3.0808510937195],[101.88028779261248,3.080458610111005],[101.87821495905024,3.0808510937195],[101.87821495905024,3.080458610111005],[101.87873316744081,3.080458610111005],[101.87925137583136,3.0788886770850876],[101.88132420939361,3.078496194180533],[101.88132420939361,3.078103711416713],[101.88184241778417,3.078103711416713],[101.88184241778417,3.0777112287936097],[101.88236062617473,3.0777112287936097],[101.88236062617473,3.0773187463112044],[101.88287883456529,3.0773187463112044],[101.88287883456529,3.076926263969477],[101.88339704295585,3.076926263969477],[101.88495166812754,3.0753563360090106],[101.88598808490866,3.0753563360090106],[101.88598808490866,3.074963854370412],[101.88754271008034,3.074963854370412],[101.88754271008034,3.0753563360090106],[101.89013375203314,3.0753563360090106],[101.89117016881426,3.0741788915149115],[101.89220658559539,3.0741788915149115],[101.89220658559539,3.074571372872385],[101.89168837720482,3.074571372872385],[101.89168837720482,3.0753563360090106],[101.8906519604237,3.0753563360090106],[101.8906519604237,3.076926263969477],[101.89013375203314,3.076926263969477],[101.89013375203314,3.0788886770850876],[101.88961554364258,3.0788886770850876],[101.88961554364258,3.0792811601303933],[101.89013375203314,3.0792811601303933],[101.89013375203314,3.0796736433164695],[101.89117016881426,3.0796736433164695],[101.89117016881426,3.080066126643334],[101.89272479398593,3.0808510937195],[101.89272479398593,3.081636061359037],[101.89324300237651,3.081636061359037],[101.89324300237651,3.0820285453901155],[101.89427941915763,3.0820285453901155],[101.89427941915763,3.081636061359037],[101.89479762754819,3.081636061359037],[101.89479762754819,3.0839909676593154],[101.89427941915763,3.0839909676593154],[101.89427941915763,3.085168422712538],[101.89635225271986,3.0859533934531966],[101.89635225271986,3.0867383647581654],[101.8958340443293,3.0867383647581654],[101.8958340443293,3.08752333662759],[101.89635225271986,3.08752333662759],[101.89635225271986,3.087915822774019],[101.897388669501,3.087915822774019],[101.897388669501,3.0871308506223123],[101.89790687789156,3.0871308506223123],[101.8984250862821,3.0898782556240407],[101.8999797114538,3.0898782556240407],[101.8999797114538,3.090270742617748],[101.90049791984436,3.090270742617748],[101.90049791984436,3.091055717029011],[101.8999797114538,3.091055717029011],[101.8999797114538,3.091448204446602],[101.90049791984436,3.091448204446602],[101.90049791984436,3.092233179705796],[101.90101612823491,3.092233179705796],[101.90153433662547,3.0930181555304563],[101.9025707534066,3.0930181555304563],[101.9025707534066,3.0938031319207293],[101.90308896179715,3.0938031319207293],[101.90308896179715,3.0941956203280165],[101.90464358696885,3.0941956203280165],[101.90464358696885,3.0934106436548823],[101.90568000374995,3.0938031319207293],[101.90619821214052,3.0930181555304563],[101.90723462892164,3.0930181555304563],[101.90723462892164,3.0934106436548823],[101.9077528373122,3.0934106436548823],[101.9077528373122,3.0930181555304563],[101.90827104570276,3.0930181555304563],[101.90827104570276,3.0934106436548823],[101.9093074624839,3.0934106436548823],[101.9093074624839,3.0930181555304563],[101.91189850443669,3.0930181555304563],[101.91241671282727,3.092233179705796],[101.91345312960837,3.092233179705796],[101.91397133799893,3.0930181555304563],[101.91656237995174,3.0930181555304563],[101.91656237995174,3.0926256675474337],[101.91759879673285,3.0926256675474337],[101.91759879673285,3.0930181555304563],[101.91656237995174,3.0934106436548823]],[[101.90101612823491,3.1008679449096186],[101.90049791984436,3.1008679449096186],[101.90049791984436,3.1000829634223233],[101.90101612823491,3.1000829634223233],[101.90101612823491,3.1008679449096186]],[[101.89220658559539,3.0737864102979735],[101.89272479398593,3.0737864102979735],[101.89272479398593,3.073393929221552],[101.89324300237651,3.073393929221552],[101.89324300237651,3.0741788915149115],[101.89220658559539,3.0741788915149115],[101.89220658559539,3.0737864102979735]],[[101.89324300237651,3.0730014482856305],[101.89376121076707,3.0730014482856305],[101.89376121076707,3.073393929221552],[101.89324300237651,3.073393929221552],[101.89324300237651,3.0730014482856305]],[[101.89376121076707,3.072608967490189],[101.89427941915763,3.072608967490189],[101.89427941915763,3.0730014482856305],[101.89376121076707,3.0730014482856305],[101.89376121076707,3.072608967490189]],[[101.89427941915763,3.072216486835211],[101.89479762754819,3.072216486835211],[101.89531583593875,3.0714315259465708],[101.89635225271986,3.0714315259465708],[101.89635225271986,3.071824006320677],[101.8958340443293,3.071824006320677],[101.8958340443293,3.072608967490189],[101.89427941915763,3.072608967490189],[101.89427941915763,3.072216486835211]],[[101.89635225271986,3.071039045712872],[101.89687046111042,3.071039045712872],[101.89687046111042,3.070646565619565],[101.897388669501,3.070646565619565],[101.897388669501,3.0714315259465708],[101.89635225271986,3.0714315259465708],[101.89635225271986,3.071039045712872]],[[101.91759879673285,3.092233179705796],[101.9181170051234,3.092233179705796],[101.9181170051234,3.0926256675474337],[101.91759879673285,3.0926256675474337],[101.91759879673285,3.092233179705796]],[[101.9181170051234,3.0918406920055244],[101.91863521351398,3.0918406920055244],[101.91863521351398,3.092233179705796],[101.9181170051234,3.092233179705796],[101.9181170051234,3.0918406920055244]],[[101.8865062932992,3.091448204446602],[101.8865062932992,3.090663229752733],[101.88702450168978,3.090663229752733],[101.88702450168978,3.092233179705796],[101.88598808490866,3.0918406920055244],[101.88598808490866,3.091448204446602],[101.8865062932992,3.091448204446602]]],[[[101.841940371711,3.0989054922543002],[101.84245858010158,3.0989054922543002],[101.84245858010158,3.0985130021483314],[101.841940371711,3.0985130021483314],[101.84142216332044,3.097728022361346],[101.83995380849716,3.0985130021483314],[101.84090395492987,3.0996904728912775],[101.84142216332044,3.0996904728912775],[101.841940371711,3.0989054922543002]],[[101.84090395492987,3.0989054922543002],[101.84090395492987,3.0985130021483314],[101.84142216332044,3.0985130021483314],[101.84142216332044,3.0989054922543002],[101.84090395492987,3.0989054922543002]]],[[[101.90153433662547,3.0992979825019424],[101.90205254501603,3.0992979825019424],[101.90205254501603,3.0989054922543002],[101.90153433662547,3.0989054922543002],[101.90153433662547,3.0992979825019424]]]]},"properties":{"place_id":"e5cc1373-8b00-5838-bb11-0cf3d324ac6c","habitat":"water_edge","habitat_label":"Water edge","resolution_m":50}}]}