{"type":"FeatureCollection","metadata":{"schema_version":1,"place_id":"e7597ef4-bb59-55d5-aab3-2489262b258c","place_name":"Deramakot Forest Reserve","place_type":"park","osm_reference":"way/1416904942","protection_context":"mapped protected boundary","resolution_m":50,"raster_coverage":1.0,"interpretation":"Suggested search habitats, not predicted plant locations or probabilities of presence."},"features":[{"type":"Feature","geometry":{"type":"MultiPolygon","coordinates":[[[[117.58614769372439,5.287797090713194],[117.58614769372439,5.288068218520007],[117.58620032629209,5.287797090713194],[117.58614769372439,5.287797090713194]]],[[[117.33481662430246,5.309049787318764],[117.33481662430246,5.308800972038659],[117.33464385102974,5.309049787318764],[117.33481662430246,5.309049787318764]]],[[[117.58604752620528,5.288584214941451],[117.58459306855269,5.289764903110853],[117.58355665177159,5.289764903110853],[117.58355665177159,5.290158466321265],[117.58252023499045,5.290158466321265],[117.58200202659988,5.2909455934731175],[117.58044740142822,5.2909455934731175],[117.58044740142822,5.2913391574145985],[117.57941098464708,5.2913391574145985],[117.57941098464708,5.291732721599802],[117.5778563594754,5.291732721599802],[117.5778563594754,5.2921262860287515],[117.57681994269427,5.2921262860287515],[117.57630173430374,5.292913415617956],[117.57319248396037,5.292913415617956],[117.57319248396037,5.292519850701462],[117.57215606717924,5.292519850701462],[117.57215606717924,5.2921262860287515],[117.57111965039813,5.2921262860287515],[117.57111965039813,5.291732721599802],[117.5690468168359,5.2913391574145985],[117.56852860844532,5.290552029775348],[117.56749219166419,5.290552029775348],[117.56749219166419,5.290158466321265],[117.56697398327363,5.290158466321265],[117.56697398327363,5.289764903110853],[117.56490114971139,5.288584214941451],[117.56438294132082,5.287009967459172],[117.56334652453971,5.28661640619745],[117.56334652453971,5.28543572387324],[117.56282831614915,5.28543572387324],[117.56231010775858,5.28346792486826],[117.56179189936802,5.28346792486826],[117.56179189936802,5.2822872483856775],[117.56127369097747,5.2822872483856775],[117.56127369097747,5.279925901989097],[117.56075548258691,5.279925901989097],[117.56075548258691,5.279138788469273],[117.56023727419634,5.279138788469273],[117.56023727419634,5.277958120013121],[117.55971906580578,5.277958120013121],[117.55868264902468,5.276777453744828],[117.55609160707186,5.276383898808171],[117.55609160707186,5.275990344114532],[117.55350056511907,5.275596789663896],[117.55350056511907,5.275203235456244],[117.55194593994736,5.275203235456244],[117.55194593994736,5.27717100892453],[117.55246414833793,5.27717100892453],[117.55359478281996,5.2783516759220515],[117.5555733986813,5.278745232074096],[117.5555733986813,5.279138788469273],[117.55609160707186,5.279138788469273],[117.55609160707186,5.279893619823009],[117.55764623224354,5.280713016481673],[117.55764623224354,5.281106574092791],[117.5581644406341,5.281106574092791],[117.5581644406341,5.281893690044774],[117.55868264902468,5.281893690044774],[117.55868264902468,5.2822872483856775],[117.5581644406341,5.2822872483856775],[117.5581644406341,5.283074365797401],[117.55764623224354,5.283074365797401],[117.55764623224354,5.28346792486826],[117.55712802385297,5.28346792486826],[117.55712802385297,5.283861484182471],[117.55660981546244,5.283861484182471],[117.55660981546244,5.284255043740057],[117.55609160707186,5.284255043740057],[117.55453698190017,5.285829284404505],[117.55298235672849,5.2862228451792355],[117.55298235672849,5.28661640619745],[117.5503913147757,5.28661640619745],[117.5503913147757,5.2862228451792355],[117.54935489799456,5.285829284404505],[117.54935489799456,5.285042163585423],[117.54883668960402,5.285042163585423],[117.54883668960402,5.284648603541035],[117.54831848121346,5.284648603541035],[117.54831848121346,5.283861484182471],[117.54780027282288,5.283861484182471],[117.54780027282288,5.2822872483856775],[117.54728206443232,5.2822872483856775],[117.54728206443232,5.280713016481673],[117.54676385604178,5.280713016481673],[117.54676385604178,5.278745232074096],[117.54624564765122,5.278745232074096],[117.54624564765122,5.2783516759220515],[117.54676385604178,5.2783516759220515],[117.54624564765122,5.276383898808171],[117.54676385604178,5.276383898808171],[117.54676385604178,5.275596789663896],[117.54780027282288,5.275203235456244],[117.54780027282288,5.274416127769818],[117.54935489799456,5.273629021055108],[117.54935489799456,5.272841915311963],[117.55090952316625,5.272054810540236],[117.55090952316625,5.271267706739779],[117.55142773155683,5.271267706739779],[117.55142773155683,5.270874155203728],[117.55246414833793,5.27048060391044],[117.55246414833793,5.269693502052076],[117.55298235672849,5.269693502052076],[117.55298235672849,5.267725751653197],[117.55350056511907,5.267725751653197],[117.55350056511907,5.267332202301336],[117.55298235672849,5.267332202301336],[117.55298235672849,5.264577363629926],[117.55246414833793,5.264577363629926],[117.55246414833793,5.263790269049131],[117.55194593994736,5.263790269049131],[117.55142773155683,5.2630031754380475],[117.5503913147757,5.2630031754380475],[117.5503913147757,5.262609628996103],[117.54831848121346,5.262216082796528],[117.54831848121346,5.2618225368393094],[117.54728206443232,5.261428991124425],[117.54728206443232,5.260641900421588],[117.54624564765122,5.260248355433601],[117.54624564765122,5.2590677219231265],[117.54572743926065,5.2590677219231265],[117.54572743926065,5.2578870905925035],[117.54520923087009,5.2578870905925035],[117.54520923087009,5.255525834468811],[117.54469102247951,5.255525834468811],[117.54469102247951,5.252377506524038],[117.54520923087009,5.252377506524038],[117.54520923087009,5.251196887536453],[117.54624564765122,5.250723331244358],[117.52916329999996,5.242161794316742],[117.52654550000001,5.243614794315254],[117.52500049999998,5.243572094315327],[117.5236702,5.242204494316716],[117.51671789999999,5.245666094313178],[117.51757619999997,5.250025094308758],[117.5174903,5.253187494305541],[117.5163745,5.256264394302392],[117.51530169999997,5.257546494301105],[117.5118255,5.25904219429959],[117.50689030000001,5.259597794299015],[117.50174039999999,5.258871294299758],[117.49307149999999,5.255516594303159],[117.4921059,5.255559294303125],[117.49030349999998,5.256734494301909],[117.4891233,5.256670394301996],[117.48439414438407,5.253558127688639],[117.48406064078395,5.253951668560706],[117.48302422400282,5.253951668560706],[117.48302422400282,5.25434520967474],[117.48095139044058,5.25434520967474],[117.48095139044058,5.253951668560706],[117.47991497365945,5.253558127688639],[117.47991497365945,5.252377506524038],[117.47939676526889,5.252377506524038],[117.47939676526889,5.250409809420603],[117.47887855687834,5.250409809420603],[117.47836034848778,5.2484421183621155],[117.4768057233161,5.2484421183621155],[117.4768057233161,5.248835656090328],[117.47473288975384,5.248835656090328],[117.47473288975384,5.2492291940602644],[117.4742146813633,5.2492291940602644],[117.4742146813633,5.248835656090328],[117.47317826458217,5.248835656090328],[117.47317826458217,5.2484421183621155],[117.4716236394105,5.24765504363079],[117.47214184780104,5.244113219300252],[117.4726600561916,5.244113219300252],[117.4726600561916,5.241752013948298],[117.47214184780104,5.241752013948298],[117.47214184780104,5.240177881875046],[117.4716236394105,5.240177881875046],[117.47110543101994,5.237816691004283],[117.4700690142388,5.237423160036816],[117.46955080584826,5.235849038578623],[117.4690325974577,5.235849038578623],[117.4690325974577,5.235455508816902],[117.46695976389545,5.23427492097823],[117.46695976389545,5.233487863624337],[117.46592334711433,5.233094335308902],[117.46436872194265,5.22915906540554],[117.46385051355209,5.22915906540554],[117.46333230516152,5.228372014315029],[117.46125947159928,5.227978489130924],[117.46125947159928,5.22758496418756],[117.4597048464276,5.22758496418756],[117.4597048464276,5.22719143948492],[117.45918663803704,5.22719143948492],[117.45918663803704,5.226797915022986],[117.4581502212559,5.226797915022986],[117.4581502212559,5.226404390801735],[117.45679326060166,5.226404390801735],[117.4552202,5.231712794327359],[117.45092869999999,5.232524694326565],[117.44710920000001,5.241050594317884],[117.44431969999997,5.243871194315019],[117.44187350000001,5.244982294313888],[117.42239384230723,5.2445969341917476],[117.42239384230723,5.245293825236252],[117.42187563391667,5.245293825236252],[117.4213574255261,5.246080897068005],[117.42032100874496,5.246080897068005],[117.41928459196386,5.24490028968272],[117.41669355001106,5.244506754370727],[117.41669355001106,5.244113219300252],[117.41513892483935,5.244113219300252],[117.41513892483935,5.243719684471282],[117.41202967449601,5.243719684471282],[117.41202967449601,5.243326149883793],[117.41099325771488,5.243326149883793],[117.40995684093377,5.242145547570039],[117.40892042415264,5.242145547570039],[117.4078840073715,5.2409649474289655],[117.4068475905904,5.2409649474289655],[117.40632938219984,5.240177881875046],[117.40477475702816,5.240177881875046],[117.40477475702816,5.241752013948298],[117.40529296541871,5.241752013948298],[117.40529296541871,5.244506754370727],[117.40581117380927,5.244506754370727],[117.40581117380927,5.248048580875609],[117.40632938219984,5.248048580875609],[117.40632938219984,5.2492291940602644],[117.4068475905904,5.2492291940602644],[117.40736579898098,5.251196887536453],[117.4078840073715,5.251196887536453],[117.4078840073715,5.251983966619644],[117.40840221576208,5.251983966619644],[117.40840221576208,5.252377506524038],[117.4078840073715,5.252377506524038],[117.4078840073715,5.253164587058517],[117.40736579898098,5.253164587058517],[117.40736579898098,5.253558127688639],[117.40529296541871,5.253951668560706],[117.40529296541871,5.25434520967474],[117.40477475702816,5.25434520967474],[117.40477475702816,5.2551322926287725],[117.40322013185647,5.255919376550888],[117.40322013185647,5.256706461441233],[117.4027019234659,5.256706461441233],[117.4027019234659,5.257100004249537],[117.40218371507537,5.257100004249537],[117.40218371507537,5.257493547299955],[117.4016655066848,5.257493547299955],[117.4016655066848,5.2578870905925035],[117.39959267312256,5.2590677219231265],[117.39959267312256,5.260248355433601],[117.399074464732,5.260248355433601],[117.399074464732,5.261035445651857],[117.39855625634142,5.261035445651857],[117.39855625634142,5.262216082796528],[117.39803804795086,5.262216082796528],[117.39803804795086,5.2630031754380475],[117.39751983956032,5.2630031754380475],[117.39700163116976,5.264577363629926],[117.39492879760752,5.265758007319654],[117.39492879760752,5.266545104325379],[117.39389238082639,5.266938653192071],[117.39389238082639,5.267725751653197],[117.39285596404525,5.268119301247673],[117.39285596404525,5.268906401164536],[117.39233775565471,5.268906401164536],[117.39233775565471,5.269299951486963],[117.39026492209244,5.27048060391044],[117.39026492209244,5.271267706739779],[117.38974671370191,5.271267706739779],[117.38974671370191,5.2716612585186065],[117.38922850531134,5.2716612585186065],[117.38922850531134,5.272054810540236],[117.38871029692078,5.272054810540236],[117.38871029692078,5.27244836280468],[117.3881920885302,5.27244836280468],[117.3881920885302,5.272841915311963],[117.38767388013964,5.272841915311963],[117.38767388013964,5.273235468062098],[117.3871556717491,5.273235468062098],[117.3871556717491,5.273629021055108],[117.38663746335854,5.273629021055108],[117.38663746335854,5.274022574291009],[117.38611925496797,5.274022574291009],[117.3845646297963,5.275596789663896],[117.3830100046246,5.275596789663896],[117.3830100046246,5.275990344114532],[117.3804189626718,5.275990344114532],[117.3804189626718,5.275596789663896],[117.37886433750012,5.274809681491558],[117.37886433750012,5.274022574291009],[117.37834612910956,5.274022574291009],[117.37886433750012,5.2716612585186065],[117.37938254589069,5.2716612585186065],[117.37938254589069,5.270874155203728],[117.37990075428125,5.270874155203728],[117.37990075428125,5.269299951486963],[117.3804189626718,5.269299951486963],[117.3804189626718,5.26851285108478],[117.38093717106236,5.26851285108478],[117.38093717106236,5.267725751653197],[117.38145537945293,5.267725751653197],[117.38093717106236,5.265758007319654],[117.3804189626718,5.265758007319654],[117.37990075428125,5.264970911284013],[117.37782792071899,5.264577363629926],[117.37782792071899,5.2641838162183054],[117.37627329554732,5.2641838162183054],[117.37627329554732,5.264577363629926],[117.37420046198508,5.264970911284013],[117.37420046198508,5.265364459180583],[117.3726458368134,5.266151555701248],[117.3726458368134,5.267725751653197],[117.37316404520395,5.267725751653197],[117.37316404520395,5.274416127769818],[117.37368225359451,5.274416127769818],[117.37368225359451,5.275203235456244],[117.37316404520395,5.275203235456244],[117.37316404520395,5.277958120013121],[117.37212762842285,5.2783516759220515],[117.37212762842285,5.279138788469273],[117.37160942003227,5.279138788469273],[117.37160942003227,5.2795323451076],[117.3700547948606,5.280319459113782],[117.3700547948606,5.281106574092791],[117.36953658647003,5.281106574092791],[117.36953658647003,5.284255043740057],[117.36901837807947,5.284255043740057],[117.3685001696889,5.285829284404505],[117.36798196129834,5.285829284404505],[117.36798196129834,5.2862228451792355],[117.36694554451724,5.2862228451792355],[117.36694554451724,5.28661640619745],[117.3659091277361,5.28661640619745],[117.3659091277361,5.287009967459172],[117.36331808578329,5.287009967459172],[117.36279987739273,5.287797090713194],[117.36176346061163,5.287797090713194],[117.36176346061163,5.288584214941451],[117.36124525222105,5.288584214941451],[117.36124525222105,5.288977777420963],[117.3607270438305,5.288977777420963],[117.3607270438305,5.289371340144093],[117.36020883543995,5.289371340144093],[117.35865421026826,5.2909455934731175],[117.35709958509658,5.2909455934731175],[117.35709958509658,5.290552029775348],[117.35554495992488,5.290552029775348],[117.35554495992488,5.290158466321265],[117.34932645923816,5.290552029775348],[117.34932645923816,5.290158466321265],[117.34725362567592,5.290158466321265],[117.34725362567592,5.289764903110853],[117.34621720889479,5.289764903110853],[117.34621720889479,5.289371340144093],[117.34518079211368,5.289371340144093],[117.34518079211368,5.288977777420963],[117.34466258372312,5.288977777420963],[117.34466258372312,5.2909455934731175],[117.34414437533255,5.2909455934731175],[117.34414437533255,5.294487677722111],[117.34362616694199,5.294487677722111],[117.34362616694199,5.296061943728251],[117.34310795855144,5.296061943728251],[117.34258975016088,5.29881691863172],[117.34207154177031,5.29881691863172],[117.34155333337975,5.3003911953744405],[117.34051691659865,5.300784765170455],[117.34051691659865,5.301965476023597],[117.33999870820807,5.301965476023597],[117.33999870820807,5.302359046796404],[117.33948049981751,5.302359046796404],[117.33948049981751,5.303146189074776],[117.3384440830364,5.303539760580375],[117.3384440830364,5.304720476563052],[117.33792587464583,5.304720476563052],[117.33792587464583,5.305901194744933],[117.33740766625527,5.305901194744933],[117.33740766625527,5.306688341421547],[117.3368894578647,5.306688341421547],[117.3368894578647,5.3078690632698855],[117.33481662430246,5.309049787318764],[117.33481662430246,5.309836937907455],[117.3342984159119,5.309836937907455],[117.33384489999999,5.310973294246839],[117.33432760000001,5.317115994240599],[117.3399925,5.327926694229649],[117.34904760000002,5.333054294224442],[117.3611068,5.336558094220895],[117.34521739999998,5.447099594109077],[117.34673541728536,5.447209828558151],[117.34725362567592,5.447876287119477],[117.3532533,5.450164794106],[117.36739119999999,5.465090394090953],[117.4012327,5.466227794089799],[117.42635959999998,5.466516194089495],[117.42797970000001,5.4571282940989585],[117.49443410000002,5.459168194096936],[117.62838360000002,5.343351994214009],[117.6281261,5.341236894216159],[117.62649529999999,5.339549094217887],[117.62282609999998,5.338352694219083],[117.61345980000002,5.334346794223145],[117.60812749999998,5.333267994224252],[117.60089630000002,5.328781294228767],[117.5987505,5.32626019423135],[117.5978708,5.319679794237997],[117.59654039999998,5.317115894240609],[117.58971689999998,5.313312894244487],[117.58769980000001,5.310706294247123],[117.58555409999998,5.306817794251083],[117.58448119999997,5.302074594255864],[117.5846099,5.297886794260139],[117.58604752620528,5.288584214941451]],[[117.35606316831544,5.44169858468401],[117.35554495992488,5.44169858468401],[117.35606316831544,5.440911268144812],[117.35709958509658,5.440911268144812],[117.35709958509658,5.441304926289012],[117.35761779348714,5.441304926289012],[117.35761779348714,5.4420922433298236],[117.35709958509658,5.4420922433298236],[117.35709958509658,5.442485902226471],[117.35658137670602,5.442485902226471],[117.35606316831544,5.44169858468401]],[[117.36435450256442,5.440517610251393],[117.36539091934553,5.440123952608735],[117.3659091277361,5.440911268144812],[117.36487271095498,5.441304926289012],[117.36435450256442,5.440517610251393]],[[117.36383629417386,5.4377620120177115],[117.36487271095498,5.4373683561298565],[117.36539091934553,5.438155668156197],[117.36435450256442,5.438549324545331],[117.36383629417386,5.4377620120177115]],[[117.39181954726415,5.4377620120177115],[117.39233775565471,5.4377620120177115],[117.39233775565471,5.436974700492614],[117.39285596404525,5.436974700492614],[117.39285596404525,5.436581045105965],[117.39389238082639,5.436974700492614],[117.39389238082639,5.4377620120177115],[117.39337417243581,5.4377620120177115],[117.39285596404525,5.438549324545331],[117.39233775565471,5.438549324545331],[117.39181954726415,5.4377620120177115]],[[117.48665168273673,5.42713339095611],[117.48768809951787,5.426739741828259],[117.48820630790843,5.427527040334089],[117.4871698911273,5.427920689962219],[117.48665168273673,5.42713339095611]],[[117.42964875977508,5.368482418588099],[117.42861234299394,5.368088806521906],[117.42861234299394,5.367301583131537],[117.42913055138452,5.367301583131537],[117.42861234299394,5.366514360730393],[117.42913055138452,5.366514360730393],[117.42913055138452,5.366120749900735],[117.42964875977508,5.366120749900735],[117.43016696816562,5.366907971807322],[117.43068517655618,5.366907971807322],[117.43068517655618,5.366514360730393],[117.43172159333731,5.366907971807322],[117.43120338494676,5.367695194703061],[117.43016696816562,5.367301583131537],[117.43016696816562,5.368088806521906],[117.42964875977508,5.368088806521906],[117.42964875977508,5.368482418588099]],[[117.41099325771488,5.344472534520915],[117.41202967449601,5.344078937508707],[117.41254788288656,5.3448661317793515],[117.41151146610545,5.345259729284038],[117.41099325771488,5.344472534520915]],[[117.44623142827301,5.3295160209870245],[117.44726784505414,5.329122433317802],[117.44778605344469,5.329909608901771],[117.44674963666358,5.3303031970620625],[117.44623142827301,5.3295160209870245]],[[117.49079734986124,5.324399400431311],[117.49183376664234,5.324005815952223],[117.4923519750329,5.324792985155685],[117.49131555825177,5.325186570125358],[117.49079734986124,5.324399400431311]],[[117.44830426183525,5.32164431422761],[117.44934067861638,5.321250731464987],[117.44985888700693,5.322037897235387],[117.44882247022582,5.322431480488334],[117.44830426183525,5.32164431422761]]],[[[117.43016696816562,5.367301583131537],[117.43016696816562,5.366907971807322],[117.42964875977508,5.366907971807322],[117.42964875977508,5.367301583131537],[117.43016696816562,5.367301583131537]]]]},"properties":{"place_id":"e7597ef4-bb59-55d5-aab3-2489262b258c","habitat":"forest_interior","habitat_label":"Forest interior","resolution_m":50}},{"type":"Feature","geometry":{"type":"MultiPolygon","coordinates":[[[[117.33637124947414,5.3082626377083155],[117.33637124947414,5.3078690632698855],[117.3368894578647,5.3078690632698855],[117.3368894578647,5.306688341421547],[117.33740766625527,5.306688341421547],[117.33740766625527,5.305901194744933],[117.33792587464583,5.305901194744933],[117.3384440830364,5.303539760580375],[117.33896229142694,5.303539760580375],[117.33896229142694,5.303146189074776],[117.33948049981751,5.303146189074776],[117.33948049981751,5.302359046796404],[117.34051691659865,5.301965476023597],[117.34051691659865,5.300784765170455],[117.34155333337975,5.3003911953744405],[117.34155333337975,5.29960405651485],[117.34207154177031,5.29960405651485],[117.34207154177031,5.29881691863172],[117.34258975016088,5.29881691863172],[117.34258975016088,5.297636213637565],[117.34310795855144,5.297636213637565],[117.34310795855144,5.296061943728251],[117.34362616694199,5.296061943728251],[117.34362616694199,5.294487677722111],[117.34414437533255,5.294487677722111],[117.34414437533255,5.2909455934731175],[117.34466258372312,5.2909455934731175],[117.34466258372312,5.288977777420963],[117.34518079211368,5.288977777420963],[117.34518079211368,5.289371340144093],[117.34621720889479,5.289371340144093],[117.34621720889479,5.289764903110853],[117.34725362567592,5.289764903110853],[117.34725362567592,5.290158466321265],[117.34932645923816,5.290158466321265],[117.34932645923816,5.290552029775348],[117.35554495992488,5.290158466321265],[117.35554495992488,5.290552029775348],[117.35865421026826,5.2909455934731175],[117.35865421026826,5.290552029775348],[117.35917241865882,5.290552029775348],[117.35917241865882,5.290158466321265],[117.35969062704937,5.290158466321265],[117.35969062704937,5.289764903110853],[117.36176346061163,5.288584214941451],[117.36176346061163,5.287797090713194],[117.36279987739273,5.287797090713194],[117.36331808578329,5.287009967459172],[117.3659091277361,5.287009967459172],[117.3659091277361,5.28661640619745],[117.36694554451724,5.28661640619745],[117.36694554451724,5.2862228451792355],[117.36798196129834,5.2862228451792355],[117.36798196129834,5.285829284404505],[117.3685001696889,5.285829284404505],[117.3685001696889,5.285042163585423],[117.36901837807947,5.285042163585423],[117.36901837807947,5.284255043740057],[117.36953658647003,5.284255043740057],[117.36953658647003,5.281106574092791],[117.3700547948606,5.281106574092791],[117.3700547948606,5.280319459113782],[117.37212762842285,5.279138788469273],[117.37212762842285,5.2783516759220515],[117.37316404520395,5.277958120013121],[117.37316404520395,5.275203235456244],[117.37368225359451,5.275203235456244],[117.37368225359451,5.274416127769818],[117.37316404520395,5.274416127769818],[117.37316404520395,5.267725751653197],[117.3726458368134,5.267725751653197],[117.3726458368134,5.266151555701248],[117.37316404520395,5.266151555701248],[117.37420046198508,5.264970911284013],[117.37523687876619,5.264970911284013],[117.37523687876619,5.264577363629926],[117.37627329554732,5.264577363629926],[117.37627329554732,5.2641838162183054],[117.37782792071899,5.2641838162183054],[117.37782792071899,5.264577363629926],[117.37990075428125,5.264970911284013],[117.37990075428125,5.265364459180583],[117.38093717106236,5.265758007319654],[117.38093717106236,5.266545104325379],[117.38145537945293,5.266545104325379],[117.38145537945293,5.267725751653197],[117.38093717106236,5.267725751653197],[117.38093717106236,5.26851285108478],[117.3804189626718,5.26851285108478],[117.3804189626718,5.269299951486963],[117.37990075428125,5.269299951486963],[117.37990075428125,5.270874155203728],[117.37938254589069,5.270874155203728],[117.37886433750012,5.272841915311963],[117.37834612910956,5.272841915311963],[117.37834612910956,5.274022574291009],[117.37886433750012,5.274022574291009],[117.37886433750012,5.274809681491558],[117.37938254589069,5.274809681491558],[117.3804189626718,5.275990344114532],[117.3830100046246,5.275990344114532],[117.3830100046246,5.275596789663896],[117.3845646297963,5.275596789663896],[117.3845646297963,5.275203235456244],[117.38508283818686,5.275203235456244],[117.38508283818686,5.274809681491558],[117.3856010465774,5.274809681491558],[117.3856010465774,5.274416127769818],[117.38611925496797,5.274416127769818],[117.38611925496797,5.274022574291009],[117.38663746335854,5.274022574291009],[117.38663746335854,5.273629021055108],[117.3871556717491,5.273629021055108],[117.3871556717491,5.273235468062098],[117.38767388013964,5.273235468062098],[117.38767388013964,5.272841915311963],[117.3881920885302,5.272841915311963],[117.3881920885302,5.27244836280468],[117.39026492209244,5.271267706739779],[117.39026492209244,5.27048060391044],[117.39078313048302,5.27048060391044],[117.39078313048302,5.270087052859895],[117.39285596404525,5.268906401164536],[117.39285596404525,5.268119301247673],[117.39389238082639,5.267725751653197],[117.39389238082639,5.266938653192071],[117.39492879760752,5.266545104325379],[117.39492879760752,5.265758007319654],[117.39700163116976,5.264577363629926],[117.39700163116976,5.263790269049131],[117.39751983956032,5.263790269049131],[117.39751983956032,5.2630031754380475],[117.39803804795086,5.2630031754380475],[117.39803804795086,5.262216082796528],[117.39855625634142,5.262216082796528],[117.39855625634142,5.261035445651857],[117.399074464732,5.261035445651857],[117.399074464732,5.260248355433601],[117.39959267312256,5.260248355433601],[117.39959267312256,5.2590677219231265],[117.4001108815131,5.2590677219231265],[117.4001108815131,5.258674177904072],[117.40062908990366,5.258674177904072],[117.40062908990366,5.258280634127203],[117.40114729829423,5.258280634127203],[117.40114729829423,5.2578870905925035],[117.40322013185647,5.256706461441233],[117.40322013185647,5.255919376550888],[117.40477475702816,5.2551322926287725],[117.40477475702816,5.25434520967474],[117.40529296541871,5.25434520967474],[117.40529296541871,5.253951668560706],[117.40632938219984,5.253951668560706],[117.40632938219984,5.253558127688639],[117.40736579898098,5.253558127688639],[117.40736579898098,5.253164587058517],[117.4078840073715,5.253164587058517],[117.4078840073715,5.252377506524038],[117.40840221576208,5.252377506524038],[117.40840221576208,5.251983966619644],[117.4078840073715,5.251983966619644],[117.4078840073715,5.251196887536453],[117.40736579898098,5.251196887536453],[117.40736579898098,5.250016270725384],[117.4068475905904,5.250016270725384],[117.4068475905904,5.2492291940602644],[117.40632938219984,5.2492291940602644],[117.40632938219984,5.248048580875609],[117.40581117380927,5.248048580875609],[117.40581117380927,5.244506754370727],[117.40529296541871,5.244506754370727],[117.40529296541871,5.241752013948298],[117.40477475702816,5.241752013948298],[117.40477475702816,5.240177881875046],[117.40632938219984,5.240177881875046],[117.40632938219984,5.2405714145313365],[117.4068475905904,5.2405714145313365],[117.4068475905904,5.2409649474289655],[117.4078840073715,5.2409649474289655],[117.40892042415264,5.242145547570039],[117.40995684093377,5.242145547570039],[117.41099325771488,5.243326149883793],[117.41202967449601,5.243326149883793],[117.41202967449601,5.243719684471282],[117.41513892483935,5.243719684471282],[117.41513892483935,5.244113219300252],[117.41824817518273,5.244506754370727],[117.41824817518273,5.24490028968272],[117.41928459196386,5.24490028968272],[117.42032100874496,5.246080897068005],[117.4213574255261,5.246080897068005],[117.4213574255261,5.24568736103134],[117.42239384230723,5.245293825236252],[117.42239384230723,5.2445969341917476],[117.4214458,5.245324194313526],[117.4205983,5.24542029431342],[117.41862949999998,5.2443198943145575],[117.4113446,5.242808094316113],[117.40605000000001,5.239648294319318],[117.40468199999997,5.239955494318981],[117.40439770000002,5.241504694317402],[117.40547060000002,5.248262294310536],[117.40747959999999,5.252383494306379],[117.40470079999997,5.254106294304611],[117.40171010000002,5.257193894301463],[117.39944100000001,5.258876594299762],[117.39698409999998,5.263331694295232],[117.3923278,5.268374294290111],[117.38492760000001,5.2745733942838156],[117.38340939999999,5.275393294282984],[117.38167139999999,5.275638994282739],[117.37981529999998,5.274867194283485],[117.3789918,5.273486294284922],[117.38187249999999,5.267653194290818],[117.3816392,5.26621889429231],[117.37982059999999,5.264763294293779],[117.3773852,5.263849794294712],[117.3750839,5.264277094294285],[117.3724714,5.265671394292832],[117.3720664,5.266739694291759],[117.37272619999999,5.272719794285689],[117.37261349999999,5.276418894281936],[117.37111419999998,5.279244694279076],[117.36927149999998,5.28067619427759],[117.36888799999998,5.283531294274696],[117.367689,5.285593194272601],[117.3662353,5.286292994271898],[117.36243719999999,5.287184994271015],[117.35831199999997,5.290656994267487],[117.35524359999998,5.289917194268221],[117.3488921,5.289874494268256],[117.34527649999997,5.288790094269373],[117.3444235,5.288891594269267],[117.3425004,5.297304594260721],[117.33784679999997,5.304237794253683],[117.33622400000002,5.3077924942500845],[117.33481662430246,5.309049787318764],[117.33637124947414,5.3082626377083155]]],[[[117.33408627290879,5.310230513568687],[117.3342984159119,5.309836937907455],[117.33481662430246,5.309836937907455],[117.33481662430246,5.309049787318764],[117.334317,5.309520494248328],[117.33408627290879,5.310230513568687]]],[[[117.41202967449601,5.344472534520915],[117.41202967449601,5.344078937508707],[117.41151146610545,5.344078937508707],[117.41099325771488,5.3448661317793515],[117.41202967449601,5.345259729284038],[117.41202967449601,5.3448661317793515],[117.41254788288656,5.3448661317793515],[117.41254788288656,5.344472534520915],[117.41202967449601,5.344472534520915]]],[[[117.42964875977508,5.366907971807322],[117.43016696816562,5.366907971807322],[117.43016696816562,5.366514360730393],[117.42913055138452,5.366120749900735],[117.42913055138452,5.366514360730393],[117.42861234299394,5.366514360730393],[117.42861234299394,5.366907971807322],[117.42913055138452,5.366907971807322],[117.42913055138452,5.367301583131537],[117.42861234299394,5.367301583131537],[117.42861234299394,5.368088806521906],[117.42913055138452,5.368088806521906],[117.42913055138452,5.368482418588099],[117.43016696816562,5.368088806521906],[117.43016696816562,5.367301583131537],[117.42964875977508,5.367301583131537],[117.42964875977508,5.366907971807322]]],[[[117.39389238082639,5.436974700492614],[117.39285596404525,5.436581045105965],[117.39181954726415,5.438155668156197],[117.39285596404525,5.438549324545331],[117.39285596404525,5.438155668156197],[117.39389238082639,5.4377620120177115],[117.39389238082639,5.436974700492614]]],[[[117.36487271095498,5.4377620120177115],[117.36487271095498,5.4373683561298565],[117.36435450256442,5.4373683561298565],[117.36383629417386,5.438155668156197],[117.36487271095498,5.438549324545331],[117.36487271095498,5.438155668156197],[117.36539091934553,5.438155668156197],[117.36539091934553,5.4377620120177115],[117.36487271095498,5.4377620120177115]]],[[[117.36539091934553,5.440123952608735],[117.36435450256442,5.440517610251393],[117.36487271095498,5.441304926289012],[117.3659091277361,5.440911268144812],[117.36539091934553,5.440123952608735]]],[[[117.35709958509658,5.440911268144812],[117.35606316831544,5.440911268144812],[117.35606316831544,5.441304926289012],[117.35554495992488,5.441304926289012],[117.35658137670602,5.442485902226471],[117.35761779348714,5.4420922433298236],[117.35761779348714,5.441304926289012],[117.35709958509658,5.441304926289012],[117.35709958509658,5.440911268144812]]],[[[117.34569900050425,5.4472832945555405],[117.34725362567592,5.447876287119477],[117.34673541728536,5.447209828558151],[117.34569900050425,5.4472832945555405]]],[[[117.34777183406649,5.447997153127637],[117.34757049513001,5.447997153127637],[117.34777183406649,5.44807395143407],[117.34777183406649,5.447997153127637]]],[[[117.36798196129834,5.465110107706948],[117.3674637529078,5.464924874569882],[117.3674637529078,5.465092815170579],[117.36798196129834,5.465110107706948]]],[[[117.36901837807947,5.465144692781145],[117.3685001696889,5.464924874569882],[117.3685001696889,5.465127400243803],[117.36901837807947,5.465144692781145]]],[[[117.4705839,5.236883794322104],[117.4662548,5.23237519432672],[117.46476889999998,5.229458394329662],[117.46344919999999,5.2282617943308916],[117.45693149999997,5.22593789433325],[117.45679326060166,5.226404390801735],[117.4581502212559,5.226404390801735],[117.4581502212559,5.226797915022986],[117.45918663803704,5.226797915022986],[117.4597048464276,5.22758496418756],[117.46125947159928,5.22758496418756],[117.46125947159928,5.227978489130924],[117.46229588838038,5.227978489130924],[117.46229588838038,5.228372014315029],[117.46333230516152,5.228372014315029],[117.46333230516152,5.228765539739894],[117.46436872194265,5.22915906540554],[117.46592334711433,5.233094335308902],[117.46695976389545,5.233487863624337],[117.46695976389545,5.23427492097823],[117.46747797228599,5.23427492097823],[117.46747797228599,5.234668450016725],[117.46955080584826,5.235849038578623],[117.4700690142388,5.237423160036816],[117.47110543101994,5.237816691004283],[117.47110543101994,5.2389972853539915],[117.4716236394105,5.2389972853539915],[117.4716236394105,5.240177881875046],[117.47214184780104,5.240177881875046],[117.47214184780104,5.241752013948298],[117.4726600561916,5.241752013948298],[117.4726600561916,5.244113219300252],[117.47214184780104,5.244113219300252],[117.4716236394105,5.24765504363079],[117.47214184780104,5.24765504363079],[117.47317826458217,5.248835656090328],[117.4742146813633,5.248835656090328],[117.4742146813633,5.2492291940602644],[117.47473288975384,5.2492291940602644],[117.47473288975384,5.248835656090328],[117.47836034848778,5.2484421183621155],[117.47887855687834,5.250409809420603],[117.47939676526889,5.250409809420603],[117.47939676526889,5.252377506524038],[117.47991497365945,5.252377506524038],[117.47991497365945,5.253558127688639],[117.48043318205002,5.253558127688639],[117.48095139044058,5.25434520967474],[117.48302422400282,5.25434520967474],[117.48302422400282,5.253951668560706],[117.48406064078395,5.253951668560706],[117.48439414438407,5.253558127688639],[117.48383400000002,5.253198194305522],[117.48203429999997,5.254028794304678],[117.4807575,5.253831194304868],[117.47969809999996,5.250831694307935],[117.47848569999996,5.248304994310507],[117.47804050000002,5.24795239431088],[117.47437119999998,5.248636194310174],[117.4733305,5.248385094310433],[117.4723864,5.247573094311237],[117.47215569999997,5.246921394311916],[117.47308909999997,5.2428668943160375],[117.47257409999999,5.240433594318516],[117.4705839,5.236883794322104]]],[[[117.55246414833793,5.263396722122385],[117.54846449999997,5.2616489942969515],[117.54706980000002,5.2601852942984415],[117.54528879999997,5.254736594303977],[117.54538799999997,5.252335494306402],[117.54661109999999,5.250906494307883],[117.54572743926065,5.25080334835762],[117.54572743926065,5.251196887536453],[117.54520923087009,5.251196887536453],[117.54520923087009,5.252377506524038],[117.54469102247951,5.252377506524038],[117.54469102247951,5.255525834468811],[117.54520923087009,5.255525834468811],[117.54520923087009,5.2578870905925035],[117.54572743926065,5.2578870905925035],[117.54624564765122,5.260248355433601],[117.54728206443232,5.260641900421588],[117.54728206443232,5.261428991124425],[117.54780027282288,5.261428991124425],[117.54831848121346,5.262216082796528],[117.54935489799456,5.262216082796528],[117.54935489799456,5.262609628996103],[117.5503913147757,5.262609628996103],[117.5503913147757,5.2630031754380475],[117.55142773155683,5.2630031754380475],[117.55142773155683,5.263396722122385],[117.55246414833793,5.263790269049131],[117.55246414833793,5.264577363629926],[117.55298235672849,5.264577363629926],[117.55298235672849,5.267332202301336],[117.55350056511907,5.267332202301336],[117.55350056511907,5.267725751653197],[117.55298235672849,5.267725751653197],[117.55298235672849,5.269693502052076],[117.55246414833793,5.269693502052076],[117.55246414833793,5.27048060391044],[117.55090952316625,5.271267706739779],[117.55090952316625,5.272054810540236],[117.54935489799456,5.272841915311963],[117.54935489799456,5.273629021055108],[117.54780027282288,5.274416127769818],[117.54780027282288,5.275203235456244],[117.54728206443232,5.275203235456244],[117.54728206443232,5.275596789663896],[117.54676385604178,5.275596789663896],[117.54676385604178,5.276383898808171],[117.54624564765122,5.276383898808171],[117.54624564765122,5.277564564347287],[117.54676385604178,5.277564564347287],[117.54676385604178,5.2783516759220515],[117.54624564765122,5.2783516759220515],[117.54624564765122,5.278745232074096],[117.54676385604178,5.278745232074096],[117.54676385604178,5.280713016481673],[117.54728206443232,5.280713016481673],[117.54780027282288,5.283861484182471],[117.54831848121346,5.283861484182471],[117.54831848121346,5.284648603541035],[117.54935489799456,5.285042163585423],[117.54935489799456,5.285829284404505],[117.54987310638512,5.285829284404505],[117.5503913147757,5.28661640619745],[117.55298235672849,5.28661640619745],[117.55350056511907,5.2858728391863306],[117.55266489999997,5.286370394271807],[117.5512379,5.286482594271729],[117.5493497,5.28484799427338],[117.5475365,5.280745694277546],[117.5469035,5.277107994281241],[117.54773500000002,5.275537494282812],[117.55255220000001,5.270617794287842],[117.55350169999997,5.269170194289308],[117.55359289999997,5.2657460942927745],[117.55246414833793,5.263396722122385]]],[[[117.55453698190017,5.2783516759220515],[117.55359478281996,5.2783516759220515],[117.55609160707186,5.279893619823009],[117.55609160707186,5.279138788469273],[117.5555733986813,5.279138788469273],[117.5555733986813,5.278745232074096],[117.55453698190017,5.278745232074096],[117.55453698190017,5.2783516759220515]]],[[[117.55613675785388,5.279925901989097],[117.5564092,5.280120694278182],[117.55660981546244,5.280299816728382],[117.55660981546244,5.279925901989097],[117.55613675785388,5.279925901989097]]],[[[117.55453698190017,5.285829284404505],[117.55453698190017,5.28543572387324],[117.55505519029073,5.28543572387324],[117.55505519029073,5.285042163585423],[117.5555733986813,5.285042163585423],[117.5555733986813,5.284648603541035],[117.55609160707186,5.284648603541035],[117.55609160707186,5.284255043740057],[117.5581644406341,5.283074365797401],[117.5581644406341,5.2822872483856775],[117.55868264902468,5.2822872483856775],[117.55868264902468,5.281893690044774],[117.5581644406341,5.281893690044774],[117.5581644406341,5.281106574092791],[117.55764623224354,5.281106574092791],[117.55712802385297,5.280319459113782],[117.55663181474623,5.280319459113782],[117.5578576,5.281910194276361],[117.55735869999998,5.283229494274987],[117.55356588237504,5.285829284404505],[117.55453698190017,5.285829284404505]]],[[[117.5778563594754,5.2921262860287515],[117.5778563594754,5.291732721599802],[117.57941098464708,5.291732721599802],[117.57941098464708,5.2913391574145985],[117.58200202659988,5.2909455934731175],[117.58252023499045,5.290158466321265],[117.58459306855269,5.289764903110853],[117.58459306855269,5.289371340144093],[117.58604752620528,5.288584214941451],[117.5863373,5.287091494271086],[117.5842076,5.289244194268929],[117.5806296,5.290771894267349],[117.5757265,5.292342294265745],[117.57214310000002,5.291984394266122],[117.5673366,5.2898637942682605],[117.56585059999998,5.2886245942695185],[117.56284119999997,5.284399394273828],[117.56140349999998,5.280035194278245],[117.56027160000001,5.277476594280835],[117.55947769999997,5.276958394281384],[117.5545961,5.275206394283157],[117.55260590000002,5.274677494283702],[117.5518334,5.2749285942834625],[117.55131839999997,5.27602899428231],[117.5515491,5.276824894281531],[117.5521821,5.2775726942807495],[117.55350056511907,5.27830161764729],[117.55246414833793,5.27717100892453],[117.55194593994736,5.27717100892453],[117.55194593994736,5.275203235456244],[117.55350056511907,5.275203235456244],[117.55350056511907,5.275596789663896],[117.55505519029073,5.275596789663896],[117.55505519029073,5.275990344114532],[117.55609160707186,5.275990344114532],[117.55609160707186,5.276383898808171],[117.55764623224354,5.276383898808171],[117.55764623224354,5.276777453744828],[117.55868264902468,5.276777453744828],[117.55868264902468,5.27717100892453],[117.56023727419634,5.277958120013121],[117.56023727419634,5.279138788469273],[117.56075548258691,5.279138788469273],[117.56075548258691,5.279925901989097],[117.56127369097747,5.279925901989097],[117.56127369097747,5.2822872483856775],[117.56179189936802,5.2822872483856775],[117.56231010775858,5.284648603541035],[117.56282831614915,5.284648603541035],[117.56282831614915,5.28543572387324],[117.56334652453971,5.28543572387324],[117.56334652453971,5.28661640619745],[117.56438294132082,5.287009967459172],[117.56490114971139,5.288584214941451],[117.56541935810195,5.288584214941451],[117.56541935810195,5.288977777420963],[117.56593756649252,5.288977777420963],[117.56749219166419,5.290552029775348],[117.56852860844532,5.290552029775348],[117.5690468168359,5.2913391574145985],[117.570083233617,5.2913391574145985],[117.570083233617,5.291732721599802],[117.57111965039813,5.291732721599802],[117.57111965039813,5.2921262860287515],[117.57215606717924,5.2921262860287515],[117.57215606717924,5.292519850701462],[117.57319248396037,5.292519850701462],[117.57319248396037,5.292913415617956],[117.57630173430374,5.292913415617956],[117.57681994269427,5.2921262860287515],[117.5778563594754,5.2921262860287515]]],[[[117.44934067861638,5.321250731464987],[117.44830426183525,5.32164431422761],[117.44882247022582,5.322431480488334],[117.44985888700693,5.322037897235387],[117.44934067861638,5.321250731464987]]],[[[117.49183376664234,5.324005815952223],[117.49079734986124,5.324399400431311],[117.49131555825177,5.325186570125358],[117.4923519750329,5.324792985155685],[117.49183376664234,5.324005815952223]]],[[[117.44726784505414,5.3295160209870245],[117.44726784505414,5.329122433317802],[117.44674963666358,5.329122433317802],[117.44623142827301,5.329909608901771],[117.44726784505414,5.3303031970620625],[117.44726784505414,5.329909608901771],[117.44778605344469,5.329909608901771],[117.44778605344469,5.3295160209870245],[117.44726784505414,5.3295160209870245]]],[[[117.43120338494676,5.366514360730393],[117.43016696816562,5.366907971807322],[117.43068517655618,5.367695194703061],[117.43172159333731,5.367301583131537],[117.43120338494676,5.366514360730393]]],[[[117.48768809951787,5.426739741828259],[117.48665168273673,5.42713339095611],[117.4871698911273,5.427920689962219],[117.48820630790843,5.427527040334089],[117.48768809951787,5.426739741828259]]]]},"properties":{"place_id":"e7597ef4-bb59-55d5-aab3-2489262b258c","habitat":"forest_edge_opening","habitat_label":"Forest edge or opening","resolution_m":50}},{"type":"Feature","geometry":{"type":"MultiPolygon","coordinates":[[[[117.3342984159119,5.309836937907455],[117.3342984159119,5.309577683262062],[117.33421416878738,5.309836937907455],[117.3342984159119,5.309836937907455]]],[[[117.39285596404525,5.4377620120177115],[117.39337417243581,5.4377620120177115],[117.39337417243581,5.436974700492614],[117.39285596404525,5.436974700492614],[117.39285596404525,5.4377620120177115]]],[[[117.36435450256442,5.438155668156197],[117.36487271095498,5.438155668156197],[117.36487271095498,5.4377620120177115],[117.36435450256442,5.4377620120177115],[117.36435450256442,5.438155668156197]]],[[[117.39285596404525,5.438155668156197],[117.39285596404525,5.4377620120177115],[117.39233775565471,5.4377620120177115],[117.39233775565471,5.438155668156197],[117.39285596404525,5.438155668156197]]],[[[117.36539091934553,5.440911268144812],[117.36539091934553,5.440517610251393],[117.36487271095498,5.440517610251393],[117.36487271095498,5.440911268144812],[117.36539091934553,5.440911268144812]]],[[[117.34673541728536,5.447603490717346],[117.34653844631404,5.447603490717346],[117.34673541728536,5.447678622868192],[117.34673541728536,5.447603490717346]]],[[[117.44934067861638,5.322037897235387],[117.44934067861638,5.32164431422761],[117.44882247022582,5.32164431422761],[117.44882247022582,5.322037897235387],[117.44934067861638,5.322037897235387]]],[[[117.44726784505414,5.329909608901771],[117.44726784505414,5.3295160209870245],[117.44674963666358,5.3295160209870245],[117.44674963666358,5.329909608901771],[117.44726784505414,5.329909608901771]]],[[[117.41151146610545,5.3448661317793515],[117.41202967449601,5.3448661317793515],[117.41202967449601,5.344472534520915],[117.41151146610545,5.344472534520915],[117.41151146610545,5.3448661317793515]]],[[[117.42964875977508,5.366907971807322],[117.42964875977508,5.366514360730393],[117.42913055138452,5.366514360730393],[117.42913055138452,5.366907971807322],[117.42964875977508,5.366907971807322]]],[[[117.48768809951787,5.427527040334089],[117.48768809951787,5.42713339095611],[117.4871698911273,5.42713339095611],[117.4871698911273,5.427527040334089],[117.48768809951787,5.427527040334089]]]]},"properties":{"place_id":"e7597ef4-bb59-55d5-aab3-2489262b258c","habitat":"open_grassland","habitat_label":"Open grassland or shrubland","resolution_m":50}},{"type":"Feature","geometry":{"type":"MultiPolygon","coordinates":[[[[117.4054339606422,5.248048580875609],[117.40551295177879,5.2484421183621155],[117.40581117380927,5.2484421183621155],[117.40581117380927,5.248048580875609],[117.4054339606422,5.248048580875609]]],[[[117.4923519750329,5.324792985155685],[117.49183376664234,5.324005815952223],[117.49079734986124,5.324399400431311],[117.49131555825177,5.325186570125358],[117.4923519750329,5.324792985155685]]],[[[117.43120338494676,5.367695194703061],[117.43172159333731,5.366907971807322],[117.43068517655618,5.366514360730393],[117.43016696816562,5.367301583131537],[117.43120338494676,5.367695194703061]]],[[[117.43016696816562,5.367301583131537],[117.42913055138452,5.366907971807322],[117.42913055138452,5.367301583131537],[117.42861234299394,5.367301583131537],[117.42861234299394,5.368088806521906],[117.42964875977508,5.368482418588099],[117.42964875977508,5.368088806521906],[117.43016696816562,5.368088806521906],[117.43016696816562,5.367301583131537]]],[[[117.3674637529078,5.464924874569882],[117.36798196129834,5.465110107706948],[117.36798196129834,5.464924874569882],[117.3674637529078,5.464924874569882]]]]},"properties":{"place_id":"e7597ef4-bb59-55d5-aab3-2489262b258c","habitat":"disturbed_built_edge","habitat_label":"Disturbed, bare or built edge","resolution_m":50}},{"type":"Feature","geometry":{"type":"MultiPolygon","coordinates":[[[[117.4648869303332,5.229946117459239],[117.46503281456445,5.229946117459239],[117.4648869303332,5.229673480108009],[117.4648869303332,5.229946117459239]]],[[[117.47291600307402,5.244113219300252],[117.4726600561916,5.244506754370727],[117.4728377482233,5.244506754370727],[117.47291600307402,5.244113219300252]]],[[[117.47237891200051,5.246080897068005],[117.47214184780104,5.246474433346263],[117.47224024807635,5.246474433346263],[117.47237891200051,5.246080897068005]]],[[[117.47995883334843,5.251590426957123],[117.47991497365945,5.252377506524038],[117.48019218996636,5.252377506524038],[117.47995883334843,5.251590426957123]]]]},"properties":{"place_id":"e7597ef4-bb59-55d5-aab3-2489262b258c","habitat":"cropland","habitat_label":"Cropland","resolution_m":50}},{"type":"Feature","geometry":{"type":"MultiPolygon","coordinates":[[[[117.37782792071899,5.2641838162183054],[117.37849048204096,5.2641838162183054],[117.37782792071899,5.263948972804494],[117.37782792071899,5.2641838162183054]]],[[[117.37627329554732,5.2641838162183054],[117.37627329554732,5.2639063118925495],[117.37535940660753,5.2641838162183054],[117.37627329554732,5.2641838162183054]]],[[[117.37523687876619,5.264577363629926],[117.37523687876619,5.264225300380631],[117.37447065754576,5.264577363629926],[117.37523687876619,5.264577363629926]]],[[[117.37886433750012,5.264577363629926],[117.37933519999999,5.264536194294014],[117.37886433750012,5.2643398470011755],[117.37886433750012,5.264577363629926]]],[[[117.37420046198508,5.264970911284013],[117.37420046198508,5.264715445830096],[117.37371516331142,5.264970911284013],[117.37420046198508,5.264970911284013]]],[[[117.37316404520395,5.265758007319654],[117.37316404520395,5.2652446699294035],[117.37238957997425,5.265758007319654],[117.37316404520395,5.265758007319654]]],[[[117.37212762842285,5.266230799487647],[117.3720664,5.266739694291759],[117.37212762842285,5.267369872451506],[117.37212762842285,5.266230799487647]]],[[[117.3726458368134,5.267725751653197],[117.37218648177813,5.267725751653197],[117.3726458368134,5.2722089839339175],[117.3726458368134,5.267725751653197]]],[[[117.37886433750012,5.274022574291009],[117.37918146687265,5.272841915311963],[117.37886433750012,5.272841915311963],[117.37886433750012,5.274022574291009]]],[[[117.37316404520395,5.275203235456244],[117.37316404520395,5.274416127769818],[117.37274958668537,5.274416127769818],[117.37274957918407,5.275203235456244],[117.37316404520395,5.275203235456244]]],[[[117.37212762842285,5.2783516759220515],[117.37212762842285,5.277958120013121],[117.3726458368134,5.277958120013121],[117.3726458368134,5.276239722883123],[117.37171948300232,5.2783516759220515],[117.37212762842285,5.2783516759220515]]],[[[117.37160942003227,5.279138788469273],[117.37160942003227,5.278522519025422],[117.37119730548531,5.279138788469273],[117.37160942003227,5.279138788469273]]],[[[117.37109121164171,5.2795323451076],[117.37109121164171,5.279260430554226],[117.37067268343918,5.2795323451076],[117.37109121164171,5.2795323451076]]],[[[117.36953658647003,5.281106574092791],[117.36953658647003,5.280319459113782],[117.3700547948606,5.280319459113782],[117.37057300325114,5.279585780545637],[117.36993669999997,5.279979094278288],[117.36946200000001,5.280377094277925],[117.3691472520606,5.281106574092791],[117.36953658647003,5.281106574092791]]],[[[117.36901837807947,5.284255043740057],[117.36901837807947,5.282110187975635],[117.36861683489856,5.284255043740057],[117.36901837807947,5.284255043740057]]],[[[117.3685001696889,5.285042163585423],[117.3685001696889,5.284485920387586],[117.36811445377356,5.285042163585423],[117.3685001696889,5.285042163585423]]],[[[117.36798196129834,5.285829284404505],[117.36798196129834,5.285223029560683],[117.36725598713093,5.285829284404505],[117.36798196129834,5.285829284404505]]],[[[117.36694554451724,5.2862228451792355],[117.36694554451724,5.285973881204974],[117.36639376065416,5.2862228451792355],[117.36694554451724,5.2862228451792355]]],[[[117.3659091277361,5.28661640619745],[117.3659091277361,5.286388125486704],[117.36478500595373,5.28661640619745],[117.3659091277361,5.28661640619745]]],[[[117.36279987739273,5.28740352896441],[117.36279987739273,5.287009967459172],[117.36331808578329,5.286813756175633],[117.36277789999997,5.287006094271185],[117.36210561784482,5.28740352896441],[117.36279987739273,5.28740352896441]]],[[[117.36176346061163,5.287797090713194],[117.36176346061163,5.2876610930279755],[117.36158582489468,5.287797090713194],[117.36176346061163,5.287797090713194]]],[[[117.36124525222105,5.288584214941451],[117.36124525222105,5.288111439722682],[117.36080709967486,5.288584214941451],[117.36124525222105,5.288584214941451]]],[[[117.34466258372312,5.288977777420963],[117.34466258372312,5.288761355568482],[117.34431906760192,5.288977777420963],[117.34466258372312,5.288977777420963]]],[[[117.34518079211368,5.288977777420963],[117.3456386,5.288896994269254],[117.34518079211368,5.288773232503389],[117.34518079211368,5.288977777420963]]],[[[117.3607270438305,5.288977777420963],[117.3607270438305,5.288672524987893],[117.36037224656141,5.288977777420963],[117.3607270438305,5.288977777420963]]],[[[117.34621720889479,5.289371340144093],[117.3466846,5.2893456942688015],[117.34621720889479,5.289131068043311],[117.34621720889479,5.289371340144093]]],[[[117.36020883543995,5.289371340144093],[117.36020883543995,5.289104752973148],[117.35982142858039,5.289371340144093],[117.36020883543995,5.289371340144093]]],[[[117.34819161352632,5.289764903110853],[117.34763150000002,5.289639494268513],[117.34725362567592,5.289582647367928],[117.34725362567592,5.289764903110853],[117.34819161352632,5.289764903110853]]],[[[117.35969062704937,5.289764903110853],[117.35969062704937,5.289468214347351],[117.3593173401476,5.289764903110853],[117.35969062704937,5.289764903110853]]],[[[117.35554495992488,5.290158466321265],[117.35657129999997,5.290114894268013],[117.35554495992488,5.289958456472316],[117.35554495992488,5.290158466321265]]],[[[117.34932645923816,5.290158466321265],[117.3529539179721,5.289926992008355],[117.34932645923816,5.289915801158348],[117.34932645923816,5.290158466321265]]],[[[117.35917241865882,5.290158466321265],[117.35917241865882,5.28989931483037],[117.35896024565369,5.290158466321265],[117.35917241865882,5.290158466321265]]],[[[117.34414437533255,5.2909455934731175],[117.34414437533255,5.2892155082260395],[117.34384803685332,5.2909455934731175],[117.34414437533255,5.2909455934731175]]],[[[117.35709958509658,5.290552029775348],[117.35777819999998,5.290496794267628],[117.35709958509658,5.2902976914764155],[117.35709958509658,5.290552029775348]]],[[[117.35865421026826,5.290552029775348],[117.35865421026826,5.290526956488371],[117.35861555629258,5.290552029775348],[117.35865421026826,5.290552029775348]]],[[[117.34362616694199,5.294487677722111],[117.34362616694199,5.293308345404931],[117.3433038851466,5.294487677722111],[117.34362616694199,5.294487677722111]]],[[[117.34310795855144,5.296061943728251],[117.34310795855144,5.294929453662295],[117.34284127853088,5.296061943728251],[117.34310795855144,5.296061943728251]]],[[[117.34258975016088,5.297636213637565],[117.34258975016088,5.296769084979826],[117.3422961961839,5.297636213637565],[117.34258975016088,5.297636213637565]]],[[[117.34207154177031,5.29881691863172],[117.34207154177031,5.298083666160929],[117.34159563305037,5.29881691863172],[117.34207154177031,5.29881691863172]]],[[[117.34155333337975,5.29960405651485],[117.34155333337975,5.298891749274217],[117.34113633322973,5.29960405651485],[117.34155333337975,5.29960405651485]]],[[[117.34103512498918,5.3003911953744405],[117.34103512498918,5.299749479336772],[117.34055683695937,5.3003911953744405],[117.34103512498918,5.3003911953744405]]],[[[117.34051691659865,5.300784765170455],[117.34051691659865,5.30043905678713],[117.34027313972044,5.300784765170455],[117.34051691659865,5.300784765170455]]],[[[117.33923235380443,5.302359046796404],[117.33948049981751,5.301965476023597],[117.33999870820807,5.301965476023597],[117.33999870820807,5.3011911283290365],[117.33956600000002,5.301815494256139],[117.33923235380443,5.302359046796404]]],[[[117.33896229142694,5.303146189074776],[117.33896229142694,5.302741281510766],[117.33861663343326,5.303146189074776],[117.33896229142694,5.303146189074776]]],[[[117.3384440830364,5.303539760580375],[117.3384440830364,5.303382225005184],[117.3383284252014,5.303539760580375],[117.3384440830364,5.303539760580375]]],[[[117.33792587464583,5.304720476563052],[117.33792587464583,5.304117039269667],[117.33764565578423,5.304720476563052],[117.33792587464583,5.304720476563052]]],[[[117.33740766625527,5.305901194744933],[117.33740766625527,5.305265239776967],[117.33705501690858,5.305901194744933],[117.33740766625527,5.305901194744933]]],[[[117.3368894578647,5.306688341421547],[117.3368894578647,5.306435729921019],[117.33670209117761,5.306688341421547],[117.3368894578647,5.306688341421547]]],[[[117.33637124947414,5.3078690632698855],[117.33637124947414,5.307551704495895],[117.33614374582956,5.3078690632698855],[117.33637124947414,5.3078690632698855]]],[[[117.33533483269304,5.30865621239127],[117.33533483269304,5.308448215392771],[117.33491714307205,5.30865621239127],[117.33533483269304,5.30865621239127]]],[[[117.35606316831544,5.441304926289012],[117.35606316831544,5.44169858468401],[117.35709958509658,5.4420922433298236],[117.35709958509658,5.441304926289012],[117.35606316831544,5.441304926289012]]],[[[117.40581117380927,5.239784349460068],[117.40565300000002,5.239586894319364],[117.40496368147171,5.239784349460068],[117.40581117380927,5.239784349460068]]],[[[117.40477475702816,5.240177881875046],[117.40477475702816,5.239899136725337],[117.40444537652711,5.240177881875046],[117.40477475702816,5.240177881875046]]],[[[117.40477475702816,5.241752013948298],[117.40443353194813,5.241752013948298],[117.40477475702816,5.244245065026499],[117.40477475702816,5.241752013948298]]],[[[117.40529296541871,5.244506754370727],[117.40481474444046,5.244506754370727],[117.40529296541871,5.247250673321496],[117.40529296541871,5.244506754370727]]],[[[117.40529296541871,5.253951668560706],[117.40529296541871,5.253771173495295],[117.40496321798433,5.253951668560706],[117.40529296541871,5.253951668560706]]],[[[117.40477475702816,5.25434520967474],[117.40477475702816,5.254062716264335],[117.40442320559214,5.25434520967474],[117.40477475702816,5.25434520967474]]],[[[117.40373834024703,5.255525834468811],[117.40373834024703,5.2551322926287725],[117.4042565486376,5.2551322926287725],[117.4042565486376,5.254512484628867],[117.40331014012642,5.255525834468811],[117.40373834024703,5.255525834468811]]],[[[117.40322013185647,5.255919376550888],[117.40322013185647,5.255626401411286],[117.40295791669219,5.255919376550888],[117.40322013185647,5.255919376550888]]],[[[117.4027019234659,5.256706461441233],[117.4027019234659,5.256205399997842],[117.40223111536606,5.256706461441233],[117.4027019234659,5.256706461441233]]],[[[117.40218371507537,5.257100004249537],[117.40218371507537,5.256752150898458],[117.40181076416754,5.257100004249537],[117.40218371507537,5.257100004249537]]],[[[117.4016655066848,5.257493547299955],[117.4016655066848,5.257222882254941],[117.40124913203964,5.257493547299955],[117.4016655066848,5.257493547299955]]],[[[117.40114729829423,5.2578870905925035],[117.40114729829423,5.257559744516482],[117.40063507349373,5.2578870905925035],[117.40114729829423,5.2578870905925035]]],[[[117.4001108815131,5.258280634127203],[117.40062908990366,5.258280634127203],[117.40062908990366,5.257890868986073],[117.40027780000001,5.258112694300533],[117.39965184642864,5.258674177904072],[117.4001108815131,5.258674177904072],[117.4001108815131,5.258280634127203]]],[[[117.39959267312256,5.2590677219231265],[117.39959267312256,5.258730985344701],[117.39929853038586,5.2590677219231265],[117.39959267312256,5.2590677219231265]]],[[[117.399074464732,5.260248355433601],[117.399074464732,5.259368313404497],[117.39860724325123,5.260248355433601],[117.399074464732,5.260248355433601]]],[[[117.39855625634142,5.261035445651857],[117.39855625634142,5.260344627617828],[117.39823160401286,5.261035445651857],[117.39855625634142,5.261035445651857]]],[[[117.39803804795086,5.262216082796528],[117.39803804795086,5.26153400561294],[117.39772328163677,5.262216082796528],[117.39803804795086,5.262216082796528]]],[[[117.39751983956032,5.2630031754380475],[117.39751983956032,5.2625475687238215],[117.39722176034992,5.2630031754380475],[117.39751983956032,5.2630031754380475]]],[[[117.39700163116976,5.263790269049131],[117.39700163116976,5.26330746088302],[117.39660617388503,5.263790269049131],[117.39700163116976,5.263790269049131]]],[[[117.39596521438862,5.264970911284013],[117.39596521438862,5.264577363629926],[117.39648342277918,5.264577363629926],[117.39648342277918,5.263939215053889],[117.39548049101246,5.264970911284013],[117.39596521438862,5.264970911284013]]],[[[117.38019038023496,5.264970911284013],[117.37990075428125,5.26480829774971],[117.37990075428125,5.264970911284013],[117.38019038023496,5.264970911284013]]],[[[117.3807500140625,5.265364459180583],[117.3804189626718,5.265113946849388],[117.3804189626718,5.265364459180583],[117.3807500140625,5.265364459180583]]],[[[117.39544700599805,5.265364459180583],[117.39544700599805,5.265005820436161],[117.39510299822115,5.265364459180583],[117.39544700599805,5.265364459180583]]],[[[117.38093717106236,5.265758007319654],[117.38108400000002,5.265644594292869],[117.38093717106236,5.265518023450454],[117.38093717106236,5.265758007319654]]],[[[117.39492879760752,5.265758007319654],[117.39492879760752,5.265546068783557],[117.39472519720468,5.265758007319654],[117.39492879760752,5.265758007319654]]],[[[117.38186118909076,5.266545104325379],[117.3816392,5.26621889429231],[117.38145537945293,5.266028914581707],[117.38145537945293,5.266545104325379],[117.38186118909076,5.266545104325379]]],[[[117.39441058921695,5.266545104325379],[117.39441058921695,5.266081380656415],[117.39397992335353,5.266545104325379],[117.39441058921695,5.266545104325379]]],[[[117.39389238082639,5.266938653192071],[117.39389238082639,5.266641957736725],[117.39362420790823,5.266938653192071],[117.39389238082639,5.266938653192071]]],[[[117.38197358784349,5.26729691810123],[117.3819959,5.267199094291297],[117.38197358784349,5.266949343781004],[117.38197358784349,5.26729691810123]]],[[[117.39337417243581,5.267725751653197],[117.39337417243581,5.267215282249801],[117.39291324796439,5.267725751653197],[117.39337417243581,5.267725751653197]]],[[[117.39285596404525,5.268119301247673],[117.39285596404525,5.26778920912369],[117.3925579855007,5.268119301247673],[117.39285596404525,5.268119301247673]]],[[[117.38145537945293,5.267725751653197],[117.38145537945293,5.268169411008005],[117.38183109598494,5.267725751653197],[117.38145537945293,5.267725751653197]]],[[[117.39181954726415,5.269299951486963],[117.39181954726415,5.268906401164536],[117.39233775565471,5.268906401164536],[117.39233775565471,5.268363265692902],[117.39135763833333,5.269299951486963],[117.39181954726415,5.269299951486963]]],[[[117.38093717106236,5.26851285108478],[117.38093717106236,5.269011500569045],[117.38120120890952,5.26851285108478],[117.38093717106236,5.26851285108478]]],[[[117.39130133887357,5.269693502052076],[117.39130133887357,5.269352201823457],[117.39093358980534,5.269693502052076],[117.39130133887357,5.269693502052076]]],[[[117.3804189626718,5.269299951486963],[117.3804189626718,5.270351652934215],[117.38082630185053,5.269299951486963],[117.3804189626718,5.269299951486963]]],[[[117.39078313048302,5.270087052859895],[117.39078313048302,5.269833140258943],[117.39050954127738,5.270087052859895],[117.39078313048302,5.270087052859895]]],[[[117.39026492209244,5.27048060391044],[117.39026492209244,5.270314079056897],[117.39008549274942,5.27048060391044],[117.39026492209244,5.27048060391044]]],[[[117.38871029692078,5.272054810540236],[117.38871029692078,5.2716612585186065],[117.38974671370191,5.271267706739779],[117.38974671370191,5.2707950182173535],[117.38813291503341,5.272054810540236],[117.38871029692078,5.272054810540236]]],[[[117.37990075428125,5.270874155203728],[117.37990075428125,5.271513483685861],[117.38020214350577,5.270874155203728],[117.37990075428125,5.270874155203728]]],[[[117.37938254589069,5.2716612585186065],[117.37938254589069,5.272396269649926],[117.37982501503448,5.2716612585186065],[117.37938254589069,5.2716612585186065]]],[[[117.38663746335854,5.273629021055108],[117.38663746335854,5.273235468062098],[117.38767388013964,5.272841915311963],[117.38767388013964,5.272418305791436],[117.38613412803316,5.273629021055108],[117.38663746335854,5.273629021055108]]],[[[117.38611925496797,5.274022574291009],[117.38611925496797,5.273641184548584],[117.38564988035138,5.274022574291009],[117.38611925496797,5.274022574291009]]],[[[117.3856010465774,5.274416127769818],[117.3856010465774,5.27405981552032],[117.38513382068808,5.274416127769818],[117.3856010465774,5.274416127769818]]],[[[117.37938254589069,5.274809681491558],[117.37964360000001,5.2747148942836715],[117.37938254589069,5.274394517418348],[117.37938254589069,5.274809681491558]]],[[[117.38508283818686,5.274809681491558],[117.38508283818686,5.274455007668699],[117.38457818469017,5.274809681491558],[117.38508283818686,5.274809681491558]]],[[[117.3845646297963,5.275203235456244],[117.3845646297963,5.274818847800397],[117.38389046328948,5.275203235456244],[117.3845646297963,5.275203235456244]]],[[[117.38032488100691,5.275203235456244],[117.38001909999997,5.275012694283365],[117.37990075428125,5.274928203101391],[117.37990075428125,5.275203235456244],[117.38032488100691,5.275203235456244]]],[[[117.3830100046246,5.275596789663896],[117.3830100046246,5.275498589809323],[117.38241583957067,5.275596789663896],[117.3830100046246,5.275596789663896]]],[[[117.38136863399023,5.275596789663896],[117.38087739999997,5.275481494282877],[117.3804189626718,5.275261482970304],[117.3804189626718,5.275596789663896],[117.38136863399023,5.275596789663896]]],[[[117.45723620906193,5.226010866821155],[117.45693149999997,5.22593789433325],[117.45690987566499,5.226010866821155],[117.45723620906193,5.226010866821155]]],[[[117.4581502212559,5.226404390801735],[117.45849249999998,5.226365294332818],[117.4581502212559,5.226251674090389],[117.4581502212559,5.226404390801735]]],[[[117.45918663803704,5.226797915022986],[117.45963774856438,5.226797915022986],[117.45918663803704,5.226624969701661],[117.45918663803704,5.226797915022986]]],[[[117.4597048464276,5.22719143948492],[117.46067546940957,5.22719143948492],[117.4597048464276,5.2268243096083],[117.4597048464276,5.22719143948492]]],[[[117.46125947159928,5.22758496418756],[117.46207517117521,5.22758496418756],[117.46125947159928,5.227385036768337],[117.46125947159928,5.22758496418756]]],[[[117.46229588838038,5.227978489130924],[117.46303146318074,5.227978489130924],[117.46229588838038,5.227651823665268],[117.46229588838038,5.227978489130924]]],[[[117.46333230516152,5.228372014315029],[117.4635910373447,5.228372014315029],[117.46333230516152,5.228182144119715],[117.46333230516152,5.228372014315029]]],[[[117.46385051355209,5.228765539739894],[117.46409744804618,5.228765539739894],[117.46385051355209,5.228573650001675],[117.46385051355209,5.228765539739894]]],[[[117.46436872194265,5.22915906540554],[117.46450069999999,5.229143194329998],[117.46436872194265,5.229018967769378],[117.46436872194265,5.22915906540554]]],[[[117.4648869303332,5.229946117459239],[117.46502100000001,5.229917794329215],[117.4648869303332,5.229673480108009],[117.4648869303332,5.229946117459239]]],[[[117.46555352873294,5.231126697346094],[117.46540513872375,5.23081235118343],[117.46540513872375,5.231126697346094],[117.46555352873294,5.231126697346094]]],[[[117.46592334711433,5.23230727940096],[117.4659866,5.231974494327121],[117.46592334711433,5.231853527812436],[117.46592334711433,5.23230727940096]]],[[[117.46644155550489,5.233094335308902],[117.4667964767082,5.233094335308902],[117.46644155550489,5.232643770211142],[117.46644155550489,5.233094335308902]]],[[[117.46695976389545,5.233487863624337],[117.46715392609538,5.233487863624337],[117.46695976389545,5.2332960383911695],[117.46695976389545,5.233487863624337]]],[[[117.46747797228599,5.23427492097823],[117.46799618067656,5.23427492097823],[117.46799618067656,5.234668450016725],[117.46849262477039,5.234668450016725],[117.46747797228599,5.2338080096716535],[117.46747797228599,5.23427492097823]]],[[[117.46851438906712,5.235061979296275],[117.46898140695768,5.235061979296275],[117.46851438906712,5.2346858731635635],[117.46851438906712,5.235061979296275]]],[[[117.4690325974577,5.235455508816902],[117.46943278330433,5.235455508816902],[117.4690325974577,5.235103583230368],[117.4690325974577,5.235455508816902]]],[[[117.46955080584826,5.235849038578623],[117.4698035227222,5.235849038578623],[117.46955080584826,5.235570120783711],[117.46955080584826,5.235849038578623]]],[[[117.4700690142388,5.236636098825421],[117.4703994533667,5.236636098825421],[117.4700690142388,5.236192348574227],[117.4700690142388,5.236636098825421]]],[[[117.47058722262936,5.237423160036816],[117.47095602326561,5.237423160036816],[117.47058722262936,5.236888610230668],[117.47058722262936,5.237423160036816]]],[[[117.47110543101994,5.237816691004283],[117.4711257,5.237669094321303],[117.47110543101994,5.2376397158801575],[117.47110543101994,5.237816691004283]]],[[[117.47195868490566,5.2389972853539915],[117.47165679999999,5.2384383943205295],[117.4716236394105,5.238390361076652],[117.4716236394105,5.2389972853539915],[117.47195868490566,5.2389972853539915]]],[[[117.47214184780104,5.240177881875046],[117.4723864,5.23997149431898],[117.47214184780104,5.239375437550999],[117.47214184780104,5.240177881875046]]],[[[117.40632938219984,5.240177881875046],[117.40644159999997,5.240032994318941],[117.40632938219984,5.239877794540315],[117.40632938219984,5.240177881875046]]],[[[117.4068475905904,5.2405714145313365],[117.40734591303574,5.2405714145313365],[117.4068475905904,5.240400488895354],[117.4068475905904,5.2405714145313365]]],[[[117.4078840073715,5.2409649474289655],[117.4081293286781,5.2409649474289655],[117.4078840073715,5.240815319830067],[117.4078840073715,5.2409649474289655]]],[[[117.40840221576208,5.2413584805679445],[117.40885219514719,5.2413584805679445],[117.40840221576208,5.241113008015556],[117.40840221576208,5.2413584805679445]]],[[[117.4726600561916,5.241752013948298],[117.47283699999997,5.241349794317556],[117.4726600561916,5.240733149376838],[117.4726600561916,5.241752013948298]]],[[[117.40949974031507,5.241752013948298],[117.4090996,5.241496694317432],[117.40892042415264,5.241396596982484],[117.40892042415264,5.241752013948298],[117.40949974031507,5.241752013948298]]],[[[117.40995684093377,5.242145547570039],[117.41012805994698,5.242145547570039],[117.40995684093377,5.2420388276366],[117.40995684093377,5.242145547570039]]],[[[117.41047504932432,5.242539081433191],[117.41077527485433,5.242539081433191],[117.41047504932432,5.242361663233537],[117.41047504932432,5.242539081433191]]],[[[117.41099325771488,5.242932615537767],[117.41174020998244,5.242932615537767],[117.41099325771488,5.242642080906514],[117.41099325771488,5.242932615537767]]],[[[117.41202967449601,5.243326149883793],[117.41345627904467,5.243326149883793],[117.41202967449601,5.243023726688927],[117.41202967449601,5.243326149883793]]],[[[117.41513892483935,5.243719684471282],[117.41639937200326,5.243719684471282],[117.41513892483935,5.243480664893573],[117.41513892483935,5.243719684471282]]],[[[117.41669355001106,5.244113219300252],[117.41786182370139,5.244113219300252],[117.41669355001106,5.243798403175034],[117.41669355001106,5.244113219300252]]],[[[117.41824817518273,5.244506754370727],[117.41909463478112,5.244506754370727],[117.41824817518273,5.244217233442268],[117.41824817518273,5.244506754370727]]],[[[117.41928459196386,5.24490028968272],[117.41986076121556,5.24490028968272],[117.41928459196386,5.244589085465534],[117.41928459196386,5.24490028968272]]],[[[117.42187563391667,5.245293825236252],[117.42187563391667,5.245055025771622],[117.42151113952579,5.245293825236252],[117.42187563391667,5.245293825236252]]],[[[117.4726600561916,5.244506754370727],[117.4726600561916,5.245298377615278],[117.4728377482233,5.244506754370727],[117.4726600561916,5.244506754370727]]],[[[117.42032100874496,5.24568736103134],[117.4213574255261,5.24568736103134],[117.4213574255261,5.2453539755639795],[117.42032100874496,5.245264347527614],[117.42032100874496,5.24568736103134]]],[[[117.47246464646054,5.24765504363079],[117.47237891200051,5.246080897068005],[117.47214184780104,5.246080897068005],[117.47214184780104,5.24765504363079],[117.47246464646054,5.24765504363079]]],[[[117.4726600561916,5.248048580875609],[117.47287381659659,5.248048580875609],[117.4726600561916,5.247851592992458],[117.4726600561916,5.248048580875609]]],[[[117.47317826458217,5.2484421183621155],[117.47350228386202,5.2484421183621155],[117.47317826458217,5.248278995738797],[117.47317826458217,5.2484421183621155]]],[[[117.4768057233161,5.2484421183621155],[117.4768057233161,5.248081214306574],[117.47566882274101,5.2484421183621155],[117.4768057233161,5.2484421183621155]]],[[[117.40581117380927,5.248048580875609],[117.4054339606422,5.248048580875609],[117.40581117380927,5.249218624748605],[117.40581117380927,5.248048580875609]]],[[[117.4742146813633,5.248835656090328],[117.47473288975384,5.248591459730989],[117.4742146813633,5.248616247851331],[117.4742146813633,5.248835656090328]]],[[[117.40736579898098,5.251196887536453],[117.4068475905904,5.251196887536453],[117.4068475905904,5.250016270725384],[117.40632938219984,5.250016270725384],[117.40632938219984,5.2492291940602644],[117.40581625057801,5.2492291940602644],[117.40688679999995,5.2513070943074345],[117.40736579898098,5.251782233100603],[117.40736579898098,5.251196887536453]]],[[[117.4078840073715,5.252377506524038],[117.4078840073715,5.251983966619644],[117.40749151144057,5.251983966619644],[117.40748136731884,5.252377506524038],[117.4078840073715,5.252377506524038]]],[[[117.40736579898098,5.253164587058517],[117.40736579898098,5.252587127043419],[117.40664138571343,5.253164587058517],[117.40736579898098,5.253164587058517]]],[[[117.40632938219984,5.253558127688639],[117.40632938219984,5.253291091670032],[117.40572864007498,5.253558127688639],[117.40632938219984,5.253558127688639]]],[[[117.47821260273432,5.248048580875609],[117.47784199999998,5.247914994310913],[117.47689276147787,5.248048580875609],[117.47821260273432,5.248048580875609]]],[[[117.47836034848778,5.2484421183621155],[117.47848569999996,5.248304994310507],[117.47836034848778,5.248177194733868],[117.47836034848778,5.2484421183621155]]],[[[117.47890182602461,5.2492291940602644],[117.47887855687834,5.249177798197716],[117.47887855687834,5.2492291940602644],[117.47890182602461,5.2492291940602644]]],[[[117.47949997040598,5.250409809420603],[117.47939676526889,5.2501900509032],[117.47939676526889,5.250409809420603],[117.47949997040598,5.250409809420603]]],[[[117.54640530016945,5.25080334835762],[117.54624564765122,5.251044760925887],[117.54661109999999,5.250906494307883],[117.54640530016945,5.25080334835762]]],[[[117.47991497365945,5.251590426957123],[117.47995883334843,5.251590426957123],[117.47991497365945,5.251449680765553],[117.47991497365945,5.251590426957123]]],[[[117.54572743926065,5.251196887536453],[117.54572743926065,5.251622338280995],[117.54602203887285,5.251196887536453],[117.54572743926065,5.251196887536453]]],[[[117.48043318205002,5.253558127688639],[117.4804571,5.2533744943053335],[117.48043318205002,5.253267660771446],[117.48043318205002,5.253558127688639]]],[[[117.48406064078395,5.253558127688639],[117.48383400000002,5.253198194305522],[117.48323471165996,5.253558127688639],[117.48406064078395,5.253558127688639]]],[[[117.48095139044058,5.253951668560706],[117.48098550000002,5.253929994304785],[117.48095139044058,5.253915213494742],[117.48095139044058,5.253951668560706]]],[[[117.48302422400282,5.253951668560706],[117.48302422400282,5.253663366508299],[117.48234535101226,5.253951668560706],[117.48302422400282,5.253951668560706]]],[[[117.54520923087009,5.255525834468811],[117.54528879999997,5.254736594303977],[117.54520923087009,5.2537642198420995],[117.54520923087009,5.255525834468811]]],[[[117.54520923087009,5.252377506524038],[117.54520923087009,5.25339496995907],[117.54537805905403,5.252377506524038],[117.54520923087009,5.252377506524038]]],[[[117.54572743926065,5.2578870905925035],[117.5458789,5.257450294301191],[117.54572743926065,5.2567797315000515],[117.54572743926065,5.2578870905925035]]],[[[117.54624564765122,5.2590677219231265],[117.5463295,5.258700294299912],[117.54624564765122,5.25846768107478],[117.54624564765122,5.2590677219231265]]],[[[117.54676385604178,5.260641900421588],[117.54738255451342,5.260641900421588],[117.54676385604178,5.259571587575375],[117.54676385604178,5.260641900421588]]],[[[117.54819220182715,5.261428991124425],[117.54789589999997,5.261189594297392],[117.54780027282288,5.261087568587843],[117.54780027282288,5.261428991124425],[117.54819220182715,5.261428991124425]]],[[[117.5488131359075,5.2618225368393094],[117.54846449999997,5.2616489942969515],[117.54831848121346,5.261531018482006],[117.54831848121346,5.2618225368393094],[117.5488131359075,5.2618225368393094]]],[[[117.54935489799456,5.262216082796528],[117.5497252,5.262177794296384],[117.54935489799456,5.262039834947753],[117.54935489799456,5.262216082796528]]],[[[117.5503913147757,5.262609628996103],[117.55117833265133,5.262609628996103],[117.5503913147757,5.262360896615129],[117.5503913147757,5.262609628996103]]],[[[117.55142773155683,5.2630031754380475],[117.55194593994736,5.2630031754380475],[117.55194593994736,5.263396722122385],[117.55281887319008,5.263790269049131],[117.55230549999999,5.263208794295348],[117.55142773155683,5.262697274120177],[117.55142773155683,5.2630031754380475]]],[[[117.55298235672849,5.264577363629926],[117.5531155,5.264298494294245],[117.55298235672849,5.264063562084443],[117.55298235672849,5.264577363629926]]],[[[117.55350056511907,5.267332202301336],[117.55372170000001,5.266595494291918],[117.55350056511907,5.265378338392109],[117.55350056511907,5.267332202301336]]],[[[117.55298235672849,5.269693502052076],[117.55298235672849,5.270082399024631],[117.553211203265,5.269693502052076],[117.55298235672849,5.269693502052076]]],[[[117.55246414833793,5.27048060391044],[117.55246414833793,5.2706881148078475],[117.55266242388423,5.27048060391044],[117.55246414833793,5.27048060391044]]],[[[117.55194593994736,5.270874155203728],[117.55194593994736,5.271104635479952],[117.55223119837149,5.270874155203728],[117.55194593994736,5.270874155203728]]],[[[117.55142773155683,5.271267706739779],[117.55142773155683,5.271555159734834],[117.5517583697706,5.271267706739779],[117.55142773155683,5.271267706739779]]],[[[117.55090952316625,5.272054810540236],[117.55090952316625,5.272061088401051],[117.55091552030699,5.272054810540236],[117.55090952316625,5.272054810540236]]],[[[117.5503913147757,5.27244836280468],[117.5503913147757,5.272609313182143],[117.55053956619383,5.27244836280468],[117.5503913147757,5.27244836280468]]],[[[117.54987310638512,5.272841915311963],[117.54987310638512,5.273183002991602],[117.55018120749197,5.272841915311963],[117.54987310638512,5.272841915311963]]],[[[117.54935489799456,5.273629021055108],[117.54935489799456,5.273754644019084],[117.54946903920772,5.273629021055108],[117.54935489799456,5.273629021055108]]],[[[117.54883668960402,5.274022574291009],[117.54883668960402,5.27432498060222],[117.54911145622349,5.274022574291009],[117.54883668960402,5.274022574291009]]],[[[117.55311665399432,5.274809681491558],[117.55260590000002,5.274677494283702],[117.5520490260436,5.274809681491558],[117.55311665399432,5.274809681491558]]],[[[117.54831848121346,5.274416127769818],[117.54831848121346,5.2748953176955355],[117.54875387323922,5.274416127769818],[117.54831848121346,5.274416127769818]]],[[[117.55194593994736,5.275203235456244],[117.55194593994736,5.274866531094261],[117.55158304228438,5.275203235456244],[117.55194593994736,5.275203235456244]]],[[[117.54780027282288,5.275203235456244],[117.54780027282288,5.275465655299091],[117.5480387072707,5.275203235456244],[117.54780027282288,5.275203235456244]]],[[[117.55142773155683,5.275555677949515],[117.55131839999997,5.27602899428231],[117.55142773155683,5.276553801266857],[117.55142773155683,5.275555677949515]]],[[[117.54728206443232,5.27614708063478],[117.54769094225725,5.275596789663896],[117.54728206443232,5.275596789663896],[117.54728206443232,5.27614708063478]]],[[[117.54676385604178,5.277564564347287],[117.54710610363165,5.276383898808171],[117.54676385604178,5.276383898808171],[117.54676385604178,5.277564564347287]]],[[[117.55194593994736,5.27717100892453],[117.55179473254445,5.27717100892453],[117.55194593994736,5.277337550095519],[117.55194593994736,5.27717100892453]]],[[[117.55246414833793,5.277564564347287],[117.55217393494513,5.277564564347287],[117.55246414833793,5.277741226531493],[117.55246414833793,5.277564564347287]]],[[[117.55298235672849,5.277958120013121],[117.55285404728556,5.277958120013121],[117.55298235672849,5.27802629134311],[117.55298235672849,5.277958120013121]]],[[[117.54712282420114,5.278745232074096],[117.54703769727644,5.2783516759220515],[117.54676385604178,5.2783516759220515],[117.54676385604178,5.278745232074096],[117.54712282420114,5.278745232074096]]],[[[117.54752980844484,5.280713016481673],[117.54728206443232,5.279503175099708],[117.54728206443232,5.280713016481673],[117.54752980844484,5.280713016481673]]],[[[117.54811778536501,5.2822872483856775],[117.54785299999998,5.28166439427661],[117.54780027282288,5.2815113437658034],[117.54780027282288,5.2822872483856775],[117.54811778536501,5.2822872483856775]]],[[[117.54882021727252,5.283861484182471],[117.54853430000001,5.28320819427503],[117.54831848121346,5.282734815287694],[117.54831848121346,5.283861484182471],[117.54882021727252,5.283861484182471]]],[[[117.54883668960402,5.284648603541035],[117.54922487113734,5.284648603541035],[117.54883668960402,5.2838991216909035],[117.54883668960402,5.284648603541035]]],[[[117.54935489799456,5.285042163585423],[117.54951641781655,5.285042163585423],[117.54935489799456,5.284854048160748],[117.54935489799456,5.285042163585423]]],[[[117.54987310638512,5.285829284404505],[117.5502350291248,5.285829284404505],[117.54987310638512,5.285441359468893],[117.54987310638512,5.285829284404505]]],[[[117.5503913147757,5.2862228451792355],[117.5506549858414,5.2862228451792355],[117.5503913147757,5.285996798409244],[117.5503913147757,5.2862228451792355]]],[[[117.55298235672849,5.2862228451792355],[117.55298235672849,5.286217584926634],[117.55297142871375,5.2862228451792355],[117.55298235672849,5.2862228451792355]]],[[[117.55350056511907,5.267725751653197],[117.55350056511907,5.269172238690118],[117.55380209999998,5.267754594290717],[117.55350056511907,5.267725751653197]]],[[[117.55350056511907,5.275203235456244],[117.55458437310463,5.275203235456244],[117.55350056511907,5.274911294500085],[117.55350056511907,5.275203235456244]]],[[[117.55505519029073,5.275596789663896],[117.55573137216889,5.275596789663896],[117.55505519029073,5.275364265409638],[117.55505519029073,5.275596789663896]]],[[[117.55687583022872,5.275990344114532],[117.55609160707186,5.27572066665365],[117.55609160707186,5.275990344114532],[117.55687583022872,5.275990344114532]]],[[[117.55794606010402,5.276383898808171],[117.55764623224354,5.276271437872536],[117.55764623224354,5.276383898808171],[117.55794606010402,5.276383898808171]]],[[[117.55899530166623,5.276777453744828],[117.55868264902468,5.27666018235409],[117.55868264902468,5.276777453744828],[117.55899530166623,5.276777453744828]]],[[[117.55971906580578,5.277564564347287],[117.5603393871289,5.277564564347287],[117.55971906580578,5.277100422270454],[117.55971906580578,5.277564564347287]]],[[[117.56075548258691,5.279138788469273],[117.5609636,5.279052394279242],[117.56075548258691,5.278652717341256],[117.56075548258691,5.279138788469273]]],[[[117.55453698190017,5.278745232074096],[117.55433551835434,5.278745232074096],[117.55453698190017,5.278861451748349],[117.55453698190017,5.278745232074096]]],[[[117.5555733986813,5.279138788469273],[117.55497145166696,5.279138788469273],[117.5555733986813,5.279523108321263],[117.5555733986813,5.279138788469273]]],[[[117.56127369097747,5.280319459113782],[117.56140349999998,5.280035194278245],[117.56127369097747,5.279745182055952],[117.56127369097747,5.280319459113782]]],[[[117.55712802385297,5.280713016481673],[117.55701112778853,5.280713016481673],[117.55712802385297,5.280864831060443],[117.55712802385297,5.280713016481673]]],[[[117.55764623224354,5.281106574092791],[117.55731416408136,5.281106574092791],[117.55764623224354,5.28153783609137],[117.55764623224354,5.281106574092791]]],[[[117.56211343963047,5.2822872483856775],[117.56190239999997,5.281584294276673],[117.56179189936802,5.281241186056838],[117.56179189936802,5.2822872483856775],[117.56211343963047,5.2822872483856775]]],[[[117.55779411690442,5.2822872483856775],[117.5581644406341,5.281893690044774],[117.55784984412993,5.281893690044774],[117.55779411690442,5.2822872483856775]]],[[[117.55764623224354,5.283074365797401],[117.55764623224354,5.2825973368962345],[117.55742728024988,5.283074365797401],[117.55764623224354,5.283074365797401]]],[[[117.56246789969659,5.28346792486826],[117.56231010775858,5.282942333006207],[117.56231010775858,5.28346792486826],[117.56246789969659,5.28346792486826]]],[[[117.55712802385297,5.28346792486826],[117.55712802385297,5.2834539856007545],[117.55710711964717,5.28346792486826],[117.55712802385297,5.28346792486826]]],[[[117.55660981546244,5.283861484182471],[117.55660981546244,5.283799535550068],[117.55651691343516,5.283861484182471],[117.55660981546244,5.283861484182471]]],[[[117.55609160707186,5.284255043740057],[117.55609160707186,5.284145085686999],[117.55592670722311,5.284255043740057],[117.55609160707186,5.284255043740057]]],[[[117.56282831614915,5.284648603541035],[117.56284119999997,5.284399394273828],[117.56282831614915,5.28436856365738],[117.56282831614915,5.284648603541035]]],[[[117.5555733986813,5.284648603541035],[117.5555733986813,5.284490636011558],[117.55533650101113,5.284648603541035],[117.5555733986813,5.284648603541035]]],[[[117.55505519029073,5.285042163585423],[117.55505519029073,5.2848361865237585],[117.55474629479907,5.285042163585423],[117.55505519029073,5.285042163585423]]],[[[117.55453698190017,5.28543572387324],[117.55453698190017,5.285181737223612],[117.55415608858706,5.28543572387324],[117.55453698190017,5.28543572387324]]],[[[117.56343907022405,5.28543572387324],[117.56334652453971,5.285296767079627],[117.56334652453971,5.28543572387324],[117.56343907022405,5.28543572387324]]],[[[117.56386473293028,5.28661640619745],[117.56422545242974,5.28661640619745],[117.56386473293028,5.286074854281142],[117.56386473293028,5.28661640619745]]],[[[117.56438294132082,5.287009967459172],[117.5645439464737,5.287009967459172],[117.56438294132082,5.286811014285646],[117.56438294132082,5.287009967459172]]],[[[117.58614769372439,5.287797090713194],[117.5863373,5.287091494271086],[117.58571431639972,5.287797090713194],[117.58614769372439,5.287797090713194]]],[[[117.56518093456164,5.287797090713194],[117.56490114971139,5.287451361739087],[117.56490114971139,5.287797090713194],[117.56518093456164,5.287797090713194]]],[[[117.56581792264956,5.288584214941451],[117.56541935810195,5.288091709837261],[117.56541935810195,5.288584214941451],[117.56581792264956,5.288584214941451]]],[[[117.58562948533383,5.288584214941451],[117.58562948533383,5.2878931711492845],[117.58496509210073,5.288584214941451],[117.58562948533383,5.288584214941451]]],[[[117.56623614473844,5.288977777420963],[117.56593756649252,5.288704261011742],[117.56593756649252,5.288977777420963],[117.56623614473844,5.288977777420963]]],[[[117.58459306855269,5.289371340144093],[117.58459306855269,5.288910434284401],[117.58398205225996,5.289371340144093],[117.58459306855269,5.289371340144093]]],[[[117.56645577488308,5.289371340144093],[117.56666576870954,5.289371340144093],[117.56645577488308,5.2891789724904745],[117.56645577488308,5.289371340144093]]],[[[117.56697398327363,5.289764903110853],[117.56719389633581,5.289764903110853],[117.56697398327363,5.289612507213565],[117.56697398327363,5.289764903110853]]],[[[117.58355665177159,5.289764903110853],[117.58355665177159,5.289611147171171],[117.58328389983272,5.289764903110853],[117.58355665177159,5.289764903110853]]],[[[117.568029861592,5.290158466321265],[117.56749219166419,5.289929928765553],[117.56749219166419,5.290158466321265],[117.568029861592,5.290158466321265]]],[[[117.58252023499045,5.290158466321265],[117.58252023499045,5.290066869100347],[117.58227460263214,5.290158466321265],[117.58252023499045,5.290158466321265]]],[[[117.56892431530262,5.290552029775348],[117.56852860844532,5.29037593979505],[117.56852860844532,5.290552029775348],[117.56892431530262,5.290552029775348]]],[[[117.58200202659988,5.290552029775348],[117.58200202659988,5.290260110953935],[117.58121920071578,5.290552029775348],[117.58200202659988,5.290552029775348]]],[[[117.56980872555663,5.2909455934731175],[117.5690468168359,5.290606543100281],[117.5690468168359,5.2909455934731175],[117.56980872555663,5.2909455934731175]]],[[[117.58044740142822,5.2909455934731175],[117.58044740142822,5.290830250061937],[117.58008727606179,5.2909455934731175],[117.58044740142822,5.2909455934731175]]],[[[117.57069313581066,5.2913391574145985],[117.570083233617,5.291067749961746],[117.570083233617,5.2913391574145985],[117.57069313581066,5.2913391574145985]]],[[[117.57941098464708,5.2913391574145985],[117.57941098464708,5.291162200761489],[117.57885849064232,5.2913391574145985],[117.57941098464708,5.2913391574145985]]],[[[117.5778563594754,5.291732721599802],[117.5778563594754,5.291660127135912],[117.57762970522285,5.291732721599802],[117.5778563594754,5.291732721599802]]],[[[117.57157754606466,5.291732721599802],[117.57111965039813,5.291528957157897],[117.57111965039813,5.291732721599802],[117.57157754606466,5.291732721599802]]],[[[117.57272177697016,5.2921262860287515],[117.57215606717924,5.291987573821925],[117.57215606717924,5.2921262860287515],[117.57272177697016,5.2921262860287515]]],[[[117.57681994269427,5.2921262860287515],[117.57681994269427,5.291992078268939],[117.57640091980336,5.2921262860287515],[117.57681994269427,5.2921262860287515]]],[[[117.57319248396037,5.292519850701462],[117.57630173430374,5.292519850701462],[117.57630173430374,5.292158053900483],[117.57319248396037,5.292241703544029],[117.57319248396037,5.292519850701462]]]]},"properties":{"place_id":"e7597ef4-bb59-55d5-aab3-2489262b258c","habitat":"permanent_water","habitat_label":"Permanent water","resolution_m":50}},{"type":"Feature","geometry":{"type":"MultiPolygon","coordinates":[[[[117.37782792071899,5.263948972804494],[117.37834612910956,5.2641838162183054],[117.37834612910956,5.264123476300594],[117.37782792071899,5.263948972804494]]],[[[117.39544700599805,5.265364459180583],[117.39544700599805,5.265005820436161],[117.39510299822115,5.265364459180583],[117.39544700599805,5.265364459180583]]],[[[117.39472519720468,5.265758007319654],[117.39441058921695,5.266081380656415],[117.39441058921695,5.266151555701248],[117.39492879760752,5.266151555701248],[117.39472519720468,5.265758007319654]]],[[[117.39441058921695,5.266545104325379],[117.39441058921695,5.266151555701248],[117.39434231635606,5.266151555701248],[117.39397992335353,5.266545104325379],[117.39441058921695,5.266545104325379]]],[[[117.38093717106236,5.268906401164536],[117.3809552,5.268964594289509],[117.38098622731013,5.268906401164536],[117.38093717106236,5.268906401164536]]],[[[117.39177411138175,5.268906401164536],[117.3915607,5.269111494289358],[117.39135763833333,5.269299951486963],[117.39181954726415,5.269299951486963],[117.39177411138175,5.268906401164536]]],[[[117.37244788644986,5.27048060391044],[117.3726458368134,5.269693502052076],[117.37241200226819,5.269693502052076],[117.37244788644986,5.27048060391044]]],[[[117.37886433750012,5.272841915311963],[117.37905143705552,5.273235468062098],[117.37918146687265,5.272841915311963],[117.37886433750012,5.272841915311963]]],[[[117.37900241019524,5.273629021055108],[117.37886433750012,5.274022574291009],[117.37910980493388,5.274022574291009],[117.37900241019524,5.273629021055108]]],[[[117.3723576801818,5.27717100892453],[117.3726458368134,5.276777453744828],[117.37249096132828,5.276777453744828],[117.3723576801818,5.27717100892453]]],[[[117.37212762842285,5.2783516759220515],[117.37212762842285,5.277958120013121],[117.37200423253438,5.277958120013121],[117.37171948300232,5.2783516759220515],[117.37212762842285,5.2783516759220515]]],[[[117.36953658647003,5.280319459113782],[117.36953658647003,5.2803153662933715],[117.3695316410787,5.280319459113782],[117.36953658647003,5.280319459113782]]],[[[117.36901837807947,5.28346792486826],[117.36897380000002,5.283232194275017],[117.36890617818145,5.28346792486826],[117.36901837807947,5.28346792486826]]],[[[117.3685001696889,5.284648603541035],[117.3685001696889,5.284485920387586],[117.36840740353787,5.284648603541035],[117.3685001696889,5.284648603541035]]],[[[117.36798196129834,5.28543572387324],[117.3685001696889,5.28543572387324],[117.3685001696889,5.285042163585423],[117.36811445377356,5.285042163585423],[117.36798196129834,5.28543572387324]]],[[[117.3659091277361,5.286388125486704],[117.36642733612666,5.28661640619745],[117.36642733612666,5.286207981623435],[117.3659091277361,5.286388125486704]]],[[[117.36539091934553,5.28661640619745],[117.36539091934553,5.28650261065815],[117.36478500595373,5.28661640619745],[117.36539091934553,5.28661640619745]]],[[[117.36228166900219,5.28740352896441],[117.36228166900219,5.287287499533404],[117.36210561784482,5.28740352896441],[117.36228166900219,5.28740352896441]]],[[[117.34569900050425,5.288977777420963],[117.34585784097581,5.288977777420963],[117.34569900050425,5.288919249884817],[117.34569900050425,5.288977777420963]]],[[[117.36020883543995,5.289371340144093],[117.36020883543995,5.289104752973148],[117.35982142858039,5.289371340144093],[117.36020883543995,5.289371340144093]]],[[[117.34400100973585,5.289764903110853],[117.34414437533255,5.289371340144093],[117.34408567600178,5.289371340144093],[117.34400100973585,5.289764903110853]]],[[[117.35606316831544,5.29003295211975],[117.35658137670602,5.290158466321265],[117.35658137670602,5.290118694381337],[117.35606316831544,5.29003295211975]]],[[[117.35709958509658,5.2902976914764155],[117.35761779348714,5.290552029775348],[117.35761779348714,5.290448679978503],[117.35709958509658,5.2902976914764155]]],[[[117.34362616694199,5.293700546182358],[117.34342520690632,5.294094111830307],[117.34362616694199,5.294094111830307],[117.34362616694199,5.293700546182358]]],[[[117.34310795855144,5.295668376860841],[117.34301540000001,5.295421694262632],[117.34297078330539,5.295668376860841],[117.34310795855144,5.295668376860841]]],[[[117.3422961961839,5.297636213637565],[117.34258975016088,5.29724264579425],[117.34249736991221,5.29724264579425],[117.3422961961839,5.297636213637565]]],[[[117.33861663343326,5.303146189074776],[117.33896229142694,5.302752617813458],[117.33895141770029,5.302752617813458],[117.33861663343326,5.303146189074776]]],[[[117.33740766625527,5.305507621773251],[117.33740766625527,5.305265239776967],[117.33731486564963,5.305507621773251],[117.33740766625527,5.305507621773251]]],[[[117.33637124947414,5.3078690632698855],[117.33637124947414,5.307551704495895],[117.33614374582956,5.3078690632698855],[117.33637124947414,5.3078690632698855]]],[[[117.35606316831544,5.4420922433298236],[117.35658137670602,5.4420922433298236],[117.35658137670602,5.44169858468401],[117.35606316831544,5.44169858468401],[117.35606316831544,5.4420922433298236]]],[[[117.4581502212559,5.226404390801735],[117.45859700876014,5.226404390801735],[117.4581502212559,5.226251674090389],[117.4581502212559,5.226404390801735]]],[[[117.46177767998984,5.22758496418756],[117.46207517117521,5.22758496418756],[117.46177767998984,5.2275011476422915],[117.46177767998984,5.22758496418756]]],[[[117.46385051355209,5.228765539739894],[117.46409744804618,5.228765539739894],[117.46385051355209,5.228573650001675],[117.46385051355209,5.228765539739894]]],[[[117.46747797228599,5.233881392180773],[117.46755224874656,5.233881392180773],[117.46747797228599,5.2338080096716535],[117.46747797228599,5.233881392180773]]],[[[117.46955080584826,5.235849038578623],[117.4698035227222,5.235849038578623],[117.46955080584826,5.235570120783711],[117.46955080584826,5.235849038578623]]],[[[117.47058722262936,5.237029629310534],[117.47068451560698,5.237029629310534],[117.47058722262936,5.236888610230668],[117.47058722262936,5.237029629310534]]],[[[117.4726600561916,5.2409649474289655],[117.47272656973888,5.2409649474289655],[117.4726600561916,5.240733149376838],[117.4726600561916,5.2409649474289655]]],[[[117.40840221576208,5.2413584805679445],[117.40885219514719,5.2413584805679445],[117.40840221576208,5.241113008015556],[117.40840221576208,5.2413584805679445]]],[[[117.40477475702816,5.242932615537767],[117.40463761707836,5.243326149883793],[117.40477475702816,5.243326149883793],[117.40477475702816,5.242932615537767]]],[[[117.41617534162049,5.243719684471282],[117.41639937200326,5.243719684471282],[117.41617534162049,5.243673815776442],[117.41617534162049,5.243719684471282]]],[[[117.41928459196386,5.24490028968272],[117.41980280035443,5.24490028968272],[117.41980280035443,5.244868983485267],[117.41928459196386,5.244589085465534],[117.41928459196386,5.24490028968272]]],[[[117.42187563391667,5.245293825236252],[117.42187563391667,5.245055025771622],[117.42151113952579,5.245293825236252],[117.42187563391667,5.245293825236252]]],[[[117.42083921713554,5.245465560639575],[117.4213574255261,5.24568736103134],[117.4213574255261,5.2453539755639795],[117.42083921713554,5.245465560639575]]],[[[117.4726600561916,5.245298377615278],[117.472661102887,5.245293825236252],[117.4726600561916,5.245293825236252],[117.4726600561916,5.245298377615278]]],[[[117.40529296541871,5.246080897068005],[117.40521549171302,5.246867969866136],[117.40529296541871,5.246867969866136],[117.40529296541871,5.246080897068005]]],[[[117.47628751492554,5.248269177650399],[117.4768057233161,5.2484421183621155],[117.4768057233161,5.248081214306574],[117.47628751492554,5.248269177650399]]],[[[117.47991497365945,5.251590426957123],[117.47995883334843,5.251590426957123],[117.47991497365945,5.251449680765553],[117.47991497365945,5.251590426957123]]],[[[117.54572743926065,5.251622338280995],[117.54574473167197,5.251590426957123],[117.54572743926065,5.251590426957123],[117.54572743926065,5.251622338280995]]],[[[117.48043318205002,5.253558127688639],[117.48053000973083,5.253558127688639],[117.48043318205002,5.253267660771446],[117.48043318205002,5.253558127688639]]],[[[117.48095139044058,5.253951668560706],[117.48109151538739,5.253951668560706],[117.48095139044058,5.253915213494742],[117.48095139044058,5.253951668560706]]],[[[117.54520923087009,5.25434520967474],[117.5452567731199,5.25434520967474],[117.54520923087009,5.2537642198420995],[117.54520923087009,5.25434520967474]]],[[[117.40477475702816,5.25434520967474],[117.40477475702816,5.254062716264335],[117.40442320559214,5.25434520967474],[117.40477475702816,5.25434520967474]]],[[[117.4040383144829,5.254738751030755],[117.40373834024703,5.255050367431526],[117.40373834024703,5.2551322926287725],[117.4042565486376,5.2551322926287725],[117.4040383144829,5.254738751030755]]],[[[117.40218371507537,5.257100004249537],[117.40218371507537,5.256752150898458],[117.40181076416754,5.257100004249537],[117.40218371507537,5.257100004249537]]],[[[117.54572743926065,5.257100004249537],[117.54589449185572,5.257493547299955],[117.54579977963,5.257100004249537],[117.54572743926065,5.257100004249537]]],[[[117.40114729829423,5.2578870905925035],[117.40114729829423,5.257559744516482],[117.40063507349373,5.2578870905925035],[117.40114729829423,5.2578870905925035]]],[[[117.39959267312256,5.2590677219231265],[117.39959267312256,5.258730985344701],[117.39929853038586,5.2590677219231265],[117.39959267312256,5.2590677219231265]]],[[[117.39902036234753,5.259461266184388],[117.39881678175301,5.259854810687873],[117.399074464732,5.259854810687873],[117.39902036234753,5.259461266184388]]],[[[117.39722176034992,5.2630031754380475],[117.39751983956032,5.262609628996103],[117.39748175146748,5.262609628996103],[117.39722176034992,5.2630031754380475]]],[[[117.54676385604178,5.27717100892453],[117.5469371572669,5.277564564347287],[117.5469081452921,5.27717100892453],[117.54676385604178,5.27717100892453]]],[[[117.54831848121346,5.2618225368393094],[117.5488131359075,5.2618225368393094],[117.54831848121346,5.261531018482006],[117.54831848121346,5.2618225368393094]]],[[[117.55090952316625,5.262609628996103],[117.55117833265133,5.262609628996103],[117.55090952316625,5.2625151625136946],[117.55090952316625,5.262609628996103]]],[[[117.55194593994736,5.2630031754380475],[117.55199837071629,5.2630031754380475],[117.55194593994736,5.262968073761539],[117.55194593994736,5.2630031754380475]]],[[[117.55298235672849,5.274809681491558],[117.55311665399432,5.274809681491558],[117.55298235672849,5.274774924285257],[117.55298235672849,5.274809681491558]]],[[[117.54780027282288,5.275465655299091],[117.5480387072707,5.275203235456244],[117.54780027282288,5.275203235456244],[117.54780027282288,5.275465655299091]]],[[[117.55868264902468,5.276777453744828],[117.55899530166623,5.276777453744828],[117.55868264902468,5.27666018235409],[117.55868264902468,5.276777453744828]]],[[[117.5592008574152,5.27717100892453],[117.55971906580578,5.27717100892453],[117.55971906580578,5.277100422270454],[117.5592008574152,5.276854554683788],[117.5592008574152,5.27717100892453]]],[[[117.55285404728556,5.277958120013121],[117.55298235672849,5.27802629134311],[117.55298235672849,5.277958120013121],[117.55285404728556,5.277958120013121]]],[[[117.54703769727644,5.2783516759220515],[117.54676385604178,5.278745232074096],[117.54712282420114,5.278745232074096],[117.54703769727644,5.2783516759220515]]],[[[117.56127369097747,5.279925901989097],[117.56149504984661,5.280319459113782],[117.5613545809472,5.279925901989097],[117.56127369097747,5.279925901989097]]],[[[117.56179189936802,5.281893690044774],[117.56211343963047,5.2822872483856775],[117.56199528627508,5.281893690044774],[117.56179189936802,5.281893690044774]]],[[[117.55712802385297,5.28346792486826],[117.55712802385297,5.2834539856007545],[117.55710711964717,5.28346792486826],[117.55712802385297,5.28346792486826]]],[[[117.55660981546244,5.283861484182471],[117.55660981546244,5.283799535550068],[117.55651691343516,5.283861484182471],[117.55660981546244,5.283861484182471]]],[[[117.56231010775858,5.28346792486826],[117.56261641188553,5.283861484182471],[117.56246789969659,5.28346792486826],[117.56231010775858,5.28346792486826]]],[[[117.5555733986813,5.284648603541035],[117.5555733986813,5.284490636011558],[117.55533650101113,5.284648603541035],[117.5555733986813,5.284648603541035]]],[[[117.54935489799456,5.285042163585423],[117.54951641781655,5.285042163585423],[117.54935489799456,5.284854048160748],[117.54935489799456,5.285042163585423]]],[[[117.55090952316625,5.286385380166029],[117.55142773155683,5.28661640619745],[117.55142773155683,5.2864794135146385],[117.55090952316625,5.286385380166029]]],[[[117.55194593994736,5.286470730580021],[117.55246414833793,5.28661640619745],[117.55246414833793,5.28641130151398],[117.55194593994736,5.286470730580021]]],[[[117.56438294132082,5.287009967459172],[117.5645439464737,5.287009967459172],[117.56438294132082,5.286811014285646],[117.56438294132082,5.287009967459172]]],[[[117.58562948533383,5.288190652705532],[117.58562948533383,5.2878931711492845],[117.58536683384392,5.288190652705532],[117.58562948533383,5.288190652705532]]],[[[117.58511127694325,5.288584214941451],[117.58511127694325,5.28845602868415],[117.58496509210073,5.288584214941451],[117.58511127694325,5.288584214941451]]],[[[117.58407486016212,5.289371340144093],[117.58407486016212,5.289319022427953],[117.58398205225996,5.289371340144093],[117.58407486016212,5.289371340144093]]],[[[117.58355665177159,5.289764903110853],[117.58355665177159,5.289611147171171],[117.58328389983272,5.289764903110853],[117.58355665177159,5.289764903110853]]],[[[117.56852860844532,5.290552029775348],[117.56892431530262,5.290552029775348],[117.56852860844532,5.29037593979505],[117.56852860844532,5.290552029775348]]],[[[117.58148381820935,5.290552029775348],[117.58148381820935,5.290453352866271],[117.58121920071578,5.290552029775348],[117.58148381820935,5.290552029775348]]],[[[117.5690468168359,5.2909455934731175],[117.56956502522642,5.2909455934731175],[117.56956502522642,5.29083714648918],[117.5690468168359,5.290606543100281],[117.5690468168359,5.2909455934731175]]],[[[117.58044740142822,5.2909455934731175],[117.58044740142822,5.290830250061937],[117.58008727606179,5.2909455934731175],[117.58044740142822,5.2909455934731175]]],[[[117.5726742755698,5.2921262860287515],[117.57272177697016,5.2921262860287515],[117.5726742755698,5.292114638670273],[117.5726742755698,5.2921262860287515]]]]},"properties":{"place_id":"e7597ef4-bb59-55d5-aab3-2489262b258c","habitat":"seasonal_water_wetland","habitat_label":"Seasonal water or wetland","resolution_m":50}},{"type":"Feature","geometry":{"type":"MultiPolygon","coordinates":[[[[117.48406064078395,5.25434520967474],[117.48406064078395,5.253951668560706],[117.4845788491745,5.253951668560706],[117.48406064078395,5.253343827418655],[117.48302422400282,5.253951668560706],[117.48188140000002,5.254044894304684],[117.48043318205002,5.253558127688639],[117.47969809999996,5.250831694307935],[117.4782604,5.248075294310748],[117.47689276147787,5.248048580875609],[117.4768057233161,5.2484421183621155],[117.4742146813633,5.248835656090328],[117.47214184780104,5.24765504363079],[117.47302469999998,5.242199094316731],[117.4720752,5.239212994319735],[117.4705839,5.236883794322104],[117.46943278330433,5.235455508816902],[117.46799618067656,5.234668450016725],[117.46799618067656,5.23427492097823],[117.46747797228599,5.23427492097823],[117.46747797228599,5.2338080096716535],[117.46644155550489,5.233094335308902],[117.4641091,5.228774594330382],[117.46303146318074,5.227978489130924],[117.46229588838038,5.227978489130924],[117.46229588838038,5.227651823665268],[117.4597048464276,5.22719143948492],[117.4597048464276,5.2268243096083],[117.45690987566499,5.226010866821155],[117.45667664553834,5.226797915022986],[117.4581502212559,5.226797915022986],[117.4581502212559,5.22719143948492],[117.45918663803704,5.22719143948492],[117.4597048464276,5.227978489130924],[117.46125947159928,5.227978489130924],[117.46125947159928,5.228372014315029],[117.46229588838038,5.228372014315029],[117.46229588838038,5.228765539739894],[117.46333230516152,5.228765539739894],[117.46333230516152,5.22915906540554],[117.46385051355209,5.22915906540554],[117.46540513872375,5.233094335308902],[117.46644155550489,5.233487863624337],[117.46644155550489,5.23427492097823],[117.46695976389545,5.23427492097823],[117.46695976389545,5.234668450016725],[117.4690325974577,5.235849038578623],[117.46955080584826,5.237423160036816],[117.47058722262936,5.237816691004283],[117.47058722262936,5.2389972853539915],[117.47110543101994,5.2389972853539915],[117.47110543101994,5.240177881875046],[117.4716236394105,5.240177881875046],[117.4716236394105,5.241752013948298],[117.47214184780104,5.241752013948298],[117.47214184780104,5.244506754370727],[117.4716236394105,5.244506754370727],[117.47110543101994,5.24765504363079],[117.4716236394105,5.24765504363079],[117.47317826458217,5.2492291940602644],[117.4742146813633,5.2492291940602644],[117.4742146813633,5.249622732271944],[117.47473288975384,5.249622732271944],[117.47473288975384,5.2492291940602644],[117.4768057233161,5.2492291940602644],[117.4768057233161,5.248835656090328],[117.47784214009721,5.248835656090328],[117.47784214009721,5.2492291940602644],[117.47836034848778,5.2492291940602644],[117.47836034848778,5.250409809420603],[117.47887855687834,5.250409809420603],[117.47887855687834,5.251590426957123],[117.47939676526889,5.251590426957123],[117.47939676526889,5.253558127688639],[117.47991497365945,5.253558127688639],[117.48095139044058,5.254738751030755],[117.48302422400282,5.254738751030755],[117.48302422400282,5.25434520967474],[117.48406064078395,5.25434520967474]]],[[[117.57681994269427,5.292913415617956],[117.57681994269427,5.292519850701462],[117.5778563594754,5.292519850701462],[117.5778563594754,5.2921262860287515],[117.57941098464708,5.2921262860287515],[117.57941098464708,5.291732721599802],[117.58200202659988,5.2913391574145985],[117.58252023499045,5.290552029775348],[117.58459306855269,5.290158466321265],[117.58459306855269,5.289764903110853],[117.58511127694325,5.289764903110853],[117.58511127694325,5.289371340144093],[117.58597112616185,5.288977777420963],[117.58627672633548,5.28740352896441],[117.58562948533383,5.2878931711492845],[117.58562948533383,5.288584214941451],[117.58459306855269,5.288910434284401],[117.58459306855269,5.289371340144093],[117.58200202659988,5.290260110953935],[117.58200202659988,5.290552029775348],[117.57630173430374,5.292158053900483],[117.57630173430374,5.292519850701462],[117.57319248396037,5.292519850701462],[117.57319248396037,5.292241703544029],[117.570083233617,5.2913391574145985],[117.56980872555663,5.2909455934731175],[117.5690468168359,5.2909455934731175],[117.5690468168359,5.290606543100281],[117.56749219166419,5.290158466321265],[117.56541935810195,5.288584214941451],[117.56541935810195,5.288091709837261],[117.56386473293028,5.28661640619745],[117.56231010775858,5.283861484182471],[117.5603393871289,5.277564564347287],[117.5545961,5.275206394283157],[117.5520490260436,5.274809681491558],[117.55142773155683,5.275555677949515],[117.5515491,5.276824894281531],[117.5526112,5.277829094280507],[117.5555733986813,5.279138788469273],[117.5555733986813,5.279523108321263],[117.55764623224354,5.281106574092791],[117.5581644406341,5.2822872483856775],[117.55779411690442,5.2822872483856775],[117.55764623224354,5.283074365797401],[117.55246414833793,5.28661640619745],[117.55090952316625,5.28661640619745],[117.54883668960402,5.284648603541035],[117.54728206443232,5.280713016481673],[117.54712282420114,5.278745232074096],[117.54676385604178,5.278745232074096],[117.54676385604178,5.276383898808171],[117.55298235672849,5.270082399024631],[117.5537695147319,5.267332202301336],[117.55332469999999,5.2647311942937955],[117.55246414833793,5.263396722122385],[117.55194593994736,5.263396722122385],[117.55142773155683,5.262697274120177],[117.54831848121346,5.2618225368393094],[117.54738255451342,5.260641900421588],[117.54676385604178,5.260641900421588],[117.54676385604178,5.259571587575375],[117.54572743926065,5.2578870905925035],[117.54520923087009,5.255525834468811],[117.54520923087009,5.252377506524038],[117.54572743926065,5.251196887536453],[117.54640530016945,5.25080334835762],[117.54572743926065,5.250463607633717],[117.54520923087009,5.251196887536453],[117.54469102247951,5.251196887536453],[117.54469102247951,5.252377506524038],[117.54417281408898,5.252377506524038],[117.54417281408898,5.255525834468811],[117.54469102247951,5.255525834468811],[117.54469102247951,5.2578870905925035],[117.54520923087009,5.2578870905925035],[117.54520923087009,5.2590677219231265],[117.54572743926065,5.2590677219231265],[117.54572743926065,5.260641900421588],[117.54624564765122,5.260641900421588],[117.54624564765122,5.261035445651857],[117.54676385604178,5.261035445651857],[117.54831848121346,5.262609628996103],[117.54935489799456,5.262609628996103],[117.54935489799456,5.2630031754380475],[117.5503913147757,5.2630031754380475],[117.5503913147757,5.263396722122385],[117.55142773155683,5.263396722122385],[117.55142773155683,5.263790269049131],[117.55194593994736,5.263790269049131],[117.55194593994736,5.264577363629926],[117.55246414833793,5.264577363629926],[117.55246414833793,5.267332202301336],[117.55298235672849,5.267332202301336],[117.55298235672849,5.267725751653197],[117.55246414833793,5.267725751653197],[117.55246414833793,5.269693502052076],[117.55194593994736,5.269693502052076],[117.55194593994736,5.27048060391044],[117.5503913147757,5.271267706739779],[117.5503913147757,5.272054810540236],[117.54883668960402,5.272841915311963],[117.54883668960402,5.273629021055108],[117.54728206443232,5.274416127769818],[117.54728206443232,5.275203235456244],[117.54676385604178,5.275203235456244],[117.54676385604178,5.275596789663896],[117.54624564765122,5.275596789663896],[117.54624564765122,5.276383898808171],[117.54572743926065,5.276383898808171],[117.54572743926065,5.277564564347287],[117.54624564765122,5.277564564347287],[117.54624564765122,5.2783516759220515],[117.54572743926065,5.2783516759220515],[117.54572743926065,5.278745232074096],[117.54624564765122,5.278745232074096],[117.54624564765122,5.280713016481673],[117.54676385604178,5.280713016481673],[117.54676385604178,5.2822872483856775],[117.54728206443232,5.2822872483856775],[117.54728206443232,5.283861484182471],[117.54780027282288,5.283861484182471],[117.54780027282288,5.284648603541035],[117.54883668960402,5.285042163585423],[117.54883668960402,5.285829284404505],[117.54935489799456,5.285829284404505],[117.55090952316625,5.28740352896441],[117.55142773155683,5.28740352896441],[117.55142773155683,5.287009967459172],[117.55246414833793,5.28740352896441],[117.55350056511907,5.2862228451792355],[117.55453698190017,5.2862228451792355],[117.55453698190017,5.285829284404505],[117.55505519029073,5.285829284404505],[117.55505519029073,5.28543572387324],[117.5555733986813,5.28543572387324],[117.5555733986813,5.285042163585423],[117.55609160707186,5.285042163585423],[117.55609160707186,5.284648603541035],[117.55660981546244,5.284648603541035],[117.55660981546244,5.284255043740057],[117.55868264902468,5.283074365797401],[117.55868264902468,5.2822872483856775],[117.5592008574152,5.2822872483856775],[117.5592008574152,5.281893690044774],[117.55868264902468,5.281893690044774],[117.55868264902468,5.281106574092791],[117.55660981546244,5.279925901989097],[117.55660981546244,5.279138788469273],[117.55609160707186,5.279138788469273],[117.5555733986813,5.2783516759220515],[117.55453698190017,5.2783516759220515],[117.55453698190017,5.277958120013121],[117.55350056511907,5.277958120013121],[117.55350056511907,5.277564564347287],[117.55246414833793,5.27717100892453],[117.55246414833793,5.275596789663896],[117.55505519029073,5.275990344114532],[117.55505519029073,5.276383898808171],[117.55764623224354,5.276777453744828],[117.55764623224354,5.27717100892453],[117.55868264902468,5.27717100892453],[117.55868264902468,5.277564564347287],[117.55971906580578,5.277958120013121],[117.55971906580578,5.279138788469273],[117.56023727419634,5.279138788469273],[117.56023727419634,5.280319459113782],[117.56075548258691,5.280319459113782],[117.56127369097747,5.283861484182471],[117.56179189936802,5.283861484182471],[117.56179189936802,5.284648603541035],[117.56231010775858,5.284648603541035],[117.56231010775858,5.28543572387324],[117.56282831614915,5.28543572387324],[117.56282831614915,5.28661640619745],[117.56386473293028,5.287009967459172],[117.56438294132082,5.288584214941451],[117.56490114971139,5.288584214941451],[117.56490114971139,5.288977777420963],[117.56541935810195,5.288977777420963],[117.56541935810195,5.289371340144093],[117.56593756649252,5.289371340144093],[117.56749219166419,5.2909455934731175],[117.56852860844532,5.2909455934731175],[117.5690468168359,5.291732721599802],[117.570083233617,5.291732721599802],[117.570083233617,5.2921262860287515],[117.57111965039813,5.2921262860287515],[117.57111965039813,5.292519850701462],[117.57215606717924,5.292519850701462],[117.57215606717924,5.292913415617956],[117.57319248396037,5.292913415617956],[117.57319248396037,5.293306980778247],[117.57630173430374,5.293306980778247],[117.57630173430374,5.292913415617956],[117.57681994269427,5.292913415617956]]],[[[117.3358530410836,5.309049787318764],[117.3358530410836,5.30865621239127],[117.33740766625527,5.3078690632698855],[117.33740766625527,5.306688341421547],[117.33792587464583,5.306688341421547],[117.33792587464583,5.305901194744933],[117.3384440830364,5.305901194744933],[117.33896229142694,5.303539760580375],[117.33999870820807,5.303146189074776],[117.33999870820807,5.302359046796404],[117.34103512498918,5.301965476023597],[117.34103512498918,5.300784765170455],[117.34207154177031,5.3003911953744405],[117.34207154177031,5.29960405651485],[117.34258975016088,5.29960405651485],[117.34258975016088,5.29881691863172],[117.34310795855144,5.29881691863172],[117.34362616694199,5.296061943728251],[117.34414437533255,5.296061943728251],[117.34414437533255,5.294487677722111],[117.34466258372312,5.294487677722111],[117.34466258372312,5.2909455934731175],[117.34518079211368,5.2909455934731175],[117.34518079211368,5.289764903110853],[117.34621720889479,5.289764903110853],[117.34621720889479,5.290158466321265],[117.34725362567592,5.290158466321265],[117.34725362567592,5.290552029775348],[117.34932645923816,5.290552029775348],[117.34932645923816,5.2909455934731175],[117.35554495992488,5.290552029775348],[117.35554495992488,5.2909455934731175],[117.35865421026826,5.2913391574145985],[117.35865421026826,5.2909455934731175],[117.35917241865882,5.2909455934731175],[117.35917241865882,5.290552029775348],[117.35969062704937,5.290552029775348],[117.35969062704937,5.290158466321265],[117.36020883543995,5.290158466321265],[117.36020883543995,5.289764903110853],[117.3607270438305,5.289764903110853],[117.3607270438305,5.289371340144093],[117.36124525222105,5.289371340144093],[117.36124525222105,5.288977777420963],[117.36176346061163,5.288977777420963],[117.36331808578329,5.28740352896441],[117.36642733612666,5.28740352896441],[117.36694554451724,5.28661640619745],[117.36798196129834,5.28661640619745],[117.36798196129834,5.2862228451792355],[117.36953658647003,5.28543572387324],[117.36953658647003,5.284255043740057],[117.3700547948606,5.284255043740057],[117.3700547948606,5.281106574092791],[117.37057300325114,5.281106574092791],[117.37057300325114,5.280319459113782],[117.3726458368134,5.279138788469273],[117.3726458368134,5.2783516759220515],[117.37368225359451,5.277958120013121],[117.37368225359451,5.275203235456244],[117.37420046198508,5.275203235456244],[117.37420046198508,5.274416127769818],[117.37368225359451,5.274416127769818],[117.37368225359451,5.267725751653197],[117.37316404520395,5.267725751653197],[117.37316404520395,5.266151555701248],[117.37368225359451,5.266151555701248],[117.37420046198508,5.265364459180583],[117.37523687876619,5.265364459180583],[117.37523687876619,5.264970911284013],[117.37627329554732,5.264970911284013],[117.37627329554732,5.264577363629926],[117.37782792071899,5.264577363629926],[117.37782792071899,5.264970911284013],[117.37990075428125,5.265364459180583],[117.37990075428125,5.265758007319654],[117.3804189626718,5.265758007319654],[117.3804189626718,5.266545104325379],[117.38093717106236,5.266545104325379],[117.38093717106236,5.267725751653197],[117.3804189626718,5.267725751653197],[117.3804189626718,5.26851285108478],[117.37990075428125,5.26851285108478],[117.37990075428125,5.269299951486963],[117.37938254589069,5.269299951486963],[117.37938254589069,5.270874155203728],[117.37886433750012,5.270874155203728],[117.37834612910956,5.272841915311963],[117.37782792071899,5.272841915311963],[117.37834612910956,5.274809681491558],[117.37886433750012,5.274809681491558],[117.3804189626718,5.276383898808171],[117.3830100046246,5.276383898808171],[117.3830100046246,5.275990344114532],[117.3845646297963,5.275990344114532],[117.3845646297963,5.275596789663896],[117.38508283818686,5.275596789663896],[117.38508283818686,5.275203235456244],[117.3856010465774,5.275203235456244],[117.3856010465774,5.274809681491558],[117.38611925496797,5.274809681491558],[117.38611925496797,5.274416127769818],[117.38663746335854,5.274416127769818],[117.38663746335854,5.274022574291009],[117.3871556717491,5.274022574291009],[117.3871556717491,5.273629021055108],[117.38767388013964,5.273629021055108],[117.38767388013964,5.273235468062098],[117.3881920885302,5.273235468062098],[117.3881920885302,5.272841915311963],[117.38871029692078,5.272841915311963],[117.38871029692078,5.27244836280468],[117.39078313048302,5.271267706739779],[117.39078313048302,5.27048060391044],[117.39130133887357,5.27048060391044],[117.39130133887357,5.270087052859895],[117.39337417243581,5.268906401164536],[117.39337417243581,5.268119301247673],[117.39441058921695,5.267725751653197],[117.39441058921695,5.266938653192071],[117.39492879760752,5.266938653192071],[117.39492879760752,5.266545104325379],[117.39596521438862,5.266151555701248],[117.39596521438862,5.265364459180583],[117.39751983956032,5.264577363629926],[117.39751983956032,5.263790269049131],[117.39803804795086,5.263790269049131],[117.39803804795086,5.2630031754380475],[117.39855625634142,5.2630031754380475],[117.39855625634142,5.262216082796528],[117.399074464732,5.262216082796528],[117.399074464732,5.261035445651857],[117.39959267312256,5.261035445651857],[117.39959267312256,5.260248355433601],[117.4001108815131,5.260248355433601],[117.4001108815131,5.2590677219231265],[117.40062908990366,5.2590677219231265],[117.40062908990366,5.258674177904072],[117.40114729829423,5.258674177904072],[117.40114729829423,5.258280634127203],[117.4016655066848,5.258280634127203],[117.4016655066848,5.2578870905925035],[117.40373834024703,5.256706461441233],[117.40373834024703,5.255919376550888],[117.40529296541871,5.2551322926287725],[117.40529296541871,5.25434520967474],[117.40736579898098,5.253951668560706],[117.40736579898098,5.253558127688639],[117.40840221576208,5.253164587058517],[117.40840221576208,5.252377506524038],[117.40892042415264,5.252377506524038],[117.40892042415264,5.251983966619644],[117.40840221576208,5.251983966619644],[117.40840221576208,5.251196887536453],[117.4078840073715,5.251196887536453],[117.4078840073715,5.250016270725384],[117.40736579898098,5.250016270725384],[117.40736579898098,5.2492291940602644],[117.4068475905904,5.2492291940602644],[117.4068475905904,5.248048580875609],[117.40632938219984,5.248048580875609],[117.40632938219984,5.244506754370727],[117.40581117380927,5.244506754370727],[117.40581117380927,5.241752013948298],[117.40529296541871,5.241752013948298],[117.40529296541871,5.2405714145313365],[117.40632938219984,5.2405714145313365],[117.4068475905904,5.2413584805679445],[117.4078840073715,5.2413584805679445],[117.4078840073715,5.241752013948298],[117.40840221576208,5.241752013948298],[117.40892042415264,5.242539081433191],[117.40995684093377,5.242539081433191],[117.41099325771488,5.243719684471282],[117.41202967449601,5.243719684471282],[117.41202967449601,5.244113219300252],[117.41513892483935,5.244113219300252],[117.41513892483935,5.244506754370727],[117.41824817518273,5.24490028968272],[117.41824817518273,5.245293825236252],[117.41928459196386,5.245293825236252],[117.42032100874496,5.246474433346263],[117.4213574255261,5.246474433346263],[117.4213574255261,5.246080897068005],[117.42291205069778,5.245293825236252],[117.42291205069778,5.244607185747162],[117.42215929999998,5.244592294314286],[117.4213574255261,5.24568736103134],[117.42032100874496,5.24568736103134],[117.41987409999999,5.244907494313963],[117.41824817518273,5.244506754370727],[117.41824817518273,5.244217233442268],[117.41669355001106,5.244113219300252],[117.41669355001106,5.243798403175034],[117.41513892483935,5.243480664893573],[117.41202967449601,5.243326149883793],[117.41202967449601,5.243023726688927],[117.41099325771488,5.242932615537767],[117.40949974031507,5.241752013948298],[117.40892042415264,5.241752013948298],[117.4077719,5.240743394318208],[117.4068475905904,5.2405714145313365],[117.40605000000001,5.239648294319318],[117.40477475702816,5.239899136725337],[117.4043548,5.240340094318589],[117.40439770000002,5.241504694317402],[117.40477475702816,5.241752013948298],[117.40481474444046,5.244506754370727],[117.40529296541871,5.244506754370727],[117.4054339606422,5.248048580875609],[117.40581117380927,5.248048580875609],[117.40581117380927,5.249218624748605],[117.40632938219984,5.2492291940602644],[117.40632938219984,5.250016270725384],[117.4068475905904,5.250016270725384],[117.4068475905904,5.251196887536453],[117.40736579898098,5.251196887536453],[117.4078840073715,5.252377506524038],[117.40748136731884,5.252377506524038],[117.40736579898098,5.253164587058517],[117.40477475702816,5.254062716264335],[117.4042565486376,5.2551322926287725],[117.40373834024703,5.2551322926287725],[117.4027019234659,5.256205399997842],[117.4027019234659,5.256706461441233],[117.39959267312256,5.258730985344701],[117.399074464732,5.260248355433601],[117.39860724325123,5.260248355433601],[117.39823160401286,5.261035445651857],[117.39803804795086,5.262216082796528],[117.39700163116976,5.263790269049131],[117.39648342277918,5.263939215053889],[117.39648342277918,5.264577363629926],[117.39596521438862,5.264577363629926],[117.39596521438862,5.264970911284013],[117.39492879760752,5.265546068783557],[117.39492879760752,5.266151555701248],[117.39397992335353,5.266545104325379],[117.39337417243581,5.267725751653197],[117.39233775565471,5.268363265692902],[117.39233775565471,5.268906401164536],[117.39181954726415,5.268906401164536],[117.39181954726415,5.269299951486963],[117.39135763833333,5.269299951486963],[117.38974671370191,5.2707950182173535],[117.38974671370191,5.271267706739779],[117.38922850531134,5.271267706739779],[117.38871029692078,5.272054810540236],[117.38813291503341,5.272054810540236],[117.38767388013964,5.272841915311963],[117.3871556717491,5.272841915311963],[117.3871556717491,5.273235468062098],[117.38663746335854,5.273235468062098],[117.38663746335854,5.273629021055108],[117.3845646297963,5.274818847800397],[117.3845646297963,5.275203235456244],[117.3830100046246,5.275596789663896],[117.3804189626718,5.275596789663896],[117.37886433750012,5.274022574291009],[117.37886433750012,5.272841915311963],[117.3802552,5.270759394287684],[117.3804189626718,5.269299951486963],[117.38082630185053,5.269299951486963],[117.38093717106236,5.26851285108478],[117.38187249999999,5.267653194290818],[117.38145537945293,5.266028914581707],[117.37982059999999,5.264763294293779],[117.3773852,5.263849794294712],[117.37523687876619,5.264225300380631],[117.37523687876619,5.264577363629926],[117.37316404520395,5.2652446699294035],[117.37316404520395,5.265758007319654],[117.37238957997425,5.265758007319654],[117.37212762842285,5.267369872451506],[117.3726458368134,5.267725751653197],[117.37274958668537,5.274416127769818],[117.37316404520395,5.274416127769818],[117.3726458368134,5.277958120013121],[117.37212762842285,5.277958120013121],[117.37160942003227,5.279138788469273],[117.36953658647003,5.280319459113782],[117.3685001696889,5.28543572387324],[117.36642733612666,5.2862228451792355],[117.36642733612666,5.28661640619745],[117.36279987739273,5.287009967459172],[117.36279987739273,5.28740352896441],[117.3620644,5.287430694270756],[117.36124525222105,5.288584214941451],[117.35831199999997,5.290656994267487],[117.35494320000001,5.2898958942682315],[117.34932645923816,5.290158466321265],[117.34725362567592,5.289764903110853],[117.34518079211368,5.288773232503389],[117.34431906760192,5.288977777420963],[117.34362616694199,5.294487677722111],[117.34313339999997,5.294847494263212],[117.34258975016088,5.297636213637565],[117.34207154177031,5.29881691863172],[117.34155333337975,5.298891749274217],[117.34155333337975,5.29960405651485],[117.34103512498918,5.299749479336772],[117.34103512498918,5.3003911953744405],[117.34055683695937,5.3003911953744405],[117.33999870820807,5.3011911283290365],[117.33999870820807,5.301965476023597],[117.33948049981751,5.301965476023597],[117.33792587464583,5.304117039269667],[117.33637124947414,5.3078690632698855],[117.33464385102974,5.309049787318764],[117.33481662430246,5.309443362490821],[117.3358530410836,5.309049787318764]]],[[[117.35761779348714,5.442485902226471],[117.35761779348714,5.4420922433298236],[117.35813600187768,5.4420922433298236],[117.35813600187768,5.441304926289012],[117.35761779348714,5.441304926289012],[117.35709958509658,5.440517610251393],[117.35606316831544,5.440517610251393],[117.35606316831544,5.440911268144812],[117.35502675153434,5.441304926289012],[117.35502675153434,5.4420922433298236],[117.35554495992488,5.4420922433298236],[117.35606316831544,5.4428795613739736],[117.35709958509658,5.4428795613739736],[117.35709958509658,5.442485902226471],[117.35761779348714,5.442485902226471]],[[117.35709958509658,5.4420922433298236],[117.35606316831544,5.4420922433298236],[117.35606316831544,5.441304926289012],[117.35709958509658,5.441304926289012],[117.35709958509658,5.4420922433298236]]]]},"properties":{"place_id":"e7597ef4-bb59-55d5-aab3-2489262b258c","habitat":"water_edge","habitat_label":"Water edge","resolution_m":50}}]}