{"type":"FeatureCollection","metadata":{"schema_version":1,"place_id":"ee707226-9cfa-593d-9e00-8a784be295f7","place_name":"Hutan Simpan Bukit Larut","place_type":"wood","osm_reference":"relation/10119673","protection_context":"no protected status confirmed from included OSM tags","resolution_m":50,"raster_coverage":1.0,"interpretation":"Suggested search habitats, not predicted plant locations or probabilities of presence."},"features":[{"type":"Feature","geometry":{"type":"MultiPolygon","coordinates":[[[[100.76665796129767,4.831031079953402],[100.76613975290712,4.831031079953402],[100.76613975290712,4.831080409301191],[100.76665796129767,4.831383065466284],[100.76665796129767,4.831031079953402]]],[[[100.77132183681273,4.8322109556565005],[100.77080362842216,4.8322109556565005],[100.77080362842216,4.8326042480018225],[100.77132183681273,4.8326042480018225],[100.77132183681273,4.8322109556565005]]],[[[100.77339467037497,4.8322109556565005],[100.7728764619844,4.8322109556565005],[100.7728764619844,4.8326042480018225],[100.77339467037497,4.8326042480018225],[100.77339467037497,4.8322109556565005]]],[[[100.77184004520328,4.8322109556565005],[100.77184004520328,4.832997540569319],[100.7728764619844,4.832997540569319],[100.7728764619844,4.8326042480018225],[100.77184004520328,4.8322109556565005]]],[[[100.76147587739207,4.834964006740072],[100.76197560383375,4.834964006740072],[100.76147587739207,4.834799839807727],[100.76147587739207,4.834964006740072]]],[[[100.75733021026758,4.858168727856273],[100.75725286840637,4.857775421031248],[100.75684648710595,4.858168727856273],[100.75733021026758,4.858168727856273]]],[[[100.77754033749945,4.901040514882515],[100.77754033749945,4.900647183601343],[100.77702212910887,4.900647183601343],[100.77702212910887,4.901040514882515],[100.77754033749945,4.901040514882515]]],[[[100.78479525496729,4.906547176492465],[100.78427704657672,4.906547176492465],[100.78427704657672,4.906940511156308],[100.78479525496729,4.906940511156308],[100.78479525496729,4.906547176492465]]],[[[100.76769437807879,4.915200591252699],[100.76717616968823,4.915200591252699],[100.76717616968823,4.9155939308853025],[100.76769437807879,4.9155939308853025],[100.76769437807879,4.915200591252699]]],[[[100.77391287876553,4.91795397342894],[100.77391287876553,4.9175606324396695],[100.77339467037497,4.9175606324396695],[100.77339467037497,4.91795397342894],[100.77391287876553,4.91795397342894]]],[[[100.76251229417318,4.918347314644387],[100.76199408578263,4.918347314644387],[100.76199408578263,4.918740656086027],[100.76251229417318,4.918740656086027],[100.76251229417318,4.918347314644387]]],[[[100.75888483543928,4.92149405251249],[100.7583666270487,4.92149405251249],[100.7583666270487,4.921887395764347],[100.75888483543928,4.921887395764347],[100.75888483543928,4.92149405251249]]],[[[100.75992125222038,4.923460771035556],[100.75992125222038,4.923067426878149],[100.75940304382982,4.923067426878149],[100.75940304382982,4.923460771035556],[100.75992125222038,4.923460771035556]]],[[[100.8531987625213,4.827884754516244],[100.85268055413074,4.827884754516244],[100.85268055413074,4.828278044418856],[100.8531987625213,4.828278044418856],[100.8531987625213,4.827884754516244]]],[[[100.85578980447411,4.844403121755659],[100.85527159608354,4.844403121755659],[100.85527159608354,4.844796420996974],[100.85578980447411,4.844796420996974],[100.85578980447411,4.844403121755659]]],[[[100.85527159608354,4.8451897204610335],[100.85527159608354,4.844796420996974],[100.85475338769298,4.844796420996974],[100.85475338769298,4.8451897204610335],[100.85527159608354,4.8451897204610335]]],[[[100.85475338769298,4.8451897204610335],[100.85423517930242,4.8451897204610335],[100.85423517930242,4.845583020147859],[100.85475338769298,4.845583020147859],[100.85475338769298,4.8451897204610335]]],[[[100.88532768273606,4.855022279508968],[100.8848094743455,4.855022279508968],[100.8848094743455,4.8554155847709],[100.88532768273606,4.8554155847709],[100.88532768273606,4.855022279508968]]],[[[100.74675029999999,4.944981794620684],[100.75007529279974,4.945488405778496],[100.74984627831473,4.945881762872075],[100.75007529279974,4.946413046149806],[100.7505935011903,4.945881762872075],[100.75111170958085,4.946105896160614],[100.75214812636197,4.9450950489123855],[100.75266633475253,4.945092891303218],[100.75266633475253,4.944701692273723],[100.75318454314309,4.944755223352647],[100.75940304382982,4.940703221014818],[100.75940304382982,4.940374784254759],[100.75992125222038,4.940365555242065],[100.75992125222038,4.939588076660527],[100.76043946061094,4.939588076660527],[100.76181362410364,4.937621311650459],[100.76147587739207,4.937227959329812],[100.76199408578263,4.937227959329812],[100.76199408578263,4.93644125536974],[100.76287360736929,4.936047903730277],[100.76976721164102,4.925427495219468],[100.7702854200316,4.9257006447585425],[100.77917331633284,4.923460771035556],[100.77961317106168,4.922674082947158],[100.78064958784282,4.9230887307539986],[100.78850249999999,4.921109694645194],[100.78842271370122,4.920707366687784],[100.78894092209177,4.920707366687784],[100.78894092209177,4.920314024114897],[100.78945913048233,4.920314024114897],[100.79101375565403,4.918740656086027],[100.79184233606958,4.918740656086027],[100.79412300599738,4.916773951139582],[100.79464121438794,4.9167553402163495],[100.79464121438794,4.916380610828725],[100.79515942277851,4.916380610828725],[100.79515942277851,4.9159872707439725],[100.7961444,4.915689094650792],[100.80552359058973,4.914622596877153],[100.80500538219916,4.914413912665609],[100.80552359058973,4.913627234982557],[100.80656000737083,4.914020573711088],[100.80604179898029,4.9145636720013695],[100.81588775840093,4.913444100325116],[100.81536955001037,4.91323389648],[100.81588775840093,4.912447220152729],[100.81692417518205,4.912840558203396],[100.81640596679149,4.913385175550764],[100.82521550943103,4.912383455162613],[100.82719114471635,4.910873870209048],[100.82625192621214,4.910480533287783],[100.82625192621214,4.910087196592342],[100.82728834299327,4.90969386012271],[100.82780655138383,4.910368224446772],[100.83735699999997,4.902521194664342],[100.85502410000001,4.897526494669494],[100.85739962005303,4.8959272258004045],[100.85786263803635,4.895140569319772],[100.85838084642691,4.895266636886138],[100.86366879600554,4.891993952400003],[100.86408113872307,4.891207300420012],[100.86459934711363,4.89147453751285],[100.8809294,4.882359494685124],[100.8826765440061,4.877834354291712],[100.88170022400213,4.877441036275466],[100.88170022400213,4.876654400915784],[100.88221843239269,4.876654400915784],[100.88221843239269,4.8762610835723095],[100.88313212257762,4.876654400915784],[100.8843001,4.873170994694572],[100.88104349999999,4.871581594696219],[100.88472029999998,4.871342094696448],[100.886241,4.8647239947032945],[100.88391830000002,4.862835194705231],[100.8843666,4.859481094708693],[100.88688709999998,4.859077194709091],[100.8874005162983,4.856988808051245],[100.88912569999998,4.853534294714828],[100.8873186,4.853070194715326],[100.8875211,4.850251894718209],[100.8836857,4.849651894718835],[100.88522942711359,4.845583020147859],[100.8848094743455,4.845583020147859],[100.8848094743455,4.8451897204610335],[100.88532768273606,4.8451897204610335],[100.88532768273606,4.844403121755659],[100.8848094743455,4.844403121755659],[100.8848094743455,4.844009822737073],[100.8861183915875,4.843616523941196],[100.8863219242673,4.8432232253680105],[100.88584589112664,4.8432232253680105],[100.88584589112664,4.842829927017496],[100.88672898962697,4.8424366288896366],[100.88787299999998,4.840225994728558],[100.8893026,4.840175394728615],[100.88895514146998,4.839683548227386],[100.88942656093441,4.839683548227386],[100.88962480739393,4.838896955755293],[100.8870832,4.838700894730134],[100.88584589112664,4.8361438891098025],[100.88532768273606,4.8361438891098025],[100.88532768273606,4.835357300641004],[100.88632600303507,4.834964006740072],[100.88679244427999,4.834177419605042],[100.88636409951717,4.834177419605042],[100.88636409951717,4.833784126370911],[100.88688230790774,4.833784126370911],[100.8876558,4.832721494736312],[100.89415769999998,4.8320534947369795],[100.89270349999998,4.82357069474572],[100.88999155825111,4.82395186769454],[100.88999155825111,4.824345155378443],[100.88947334986054,4.824345155378443],[100.88947334986054,4.8239810869997815],[100.87910918204932,4.825297861537418],[100.87859097365876,4.8259183083321195],[100.87807276526821,4.8259183083321195],[100.87807276526821,4.825525019760955],[100.8757457,4.825725194743509],[100.8767596,4.827707794741474],[100.86039899999999,4.8316787947373525],[100.85838084642691,4.830598224576356],[100.85734442964578,4.831031079953402],[100.85734442964578,4.830637788496596],[100.85682622125522,4.830637788496596],[100.85734442964578,4.830043301626961],[100.85475338769298,4.8283481425178545],[100.85475338769298,4.828671334543441],[100.85423517930242,4.828671334543441],[100.85423517930242,4.829457915458602],[100.8531987625213,4.829851206249215],[100.8531987625213,4.829457915458602],[100.85268055413074,4.829457915458602],[100.85268055413074,4.828278044418856],[100.85216234574017,4.828278044418856],[100.85164413734962,4.827491464835585],[100.85216234574017,4.827491464835585],[100.85216234574017,4.82709817537686],[100.85268055413074,4.82709817537686],[100.85268055413074,4.827491464835585],[100.85371697091186,4.827491464835585],[100.85376736639579,4.82709817537686],[100.84508059678325,4.816086160563606],[100.84490742827232,4.816479443815614],[100.8438710114912,4.816086160563606],[100.8444601132395,4.81529959472377],[100.84023689999998,4.80994599475981],[100.83808939999997,4.80971359476006],[100.83765251080447,4.807433985001259],[100.8400059,4.806634994763217],[100.83712229999999,4.7957457947744935],[100.81556160000001,4.784770394785837],[100.79982329829355,4.7819686282987295],[100.79982329829355,4.78226462720026],[100.80034150668412,4.78226462720026],[100.80034150668412,4.78305115597775],[100.79930508990299,4.783444420696268],[100.79930508990299,4.78305115597775],[100.79878688151244,4.78305115597775],[100.79878688151244,4.78226462720026],[100.79930508990299,4.78226462720026],[100.79930508990299,4.781876375910725],[100.79567763116907,4.781230609533343],[100.79515942277851,4.781478099302039],[100.7949928,4.781108694789613],[100.78375883818619,4.7866411632344095],[100.78375883818619,4.786983813059395],[100.78324062979561,4.786896370027411],[100.76613975290712,4.7953182462098],[100.76613975290712,4.795635736118415],[100.76562154451655,4.7955734561561245],[100.7557755850959,4.800422462780236],[100.75556869999998,4.801560294768455],[100.75707359999998,4.802213094767781],[100.7576469,4.801273994768761],[100.76033039999999,4.801505594768535],[100.7702854200316,4.806851013014778],[100.77080362842216,4.80664742889335],[100.77080362842216,4.807040706836815],[100.77132183681273,4.807040706836815],[100.77084759999998,4.8089053947608855],[100.7702854200316,4.808757227793823],[100.76976721164102,4.809400379138782],[100.76924900325048,4.809400379138782],[100.76924900325048,4.809007099869175],[100.76873079485992,4.809007099869175],[100.76873079485992,4.8086138208206375],[100.76924900325048,4.808484072054607],[100.76845230000002,4.808274094761544],[100.76354871095431,4.811106159735932],[100.76406691934488,4.8113667788035075],[100.76354871095431,4.812153340217528],[100.76251229417318,4.811760059399919],[100.76251229417318,4.8113667788035075],[100.76303050256375,4.8113667788035075],[100.7625217,4.810855894758892],[100.7590454,4.813311194756321],[100.75845800914321,4.814906312135908],[100.75888483543928,4.814906312135908],[100.75888483543928,4.81529959472377],[100.75816459999999,4.815703094753869],[100.758698,4.81667669475286],[100.7608618,4.817503494752012],[100.7614553,4.818571794750921],[100.7605051,4.8225087947468515],[100.76305529999998,4.8251417947441055],[100.765705590721,4.830244497261873],[100.76717616968823,4.831031079953402],[100.76717616968823,4.83142437163231],[100.76769437807879,4.83142437163231],[100.7675156384387,4.831817663533335],[100.76924900325048,4.832695986705181],[100.76976721164102,4.8326042480018225],[100.76924900325048,4.831817663533335],[100.76976721164102,4.831817663533335],[100.76976721164102,4.83142437163231],[100.77132183681273,4.83142437163231],[100.77132183681273,4.831031079953402],[100.77184004520328,4.831031079953402],[100.77184004520328,4.83142437163231],[100.7728764619844,4.831031079953402],[100.7728764619844,4.83142437163231],[100.77339467037497,4.83142437163231],[100.77339467037497,4.8322109556565005],[100.77391287876553,4.8322109556565005],[100.77391287876553,4.8326042480018225],[100.77454626158533,4.8326042480018225],[100.77546750393721,4.831031079953402],[100.77595665574404,4.831031079953402],[100.7771675,4.829680494739452],[100.77754033749945,4.830244497261873],[100.77805854589,4.830244497261873],[100.77805854589,4.8326042480018225],[100.7787882318028,4.832997540569319],[100.78013137945224,4.8326042480018225],[100.78116779623338,4.834177419605042],[100.78064958784282,4.834177419605042],[100.7807249,4.835223694733693],[100.78013137945224,4.8357505947642405],[100.77736469999999,4.8369224947319385],[100.77682539999998,4.835586594733318],[100.7761272,4.83530579473363],[100.77419439999997,4.836212794732689],[100.76978659999999,4.833659094735335],[100.7683348,4.833678294735292],[100.76557899999999,4.831928794737115],[100.76433729999998,4.833004194735996],[100.76293589999999,4.832339994736686],[100.7624258,4.8331937947358075],[100.76304499999999,4.834143294734855],[100.7659818,4.83372669473527],[100.7665464,4.83471209473423],[100.76399429999996,4.835627194733313],[100.76199408578263,4.834970078481335],[100.76147587739207,4.8357505947642405],[100.76095766900151,4.8357505947642405],[100.76095766900151,4.835357300641004],[100.76043946061094,4.835357300641004],[100.76043946061094,4.8345707130614235],[100.75951267775953,4.8345707130614235],[100.75888483543928,4.835315793982797],[100.75940304382982,4.835357300641004],[100.75922398896526,4.8357505947642405],[100.76043946061094,4.836930478467962],[100.76043946061094,4.837323773480597],[100.75992125222038,4.837369391750827],[100.76043946061094,4.83811036417308],[100.75900309999997,4.838635994730209],[100.7595755,4.839500094729303],[100.7586429,4.840676194728074],[100.75932949999999,4.841149394727595],[100.75858409999998,4.842355194726354],[100.75733021026758,4.841839890515488],[100.75733021026758,4.842829927017496],[100.75629379348646,4.843345200977875],[100.7574043,4.843550594725124],[100.7571941,4.844059494724589],[100.75629379348646,4.844215405850196],[100.75629379348646,4.844966602381718],[100.75681200187702,4.845583020147859],[100.75733021026758,4.845583020147859],[100.75733021026758,4.846762920545106],[100.75692654078155,4.846762920545106],[100.75784841865814,4.849122727356733],[100.75888483543928,4.849516029272219],[100.75888483543928,4.850643754218793],[100.76121290000002,4.852174994716242],[100.7612343,4.854251194714071],[100.760307,4.854595294713705],[100.7603549,4.853018894715345],[100.75733021026758,4.852821926859352],[100.75784841865814,4.853055756547327],[100.75784841865814,4.855315967593815],[100.7594591805416,4.85620219596451],[100.76043946061094,4.85620219596451],[100.76043946061094,4.855808890256074],[100.76095766900151,4.855808890256074],[100.76199408578263,4.8547135516084055],[100.76199408578263,4.854235669654765],[100.76251229417318,4.854235669654765],[100.76303050256375,4.853449060693316],[100.76406691934488,4.853449060693316],[100.76458512773543,4.853842365062454],[100.764398,4.854314394714014],[100.76613975290712,4.854752457621778],[100.76717616968823,4.854235669654765],[100.76821258646936,4.8554155847709],[100.76562154451655,4.856595501896228],[100.76458512773543,4.856595501896228],[100.76458512773543,4.857382114429577],[100.7604306,4.859763694708389],[100.76001682840358,4.858562034904669],[100.75940304382982,4.858562034904669],[100.75940304382982,4.859348649671657],[100.75888483543928,4.859348649671657],[100.75867229999999,4.859987194708171],[100.75916059999999,4.860477294707684],[100.75929310000001,4.859536794708622],[100.75982839999998,4.8595573947086095],[100.75982149999999,4.860354094707788],[100.760521,4.859882594708289],[100.76095766900151,4.860921881886914],[100.76053166128354,4.860921881886914],[100.76043946061094,4.861628779711091],[100.76199408578263,4.862495117678203],[100.76147587739207,4.8632817369152255],[100.76043946061094,4.8628884271849175],[100.76095766900151,4.865248288921326],[100.76147587739207,4.865248288921326],[100.76147587739207,4.865641599993587],[100.76251229417318,4.865248288921326],[100.76303050256375,4.866034911289569],[100.76251229417318,4.866034911289569],[100.76147587739207,4.867214846520041],[100.76043946061094,4.866821534552777],[100.76043946061094,4.866034911289569],[100.75888483543928,4.866840328698187],[100.7583666270487,4.8691814097136765],[100.75784841865814,4.8691814097136765],[100.75630289999998,4.870851194696979],[100.75537699999998,4.870558494697289],[100.75525737670533,4.872327922466676],[100.7557755850959,4.872327922466676],[100.7557755850959,4.87390118421946],[100.75525737670533,4.87390118421946],[100.75422095992421,4.87508113288714],[100.75318454314309,4.87508113288714],[100.75247655282283,4.87390118421946],[100.7521,4.874283494693414],[100.75096849999998,4.873964994693781],[100.75121510921191,4.875867766453057],[100.75266633475253,4.876654400915784],[100.75266633475253,4.877441036275466],[100.75214812636197,4.877441036275466],[100.75162991797143,4.879014309686294],[100.75066879654244,4.87940762859983],[100.7505935011903,4.880194267100023],[100.75007529279974,4.88048091660798],[100.7505935011903,4.881374226533399],[100.74955708440918,4.881767546793419],[100.74955708440918,4.88216086727792],[100.74751689224465,4.88216086727792],[100.74800245923748,4.884731146265382],[100.74852066762806,4.884914116956381],[100.74851619555588,4.885700761743015],[100.75277839999998,4.894788094672323],[100.7514131555879,4.897107212209967],[100.75162991797143,4.897500541463528],[100.7511816065194,4.897500541463528],[100.75055049999999,4.898572594668432],[100.74679410000002,4.899404094667578],[100.7461259,4.901133894665773],[100.74696604245636,4.90143384638907],[100.74696604245636,4.901040514882515],[100.74800245923748,4.900647183601343],[100.74852066762806,4.90143384638907],[100.74748425084694,4.9018271781210245],[100.745667,4.9064590946602955],[100.74333858372245,4.907096851322585],[100.74385679211301,4.907333846045813],[100.74385679211301,4.908513852068464],[100.74333858372245,4.908513852068464],[100.74333858372245,4.9089071878607875],[100.74385679211301,4.9089071878607875],[100.74401910350582,4.90969386012271],[100.74437500050357,4.90969386012271],[100.74389449999998,4.910454394656201],[100.7447706,4.910732794655866],[100.74499589999999,4.912573294654014],[100.75111749999998,4.915852194650617],[100.74996799999998,4.92590409464028],[100.74592962567525,4.927060812759128],[100.74592962567525,4.9273942250665295],[100.74541141728469,4.927209244172208],[100.743099,4.9278715946382485],[100.74333858372245,4.929460696646117],[100.74437500050357,4.92975430836161],[100.74437500050357,4.930147656370899],[100.74350145790872,4.930541004606939],[100.74424439999999,4.9354687946304505],[100.7461303,4.93717529462866],[100.7463152,4.937998794627831],[100.7437235,4.940039894625756],[100.74675029999999,4.944981794620684]],[[100.74489320889413,4.930147656370899],[100.74489320889413,4.92975430836161],[100.74541141728469,4.92975430836161],[100.74592962567525,4.930541004606939],[100.74489320889413,4.930934353069741],[100.74489320889413,4.930541004606939],[100.74437500050357,4.930541004606939],[100.74437500050357,4.930147656370899],[100.74489320889413,4.930147656370899]],[[100.7505935011903,4.939194723204209],[100.75162991797143,4.939588076660527],[100.75111170958085,4.940374784254759],[100.75007529279974,4.939981430344039],[100.7505935011903,4.939194723204209]],[[100.74955708440918,4.93644125536974],[100.75111170958085,4.935654552317839],[100.7505935011903,4.934867850173959],[100.75162991797143,4.934474499442484],[100.75162991797143,4.934867850173959],[100.75214812636197,4.934867850173959],[100.75162991797143,4.935654552317839],[100.75214812636197,4.935654552317839],[100.75266633475253,4.937227959329812],[100.75214812636197,4.937227959329812],[100.75214812636197,4.937621311650459],[100.74955708440918,4.937621311650459],[100.74955708440918,4.937227959329812],[100.74903887601862,4.937227959329812],[100.74955708440918,4.93644125536974]],[[100.75422095992421,4.936047903730277],[100.75525737670533,4.93644125536974],[100.75473916831479,4.937227959329812],[100.75370275153367,4.936834607236246],[100.75422095992421,4.936047903730277]],[[100.75940304382982,4.931327701759328],[100.76043946061094,4.931721050675721],[100.75992125222038,4.932507749188983],[100.75888483543928,4.932114399818931],[100.75940304382982,4.931327701759328]],[[100.76251229417318,4.927000878643954],[100.76147587739207,4.927000878643954],[100.76147587739207,4.9273942250665295],[100.76095766900151,4.9273942250665295],[100.76043946061094,4.92660753244798],[100.76095766900151,4.92660753244798],[100.76095766900151,4.9262141864785844],[100.76147587739207,4.9262141864785844],[100.76147587739207,4.92660753244798],[100.76251229417318,4.92660753244798],[100.76251229417318,4.9262141864785844],[100.76303050256375,4.9262141864785844],[100.76303050256375,4.92660753244798],[100.76354871095431,4.92660753244798],[100.76354871095431,4.927000878643954],[100.76303050256375,4.927000878643954],[100.76303050256375,4.927787571715723],[100.76354871095431,4.927787571715723],[100.76303050256375,4.928574265694039],[100.76199408578263,4.928180918591553],[100.76199408578263,4.927787571715723],[100.76251229417318,4.927787571715723],[100.76251229417318,4.927000878643954]],[[100.75473916831479,4.9262141864785844],[100.7557755850959,4.92660753244798],[100.75525737670533,4.9273942250665295],[100.75422095992421,4.927000878643954],[100.75473916831479,4.9262141864785844]],[[100.76406691934488,4.92149405251249],[100.76458512773543,4.92149405251249],[100.76510333612599,4.922280739242562],[100.76458512773543,4.922280739242562],[100.76458512773543,4.922674082947158],[100.76406691934488,4.922674082947158],[100.76406691934488,4.922280739242562],[100.76303050256375,4.922280739242562],[100.76354871095431,4.923067426878149],[100.76303050256375,4.923067426878149],[100.76303050256375,4.923854115419399],[100.76251229417318,4.923854115419399],[100.76251229417318,4.9246408048664545],[100.76199408578263,4.9246408048664545],[100.76199408578263,4.925034149929707],[100.76095766900151,4.9246408048664545],[100.76095766900151,4.924247460029691],[100.76147587739207,4.924247460029691],[100.76147587739207,4.923460771035556],[100.75992125222038,4.923460771035556],[100.75992125222038,4.9246408048664545],[100.75940304382982,4.9246408048664545],[100.75940304382982,4.925034149929707],[100.7583666270487,4.9246408048664545],[100.7583666270487,4.925034149929707],[100.75733021026758,4.925427495219468],[100.75733021026758,4.925034149929707],[100.75629379348646,4.9246408048664545],[100.75629379348646,4.923460771035556],[100.75525737670533,4.923067426878149],[100.75525737670533,4.922280739242562],[100.75629379348646,4.921887395764347],[100.75629379348646,4.922280739242562],[100.75784841865814,4.923067426878149],[100.75733021026758,4.923854115419399],[100.7583666270487,4.924247460029691],[100.7583666270487,4.923460771035556],[100.75888483543928,4.923460771035556],[100.75940304382982,4.922674082947158],[100.75888483543928,4.922674082947158],[100.75733021026758,4.921100709486976],[100.75784841865814,4.921100709486976],[100.75784841865814,4.920707366687784],[100.75888483543928,4.921100709486976],[100.75940304382982,4.920314024114897],[100.75992125222038,4.920314024114897],[100.75992125222038,4.920707366687784],[100.76043946061094,4.920707366687784],[100.76043946061094,4.920314024114897],[100.76147587739207,4.920707366687784],[100.76147587739207,4.920314024114897],[100.76251229417318,4.919920681768296],[100.76251229417318,4.920314024114897],[100.76303050256375,4.920314024114897],[100.76303050256375,4.921100709486976],[100.76406691934488,4.921100709486976],[100.76406691934488,4.92149405251249]],[[100.76251229417318,4.919527339647963],[100.76199408578263,4.919527339647963],[100.76199408578263,4.918740656086027],[100.76095766900151,4.918347314644387],[100.76095766900151,4.9175606324396695],[100.76147587739207,4.9175606324396695],[100.76147587739207,4.917167291676556],[100.76199408578263,4.917167291676556],[100.76199408578263,4.9175606324396695],[100.76251229417318,4.9175606324396695],[100.76251229417318,4.918347314644387],[100.76303050256375,4.918347314644387],[100.76303050256375,4.918740656086027],[100.76354871095431,4.918740656086027],[100.76354871095431,4.919527339647963],[100.76303050256375,4.919527339647963],[100.76303050256375,4.919920681768296],[100.76251229417318,4.919920681768296],[100.76251229417318,4.919527339647963]],[[100.76769437807879,4.923460771035556],[100.76873079485992,4.923854115419399],[100.76873079485992,4.9246408048664545],[100.76821258646936,4.9246408048664545],[100.76821258646936,4.925034149929707],[100.76717616968823,4.9246408048664545],[100.76717616968823,4.923854115419399],[100.76769437807879,4.923854115419399],[100.76769437807879,4.923460771035556]],[[100.7702854200316,4.923067426878149],[100.77132183681273,4.923460771035556],[100.77080362842216,4.924247460029691],[100.76976721164102,4.923854115419399],[100.7702854200316,4.923067426878149]],[[100.77650392071834,4.922280739242562],[100.77754033749945,4.922674082947158],[100.77702212910887,4.923460771035556],[100.77598571232777,4.923067426878149],[100.77650392071834,4.922280739242562]],[[100.78013137945224,4.919920681768296],[100.78116779623338,4.919527339647963],[100.78168600462392,4.920314024114897],[100.78013137945224,4.921100709486976],[100.78013137945224,4.920707366687784],[100.77961317106168,4.920707366687784],[100.78013137945224,4.919920681768296]],[[100.78479525496729,4.919527339647963],[100.78583167174843,4.919920681768296],[100.78531346335785,4.920707366687784],[100.78427704657672,4.920314024114897],[100.78479525496729,4.919527339647963]],[[100.77184004520328,4.918347314644387],[100.77235825359384,4.918347314644387],[100.77235825359384,4.91795397342894],[100.77391287876553,4.917167291676556],[100.77391287876553,4.916380610828725],[100.77443108715607,4.916380610828725],[100.77443108715607,4.914413912665609],[100.77391287876553,4.914413912665609],[100.77391287876553,4.914020573711088],[100.77443108715607,4.914020573711088],[100.77494929554663,4.912053882327978],[100.77598571232777,4.911660544729127],[100.77598571232777,4.912053882327978],[100.77650392071834,4.912053882327978],[100.77650392071834,4.912447220152729],[100.77598571232777,4.912447220152729],[100.77598571232777,4.91323389648],[100.77650392071834,4.91323389648],[100.77650392071834,4.914807251846138],[100.77598571232777,4.914807251846138],[100.77650392071834,4.916773951139582],[100.77598571232777,4.916773951139582],[100.77546750393721,4.9175606324396695],[100.77443108715607,4.9175606324396695],[100.77443108715607,4.91795397342894],[100.77494929554663,4.91795397342894],[100.77494929554663,4.918740656086027],[100.77443108715607,4.918740656086027],[100.77391287876553,4.919527339647963],[100.77339467037497,4.919527339647963],[100.77339467037497,4.91913399775388],[100.77235825359384,4.91913399775388],[100.77235825359384,4.919527339647963],[100.77184004520328,4.919527339647963],[100.77184004520328,4.91913399775388],[100.77132183681273,4.91913399775388],[100.77184004520328,4.918347314644387]],[[100.78168600462392,4.918347314644387],[100.78272242140505,4.918740656086027],[100.78220421301448,4.919527339647963],[100.78116779623338,4.91913399775388],[100.78168600462392,4.918347314644387]],[[100.77754033749945,4.916380610828725],[100.77805854589,4.916380610828725],[100.77805854589,4.9159872707439725],[100.77909496267111,4.916380610828725],[100.77909496267111,4.91795397342894],[100.77857675428058,4.91795397342894],[100.77857675428058,4.918347314644387],[100.77754033749945,4.918347314644387],[100.77754033749945,4.91795397342894],[100.77702212910887,4.91795397342894],[100.77702212910887,4.916773951139582],[100.77754033749945,4.916773951139582],[100.77754033749945,4.916380610828725]],[[100.76665796129767,4.915200591252699],[100.76717616968823,4.915200591252699],[100.76717616968823,4.914413912665609],[100.76769437807879,4.914413912665609],[100.76769437807879,4.914020573711088],[100.76873079485992,4.914413912665609],[100.76873079485992,4.915200591252699],[100.76769437807879,4.9155939308853025],[100.76769437807879,4.916380610828725],[100.76717616968823,4.916380610828725],[100.76717616968823,4.916773951139582],[100.76613975290712,4.916380610828725],[100.76613975290712,4.9155939308853025],[100.76665796129767,4.9155939308853025],[100.76665796129767,4.915200591252699]],[[100.78686808852953,4.914807251846138],[100.78790450531066,4.915200591252699],[100.78790450531066,4.9159872707439725],[100.78738629692009,4.9159872707439725],[100.78738629692009,4.916380610828725],[100.78634988013899,4.9159872707439725],[100.78634988013899,4.915200591252699],[100.78686808852953,4.915200591252699],[100.78686808852953,4.914807251846138]],[[100.77754033749945,4.914020573711088],[100.77702212910887,4.914020573711088],[100.77702212910887,4.913627234982557],[100.77805854589,4.91323389648],[100.77805854589,4.913627234982557],[100.77857675428058,4.913627234982557],[100.77857675428058,4.914020573711088],[100.77805854589,4.914020573711088],[100.77805854589,4.914413912665609],[100.77857675428058,4.914413912665609],[100.77805854589,4.915200591252699],[100.77702212910887,4.914807251846138],[100.77754033749945,4.914020573711088]],[[100.76562154451655,4.912053882327978],[100.76665796129767,4.912447220152729],[100.76613975290712,4.91323389648],[100.76510333612599,4.912840558203396],[100.76562154451655,4.912053882327978]],[[100.76354871095431,4.911267207356156],[100.76406691934488,4.911267207356156],[100.76406691934488,4.910873870209048],[100.76510333612599,4.911267207356156],[100.76510333612599,4.912053882327978],[100.76458512773543,4.912053882327978],[100.76406691934488,4.912840558203396],[100.76303050256375,4.912447220152729],[100.76303050256375,4.911660544729127],[100.76354871095431,4.911660544729127],[100.76354871095431,4.911267207356156]],[[100.75473916831479,4.909300523878863],[100.7557755850959,4.90969386012271],[100.75525737670533,4.910480533287783],[100.75422095992421,4.910087196592342],[100.75473916831479,4.909300523878863]],[[100.82469730104046,4.9089071878607875],[100.82573371782159,4.909300523878863],[100.82521550943103,4.910087196592342],[100.8241790926499,4.90969386012271],[100.82469730104046,4.9089071878607875]],[[100.7899773388729,4.908513852068464],[100.78894092209177,4.908513852068464],[100.78894092209177,4.9089071878607875],[100.78790450531066,4.908513852068464],[100.78790450531066,4.907333846045813],[100.78842271370122,4.907333846045813],[100.78842271370122,4.906940511156308],[100.78738629692009,4.906547176492465],[100.78738629692009,4.905760507841679],[100.78790450531066,4.905760507841679],[100.78790450531066,4.905367173854701],[100.78738629692009,4.905367173854701],[100.78738629692009,4.904580506557483],[100.78790450531066,4.904580506557483],[100.78790450531066,4.904187173247204],[100.78894092209177,4.904580506557483],[100.78894092209177,4.905367173854701],[100.78842271370122,4.905367173854701],[100.78842271370122,4.905760507841679],[100.78894092209177,4.905760507841679],[100.78894092209177,4.906547176492465],[100.78945913048233,4.906547176492465],[100.78894092209177,4.907333846045813],[100.78945913048233,4.907333846045813],[100.78945913048233,4.907727181160994],[100.79049554726346,4.907333846045813],[100.79049554726346,4.907727181160994],[100.79153196404457,4.907727181160994],[100.79153196404457,4.908120516501872],[100.79205017243514,4.908120516501872],[100.79205017243514,4.9089071878607875],[100.79153196404457,4.9089071878607875],[100.79153196404457,4.909300523878863],[100.79049554726346,4.909300523878863],[100.79049554726346,4.90969386012271],[100.78945913048233,4.909300523878863],[100.7899773388729,4.908513852068464]],[[100.76976721164102,4.907727181160994],[100.77080362842216,4.907333846045813],[100.77080362842216,4.907727181160994],[100.77184004520328,4.908120516501872],[100.77184004520328,4.9089071878607875],[100.77080362842216,4.909300523878863],[100.76976721164102,4.907727181160994]],[[100.78427704657672,4.908120516501872],[100.78531346335785,4.908513852068464],[100.78479525496729,4.909300523878863],[100.78375883818619,4.9089071878607875],[100.78427704657672,4.908120516501872]],[[100.77598571232777,4.907727181160994],[100.77702212910887,4.908120516501872],[100.77650392071834,4.9089071878607875],[100.77546750393721,4.908513852068464],[100.77598571232777,4.907727181160994]],[[100.80085971507468,4.907727181160994],[100.80189613185578,4.908120516501872],[100.80137792346522,4.9089071878607875],[100.80034150668412,4.908513852068464],[100.80085971507468,4.907727181160994]],[[100.78375883818619,4.906547176492465],[100.78324062979561,4.906547176492465],[100.78324062979561,4.905760507841679],[100.78375883818619,4.905760507841679],[100.78375883818619,4.905367173854701],[100.78427704657672,4.905367173854701],[100.78427704657672,4.905760507841679],[100.78531346335785,4.905760507841679],[100.78531346335785,4.905367173854701],[100.78427704657672,4.904973840093309],[100.78427704657672,4.904187173247204],[100.78479525496729,4.904187173247204],[100.78479525496729,4.903793840162458],[100.78531346335785,4.903793840162458],[100.78531346335785,4.904187173247204],[100.78634988013899,4.904187173247204],[100.78686808852953,4.904973840093309],[100.78583167174843,4.905367173854701],[100.78583167174843,4.905760507841679],[100.78634988013899,4.905760507841679],[100.78634988013899,4.90615384205426],[100.78531346335785,4.906547176492465],[100.78583167174843,4.907333846045813],[100.78479525496729,4.907727181160994],[100.78375883818619,4.906547176492465]],[[100.82106984230654,4.904580506557483],[100.82210625908766,4.904973840093309],[100.82210625908766,4.905760507841679],[100.8215880506971,4.905760507841679],[100.8215880506971,4.90615384205426],[100.82055163391598,4.905760507841679],[100.82055163391598,4.904973840093309],[100.82106984230654,4.904973840093309],[100.82106984230654,4.904580506557483]],[[100.79930508990299,4.904580506557483],[100.80034150668412,4.904973840093309],[100.79982329829355,4.905760507841679],[100.79878688151244,4.905367173854701],[100.79930508990299,4.904580506557483]],[[100.81847880035373,4.903793840162458],[100.81951521713485,4.904187173247204],[100.81899700874429,4.904973840093309],[100.81796059196319,4.904580506557483],[100.81847880035373,4.903793840162458]],[[100.77857675428058,4.903400507303221],[100.77805854589,4.903400507303221],[100.77805854589,4.902613842261211],[100.77702212910887,4.902613842261211],[100.77702212910887,4.902220510078399],[100.77650392071834,4.902220510078399],[100.77650392071834,4.9018271781210245],[100.77702212910887,4.9018271781210245],[100.77702212910887,4.901040514882515],[100.77650392071834,4.901040514882515],[100.77598571232777,4.900253852545537],[100.77650392071834,4.900253852545537],[100.77702212910887,4.899467191109938],[100.77857675428058,4.900253852545537],[100.77805854589,4.901040514882515],[100.77909496267111,4.901040514882515],[100.77909496267111,4.900647183601343],[100.78013137945224,4.901040514882515],[100.78013137945224,4.9018271781210245],[100.77961317106168,4.9018271781210245],[100.77961317106168,4.902220510078399],[100.78013137945224,4.902220510078399],[100.78064958784282,4.9030071746694786],[100.78013137945224,4.9030071746694786],[100.78013137945224,4.903400507303221],[100.77909496267111,4.903400507303221],[100.77909496267111,4.903793840162458],[100.77961317106168,4.903793840162458],[100.77909496267111,4.904580506557483],[100.77805854589,4.904187173247204],[100.77857675428058,4.903400507303221]],[[100.74903887601862,4.9030071746694786],[100.75007529279974,4.903400507303221],[100.74955708440918,4.904187173247204],[100.74852066762806,4.903793840162458],[100.74903887601862,4.9030071746694786]],[[100.79412300599738,4.9018271781210245],[100.79567763116907,4.902613842261211],[100.79464121438794,4.903793840162458],[100.79360479760683,4.903400507303221],[100.79360479760683,4.902220510078399],[100.79412300599738,4.902220510078399],[100.79412300599738,4.9018271781210245]],[[100.74955708440918,4.902220510078399],[100.75007529279974,4.902220510078399],[100.75007529279974,4.9018271781210245],[100.75111170958085,4.9018271781210245],[100.75111170958085,4.902220510078399],[100.75162991797143,4.902220510078399],[100.75162991797143,4.9030071746694786],[100.7505935011903,4.903400507303221],[100.74955708440918,4.902220510078399]],[[100.81796059196319,4.9018271781210245],[100.81899700874429,4.90143384638907],[100.81899700874429,4.9018271781210245],[100.82003342552542,4.902220510078399],[100.82003342552542,4.9030071746694786],[100.81899700874429,4.903400507303221],[100.81796059196319,4.9018271781210245]],[[100.79930508990299,4.901040514882515],[100.80085971507468,4.9018271781210245],[100.80034150668412,4.902613842261211],[100.79930508990299,4.902613842261211],[100.79930508990299,4.902220510078399],[100.79878688151244,4.902220510078399],[100.79878688151244,4.90143384638907],[100.79930508990299,4.90143384638907],[100.79930508990299,4.901040514882515]],[[100.82677013460271,4.900253852545537],[100.82780655138383,4.900647183601343],[100.82780655138383,4.90143384638907],[100.82728834299327,4.90143384638907],[100.82728834299327,4.9018271781210245],[100.82625192621214,4.90143384638907],[100.82625192621214,4.900647183601343],[100.82677013460271,4.900647183601343],[100.82677013460271,4.900253852545537]],[[100.74903887601862,4.899860521715075],[100.75007529279974,4.900253852545537],[100.74955708440918,4.901040514882515],[100.74852066762806,4.900647183601343],[100.74903887601862,4.899860521715075]],[[100.78272242140505,4.899860521715075],[100.78375883818619,4.900253852545537],[100.78324062979561,4.901040514882515],[100.78220421301448,4.900647183601343],[100.78272242140505,4.899860521715075]],[[100.79775046473131,4.899467191109938],[100.79878688151244,4.899860521715075],[100.79826867312188,4.900647183601343],[100.79723225634075,4.900253852545537],[100.79775046473131,4.899467191109938]],[[100.8386889275856,4.897500541463528],[100.83972534436673,4.897893870942303],[100.83972534436673,4.898680530575577],[100.83920713597617,4.898680530575577],[100.83920713597617,4.899073860730114],[100.83817071919505,4.898680530575577],[100.83817071919505,4.897893870942303],[100.8386889275856,4.897893870942303],[100.8386889275856,4.897500541463528]],[[100.79930508990299,4.898680530575577],[100.79826867312188,4.898287200646314],[100.79878688151244,4.897500541463528],[100.79826867312188,4.897500541463528],[100.79826867312188,4.897107212209967],[100.79775046473131,4.897107212209967],[100.79775046473131,4.896320554378424],[100.79723225634075,4.896320554378424],[100.79775046473131,4.8955338974475255],[100.79826867312188,4.8955338974475255],[100.79878688151244,4.896320554378424],[100.79930508990299,4.896320554378424],[100.79930508990299,4.8959272258004045],[100.80034150668412,4.896320554378424],[100.80034150668412,4.897107212209967],[100.79930508990299,4.897500541463528],[100.79930508990299,4.897893870942303],[100.79982329829355,4.897893870942303],[100.79930508990299,4.898680530575577]],[[100.82469730104046,4.897500541463528],[100.82573371782159,4.897893870942303],[100.82521550943103,4.898680530575577],[100.8241790926499,4.898287200646314],[100.82469730104046,4.897500541463528]],[[100.82677013460271,4.896713883181608],[100.82780655138383,4.897107212209967],[100.82728834299327,4.897893870942303],[100.82625192621214,4.897500541463528],[100.82677013460271,4.896713883181608]],[[100.79412300599738,4.894747241417124],[100.79515942277851,4.895140569319772],[100.79515942277851,4.8959272258004045],[100.79464121438794,4.8959272258004045],[100.79464121438794,4.896320554378424],[100.79360479760683,4.8959272258004045],[100.79360479760683,4.895140569319772],[100.79412300599738,4.895140569319772],[100.79412300599738,4.894747241417124]],[[100.84646205344401,4.893567259059631],[100.84698026183457,4.893567259059631],[100.84698026183457,4.8931739320572225],[100.84801667861569,4.893567259059631],[100.84801667861569,4.894747241417124],[100.84749847022513,4.894747241417124],[100.84698026183457,4.8955338974475255],[100.84594384505345,4.895140569319772],[100.84646205344401,4.893567259059631]],[[100.75681200187702,4.893960586287071],[100.75784841865814,4.894353913739563],[100.75733021026758,4.895140569319772],[100.75629379348646,4.894747241417124],[100.75681200187702,4.893960586287071]],[[100.79723225634075,4.891993952400003],[100.79826867312188,4.891600626297539],[100.79826867312188,4.891993952400003],[100.79930508990299,4.892387278727425],[100.79930508990299,4.8931739320572225],[100.79878688151244,4.8931739320572225],[100.79826867312188,4.893960586287071],[100.79723225634075,4.893960586287071],[100.79723225634075,4.893567259059631],[100.79671404795018,4.893567259059631],[100.79671404795018,4.892387278727425],[100.79723225634075,4.892387278727425],[100.79723225634075,4.891993952400003]],[[100.82366088425934,4.890027324136892],[100.82469730104046,4.890420649339706],[100.8241790926499,4.891207300420012],[100.82314267586878,4.890813974767409],[100.82366088425934,4.890027324136892]],[[100.84801667861569,4.888847349877565],[100.84905309539681,4.889240674405837],[100.84905309539681,4.890027324136892],[100.84853488700627,4.890027324136892],[100.84853488700627,4.890420649339706],[100.84749847022513,4.890027324136892],[100.84749847022513,4.889240674405837],[100.84801667861569,4.889240674405837],[100.84801667861569,4.888847349877565]],[[100.85164413734962,4.888454025574101],[100.85268055413074,4.888847349877565],[100.85216234574017,4.88963399915894],[100.85112592895905,4.889240674405837],[100.85164413734962,4.888454025574101]],[[100.75214812636197,4.8876673776415345],[100.75318454314309,4.888060701495432],[100.75266633475253,4.888847349877565],[100.75162991797143,4.888454025574101],[100.75214812636197,4.8876673776415345]],[[100.85216234574017,4.886880730607989],[100.8531987625213,4.887274054012395],[100.85268055413074,4.888060701495432],[100.85164413734962,4.8876673776415345],[100.85216234574017,4.886880730607989]],[[100.77184004520328,4.877441036275466],[100.7728764619844,4.877441036275466],[100.77339467037497,4.8782276725322555],[100.7728764619844,4.8782276725322555],[100.7728764619844,4.878620990997107],[100.77184004520328,4.878620990997107],[100.77184004520328,4.8782276725322555],[100.77132183681273,4.8782276725322555],[100.77184004520328,4.877441036275466]],[[100.88014559883045,4.870361350316376],[100.88118201561156,4.870754664298476],[100.88066380722103,4.871541292934576],[100.8796273904399,4.871147978504534],[100.88014559883045,4.870361350316376]],[[100.77754033749945,4.866428222809294],[100.77857675428058,4.866821534552777],[100.77805854589,4.8676081587111],[100.77702212910887,4.867214846520041],[100.77754033749945,4.866428222809294]],[[100.79101375565403,4.8617084993354815],[100.79205017243514,4.861315190499437],[100.79308658921627,4.862495117678203],[100.79205017243514,4.8628884271849175],[100.79101375565403,4.8617084993354815]],[[100.80604179898029,4.855808890256074],[100.8070782157614,4.85620219596451],[100.80656000737083,4.856988808051245],[100.80552359058973,4.856595501896228],[100.80604179898029,4.855808890256074]],[[100.88429126595493,4.855022279508968],[100.8848094743455,4.855022279508968],[100.88532768273606,4.854235669654765],[100.88636409951717,4.854628974470263],[100.8848094743455,4.85620219596451],[100.88377305756437,4.855808890256074],[100.88429126595493,4.855022279508968]],[[100.85578980447411,4.848336124194592],[100.85527159608354,4.848336124194592],[100.85527159608354,4.846762920545106],[100.85630801286466,4.846369620189877],[100.85630801286466,4.846762920545106],[100.85682622125522,4.846762920545106],[100.85682622125522,4.847942822947899],[100.85786263803635,4.848336124194592],[100.85786263803635,4.851875845448089],[100.85734442964578,4.851875845448089],[100.85734442964578,4.852269148924732],[100.85630801286466,4.851875845448089],[100.85630801286466,4.849122727356733],[100.85578980447411,4.849122727356733],[100.85578980447411,4.848336124194592]],[[100.85889905481747,4.847942822947899],[100.85993547159859,4.848336124194592],[100.85993547159859,4.849122727356733],[100.85941726320802,4.849122727356733],[100.85941726320802,4.849516029272219],[100.85838084642691,4.849122727356733],[100.85838084642691,4.848336124194592],[100.85889905481747,4.848336124194592],[100.85889905481747,4.847942822947899]],[[100.77391287876553,4.847942822947899],[100.77494929554663,4.848336124194592],[100.77443108715607,4.849122727356733],[100.77339467037497,4.848729425664199],[100.77391287876553,4.847942822947899]],[[100.86149009677027,4.847549521924099],[100.86252651355139,4.847942822947899],[100.86200830516083,4.848729425664199],[100.86097188837972,4.848336124194592],[100.86149009677027,4.847549521924099]],[[100.8635629303325,4.846762920545106],[100.86304472194196,4.846762920545106],[100.86304472194196,4.845583020147859],[100.86149009677027,4.844796420996974],[100.86149009677027,4.8432232253680105],[100.86097188837972,4.8432232253680105],[100.86097188837972,4.842829927017496],[100.86149009677027,4.842829927017496],[100.86149009677027,4.8424366288896366],[100.86252651355139,4.8424366288896366],[100.86252651355139,4.8420433309844135],[100.8635629303325,4.8420433309844135],[100.8635629303325,4.8424366288896366],[100.86459934711363,4.842829927017496],[100.86459934711363,4.843616523941196],[100.86563576389476,4.8432232253680105],[100.86563576389476,4.843616523941196],[100.86667218067586,4.844009822737073],[100.86667218067586,4.844796420996974],[100.86459934711363,4.845583020147859],[100.86459934711363,4.846762920545106],[100.86408113872307,4.846762920545106],[100.86408113872307,4.847549521924099],[100.86459934711363,4.847549521924099],[100.86459934711363,4.847942822947899],[100.86408113872307,4.847942822947899],[100.86408113872307,4.848336124194592],[100.86304472194196,4.847942822947899],[100.86304472194196,4.847549521924099],[100.8635629303325,4.847549521924099],[100.8635629303325,4.846762920545106]],[[100.85838084642691,4.846369620189877],[100.85941726320802,4.845976320057468],[100.86045367998915,4.847156221123175],[100.85941726320802,4.847549521924099],[100.85838084642691,4.846369620189877]],[[100.85216234574017,4.845976320057468],[100.8531987625213,4.846369620189877],[100.85268055413074,4.847156221123175],[100.85164413734962,4.846762920545106],[100.85216234574017,4.845976320057468]],[[100.76717616968823,4.8451897204610335],[100.76821258646936,4.845583020147859],[100.76769437807879,4.846369620189877],[100.76665796129767,4.845976320057468],[100.76717616968823,4.8451897204610335]],[[100.85630801286466,4.844796420996974],[100.85682622125522,4.844796420996974],[100.85682622125522,4.845583020147859],[100.85630801286466,4.845583020147859],[100.85630801286466,4.845976320057468],[100.85527159608354,4.845976320057468],[100.85527159608354,4.845583020147859],[100.85475338769298,4.845583020147859],[100.85423517930242,4.846369620189877],[100.85371697091186,4.846369620189877],[100.85371697091186,4.845976320057468],[100.8531987625213,4.845976320057468],[100.8531987625213,4.8451897204610335],[100.85268055413074,4.8451897204610335],[100.85371697091186,4.844009822737073],[100.85475338769298,4.844009822737073],[100.85475338769298,4.843616523941196],[100.85682622125522,4.8432232253680105],[100.85734442964578,4.844009822737073],[100.85682622125522,4.844009822737073],[100.85630801286466,4.844796420996974]],[[100.85734442964578,4.842829927017496],[100.85838084642691,4.8424366288896366],[100.85838084642691,4.842829927017496],[100.85889905481747,4.842829927017496],[100.85889905481747,4.843616523941196],[100.85786263803635,4.844009822737073],[100.85786263803635,4.843616523941196],[100.85734442964578,4.843616523941196],[100.85734442964578,4.842829927017496]],[[100.86667218067586,4.8451897204610335],[100.867708597457,4.844796420996974],[100.8687450142381,4.845976320057468],[100.867708597457,4.846369620189877],[100.86667218067586,4.8451897204610335]],[[100.85008951217793,4.844796420996974],[100.84957130378737,4.844796420996974],[100.84957130378737,4.844403121755659],[100.8506077205685,4.844009822737073],[100.8506077205685,4.844403121755659],[100.85112592895905,4.844403121755659],[100.85112592895905,4.844796420996974],[100.8506077205685,4.844796420996974],[100.8506077205685,4.8451897204610335],[100.85112592895905,4.8451897204610335],[100.8506077205685,4.845976320057468],[100.84957130378737,4.845583020147859],[100.85008951217793,4.844796420996974]],[[100.85475338769298,4.841650033301806],[100.85578980447411,4.8420433309844135],[100.85527159608354,4.842829927017496],[100.85423517930242,4.8424366288896366],[100.85475338769298,4.841650033301806]],[[100.85008951217793,4.841256735841799],[100.85112592895905,4.841650033301806],[100.8506077205685,4.8424366288896366],[100.84957130378737,4.8420433309844135],[100.85008951217793,4.841256735841799]],[[100.85630801286466,4.840470141589504],[100.85734442964578,4.84086343860437],[100.85734442964578,4.841650033301806],[100.85682622125522,4.841650033301806],[100.85682622125522,4.8420433309844135],[100.85578980447411,4.841650033301806],[100.85578980447411,4.84086343860437],[100.85630801286466,4.84086343860437],[100.85630801286466,4.840470141589504]],[[100.84749847022513,4.836930478467962],[100.84853488700627,4.837323773480597],[100.84853488700627,4.83811036417308],[100.84801667861569,4.83811036417308],[100.84801667861569,4.838503659852962],[100.84698026183457,4.83811036417308],[100.84698026183457,4.837323773480597],[100.84749847022513,4.837323773480597],[100.84749847022513,4.836930478467962]],[[100.85578980447411,4.8357505947642405],[100.85527159608354,4.8357505947642405],[100.85527159608354,4.835357300641004],[100.85630801286466,4.834964006740072],[100.85630801286466,4.835357300641004],[100.85682622125522,4.835357300641004],[100.85682622125522,4.8361438891098025],[100.85734442964578,4.8361438891098025],[100.85734442964578,4.836930478467962],[100.85682622125522,4.836930478467962],[100.85630801286466,4.837717068715633],[100.85527159608354,4.837323773480597],[100.85578980447411,4.8357505947642405]],[[100.85164413734962,4.8357505947642405],[100.85268055413074,4.8361438891098025],[100.85216234574017,4.836930478467962],[100.85112592895905,4.836537183677701],[100.85164413734962,4.8357505947642405]],[[100.85578980447411,4.833390833359008],[100.85682622125522,4.833784126370911],[100.85630801286466,4.8345707130614235],[100.85527159608354,4.834177419605042],[100.85578980447411,4.833390833359008]],[[100.85008951217793,4.83142437163231],[100.85112592895905,4.831817663533335],[100.8506077205685,4.8326042480018225],[100.84957130378737,4.8322109556565005],[100.85008951217793,4.83142437163231]],[[100.84698026183457,4.82709817537686],[100.84801667861569,4.827491464835585],[100.84801667861569,4.828278044418856],[100.84749847022513,4.828278044418856],[100.84749847022513,4.828671334543441],[100.84646205344401,4.828278044418856],[100.84646205344401,4.827491464835585],[100.84698026183457,4.827491464835585],[100.84698026183457,4.82709817537686]],[[100.84024355275729,4.826311597125148],[100.8412799695384,4.826704886140055],[100.84076176114785,4.827491464835585],[100.83972534436673,4.82709817537686],[100.84024355275729,4.826311597125148]],[[100.88791872468887,4.824738443284135],[100.88895514146998,4.8251317314116315],[100.8884369330794,4.8259183083321195],[100.8874005162983,4.825525019760955],[100.88791872468887,4.824738443284135]],[[100.76458512773543,4.820412288516837],[100.76562154451655,4.820805574205475],[100.76562154451655,4.821592146247639],[100.76510333612599,4.821592146247639],[100.76510333612599,4.8219854326012035],[100.76406691934488,4.821592146247639],[100.76406691934488,4.820805574205475],[100.76458512773543,4.820805574205475],[100.76458512773543,4.820412288516837]],[[100.76303050256375,4.8176592949002375],[100.76251229417318,4.8176592949002375],[100.76251229417318,4.817266010983913],[100.76354871095431,4.816872727289046],[100.76354871095431,4.816086160563606],[100.76147587739207,4.814906312135908],[100.76147587739207,4.813726465700324],[100.76095766900151,4.813726465700324],[100.76095766900151,4.813333183997735],[100.76147587739207,4.813333183997735],[100.76147587739207,4.812939902516417],[100.76199408578263,4.812939902516417],[100.76199408578263,4.813333183997735],[100.76303050256375,4.813333183997735],[100.76303050256375,4.812939902516417],[100.76406691934488,4.812546621256355],[100.76406691934488,4.812939902516417],[100.76458512773543,4.812939902516417],[100.76458512773543,4.813726465700324],[100.76510333612599,4.813726465700324],[100.76510333612599,4.814513029769391],[100.76562154451655,4.814513029769391],[100.76562154451655,4.81529959472377],[100.76665796129767,4.81529959472377],[100.76665796129767,4.815692877532995],[100.76769437807879,4.816086160563606],[100.76769437807879,4.817266010983913],[100.76717616968823,4.817266010983913],[100.76717616968823,4.818839147978133],[100.76665796129767,4.818839147978133],[100.76613975290712,4.819625717804351],[100.76562154451655,4.819625717804351],[100.76562154451655,4.819232432780468],[100.76354871095431,4.819232432780468],[100.76354871095431,4.818839147978133],[100.76303050256375,4.818839147978133],[100.76303050256375,4.8176592949002375]],[[100.78375883818619,4.7897366861077275],[100.78531346335785,4.790523223245622],[100.78531346335785,4.791309761264333],[100.78479525496729,4.791309761264333],[100.78479525496729,4.791703030604041],[100.78375883818619,4.791703030604041],[100.78375883818619,4.791309761264333],[100.78324062979561,4.791309761264333],[100.78324062979561,4.790129954566583],[100.78375883818619,4.790129954566583],[100.78375883818619,4.7897366861077275]],[[100.8070782157614,4.784230950792938],[100.80811463254253,4.784624216171127],[100.80811463254253,4.785410747587308],[100.80759642415197,4.785410747587308],[100.80759642415197,4.785804013625338],[100.80656000737083,4.785410747587308],[100.80656000737083,4.784624216171127],[100.8070782157614,4.784624216171127],[100.8070782157614,4.784230950792938]],[[100.80189613185578,4.783444420696268],[100.80293254863692,4.783837685634656],[100.80293254863692,4.784624216171127],[100.80241434024636,4.784624216171127],[100.80241434024636,4.785017481769244],[100.80137792346522,4.784624216171127],[100.80137792346522,4.783837685634656],[100.80189613185578,4.783837685634656],[100.80189613185578,4.783444420696268]],[[100.75984239999998,4.8445094947241385],[100.76118349999999,4.8419223947268035],[100.7607382,4.841756694726989],[100.76070069999999,4.840965594727798],[100.76234759999998,4.839688094729095],[100.7628787,4.839965994728845],[100.76359749999999,4.839265794729562],[100.76424119999999,4.839351294729436],[100.764032,4.841473394727249],[100.76490909999998,4.843785194724864],[100.76397029999998,4.844688594723953],[100.7628813,4.844186094724473],[100.76068999999998,4.844367894724288],[100.76055589999999,4.844675194723965],[100.75984239999998,4.8445094947241385]]],[[[100.75992125222038,4.862495117678203],[100.76060701683598,4.862495117678203],[100.75992125222038,4.8621478179835],[100.75992125222038,4.862495117678203]]],[[[100.88273664078326,4.877441036275466],[100.88273664078326,4.877678702880144],[100.88282840352994,4.877441036275466],[100.88273664078326,4.877441036275466]]],[[[100.79930508990299,4.897107212209967],[100.79878688151244,4.897107212209967],[100.79878688151244,4.897500541463528],[100.79930508990299,4.897500541463528],[100.79930508990299,4.897107212209967]]],[[[100.78583167174843,4.904973840093309],[100.78531346335785,4.904973840093309],[100.78531346335785,4.905367173854701],[100.78583167174843,4.905367173854701],[100.78583167174843,4.904973840093309]]],[[[100.78531346335785,4.90615384205426],[100.78479525496729,4.90615384205426],[100.78479525496729,4.906547176492465],[100.78531346335785,4.906547176492465],[100.78531346335785,4.90615384205426]]],[[[100.82728834299327,4.910480533287783],[100.82728834299327,4.910794007713732],[100.82766986353917,4.910480533287783],[100.82728834299327,4.910480533287783]]],[[[100.78945913048233,4.920314024114897],[100.78945913048233,4.920431129214489],[100.78962422343878,4.920314024114897],[100.78945913048233,4.920314024114897]]]]},"properties":{"place_id":"ee707226-9cfa-593d-9e00-8a784be295f7","habitat":"forest_interior","habitat_label":"Forest interior","resolution_m":50}},{"type":"Feature","geometry":{"type":"MultiPolygon","coordinates":[[[[100.7557755850959,4.801534835728873],[100.7557755850959,4.800422462780236],[100.75557161278276,4.801534835728873],[100.7557755850959,4.801534835728873]]],[[[100.75629379348646,4.843345200977875],[100.75624859999999,4.843479694725193],[100.75629379348646,4.843482467259613],[100.75629379348646,4.843345200977875]]],[[[100.75629379348646,4.844215405850196],[100.7560444,4.84425859472441],[100.75629379348646,4.844966602381718],[100.75629379348646,4.844215405850196]]],[[[100.75733021026758,4.845583020147859],[100.75637238608051,4.8451897204610335],[100.75692654078155,4.846762920545106],[100.75733021026758,4.846762920545106],[100.75733021026758,4.845583020147859]]],[[[100.75525737670533,4.872327922466676],[100.7550759,4.873715894694032],[100.7535216199496,4.87508113288714],[100.75422095992421,4.87508113288714],[100.75422095992421,4.874687816440439],[100.7557755850959,4.87390118421946],[100.7557755850959,4.872327922466676],[100.75525737670533,4.872327922466676]]],[[[100.75318454314309,4.87508113288714],[100.75339353901342,4.87508113288714],[100.75318454314309,4.874812203470288],[100.75318454314309,4.87508113288714]]],[[[100.75247655282283,4.87390118421946],[100.7523746,4.873769994693975],[100.75230444488079,4.87390118421946],[100.75247655282283,4.87390118421946]]],[[[100.75111170958085,4.87390118421946],[100.75111170958085,4.87388142045911],[100.75107784316283,4.87390118421946],[100.75111170958085,4.87390118421946]]],[[[100.7530878769499,4.874687816440439],[100.75266633475253,4.8741453894055375],[100.75266633475253,4.874687816440439],[100.7530878769499,4.874687816440439]]],[[[100.75162991797143,4.8761285099929825],[100.75121510921191,4.875867766453057],[100.75121559999998,4.875894394691779],[100.75162991797143,4.8761285099929825]]],[[[100.75219127276168,4.876654400915784],[100.75066879654244,4.87940762859983],[100.75162991797143,4.879014309686294],[100.75162991797143,4.8782276725322555],[100.75214812636197,4.8782276725322555],[100.75214812636197,4.877441036275466],[100.75266633475253,4.877441036275466],[100.75266633475253,4.876654400915784],[100.75219127276168,4.876654400915784]]],[[[100.75214812636197,4.8762610835723095],[100.75186453570709,4.8762610835723095],[100.75214812636197,4.876421329923904],[100.75214812636197,4.8762610835723095]]],[[[100.7505935011903,4.880194267100023],[100.7505935011903,4.879543792094335],[100.75023380333695,4.880194267100023],[100.7505935011903,4.880194267100023]]],[[[100.75007529279974,4.88048091660798],[100.7498143,4.8809528946865814],[100.75007529279974,4.880972513097756],[100.75007529279974,4.88048091660798]]],[[[100.7505935011903,4.881374226533399],[100.7505935011903,4.880980906497837],[100.75018695408171,4.880980906497837],[100.75046749999998,4.881001994686525],[100.7505935011903,4.881374226533399]]],[[[100.74955708440918,4.88216086727792],[100.75007529279974,4.88146490960538],[100.74750969999998,4.881935294685542],[100.74751689224465,4.88216086727792],[100.74955708440918,4.88216086727792]]],[[[100.74800245923748,4.883340830078479],[100.74755451460128,4.883340830078479],[100.74800245923748,4.884731146265382],[100.74800245923748,4.883340830078479]]],[[[100.74851619555588,4.885700761743015],[100.74852066762806,4.884914116956381],[100.74809940358814,4.884914116956381],[100.74851619555588,4.885700761743015]]],[[[100.74955708440918,4.887274054012395],[100.7493497794914,4.887274054012395],[100.74955708440918,4.887665318378249],[100.74955708440918,4.887274054012395]]],[[[100.75162991797143,4.888060701495432],[100.75214812636197,4.888847349877565],[100.75318454314309,4.888454025574101],[100.75266633475253,4.8876673776415345],[100.75162991797143,4.888060701495432]]],[[[100.75162991797143,4.897500541463528],[100.75162991797143,4.897107212209967],[100.7514131555879,4.897107212209967],[100.7511816065194,4.897500541463528],[100.75162991797143,4.897500541463528]]],[[[100.75111170958085,4.897893870942303],[100.75111170958085,4.897619274486669],[100.75095005745091,4.897893870942303],[100.75111170958085,4.897893870942303]]],[[[100.75007529279974,4.898680530575577],[100.75007529279974,4.898677784365393],[100.75006288646348,4.898680530575577],[100.75007529279974,4.898680530575577]]],[[[100.74852066762806,4.900253852545537],[100.74903887601862,4.901040514882515],[100.75007529279974,4.900647183601343],[100.74955708440918,4.899860521715075],[100.74852066762806,4.900253852545537]]],[[[100.74748425084694,4.900647183601343],[100.74748425084694,4.901040514882515],[100.74647525995645,4.90143384638907],[100.74739150264936,4.902220510078399],[100.74800245923748,4.90143384638907],[100.74852066762806,4.90143384638907],[100.74852066762806,4.901040514882515],[100.74748425084694,4.900647183601343]]],[[[100.74955708440918,4.902220510078399],[100.7505935011903,4.903400507303221],[100.75162991797143,4.9030071746694786],[100.75162991797143,4.902220510078399],[100.75111170958085,4.902220510078399],[100.75111170958085,4.9018271781210245],[100.75007529279974,4.9018271781210245],[100.75007529279974,4.902220510078399],[100.74955708440918,4.902220510078399]]],[[[100.74852066762806,4.903400507303221],[100.74903887601862,4.904187173247204],[100.75007529279974,4.903793840162458],[100.74955708440918,4.9030071746694786],[100.74852066762806,4.903400507303221]]],[[[100.74437500050357,4.906940511156308],[100.74437500050357,4.906812975160053],[100.7439093733068,4.906940511156308],[100.74437500050357,4.906940511156308]]],[[[100.74385679211301,4.9089071878607875],[100.74333858372245,4.9089071878607875],[100.74333858372245,4.908513852068464],[100.74385679211301,4.908513852068464],[100.74385679211301,4.907333846045813],[100.74333858372245,4.907096851322585],[100.7431198,4.909267994657381],[100.74385679211301,4.909225581638543],[100.74385679211301,4.9089071878607875]]],[[[100.75473916831479,4.90969386012271],[100.75422095992421,4.90969386012271],[100.75422095992421,4.910087196592342],[100.75525737670533,4.910480533287783],[100.7557755850959,4.90969386012271],[100.75525737670533,4.90969386012271],[100.75525737670533,4.909300523878863],[100.75473916831479,4.909300523878863],[100.75473916831479,4.90969386012271]]],[[[100.74437500050357,4.910087196592342],[100.74437500050357,4.90969386012271],[100.74401910350582,4.90969386012271],[100.7439546605199,4.910087196592342],[100.74437500050357,4.910087196592342]]],[[[100.74488416817766,4.911660544729127],[100.74489320889413,4.911267207356156],[100.74483601879723,4.911267207356156],[100.74488416817766,4.911660544729127]]],[[[100.74644783406582,4.927000878643954],[100.74644783406582,4.926912381378317],[100.74613886956412,4.927000878643954],[100.74644783406582,4.927000878643954]]],[[[100.75422095992421,4.92660753244798],[100.75473916831479,4.9273942250665295],[100.7557755850959,4.927000878643954],[100.75525737670533,4.9262141864785844],[100.75422095992421,4.92660753244798]]],[[[100.74592962567525,4.9273942250665295],[100.74592962567525,4.927060812759128],[100.74541141728469,4.927209244172208],[100.74541141728469,4.9273942250665295],[100.74592962567525,4.9273942250665295]]],[[[100.74489320889413,4.9273942250665295],[100.74489320889413,4.9273576756175546],[100.74476560636005,4.9273942250665295],[100.74489320889413,4.9273942250665295]]],[[[100.74437500050357,4.930147656370899],[100.74437500050357,4.92975430836161],[100.74333858372245,4.929360960579048],[100.74350145790872,4.930541004606939],[100.74437500050357,4.930147656370899]]],[[[100.74437500050357,4.930147656370899],[100.74489320889413,4.930934353069741],[100.74592962567525,4.930541004606939],[100.74541141728469,4.92975430836161],[100.74437500050357,4.930147656370899]]],[[[100.75214812636197,4.9352612011324055],[100.75214812636197,4.934867850173959],[100.75111170958085,4.934474499442484],[100.75111170958085,4.934867850173959],[100.7505935011903,4.934867850173959],[100.75111170958085,4.935654552317839],[100.7505935011903,4.935654552317839],[100.74903887601862,4.937227959329812],[100.74955708440918,4.937227959329812],[100.74955708440918,4.937621311650459],[100.75214812636197,4.937621311650459],[100.75214812636197,4.937227959329812],[100.75266633475253,4.937227959329812],[100.75266633475253,4.93644125536974],[100.75214812636197,4.93644125536974],[100.75214812636197,4.935654552317839],[100.75162991797143,4.935654552317839],[100.75162991797143,4.9352612011324055],[100.75214812636197,4.9352612011324055]],[[100.75111170958085,4.93644125536974],[100.75162991797143,4.93644125536974],[100.75162991797143,4.936834607236246],[100.75111170958085,4.936834607236246],[100.75111170958085,4.93644125536974]]],[[[100.75370275153367,4.93644125536974],[100.75422095992421,4.937227959329812],[100.75525737670533,4.936834607236246],[100.75473916831479,4.936047903730277],[100.75370275153367,4.93644125536974]]],[[[100.75007529279974,4.939588076660527],[100.7505935011903,4.940374784254759],[100.75162991797143,4.939981430344039],[100.75111170958085,4.939194723204209],[100.75007529279974,4.939588076660527]]],[[[100.75318454314309,4.944755223352647],[100.75266633475253,4.944701692273723],[100.75266633475253,4.945092891303218],[100.75318454314309,4.944755223352647]]],[[[100.74955708440918,4.945210871900823],[100.74903887601862,4.9450950489123855],[100.74903887601862,4.945134065366937],[100.74955708440918,4.945210871900823]]],[[[100.75214812636197,4.945430559421395],[100.75266302353839,4.9450950489123855],[100.75214812636197,4.9450950489123855],[100.75214812636197,4.945430559421395]]],[[[100.74984627831473,4.945881762872075],[100.75007529279974,4.945488405778496],[100.7496767180496,4.945488405778496],[100.74984627831473,4.945881762872075]]],[[[100.75162991797143,4.945488405778496],[100.75162991797143,4.945768227707191],[100.75205935144575,4.945488405778496],[100.75162991797143,4.945488405778496]]],[[[100.75111170958085,4.946105896160614],[100.75007529279974,4.946275120193139],[100.75019919999997,4.946700494618874],[100.75111170958085,4.946105896160614]]],[[[100.76613975290712,4.795635736118415],[100.76613975290712,4.7953182462098],[100.76562154451655,4.7955734561561245],[100.76562154451655,4.795635736118415],[100.76613975290712,4.795635736118415]]],[[[100.76251229417318,4.8113667788035075],[100.76303050256375,4.812153340217528],[100.76406691934488,4.811760059399919],[100.76354871095431,4.811106159735932],[100.76303050256375,4.810979881216782],[100.76303050256375,4.8113667788035075],[100.76251229417318,4.8113667788035075]]],[[[100.76147587739207,4.811760059399919],[100.76147587739207,4.811594555143339],[100.76124155051468,4.811760059399919],[100.76147587739207,4.811760059399919]]],[[[100.76095766900151,4.812153340217528],[100.76095766900151,4.811960563975465],[100.76068472961467,4.812153340217528],[100.76095766900151,4.812153340217528]]],[[[100.75888483543928,4.814513029769391],[100.75888483543928,4.8137472231793925],[100.75860283250893,4.814513029769391],[100.75888483543928,4.814513029769391]]],[[[100.75816836241181,4.815692877532995],[100.75888483543928,4.814906312135908],[100.75845800914321,4.814906312135908],[100.75816836241181,4.815692877532995]]],[[[100.76717616968823,4.816086160563606],[100.76665796129767,4.81529959472377],[100.76562154451655,4.81529959472377],[100.76562154451655,4.814513029769391],[100.76510333612599,4.814513029769391],[100.76510333612599,4.813726465700324],[100.76458512773543,4.813726465700324],[100.76458512773543,4.812939902516417],[100.76406691934488,4.812939902516417],[100.76406691934488,4.812546621256355],[100.76354871095431,4.812546621256355],[100.76303050256375,4.813333183997735],[100.76199408578263,4.813333183997735],[100.76199408578263,4.812939902516417],[100.76095766900151,4.813333183997735],[100.76095766900151,4.813726465700324],[100.76147587739207,4.813726465700324],[100.76147587739207,4.814906312135908],[100.76354871095431,4.816086160563606],[100.76354871095431,4.816872727289046],[100.76251229417318,4.817266010983913],[100.76354871095431,4.819232432780468],[100.76562154451655,4.819232432780468],[100.76562154451655,4.819625717804351],[100.76613975290712,4.819625717804351],[100.76613975290712,4.819232432780468],[100.76717616968823,4.818839147978133],[100.76717616968823,4.817266010983913],[100.76769437807879,4.817266010983913],[100.76769437807879,4.816086160563606],[100.76717616968823,4.816086160563606]],[[100.76613975290712,4.818445863397329],[100.76613975290712,4.818839147978133],[100.76562154451655,4.818839147978133],[100.76562154451655,4.818445863397329],[100.76613975290712,4.818445863397329]],[[100.76406691934488,4.818445863397329],[100.76406691934488,4.817266010983913],[100.76562154451655,4.816479443815614],[100.76562154451655,4.817266010983913],[100.76510333612599,4.817266010983913],[100.76510333612599,4.818052579038038],[100.76562154451655,4.818052579038038],[100.76562154451655,4.818445863397329],[100.76406691934488,4.818445863397329]],[[100.76458512773543,4.816086160563606],[100.76406691934488,4.816086160563606],[100.76303050256375,4.814906312135908],[100.76406691934488,4.814906312135908],[100.76406691934488,4.814513029769391],[100.76458512773543,4.814513029769391],[100.76458512773543,4.816086160563606]]],[[[100.76082125380877,4.8211988601157385],[100.76095766900151,4.820805574205475],[100.76091617380499,4.820805574205475],[100.76082125380877,4.8211988601157385]]],[[[100.76406691934488,4.820805574205475],[100.76406691934488,4.821592146247639],[100.76510333612599,4.8219854326012035],[100.76510333612599,4.821592146247639],[100.76562154451655,4.821592146247639],[100.76562154451655,4.820805574205475],[100.76510333612599,4.820805574205475],[100.76510333612599,4.820412288516837],[100.76406691934488,4.820805574205475]]],[[[100.76043946061094,4.8345707130614235],[100.76043946061094,4.835357300641004],[100.76147587739207,4.8357505947642405],[100.76199408578263,4.834970078481335],[100.75923560000001,4.83406389473492],[100.75951267775953,4.8345707130614235],[100.76043946061094,4.8345707130614235]]],[[[100.75888483543928,4.835313488052464],[100.75888390000001,4.835314594733605],[100.75888483543928,4.835315793982797],[100.75888483543928,4.835313488052464]]],[[[100.75922398896526,4.8357505947642405],[100.75940304382982,4.835357300641004],[100.758917211493,4.835357300641004],[100.75922398896526,4.8357505947642405]]],[[[100.76043946061094,4.837323773480597],[100.76043946061094,4.836930478467962],[100.76014381212269,4.836930478467962],[100.75995432063748,4.837323773480597],[100.76043946061094,4.837323773480597]]],[[[100.75992125222038,4.838503659852962],[100.75992125222038,4.83811036417308],[100.76043946061094,4.83811036417308],[100.75992125222038,4.837369391750827],[100.75909902860924,4.838503659852962],[100.75992125222038,4.838503659852962]]],[[[100.75681200187702,4.8432232253680105],[100.75681200187702,4.842829927017496],[100.75733021026758,4.842829927017496],[100.75733021026758,4.841839890515488],[100.756864,4.8416482947271],[100.7563347805524,4.8432232253680105],[100.75681200187702,4.8432232253680105]]],[[[100.75888483543928,4.849516029272219],[100.7583666270487,4.849516029272219],[100.75764891886095,4.848729425664199],[100.75888483543928,4.850643754218793],[100.75888483543928,4.849516029272219]]],[[[100.76436242361888,4.854235669654765],[100.76458512773543,4.853842365062454],[100.76418468658106,4.853842365062454],[100.76436242361888,4.854235669654765]]],[[[100.7583666270487,4.8554155847709],[100.75812190934394,4.8554155847709],[100.7583666270487,4.855585999607708],[100.7583666270487,4.8554155847709]]],[[[100.75784841865814,4.853055756547327],[100.7558112,4.852865294715523],[100.75779379999999,4.853249894715123],[100.75735070000002,4.855422194712863],[100.75784841865814,4.855315967593815],[100.75784841865814,4.853055756547327]]],[[[100.76303050256375,4.853449060693316],[100.76303050256375,4.853842365062454],[100.76199408578263,4.854235669654765],[100.76199408578263,4.8547135516084055],[100.76406691934488,4.853604916427122],[100.76303050256375,4.853449060693316]]],[[[100.76147587739207,4.855022279508968],[100.76147587739207,4.855306667857177],[100.76172434874266,4.855022279508968],[100.76147587739207,4.855022279508968]]],[[[100.75888483543928,4.855808890256074],[100.75867491716525,4.855808890256074],[100.75887049999999,4.855950294712344],[100.75888483543928,4.855808890256074]]],[[[100.7594591805416,4.85620219596451],[100.75985149999998,4.856514094711768],[100.76061079999998,4.856296794711969],[100.76138071623252,4.8554155847709],[100.76043946061094,4.855808890256074],[100.76043946061094,4.85620219596451],[100.7594591805416,4.85620219596451]]],[[[100.76562154451655,4.856595501896228],[100.76464919999998,4.856391794711889],[100.76424325802668,4.857382114429577],[100.76458512773543,4.857382114429577],[100.76458512773543,4.856595501896228],[100.76562154451655,4.856595501896228]]],[[[100.76406691934488,4.857775421031248],[100.76406691934488,4.857760964637708],[100.76404067110516,4.857775421031248],[100.76406691934488,4.857775421031248]]],[[[100.7576602,4.857381194710868],[100.75733021026758,4.858168727856273],[100.7568241,4.8581903947100145],[100.7570785,4.8584227947097816],[100.7577689,4.857992794710233],[100.7583418,4.85852319470967],[100.7578909,4.859155694709045],[100.758862,4.8589212947092415],[100.75888483543928,4.859741957390282],[100.75888483543928,4.859348649671657],[100.75940304382982,4.859348649671657],[100.75940304382982,4.858562034904669],[100.76001682840358,4.858562034904669],[100.7600203,4.858231194709979],[100.7587526,4.8583411947098725],[100.7576602,4.857381194710868]]],[[[100.76032867269322,4.860135265332354],[100.75992125222038,4.8603267421010194],[100.7603627,4.860205694707958],[100.76032867269322,4.860135265332354]]],[[[100.76095766900151,4.860921881886914],[100.76095766900151,4.860528573497894],[100.76058639999998,4.8605975947075395],[100.76053166128354,4.860921881886914],[100.76095766900151,4.860921881886914]]],[[[100.76043946061094,4.861468104319512],[100.76041339999999,4.861622494706465],[100.76043946061094,4.861628779711091],[100.76043946061094,4.861468104319512]]],[[[100.7604394,4.8642190947038255],[100.76043946061094,4.866821534552777],[100.76147587739207,4.867214846520041],[100.76303050256375,4.865641599993587],[100.76251229417318,4.865641599993587],[100.76251229417318,4.865248288921326],[100.76199408578263,4.865248288921326],[100.76199408578263,4.865641599993587],[100.76095766900151,4.865248288921326],[100.76043946061094,4.8628884271849175],[100.76095766900151,4.8628884271849175],[100.76095766900151,4.8632817369152255],[100.76147587739207,4.8632817369152255],[100.76147587739207,4.862941878031899],[100.75992125222038,4.862495117678203],[100.759487,4.8619278947061515],[100.7604394,4.8642190947038255]]],[[[100.761662744963,4.8628884271849175],[100.76199408578263,4.862495117678203],[100.76153770270315,4.862495117678203],[100.761662744963,4.8628884271849175]]],[[[100.76147587739207,4.862101808395064],[100.7614126604433,4.862101808395064],[100.76147587739207,4.862300651644811],[100.76147587739207,4.862101808395064]]],[[[100.75992125222038,4.866428222809294],[100.75992125222038,4.866234266585362],[100.75967970374523,4.866428222809294],[100.75992125222038,4.866428222809294]]],[[[100.75940304382982,4.866821534552777],[100.75940304382982,4.866650372539805],[100.75896330199356,4.866821534552777],[100.75940304382982,4.866821534552777]]],[[[100.75888483543928,4.868001471125975],[100.75888483543928,4.866840328698187],[100.75859651409775,4.868001471125975],[100.75888483543928,4.868001471125975]]],[[[100.7583666270487,4.8691814097136765],[100.7583666270487,4.868584156265782],[100.75782869999999,4.868757194699112],[100.75758142524398,4.869574723023996],[100.7583666270487,4.8691814097136765]]],[[[100.75629379348646,4.894353913739563],[100.75681200187702,4.895140569319772],[100.75784841865814,4.894747241417124],[100.75733021026758,4.893960586287071],[100.75629379348646,4.894353913739563]]],[[[100.76406691934488,4.910873870209048],[100.76406691934488,4.911267207356156],[100.76303050256375,4.911660544729127],[100.76303050256375,4.912447220152729],[100.76354871095431,4.912447220152729],[100.76354871095431,4.912840558203396],[100.76510333612599,4.912053882327978],[100.76510333612599,4.911267207356156],[100.76406691934488,4.910873870209048]]],[[[100.76510333612599,4.912447220152729],[100.76562154451655,4.91323389648],[100.76665796129767,4.912840558203396],[100.76613975290712,4.912053882327978],[100.76510333612599,4.912447220152729]]],[[[100.76147587739207,4.918740656086027],[100.76251229417318,4.918347314644387],[100.76251229417318,4.9175606324396695],[100.76199408578263,4.9175606324396695],[100.76199408578263,4.917167291676556],[100.76095766900151,4.9175606324396695],[100.76095766900151,4.918347314644387],[100.76147587739207,4.918347314644387],[100.76147587739207,4.918740656086027]]],[[[100.76303050256375,4.918347314644387],[100.76199408578263,4.918740656086027],[100.76199408578263,4.919527339647963],[100.76251229417318,4.919527339647963],[100.76251229417318,4.919920681768296],[100.76354871095431,4.919527339647963],[100.76354871095431,4.918740656086027],[100.76303050256375,4.918740656086027],[100.76303050256375,4.918347314644387]]],[[[100.76199408578263,4.9246408048664545],[100.76251229417318,4.9246408048664545],[100.76251229417318,4.923854115419399],[100.76303050256375,4.923854115419399],[100.76303050256375,4.923067426878149],[100.76354871095431,4.923067426878149],[100.76303050256375,4.922280739242562],[100.76406691934488,4.922280739242562],[100.76406691934488,4.922674082947158],[100.76458512773543,4.922674082947158],[100.76510333612599,4.921887395764347],[100.76458512773543,4.921887395764347],[100.76406691934488,4.921100709486976],[100.76303050256375,4.921100709486976],[100.76303050256375,4.920314024114897],[100.76251229417318,4.920314024114897],[100.76251229417318,4.919920681768296],[100.76199408578263,4.919920681768296],[100.76147587739207,4.920707366687784],[100.76095766900151,4.920707366687784],[100.76095766900151,4.920314024114897],[100.76043946061094,4.920314024114897],[100.76043946061094,4.920707366687784],[100.75940304382982,4.920314024114897],[100.75888483543928,4.921100709486976],[100.75784841865814,4.920707366687784],[100.75733021026758,4.92149405251249],[100.75784841865814,4.92149405251249],[100.75784841865814,4.921887395764347],[100.7583666270487,4.921887395764347],[100.75992125222038,4.923460771035556],[100.76147587739207,4.923460771035556],[100.76147587739207,4.924247460029691],[100.76095766900151,4.924247460029691],[100.76095766900151,4.9246408048664545],[100.76147587739207,4.9246408048664545],[100.76147587739207,4.925034149929707],[100.76199408578263,4.925034149929707],[100.76199408578263,4.9246408048664545]],[[100.7583666270487,4.92149405251249],[100.75888483543928,4.92149405251249],[100.75888483543928,4.921887395764347],[100.7583666270487,4.921887395764347],[100.7583666270487,4.92149405251249]],[[100.76147587739207,4.923067426878149],[100.76147587739207,4.922674082947158],[100.76251229417318,4.922674082947158],[100.76251229417318,4.923067426878149],[100.76147587739207,4.923067426878149]],[[100.76147587739207,4.922280739242562],[100.76147587739207,4.921887395764347],[100.76095766900151,4.921887395764347],[100.76095766900151,4.92149405251249],[100.76199408578263,4.92149405251249],[100.76199408578263,4.922280739242562],[100.76147587739207,4.922280739242562]],[[100.76199408578263,4.921100709486976],[100.76251229417318,4.921100709486976],[100.76251229417318,4.92149405251249],[100.76199408578263,4.92149405251249],[100.76199408578263,4.921100709486976]]],[[[100.75992125222038,4.9246408048664545],[100.75992125222038,4.923460771035556],[100.75940304382982,4.923460771035556],[100.75940304382982,4.923067426878149],[100.75888483543928,4.923067426878149],[100.75888483543928,4.923460771035556],[100.7583666270487,4.923460771035556],[100.7583666270487,4.924247460029691],[100.75784841865814,4.924247460029691],[100.75784841865814,4.923854115419399],[100.75733021026758,4.923854115419399],[100.75784841865814,4.923067426878149],[100.75733021026758,4.923067426878149],[100.75629379348646,4.921887395764347],[100.75525737670533,4.922280739242562],[100.75525737670533,4.923067426878149],[100.75629379348646,4.923460771035556],[100.75629379348646,4.9246408048664545],[100.75681200187702,4.9246408048664545],[100.75733021026758,4.925427495219468],[100.75784841865814,4.925427495219468],[100.7583666270487,4.9246408048664545],[100.75888483543928,4.9246408048664545],[100.75888483543928,4.925034149929707],[100.75992125222038,4.9246408048664545]]],[[[100.76303050256375,4.92660753244798],[100.76303050256375,4.9262141864785844],[100.76251229417318,4.9262141864785844],[100.76251229417318,4.92660753244798],[100.76147587739207,4.92660753244798],[100.76147587739207,4.9262141864785844],[100.76095766900151,4.9262141864785844],[100.76043946061094,4.927000878643954],[100.76095766900151,4.927000878643954],[100.76095766900151,4.9273942250665295],[100.76147587739207,4.9273942250665295],[100.76147587739207,4.927000878643954],[100.76251229417318,4.927000878643954],[100.76251229417318,4.927787571715723],[100.76199408578263,4.927787571715723],[100.76199408578263,4.928180918591553],[100.76303050256375,4.928574265694039],[100.76303050256375,4.928180918591553],[100.76354871095431,4.928180918591553],[100.76354871095431,4.927787571715723],[100.76303050256375,4.927787571715723],[100.76303050256375,4.927000878643954],[100.76354871095431,4.927000878643954],[100.76354871095431,4.92660753244798],[100.76303050256375,4.92660753244798]]],[[[100.75888483543928,4.931721050675721],[100.75940304382982,4.932507749188983],[100.76043946061094,4.932114399818931],[100.75992125222038,4.931327701759328],[100.75888483543928,4.931721050675721]]],[[[100.76147587739207,4.937227959329812],[100.76181362410364,4.937621311650459],[100.76287360736929,4.936047903730277],[100.76199408578263,4.93644125536974],[100.76199408578263,4.937227959329812],[100.76147587739207,4.937227959329812]]],[[[100.76075364083798,4.939194723204209],[100.76043946061094,4.939588076660527],[100.75992125222038,4.939588076660527],[100.75992125222038,4.940365555242065],[100.76075364083798,4.939194723204209]]],[[[100.75940304382982,4.940374784254759],[100.75940304382982,4.940703221014818],[100.75990708864991,4.940374784254759],[100.75940304382982,4.940374784254759]]],[[[100.78427704657672,4.786590546361362],[100.78427704657672,4.7863859565340645],[100.78386161795045,4.786590546361362],[100.78427704657672,4.786590546361362]]],[[[100.78375883818619,4.786983813059395],[100.78375883818619,4.7866411632344095],[100.78324062979561,4.786896370027411],[100.78324062979561,4.786983813059395],[100.78375883818619,4.786983813059395]]],[[[100.78375883818619,4.7897366861077275],[100.78375883818619,4.790129954566583],[100.78324062979561,4.790129954566583],[100.78324062979561,4.791309761264333],[100.78375883818619,4.791309761264333],[100.78375883818619,4.791703030604041],[100.78479525496729,4.791703030604041],[100.78479525496729,4.791309761264333],[100.78531346335785,4.791309761264333],[100.78531346335785,4.790523223245622],[100.78375883818619,4.7897366861077275]]],[[[100.76665796129767,4.795242464575288],[100.76665796129767,4.795063036356307],[100.76629362891659,4.795242464575288],[100.76665796129767,4.795242464575288]]],[[[100.77132183681273,4.808220541993151],[100.77132183681273,4.807673532427006],[100.77111125143072,4.808220541993151],[100.77132183681273,4.808220541993151]]],[[[100.77132183681273,4.807040706836815],[100.77080362842216,4.807040706836815],[100.77080362842216,4.80664742889335],[100.7702854200316,4.80664742889335],[100.7702854200316,4.806851013014778],[100.77132183681273,4.807407526663561],[100.77132183681273,4.807040706836815]]],[[[100.76873079485992,4.8086138208206375],[100.76924900325048,4.809400379138782],[100.7702854200316,4.809007099869175],[100.76924900325048,4.808484072054607],[100.76873079485992,4.8086138208206375]]],[[[100.76613975290712,4.831031079953402],[100.76665796129767,4.831031079953402],[100.76665796129767,4.830637788496596],[100.765705590721,4.830244497261873],[100.76613975290712,4.831031079953402]]],[[[100.77598571232777,4.830637788496596],[100.77598571232777,4.830998669980524],[100.77630925428369,4.830637788496596],[100.77598571232777,4.830637788496596]]],[[[100.77650392071834,4.830244497261873],[100.77650392071834,4.830420655969091],[100.77666185282337,4.830244497261873],[100.77650392071834,4.830244497261873]]],[[[100.77857675428058,4.8326042480018225],[100.77805854589,4.8326042480018225],[100.77805854589,4.830244497261873],[100.77720794428487,4.829851206249215],[100.7779153,4.832836894736192],[100.77857675428058,4.832958622310632],[100.77857675428058,4.8326042480018225]]],[[[100.76717616968823,4.83142437163231],[100.76717616968823,4.831031079953402],[100.76665796129767,4.831031079953402],[100.76665796129767,4.831383065466284],[100.76769437807879,4.831817663533335],[100.76769437807879,4.83142437163231],[100.76717616968823,4.83142437163231]]],[[[100.77546750393721,4.831031079953402],[100.77546750393721,4.831576684471683],[100.77595665574404,4.831031079953402],[100.77546750393721,4.831031079953402]]],[[[100.77494929554663,4.831817663533335],[100.77494929554663,4.832154699442631],[100.77525145866468,4.831817663533335],[100.77494929554663,4.831817663533335]]],[[[100.77132183681273,4.83142437163231],[100.76976721164102,4.83142437163231],[100.76976721164102,4.831817663533335],[100.76924900325048,4.831817663533335],[100.76976721164102,4.8326042480018225],[100.76924900325048,4.832695986705181],[100.77353609999999,4.8337309947352365],[100.77454626158533,4.8326042480018225],[100.77339467037497,4.8322109556565005],[100.77339467037497,4.83142437163231],[100.7728764619844,4.83142437163231],[100.7728764619844,4.831031079953402],[100.77235825359384,4.831031079953402],[100.77235825359384,4.83142437163231],[100.77132183681273,4.831031079953402],[100.77132183681273,4.83142437163231]],[[100.77339467037497,4.8326042480018225],[100.7728764619844,4.8326042480018225],[100.7728764619844,4.8322109556565005],[100.77339467037497,4.8322109556565005],[100.77339467037497,4.8326042480018225]],[[100.7728764619844,4.832997540569319],[100.77184004520328,4.832997540569319],[100.77184004520328,4.8322109556565005],[100.77235825359384,4.8322109556565005],[100.7728764619844,4.832997540569319]],[[100.77080362842216,4.8322109556565005],[100.77132183681273,4.8322109556565005],[100.77132183681273,4.8326042480018225],[100.77080362842216,4.8326042480018225],[100.77080362842216,4.8322109556565005]]],[[[100.77961317106168,4.8326042480018225],[100.77961317106168,4.832997540569319],[100.7787882318028,4.832997540569319],[100.78029479999998,4.833274794735732],[100.78064958784282,4.8345707130614235],[100.78116779623338,4.833784126370911],[100.78064958784282,4.833784126370911],[100.78064958784282,4.832997540569319],[100.77961317106168,4.8326042480018225]]],[[[100.78064958784282,4.835357300641004],[100.78064958784282,4.835261769889874],[100.78046062929407,4.835357300641004],[100.78064958784282,4.835357300641004]]],[[[100.78013137945224,4.8357505947642405],[100.78013137945224,4.83552375773349],[100.77968269904896,4.8357505947642405],[100.78013137945224,4.8357505947642405]]],[[[100.76665796129767,4.845583020147859],[100.76717616968823,4.846369620189877],[100.76821258646936,4.845976320057468],[100.76769437807879,4.8451897204610335],[100.76665796129767,4.845583020147859]]],[[[100.77339467037497,4.848336124194592],[100.77391287876553,4.849122727356733],[100.77494929554663,4.848729425664199],[100.77443108715607,4.847942822947899],[100.77339467037497,4.848336124194592]]],[[[100.76665796129767,4.854235669654765],[100.76665796129767,4.854628974470263],[100.76613975290712,4.854752457621778],[100.7674007,4.855069594713246],[100.76709381002796,4.855808890256074],[100.76769437807879,4.855808890256074],[100.76821258646936,4.855022279508968],[100.76665796129767,4.854235669654765]]],[[[100.77702212910887,4.866821534552777],[100.77754033749945,4.8676081587111],[100.77857675428058,4.867214846520041],[100.77805854589,4.866428222809294],[100.77702212910887,4.866821534552777]]],[[[100.77132183681273,4.877834354291712],[100.77184004520328,4.878620990997107],[100.7728764619844,4.878620990997107],[100.7728764619844,4.8782276725322555],[100.77339467037497,4.8782276725322555],[100.7728764619844,4.877441036275466],[100.77184004520328,4.877441036275466],[100.77184004520328,4.877834354291712],[100.77132183681273,4.877834354291712]]],[[[100.78272242140505,4.900253852545537],[100.78220421301448,4.900253852545537],[100.78220421301448,4.900647183601343],[100.78324062979561,4.901040514882515],[100.78375883818619,4.900253852545537],[100.78324062979561,4.900253852545537],[100.78324062979561,4.899860521715075],[100.78272242140505,4.899860521715075],[100.78272242140505,4.900253852545537]]],[[[100.77857675428058,4.903793840162458],[100.77805854589,4.903793840162458],[100.77805854589,4.904187173247204],[100.77909496267111,4.904580506557483],[100.77909496267111,4.904187173247204],[100.77961317106168,4.904187173247204],[100.77909496267111,4.903400507303221],[100.78013137945224,4.903400507303221],[100.78013137945224,4.9030071746694786],[100.78064958784282,4.9030071746694786],[100.78064958784282,4.902613842261211],[100.77961317106168,4.902220510078399],[100.77961317106168,4.9018271781210245],[100.78013137945224,4.9018271781210245],[100.78013137945224,4.901040514882515],[100.77961317106168,4.901040514882515],[100.77961317106168,4.900647183601343],[100.77909496267111,4.900647183601343],[100.77909496267111,4.901040514882515],[100.77805854589,4.901040514882515],[100.77857675428058,4.900253852545537],[100.77702212910887,4.899467191109938],[100.77702212910887,4.899860521715075],[100.77598571232777,4.900253852545537],[100.77598571232777,4.900647183601343],[100.77702212910887,4.901040514882515],[100.77702212910887,4.9018271781210245],[100.77650392071834,4.9018271781210245],[100.77650392071834,4.902220510078399],[100.77702212910887,4.902220510078399],[100.77702212910887,4.902613842261211],[100.77805854589,4.902613842261211],[100.77805854589,4.903400507303221],[100.77857675428058,4.903400507303221],[100.77857675428058,4.903793840162458]],[[100.77702212910887,4.900647183601343],[100.77754033749945,4.900647183601343],[100.77754033749945,4.901040514882515],[100.77702212910887,4.901040514882515],[100.77702212910887,4.900647183601343]]],[[[100.78634988013899,4.904580506557483],[100.78634988013899,4.904187173247204],[100.78531346335785,4.904187173247204],[100.78531346335785,4.903793840162458],[100.78427704657672,4.904187173247204],[100.78427704657672,4.904973840093309],[100.78479525496729,4.904973840093309],[100.78479525496729,4.905367173854701],[100.78531346335785,4.905367173854701],[100.78531346335785,4.904973840093309],[100.78634988013899,4.905367173854701],[100.78634988013899,4.904973840093309],[100.78686808852953,4.904973840093309],[100.78686808852953,4.904580506557483],[100.78634988013899,4.904580506557483]]],[[[100.78634988013899,4.90615384205426],[100.78583167174843,4.905367173854701],[100.78531346335785,4.905367173854701],[100.78531346335785,4.905760507841679],[100.78427704657672,4.905760507841679],[100.78427704657672,4.905367173854701],[100.78324062979561,4.905760507841679],[100.78324062979561,4.906547176492465],[100.78375883818619,4.906547176492465],[100.78375883818619,4.906940511156308],[100.78427704657672,4.906940511156308],[100.78479525496729,4.90615384205426],[100.78531346335785,4.90615384205426],[100.78531346335785,4.906547176492465],[100.78634988013899,4.90615384205426]]],[[[100.79049554726346,4.907727181160994],[100.79049554726346,4.907333846045813],[100.7899773388729,4.907333846045813],[100.7899773388729,4.907727181160994],[100.78894092209177,4.907333846045813],[100.78894092209177,4.906940511156308],[100.78945913048233,4.906940511156308],[100.78945913048233,4.906547176492465],[100.78894092209177,4.906547176492465],[100.78894092209177,4.905760507841679],[100.78842271370122,4.905760507841679],[100.78842271370122,4.905367173854701],[100.78894092209177,4.905367173854701],[100.78894092209177,4.904580506557483],[100.78790450531066,4.904187173247204],[100.78790450531066,4.904580506557483],[100.78738629692009,4.904580506557483],[100.78738629692009,4.905367173854701],[100.78790450531066,4.905367173854701],[100.78790450531066,4.905760507841679],[100.78738629692009,4.905760507841679],[100.78738629692009,4.906547176492465],[100.78842271370122,4.906940511156308],[100.78842271370122,4.907333846045813],[100.78790450531066,4.907333846045813],[100.78790450531066,4.908513852068464],[100.78842271370122,4.908513852068464],[100.78842271370122,4.9089071878607875],[100.78894092209177,4.9089071878607875],[100.78894092209177,4.908513852068464],[100.7899773388729,4.908513852068464],[100.78945913048233,4.909300523878863],[100.79049554726346,4.90969386012271],[100.79049554726346,4.909300523878863],[100.79153196404457,4.909300523878863],[100.79153196404457,4.9089071878607875],[100.79205017243514,4.9089071878607875],[100.79205017243514,4.908120516501872],[100.79153196404457,4.908120516501872],[100.79153196404457,4.907727181160994],[100.79049554726346,4.907727181160994]]],[[[100.78427704657672,4.906940511156308],[100.78479525496729,4.907727181160994],[100.78583167174843,4.907333846045813],[100.78531346335785,4.906547176492465],[100.78427704657672,4.906940511156308]]],[[[100.77546750393721,4.908120516501872],[100.77598571232777,4.9089071878607875],[100.77702212910887,4.908513852068464],[100.77650392071834,4.907727181160994],[100.77546750393721,4.908120516501872]]],[[[100.77080362842216,4.907333846045813],[100.7702854200316,4.907333846045813],[100.76976721164102,4.908120516501872],[100.7702854200316,4.908120516501872],[100.7702854200316,4.9089071878607875],[100.77132183681273,4.909300523878863],[100.77132183681273,4.9089071878607875],[100.77184004520328,4.9089071878607875],[100.77184004520328,4.908120516501872],[100.77132183681273,4.908120516501872],[100.77080362842216,4.907333846045813]]],[[[100.78375883818619,4.908513852068464],[100.78427704657672,4.909300523878863],[100.78531346335785,4.9089071878607875],[100.78479525496729,4.908120516501872],[100.78375883818619,4.908513852068464]]],[[[100.77805854589,4.913627234982557],[100.77805854589,4.91323389648],[100.77702212910887,4.913627234982557],[100.77702212910887,4.914020573711088],[100.77754033749945,4.914020573711088],[100.77754033749945,4.914413912665609],[100.77702212910887,4.914413912665609],[100.77754033749945,4.915200591252699],[100.77857675428058,4.914807251846138],[100.77857675428058,4.914413912665609],[100.77805854589,4.914413912665609],[100.77857675428058,4.913627234982557],[100.77805854589,4.913627234982557]]],[[[100.76717616968823,4.914413912665609],[100.76717616968823,4.915200591252699],[100.76821258646936,4.9155939308853025],[100.76821258646936,4.915200591252699],[100.76873079485992,4.915200591252699],[100.76873079485992,4.914413912665609],[100.76821258646936,4.914413912665609],[100.76821258646936,4.914020573711088],[100.76717616968823,4.914413912665609]]],[[[100.77184004520328,4.91913399775388],[100.77184004520328,4.919527339647963],[100.77235825359384,4.919527339647963],[100.77235825359384,4.91913399775388],[100.77339467037497,4.91913399775388],[100.77339467037497,4.919527339647963],[100.77391287876553,4.919527339647963],[100.77391287876553,4.91913399775388],[100.77494929554663,4.918740656086027],[100.77494929554663,4.91795397342894],[100.77443108715607,4.91795397342894],[100.77443108715607,4.9175606324396695],[100.77546750393721,4.9175606324396695],[100.77546750393721,4.917167291676556],[100.77650392071834,4.916773951139582],[100.77650392071834,4.9159872707439725],[100.77598571232777,4.9159872707439725],[100.77598571232777,4.914807251846138],[100.77650392071834,4.914807251846138],[100.77650392071834,4.91323389648],[100.77598571232777,4.91323389648],[100.77598571232777,4.912447220152729],[100.77650392071834,4.912447220152729],[100.77650392071834,4.912053882327978],[100.77598571232777,4.912053882327978],[100.77598571232777,4.911660544729127],[100.77494929554663,4.912053882327978],[100.77443108715607,4.914020573711088],[100.77391287876553,4.914020573711088],[100.77391287876553,4.914413912665609],[100.77443108715607,4.914413912665609],[100.77443108715607,4.916380610828725],[100.77391287876553,4.916380610828725],[100.77391287876553,4.917167291676556],[100.77339467037497,4.917167291676556],[100.77339467037497,4.9175606324396695],[100.77132183681273,4.918740656086027],[100.77132183681273,4.91913399775388],[100.77184004520328,4.91913399775388]],[[100.77391287876553,4.9175606324396695],[100.77391287876553,4.91795397342894],[100.77339467037497,4.91795397342894],[100.77339467037497,4.9175606324396695],[100.77391287876553,4.9175606324396695]],[[100.77494929554663,4.916380610828725],[100.77546750393721,4.916380610828725],[100.77546750393721,4.916773951139582],[100.77494929554663,4.916773951139582],[100.77494929554663,4.916380610828725]],[[100.77494929554663,4.914020573711088],[100.77546750393721,4.914020573711088],[100.77546750393721,4.914413912665609],[100.77494929554663,4.914413912665609],[100.77494929554663,4.914020573711088]]],[[[100.78634988013899,4.915200591252699],[100.78634988013899,4.9159872707439725],[100.78738629692009,4.916380610828725],[100.78738629692009,4.9159872707439725],[100.78790450531066,4.9159872707439725],[100.78790450531066,4.915200591252699],[100.78738629692009,4.915200591252699],[100.78738629692009,4.914807251846138],[100.78634988013899,4.915200591252699]]],[[[100.76613975290712,4.9155939308853025],[100.76613975290712,4.916380610828725],[100.76717616968823,4.916773951139582],[100.76717616968823,4.916380610828725],[100.76769437807879,4.916380610828725],[100.76769437807879,4.9155939308853025],[100.76717616968823,4.9155939308853025],[100.76717616968823,4.915200591252699],[100.76613975290712,4.9155939308853025]]],[[[100.77805854589,4.916380610828725],[100.77702212910887,4.916773951139582],[100.77702212910887,4.91795397342894],[100.77754033749945,4.91795397342894],[100.77754033749945,4.918347314644387],[100.77857675428058,4.918347314644387],[100.77857675428058,4.91795397342894],[100.77909496267111,4.91795397342894],[100.77909496267111,4.916380610828725],[100.77857675428058,4.916380610828725],[100.77857675428058,4.9159872707439725],[100.77805854589,4.9159872707439725],[100.77805854589,4.916380610828725]]],[[[100.78116779623338,4.918740656086027],[100.78168600462392,4.919527339647963],[100.78272242140505,4.91913399775388],[100.78220421301448,4.918347314644387],[100.78116779623338,4.918740656086027]]],[[[100.78427704657672,4.919920681768296],[100.78479525496729,4.920707366687784],[100.78583167174843,4.920314024114897],[100.78531346335785,4.919527339647963],[100.78427704657672,4.919920681768296]]],[[[100.78064958784282,4.919527339647963],[100.78064958784282,4.919920681768296],[100.77961317106168,4.920314024114897],[100.78013137945224,4.921100709486976],[100.78168600462392,4.920314024114897],[100.78168600462392,4.919920681768296],[100.78064958784282,4.919527339647963]]],[[[100.78894092209177,4.920314024114897],[100.78894092209177,4.920707366687784],[100.78842271370122,4.920707366687784],[100.78842271370122,4.921100709486976],[100.78945913048233,4.920431129214489],[100.78894092209177,4.920314024114897]]],[[[100.77598571232777,4.922674082947158],[100.77650392071834,4.923460771035556],[100.77754033749945,4.923067426878149],[100.77702212910887,4.922280739242562],[100.77598571232777,4.922674082947158]]],[[[100.77917331633284,4.923460771035556],[100.78064958784282,4.9230887307539986],[100.78064958784282,4.923067426878149],[100.77961317106168,4.922674082947158],[100.77917331633284,4.923460771035556]]],[[[100.7702854200316,4.923460771035556],[100.76976721164102,4.923460771035556],[100.76976721164102,4.923854115419399],[100.77080362842216,4.924247460029691],[100.77132183681273,4.923460771035556],[100.77080362842216,4.923460771035556],[100.77080362842216,4.923067426878149],[100.7702854200316,4.923067426878149],[100.7702854200316,4.923460771035556]]],[[[100.76717616968823,4.923854115419399],[100.76717616968823,4.9246408048664545],[100.76821258646936,4.925034149929707],[100.76821258646936,4.9246408048664545],[100.76873079485992,4.9246408048664545],[100.76873079485992,4.923854115419399],[100.76821258646936,4.923854115419399],[100.76821258646936,4.923460771035556],[100.76717616968823,4.923854115419399]]],[[[100.76976721164102,4.925427495219468],[100.76976721164102,4.925820840735754],[100.76924900325048,4.925820840735754],[100.76924900325048,4.9262141864785844],[100.7702854200316,4.9257006447585425],[100.76976721164102,4.925427495219468]]],[[[100.79515942277851,4.781478099302039],[100.79567763116907,4.781230609533343],[100.79515942277851,4.781138357242095],[100.79515942277851,4.781478099302039]]],[[[100.79878688151244,4.78226462720026],[100.79878688151244,4.78305115597775],[100.79982329829355,4.783444420696268],[100.79982329829355,4.78305115597775],[100.80034150668412,4.78305115597775],[100.80034150668412,4.78226462720026],[100.79930508990299,4.781876375910725],[100.79930508990299,4.78226462720026],[100.79878688151244,4.78226462720026]]],[[[100.80137792346522,4.783837685634656],[100.80137792346522,4.784624216171127],[100.80241434024636,4.785017481769244],[100.80241434024636,4.784624216171127],[100.80293254863692,4.784624216171127],[100.80293254863692,4.783837685634656],[100.80241434024636,4.783837685634656],[100.80241434024636,4.783444420696268],[100.80137792346522,4.783837685634656]]],[[[100.80656000737083,4.784624216171127],[100.80656000737083,4.785410747587308],[100.80759642415197,4.785804013625338],[100.80759642415197,4.785410747587308],[100.80811463254253,4.785410747587308],[100.80811463254253,4.784624216171127],[100.80759642415197,4.784624216171127],[100.80759642415197,4.784230950792938],[100.80656000737083,4.784624216171127]]],[[[100.82531770687822,4.7897366861077275],[100.82521550943103,4.789684662890243],[100.82521550943103,4.7897366861077275],[100.82531770687822,4.7897366861077275]]],[[[100.82609026616562,4.790129954566583],[100.82573371782159,4.789948454918345],[100.82573371782159,4.790129954566583],[100.82609026616562,4.790129954566583]]],[[[100.83613353690156,4.795242464575288],[100.83609788563281,4.795224316291272],[100.83609788563281,4.795242464575288],[100.83613353690156,4.795242464575288]]],[[[100.83690609618893,4.795635736118415],[100.83661609402336,4.795488110400893],[100.83661609402336,4.795635736118415],[100.83690609618893,4.795635736118415]]],[[[100.83920713597617,4.804287765872054],[100.83931336942592,4.803894489474915],[100.83920713597617,4.803894489474915],[100.83920713597617,4.804287765872054]]],[[[100.83817071919505,4.807040706836815],[100.83817071919505,4.807142354180761],[100.83853838991125,4.807040706836815],[100.83817071919505,4.807040706836815]]],[[[100.83780229693251,4.807433985001259],[100.83765251080447,4.807827263386699],[100.8378518280343,4.807827263386699],[100.83780229693251,4.807433985001259]]],[[[100.84438921988178,4.815692877532995],[100.8438710114912,4.815692877532995],[100.8438710114912,4.816086160563606],[100.84490742827232,4.816479443815614],[100.8444601132395,4.81529959472377],[100.84438921988178,4.815692877532995]]],[[[100.83972534436673,4.826704886140055],[100.84024355275729,4.827491464835585],[100.8412799695384,4.82709817537686],[100.84076176114785,4.826311597125148],[100.83972534436673,4.826704886140055]]],[[[100.84646205344401,4.827491464835585],[100.84646205344401,4.828278044418856],[100.84749847022513,4.828671334543441],[100.84749847022513,4.828278044418856],[100.84801667861569,4.828278044418856],[100.84801667861569,4.827491464835585],[100.84749847022513,4.827491464835585],[100.84749847022513,4.82709817537686],[100.84646205344401,4.827491464835585]]],[[[100.84698026183457,4.837323773480597],[100.84698026183457,4.83811036417308],[100.84801667861569,4.838503659852962],[100.84801667861569,4.83811036417308],[100.84853488700627,4.83811036417308],[100.84853488700627,4.837323773480597],[100.84801667861569,4.837323773480597],[100.84801667861569,4.836930478467962],[100.84698026183457,4.837323773480597]]],[[[100.80552359058973,4.85620219596451],[100.80604179898029,4.856988808051245],[100.8070782157614,4.856595501896228],[100.80656000737083,4.855808890256074],[100.80552359058973,4.85620219596451]]],[[[100.79153196404457,4.861315190499437],[100.79101375565403,4.862101808395064],[100.7925683808257,4.8628884271849175],[100.79308658921627,4.862101808395064],[100.79153196404457,4.861315190499437]]],[[[100.84749847022513,4.889240674405837],[100.84749847022513,4.890027324136892],[100.84853488700627,4.890420649339706],[100.84853488700627,4.890027324136892],[100.84905309539681,4.890027324136892],[100.84905309539681,4.889240674405837],[100.84853488700627,4.889240674405837],[100.84853488700627,4.888847349877565],[100.84749847022513,4.889240674405837]]],[[[100.82366088425934,4.890420649339706],[100.82314267586878,4.890420649339706],[100.82314267586878,4.890813974767409],[100.8241790926499,4.891207300420012],[100.82469730104046,4.890420649339706],[100.8241790926499,4.890420649339706],[100.8241790926499,4.890027324136892],[100.82366088425934,4.890027324136892],[100.82366088425934,4.890420649339706]]],[[[100.79826867312188,4.891993952400003],[100.79826867312188,4.891600626297539],[100.79775046473131,4.891600626297539],[100.79775046473131,4.891993952400003],[100.79671404795018,4.892387278727425],[100.79671404795018,4.893567259059631],[100.79723225634075,4.893567259059631],[100.79723225634075,4.893960586287071],[100.79826867312188,4.893960586287071],[100.79826867312188,4.893567259059631],[100.79930508990299,4.8931739320572225],[100.79930508990299,4.892387278727425],[100.79826867312188,4.891993952400003]],[[100.79775046473131,4.892387278727425],[100.79826867312188,4.892387278727425],[100.79826867312188,4.8931739320572225],[100.79775046473131,4.8931739320572225],[100.79775046473131,4.892387278727425]]],[[[100.84698026183457,4.8931739320572225],[100.84698026183457,4.893567259059631],[100.84646205344401,4.893567259059631],[100.84646205344401,4.894353913739563],[100.84594384505345,4.894353913739563],[100.84594384505345,4.895140569319772],[100.84646205344401,4.895140569319772],[100.84646205344401,4.8955338974475255],[100.84801667861569,4.894747241417124],[100.84801667861569,4.893567259059631],[100.84698026183457,4.8931739320572225]]],[[[100.79360479760683,4.895140569319772],[100.79360479760683,4.8959272258004045],[100.79464121438794,4.896320554378424],[100.79464121438794,4.8959272258004045],[100.79515942277851,4.8959272258004045],[100.79515942277851,4.895140569319772],[100.79464121438794,4.895140569319772],[100.79464121438794,4.894747241417124],[100.79360479760683,4.895140569319772]]],[[[100.79982329829355,4.896320554378424],[100.79982329829355,4.8959272258004045],[100.79878688151244,4.896320554378424],[100.79826867312188,4.8955338974475255],[100.79723225634075,4.8959272258004045],[100.79826867312188,4.897500541463528],[100.79878688151244,4.897500541463528],[100.79878688151244,4.897107212209967],[100.79982329829355,4.897500541463528],[100.79982329829355,4.897107212209967],[100.80034150668412,4.897107212209967],[100.80034150668412,4.896320554378424],[100.79982329829355,4.896320554378424]]],[[[100.82625192621214,4.897107212209967],[100.82677013460271,4.897893870942303],[100.82780655138383,4.897500541463528],[100.82728834299327,4.896713883181608],[100.82625192621214,4.897107212209967]]],[[[100.79826867312188,4.897893870942303],[100.79878688151244,4.898680530575577],[100.79982329829355,4.898287200646314],[100.79930508990299,4.897500541463528],[100.79826867312188,4.897893870942303]]],[[[100.82469730104046,4.897893870942303],[100.8241790926499,4.897893870942303],[100.8241790926499,4.898287200646314],[100.82521550943103,4.898680530575577],[100.82573371782159,4.897893870942303],[100.82521550943103,4.897893870942303],[100.82521550943103,4.897500541463528],[100.82469730104046,4.897500541463528],[100.82469730104046,4.897893870942303]]],[[[100.83817071919505,4.897893870942303],[100.83817071919505,4.898680530575577],[100.83920713597617,4.899073860730114],[100.83920713597617,4.898680530575577],[100.83972534436673,4.898680530575577],[100.83972534436673,4.897893870942303],[100.83920713597617,4.897893870942303],[100.83920713597617,4.897500541463528],[100.83817071919505,4.897893870942303]]],[[[100.79723225634075,4.899860521715075],[100.79775046473131,4.900647183601343],[100.79878688151244,4.900253852545537],[100.79826867312188,4.899467191109938],[100.79723225634075,4.899860521715075]]],[[[100.82625192621214,4.900647183601343],[100.82625192621214,4.90143384638907],[100.82728834299327,4.9018271781210245],[100.82728834299327,4.90143384638907],[100.82780655138383,4.90143384638907],[100.82780655138383,4.900647183601343],[100.82728834299327,4.900647183601343],[100.82728834299327,4.900253852545537],[100.82625192621214,4.900647183601343]]],[[[100.79930508990299,4.901040514882515],[100.79930508990299,4.90143384638907],[100.79878688151244,4.90143384638907],[100.79878688151244,4.902220510078399],[100.79930508990299,4.902220510078399],[100.79930508990299,4.902613842261211],[100.80034150668412,4.902613842261211],[100.80085971507468,4.9018271781210245],[100.79930508990299,4.901040514882515]]],[[[100.81847880035373,4.90143384638907],[100.81796059196319,4.902220510078399],[100.81847880035373,4.902220510078399],[100.81847880035373,4.9030071746694786],[100.81951521713485,4.903400507303221],[100.81951521713485,4.9030071746694786],[100.82003342552542,4.9030071746694786],[100.82003342552542,4.902220510078399],[100.81847880035373,4.90143384638907]]],[[[100.79464121438794,4.902220510078399],[100.79464121438794,4.9018271781210245],[100.79360479760683,4.902220510078399],[100.79360479760683,4.903400507303221],[100.79412300599738,4.903400507303221],[100.79412300599738,4.903793840162458],[100.79567763116907,4.9030071746694786],[100.79567763116907,4.902613842261211],[100.79464121438794,4.902220510078399]]],[[[100.81847880035373,4.904187173247204],[100.81796059196319,4.904187173247204],[100.81796059196319,4.904580506557483],[100.81899700874429,4.904973840093309],[100.81951521713485,4.904187173247204],[100.81899700874429,4.904187173247204],[100.81899700874429,4.903793840162458],[100.81847880035373,4.903793840162458],[100.81847880035373,4.904187173247204]]],[[[100.79878688151244,4.904973840093309],[100.79930508990299,4.905760507841679],[100.80034150668412,4.905367173854701],[100.79982329829355,4.904580506557483],[100.79878688151244,4.904973840093309]]],[[[100.82055163391598,4.904973840093309],[100.82055163391598,4.905760507841679],[100.8215880506971,4.90615384205426],[100.8215880506971,4.905760507841679],[100.82210625908766,4.905760507841679],[100.82210625908766,4.904973840093309],[100.8215880506971,4.904973840093309],[100.8215880506971,4.904580506557483],[100.82055163391598,4.904973840093309]]],[[[100.80034150668412,4.908120516501872],[100.80085971507468,4.9089071878607875],[100.80189613185578,4.908513852068464],[100.80137792346522,4.907727181160994],[100.80034150668412,4.908120516501872]]],[[[100.8241790926499,4.909300523878863],[100.82469730104046,4.910087196592342],[100.82573371782159,4.90969386012271],[100.82521550943103,4.9089071878607875],[100.8241790926499,4.909300523878863]]],[[[100.82625192621214,4.910087196592342],[100.82677013460271,4.910873870209048],[100.82780655138383,4.910368224446772],[100.82728834299327,4.90969386012271],[100.82625192621214,4.910087196592342]]],[[[100.82573371782159,4.912053882327978],[100.82521550943103,4.912053882327978],[100.82521550943103,4.912383455162613],[100.82537609999999,4.912365194654223],[100.82573371782159,4.912053882327978]]],[[[100.81588775840093,4.912840558203396],[100.81536955001037,4.912840558203396],[100.81536955001037,4.91323389648],[100.81692417518205,4.91323389648],[100.81640596679149,4.912447220152729],[100.81588775840093,4.912447220152729],[100.81588775840093,4.912840558203396]]],[[[100.80500538219916,4.914020573711088],[100.80552359058973,4.914622596877153],[100.80656000737083,4.914413912665609],[100.80604179898029,4.913627234982557],[100.80500538219916,4.914020573711088]]],[[[100.79515942277851,4.9159872707439725],[100.79515942277851,4.916380610828725],[100.79464121438794,4.916380610828725],[100.79464121438794,4.9167553402163495],[100.79567763116907,4.916020184786836],[100.79515942277851,4.9159872707439725]]],[[[100.79412300599738,4.916773951139582],[100.79412300599738,4.917122918227306],[100.7946149768581,4.916773951139582],[100.79412300599738,4.916773951139582]]],[[[100.79205017243514,4.918347314644387],[100.79205017243514,4.9185932322461134],[100.7923968642273,4.918347314644387],[100.79205017243514,4.918347314644387]]],[[[100.79101375565403,4.918740656086027],[100.79101375565403,4.91913399775388],[100.79049554726346,4.91913399775388],[100.78945913048233,4.920314024114897],[100.79184233606958,4.918740656086027],[100.79101375565403,4.918740656086027]]],[[[100.88947334986054,4.824345155378443],[100.89050976664167,4.8238494096827615],[100.88947334986054,4.8239810869997815],[100.88947334986054,4.824345155378443]]],[[[100.88791872468887,4.8251317314116315],[100.8874005162983,4.8251317314116315],[100.8874005162983,4.825525019760955],[100.8884369330794,4.8259183083321195],[100.88895514146998,4.8251317314116315],[100.8884369330794,4.8251317314116315],[100.8884369330794,4.824738443284135],[100.88791872468887,4.824738443284135],[100.88791872468887,4.8251317314116315]]],[[[100.87859097365876,4.8259183083321195],[100.87910918204932,4.825297861537418],[100.87755455687766,4.825495377932526],[100.87807276526821,4.825525019760955],[100.87807276526821,4.8259183083321195],[100.87859097365876,4.8259183083321195]]],[[[100.85475338769298,4.828671334543441],[100.85376736639579,4.82709817537686],[100.85371697091186,4.827491464835585],[100.85268055413074,4.827491464835585],[100.85268055413074,4.82709817537686],[100.85164413734962,4.827491464835585],[100.85164413734962,4.827884754516244],[100.85268055413074,4.828278044418856],[100.85268055413074,4.829457915458602],[100.8531987625213,4.829457915458602],[100.8531987625213,4.829851206249215],[100.85423517930242,4.829457915458602],[100.85423517930242,4.828671334543441],[100.85475338769298,4.828671334543441]],[[100.85268055413074,4.827884754516244],[100.8531987625213,4.827884754516244],[100.8531987625213,4.828278044418856],[100.85268055413074,4.828278044418856],[100.85268055413074,4.827884754516244]]],[[[100.85682622125522,4.830244497261873],[100.85734442964578,4.831031079953402],[100.85838084642691,4.830637788496596],[100.85734442964578,4.830043301626961],[100.85682622125522,4.830244497261873]]],[[[100.84957130378737,4.831817663533335],[100.85008951217793,4.8326042480018225],[100.85112592895905,4.8322109556565005],[100.8506077205685,4.83142437163231],[100.84957130378737,4.831817663533335]]],[[[100.88725888552493,4.833390833359008],[100.88688230790774,4.833784126370911],[100.88636409951717,4.833784126370911],[100.88636409951717,4.834177419605042],[100.88679244427999,4.834177419605042],[100.88725888552493,4.833390833359008]]],[[[100.85527159608354,4.833784126370911],[100.85578980447411,4.8345707130614235],[100.85682622125522,4.834177419605042],[100.85630801286466,4.833390833359008],[100.85527159608354,4.833784126370911]]],[[[100.88584589112664,4.8361438891098025],[100.88610278912869,4.836537183677701],[100.8857954,4.835858794733062],[100.88632600303507,4.834964006740072],[100.88532768273606,4.835357300641004],[100.88532768273606,4.8361438891098025],[100.88584589112664,4.8361438891098025]]],[[[100.85112592895905,4.8361438891098025],[100.85164413734962,4.836930478467962],[100.85268055413074,4.836537183677701],[100.85216234574017,4.8357505947642405],[100.85112592895905,4.8361438891098025]]],[[[100.85630801286466,4.835357300641004],[100.85630801286466,4.834964006740072],[100.85527159608354,4.835357300641004],[100.85527159608354,4.8357505947642405],[100.85578980447411,4.8357505947642405],[100.85578980447411,4.836537183677701],[100.85527159608354,4.836537183677701],[100.85527159608354,4.837323773480597],[100.85578980447411,4.837323773480597],[100.85578980447411,4.837717068715633],[100.85734442964578,4.836930478467962],[100.85734442964578,4.8361438891098025],[100.85682622125522,4.8361438891098025],[100.85682622125522,4.835357300641004],[100.85630801286466,4.835357300641004]]],[[[100.88688230790774,4.838503659852962],[100.8869938299595,4.838503659852962],[100.88688230790774,4.838257536755718],[100.88688230790774,4.838503659852962]]],[[[100.8874005162983,4.8387221022807605],[100.88895514146998,4.838896955755293],[100.88895514146998,4.8388260042712155],[100.8874005162983,4.8387221022807605]]],[[[100.88947334986054,4.838896955755293],[100.88963129999999,4.838871194729948],[100.88947334986054,4.838860638271484],[100.88947334986054,4.838896955755293]]],[[[100.88947334986054,4.839290251880095],[100.88947334986054,4.839497901366041],[100.88952568416416,4.839290251880095],[100.88947334986054,4.839290251880095]]],[[[100.88895514146998,4.839683548227386],[100.88932743770465,4.840076844797182],[100.88942656093441,4.839683548227386],[100.88895514146998,4.839683548227386]]],[[[100.85578980447411,4.84086343860437],[100.85578980447411,4.841650033301806],[100.85682622125522,4.8420433309844135],[100.85682622125522,4.841650033301806],[100.85734442964578,4.841650033301806],[100.85734442964578,4.84086343860437],[100.85682622125522,4.84086343860437],[100.85682622125522,4.840470141589504],[100.85578980447411,4.84086343860437]]],[[[100.84957130378737,4.841650033301806],[100.85008951217793,4.8424366288896366],[100.85112592895905,4.8420433309844135],[100.8506077205685,4.841256735841799],[100.84957130378737,4.841650033301806]]],[[[100.88688230790774,4.841650033301806],[100.88688230790774,4.842140363135557],[100.88713605498663,4.841650033301806],[100.88688230790774,4.841650033301806]]],[[[100.85423517930242,4.8420433309844135],[100.85475338769298,4.842829927017496],[100.85578980447411,4.8424366288896366],[100.85527159608354,4.841650033301806],[100.85423517930242,4.8420433309844135]]],[[[100.88672898962697,4.8424366288896366],[100.88636409951717,4.842829927017496],[100.88584589112664,4.842829927017496],[100.88584589112664,4.8432232253680105],[100.8863219242673,4.8432232253680105],[100.88672898962697,4.8424366288896366]]],[[[100.85734442964578,4.842829927017496],[100.85734442964578,4.843616523941196],[100.85838084642691,4.844009822737073],[100.85838084642691,4.843616523941196],[100.85889905481747,4.843616523941196],[100.85889905481747,4.842829927017496],[100.85838084642691,4.842829927017496],[100.85838084642691,4.8424366288896366],[100.85734442964578,4.842829927017496]]],[[[100.8848094743455,4.844403121755659],[100.88532768273606,4.844403121755659],[100.88532768273606,4.8451897204610335],[100.8848094743455,4.8451897204610335],[100.8848094743455,4.845583020147859],[100.88522942711359,4.845583020147859],[100.8861183915875,4.843616523941196],[100.88532768273606,4.843616523941196],[100.8848094743455,4.844403121755659]]],[[[100.85682622125522,4.844403121755659],[100.85734442964578,4.843616523941196],[100.85682622125522,4.843616523941196],[100.85682622125522,4.8432232253680105],[100.85578980447411,4.8432232253680105],[100.85578980447411,4.843616523941196],[100.85371697091186,4.844009822737073],[100.85268055413074,4.8451897204610335],[100.8531987625213,4.8451897204610335],[100.8531987625213,4.845976320057468],[100.85423517930242,4.846369620189877],[100.85475338769298,4.845583020147859],[100.85527159608354,4.845583020147859],[100.85527159608354,4.845976320057468],[100.85630801286466,4.845976320057468],[100.85630801286466,4.845583020147859],[100.85682622125522,4.845583020147859],[100.85682622125522,4.844796420996974],[100.85630801286466,4.844796420996974],[100.85630801286466,4.844403121755659],[100.85682622125522,4.844403121755659]],[[100.85423517930242,4.845583020147859],[100.85423517930242,4.8451897204610335],[100.85475338769298,4.8451897204610335],[100.85475338769298,4.845583020147859],[100.85423517930242,4.845583020147859]],[[100.85475338769298,4.844796420996974],[100.85527159608354,4.844796420996974],[100.85527159608354,4.8451897204610335],[100.85475338769298,4.8451897204610335],[100.85475338769298,4.844796420996974]],[[100.85527159608354,4.844403121755659],[100.85578980447411,4.844403121755659],[100.85578980447411,4.844796420996974],[100.85527159608354,4.844796420996974],[100.85527159608354,4.844403121755659]]],[[[100.8506077205685,4.844403121755659],[100.8506077205685,4.844009822737073],[100.84957130378737,4.844403121755659],[100.84957130378737,4.844796420996974],[100.85008951217793,4.844796420996974],[100.85008951217793,4.8451897204610335],[100.84957130378737,4.8451897204610335],[100.85008951217793,4.845976320057468],[100.85112592895905,4.845583020147859],[100.85112592895905,4.8451897204610335],[100.8506077205685,4.8451897204610335],[100.85112592895905,4.844403121755659],[100.8506077205685,4.844403121755659]]],[[[100.8651175555042,4.845583020147859],[100.8651175555042,4.8451897204610335],[100.86615397228532,4.8451897204610335],[100.86615397228532,4.844796420996974],[100.86667218067586,4.844796420996974],[100.86667218067586,4.844009822737073],[100.86615397228532,4.844009822737073],[100.86563576389476,4.8432232253680105],[100.86459934711363,4.843616523941196],[100.86459934711363,4.842829927017496],[100.86408113872307,4.842829927017496],[100.8635629303325,4.8420433309844135],[100.86149009677027,4.8424366288896366],[100.86149009677027,4.842829927017496],[100.86097188837972,4.842829927017496],[100.86097188837972,4.8432232253680105],[100.86149009677027,4.8432232253680105],[100.86149009677027,4.844796420996974],[100.86304472194196,4.845583020147859],[100.86304472194196,4.846762920545106],[100.8635629303325,4.846762920545106],[100.8635629303325,4.847549521924099],[100.86304472194196,4.847549521924099],[100.86304472194196,4.847942822947899],[100.8635629303325,4.847942822947899],[100.8635629303325,4.848336124194592],[100.86459934711363,4.847942822947899],[100.86459934711363,4.847549521924099],[100.86408113872307,4.847549521924099],[100.86408113872307,4.846762920545106],[100.86459934711363,4.846762920545106],[100.86459934711363,4.845583020147859],[100.8651175555042,4.845583020147859]],[[100.8635629303325,4.844403121755659],[100.86252651355139,4.844796420996974],[100.86252651355139,4.843616523941196],[100.8635629303325,4.843616523941196],[100.8635629303325,4.844403121755659]],[[100.8651175555042,4.844009822737073],[100.86563576389476,4.844009822737073],[100.86563576389476,4.844403121755659],[100.8651175555042,4.844403121755659],[100.8651175555042,4.844009822737073]]],[[[100.86719038906644,4.844796420996974],[100.86667218067586,4.845583020147859],[100.86822680584757,4.846369620189877],[100.8687450142381,4.845583020147859],[100.86719038906644,4.844796420996974]]],[[[100.85164413734962,4.846369620189877],[100.85216234574017,4.847156221123175],[100.8531987625213,4.846762920545106],[100.85268055413074,4.845976320057468],[100.85164413734962,4.846369620189877]]],[[[100.85889905481747,4.845976320057468],[100.85838084642691,4.846762920545106],[100.85993547159859,4.847549521924099],[100.86045367998915,4.846762920545106],[100.85889905481747,4.845976320057468]]],[[[100.86149009677027,4.847942822947899],[100.86097188837972,4.847942822947899],[100.86097188837972,4.848336124194592],[100.86200830516083,4.848729425664199],[100.86252651355139,4.847942822947899],[100.86200830516083,4.847942822947899],[100.86200830516083,4.847549521924099],[100.86149009677027,4.847549521924099],[100.86149009677027,4.847942822947899]]],[[[100.85838084642691,4.848336124194592],[100.85838084642691,4.849122727356733],[100.85941726320802,4.849516029272219],[100.85941726320802,4.849122727356733],[100.85993547159859,4.849122727356733],[100.85993547159859,4.848336124194592],[100.85941726320802,4.848336124194592],[100.85941726320802,4.847942822947899],[100.85838084642691,4.848336124194592]]],[[[100.85630801286466,4.846762920545106],[100.85630801286466,4.846369620189877],[100.85527159608354,4.846762920545106],[100.85527159608354,4.848336124194592],[100.85578980447411,4.848336124194592],[100.85578980447411,4.849122727356733],[100.85630801286466,4.849122727356733],[100.85630801286466,4.851875845448089],[100.85734442964578,4.852269148924732],[100.85734442964578,4.851875845448089],[100.85786263803635,4.851875845448089],[100.85786263803635,4.848336124194592],[100.85682622125522,4.847942822947899],[100.85682622125522,4.846762920545106],[100.85630801286466,4.846762920545106]]],[[[100.88532768273606,4.854235669654765],[100.8848094743455,4.855022279508968],[100.88584589112664,4.8554155847709],[100.88636409951717,4.854628974470263],[100.88532768273606,4.854235669654765]]],[[[100.88532768273606,4.855808890256074],[100.8848094743455,4.855022279508968],[100.88377305756437,4.8554155847709],[100.88429126595493,4.85620219596451],[100.88532768273606,4.855808890256074]]],[[[100.88741284313757,4.857775421031248],[100.88773053046431,4.856988808051245],[100.8874005162983,4.856988808051245],[100.88741284313757,4.857775421031248]]],[[[100.8796273904399,4.870754664298476],[100.88014559883045,4.871541292934576],[100.88118201561156,4.871147978504534],[100.88066380722103,4.870361350316376],[100.8796273904399,4.870754664298476]]],[[[100.88221843239269,4.876654400915784],[100.88170022400213,4.876654400915784],[100.88170022400213,4.877441036275466],[100.8826765440061,4.877834354291712],[100.88313212257762,4.876654400915784],[100.88273664078326,4.876654400915784],[100.88273664078326,4.8762610835723095],[100.88221843239269,4.8762610835723095],[100.88221843239269,4.876654400915784]]],[[[100.85164413734962,4.887274054012395],[100.85216234574017,4.888060701495432],[100.8531987625213,4.8876673776415345],[100.85268055413074,4.886880730607989],[100.85164413734962,4.887274054012395]]],[[[100.85112592895905,4.888847349877565],[100.85164413734962,4.88963399915894],[100.85268055413074,4.889240674405837],[100.85216234574017,4.888454025574101],[100.85112592895905,4.888847349877565]]],[[[100.86822680584757,4.889240674405837],[100.86822680584757,4.889449766849495],[100.86860140404579,4.889240674405837],[100.86822680584757,4.889240674405837]]],[[[100.867708597457,4.88963399915894],[100.867708597457,4.889739019436553],[100.86789674575432,4.88963399915894],[100.867708597457,4.88963399915894]]],[[[100.86408113872307,4.891207300420012],[100.86408113872307,4.891600626297539],[100.8635629303325,4.891600626297539],[100.8635629303325,4.891993952400003],[100.86459934711363,4.89147453751285],[100.86408113872307,4.891207300420012]]],[[[100.85786263803635,4.895140569319772],[100.85786263803635,4.8955338974475255],[100.85734442964578,4.8955338974475255],[100.85734442964578,4.8959272258004045],[100.85838084642691,4.895266636886138],[100.85786263803635,4.895140569319772]]]]},"properties":{"place_id":"ee707226-9cfa-593d-9e00-8a784be295f7","habitat":"forest_edge_opening","habitat_label":"Forest edge or opening","resolution_m":50}},{"type":"Feature","geometry":{"type":"MultiPolygon","coordinates":[[[[100.7583666270487,4.81529959472377],[100.7583666270487,4.815154469487482],[100.75831318577751,4.81529959472377],[100.7583666270487,4.81529959472377]]],[[[100.75958117920571,4.834177419605042],[100.75923560000001,4.83406389473492],[100.75932316297019,4.834177419605042],[100.75958117920571,4.834177419605042]]],[[[100.76077839696626,4.8345707130614235],[100.76043946061094,4.834459370344944],[100.76043946061094,4.8345707130614235],[100.76077839696626,4.8345707130614235]]],[[[100.75992125222038,4.83811036417308],[100.75992125222038,4.837717068715633],[100.75966922329474,4.837717068715633],[100.75938412595198,4.83811036417308],[100.75992125222038,4.83811036417308]]],[[[100.75733021026758,4.853055756547327],[100.75639555311896,4.853055756547327],[100.75733021026758,4.853189725719747],[100.75733021026758,4.853055756547327]]],[[[100.75814981217593,4.857775421031248],[100.75784841865814,4.857532744732852],[100.75784841865814,4.857775421031248],[100.75814981217593,4.857775421031248]]],[[[100.75733021026758,4.8582660226409855],[100.7574864249618,4.858168727856273],[100.75733021026758,4.858168727856273],[100.75733021026758,4.8582660226409855]]],[[[100.75831411138111,4.858562034904669],[100.7583666270487,4.858168727856273],[100.75795892861105,4.858168727856273],[100.75831411138111,4.858562034904669]]],[[[100.75888483543928,4.858562034904669],[100.75940304382982,4.858403532534593],[100.75888483543928,4.858382225411346],[100.75888483543928,4.858562034904669]]],[[[100.75888483543928,4.859348649671657],[100.75888483543928,4.8592230210767156],[100.75883616861923,4.859348649671657],[100.75888483543928,4.859348649671657]]],[[[100.75888483543928,4.858955342176458],[100.75888022470352,4.858955342176458],[100.75888483543928,4.858963955972469],[100.75888483543928,4.858955342176458]]],[[[100.7583666270487,4.858955342176458],[100.7583666270487,4.859090070152338],[100.75852257928628,4.858955342176458],[100.7583666270487,4.858955342176458]]],[[[100.76043946061094,4.8640683570467],[100.76037659758367,4.8640683570467],[100.76043946061094,4.864238430785471],[100.76043946061094,4.8640683570467]]],[[[100.75525737670533,4.87390118421946],[100.75525737670533,4.872327922466676],[100.75515794935009,4.872327922466676],[100.75486495361676,4.87390118421946],[100.75525737670533,4.87390118421946]]],[[[100.75422095992421,4.874687816440439],[100.75422095992421,4.8744668509483935],[100.75396939783866,4.874687816440439],[100.75422095992421,4.874687816440439]]],[[[100.75214812636197,4.877441036275466],[100.75214812636197,4.876732426194785],[100.75175627955619,4.877441036275466],[100.75214812636197,4.877441036275466]]],[[[100.75162991797143,4.8782276725322555],[100.75162991797143,4.8776695468879865],[100.75132128635069,4.8782276725322555],[100.75162991797143,4.8782276725322555]]],[[[100.75111170958085,4.879014309686294],[100.75111170958085,4.8786066688544185],[100.75088629314519,4.879014309686294],[100.75111170958085,4.879014309686294]]],[[[100.74955708440918,4.881767546793419],[100.74955708440918,4.881559919783523],[100.74842463694814,4.881767546793419],[100.74955708440918,4.881767546793419]]],[[[100.75266633475253,4.888454025574101],[100.75266633475253,4.888060701495432],[100.75214812636197,4.888060701495432],[100.75214812636197,4.888454025574101],[100.75266633475253,4.888454025574101]]],[[[100.75733021026758,4.894747241417124],[100.75733021026758,4.894353913739563],[100.75681200187702,4.894353913739563],[100.75681200187702,4.894747241417124],[100.75733021026758,4.894747241417124]]],[[[100.74955708440918,4.900647183601343],[100.74955708440918,4.900253852545537],[100.74903887601862,4.900253852545537],[100.74903887601862,4.900647183601343],[100.74955708440918,4.900647183601343]]],[[[100.74800245923748,4.90143384638907],[100.74800245923748,4.901040514882515],[100.74748425084694,4.901040514882515],[100.74748425084694,4.90143384638907],[100.74800245923748,4.90143384638907]]],[[[100.74696604245636,4.9018271781210245],[100.74748425084694,4.9018271781210245],[100.74748425084694,4.90143384638907],[100.74696604245636,4.90143384638907],[100.74696604245636,4.9018271781210245]]],[[[100.74696604245636,4.9018271781210245],[100.7469333813029,4.9018271781210245],[100.74696604245636,4.901855220193508],[100.74696604245636,4.9018271781210245]]],[[[100.75007529279974,4.902220510078399],[100.75007529279974,4.902613842261211],[100.75111170958085,4.9030071746694786],[100.75111170958085,4.902220510078399],[100.75007529279974,4.902220510078399]]],[[[100.74955708440918,4.903793840162458],[100.74955708440918,4.903400507303221],[100.74903887601862,4.903400507303221],[100.74903887601862,4.903793840162458],[100.74955708440918,4.903793840162458]]],[[[100.74318198178587,4.908513852068464],[100.74333858372245,4.907333846045813],[100.74327927769043,4.907333846045813],[100.74318198178587,4.908513852068464]]],[[[100.74333858372245,4.9092554039143055],[100.74314954981769,4.9089071878607875],[100.7431198,4.909267994657381],[100.74333858372245,4.9092554039143055]]],[[[100.75525737670533,4.910087196592342],[100.75525737670533,4.90969386012271],[100.75473916831479,4.90969386012271],[100.75473916831479,4.910087196592342],[100.75525737670533,4.910087196592342]]],[[[100.75784841865814,4.92149405251249],[100.7583666270487,4.92149405251249],[100.7583666270487,4.921100709486976],[100.75784841865814,4.921100709486976],[100.75784841865814,4.92149405251249]]],[[[100.75992125222038,4.921887395764347],[100.75992125222038,4.920707366687784],[100.75940304382982,4.920707366687784],[100.75940304382982,4.921887395764347],[100.75992125222038,4.921887395764347]]],[[[100.75888483543928,4.921887395764347],[100.75888483543928,4.922280739242562],[100.75940304382982,4.922280739242562],[100.75940304382982,4.921887395764347],[100.75888483543928,4.921887395764347]]],[[[100.75629379348646,4.922280739242562],[100.7557755850959,4.922280739242562],[100.7557755850959,4.923067426878149],[100.75629379348646,4.923067426878149],[100.75629379348646,4.922280739242562]]],[[[100.75629379348646,4.923460771035556],[100.75733021026758,4.923460771035556],[100.75733021026758,4.923067426878149],[100.75629379348646,4.923067426878149],[100.75629379348646,4.923460771035556]]],[[[100.75940304382982,4.9246408048664545],[100.75940304382982,4.923460771035556],[100.75888483543928,4.923460771035556],[100.75888483543928,4.9246408048664545],[100.75940304382982,4.9246408048664545]]],[[[100.75784841865814,4.925034149929707],[100.75784841865814,4.924247460029691],[100.75681200187702,4.923854115419399],[100.75681200187702,4.9246408048664545],[100.75784841865814,4.925034149929707]]],[[[100.75473916831479,4.927000878643954],[100.75525737670533,4.927000878643954],[100.75525737670533,4.92660753244798],[100.75473916831479,4.92660753244798],[100.75473916831479,4.927000878643954]]],[[[100.74385679211301,4.930147656370899],[100.74385679211301,4.92975430836161],[100.7433828505413,4.92975430836161],[100.74344215422502,4.930147656370899],[100.74385679211301,4.930147656370899]]],[[[100.74541141728469,4.930541004606939],[100.74541141728469,4.930147656370899],[100.74489320889413,4.930147656370899],[100.74489320889413,4.930541004606939],[100.74541141728469,4.930541004606939]]],[[[100.75992125222038,4.932114399818931],[100.75992125222038,4.931721050675721],[100.75940304382982,4.931721050675721],[100.75940304382982,4.932114399818931],[100.75992125222038,4.932114399818931]]],[[[100.75162991797143,4.9352612011324055],[100.75162991797143,4.934867850173959],[100.75111170958085,4.934867850173959],[100.75111170958085,4.9352612011324055],[100.75162991797143,4.9352612011324055]]],[[[100.74955708440918,4.936834607236246],[100.74955708440918,4.937227959329812],[100.75214812636197,4.937227959329812],[100.75162991797143,4.935654552317839],[100.75111170958085,4.935654552317839],[100.75111170958085,4.93644125536974],[100.75007529279974,4.93644125536974],[100.75007529279974,4.936834607236246],[100.74955708440918,4.936834607236246]]],[[[100.75473916831479,4.936834607236246],[100.75473916831479,4.93644125536974],[100.75422095992421,4.93644125536974],[100.75422095992421,4.936834607236246],[100.75473916831479,4.936834607236246]]],[[[100.7505935011903,4.939981430344039],[100.75111170958085,4.939981430344039],[100.75111170958085,4.939588076660527],[100.7505935011903,4.939588076660527],[100.7505935011903,4.939981430344039]]],[[[100.76043946061094,4.939588076660527],[100.76043946061094,4.939661084849097],[100.76048864502155,4.939588076660527],[100.76043946061094,4.939588076660527]]],[[[100.7505935011903,4.946275120193139],[100.7505935011903,4.946443564781679],[100.7508520072605,4.946275120193139],[100.7505935011903,4.946275120193139]]],[[[100.75018539884503,4.946668477741707],[100.75019919999997,4.946700494618874],[100.75024833516788,4.946668477741707],[100.75018539884503,4.946668477741707]]],[[[100.77080362842216,4.807040706836815],[100.77063869422781,4.807040706836815],[100.77080362842216,4.807129269783858],[100.77080362842216,4.807040706836815]]],[[[100.76976721164102,4.809007099869175],[100.76976721164102,4.8086206499108854],[100.76924900325048,4.8086138208206375],[100.76924900325048,4.809007099869175],[100.76976721164102,4.809007099869175]]],[[[100.76354871095431,4.811760059399919],[100.76354871095431,4.8113667788035075],[100.76303050256375,4.8113667788035075],[100.76303050256375,4.811760059399919],[100.76354871095431,4.811760059399919]]],[[[100.76354871095431,4.813726465700324],[100.76406691934488,4.813726465700324],[100.76406691934488,4.812939902516417],[100.76354871095431,4.812939902516417],[100.76354871095431,4.813726465700324]]],[[[100.76199408578263,4.813333183997735],[100.76147587739207,4.813333183997735],[100.76147587739207,4.813726465700324],[100.76199408578263,4.813726465700324],[100.76199408578263,4.813333183997735]]],[[[100.76251229417318,4.814513029769391],[100.76303050256375,4.814513029769391],[100.76303050256375,4.813726465700324],[100.76199408578263,4.813726465700324],[100.76199408578263,4.814906312135908],[100.76251229417318,4.814906312135908],[100.76251229417318,4.814513029769391]]],[[[100.76303050256375,4.814906312135908],[100.76251229417318,4.814906312135908],[100.76251229417318,4.81529959472377],[100.76406691934488,4.816086160563606],[100.76406691934488,4.817266010983913],[100.76303050256375,4.817266010983913],[100.76303050256375,4.8176592949002375],[100.76354871095431,4.8176592949002375],[100.76354871095431,4.818839147978133],[100.76562154451655,4.818839147978133],[100.76562154451655,4.819232432780468],[100.76613975290712,4.819232432780468],[100.76613975290712,4.818839147978133],[100.76665796129767,4.818839147978133],[100.76665796129767,4.8176592949002375],[100.76562154451655,4.818052579038038],[100.76562154451655,4.817266010983913],[100.76613975290712,4.817266010983913],[100.76613975290712,4.816872727289046],[100.76717616968823,4.817266010983913],[100.76717616968823,4.816086160563606],[100.76665796129767,4.816086160563606],[100.76665796129767,4.815692877532995],[100.76510333612599,4.815692877532995],[100.76458512773543,4.813726465700324],[100.76406691934488,4.813726465700324],[100.76406691934488,4.814513029769391],[100.76303050256375,4.814513029769391],[100.76303050256375,4.814906312135908]],[[100.76665796129767,4.816479443815614],[100.76562154451655,4.816479443815614],[100.76562154451655,4.816086160563606],[100.76665796129767,4.816086160563606],[100.76665796129767,4.816479443815614]],[[100.76458512773543,4.816086160563606],[100.76510333612599,4.816086160563606],[100.76510333612599,4.816479443815614],[100.76458512773543,4.816479443815614],[100.76458512773543,4.816086160563606]]],[[[100.76510333612599,4.821592146247639],[100.76510333612599,4.820805574205475],[100.76458512773543,4.820805574205475],[100.76458512773543,4.821592146247639],[100.76510333612599,4.821592146247639]]],[[[100.76611413187958,4.831031079953402],[100.76613975290712,4.830637788496596],[100.76590986130029,4.830637788496596],[100.76611413187958,4.831031079953402]]],[[[100.76717616968823,4.83142437163231],[100.76673947883553,4.83142437163231],[100.76717616968823,4.831645649516017],[100.76717616968823,4.83142437163231]]],[[[100.77132183681273,4.8322109556565005],[100.77184004520328,4.8322109556565005],[100.77184004520328,4.83142437163231],[100.77132183681273,4.83142437163231],[100.77132183681273,4.8322109556565005]]],[[[100.7728764619844,4.8322109556565005],[100.7728764619844,4.83142437163231],[100.77235825359384,4.83142437163231],[100.77235825359384,4.8322109556565005],[100.7728764619844,4.8322109556565005]]],[[[100.77080362842216,4.8322109556565005],[100.77080362842216,4.831817663533335],[100.76976721164102,4.831817663533335],[100.76976721164102,4.8322109556565005],[100.77080362842216,4.8322109556565005]]],[[[100.76976721164102,4.8326042480018225],[100.7702854200316,4.832958649476908],[100.7702854200316,4.8326042480018225],[100.76976721164102,4.8326042480018225]]],[[[100.77391287876553,4.8326042480018225],[100.77339467037497,4.8326042480018225],[100.77353609999999,4.8337309947352365],[100.77391287876553,4.833310730824126],[100.77391287876553,4.8326042480018225]]],[[[100.77184004520328,4.832997540569319],[100.77080362842216,4.832997540569319],[100.77080362842216,4.833081773134275],[100.77184004520328,4.833328020514337],[100.77184004520328,4.832997540569319]]],[[[100.7728764619844,4.833390833359008],[100.77210441460214,4.833390833359008],[100.7728764619844,4.833574267981511],[100.7728764619844,4.833390833359008]]],[[[100.76147587739207,4.835357300641004],[100.76147587739207,4.834964006740072],[100.76095766900151,4.834964006740072],[100.76095766900151,4.835357300641004],[100.76147587739207,4.835357300641004]]],[[[100.76769437807879,4.845976320057468],[100.76769437807879,4.845583020147859],[100.76717616968823,4.845583020147859],[100.76717616968823,4.845976320057468],[100.76769437807879,4.845976320057468]]],[[[100.76717616968823,4.854628974470263],[100.76665796129767,4.854628974470263],[100.76665796129767,4.854882790671066],[100.76717616968823,4.855013123744867],[100.76717616968823,4.854628974470263]]],[[[100.76769437807879,4.8554155847709],[100.76769437807879,4.855022279508968],[100.76721257328991,4.855022279508968],[100.76725707555876,4.8554155847709],[100.76769437807879,4.8554155847709]]],[[[100.76095834369269,4.8628884271849175],[100.76095766900151,4.862886594201167],[100.76095766900151,4.8628884271849175],[100.76095834369269,4.8628884271849175]]],[[[100.76251229417318,4.866034911289569],[100.76251229417318,4.865641599993587],[100.76199408578263,4.865641599993587],[100.76199408578263,4.866034911289569],[100.76251229417318,4.866034911289569]]],[[[100.77184004520328,4.8782276725322555],[100.7728764619844,4.8782276725322555],[100.7728764619844,4.877834354291712],[100.77184004520328,4.877834354291712],[100.77184004520328,4.8782276725322555]]],[[[100.77080362842216,4.907727181160994],[100.7702854200316,4.907727181160994],[100.7702854200316,4.908120516501872],[100.77080362842216,4.908120516501872],[100.77080362842216,4.907727181160994]]],[[[100.77080362842216,4.9089071878607875],[100.77132183681273,4.9089071878607875],[100.77132183681273,4.908120516501872],[100.77080362842216,4.908120516501872],[100.77080362842216,4.9089071878607875]]],[[[100.76406691934488,4.912447220152729],[100.76406691934488,4.912053882327978],[100.76458512773543,4.912053882327978],[100.76458512773543,4.911267207356156],[100.76354871095431,4.911660544729127],[100.76354871095431,4.912447220152729],[100.76406691934488,4.912447220152729]]],[[[100.76613975290712,4.912840558203396],[100.76613975290712,4.912447220152729],[100.76562154451655,4.912447220152729],[100.76562154451655,4.912840558203396],[100.76613975290712,4.912840558203396]]],[[[100.76821258646936,4.915200591252699],[100.76821258646936,4.914413912665609],[100.76769437807879,4.914413912665609],[100.76769437807879,4.915200591252699],[100.76821258646936,4.915200591252699]]],[[[100.76717616968823,4.916380610828725],[100.76717616968823,4.9155939308853025],[100.76665796129767,4.9155939308853025],[100.76665796129767,4.916380610828725],[100.76717616968823,4.916380610828725]]],[[[100.76147587739207,4.918347314644387],[100.76199408578263,4.918347314644387],[100.76199408578263,4.9175606324396695],[100.76147587739207,4.9175606324396695],[100.76147587739207,4.918347314644387]]],[[[100.77235825359384,4.91913399775388],[100.77235825359384,4.918740656086027],[100.77184004520328,4.918740656086027],[100.77184004520328,4.91913399775388],[100.77235825359384,4.91913399775388]]],[[[100.76303050256375,4.919527339647963],[100.76303050256375,4.918740656086027],[100.76251229417318,4.918740656086027],[100.76251229417318,4.919527339647963],[100.76303050256375,4.919527339647963]]],[[[100.76303050256375,4.921887395764347],[100.76406691934488,4.921887395764347],[100.76406691934488,4.92149405251249],[100.76303050256375,4.92149405251249],[100.76303050256375,4.921887395764347]]],[[[100.76303050256375,4.923067426878149],[100.76303050256375,4.922674082947158],[100.76251229417318,4.922674082947158],[100.76251229417318,4.92149405251249],[100.76303050256375,4.92149405251249],[100.76303050256375,4.921100709486976],[100.76251229417318,4.921100709486976],[100.76251229417318,4.920314024114897],[100.76199408578263,4.920314024114897],[100.76199408578263,4.921100709486976],[100.76095766900151,4.921100709486976],[100.76095766900151,4.920707366687784],[100.76043946061094,4.920707366687784],[100.76043946061094,4.921887395764347],[100.76095766900151,4.921887395764347],[100.76095766900151,4.922280739242562],[100.75992125222038,4.922280739242562],[100.75992125222038,4.923067426878149],[100.76147587739207,4.923067426878149],[100.76199408578263,4.923854115419399],[100.76251229417318,4.923854115419399],[100.76251229417318,4.923067426878149],[100.76303050256375,4.923067426878149]],[[100.76147587739207,4.922280739242562],[100.76147587739207,4.922674082947158],[100.76095766900151,4.922674082947158],[100.76095766900151,4.922280739242562],[100.76147587739207,4.922280739242562]]],[[[100.76458512773543,4.922280739242562],[100.76458512773543,4.921887395764347],[100.76406691934488,4.921887395764347],[100.76406691934488,4.922280739242562],[100.76458512773543,4.922280739242562]]],[[[100.77080362842216,4.923854115419399],[100.77080362842216,4.923460771035556],[100.7702854200316,4.923460771035556],[100.7702854200316,4.923854115419399],[100.77080362842216,4.923854115419399]]],[[[100.76769437807879,4.9246408048664545],[100.76821258646936,4.9246408048664545],[100.76821258646936,4.923854115419399],[100.76769437807879,4.923854115419399],[100.76769437807879,4.9246408048664545]]],[[[100.76199408578263,4.9246408048664545],[100.76199408578263,4.924247460029691],[100.76147587739207,4.924247460029691],[100.76147587739207,4.9246408048664545],[100.76199408578263,4.9246408048664545]]],[[[100.76976721164102,4.925820840735754],[100.76976721164102,4.925831240720932],[100.76980847906623,4.925820840735754],[100.76976721164102,4.925820840735754]]],[[[100.76303050256375,4.927000878643954],[100.76303050256375,4.92660753244798],[100.76251229417318,4.92660753244798],[100.76251229417318,4.927000878643954],[100.76303050256375,4.927000878643954]]],[[[100.76147587739207,4.927000878643954],[100.76147587739207,4.92660753244798],[100.76095766900151,4.92660753244798],[100.76095766900151,4.927000878643954],[100.76147587739207,4.927000878643954]]],[[[100.76303050256375,4.928180918591553],[100.76303050256375,4.927787571715723],[100.76251229417318,4.927787571715723],[100.76251229417318,4.928180918591553],[100.76303050256375,4.928180918591553]]],[[[100.76251229417318,4.93644125536974],[100.76251229417318,4.936584225981991],[100.76260861155288,4.93644125536974],[100.76251229417318,4.93644125536974]]],[[[100.76199408578263,4.937353439396029],[100.76207861992005,4.937227959329812],[100.76199408578263,4.937227959329812],[100.76199408578263,4.937353439396029]]],[[[100.78427704657672,4.790523223245622],[100.78427704657672,4.790129954566583],[100.78375883818619,4.790129954566583],[100.78375883818619,4.791309761264333],[100.78479525496729,4.791309761264333],[100.78479525496729,4.790523223245622],[100.78427704657672,4.790523223245622]]],[[[100.77754033749945,4.830244497261873],[100.7773011211734,4.830244497261873],[100.77754033749945,4.831254208225351],[100.77754033749945,4.830244497261873]]],[[[100.77805854589,4.8326042480018225],[100.77786018250448,4.8326042480018225],[100.77805854589,4.832863256306533],[100.77805854589,4.8326042480018225]]],[[[100.78013137945224,4.833244720401316],[100.77961317106168,4.832997540569319],[100.77961317106168,4.8331493543580235],[100.78013137945224,4.833244720401316]]],[[[100.78049399916284,4.834177419605042],[100.78064958784282,4.833784126370911],[100.78040720379856,4.833784126370911],[100.78049399916284,4.834177419605042]]],[[[100.77443108715607,4.848729425664199],[100.77443108715607,4.848336124194592],[100.77391287876553,4.848336124194592],[100.77391287876553,4.848729425664199],[100.77443108715607,4.848729425664199]]],[[[100.77754033749945,4.867214846520041],[100.77805854589,4.867214846520041],[100.77805854589,4.866821534552777],[100.77754033749945,4.866821534552777],[100.77754033749945,4.867214846520041]]],[[[100.77754033749945,4.900253852545537],[100.77754033749945,4.899860521715075],[100.77702212910887,4.899860521715075],[100.77702212910887,4.900253852545537],[100.77754033749945,4.900253852545537]]],[[[100.77650392071834,4.900253852545537],[100.77650392071834,4.900647183601343],[100.77702212910887,4.900647183601343],[100.77702212910887,4.900253852545537],[100.77650392071834,4.900253852545537]]],[[[100.77805854589,4.900647183601343],[100.77805854589,4.900253852545537],[100.77754033749945,4.900253852545537],[100.77754033749945,4.900647183601343],[100.77805854589,4.900647183601343]]],[[[100.78324062979561,4.900647183601343],[100.78324062979561,4.900253852545537],[100.78272242140505,4.900253852545537],[100.78272242140505,4.900647183601343],[100.78324062979561,4.900647183601343]]],[[[100.77754033749945,4.9018271781210245],[100.77702212910887,4.9018271781210245],[100.77702212910887,4.902220510078399],[100.77805854589,4.902220510078399],[100.77805854589,4.901040514882515],[100.77754033749945,4.901040514882515],[100.77754033749945,4.9018271781210245]]],[[[100.77857675428058,4.902220510078399],[100.77805854589,4.902220510078399],[100.77805854589,4.902613842261211],[100.77909496267111,4.902613842261211],[100.77961317106168,4.901040514882515],[100.77857675428058,4.90143384638907],[100.77857675428058,4.902220510078399]]],[[[100.77961317106168,4.9030071746694786],[100.78013137945224,4.9030071746694786],[100.78013137945224,4.902613842261211],[100.77961317106168,4.902613842261211],[100.77961317106168,4.9030071746694786]]],[[[100.77909496267111,4.903400507303221],[100.77909496267111,4.9030071746694786],[100.77857675428058,4.9030071746694786],[100.77857675428058,4.903400507303221],[100.77909496267111,4.903400507303221]]],[[[100.77909496267111,4.904187173247204],[100.77909496267111,4.903793840162458],[100.77857675428058,4.903793840162458],[100.77857675428058,4.904187173247204],[100.77909496267111,4.904187173247204]]],[[[100.78531346335785,4.904973840093309],[100.78531346335785,4.904187173247204],[100.78479525496729,4.904187173247204],[100.78479525496729,4.904973840093309],[100.78531346335785,4.904973840093309]]],[[[100.78634988013899,4.904973840093309],[100.78634988013899,4.904580506557483],[100.78583167174843,4.904580506557483],[100.78583167174843,4.904973840093309],[100.78634988013899,4.904973840093309]]],[[[100.78842271370122,4.905367173854701],[100.78842271370122,4.904580506557483],[100.78790450531066,4.904580506557483],[100.78790450531066,4.905367173854701],[100.78842271370122,4.905367173854701]]],[[[100.78583167174843,4.90615384205426],[100.78583167174843,4.905760507841679],[100.78531346335785,4.905760507841679],[100.78531346335785,4.90615384205426],[100.78583167174843,4.90615384205426]]],[[[100.78842271370122,4.906547176492465],[100.78842271370122,4.905760507841679],[100.78790450531066,4.905760507841679],[100.78790450531066,4.906547176492465],[100.78842271370122,4.906547176492465]]],[[[100.78427704657672,4.906547176492465],[100.78427704657672,4.905760507841679],[100.78375883818619,4.905760507841679],[100.78375883818619,4.906547176492465],[100.78427704657672,4.906547176492465]]],[[[100.78894092209177,4.906940511156308],[100.78894092209177,4.906547176492465],[100.78842271370122,4.906547176492465],[100.78842271370122,4.906940511156308],[100.78894092209177,4.906940511156308]]],[[[100.78479525496729,4.907333846045813],[100.78531346335785,4.907333846045813],[100.78531346335785,4.906940511156308],[100.78479525496729,4.906940511156308],[100.78479525496729,4.907333846045813]]],[[[100.78894092209177,4.908513852068464],[100.78945913048233,4.907727181160994],[100.78842271370122,4.907333846045813],[100.78842271370122,4.908513852068464],[100.78894092209177,4.908513852068464]]],[[[100.79049554726346,4.908513852068464],[100.79049554726346,4.907727181160994],[100.7899773388729,4.907727181160994],[100.7899773388729,4.908513852068464],[100.79049554726346,4.908513852068464]]],[[[100.77598571232777,4.908513852068464],[100.77650392071834,4.908513852068464],[100.77650392071834,4.908120516501872],[100.77598571232777,4.908120516501872],[100.77598571232777,4.908513852068464]]],[[[100.78479525496729,4.9089071878607875],[100.78479525496729,4.908513852068464],[100.78427704657672,4.908513852068464],[100.78427704657672,4.9089071878607875],[100.78479525496729,4.9089071878607875]]],[[[100.79049554726346,4.909300523878863],[100.79049554726346,4.9089071878607875],[100.7899773388729,4.9089071878607875],[100.7899773388729,4.909300523878863],[100.79049554726346,4.909300523878863]]],[[[100.77598571232777,4.912447220152729],[100.77598571232777,4.912053882327978],[100.77546750393721,4.912053882327978],[100.77546750393721,4.912447220152729],[100.77598571232777,4.912447220152729]]],[[[100.77805854589,4.914020573711088],[100.77805854589,4.913627234982557],[100.77754033749945,4.913627234982557],[100.77754033749945,4.914020573711088],[100.77805854589,4.914020573711088]]],[[[100.77805854589,4.914807251846138],[100.77805854589,4.914413912665609],[100.77754033749945,4.914413912665609],[100.77754033749945,4.914807251846138],[100.77805854589,4.914807251846138]]],[[[100.77546750393721,4.91323389648],[100.77546750393721,4.912840558203396],[100.77494929554663,4.912840558203396],[100.77494929554663,4.914020573711088],[100.77443108715607,4.914020573711088],[100.77443108715607,4.914413912665609],[100.77494929554663,4.914413912665609],[100.77494929554663,4.916380610828725],[100.77443108715607,4.916380610828725],[100.77443108715607,4.917167291676556],[100.77546750393721,4.917167291676556],[100.77546750393721,4.916773951139582],[100.77598571232777,4.916773951139582],[100.77598571232777,4.9159872707439725],[100.77546750393721,4.9159872707439725],[100.77598571232777,4.91323389648],[100.77546750393721,4.91323389648]]],[[[100.78686808852953,4.9159872707439725],[100.78738629692009,4.9159872707439725],[100.78738629692009,4.915200591252699],[100.78686808852953,4.915200591252699],[100.78686808852953,4.9159872707439725]]],[[[100.77805854589,4.916380610828725],[100.77805854589,4.916773951139582],[100.77754033749945,4.916773951139582],[100.77754033749945,4.91795397342894],[100.77857675428058,4.91795397342894],[100.77857675428058,4.916380610828725],[100.77805854589,4.916380610828725]]],[[[100.77443108715607,4.9175606324396695],[100.77443108715607,4.917167291676556],[100.77391287876553,4.917167291676556],[100.77391287876553,4.9175606324396695],[100.77443108715607,4.9175606324396695]]],[[[100.7728764619844,4.91795397342894],[100.7728764619844,4.918740656086027],[100.77391287876553,4.91913399775388],[100.77391287876553,4.918740656086027],[100.77443108715607,4.918740656086027],[100.77443108715607,4.91795397342894],[100.77391287876553,4.91795397342894],[100.77391287876553,4.918347314644387],[100.7728764619844,4.91795397342894]]],[[[100.78220421301448,4.91913399775388],[100.78220421301448,4.918740656086027],[100.78168600462392,4.918740656086027],[100.78168600462392,4.91913399775388],[100.78220421301448,4.91913399775388]]],[[[100.78116779623338,4.920314024114897],[100.78116779623338,4.919920681768296],[100.78064958784282,4.919920681768296],[100.78064958784282,4.920314024114897],[100.78116779623338,4.920314024114897]]],[[[100.78531346335785,4.920314024114897],[100.78531346335785,4.919920681768296],[100.78479525496729,4.919920681768296],[100.78479525496729,4.920314024114897],[100.78531346335785,4.920314024114897]]],[[[100.7899773388729,4.920063549425634],[100.79017875159647,4.919920681768296],[100.7899773388729,4.919920681768296],[100.7899773388729,4.920063549425634]]],[[[100.78064958784282,4.920707366687784],[100.78064958784282,4.920314024114897],[100.78013137945224,4.920314024114897],[100.78013137945224,4.920707366687784],[100.78064958784282,4.920707366687784]]],[[[100.78894092209177,4.920707366687784],[100.78894092209177,4.9207987092009615],[100.78906969528107,4.920707366687784],[100.78894092209177,4.920707366687784]]],[[[100.77702212910887,4.923067426878149],[100.77702212910887,4.922674082947158],[100.77650392071834,4.922674082947158],[100.77650392071834,4.923067426878149],[100.77702212910887,4.923067426878149]]],[[[100.78013137945224,4.923219326217074],[100.77961317106168,4.923067426878149],[100.77961317106168,4.9233499217051095],[100.78013137945224,4.923219326217074]]],[[[100.79982329829355,4.78305115597775],[100.79982329829355,4.78226462720026],[100.79930508990299,4.78226462720026],[100.79930508990299,4.78305115597775],[100.79982329829355,4.78305115597775]]],[[[100.80241434024636,4.784624216171127],[100.80241434024636,4.783837685634656],[100.80189613185578,4.783837685634656],[100.80189613185578,4.784624216171127],[100.80241434024636,4.784624216171127]]],[[[100.8070782157614,4.785410747587308],[100.80759642415197,4.785410747587308],[100.80759642415197,4.784624216171127],[100.8070782157614,4.784624216171127],[100.8070782157614,4.785410747587308]]],[[[100.84490742827232,4.816086160563606],[100.84477035501138,4.815692877532995],[100.84438921988178,4.815692877532995],[100.84438921988178,4.816086160563606],[100.84490742827232,4.816086160563606]]],[[[100.84076176114785,4.82709817537686],[100.84076176114785,4.826704886140055],[100.84024355275729,4.826704886140055],[100.84024355275729,4.82709817537686],[100.84076176114785,4.82709817537686]]],[[[100.84749847022513,4.828278044418856],[100.84749847022513,4.827491464835585],[100.84698026183457,4.827491464835585],[100.84698026183457,4.828278044418856],[100.84749847022513,4.828278044418856]]],[[[100.8506077205685,4.8322109556565005],[100.8506077205685,4.831817663533335],[100.85008951217793,4.831817663533335],[100.85008951217793,4.8322109556565005],[100.8506077205685,4.8322109556565005]]],[[[100.85216234574017,4.836537183677701],[100.85216234574017,4.8361438891098025],[100.85164413734962,4.8361438891098025],[100.85164413734962,4.836537183677701],[100.85216234574017,4.836537183677701]]],[[[100.84801667861569,4.83811036417308],[100.84801667861569,4.837323773480597],[100.84749847022513,4.837323773480597],[100.84749847022513,4.83811036417308],[100.84801667861569,4.83811036417308]]],[[[100.85008951217793,4.8420433309844135],[100.8506077205685,4.8420433309844135],[100.8506077205685,4.841650033301806],[100.85008951217793,4.841650033301806],[100.85008951217793,4.8420433309844135]]],[[[100.8506077205685,4.844796420996974],[100.8506077205685,4.844403121755659],[100.85008951217793,4.844403121755659],[100.85008951217793,4.844796420996974],[100.8506077205685,4.844796420996974]]],[[[100.8506077205685,4.845583020147859],[100.8506077205685,4.8451897204610335],[100.85008951217793,4.8451897204610335],[100.85008951217793,4.845583020147859],[100.8506077205685,4.845583020147859]]],[[[100.79205017243514,4.8617084993354815],[100.79153196404457,4.8617084993354815],[100.79153196404457,4.862101808395064],[100.79205017243514,4.862101808395064],[100.79205017243514,4.8617084993354815]]],[[[100.79205017243514,4.862495117678203],[100.7925683808257,4.862495117678203],[100.7925683808257,4.862101808395064],[100.79205017243514,4.862101808395064],[100.79205017243514,4.862495117678203]]],[[[100.85216234574017,4.889240674405837],[100.85216234574017,4.888847349877565],[100.85164413734962,4.888847349877565],[100.85164413734962,4.889240674405837],[100.85216234574017,4.889240674405837]]],[[[100.84853488700627,4.890027324136892],[100.84853488700627,4.889240674405837],[100.84801667861569,4.889240674405837],[100.84801667861569,4.890027324136892],[100.84853488700627,4.890027324136892]]],[[[100.82366088425934,4.890813974767409],[100.8241790926499,4.890813974767409],[100.8241790926499,4.890420649339706],[100.82366088425934,4.890420649339706],[100.82366088425934,4.890813974767409]]],[[[100.79723225634075,4.892387278727425],[100.79723225634075,4.893567259059631],[100.79826867312188,4.893567259059631],[100.79826867312188,4.8931739320572225],[100.79878688151244,4.8931739320572225],[100.79878688151244,4.892387278727425],[100.79826867312188,4.892387278727425],[100.79826867312188,4.891993952400003],[100.79723225634075,4.892387278727425]]],[[[100.84698026183457,4.895140569319772],[100.84698026183457,4.894747241417124],[100.84749847022513,4.894747241417124],[100.84749847022513,4.893567259059631],[100.84698026183457,4.893567259059631],[100.84698026183457,4.894353913739563],[100.84646205344401,4.894353913739563],[100.84646205344401,4.895140569319772],[100.84698026183457,4.895140569319772]]],[[[100.79464121438794,4.8959272258004045],[100.79464121438794,4.895140569319772],[100.79412300599738,4.895140569319772],[100.79412300599738,4.8959272258004045],[100.79464121438794,4.8959272258004045]]],[[[100.79826867312188,4.896320554378424],[100.79826867312188,4.8959272258004045],[100.79775046473131,4.8959272258004045],[100.79775046473131,4.896320554378424],[100.79826867312188,4.896320554378424]]],[[[100.79982329829355,4.897107212209967],[100.79982329829355,4.896320554378424],[100.79930508990299,4.896320554378424],[100.79930508990299,4.897107212209967],[100.79982329829355,4.897107212209967]]],[[[100.79878688151244,4.897107212209967],[100.79878688151244,4.896713883181608],[100.79826867312188,4.896713883181608],[100.79826867312188,4.897107212209967],[100.79878688151244,4.897107212209967]]],[[[100.82677013460271,4.897500541463528],[100.82728834299327,4.897500541463528],[100.82728834299327,4.897107212209967],[100.82677013460271,4.897107212209967],[100.82677013460271,4.897500541463528]]],[[[100.82521550943103,4.898287200646314],[100.82521550943103,4.897893870942303],[100.82469730104046,4.897893870942303],[100.82469730104046,4.898287200646314],[100.82521550943103,4.898287200646314]]],[[[100.79930508990299,4.898287200646314],[100.79930508990299,4.897893870942303],[100.79878688151244,4.897893870942303],[100.79878688151244,4.898287200646314],[100.79930508990299,4.898287200646314]]],[[[100.83920713597617,4.898680530575577],[100.83920713597617,4.897893870942303],[100.8386889275856,4.897893870942303],[100.8386889275856,4.898680530575577],[100.83920713597617,4.898680530575577]]],[[[100.79826867312188,4.900253852545537],[100.79826867312188,4.899860521715075],[100.79775046473131,4.899860521715075],[100.79775046473131,4.900253852545537],[100.79826867312188,4.900253852545537]]],[[[100.82728834299327,4.90143384638907],[100.82728834299327,4.900647183601343],[100.82677013460271,4.900647183601343],[100.82677013460271,4.90143384638907],[100.82728834299327,4.90143384638907]]],[[[100.79982329829355,4.9018271781210245],[100.79982329829355,4.90143384638907],[100.79930508990299,4.90143384638907],[100.79930508990299,4.902220510078399],[100.80034150668412,4.902220510078399],[100.80034150668412,4.9018271781210245],[100.79982329829355,4.9018271781210245]]],[[[100.81899700874429,4.902220510078399],[100.81899700874429,4.9018271781210245],[100.81847880035373,4.9018271781210245],[100.81847880035373,4.902220510078399],[100.81899700874429,4.902220510078399]]],[[[100.81951521713485,4.9030071746694786],[100.81951521713485,4.902220510078399],[100.81899700874429,4.902220510078399],[100.81899700874429,4.9030071746694786],[100.81951521713485,4.9030071746694786]]],[[[100.79464121438794,4.903400507303221],[100.79515942277851,4.902613842261211],[100.79412300599738,4.902220510078399],[100.79412300599738,4.903400507303221],[100.79464121438794,4.903400507303221]]],[[[100.81899700874429,4.904580506557483],[100.81899700874429,4.904187173247204],[100.81847880035373,4.904187173247204],[100.81847880035373,4.904580506557483],[100.81899700874429,4.904580506557483]]],[[[100.79982329829355,4.905367173854701],[100.79982329829355,4.904973840093309],[100.79930508990299,4.904973840093309],[100.79930508990299,4.905367173854701],[100.79982329829355,4.905367173854701]]],[[[100.8215880506971,4.905760507841679],[100.8215880506971,4.904973840093309],[100.82106984230654,4.904973840093309],[100.82106984230654,4.905760507841679],[100.8215880506971,4.905760507841679]]],[[[100.80137792346522,4.908513852068464],[100.80137792346522,4.908120516501872],[100.80085971507468,4.908120516501872],[100.80085971507468,4.908513852068464],[100.80137792346522,4.908513852068464]]],[[[100.79101375565403,4.9089071878607875],[100.79153196404457,4.9089071878607875],[100.79153196404457,4.908120516501872],[100.79101375565403,4.908120516501872],[100.79101375565403,4.9089071878607875]]],[[[100.82521550943103,4.90969386012271],[100.82521550943103,4.909300523878863],[100.82469730104046,4.909300523878863],[100.82469730104046,4.90969386012271],[100.82521550943103,4.90969386012271]]],[[[100.82728834299327,4.910480533287783],[100.82728834299327,4.910087196592342],[100.82677013460271,4.910087196592342],[100.82677013460271,4.910480533287783],[100.82728834299327,4.910480533287783]]],[[[100.81640596679149,4.91323389648],[100.81640596679149,4.912840558203396],[100.81588775840093,4.912840558203396],[100.81588775840093,4.91323389648],[100.81640596679149,4.91323389648]]],[[[100.80604179898029,4.914413912665609],[100.80604179898029,4.914020573711088],[100.80552359058973,4.914020573711088],[100.80552359058973,4.914413912665609],[100.80604179898029,4.914413912665609]]],[[[100.79515942277851,4.916380610828725],[100.79515942277851,4.916387762402866],[100.79516950501578,4.916380610828725],[100.79515942277851,4.916380610828725]]],[[[100.79101375565403,4.91913399775388],[100.79101375565403,4.919328390440726],[100.7912878079119,4.91913399775388],[100.79101375565403,4.91913399775388]]],[[[100.79049554726346,4.919695969834384],[100.79073327975418,4.919527339647963],[100.79049554726346,4.919527339647963],[100.79049554726346,4.919695969834384]]],[[[100.88999155825111,4.82395186769454],[100.88999155825111,4.823915248338162],[100.88970333158211,4.82395186769454],[100.88999155825111,4.82395186769454]]],[[[100.87807276526821,4.825525019760955],[100.87859097365876,4.82536370032957],[100.87807276526821,4.825429539127941],[100.87807276526821,4.825525019760955]]],[[[100.8884369330794,4.825525019760955],[100.8884369330794,4.8251317314116315],[100.88791872468887,4.8251317314116315],[100.88791872468887,4.825525019760955],[100.8884369330794,4.825525019760955]]],[[[100.85371697091186,4.829457915458602],[100.85371697091186,4.828671334543441],[100.85423517930242,4.828671334543441],[100.85407760816766,4.827491464835585],[100.85371697091186,4.827491464835585],[100.85371697091186,4.828278044418856],[100.8531987625213,4.828278044418856],[100.8531987625213,4.829457915458602],[100.85371697091186,4.829457915458602]]],[[[100.85786263803635,4.830637788496596],[100.85786263803635,4.830320763046397],[100.85734442964578,4.830244497261873],[100.85734442964578,4.830637788496596],[100.85786263803635,4.830637788496596]]],[[[100.85630801286466,4.834177419605042],[100.85630801286466,4.833784126370911],[100.85578980447411,4.833784126370911],[100.85578980447411,4.834177419605042],[100.85630801286466,4.834177419605042]]],[[[100.88688230790774,4.834025877419116],[100.88702566490247,4.833784126370911],[100.88688230790774,4.833784126370911],[100.88688230790774,4.834025877419116]]],[[[100.85630801286466,4.8357505947642405],[100.85630801286466,4.835357300641004],[100.85578980447411,4.835357300641004],[100.85578980447411,4.8357505947642405],[100.85630801286466,4.8357505947642405]]],[[[100.88592458096251,4.8361438891098025],[100.88584589112664,4.835970225505804],[100.88584589112664,4.8361438891098025],[100.88592458096251,4.8361438891098025]]],[[[100.88584589112664,4.835357300641004],[100.88584589112664,4.835773648442613],[100.88609278241259,4.835357300641004],[100.88584589112664,4.835357300641004]]],[[[100.85630801286466,4.837323773480597],[100.85630801286466,4.836930478467962],[100.85682622125522,4.836930478467962],[100.85682622125522,4.8361438891098025],[100.85578980447411,4.836537183677701],[100.85578980447411,4.837323773480597],[100.85630801286466,4.837323773480597]]],[[[100.85682622125522,4.841650033301806],[100.85682622125522,4.84086343860437],[100.85630801286466,4.84086343860437],[100.85630801286466,4.841650033301806],[100.85682622125522,4.841650033301806]]],[[[100.85527159608354,4.8424366288896366],[100.85527159608354,4.8420433309844135],[100.85475338769298,4.8420433309844135],[100.85475338769298,4.8424366288896366],[100.85527159608354,4.8424366288896366]]],[[[100.86200830516083,4.8432232253680105],[100.86200830516083,4.842829927017496],[100.86149009677027,4.842829927017496],[100.86149009677027,4.8432232253680105],[100.86200830516083,4.8432232253680105]]],[[[100.88636409951717,4.843141727596066],[100.88652545694715,4.842829927017496],[100.88636409951717,4.842829927017496],[100.88636409951717,4.843141727596066]]],[[[100.85838084642691,4.843616523941196],[100.85838084642691,4.842829927017496],[100.85786263803635,4.842829927017496],[100.85786263803635,4.843616523941196],[100.85838084642691,4.843616523941196]]],[[[100.85682622125522,4.844009822737073],[100.85682622125522,4.843616523941196],[100.85578980447411,4.843616523941196],[100.85578980447411,4.844009822737073],[100.85682622125522,4.844009822737073]]],[[[100.86252651355139,4.842829927017496],[100.86304472194196,4.842829927017496],[100.86304472194196,4.8432232253680105],[100.86200830516083,4.8432232253680105],[100.86200830516083,4.844796420996974],[100.86252651355139,4.844796420996974],[100.86252651355139,4.8451897204610335],[100.8651175555042,4.8451897204610335],[100.8651175555042,4.844796420996974],[100.86615397228532,4.844796420996974],[100.86615397228532,4.844009822737073],[100.86563576389476,4.844009822737073],[100.86563576389476,4.843616523941196],[100.8651175555042,4.843616523941196],[100.8651175555042,4.844009822737073],[100.86459934711363,4.844009822737073],[100.86459934711363,4.843616523941196],[100.8635629303325,4.843616523941196],[100.8635629303325,4.8432232253680105],[100.86408113872307,4.8432232253680105],[100.8635629303325,4.8424366288896366],[100.86252651355139,4.8424366288896366],[100.86252651355139,4.842829927017496]],[[100.86459934711363,4.844796420996974],[100.8635629303325,4.844796420996974],[100.8635629303325,4.844403121755659],[100.86459934711363,4.844009822737073],[100.86459934711363,4.844796420996974]]],[[[100.85527159608354,4.844403121755659],[100.85527159608354,4.844009822737073],[100.85475338769298,4.844009822737073],[100.85475338769298,4.844403121755659],[100.85527159608354,4.844403121755659]]],[[[100.88532768273606,4.844403121755659],[100.88591485890768,4.844009822737073],[100.88532768273606,4.844009822737073],[100.88532768273606,4.844403121755659]]],[[[100.85371697091186,4.844403121755659],[100.85371697091186,4.844796420996974],[100.8531987625213,4.844796420996974],[100.8531987625213,4.8451897204610335],[100.85423517930242,4.8451897204610335],[100.85423517930242,4.844403121755659],[100.85371697091186,4.844403121755659]]],[[[100.85630801286466,4.844796420996974],[100.85578980447411,4.844796420996974],[100.85527159608354,4.845583020147859],[100.85630801286466,4.845583020147859],[100.85630801286466,4.844796420996974]]],[[[100.867708597457,4.845583020147859],[100.867708597457,4.8451897204610335],[100.86719038906644,4.8451897204610335],[100.86719038906644,4.845583020147859],[100.867708597457,4.845583020147859]]],[[[100.88532768273606,4.8451897204610335],[100.88532768273606,4.845324043963562],[100.88537864511751,4.8451897204610335],[100.88532768273606,4.8451897204610335]]],[[[100.86822680584757,4.845976320057468],[100.86822680584757,4.845583020147859],[100.867708597457,4.845583020147859],[100.867708597457,4.845976320057468],[100.86822680584757,4.845976320057468]]],[[[100.85423517930242,4.845976320057468],[100.85423517930242,4.845583020147859],[100.85371697091186,4.845583020147859],[100.85371697091186,4.845976320057468],[100.85423517930242,4.845976320057468]]],[[[100.86408113872307,4.846762920545106],[100.86408113872307,4.845583020147859],[100.8635629303325,4.845583020147859],[100.8635629303325,4.846762920545106],[100.86408113872307,4.846762920545106]]],[[[100.85268055413074,4.846762920545106],[100.85268055413074,4.846369620189877],[100.85216234574017,4.846369620189877],[100.85216234574017,4.846762920545106],[100.85268055413074,4.846762920545106]]],[[[100.85941726320802,4.846762920545106],[100.85941726320802,4.846369620189877],[100.85889905481747,4.846369620189877],[100.85889905481747,4.846762920545106],[100.85941726320802,4.846762920545106]]],[[[100.85993547159859,4.847156221123175],[100.85993547159859,4.846762920545106],[100.85941726320802,4.846762920545106],[100.85941726320802,4.847156221123175],[100.85993547159859,4.847156221123175]]],[[[100.85630801286466,4.848336124194592],[100.85630801286466,4.846762920545106],[100.85578980447411,4.846762920545106],[100.85578980447411,4.848336124194592],[100.85630801286466,4.848336124194592]]],[[[100.86408113872307,4.847942822947899],[100.86408113872307,4.847549521924099],[100.8635629303325,4.847549521924099],[100.8635629303325,4.847942822947899],[100.86408113872307,4.847942822947899]]],[[[100.86200830516083,4.848336124194592],[100.86200830516083,4.847942822947899],[100.86149009677027,4.847942822947899],[100.86149009677027,4.848336124194592],[100.86200830516083,4.848336124194592]]],[[[100.85941726320802,4.849122727356733],[100.85941726320802,4.848336124194592],[100.85889905481747,4.848336124194592],[100.85889905481747,4.849122727356733],[100.85941726320802,4.849122727356733]]],[[[100.85630801286466,4.848336124194592],[100.85630801286466,4.849122727356733],[100.85682622125522,4.849122727356733],[100.85682622125522,4.851875845448089],[100.85734442964578,4.851875845448089],[100.85734442964578,4.848336124194592],[100.85630801286466,4.848336124194592]]],[[[100.88532768273606,4.855022279508968],[100.88584589112664,4.855022279508968],[100.88584589112664,4.854628974470263],[100.88532768273606,4.854628974470263],[100.88532768273606,4.855022279508968]]],[[[100.8848094743455,4.855808890256074],[100.8848094743455,4.8554155847709],[100.88429126595493,4.8554155847709],[100.88429126595493,4.855808890256074],[100.8848094743455,4.855808890256074]]],[[[100.88066380722103,4.871147978504534],[100.88066380722103,4.870754664298476],[100.88014559883045,4.870754664298476],[100.88014559883045,4.871147978504534],[100.88066380722103,4.871147978504534]]],[[[100.88273664078326,4.877441036275466],[100.88273664078326,4.876654400915784],[100.88221843239269,4.876654400915784],[100.88221843239269,4.877441036275466],[100.88273664078326,4.877441036275466]]],[[[100.85268055413074,4.8876673776415345],[100.85268055413074,4.887274054012395],[100.85216234574017,4.887274054012395],[100.85216234574017,4.8876673776415345],[100.85268055413074,4.8876673776415345]]],[[[100.86408113872307,4.891600626297539],[100.86408113872307,4.891763790951291],[100.864373454297,4.891600626297539],[100.86408113872307,4.891600626297539]]],[[[100.85786263803635,4.8955338974475255],[100.85786263803635,4.89561550912354],[100.85798386249193,4.8955338974475255],[100.85786263803635,4.8955338974475255]]]]},"properties":{"place_id":"ee707226-9cfa-593d-9e00-8a784be295f7","habitat":"open_grassland","habitat_label":"Open grassland or shrubland","resolution_m":50}},{"type":"Feature","geometry":{"type":"MultiPolygon","coordinates":[[[[100.75629379348646,4.843345200977875],[100.75624859999999,4.843479694725193],[100.75629379348646,4.843482467259613],[100.75629379348646,4.843345200977875]]],[[[100.75629379348646,4.844215405850196],[100.7560444,4.84425859472441],[100.75629379348646,4.844966602381718],[100.75629379348646,4.844215405850196]]],[[[100.75733021026758,4.846762920545106],[100.75733021026758,4.845583020147859],[100.75637238608051,4.8451897204610335],[100.75692654078155,4.846762920545106],[100.75733021026758,4.846762920545106]]],[[[100.75111170958085,4.87390118421946],[100.75111170958085,4.87388142045911],[100.75107784316283,4.87390118421946],[100.75111170958085,4.87390118421946]]],[[[100.75247655282283,4.87390118421946],[100.7523746,4.873769994693975],[100.75230444488079,4.87390118421946],[100.75247655282283,4.87390118421946]]],[[[100.75266633475253,4.874687816440439],[100.7530878769499,4.874687816440439],[100.75266633475253,4.8741453894055375],[100.75266633475253,4.874687816440439]]],[[[100.75422095992421,4.8744668509483935],[100.75396939783866,4.874687816440439],[100.75422095992421,4.874687816440439],[100.75422095992421,4.8744668509483935]]],[[[100.75370275153367,4.8749220315896995],[100.7535216199496,4.87508113288714],[100.75370275153367,4.87508113288714],[100.75370275153367,4.8749220315896995]]],[[[100.75318454314309,4.87508113288714],[100.75339353901342,4.87508113288714],[100.75318454314309,4.874812203470288],[100.75318454314309,4.87508113288714]]],[[[100.75197377615893,4.877047718483497],[100.75175627955619,4.877441036275466],[100.75214812636197,4.877441036275466],[100.75197377615893,4.877047718483497]]],[[[100.75162991797143,4.877834354291712],[100.75162991797143,4.8776695468879865],[100.75153878295343,4.877834354291712],[100.75162991797143,4.877834354291712]]],[[[100.74800245923748,4.88373415146108],[100.74757299999999,4.883920594683507],[100.74800245923748,4.884731146265382],[100.74800245923748,4.88373415146108]]],[[[100.74851619555588,4.885700761743015],[100.74852066762806,4.884914116956381],[100.74809940358814,4.884914116956381],[100.74851619555588,4.885700761743015]]],[[[100.75162991797143,4.897500541463528],[100.7514131555879,4.897107212209967],[100.7511816065194,4.897500541463528],[100.75162991797143,4.897500541463528]]],[[[100.75111170958085,4.897893870942303],[100.75111170958085,4.897619274486669],[100.75095005745091,4.897893870942303],[100.75111170958085,4.897893870942303]]],[[[100.75007529279974,4.898680530575577],[100.75007529279974,4.898677784365393],[100.75006288646348,4.898680530575577],[100.75007529279974,4.898680530575577]]],[[[100.75888483543928,4.8137472231793925],[100.75874765587461,4.814119747624203],[100.75888483543928,4.814119747624203],[100.75888483543928,4.8137472231793925]]],[[[100.75888483543928,4.835313488052464],[100.75888390000001,4.835314594733605],[100.75888483543928,4.835315793982797],[100.75888483543928,4.835313488052464]]],[[[100.75940304382982,4.835357300641004],[100.758917211493,4.835357300641004],[100.75922398896526,4.8357505947642405],[100.75940304382982,4.8357505947642405],[100.75940304382982,4.835357300641004]]],[[[100.75681200187702,4.8432232253680105],[100.75681200187702,4.842829927017496],[100.75733021026758,4.842829927017496],[100.75733021026758,4.841839890515488],[100.756864,4.8416482947271],[100.7563347805524,4.8432232253680105],[100.75681200187702,4.8432232253680105]]],[[[100.75764891886095,4.848729425664199],[100.7584494,4.850389894718051],[100.75888483543928,4.850643754218793],[100.75888483543928,4.849516029272219],[100.7583666270487,4.849516029272219],[100.75764891886095,4.848729425664199]]],[[[100.75733021026758,4.853055756547327],[100.75681200187702,4.85312246781214],[100.75733021026758,4.853189725719747],[100.75733021026758,4.853055756547327]]],[[[100.75775317459343,4.853449060693316],[100.75735204827636,4.8554155847709],[100.75784841865814,4.855315967593815],[100.75775317459343,4.853449060693316]]],[[[100.7583666270487,4.8554155847709],[100.75812190934394,4.8554155847709],[100.7583666270487,4.855585999607708],[100.7583666270487,4.8554155847709]]],[[[100.75888483543928,4.855808890256074],[100.75867491716525,4.855808890256074],[100.75887049999999,4.855950294712344],[100.75888483543928,4.855808890256074]]],[[[100.75766134225151,4.857382114429577],[100.7576602,4.857381194710868],[100.75765924970679,4.857382114429577],[100.75766134225151,4.857382114429577]]],[[[100.75733021026758,4.857775421031248],[100.75733021026758,4.857700567509296],[100.75725286840637,4.857775421031248],[100.75733021026758,4.857775421031248]]],[[[100.75992125222038,4.866234266585362],[100.75967970374523,4.866428222809294],[100.75992125222038,4.866428222809294],[100.75992125222038,4.866234266585362]]],[[[100.75940304382982,4.866821534552777],[100.75940304382982,4.866650372539805],[100.75896330199356,4.866821534552777],[100.75940304382982,4.866821534552777]]],[[[100.75888483543928,4.868001471125975],[100.75888483543928,4.866840328698187],[100.75859651409775,4.868001471125975],[100.75888483543928,4.868001471125975]]],[[[100.75784841865814,4.869574723023996],[100.75784841865814,4.8691814097136765],[100.7583666270487,4.8691814097136765],[100.7583666270487,4.868584156265782],[100.75782869999999,4.868757194699112],[100.75784841865814,4.869574723023996]]],[[[100.85216234574017,4.82709817537686],[100.85164413734962,4.827884754516244],[100.85268055413074,4.828278044418856],[100.8531987625213,4.827491464835585],[100.85216234574017,4.82709817537686]]],[[[100.76418468658106,4.853842365062454],[100.76436242361888,4.854235669654765],[100.76458512773543,4.854235669654765],[100.76458512773543,4.853842365062454],[100.76418468658106,4.853842365062454]]],[[[100.76406691934488,4.853449060693316],[100.76303050256375,4.853449060693316],[100.76303050256375,4.853842365062454],[100.76199408578263,4.854235669654765],[100.76199408578263,4.8547135516084055],[100.76406691934488,4.853449060693316]]],[[[100.76147587739207,4.855306667857177],[100.76172434874266,4.855022279508968],[100.76147587739207,4.855022279508968],[100.76147587739207,4.855306667857177]]],[[[100.76095766900151,4.855808890256074],[100.76043946061094,4.855808890256074],[100.76043946061094,4.85620219596451],[100.7594591805416,4.85620219596451],[100.75985149999998,4.856514094711768],[100.76061079999998,4.856296794711969],[100.76138071623252,4.8554155847709],[100.76095766900151,4.8554155847709],[100.76095766900151,4.855808890256074]]],[[[100.80604179898029,4.855808890256074],[100.80552359058973,4.856595501896228],[100.80656000737083,4.856988808051245],[100.8070782157614,4.85620219596451],[100.80604179898029,4.855808890256074]]],[[[100.76458512773543,4.857382114429577],[100.76458512773543,4.856595501896228],[100.76510333612599,4.856595501896228],[100.76464919999998,4.856391794711889],[100.76424325802668,4.857382114429577],[100.76458512773543,4.857382114429577]]],[[[100.76406691934488,4.857760964637708],[100.76404067110516,4.857775421031248],[100.76406691934488,4.857775421031248],[100.76406691934488,4.857760964637708]]],[[[100.75992125222038,4.858266697376977],[100.76001682840358,4.858562034904669],[100.7600203,4.858231194709979],[100.75992125222038,4.858266697376977]]],[[[100.76032867269322,4.860135265332354],[100.75992125222038,4.8603267421010194],[100.7603627,4.860205694707958],[100.76032867269322,4.860135265332354]]],[[[100.76095766900151,4.860528573497894],[100.76058639999998,4.8605975947075395],[100.76053166128354,4.860921881886914],[100.76095766900151,4.860921881886914],[100.76095766900151,4.860528573497894]]],[[[100.76043946061094,4.862495117678203],[100.75992125222038,4.862495117678203],[100.759487,4.8619278947061515],[100.76043946061094,4.864238430785471],[100.76043946061094,4.862495117678203]]],[[[100.76095766900151,4.865248288921326],[100.76095766900151,4.864854978072771],[100.76044139324121,4.864854978072771],[100.76016952464202,4.866034911289569],[100.76043946061094,4.866821534552777],[100.76147587739207,4.867214846520041],[100.76147587739207,4.866821534552777],[100.76199408578263,4.866821534552777],[100.76199408578263,4.865641599993587],[100.76095766900151,4.865248288921326]]]]},"properties":{"place_id":"ee707226-9cfa-593d-9e00-8a784be295f7","habitat":"disturbed_built_edge","habitat_label":"Disturbed, bare or built edge","resolution_m":50}},{"type":"Feature","geometry":{"type":"MultiPolygon","coordinates":[[[[100.76139077378598,4.818839147978133],[100.76101109380119,4.820412288516837],[100.76147587739207,4.820412288516837],[100.76139077378598,4.818839147978133]]],[[[100.76095766900151,4.820805574205475],[100.76095766900151,4.820633645526789],[100.76091617380499,4.820805574205475],[100.76095766900151,4.820805574205475]]],[[[100.74592962567525,4.936834607236246],[100.7458067332261,4.936834607236246],[100.74592962567525,4.936964002170875],[100.74592962567525,4.936834607236246]]],[[[100.74644783406582,4.937621311650459],[100.74614212478295,4.937227959329812],[100.74623044398332,4.937621311650459],[100.74644783406582,4.937621311650459]]]]},"properties":{"place_id":"ee707226-9cfa-593d-9e00-8a784be295f7","habitat":"water_edge","habitat_label":"Water edge","resolution_m":50}}]}